Time_Sec,CPU_Percent_Total,Memory_GB
1.0,197.68,19.8814
2.0,223.25,19.9999
3.0,216.24,20.0
4.01,242.84,20.0
5.01,261.08,19.9999
6.01,232.67,19.9999
7.01,289.91,20.0
8.01,285.88,20.0
9.01,338.14,19.9999
10.01,328.32,19.9999
11.02,293.49,19.9999
12.02,252.15,20.0
13.02,207.47,19.9999
14.02,260.73,20.0
15.02,255.93,20.0
16.02,329.77,19.9999
17.02,327.16,19.9998
18.03,345.52,19.9999
19.03,322.08,20.0
20.03,306.14,20.0
21.03,306.94,20.0
22.03,303.56,19.9999
23.03,304.47,20.0
24.03,304.55,20.0
25.04,301.74,19.9999
26.04,306.77,19.9999
27.04,304.83,20.0
28.04,302.86,20.0
29.04,301.92,20.0
30.04,300.95,19.9999
31.04,286.52,18.7787
32.05,246.49,15.8838
33.05,341.43,16.1667
34.05,355.02,16.4549
35.05,323.13,16.7833
36.05,308.08,17.1371
37.05,306.55,17.5227
38.05,305.33,17.9582
39.05,303.65,18.4129
40.06,305.97,18.9028
41.06,304.04,19.4046
42.06,302.13,19.8892
43.06,193.32,15.7231
44.06,327.68,15.947
45.06,315.51,15.7957
46.06,354.74,16.0519
47.07,355.87,16.3825
48.07,320.23,16.7335
49.07,312.73,17.074
50.07,322.41,17.3925
51.07,138.52,17.6782
52.07,128.83,17.9594
53.07,106.02,18.1385
54.07,107.96,18.3088
55.08,101.47,18.4724
56.08,105.32,18.5836
57.08,101.93,18.6973
58.08,142.93,18.7998
59.08,101.36,18.915
60.08,118.22,18.9938
61.09,102.14,19.0901
62.09,100.54,19.1624
63.09,100.77,19.2097
64.09,106.78,19.2573
65.09,100.74,19.3016
66.09,101.11,19.3564
67.09,101.27,19.4051
68.1,100.92,19.4562
69.1,101.12,19.5003
70.1,103.27,19.5643
71.1,100.83,19.6095
72.1,100.92,19.6548
73.1,102.92,19.7014
74.1,100.77,19.7521
75.1,101.07,19.795
76.11,100.68,19.8373
77.11,100.65,19.8882
78.11,101.12,19.9307
79.11,100.77,19.9754
80.11,100.61,20.0
81.11,100.86,20.0
82.12,100.56,20.0
83.12,100.98,19.9999
84.12,101.8,19.9999
85.12,100.61,20.0
86.12,101.02,19.9999
87.12,100.7,19.9999
88.12,100.65,20.0
89.13,100.98,19.9999
90.13,100.38,19.9999
91.13,100.88,19.9999
92.13,100.52,19.9999
93.13,100.63,20.0
94.13,101.43,20.0
95.14,131.39,19.9999
96.14,104.43,19.9999
97.14,100.81,19.9999
98.14,102.89,20.0
99.14,101.13,19.9999
100.14,100.58,19.9999
101.14,100.83,19.9999
102.15,100.98,19.9999
103.15,100.72,19.9999
104.15,100.94,19.9999
105.15,100.98,19.9999
106.15,100.6,19.9999
107.15,100.81,19.9999
108.16,100.54,19.9999
109.16,100.73,19.9989
110.16,101.09,19.9989
111.16,100.57,19.9989
112.16,100.54,19.999
113.16,101.28,19.999
114.16,100.88,19.999
115.16,100.76,19.999
116.17,101.42,19.9991
117.17,100.82,19.9991
118.17,100.73,19.9991
119.17,100.99,19.9991
120.17,100.53,19.9991
121.17,100.53,19.9991
122.17,101.15,19.9991
123.18,102.48,19.9991
124.18,104.37,19.9992
125.18,102.88,19.9993
126.18,100.79,19.9992
127.18,100.77,19.9992
128.18,101.13,19.9992
129.18,101.18,19.9993
130.19,101.19,19.9991
131.19,100.86,19.9991
132.19,100.73,19.999
133.19,102.74,19.9993
134.19,100.88,19.9993
135.19,100.67,19.9993
136.19,101.01,19.9993
137.2,100.74,19.9993
138.2,101.2,19.9993
139.2,101.12,19.9994
140.2,102.63,19.9994
141.2,101.1,19.9994
142.2,100.7,19.9994
143.2,100.64,19.9994
144.21,100.97,19.9994
145.21,100.5,19.9994
146.21,100.5,19.9994
147.21,100.98,19.9994
148.21,100.7,19.9994
149.21,101.08,19.9995
150.21,100.57,19.9995
151.22,100.62,19.9994
152.22,101.09,19.9994
153.22,100.85,19.9994
154.22,100.98,19.9995
155.22,101.22,19.9994
156.22,100.81,19.9994
157.23,101.87,19.9994
158.23,100.72,19.9995
159.23,100.79,19.9994
160.23,101.08,19.9994
161.23,100.76,19.9993
162.23,100.6,19.9995
163.23,101.12,19.9993
164.24,100.68,19.9995
165.24,101.37,19.9994
166.24,100.6,19.9995
167.24,100.63,19.9994
168.24,101.07,19.9994
169.24,100.86,19.9995
170.24,100.59,19.9995
171.25,101.24,19.9994
172.25,100.59,19.9995
173.25,101.45,19.9995
174.25,101.07,19.9996
175.25,100.62,19.9994
176.25,101.34,19.9994
177.26,100.76,19.9994
178.26,100.85,19.9996
179.26,101.84,19.9997
180.26,100.84,19.9995
181.26,100.76,19.9995
182.26,100.91,19.9995
183.26,100.82,19.9997
184.26,100.99,19.9996
185.27,101.48,19.9995
186.27,100.67,19.9995
187.27,100.74,19.9995
188.27,101.24,19.9995
189.27,100.82,19.9996
190.27,100.61,19.9996
191.27,101.36,19.9996
192.27,100.76,19.9996
193.28,100.9,19.9997
194.28,101.28,19.9996
195.28,106.23,19.9996
196.28,100.79,19.9996
197.28,101.22,19.9997
198.28,100.73,19.9996
199.28,100.95,19.9997
200.29,101.19,19.9997
201.29,100.74,19.9997
202.29,101.07,19.9997
203.29,101.03,19.9998
204.29,101.24,19.9998
205.29,102.37,19.9997
206.29,100.99,19.9997
207.29,100.76,19.9997
208.3,100.73,19.9997
209.3,101.97,19.9998
210.3,100.78,19.9998
211.3,100.71,19.9998
212.3,101.1,19.9997
213.3,101.01,19.9997
214.3,100.85,19.9999
215.31,103.14,19.9999
216.31,100.75,19.9999
217.31,100.75,19.9999
218.31,101.15,20.0
219.31,101.37,19.9999
220.31,100.93,19.9999
221.31,100.89,19.9999
222.32,100.76,19.9999
223.32,101.31,19.9999
224.32,100.8,19.9999
225.32,100.76,19.9999
226.32,100.94,19.9999
227.32,100.54,19.9999
228.33,120.55,20.0
229.33,100.75,19.9999
230.33,100.74,19.9999
231.33,101.09,20.0
232.33,100.59,20.0
233.33,101.06,19.9999
234.33,100.96,19.9999
235.34,101.18,19.9999
236.34,100.73,19.9999
237.34,101.12,19.9999
238.34,100.72,19.9999
239.34,101.34,20.0
240.34,100.62,20.0
241.34,101.0,20.0
242.35,101.15,20.0
243.35,101.08,20.0
244.35,100.79,20.0
245.35,101.12,19.9999
246.35,100.76,19.9999
247.35,100.55,19.9999
248.35,100.91,19.9999
249.36,100.66,19.9999
250.36,101.13,19.9999
251.36,100.75,19.9999
252.36,100.68,19.9999
253.36,101.44,19.9999
254.36,100.76,20.0
255.36,101.31,20.0
256.37,104.43,20.0
257.37,100.7,20.0
258.37,101.14,20.0
259.37,101.98,20.0
260.37,100.75,19.9999
261.37,100.78,20.0
262.37,100.71,20.0
263.37,101.35,20.0
264.37,100.83,19.9999
265.38,100.71,19.9999
266.38,101.12,19.9999
267.38,100.73,19.9999
268.38,100.91,19.9999
269.38,101.15,19.9999
270.38,101.11,19.9999
271.38,100.69,19.9999
272.39,101.12,19.9999
273.39,103.39,19.9999
274.39,100.87,20.0
275.39,101.14,20.0
276.39,100.7,20.0
277.39,100.76,20.0
278.39,101.12,20.0
279.39,101.14,20.0
280.4,100.62,20.0
281.4,101.14,20.0
282.4,100.62,20.0
283.4,100.71,20.0
284.4,101.08,19.9999
285.4,100.57,19.9999
286.4,100.96,19.9999
287.41,100.52,19.9999
288.41,100.5,19.9999
289.41,100.68,19.9999
290.41,100.94,19.9999
291.41,100.56,19.9999
292.41,100.88,19.9999
293.41,100.7,19.9999
294.42,100.56,20.0
295.42,100.96,20.0
296.42,100.76,20.0
297.42,100.82,20.0
298.42,101.9,20.0
299.42,100.88,20.0
300.43,113.91,20.0
301.43,115.51,19.9999
302.43,100.72,19.9999
303.43,101.25,19.9999
304.43,100.85,19.9999
305.43,100.72,19.9999
306.43,101.74,19.9999
307.43,100.63,19.9999
308.44,100.73,19.9999
309.44,101.2,19.9998
310.44,100.71,19.9998
311.44,100.57,19.9998
312.44,100.74,19.9998
313.44,101.57,19.9998
314.44,100.75,19.9999
315.45,101.13,19.9998
316.45,100.75,19.9998
317.45,100.73,19.9998
318.45,101.17,19.9998
319.45,100.79,20.0
320.45,100.67,19.9999
321.45,101.1,19.9999
322.45,100.76,19.9999
323.46,101.03,19.9999
324.46,101.24,19.9999
325.46,100.71,19.9999
326.46,100.77,19.9999
327.46,100.61,19.9999
328.46,100.94,19.9999
329.46,100.81,20.0
330.47,101.06,20.0
331.47,100.56,20.0
332.47,100.6,20.0
333.47,101.33,20.0
334.47,100.77,20.0
335.47,100.7,20.0
336.47,101.09,20.0
337.48,100.69,20.0
338.48,103.34,20.0
339.48,100.81,19.9999
340.48,100.71,19.9999
341.48,100.97,19.9999
342.48,101.1,19.9999
343.48,100.83,19.9999
344.49,101.34,19.9999
345.49,100.71,19.9999
346.49,100.7,20.0
347.49,100.8,20.0
348.49,101.11,20.0
349.49,100.81,20.0
350.49,101.12,20.0
351.49,100.65,20.0
352.5,100.56,20.0
353.5,101.07,20.0
354.5,100.59,20.0
355.5,100.59,20.0
356.5,101.0,20.0
357.5,100.6,20.0
358.5,100.6,20.0
359.51,100.99,20.0
360.51,100.51,20.0
361.51,100.5,20.0
362.51,100.91,20.0
363.51,101.09,20.0
364.51,100.73,20.0
365.51,101.0,20.0
366.51,100.59,20.0
367.52,100.58,19.9999
368.52,101.0,19.9999
369.52,100.73,20.0
370.52,100.56,20.0
371.52,101.04,20.0
372.52,100.5,20.0
373.53,101.15,20.0
374.53,100.71,19.9999
375.53,100.56,19.9999
376.53,101.02,19.9999
377.53,100.5,20.0
378.53,100.47,20.0
379.53,100.93,20.0
380.53,100.44,20.0
381.54,100.47,19.9999
382.54,100.96,19.9999
383.54,100.97,19.9999
384.54,100.54,19.9999
385.54,100.88,19.9999
386.54,100.5,19.9999
387.55,101.26,19.9999
388.55,100.52,19.9999
389.55,100.6,20.0
390.55,101.0,20.0
391.55,100.7,20.0
392.55,100.7,20.0
393.55,101.22,20.0
394.55,100.75,19.9999
395.56,100.67,19.9999
396.56,101.09,19.9999
397.56,100.66,19.9999
398.56,101.0,19.9999
399.56,100.65,19.9999
400.56,100.58,19.9999
401.57,101.1,19.9999
402.57,100.7,19.9999
403.57,100.83,19.9999
404.57,101.05,19.9999
405.57,100.51,19.9999
406.57,100.56,19.9999
407.57,101.04,19.9999
408.58,100.68,20.0
409.58,101.7,20.0
410.58,100.89,20.0
411.58,100.58,20.0
412.58,100.73,20.0
413.58,101.14,19.9999
414.58,100.49,20.0
415.59,100.97,20.0
416.59,100.62,20.0
417.59,100.61,20.0
418.59,101.08,20.0
419.59,100.48,20.0
420.59,100.48,20.0
421.59,100.91,19.9999
422.59,100.46,19.9999
423.6,103.0,19.9999
424.6,100.88,19.9999
425.6,100.69,19.9999
426.6,100.68,20.0
427.6,101.07,19.9999
428.6,100.75,20.0
429.61,101.1,20.0
430.61,100.73,20.0
431.61,100.7,20.0
432.61,101.08,20.0
433.61,100.95,20.0
434.61,101.03,19.9999
435.62,100.72,20.0
436.62,100.71,20.0
437.62,100.96,20.0
438.62,100.78,20.0
439.62,101.03,19.9999
440.62,100.62,19.9999
441.62,100.48,19.9999
442.63,100.84,19.9999
443.63,100.64,19.9999
444.63,100.42,19.9999
445.63,100.85,19.9999
446.63,100.69,19.9999
447.63,100.51,19.9999
448.63,100.91,20.0
449.64,100.54,20.0
450.64,101.1,20.0
451.64,100.72,20.0
452.64,100.69,20.0
453.64,101.33,19.9999
454.64,100.44,19.9999
455.65,101.07,19.9999
456.65,100.57,19.9999
457.65,100.57,19.9999
458.65,101.16,20.0
459.65,100.64,20.0
460.65,100.74,20.0
461.65,101.16,20.0
462.65,100.57,19.9999
463.66,104.54,19.9999
464.66,116.91,19.9999
465.66,100.7,19.9999
466.66,100.65,19.9999
467.66,101.5,19.9998
468.66,100.96,19.9998
469.66,100.57,19.9998
470.67,100.98,19.9998
471.67,100.55,19.9998
472.67,100.55,19.9998
473.67,101.47,19.9998
474.67,100.64,19.9999
475.67,100.62,19.9999
476.67,101.06,20.0
477.67,100.47,20.0
478.68,100.54,19.9999
479.68,100.87,19.9999
480.68,100.66,19.9999
481.68,100.67,19.9999
482.68,101.11,19.9999
483.68,103.19,19.9999
484.68,100.69,19.9999
485.69,101.0,20.0
486.69,100.54,20.0
487.69,100.58,20.0
488.69,100.74,19.9999
489.69,100.96,20.0
490.69,100.53,20.0
491.69,100.83,20.0
492.7,100.53,20.0
493.7,100.86,20.0
494.7,101.0,20.0
495.7,100.61,20.0
496.7,100.71,20.0
497.7,101.07,20.0
498.7,100.94,19.9999
499.71,101.02,19.9999
500.71,100.59,19.9999
501.71,100.64,19.9999
502.71,101.01,19.9999
503.71,101.19,20.0
504.71,100.6,20.0
505.71,101.1,20.0
506.71,100.68,20.0
507.72,100.73,20.0
508.72,101.14,20.0
509.72,100.57,20.0
510.72,100.66,20.0
511.72,101.09,20.0
512.72,100.68,20.0
513.72,100.98,19.9999
514.73,101.08,19.9999
515.73,101.29,19.9999
516.73,100.63,19.9999
517.73,101.08,19.9999
518.73,100.81,19.9999
519.73,106.18,20.0
520.73,101.01,20.0
521.74,100.68,19.9985
522.74,101.13,19.9985
523.74,100.89,19.9985
524.74,100.71,19.9986
525.74,101.1,19.9986
526.74,100.67,19.9986
527.75,101.1,19.9986
528.75,100.74,19.9986
529.75,100.63,19.9985
530.75,101.02,19.9985
531.75,100.47,19.9986
532.75,100.65,19.9987
533.75,102.73,19.9987
534.75,100.69,19.9987
535.76,100.72,19.9987
536.76,101.03,19.9987
537.76,100.98,19.9987
538.76,105.5,19.9987
539.76,100.93,19.9987
540.76,100.5,19.9987
541.77,101.09,19.9987
542.77,100.71,19.9987
543.77,100.84,19.9987
544.77,101.07,19.9987
545.77,100.71,19.9987
546.77,100.67,19.9987
547.77,101.11,19.9987
548.78,101.08,19.9988
549.78,100.95,19.9987
550.78,100.61,19.9987
551.78,104.01,19.9987
552.78,100.97,19.9988
553.78,100.93,19.999
554.78,100.69,19.9987
555.79,101.09,19.9987
556.79,100.7,19.9989
557.79,100.77,19.9988
558.79,101.12,19.9988
559.79,100.54,19.9988
560.79,100.7,19.9988
561.79,101.07,19.9988
562.79,100.69,19.9988
563.8,100.73,19.9989
564.8,100.87,19.9988
565.8,100.6,19.9988
566.8,100.45,19.9988
567.8,100.86,19.9988
568.8,100.82,19.9989
569.8,100.56,19.9989
570.81,100.88,19.9989
571.81,100.58,19.9988
572.81,101.11,19.9988
573.81,100.79,19.9989
574.81,100.53,19.9989
575.81,101.07,19.9989
576.82,100.69,19.9989
577.82,100.7,19.9989
578.82,101.17,19.999
579.82,100.71,19.999
580.82,101.49,19.999
581.82,100.47,19.999
582.82,100.45,19.999
583.83,101.29,19.9989
584.83,100.47,19.9989
585.83,100.64,19.9989
586.83,101.02,19.9989
587.83,100.54,19.9989
588.83,101.15,19.9989
589.83,100.7,19.9989
590.84,100.57,19.9989
591.84,100.95,19.999
592.84,100.65,19.999
593.84,100.79,19.999
594.84,100.94,19.999
595.84,100.7,19.999
596.84,100.72,19.999
597.85,101.08,19.999
598.85,100.52,19.999
599.85,100.9,19.999
600.85,100.51,19.999
601.85,100.6,19.9992
602.85,101.11,19.999
603.85,100.92,19.9992
604.86,100.63,19.9991
605.86,100.86,19.9991
606.86,100.5,19.9991
607.86,100.5,19.9992
608.86,101.13,19.9992
609.86,100.68,19.9991
610.86,100.96,19.9992
611.87,101.13,19.9991
612.87,100.87,19.9991
613.87,101.29,19.9992
614.87,100.65,19.9991
615.87,100.68,19.9991
616.87,101.05,19.9991
617.88,100.62,19.9991
618.88,100.73,19.9992
619.88,100.89,19.9992
620.88,100.54,19.9992
621.88,101.15,19.9992
622.88,100.86,19.9993
623.88,100.96,19.9993
624.89,101.11,19.9993
625.89,100.65,19.9993
626.89,100.66,19.9993
627.89,101.1,19.9992
628.89,100.71,19.9992
629.89,100.71,19.9992
630.89,101.08,19.9992
631.89,100.66,19.9992
632.9,100.65,19.9992
633.9,101.28,19.9994
634.9,100.45,19.9993
635.9,100.45,19.9993
636.9,100.85,19.9993
637.9,100.46,19.9993
638.91,101.05,19.9993
639.91,100.45,19.9993
640.91,100.78,19.9993
641.91,105.39,19.999
642.91,100.58,19.9989
643.91,101.61,19.9991
644.91,100.95,19.9991
645.92,100.59,19.9989
646.92,100.99,19.9989
647.92,100.47,19.9989
648.92,100.6,19.9991
649.92,101.06,19.999
650.92,100.67,19.999
651.92,100.61,19.9991
652.93,100.99,19.9991
653.93,100.86,19.9992
654.93,100.6,19.9992
655.93,101.1,19.9992
656.93,100.66,19.9992
657.93,101.08,19.9992
658.93,100.72,19.9992
659.94,100.65,19.9992
660.94,101.01,19.9992
661.94,100.5,19.9992
662.94,100.52,19.9992
663.94,101.12,19.9992
664.94,100.66,19.9991
665.95,100.94,19.9991
666.95,100.61,19.9993
667.95,100.57,19.9991
668.95,100.98,19.9993
669.95,100.51,19.9992
670.95,100.6,19.9992
671.95,101.58,19.9992
672.96,100.57,19.9992
673.96,100.82,19.9993
674.96,101.04,19.9993
675.96,100.66,19.9993
676.96,100.64,19.9993
677.96,101.04,19.9993
678.96,100.67,19.9993
679.97,101.02,19.9993
680.97,100.58,19.9993
681.97,100.64,19.9994
682.97,100.98,19.9994
683.97,100.76,19.9995
684.97,100.63,19.9995
685.97,101.05,19.9994
686.97,100.59,19.9994
687.98,100.6,19.9994
688.98,101.57,19.9995
689.98,100.61,19.9994
690.98,100.65,19.9994
691.98,100.71,19.9994
692.98,101.01,19.9994
693.98,100.83,19.9994
694.99,101.07,19.9994
695.99,100.68,19.9994
696.99,100.65,19.9993
697.99,100.87,19.9993
698.99,100.67,19.9993
699.99,100.59,19.9993
700.99,100.94,19.9993
702.0,100.46,19.9993
703.0,100.94,19.9995
704.0,100.78,19.9996
705.0,100.47,19.9996
706.0,100.86,19.9996
707.0,100.45,19.9995
708.0,100.44,19.9995
709.01,100.91,19.9995
710.01,100.45,19.9994
711.01,100.98,19.9994
712.01,100.66,19.9994
713.01,100.57,19.9994
714.01,101.13,19.9995
715.01,100.59,19.9995
716.02,100.69,19.9995
717.02,101.0,19.9995
718.02,100.59,19.9995
719.02,100.75,19.9996
720.02,100.89,19.9996
721.02,100.45,19.9996
722.02,100.52,19.9996
723.03,101.06,19.9997
724.03,100.91,19.9997
725.03,100.54,19.9996
726.03,100.47,19.9995
727.03,100.86,19.9995
728.03,100.46,19.9995
729.03,100.91,19.9996
730.03,100.44,19.9995
731.04,100.5,19.9995
732.04,101.02,19.9995
733.04,100.71,19.9995
734.04,100.78,19.9997
735.04,100.85,19.9995
736.04,100.46,19.9994
737.05,100.91,19.9996
738.05,100.68,19.9994
739.05,100.74,19.9996
740.05,101.06,19.9996
741.05,100.68,19.9995
742.05,100.55,19.9995
743.05,101.08,19.9995
744.06,100.87,19.9996
745.06,100.64,19.9995
746.06,101.04,19.9995
747.06,100.59,19.9997
748.06,100.85,19.9997
749.06,100.52,19.9996
750.06,100.46,19.9996
751.07,100.96,19.9996
752.07,100.69,19.9998
753.07,100.68,19.9996
754.07,101.42,19.9997
755.07,100.53,19.9997
756.07,100.91,19.9997
757.07,100.63,19.9997
758.08,100.67,19.9997
759.08,100.69,19.9998
760.08,101.06,19.9998
761.08,100.64,19.9998
762.08,100.96,19.9998
763.08,100.63,19.9998
764.08,101.33,20.0
765.09,101.07,19.9999
766.09,100.74,19.9999
767.09,100.59,19.9999
768.09,100.67,19.9999
769.09,101.03,19.9999
770.09,100.45,19.9999
771.09,116.79,19.9999
772.09,101.15,19.9998
773.09,100.68,19.9998
774.1,100.92,20.0
775.1,101.08,20.0
776.1,100.68,20.0
777.1,100.69,20.0
778.1,101.07,20.0
779.1,100.74,20.0
780.1,100.68,19.9999
781.11,101.09,19.9999
782.11,100.62,19.9999
783.11,100.88,19.9999
784.11,100.66,19.9999
785.11,100.65,19.9999
786.11,101.09,19.9999
787.12,100.66,19.9999
788.12,100.59,19.9999
789.12,101.13,20.0
790.12,100.51,20.0
791.12,100.92,20.0
792.12,100.45,20.0
793.12,100.46,20.0
794.13,101.03,20.0
795.13,100.44,20.0
796.13,100.54,19.9999
797.13,100.86,19.9999
798.13,100.65,20.0
799.13,101.16,19.9999
800.14,100.67,19.9999
801.14,100.67,19.9999
802.14,100.88,19.9999
803.14,100.46,19.9999
804.14,101.06,19.9999
805.14,100.46,19.9999
806.14,100.46,19.9999
807.15,100.83,19.9999
808.15,100.56,19.9999
809.15,100.59,19.9999
810.15,100.91,20.0
811.15,100.46,20.0
812.15,101.03,20.0
813.15,100.57,20.0
814.16,100.78,20.0
815.16,100.99,20.0
816.16,100.64,20.0
817.16,100.64,20.0
818.16,101.05,20.0
819.16,100.84,20.0
820.17,101.09,19.9999
821.17,100.82,19.9999
822.17,100.63,19.9999
823.17,101.69,19.9999
824.17,100.86,19.9999
825.17,100.68,19.9999
826.17,101.09,19.9999
827.17,100.65,19.9999
828.18,100.61,19.9999
829.18,101.17,20.0
830.18,100.67,20.0
831.18,100.67,20.0
832.18,100.65,20.0
833.18,101.11,20.0
834.18,100.68,20.0
835.19,101.06,20.0
836.19,100.64,20.0
837.19,100.65,20.0
838.19,101.04,20.0
839.19,100.71,19.9999
840.19,100.66,19.9999
841.19,101.16,19.9999
842.19,100.67,19.9999
843.2,101.23,19.9999
844.2,101.02,19.9999
845.2,100.48,19.9999
846.2,100.61,19.9999
847.2,101.05,19.9999
848.2,100.47,19.9999
849.2,100.56,20.0
850.21,100.88,20.0
851.21,100.59,20.0
852.21,100.5,20.0
853.21,101.52,20.0
854.21,100.58,20.0
855.21,100.99,20.0
856.21,100.48,20.0
857.22,100.59,20.0
858.22,101.02,20.0
859.22,100.54,19.9999
860.22,100.47,19.9999
861.22,100.85,19.9999
862.22,100.46,19.9999
863.23,101.39,19.9999
864.23,100.56,19.9999
865.23,100.78,19.9999
866.23,101.0,19.9999
867.23,100.59,19.9999
868.23,100.66,19.9999
869.23,101.12,20.0
870.24,100.68,20.0
871.24,101.05,20.0
872.24,100.66,20.0
873.24,100.77,20.0
874.24,101.11,20.0
875.24,100.65,20.0
876.24,100.62,20.0
877.25,101.09,20.0
878.25,100.65,19.9999
879.25,100.67,19.9999
880.25,101.01,19.9999
881.25,100.7,19.9999
882.25,100.64,19.9999
883.25,101.33,19.9999
884.26,100.62,19.9999
885.26,100.66,19.9999
886.26,101.03,19.9999
887.26,100.75,19.9999
888.26,100.65,19.9999
889.26,101.17,20.0
890.26,100.7,20.0
891.26,100.62,20.0
892.27,101.05,20.0
893.27,100.78,20.0
894.27,100.68,19.9999
895.27,100.57,19.9999
896.27,101.01,19.9999
897.27,100.51,19.9999
898.27,101.03,19.9999
899.27,100.65,19.9999
900.28,100.42,19.9999
901.28,100.81,19.9999
902.28,100.7,19.9999
903.28,100.92,19.9999
904.28,101.1,19.9999
905.28,100.66,19.9999
906.29,101.06,19.9999
907.29,100.62,19.9999
908.29,100.62,19.9999
909.29,101.08,20.0
910.29,100.62,20.0
911.29,100.7,20.0
912.29,101.03,20.0
913.3,100.79,20.0
914.3,100.66,20.0
915.3,100.84,20.0
916.3,100.42,20.0
917.3,100.53,20.0
918.3,101.04,20.0
919.3,100.69,19.9999
920.3,100.68,19.9999
921.31,101.05,19.9999
922.31,100.65,19.9999
923.31,101.15,19.9999
924.31,100.72,20.0
925.31,100.67,19.9999
926.31,101.11,19.9999
927.31,101.35,19.9999
928.32,100.51,19.9999
929.32,102.39,20.0
930.32,100.61,20.0
931.32,100.59,20.0
932.32,101.05,20.0
933.32,100.83,20.0
934.32,100.67,20.0
935.33,101.05,20.0
936.33,100.64,20.0
937.33,101.06,20.0
938.33,100.6,20.0
939.33,100.69,19.9999
940.33,101.06,19.9999
941.34,100.58,19.9999
942.34,100.55,19.9999
943.34,101.22,19.9999
944.34,100.7,19.9999
945.34,101.08,19.9999
946.34,100.67,19.9999
947.34,100.63,19.9999
948.35,101.06,19.9999
949.35,100.73,20.0
950.35,100.65,20.0
951.35,101.16,20.0
952.35,100.68,20.0
953.35,100.81,20.0
954.35,101.14,20.0
955.35,100.71,20.0
956.36,116.29,20.0
957.36,101.17,19.9999
958.36,100.69,19.9999
959.36,101.01,19.9999
960.36,101.05,19.9999
961.36,100.68,19.9999
962.36,100.64,19.9999
963.37,101.24,19.9998
964.37,100.69,19.9999
965.37,100.66,20.0
966.37,101.04,20.0
967.37,100.63,20.0
968.37,100.91,20.0
969.37,101.37,20.0
970.37,100.63,20.0
971.38,100.67,20.0
972.38,100.98,20.0
973.38,100.85,19.9999
974.38,101.0,19.9999
975.38,100.61,19.9999
976.38,100.57,19.9999
977.39,101.0,19.9999
978.39,100.53,19.9999
979.39,100.5,19.9999
980.39,100.88,19.9999
981.39,100.66,19.9999
982.39,100.58,19.9999
983.39,101.14,19.9999
984.4,100.63,19.9999
985.4,101.05,20.0
986.4,100.64,20.0
987.4,100.57,20.0
988.4,101.02,20.0
989.4,100.54,20.0
990.4,100.48,20.0
991.41,100.96,20.0
992.41,100.64,20.0
993.41,101.0,20.0
994.41,100.9,20.0
995.41,100.47,19.9999
996.41,100.45,19.9999
997.41,100.87,19.9999
998.42,100.47,19.9999
999.42,101.07,19.9999
1000.42,100.51,19.9999
1001.42,100.71,19.9999
1002.42,100.9,19.9999
1003.42,100.69,19.9999
1004.42,100.71,20.0
1005.43,100.88,20.0
1006.43,100.65,20.0
1007.43,100.49,20.0
1008.43,101.05,20.0
1009.43,100.59,20.0
1010.43,100.59,20.0
1011.43,101.03,20.0
1012.43,100.53,20.0
1013.44,100.66,20.0
1014.44,101.02,20.0
1015.44,100.45,20.0
1016.44,100.46,20.0
1017.44,100.88,20.0
1018.44,100.43,20.0
1019.44,100.67,19.9999
1020.45,100.89,19.9999
1021.45,100.52,19.9999
1022.45,100.46,19.9999
1023.45,102.74,19.9999
1024.45,100.8,20.0
1025.45,103.02,20.0
1026.45,100.45,20.0
1027.45,101.52,20.0
1028.46,100.47,20.0
1029.46,101.1,20.0
1030.46,100.66,20.0
1031.46,100.65,20.0
1032.46,101.05,19.9999
1033.46,101.4,19.9999
1034.47,101.13,20.0
1035.47,100.62,19.9999
1036.47,101.08,19.9999
1037.47,100.64,19.9999
1038.47,100.66,19.9999
1039.47,101.1,19.9999
1040.47,100.67,19.9999
1041.48,100.72,19.9999
1042.48,101.07,19.9999
1043.48,100.84,19.9999
1044.48,100.73,19.9999
1045.48,101.09,19.9999
1046.48,100.67,19.9999
1047.48,100.65,19.9999
1048.49,101.0,19.9999
1049.49,100.71,19.9999
1050.49,101.05,19.9999
1051.49,100.68,20.0
1052.49,100.54,19.9999
1053.49,101.03,19.9999
1054.5,100.58,19.9999
1055.5,101.05,19.9999
1056.5,100.64,19.9999
1057.5,100.61,19.9999
1058.5,100.87,19.9999
1059.5,100.54,19.9999
1060.5,100.48,19.9999
1061.51,100.97,19.9999
1062.51,100.7,19.9999
1063.51,100.97,19.9999
1064.51,100.55,20.0
1065.51,100.66,20.0
1066.51,101.07,20.0
1067.51,100.63,20.0
1068.52,100.44,20.0
1069.52,101.13,19.9999
1070.52,100.42,19.9999
1071.52,100.55,19.9999
1072.52,101.06,19.9999
1073.52,101.01,20.0
1074.53,101.0,20.0
1075.53,100.52,19.9999
1076.53,100.6,19.9999
1077.53,100.86,19.9999
1078.53,100.51,19.9999
1079.53,100.7,19.9999
1080.53,101.16,19.9999
1081.54,100.67,19.9999
1082.54,101.06,19.9999
1083.54,100.95,19.9999
1084.54,100.69,19.9999
1085.54,101.08,20.0
1086.54,100.66,20.0
1087.54,100.66,20.0
1088.55,101.1,20.0
1089.55,100.68,20.0
1090.55,100.65,20.0
1091.55,101.12,19.9999
1092.55,100.65,19.9999
1093.55,100.78,19.9999
1094.55,101.04,19.9999
1095.55,100.57,19.9999
1096.56,100.71,19.9999
1097.56,100.62,19.9999
1098.56,101.02,19.9999
1099.56,100.75,20.0
1100.56,100.65,20.0
1101.56,100.9,20.0
1102.56,100.53,20.0
1103.56,100.77,20.0
1104.57,101.21,20.0
1105.57,100.64,20.0
1106.57,100.66,20.0
1107.57,101.08,20.0
1108.57,100.7,20.0
1109.57,100.51,20.0
1110.57,100.84,19.9999
1111.58,100.45,19.9999
1112.58,100.56,19.9999
1113.58,101.2,19.9999
1114.58,100.44,19.9999
1115.58,100.86,19.9999
1116.58,100.56,19.9999
1117.58,100.52,19.9999
1118.59,101.14,20.0
1119.59,100.58,20.0
1120.59,100.43,20.0
1121.59,101.01,20.0
1122.59,100.57,20.0
1123.59,100.81,20.0
1124.59,101.03,20.0
1125.6,100.59,20.0
1126.6,100.65,20.0
1127.6,101.07,20.0
1128.6,100.74,19.9999
1129.6,101.05,19.9999
1130.6,100.64,19.9999
1131.6,100.62,19.9999
1132.61,101.07,19.9999
1133.61,101.04,19.9999
1134.61,100.63,19.9999
1135.61,100.98,19.9999
1136.61,100.69,19.9999
1137.61,101.01,19.9999
1138.61,100.61,20.0
1139.62,100.6,20.0
1140.62,101.0,20.0
1141.62,100.43,20.0
1142.62,100.48,20.0
1143.62,101.52,20.0
1144.62,100.63,20.0
1145.62,100.65,20.0
1146.63,101.08,20.0
1147.63,100.65,20.0
1148.63,100.8,20.0
1149.63,101.05,19.9999
1150.63,101.09,19.9999
1151.63,100.64,19.9999
1152.63,101.07,19.9999
1153.63,100.73,20.0
1154.64,100.54,20.0
1155.64,101.05,19.9999
1156.64,100.6,19.9999
1157.64,100.62,19.9999
1158.64,101.1,20.0
1159.64,100.64,20.0
1160.64,100.65,20.0
1161.65,101.04,20.0
1162.65,100.69,20.0
1163.65,101.26,19.9999
1164.65,100.63,19.9999
1165.65,101.04,19.9999
1166.65,100.6,19.9999
1167.66,100.76,19.9999
1168.66,101.13,19.9999
1169.66,100.66,19.9999
1170.66,100.63,19.9999
1171.66,100.62,19.9999
1172.66,100.99,19.9999
1173.66,101.2,19.9999
1174.66,100.43,19.9999
1175.67,100.86,19.9999
1176.67,100.49,19.9999
1177.67,101.05,19.9999
1178.67,100.68,20.0
1179.67,100.64,20.0
1180.67,100.92,20.0
1181.68,100.59,20.0
1182.68,100.66,20.0
1183.68,101.3,20.0
1184.68,100.66,20.0
1185.68,100.72,19.9999
1186.68,101.06,19.9999
1187.68,100.5,19.9999
1188.68,100.58,20.0
1189.69,101.03,20.0
1190.69,100.45,20.0
1191.69,100.6,20.0
1192.69,101.04,20.0
1193.69,101.17,19.9999
1194.69,101.03,19.9999
1195.69,100.52,19.9999
1196.7,100.51,19.9999
1197.7,100.66,19.9999
1198.7,100.95,19.9999
1199.7,100.45,19.9999
1200.7,100.84,19.9999
1201.7,100.41,20.0
1202.7,100.45,20.0
1203.71,101.16,20.0
1204.71,100.55,20.0
1205.71,100.68,20.0
1206.71,101.06,20.0
1207.71,100.52,20.0
1208.71,100.81,20.0
1209.71,100.86,19.9999
1210.72,100.69,19.9999
1211.72,100.86,19.9999
1212.72,100.47,19.9999
1213.72,100.98,20.0
1214.72,100.87,20.0
1215.72,100.61,20.0
1216.72,100.46,20.0
1217.73,100.9,20.0
1218.73,100.63,20.0
1219.73,100.53,20.0
1220.73,120.61,19.9998
1221.73,101.06,20.0
1222.73,100.74,19.9998
1223.73,101.32,20.0
1224.73,100.86,20.0
1225.73,100.52,19.9998
1226.74,100.59,19.9998
1227.74,101.07,19.9998
1228.74,100.74,19.9999
1229.74,100.67,19.9999
1230.74,101.05,19.9999
1231.74,100.65,19.9999
1232.75,101.04,19.9999
1233.75,100.79,20.0
1234.75,100.66,20.0
1235.75,101.11,19.9998
1236.75,100.62,19.9998
1237.75,100.66,20.0
1238.75,101.13,19.9998
1239.75,100.63,19.9999
1240.76,100.67,19.9999
1241.76,101.08,19.9999
1242.76,100.68,19.9999
1243.76,102.45,19.9999
1244.76,125.86,18.6155
1245.76,342.42,14.9072
1246.76,327.03,15.1087
1247.76,366.85,15.4519
1248.77,322.93,15.8311
1249.77,314.53,16.171
1250.77,280.03,14.6058
1251.77,278.84,14.8559
1252.77,342.99,15.0139
1253.77,335.55,15.3682
1254.77,302.46,15.7594
1255.78,296.5,16.2216
1256.78,225.83,16.7223
1257.78,190.8,17.2311
1258.78,103.27,17.7587
1259.78,105.51,18.2849
1260.78,111.43,18.8172
1261.78,103.1,19.307
1262.79,118.32,19.5764
1263.79,101.81,19.6766
1264.79,101.47,19.6766
1265.79,101.12,19.7195
1266.79,104.33,19.7767
1267.79,221.75,19.7942
1268.79,240.96,19.8076
1269.8,205.67,19.8081
1270.8,145.61,19.8067
1271.8,113.7,19.835
1272.8,107.04,19.882
1273.8,101.99,19.882
1274.8,107.18,19.882
1275.8,108.45,19.882
1276.81,101.15,19.882
1277.81,100.69,19.882
1278.81,101.08,19.882
1279.81,101.17,19.8821
1280.81,110.44,19.8821
1281.81,100.71,19.8822
1282.81,101.08,19.8822
1283.82,101.76,19.8822
1284.82,100.57,19.8822
1285.82,101.32,19.8822
1286.82,100.95,19.8822
1287.82,108.49,19.8822
1288.82,130.44,19.8823
1289.82,100.62,19.8823
1290.83,101.06,19.8822
1291.83,100.69,19.8822
1292.83,101.12,19.8823
1293.83,100.94,19.8824
1294.83,100.73,19.8823
1295.83,101.09,19.8823
1296.84,108.62,19.8825
1297.84,100.53,19.8825
1298.84,100.96,19.8825
1299.84,100.51,19.8825
1300.84,101.29,19.8825
1301.84,100.71,19.8825
1302.84,100.86,19.8825
1303.85,101.15,19.8825
1304.85,113.42,19.9252
1305.85,100.73,19.9252
1306.85,101.18,19.9252
1307.85,100.7,19.9252
1308.85,100.75,19.9252
1309.85,101.02,19.9253
1310.86,100.82,19.9253
1311.86,101.77,19.9253
1312.86,102.9,19.9253
1313.86,102.19,20.0
1314.86,100.72,19.9999
1315.86,100.4,20.0
1316.86,116.75,19.9999
1317.87,101.06,20.0
1318.87,100.77,20.0
1319.87,100.68,19.9999
1320.87,101.12,19.9999
1321.87,100.7,19.9999
1322.87,101.09,19.9999
1323.88,100.9,19.9999
1324.88,100.55,19.9999
1325.88,100.95,19.9999
1326.88,100.6,19.9999
1327.88,100.55,19.9999
1328.88,101.53,19.9999
1329.88,100.48,19.9999
1330.88,100.51,19.9991
1331.89,100.81,19.9991
1332.89,100.54,19.9993
1333.89,101.16,19.9993
1334.89,100.65,19.9993
1335.89,100.64,19.9994
1336.89,100.93,19.9994
1337.9,100.51,19.9994
1338.9,101.37,19.9995
1339.9,100.69,19.9996
1340.9,100.72,19.9995
1341.9,101.18,19.9995
1342.9,100.69,19.9995
1343.9,102.77,19.9995
1344.91,101.05,19.9995
1345.91,100.67,19.9994
1346.91,101.16,19.9995
1347.91,100.68,19.9994
1348.91,100.76,19.9994
1349.91,101.87,19.9996
1350.91,100.68,19.9996
1351.92,100.66,19.9995
1352.92,101.14,19.9996
1353.92,100.84,19.9996
1354.92,100.91,19.9997
1355.92,101.15,19.9996
1356.92,100.75,19.9998
1357.92,100.7,19.9998
1358.93,101.15,19.9998
1359.93,100.78,19.9999
1360.93,100.73,19.9999
1361.93,101.54,19.9999
1362.93,100.68,19.9999
1363.93,100.82,19.9999
1364.93,101.11,19.9999
1365.93,100.68,19.9999
1366.94,100.73,19.9999
1367.94,101.07,19.9999
1368.94,100.71,19.9998
1369.94,100.65,19.9997
1370.94,101.2,19.9999
1371.94,100.66,19.9998
1372.95,101.05,19.9998
1373.95,100.84,19.9999
1374.95,100.69,19.9999
1375.95,101.05,19.9999
1376.95,100.67,19.9999
1377.95,101.08,19.9999
1378.95,100.6,19.9998
1379.96,100.67,19.9998
1380.96,101.08,19.9998
1381.96,100.83,20.0
1382.96,102.03,20.0
1383.96,101.25,20.0
1384.96,100.64,20.0
1385.97,101.08,20.0
1386.97,100.68,19.9999
1387.97,100.66,19.9999
1388.97,101.13,19.9999
1389.97,100.65,19.9999
1390.97,101.57,19.9999
1391.97,101.01,19.9999
1392.98,100.69,19.9999
1393.98,101.25,19.9999
1394.98,100.65,19.9999
1395.98,100.68,19.9999
1396.98,101.17,19.9999
1397.98,100.69,19.9999
1398.98,100.74,19.9999
1399.99,101.16,19.9999
1400.99,100.71,19.9999
1401.99,100.86,19.9999
1402.99,101.12,19.9999
1403.99,100.85,20.0
1404.99,100.59,20.0
1405.99,101.39,19.9999
1407.0,100.51,19.9999
1408.0,100.9,19.9999
1409.0,100.68,19.9999
1410.0,100.66,19.9999
1411.0,101.06,19.9999
1412.0,100.6,19.9999
1413.01,101.19,19.9998
1414.01,100.69,19.9999
1415.01,100.48,19.9999
1416.01,100.88,19.9999
1417.01,100.54,19.9999
1418.01,100.54,19.9999
1419.01,100.94,19.9999
1420.01,100.47,19.9999
1421.02,100.59,19.9999
1422.02,101.0,19.9999
1423.02,100.49,19.9999
1424.02,101.03,20.0
1425.02,100.76,19.9998
1426.02,100.62,19.9999
1427.03,100.91,19.9999
1428.03,100.55,19.9999
1429.03,100.51,19.9999
1430.03,100.85,19.9998
1431.03,100.52,19.9998
1432.03,100.58,19.9997
1433.03,100.88,19.9997
1434.04,100.73,19.9997
1435.04,100.89,19.9998
1436.04,100.52,19.9998
1437.04,100.64,20.0
1438.04,101.15,20.0
1439.04,100.74,20.0
1440.04,100.5,20.0
1441.05,101.54,20.0
1442.05,100.67,20.0
1443.05,100.65,19.9999
1444.05,101.21,19.9999
1445.05,100.67,19.9999
1446.05,101.1,19.9999
1447.05,100.62,19.9999
1448.06,100.83,19.9999
1449.06,101.14,20.0
1450.06,100.69,20.0
1451.06,101.59,20.0
1452.06,100.55,20.0
1453.06,100.69,20.0
1454.07,101.22,19.9999
1455.07,100.6,19.9999
1456.07,100.7,20.0
1457.07,101.1,19.9999
1458.07,100.7,19.9999
1459.07,101.28,20.0
1460.07,100.68,20.0
1461.08,100.73,20.0
1462.08,100.92,20.0
1463.08,100.45,20.0
1464.08,100.67,20.0
1465.08,100.98,19.9999
1466.08,100.63,19.9999
1467.09,101.11,19.9999
1468.09,100.58,20.0
1469.09,100.77,19.9999
1470.09,101.11,19.9999
1471.09,101.23,19.9999
1472.09,100.68,19.9999
1473.09,101.08,19.9999
1474.1,100.78,20.0
1475.1,101.05,20.0
1476.1,100.67,20.0
1477.1,100.63,20.0
1478.1,101.05,20.0
1479.1,100.75,20.0
1480.11,101.05,20.0
1481.11,100.71,20.0
1482.11,100.96,19.9998
1483.11,101.07,19.9998
1484.11,100.8,19.9998
1485.11,100.71,19.9998
1486.11,101.12,19.9998
1487.12,100.67,19.9998
1488.12,100.99,19.9998
1489.12,100.67,19.9998
1490.12,100.58,19.9998
1491.12,101.2,20.0
1492.12,100.7,20.0
1493.12,100.7,20.0
1494.13,101.29,19.9998
1495.13,100.69,19.9999
1496.13,100.7,19.9999
1497.13,101.09,19.9999
1498.13,100.69,19.9999
1499.13,101.16,20.0
1500.13,100.51,19.9999
1501.14,100.62,19.9999
1502.14,101.07,19.9999
1503.14,100.65,19.9999
1504.14,101.89,19.9999
1505.14,100.64,19.9999
1506.14,100.79,19.9999
1507.15,101.06,19.9999
1508.15,100.67,20.0
1509.15,100.7,20.0
1510.15,101.03,20.0
1511.15,100.74,19.9999
1512.15,101.08,20.0
1513.15,100.67,20.0
1514.16,100.91,20.0
1515.16,101.06,19.9999
1516.16,100.69,19.9999
1517.16,100.69,19.9999
1518.16,101.23,19.9999
1519.16,100.78,19.9999
1520.17,101.12,20.0
1521.17,100.69,20.0
1522.17,100.69,20.0
1523.17,101.21,20.0
1524.17,100.71,20.0
1525.17,100.69,20.0
1526.17,101.1,20.0
1527.18,100.67,20.0
1528.18,100.6,20.0
1529.18,101.27,19.9999
1530.18,100.63,19.9999
1531.18,100.74,19.9999
1532.18,101.07,19.9999
1533.18,100.8,19.9999
1534.19,101.16,20.0
1535.19,100.69,20.0
1536.19,102.2,20.0
1537.19,101.06,20.0
1538.19,100.67,20.0
1539.19,100.71,20.0
1540.19,101.06,19.9999
1541.2,100.84,20.0
1542.2,101.09,20.0
1543.2,100.8,20.0
1544.2,100.72,20.0
1545.2,101.06,19.9999
1546.2,100.73,19.9999
1547.21,101.07,19.9999
1548.21,100.66,19.9999
1549.21,100.73,19.9999
1550.21,101.06,19.9999
1551.21,100.7,19.9999
1552.21,101.12,20.0
1553.21,101.53,20.0
1554.22,100.7,19.9999
1555.22,101.04,19.9999
1556.22,100.69,19.9999
1557.22,100.68,19.9999
1558.22,101.04,19.9999
1559.22,100.53,19.9999
1560.23,100.88,19.9999
1561.23,100.46,19.9999
1562.23,100.51,19.9999
1563.23,101.03,19.9999
1564.23,101.5,19.9999
1565.23,100.46,19.9999
1566.23,100.97,19.9999
1567.23,100.69,19.9999
1568.24,100.66,19.9999
1569.24,101.16,20.0
1570.24,100.7,20.0
1571.24,100.72,20.0
1572.24,101.03,20.0
1573.24,100.76,20.0
1574.24,100.79,20.0
1575.25,101.07,19.9999
1576.25,100.59,19.9998
1577.25,101.07,19.9999
1578.25,100.66,19.9998
1579.25,100.67,19.9999
1580.25,101.05,19.9999
1581.25,100.71,19.9999
1582.26,100.69,19.9999
1583.26,101.21,19.9999
1584.26,100.75,20.0
1585.26,100.63,19.9999
1586.26,101.06,19.9999
1587.26,100.75,19.9999
1588.26,100.7,19.9999
1589.27,103.03,19.9999
1590.27,100.65,19.9999
1591.27,101.06,19.9999
1592.27,100.65,19.9999
1593.27,100.78,19.9999
1594.27,101.09,20.0
1595.28,100.64,20.0
1596.28,101.08,20.0
1597.28,100.65,20.0
1598.28,100.64,20.0
1599.28,101.26,20.0
1600.28,101.14,19.9998
1601.28,100.59,19.9998
1602.29,100.91,19.9998
1603.29,100.62,19.9999
1604.29,100.66,19.9998
1605.29,101.12,19.9998
1606.29,100.66,19.9998
1607.29,100.66,19.9998
1608.29,101.27,19.9998
1609.29,101.22,19.9999
1610.3,100.67,19.9999
1611.3,101.09,19.9998
1612.3,100.74,20.0
1613.3,100.82,20.0
1614.3,101.15,20.0
1615.3,100.57,20.0
1616.31,101.08,20.0
1617.31,100.67,20.0
1618.31,100.65,20.0
1619.31,101.09,19.9999
1620.31,100.64,19.9999
1621.31,101.07,19.9999
1622.31,100.67,19.9999
1623.32,100.76,19.9999
1624.32,101.63,20.0
1625.32,100.54,19.9999
1626.32,100.54,19.9999
1627.32,101.09,19.9999
1628.32,100.62,19.9999
1629.33,101.05,20.0
1630.33,100.6,20.0
1631.33,100.85,20.0
1632.33,101.19,20.0
1633.33,100.8,20.0
1634.33,100.75,20.0
1635.33,101.05,20.0
1636.34,100.76,19.9998
1637.34,100.5,19.9998
1638.34,100.96,19.9998
1639.34,100.63,19.9998
1640.34,101.03,19.9997
1641.34,100.63,19.9997
1642.34,100.66,19.9997
1643.35,101.12,19.9999
1644.35,100.69,20.0
1645.35,101.03,20.0
1646.35,100.66,20.0
1647.35,100.87,19.9999
1648.35,101.02,19.9998
1649.36,100.7,19.9999
1650.36,100.62,19.9998
1651.36,100.88,19.9998
1652.36,100.52,19.9998
1653.36,101.14,19.9999
1654.36,100.55,19.9999
1655.36,100.48,19.9998
1656.37,100.9,19.9998
1657.37,100.48,19.9998
1658.37,100.87,19.9998
1659.37,100.83,20.0
1660.37,100.6,19.9999
1661.37,101.06,19.9999
1662.38,100.47,19.9999
1663.38,100.99,19.9999
1664.38,100.55,19.9998
1665.38,100.48,19.9999
1666.38,101.05,19.9999
1667.38,100.74,19.9999
1668.38,100.64,19.9999
1669.39,101.13,20.0
1670.39,100.66,20.0
1671.39,100.64,20.0
1672.39,100.89,20.0
1673.39,100.6,20.0
1674.39,100.94,19.9999
1675.4,100.6,19.9999
1676.4,100.54,19.9999
1677.4,100.88,19.9999
1678.4,100.48,19.9998
1679.4,101.06,19.9999
1680.4,100.66,19.9999
1681.4,100.6,19.9999
1682.41,100.88,19.9999
1683.41,101.58,20.0
1684.41,100.63,20.0
1685.41,100.92,20.0
1686.41,100.49,20.0
1687.41,100.88,20.0
1688.42,100.47,20.0
1689.42,100.64,19.9999
1690.42,100.94,19.9999
1691.42,100.51,19.9999
1692.42,100.86,19.9999
1693.42,100.78,19.9999
1694.42,100.51,19.9999
1695.43,100.91,19.9999
1696.43,100.61,20.0
1697.43,100.63,20.0
1698.43,101.1,20.0
1699.43,100.76,20.0
1700.43,101.13,20.0
1701.43,100.72,20.0
1702.44,100.73,20.0
1703.44,101.88,19.9999
1704.44,100.76,19.9999
1705.44,100.7,19.9999
1706.44,101.1,19.9999
1707.44,100.76,19.9999
1708.44,100.97,19.9999
1709.45,101.13,19.9999
1710.45,100.68,20.0
1711.45,101.07,20.0
1712.45,100.67,20.0
1713.45,101.16,20.0
1714.45,101.14,20.0
1715.46,100.69,20.0
1716.46,100.96,20.0
1717.46,100.65,20.0
1718.46,100.69,20.0
1719.46,101.32,19.9999
1720.46,100.47,19.9999
1721.46,100.52,19.9999
1722.47,100.87,19.9999
1723.47,100.58,19.9999
1724.47,100.51,19.9999
1725.47,100.95,20.0
1726.47,100.68,20.0
1727.47,101.06,20.0
1728.48,100.64,20.0
1729.48,101.99,20.0
1730.48,101.15,20.0
1731.48,100.7,20.0
1732.48,100.73,20.0
1733.48,101.11,19.9999
1734.48,100.74,19.9999
1735.49,101.07,20.0
1736.49,100.88,20.0
1737.49,100.84,20.0
1738.49,101.05,20.0
1739.49,100.65,20.0
1740.49,100.87,20.0
1741.49,100.62,20.0
1742.5,100.67,20.0
1743.5,101.19,20.0
1744.5,101.0,19.9999
1745.5,100.65,19.9999
1746.5,101.07,19.9999
1747.5,100.65,19.9999
1748.51,101.09,19.9999
1749.51,100.72,20.0
1750.51,100.67,20.0
1751.51,101.16,20.0
1752.51,100.68,19.9999
1753.51,100.77,20.0
1754.51,101.19,20.0
1755.51,100.63,20.0
1756.52,100.73,19.9998
1757.52,101.08,19.9998
1758.52,100.66,19.9998
1759.52,100.72,19.9998
1760.52,101.06,19.9998
1761.52,100.69,19.9998
1762.53,101.06,19.9998
1763.53,100.79,19.9998
1764.53,100.74,19.9999
1765.53,101.08,19.9998
1766.53,100.68,19.9998
1767.53,100.49,19.9998
1768.53,100.96,19.9998
1769.54,100.8,19.9999
1770.54,100.57,19.9999
1771.54,100.94,19.9999
1772.54,100.46,19.9999
1773.54,102.01,19.9999
1774.54,100.79,19.9999
1775.54,100.65,19.9999
1776.55,101.09,19.9999
1777.55,100.62,19.9999
1778.55,100.56,19.9999
1779.55,101.1,20.0
1780.55,101.14,20.0
1781.55,100.94,19.9999
1782.55,100.46,20.0
1783.56,101.52,20.0
1784.56,101.24,19.9999
1785.56,100.68,19.9999
1786.56,101.09,19.9999
1787.56,100.65,19.9999
1788.56,100.64,19.9999
1789.57,101.17,19.9999
1790.57,100.62,19.9999
1791.57,100.67,19.9999
1792.57,101.2,20.0
1793.57,101.26,20.0
1794.57,100.71,19.9999
1795.57,101.06,19.9999
1796.58,100.66,19.9999
1797.58,101.03,19.9999
1798.58,100.71,19.9999
1799.58,100.66,19.9998
1800.58,101.05,19.9999
1801.58,100.68,19.9999
1802.59,101.07,19.9999
1803.59,100.86,20.0
1804.59,100.73,20.0
1805.59,101.11,20.0
1806.59,100.7,20.0
1807.59,101.04,20.0
1808.59,101.18,20.0
1809.59,100.66,20.0
1810.6,100.66,20.0
1811.6,101.13,19.9999
1812.6,100.75,19.9999
1813.6,100.74,20.0
1814.6,100.86,19.9999
1815.6,100.52,19.9999
1816.61,101.1,19.9999
1817.61,100.88,19.9999
1818.61,100.76,19.9999
1819.61,101.17,20.0
1820.61,100.69,20.0
1821.61,101.1,20.0
1822.61,100.71,20.0
1823.62,100.89,20.0
1824.62,101.14,20.0
1825.62,100.68,20.0
1826.62,100.66,20.0
1827.62,101.15,19.9999
1828.62,100.7,20.0
1829.62,101.17,19.9999
1830.63,101.11,19.9998
1831.63,100.65,19.9998
1832.63,100.67,19.9998
1833.63,101.36,20.0
1834.63,100.64,20.0
1835.63,100.65,19.9999
1836.63,101.07,19.9999
1837.64,100.68,20.0
1838.64,100.83,20.0
1839.64,101.03,19.9998
1840.64,100.69,19.9998
1841.64,101.1,19.9999
1842.64,100.78,19.9999
1843.64,100.87,20.0
1844.65,101.09,20.0
1845.65,100.67,20.0
1846.65,100.69,20.0
1847.65,101.1,20.0
1848.65,100.73,20.0
1849.65,101.12,20.0
1850.65,100.67,20.0
1851.66,101.09,19.9999
1852.66,100.7,19.9999
1853.66,100.94,19.9999
1854.66,101.58,19.9999
1855.66,100.7,19.9998
1856.67,101.11,19.9998
1857.67,100.71,19.9998
1858.67,100.76,19.9999
1859.67,101.15,20.0
1860.67,100.67,20.0
1861.67,100.77,20.0
1862.67,100.68,20.0
1863.67,102.6,20.0
1864.68,100.64,19.9999
1865.68,101.34,20.0
1866.68,100.68,20.0
1867.68,100.66,20.0
1868.68,101.12,19.9999
1869.68,100.8,19.9999
1870.68,100.83,19.9999
1871.68,100.72,19.9999
1872.69,101.05,19.9999
1873.69,100.85,19.9999
1874.69,101.52,19.9999
1875.69,101.08,19.9999
1876.69,100.82,20.0
1877.69,101.1,20.0
1878.69,100.73,20.0
1879.7,100.72,20.0
1880.7,101.18,20.0
1881.7,100.72,20.0
1882.7,103.43,20.0
1883.7,101.32,20.0
1884.7,100.7,20.0
1885.7,100.7,20.0
1886.71,101.15,19.9999
1887.71,100.84,20.0
1888.71,100.82,20.0
1889.71,101.06,19.9999
1890.71,100.73,19.9999
1891.71,100.73,19.9999
1892.71,101.05,19.9999
1893.72,101.25,19.9999
1894.72,101.11,19.9999
1895.72,100.64,20.0
1896.72,101.21,20.0
1897.72,101.08,20.0
1898.72,100.92,20.0
1899.72,100.67,20.0
1900.73,101.13,20.0
1901.73,100.7,20.0
1902.73,101.05,20.0
1903.73,100.94,20.0
1904.73,100.67,19.9999
1905.73,101.1,19.9999
1906.74,100.66,19.9998
1907.74,101.08,19.9998
1908.74,100.71,19.9999
1909.74,100.83,20.0
1910.74,101.06,20.0
1911.74,100.67,19.9998
1912.74,100.67,19.9998
1913.75,101.6,19.9999
1914.75,100.81,19.9996
1915.75,101.11,19.9996
1916.75,100.68,19.9996
1917.75,101.07,19.9998
1918.75,101.06,19.9998
1919.76,100.71,19.9998
1920.76,101.1,19.9998
1921.76,100.89,19.9999
1922.76,100.7,19.9999
1923.76,102.05,20.0
1924.76,100.69,20.0
1925.77,101.33,20.0
1926.77,100.66,20.0
1927.77,100.69,20.0
1928.77,101.52,20.0
1929.77,100.7,19.9999
1930.77,101.17,19.9999
1931.77,101.09,19.9999
1932.78,101.1,19.9999
1933.78,101.34,19.9998
1934.78,100.65,19.9998
1935.78,100.7,19.9998
1936.78,101.07,19.9998
1937.78,100.66,19.9998
1938.79,101.09,19.9998
1939.79,100.69,20.0
1940.79,100.71,20.0
1941.79,101.09,20.0
1942.79,100.64,20.0
1943.79,100.82,20.0
1944.79,101.61,19.9999
1945.8,100.7,19.9999
1946.8,101.03,20.0
1947.8,100.72,20.0
1948.8,100.63,20.0
1949.8,100.97,20.0
1950.8,100.97,19.9999
1951.81,100.85,19.9999
1952.81,100.44,19.9999
1953.81,100.67,19.9999
1954.81,101.01,19.9999
1955.81,100.8,19.9999
1956.81,101.02,19.9999
1957.81,100.67,19.9999
1958.82,101.96,19.9999
1959.82,101.13,19.9999
1960.82,100.75,19.9999
1961.82,100.7,19.9999
1962.82,101.08,19.9999
1963.82,100.82,20.0
1964.82,100.72,20.0
1965.83,101.05,20.0
1966.83,100.76,19.9999
1967.83,101.08,19.9999
1968.83,100.72,20.0
1969.83,100.69,20.0
1970.83,101.06,20.0
1971.84,100.68,20.0
1972.84,101.08,20.0
1973.84,100.68,20.0
1974.84,100.49,20.0
1975.84,100.93,20.0
1976.84,100.5,20.0
1977.84,100.7,20.0
1978.85,101.28,20.0
1979.85,100.69,20.0
1980.85,101.08,20.0
1981.85,101.47,20.0
1982.85,100.69,20.0
1983.85,101.33,20.0
1984.86,100.47,20.0
1985.86,100.93,20.0
1986.86,100.5,20.0
1987.86,100.59,20.0
1988.86,101.1,20.0
1989.86,100.63,19.9999
1990.86,100.77,19.9997
1991.87,101.02,19.9997
1992.87,100.65,19.9997
1993.87,101.19,19.9999
1994.87,100.64,19.9997
1995.87,100.69,19.9997
1996.87,101.06,19.9997
1997.88,100.69,19.9997
1998.88,101.07,19.9997
1999.88,100.68,19.9997
2000.88,100.66,19.9997
2001.88,100.8,19.9998
2002.88,101.22,19.9999
2003.88,100.78,19.9999
2004.89,100.95,19.9999
2005.89,100.66,20.0
2006.89,100.64,20.0
2007.89,101.08,20.0
2008.89,100.71,20.0
2009.89,101.08,20.0
2010.89,100.64,20.0
2011.9,100.69,20.0
2012.9,101.09,20.0
2013.9,100.9,20.0
2014.9,101.09,19.9999
2015.9,101.05,19.9999
2016.9,100.69,19.9999
2017.91,101.08,19.9999
2018.91,100.69,20.0
2019.91,101.09,19.9999
2020.91,100.9,19.9999
2021.91,100.68,19.9999
2022.91,101.08,19.9999
2023.91,100.88,19.9999
2024.92,100.63,19.9999
2025.92,101.25,20.0
2026.92,100.68,20.0
2027.92,100.71,20.0
2028.92,101.12,20.0
2029.92,100.6,20.0
2030.92,100.44,20.0
2031.93,100.98,20.0
2032.93,100.67,19.9999
2033.93,101.23,19.9999
2034.93,100.68,19.9999
2035.93,100.67,19.9999
2036.93,101.05,19.9999
2037.94,100.69,19.9999
2038.94,101.1,19.9999
2039.94,100.68,19.9999
2040.94,100.67,19.9999
2041.94,101.15,20.0
2042.94,100.65,20.0
2043.94,100.9,20.0
2044.95,101.09,20.0
2045.95,100.65,20.0
2046.95,100.68,20.0
2047.95,101.06,20.0
2048.95,100.64,19.9999
2049.95,100.78,20.0
2050.95,101.08,20.0
2051.96,100.71,20.0
2052.96,100.63,20.0
2053.96,101.2,20.0
2054.96,100.64,20.0
2055.96,100.99,20.0
2056.96,100.68,20.0
2057.96,100.62,20.0
2058.97,101.07,20.0
2059.97,100.46,19.9998
2060.97,101.06,19.9998
2061.97,100.88,19.9999
2062.97,100.59,19.9998
2063.97,101.19,19.9999
2064.98,100.61,19.9999
2065.98,100.6,19.9999
2066.98,101.09,19.9999
2067.98,100.63,19.9999
2068.98,100.71,19.9999
2069.98,100.76,19.9999
2070.98,101.06,19.9999
2071.98,100.76,20.0
2072.98,100.67,20.0
2073.99,101.8,19.9999
2074.99,100.69,19.9999
2075.99,101.08,19.9999
2076.99,100.68,19.9999
2077.99,100.69,19.9999
2078.99,101.15,19.9999
2080.0,100.65,19.9999
2081.0,100.73,19.9999
2082.0,101.07,19.9999
2083.0,100.63,19.9999
2084.0,101.82,20.0
2085.0,100.47,20.0
2086.0,100.46,20.0
2087.01,101.42,20.0
2088.01,100.64,20.0
2089.01,100.82,19.9999
2090.01,101.07,19.9999
2091.01,100.66,19.9998
2092.01,100.69,19.9998
2093.01,101.08,19.9998
2094.02,100.92,19.9999
2095.02,101.01,19.9998
2096.02,100.65,19.9998
2097.02,100.65,19.9998
2098.02,101.31,20.0
2099.02,100.66,19.9998
2100.03,101.04,19.9998
2101.03,100.6,19.9998
2102.03,101.04,19.9998
2103.03,100.63,19.9998
2104.03,100.81,19.9998
2105.03,101.09,19.9999
2106.04,100.69,19.9999
2107.04,100.63,19.9998
2108.04,101.05,19.9998
2109.04,100.79,20.0
2110.04,101.02,20.0
2111.04,100.92,20.0
2112.04,100.65,20.0
2113.05,101.06,20.0
2114.05,100.79,20.0
2115.05,100.67,20.0
2116.05,101.14,20.0
2117.05,100.66,20.0
2118.05,100.63,20.0
2119.05,101.0,20.0
2120.06,100.65,19.9999
2121.06,100.99,19.9999
2122.06,100.66,19.9999
2123.06,100.63,19.9999
2124.06,101.14,20.0
2125.06,100.6,20.0
2126.07,101.02,20.0
2127.07,100.64,20.0
2128.07,100.67,20.0
2129.07,101.13,20.0
2130.07,100.6,20.0
2131.07,100.5,20.0
2132.07,101.21,19.9999
2133.08,100.49,19.9999
2134.08,101.17,20.0
2135.08,100.69,20.0
2136.08,100.68,20.0
2137.08,100.94,20.0
2138.08,100.63,19.9999
2139.09,101.51,20.0
2140.09,100.49,19.9999
2141.09,100.56,19.9999
2142.09,100.91,19.9999
2143.09,100.61,19.9999
2144.09,100.69,19.9999
2145.09,101.03,19.9999
2146.1,100.71,19.9999
2147.1,101.04,19.9999
2148.1,100.68,19.9999
2149.1,100.71,20.0
2150.1,101.05,20.0
2151.1,100.73,20.0
2152.1,100.68,20.0
2153.11,101.04,20.0
2154.11,100.8,20.0
2155.11,101.03,19.9999
2156.11,100.63,19.9999
2157.11,100.55,19.9999
2158.11,101.09,19.9999
2159.11,100.7,20.0
2160.12,100.49,20.0
2161.12,101.08,20.0
2162.12,100.71,20.0
2163.12,100.64,20.0
2164.12,102.92,20.0
2165.12,100.65,20.0
2166.12,100.71,20.0
2167.13,101.68,19.9999
2168.13,100.6,19.9999
2169.13,101.03,19.9999
2170.13,100.55,19.9999
2171.13,100.71,19.9999
2172.13,101.05,19.9999
2173.14,100.67,19.9999
2174.14,100.82,20.0
2175.14,101.07,20.0
2176.14,100.7,20.0
2177.14,101.07,20.0
2178.14,100.62,20.0
2179.15,101.43,19.9999
2180.15,100.78,19.9999
2181.15,100.68,19.9999
2182.15,100.81,19.9999
2183.15,101.15,19.9999
2184.15,100.85,19.9999
2185.15,100.67,19.9999
2186.15,101.15,19.9999
2187.15,100.7,19.9999
2188.16,100.72,19.9999
2189.16,101.22,20.0
2190.16,100.72,20.0
2191.16,100.82,20.0
2192.16,101.17,20.0
2193.16,100.81,19.9999
2194.16,100.49,19.9999
2195.17,101.01,19.9999
2196.17,100.7,19.9999
2197.17,100.7,19.9999
2198.17,101.09,19.9999
2199.17,100.58,19.9999
2200.17,100.46,19.9999
2201.17,100.9,20.0
2202.18,100.48,20.0
2203.18,101.16,19.9999
2204.18,100.57,20.0
2205.18,100.63,19.9999
2206.18,101.09,20.0
2207.18,100.65,20.0
2208.18,100.69,20.0
2209.19,101.14,20.0
2210.19,100.71,20.0
2211.19,100.86,20.0
2212.19,100.49,20.0
2213.19,100.6,20.0
2214.19,101.32,19.9998
2215.2,100.51,19.9998
2216.2,100.91,19.9998
2217.2,100.71,19.9998
2218.2,102.87,20.0
2219.2,100.92,19.9999
2220.2,100.6,19.9999
2221.2,100.66,19.9999
2222.21,101.08,19.9999
2223.21,100.56,20.0
2224.21,100.57,20.0
2225.21,100.95,19.9999
2226.21,100.57,19.9999
2227.21,100.55,19.9999
2228.21,100.9,19.9999
2229.21,100.72,19.9999
2230.22,100.5,19.9999
2231.22,101.06,19.9999
2232.22,100.47,19.9999
2233.22,100.71,20.0
2234.22,101.11,20.0
2235.22,100.68,20.0
2236.22,100.68,20.0
2237.23,101.07,20.0
2238.23,100.81,20.0
2239.23,101.16,19.9999
2240.23,100.67,19.9999
2241.23,100.59,19.9999
2242.23,100.93,19.9999
2243.24,101.3,19.9999
2244.24,101.1,19.9999
2245.24,100.64,19.9999
2246.24,100.67,19.9999
2247.24,101.11,19.9999
2248.24,100.69,19.9999
2249.24,100.69,20.0
2250.25,101.36,20.0
2251.25,100.69,20.0
2252.25,100.66,20.0
2253.25,101.19,20.0
2254.25,100.76,19.9999
2255.25,100.7,19.9999
2256.25,101.03,19.9999
2257.26,101.19,19.9999
2258.26,101.08,19.9999
2259.26,100.68,19.9999
2260.26,100.65,19.9999
2261.26,101.06,19.9999
2262.26,100.81,20.0
2263.26,102.53,20.0
2264.27,101.73,19.9999
2265.27,100.63,19.9999
2266.27,101.07,19.9999
2267.27,100.63,19.9999
2268.27,100.69,19.9999
2269.27,101.11,19.9999
2270.28,100.68,19.9999
2271.28,100.59,19.9999
2272.28,101.1,19.9999
2273.28,100.82,20.0
2274.28,101.2,20.0
2275.28,100.68,20.0
2276.28,100.69,20.0
2277.29,101.09,20.0
2278.29,100.81,20.0
2279.29,100.72,20.0
2280.29,100.97,20.0
2281.29,100.65,20.0
2282.29,101.02,20.0
2283.3,100.7,19.9999
2284.3,101.01,19.9999
2285.3,100.74,19.9999
2286.3,100.71,19.9999
2287.3,101.11,19.9999
2288.3,100.68,19.9999
2289.3,100.71,20.0
2290.31,101.05,20.0
2291.31,100.55,20.0
2292.31,100.6,20.0
2293.31,101.14,20.0
2294.31,100.7,19.9999
2295.31,100.93,19.9999
2296.31,100.64,19.9999
2297.32,100.77,19.9999
2298.32,101.06,19.9999
2299.32,100.68,19.9999
2300.32,101.05,19.9999
2301.32,100.61,19.9999
2302.32,100.61,19.9999
2303.33,101.17,19.9999
2304.33,100.68,19.9999
2305.33,100.59,19.9999
2306.33,101.07,19.9999
2307.33,100.64,19.9999
2308.33,100.66,19.9999
2309.33,101.11,20.0
2310.34,100.55,20.0
2311.34,101.09,20.0
2312.34,100.63,20.0
2313.34,100.78,20.0
2314.34,101.16,20.0
2315.34,100.64,20.0
2316.34,100.7,20.0
2317.35,101.12,20.0
2318.35,100.7,20.0
2319.35,100.66,20.0
2320.35,101.08,20.0
2321.35,100.94,20.0
2322.35,101.08,20.0
2323.35,101.02,20.0
2324.36,100.68,20.0
2325.36,101.14,20.0
2326.36,100.68,20.0
2327.36,100.67,20.0
2328.36,101.16,20.0
2329.36,100.73,20.0
2330.36,100.64,19.9998
2331.37,101.05,19.9998
2332.37,100.81,19.9999
2333.37,101.17,19.9999
2334.37,100.71,19.9999
2335.37,100.68,19.9999
2336.37,101.08,19.9999
2337.38,100.65,19.9999
2338.38,101.07,19.9999
2339.38,100.68,19.9998
2340.38,100.49,19.9998
2341.38,100.94,19.9999
2342.38,100.68,19.9999
2343.38,100.74,19.9999
2344.39,101.2,19.9999
2345.39,100.67,19.9999
2346.39,101.08,19.9999
2347.39,100.66,19.9999
2348.39,100.72,19.9999
2349.39,101.18,20.0
2350.39,100.68,19.9998
2351.4,100.72,20.0
2352.4,101.12,20.0
2353.4,100.78,20.0
2354.4,100.71,20.0
2355.4,101.18,20.0
2356.4,100.7,20.0
2357.4,100.81,20.0
2358.41,101.1,20.0
2359.41,100.65,20.0
2360.41,100.66,20.0
2361.41,101.12,20.0
2362.41,100.66,20.0
2363.41,100.77,20.0
2364.41,101.09,20.0
2365.42,100.57,20.0
2366.42,100.7,20.0
2367.42,101.07,20.0
2368.42,100.66,20.0
2369.42,101.23,19.9999
2370.42,100.66,19.9999
2371.42,100.69,19.9999
2372.43,101.07,19.9999
2373.43,100.76,19.9999
2374.43,100.68,19.9999
2375.43,101.09,19.9999
2376.43,100.67,19.9999
2377.43,101.03,19.9999
2378.43,100.67,19.9999
2379.44,100.66,19.9999
2380.44,101.01,19.9999
2381.44,100.86,19.9999
2382.44,100.9,19.9999
2383.44,100.57,19.9999
2384.44,100.69,19.9999
2385.45,101.08,19.9999
2386.45,100.69,19.9999
2387.45,100.64,19.9999
2388.45,101.09,19.9999
2389.45,100.7,19.9999
2390.45,101.05,19.9999
2391.45,100.64,19.9999
2392.46,100.67,19.9999
2393.46,101.29,19.9999
2394.46,100.71,19.9999
2395.46,101.07,19.9999
2396.46,100.66,19.9999
2397.46,100.68,19.9999
2398.47,101.17,19.9998
2399.47,100.71,19.9999
2400.47,100.44,19.9998
2401.47,101.03,19.9999
2402.47,100.68,19.9999
2403.47,100.79,19.9999
2404.47,101.4,20.0
2405.48,100.68,19.9999
2406.48,100.7,20.0
2407.48,101.09,20.0
2408.48,100.66,20.0
2409.48,100.97,20.0
2410.48,100.56,20.0
2411.48,100.74,20.0
2412.49,100.91,20.0
2413.49,100.91,20.0
2414.49,101.25,20.0
2415.49,100.77,19.9999
2416.49,100.5,19.9998
2417.49,101.08,19.9998
2418.5,100.66,19.9998
2419.5,100.78,19.9999
2420.5,101.11,19.9999
2421.5,100.71,19.9999
2422.5,101.1,19.9999
2423.5,100.84,19.9999
2424.5,100.54,19.9999
2425.51,100.86,19.9999
2426.51,100.49,19.9999
2427.51,100.72,19.9999
2428.51,101.03,19.9999
2429.51,100.72,19.9998
2430.51,101.1,19.9998
2431.51,100.68,19.9999
2432.52,100.65,19.9999
2433.52,101.2,20.0
2434.52,100.68,19.9999
2435.52,101.04,19.9999
2436.52,100.65,19.9999
2437.52,100.69,19.9999
2438.53,101.09,19.9999
2439.53,100.84,20.0
2440.53,100.63,20.0
2441.53,101.05,20.0
2442.53,100.69,20.0
2443.53,101.18,19.9999
2444.53,100.72,19.9999
2445.54,100.66,19.9999
2446.54,101.08,19.9999
2447.54,100.7,19.9999
2448.54,100.66,19.9999
2449.54,101.14,19.9999
2450.54,100.82,19.9999
2451.55,269.72,13.2605
2452.55,310.87,13.4131
2453.55,342.32,13.6765
2454.55,264.52,13.1063
2455.55,278.43,13.3656
2456.55,313.44,13.482
2457.55,267.71,13.2973
2458.55,327.95,13.466
2459.56,324.55,13.2244
2460.56,283.4,13.4614
2461.56,334.86,13.5726
2462.56,261.96,13.4077
2463.56,342.04,13.5661
2464.56,279.41,13.3793
2465.56,328.52,13.5777
2466.57,359.94,13.7452
2467.57,264.77,13.4383
2468.57,317.46,13.5914
2469.57,355.61,13.8098
2470.57,334.19,14.0487
2471.57,244.41,14.4686
2472.57,149.2,14.9417
2473.57,121.19,15.4393
2474.58,144.16,15.879
2475.58,135.69,16.3161
2476.58,101.17,16.7436
2477.58,101.56,17.1616
2478.58,101.39,17.6079
2479.58,100.64,18.0516
2480.58,120.09,18.3529
2481.59,101.06,18.4396
2482.59,101.5,18.4395
2483.59,100.99,18.4396
2484.59,103.25,18.4395
2485.59,101.66,18.4395
2486.59,100.61,18.4395
2487.59,101.21,18.4396
2488.6,100.69,18.4395
2489.6,101.04,18.4395
2490.6,111.16,18.5344
2491.6,100.69,18.5344
2492.6,123.45,18.5347
2493.6,100.8,18.5348
2494.6,114.29,18.5351
2495.61,168.31,13.3915
2496.61,319.91,13.573
2497.61,354.58,13.7745
2498.61,338.4,14.1177
2499.61,239.95,13.4408
2500.61,328.57,13.5797
2501.61,354.76,13.8099
2502.61,285.04,14.0629
2503.62,174.73,14.4414
2504.62,296.69,14.885
2505.62,234.04,15.2694
2506.62,205.19,15.6855
2507.62,107.86,16.0809
2508.62,127.05,16.4769
2509.62,202.85,16.8633
2510.63,201.15,17.2622
2511.63,122.03,17.676
2512.63,101.27,18.0795
2513.63,117.67,18.4103
2514.63,114.28,18.494
2515.63,102.59,18.494
2516.64,103.55,18.494
2517.64,100.99,18.494
2518.64,100.91,18.494
2519.64,100.73,18.494
2520.64,101.17,18.494
2521.64,100.71,18.494
2522.64,107.5,18.494
2523.65,100.98,18.494
2524.65,110.87,18.5854
2525.65,101.12,18.5855
2526.65,106.08,18.5855
2527.65,145.86,13.3689
2528.65,330.11,13.578
2529.65,355.66,13.8959
2530.65,312.43,14.3261
2531.66,185.63,13.3732
2532.66,321.16,13.553
2533.66,353.2,13.7452
2534.66,268.37,13.467
2535.66,332.0,13.636
2536.66,266.26,13.394
2537.66,325.56,13.5644
2538.66,364.34,13.7579
2539.67,256.76,13.4606
2540.67,320.83,13.7115
2541.67,375.69,13.8959
2542.67,337.4,14.1465
2543.67,322.67,14.4309
2544.67,306.96,14.7489
2545.67,311.33,15.0395
2546.68,294.03,15.4093
2547.68,131.07,15.8154
2548.68,146.47,16.227
2549.68,110.12,16.6358
2550.68,103.69,17.0509
2551.68,186.99,17.5022
2552.68,101.02,17.9387
2553.69,104.53,18.3817
2554.69,132.43,18.5844
2555.69,105.3,18.5844
2556.69,101.63,18.5844
2557.69,100.89,18.5844
2558.69,114.84,18.5844
2559.69,101.04,18.5844
2560.7,100.96,18.5845
2561.7,101.21,18.5845
2562.7,102.84,18.5845
2563.7,104.02,18.5846
2564.7,101.13,18.5846
2565.7,123.29,18.7316
2566.7,105.35,18.7316
2567.71,101.18,18.7316
2568.71,100.7,18.7316
2569.71,100.94,18.7316
2570.71,100.54,18.7316
2571.71,100.59,18.7316
2572.71,101.69,18.7316
2573.72,100.75,18.7316
2574.72,121.25,18.7319
2575.72,101.03,18.7319
2576.72,100.57,18.7319
2577.72,100.97,18.7319
2578.72,101.06,18.7319
2579.72,103.97,18.7319
2580.73,101.19,18.7319
2581.73,101.94,18.7319
2582.73,100.53,18.7319
2583.73,101.64,18.7319
2584.73,116.54,18.7322
2585.73,101.12,18.7322
2586.73,101.27,18.7322
2587.74,100.65,18.7322
2588.74,101.15,18.7322
2589.74,100.53,18.7322
2590.74,100.69,18.7321
2591.74,101.05,18.7321
2592.74,100.66,18.7321
2593.74,101.38,18.7322
2594.75,116.68,18.7324
2595.75,123.61,18.7324
2596.75,100.72,18.7324
2597.75,101.14,18.7324
2598.75,100.77,18.7324
2599.75,100.61,18.7324
2600.75,103.32,18.7324
2601.76,100.59,18.7324
2602.76,100.86,18.7324
2603.76,100.6,18.7324
2604.76,106.35,18.7593
2605.76,113.91,18.8299
2606.76,100.7,18.83
2607.76,105.71,18.83
2608.77,101.09,18.83
2609.77,100.6,18.83
2610.77,100.96,18.83
2611.77,100.64,18.83
2612.77,100.63,18.83
2613.77,101.18,18.83
2614.78,100.6,19.0308
2615.78,100.53,19.4813
2616.78,100.96,19.837
2617.78,138.66,19.9998
2618.78,101.07,19.9998
2619.78,100.63,19.9998
2620.78,100.66,19.9998
2621.79,101.08,19.9998
2622.79,100.75,19.9998
2623.79,100.78,19.9998
2624.79,101.08,19.9998
2625.79,100.67,19.9998
2626.79,104.99,19.9998
2627.8,100.6,19.9998
2628.8,100.66,19.9997
2629.8,101.25,19.9999
2630.8,100.51,19.9999
2631.8,100.96,19.9999
2632.8,100.55,19.9999
2633.8,100.87,19.9998
2634.81,101.08,19.9999
2635.81,100.62,19.9999
2636.81,100.6,19.9999
2637.81,101.04,19.9999
2638.81,100.69,19.9999
2639.81,100.82,19.9999
2640.81,101.07,19.9999
2641.82,100.88,19.9999
2642.82,100.85,19.9999
2643.82,101.14,19.9998
2644.82,100.6,19.9998
2645.82,100.98,19.9998
2646.82,100.69,19.9998
2647.82,100.61,19.9998
2648.83,101.11,19.9998
2649.83,100.69,19.9999
2650.83,100.69,19.9999
2651.83,101.07,19.9999
2652.83,100.64,19.9999
2653.83,104.88,19.9999
2654.83,100.45,19.9999
2655.83,101.03,19.9998
2656.84,100.65,19.9999
2657.84,101.06,19.9999
2658.84,100.72,19.9999
2659.84,100.71,19.9999
2660.84,101.09,19.9999
2661.84,100.67,19.9999
2662.84,100.64,19.9999
2663.85,101.26,19.9999
2664.85,100.72,19.9999
2665.85,101.25,20.0
2666.85,100.68,20.0
2667.85,100.71,20.0
2668.85,101.13,20.0
2669.86,100.67,20.0
2670.86,100.87,20.0
2671.86,100.48,20.0
2672.86,100.63,20.0
2673.86,101.13,20.0
2674.86,100.66,20.0
2675.86,100.67,20.0
2676.87,101.66,19.9998
2677.87,100.69,19.9999
2678.87,100.77,19.9999
2679.87,101.05,19.9999
2680.87,100.85,19.9999
2681.87,100.66,19.9999
2682.87,101.12,19.9999
2683.88,100.81,19.9999
2684.88,101.11,19.9999
2685.88,100.66,19.9999
2686.88,100.66,19.9999
2687.88,101.38,20.0
2688.88,100.62,20.0
2689.88,100.56,20.0
2690.89,100.98,20.0
2691.89,100.64,20.0
2692.89,101.04,20.0
2693.89,100.8,20.0
2694.89,100.61,20.0
2695.89,100.99,20.0
2696.9,100.57,20.0
2697.9,100.57,20.0
2698.9,101.01,20.0
2699.9,103.68,19.9999
2700.9,101.15,20.0
2701.9,100.73,19.9999
2702.9,100.65,19.9999
2703.91,101.23,19.9999
2704.91,100.63,19.9999
2705.91,100.66,19.9999
2706.91,101.01,19.9999
2707.91,100.6,19.9999
2708.91,100.53,19.9999
2709.91,100.89,19.9999
2710.92,100.53,19.9998
2711.92,100.69,19.9998
2712.92,101.24,19.9999
2713.92,100.92,19.9999
2714.92,100.71,19.9999
2715.92,101.11,19.9999
2716.92,100.7,19.9999
2717.93,101.03,19.9999
2718.93,100.53,19.9999
2719.93,100.47,19.9999
2720.93,100.92,19.9999
2721.93,100.46,19.9999
2722.93,100.45,19.9999
2723.93,101.55,19.9999
2724.93,100.72,19.9999
2725.94,100.48,19.9999
2726.94,101.27,19.9998
2727.94,100.54,19.9998
2728.94,100.74,19.9998
2729.94,101.1,19.9998
2730.94,100.57,19.9998
2731.94,100.7,19.9998
2732.95,101.06,19.9998
2733.95,100.77,19.9999
2734.95,100.63,19.9999
2735.95,101.1,19.9999
2736.95,100.89,20.0
2737.95,100.54,20.0
2738.95,101.03,20.0
2739.95,100.61,20.0
2740.96,100.7,20.0
2741.96,101.09,20.0
2742.96,100.61,20.0
2743.96,100.77,20.0
2744.96,101.1,20.0
2745.96,100.45,19.9999
2746.96,100.54,19.9999
2747.97,101.06,19.9999
2748.97,100.86,20.0
2749.97,101.11,20.0
2750.97,100.66,20.0
2751.97,100.66,19.9999
2752.97,101.06,19.9999
2753.98,100.79,20.0
2754.98,100.69,20.0
2755.98,101.07,19.9999
2756.98,100.74,19.9999
2757.98,100.66,19.9999
2758.98,101.13,19.9999
2759.98,101.16,19.9999
2760.99,101.05,19.9999
2761.99,100.68,19.9999
2762.99,100.69,19.9999
2763.99,101.17,19.9999
2764.99,100.71,19.9999
2765.99,100.64,19.9999
2766.99,101.03,19.9999
2768.0,100.63,19.9999
2769.0,100.73,19.9999
2770.0,100.94,19.9998
2771.0,100.92,19.9999
2772.0,100.96,19.9999
2773.0,100.47,19.9999
2774.0,100.62,19.9999
2775.01,100.89,19.9999
2776.01,100.51,19.9999
2777.01,100.45,19.9999
2778.01,100.86,19.9999
2779.01,100.53,19.9999
2780.01,100.98,19.9999
2781.01,100.48,19.9999
2782.02,100.67,19.9999
2783.02,100.92,19.9999
2784.02,100.61,19.9999
2785.02,100.63,19.9999
2786.02,100.91,19.9999
2787.02,100.5,19.9999
2788.02,100.56,19.9999
2789.03,100.91,19.9999
2790.03,100.54,19.9999
2791.03,100.98,19.9999
2792.03,100.64,19.9999
2793.03,100.55,19.9999
2794.03,101.31,20.0
2795.03,100.64,20.0
2796.04,100.68,20.0
2797.04,101.05,20.0
2798.04,100.66,20.0
2799.04,100.72,20.0
2800.04,101.07,20.0
2801.04,100.73,20.0
2802.04,100.63,20.0
2803.05,101.08,20.0
2804.05,100.76,20.0
2805.05,101.24,20.0
2806.05,100.55,20.0
2807.05,100.61,20.0
2808.05,100.98,20.0
2809.06,100.59,20.0
2810.06,100.45,20.0
2811.06,101.03,20.0
2812.06,100.6,20.0
2813.06,101.03,20.0
2814.06,101.0,20.0
2815.06,100.49,19.9999
2816.07,100.86,19.9999
2817.07,100.85,19.9999
2818.07,100.94,19.9999
2819.07,100.62,19.9999
2820.07,100.64,19.9999
2821.07,101.06,19.9999
2822.08,100.51,19.9999
2823.08,100.62,19.9999
2824.08,101.17,19.9999
2825.08,100.63,19.9999
2826.08,101.08,19.9999
2827.08,100.72,19.9998
2828.08,100.65,19.9999
2829.09,101.1,19.9999
2830.09,100.91,19.9999
2831.09,101.14,19.9999
2832.09,100.66,19.9999
2833.09,100.65,20.0
2834.09,101.06,20.0
2835.1,100.61,20.0
2836.1,100.66,20.0
2837.1,101.1,19.9997
2838.1,100.62,19.9998
2839.1,101.12,19.9998
2840.1,100.67,20.0
2841.1,100.69,20.0
2842.1,101.01,20.0
2843.11,101.02,20.0
2844.11,100.75,20.0
2845.11,101.06,19.9999
2846.11,100.65,19.9999
2847.11,100.7,20.0
2848.11,101.09,19.9998
2849.11,100.73,19.9999
2850.12,100.69,19.9999
2851.12,101.02,19.9999
2852.12,100.65,19.9999
2853.12,100.68,19.9999
2854.12,101.29,19.9999
2855.12,100.67,19.9998
2856.13,101.08,19.9998
2857.13,100.71,19.9998
2858.13,100.67,19.9998
2859.13,101.16,19.9998
2860.13,100.46,19.9998
2861.13,100.54,19.9998
2862.13,100.95,19.9999
2863.13,100.53,19.9999
2864.14,100.65,19.9999
2865.14,101.05,19.9998
2866.14,100.83,20.0
2867.14,100.7,20.0
2868.14,100.99,19.9998
2869.14,100.75,19.9998
2870.14,100.69,19.9998
2871.15,101.07,20.0
2872.15,100.69,20.0
2873.15,100.85,20.0
2874.15,100.58,20.0
2875.15,100.47,20.0
2876.15,100.86,20.0
2877.16,100.45,20.0
2878.16,100.67,19.9998
2879.16,100.94,19.9998
2880.16,100.48,19.9997
2881.16,100.92,19.9997
2882.16,100.47,19.9997
2883.16,100.59,19.9997
2884.17,100.91,19.9999
2885.17,100.48,19.9999
2886.17,101.02,19.9999
2887.17,100.65,19.9997
2888.17,100.7,19.9997
2889.17,101.13,19.9997
2890.18,100.63,19.9997
2891.18,101.02,20.0
2892.18,101.09,19.9999
2893.18,100.8,19.9999
2894.18,100.78,20.0
2895.18,101.07,20.0
2896.18,100.66,20.0
2897.18,100.79,20.0
2898.19,101.08,20.0
2899.19,100.64,20.0
2900.19,100.89,20.0
2901.19,100.65,19.9999
2902.19,100.72,19.9999
2903.19,101.3,20.0
2904.19,100.67,20.0
2905.2,100.65,20.0
2906.2,100.98,20.0
2907.2,100.68,20.0
2908.2,100.68,20.0
2909.2,101.13,20.0
2910.2,100.68,20.0
2911.21,101.02,20.0
2912.21,100.69,20.0
2913.21,100.79,20.0
2914.21,101.13,20.0
2915.21,101.35,19.9999
2916.21,100.71,19.9999
2917.21,101.11,19.9999
2918.22,100.72,19.9999
2919.22,101.19,19.9999
2920.22,100.7,19.9999
2921.22,100.77,19.9999
2922.22,101.11,19.9999
2923.22,100.77,19.9999
2924.22,100.78,19.9999
2925.23,101.06,19.9999
2926.23,100.7,19.9999
2927.23,101.18,19.9998
2928.23,100.7,19.9998
2929.23,100.75,19.9998
2930.23,101.06,19.9998
2931.24,100.69,19.9998
2932.24,100.76,19.9998
2933.24,101.19,19.9998
2934.24,100.73,19.9998
2935.24,101.73,19.9998
2936.24,100.48,19.9998
2937.24,100.49,19.9998
2938.25,101.29,19.9998
2939.25,100.54,20.0
2940.25,100.48,20.0
2941.25,100.84,20.0
2942.25,100.66,20.0
2943.25,100.57,20.0
2944.25,101.14,20.0
2945.25,100.69,19.9998
2946.26,100.69,19.9998
2947.26,101.13,19.9998
2948.26,100.67,19.9998
2949.26,100.63,19.9998
2950.26,101.01,20.0
2951.26,100.75,19.9998
2952.26,100.48,19.9999
2953.27,101.1,19.9999
2954.27,100.77,19.9999
2955.27,100.56,19.9998
2956.27,100.95,19.9998
2957.27,100.45,19.9998
2958.27,100.45,19.9998
2959.27,101.13,19.9998
2960.28,100.68,19.9998
2961.28,100.46,19.9998
2962.28,101.0,19.9998
2963.28,100.81,20.0
2964.28,100.71,20.0
2965.28,101.14,20.0
2966.28,100.66,20.0
2967.29,101.06,19.9999
2968.29,100.65,19.9998
2969.29,100.71,19.9998
2970.29,101.08,20.0
2971.29,100.67,20.0
2972.29,100.44,20.0
2973.29,100.99,20.0
2974.3,100.66,20.0
2975.3,101.02,19.9999
2976.3,100.75,20.0
2977.3,100.46,20.0
2978.3,100.93,20.0
2979.3,100.52,20.0
2980.3,100.49,20.0
2981.31,101.06,20.0
2982.31,100.68,19.9999
2983.31,100.75,19.9999
2984.31,100.98,20.0
2985.31,100.63,20.0
2986.31,100.73,20.0
2987.31,100.97,20.0
2988.32,100.49,19.9999
2989.32,103.37,19.9999
2990.32,110.35,20.0
2991.32,100.57,20.0
2992.32,100.88,20.0
2993.32,100.63,20.0
2994.32,100.59,20.0
2995.33,101.09,20.0
2996.33,100.67,20.0
2997.33,100.65,20.0
2998.33,101.06,20.0
2999.33,100.52,20.0
3000.33,101.33,20.0
3001.33,100.66,20.0
3002.34,100.65,20.0
3003.34,101.14,20.0
3004.34,100.68,20.0
3005.34,100.67,20.0
3006.34,101.0,20.0
3007.34,100.45,20.0
3008.35,100.85,20.0
3009.35,100.49,20.0
3010.35,100.55,20.0
3011.35,101.13,20.0
3012.35,100.89,20.0
3013.35,100.74,20.0
3014.35,101.15,19.9999
3015.36,100.67,20.0
3016.36,101.08,19.9999
3017.36,100.66,19.9999
3018.36,100.62,19.9999
3019.36,101.18,19.9999
3020.36,100.67,19.9999
3021.36,100.67,19.9999
3022.37,101.02,19.9999
3023.37,100.9,19.9999
3024.37,100.6,19.9999
3025.37,100.92,19.9999
3026.37,100.66,19.9999
3027.37,101.07,19.9999
3028.37,100.62,19.9999
3029.38,100.69,19.9999
3030.38,101.12,19.9999
3031.38,100.66,19.9999
3032.38,100.74,19.9999
3033.38,100.69,19.9999
3034.38,101.12,19.9999
3035.38,100.92,19.9999
3036.39,101.11,19.9999
3037.39,100.6,19.9999
3038.39,100.68,19.9999
3039.39,101.1,19.9999
3040.39,100.68,19.9999
3041.39,100.66,19.9999
3042.39,101.14,19.9999
3043.4,100.76,19.9999
3044.4,100.73,19.9999
3045.4,101.19,19.9999
3046.4,100.7,19.9999
3047.4,100.91,19.9999
3048.4,101.1,19.9999
3049.4,100.67,19.9999
3050.4,100.7,19.9999
3051.41,101.11,19.9999
3052.41,100.72,19.9999
3053.41,100.86,19.9999
3054.41,101.15,19.9999
3055.41,100.72,19.9999
3056.41,100.74,19.9999
3057.41,100.98,19.9999
3058.41,100.69,19.9999
3059.42,100.9,20.0
3060.42,101.04,20.0
3061.42,100.69,20.0
3062.42,100.7,20.0
3063.42,101.27,20.0
3064.42,100.73,20.0
3065.43,101.07,20.0
3066.43,100.67,20.0
3067.43,100.67,20.0
3068.43,101.08,20.0
3069.43,100.74,20.0
3070.43,101.13,20.0
3071.43,101.18,20.0
3072.44,100.7,20.0
3073.44,101.16,20.0
3074.44,100.78,20.0
3075.44,100.71,20.0
3076.44,100.96,20.0
3077.44,100.68,20.0
3078.44,100.7,20.0
3079.45,101.17,19.9999
3080.45,100.71,20.0
3081.45,100.7,20.0
3082.45,101.11,20.0
3083.45,100.78,19.9999
3084.45,101.37,19.9999
3085.46,100.7,19.9999
3086.46,100.71,19.9999
3087.46,101.1,19.9999
3088.46,100.66,20.0
3089.46,101.13,20.0
3090.46,100.7,20.0
3091.46,100.67,19.9999
3092.47,101.1,19.9999
3093.47,100.79,19.9999
3094.47,100.73,20.0
3095.47,101.07,19.9999
3096.47,100.84,20.0
3097.47,101.1,19.9999
3098.47,100.73,19.9999
3099.48,100.6,19.9999
3100.48,100.96,19.9999
3101.48,100.55,19.9999
3102.48,100.69,19.9999
3103.48,101.19,19.9999
3104.48,100.62,19.9999
3105.48,100.54,19.9999
3106.49,100.84,19.9999
3107.49,100.42,19.9999
3108.49,100.48,19.9999
3109.49,101.1,19.9999
3110.49,100.64,19.9999
3111.49,100.91,19.9999
3112.49,100.47,19.9999
3113.5,100.6,19.9999
3114.5,100.91,19.9999
3115.5,100.44,19.9999
3116.5,100.85,19.9999
3117.5,100.6,19.9999
3118.5,100.59,19.9999
3119.51,101.09,19.9999
3120.51,100.67,19.9999
3121.51,100.78,19.9999
3122.51,101.03,20.0
3123.51,100.74,20.0
3124.51,101.11,20.0
3125.51,100.63,20.0
3126.52,100.63,20.0
3127.52,101.02,20.0
3128.52,100.59,20.0
3129.52,100.61,20.0
3130.52,100.98,20.0
3131.52,100.6,20.0
3132.53,104.04,20.0
3133.53,100.6,20.0
3134.53,100.7,20.0
3135.53,101.06,20.0
3136.53,100.64,20.0
3137.53,100.68,20.0
3138.53,101.13,20.0
3139.54,100.65,20.0
3140.54,101.0,20.0
3141.54,100.62,20.0
3142.54,100.61,20.0
3143.54,101.2,20.0
3144.54,100.65,19.9999
3145.54,100.53,20.0
3146.54,101.34,20.0
3147.55,101.02,20.0
3148.55,100.48,20.0
3149.55,100.94,20.0
3150.55,100.56,20.0
3151.55,100.41,20.0
3152.55,101.02,19.9999
3153.56,100.72,20.0
3154.56,100.89,20.0
3155.56,100.54,20.0
3156.56,100.42,20.0
3157.56,101.02,20.0
3158.56,100.77,20.0
3159.56,100.71,20.0
3160.57,101.0,19.9998
3161.57,100.64,19.9999
3162.57,100.56,19.9999
3163.57,101.1,19.9999
3164.57,100.68,19.9999
3165.57,100.66,19.9999
3166.57,101.05,19.9999
3167.57,100.69,19.9999
3168.58,100.71,19.9999
3169.58,101.04,19.9999
3170.58,100.54,19.9999
3171.58,100.78,19.9999
3172.58,101.15,19.9999
3173.58,100.79,19.9999
3174.58,100.75,19.9999
3175.58,101.0,19.9999
3176.59,100.67,19.9999
3177.59,100.63,19.9998
3178.59,101.15,19.9999
3179.59,100.66,19.9999
3180.59,100.65,19.9999
3181.59,101.07,19.9999
3182.6,100.66,19.9999
3183.6,100.75,19.9999
3184.6,101.3,19.9999
3185.6,100.71,19.9999
3186.6,101.11,19.9999
3187.6,100.67,19.9999
3188.6,100.75,20.0
3189.61,101.08,19.9999
3190.61,100.67,19.9999
3191.61,100.67,19.9999
3192.61,101.09,19.9999
3193.61,101.45,20.0
3194.61,100.87,19.9999
3195.61,100.65,19.9999
3196.62,100.6,19.9999
3197.62,101.1,20.0
3198.62,100.63,20.0
3199.62,100.66,20.0
3200.62,101.17,20.0
3201.62,100.53,20.0
3202.62,100.69,20.0
3203.63,102.88,20.0
3204.63,100.49,20.0
3205.63,100.55,20.0
3206.63,101.02,20.0
3207.63,100.66,20.0
3208.63,101.14,20.0
3209.63,101.02,19.9998
3210.64,100.69,19.9998
3211.64,101.07,19.9998
3212.64,100.71,19.9998
3213.64,100.86,19.9999
3214.64,101.08,19.9999
3215.64,100.71,19.9998
3216.65,101.07,19.9998
3217.65,100.72,19.9999
3218.65,100.72,19.9997
3219.65,101.12,19.9998
3220.65,101.26,19.9998
3221.65,100.64,19.9998
3222.65,101.46,19.9999
3223.66,100.8,19.9998
3224.66,100.66,19.9998
3225.66,101.1,19.9998
3226.66,100.67,19.9998
3227.66,101.11,19.9998
3228.66,100.74,19.9998
3229.66,100.71,19.9998
3230.67,101.11,20.0
3231.67,100.71,19.9998
3232.67,101.12,19.9998
3233.67,100.83,20.0
3234.67,100.67,20.0
3235.67,101.32,19.9999
3236.68,100.7,19.9999
3237.68,100.7,19.9999
3238.68,101.15,19.9999
3239.68,100.51,19.9998
3240.68,100.97,19.9999
3241.68,100.5,19.9999
3242.68,100.5,19.9999
3243.69,101.16,19.9999
3244.69,100.54,19.9999
3245.69,100.52,19.9999
3246.69,100.96,19.9999
3247.69,100.75,19.9999
3248.69,100.77,19.9999
3249.69,101.18,19.9999
3250.7,100.78,19.9999
3251.7,100.72,19.9999
3252.7,100.92,19.9999
3253.7,100.72,20.0
3254.7,101.09,20.0
3255.7,100.67,19.9999
3256.7,100.68,19.9999
3257.71,101.06,19.9999
3258.71,100.69,19.9999
3259.71,101.11,20.0
3260.71,100.96,19.9998
3261.71,100.69,19.9998
3262.71,101.01,19.9998
3263.72,100.78,19.9999
3264.72,100.68,19.9999
3265.72,101.03,19.9998
3266.72,100.65,19.9998
3267.72,100.88,19.9998
3268.72,100.64,19.9999
3269.72,100.68,19.9999
3270.73,101.04,19.9999
3271.73,100.69,19.9999
3272.73,100.85,19.9999
3273.73,101.19,19.9999
3274.73,100.69,19.9999
3275.73,101.07,19.9999
3276.73,100.57,19.9999
3277.74,101.67,19.9999
3278.74,101.08,19.9999
3279.74,100.7,19.9998
3280.74,100.67,19.9998
3281.74,100.98,19.9998
3282.74,100.66,19.9998
3283.75,101.19,19.9999
3284.75,100.68,19.9998
3285.75,101.07,20.0
3286.75,101.11,19.9999
3287.75,100.68,20.0
3288.75,101.12,19.9999
3289.75,100.71,19.9998
3290.76,100.66,19.9999
3291.76,101.04,19.9999
3292.76,100.71,19.9999
3293.76,100.77,20.0
3294.76,101.07,19.9999
3295.76,100.65,19.9999
3296.76,100.66,19.9999
3297.77,101.42,19.9999
3298.77,100.66,19.9999
3299.77,101.06,19.9999
3300.77,100.67,19.9999
3301.77,100.68,19.9999
3302.77,101.1,19.9999
3303.78,100.8,19.9999
3304.78,100.94,19.9999
3305.78,100.48,19.9999
3306.78,100.51,19.9999
3307.78,101.14,19.9999
3308.78,100.75,19.9999
3309.78,101.1,19.9999
3310.79,101.22,19.9999
3311.79,100.66,19.9999
3312.79,100.95,19.9999
3313.79,100.82,19.9999
3314.79,101.14,19.9999
3315.79,100.63,19.9999
3316.79,100.85,19.9999
3317.8,100.55,19.9999
3318.8,100.76,20.0
3319.8,101.09,19.9999
3320.8,100.65,19.9999
3321.8,101.15,20.0
3322.8,100.49,20.0
3323.8,100.71,20.0
3324.81,100.9,20.0
3325.81,100.62,20.0
3326.81,101.0,20.0
3327.81,100.47,20.0
3328.81,100.53,20.0
3329.81,101.02,20.0
3330.81,100.68,20.0
3331.82,100.68,20.0
3332.82,101.03,20.0
3333.82,101.03,19.9999
3334.82,100.69,19.9999
3335.82,101.07,20.0
3336.82,100.7,20.0
3337.83,101.09,20.0
3338.83,100.71,20.0
3339.83,100.67,20.0
3340.83,101.13,20.0
3341.83,100.68,20.0
3342.83,101.12,20.0
3343.83,100.8,20.0
3344.84,100.73,20.0
3345.84,101.18,20.0
3346.84,100.69,20.0
3347.84,100.69,20.0
3348.84,101.08,20.0
3349.84,101.7,19.9999
3350.85,104.87,19.9999
3351.85,100.48,20.0
3352.85,106.19,19.9998
3353.85,115.58,20.0
3354.85,100.44,20.0
3355.85,100.63,20.0
3356.85,101.08,20.0
3357.86,100.98,19.9998
3358.86,101.03,19.9998
3359.86,100.65,19.9998
3360.86,100.5,19.9998
3361.86,100.86,19.9998
3362.86,100.63,19.9998
3363.87,101.1,20.0
3364.87,100.69,19.9999
3365.87,100.6,19.9998
3366.87,101.05,19.9998
3367.87,100.66,19.9998
3368.87,100.71,19.9998
3369.87,101.39,19.9999
3370.88,100.51,19.9999
3371.88,100.98,19.9998
3372.88,100.65,19.9998
3373.88,100.77,19.9998
3374.88,101.2,19.9998
3375.88,100.68,19.9998
3376.88,100.66,19.9998
3377.89,101.09,19.9998
3378.89,100.68,19.9998
3379.89,100.69,20.0
3380.89,101.08,20.0
3381.89,100.68,20.0
3382.89,100.8,19.9999
3383.89,100.62,19.9999
3384.89,101.05,20.0
3385.9,100.47,20.0
3386.9,101.06,20.0
3387.9,100.69,20.0
3388.9,100.59,20.0
3389.9,101.02,20.0
3390.9,100.64,20.0
3391.9,100.66,20.0
3392.9,100.67,20.0
3393.91,101.17,20.0
3394.91,100.88,19.9999
3395.91,101.01,19.9999
3396.91,100.59,19.9999
3397.91,100.58,19.9999
3398.91,101.08,20.0
3399.92,100.81,20.0
3400.92,101.11,20.0
3401.92,100.45,20.0
3402.92,100.56,20.0
3403.92,100.96,20.0
3404.92,100.47,19.9999
3405.92,100.6,19.9999
3406.93,100.88,19.9999
3407.93,100.81,20.0
3408.93,101.06,19.9999
3409.93,100.55,19.9999
3410.93,101.12,19.9999
3411.93,100.64,19.9999
3412.94,100.7,19.9999
3413.94,101.2,20.0
3414.94,100.69,20.0
3415.94,100.59,19.9999
3416.94,101.01,19.9999
3417.94,100.67,19.9999
3418.95,101.13,20.0
3419.95,100.69,19.9999
3420.95,100.95,19.9998
3421.95,101.16,19.9998
3422.95,100.71,19.9998
3423.95,101.7,19.9999
3424.95,101.08,19.9998
3425.96,100.69,19.9997
3426.96,100.92,19.9998
3427.96,100.64,19.9998
3428.96,100.74,19.9999
3429.96,101.02,19.9999
3430.96,100.66,19.9999
3431.96,100.67,19.9999
3432.97,101.26,20.0
3433.97,100.88,19.9999
3434.97,100.7,19.9999
3435.97,101.11,19.9998
3436.97,100.69,19.9998
3437.97,102.78,19.9999
3438.97,100.74,19.9999
3439.98,100.66,19.9998
3440.98,100.98,20.0
3441.98,100.49,20.0
3442.98,100.63,20.0
3443.98,101.26,20.0
3444.98,100.66,20.0
3445.98,101.07,19.9998
3446.99,101.03,19.9998
3447.99,100.52,20.0
3448.99,100.55,20.0
3449.99,101.06,19.9999
3450.99,100.7,19.9999
3451.99,100.66,19.9999
3452.99,101.09,19.9999
3454.0,100.71,19.9999
3455.0,101.01,19.9999
3456.0,100.64,19.9999
3457.0,100.72,19.9999
3458.0,101.21,19.9999
3459.0,100.7,20.0
3460.0,100.68,20.0
3461.01,101.17,20.0
3462.01,100.5,20.0
3463.01,100.7,20.0
3464.01,101.17,20.0
3465.01,100.72,19.9999
3466.01,100.62,20.0
3467.01,100.93,20.0
3468.02,100.49,20.0
3469.02,100.85,19.9999
3470.02,100.62,20.0
3471.02,100.87,20.0
3472.02,100.59,19.9999
3473.02,100.65,19.9999
3474.03,101.21,19.9999
3475.03,100.69,19.9999
3476.03,101.1,19.9999
3477.03,100.69,19.9999
3478.03,100.7,19.9999
3479.03,101.21,20.0
3480.03,100.47,20.0
3481.04,100.49,20.0
3482.04,101.08,20.0
3483.04,100.91,20.0
3484.04,100.84,19.9999
3485.04,101.12,19.9999
3486.04,100.67,19.9999
3487.04,100.68,19.9999
3488.05,100.95,19.9999
3489.05,100.56,19.9999
3490.05,100.58,19.9999
3491.05,101.16,19.9999
3492.05,100.64,19.9999
3493.05,100.71,19.9999
3494.05,101.18,20.0
3495.06,100.61,20.0
3496.06,100.75,20.0
3497.06,101.03,20.0
3498.06,100.69,20.0
3499.06,101.1,19.9998
3500.06,100.68,19.9997
3501.06,100.6,19.9997
3502.06,100.69,19.9997
3503.07,101.07,19.9997
3504.07,100.78,19.9999
3505.07,100.68,19.9999
3506.07,101.1,19.9997
3507.07,100.66,19.9997
3508.07,101.03,19.9998
3509.08,101.21,19.9998
3510.08,100.69,19.9998
3511.08,101.08,19.9998
3512.08,100.66,19.9998
3513.08,101.14,19.9998
3514.08,100.67,20.0
3515.08,100.57,20.0
3516.09,100.98,19.9998
3517.09,100.68,19.9998
3518.09,100.64,19.9998
3519.09,100.92,19.9998
3520.09,100.68,19.9999
3521.09,101.1,19.9999
3522.09,101.05,20.0
3523.1,100.69,20.0
3524.1,101.06,19.9999
3525.1,100.62,19.9999
3526.1,100.67,19.9999
3527.1,101.08,19.9999
3528.1,100.72,19.9999
3529.11,101.14,19.9999
3530.11,100.7,19.9999
3531.11,100.68,19.9999
3532.11,101.06,19.9999
3533.11,100.67,19.9999
3534.11,100.99,20.0
3535.11,101.1,20.0
3536.11,100.63,20.0
3537.12,100.66,19.9999
3538.12,101.05,20.0
3539.12,100.72,20.0
3540.12,101.02,20.0
3541.12,100.63,19.9999
3542.12,101.67,19.9999
3543.13,101.07,19.9999
3544.13,100.73,19.9999
3545.13,100.62,19.9999
3546.13,101.02,19.9999
3547.13,100.62,19.9999
3548.13,100.78,19.9998
3549.13,101.08,19.9998
3550.14,100.66,19.9999
3551.14,101.22,19.9998
3552.14,100.65,19.9998
3553.14,100.68,19.9998
3554.14,101.13,19.9998
3555.14,100.65,19.9998
3556.14,100.52,19.9998
3557.15,101.06,19.9999
3558.15,100.68,19.9999
3559.15,100.95,20.0
3560.15,100.64,20.0
3561.15,100.85,20.0
3562.15,101.07,19.9999
3563.16,100.68,19.9999
3564.16,100.68,19.9999
3565.16,101.01,19.9999
3566.16,100.66,19.9999
3567.16,101.1,19.9999
3568.16,100.67,19.9999
3569.16,100.68,20.0
3570.17,100.84,20.0
3571.17,100.44,20.0
3572.17,100.58,20.0
3573.17,101.04,20.0
3574.17,100.97,19.9998
3575.17,101.05,19.9997
3576.18,100.67,19.9998
3577.18,100.66,19.9998
3578.18,101.14,19.9998
3579.18,100.68,19.9999
3580.18,100.63,19.9998
3581.18,101.12,19.9998
3582.18,100.66,19.9998
3583.18,100.76,20.0
3584.19,101.15,20.0
3585.19,100.68,19.9999
3586.19,101.59,20.0
3587.19,100.6,19.9999
3588.19,100.68,19.9999
3589.19,101.06,19.9999
3590.2,100.56,19.9999
3591.2,101.08,19.9999
3592.2,100.67,20.0
3593.2,100.76,20.0
3594.2,101.21,19.9999
3595.2,100.66,19.9999
3596.2,100.7,19.9999
3597.21,101.15,19.9999
3598.21,100.44,19.9999
3599.21,101.05,20.0
3600.21,101.08,20.0
3601.21,100.67,20.0
3602.21,100.57,20.0
3603.21,101.1,20.0
3604.22,100.72,20.0
3605.22,101.07,19.9999
3606.22,100.65,19.9999
3607.22,100.63,19.9999
3608.22,101.02,19.9999
3609.22,100.7,19.9999
3610.23,101.05,20.0
3611.23,100.87,19.9999
3612.23,100.74,19.9999
3613.23,101.19,20.0
3614.23,100.67,19.9999
3615.23,100.68,19.9999
3616.23,101.13,19.9999
3617.23,100.66,19.9999
3618.24,100.66,19.9999
3619.24,101.12,19.9999
3620.24,100.78,19.9999
3621.24,100.65,19.9999
3622.24,101.06,19.9999
3623.24,100.77,19.9999
3624.25,101.29,20.0
3625.25,100.74,19.9999
3626.25,100.59,19.9999
3627.25,101.0,19.9999
3628.25,100.58,19.9999
3629.25,101.09,19.9999
3630.25,100.74,19.9999
3631.26,100.66,19.9999
3632.26,101.05,19.9999
3633.26,100.74,19.9999
3634.26,100.72,19.9999
3635.26,101.04,19.9999
3636.26,100.68,19.9999
3637.26,100.84,20.0
3638.27,101.06,19.9999
3639.27,100.63,19.9999
3640.27,101.09,19.9999
3641.27,100.71,19.9999
3642.27,101.06,19.9999
3643.27,100.72,19.9999
3644.28,100.7,19.9998
3645.28,101.05,19.9999
3646.28,100.73,19.9999
3647.28,100.65,19.9999
3648.28,101.0,19.9999
3649.28,100.75,20.0
3650.28,100.89,19.9998
3651.29,101.09,19.9998
3652.29,100.66,19.9998
3653.29,100.96,19.9998
3654.29,100.73,19.9999
3655.29,100.69,19.9998
3656.29,100.94,19.9999
3657.29,100.61,19.9999
3658.3,100.66,19.9998
3659.3,101.16,19.9999
3660.3,100.5,19.9998
3661.3,100.64,19.9998
3662.3,101.04,19.9998
3663.3,101.19,20.0
3664.31,100.97,19.9999
3665.31,100.68,19.9999
3666.31,100.68,19.9999
3667.31,101.03,19.9999
3668.31,100.48,19.9999
3669.31,100.67,19.9999
3670.31,101.07,19.9999
3671.32,100.72,19.9999
3672.32,101.08,19.9999
3673.32,100.8,19.9999
3674.32,100.71,19.9999
3675.32,101.17,19.9998
3676.32,100.62,19.9998
3677.32,101.08,19.9998
3678.33,100.63,19.9998
3679.33,100.72,19.9999
3680.33,101.04,19.9998
3681.33,100.62,19.9998
3682.33,100.63,19.9998
3683.33,101.15,19.9998
3684.34,100.68,19.9999
3685.34,101.07,19.9999
3686.34,100.68,19.9999
3687.34,100.69,19.9999
3688.34,101.36,20.0
3689.34,100.7,20.0
3690.34,100.66,20.0
3691.35,101.14,20.0
3692.35,100.61,20.0
3693.35,100.78,20.0
3694.35,101.09,19.9999
3695.35,100.68,19.9999
3696.35,100.48,19.9999
3697.35,101.04,19.9999
3698.36,100.46,19.9999
3699.36,101.11,19.9999
3700.36,100.68,19.9999
3701.36,100.94,19.9999
3702.36,101.07,19.9999
3703.37,100.68,19.9999
3704.37,100.55,19.9999
3705.37,100.97,19.9999
3706.37,100.68,19.9999
3707.37,100.77,19.9999
3708.37,101.03,19.9999
3709.38,100.8,20.0
3710.38,100.66,20.0
3711.38,101.09,20.0
3712.38,100.66,20.0
3713.38,100.64,20.0
3714.39,101.43,20.0
3715.39,100.66,20.0
3716.39,100.69,20.0
3717.39,101.15,20.0
3718.39,100.77,20.0
3719.4,129.63,20.0
3720.4,101.05,20.0
3721.4,100.71,20.0
3722.4,100.7,20.0
3723.4,100.85,20.0
3724.41,101.19,19.9999
3725.41,100.69,19.9999
3726.41,101.07,19.9999
3727.41,100.87,19.9999
3728.42,100.75,19.9999
3729.42,101.16,20.0
3730.42,100.65,19.9999
3731.42,100.75,19.9999
3732.42,101.07,20.0
3733.42,100.7,20.0
3734.43,101.13,20.0
3735.43,100.67,20.0
3736.43,100.67,20.0
3737.43,101.06,20.0
3738.43,100.51,20.0
3739.43,215.95,14.8124
3740.43,339.19,13.3936
3741.43,356.96,13.542
3742.44,353.22,13.7838
3743.44,328.57,14.0091
3744.44,322.23,14.3213
3745.44,306.21,14.5947
3746.44,314.08,14.8579
3747.44,204.01,15.2625
3748.44,140.57,15.7023
3749.45,106.95,16.1382
3750.45,131.97,16.5691
3751.45,118.53,17.0021
3752.45,100.95,17.4216
3753.45,101.01,17.8591
3754.45,135.8,18.2191
3755.45,100.72,18.2496
3756.46,100.9,18.2494
3757.46,101.11,18.2496
3758.46,100.69,18.2495
3759.46,100.96,18.2496
3760.46,104.01,18.2496
3761.46,107.74,18.2496
3762.47,101.4,18.2495
3763.47,101.27,18.2495
3764.47,100.79,18.2497
3765.47,120.32,18.3989
3766.47,100.65,18.399
3767.47,101.27,18.3989
3768.47,101.5,18.399
3769.48,100.76,18.3991
3770.48,102.08,18.3991
3771.48,101.05,18.3991
3772.48,100.7,18.3991
3773.48,101.74,18.3991
3774.48,102.89,18.3991
3775.48,121.17,18.3995
3776.49,103.26,18.3995
3777.49,100.67,18.3995
3778.49,107.19,18.3995
3779.49,101.71,18.3995
3780.49,136.47,18.3996
3781.49,100.71,18.3996
3782.49,101.13,18.3996
3783.49,100.8,18.3996
3784.5,122.06,18.3998
3785.5,101.51,18.3998
3786.5,104.87,18.3999
3787.5,100.68,18.3998
3788.5,101.13,18.3999
3789.5,101.17,18.3998
3790.5,100.68,18.3998
3791.5,100.87,18.3998
3792.51,101.12,18.3999
3793.51,101.11,18.3998
3794.51,117.42,18.3999
3795.51,100.98,18.3999
3796.51,100.48,18.3999
3797.51,100.45,18.3999
3798.51,100.99,18.3998
3799.51,100.78,18.3999
3800.52,105.47,18.3999
3801.52,104.99,18.3999
3802.52,100.54,18.3999
3803.52,103.02,18.3999
3804.52,120.97,18.5002
3805.52,100.61,18.5002
3806.53,101.03,18.5002
3807.53,100.61,18.5002
3808.53,100.56,18.5002
3809.53,100.92,18.5003
3810.53,101.03,18.5003
3811.53,100.44,18.5003
3812.53,100.95,18.5003
3813.54,100.7,18.5396
3814.54,101.59,19.0018
3815.54,100.61,19.3695
3816.54,139.24,19.8415
3817.54,100.81,19.8415
3818.54,100.48,19.8414
3819.54,100.66,19.8414
3820.55,100.98,19.8414
3821.55,100.62,19.8414
3822.55,100.9,19.8415
3823.55,101.13,19.8415
3824.55,100.51,19.8415
3825.55,100.92,19.8415
3826.56,100.45,19.8414
3827.56,100.48,19.8414
3828.56,101.04,19.8417
3829.56,100.51,19.8418
3830.56,100.87,19.8418
3831.56,100.47,19.8418
3832.56,100.51,19.8418
3833.57,101.18,19.8419
3834.57,100.71,19.8419
3835.57,100.66,19.8419
3836.57,100.83,19.8419
3837.57,100.45,19.8419
3838.57,100.92,19.8419
3839.57,100.57,19.8419
3840.58,104.32,19.8418
3841.58,101.25,19.8419
3842.58,100.66,19.8418
3843.58,113.48,19.8421
3844.58,101.16,19.842
3845.58,100.71,19.842
3846.58,100.68,19.842
3847.59,101.14,19.842
3848.59,100.87,19.8421
3849.59,100.9,19.8421
3850.59,100.57,19.8421
3851.59,100.74,19.8421
3852.59,101.05,19.8421
3853.6,100.82,19.8422
3854.6,100.88,19.8422
3855.6,100.85,19.8422
3856.6,100.44,19.8422
3857.6,100.85,19.8422
3858.6,100.57,19.8422
3859.6,100.58,19.8421
3860.61,100.92,19.8421
3861.61,100.57,19.8421
3862.61,100.67,19.8422
3863.61,100.96,19.8423
3864.61,100.5,19.8422
3865.61,100.52,19.8422
3866.61,101.21,19.8424
3867.62,100.49,19.8422
3868.62,100.48,19.8422
3869.62,100.85,19.8422
3870.62,100.49,19.8422
3871.62,100.92,19.8422
3872.62,100.63,19.8422
3873.62,100.61,19.8424
3874.63,100.94,19.8424
3875.63,100.7,19.8424
3876.63,100.77,19.8424
3877.63,101.54,19.8424
3878.63,100.5,19.8424
3879.63,100.63,19.8424
3880.63,101.07,19.8424
3881.64,100.53,19.8424
3882.64,100.92,19.8425
3883.64,100.72,19.8425
3884.64,100.6,19.8424
3885.64,101.08,19.8425
3886.64,100.66,19.8424
3887.64,100.68,19.8424
3888.65,101.53,19.8427
3889.65,100.63,19.8426
3890.65,100.6,19.8426
3891.65,101.06,19.8425
3892.65,100.67,19.8425
3893.65,100.8,19.8426
3894.65,101.09,19.8425
3895.66,100.66,19.8426
3896.66,101.1,19.8428
3897.66,100.62,19.8428
3898.66,100.84,19.8428
3899.66,101.22,19.8428
3900.66,100.64,19.8428
3901.66,100.67,19.8427
3902.67,100.85,19.8427
3903.67,100.63,19.8427
3904.67,100.69,19.8427
3905.67,101.02,19.8427
3906.67,100.69,19.8427
3907.67,101.08,19.8427
3908.67,100.78,19.8428
3909.68,100.66,19.8428
3910.68,101.13,19.8428
3911.68,100.55,19.8428
3912.68,100.65,19.8429
3913.68,101.11,19.8429
3914.68,100.55,19.8429
3915.69,100.89,19.8428
3916.69,100.55,19.8428
3917.69,100.71,19.8428
3918.69,101.06,19.8428
3919.69,100.7,19.8429
3920.69,100.67,19.8429
3921.69,100.93,19.8429
3922.7,100.53,19.8429
3923.7,101.06,19.8429
3924.7,100.7,19.8429
3925.7,100.77,19.8429
3926.7,101.08,19.8429
3927.7,100.46,19.8429
3928.7,100.6,19.8431
3929.71,101.11,19.843
3930.71,100.65,19.843
3931.71,100.94,19.843
3932.71,100.68,19.8431
3933.71,100.8,19.843
3934.71,102.6,19.843
3935.72,100.8,19.8431
3936.72,101.07,19.843
3937.72,100.68,19.843
3938.72,100.7,19.843
3939.72,100.94,19.843
3940.72,100.88,19.843
3941.73,100.97,19.843
3942.73,100.68,19.843
3943.73,100.81,19.843
3944.73,101.12,19.8431
3945.73,100.74,19.8431
3946.73,100.68,19.8431
3947.73,101.26,19.8433
3948.74,100.75,19.8431
3949.74,101.14,19.8432
3950.74,100.69,19.8432
3951.74,101.03,19.8432
3952.74,101.1,19.8432
3953.74,100.82,19.8434
3954.74,100.7,19.8432
3955.75,101.11,19.8432
3956.75,100.62,19.8432
3957.75,101.03,19.8432
3958.75,101.19,19.8434
3959.75,100.7,19.8433
3960.75,101.57,19.8435
3961.75,100.69,19.8434
3962.76,100.69,19.8434
3963.76,101.22,19.8433
3964.76,100.68,19.8433
3965.76,100.7,19.8433
3966.76,100.96,19.8433
3967.76,100.69,19.8433
3968.77,101.14,19.8434
3969.77,100.94,19.8437
3970.77,100.73,19.8436
3971.77,101.09,19.8435
3972.77,100.69,19.8435
3973.77,100.78,19.8436
3974.77,101.0,19.8435
3975.78,100.63,19.8435
3976.78,101.06,19.8437
3977.78,100.69,19.8437
3978.78,100.74,19.8437
3979.78,101.11,19.8436
3980.78,100.69,19.8436
3981.78,100.8,19.8437
3982.79,101.1,19.8436
3983.79,100.82,19.8439
3984.79,101.09,19.8439
3985.79,100.7,19.8436
3986.79,100.63,19.8436
3987.79,101.05,19.8436
3988.8,100.72,19.8438
3989.8,101.1,19.8437
3990.8,100.71,19.8438
3991.8,100.57,19.8438
3992.8,101.15,19.8438
3993.8,101.02,19.8439
3994.8,100.69,19.8438
3995.81,101.15,19.8437
3996.81,100.66,19.8437
3997.81,100.68,19.8437
3998.81,101.24,19.8439
3999.81,100.71,19.8439
4000.81,100.75,19.8439
4001.81,101.14,19.8439
4002.81,100.69,19.8439
4003.82,101.06,19.844
4004.82,101.33,19.8444
4005.82,100.7,19.8443
4006.82,100.67,19.8443
4007.82,101.06,19.8442
4008.82,100.72,19.8443
4009.82,100.67,19.8443
4010.83,101.09,19.8442
4011.83,100.75,19.8444
4012.83,100.63,19.8444
4013.83,101.14,19.8444
4014.83,100.65,19.8444
4015.83,101.06,19.8443
4016.84,100.79,19.8447
4017.84,100.67,19.8447
4018.84,101.12,19.8447
4019.84,100.66,19.8447
4020.84,100.91,19.8446
4021.84,100.46,19.8446
4022.84,100.52,19.8446
4023.85,101.18,19.8447
4024.85,100.65,19.8445
4025.85,100.65,19.8445
4026.85,101.04,19.8445
4027.85,100.83,19.8682
4028.85,100.95,19.868
4029.86,100.52,19.8681
4030.86,100.56,19.8681
4031.86,101.01,19.868
4032.86,100.6,19.868
4033.86,101.17,19.8681
4034.86,100.71,19.868
4035.86,100.65,19.868
4036.87,101.05,19.868
4037.87,100.66,19.868
4038.87,101.17,19.8682
4039.87,101.06,19.8681
4040.87,100.49,19.8682
4041.87,100.89,19.8682
4042.87,100.52,19.8681
4043.88,102.86,19.8682
4044.88,101.08,19.8681
4045.88,100.64,19.8681
4046.88,101.04,19.8681
4047.88,100.55,19.8681
4048.88,100.54,19.8681
4049.89,101.1,19.8904
4050.89,100.54,19.8902
4051.89,100.66,19.8902
4052.89,101.05,19.8902
4053.89,100.78,19.8902
4054.89,100.65,19.8903
4055.89,101.04,19.8903
4056.9,100.64,19.8904
4057.9,101.03,19.8904
4058.9,100.71,19.8903
4059.9,100.59,19.8903
4060.9,101.13,19.8903
4061.9,100.59,19.8903
4062.91,101.27,19.8905
4063.91,100.78,19.8905
4064.91,100.67,19.8906
4065.91,101.04,19.8904
4066.91,100.68,19.8903
4067.91,100.67,19.8903
4068.91,101.14,19.8903
4069.92,100.66,19.8904
4070.92,101.08,19.8904
4071.92,100.67,19.8904
4072.92,100.67,19.8905
4073.92,101.26,19.8904
4074.92,100.84,19.9113
4075.92,100.66,19.9112
4076.93,100.95,19.9112
4077.93,100.66,19.9112
4078.93,100.72,19.9112
4079.93,101.09,19.9112
4080.93,100.71,19.9112
4081.93,101.07,19.9112
4082.93,100.67,19.9112
4083.94,101.02,19.9113
4084.94,101.07,19.9113
4085.94,100.72,19.9113
4086.94,100.84,19.9115
4087.94,101.08,19.9114
4088.94,100.65,19.9114
4089.95,101.08,19.9113
4090.95,100.73,19.9114
4091.95,100.68,19.9113
4092.95,101.08,19.9113
4093.95,103.65,19.9114
4094.95,101.08,19.9114
4095.95,100.67,19.9114
4096.96,100.65,19.9114
4097.96,100.95,19.9114
4098.96,100.9,19.9304
4099.96,100.65,19.9303
4100.96,101.08,19.9303
4101.96,100.66,19.9303
4102.96,100.61,19.9303
4103.97,101.16,19.9304
4104.97,100.71,19.9304
4105.97,101.07,19.9304
4106.97,100.69,19.9304
4107.97,100.91,19.9304
4108.97,103.59,19.9305
4109.98,101.2,19.9306
4110.98,100.52,19.9305
4111.98,100.88,19.9304
4112.98,100.59,19.9304
4113.98,101.22,19.9303
4114.98,100.45,19.9306
4115.98,100.68,19.9306
4116.99,101.09,19.9306
4117.99,100.7,19.9306
4118.99,101.17,19.9307
4119.99,100.45,19.9306
4120.99,100.48,19.9306
4121.99,101.03,19.9476
4123.0,100.44,19.9476
4124.0,103.41,19.9477
4125.0,100.99,19.9476
4126.0,100.67,19.9476
4127.0,100.99,19.9476
4128.0,100.47,19.9476
4129.0,100.65,19.9477
4130.01,101.08,19.9477
4131.01,100.68,19.9477
4132.01,100.68,19.9477
4133.01,101.22,19.9478
4134.01,103.47,19.9477
4135.01,101.1,19.9477
4136.01,100.63,19.9477
4137.02,100.92,19.9476
4138.02,103.81,19.9477
4139.02,100.75,19.9476
4140.02,101.94,19.9476
4141.02,101.12,19.9476
4142.02,100.71,19.9476
4143.02,100.69,19.9476
4144.03,101.29,19.9478
4145.03,100.69,19.9533
4146.03,100.84,19.9534
4147.03,101.11,19.9534
4148.03,100.74,19.9534
4149.03,100.7,19.9535
4150.03,100.74,19.9535
4151.03,101.05,19.9535
4152.04,100.51,19.9535
4153.04,100.68,19.9535
4154.04,101.16,19.9535
4155.04,100.68,19.9535
4156.04,101.06,19.9535
4157.04,100.69,19.9536
4158.04,100.69,19.9535
4159.05,101.13,19.9536
4160.05,100.71,19.9535
4161.05,101.09,19.9535
4162.05,100.68,19.9535
4163.05,100.69,19.9535
4164.05,101.27,19.9536
4165.05,100.69,19.9536
4166.06,100.65,19.9536
4167.06,100.97,19.9536
4168.06,100.63,19.9536
4169.06,100.92,19.9538
4170.06,101.09,19.9537
4171.06,100.67,19.9537
4172.07,100.9,19.9537
4173.07,100.67,19.9537
4174.07,100.77,19.9538
4175.07,101.11,19.9538
4176.07,100.67,19.9538
4177.07,101.04,19.9538
4178.07,100.69,19.9538
4179.08,100.73,19.9539
4180.08,101.21,19.9538
4181.08,100.56,19.9538
4182.08,100.6,19.9537
4183.08,101.04,19.9537
4184.08,100.75,19.9539
4185.09,100.93,19.9538
4186.09,100.53,19.9538
4187.09,100.66,19.9537
4188.09,101.03,19.9537
4189.09,100.72,19.9537
4190.09,101.08,19.9537
4191.09,100.66,19.9537
4192.1,101.17,19.954
4193.1,101.06,19.9538
4194.1,100.83,19.9538
4195.1,100.67,19.9538
4196.1,101.06,19.9539
4197.1,100.66,19.9539
4198.11,101.06,19.9539
4199.11,100.73,19.9541
4200.11,100.55,19.9541
4201.11,100.93,19.9539
4202.11,100.65,19.9539
4203.11,100.62,19.954
4204.11,101.43,19.9541
4205.12,100.65,19.9541
4206.12,100.68,19.9539
4207.12,100.83,19.9539
4208.12,100.44,19.9539
4209.12,101.09,19.954
4210.12,100.64,19.9541
4211.12,100.71,19.9541
4212.13,100.84,19.954
4213.13,100.53,19.954
4214.13,100.79,19.954
4215.13,101.07,19.954
4216.13,100.82,19.9541
4217.13,101.06,19.9541
4218.13,100.76,19.9541
4219.14,100.71,19.9541
4220.14,100.94,19.9539
4221.14,100.51,19.954
4222.14,100.65,19.954
4223.14,101.17,19.954
4224.14,100.68,19.954
4225.14,100.66,19.9542
4226.15,101.1,19.9541
4227.15,100.65,19.9541
4228.15,100.83,19.9542
4229.15,101.1,19.9541
4230.15,100.67,19.9541
4231.15,100.62,19.9541
4232.15,100.84,19.9541
4233.16,100.42,19.9541
4234.16,100.94,19.9541
4235.16,100.59,19.9541
4236.16,100.66,19.9541
4237.16,101.14,19.9541
4238.16,100.64,19.9541
4239.16,100.74,19.9541
4240.16,101.1,19.9541
4241.17,100.71,19.9542
4242.17,100.44,19.9542
4243.17,100.93,19.9542
4244.17,100.52,19.9543
4245.17,100.46,19.9543
4246.17,100.91,19.9543
4247.17,100.47,19.9542
4248.18,100.47,19.9544
4249.18,101.11,19.9543
4250.18,100.61,19.9543
4251.18,100.65,19.9543
4252.18,100.91,19.9544
4253.18,100.75,19.9543
4254.18,100.63,19.9544
4255.19,101.12,19.9544
4256.19,100.68,19.9543
4257.19,100.68,19.9543
4258.19,101.07,19.9543
4259.19,100.75,19.9545
4260.19,100.67,19.9544
4261.19,101.09,19.9544
4262.2,100.68,19.9544
4263.2,101.14,19.9545
4264.2,100.73,19.9544
4265.2,100.73,19.9545
4266.2,101.62,19.9545
4267.2,100.65,19.9545
4268.2,100.68,19.9545
4269.21,101.14,19.9546
4270.21,100.67,19.9546
4271.21,100.73,19.9546
4272.21,101.04,19.9546
4273.21,100.56,19.9544
4274.21,101.15,19.9544
4275.21,100.7,19.9545
4276.22,100.71,19.9545
4277.22,101.07,19.9545
4278.22,100.82,19.9546
4279.22,100.58,19.9545
4280.22,100.93,19.9546
4281.22,100.49,19.9545
4282.22,100.64,19.9545
4283.23,101.02,19.9546
4284.23,100.54,19.9545
4285.23,100.95,19.9545
4286.23,100.5,19.9545
4287.23,100.54,19.9545
4288.23,101.08,19.9545
4289.24,100.91,19.9548
4290.24,100.65,19.9546
4291.24,101.04,19.9546
4292.24,100.73,19.9547
4293.24,100.75,19.9547
4294.24,101.04,19.9546
4295.24,100.47,19.9546
4296.25,101.1,19.9547
4297.25,100.66,19.9547
4298.25,100.47,19.9547
4299.25,100.94,19.9548
4300.25,100.42,19.9546
4301.25,100.87,19.9546
4302.25,100.61,19.9548
4303.26,100.6,19.9548
4304.26,101.11,19.9548
4305.26,100.63,19.9549
4306.26,100.49,19.9548
4307.26,100.97,19.9548
4308.26,100.43,19.9548
4309.27,101.13,19.9547
4310.27,100.7,19.9547
4311.27,101.08,19.9547
4312.27,100.68,19.9548
4313.27,100.76,19.9548
4314.27,101.33,19.9548
4315.27,100.73,19.9547
4316.28,100.68,19.9547
4317.28,101.06,19.9547
4318.28,100.66,19.9547
4319.28,100.73,19.9548
4320.28,101.06,19.9549
4321.28,100.6,19.9548
4322.29,101.06,19.9548
4323.29,100.74,19.9549
4324.29,100.73,19.9548
4325.29,101.08,19.9548
4326.29,100.66,19.9548
4327.29,101.23,19.9548
4328.29,100.73,19.9549
4329.3,100.73,19.9548
4330.3,100.68,19.9548
4331.3,101.15,19.9548
4332.3,100.68,19.9548
4333.3,101.09,19.9548
4334.3,100.71,19.9548
4335.3,100.62,19.9549
4336.31,100.91,19.9549
4337.31,100.47,19.9549
4338.31,100.88,19.9549
4339.31,101.14,19.9549
4340.31,100.7,19.9549
4341.31,100.91,19.9549
4342.32,100.5,19.955
4343.32,100.55,19.955
4344.32,101.2,19.955
4345.32,100.51,19.955
4346.32,101.0,19.955
4347.32,100.69,19.955
4348.32,100.69,19.955
4349.33,101.17,19.9551
4350.33,101.07,19.955
4351.33,101.09,19.955
4352.33,100.71,19.955
4353.33,100.73,19.955
4354.33,101.19,19.9551
4355.33,100.7,19.955
4356.34,100.67,19.955
4357.34,101.16,19.955
4358.34,100.66,19.955
4359.34,100.73,19.9551
4360.34,101.08,19.9551
4361.34,101.03,19.9552
4362.34,100.55,19.9551
4363.35,101.12,19.9551
4364.35,100.74,19.9552
4365.35,100.67,19.9551
4366.35,101.05,19.9551
4367.35,100.66,19.9551
4368.35,101.06,19.9551
4369.35,100.73,19.9551
4370.36,100.69,19.9552
4371.36,100.94,19.9551
4372.36,100.66,19.9551
4373.36,100.98,19.9555
4374.36,101.0,19.9555
4375.36,100.48,19.9554
4376.36,100.66,19.9555
4377.37,101.07,19.9554
4378.37,100.7,19.9554
4379.37,101.15,19.9554
4380.37,100.67,19.9556
4381.37,100.49,19.9554
4382.37,100.95,19.9554
4383.37,100.74,19.9554
4384.38,100.85,19.9556
4385.38,100.94,19.9555
4386.38,100.66,19.9555
4387.38,100.65,19.9555
4388.38,100.91,19.9555
4389.38,100.71,19.9555
4390.39,101.14,19.9555
4391.39,100.7,19.9555
4392.39,100.66,19.9555
4393.39,101.13,19.9557
4394.39,100.73,19.9556
4395.39,100.51,19.9556
4396.39,101.18,19.9557
4397.4,100.53,19.9556
4398.4,101.0,19.9556
4399.4,100.73,19.9557
4400.4,100.58,19.9558
4401.4,100.84,19.9558
4402.4,100.53,19.9556
4403.4,100.7,19.9558
4404.41,100.97,19.9557
4405.41,100.5,19.9557
4406.41,101.06,19.9557
4407.41,100.5,19.9557
4408.41,100.9,19.9558
4409.41,101.22,19.9559
4410.41,100.67,19.9559
4411.42,100.68,19.9559
4412.42,106.06,19.9559
4413.42,100.76,19.956
4414.42,100.75,19.9559
4415.42,101.13,19.9558
4416.42,100.59,19.9559
4417.42,100.47,19.9558
4418.43,101.13,19.9558
4419.43,101.24,19.9562
4420.43,100.67,19.956
4421.43,100.76,19.9559
4422.43,101.0,19.9559
4423.43,100.78,19.956
4424.43,100.71,19.9561
4425.43,100.91,19.956
4426.43,100.62,19.9561
4427.44,100.64,19.956
4428.44,100.68,19.956
4429.44,101.15,19.9561
4430.44,100.65,19.956
4431.44,101.42,19.9561
4432.44,100.5,19.956
4433.44,100.55,19.9561
4434.45,101.05,19.9561
4435.45,100.51,19.956
4436.45,100.69,19.956
4437.45,101.09,19.956
4438.45,100.58,19.956
4439.45,100.74,19.9561
4440.45,101.03,19.9561
4441.46,100.48,19.9561
4442.46,101.88,19.9562
4443.46,104.92,19.9562
4444.46,100.72,19.9562
4445.46,101.79,19.9561
4446.46,110.86,19.9561
4447.46,100.66,19.9561
4448.47,101.08,19.9561
4449.47,100.75,19.9561
4450.47,100.65,19.9562
4451.47,101.08,19.9562
4452.47,100.68,19.9562
4453.47,101.35,19.9563
4454.47,100.65,19.9562
4455.48,100.69,19.9562
4456.48,101.17,19.9563
4457.48,100.64,19.9563
4458.48,100.63,19.9563
4459.48,100.84,19.9562
4460.48,101.06,19.9562
4461.48,100.69,19.9562
4462.49,101.09,19.9562
4463.49,100.73,19.9562
4464.49,100.75,19.9562
4465.49,101.07,19.9562
4466.49,100.84,19.9564
4467.49,100.6,19.9564
4468.49,101.05,19.9564
4469.5,100.69,19.9566
4470.5,100.67,19.9566
4471.5,101.05,19.9566
4472.5,100.7,19.9566
4473.5,101.13,19.9567
4474.5,100.59,19.9565
4475.5,101.76,19.9565
4476.51,100.96,19.9565
4477.51,100.67,19.9567
4478.51,100.47,19.9566
4479.51,100.95,19.9566
4480.51,100.5,19.9566
4481.51,101.1,19.9566
4482.51,100.63,19.9566
4483.52,100.91,19.9566
4484.52,101.13,19.9566
4485.52,100.69,19.9566
4486.52,100.66,19.9566
4487.52,101.07,19.9566
4488.52,100.75,19.9568
4489.52,100.86,19.9569
4490.53,101.1,19.9568
4491.53,100.63,19.9567
4492.53,100.64,19.9567
4493.53,101.15,19.9567
4494.53,100.74,19.9568
4495.53,101.02,19.9568
4496.54,100.72,19.9568
4497.54,100.65,19.9567
4498.54,101.09,19.9567
4499.54,100.73,19.9566
4500.54,101.59,19.9575
4501.54,100.69,19.9573
4502.54,100.68,19.9573
4503.55,101.15,19.9573
4504.55,100.71,19.9574
4505.55,101.1,19.9574
4506.55,100.61,19.9574
4507.55,100.66,19.9574
4508.55,101.08,19.9574
4509.56,100.66,19.9574
4510.56,100.49,19.9574
4511.56,101.04,19.9574
4512.56,100.68,19.9574
4513.56,100.96,19.9574
4514.56,100.52,19.9575
4515.56,100.49,19.9575
4516.57,101.08,19.9575
4517.57,100.57,19.9575
4518.57,100.7,19.9575
4519.57,101.1,19.9575
4520.57,100.68,19.9575
4521.57,100.71,19.9575
4522.57,101.05,19.9575
4523.58,100.85,19.959
4524.58,101.02,19.9591
4525.58,100.49,19.9591
4526.58,100.5,19.9591
4527.58,100.96,19.9591
4528.58,100.62,19.9591
4529.58,100.55,19.959
4530.59,100.9,19.959
4531.59,100.53,19.959
4532.59,100.73,19.9591
4533.59,101.03,19.9591
4534.59,100.71,19.9593
4535.59,100.51,19.9592
4536.59,100.89,19.9592
4537.6,100.49,19.9591
4538.6,100.71,19.9591
4539.6,101.03,19.9591
4540.6,100.45,19.9591
4541.6,100.92,19.9591
4542.6,100.47,19.9591
4543.6,100.79,19.9592
4544.61,101.04,19.9592
4545.61,100.45,19.9591
4546.61,100.78,19.9602
4547.61,101.01,19.9601
4548.61,100.67,19.9601
4549.61,100.65,19.9602
4550.61,101.08,19.9601
4551.62,100.69,19.9601
4552.62,101.09,19.9601
4553.62,100.83,19.9601
4554.62,100.7,19.9601
4555.62,101.11,19.9601
4556.62,100.72,19.9601
4557.62,100.69,19.9601
4558.63,101.35,19.9602
4559.63,100.71,19.9603
4560.63,101.08,19.9603
4561.63,100.58,19.9603
4562.63,100.64,19.9603
4563.63,101.21,19.9604
4564.64,100.72,19.9604
4565.64,101.03,19.9603
4566.64,100.64,19.9603
4567.64,100.66,19.9603
4568.64,101.15,19.9606
4569.64,100.88,19.9613
4570.64,100.76,19.9615
4571.65,101.14,19.9614
4572.65,100.6,19.9612
4573.65,105.12,19.9614
4574.65,100.97,19.9613
4575.65,100.47,19.9613
4576.65,100.9,19.9613
4577.65,100.66,19.9613
4578.66,100.7,19.9613
4579.66,101.08,19.9613
4580.66,101.12,19.9614
4581.66,100.66,19.9614
4582.66,101.06,19.9614
4583.66,100.76,19.9615
4584.67,101.06,19.9616
4585.67,100.69,19.9615
4586.67,100.76,19.9615
4587.67,101.1,19.9615
4588.67,100.66,19.9615
4589.67,100.73,19.9614
4590.67,101.11,19.9614
4591.68,100.7,19.9614
4592.68,100.93,19.962
4593.68,101.18,19.9621
4594.68,100.77,19.9621
4595.68,100.68,19.9621
4596.68,101.05,19.9619
4597.68,100.71,19.9621
4598.69,101.14,19.9621
4599.69,100.68,19.9621
4600.69,100.73,19.962
4601.69,101.16,19.962
4602.69,100.65,19.962
4603.69,101.0,19.9622
4604.69,101.08,19.962
4605.7,100.54,19.962
4606.7,100.63,19.962
4607.7,101.07,19.962
4608.7,100.76,19.962
4609.7,101.1,19.9621
4610.7,100.68,19.9621
4611.7,100.66,19.9621
4612.71,101.07,19.9621
4613.71,100.73,19.9621
4614.71,101.08,19.9621
4615.71,100.93,19.9631
4616.71,100.66,19.963
4617.71,100.68,19.963
4618.71,101.15,19.963
4619.72,100.69,19.963
4620.72,101.09,19.963
4621.72,100.7,19.963
4622.72,100.68,19.963
4623.72,101.27,19.9631
4624.72,100.7,19.963
4625.72,100.71,19.963
4626.73,101.06,19.963
4627.73,100.68,19.963
4628.73,100.93,19.9632
4629.73,101.1,19.9632
4630.73,100.73,19.9632
4631.73,101.09,19.9632
4632.73,100.67,19.9632
4633.74,101.52,19.9632
4634.74,101.1,19.9633
4635.74,100.68,19.9633
4636.74,101.08,19.9633
4637.74,100.67,19.9633
4638.74,100.69,19.9633
4639.75,101.12,19.9633
4640.75,100.89,19.9637
4641.75,100.65,19.9638
4642.75,101.09,19.9638
4643.75,100.83,19.9639
4644.75,100.74,19.9639
4645.75,101.16,19.9638
4646.75,100.64,19.9638
4647.76,100.64,19.9638
4648.76,101.13,19.9639
4649.76,100.67,19.9638
4650.76,100.6,19.9638
4651.76,101.61,19.9642
4652.76,100.68,19.964
4653.77,101.19,19.9642
4654.77,100.71,19.9641
4655.77,100.7,19.9641
4656.77,101.08,19.9641
4657.77,100.65,19.9641
4658.77,101.13,19.9641
4659.77,100.69,19.9641
4660.78,100.73,19.9641
4661.78,101.06,19.9641
4662.78,100.74,19.9641
4663.78,101.08,19.9647
4664.78,100.62,19.9648
4665.78,100.87,19.9647
4666.78,100.46,19.9647
4667.79,101.02,19.9647
4668.79,100.71,19.9649
4669.79,100.66,19.9649
4670.79,101.16,19.9649
4671.79,100.68,19.9648
4672.79,100.72,19.9648
4673.79,101.15,19.9648
4674.79,100.69,19.9648
4675.8,100.86,19.9649
4676.8,101.12,19.9648
4677.8,100.68,19.9648
4678.8,100.71,19.9649
4679.8,101.17,19.9649
4680.8,100.72,19.9649
4681.8,100.73,19.9649
4682.8,100.67,19.9649
4683.81,101.24,19.965
4684.81,100.7,19.965
4685.81,101.12,19.9649
4686.81,100.67,19.9649
4687.81,100.65,19.9649
4688.81,101.27,19.965
4689.82,100.73,19.965
4690.82,100.75,19.965
4691.82,101.17,19.965
4692.82,100.65,19.965
4693.82,100.78,19.965
4694.82,101.17,19.965
4695.82,100.7,19.965
4696.82,100.67,19.9649
4697.83,101.11,19.9649
4698.83,100.7,19.965
4699.83,100.63,19.9651
4700.83,101.34,19.9652
4701.83,100.65,19.9651
4702.83,100.67,19.9651
4703.83,101.19,19.9651
4704.84,100.68,19.9651
4705.84,100.65,19.9651
4706.84,101.06,19.9651
4707.84,100.71,19.9652
4708.84,101.12,19.9651
4709.84,100.69,19.9651
4710.84,100.72,19.9651
4711.85,101.08,19.965
4712.85,100.84,19.9661
4713.85,100.79,19.966
4714.85,101.11,19.9661
4715.85,100.7,19.9661
4716.85,101.06,19.9661
4717.86,100.68,19.9661
4718.86,100.72,19.9663
4719.86,101.08,19.9661
4720.86,100.79,19.9662
4721.86,100.67,19.9661
4722.86,101.08,19.9662
4723.86,100.77,19.9662
4724.87,101.27,19.9663
4725.87,100.7,19.9663
4726.87,100.63,19.9663
4727.87,101.06,19.9663
4728.87,100.7,19.9663
4729.87,101.09,19.9663
4730.87,100.7,19.9663
4731.88,100.67,19.9663
4732.88,101.09,19.9663
4733.88,100.77,19.9665
4734.88,100.62,19.9664
4735.88,101.04,19.9664
4736.88,101.15,19.9664
4737.89,100.99,19.9664
4738.89,100.71,19.9664
4739.89,100.68,19.9664
4740.89,101.09,19.9664
4741.89,100.67,19.9664
4742.89,101.12,19.9664
4743.89,100.81,19.9665
4744.9,100.69,19.9664
4745.9,101.07,19.9664
4746.9,100.71,19.9664
4747.9,100.58,19.9665
4748.9,100.92,19.9665
4749.9,100.56,19.9665
4750.91,101.09,19.9665
4751.91,100.5,19.9665
4752.91,100.56,19.9665
4753.91,101.16,19.9664
4754.91,100.66,19.9664
4755.91,100.69,19.9664
4756.91,101.06,19.9664
4757.92,100.68,19.9664
4758.92,101.18,19.9666
4759.92,100.83,19.9667
4760.92,100.67,19.9666
4761.92,101.12,19.9665
4762.92,100.67,19.9665
4763.92,100.81,19.9665
4764.93,101.08,19.9665
4765.93,100.69,19.9665
4766.93,100.67,19.9665
4767.93,100.99,19.9665
4768.93,100.74,19.9665
4769.93,101.11,19.9665
4770.93,100.6,19.9665
4771.94,100.84,19.9666
4772.94,100.99,19.9666
4773.94,100.87,19.9667
4774.94,100.66,19.9666
4775.94,101.0,19.9666
4776.94,100.66,19.9667
4777.94,100.65,19.9667
4778.95,101.05,19.9668
4779.95,100.66,19.9667
4780.95,100.7,19.9667
4781.95,101.03,19.9667
4782.95,100.67,19.9667
4783.95,101.32,19.9669
4784.95,100.6,19.9667
4785.96,100.53,19.9667
4786.96,101.07,19.9667
4787.96,100.66,19.9668
4788.96,100.67,19.9668
4789.96,100.86,19.9668
4790.96,100.63,19.9668
4791.96,100.66,19.9668
4792.97,101.09,19.9668
4793.97,100.81,19.9668
4794.97,101.0,19.9667
4795.97,100.86,19.967
4796.97,100.68,19.9669
4797.97,101.01,19.9669
4798.98,101.72,19.9669
4799.98,100.66,19.9668
4800.98,101.04,19.9668
4801.98,100.64,19.9668
4802.98,101.08,19.9669
4803.98,100.82,19.9669
4804.98,100.69,19.9669
4805.99,101.05,19.9668
4806.99,101.11,19.967
4807.99,100.97,19.9669
4808.99,100.75,19.9669
4809.99,100.67,19.967
4810.99,101.13,19.9669
4811.99,100.67,19.9669
4813.0,100.7,19.9669
4814.0,101.21,19.9669
4815.0,100.66,19.9669
4816.0,100.66,19.9669
4817.0,101.1,19.9669
4818.0,100.68,19.9669
4819.0,100.87,19.9671
4820.01,101.08,19.9671
4821.01,100.69,19.967
4822.01,101.08,19.967
4823.01,100.67,19.967
4824.01,100.6,19.9671
4825.01,100.89,19.9672
4826.02,100.55,19.9672
4827.02,100.69,19.9672
4828.02,100.88,19.9672
4829.02,100.62,19.9672
4830.02,101.06,19.9672
4831.02,100.64,19.9681
4832.02,100.48,19.9681
4833.03,101.01,19.9681
4834.03,100.84,19.9682
4835.03,101.07,19.968
4836.03,100.64,19.9681
4837.03,100.52,19.9681
4838.03,101.05,19.9681
4839.04,100.75,19.9681
4840.04,100.5,19.9681
4841.04,101.11,19.9681
4842.04,100.61,19.9681
4843.04,101.27,19.9683
4844.04,100.81,19.9683
4845.04,100.68,19.9682
4846.05,101.07,19.9681
4847.05,100.68,19.9681
4848.05,100.72,19.9681
4849.05,101.12,19.9681
4850.05,100.66,19.9681
4851.05,100.54,19.9681
4852.05,100.83,19.9681
4853.06,100.48,19.9681
4854.06,101.08,19.9683
4855.06,100.66,19.9682
4856.06,100.69,19.9684
4857.06,101.07,19.9683
4858.06,100.41,19.9683
4859.07,100.94,19.9682
4860.07,100.49,19.9682
4861.07,100.49,19.9683
4862.07,100.88,19.9682
4863.07,100.61,19.9682
4864.07,100.65,19.9684
4865.07,101.1,19.9682
4866.08,100.63,19.9682
4867.08,101.09,19.9682
4868.08,100.8,19.9684
4869.08,100.76,19.9683
4870.08,101.11,19.9684
4871.08,100.71,19.9684
4872.08,100.7,19.9683
4873.09,100.91,19.9683
4874.09,100.79,19.9684
4875.09,100.68,19.9683
4876.09,101.12,19.9684
4877.09,100.65,19.9684
4878.09,100.47,19.9683
4879.09,100.92,19.9684
4880.1,100.7,19.9684
4881.1,100.49,19.9684
4882.1,100.87,19.9684
4883.1,100.57,19.9685
4884.1,101.17,19.9684
4885.1,100.63,19.9684
4886.1,100.78,19.9685
4887.1,100.67,19.9684
4888.11,100.99,19.9685
4889.11,100.74,19.9684
4890.11,101.07,19.9684
4891.11,100.53,19.9684
4892.11,101.08,19.9686
4893.11,101.05,19.9686
4894.12,100.83,19.9686
4895.12,100.73,19.9685
4896.12,101.09,19.9685
4897.12,100.69,19.9685
4898.12,101.03,19.9685
4899.12,100.63,19.9686
4900.12,100.7,19.9686
4901.13,101.03,19.9685
4902.13,100.57,19.9685
4903.13,100.59,19.9685
4904.13,101.31,19.9688
4905.13,100.66,19.9688
4906.13,101.06,19.9687
4907.13,100.63,19.9687
4908.14,100.67,19.9686
4909.14,101.05,19.9687
4910.14,100.73,19.9686
4911.14,100.65,19.9686
4912.14,101.0,19.9686
4913.14,100.48,19.9686
4914.15,101.01,19.9688
4915.15,100.64,19.9687
4916.15,100.47,19.9687
4917.15,101.01,19.9689
4918.15,100.47,19.9688
4919.15,100.99,19.9689
4920.15,100.64,19.9688
4921.16,100.65,19.9687
4922.16,101.04,19.9687
4923.16,100.69,19.9688
4924.16,100.78,19.9689
4925.16,101.06,19.9687
4926.16,100.66,19.9687
4927.16,100.46,19.9687
4928.17,101.03,19.9687
4929.17,100.84,19.9688
4930.17,100.96,19.9688
4931.17,100.65,19.9688
4932.17,100.64,19.9688
4933.17,101.19,19.9689
4934.17,100.73,19.9689
4935.18,100.67,19.9688
4936.18,101.13,19.9689
4937.18,100.63,19.9688
4938.18,100.64,19.9688
4939.18,150.85,17.2872
4940.18,348.94,13.3284
4941.18,323.19,13.4979
4942.18,355.8,13.848
4943.19,323.35,14.2029
4944.19,307.39,14.5739
4945.19,303.14,14.9882
4946.19,306.2,15.3995
4947.19,307.06,15.7941
4948.19,318.73,16.2302
4949.19,278.96,16.6699
4950.2,143.88,17.1944
4951.2,122.72,17.7547
4952.2,153.55,18.159
4953.2,109.38,18.2593
4954.2,102.71,18.2594
4955.2,104.25,18.2594
4956.2,100.54,18.2594
4957.21,103.31,18.2594
4958.21,100.47,18.2594
4959.21,100.52,18.2594
4960.21,126.24,18.4287
4961.21,100.71,18.4286
4962.21,117.36,18.4286
4963.21,110.31,18.4287
4964.22,110.71,18.4288
4965.22,101.41,18.4289
4966.22,101.7,18.4287
4967.22,100.9,18.4287
4968.22,127.09,18.4294
4969.22,100.69,18.4295
4970.23,101.01,18.4295
4971.23,100.68,18.4295
4972.23,100.73,18.4295
4973.23,101.14,18.4296
4974.23,100.72,18.4296
4975.23,122.77,18.4297
4976.23,100.67,18.4297
4977.24,100.66,18.4297
4978.24,101.08,18.4296
4979.24,100.72,18.4297
4980.24,100.7,18.4297
4981.24,101.08,18.4297
4982.24,100.71,18.4297
4983.25,120.81,18.4298
4984.25,100.74,18.4298
4985.25,100.65,18.4297
4986.25,101.17,18.4297
4987.25,100.73,18.4297
4988.25,100.71,18.4297
4989.25,101.17,18.4298
4990.26,109.65,18.473
4991.26,115.12,18.5505
4992.26,101.1,18.5506
4993.26,100.79,18.5507
4994.26,101.12,18.5507
4995.26,103.25,18.5507
4996.26,104.37,18.5506
4997.27,101.08,18.5506
4998.27,100.68,18.7038
4999.27,100.73,19.253
5000.27,101.14,19.7018
5001.27,148.2,19.8237
5002.27,101.11,19.8237
5003.27,100.71,19.8239
5004.28,100.93,19.8237
5005.28,101.06,19.8237
5006.28,100.57,19.8239
5007.28,100.9,19.8237
5008.28,101.54,19.8237
5009.28,100.71,19.8238
5010.29,101.4,19.8238
5011.29,100.7,19.8238
5012.29,100.65,19.8238
5013.29,101.06,19.8239
5014.29,100.57,19.8238
5015.29,100.69,19.8238
5016.29,101.1,19.824
5017.3,100.72,19.824
5018.3,101.13,19.824
5019.3,100.72,19.8238
5020.3,101.24,19.8238
5021.3,101.16,19.8238
5022.3,100.69,19.8238
5023.3,100.77,19.8239
5024.31,100.96,19.8238
5025.31,100.52,19.8238
5026.31,100.74,19.8238
5027.31,101.12,19.8238
5028.31,100.53,19.8238
5029.31,101.31,19.8242
5030.31,100.54,19.8241
5031.32,100.51,19.824
5032.32,100.91,19.8241
5033.32,100.59,19.8241
5034.32,100.97,19.824
5035.32,100.53,19.824
5036.32,100.51,19.824
5037.33,100.88,19.824
5038.33,100.66,19.8241
5039.33,100.62,19.8243
5040.33,100.91,19.8242
5041.33,100.56,19.8242
5042.33,101.12,19.8242
5043.33,100.77,19.8241
5044.34,100.65,19.8242
5045.34,101.13,19.8242
5046.34,100.72,19.8241
5047.34,100.85,19.8243
5048.34,101.1,19.8243
5049.34,100.73,19.8241
5050.34,100.7,19.8241
5051.35,101.07,19.8243
5052.35,100.67,19.8242
5053.35,100.79,19.8243
5054.35,101.13,19.8243
5055.35,100.64,19.8243
5056.35,101.24,19.8244
5057.35,100.67,19.8244
5058.36,100.71,19.8242
5059.36,101.17,19.8243
5060.36,100.71,19.8242
5061.36,100.71,19.8242
5062.36,101.1,19.8242
5063.36,100.78,19.8242
5064.37,101.16,19.8243
5065.37,100.72,19.8243
5066.37,100.8,19.8245
5067.37,101.11,19.8244
5068.37,100.56,19.8244
5069.37,100.71,19.8244
5070.37,101.13,19.8244
5071.37,100.51,19.8244
5072.38,100.59,19.8244
5073.38,101.14,19.8245
5074.38,100.74,19.8246
5075.38,100.64,19.8245
5076.38,101.2,19.8246
5077.38,100.64,19.8246
5078.39,101.05,19.8246
5079.39,100.72,19.8246
5080.39,100.61,19.8245
5081.39,101.12,19.8245
5082.39,100.74,19.8245
5083.39,100.65,19.8244
5084.39,101.75,19.8247
5085.39,100.64,19.8246
5086.4,100.56,19.8245
5087.4,101.06,19.8245
5088.4,100.69,19.8245
5089.4,100.65,19.8245
5090.4,100.94,19.8245
5091.4,100.59,19.8245
5092.4,100.61,19.8245
5093.41,101.09,19.8245
5094.41,100.91,19.8247
5095.41,101.14,19.8245
5096.41,100.7,19.8246
5097.41,100.87,19.8246
5098.41,101.03,19.8246
5099.41,100.73,19.8246
5100.42,100.7,19.8246
5101.42,101.08,19.8246
5102.42,100.71,19.8246
5103.42,100.93,19.8246
5104.42,101.14,19.8247
5105.42,100.62,19.8246
5106.43,100.91,19.8246
5107.43,100.45,19.8246
5108.43,100.47,19.8246
5109.43,100.95,19.8245
5110.43,100.63,19.8246
5111.43,101.09,19.8246
5112.43,100.73,19.8246
5113.44,100.76,19.8247
5114.44,101.14,19.8247
5115.44,100.6,19.8247
5116.44,100.65,19.8247
5117.44,101.04,19.8247
5118.44,100.57,19.8247
5119.44,100.95,19.8248
5120.45,101.08,19.8247
5121.45,100.65,19.8249
5122.45,100.87,19.8249
5123.45,101.85,19.8249
5124.45,100.85,19.8249
5125.45,101.06,19.8248
5126.45,100.51,19.8248
5127.46,100.5,19.8248
5128.46,100.89,19.8248
5129.46,100.51,19.8248
5130.46,100.67,19.8251
5131.46,101.15,19.8249
5132.46,100.73,19.8249
5133.47,100.98,19.8249
5134.47,100.74,19.8251
5135.47,100.56,19.8249
5136.47,100.99,19.8249
5137.47,100.5,19.8248
5138.47,116.53,19.825
5139.47,104.9,19.8249
5140.48,100.72,19.8249
5141.48,101.14,19.8249
5142.48,100.89,19.825
5143.48,100.76,19.8252
5144.48,101.1,19.8251
5145.48,100.63,19.825
5146.48,100.53,19.825
5147.49,100.99,19.825
5148.49,100.66,19.825
5149.49,101.11,19.825
5150.49,100.66,19.825
5151.49,100.65,19.825
5152.49,101.04,19.825
5153.5,101.27,19.8261
5154.5,100.63,19.826
5155.5,100.91,19.826
5156.5,100.46,19.826
5157.5,100.85,19.826
5158.5,100.49,19.826
5159.5,100.63,19.8261
5160.51,101.15,19.8261
5161.51,100.67,19.8261
5162.51,100.56,19.8261
5163.51,101.16,19.8261
5164.51,101.24,19.8261
5165.51,100.65,19.8261
5166.51,101.1,19.8261
5167.52,100.66,19.8261
5168.52,100.58,19.8261
5169.52,100.93,19.8261
5170.52,100.48,19.8261
5171.52,101.05,19.8261
5172.52,101.31,19.8261
5173.52,100.72,19.8261
5174.53,101.13,19.8263
5175.53,100.84,19.8546
5176.53,100.64,19.8545
5177.53,101.03,19.8545
5178.53,100.49,19.8545
5179.53,100.95,19.8545
5180.53,100.64,19.8545
5181.54,100.67,19.8545
5182.54,101.09,19.8545
5183.54,100.74,19.8545
5184.54,100.71,19.8546
5185.54,101.08,19.8546
5186.54,100.87,19.8547
5187.55,101.1,19.8547
5188.55,100.65,19.8546
5189.55,100.71,19.8546
5190.55,101.13,19.8546
5191.55,100.69,19.8546
5192.55,100.71,19.8546
5193.55,101.3,19.8546
5194.56,100.71,19.8546
5195.56,100.67,19.8546
5196.56,101.07,19.8546
5197.56,100.72,19.8546
5198.56,100.88,19.8817
5199.56,101.11,19.8817
5200.56,100.65,19.8818
5201.57,101.09,19.8817
5202.57,100.67,19.8818
5203.57,100.74,19.8817
5204.57,101.25,19.8817
5205.57,100.67,19.8817
5206.57,100.66,19.8817
5207.57,102.34,19.8817
5208.57,100.53,19.8818
5209.58,100.85,19.8819
5210.58,100.94,19.8819
5211.58,100.66,19.8819
5212.58,100.76,19.8819
5213.58,101.07,19.8818
5214.58,100.47,19.8818
5215.58,100.56,19.8819
5216.59,101.16,19.8819
5217.59,100.66,19.8819
5218.59,100.72,19.8819
5219.59,101.09,19.8819
5220.59,100.68,19.8819
5221.59,100.95,19.9072
5222.59,100.7,19.9073
5223.59,101.27,19.9073
5224.59,100.69,19.9074
5225.6,100.68,19.9074
5226.6,101.08,19.9073
5227.6,100.69,19.9073
5228.6,100.73,19.9073
5229.6,101.07,19.9073
5230.6,100.62,19.9073
5231.61,101.73,19.9073
5232.61,100.71,19.9073
5233.61,100.79,19.9074
5234.61,101.09,19.9073
5235.61,100.68,19.9073
5236.61,101.12,19.9073
5237.61,100.58,19.9073
5238.62,100.72,19.9075
5239.62,101.07,19.9075
5240.62,100.66,19.9074
5241.62,100.63,19.93
5242.62,101.22,19.9302
5243.62,100.73,19.9304
5244.63,100.98,19.9304
5245.63,100.72,19.9303
5246.63,100.69,19.9303
5247.63,100.66,19.9303
5248.63,101.07,19.9303
5249.63,100.58,19.9303
5250.63,101.05,19.9303
5251.63,100.67,19.9303
5252.64,101.02,19.9305
5253.64,101.0,19.9303
5254.64,100.71,19.9304
5255.64,101.07,19.9304
5256.64,100.64,19.9305
5257.64,100.64,19.9305
5258.65,101.13,19.9305
5259.65,100.61,19.9304
5260.65,100.7,19.9304
5261.65,101.02,19.9304
5262.65,100.52,19.9304
5263.65,100.79,19.9305
5264.65,101.24,19.9512
5265.66,100.66,19.951
5266.66,101.09,19.951
5267.66,100.68,19.951
5268.66,100.74,19.951
5269.66,101.07,19.951
5270.66,100.64,19.951
5271.66,100.66,19.951
5272.67,101.08,19.951
5273.67,100.77,19.9511
5274.67,101.07,19.951
5275.67,100.48,19.951
5276.67,100.67,19.9511
5277.67,101.16,19.951
5278.67,100.73,19.951
5279.68,100.69,19.951
5280.68,100.85,19.951
5281.68,100.47,19.9511
5282.68,100.47,19.951
5283.68,101.12,19.9511
5284.68,100.72,19.951
5285.69,101.08,19.951
5286.69,100.6,19.951
5287.69,103.12,19.9576
5288.69,101.19,19.9574
5289.69,100.68,19.9574
5290.69,101.12,19.9574
5291.69,100.66,19.9574
5292.7,100.66,19.9574
5293.7,101.17,19.9574
5294.7,100.7,19.9574
5295.7,100.68,19.9574
5296.7,101.07,19.9574
5297.7,100.6,19.9574
5298.71,101.11,19.9576
5299.71,100.84,19.9577
5300.71,100.69,19.9577
5301.71,101.05,19.9577
5302.71,100.54,19.9577
5303.71,100.69,19.9576
5304.71,101.09,19.9575
5305.72,100.67,19.9575
5306.72,100.91,19.9575
5307.72,100.45,19.9575
5308.72,100.53,19.9575
5309.72,100.9,19.9575
5310.72,101.08,19.9578
5311.72,100.42,19.9577
5312.72,100.44,19.9576
5313.73,100.97,19.9577
5314.73,100.54,19.9576
5315.73,100.72,19.9576
5316.73,101.05,19.9576
5317.73,100.54,19.9576
5318.73,100.53,19.9577
5319.73,100.87,19.9576
5320.74,100.51,19.9576
5321.74,101.0,19.9576
5322.74,100.79,19.9577
5323.74,100.66,19.9578
5324.74,100.88,19.9578
5325.74,100.48,19.9578
5326.74,100.48,19.9578
5327.75,100.94,19.9578
5328.75,100.63,19.9578
5329.75,100.9,19.9578
5330.75,100.54,19.9578
5331.75,100.67,19.9578
5332.75,100.89,19.9578
5333.76,100.8,19.9578
5334.76,101.05,19.9578
5335.76,100.48,19.9578
5336.76,100.54,19.9579
5337.76,100.58,19.9578
5338.76,101.04,19.958
5339.76,100.65,19.958
5340.77,101.1,19.958
5341.77,100.65,19.958
5342.77,100.66,19.958
5343.77,101.04,19.958
5344.77,100.48,19.9579
5345.77,100.55,19.9579
5346.77,101.19,19.9579
5347.78,100.61,19.9579
5348.78,101.06,19.9579
5349.78,100.47,19.9579
5350.78,100.8,19.9579
5351.78,101.06,19.9579
5352.78,100.43,19.9579
5353.78,100.77,19.958
5354.79,101.17,19.958
5355.79,100.7,19.958
5356.79,100.64,19.958
5357.79,101.24,19.958
5358.79,100.58,19.9581
5359.79,100.56,19.958
5360.79,101.02,19.958
5361.8,100.68,19.958
5362.8,101.08,19.958
5363.8,100.64,19.9581
5364.8,100.49,19.958
5365.8,101.04,19.958
5366.8,100.65,19.958
5367.8,100.62,19.958
5368.81,101.12,19.9581
5369.81,100.8,19.9581
5370.81,100.68,19.9581
5371.81,101.07,19.9581
5372.81,100.67,19.9581
5373.81,100.77,19.9582
5374.81,101.01,19.9581
5375.82,101.03,19.9582
5376.82,101.07,19.9581
5377.82,100.65,19.9581
5378.82,100.7,19.9581
5379.82,101.06,19.9581
5380.82,101.23,19.9583
5381.82,100.59,19.9581
5382.83,101.05,19.9581
5383.83,100.74,19.9582
5384.83,101.06,19.9582
5385.83,100.64,19.9582
5386.83,100.57,19.9582
5387.83,101.09,19.9582
5388.84,100.72,19.9582
5389.84,100.6,19.9582
5390.84,101.16,19.9582
5391.84,100.71,19.9582
5392.84,100.89,19.9582
5393.84,100.58,19.9585
5394.84,100.54,19.9584
5395.85,100.92,19.9584
5396.85,100.47,19.9584
5397.85,100.88,19.9585
5398.85,100.5,19.9585
5399.85,100.47,19.9584
5400.85,100.85,19.9583
5401.86,100.56,19.9583
5402.86,100.79,19.9584
5403.86,101.1,19.9585
5404.86,100.66,19.9583
5405.86,101.07,19.9583
5406.86,100.63,19.9583
5407.86,100.61,19.9583
5408.87,101.01,19.9582
5409.87,100.49,19.9584
5410.87,100.51,19.9584
5411.87,100.89,19.9584
5412.87,100.5,19.9585
5413.87,100.86,19.9586
5414.87,100.88,19.9584
5415.88,100.61,19.9585
5416.88,100.99,19.9584
5417.88,100.68,19.9584
5418.88,100.7,19.9585
5419.88,101.05,19.9586
5420.88,100.66,19.9584
5421.88,100.67,19.9584
5422.89,101.1,19.9584
5423.89,100.77,19.9587
5424.89,101.13,19.9586
5425.89,100.8,19.9586
5426.89,100.68,19.9587
5427.89,101.15,19.9586
5428.89,100.72,19.9586
5429.9,100.67,19.9585
5430.9,101.17,19.9585
5431.9,100.67,19.9586
5432.9,100.7,19.9585
5433.9,101.26,19.9588
5434.9,100.66,19.9587
5435.9,100.52,19.9585
5436.91,100.96,19.9585
5437.91,100.79,19.9588
5438.91,100.71,19.9587
5439.91,101.06,19.9586
5440.91,100.72,19.9586
5441.91,101.06,19.9587
5442.91,100.7,19.9586
5443.92,100.76,19.9587
5444.92,101.09,19.9586
5445.92,100.74,19.9587
5446.92,100.66,19.9587
5447.92,101.1,19.9587
5448.92,100.72,19.9586
5449.92,100.83,19.9587
5450.93,100.99,19.9587
5451.93,100.65,19.9587
5452.93,101.01,19.9587
5453.93,100.79,19.9588
5454.93,100.65,19.9587
5455.93,101.06,19.9587
5456.94,100.67,19.9587
5457.94,101.09,19.9587
5458.94,100.7,19.9587
5459.94,100.52,19.9587
5460.94,101.62,19.959
5461.94,100.64,19.9589
5462.94,100.67,19.9589
5463.95,101.17,19.9588
5464.95,100.67,19.9588
5465.95,101.06,19.9588
5466.95,100.65,19.9588
5467.95,100.6,19.9588
5468.95,101.22,19.9589
5469.95,100.74,19.9588
5470.96,100.73,19.9588
5471.96,100.58,19.9588
5472.96,101.21,19.9589
5473.96,100.76,19.9589
5474.96,101.08,19.9588
5475.96,100.65,19.9588
5476.96,100.47,19.9588
5477.97,100.97,19.9588
5478.97,100.53,19.9588
5479.97,100.6,19.9588
5480.97,101.01,19.9589
5481.97,100.66,19.9589
5482.97,101.03,19.9589
5483.97,100.89,19.959
5484.98,100.7,19.9589
5485.98,101.06,19.9589
5486.98,100.65,19.9589
5487.98,101.03,19.9589
5488.98,100.65,19.9589
5489.98,100.44,19.9589
5490.99,100.98,19.9589
5491.99,100.61,19.9589
5492.99,100.66,19.9591
5493.99,101.18,19.9591
5494.99,100.67,19.9591
5495.99,100.87,19.9591
5496.99,101.11,19.959
5497.99,100.65,19.959
5499.0,100.75,19.9591
5500.0,101.11,19.959
5501.0,100.71,19.9591
5502.0,100.67,19.9591
5503.0,101.13,19.9591
5504.0,100.68,19.959
5505.0,100.65,19.959
5506.01,100.89,19.959
5507.01,100.48,19.959
5508.01,100.63,19.959
5509.01,101.08,19.959
5510.01,100.77,19.9592
5511.01,100.65,19.9592
5512.01,101.07,19.9592
5513.01,100.63,19.9591
5514.02,100.6,19.9593
5515.02,101.02,19.9593
5516.02,100.71,19.9592
5517.02,100.65,19.9592
5518.02,101.06,19.9592
5519.02,100.71,19.9591
5520.02,100.81,19.9592
5521.03,101.06,19.9594
5522.03,100.67,19.9592
5523.03,101.06,19.9592
5524.03,100.74,19.9593
5525.03,100.69,19.9593
5526.03,101.02,19.9593
5527.04,100.46,19.9594
5528.04,100.45,19.9592
5529.04,101.06,19.9593
5530.04,100.57,19.9594
5531.04,101.73,19.9594
5532.04,100.56,19.9594
5533.04,100.52,19.9592
5534.05,101.96,19.9593
5535.05,100.45,19.9593
5536.05,100.69,19.9593
5537.05,101.06,19.9593
5538.05,100.65,19.9593
5539.05,100.64,19.9593
5540.05,101.15,19.9593
5541.06,100.8,19.9594
5542.06,101.06,19.9594
5543.06,100.66,19.9593
5544.06,100.74,19.9594
5545.06,100.92,19.9593
5546.06,100.7,19.9593
5547.07,101.06,19.9593
5548.07,100.68,19.9593
5549.07,100.54,19.9594
5550.07,101.02,19.9594
5551.07,100.59,19.9594
5552.07,100.46,19.9595
5553.07,101.12,19.9596
5554.08,100.68,19.9595
5555.08,101.02,19.9595
5556.08,100.69,19.9595
5557.08,100.69,19.9595
5558.08,101.1,19.9595
5559.08,100.75,19.9597
5560.08,100.6,19.9596
5561.09,101.03,19.9596
5562.09,100.53,19.9596
5563.09,100.47,19.9596
5564.09,101.24,19.9596
5565.09,100.55,19.9596
5566.09,100.69,19.9596
5567.09,101.14,19.9596
5568.09,100.68,19.9596
5569.1,100.72,19.9596
5570.1,100.98,19.9596
5571.1,100.61,19.9595
5572.1,100.45,19.9595
5573.1,100.85,19.9595
5574.1,100.6,19.9596
5575.11,101.01,19.9595
5576.11,100.81,19.9597
5577.11,100.55,19.9596
5578.11,101.06,19.9596
5579.11,100.68,19.9596
5580.11,101.03,19.9596
5581.11,100.66,19.9597
5582.12,100.62,19.9596
5583.12,101.05,19.9596
5584.12,100.77,19.9597
5585.12,100.67,19.9598
5586.12,101.09,19.9598
5587.12,100.82,19.9598
5588.13,100.93,19.9597
5589.13,100.71,19.9597
5590.13,100.61,19.9597
5591.13,101.13,19.9597
5592.13,100.66,19.9597
5593.13,101.03,19.9597
5594.13,100.73,19.9598
5595.14,100.69,19.9597
5596.14,101.08,19.9598
5597.14,100.68,19.9597
5598.14,100.59,19.9597
5599.14,101.34,19.9599
5600.14,100.69,19.9599
5601.14,100.67,19.9598
5602.15,101.13,19.9598
5603.15,100.66,19.9599
5604.15,100.78,19.9598
5605.15,101.06,19.9598
5606.15,100.66,19.9598
5607.15,100.66,19.9598
5608.15,101.04,19.9598
5609.16,100.67,19.9598
5610.16,101.22,19.9601
5611.16,101.03,19.9601
5612.16,100.66,19.9599
5613.16,101.14,19.96
5614.16,100.68,19.9599
5615.16,100.97,19.9599
5616.17,100.63,19.9599
5617.17,100.74,19.96
5618.17,101.11,19.9599
5619.17,100.69,19.9599
5620.17,100.65,19.9599
5621.17,100.88,19.9599
5622.18,100.7,19.9599
5623.18,100.69,19.9601
5624.18,101.37,19.9599
5625.18,100.65,19.96
5626.18,101.09,19.96
5627.18,100.68,19.96
5628.18,100.68,19.96
5629.19,101.13,19.96
5630.19,100.73,19.96
5631.19,100.59,19.96
5632.19,100.64,19.9601
5633.19,101.34,19.9617
5634.19,100.68,19.9616
5635.19,101.05,19.9616
5636.19,100.63,19.9616
5637.2,100.6,19.9616
5638.2,101.07,19.9616
5639.2,100.68,19.9619
5640.2,100.62,19.9617
5641.2,101.04,19.9617
5642.2,100.62,19.9617
5643.2,100.7,19.9618
5644.21,101.07,19.9618
5645.21,100.67,19.9618
5646.21,101.07,19.9618
5647.21,100.66,19.9617
5648.21,100.45,19.9617
5649.21,100.87,19.9618
5650.22,100.43,19.9618
5651.22,100.48,19.9618
5652.22,100.93,19.9618
5653.22,100.55,19.9618
5654.22,100.51,19.9619
5655.22,100.93,19.9618
5656.22,100.56,19.9618
5657.22,100.81,19.9634
5658.23,101.06,19.9633
5659.23,100.72,19.9632
5660.23,100.62,19.9632
5661.23,100.93,19.9634
5662.23,100.51,19.9632
5663.23,100.75,19.9633
5664.23,101.09,19.9632
5665.24,100.68,19.9632
5666.24,100.92,19.9632
5667.24,100.67,19.9632
5668.24,100.7,19.9632
5669.24,101.12,19.9633
5670.24,100.65,19.9633
5671.24,100.67,19.9632
5672.25,101.06,19.9632
5673.25,100.58,19.9633
5674.25,101.05,19.9632
5675.25,100.68,19.9632
5676.25,100.62,19.9633
5677.25,100.85,19.9632
5678.26,100.46,19.9632
5679.26,100.51,19.9632
5680.26,101.48,19.9647
5681.26,100.87,19.9646
5682.26,101.01,19.9646
5683.26,100.66,19.9646
5684.27,101.1,19.9646
5685.27,100.69,19.9646
5686.27,100.67,19.9646
5687.27,101.1,19.9646
5688.27,100.7,19.9646
5689.27,100.73,19.9646
5690.27,101.06,19.9646
5691.28,101.18,19.9649
5692.28,101.06,19.9647
5693.28,100.75,19.9649
5694.28,100.73,19.9648
5695.28,101.08,19.9648
5696.28,100.64,19.9648
5697.28,100.61,19.9648
5698.29,101.0,19.9648
5699.29,100.69,19.9648
5700.29,101.03,19.9648
5701.29,100.67,19.9648
5702.29,100.83,19.9659
5703.29,101.08,19.9659
5704.29,100.74,19.966
5705.3,100.67,19.966
5706.3,101.1,19.966
5707.3,100.64,19.9658
5708.3,100.68,19.9658
5709.3,101.19,19.9659
5710.3,100.67,19.9659
5711.3,100.85,19.9659
5712.31,101.05,19.966
5713.31,100.9,19.9661
5714.31,100.71,19.966
5715.31,101.06,19.9659
5716.31,100.67,19.9659
5717.31,101.04,19.9659
5718.31,100.66,19.9659
5719.32,100.72,19.9661
5720.32,101.1,19.9661
5721.32,100.68,19.9661
5722.32,100.67,19.9661
5723.32,101.14,19.9661
5724.32,100.74,19.9661
5725.32,100.82,19.9671
5726.33,101.03,19.9669
5727.33,100.65,19.967
5728.33,101.09,19.967
5729.33,100.75,19.967
5730.33,100.66,19.9669
5731.33,101.07,19.9669
5732.34,100.66,19.9669
5733.34,101.14,19.967
5734.34,100.72,19.9672
5735.34,100.66,19.9672
5736.34,101.03,19.9671
5737.34,100.81,19.9671
5738.34,100.6,19.9671
5739.35,100.99,19.9671
5740.35,100.64,19.967
5741.35,101.03,19.967
5742.35,100.66,19.967
5743.35,100.74,19.967
5744.35,101.1,19.9671
5745.36,100.69,19.967
5746.36,101.03,19.967
5747.36,100.73,19.9672
5748.36,100.83,19.9678
5749.36,100.7,19.9678
5750.36,101.09,19.9678
5751.36,100.67,19.9678
5752.37,101.05,19.9677
5753.37,100.75,19.9676
5754.37,100.66,19.9676
5755.37,101.15,19.9676
5756.37,100.7,19.9677
5757.37,100.63,19.9676
5758.37,101.09,19.9676
5759.37,100.69,19.9676
5760.38,101.23,19.9677
5761.38,101.11,19.9677
5762.38,100.5,19.9677
5763.38,100.55,19.9677
5764.38,100.92,19.9677
5765.38,100.54,19.9677
5766.38,100.66,19.9677
5767.39,101.05,19.9677
5768.39,100.67,19.9677
5769.39,101.11,19.9677
5770.39,100.7,19.9678
5771.39,100.7,19.9677
5772.39,101.23,19.9687
5773.4,100.75,19.9688
5774.4,100.66,19.9688
5775.4,100.92,19.9688
5776.4,100.6,19.9688
5777.4,100.65,19.9688
5778.4,101.06,19.9689
5779.4,100.69,19.9688
5780.41,101.14,19.9688
5781.41,100.68,19.9688
5782.41,100.65,19.9688
5783.41,101.36,19.9688
5784.41,100.7,19.9688
5785.41,100.68,19.9689
5786.41,101.1,19.9688
5787.42,100.67,19.9688
5788.42,100.7,19.9688
5789.42,101.21,19.9688
5790.42,100.65,19.9688
5791.42,100.65,19.9688
5792.42,100.97,19.9688
5793.42,100.53,19.969
5794.42,100.57,19.9691
5795.43,101.26,19.9694
5796.43,100.53,19.9694
5797.43,101.01,19.9695
5798.43,100.46,19.9694
5799.43,100.58,19.9694
5800.43,100.95,19.9695
5801.43,100.72,19.9694
5802.44,100.68,19.9694
5803.44,101.09,19.9695
5804.44,100.96,19.9694
5805.44,101.05,19.9694
5806.44,100.66,19.9694
5807.44,100.8,19.9697
5808.45,101.1,19.9695
5809.45,100.75,19.9695
5810.45,100.51,19.9695
5811.45,101.1,19.9695
5812.45,100.66,19.9695
5813.45,100.69,19.9696
5814.45,101.13,19.9695
5815.46,100.66,19.9695
5816.46,100.58,19.9695
5817.46,101.06,19.9695
5818.46,100.67,19.9696
5819.46,101.25,19.97
5820.46,100.66,19.97
5821.46,100.69,19.97
5822.47,101.13,19.97
5823.47,100.71,19.9702
5824.47,100.72,19.9702
5825.47,101.12,19.9701
5826.47,100.5,19.9701
5827.47,100.51,19.9701
5828.47,101.12,19.9701
5829.47,100.71,19.9701
5830.48,101.19,19.9702
5831.48,101.13,19.9702
5832.48,100.68,19.9702
5833.48,100.75,19.9701
5834.48,101.08,19.9701
5835.48,100.68,19.9701
5836.49,101.05,19.9703
5837.49,100.66,19.9701
5838.49,100.65,19.9701
5839.49,101.1,19.9702
5840.49,100.63,19.9702
5841.49,101.6,19.9703
5842.49,100.67,19.9703
5843.5,100.72,19.9702
5844.5,101.11,19.9703
5845.5,100.64,19.9703
5846.5,100.67,19.9702
5847.5,101.1,19.9702
5848.5,100.67,19.9702
5849.51,101.13,19.9702
5850.51,100.66,19.9702
5851.51,100.64,19.9704
5852.51,101.31,19.9702
5853.51,100.73,19.9704
5854.51,100.71,19.9704
5855.51,101.1,19.9703
5856.51,100.63,19.9703
5857.52,100.63,19.9703
5858.52,101.09,19.9704
5859.52,100.67,19.9704
5860.52,100.61,19.9703
5861.52,101.06,19.9703
5862.52,100.64,19.9703
5863.52,100.85,19.9714
5864.53,101.05,19.9714
5865.53,100.63,19.9714
5866.53,100.99,19.9714
5867.53,100.64,19.9714
5868.53,100.47,19.9713
5869.53,100.91,19.9713
5870.54,100.53,19.9713
5871.54,100.98,19.9713
5872.54,100.59,19.9713
5873.54,100.76,19.9715
5874.54,101.15,19.9714
5875.54,100.81,19.9715
5876.54,100.59,19.9715
5877.55,100.87,19.9715
5878.55,100.58,19.9714
5879.55,100.66,19.9715
5880.55,101.08,19.9716
5881.55,100.65,19.9715
5882.55,100.9,19.9715
5883.56,100.76,19.9716
5884.56,101.08,19.9716
5885.56,100.63,19.9715
5886.56,100.61,19.9715
5887.56,101.21,19.9716
5888.56,100.6,19.9715
5889.56,100.69,19.9715
5890.57,101.04,19.9715
5891.57,100.7,19.9716
5892.57,101.06,19.9715
5893.57,100.74,19.9715
5894.57,100.65,19.9715
5895.57,101.02,19.9717
5896.58,100.64,19.9717
5897.58,101.04,19.9717
5898.58,100.7,19.9718
5899.58,100.71,19.9717
5900.58,101.08,19.9716
5901.58,100.75,19.9716
5902.58,100.59,19.9717
5903.58,100.71,19.9716
5904.59,100.97,19.9716
5905.59,100.63,19.9716
5906.59,100.79,19.9716
5907.59,100.48,19.9716
5908.59,100.96,19.9718
5909.6,100.52,19.9717
5910.6,100.61,19.9718
5911.6,101.5,19.9717
5912.6,100.43,19.9717
5913.6,101.03,19.9719
5914.6,100.56,19.9717
5915.6,100.55,19.9717
5916.61,100.99,19.9717
5917.61,100.64,19.9718
5918.61,101.07,19.9719
5919.61,100.57,19.9718
5920.61,100.55,19.9718
5921.61,100.89,19.9718
5922.62,100.77,19.9718
5923.62,101.1,19.972
5924.62,100.73,19.9719
5925.62,100.64,19.9719
5926.62,100.94,19.9719
5927.62,100.66,19.9718
5928.63,100.97,19.9718
5929.63,100.49,19.9718
5930.63,100.93,19.9718
5931.63,100.56,19.9718
5932.63,100.56,19.9718
5933.63,101.19,19.9718
5934.64,100.81,19.9719
5935.64,100.65,19.9719
5936.64,100.88,19.9719
5937.64,100.45,19.9719
5938.64,101.0,19.9719
5939.64,100.68,19.9719
5940.64,100.63,19.9719
5941.65,100.87,19.9719
5942.65,101.06,19.9719
5943.65,100.79,19.972
5944.65,100.68,19.9719
5945.65,101.07,19.9719
5946.66,100.78,19.972
5947.66,101.06,19.972
5948.66,100.71,19.972
5949.66,100.56,19.972
5950.66,101.25,19.972
5951.66,100.66,19.972
5952.66,100.62,19.972
5953.67,101.2,19.9721
5954.67,100.64,19.972
5955.67,100.63,19.972
5956.67,101.06,19.972
5957.67,100.82,19.9731
5958.67,100.67,19.9729
5959.67,100.99,19.9729
5960.68,100.66,19.9729
5961.68,101.08,19.9729
5962.68,100.62,19.9729
5963.68,100.72,19.973
5964.68,101.09,19.9729
5965.68,100.61,19.9729
5966.69,100.98,19.9729
5967.69,100.71,19.9729
5968.69,100.63,19.9731
5969.69,100.66,19.9732
5970.69,101.08,19.9731
5971.69,100.7,19.9731
5972.69,100.72,19.973
5973.69,101.13,19.9731
5974.7,100.55,19.973
5975.7,100.95,19.9731
5976.7,100.66,19.9731
5977.7,100.51,19.9731
5978.7,101.0,19.9731
5979.7,100.67,19.9731
5980.7,100.77,19.9731
5981.71,100.77,19.9731
5982.71,101.16,19.9731
5983.71,100.8,19.9732
5984.71,101.08,19.9731
5985.71,100.63,19.9731
5986.71,100.91,19.9731
5987.71,100.61,19.9731
5988.72,100.67,19.9733
5989.72,101.08,19.9732
5990.72,100.67,19.9732
5991.72,101.06,19.9732
5992.72,101.18,19.9732
5993.72,100.84,19.9733
5994.73,101.16,19.9731
5995.73,100.76,19.9731
5996.73,100.71,19.9731
5997.73,101.19,19.9731
5998.73,100.74,19.9731
5999.73,100.7,19.9731
6000.73,101.17,19.9731
6001.73,100.69,19.9731
6002.74,100.51,19.9731
6003.74,101.0,19.9733
6004.74,100.69,19.9734
6005.74,100.52,19.9733
6006.74,100.87,19.9733
6007.74,100.62,19.9733
6008.75,101.15,19.9734
6009.75,100.67,19.9734
6010.75,100.87,19.9735
6011.75,100.9,19.9735
6012.75,100.7,19.9735
6013.75,100.79,19.9735
6014.75,101.15,19.9734
6015.75,100.72,19.9735
6016.76,101.13,19.9734
6017.76,100.96,19.9734
6018.76,100.6,19.9734
6019.76,100.61,19.9735
6020.76,101.04,19.9735
6021.76,100.46,19.9734
6022.77,100.94,19.9734
6023.77,100.68,19.9735
6024.77,100.56,19.9733
6025.77,100.98,19.9734
6026.77,100.61,19.9736
6027.77,101.12,19.9736
6028.77,100.59,19.9736
6029.78,100.64,19.9735
6030.78,101.11,19.9735
6031.78,100.65,19.9735
6032.78,101.03,19.9735
6033.78,100.78,19.9736
6034.78,100.76,19.9735
6035.78,100.65,19.9735
6036.79,100.98,19.9735
6037.79,100.64,19.9735
6038.79,101.09,19.9736
6039.79,100.95,19.9737
6040.79,100.69,19.9736
6041.79,101.06,19.9736
6042.8,101.07,19.9736
6043.8,101.21,19.9737
6044.8,100.71,19.9736
6045.8,100.72,19.9736
6046.8,101.07,19.9736
6047.8,100.64,19.9736
6048.81,101.06,19.9736
6049.81,100.65,19.9736
6050.81,100.88,19.9738
6051.81,101.11,19.9738
6052.81,100.57,19.9738
6053.81,100.63,19.9736
6054.81,101.0,19.9736
6055.82,100.54,19.9737
6056.82,100.74,19.9738
6057.82,101.11,19.9738
6058.82,100.69,19.9738
6059.82,101.07,19.9737
6060.82,100.7,19.9737
6061.82,100.68,19.9737
6062.83,101.76,19.9738
6063.83,100.79,19.9738
6064.83,100.56,19.9738
6065.83,100.97,19.9738
6066.83,102.62,19.9738
6067.83,100.63,19.9738
6068.83,101.07,19.9739
6069.84,100.67,19.9738
6070.84,100.69,19.9738
6071.84,101.13,19.9739
6072.84,100.75,19.9738
6073.84,100.92,19.9738
6074.84,101.33,19.9738
6075.84,100.62,19.9738
6076.84,100.44,19.9738
6077.85,101.04,19.9738
6078.85,100.71,19.9738
6079.85,100.48,19.9739
6080.85,100.86,19.9739
6081.85,100.49,19.9739
6082.85,100.88,19.9739
6083.85,100.75,19.974
6084.86,100.61,19.9739
6085.86,101.07,19.9739
6086.86,100.59,19.9739
6087.86,100.7,19.9739
6088.86,101.07,19.974
6089.86,100.66,19.974
6090.87,101.05,19.9739
6091.87,102.24,19.9739
6092.87,100.69,19.9741
6093.87,101.2,19.9741
6094.87,100.58,19.9741
6095.87,100.46,19.9741
6096.87,100.89,19.9741
6097.88,100.68,19.9741
6098.88,100.91,19.9741
6099.88,100.53,19.9741
6100.88,100.6,19.9741
6101.88,100.98,19.9741
6102.88,100.66,19.9741
6103.89,101.08,19.9741
6104.89,100.59,19.9741
6105.89,100.59,19.974
6106.89,101.09,19.974
6107.89,100.65,19.974
6108.89,100.69,19.9741
6109.89,101.27,19.9741
6110.9,100.71,19.9741
6111.9,101.11,19.9741
6112.9,100.72,19.9741
6113.9,100.7,19.9741
6114.9,100.88,19.9741
6115.9,100.43,19.9741
6116.9,100.42,19.9741
6117.91,101.05,19.9741
6118.91,100.71,19.9742
6119.91,100.67,19.9741
6120.91,101.25,19.9743
6121.91,100.66,19.9743
6122.91,100.95,19.9742
6123.91,100.83,19.9742
6124.92,100.67,19.9742
6125.92,100.91,19.9742
6126.92,100.64,19.9742
6127.92,100.67,19.9742
6128.92,101.13,19.9742
6129.92,100.53,19.9742
6130.92,100.61,19.9742
6131.93,101.04,19.9742
6132.93,100.64,19.9742
6133.93,101.84,19.9745
6134.93,100.46,19.9744
6135.93,100.63,19.9744
6136.93,101.18,19.9744
6137.93,100.56,19.9744
6138.94,106.44,19.578
6139.94,334.78,13.2776
6140.94,343.64,13.411
6141.94,257.02,13.1189
6142.94,337.73,13.3282
6143.94,365.95,13.4949
6144.94,191.96,13.7851
6145.95,186.95,13.1275
6146.95,320.62,13.2961
6147.95,288.44,13.0982
6148.95,314.28,13.2695
6149.95,341.08,13.0338
6150.95,281.13,13.2562
6151.95,349.62,13.3648
6152.95,259.7,13.1657
6153.96,316.62,13.3116
6154.96,294.42,13.1015
6155.96,310.4,13.2618
6156.96,355.93,13.4129
6157.96,269.18,13.2278
6158.97,318.93,13.1548
6159.97,267.1,13.2597
6160.97,315.83,13.5208
6161.97,362.56,13.6576
6162.97,336.06,13.8798
6163.97,311.02,14.1366
6164.97,310.07,14.4074
6165.97,306.07,14.741
6166.98,306.3,15.0395
6167.98,305.96,15.2838
6168.98,316.74,15.5432
6169.98,181.17,15.9057
6170.98,134.96,16.2873
6171.98,108.37,16.6575
6172.98,101.82,17.0269
6173.99,101.55,17.3984
6174.99,192.75,17.7913
6175.99,192.3,18.0832
6176.99,101.33,18.1549
6177.99,101.22,18.1834
6178.99,100.82,18.1834
6179.99,104.95,18.1755
6181.0,103.82,18.1755
6182.0,133.7,18.1755
6183.0,201.26,18.2757
6184.0,200.71,18.3133
6185.0,124.82,18.3137
6186.0,102.43,18.3137
6187.0,102.31,18.3138
6188.01,121.3,18.4095
6189.01,107.44,18.5452
6190.01,226.07,18.5128
6191.01,277.31,18.5514
6192.01,201.03,18.5537
6193.01,120.88,18.5541
6194.01,101.54,18.5541
6195.02,103.16,18.5542
6196.02,103.82,18.5541
6197.02,100.93,18.5541
6198.02,100.63,18.5541
6199.02,121.96,18.5542
6200.02,100.82,18.5541
6201.02,100.47,18.5541
6202.03,100.89,18.5541
6203.03,100.65,18.5541
6204.03,100.55,18.5541
6205.03,101.01,18.5541
6206.03,100.49,18.5541
6207.03,100.85,18.5541
6208.04,121.91,18.5548
6209.04,100.54,18.5548
6210.04,101.17,18.5548
6211.04,100.49,18.5547
6212.04,100.56,18.5547
6213.04,103.34,18.5548
6214.04,105.74,18.5548
6215.05,101.07,18.5548
6216.05,100.69,18.5548
6217.05,100.63,18.5548
6218.05,101.07,18.5548
6219.05,122.23,18.5548
6220.05,100.52,18.5549
6221.05,100.95,18.5549
6222.06,100.66,18.5549
6223.06,113.71,18.5549
6224.06,101.34,18.5549
6225.06,100.67,18.5549
6226.06,101.1,18.5548
6227.06,100.68,18.5548
6228.06,100.68,18.5548
6229.07,101.15,18.5548
6230.07,128.81,18.6856
6231.07,101.0,18.6856
6232.07,100.6,18.6856
6233.07,105.88,18.6857
6234.07,103.9,18.6858
6235.08,100.53,18.6856
6236.08,100.76,18.6856
6237.08,101.4,18.6857
6238.08,100.59,18.6857
6239.08,100.88,18.7928
6240.09,101.05,19.2429
6241.09,100.56,19.5755
6242.09,150.52,19.9264
6243.09,101.01,19.9265
6244.09,100.76,19.9263
6245.09,100.56,19.9263
6246.09,100.97,19.9263
6247.1,100.8,19.9265
6248.1,100.98,19.9265
6249.1,100.79,19.9265
6250.1,100.57,19.9265
6251.1,101.01,19.9265
6252.1,103.14,19.9265
6253.11,118.35,19.9265
6254.11,100.75,19.9266
6255.11,100.98,19.9267
6256.11,101.09,19.9267
6257.11,100.79,19.9267
6258.11,100.71,19.9267
6259.11,101.16,19.9266
6260.12,100.72,19.9268
6261.12,101.69,19.9268
6262.12,100.65,19.9268
6263.12,100.67,19.9268
6264.12,101.14,19.9269
6265.12,100.6,19.9269
6266.12,100.66,19.9269
6267.13,101.5,19.9268
6268.13,100.69,19.9269
6269.13,101.06,19.9268
6270.13,100.51,19.9268
6271.13,100.5,19.9269
6272.13,100.91,19.9269
6273.14,100.56,19.9269
6274.14,100.58,19.9269
6275.14,101.0,19.9268
6276.14,100.69,19.9268
6277.14,100.87,19.9268
6278.14,100.48,19.9268
6279.14,100.73,19.9269
6280.15,100.87,19.9269
6281.15,100.55,19.9269
6282.15,101.08,19.9269
6283.15,100.65,19.9269
6284.15,100.59,19.9269
6285.15,101.02,19.9269
6286.16,100.64,19.9269
6287.16,100.65,19.9269
6288.16,101.09,19.9269
6289.16,100.72,19.9269
6290.16,100.63,19.9269
6291.16,101.26,19.9271
6292.16,100.67,19.927
6293.17,101.12,19.927
6294.17,100.56,19.927
6295.17,100.49,19.927
6296.17,100.89,19.9269
6297.17,100.57,19.9271
6298.17,100.67,19.9269
6299.17,101.11,19.9271
6300.18,100.65,19.927
6301.18,101.09,19.927
6302.18,100.69,19.927
6303.18,101.09,19.9272
6304.18,100.88,19.9272
6305.18,100.46,19.9272
6306.19,100.88,19.9272
6307.19,100.69,19.9272
6308.19,100.69,19.9271
6309.19,101.14,19.9271
6310.19,100.62,19.9271
6311.19,100.71,19.9272
6312.19,101.06,19.9271
6313.19,100.87,19.9272
6314.2,100.69,19.9273
6315.2,101.29,19.9273
6316.2,100.7,19.9273
6317.2,100.7,19.9273
6318.2,101.13,19.9274
6319.2,100.75,19.9275
6320.21,101.12,19.9274
6321.21,100.61,19.9273
6322.21,100.54,19.9273
6323.21,101.1,19.9273
6324.21,100.69,19.9274
6325.21,100.62,19.9273
6326.21,101.2,19.9273
6327.21,100.85,19.9276
6328.22,100.69,19.9276
6329.22,101.18,19.9276
6330.22,100.69,19.9276
6331.22,100.64,19.9275
6332.22,100.96,19.9275
6333.22,100.61,19.9276
6334.22,100.55,19.9275
6335.23,100.92,19.9275
6336.23,100.55,19.9275
6337.23,100.96,19.9275
6338.23,100.63,19.9277
6339.23,100.67,19.9276
6340.23,101.23,19.9277
6341.24,100.71,19.9277
6342.24,101.06,19.9277
6343.24,100.73,19.9277
6344.24,100.7,19.9277
6345.24,101.05,19.9277
6346.24,100.68,19.9275
6347.25,101.04,19.9275
6348.25,100.7,19.9276
6349.25,100.72,19.9276
6350.25,101.06,19.9275
6351.25,100.66,19.9275
6352.25,100.65,19.9275
6353.25,101.28,19.9275
6354.26,100.72,19.9277
6355.26,101.05,19.9276
6356.26,100.67,19.9276
6357.26,100.65,19.9276
6358.26,101.1,19.9276
6359.26,100.71,19.9276
6360.27,101.07,19.9276
6361.27,100.59,19.9276
6362.27,100.48,19.9277
6363.27,101.1,19.9277
6364.27,100.74,19.9277
6365.27,100.73,19.9276
6366.27,101.03,19.9276
6367.27,100.55,19.9276
6368.28,100.6,19.9276
6369.28,101.05,19.9278
6370.28,100.54,19.9277
6371.28,100.57,19.9278
6372.28,101.02,19.9277
6373.28,100.72,19.9277
6374.29,101.1,19.9277
6375.29,100.69,19.9279
6376.29,100.65,19.9279
6377.29,101.07,19.928
6378.29,101.19,19.9279
6379.29,100.61,19.928
6380.29,101.07,19.9279
6381.29,100.65,19.9278
6382.3,100.64,19.9278
6383.3,101.06,19.9278
6384.3,100.61,19.9278
6385.3,100.69,19.9279
6386.3,101.11,19.9279
6387.3,100.64,19.9279
6388.3,100.65,19.9279
6389.31,101.08,19.9281
6390.31,100.85,19.9281
6391.31,100.62,19.928
6392.31,101.0,19.928
6393.31,100.65,19.928
6394.31,101.01,19.928
6395.31,100.61,19.928
6396.32,100.62,19.928
6397.32,101.01,19.928
6398.32,100.61,19.9279
6399.32,100.64,19.928
6400.32,100.94,19.928
6401.32,100.65,19.928
6402.33,101.01,19.928
6403.33,101.25,19.9281
6404.33,100.65,19.9281
6405.33,101.0,19.9281
6406.33,100.65,19.9281
6407.33,101.06,19.9282
6408.33,100.65,19.9281
6409.34,100.66,19.9281
6410.34,101.01,19.9281
6411.34,100.61,19.9281
6412.34,100.62,19.928
6413.34,101.1,19.9282
6414.34,100.68,19.9282
6415.34,100.76,19.9283
6416.35,101.0,19.9283
6417.35,100.65,19.9283
6418.35,101.09,19.9283
6419.35,100.7,19.9282
6420.35,100.68,19.9282
6421.35,101.09,19.9282
6422.36,100.69,19.9282
6423.36,101.19,19.9282
6424.36,100.7,19.9284
6425.36,100.67,19.9283
6426.36,101.13,19.9283
6427.36,100.66,19.9283
6428.36,100.68,19.9284
6429.37,101.3,19.9284
6430.37,101.14,19.9284
6431.37,101.11,19.9283
6432.37,100.62,19.9284
6433.37,100.72,19.9284
6434.37,101.08,19.9284
6435.38,100.66,19.9284
6436.38,100.62,19.9285
6437.38,101.07,19.9284
6438.38,100.63,19.9284
6439.38,100.93,19.9284
6440.38,100.59,19.9284
6441.38,100.6,19.9284
6442.39,101.24,19.9294
6443.39,100.71,19.9294
6444.39,101.11,19.9294
6445.39,100.65,19.9294
6446.39,100.65,19.9294
6447.39,101.01,19.9294
6448.4,100.66,19.9293
6449.4,100.71,19.9294
6450.4,100.98,19.9294
6451.4,100.57,19.9293
6452.4,100.54,19.9293
6453.4,101.1,19.9295
6454.4,100.69,19.9295
6455.41,101.65,19.9295
6456.41,100.66,19.9295
6457.41,100.47,19.9295
6458.41,100.9,19.9295
6459.41,100.61,19.9294
6460.41,100.88,19.9294
6461.41,100.55,19.9294
6462.42,100.47,19.9294
6463.42,101.0,19.9295
6464.42,100.54,19.9295
6465.42,100.52,19.9295
6466.42,100.95,19.9295
6467.42,100.5,19.9586
6468.42,100.77,19.9597
6469.43,101.17,19.9597
6470.43,100.5,19.9598
6471.43,100.61,19.9599
6472.43,100.58,19.9598
6473.43,100.94,19.9599
6474.43,100.61,19.9599
6475.43,101.06,19.9598
6476.43,100.65,19.9598
6477.44,100.64,19.9598
6478.44,101.08,19.9598
6479.44,100.7,19.9598
6480.44,100.8,19.96
6481.44,100.85,19.96
6482.44,100.47,19.96
6483.45,101.02,19.96
6484.45,100.68,19.96
6485.45,100.65,19.9599
6486.45,101.09,19.96
6487.45,100.63,19.96
6488.45,100.66,19.9599
6489.45,101.05,19.9599
6490.45,100.59,19.9599
6491.46,100.66,19.9599
6492.46,100.99,19.9599
6493.46,100.8,19.9895
6494.46,101.07,19.9895
6495.46,100.61,19.9893
6496.46,100.62,19.9893
6497.47,101.24,19.9895
6498.47,100.65,19.9895
6499.47,100.71,19.9895
6500.47,101.12,19.9895
6501.47,100.68,19.9895
6502.47,100.71,19.9895
6503.47,101.22,19.9895
6504.47,100.73,19.9895
6505.48,100.46,19.9894
6506.48,101.29,19.9896
6507.48,100.66,19.9896
6508.48,100.71,19.9896
6509.48,101.21,19.9896
6510.48,100.69,19.9896
6511.48,100.66,19.9896
6512.49,101.13,19.9896
6513.49,100.78,19.9896
6514.49,100.7,19.9896
6515.49,101.04,19.9896
6516.49,100.63,19.9896
6517.49,100.96,19.9896
6518.49,100.52,19.9896
6519.5,100.7,19.9895
6520.5,101.46,19.9998
6521.5,100.69,19.9998
6522.5,100.67,19.9998
6523.5,101.13,19.9998
6524.5,100.63,19.9998
6525.5,100.56,19.9998
6526.51,100.93,19.9998
6527.51,100.63,19.9998
6528.51,100.79,19.9997
6529.51,101.1,19.9998
6530.51,100.74,19.9999
6531.51,100.7,19.9999
6532.51,101.63,19.9998
6533.52,100.77,19.9998
6534.52,100.9,19.9998
6535.52,100.45,19.9998
6536.52,101.12,19.9998
6537.52,100.44,19.9998
6538.52,100.47,19.9998
6539.53,100.91,19.9999
6540.53,100.49,19.9999
6541.53,100.64,19.9999
6542.53,101.1,19.9999
6543.53,100.75,19.9999
6544.53,101.31,19.9999
6545.53,100.64,20.0
6546.54,100.71,20.0
6547.54,101.04,20.0
6548.54,100.68,20.0
6549.54,100.68,20.0
6550.54,101.06,20.0
6551.54,100.7,20.0
6552.54,100.69,20.0
6553.55,101.14,20.0
6554.55,100.71,20.0
6555.55,101.06,20.0
6556.55,100.64,20.0
6557.55,100.83,19.9999
6558.55,101.08,19.9998
6559.55,100.77,19.9999
6560.56,100.68,19.9999
6561.56,101.06,19.9999
6562.56,100.69,19.9999
6563.56,100.74,19.9999
6564.56,101.13,19.9999
6565.56,100.64,19.9999
6566.56,100.68,19.9999
6567.57,101.14,20.0
6568.57,100.53,20.0
6569.57,100.64,20.0
6570.57,101.29,20.0
6571.57,100.64,20.0
6572.57,100.66,20.0
6573.57,101.12,20.0
6574.58,100.7,19.9999
6575.58,100.61,19.9999
6576.58,101.03,19.9999
6577.58,100.6,19.9999
6578.58,101.15,19.9999
6579.58,100.7,19.9999
6580.58,100.77,19.9999
6581.58,100.74,19.9999
6582.59,101.07,19.9999
6583.59,100.73,20.0
6584.59,101.3,20.0
6585.59,100.66,20.0
6586.59,100.63,20.0
6587.59,101.06,20.0
6588.6,100.77,20.0
6589.6,100.64,20.0
6590.6,101.09,20.0
6591.6,100.66,20.0
6592.6,101.08,20.0
6593.6,100.78,20.0
6594.6,100.63,19.9999
6595.61,101.03,19.9999
6596.61,100.68,19.9999
6597.61,101.2,19.9999
6598.61,100.69,20.0
6599.61,100.57,20.0
6600.61,101.18,19.9999
6601.61,100.68,20.0
6602.62,100.62,20.0
6603.62,101.1,20.0
6604.62,100.55,20.0
6605.62,100.69,20.0
6606.62,101.14,20.0
6607.62,100.58,20.0
6608.62,100.76,20.0
6609.63,101.05,20.0
6610.63,101.37,19.9999
6611.63,100.64,19.9999
6612.63,100.91,19.9999
6613.63,100.65,19.9999
6614.63,100.99,19.9999
6615.64,100.45,19.9999
6616.64,100.4,19.9999
6617.64,100.93,19.9999
6618.64,100.67,20.0
6619.64,101.05,20.0
6620.64,100.62,20.0
6621.64,100.65,20.0
6622.65,100.95,20.0
6623.65,100.75,20.0
6624.65,100.77,19.9999
6625.65,100.49,19.9999
6626.65,100.85,19.9999
6627.65,100.66,20.0
6628.65,101.01,20.0
6629.65,100.6,19.9999
6630.66,100.65,19.9999
6631.66,101.05,19.9999
6632.66,100.64,19.9999
6633.66,101.13,19.9999
6634.66,100.67,19.9999
6635.66,100.68,19.9999
6636.67,101.27,20.0
6637.67,100.66,20.0
6638.67,100.73,20.0
6639.67,101.05,20.0
6640.67,100.69,20.0
6641.67,101.05,20.0
6642.67,100.69,20.0
6643.68,100.87,19.9999
6644.68,101.13,19.9999
6645.68,100.67,19.9999
6646.68,100.65,19.9999
6647.68,101.09,19.9999
6648.68,100.72,19.9999
6649.68,100.91,19.9999
6650.69,101.12,19.9999
6651.69,100.65,19.9999
6652.69,100.7,19.9999
6653.69,101.23,20.0
6654.69,100.65,20.0
6655.69,100.68,20.0
6656.69,100.86,20.0
6657.7,100.44,20.0
6658.7,100.54,20.0
6659.7,100.87,20.0
6660.7,100.56,20.0
6661.7,100.85,20.0
6662.7,100.78,19.9999
6663.71,101.03,19.9999
6664.71,100.65,19.9999
6665.71,100.67,19.9999
6666.71,101.09,19.9999
6667.71,100.64,19.9999
6668.71,101.09,19.9999
6669.71,100.61,19.9999
6670.72,100.66,19.9999
6671.72,101.12,19.9999
6672.72,100.63,19.9999
6673.72,100.82,19.9999
6674.72,101.01,20.0
6675.72,100.95,20.0
6676.72,100.65,20.0
6677.73,101.05,20.0
6678.73,100.68,20.0
6679.73,100.65,19.9999
6680.73,101.04,19.9999
6681.73,100.63,19.9999
6682.73,100.65,19.9999
6683.73,101.1,19.9999
6684.74,100.65,19.9999
6685.74,101.01,19.9999
6686.74,100.58,19.9999
6687.74,100.57,19.9999
6688.74,101.76,20.0
6689.74,100.61,20.0
6690.74,100.64,20.0
6691.75,101.09,20.0
6692.75,100.65,20.0
6693.75,100.83,19.9999
6694.75,100.97,19.9999
6695.75,100.65,19.9999
6696.75,100.62,19.9999
6697.75,101.0,19.9999
6698.76,100.64,19.9999
6699.76,100.85,19.9999
6700.76,100.64,19.9999
6701.76,100.7,20.0
6702.76,101.17,19.9999
6703.76,102.07,20.0
6704.76,100.61,20.0
6705.76,100.75,20.0
6706.77,101.04,20.0
6707.77,100.6,20.0
6708.77,101.07,20.0
6709.77,100.59,20.0
6710.77,100.67,20.0
6711.78,100.93,19.9999
6712.78,100.68,20.0
6713.78,101.19,19.9999
6714.78,100.67,19.9999
6715.78,101.04,19.9999
6716.78,100.48,19.9999
6717.78,100.74,19.9999
6718.79,100.89,19.9999
6719.79,100.6,19.9999
6720.79,100.47,19.9999
6721.79,100.82,19.9999
6722.79,100.45,19.9999
6723.79,100.6,19.9999
6724.79,100.92,20.0
6725.8,100.49,20.0
6726.8,100.87,20.0
6727.8,100.48,20.0
6728.8,100.73,19.9999
6729.8,100.93,19.9999
6730.8,100.52,19.9999
6731.81,100.92,19.9999
6732.81,100.5,19.9999
6733.81,100.58,19.9999
6734.81,101.0,19.9999
6735.81,100.59,19.9999
6736.81,100.75,19.9999
6737.81,100.48,19.9999
6738.81,100.92,19.9999
6739.82,100.48,20.0
6740.82,100.9,20.0
6741.82,100.79,20.0
6742.82,100.68,20.0
6743.82,101.28,20.0
6744.82,100.67,19.9999
6745.82,100.67,19.9999
6746.83,101.1,19.9999
6747.83,100.6,19.9999
6748.83,100.59,19.9999
6749.83,101.12,19.9999
6750.83,100.71,19.9999
6751.83,100.66,19.9999
6752.83,101.19,19.9999
6753.83,100.77,19.9999
6754.84,100.65,19.9999
6755.84,101.59,20.0
6756.84,100.68,20.0
6757.84,101.1,20.0
6758.84,100.73,20.0
6759.84,100.68,20.0
6760.85,101.16,20.0
6761.85,100.66,20.0
6762.85,100.69,20.0
6763.85,101.21,19.9999
6764.85,100.68,19.9999
6765.85,101.07,19.9999
6766.86,100.65,19.9999
6767.86,101.0,19.9999
6768.86,100.66,19.9999
6769.86,101.1,19.9999
6770.86,101.03,19.9999
6771.86,100.72,19.9999
6772.86,100.67,19.9999
6773.87,101.21,19.9999
6774.87,100.66,19.9999
6775.87,101.07,19.9999
6776.87,100.68,19.9999
6777.87,100.7,19.9999
6778.87,101.13,19.9999
6779.88,100.66,19.9999
6780.88,101.09,19.9999
6781.88,100.59,19.9999
6782.88,100.66,19.9999
6783.88,101.06,19.9999
6784.88,100.46,19.9998
6785.88,100.47,20.0
6786.89,100.95,20.0
6787.89,100.47,20.0
6788.89,100.65,20.0
6789.89,100.87,20.0
6790.89,100.71,20.0
6791.89,100.96,20.0
6792.89,100.68,20.0
6793.9,100.82,19.9999
6794.9,101.14,19.9999
6795.9,100.88,19.9999
6796.9,100.68,19.9999
6797.9,100.86,19.9999
6798.9,100.65,19.9999
6799.9,100.48,19.9999
6800.91,100.83,19.9999
6801.91,100.44,19.9999
6802.91,100.98,19.9998
6803.91,100.65,19.9999
6804.91,100.46,20.0
6805.91,100.91,20.0
6806.91,100.74,20.0
6807.92,100.61,20.0
6808.92,101.12,19.9999
6809.92,100.87,20.0
6810.92,101.05,20.0
6811.92,100.65,20.0
6812.92,100.68,20.0
6813.93,101.25,19.9999
6814.93,100.68,19.9999
6815.93,100.64,19.9999
6816.93,101.06,19.9999
6817.93,100.69,19.9999
6818.93,100.7,20.0
6819.93,101.11,19.9999
6820.94,100.73,20.0
6821.94,101.03,20.0
6822.94,100.8,20.0
6823.94,101.16,19.9999
6824.94,100.66,19.9999
6825.94,100.66,20.0
6826.95,101.05,20.0
6827.95,100.67,20.0
6828.95,101.15,19.9999
6829.95,100.66,19.9999
6830.95,100.69,19.9999
6831.95,101.08,19.9999
6832.96,100.59,19.9999
6833.96,101.09,19.9999
6834.96,100.7,19.9999
6835.96,101.51,19.9999
6836.96,101.06,19.9999
6837.96,100.68,19.9999
6838.96,100.72,19.9999
6839.97,101.0,20.0
6840.97,100.67,20.0
6841.97,101.08,20.0
6842.97,100.66,20.0
6843.97,100.79,20.0
6844.97,101.06,20.0
6845.98,100.71,20.0
6846.98,101.07,20.0
6847.98,100.64,20.0
6848.98,101.11,19.9998
6849.98,100.75,19.9998
6850.98,101.11,19.9999
6851.98,100.68,19.9998
6852.99,101.1,19.9998
6853.99,101.5,19.9999
6854.99,100.64,19.9999
6855.99,101.42,19.9998
6856.99,100.61,19.9998
6857.99,100.62,19.9998
6858.99,101.07,19.9998
6860.0,100.64,20.0
6861.0,101.13,20.0
6862.0,100.88,20.0
6863.0,100.56,19.9999
6864.0,101.2,20.0
6865.0,100.6,19.9999
6866.0,100.59,19.9999
6867.01,100.94,19.9999
6868.01,100.63,19.9999
6869.01,100.63,19.9999
6870.01,101.02,19.9999
6871.01,100.69,19.9999
6872.01,101.06,19.9999
6873.02,100.65,19.9999
6874.02,100.81,19.9999
6875.02,101.03,20.0
6876.02,100.85,19.9999
6877.02,101.05,19.9999
6878.02,100.69,19.9999
6879.02,100.5,19.9999
6880.03,100.86,19.9999
6881.03,100.67,19.9999
6882.03,100.69,19.9999
6883.03,101.06,19.9999
6884.03,100.78,20.0
6885.03,101.06,20.0
6886.04,100.49,19.9999
6887.04,100.69,20.0
6888.04,101.08,20.0
6889.04,100.88,20.0
6890.04,101.03,20.0
6891.04,100.71,20.0
6892.04,100.51,20.0
6893.05,100.96,20.0
6894.05,100.59,19.9999
6895.05,103.58,20.0
6896.05,105.82,19.9999
6897.05,101.07,19.9998
6898.05,100.67,19.9998
6899.06,100.58,19.9998
6900.06,101.04,19.9998
6901.06,100.65,19.9998
6902.06,100.56,19.9998
6903.06,101.28,19.9999
6904.06,100.74,19.9998
6905.06,100.65,19.9998
6906.07,101.08,19.9998
6907.07,100.56,19.9998
6908.07,100.9,19.9998
6909.07,100.62,19.9999
6910.07,100.66,19.9999
6911.07,101.06,20.0
6912.07,100.8,19.9999
6913.08,100.41,19.9999
6914.08,101.19,19.9999
6915.08,100.67,19.9999
6916.08,101.16,19.9999
6917.08,100.99,19.9999
6918.08,100.66,19.9999
6919.09,101.12,20.0
6920.09,100.75,19.9998
6921.09,100.65,19.9999
6922.09,101.07,19.9999
6923.09,100.67,19.9999
6924.09,100.78,20.0
6925.09,101.06,19.9999
6926.1,100.69,19.9999
6927.1,101.08,19.9999
6928.1,100.67,19.9999
6929.1,100.61,20.0
6930.1,101.01,19.9999
6931.1,100.99,19.9999
6932.1,100.59,19.9999
6933.11,101.11,19.9999
6934.11,100.77,19.9999
6935.11,100.67,19.9999
6936.11,101.08,19.9999
6937.11,100.51,19.9999
6938.11,100.67,19.9999
6939.11,101.07,19.9999
6940.12,100.63,19.9999
6941.12,100.68,19.9999
6942.12,101.05,19.9999
6943.12,101.0,20.0
6944.12,101.22,20.0
6945.12,100.56,20.0
6946.12,100.66,20.0
6947.13,101.01,20.0
6948.13,100.6,20.0
6949.13,100.66,19.9999
6950.13,100.91,19.9999
6951.13,100.56,19.9999
6952.13,101.04,19.9999
6953.14,100.68,19.9999
6954.14,100.8,19.9999
6955.14,101.06,19.9999
6956.14,100.68,19.9999
6957.14,101.24,20.0
6958.14,100.69,20.0
6959.14,100.73,20.0
6960.15,100.95,20.0
6961.15,100.63,20.0
6962.15,100.65,20.0
6963.15,101.17,20.0
6964.15,100.76,19.9999
6965.15,100.63,19.9999
6966.15,101.14,19.9999
6967.15,100.61,19.9999
6968.16,100.66,19.9999
6969.16,101.14,19.9999
6970.16,100.84,20.0
6971.16,100.74,20.0
6972.16,101.08,20.0
6973.16,100.74,20.0
6974.17,101.17,20.0
6975.17,100.65,20.0
6976.17,100.64,20.0
6977.17,100.9,20.0
6978.17,100.5,20.0
6979.17,100.68,19.9999
6980.17,101.06,19.9999
6981.17,100.76,19.9999
6982.18,100.71,19.9999
6983.18,101.11,19.9999
6984.18,101.33,20.0
6985.18,100.65,20.0
6986.18,101.09,19.9999
6987.18,100.64,20.0
6988.19,100.94,20.0
6989.19,100.61,20.0
6990.19,100.69,20.0
6991.19,101.07,20.0
6992.19,100.69,20.0
6993.19,100.71,20.0
6994.19,101.18,20.0
6995.2,100.67,20.0
6996.2,101.05,20.0
6997.2,100.87,19.9999
6998.2,100.66,19.9999
6999.2,101.11,19.9999
7000.2,100.64,19.9999
7001.21,101.74,19.9999
7002.21,100.68,19.9999
7003.21,100.72,19.9999
7004.21,101.11,20.0
7005.21,100.46,20.0
7006.21,100.88,20.0
7007.21,100.62,20.0
7008.22,100.67,20.0
7009.22,101.15,20.0
7010.22,100.96,19.9996
7011.22,100.68,19.9996
7012.22,101.1,19.9996
7013.22,100.69,19.9998
7014.23,101.16,19.9998
7015.23,100.67,19.9998
7016.23,100.69,19.9997
7017.23,101.08,19.9997
7018.23,100.66,19.9997
7019.23,100.69,19.9997
7020.23,101.07,19.9997
7021.24,100.67,19.9997
7022.24,101.09,19.9997
7023.24,100.87,19.9999
7024.24,100.73,20.0
7025.24,101.13,20.0
7026.24,100.65,20.0
7027.24,100.65,20.0
7028.25,101.12,20.0
7029.25,100.65,20.0
7030.25,100.48,20.0
7031.25,100.97,20.0
7032.25,100.62,20.0
7033.25,100.72,20.0
7034.25,101.12,19.9999
7035.26,100.67,19.9999
7036.26,100.57,19.9999
7037.26,101.17,19.9999
7038.26,100.66,19.9999
7039.26,101.11,20.0
7040.26,100.7,20.0
7041.26,100.65,20.0
7042.27,101.1,20.0
7043.27,100.8,20.0
7044.27,101.11,20.0
7045.27,100.7,20.0
7046.27,100.69,20.0
7047.27,101.08,20.0
7048.28,100.67,20.0
7049.28,100.78,19.9999
7050.28,101.32,20.0
7051.28,100.49,20.0
7052.28,101.04,20.0
7053.28,100.48,19.9999
7054.29,101.09,19.9999
7055.29,100.57,19.9999
7056.29,100.68,19.9999
7057.29,100.84,19.9999
7058.29,100.64,19.9999
7059.29,100.63,19.9999
7060.29,100.86,19.9999
7061.3,100.5,19.9999
7062.3,100.84,19.9999
7063.3,100.62,19.9999
7064.3,101.53,19.9999
7065.3,101.07,19.9999
7066.3,100.66,19.9999
7067.3,100.49,19.9999
7068.31,101.05,19.9999
7069.31,100.7,19.9999
7070.31,100.55,19.9999
7071.31,100.87,19.9999
7072.31,100.54,19.9999
7073.31,100.54,20.0
7074.31,100.92,20.0
7075.32,100.57,20.0
7076.32,101.07,20.0
7077.32,100.75,20.0
7078.32,100.86,19.9999
7079.32,101.06,19.9999
7080.32,100.64,19.9999
7081.32,100.63,19.9999
7082.33,101.06,19.9999
7083.33,100.76,19.9999
7084.33,101.12,20.0
7085.33,100.69,19.9999
7086.33,100.71,20.0
7087.33,101.08,20.0
7088.34,100.69,20.0
7089.34,100.73,20.0
7090.34,101.08,20.0
7091.34,100.94,19.9999
7092.34,100.93,20.0
7093.34,100.71,20.0
7094.34,100.72,19.9999
7095.35,101.05,19.9999
7096.35,100.67,19.9999
7097.35,100.64,19.9999
7098.35,101.13,19.9999
7099.35,100.69,19.9999
7100.35,100.66,19.9999
7101.35,101.07,19.9999
7102.36,100.67,19.9999
7103.36,100.65,19.9999
7104.36,101.09,20.0
7105.36,100.85,19.9999
7106.36,100.91,19.9999
7107.36,100.62,19.9999
7108.36,100.7,19.9999
7109.37,101.1,20.0
7110.37,100.68,20.0
7111.37,101.1,20.0
7112.37,100.68,20.0
7113.37,100.78,20.0
7114.37,101.21,20.0
7115.37,100.64,20.0
7116.38,100.57,20.0
7117.38,100.96,20.0
7118.38,100.68,20.0
7119.38,100.99,19.9998
7120.38,101.07,19.9998
7121.38,100.48,19.9998
7122.38,100.52,19.9998
7123.39,101.19,20.0
7124.39,100.76,20.0
7125.39,100.58,20.0
7126.39,100.96,20.0
7127.39,100.5,20.0
7128.39,100.48,20.0
7129.39,101.06,19.9999
7130.39,100.65,19.9999
7131.4,100.59,19.9999
7132.4,101.66,19.9999
7133.4,100.6,19.9999
7134.4,100.56,19.9998
7135.4,101.0,19.9998
7136.4,100.48,19.9998
7137.41,100.88,19.9999
7138.41,100.55,19.9998
7139.41,100.51,19.9999
7140.41,100.9,19.9998
7141.41,100.51,19.9998
7142.41,100.7,19.9998
7143.41,101.12,19.9998
7144.42,100.88,19.9999
7145.42,100.61,19.9999
7146.42,101.02,19.9999
7147.42,100.66,19.9999
7148.42,101.07,19.9999
7149.42,100.68,19.9999
7150.42,100.68,19.9999
7151.43,101.1,19.9999
7152.43,102.69,19.9999
7153.43,101.13,19.9999
7154.43,100.72,20.0
7155.43,100.64,20.0
7156.43,101.03,20.0
7157.43,100.82,19.9999
7158.44,100.65,19.9999
7159.44,101.1,20.0
7160.44,100.65,20.0
7161.44,101.03,20.0
7162.44,100.68,20.0
7163.44,100.75,20.0
7164.45,101.15,20.0
7165.45,100.68,20.0
7166.45,100.67,20.0
7167.45,101.16,20.0
7168.45,100.67,20.0
7169.45,100.72,19.9999
7170.45,101.1,19.9999
7171.45,100.85,19.9999
7172.46,100.67,19.9999
7173.46,101.54,19.9999
7174.46,100.6,19.9999
7175.46,100.45,19.9999
7176.46,100.84,19.9999
7177.46,100.45,19.9999
7178.46,100.45,19.9999
7179.47,100.88,20.0
7180.47,100.56,20.0
7181.47,101.25,20.0
7182.47,100.64,20.0
7183.47,100.82,20.0
7184.47,100.97,20.0
7185.47,101.07,19.9999
7186.48,100.73,19.9998
7187.48,100.68,19.9998
7188.48,101.09,19.9998
7189.48,100.91,19.9999
7190.48,101.08,19.9999
7191.48,100.67,19.9999
7192.48,100.7,19.9999
7193.49,101.14,20.0
7194.49,100.73,19.9999
7195.49,101.05,19.9999
7196.49,100.65,19.9999
7197.49,100.67,19.9999
7198.49,101.08,19.9999
7199.5,100.92,20.0
7200.5,100.66,20.0
7201.5,101.05,20.0
7202.5,100.67,20.0
7203.5,101.12,20.0
7204.5,100.79,19.9999
7205.5,100.66,19.9999
7206.51,101.06,19.9999
7207.51,100.7,19.9999
7208.51,101.08,19.9999
7209.51,100.69,19.9999
7210.51,100.68,19.9999
7211.51,101.14,19.9999
7212.51,101.28,19.9998
7213.52,100.72,19.9998
7214.52,101.1,19.9998
7215.52,100.58,19.9998
7216.52,100.59,19.9998
7217.52,101.03,19.9998
7218.52,100.66,19.9998
7219.53,101.09,19.9998
7220.53,100.72,19.9998
7221.53,100.63,19.9998
7222.53,101.05,19.9998
7223.53,100.68,19.9998
7224.53,100.74,19.9998
7225.53,101.26,20.0
7226.54,100.5,19.9999
7227.54,100.61,19.9999
7228.54,101.06,19.9999
7229.54,100.72,19.9999
7230.54,101.06,19.9999
7231.54,100.66,19.9999
7232.54,100.64,19.9999
7233.55,101.22,19.9999
7234.55,100.71,19.9999
7235.55,100.66,19.9999
7236.55,101.01,19.9999
7237.55,100.49,19.9999
7238.55,100.49,19.9999
7239.55,101.13,20.0
7240.56,100.49,20.0
7241.56,101.01,20.0
7242.56,100.67,20.0
7243.56,100.72,20.0
7244.56,101.14,19.9999
7245.56,100.67,19.9999
7246.57,101.04,19.9999
7247.57,100.74,20.0
7248.57,100.68,19.9999
7249.57,100.98,19.9999
7250.57,100.63,19.9999
7251.57,100.54,19.9999
7252.57,101.35,19.9999
7253.57,100.75,20.0
7254.58,100.65,20.0
7255.58,101.08,20.0
7256.58,100.68,20.0
7257.58,100.66,20.0
7258.58,101.09,20.0
7259.58,100.66,20.0
7260.58,100.73,20.0
7261.59,101.07,20.0
7262.59,100.67,20.0
7263.59,100.77,20.0
7264.59,101.08,19.9999
7265.59,100.65,19.9999
7266.59,100.8,19.9998
7267.59,101.02,19.9998
7268.6,100.67,19.9998
7269.6,101.05,20.0
7270.6,100.66,20.0
7271.6,100.66,20.0
7272.6,101.01,20.0
7273.6,100.8,20.0
7274.6,100.64,19.9999
7275.61,101.05,19.9999
7276.61,100.68,19.9999
7277.61,101.03,19.9999
7278.61,100.68,19.9999
7279.61,100.52,19.9999
7280.61,101.6,20.0
7281.62,100.68,20.0
7282.62,100.64,20.0
7283.62,101.13,20.0
7284.62,100.67,20.0
7285.62,101.05,20.0
7286.62,100.64,20.0
7287.62,100.52,20.0
7288.63,101.05,20.0
7289.63,100.63,20.0
7290.63,101.05,20.0
7291.63,100.64,19.9999
7292.63,100.6,19.9999
7293.63,101.65,20.0
7294.64,100.62,19.9999
7295.64,100.61,19.9999
7296.64,101.17,19.9999
7297.64,100.64,19.9999
7298.64,100.72,19.9999
7299.64,101.1,19.9999
7300.64,100.65,19.9998
7301.64,100.67,19.9999
7302.65,101.11,19.9998
7303.65,100.74,19.9999
7304.65,100.65,19.9998
7305.65,101.26,19.9999
7306.65,100.69,19.9999
7307.65,100.63,19.9999
7308.65,101.08,19.9999
7309.66,100.66,19.9999
7310.66,101.07,19.9999
7311.66,100.65,19.9999
7312.66,100.64,19.9999
7313.66,101.14,19.9999
7314.66,100.65,19.9999
7315.67,101.04,19.9999
7316.67,100.67,19.9999
7317.67,100.67,19.9999
7318.67,101.1,20.0
7319.67,100.71,20.0
7320.67,100.73,20.0
7321.67,101.04,20.0
7322.68,100.61,20.0
7323.68,101.13,19.9999
7324.68,100.64,19.9999
7325.68,100.64,19.9999
7326.68,100.9,19.9999
7327.68,100.63,19.9999
7328.69,101.1,19.9999
7329.69,100.55,19.9999
7330.69,100.63,19.9999
7331.69,101.12,19.9999
7332.69,100.66,19.9998
7333.69,100.95,20.0
7334.69,101.11,20.0
7335.69,100.63,20.0
7336.7,100.62,20.0
7337.7,101.06,20.0
7338.7,100.67,20.0
7339.7,100.57,19.9999
7340.7,101.03,19.9999
7341.7,100.63,20.0
7342.71,101.12,20.0
7343.71,100.72,20.0
7344.71,100.63,19.9999
7345.71,101.05,19.9999
7346.71,100.82,19.9999
7347.71,100.66,19.9998
7348.71,101.1,19.9999
7349.72,100.6,20.0
7350.72,101.0,20.0
7351.72,100.64,20.0
7352.72,100.64,20.0
7353.72,101.18,20.0
7354.72,100.62,19.9999
7355.73,101.03,19.9999
7356.73,100.62,20.0
7357.73,100.6,19.9999
7358.73,101.08,20.0
7359.73,253.95,13.0965
7360.73,324.68,13.2999
7361.73,370.39,13.4798
7362.74,325.22,13.8248
7363.74,282.19,14.219
7364.74,148.68,13.378
7365.74,291.75,13.2948
7366.74,368.73,13.5281
7367.74,344.55,13.9147
7368.74,314.73,14.1893
7369.75,311.2,14.4662
7370.75,305.25,14.7405
7371.75,301.55,15.0119
7372.75,304.12,15.2865
7373.75,304.63,15.6892
7374.75,304.09,16.158
7375.75,306.91,16.5565
7376.75,302.02,16.9286
7377.76,303.46,17.2887
7378.76,303.08,17.803
7379.76,326.1,18.15
7380.76,249.08,18.1427
7381.76,272.2,18.2437
7382.76,299.22,18.2478
7383.76,143.24,18.2478
7384.77,119.64,18.2478
7385.77,107.27,18.2436
7386.77,100.94,18.2436
7387.77,144.13,18.2477
7388.77,105.48,18.2499
7389.77,103.09,18.2498
7390.77,104.02,18.2498
7391.78,138.55,18.422
7392.78,100.7,18.4701
7393.78,105.06,18.4702
7394.78,100.84,18.4702
7395.78,102.88,18.4702
7396.78,101.17,18.4702
7397.78,100.61,18.4702
7398.79,101.63,18.4702
7399.79,100.69,18.4702
7400.79,100.74,18.4702
7401.79,101.11,18.4702
7402.79,100.67,18.4702
7403.79,100.78,18.4702
7404.79,139.15,18.4914
7405.8,100.68,18.4914
7406.8,100.67,18.4914
7407.8,101.01,18.4914
7408.8,100.74,18.4915
7409.8,101.13,18.4916
7410.8,100.69,18.4916
7411.8,114.21,18.4916
7412.81,101.24,18.4914
7413.81,100.74,18.4914
7414.81,100.6,18.4914
7415.81,132.36,18.4924
7416.81,100.72,18.4924
7417.81,101.16,18.4924
7418.81,100.78,18.4924
7419.82,100.75,18.4922
7420.82,101.22,18.4922
7421.82,100.66,18.4922
7422.82,100.71,18.4922
7423.82,101.24,18.4923
7424.82,100.72,18.4923
7425.82,100.67,18.4923
7426.83,101.13,18.4923
7427.83,100.67,18.4923
7428.83,131.47,18.4934
7429.83,101.16,18.4934
7430.83,100.66,18.4934
7431.83,100.66,18.4934
7432.83,101.18,18.4934
7433.83,100.58,18.4934
7434.84,100.73,18.4934
7435.84,100.63,18.4934
7436.84,101.04,18.4934
7437.84,100.68,18.4934
7438.84,101.14,18.4934
7439.84,100.83,18.4934
7440.84,139.15,18.662
7441.85,101.11,18.662
7442.85,100.66,18.662
7443.85,100.77,18.662
7444.85,101.18,18.662
7445.85,100.64,18.662
7446.85,100.65,18.662
7447.85,100.98,18.662
7448.85,101.08,18.662
7449.86,100.69,18.662
7450.86,101.6,18.662
7451.86,100.63,18.7287
7452.86,100.66,19.1194
7453.86,101.3,19.3516
7454.86,170.24,19.8042
7455.87,101.06,19.8042
7456.87,101.13,19.8043
7457.87,100.6,19.8043
7458.87,100.79,19.8043
7459.87,101.07,19.8043
7460.87,100.68,19.8042
7461.87,101.05,19.8042
7462.87,100.6,19.8042
7463.88,101.32,19.8043
7464.88,101.16,19.8043
7465.88,100.66,19.8043
7466.88,122.02,19.8043
7467.88,127.89,19.8043
7468.88,100.67,19.8043
7469.89,101.26,19.8046
7470.89,100.76,19.8046
7471.89,100.58,19.8046
7472.89,101.05,19.8046
7473.89,100.72,19.8046
7474.89,100.64,19.8045
7475.89,101.05,19.8045
7476.9,100.63,19.8045
7477.9,101.03,19.8046
7478.9,100.67,19.8047
7479.9,100.65,19.8047
7480.9,101.11,19.8047
7481.9,100.64,19.8047
7482.9,102.05,19.8047
7483.91,101.24,19.8047
7484.91,100.61,19.8047
7485.91,101.04,19.8046
7486.91,100.53,19.8046
7487.91,100.44,19.8046
7488.91,100.88,19.8046
7489.92,100.56,19.8046
7490.92,101.01,19.8046
7491.92,100.44,19.8048
7492.92,100.45,19.8046
7493.92,100.95,19.8046
7494.92,100.41,19.8046
7495.92,100.64,19.8046
7496.93,101.08,19.8046
7497.93,100.88,19.8049
7498.93,101.08,19.805
7499.93,100.64,19.805
7500.93,100.57,19.8049
7501.93,101.04,19.8049
7502.94,100.64,19.8049
7503.94,101.07,19.805
7504.94,100.58,19.8049
7505.94,100.91,19.8049
7506.94,100.84,19.8051
7507.94,100.56,19.8051
7508.94,100.69,19.8052
7509.95,101.06,19.8052
7510.95,101.04,19.8052
7511.95,101.83,19.8052
7512.95,100.68,19.8052
7513.95,100.8,19.8052
7514.95,101.02,19.805
7515.96,100.67,19.805
7516.96,101.1,19.805
7517.96,100.61,19.805
7518.96,100.63,19.8051
7519.96,101.0,19.8051
7520.96,100.54,19.8051
7521.96,100.47,19.8051
7522.97,101.1,19.8051
7523.97,100.57,19.8052
7524.97,100.57,19.8051
7525.97,101.23,19.8052
7526.97,100.64,19.8052
7527.97,101.04,19.8052
7528.97,100.67,19.8054
7529.98,100.64,19.8054
7530.98,101.03,19.8053
7531.98,100.65,19.8053
7532.98,101.05,19.8053
7533.98,100.75,19.8053
7534.98,100.65,19.8053
7535.99,101.06,19.8053
7536.99,100.59,19.8053
7537.99,100.65,19.8053
7538.99,101.09,19.8053
7539.99,100.84,19.8054
7540.99,101.25,19.8054
7541.99,100.66,19.8053
7543.0,100.65,19.8053
7544.0,101.27,19.8053
7545.0,100.64,19.8053
7546.0,100.66,19.8054
7547.0,100.99,19.8054
7548.0,100.62,19.8054
7549.0,100.64,19.8055
7550.01,100.84,19.8054
7551.01,100.51,19.8054
7552.01,100.72,19.8054
7553.01,101.03,19.8054
7554.01,100.73,19.8054
7555.01,101.15,19.8054
7556.01,100.6,19.8054
7557.02,100.6,19.8054
7558.02,101.12,19.8054
7559.02,100.68,19.8054
7560.02,100.45,19.8054
7561.02,100.85,19.8054
7562.02,100.51,19.8054
7563.02,100.66,19.8055
7564.03,101.11,19.8055
7565.03,100.62,19.8055
7566.03,101.02,19.8055
7567.03,100.89,19.8054
7568.03,100.71,19.8056
7569.03,101.32,19.8058
7570.04,100.98,19.8058
7571.04,100.97,19.8058
7572.04,101.12,19.8058
7573.04,100.75,19.8058
7574.04,101.23,19.8058
7575.04,100.75,19.8058
7576.04,100.73,19.8058
7577.05,101.13,19.8058
7578.05,100.71,19.8057
7579.05,100.83,19.8057
7580.05,101.25,19.8058
7581.05,100.75,19.8057
7582.05,101.48,19.806
7583.05,101.19,19.8058
7584.05,100.7,19.8059
7585.06,100.55,19.8059
7586.06,101.04,19.8059
7587.06,100.57,19.806
7588.06,100.46,19.806
7589.06,101.06,19.8058
7590.06,100.57,19.8057
7591.06,100.59,19.8059
7592.07,101.03,19.8059
7593.07,100.58,19.8058
7594.07,100.55,19.8058
7595.07,100.87,19.8058
7596.07,100.73,19.8059
7597.07,101.0,19.8058
7598.07,100.53,19.8058
7599.08,100.62,19.8058
7600.08,100.96,19.8058
7601.08,101.03,19.8059
7602.08,100.59,19.8058
7603.08,100.93,19.8058
7604.08,100.65,19.8058
7605.09,100.95,19.8058
7606.09,100.58,19.8058
7607.09,100.56,19.8058
7608.09,100.97,19.8059
7609.09,100.61,19.8059
7610.09,101.25,19.806
7611.09,100.55,19.806
7612.1,100.52,19.806
7613.1,100.9,19.806
7614.1,100.63,19.8061
7615.1,100.5,19.8061
7616.1,100.91,19.8061
7617.1,100.52,19.8061
7618.11,101.41,19.806
7619.11,100.59,19.806
7620.11,100.48,19.806
7621.11,101.08,19.8061
7622.11,100.66,19.8061
7623.11,101.07,19.8061
7624.11,100.95,19.8062
7625.12,100.68,19.8063
7626.12,101.16,19.8063
7627.12,100.68,19.8063
7628.12,100.7,19.8063
7629.12,101.19,19.8063
7630.12,100.6,19.8063
7631.12,100.81,19.8063
7632.13,101.05,19.8063
7633.13,100.68,19.8063
7634.13,100.73,19.8064
7635.13,101.0,19.8064
7636.13,102.49,19.8063
7637.13,100.69,19.8063
7638.13,101.03,19.8064
7639.14,100.78,19.8064
7640.14,100.96,19.8064
7641.14,100.6,19.8064
7642.14,105.39,19.8064
7643.14,101.03,19.8064
7644.14,100.73,19.8065
7645.14,100.58,19.8064
7646.15,100.94,19.8064
7647.15,100.55,19.8064
7648.15,100.95,19.8064
7649.15,100.63,19.8064
7650.15,100.63,19.8064
7651.15,100.96,19.8064
7652.16,100.58,19.8064
7653.16,101.07,19.8065
7654.16,100.56,19.8066
7655.16,100.59,19.8064
7656.16,100.97,19.8064
7657.16,100.64,19.8064
7658.16,100.61,19.8064
7659.17,100.99,19.8065
7660.17,100.5,19.8065
7661.17,101.19,19.8066
7662.17,100.56,19.8066
7663.17,100.64,19.8066
7664.17,101.08,19.8066
7665.18,100.64,19.8066
7666.18,100.65,19.8066
7667.18,101.78,19.8069
7668.18,100.53,19.8069
7669.18,100.89,19.8069
7670.18,100.65,19.8067
7671.18,100.59,19.8067
7672.19,100.88,19.8067
7673.19,100.6,19.8067
7674.19,101.09,19.8068
7675.19,100.63,19.8068
7676.19,100.5,19.8068
7677.19,100.84,19.8068
7678.2,100.48,19.8068
7679.2,100.63,19.8068
7680.2,101.0,19.8068
7681.2,100.8,19.8117
7682.2,100.94,19.8117
7683.2,100.64,19.8117
7684.2,100.51,19.8117
7685.21,100.83,19.8117
7686.21,100.41,19.8117
7687.21,100.85,19.8116
7688.21,100.47,19.8116
7689.21,100.61,19.8116
7690.21,101.03,19.8116
7691.22,100.82,19.8117
7692.22,100.48,19.8117
7693.22,103.42,19.8119
7694.22,100.58,19.8118
7695.22,101.14,19.8118
7696.22,100.63,19.8118
7697.22,100.63,19.8118
7698.23,100.97,19.8118
7699.23,100.62,19.8119
7700.23,101.01,19.8118
7701.23,100.64,19.8118
7702.23,100.59,19.8118
7703.23,103.11,19.8118
7704.24,100.49,19.8119
7705.24,100.57,19.8118
7706.24,100.99,19.8118
7707.24,100.57,19.8118
7708.24,100.63,19.8117
7709.24,101.22,19.85
7710.24,100.59,19.85
7711.25,101.02,19.85
7712.25,100.64,19.85
7713.25,100.72,19.8499
7714.25,101.08,19.85
7715.25,100.67,19.85
7716.25,100.67,19.85
7717.25,101.03,19.85
7718.26,100.66,19.8499
7719.26,101.1,19.85
7720.26,100.66,19.8499
7721.26,100.71,19.8499
7722.26,101.06,19.8499
7723.26,100.74,19.8499
7724.27,101.29,19.8502
7725.27,100.66,19.8502
7726.27,100.56,19.8501
7727.27,101.05,19.8501
7728.27,100.63,19.8501
7729.27,100.65,19.8501
7730.27,101.06,19.8501
7731.28,100.69,19.8501
7732.28,100.67,19.8501
7733.28,101.16,19.8501
7734.28,100.68,19.8501
7735.28,100.53,19.8503
7736.28,101.04,19.8503
7737.28,100.67,19.8503
7738.29,101.76,19.887
7739.29,100.55,19.8869
7740.29,100.65,19.8868
7741.29,101.07,19.8868
7742.29,100.64,19.8868
7743.29,100.75,19.8868
7744.29,101.03,19.8871
7745.3,100.44,19.8868
7746.3,100.5,19.8868
7747.3,101.15,19.887
7748.3,100.49,19.8868
7749.3,100.56,19.8869
7750.3,100.98,19.8869
7751.3,100.71,19.887
7752.3,100.93,19.8871
7753.31,101.15,19.8871
7754.31,100.48,19.8871
7755.31,100.46,19.887
7756.31,100.89,19.8869
7757.31,100.56,19.8869
7758.31,100.69,19.887
7759.31,100.75,19.8872
7760.31,101.07,19.8872
7761.32,100.51,19.8872
7762.32,100.9,19.8872
7763.32,100.57,19.8871
7764.32,100.71,19.887
7765.32,101.02,19.8871
7766.32,100.44,19.8986
7767.32,100.67,19.9208
7768.33,100.92,19.9208
7769.33,100.55,19.9207
7770.33,101.23,19.9207
7771.33,101.08,19.9208
7772.33,100.73,19.9209
7773.33,100.82,19.9208
7774.33,100.66,19.9208
7775.33,100.86,19.9208
7776.34,100.65,19.9208
7777.34,101.05,19.9209
7778.34,100.46,19.9208
7779.34,100.51,19.9209
7780.34,100.87,19.9209
7781.34,100.7,19.9209
7782.35,100.85,19.9209
7783.35,100.94,19.921
7784.35,100.64,19.9211
7785.35,101.05,19.921
7786.35,100.64,19.9209
7787.35,100.65,19.9209
7788.35,101.09,19.9209
7789.36,100.73,19.9209
7790.36,101.09,19.9209
7791.36,100.69,19.9209
7792.36,100.75,19.921
7793.36,101.17,19.921
7794.36,100.71,19.9211
7795.36,100.68,19.9211
7796.37,101.25,19.952
7797.37,100.67,19.952
7798.37,100.53,19.952
7799.37,101.07,19.952
7800.37,100.66,19.952
7801.37,101.08,19.952
7802.37,100.77,19.952
7803.38,100.53,19.952
7804.38,101.03,19.9521
7805.38,100.54,19.9521
7806.38,101.05,19.9521
7807.38,100.66,19.952
7808.38,100.64,19.952
7809.39,100.99,19.952
7810.39,100.6,19.952
7811.39,100.89,19.952
7812.39,101.06,19.952
7813.39,100.71,19.9521
7814.39,101.11,19.9521
7815.39,100.64,19.9521
7816.4,100.44,19.9521
7817.4,100.9,19.9521
7818.4,100.53,19.952
7819.4,100.54,19.952
7820.4,101.02,19.952
7821.4,100.59,19.9521
7822.4,100.53,19.952
7823.41,101.01,19.9521
7824.41,100.57,19.9523
7825.41,101.65,19.9805
7826.41,100.51,19.9805
7827.41,100.51,19.9805
7828.41,100.89,19.9805
7829.42,100.53,19.9804
7830.42,100.86,19.9804
7831.42,100.49,19.9803
7832.42,100.62,19.9803
7833.42,101.15,19.9803
7834.42,100.58,19.9803
7835.42,100.65,19.9803
7836.43,101.07,19.9803
7837.43,100.66,19.9803
7838.43,100.98,19.9803
7839.43,100.76,19.9807
7840.43,100.56,19.9806
7841.43,101.11,19.9806
7842.44,100.56,19.9806
7843.44,100.73,19.9806
7844.44,101.15,19.9807
7845.44,100.61,19.9806
7846.44,100.85,19.9806
7847.44,100.7,19.9806
7848.44,100.59,19.9806
7849.45,100.98,19.9807
7850.45,100.54,19.9807
7851.45,101.05,19.9807
7852.45,100.66,19.9807
7853.45,100.74,19.9805
7854.45,101.29,19.987
7855.46,100.58,19.9868
7856.46,100.45,19.9868
7857.46,100.94,19.9869
7858.46,100.58,19.9868
7859.46,101.08,19.9868
7860.46,100.55,19.9868
7861.46,100.65,19.9868
7862.47,101.01,19.9868
7863.47,100.64,19.987
7864.47,101.05,19.987
7865.47,100.45,19.987
7866.47,100.45,19.987
7867.47,100.9,19.987
7868.48,100.52,19.987
7869.48,100.83,19.9871
7870.48,100.82,19.9871
7871.48,100.47,19.9871
7872.48,100.84,19.9871
7873.48,100.5,19.9871
7874.48,100.69,19.9871
7875.49,101.11,19.9871
7876.49,100.71,19.9871
7877.49,101.08,19.9871
7878.49,100.68,19.9871
7879.49,100.7,19.9871
7880.49,101.12,19.9871
7881.5,100.6,19.9871
7882.5,100.55,19.9871
7883.5,101.08,19.9871
7884.5,100.86,19.9873
7885.5,100.97,19.9872
7886.5,100.54,19.9872
7887.5,100.57,19.9872
7888.51,100.97,19.9871
7889.51,100.61,19.9872
7890.51,100.56,19.9872
7891.51,100.93,19.9872
7892.51,100.48,19.9872
7893.51,100.94,19.9872
7894.51,100.51,19.9872
7895.52,100.55,19.9872
7896.52,101.09,19.9872
7897.52,100.63,19.9872
7898.52,101.39,19.9873
7899.52,101.04,19.9872
7900.52,100.65,19.9872
7901.52,100.7,19.9872
7902.53,101.07,19.9872
7903.53,100.74,19.9872
7904.53,101.13,19.9872
7905.53,100.66,19.9872
7906.53,100.69,19.9872
7907.53,101.09,19.9872
7908.54,100.67,19.9872
7909.54,100.72,19.9873
7910.54,101.06,19.9873
7911.54,100.64,19.9873
7912.54,101.08,19.9873
7913.54,100.73,19.9873
7914.54,100.88,19.9874
7915.55,101.13,19.9874
7916.55,100.66,19.9874
7917.55,100.67,19.9874
7918.55,101.12,19.9874
7919.55,100.69,19.9874
7920.55,100.65,19.9874
7921.55,101.09,19.9874
7922.56,100.66,19.9874
7923.56,100.75,19.9874
7924.56,101.14,19.9875
7925.56,100.66,19.9875
7926.56,100.67,19.9875
7927.56,101.07,19.9875
7928.56,100.86,19.9875
7929.57,101.07,19.9875
7930.57,100.67,19.9875
7931.57,100.74,19.9875
7932.57,101.15,19.9875
7933.57,100.66,19.9875
7934.57,100.68,19.9876
7935.57,101.06,19.9876
7936.58,100.71,19.9876
7937.58,100.68,19.9875
7938.58,101.11,19.9876
7939.58,100.67,19.9876
7940.58,100.93,19.9876
7941.58,100.67,19.9876
7942.58,100.59,19.9875
7943.59,101.13,19.9876
7944.59,100.72,19.9877
7945.59,100.91,19.9876
7946.59,100.66,19.9876
7947.59,100.46,19.9876
7948.59,100.9,19.9876
7949.6,100.44,19.9876
7950.6,100.57,19.9876
7951.6,101.1,19.9876
7952.6,100.61,19.9877
7953.6,100.66,19.9877
7954.6,100.93,19.9877
7955.6,100.45,19.9877
7956.61,100.85,19.9876
7957.61,100.49,19.9876
7958.61,100.73,19.9876
7959.61,101.31,19.9876
7960.61,100.63,19.9876
7961.61,100.51,19.9877
7962.61,100.86,19.9877
7963.62,100.57,19.9877
7964.62,100.45,19.9877
7965.62,100.9,19.9877
7966.62,100.67,19.9877
7967.62,101.09,19.9877
7968.62,100.69,19.9877
7969.62,101.15,19.9877
7970.63,101.16,19.9877
7971.63,100.67,19.9877
7972.63,100.7,19.9877
7973.63,101.86,19.9878
7974.63,100.58,19.9878
7975.63,100.58,19.9877
7976.63,101.0,19.9877
7977.63,100.53,19.9877
7978.64,100.59,19.9877
7979.64,100.99,19.9877
7980.64,100.56,19.9876
7981.64,100.56,19.9876
7982.64,100.98,19.9876
7983.64,100.67,19.9876
7984.65,101.02,19.9876
7985.65,100.6,19.9876
7986.65,100.45,19.9876
7987.65,101.05,19.9876
7988.65,100.93,19.9878
7989.65,100.66,19.9878
7990.65,100.99,19.9877
7991.66,100.69,19.9878
7992.66,100.89,19.9877
7993.66,100.61,19.9878
7994.66,100.66,19.9877
7995.66,100.9,19.9877
7996.66,100.43,19.9878
7997.67,101.0,19.9878
7998.67,100.48,19.9878
7999.67,100.43,19.9878
8000.67,100.84,19.9877
8001.67,100.54,19.9877
8002.67,100.98,19.9877
8003.67,101.32,19.9879
8004.68,101.0,19.9879
8005.68,100.96,19.9879
8006.68,100.56,19.9879
8007.68,100.6,19.9878
8008.68,101.09,19.9878
8009.68,100.6,19.9877
8010.68,100.5,19.9877
8011.69,100.89,19.9877
8012.69,100.44,19.9877
8013.69,100.8,19.9877
8014.69,101.11,19.9877
8015.69,100.64,19.9877
8016.69,100.64,19.9877
8017.69,101.0,19.9877
8018.69,100.8,19.9879
8019.7,100.63,19.9877
8020.7,100.98,19.9877
8021.7,100.52,19.9877
8022.7,100.6,19.9877
8023.7,101.07,19.9879
8024.7,100.57,19.9879
8025.7,100.55,19.9877
8026.71,100.94,19.9877
8027.71,100.57,19.9877
8028.71,101.0,19.9879
8029.71,100.55,19.9879
8030.71,100.53,19.9879
8031.71,101.05,19.9877
8032.72,100.55,19.9877
8033.72,101.35,19.9879
8034.72,100.57,19.9877
8035.72,100.61,19.9877
8036.72,100.98,19.9877
8037.72,100.63,19.9879
8038.72,100.59,19.9879
8039.73,101.1,19.9879
8040.73,100.63,19.9879
8041.73,100.67,19.9877
8042.73,101.07,19.9877
8043.73,100.68,19.9879
8044.73,102.01,19.9879
8045.73,101.02,19.9877
8046.74,100.64,19.9877
8047.74,101.09,19.9879
8048.74,101.45,19.988
8049.74,100.67,19.9878
8050.74,101.02,19.9879
8051.74,100.66,19.9879
8052.75,101.05,19.9879
8053.75,100.79,19.9879
8054.75,100.64,19.9879
8055.75,101.1,19.9878
8056.75,100.65,19.9878
8057.75,100.65,19.9878
8058.75,101.19,19.9878
8059.75,100.72,19.9878
8060.76,100.65,19.9878
8061.76,101.05,19.9878
8062.76,100.68,19.9878
8063.76,101.11,19.9878
8064.76,101.13,19.9878
8065.76,100.71,19.9878
8066.76,100.65,19.9878
8067.77,101.02,19.9878
8068.77,100.7,19.9879
8069.77,101.08,19.9878
8070.77,100.56,19.9878
8071.77,100.58,19.9878
8072.77,101.05,19.9878
8073.77,100.65,19.9878
8074.78,100.55,19.9878
8075.78,100.93,19.9878
8076.78,100.58,19.9878
8077.78,100.59,19.9878
8078.78,101.32,19.9882
8079.78,100.68,19.9879
8080.79,101.09,19.9879
8081.79,100.65,19.9879
8082.79,100.52,19.9879
8083.79,101.16,19.9879
8084.79,100.66,19.9879
8085.79,100.65,19.9879
8086.79,101.07,19.9879
8087.8,100.63,19.9881
8088.8,101.13,19.9879
8089.8,100.71,19.9879
8090.8,100.66,19.9879
8091.8,101.06,19.9879
8092.8,100.66,19.9879
8093.81,101.11,19.9879
8094.81,100.7,19.9878
8095.81,100.46,19.9878
8096.81,100.9,19.9878
8097.81,100.52,19.9878
8098.81,100.68,19.988
8099.81,100.97,19.9878
8100.81,100.56,19.9878
8101.82,100.55,19.9878
8102.82,100.95,19.9878
8103.82,100.77,19.9878
8104.82,101.05,19.9878
8105.82,100.51,19.9878
8106.83,100.82,19.988
8107.83,100.46,19.9879
8108.83,100.5,19.988
8109.83,101.29,19.9882
8110.83,100.74,19.9882
8111.83,100.9,19.9881
8112.84,100.47,19.9881
8113.84,101.02,19.9881
8114.84,100.54,19.9881
8115.84,100.56,19.9881
8116.84,100.94,19.9882
8117.84,100.56,19.9882
8118.84,100.65,19.9882
8119.85,101.02,19.9882
8120.85,100.58,19.9883
8121.85,101.0,19.9882
8122.85,100.6,19.9881
8123.85,100.67,19.988
8124.85,101.59,19.9881
8125.86,100.5,19.988
8126.86,101.13,19.988
8127.86,100.67,19.988
8128.86,100.54,19.9881
8129.86,100.92,19.9881
8130.86,100.51,19.9881
8131.86,100.51,19.988
8132.87,100.94,19.988
8133.87,100.69,19.988
8134.87,101.01,19.988
8135.87,100.52,19.988
8136.87,100.49,19.9881
8137.87,101.01,19.988
8138.88,100.56,19.9881
8139.88,101.08,19.9882
8140.88,100.55,19.9882
8141.88,100.44,19.9882
8142.88,100.9,19.9883
8143.88,100.62,19.9883
8144.88,100.92,19.9883
8145.89,100.38,19.9883
8146.89,100.46,19.9882
8147.89,100.91,19.9882
8148.89,100.51,19.9882
8149.89,100.46,19.9882
8150.89,100.9,19.9882
8151.89,100.47,19.9882
8152.9,100.45,19.9882
8153.9,101.07,19.9883
8154.9,100.82,19.9883
8155.9,100.44,19.9882
8156.9,100.78,19.9882
8157.9,100.53,19.9882
8158.9,100.49,19.9883
8159.91,100.86,19.9882
8160.91,100.44,19.9882
8161.91,100.82,19.9882
8162.91,100.46,19.9882
8163.91,100.55,19.9882
8164.91,100.92,19.9882
8165.91,100.43,19.9882
8166.92,100.39,19.9882
8167.92,102.28,19.9883
8168.92,100.64,19.9882
8169.92,100.52,19.9881
8170.92,101.22,19.9882
8171.92,100.52,19.9882
8172.93,100.97,19.9881
8173.93,100.61,19.9882
8174.93,100.54,19.9882
8175.93,100.94,19.9881
8176.93,100.31,19.9881
8177.93,100.87,19.9881
8178.94,100.54,19.9881
8179.94,100.56,19.9881
8180.94,100.88,19.9881
8181.94,100.45,19.9881
8182.94,100.98,19.9881
8183.94,100.62,19.9881
8184.94,100.72,19.9882
8185.95,101.37,19.9883
8186.95,100.51,19.9881
8187.95,100.61,19.9881
8188.95,101.16,19.9883
8189.95,100.5,19.9881
8190.95,100.43,19.9881
8191.96,100.74,19.9881
8192.96,101.02,19.9881
8193.96,100.71,19.9883
8194.96,100.66,19.9881
8195.96,101.04,19.9881
8196.96,100.76,19.9883
8197.96,100.7,19.9881
8198.96,100.75,19.9881
8199.97,101.12,19.9881
8200.97,101.38,19.9883
8201.97,101.01,19.9883
8202.97,100.69,19.9883
8203.97,100.77,19.9883
8204.97,101.06,19.9883
8205.97,100.65,19.9881
8206.98,100.62,19.9881
8207.98,100.91,19.9881
8208.98,100.62,19.9883
8209.98,100.66,19.988
8210.98,100.98,19.9882
8211.98,100.61,19.9882
8212.98,100.49,19.9882
8213.99,101.04,19.9883
8214.99,100.54,19.9882
8215.99,100.82,19.9884
8216.99,101.07,19.9883
8217.99,100.68,19.9883
8218.99,101.03,19.9882
8219.99,100.45,19.9882
8221.0,100.44,19.9882
8222.0,100.92,19.9882
8223.0,100.58,19.9882
8224.0,100.95,19.9882
8225.0,100.41,19.9882
8226.0,100.68,19.9882
8227.01,100.9,19.9882
8228.01,100.53,19.9882
8229.01,100.51,19.9883
8230.01,100.84,19.9883
8231.01,100.77,19.9884
8232.01,100.94,19.9884
8233.02,100.59,19.9883
8234.02,100.72,19.9883
8235.02,100.97,19.9883
8236.02,100.47,19.9883
8237.02,101.01,19.9882
8238.02,100.67,19.9882
8239.02,100.73,19.9882
8240.03,101.08,19.9882
8241.03,100.68,19.9882
8242.03,100.7,19.9882
8243.03,101.11,19.9882
8244.03,100.81,19.9882
8245.03,101.14,19.9882
8246.03,100.62,19.9885
8247.04,100.46,19.9884
8248.04,100.88,19.9884
8249.04,100.79,19.9884
8250.04,100.68,19.9884
8251.04,100.97,19.9883
8252.04,100.69,19.9883
8253.04,100.56,19.9883
8254.05,101.14,19.9884
8255.05,100.54,19.9883
8256.05,100.94,19.9883
8257.05,100.62,19.9883
8258.05,100.63,19.9883
8259.05,101.11,19.9883
8260.06,100.64,19.9884
8261.06,101.34,19.9884
8262.06,100.62,19.9884
8263.06,100.59,19.9885
8264.06,101.27,19.9885
8265.06,100.67,19.9885
8266.06,100.59,19.9884
8267.07,101.01,19.9884
8268.07,100.59,19.9884
8269.07,100.64,19.9885
8270.07,101.0,19.9885
8271.07,100.6,19.9885
8272.07,100.96,19.9885
8273.07,100.51,19.9885
8274.08,100.62,19.9886
8275.08,100.91,19.9886
8276.08,101.28,19.9885
8277.08,101.03,19.9885
8278.08,100.56,19.9885
8279.08,100.66,19.9886
8280.09,101.04,19.9884
8281.09,100.49,19.9884
8282.09,100.52,19.9885
8283.09,101.02,19.9885
8284.09,100.8,19.9884
8285.09,101.09,19.9884
8286.09,100.47,19.9884
8287.1,100.48,19.9884
8288.1,101.09,19.9884
8289.1,100.71,19.9886
8290.1,100.65,19.9885
8291.1,101.31,19.9887
8292.1,100.58,19.9886
8293.1,100.57,19.9886
8294.11,101.03,19.9886
8295.11,100.57,19.9885
8296.11,101.01,19.9885
8297.11,100.66,19.9885
8298.11,100.67,19.9885
8299.11,101.12,19.9885
8300.11,100.74,19.9885
8301.12,100.57,19.9885
8302.12,100.95,19.9885
8303.12,100.46,19.9885
8304.12,100.74,19.9885
8305.12,101.08,19.9885
8306.12,100.87,19.9887
8307.13,101.05,19.9887
8308.13,100.46,19.9886
8309.13,100.5,19.9887
8310.13,100.86,19.9886
8311.13,100.45,19.9887
8312.13,100.89,19.9887
8313.13,100.51,19.9887
8314.14,100.67,19.9886
8315.14,100.95,19.9886
8316.14,100.6,19.9886
8317.14,100.68,19.9886
8318.14,101.05,19.9886
8319.14,100.7,19.9886
8320.14,100.71,19.9886
8321.15,101.1,19.9886
8322.15,100.85,19.9886
8323.15,100.95,19.9886
8324.15,100.57,19.9886
8325.15,100.63,19.9886
8326.15,101.0,19.9886
8327.16,100.66,19.9888
8328.16,101.07,19.9887
8329.16,100.66,19.9887
8330.16,100.52,19.9887
8331.16,101.06,19.9887
8332.16,100.68,19.9887
8333.16,100.76,19.9887
8334.17,101.07,19.9887
8335.17,100.59,19.9887
8336.17,100.69,19.9887
8337.17,101.59,19.9887
8338.17,100.69,19.9887
8339.17,100.71,19.9887
8340.17,100.94,19.9887
8341.18,100.64,19.9887
8342.18,100.67,19.9887
8343.18,101.11,19.9887
8344.18,100.78,19.9885
8345.18,100.54,19.9885
8346.18,101.08,19.9885
8347.18,100.67,19.9885
8348.19,100.96,19.9887
8349.19,100.68,19.9885
8350.19,100.67,19.9886
8351.19,101.08,19.9886
8352.19,101.33,19.9889
8353.19,100.72,19.9888
8354.19,101.08,19.9888
8355.2,100.64,19.9888
8356.2,101.06,19.9888
8357.2,100.67,19.9888
8358.2,100.68,19.9888
8359.2,101.11,19.9888
8360.2,100.65,19.9888
8361.2,100.68,19.9888
8362.21,100.93,19.9889
8363.21,100.51,19.9889
8364.21,100.54,19.9889
8365.21,101.02,19.9888
8366.21,100.87,19.9904
8367.21,101.07,19.9902
8368.22,100.69,19.9902
8369.22,100.7,19.9904
8370.22,100.89,19.9904
8371.22,100.61,19.9902
8372.22,101.1,19.9902
8373.22,100.62,19.9904
8374.22,100.59,19.9902
8375.23,101.13,19.9904
8376.23,100.65,19.9904
8377.23,100.68,19.9902
8378.23,101.09,19.9902
8379.23,100.71,19.9902
8380.23,100.55,19.9902
8381.23,101.34,19.9904
8382.24,100.51,19.9904
8383.24,100.95,19.9904
8384.24,100.49,19.9905
8385.24,100.51,19.9904
8386.24,101.06,19.9904
8387.24,100.68,19.9904
8388.24,100.69,19.9904
8389.25,101.09,19.9904
8390.25,100.68,19.9904
8391.25,101.07,19.9904
8392.25,100.67,19.9904
8393.25,100.7,19.9904
8394.25,100.97,19.9904
8395.26,100.63,19.9904
8396.26,100.65,19.9904
8397.26,101.49,19.9923
8398.26,100.62,19.9923
8399.26,100.65,19.9923
8400.26,101.05,19.9923
8401.26,100.65,19.9923
8402.27,101.03,19.9923
8403.27,100.68,19.9924
8404.27,100.6,19.9923
8405.27,100.99,19.9923
8406.27,100.56,19.9924
8407.27,100.89,19.9923
8408.27,100.45,19.9923
8409.28,100.63,19.9923
8410.28,101.05,19.9923
8411.28,100.67,19.9923
8412.28,100.51,19.9923
8413.28,101.52,19.9925
8414.28,100.49,19.9924
8415.29,100.93,19.9923
8416.29,100.46,19.9923
8417.29,100.48,19.9923
8418.29,100.88,19.9923
8419.29,100.53,19.9924
8420.29,101.09,19.9924
8421.29,100.5,19.9924
8422.3,100.45,19.9924
8423.3,100.92,19.9925
8424.3,100.68,19.9925
8425.3,100.44,19.9924
8426.3,100.81,19.9924
8427.3,101.1,19.9936
8428.31,100.87,19.9936
8429.31,100.49,19.9936
8430.31,100.59,19.9935
8431.31,101.04,19.9935
8432.31,100.66,19.9934
8433.31,100.75,19.9935
8434.31,101.03,19.9935
8435.32,100.63,19.9936
8436.32,101.01,19.9935
8437.32,100.76,19.9936
8438.32,100.67,19.9935
8439.32,101.1,19.9936
8440.32,100.67,19.9936
8441.32,100.7,19.9936
8442.33,101.29,19.9937
8443.33,103.4,19.9937
8444.33,100.67,19.9937
8445.33,101.1,19.9937
8446.33,100.64,19.9936
8447.33,100.62,19.9936
8448.33,101.13,19.9936
8449.33,100.7,19.9936
8450.34,100.64,19.9937
8451.34,101.13,19.9936
8452.34,100.66,19.9936
8453.34,100.74,19.9938
8454.34,100.9,19.9936
8455.34,101.03,19.9937
8456.34,100.52,19.9937
8457.35,101.06,19.9937
8458.35,100.87,19.9951
8459.35,101.08,19.9951
8460.35,100.69,19.9951
8461.35,100.43,19.9951
8462.35,100.97,19.9952
8463.36,100.74,19.9951
8464.36,100.72,19.9952
8465.36,101.07,19.995
8466.36,100.5,19.9951
8467.36,100.99,19.9951
8468.36,100.66,19.9951
8469.36,100.75,19.9952
8470.37,101.05,19.9952
8471.37,100.7,19.9953
8472.37,101.08,19.9953
8473.37,100.85,19.9952
8474.37,100.71,19.9953
8475.37,101.07,19.9952
8476.38,100.6,19.9952
8477.38,100.64,19.9952
8478.38,101.0,19.9952
8479.38,100.71,19.9953
8480.38,101.07,19.9953
8481.38,100.66,19.9953
8482.38,100.67,19.9952
8483.39,101.11,19.9952
8484.39,100.73,19.9954
8485.39,100.67,19.9953
8486.39,101.06,19.9954
8487.39,100.65,19.9955
8488.39,101.59,19.9959
8489.39,100.7,19.9959
8490.4,100.65,19.9958
8491.4,101.06,19.9958
8492.4,100.66,19.9958
8493.4,101.12,19.9958
8494.4,100.71,19.9958
8495.4,100.68,19.9958
8496.41,101.05,19.9958
8497.41,100.65,19.9958
8498.41,100.66,19.9958
8499.41,101.18,19.9958
8500.41,100.68,19.9958
8501.41,100.7,19.9958
8502.41,101.15,19.9958
8503.41,101.21,19.9961
8504.42,100.69,19.9959
8505.42,101.03,19.9959
8506.42,100.61,19.9959
8507.42,100.58,19.9959
8508.42,100.87,19.9959
8509.42,100.62,19.9959
8510.43,101.07,19.996
8511.43,100.61,19.9959
8512.43,100.46,19.9959
8513.43,100.55,19.9959
8514.43,100.89,19.9959
8515.43,100.63,19.9959
8516.43,101.04,19.9959
8517.43,100.54,19.9959
8518.44,101.0,19.9969
8519.44,100.69,19.997
8520.44,100.69,19.997
8521.44,100.68,19.997
8522.44,100.91,19.997
8523.44,100.56,19.9971
8524.44,100.58,19.997
8525.45,100.93,19.997
8526.45,100.57,19.997
8527.45,100.96,19.997
8528.45,100.54,19.997
8529.45,100.5,19.997
8530.45,100.94,19.9971
8531.45,100.66,19.9971
8532.46,100.65,19.997
8533.46,101.31,19.9971
8534.46,100.49,19.9971
8535.46,100.53,19.9971
8536.46,100.92,19.9971
8537.46,100.6,19.9971
8538.46,100.49,19.9972
8539.47,101.12,19.9971
8540.47,100.66,19.9971
8541.47,100.48,19.9971
8542.47,100.92,19.9971
8543.47,100.53,19.9972
8544.47,100.47,19.9971
8545.47,100.85,19.9971
8546.47,100.41,19.9971
8547.48,100.43,19.9971
8548.48,100.86,19.9971
8549.48,100.78,19.9977
8550.48,100.64,19.9977
8551.48,101.11,19.9977
8552.48,100.6,19.9978
8553.48,100.53,19.9978
8554.49,101.15,19.9977
8555.49,100.56,19.9977
8556.49,100.67,19.9977
8557.49,100.9,19.9977
8558.49,100.49,19.9977
8559.49,100.7,19.9978
8560.49,101.0,19.9977
8561.49,100.81,19.9977
8562.5,100.53,19.9977
8563.5,100.74,19.9977
8564.5,116.47,19.9979
8565.5,246.75,13.4001
8566.5,324.75,13.2508
8567.5,276.0,13.1071
8568.5,314.05,13.2576
8569.5,284.43,13.0698
8570.5,355.74,13.3412
8571.51,369.44,13.6561
8572.51,325.7,14.0155
8573.51,324.31,14.305
8574.51,218.17,14.5036
8575.51,112.47,14.639
8576.51,107.45,14.7274
8577.51,122.32,14.8236
8578.52,104.89,14.9138
8579.52,117.81,15.0585
8580.52,102.89,15.1715
8581.52,117.43,15.265
8582.52,104.08,15.3512
8583.52,103.81,15.4367
8584.52,105.78,15.5152
8585.53,101.19,15.5891
8586.53,113.74,15.6626
8587.53,101.4,15.7312
8588.53,101.27,15.7995
8589.53,100.56,15.864
8590.53,106.83,15.9292
8591.53,101.05,15.9924
8592.54,104.03,16.042
8593.54,102.21,16.1023
8594.54,101.06,16.1632
8595.54,100.67,16.2262
8596.54,126.95,16.2941
8597.54,108.72,16.3562
8598.54,101.01,16.4132
8599.55,101.54,16.4669
8600.55,100.67,16.524
8601.55,101.06,16.5705
8602.55,177.8,16.6259
8603.55,124.14,16.6844
8604.55,101.35,16.7546
8605.55,101.4,16.81
8606.56,100.71,16.8715
8607.56,103.48,16.9317
8608.56,101.2,16.9915
8609.56,101.02,17.0333
8610.56,101.12,17.0889
8611.56,100.65,17.1449
8612.56,100.62,17.1918
8613.57,100.88,17.2573
8614.57,100.58,17.3032
8615.57,100.58,17.3596
8616.57,103.95,17.4114
8617.57,100.63,17.4613
8618.57,100.98,17.5182
8619.57,100.46,17.5593
8620.58,100.61,17.6065
8621.58,101.6,17.6498
8622.58,100.43,17.6975
8623.58,102.86,17.7508
8624.58,103.34,17.7946
8625.58,100.59,17.8394
8626.59,100.94,17.8841
8627.59,128.52,17.9995
8628.59,100.69,17.9995
8629.59,101.02,17.9994
8630.59,100.65,18.0283
8631.59,100.64,18.0515
8632.59,101.11,18.0515
8633.6,100.77,18.0516
8634.6,101.05,18.0518
8635.6,100.9,18.0518
8636.6,100.61,18.0891
8637.6,100.85,18.1249
8638.6,100.49,18.152
8639.61,100.85,18.152
8640.61,100.54,18.152
8641.61,100.54,18.152
8642.61,101.11,18.152
8643.61,100.76,18.1519
8644.61,100.64,18.1518
8645.61,101.06,18.1518
8646.61,100.57,18.1518
8647.62,100.63,18.1518
8648.62,101.16,18.1519
8649.62,100.62,18.1518
8650.62,100.55,18.1518
8651.62,101.03,18.1518
8652.62,100.65,18.1519
8653.62,100.72,18.152
8654.63,100.93,18.152
8655.63,100.64,18.1518
8656.63,101.04,18.152
8657.63,100.52,18.1519
8658.63,100.55,18.1519
8659.63,101.02,18.1519
8660.63,100.68,18.1519
8661.64,100.71,18.1519
8662.64,101.06,18.1519
8663.64,100.74,18.152
8664.64,100.56,18.1519
8665.64,100.97,18.1519
8666.64,100.65,18.1519
8667.64,100.8,18.1519
8668.65,101.02,18.1521
8669.65,100.47,18.1521
8670.65,100.96,18.152
8671.65,100.61,18.152
8672.65,100.64,18.152
8673.65,101.08,18.1521
8674.66,100.6,18.152
8675.66,100.57,18.152
8676.66,101.02,18.152
8677.66,100.65,18.152
8678.66,101.11,18.1521
8679.66,100.64,18.1521
8680.66,100.58,18.1521
8681.67,100.93,18.1521
8682.67,100.62,18.1521
8683.67,103.72,18.1521
8684.67,101.07,18.1521
8685.67,100.63,18.152
8686.67,101.58,18.152
8687.67,101.05,18.152
8688.68,100.69,18.152
8689.68,100.63,18.152
8690.68,101.02,18.152
8691.68,100.83,18.1521
8692.68,100.64,18.1521
8693.68,101.54,18.1522
8694.68,100.69,18.1522
8695.69,101.08,18.1522
8696.69,100.62,18.1521
8697.69,100.64,18.1521
8698.69,101.06,18.1521
8699.69,100.65,18.1522
8700.69,100.51,18.1522
8701.69,101.05,18.1522
8702.7,100.63,18.1522
8703.7,100.75,18.1522
8704.7,101.07,18.1522
8705.7,100.67,18.1522
8706.7,101.14,18.1522
8707.7,100.63,18.1522
8708.7,100.85,18.1523
8709.71,103.6,18.1522
8710.71,100.62,18.1522
8711.71,100.59,18.1522
8712.71,101.07,18.1522
8713.71,100.69,18.1523
8714.71,100.54,18.1523
8715.71,101.06,18.1523
8716.71,100.67,18.1523
8717.72,100.64,18.1523
8718.72,101.11,18.1524
8719.72,100.69,18.1523
8720.72,100.52,18.1523
8721.72,100.96,18.1523
8722.72,100.66,18.1523
8723.73,101.41,18.1524
8724.73,100.65,18.1523
8725.73,100.52,18.1523
8726.73,101.01,18.1523
8727.73,100.42,18.1523
8728.73,104.66,18.1524
8729.73,100.89,18.1524
8730.74,100.52,18.1524
8731.74,100.9,18.1524
8732.74,100.56,18.1524
8733.74,100.79,18.1523
8734.74,101.03,18.1524
8735.74,100.64,18.1524
8736.74,100.62,18.1524
8737.75,100.98,18.1524
8738.75,100.67,18.1524
8739.75,100.6,18.1524
8740.75,101.06,18.1524
8741.75,100.63,18.1524
8742.75,100.94,18.1524
8743.75,100.7,18.1525
8744.76,100.6,18.1524
8745.76,101.02,18.1524
8746.76,100.64,18.1524
8747.76,100.65,18.1524
8748.76,101.38,18.1526
8749.76,102.42,18.1526
8750.76,100.53,18.1525
8751.77,101.05,18.1525
8752.77,100.63,18.1525
8753.77,101.06,18.1525
8754.77,100.65,18.1526
8755.77,100.66,18.1525
8756.77,101.02,18.1525
8757.78,100.66,18.1525
8758.78,100.53,18.1526
8759.78,100.86,18.1526
8760.78,100.54,18.1524
8761.78,101.05,18.1525
8762.78,100.59,18.1525
8763.78,101.59,18.1528
8764.79,101.04,18.1528
8765.79,100.69,18.1527
8766.79,100.62,18.1526
8767.79,101.0,18.1526
8768.79,100.69,18.1526
8769.79,100.65,18.1526
8770.79,101.08,18.1526
8771.8,100.66,18.1526
8772.8,100.57,18.1526
8773.8,101.15,18.1526
8774.8,100.66,18.1526
8775.8,101.08,18.1526
8776.8,100.63,18.1526
8777.8,100.55,18.1526
8778.81,101.16,18.1526
8779.81,100.65,18.1527
8780.81,100.67,18.1527
8781.81,101.01,18.1527
8782.81,100.45,18.1527
8783.81,100.54,18.1527
8784.81,100.88,18.1527
8785.82,100.46,18.1527
8786.82,100.45,18.1527
8787.82,100.86,18.1527
8788.82,100.5,18.1527
8789.82,100.94,18.1527
8790.82,100.66,18.1527
8791.82,100.67,18.1527
8792.83,101.1,18.1527
8793.83,100.95,18.1527
8794.83,100.69,18.1528
8795.83,101.16,18.1528
8796.83,100.61,18.1528
8797.83,101.9,18.1528
8798.83,102.89,18.1528
8799.83,100.65,18.1528
8800.84,100.79,18.1528
8801.84,101.12,18.1528
8802.84,100.65,18.1529
8803.84,100.75,18.1528
8804.84,101.08,18.1528
8805.84,101.1,18.1529
8806.84,100.63,18.1529
8807.84,100.65,18.1529
8808.85,101.08,18.1529
8809.85,100.64,18.1529
8810.85,101.05,18.1529
8811.85,100.65,18.1529
8812.85,100.64,18.1529
8813.85,101.14,18.153
8814.86,100.62,18.153
8815.86,100.68,18.153
8816.86,101.16,18.153
8817.86,100.65,18.153
8818.86,100.69,18.153
8819.86,101.05,18.153
8820.86,100.68,18.153
8821.86,100.63,18.153
8822.87,101.01,18.1529
8823.87,100.74,18.153
8824.87,101.04,18.153
8825.87,100.66,18.1531
8826.87,100.59,18.153
8827.87,101.06,18.153
8828.87,100.74,18.1531
8829.88,100.65,18.153
8830.88,100.67,18.153
8831.88,100.95,18.1531
8832.88,100.67,18.1531
8833.88,101.07,18.153
8834.88,100.64,18.153
8835.88,100.76,18.153
8836.88,100.64,18.153
8837.89,101.09,18.153
8838.89,102.29,18.153
8839.89,100.98,18.153
8840.89,100.44,18.153
8841.89,100.41,18.153
8842.89,117.48,18.2295
8843.89,100.75,18.2295
8844.9,100.53,18.2295
8845.9,100.99,18.2295
8846.9,100.64,18.2295
8847.9,100.67,18.2294
8848.9,101.0,18.2294
8849.9,100.44,18.2295
8850.9,100.49,18.2295
8851.91,100.94,18.2295
8852.91,100.47,18.2295
8853.91,101.01,18.2327
8854.91,100.79,18.2521
8855.91,100.63,18.2727
8856.91,101.08,18.2775
8857.91,100.67,18.2775
8858.92,100.56,18.2776
8859.92,100.89,18.2775
8860.92,100.52,18.2775
8861.92,100.51,18.2775
8862.92,100.96,18.2775
8863.92,100.57,18.2776
8864.93,100.93,18.2775
8865.93,100.6,18.2775
8866.93,100.79,18.2775
8867.93,101.04,18.2775
8868.93,100.6,18.2775
8869.93,100.61,18.2776
8870.93,104.48,18.2776
8871.93,100.57,18.2776
8872.94,100.46,18.2776
8873.94,101.06,18.2776
8874.94,100.59,18.2776
8875.94,100.82,18.2777
8876.94,117.71,18.28
8877.94,100.44,18.2799
8878.95,101.03,18.2798
8879.95,100.52,18.2799
8880.95,100.53,18.2799
8881.95,100.97,18.2799
8882.95,100.5,18.2799
8883.95,100.66,18.2799
8884.95,101.06,18.2799
8885.96,100.66,18.2799
8886.96,100.66,18.28
8887.96,101.02,18.2799
8888.96,100.62,18.2799
8889.96,101.03,18.2799
8890.96,100.64,18.28
8891.96,100.61,18.28
8892.97,101.1,18.2799
8893.97,100.7,18.2801
8894.97,100.57,18.28
8895.97,101.01,18.28
8896.97,100.58,18.28
8897.97,100.66,18.2801
8898.97,101.12,18.2802
8899.97,100.69,18.28
8900.98,100.65,18.28
8901.98,101.03,18.28
8902.98,100.64,18.2801
8903.98,100.77,18.2801
8904.98,101.06,18.2801
8905.98,100.65,18.2801
8906.98,100.67,18.2801
8907.99,101.03,18.28
8908.99,100.71,18.28
8909.99,101.06,18.2801
8910.99,100.56,18.2801
8911.99,101.21,18.2801
8912.99,101.03,18.2801
8914.0,101.39,18.2802
8915.0,100.67,18.2801
8916.0,100.87,18.2801
8917.0,100.66,18.2801
8918.0,101.03,18.2801
8919.0,100.71,18.2802
8920.0,100.64,18.2802
8921.01,101.05,18.2801
8922.01,100.65,18.2801
8923.01,100.63,18.2801
8924.01,101.12,18.2802
8925.01,100.64,18.2802
8926.01,100.64,18.2802
8927.01,101.05,18.2802
8928.02,100.63,18.2802
8929.02,100.66,18.2802
8930.02,101.13,18.2803
8931.02,100.57,18.2803
8932.02,100.47,18.2803
8933.02,101.13,18.2802
8934.02,100.75,18.2803
8935.02,100.64,18.2803
8936.03,101.04,18.2803
8937.03,100.64,18.2803
8938.03,100.64,18.2803
8939.03,101.07,18.2803
8940.03,100.63,18.2802
8941.03,100.64,18.2802
8942.03,100.94,18.2804
8943.04,100.55,18.2804
8944.04,100.58,18.2803
8945.04,100.97,18.2803
8946.04,100.62,18.2803
8947.04,101.04,18.2803
8948.04,100.6,18.2803
8949.04,102.24,18.2804
8950.04,100.76,18.2804
8951.05,101.09,18.2804
8952.05,100.65,18.2804
8953.05,101.07,18.2804
8954.05,100.78,18.2805
8955.05,100.65,18.2805
8956.05,101.05,18.2805
8957.06,100.46,18.2805
8958.06,100.68,18.2805
8959.06,101.11,18.2806
8960.06,100.68,18.2806
8961.06,100.64,18.2806
8962.06,101.03,18.2805
8963.06,100.64,18.2804
8964.07,101.76,18.2805
8965.07,100.67,18.2805
8966.07,100.72,18.2805
8967.07,101.04,18.2805
8968.07,100.63,18.2805
8969.07,100.71,18.2804
8970.07,100.97,18.2804
8971.07,100.65,18.2806
8972.08,100.66,18.2806
8973.08,101.04,18.2804
8974.08,101.67,18.2806
8975.08,100.64,18.2805
8976.08,101.08,18.2805
8977.08,100.66,18.2805
8978.09,101.06,18.2805
8979.09,100.69,18.2805
8980.09,100.87,18.2805
8981.09,101.11,18.2805
8982.09,100.74,18.2806
8983.09,100.63,18.2805
8984.09,101.15,18.2806
8985.09,100.65,18.2805
8986.1,100.65,18.2806
8987.1,100.96,18.2806
8988.1,100.56,18.2806
8989.1,100.64,18.2807
8990.1,101.13,18.2807
8991.1,100.56,18.2807
8992.1,100.63,18.2806
8993.11,101.05,18.2807
8994.11,100.73,18.2807
8995.11,100.65,18.2807
8996.11,101.04,18.2807
8997.11,100.63,18.2807
8998.11,100.65,18.2807
8999.11,101.08,18.2808
9000.12,100.65,18.2807
9001.12,101.01,18.2806
9002.12,100.67,18.2806
9003.12,100.62,18.2806
9004.12,101.15,18.2807
9005.12,100.6,18.2807
9006.12,100.66,18.2807
9007.13,101.14,18.2808
9008.13,100.64,18.2808
9009.13,100.68,18.2808
9010.13,101.13,18.2808
9011.13,100.69,18.2809
9012.13,100.65,18.2809
9013.13,101.07,18.2809
9014.13,106.98,18.2808
9015.14,200.45,18.2934
9016.14,146.52,18.3044
9017.14,100.67,18.3044
9018.14,100.62,18.3044
9019.14,101.09,18.3045
9020.14,101.01,18.2833
9021.14,100.62,18.2832
9022.15,101.0,18.2832
9023.15,100.64,18.2833
9024.15,100.78,18.2833
9025.15,100.89,18.2834
9026.15,101.71,18.2834
9027.15,101.03,18.2834
9028.15,100.66,18.2833
9029.16,100.7,18.2833
9030.16,101.05,18.2832
9031.16,100.67,18.2832
9032.16,100.66,18.2832
9033.16,101.13,18.2832
9034.16,100.69,18.2833
9035.16,100.64,18.2832
9036.17,101.06,18.2832
9037.17,100.66,18.2832
9038.17,100.66,18.2832
9039.17,101.14,18.2834
9040.17,100.66,18.2834
9041.17,100.68,18.2834
9042.17,101.44,18.2834
9043.17,100.72,18.2834
9044.18,100.7,18.2834
9045.18,101.06,18.2834
9046.18,100.54,18.2833
9047.18,100.54,18.2834
9048.18,101.27,18.2834
9049.18,100.52,18.2833
9050.18,100.55,18.2833
9051.19,100.91,18.2834
9052.19,100.68,18.2834
9053.19,101.05,18.2834
9054.19,100.85,18.2835
9055.19,100.43,18.2835
9056.19,100.86,18.2835
9057.2,100.58,18.2833
9058.2,100.65,18.2833
9059.2,100.96,18.2835
9060.2,100.49,18.2835
9061.2,100.61,18.2835
9062.2,101.08,18.2835
9063.2,100.71,18.2836
9064.2,101.02,18.2835
9065.21,101.1,18.2834
9066.21,100.62,18.2835
9067.21,100.56,18.2835
9068.21,100.96,18.2835
9069.21,100.59,18.2836
9070.21,100.52,18.2836
9071.21,101.08,18.2836
9072.21,100.5,18.2836
9073.22,100.53,18.2837
9074.22,100.98,18.2836
9075.22,100.59,18.2836
9076.22,100.64,18.2836
9077.22,100.96,18.2835
9078.22,100.66,18.2835
9079.22,100.77,18.2836
9080.22,100.63,18.2836
9081.23,100.98,18.2837
9082.23,100.63,18.2836
9083.23,100.73,18.2837
9084.23,101.07,18.2837
9085.23,100.52,18.2838
9086.23,100.63,18.2838
9087.23,100.97,18.2836
9088.24,100.6,18.2838
9089.24,101.54,18.2836
9090.24,100.56,18.2837
9091.24,100.6,18.2837
9092.24,100.61,18.2837
9093.24,101.01,18.2836
9094.24,100.68,18.2837
9095.24,100.58,18.2837
9096.25,101.09,18.2837
9097.25,100.44,18.2836
9098.25,100.51,18.2836
9099.25,100.99,18.2836
9100.25,100.57,18.2836
9101.25,100.65,18.2836
9102.25,101.03,18.2836
9103.25,101.14,18.2837
9104.26,100.52,18.2838
9105.26,100.85,18.2838
9106.26,100.51,18.2838
9107.26,100.45,18.2838
9108.26,100.85,18.2838
9109.26,100.59,18.2838
9110.27,101.21,18.2838
9111.27,100.58,18.2839
9112.27,100.43,18.2839
9113.27,101.07,18.2839
9114.27,100.6,18.284
9115.27,100.49,18.284
9116.27,100.96,18.284
9117.28,100.58,18.2838
9118.28,100.61,18.2838
9119.28,100.94,18.2838
9120.28,100.68,18.2838
9121.28,101.07,18.2838
9122.28,100.44,18.2839
9123.28,100.5,18.2839
9124.29,100.9,18.2839
9125.29,100.45,18.2839
9126.29,100.45,18.2839
9127.29,100.84,18.284
9128.29,100.44,18.284
9129.29,100.51,18.284
9130.29,100.96,18.284
9131.3,100.68,18.284
9132.3,100.96,18.284
9133.3,100.62,18.284
9134.3,100.72,18.2841
9135.3,100.87,18.284
9136.3,100.57,18.2838
9137.3,100.62,18.2838
9138.31,101.01,18.2837
9139.31,100.7,18.2839
9140.31,100.5,18.2839
9141.31,101.02,18.2839
9142.31,100.66,18.2839
9143.31,100.6,18.284
9144.31,101.0,18.2841
9145.32,100.63,18.2839
9146.32,100.61,18.2839
9147.32,101.0,18.2839
9148.32,100.62,18.2839
9149.32,101.07,18.2839
9150.32,100.53,18.2839
9151.32,100.94,18.2839
9152.33,100.91,18.2839
9153.33,100.61,18.2839
9154.33,100.54,18.284
9155.33,100.81,18.2839
9156.33,100.44,18.2839
9157.33,100.45,18.2839
9158.33,104.64,18.2839
9159.34,100.65,18.284
9160.34,100.87,18.284
9161.34,100.54,18.2841
9162.34,100.52,18.2841
9163.34,101.18,18.2841
9164.34,100.44,18.2842
9165.34,100.57,18.284
9166.35,101.0,18.284
9167.35,100.61,18.284
9168.35,100.65,18.284
9169.35,100.95,18.2841
9170.35,100.51,18.2841
9171.35,100.55,18.2841
9172.35,101.05,18.2842
9173.36,105.78,18.2842
9174.36,101.0,18.2842
9175.36,100.6,18.2841
9176.36,100.51,18.2841
9177.36,100.5,18.2841
9178.36,100.98,18.2841
9179.36,100.71,18.2843
9180.36,100.51,18.2843
9181.37,100.94,18.2843
9182.37,100.59,18.2843
9183.37,103.39,18.2843
9184.37,101.02,18.2843
9185.37,100.66,18.2842
9186.37,100.64,18.2842
9187.37,101.02,18.2842
9188.37,100.67,18.2842
9189.38,100.67,18.2842
9190.38,101.07,18.2842
9191.38,100.7,18.2843
9192.38,100.52,18.2843
9193.38,101.03,18.2843
9194.38,100.49,18.2844
9195.38,100.55,18.2844
9196.39,100.83,18.2842
9197.39,100.47,18.2842
9198.39,100.48,18.2844
9199.39,100.88,18.2844
9200.39,100.4,18.2844
9201.39,102.49,18.2844
9202.39,101.04,18.2843
9203.4,100.72,18.2843
9204.4,101.1,18.2843
9205.4,100.64,18.2844
9206.4,100.6,18.2844
9207.4,100.84,18.2844
9208.4,100.45,18.2844
9209.4,100.65,18.2845
9210.41,100.92,18.2845
9211.41,100.47,18.2845
9212.41,100.89,18.2845
9213.41,100.64,18.2845
9214.41,100.67,18.2844
9215.41,101.06,18.2844
9216.41,100.59,18.2844
9217.42,100.43,18.2844
9218.42,100.85,18.2844
9219.42,100.49,18.2844
9220.42,100.55,18.2844
9221.42,101.14,18.2844
9222.42,100.55,18.2844
9223.42,100.66,18.2845
9224.43,104.0,18.2846
9225.43,100.6,18.2844
9226.43,100.69,18.2844
9227.43,101.05,18.2844
9228.43,100.56,18.2844
9229.43,100.62,18.2845
9230.43,100.96,18.2845
9231.44,100.52,18.2845
9232.44,100.94,18.2845
9233.44,100.57,18.2846
9234.44,100.53,18.2846
9235.44,100.89,18.2845
9236.44,100.46,18.2845
9237.44,100.43,18.2845
9238.45,100.9,18.2845
9239.45,100.54,18.2846
9240.45,100.95,18.2845
9241.45,100.47,18.2845
9242.45,100.46,18.2845
9243.45,100.98,18.2847
9244.45,100.6,18.2847
9245.46,100.49,18.2847
9246.46,100.87,18.2846
9247.46,100.45,18.2846
9248.46,100.47,18.2846
9249.46,100.92,18.2846
9250.46,100.46,18.2846
9251.47,100.99,18.2847
9252.47,100.55,18.2846
9253.47,100.6,18.2847
9254.47,101.17,18.2846
9255.47,100.55,18.2846
9256.47,100.67,18.2846
9257.47,101.11,18.2846
9258.47,100.65,18.2846
9259.48,100.62,18.2848
9260.48,101.02,18.2847
9261.48,100.61,18.2847
9262.48,101.0,18.2848
9263.48,101.1,18.2848
9264.48,100.67,18.2848
9265.48,100.61,18.2848
9266.49,101.04,18.2847
9267.49,100.63,18.2847
9268.49,100.64,18.2847
9269.49,101.04,18.2848
9270.49,100.96,18.2848
9271.49,100.54,18.2848
9272.49,101.01,18.2848
9273.5,100.79,18.2848
9274.5,100.67,18.2848
9275.5,100.98,18.2848
9276.5,100.59,18.2848
9277.5,100.61,18.2848
9278.5,101.06,18.2848
9279.5,100.66,18.2849
9280.51,101.03,18.2848
9281.51,100.69,18.2848
9282.51,100.67,18.2848
9283.51,101.13,18.2848
9284.51,100.65,18.2849
9285.51,100.64,18.2849
9286.51,100.95,18.2848
9287.51,100.62,18.2848
9288.52,100.64,18.2848
9289.52,101.07,18.2848
9290.52,100.62,18.2848
9291.52,100.63,18.2848
9292.52,101.03,18.2848
9293.52,100.74,18.2849
9294.52,100.72,18.285
9295.53,100.98,18.2849
9296.53,100.65,18.2849
9297.53,101.05,18.2849
9298.53,100.68,18.2849
9299.53,100.69,18.2849
9300.53,101.06,18.2849
9301.53,100.63,18.2849
9302.54,100.66,18.2849
9303.54,101.08,18.2849
9304.54,100.8,18.2851
9305.54,100.47,18.2851
9306.54,100.87,18.2849
9307.54,100.63,18.2851
9308.54,100.57,18.2849
9309.55,101.13,18.285
9310.55,100.63,18.285
9311.55,100.65,18.285
9312.55,110.91,18.285
9313.55,115.33,18.2851
9314.55,100.69,18.2851
9315.55,101.1,18.2851
9316.55,100.65,18.2851
9317.56,100.64,18.2851
9318.56,101.15,18.285
9319.56,100.7,18.285
9320.56,100.64,18.285
9321.56,101.03,18.285
9322.56,100.67,18.285
9323.56,100.72,18.285
9324.57,102.75,18.2851
9325.57,100.66,18.2851
9326.57,100.57,18.2851
9327.57,101.02,18.2851
9328.57,100.64,18.2851
9329.57,100.75,18.2852
9330.57,100.64,18.2852
9331.57,101.03,18.2851
9332.58,100.63,18.2851
9333.58,101.14,18.2852
9334.58,100.66,18.2853
9335.58,100.63,18.2853
9336.58,100.72,18.2851
9337.58,101.01,18.2853
9338.58,100.47,18.2851
9339.58,100.45,18.2852
9340.59,100.85,18.2852
9341.59,101.35,18.2853
9342.59,101.06,18.2852
9343.59,100.7,18.2853
9344.59,100.67,18.2853
9345.59,101.03,18.2852
9346.59,100.64,18.2852
9347.6,100.62,18.2852
9348.6,101.16,18.2852
9349.6,100.55,18.2852
9350.6,100.64,18.2852
9351.6,101.04,18.2853
9352.6,101.04,18.2852
9353.6,100.76,18.2854
9354.61,101.04,18.2853
9355.61,100.63,18.2853
9356.61,100.62,18.2853
9357.61,101.1,18.2853
9358.61,100.7,18.2854
9359.61,100.66,18.2853
9360.61,101.12,18.2853
9361.61,100.61,18.2853
9362.62,100.65,18.2853
9363.62,101.15,18.2854
9364.62,100.58,18.2854
9365.62,100.62,18.2853
9366.62,101.07,18.2853
9367.62,100.64,18.2854
9368.62,100.78,18.2854
9369.62,100.61,18.2854
9370.63,101.04,18.2853
9371.63,100.66,18.2855
9372.63,101.04,18.2854
9373.63,100.74,18.2855
9374.63,100.66,18.2855
9375.63,101.58,18.2855
9376.64,100.65,18.2854
9377.64,100.6,18.2854
9378.64,101.09,18.2854
9379.64,100.66,18.2854
9380.64,101.06,18.2855
9381.64,100.65,18.2855
9382.64,100.67,18.2855
9383.65,101.17,18.2855
9384.65,100.6,18.2855
9385.65,100.66,18.2854
9386.65,101.05,18.2854
9387.65,100.65,18.2854
9388.65,100.71,18.2854
9389.65,101.04,18.2854
9390.66,100.63,18.2854
9391.66,100.99,18.2854
9392.66,100.58,18.2855
9393.66,101.14,18.2856
9394.66,100.94,18.2856
9395.66,100.49,18.2856
9396.66,100.52,18.2856
9397.67,101.04,18.2856
9398.67,100.69,18.2856
9399.67,101.07,18.2857
9400.67,116.71,18.2859
9401.67,100.69,18.2859
9402.67,101.05,18.2859
9403.67,107.64,18.286
9404.68,100.62,18.286
9405.68,101.06,18.286
9406.68,100.64,18.2859
9407.68,100.64,18.2859
9408.68,101.11,18.2859
9409.68,100.59,18.2861
9410.68,100.46,18.286
9411.69,100.83,18.286
9412.69,100.64,18.286
9413.69,101.05,18.286
9414.69,100.59,18.286
9415.69,100.7,18.2859
9416.69,101.08,18.2859
9417.7,100.65,18.2859
9418.7,100.69,18.2859
9419.7,101.02,18.2859
9420.7,100.7,18.2859
9421.7,101.08,18.2859
9422.7,100.64,18.2859
9423.7,100.73,18.2861
9424.71,101.11,18.286
9425.71,100.63,18.286
9426.71,100.63,18.286
9427.71,101.06,18.286
9428.71,100.65,18.286
9429.71,100.63,18.286
9430.71,101.09,18.286
9431.71,100.58,18.2861
9432.72,100.62,18.2861
9433.72,101.16,18.2861
9434.72,100.6,18.286
9435.72,100.63,18.286
9436.72,101.01,18.286
9437.72,100.54,18.2862
9438.72,100.66,18.2862
9439.73,100.98,18.2861
9440.73,100.62,18.2862
9441.73,100.64,18.2862
9442.73,101.02,18.2862
9443.73,100.71,18.2862
9444.73,100.69,18.2861
9445.73,101.04,18.2861
9446.73,100.64,18.2861
9447.74,100.63,18.2862
9448.74,101.08,18.2862
9449.74,100.65,18.2861
9450.74,100.52,18.2861
9451.74,100.83,18.2861
9452.74,100.42,18.2861
9453.75,101.0,18.2864
9454.75,100.6,18.2863
9455.75,100.64,18.2862
9456.75,101.05,18.2862
9457.75,100.63,18.2862
9458.75,100.66,18.2862
9459.75,101.04,18.2862
9460.75,100.77,18.2862
9461.76,100.65,18.2862
9462.76,101.04,18.2862
9463.76,100.74,18.2862
9464.76,100.63,18.2862
9465.76,101.04,18.2862
9466.76,100.65,18.2862
9467.76,100.65,18.2862
9468.77,101.11,18.2864
9469.77,100.65,18.2863
9470.77,101.03,18.2863
9471.77,100.65,18.2863
9472.77,100.64,18.2863
9473.77,101.14,18.2864
9474.78,100.61,18.2863
9475.78,100.57,18.2863
9476.78,101.08,18.2863
9477.78,100.64,18.2863
9478.78,100.67,18.2863
9479.78,101.03,18.2864
9480.78,100.64,18.2864
9481.79,101.06,18.2863
9482.79,101.0,18.2863
9483.79,100.75,18.2863
9484.79,101.07,18.2864
9485.79,100.67,18.2864
9486.79,100.65,18.2864
9487.79,101.06,18.2864
9488.79,100.66,18.2864
9489.8,100.6,18.2864
9490.8,101.09,18.2865
9491.8,100.59,18.2864
9492.8,100.71,18.2865
9493.8,101.12,18.2865
9494.8,100.65,18.2864
9495.8,100.64,18.2864
9496.81,100.99,18.2864
9497.81,100.64,18.2864
9498.81,100.7,18.2864
9499.81,101.03,18.2864
9500.81,100.64,18.2864
9501.81,100.63,18.2864
9502.81,101.02,18.2864
9503.82,100.69,18.2865
9504.82,101.05,18.2865
9505.82,100.64,18.2865
9506.82,100.64,18.2865
9507.82,101.03,18.2865
9508.82,100.68,18.2866
9509.82,100.63,18.2865
9510.83,101.05,18.2865
9511.83,100.54,18.2865
9512.83,100.59,18.2865
9513.83,101.15,18.2866
9514.83,100.66,18.2865
9515.83,101.03,18.2865
9516.83,100.61,18.2865
9517.84,100.64,18.2865
9518.84,101.15,18.2865
9519.84,100.58,18.2866
9520.84,100.52,18.2866
9521.84,100.91,18.2866
9522.84,100.43,18.2866
9523.84,100.55,18.2866
9524.85,101.13,18.2867
9525.85,100.66,18.2866
9526.85,100.65,18.2866
9527.85,101.03,18.2867
9528.85,100.71,18.2867
9529.85,100.63,18.2867
9530.85,100.89,18.2866
9531.86,100.44,18.2866
9532.86,100.43,18.2866
9533.86,100.96,18.2868
9534.86,100.52,18.2867
9535.86,100.62,18.2867
9536.86,101.04,18.2867
9537.86,100.62,18.2867
9538.87,101.04,18.2868
9539.87,100.41,18.2867
9540.87,100.48,18.2867
9541.87,101.02,18.2867
9542.87,100.49,18.2867
9543.87,100.77,18.2867
9544.87,101.07,18.2867
9545.87,100.46,18.2867
9546.88,100.44,18.2867
9547.88,100.87,18.2867
9548.88,100.56,18.2868
9549.88,100.48,18.2868
9550.88,100.91,18.2868
9551.88,100.42,18.2868
9552.88,100.43,18.2868
9553.89,101.01,18.2869
9554.89,100.43,18.2869
9555.89,100.64,18.2869
9556.89,100.94,18.2869
9557.89,100.62,18.2869
9558.89,100.65,18.2869
9559.89,101.87,18.2868
9560.89,100.6,18.2868
9561.9,100.61,18.2868
9562.9,101.07,18.2868
9563.9,100.78,18.2869
9564.9,100.7,18.2869
9565.9,101.1,18.2869
9566.9,100.62,18.2868
9567.9,100.54,18.2868
9568.9,100.49,18.287
9569.91,101.0,18.287
9570.91,100.65,18.287
9571.91,101.06,18.287
9572.91,100.66,18.287
9573.91,100.76,18.287
9574.91,101.1,18.287
9575.91,100.65,18.287
9576.92,100.64,18.287
9577.92,101.05,18.287
9578.92,100.7,18.2869
9579.92,100.66,18.2869
9580.92,101.07,18.2869
9581.92,100.59,18.2869
9582.93,100.83,18.2869
9583.93,100.63,18.287
9584.93,100.54,18.287
9585.93,100.81,18.287
9586.93,100.53,18.287
9587.93,100.41,18.287
9588.93,100.88,18.2871
9589.94,100.59,18.287
9590.94,100.58,18.287
9591.94,100.9,18.287
9592.94,100.43,18.287
9593.94,100.94,18.2871
9594.94,100.46,18.287
9595.94,100.86,18.287
9596.95,101.01,18.287
9597.95,100.59,18.287
9598.95,100.63,18.2871
9599.95,101.12,18.2872
9600.95,100.65,18.2872
9601.95,100.62,18.2872
9602.95,101.02,18.2872
9603.96,100.7,18.2872
9604.96,100.66,18.2872
9605.96,101.15,18.2872
9606.96,100.63,18.2872
9607.96,100.62,18.2872
9608.96,101.06,18.2873
9609.96,100.62,18.2871
9610.96,100.68,18.2873
9611.97,100.9,18.2871
9612.97,100.39,18.2871
9613.97,100.65,18.2873
9614.97,100.94,18.2872
9615.97,100.61,18.2872
9616.97,100.71,18.2872
9617.97,101.05,18.2872
9618.97,100.63,18.2872
9619.98,100.69,18.2872
9620.98,100.63,18.2872
9621.98,100.99,18.2872
9622.98,100.62,18.2873
9623.98,101.14,18.2872
9624.98,100.61,18.2872
9625.98,100.66,18.2872
9626.99,101.01,18.2872
9627.99,100.66,18.2872
9628.99,100.58,18.2874
9629.99,101.02,18.2873
9630.99,100.55,18.2873
9631.99,100.65,18.2873
9632.99,101.03,18.2873
9634.0,100.7,18.2874
9635.0,100.6,18.2873
9636.0,100.97,18.2873
9637.0,100.57,18.2873
9638.0,101.03,18.2873
9639.0,100.66,18.2874
9640.0,100.63,18.2873
9641.01,101.1,18.2873
9642.01,100.62,18.2873
9643.01,100.44,18.2873
9644.01,100.93,18.2875
9645.01,100.4,18.2875
9646.01,100.58,18.2874
9647.01,100.97,18.2874
9648.02,100.68,18.2874
9649.02,100.9,18.2875
9650.02,100.41,18.2874
9651.02,100.42,18.2874
9652.02,100.93,18.2874
9653.02,100.64,18.2874
9654.02,100.73,18.2875
9655.03,101.0,18.2875
9656.03,100.62,18.2875
9657.03,101.04,18.2874
9658.03,100.62,18.2874
9659.03,100.61,18.2875
9660.03,100.91,18.2874
9661.04,100.58,18.2874
9662.04,100.58,18.2874
9663.04,101.03,18.2874
9664.04,100.56,18.2875
9665.04,100.84,18.2875
9666.04,100.46,18.2875
9667.04,100.45,18.2875
9668.05,101.0,18.2875
9669.05,100.6,18.2875
9670.05,100.64,18.2875
9671.05,100.89,18.2876
9672.05,100.62,18.2875
9673.05,100.65,18.2876
9674.05,100.97,18.2876
9675.06,100.48,18.2874
9676.06,100.84,18.2875
9677.06,100.43,18.2875
9678.06,100.44,18.2875
9679.06,100.87,18.2877
9680.06,100.42,18.2877
9681.06,100.46,18.2877
9682.07,101.02,18.2877
9683.07,100.49,18.2877
9684.07,100.67,18.2877
9685.07,101.02,18.2876
9686.07,100.64,18.2876
9687.07,101.01,18.2876
9688.07,100.6,18.2877
9689.08,100.66,18.2877
9690.08,101.02,18.2876
9691.08,100.62,18.2876
9692.08,100.63,18.2876
9693.08,100.99,18.2876
9694.08,100.63,18.2878
9695.09,101.04,18.2878
9696.09,100.61,18.2877
9697.09,100.58,18.2877
9698.09,101.0,18.2877
9699.09,100.64,18.2877
9700.09,101.02,18.2877
9701.09,101.01,18.2877
9702.1,100.6,18.2877
9703.1,100.65,18.2878
9704.1,101.13,18.2878
9705.1,100.63,18.2877
9706.1,101.01,18.2877
9707.1,100.64,18.2877
9708.1,100.67,18.2877
9709.11,101.13,18.2878
9710.11,100.44,18.2878
9711.11,100.48,18.2878
9712.11,101.03,18.2878
9713.11,100.68,18.2878
9714.11,100.77,18.2879
9715.11,101.05,18.2879
9716.11,100.66,18.2878
9717.12,100.63,18.2878
9718.12,101.1,18.2878
9719.12,100.66,18.2878
9720.12,100.66,18.2878
9721.12,101.03,18.2878
9722.12,100.58,18.2878
9723.12,100.64,18.2878
9724.13,101.09,18.2879
9725.13,100.6,18.2879
9726.13,100.62,18.2879
9727.13,100.83,18.2879
9728.13,100.48,18.2879
9729.13,100.68,18.288
9730.13,100.96,18.288
9731.14,100.68,18.288
9732.14,101.01,18.2879
9733.14,100.68,18.2879
9734.14,100.73,18.288
9735.14,101.03,18.2879
9736.14,100.64,18.2879
9737.14,100.63,18.2879
9738.15,100.94,18.2879
9739.15,100.68,18.2881
9740.15,100.66,18.2881
9741.15,101.13,18.2881
9742.15,100.65,18.2881
9743.15,100.67,18.2881
9744.15,101.2,18.2882
9745.15,100.6,18.288
9746.16,100.61,18.2881
9747.16,101.14,18.288
9748.16,100.66,18.288
9749.16,100.72,18.288
9750.16,101.07,18.288
9751.16,100.68,18.288
9752.16,100.62,18.288
9753.17,101.1,18.2881
9754.17,100.73,18.2881
9755.17,100.63,18.2882
9756.17,101.02,18.288
9757.17,100.64,18.288
9758.17,100.65,18.288
9759.17,101.08,18.2881
9760.18,100.65,18.2881
9761.18,101.08,18.2881
9762.18,100.63,18.2881
9763.18,100.67,18.2882
9764.18,101.1,18.2881
9765.18,100.63,18.2881
9766.18,100.65,18.2881
9767.19,101.03,18.2881
9768.19,100.69,18.2881
9769.19,105.31,18.0863
9770.19,335.12,13.2212
9771.19,303.27,13.4276
9772.19,345.37,13.5944
9773.19,348.07,13.8569
9774.19,324.51,14.1492
9775.2,322.01,14.4587
9776.2,311.87,14.8386
9777.2,305.66,15.1519
9778.2,303.75,15.539
9779.2,302.78,15.8131
9780.2,303.73,16.1003
9781.21,303.54,16.3072
9782.21,300.69,16.491
9783.21,300.74,16.705
9784.21,302.41,16.9073
9785.21,301.99,17.0706
9786.21,315.04,17.3562
9787.21,201.76,17.779
9788.21,162.16,18.1334
9789.22,114.15,18.1659
9790.22,103.03,18.1659
9791.22,100.87,18.1659
9792.22,113.9,18.1659
9793.22,102.16,18.1659
9794.22,100.53,18.1659
9795.23,101.19,18.1659
9796.23,100.51,18.166
9797.23,100.47,18.2662
9798.23,100.88,18.2662
9799.23,108.12,18.2663
9800.23,108.08,18.2663
9801.23,102.38,18.2663
9802.24,134.59,18.4563
9803.24,101.16,18.4563
9804.24,104.07,18.4563
9805.24,100.73,18.4563
9806.24,101.13,18.4563
9807.24,100.69,18.4563
9808.24,100.7,18.4564
9809.25,101.15,18.4565
9810.25,100.76,18.4565
9811.25,101.36,18.4565
9812.25,101.07,18.4565
9813.25,100.7,18.4565
9814.25,123.67,18.4567
9815.25,100.65,18.4566
9816.26,100.66,18.4566
9817.26,101.36,18.4566
9818.26,100.66,18.4566
9819.26,100.73,18.4566
9820.26,101.14,18.4566
9821.26,101.57,18.4566
9822.26,100.66,18.4566
9823.27,101.14,18.4567
9824.27,100.72,18.4569
9825.27,125.23,18.4569
9826.27,100.6,18.4569
9827.27,100.61,18.4569
9828.27,101.15,18.4569
9829.27,100.62,18.4569
9830.28,100.6,18.4569
9831.28,101.14,18.457
9832.28,100.84,18.4569
9833.28,100.71,18.4569
9834.28,101.11,18.4569
9835.28,100.64,18.4569
9836.29,101.1,18.4569
9837.29,100.67,18.4569
9838.29,125.15,18.4569
9839.29,102.8,18.4569
9840.29,100.64,18.4569
9841.29,100.52,18.4569
9842.29,101.02,18.4569
9843.29,100.55,18.4569
9844.3,100.51,18.457
9845.3,100.98,18.4569
9846.3,100.56,18.4569
9847.3,100.54,18.4569
9848.3,100.99,18.4569
9849.3,131.59,18.5984
9850.3,100.64,18.5984
9851.31,101.09,18.5982
9852.31,100.45,18.5983
9853.31,100.52,18.5983
9854.31,100.94,18.5984
9855.31,100.44,18.5984
9856.31,100.55,18.5984
9857.31,100.97,18.5984
9858.31,100.51,18.5984
9859.32,100.71,18.5984
9860.32,100.94,18.5983
9861.32,100.67,18.7867
9862.32,100.64,19.1723
9863.32,100.7,19.4199
9864.32,157.03,19.8074
9865.32,100.62,19.8074
9866.32,100.97,19.8074
9867.33,100.69,19.8074
9868.33,100.64,19.8074
9869.33,101.09,19.8075
9870.33,100.67,19.8074
9871.33,100.64,19.8074
9872.33,100.95,19.8074
9873.34,100.71,19.8074
9874.34,100.7,19.8076
9875.34,101.03,19.8075
9876.34,104.97,19.8075
9877.34,101.07,19.8074
9878.34,100.64,19.8074
9879.34,101.06,19.808
9880.35,101.03,19.808
9881.35,100.59,19.808
9882.35,100.84,19.808
9883.35,100.5,19.8079
9884.35,100.58,19.8079
9885.35,101.03,19.8078
9886.35,100.57,19.8078
9887.36,100.52,19.8078
9888.36,101.0,19.8078
9889.36,100.49,19.808
9890.36,100.53,19.808
9891.36,100.92,19.808
9892.36,100.53,19.808
9893.37,101.09,19.8079
9894.37,100.93,19.8082
9895.37,100.64,19.8082
9896.37,100.97,19.8082
9897.37,100.53,19.8082
9898.37,100.52,19.8082
9899.37,100.98,19.8082
9900.38,100.52,19.8082
9901.38,100.94,19.8082
9902.38,100.54,19.8081
9903.38,100.61,19.8081
9904.38,103.73,19.8082
9905.38,100.55,19.8082
9906.38,100.51,19.8082
9907.39,100.94,19.8082
9908.39,101.33,19.8085
9909.39,100.66,19.8085
9910.39,101.07,19.8085
9911.39,100.61,19.8087
9912.39,100.63,19.8085
9913.39,101.14,19.8086
9914.39,100.63,19.8086
9915.4,100.97,19.8085
9916.4,100.95,19.8085
9917.4,100.52,19.8085
9918.4,100.54,19.8085
9919.4,100.98,19.8087
9920.4,100.55,19.8086
9921.41,100.95,19.8086
9922.41,100.73,19.8089
9923.41,100.62,19.8089
9924.41,101.03,19.8087
9925.41,100.6,19.8087
9926.41,100.59,19.8089
9927.41,100.85,19.8087
9928.42,100.54,19.8087
9929.42,100.51,19.8089
9930.42,100.85,19.8088
9931.42,100.46,19.8088
9932.42,100.92,19.8088
9933.42,100.52,19.8088
9934.42,100.49,19.8089
9935.43,100.93,19.8088
9936.43,100.91,19.809
9937.43,100.82,19.809
9938.43,100.45,19.809
9939.43,100.5,19.8091
9940.43,100.95,19.809
9941.44,100.61,19.809
9942.44,100.54,19.809
9943.44,101.45,19.809
9944.44,100.72,19.809
9945.44,100.9,19.809
9946.44,100.57,19.809
9947.44,100.48,19.809
9948.44,100.51,19.8091
9949.45,101.01,19.8091
9950.45,100.49,19.8091
9951.45,100.82,19.8092
9952.45,100.9,19.8092
9953.45,100.58,19.809
9954.45,100.5,19.8092
9955.45,100.86,19.8092
9956.46,100.48,19.8091
9957.46,100.86,19.8091
9958.46,100.47,19.8091
9959.46,100.51,19.8091
9960.46,100.84,19.8091
9961.46,100.45,19.8091
9962.47,100.95,19.8091
9963.47,100.62,19.8092
9964.47,100.6,19.8092
9965.47,101.1,19.8096
9966.47,100.45,19.8094
9967.47,100.42,19.8095
9968.47,100.82,19.8095
9969.48,100.61,19.8096
9970.48,101.03,19.8097
9971.48,100.62,19.8096
9972.48,100.51,19.8096
9973.48,101.13,19.8095
9974.48,100.66,19.8095
9975.48,100.47,19.8095
9976.49,100.91,19.8095
9977.49,100.52,19.8095
9978.49,100.62,19.8095
9979.49,101.63,19.8095
9980.49,100.54,19.8096
9981.49,101.02,19.8096
9982.5,100.63,19.8096
9983.5,100.71,19.8096
9984.5,101.21,19.8097
9985.5,100.67,19.8098
9986.5,100.66,19.8098
9987.5,101.72,19.8096
9988.5,101.03,19.8096
9989.5,100.69,19.8097
9990.51,115.27,19.8097
9991.51,100.79,19.8097
9992.51,100.63,19.8098
9993.51,101.99,19.8101
9994.51,100.66,19.81
9995.51,101.3,19.8099
9996.51,100.99,19.8099
9997.52,100.65,19.8099
9998.52,101.9,19.8099
9999.52,101.06,19.81
10000.52,100.53,19.81
10001.52,101.24,19.81
10002.52,100.6,19.81
10003.52,100.72,19.81
10004.53,101.09,19.8101
10005.53,100.66,19.81
10006.53,100.66,19.81
10007.53,101.44,19.8102
10008.53,100.59,19.81
10009.53,101.05,19.8101
10010.54,100.64,19.8101
10011.54,100.66,19.8101
10012.54,101.16,19.8101
10013.54,100.72,19.8102
10014.54,100.65,19.8102
10015.54,101.05,19.8101
10016.54,100.66,19.8101
10017.54,100.63,19.8101
10018.55,101.04,19.8101
10019.55,100.61,19.8101
10020.55,100.84,19.8101
10021.55,100.47,19.8102
10022.55,100.77,19.8104
10023.55,100.95,19.8105
10024.55,100.47,19.8103
10025.56,100.55,19.8103
10026.56,101.12,19.8103
10027.56,100.51,19.8103
10028.56,100.53,19.8103
10029.56,101.14,19.8105
10030.56,100.67,19.8105
10031.56,100.69,19.8105
10032.57,101.11,19.8105
10033.57,100.69,19.8104
10034.57,100.71,19.8106
10035.57,101.05,19.8104
10036.57,100.89,19.8106
10037.57,100.63,19.8106
10038.57,101.01,19.8106
10039.58,100.56,19.8106
10040.58,100.66,19.8106
10041.58,101.07,19.8106
10042.58,100.67,19.8106
10043.58,101.12,19.8106
10044.58,100.44,19.8106
10045.58,100.65,19.8106
10046.59,101.05,19.8106
10047.59,100.59,19.8106
10048.59,100.68,19.8107
10049.59,100.86,19.8106
10050.59,100.58,19.8106
10051.59,101.25,19.8109
10052.6,100.65,19.8109
10053.6,100.68,19.8109
10054.6,101.0,19.8108
10055.6,100.62,19.8108
10056.6,101.06,19.8108
10057.6,100.62,19.8108
10058.6,100.64,19.8109
10059.61,101.0,19.8108
10060.61,100.67,19.8108
10061.61,100.72,19.8108
10062.61,101.07,19.8108
10063.61,114.63,19.811
10064.61,100.89,19.8109
10065.61,101.34,19.8113
10066.62,100.72,19.8113
10067.62,100.93,19.8112
10068.62,100.63,19.8112
10069.62,101.08,19.8112
10070.62,100.66,19.8112
10071.62,100.7,19.8112
10072.63,100.99,19.8112
10073.63,100.63,19.8113
10074.63,100.52,19.8113
10075.63,101.05,19.8113
10076.63,100.69,19.8114
10077.63,101.03,19.8114
10078.63,100.7,19.8114
10079.64,101.07,19.8114
10080.64,101.13,19.8114
10081.64,100.7,19.8114
10082.64,100.66,19.8114
10083.64,101.22,19.8116
10084.64,100.52,19.8116
10085.64,100.55,19.8114
10086.65,100.86,19.8114
10087.65,100.59,19.8115
10088.65,100.68,19.8115
10089.65,101.02,19.8115
10090.65,100.66,19.8115
10091.65,100.74,19.8115
10092.65,101.02,19.8115
10093.66,100.76,19.8115
10094.66,100.7,19.8118
10095.66,100.94,19.8117
10096.66,100.55,19.8117
10097.66,100.62,19.8117
10098.66,101.1,19.8117
10099.66,100.66,19.8117
10100.66,100.56,19.8117
10101.67,101.09,19.8117
10102.67,100.63,19.8118
10103.67,101.19,19.812
10104.67,100.67,19.812
10105.67,100.65,19.8118
10106.67,101.1,19.8118
10107.68,100.72,19.8118
10108.68,100.77,19.8119
10109.68,101.2,19.8119
10110.68,100.59,19.8119
10111.68,100.65,19.8119
10112.68,101.03,19.8119
10113.68,100.61,19.812
10114.69,100.86,19.812
10115.69,100.49,19.8119
10116.69,100.69,19.8119
10117.69,101.09,19.8119
10118.69,100.73,19.8121
10119.69,100.67,19.8121
10120.69,100.93,19.8121
10121.7,100.69,19.8121
10122.7,101.08,19.8121
10123.7,100.79,19.8219
10124.7,100.93,19.8449
10125.7,101.16,19.8448
10126.7,100.66,19.8448
10127.7,100.77,19.8449
10128.7,100.72,19.845
10129.71,101.05,19.845
10130.71,100.66,19.8449
10131.71,101.05,19.8449
10132.71,100.66,19.8449
10133.71,100.66,19.845
10134.71,101.13,19.845
10135.71,100.62,19.8449
10136.72,100.57,19.8449
10137.72,101.02,19.8449
10138.72,104.86,19.8451
10139.72,100.66,19.8451
10140.72,101.04,19.8452
10141.72,100.67,19.8452
10142.73,101.1,19.8452
10143.73,100.79,19.8453
10144.73,100.67,19.8452
10145.73,101.08,19.8452
10146.73,100.69,19.8452
10147.73,100.65,19.8452
10148.73,101.65,19.8452
10149.74,100.67,19.8452
10150.74,101.13,19.8452
10151.74,100.67,19.8452
10152.74,100.88,19.8767
10153.74,101.21,19.8768
10154.74,100.69,19.8768
10155.75,101.07,19.8767
10156.75,100.63,19.8767
10157.75,100.53,19.8767
10158.75,101.15,19.8767
10159.75,100.64,19.8767
10160.75,100.67,19.8767
10161.75,101.06,19.8767
10162.76,100.65,19.8767
10163.76,100.71,19.8768
10164.76,101.02,19.8767
10165.76,100.65,19.8767
10166.76,101.06,19.8767
10167.76,100.91,19.8769
10168.76,100.75,19.8769
10169.77,101.14,19.8769
10170.77,100.7,19.8768
10171.77,100.7,19.8768
10172.77,101.01,19.8768
10173.77,100.67,19.8769
10174.77,100.59,19.8769
10175.77,100.85,19.8768
10176.78,100.62,19.8768
10177.78,101.07,19.8768
10178.78,100.75,19.8768
10179.78,100.64,19.8768
10180.78,101.02,19.8768
10181.78,100.74,19.9033
10182.79,101.36,19.9062
10183.79,100.74,19.9062
10184.79,100.66,19.9061
10185.79,100.73,19.9061
10186.79,101.04,19.9061
10187.79,101.24,19.9061
10188.79,101.13,19.9064
10189.79,100.65,19.9062
10190.8,101.51,19.9062
10191.8,117.45,19.9064
10192.8,100.67,19.9064
10193.8,100.75,19.9064
10194.8,101.07,19.9063
10195.8,100.64,19.9063
10196.8,101.13,19.9065
10197.81,101.05,19.9065
10198.81,100.69,19.9066
10199.81,100.53,19.9066
10200.81,100.93,19.9066
10201.81,100.47,19.9066
10202.81,100.88,19.9066
10203.81,100.58,19.9067
10204.82,100.49,19.9066
10205.82,100.88,19.9066
10206.82,100.48,19.9066
10207.82,100.62,19.9065
10208.82,101.0,19.9066
10209.82,100.55,19.9066
10210.83,101.99,19.9332
10211.83,100.66,19.9332
10212.83,100.62,19.9331
10213.83,101.05,19.9332
10214.83,100.65,19.9331
10215.83,100.59,19.9331
10216.83,101.01,19.9331
10217.84,100.64,19.9331
10218.84,101.07,19.9332
10219.84,100.74,19.9333
10220.84,100.67,19.9332
10221.84,101.85,19.9333
10222.84,101.32,19.9332
10223.85,101.13,19.9334
10224.85,114.9,19.9332
10225.85,100.99,19.9334
10226.85,101.04,19.9332
10227.85,100.57,19.9332
10228.85,100.68,19.9333
10229.85,101.07,19.9332
10230.86,100.65,19.9332
10231.86,101.05,19.9332
10232.86,100.68,19.9332
10233.86,100.76,19.9333
10234.86,101.06,19.9333
10235.86,100.63,19.9333
10236.86,100.56,19.9333
10237.87,101.03,19.9333
10238.87,100.68,19.9334
10239.87,101.01,19.9333
10240.87,101.15,19.9581
10241.87,100.68,19.958
10242.87,100.94,19.958
10243.88,100.77,19.958
10244.88,101.07,19.958
10245.88,100.59,19.958
10246.88,100.66,19.958
10247.88,101.07,19.9581
10248.88,100.64,19.9582
10249.88,100.65,19.9581
10250.89,101.07,19.9581
10251.89,100.61,19.9581
10252.89,100.46,19.9581
10253.89,101.0,19.9581
10254.89,100.65,19.9581
10255.89,101.32,19.9582
10256.89,100.43,19.9582
10257.9,100.5,19.9582
10258.9,100.95,19.9582
10259.9,100.43,19.9582
10260.9,100.45,19.9582
10261.9,101.09,19.9582
10262.9,100.69,19.9582
10263.9,100.76,19.9582
10264.91,101.16,19.9582
10265.91,100.68,19.9582
10266.91,100.68,19.9582
10267.91,101.04,19.9581
10268.91,100.71,19.9581
10269.91,101.03,19.9654
10270.91,101.07,19.9653
10271.92,100.63,19.9654
10272.92,101.09,19.9654
10273.92,100.6,19.9655
10274.92,100.5,19.9655
10275.92,101.06,19.9654
10276.92,100.67,19.9654
10277.92,100.66,19.9654
10278.93,101.14,19.9655
10279.93,100.72,19.9655
10280.93,100.65,19.9655
10281.93,101.05,19.9654
10282.93,100.62,19.9654
10283.93,100.77,19.9656
10284.93,102.04,19.9658
10285.93,100.66,19.9655
10286.94,100.66,19.9655
10287.94,101.09,19.9655
10288.94,100.7,19.9657
10289.94,100.64,19.9655
10290.94,101.11,19.9655
10291.94,100.65,19.9655
10292.94,100.66,19.9655
10293.95,101.22,19.9655
10294.95,100.68,19.9655
10295.95,100.63,19.9657
10296.95,101.09,19.9655
10297.95,100.66,19.9655
10298.95,100.91,19.9658
10299.95,100.89,19.9657
10300.96,100.71,19.9656
10301.96,100.65,19.9656
10302.96,101.01,19.9656
10303.96,100.76,19.9658
10304.96,101.03,19.9656
10305.96,100.6,19.9656
10306.96,100.65,19.9657
10307.97,101.02,19.9656
10308.97,100.68,19.9657
10309.97,101.05,19.9657
10310.97,100.65,19.9657
10311.97,100.66,19.9657
10312.97,101.1,19.9657
10313.97,101.23,19.9659
10314.98,100.62,19.9659
10315.98,101.12,19.9657
10316.98,100.67,19.9657
10317.98,100.64,19.9657
10318.98,101.17,19.9659
10319.98,100.64,19.9659
10320.98,100.66,19.9658
10321.99,101.06,19.9658
10322.99,100.61,19.9658
10323.99,100.81,19.9659
10324.99,101.1,19.9658
10325.99,100.55,19.9658
10326.99,100.72,19.9659
10327.99,101.2,19.966
10329.0,100.51,19.966
10330.0,100.51,19.9659
10331.0,101.06,19.966
10332.0,100.59,19.9659
10333.0,101.1,19.9659
10334.0,100.72,19.966
10335.0,100.64,19.9659
10336.01,101.04,19.966
10337.01,100.64,19.9659
10338.01,100.64,19.9659
10339.01,101.05,19.966
10340.01,100.62,19.9658
10341.01,101.03,19.9659
10342.01,100.64,19.9659
10343.02,101.0,19.9663
10344.02,101.23,19.9664
10345.02,100.62,19.9662
10346.02,100.63,19.9662
10347.02,100.97,19.9662
10348.02,100.53,19.9662
10349.02,100.55,19.9662
10350.03,101.04,19.9662
10351.03,100.71,19.9663
10352.03,100.67,19.9663
10353.03,101.11,19.9663
10354.03,100.78,19.9664
10355.03,100.6,19.9663
10356.03,101.06,19.9663
10357.04,100.67,19.9663
10358.04,102.07,19.9664
10359.04,101.03,19.9664
10360.04,100.67,19.9664
10361.04,100.94,19.9663
10362.04,100.58,19.9664
10363.04,100.47,19.9664
10364.05,101.01,19.9664
10365.05,100.5,19.9664
10366.05,100.65,19.9664
10367.05,101.01,19.9664
10368.05,100.52,19.9664
10369.05,100.67,19.9664
10370.05,100.89,19.9665
10371.06,100.45,19.9664
10372.06,100.52,19.9665
10373.06,101.26,19.9667
10374.06,100.76,19.9668
10375.06,101.02,19.9667
10376.06,100.62,19.9667
10377.06,100.67,19.9667
10378.07,101.01,19.9666
10379.07,100.72,19.9667
10380.07,100.64,19.9668
10381.07,101.06,19.9666
10382.07,100.66,19.9666
10383.07,100.66,19.9666
10384.07,101.16,19.9667
10385.08,100.44,19.9667
10386.08,100.87,19.9667
10387.08,100.53,19.9667
10388.08,100.72,19.9668
10389.08,101.12,19.9667
10390.08,100.66,19.9667
10391.08,100.7,19.9667
10392.09,100.91,19.9667
10393.09,100.67,19.9667
10394.09,100.76,19.9668
10395.09,101.05,19.9669
10396.09,100.63,19.9668
10397.09,100.61,19.9668
10398.09,100.91,19.9668
10399.1,100.52,19.9669
10400.1,100.87,19.9668
10401.1,100.48,19.9668
10402.1,100.6,19.9668
10403.1,101.39,19.967
10404.1,100.76,19.967
10405.1,100.65,19.967
10406.11,100.98,19.967
10407.11,100.44,19.967
10408.11,100.44,19.967
10409.11,100.94,19.967
10410.11,100.49,19.967
10411.11,101.06,19.967
10412.11,100.63,19.9671
10413.12,100.48,19.9671
10414.12,101.14,19.967
10415.12,100.49,19.967
10416.12,100.47,19.967
10417.12,101.33,19.9672
10418.12,100.54,19.9671
10419.12,100.77,19.9672
10420.13,101.08,19.9671
10421.13,100.62,19.9671
10422.13,101.01,19.9671
10423.13,100.65,19.9671
10424.13,100.75,19.9671
10425.13,101.09,19.9671
10426.14,100.68,19.9671
10427.14,101.08,19.9671
10428.14,100.63,19.9671
10429.14,100.53,19.9671
10430.14,101.14,19.9671
10431.14,100.66,19.9671
10432.14,100.64,19.9671
10433.15,101.41,19.9675
10434.15,100.58,19.9675
10435.15,100.5,19.9674
10436.15,101.0,19.9673
10437.15,100.6,19.9673
10438.15,100.63,19.9673
10439.15,101.12,19.9675
10440.16,100.68,19.9674
10441.16,101.07,19.9674
10442.16,100.68,19.9674
10443.16,100.71,19.9674
10444.16,101.12,19.9674
10445.16,100.67,19.9674
10446.16,101.02,19.9675
10447.17,101.47,19.9674
10448.17,100.62,19.9674
10449.17,101.08,19.9675
10450.17,100.65,19.9675
10451.17,100.68,19.9675
10452.17,101.09,19.9675
10453.18,100.62,19.9675
10454.18,101.08,19.9676
10455.18,100.64,19.9675
10456.18,100.67,19.9675
10457.18,101.12,19.9675
10458.18,100.64,19.9675
10459.18,100.59,19.9675
10460.19,101.09,19.9675
10461.19,100.7,19.9675
10462.19,101.18,19.9679
10463.19,101.15,19.9678
10464.19,103.98,19.9677
10465.19,101.07,19.9677
10466.19,100.67,19.9677
10467.2,100.63,19.9677
10468.2,101.09,19.9677
10469.2,100.75,19.9678
10470.2,100.66,19.9678
10471.2,101.15,19.9678
10472.2,100.63,19.9678
10473.2,100.77,19.9679
10474.2,100.69,19.9678
10475.21,101.01,19.9679
10476.21,100.66,19.9678
10477.21,101.41,19.9679
10478.21,100.62,19.9679
10479.21,100.69,19.9679
10480.21,101.08,19.9679
10481.22,100.74,19.968
10482.22,100.67,19.968
10483.22,101.13,19.968
10484.22,100.69,19.968
10485.22,101.03,19.9679
10486.22,100.59,19.9679
10487.22,100.55,19.968
10488.23,101.12,19.9679
10489.23,100.72,19.9679
10490.23,100.66,19.9679
10491.23,101.48,19.9682
10492.23,100.67,19.9681
10493.23,100.73,19.9681
10494.23,101.18,19.968
10495.23,100.64,19.968
10496.24,100.69,19.968
10497.24,101.14,19.9681
10498.24,100.69,19.968
10499.24,100.73,19.968
10500.24,101.14,19.968
10501.24,100.72,19.968
10502.24,100.66,19.968
10503.25,101.18,19.9682
10504.25,100.72,19.9681
10505.25,100.6,19.9681
10506.25,102.09,19.9682
10507.25,100.66,19.9682
10508.25,100.64,19.9682
10509.25,101.17,19.9683
10510.25,100.66,19.9683
10511.26,100.68,19.9683
10512.26,101.06,19.9683
10513.26,100.72,19.9683
10514.26,100.56,19.9684
10515.26,101.01,19.9684
10516.26,100.58,19.9684
10517.27,100.88,19.9684
10518.27,100.59,19.9684
10519.27,100.7,19.9685
10520.27,101.11,19.9683
10521.27,101.06,19.9685
10522.27,100.66,19.9684
10523.27,101.13,19.9684
10524.28,100.71,19.9685
10525.28,100.6,19.9685
10526.28,101.03,19.9684
10527.28,100.65,19.9684
10528.28,100.97,19.9685
10529.28,100.69,19.9684
10530.28,100.64,19.9684
10531.29,101.12,19.9684
10532.29,100.67,19.9684
10533.29,100.72,19.9684
10534.29,101.18,19.9686
10535.29,101.13,19.9687
10536.29,100.67,19.9686
10537.29,101.07,19.9685
10538.3,100.66,19.9685
10539.3,100.66,19.9685
10540.3,100.97,19.9685
10541.3,100.7,19.9685
10542.3,101.08,19.9685
10543.3,100.69,19.9685
10544.3,100.69,19.9686
10545.31,101.06,19.9686
10546.31,100.66,19.9686
10547.31,100.68,19.9686
10548.31,101.06,19.9686
10549.31,100.79,19.9687
10550.31,100.88,19.969
10551.31,101.05,19.969
10552.32,100.69,19.9689
10553.32,101.11,19.9688
10554.32,100.71,19.9688
10555.32,100.64,19.9688
10556.32,101.06,19.9688
10557.32,100.67,19.9688
10558.32,100.6,19.9689
10559.33,101.1,19.9688
10560.33,100.65,19.9688
10561.33,101.07,19.9688
10562.33,100.74,19.9688
10563.33,100.72,19.969
10564.33,100.7,19.9688
10565.33,101.15,19.9691
10566.34,100.67,19.9689
10567.34,101.04,19.9689
10568.34,100.49,19.9689
10569.34,100.7,19.9689
10570.34,101.05,19.9689
10571.34,100.5,19.9691
10572.35,100.88,19.9691
10573.35,100.69,19.9691
10574.35,100.73,19.9691
10575.35,101.07,19.9691
10576.35,100.61,19.9691
10577.35,100.66,19.9691
10578.35,101.09,19.969
10579.36,100.7,19.969
10580.36,101.76,19.9695
10581.36,100.47,19.9695
10582.36,100.61,19.9695
10583.36,101.06,19.9698
10584.36,100.72,19.9694
10585.36,100.52,19.9697
10586.37,100.82,19.9696
10587.37,100.63,19.9696
10588.37,100.64,19.9696
10589.37,101.09,19.9696
10590.37,100.65,19.9696
10591.37,100.85,19.9696
10592.37,100.47,19.9697
10593.38,100.55,19.9697
10594.38,101.31,19.9698
10595.38,100.45,19.9698
10596.38,100.99,19.9698
10597.38,100.56,19.9698
10598.38,100.68,19.9696
10599.38,100.62,19.9696
10600.39,101.05,19.9696
10601.39,100.66,19.9697
10602.39,100.9,19.9697
10603.39,100.68,19.9697
10604.39,100.71,19.9698
10605.39,101.13,19.9697
10606.39,100.68,19.9697
10607.4,100.65,19.9697
10608.4,101.08,19.9698
10609.4,101.03,19.9701
10610.4,100.64,19.9701
10611.4,101.18,19.9701
10612.4,100.62,19.9701
10613.4,100.78,19.9701
10614.4,100.69,19.9701
10615.41,101.03,19.9701
10616.41,100.65,19.9701
10617.41,101.07,19.97
10618.41,100.63,19.97
10619.41,100.72,19.97
10620.41,101.05,19.97
10621.42,100.65,19.9701
10622.42,100.64,19.97
10623.42,101.13,19.9701
10624.42,101.21,19.9702
10625.42,101.1,19.9702
10626.42,100.66,19.9702
10627.42,100.68,19.9702
10628.43,101.06,19.9702
10629.43,100.7,19.9701
10630.43,100.61,19.9701
10631.43,101.29,19.9703
10632.43,100.64,19.9702
10633.43,101.15,19.9703
10634.43,100.78,19.9703
10635.44,100.63,19.9703
10636.44,101.06,19.9703
10637.44,100.68,19.9703
10638.44,100.67,19.9703
10639.44,101.53,19.9706
10640.44,100.62,19.9706
10641.45,101.06,19.9706
10642.45,100.66,19.9703
10643.45,100.75,19.9706
10644.45,101.12,19.9705
10645.45,100.68,19.9705
10646.45,101.1,19.9705
10647.45,100.65,19.9705
10648.46,100.64,19.9705
10649.46,101.15,19.9705
10650.46,100.61,19.9705
10651.46,100.75,19.9706
10652.46,100.65,19.9705
10653.46,101.1,19.9705
10654.46,101.63,19.9706
10655.47,101.06,19.9705
10656.47,100.68,19.9705
10657.47,100.69,19.9705
10658.47,101.07,19.9705
10659.47,100.69,19.9706
10660.47,101.09,19.9706
10661.47,100.64,19.9706
10662.48,100.67,19.9706
10663.48,101.09,19.9707
10664.48,100.72,19.9707
10665.48,100.69,19.9707
10666.48,101.06,19.9707
10667.48,100.67,19.9706
10668.49,101.1,19.9706
10669.49,101.1,19.9711
10670.49,100.68,19.9709
10671.49,101.1,19.9709
10672.49,100.64,19.9711
10673.49,100.76,19.9709
10674.49,101.18,19.971
10675.49,100.61,19.971
10676.5,100.57,19.971
10677.5,100.91,19.971
10678.5,100.64,19.971
10679.5,100.7,19.971
10680.5,101.03,19.971
10681.5,100.45,19.971
10682.51,100.86,19.971
10683.51,100.46,19.971
10684.51,100.93,19.9711
10685.51,100.84,19.9711
10686.51,100.61,19.971
10687.51,100.86,19.971
10688.51,100.46,19.971
10689.52,100.65,19.9712
10690.52,101.07,19.9712
10691.52,100.76,19.9713
10692.52,100.66,19.9712
10693.52,101.12,19.9712
10694.52,100.68,19.9713
10695.52,101.06,19.9713
10696.53,100.68,19.9713
10697.53,100.66,19.9713
10698.53,101.06,19.9713
10699.53,101.12,19.9714
10700.53,100.67,19.9714
10701.53,101.08,19.9714
10702.54,100.67,19.9714
10703.54,101.15,19.9714
10704.54,100.71,19.9715
10705.54,100.57,19.9715
10706.54,101.04,19.9714
10707.54,100.54,19.9715
10708.54,100.66,19.9716
10709.55,100.96,19.9716
10710.55,100.55,19.9716
10711.55,101.06,19.9716
10712.55,100.64,19.9716
10713.55,100.74,19.9716
10714.55,101.53,19.9724
10715.56,100.61,19.9724
10716.56,101.06,19.9724
10717.56,100.65,19.9724
10718.56,100.65,19.9724
10719.56,101.09,19.9724
10720.56,100.63,19.9724
10721.56,100.66,19.9724
10722.57,101.11,19.9725
10723.57,100.72,19.9725
10724.57,100.67,19.9726
10725.57,101.1,19.9725
10726.57,100.64,19.9725
10727.57,100.55,19.9725
10728.57,101.75,19.9729
10729.58,100.7,19.9728
10730.58,101.1,19.9727
10731.58,100.67,19.9728
10732.58,100.64,19.9727
10733.58,101.21,19.9728
10734.58,100.64,19.9727
10735.58,100.66,19.9727
10736.59,101.14,19.9727
10737.59,100.59,19.9727
10738.59,100.62,19.973
10739.59,101.01,19.9727
10740.59,100.65,19.9727
10741.59,100.67,19.9727
10742.59,101.12,19.9727
10743.59,101.22,19.9747
10744.6,100.66,19.9747
10745.6,100.82,19.9748
10746.6,100.45,19.9748
10747.6,100.52,19.9748
10748.6,101.11,19.9748
10749.6,100.62,19.9748
10750.61,100.97,19.9748
10751.61,100.5,19.9748
10752.61,100.46,19.9748
10753.61,101.16,19.9748
10754.61,100.62,19.9748
10755.61,100.95,19.9749
10756.61,100.67,19.9749
10757.62,100.65,19.9749
10758.62,101.6,19.9751
10759.62,100.64,19.9751
10760.62,100.43,19.9751
10761.62,100.99,19.9751
10762.62,100.68,19.9751
10763.63,101.19,19.9751
10764.63,100.67,19.9751
10765.63,100.65,19.9751
10766.63,101.02,19.9751
10767.63,100.67,19.9751
10768.63,100.72,19.9751
10769.63,101.06,19.9751
10770.64,100.51,19.9751
10771.64,100.99,19.9751
10772.64,100.67,19.9751
10773.64,101.09,19.9767
10774.64,100.87,19.9766
10775.64,100.53,19.9766
10776.64,100.69,19.9766
10777.65,101.0,19.9766
10778.65,100.65,19.9766
10779.65,100.84,19.9766
10780.65,100.44,19.9766
10781.65,100.49,19.9766
10782.65,100.95,19.9766
10783.65,101.8,19.9766
10784.66,100.66,19.9766
10785.66,101.1,19.9766
10786.66,100.67,19.9766
10787.66,100.67,19.9766
10788.66,101.6,19.977
10789.66,100.73,19.977
10790.66,100.68,19.977
10791.67,101.08,19.9769
10792.67,100.67,19.9769
10793.67,100.67,19.977
10794.67,100.88,19.9771
10795.67,100.44,19.9771
10796.67,100.67,19.9771
10797.67,100.71,19.9772
10798.67,101.13,19.9772
10799.68,100.68,19.9771
10800.68,101.03,19.977
10801.68,100.68,19.977
10802.68,100.68,19.977
10803.68,102.28,19.9785
10804.68,100.67,19.9785
10805.68,100.68,19.9785
10806.69,101.12,19.9785
10807.69,100.73,19.9784
10808.69,100.65,19.9785
10809.69,101.04,19.9783
10810.69,100.63,19.9783
10811.69,100.75,19.9784
10812.69,101.07,19.9784
10813.7,100.75,19.9786
10814.7,100.65,19.9785
10815.7,101.16,19.9786
10816.7,100.65,19.9786
10817.7,100.68,19.9786
10818.7,101.55,19.9789
10819.7,100.67,19.9788
10820.71,101.04,19.9788
10821.71,100.69,19.9788
10822.71,100.66,19.9788
10823.71,101.27,19.9789
10824.71,100.69,19.9789
10825.71,100.69,19.9789
10826.71,101.14,19.9789
10827.71,100.65,19.9789
10828.72,100.69,19.9787
10829.72,101.13,19.9787
10830.72,100.64,19.9787
10831.72,100.61,19.9788
10832.72,101.51,19.98
10833.72,100.83,19.98
10834.72,100.66,19.9799
10835.73,101.07,19.9798
10836.73,100.69,19.9798
10837.73,101.08,19.9798
10838.73,100.72,19.9799
10839.73,100.68,19.98
10840.73,101.09,19.9799
10841.74,100.67,19.9799
10842.74,100.64,19.9799
10843.74,101.12,19.9801
10844.74,100.68,19.98
10845.74,101.1,19.9799
10846.74,100.56,19.9799
10847.74,101.02,19.9801
10848.75,101.09,19.9801
10849.75,100.6,19.98
10850.75,100.63,19.98
10851.75,100.93,19.98
10852.75,100.43,19.98
10853.75,100.61,19.98
10854.75,100.86,19.9801
10855.76,100.55,19.9802
10856.76,101.09,19.9801
10857.76,100.63,19.9801
10858.76,100.75,19.9801
10859.76,101.08,19.9801
10860.76,100.59,19.9801
10861.76,100.6,19.9801
10862.77,101.27,19.9813
10863.77,100.77,19.9812
10864.77,101.0,19.9812
10865.77,100.64,19.9812
10866.77,100.65,19.9812
10867.77,101.08,19.9812
10868.78,100.7,19.9813
10869.78,101.04,19.9813
10870.78,100.69,19.9813
10871.78,100.67,19.9813
10872.78,101.06,19.9813
10873.78,100.8,19.9813
10874.78,100.65,19.9813
10875.79,101.01,19.9813
10876.79,100.66,19.9812
10877.79,102.11,19.9816
10878.79,100.71,19.9815
10879.79,100.66,19.9815
10880.79,101.15,19.9815
10881.79,100.47,19.9815
10882.8,100.57,19.9815
10883.8,101.03,19.9816
10884.8,100.63,19.9816
10885.8,100.66,19.9816
10886.8,100.98,19.9816
10887.8,100.67,19.9816
10888.81,101.09,19.9816
10889.81,100.67,19.9816
10890.81,100.68,19.9815
10891.81,101.66,19.9821
10892.81,100.7,19.9821
10893.81,100.8,19.982
10894.81,100.95,19.982
10895.82,100.63,19.982
10896.82,100.68,19.982
10897.82,101.06,19.982
10898.82,100.66,19.982
10899.82,101.07,19.982
10900.82,100.71,19.982
10901.82,100.67,19.982
10902.83,101.03,19.982
10903.83,100.77,19.9823
10904.83,100.64,19.9823
10905.83,100.92,19.9821
10906.83,101.0,19.9829
10907.83,100.56,19.9829
10908.83,100.98,19.983
10909.84,100.56,19.9829
10910.84,100.99,19.9829
10911.84,100.57,19.9829
10912.84,100.52,19.9829
10913.84,101.11,19.9831
10914.84,100.56,19.9828
10915.84,100.64,19.983
10916.85,100.96,19.983
10917.85,100.57,19.983
10918.85,100.65,19.9829
10919.85,101.01,19.983
10920.85,100.53,19.983
10921.85,100.84,19.9844
10922.85,101.25,19.9844
10923.85,100.66,19.9844
10924.86,100.54,19.9843
10925.86,101.04,19.9843
10926.86,100.53,19.9842
10927.86,100.43,19.9842
10928.86,100.89,19.9843
10929.86,100.51,19.9843
10930.87,101.08,19.9843
10931.87,100.69,19.9843
10932.87,101.08,19.9843
10933.87,100.79,19.9844
10934.87,100.64,19.9843
10935.87,101.03,19.9843
10936.87,100.53,19.9843
10937.88,100.78,19.9844
10938.88,101.01,19.9844
10939.88,100.56,19.9844
10940.88,100.55,19.9844
10941.88,101.08,19.9844
10942.88,100.53,19.9844
10943.88,100.76,19.9845
10944.88,100.55,19.9844
10945.89,100.95,19.9844
10946.89,100.57,19.9844
10947.89,100.56,19.9844
10948.89,100.99,19.9846
10949.89,100.55,19.9846
10950.89,100.94,19.9845
10951.89,101.59,19.9847
10952.9,100.58,19.9845
10953.9,101.02,19.9846
10954.9,100.54,19.9846
10955.9,100.55,19.9846
10956.9,101.09,19.9847
10957.9,100.87,19.9847
10958.9,100.64,19.9846
10959.91,100.97,19.9846
10960.91,100.6,19.9846
10961.91,101.02,19.9846
10962.91,100.5,19.9846
10963.91,100.69,19.9846
10964.91,101.06,19.9846
10965.91,100.61,19.9846
10966.92,101.04,19.9849
10967.92,100.96,19.9848
10968.92,100.51,19.9848
10969.92,282.74,13.1627
10970.92,310.84,13.4521
10971.92,352.02,13.6604
10972.93,345.92,13.9229
10973.93,323.08,14.2237
10974.93,319.82,14.5932
10975.93,309.52,14.9107
10976.93,309.46,15.2655
10977.93,305.3,15.57
10978.93,303.13,15.8661
10979.93,304.99,16.1175
10980.94,301.39,16.309
10981.94,302.2,16.4824
10982.94,302.49,16.667
10983.94,303.81,16.854
10984.94,281.2,16.9707
10985.94,227.93,17.1216
10986.95,226.93,17.2951
10987.95,237.38,17.7043
10988.95,320.96,18.2256
10989.95,241.0,18.243
10990.95,305.61,18.243
10991.95,294.93,18.2434
10992.95,207.38,18.2434
10993.95,123.96,18.2434
10994.96,102.43,18.2354
10995.96,128.19,18.3081
10996.96,131.04,13.0706
10997.96,352.36,13.2902
10998.96,359.19,13.5012
10999.96,274.91,13.2196
11000.96,338.19,13.351
11001.97,298.37,13.0564
11002.97,302.33,13.2841
11003.97,308.09,13.5836
11004.97,338.43,13.7436
11005.97,357.48,13.969
11006.97,336.6,14.2094
11007.97,321.4,14.4611
11008.97,309.68,14.7384
11009.98,304.07,14.9367
11010.98,306.02,15.1624
11011.98,303.8,15.3737
11012.98,302.31,15.5906
11013.98,312.25,15.8584
11014.98,185.19,16.1174
11015.99,124.29,16.3949
11016.99,108.22,16.6657
11017.99,100.56,16.9975
11018.99,103.85,17.3703
11019.99,120.82,17.7299
11020.99,159.86,18.1749
11022.0,101.96,18.227
11023.0,101.05,18.227
11024.0,101.06,18.3272
11025.0,101.93,18.3272
11026.0,101.25,18.3272
11027.0,100.59,18.3272
11028.0,114.33,18.3273
11029.01,101.34,18.3273
11030.01,102.84,18.3271
11031.01,100.9,18.3271
11032.01,102.49,18.3271
11033.01,100.77,18.3272
11034.01,110.79,18.3273
11035.01,164.29,18.5534
11036.01,101.09,18.5534
11037.02,101.06,18.5534
11038.02,104.94,18.5534
11039.02,100.63,18.5535
11040.02,101.37,18.5535
11041.02,105.69,18.5535
11042.02,100.51,18.5535
11043.02,100.85,18.5535
11044.03,101.07,18.5535
11045.03,114.93,18.5535
11046.03,128.02,18.555
11047.03,100.93,18.555
11048.03,100.51,18.5549
11049.03,101.5,18.555
11050.03,100.49,18.555
11051.04,100.97,18.555
11052.04,101.0,18.555
11053.04,100.58,18.555
11054.04,100.6,18.555
11055.04,100.87,18.555
11056.04,100.59,18.555
11057.04,121.5,18.5551
11058.05,105.67,18.555
11059.05,100.91,18.5552
11060.05,103.32,18.5552
11061.05,101.65,18.5551
11062.05,100.68,18.5551
11063.05,100.8,18.5552
11064.05,102.67,18.5553
11065.06,102.6,18.5551
11066.06,103.39,18.5551
11067.06,100.91,18.5551
11068.06,100.56,18.5551
11069.06,128.14,18.5552
11070.06,100.63,18.5552
11071.06,100.64,18.5552
11072.07,101.06,18.5552
11073.07,100.5,18.5552
11074.07,100.78,18.5552
11075.07,101.13,18.5552
11076.07,100.65,18.5552
11077.07,101.03,18.5552
11078.07,100.67,18.5552
11079.08,100.69,18.5552
11080.08,136.73,18.7328
11081.08,100.67,18.7328
11082.08,100.6,18.7328
11083.08,100.99,18.7328
11084.08,100.78,18.733
11085.08,100.52,18.733
11086.09,100.94,18.733
11087.09,100.65,18.733
11088.09,100.48,18.733
11089.09,100.99,18.7329
11090.09,100.48,18.7329
11091.09,100.59,18.7851
11092.09,101.03,19.1819
11093.09,100.64,19.4265
11094.1,167.42,19.8157
11095.1,101.07,19.8157
11096.1,100.65,19.8157
11097.1,100.58,19.8157
11098.1,101.07,19.8157
11099.1,100.65,19.8159
11100.1,100.61,19.8159
11101.11,101.09,19.8159
11102.11,100.7,19.8159
11103.11,100.62,19.8159
11104.11,101.9,19.8158
11105.11,100.63,19.8158
11106.11,100.67,19.8158
11107.11,101.45,19.8161
11108.11,100.63,19.8161
11109.12,100.75,19.8161
11110.12,100.95,19.8161
11111.12,100.6,19.8161
11112.12,100.48,19.8161
11113.12,100.86,19.8161
11114.12,100.66,19.8161
11115.12,100.56,19.8161
11116.13,101.1,19.8161
11117.13,100.63,19.8161
11118.13,101.06,19.8161
11119.13,100.75,19.8161
11120.13,100.71,19.8161
11121.13,101.68,19.8161
11122.14,101.03,19.8163
11123.14,100.71,19.8163
11124.14,101.22,19.8164
11125.14,100.71,19.8164
11126.14,101.11,19.8164
11127.14,100.71,19.8164
11128.14,100.53,19.8164
11129.15,100.96,19.8164
11130.15,100.56,19.8164
11131.15,101.02,19.8164
11132.15,100.53,19.8164
11133.15,100.58,19.8164
11134.15,101.11,19.8164
11135.16,100.8,19.8167
11136.16,100.57,19.8167
11137.16,100.93,19.8166
11138.16,100.67,19.8167
11139.16,101.12,19.8168
11140.16,100.7,19.8167
11141.16,100.74,19.8167
11142.17,101.19,19.8167
11143.17,100.76,19.8168
11144.17,100.9,19.8168
11145.17,101.1,19.8167
11146.17,100.68,19.8166
11147.17,100.71,19.8167
11148.17,101.09,19.8167
11149.18,101.58,19.8168
11150.18,101.0,19.8168
11151.18,100.46,19.8168
11152.18,100.52,19.8168
11153.18,101.08,19.8168
11154.18,100.76,19.8168
11155.19,101.1,19.8168
11156.19,100.54,19.8167
11157.19,100.48,19.8167
11158.19,101.0,19.8167
11159.19,100.63,19.8168
11160.19,100.58,19.8168
11161.19,101.0,19.8168
11162.2,100.77,19.817
11163.2,101.0,19.8169
11164.2,100.72,19.8168
11165.2,100.51,19.817
11166.2,100.89,19.8168
11167.2,100.64,19.8168
11168.2,100.63,19.8168
11169.21,100.9,19.8169
11170.21,100.47,19.8169
11171.21,100.53,19.8169
11172.21,100.87,19.8169
11173.21,100.55,19.817
11174.21,101.07,19.817
11175.21,100.67,19.817
11176.22,100.79,19.8171
11177.22,101.03,19.8172
11178.22,100.75,19.8172
11179.22,101.03,19.8171
11180.22,100.56,19.8171
11181.22,100.57,19.8171
11182.23,100.99,19.8171
11183.23,100.62,19.8172
11184.23,100.49,19.8172
11185.23,100.97,19.8171
11186.23,100.65,19.8171
11187.23,100.56,19.8171
11188.23,100.96,19.8171
11189.24,102.69,19.8172
11190.24,101.24,19.8173
11191.24,100.6,19.8173
11192.24,100.49,19.8173
11193.24,101.08,19.8173
11194.24,100.63,19.8173
11195.24,100.54,19.8173
11196.25,100.91,19.8171
11197.25,100.62,19.8171
11198.25,101.17,19.8171
11199.25,100.72,19.8172
11200.25,100.67,19.8172
11201.25,101.08,19.8172
11202.26,100.63,19.8172
11203.26,101.3,19.8174
11204.26,100.68,19.8174
11205.26,100.67,19.8174
11206.26,101.09,19.8174
11207.26,100.71,19.8174
11208.26,100.74,19.8174
11209.27,101.15,19.8174
11210.27,100.64,19.8174
11211.27,101.05,19.8174
11212.27,100.7,19.8174
11213.27,100.78,19.8174
11214.27,101.14,19.8175
11215.28,100.65,19.8175
11216.28,100.61,19.8173
11217.28,101.58,19.8177
11218.28,100.71,19.8177
11219.28,101.16,19.8176
11220.28,100.79,19.8177
11221.28,100.65,19.8177
11222.29,101.09,19.8177
11223.29,100.81,19.8177
11224.29,100.74,19.8177
11225.29,101.05,19.8177
11226.29,100.6,19.8177
11227.29,100.63,19.8177
11228.29,101.06,19.8177
11229.3,100.77,19.8177
11230.3,101.82,19.8177
11231.3,100.69,19.8177
11232.3,100.67,19.8177
11233.3,101.16,19.8177
11234.3,100.76,19.8178
11235.3,100.61,19.8177
11236.31,102.14,19.8177
11237.31,100.57,19.8177
11238.31,100.63,19.8177
11239.31,101.04,19.8177
11240.31,100.45,19.8177
11241.31,100.58,19.8176
11242.31,101.21,19.8176
11243.31,100.76,19.8178
11244.32,100.91,19.8179
11245.32,101.08,19.8178
11246.32,100.67,19.8178
11247.32,100.67,19.8178
11248.32,101.12,19.8177
11249.32,100.72,19.8178
11250.32,100.69,19.8179
11251.33,101.12,19.8179
11252.33,100.68,19.8179
11253.33,100.71,19.8178
11254.33,100.94,19.818
11255.33,100.45,19.818
11256.33,100.51,19.818
11257.33,101.07,19.8179
11258.34,100.46,19.8179
11259.34,100.99,19.8179
11260.34,100.57,19.8179
11261.34,100.56,19.8179
11262.34,101.0,19.8179
11263.34,100.72,19.818
11264.34,100.66,19.818
11265.35,101.02,19.818
11266.35,100.68,19.818
11267.35,100.66,19.8179
11268.35,101.12,19.8179
11269.35,100.69,19.8179
11270.35,100.73,19.8181
11271.35,100.97,19.8181
11272.36,100.66,19.8181
11273.36,101.13,19.8181
11274.36,100.74,19.8181
11275.36,100.69,19.8181
11276.36,101.04,19.818
11277.36,100.67,19.818
11278.37,101.09,19.818
11279.37,100.82,19.8181
11280.37,100.63,19.8181
11281.37,100.66,19.8179
11282.37,101.04,19.8181
11283.37,100.67,19.8181
11284.37,101.28,19.8182
11285.38,100.63,19.8182
11286.38,100.52,19.8182
11287.38,101.04,19.8182
11288.38,100.62,19.8182
11289.38,101.05,19.8182
11290.38,100.6,19.8182
11291.38,100.62,19.8182
11292.39,101.03,19.8182
11293.39,102.47,19.8182
11294.39,100.61,19.8183
11295.39,101.02,19.8183
11296.39,100.58,19.8182
11297.39,101.81,19.8184
11298.39,101.04,19.8183
11299.4,100.63,19.8183
11300.4,101.33,19.8183
11301.4,100.58,19.8184
11302.4,100.57,19.8183
11303.4,101.06,19.8183
11304.4,100.59,19.8184
11305.41,100.94,19.8184
11306.41,100.5,19.8184
11307.41,100.5,19.8184
11308.41,101.05,19.8184
11309.41,100.72,19.8186
11310.41,100.73,19.8223
11311.41,101.07,19.8223
11312.42,100.5,19.8223
11313.42,100.55,19.8223
11314.42,100.93,19.8223
11315.42,100.78,19.8223
11316.42,100.97,19.8223
11317.42,100.49,19.8223
11318.42,102.0,19.8223
11319.43,101.1,19.8223
11320.43,100.67,19.8223
11321.43,100.67,19.8223
11322.43,101.02,19.8223
11323.43,100.73,19.8224
11324.43,101.34,19.8223
11325.43,100.66,19.8223
11326.44,100.97,19.8223
11327.44,100.68,19.8223
11328.44,100.59,19.8223
11329.44,100.53,19.8224
11330.44,100.95,19.8225
11331.44,100.67,19.8224
11332.44,100.59,19.8224
11333.45,101.17,19.8225
11334.45,100.68,19.8225
11335.45,100.67,19.8225
11336.45,101.1,19.8224
11337.45,100.41,19.8224
11338.45,101.09,19.8644
11339.45,100.69,19.8646
11340.46,100.65,19.8645
11341.46,100.97,19.8645
11342.46,101.19,19.8645
11343.46,101.07,19.8647
11344.46,100.65,19.8646
11345.46,100.65,19.8646
11346.47,101.04,19.8645
11347.47,100.52,19.8645
11348.47,100.56,19.8645
11349.47,100.9,19.8645
11350.47,100.59,19.8645
11351.47,101.69,19.8646
11352.47,100.98,19.8646
11353.48,100.62,19.8647
11354.48,100.95,19.8647
11355.48,100.65,19.8646
11356.48,100.68,19.8646
11357.48,101.14,19.8646
11358.48,100.67,19.8646
11359.48,100.7,19.8646
11360.49,101.03,19.8647
11361.49,100.51,19.8646
11362.49,100.58,19.8646
11363.49,101.14,19.8646
11364.49,100.67,19.8646
11365.49,100.78,19.9046
11366.49,100.86,19.9046
11367.5,100.6,19.9046
11368.5,100.45,19.9046
11369.5,100.9,19.9045
11370.5,100.51,19.9045
11371.5,100.98,19.9045
11372.5,100.66,19.9045
11373.5,100.72,19.9044
11374.51,101.17,19.9046
11375.51,100.56,19.9043
11376.51,100.55,19.9045
11377.51,101.06,19.9044
11378.51,100.58,19.9044
11379.51,101.35,19.9047
11380.51,100.94,19.9047
11381.51,101.1,19.9046
11382.52,100.72,19.9046
11383.52,101.14,19.9046
11384.52,100.66,19.9046
11385.52,100.69,19.9046
11386.52,101.28,19.9046
11387.52,100.71,19.9046
11388.53,101.06,19.9046
11389.53,100.67,19.9046
11390.53,100.64,19.9046
11391.53,101.01,19.9046
11392.53,100.65,19.9046
11393.53,101.35,19.9418
11394.53,100.69,19.9417
11395.54,100.62,19.9417
11396.54,101.14,19.9418
11397.54,100.66,19.9417
11398.54,100.66,19.9417
11399.54,101.16,19.9417
11400.54,100.61,19.9417
11401.54,100.59,19.9417
11402.55,101.01,19.9417
11403.55,100.53,19.9415
11404.55,100.58,19.9416
11405.55,100.85,19.9417
11406.55,100.74,19.9417
11407.55,100.87,19.9417
11408.55,101.08,19.9417
11409.56,100.65,19.9417
11410.56,100.61,19.9417
11411.56,100.96,19.9417
11412.56,100.57,19.9417
11413.56,100.94,19.9417
11414.56,100.67,19.9417
11415.56,100.63,19.9417
11416.57,101.06,19.9417
11417.57,100.7,19.9417
11418.57,100.69,19.9418
11419.57,101.17,19.9418
11420.57,100.7,19.9418
11421.57,101.02,19.9753
11422.57,100.95,19.9753
11423.57,100.66,19.9754
11424.58,100.53,19.9754
11425.58,100.99,19.9754
11426.58,100.58,19.9753
11427.58,100.59,19.9753
11428.58,100.67,19.9754
11429.58,101.04,19.9753
11430.58,100.63,19.9753
11431.59,101.13,19.9754
11432.59,100.73,19.9753
11433.59,100.83,19.9753
11434.59,101.05,19.9754
11435.59,100.8,19.9755
11436.59,100.71,19.9754
11437.59,101.17,19.9754
11438.59,100.7,19.9754
11439.6,100.63,19.9754
11440.6,101.05,19.9754
11441.6,100.99,19.9754
11442.6,100.54,19.9754
11443.6,101.17,19.9754
11444.6,100.68,19.9754
11445.61,101.08,19.9754
11446.61,100.68,19.9754
11447.61,100.64,19.9754
11448.61,101.12,19.9754
11449.61,101.23,19.9999
11450.61,100.64,19.9999
11451.61,101.05,19.9999
11452.62,100.67,19.9999
11453.62,100.79,19.9999
11454.62,101.05,19.9999
11455.62,100.69,19.9999
11456.62,100.96,19.9999
11457.62,100.63,20.0
11458.62,100.73,20.0
11459.63,101.06,20.0
11460.63,100.67,20.0
11461.63,100.7,20.0
11462.63,101.07,20.0
11463.63,101.44,19.9999
11464.63,101.06,19.9999
11465.63,100.62,20.0
11466.64,100.61,20.0
11467.64,101.03,20.0
11468.64,100.69,20.0
11469.64,101.01,20.0
11470.64,100.65,20.0
11471.64,100.97,20.0
11472.65,101.02,20.0
11473.65,100.77,20.0
11474.65,100.62,20.0
11475.65,101.07,20.0
11476.65,100.68,20.0
11477.65,103.67,19.9999
11478.66,100.89,19.9999
11479.66,100.59,19.9999
11480.66,101.0,19.9999
11481.66,100.63,19.9999
11482.66,101.03,19.9999
11483.66,100.83,19.9999
11484.66,100.57,19.9999
11485.67,100.98,19.9999
11486.67,100.64,19.9999
11487.67,100.63,19.9999
11488.67,101.06,19.9999
11489.67,100.54,19.9999
11490.67,100.57,19.9998
11491.67,101.05,19.9999
11492.68,100.85,20.0
11493.68,101.17,20.0
11494.68,100.66,20.0
11495.68,100.63,19.9999
11496.68,101.92,19.9999
11497.68,100.6,20.0
11498.68,100.67,20.0
11499.69,101.13,19.9999
11500.69,100.64,19.9999
11501.69,100.72,19.9999
11502.69,101.07,19.9999
11503.69,100.74,19.9999
11504.69,100.66,19.9999
11505.69,101.06,19.9999
11506.7,100.83,20.0
11507.7,101.05,19.9999
11508.7,100.7,20.0
11509.7,100.64,20.0
11510.7,101.0,20.0
11511.7,100.69,20.0
11512.7,100.49,20.0
11513.71,101.25,20.0
11514.71,100.52,20.0
11515.71,100.95,20.0
11516.71,100.66,20.0
11517.71,100.64,20.0
11518.72,100.9,19.9999
11519.72,100.6,19.9999
11520.72,101.22,19.9999
11521.72,100.44,19.9999
11522.72,100.83,19.9999
11523.72,100.78,19.9999
11524.72,100.55,19.9999
11525.73,100.84,19.9999
11526.73,100.43,19.9999
11527.73,100.56,19.9999
11528.73,101.12,19.9999
11529.73,100.63,19.9999
11530.73,101.34,20.0
11531.73,101.05,20.0
11532.74,100.65,20.0
11533.74,100.79,19.9999
11534.74,101.81,19.9999
11535.74,100.66,19.9999
11536.74,100.98,19.9999
11537.74,100.6,19.9999
11538.74,100.52,19.9999
11539.75,100.86,19.9999
11540.75,100.48,19.9999
11541.75,101.06,19.9999
11542.75,100.66,19.9999
11543.75,100.6,20.0
11544.75,101.04,20.0
11545.76,100.45,20.0
11546.76,100.45,20.0
11547.76,100.85,20.0
11548.76,100.86,20.0
11549.76,101.08,20.0
11550.76,100.73,19.9999
11551.76,100.68,19.9999
11552.77,101.02,19.9999
11553.77,100.75,19.9999
11554.77,100.74,19.9999
11555.77,101.06,19.9999
11556.77,100.61,19.9999
11557.77,100.48,19.9999
11558.77,100.91,19.9999
11559.78,100.47,19.9999
11560.78,100.93,19.9999
11561.78,100.48,19.9999
11562.78,100.44,19.9999
11563.78,101.31,20.0
11564.78,100.47,20.0
11565.78,100.47,20.0
11566.79,100.87,20.0
11567.79,100.58,20.0
11568.79,100.79,20.0
11569.79,100.94,20.0
11570.79,100.62,20.0
11571.79,100.92,20.0
11572.8,100.57,20.0
11573.8,100.58,20.0
11574.8,100.88,19.9999
11575.8,100.68,19.9999
11576.8,101.01,19.9999
11577.8,100.41,19.9999
11578.8,104.75,19.9999
11579.81,100.82,19.9999
11580.81,100.45,19.9999
11581.81,100.85,19.9999
11582.81,100.63,19.9999
11583.81,100.7,20.0
11584.81,100.9,20.0
11585.82,100.62,20.0
11586.82,100.65,20.0
11587.82,101.02,20.0
11588.82,100.7,20.0
11589.82,101.09,19.9999
11590.82,100.73,19.9999
11591.82,100.7,19.9999
11592.83,101.26,19.9999
11593.83,100.77,20.0
11594.83,101.06,20.0
11595.83,100.69,20.0
11596.83,100.67,20.0
11597.83,100.78,20.0
11598.83,101.16,19.9999
11599.84,100.67,19.9999
11600.84,101.13,20.0
11601.84,100.67,20.0
11602.84,100.69,20.0
11603.84,101.34,19.9999
11604.84,100.65,19.9999
11605.84,100.65,19.9999
11606.85,101.07,19.9999
11607.85,101.5,19.9999
11608.85,100.7,20.0
11609.85,101.07,20.0
11610.85,100.64,20.0
11611.85,100.43,20.0
11612.85,100.85,20.0
11613.86,100.57,20.0
11614.86,100.88,20.0
11615.86,100.68,20.0
11616.86,100.65,20.0
11617.86,101.08,20.0
11618.86,100.7,19.9999
11619.87,101.05,19.9999
11620.87,100.68,19.9999
11621.87,100.93,19.9999
11622.87,101.17,19.9999
11623.87,100.69,19.9999
11624.87,100.43,20.0
11625.87,100.86,20.0
11626.88,100.57,20.0
11627.88,100.68,19.9999
11628.88,101.05,20.0
11629.88,100.65,20.0
11630.88,100.87,20.0
11631.88,100.51,20.0
11632.88,100.63,20.0
11633.89,101.04,19.9999
11634.89,100.45,20.0
11635.89,100.91,20.0
11636.89,100.92,19.9999
11637.89,100.53,19.9999
11638.89,101.06,19.9999
11639.9,100.64,19.9999
11640.9,101.05,19.9999
11641.9,100.63,19.9999
11642.9,100.68,19.9999
11643.9,101.12,20.0
11644.9,100.65,20.0
11645.91,101.06,19.9998
11646.91,100.56,20.0
11647.91,100.67,20.0
11648.91,101.13,20.0
11649.91,100.58,20.0
11650.91,100.84,20.0
11651.92,100.98,19.9999
11652.92,102.86,19.9999
11653.92,101.19,20.0
11654.92,100.58,19.9999
11655.92,100.66,19.9999
11656.92,101.05,19.9999
11657.92,100.67,19.9999
11658.93,101.07,19.9999
11659.93,100.69,19.9999
11660.93,100.63,19.9999
11661.93,101.07,19.9999
11662.93,100.66,19.9999
11663.93,101.16,20.0
11664.93,100.66,20.0
11665.94,100.88,20.0
11666.94,101.06,20.0
11667.94,100.58,20.0
11668.94,100.96,20.0
11669.94,100.55,20.0
11670.94,100.66,20.0
11671.95,101.05,19.9999
11672.95,100.67,19.9999
11673.95,100.78,19.9999
11674.95,101.05,19.9999
11675.95,100.62,19.9999
11676.95,101.06,19.9999
11677.95,100.67,19.9999
11678.96,100.68,20.0
11679.96,101.83,20.0
11680.96,100.55,20.0
11681.96,100.66,20.0
11682.96,101.04,20.0
11683.96,100.74,20.0
11684.96,100.65,20.0
11685.97,101.06,20.0
11686.97,100.63,20.0
11687.97,101.07,20.0
11688.97,100.71,20.0
11689.97,100.66,20.0
11690.97,101.08,19.9999
11691.98,100.66,19.9999
11692.98,100.69,19.9999
11693.98,101.4,20.0
11694.98,100.63,20.0
11695.98,101.05,20.0
11696.98,100.63,20.0
11697.98,100.65,20.0
11698.99,101.17,20.0
11699.99,100.76,20.0
11700.99,100.69,20.0
11701.99,101.08,20.0
11702.99,100.65,20.0
11703.99,100.8,19.9999
11704.99,101.04,19.9999
11706.0,100.61,19.9998
11707.0,100.89,19.9999
11708.0,100.46,19.9999
11709.0,100.73,19.9999
11710.0,100.84,19.9999
11711.0,100.55,19.9999
11712.0,100.47,19.9999
11713.01,100.96,19.9999
11714.01,100.74,20.0
11715.01,100.65,20.0
11716.01,100.99,20.0
11717.01,100.61,20.0
11718.01,101.06,20.0
11719.01,100.73,20.0
11720.02,101.13,19.9999
11721.02,101.14,19.9999
11722.02,100.64,19.9999
11723.02,100.82,19.9999
11724.02,101.16,19.9998
11725.02,100.63,19.9997
11726.02,100.72,19.9998
11727.03,101.02,19.9998
11728.03,100.6,19.9998
11729.03,101.12,19.9998
11730.03,100.62,19.9998
11731.03,100.67,19.9998
11732.03,100.96,19.9997
11733.03,100.63,19.9998
11734.04,100.75,19.9998
11735.04,101.05,20.0
11736.04,100.64,19.9999
11737.04,100.68,19.9999
11738.04,101.27,20.0
11739.04,100.78,19.9999
11740.05,101.1,19.9998
11741.05,100.72,19.9998
11742.05,100.67,19.9999
11743.05,101.11,19.9998
11744.05,100.74,19.9999
11745.05,100.67,19.9997
11746.05,101.13,19.9998
11747.05,100.66,19.9998
11748.06,100.66,19.9998
11749.06,101.16,19.9999
11750.06,100.66,19.9998
11751.06,100.63,19.9999
11752.06,101.08,19.9998
11753.06,101.18,19.9998
11754.06,100.58,19.9997
11755.07,100.85,19.9997
11756.07,100.63,19.9997
11757.07,100.45,19.9997
11758.07,100.89,19.9997
11759.07,100.59,19.9997
11760.07,100.68,19.9997
11761.07,100.63,19.9997
11762.07,101.05,19.9997
11763.08,100.62,19.9997
11764.08,101.12,19.9999
11765.08,100.64,19.9998
11766.08,100.66,19.9998
11767.08,101.86,19.9999
11768.08,100.63,19.9999
11769.08,100.69,19.9999
11770.09,101.13,19.9999
11771.09,100.67,19.9999
11772.09,100.62,19.9999
11773.09,101.02,19.9999
11774.09,100.68,20.0
11775.09,100.54,20.0
11776.09,100.94,20.0
11777.1,100.54,20.0
11778.1,100.65,20.0
11779.1,100.98,20.0
11780.1,100.49,20.0
11781.1,101.35,19.9998
11782.1,100.51,19.9998
11783.1,100.52,19.9998
11784.11,101.13,19.9998
11785.11,100.58,19.9999
11786.11,100.64,19.9999
11787.11,101.02,19.9999
11788.11,100.55,19.9999
11789.11,100.97,19.9999
11790.11,100.49,19.9999
11791.12,100.54,19.9999
11792.12,100.97,19.9999
11793.12,100.54,19.9999
11794.12,100.65,19.9999
11795.12,100.88,19.9999
11796.12,100.84,19.9999
11797.13,101.17,19.9999
11798.13,100.62,19.9999
11799.13,100.7,20.0
11800.13,100.96,20.0
11801.13,100.66,20.0
11802.13,101.05,20.0
11803.14,100.64,20.0
11804.14,101.15,20.0
11805.14,100.58,20.0
11806.14,100.66,20.0
11807.14,101.06,20.0
11808.14,100.57,20.0
11809.15,101.09,19.9999
11810.15,100.66,19.9999
11811.15,100.78,20.0
11812.15,101.09,20.0
11813.15,100.67,20.0
11814.15,101.19,19.9999
11815.15,100.54,19.9999
11816.16,100.56,19.9999
11817.16,101.1,19.9999
11818.16,100.66,19.9999
11819.16,100.69,19.9999
11820.16,100.92,19.9999
11821.16,100.64,19.9999
11822.16,100.69,19.9999
11823.17,101.09,19.9999
11824.17,100.53,20.0
11825.17,101.18,20.0
11826.17,100.43,20.0
11827.17,100.46,20.0
11828.17,100.91,20.0
11829.18,100.59,20.0
11830.18,101.04,20.0
11831.18,100.7,20.0
11832.18,100.47,20.0
11833.18,103.22,19.9999
11834.18,101.71,19.9999
11835.18,100.48,19.9999
11836.19,101.09,19.9999
11837.19,100.64,19.9999
11838.19,101.09,19.9999
11839.19,100.65,19.9999
11840.19,101.42,20.0
11841.19,101.16,20.0
11842.19,100.67,20.0
11843.2,100.73,20.0
11844.2,101.14,20.0
11845.2,100.6,19.9999
11846.2,100.99,19.9999
11847.2,100.65,20.0
11848.2,100.68,20.0
11849.21,101.17,19.9999
11850.21,100.51,19.9999
11851.21,100.98,19.9999
11852.21,103.37,19.9999
11853.21,100.54,19.9999
11854.21,101.21,20.0
11855.21,100.43,20.0
11856.22,100.44,20.0
11857.22,101.05,20.0
11858.22,100.45,20.0
11859.22,100.88,20.0
11860.22,100.55,20.0
11861.22,100.62,20.0
11862.23,101.03,20.0
11863.23,100.75,20.0
11864.23,101.17,19.9999
11865.23,100.65,20.0
11866.23,100.62,19.9999
11867.23,101.06,19.9999
11868.24,100.99,19.9999
11869.24,101.11,19.9998
11870.24,100.65,19.9998
11871.24,100.61,19.9998
11872.24,101.02,19.9998
11873.24,100.67,19.9998
11874.24,100.69,19.9999
11875.25,101.07,19.9999
11876.25,100.63,19.9999
11877.25,101.0,19.9999
11878.25,100.57,19.9999
11879.25,100.68,20.0
11880.25,101.09,19.9999
11881.25,100.55,19.9999
11882.26,100.56,19.9999
11883.26,102.2,19.9999
11884.26,100.7,20.0
11885.26,100.63,20.0
11886.26,101.0,20.0
11887.26,100.62,20.0
11888.27,100.99,20.0
11889.27,100.77,19.9999
11890.27,100.64,20.0
11891.27,101.07,19.9999
11892.27,100.98,19.9999
11893.27,100.77,19.9999
11894.28,100.7,19.9999
11895.28,101.11,19.9999
11896.28,100.65,19.9999
11897.28,100.76,19.9999
11898.28,100.64,19.9999
11899.28,101.31,19.9999
11900.28,100.7,19.9999
11901.29,101.11,19.9999
11902.29,100.58,19.9999
11903.29,100.64,19.9999
11904.29,101.05,20.0
11905.29,100.64,20.0
11906.29,101.07,20.0
11907.29,100.65,20.0
11908.3,100.63,20.0
11909.3,101.12,20.0
11910.3,100.65,20.0
11911.3,100.65,20.0
11912.3,101.09,20.0
11913.3,101.52,20.0
11914.31,101.08,19.9999
11915.31,100.64,19.9999
11916.31,100.68,19.9999
11917.31,101.13,19.9999
11918.31,100.43,19.9999
11919.31,100.97,19.9999
11920.31,101.05,19.9998
11921.32,100.51,19.9999
11922.32,100.5,19.9999
11923.32,100.98,19.9999
11924.32,100.69,20.0
11925.32,101.06,20.0
11926.32,100.63,20.0
11927.32,100.45,20.0
11928.33,101.09,19.9999
11929.33,100.69,19.9999
11930.33,101.06,19.9999
11931.33,100.64,19.9999
11932.33,101.07,19.9999
11933.33,100.68,19.9999
11934.34,100.62,20.0
11935.34,101.13,20.0
11936.34,100.47,20.0
11937.34,100.69,20.0
11938.34,101.05,20.0
11939.34,100.7,19.9999
11940.35,101.15,19.9999
11941.35,100.68,19.9999
11942.35,100.66,19.9999
11943.35,101.33,20.0
11944.35,100.69,19.9999
11945.35,100.67,19.9999
11946.35,101.05,19.9999
11947.36,100.67,19.9999
11948.36,101.07,19.9999
11949.36,100.69,19.9999
11950.36,100.69,19.9999
11951.36,101.15,19.9999
11952.36,100.66,19.9999
11953.36,100.72,19.9999
11954.37,101.08,19.9999
11955.37,100.48,19.9999
11956.37,100.62,19.9999
11957.37,101.05,19.9999
11958.37,100.98,19.9999
11959.37,100.7,20.0
11960.37,101.07,19.9999
11961.38,100.66,19.9999
11962.38,101.07,19.9999
11963.38,100.72,20.0
11964.38,100.7,20.0
11965.38,101.01,20.0
11966.38,100.65,20.0
11967.39,101.07,20.0
11968.39,100.64,20.0
11969.39,100.71,19.9999
11970.39,101.02,19.9999
11971.39,100.67,20.0
11972.39,101.26,19.9999
11973.39,100.71,19.9999
11974.4,100.7,20.0
11975.4,101.04,19.9999
11976.4,100.67,19.9999
11977.4,101.06,19.9999
11978.4,100.66,19.9999
11979.4,100.68,19.9999
11980.41,100.99,19.9999
11981.41,100.68,19.9999
11982.41,101.07,19.9999
11983.41,100.73,19.9999
11984.41,100.7,19.9999
11985.41,101.02,19.9999
11986.42,100.55,19.9999
11987.42,101.83,19.9997
11988.42,100.62,19.9997
11989.42,100.68,19.9998
11990.42,100.77,19.9998
11991.42,100.53,19.9998
11992.43,100.83,19.9998
11993.43,100.49,19.9999
11994.43,100.45,19.9999
11995.43,100.78,19.9998
11996.43,100.54,19.9999
11997.43,100.94,19.9999
11998.43,100.64,19.9998
11999.44,100.69,19.9999
12000.44,101.09,19.9998
12001.44,100.67,19.9998
12002.44,100.9,19.9998
12003.44,101.16,19.9998
12004.44,100.59,19.9998
12005.45,100.9,19.9997
12006.45,100.64,19.9997
12007.45,100.66,19.9997
12008.45,101.08,19.9997
12009.45,100.67,19.9998
12010.45,100.87,19.9998
12011.45,100.6,19.9998
12012.46,100.71,19.9999
12013.46,101.08,19.9997
12014.46,100.66,19.9999
12015.46,100.56,19.9997
12016.46,101.32,20.0
12017.46,100.67,20.0
12018.46,100.69,20.0
12019.47,101.79,20.0
12020.47,100.63,20.0
12021.47,100.61,19.9999
12022.47,100.99,19.9999
12023.47,100.75,19.9999
12024.47,101.13,19.9999
12025.47,100.57,19.9999
12026.48,100.62,19.9999
12027.48,101.07,19.9999
12028.48,100.58,19.9999
12029.48,100.91,20.0
12030.48,100.44,20.0
12031.48,100.64,19.9999
12032.49,100.87,20.0
12033.49,100.52,20.0
12034.49,100.5,20.0
12035.49,100.83,20.0
12036.49,100.65,20.0
12037.49,101.03,20.0
12038.49,100.65,20.0
12039.5,100.57,19.9999
12040.5,101.02,19.9999
12041.5,100.52,19.9999
12042.5,100.47,19.9999
12043.5,100.98,19.9999
12044.5,100.55,19.9999
12045.51,101.31,19.9999
12046.51,100.62,19.9999
12047.51,100.44,20.0
12048.51,101.15,19.9998
12049.51,100.65,19.9999
12050.51,100.45,19.9999
12051.51,100.92,19.9999
12052.52,100.69,19.9999
12053.52,100.71,19.9999
12054.52,101.12,19.9999
12055.52,100.64,19.9999
12056.52,101.08,19.9999
12057.52,100.65,19.9999
12058.53,101.08,19.9999
12059.53,100.7,19.9999
12060.53,101.49,19.9999
12061.53,101.57,19.9999
12062.53,100.65,19.9999
12063.53,100.74,20.0
12064.53,101.16,20.0
12065.54,100.58,20.0
12066.54,100.77,20.0
12067.54,101.05,20.0
12068.54,100.69,20.0
12069.54,101.14,20.0
12070.54,100.62,20.0
12071.54,100.76,19.9999
12072.55,101.07,19.9999
12073.55,100.78,19.9999
12074.55,100.92,19.9999
12075.55,100.99,19.9998
12076.55,100.69,19.9999
12077.55,101.16,19.9999
12078.55,100.69,19.9999
12079.56,100.7,20.0
12080.56,101.09,19.9999
12081.56,100.56,19.9999
12082.56,100.65,20.0
12083.56,101.13,20.0
12084.56,100.7,19.9999
12085.57,100.88,19.9999
12086.57,100.68,19.9999
12087.57,101.06,19.9999
12088.57,100.9,19.9999
12089.57,101.11,19.9999
12090.57,100.62,19.9999
12091.58,100.67,19.9999
12092.58,101.07,19.9999
12093.58,100.78,19.9999
12094.58,101.06,19.9999
12095.58,100.63,19.9999
12096.58,100.62,19.9999
12097.59,101.09,19.9999
12098.59,100.72,19.9999
12099.59,100.67,20.0
12100.59,100.94,20.0
12101.59,100.57,20.0
12102.59,101.1,20.0
12103.59,101.01,19.9999
12104.6,100.64,19.9999
12105.6,100.91,19.9998
12106.6,100.64,19.9999
12107.6,100.98,19.9999
12108.6,100.71,20.0
12109.61,101.08,20.0
12110.61,100.62,19.9998
12111.61,100.64,19.9998
12112.61,101.07,19.9998
12113.61,100.72,19.9999
12114.61,100.62,19.9999
12115.61,101.15,19.9999
12116.61,100.67,19.9999
12117.62,100.82,19.9997
12118.62,101.17,19.9997
12119.62,100.64,19.9998
12120.62,100.84,19.9998
12121.62,100.66,19.9997
12122.63,101.05,19.9997
12123.63,100.74,19.9997
12124.63,100.64,19.9997
12125.63,101.04,19.9997
12126.63,100.61,19.9997
12127.63,101.04,19.9997
12128.63,100.7,19.9997
12129.64,100.62,19.9997
12130.64,100.98,19.9998
12131.64,101.54,19.9998
12132.64,101.05,19.9998
12133.64,100.76,19.9998
12134.64,100.67,19.9998
12135.65,101.07,19.9999
12136.65,100.65,19.9998
12137.65,100.62,19.9998
12138.65,101.08,19.9999
12139.65,100.67,19.9999
12140.65,101.07,19.9999
12141.65,100.64,19.9999
12142.66,100.62,19.9999
12143.66,101.21,19.9999
12144.66,100.69,19.9999
12145.66,100.78,19.9999
12146.66,101.04,19.9999
12147.66,100.64,19.9999
12148.66,100.71,19.9999
12149.67,101.01,19.9999
12150.67,100.65,19.9999
12151.67,101.09,19.9999
12152.67,100.66,19.9999
12153.67,100.76,20.0
12154.67,101.09,20.0
12155.67,100.66,20.0
12156.68,100.61,20.0
12157.68,100.99,20.0
12158.68,100.59,20.0
12159.68,100.64,20.0
12160.68,101.4,19.9997
12161.68,100.71,19.9997
12162.69,101.08,19.9997
12163.69,100.59,19.9997
12164.69,100.43,19.9997
12165.69,101.12,19.9997
12166.69,100.65,19.9997
12167.69,100.59,19.9997
12168.69,101.0,19.9997
12169.7,100.44,19.9997
12170.7,100.54,19.9997
12171.7,101.05,19.9997
12172.7,100.65,19.9997
12173.7,101.19,19.9997
12174.7,101.04,19.9998
12175.7,100.71,19.9998
12176.71,100.86,19.9998
12177.71,100.59,19.9998
12178.71,100.54,20.0
12179.71,100.96,19.9999
12180.71,100.64,19.9999
12181.71,100.53,19.9999
12182.71,100.85,19.9999
12183.72,100.56,20.0
12184.72,100.9,20.0
12185.72,100.63,19.9999
12186.72,100.53,19.9999
12187.72,100.99,19.9999
12188.72,100.53,19.9999
12189.72,100.7,20.0
12190.73,101.1,20.0
12191.73,100.69,20.0
12192.73,100.68,20.0
12193.73,101.16,20.0
12194.73,100.52,20.0
12195.73,100.55,20.0
12196.73,101.1,20.0
12197.73,100.63,20.0
12198.74,100.57,20.0
12199.74,101.05,20.0
12200.74,100.55,19.9999
12201.74,100.47,19.9999
12202.74,305.03,13.1955
12203.74,327.09,13.345
12204.74,323.78,13.5899
12205.75,316.74,13.8304
12206.75,330.52,14.0355
12207.75,250.06,14.3279
12208.75,133.43,14.5174
12209.75,102.03,14.6592
12210.75,100.65,14.7925
12211.75,102.32,14.8697
12212.76,105.61,15.0204
12213.76,117.2,15.1607
12214.76,102.65,15.3148
12215.76,130.99,15.4589
12216.76,101.42,15.5935
12217.76,103.74,15.7069
12218.76,101.06,15.8146
12219.77,100.87,15.9
12220.77,100.56,16.0079
12221.77,103.39,16.1229
12222.77,100.96,16.2623
12223.77,100.54,16.3503
12224.77,101.06,16.4193
12225.77,100.99,16.4369
12226.77,100.57,16.4472
12227.78,100.6,16.4505
12228.78,101.05,16.4569
12229.78,100.49,16.4603
12230.78,100.63,16.4647
12231.78,101.02,16.4679
12232.78,100.5,16.4712
12233.78,100.66,16.4746
12234.79,100.95,16.4855
12235.79,100.61,16.4916
12236.79,100.53,16.5126
12237.79,100.9,16.5287
12238.79,100.58,16.547
12239.79,100.45,16.558
12240.79,100.59,16.5637
12241.79,100.94,16.5884
12242.8,100.5,16.6075
12243.8,101.12,16.626
12244.8,100.67,16.6495
12245.8,100.63,16.6681
12246.8,101.11,16.6871
12247.8,100.65,16.7026
12248.8,100.69,16.7096
12249.81,101.06,16.7174
12250.81,100.68,16.7207
12251.81,100.63,16.7239
12252.81,101.08,16.7272
12253.81,100.76,16.7306
12254.81,101.04,16.74
12255.81,100.61,16.7539
12256.82,100.68,16.7651
12257.82,101.03,16.7857
12258.82,100.7,16.7964
12259.82,100.64,16.8099
12260.82,101.04,16.8278
12261.82,100.63,16.8449
12262.83,101.11,16.8643
12263.83,100.77,16.8829
12264.83,100.66,16.9014
12265.83,101.09,16.919
12266.83,100.58,16.9368
12267.83,100.6,16.955
12268.83,101.12,16.9631
12269.84,100.62,16.9739
12270.84,100.64,16.9788
12271.84,101.03,16.9822
12272.84,100.7,16.9899
12273.84,101.14,17.001
12274.84,100.63,17.0084
12275.84,100.63,17.0337
12276.85,100.98,17.0511
12277.85,100.63,17.0692
12278.85,100.73,17.0868
12279.85,101.03,17.1057
12280.85,100.53,17.116
12281.85,101.01,17.1237
12282.85,100.67,17.1416
12283.86,100.77,17.1604
12284.86,101.08,17.1712
12285.86,100.64,17.1776
12286.86,100.97,17.1962
12287.86,100.63,17.2001
12288.86,100.67,17.2079
12289.87,101.02,17.2241
12290.87,100.57,17.2431
12291.87,100.75,17.2681
12292.87,100.53,17.2829
12293.87,101.18,17.2969
12294.87,100.66,17.3155
12295.87,101.05,17.3224
12296.87,100.61,17.334
12297.88,100.64,17.3449
12298.88,101.08,17.3512
12299.88,100.65,17.368
12300.88,100.64,17.3815
12301.88,101.05,17.3892
12302.88,100.64,17.3958
12303.89,101.19,17.4069
12304.89,100.62,17.419
12305.89,100.63,17.4381
12306.89,101.04,17.4547
12307.89,100.49,17.4661
12308.89,100.61,17.4762
12309.89,101.04,17.4833
12310.9,100.66,17.4994
12311.9,101.06,17.51
12312.9,100.68,17.5229
12313.9,100.79,17.5299
12314.9,101.06,17.5418
12315.9,100.66,17.555
12316.9,100.67,17.5641
12317.91,101.08,17.5763
12318.91,100.75,17.5858
12319.91,100.94,17.592
12320.91,100.58,17.6029
12321.91,100.65,17.6071
12322.91,101.05,17.618
12323.92,100.78,17.6254
12324.92,100.64,17.6436
12325.92,101.05,17.6498
12326.92,100.63,17.6678
12327.92,101.04,17.6841
12328.92,100.72,17.6871
12329.92,100.64,17.6976
12330.93,101.03,17.7106
12331.93,100.64,17.7183
12332.93,100.54,17.7283
12333.93,101.15,17.739
12334.93,100.68,17.75
12335.93,100.65,17.76
12336.93,101.05,17.7719
12337.94,100.64,17.7899
12338.94,101.12,17.8086
12339.94,100.66,17.8275
12340.94,100.71,17.8452
12341.94,101.07,17.8518
12342.94,100.65,17.8625
12343.94,100.92,17.8812
12344.95,101.06,17.8985
12345.95,101.86,17.9176
12346.95,124.86,17.9974
12347.95,100.67,17.9973
12348.95,100.71,17.9974
12349.95,102.76,17.9974
12350.96,100.65,18.0136
12351.96,100.67,18.0213
12352.96,101.06,18.0276
12353.96,100.78,18.0439
12354.96,101.11,18.0481
12355.96,100.67,18.0495
12356.96,100.65,18.0495
12357.97,101.05,18.0495
12358.97,100.66,18.0498
12359.97,102.3,18.0497
12360.97,101.09,18.0498
12361.97,100.61,18.0496
12362.97,100.67,18.0496
12363.97,101.22,18.0497
12364.97,103.63,18.0497
12365.98,100.54,18.1499
12366.98,101.04,18.1499
12367.98,100.69,18.1499
12368.98,100.73,18.1498
12369.98,101.08,18.1498
12370.98,100.72,18.15
12371.99,100.97,18.15
12372.99,100.69,18.1497
12373.99,101.08,18.1501
12374.99,100.91,18.1499
12375.99,100.67,18.1499
12376.99,100.57,18.1499
12377.99,101.05,18.1499
12379.0,100.69,18.1499
12380.0,101.03,18.1499
12381.0,100.65,18.1499
12382.0,100.64,18.1499
12383.0,101.03,18.1499
12384.0,100.79,18.1499
12385.0,100.67,18.1499
12386.01,101.13,18.1499
12387.01,100.61,18.1499
12388.01,100.54,18.1499
12389.01,101.06,18.1501
12390.01,100.54,18.15
12391.01,100.68,18.1501
12392.01,100.56,18.1501
12393.01,100.85,18.15
12394.02,100.56,18.1501
12395.02,100.87,18.15
12396.02,100.5,18.15
12397.02,100.65,18.15
12398.02,101.06,18.1499
12399.02,100.59,18.15
12400.02,100.53,18.15
12401.03,101.05,18.15
12402.03,100.69,18.15
12403.03,101.06,18.15
12404.03,100.73,18.1502
12405.03,100.64,18.1502
12406.03,101.1,18.1502
12407.03,100.65,18.1502
12408.04,100.66,18.1502
12409.04,101.07,18.1502
12410.04,100.65,18.1502
12411.04,100.66,18.1502
12412.04,100.97,18.1502
12413.04,100.5,18.1501
12414.05,101.15,18.1502
12415.05,102.96,18.1502
12416.05,100.6,18.1502
12417.05,101.01,18.1502
12418.05,100.66,18.1502
12419.05,100.68,18.1502
12420.05,101.05,18.1502
12421.06,100.67,18.1502
12422.06,101.08,18.1502
12423.06,100.56,18.1503
12424.06,100.73,18.1503
12425.06,101.1,18.1503
12426.06,100.68,18.1503
12427.06,100.67,18.1502
12428.07,101.09,18.1502
12429.07,100.72,18.1502
12430.07,101.09,18.1502
12431.07,100.73,18.1502
12432.07,100.7,18.1502
12433.07,101.1,18.1503
12434.07,100.77,18.1505
12435.08,100.69,18.1505
12436.08,101.08,18.1505
12437.08,100.64,18.1505
12438.08,101.07,18.1504
12439.08,100.77,18.1504
12440.08,100.64,18.1503
12441.09,101.03,18.1503
12442.09,100.65,18.1503
12443.09,100.66,18.1503
12444.09,101.16,18.1503
12445.09,100.65,18.1503
12446.09,100.66,18.1503
12447.09,103.59,18.1503
12448.1,100.69,18.1503
12449.1,101.11,18.1504
12450.1,100.65,18.1504
12451.1,100.65,18.1504
12452.1,101.06,18.1504
12453.1,100.65,18.1503
12454.1,100.76,18.1505
12455.11,100.98,18.1504
12456.11,100.66,18.1504
12457.11,101.09,18.1504
12458.11,100.64,18.1504
12459.11,100.71,18.1505
12460.11,101.12,18.1505
12461.11,100.7,18.1505
12462.12,100.67,18.1504
12463.12,101.14,18.1504
12464.12,100.7,18.1504
12465.12,102.91,18.1504
12466.12,100.95,18.1504
12467.12,100.52,18.1506
12468.12,100.47,18.1504
12469.12,100.51,18.1505
12470.13,100.91,18.1505
12471.13,100.65,18.1506
12472.13,101.06,18.1506
12473.13,100.57,18.1506
12474.13,100.77,18.1507
12475.13,101.13,18.1507
12476.14,100.47,18.1505
12477.14,100.47,18.1506
12478.14,100.95,18.1506
12479.14,100.72,18.1506
12480.14,100.92,18.1505
12481.14,100.46,18.1505
12482.14,100.45,18.1505
12483.14,100.65,18.1505
12484.15,100.96,18.1507
12485.15,100.44,18.1506
12486.15,100.82,18.1506
12487.15,100.41,18.1506
12488.15,100.46,18.1506
12489.15,100.88,18.1506
12490.16,100.45,18.1506
12491.16,100.67,18.1508
12492.16,100.91,18.1508
12493.16,100.53,18.1508
12494.16,100.9,18.1507
12495.16,100.45,18.1507
12496.16,100.44,18.1507
12497.17,100.84,18.1507
12498.17,100.56,18.1507
12499.17,100.75,18.1509
12500.17,101.16,18.1508
12501.17,100.69,18.1508
12502.17,100.66,18.1508
12503.17,101.24,18.1509
12504.17,100.74,18.1508
12505.18,100.67,18.1508
12506.18,101.11,18.1508
12507.18,100.63,18.1507
12508.18,100.65,18.1507
12509.18,101.08,18.1507
12510.18,101.68,18.1508
12511.18,118.35,18.2183
12512.19,101.11,18.2664
12513.19,100.83,18.2664
12514.19,106.32,18.2665
12515.19,110.88,18.2665
12516.19,100.62,18.2664
12517.19,100.52,18.2664
12518.19,101.04,18.2664
12519.2,101.24,18.2665
12520.2,113.1,18.2665
12521.2,100.59,18.2665
12522.2,100.65,18.2665
12523.2,101.1,18.2665
12524.2,100.7,18.2664
12525.21,101.05,18.2664
12526.21,100.7,18.2664
12527.21,100.69,18.2663
12528.21,100.72,18.2664
12529.21,101.09,18.2664
12530.21,100.61,18.2664
12531.21,100.88,18.2664
12532.21,100.55,18.2664
12533.22,100.71,18.2664
12534.22,101.15,18.2665
12535.22,100.58,18.2666
12536.22,100.74,18.2667
12537.22,100.64,18.2666
12538.22,101.1,18.2666
12539.22,100.73,18.2666
12540.23,101.07,18.2665
12541.23,100.66,18.2665
12542.23,101.03,18.2666
12543.23,101.1,18.2666
12544.23,100.73,18.2667
12545.23,100.58,18.2665
12546.23,100.89,18.2665
12547.24,100.51,18.2665
12548.24,101.06,18.2665
12549.24,100.71,18.2666
12550.24,100.68,18.2666
12551.24,101.07,18.2666
12552.24,100.48,18.2666
12553.24,100.53,18.2666
12554.25,100.94,18.2666
12555.25,100.46,18.2666
12556.25,100.66,18.2666
12557.25,101.07,18.2667
12558.25,100.68,18.2666
12559.25,101.08,18.2667
12560.25,100.67,18.2666
12561.26,100.66,18.2666
12562.26,101.07,18.2666
12563.26,100.78,18.2669
12564.26,100.59,18.2669
12565.26,100.9,18.2667
12566.26,100.63,18.2666
12567.26,100.65,18.2668
12568.27,100.91,18.2667
12569.27,100.56,18.2667
12570.27,100.53,18.2667
12571.27,100.87,18.2667
12572.27,100.68,18.2667
12573.27,101.11,18.2667
12574.27,100.48,18.2667
12575.28,100.56,18.2667
12576.28,101.07,18.2667
12577.28,100.56,18.2667
12578.28,100.44,18.2667
12579.28,101.12,18.2667
12580.28,100.64,18.2667
12581.28,100.66,18.2667
12582.28,101.07,18.2667
12583.29,100.69,18.2669
12584.29,100.66,18.2667
12585.29,101.05,18.2668
12586.29,100.58,18.2668
12587.29,100.64,18.2668
12588.29,101.05,18.2668
12589.29,100.62,18.2668
12590.3,100.56,18.2668
12591.3,101.0,18.2668
12592.3,100.65,18.2668
12593.3,100.56,18.2668
12594.3,101.04,18.2669
12595.3,100.56,18.2669
12596.3,101.01,18.2669
12597.31,100.71,18.267
12598.31,100.6,18.267
12599.31,100.53,18.2671
12600.31,100.92,18.267
12601.31,100.56,18.267
12602.31,101.03,18.267
12603.31,100.67,18.2671
12604.32,100.59,18.2671
12605.32,100.89,18.267
12606.32,100.56,18.267
12607.32,100.58,18.267
12608.32,100.93,18.267
12609.32,100.65,18.2669
12610.33,100.98,18.2669
12611.33,100.53,18.2669
12612.33,100.48,18.2669
12613.33,101.08,18.2671
12614.33,100.69,18.267
12615.33,100.63,18.2671
12616.33,101.1,18.2671
12617.34,100.48,18.267
12618.34,101.04,18.2671
12619.34,100.51,18.267
12620.34,100.43,18.267
12621.34,101.07,18.267
12622.34,100.54,18.267
12623.34,100.59,18.2671
12624.35,101.03,18.2672
12625.35,100.61,18.2672
12626.35,100.68,18.267
12627.35,101.06,18.267
12628.35,100.69,18.267
12629.35,101.1,18.2671
12630.35,100.61,18.2671
12631.36,100.63,18.2671
12632.36,101.01,18.2669
12633.36,100.71,18.2672
12634.36,100.59,18.2673
12635.36,101.06,18.2672
12636.36,100.55,18.2672
12637.37,101.02,18.2672
12638.37,100.64,18.2672
12639.37,100.66,18.2672
12640.37,100.98,18.2671
12641.37,100.76,18.2671
12642.37,100.67,18.2671
12643.37,101.02,18.2672
12644.38,100.65,18.2672
12645.38,101.02,18.2672
12646.38,100.57,18.2672
12647.38,100.56,18.2673
12648.38,101.13,18.2672
12649.38,100.66,18.2672
12650.38,100.62,18.2672
12651.39,101.04,18.2672
12652.39,100.5,18.2672
12653.39,100.65,18.2672
12654.39,101.08,18.2672
12655.39,100.63,18.2672
12656.39,100.64,18.2672
12657.39,101.02,18.2672
12658.4,100.62,18.2672
12659.4,101.08,18.2672
12660.4,100.58,18.2672
12661.4,100.62,18.2672
12662.4,101.1,18.2672
12663.4,100.69,18.2674
12664.4,100.64,18.2673
12665.41,101.03,18.2673
12666.41,100.6,18.2673
12667.41,101.04,18.2673
12668.41,100.58,18.2673
12669.41,116.33,18.2675
12670.41,100.99,18.2675
12671.42,101.96,18.2675
12672.42,100.64,18.2675
12673.42,101.16,18.2675
12674.42,100.66,18.2676
12675.42,101.06,18.2676
12676.42,100.66,18.2676
12677.42,100.66,18.2676
12678.42,100.73,18.2677
12679.43,100.89,18.2678
12680.43,100.44,18.2676
12681.43,100.86,18.2677
12682.43,100.57,18.2677
12683.43,100.71,18.2678
12684.43,101.08,18.2678
12685.44,100.62,18.2678
12686.44,100.64,18.2678
12687.44,101.06,18.2678
12688.44,100.59,18.2679
12689.44,101.04,18.2679
12690.44,100.6,18.2677
12691.44,100.66,18.2677
12692.45,101.09,18.2677
12693.45,100.71,18.2678
12694.45,100.66,18.2677
12695.45,101.04,18.2678
12696.45,100.62,18.2679
12697.45,101.05,18.2678
12698.45,100.64,18.2677
12699.46,100.67,18.2677
12700.46,101.06,18.2677
12701.46,100.72,18.2677
12702.46,100.64,18.2677
12703.46,101.2,18.2678
12704.46,100.71,18.2678
12705.46,100.55,18.2678
12706.47,101.0,18.2678
12707.47,100.67,18.2678
12708.47,100.72,18.2678
12709.47,101.08,18.2678
12710.47,100.68,18.2679
12711.47,100.65,18.2678
12712.47,101.05,18.2678
12713.48,100.56,18.2679
12714.48,100.89,18.2678
12715.48,100.65,18.2678
12716.48,100.45,18.2678
12717.48,100.87,18.2678
12718.48,100.47,18.2679
12719.48,100.56,18.2678
12720.49,100.96,18.2678
12721.49,100.63,18.2678
12722.49,101.04,18.2678
12723.49,100.69,18.268
12724.49,100.69,18.268
12725.49,101.0,18.268
12726.5,100.6,18.268
12727.5,100.51,18.2681
12728.5,100.96,18.2681
12729.5,100.6,18.268
12730.5,101.01,18.268
12731.5,100.64,18.268
12732.5,100.6,18.268
12733.51,101.09,18.2682
12734.51,100.61,18.2681
12735.51,100.61,18.2681
12736.51,101.01,18.2681
12737.51,100.67,18.2681
12738.51,100.97,18.2681
12739.51,100.64,18.2681
12740.52,100.6,18.2681
12741.52,100.99,18.2681
12742.52,100.62,18.2681
12743.52,100.66,18.2682
12744.52,101.11,18.268
12745.52,100.67,18.268
12746.52,100.68,18.268
12747.53,101.11,18.268
12748.53,100.64,18.268
12749.53,100.72,18.2681
12750.53,101.11,18.2681
12751.53,100.63,18.268
12752.53,100.6,18.268
12753.53,101.1,18.2682
12754.53,100.72,18.2682
12755.54,100.68,18.2682
12756.54,101.1,18.2682
12757.54,100.59,18.2681
12758.54,100.55,18.2681
12759.54,101.07,18.2682
12760.54,100.58,18.2682
12761.54,100.66,18.2681
12762.55,101.09,18.2682
12763.55,100.78,18.2683
12764.55,100.75,18.2682
12765.55,101.04,18.2683
12766.55,100.67,18.2683
12767.55,100.68,18.2683
12768.55,101.1,18.2683
12769.55,101.26,18.2683
12770.56,100.55,18.2682
12771.56,100.67,18.2682
12772.56,101.05,18.2682
12773.56,100.56,18.2684
12774.56,100.95,18.2683
12775.56,100.65,18.2682
12776.56,100.69,18.2683
12777.57,101.37,18.2683
12778.57,100.73,18.2682
12779.57,100.74,18.2683
12780.57,101.02,18.2682
12781.57,100.78,18.2683
12782.57,100.71,18.2684
12783.57,101.12,18.2683
12784.57,100.69,18.2684
12785.58,100.65,18.2683
12786.58,101.05,18.2683
12787.58,100.68,18.2683
12788.58,100.68,18.2683
12789.58,100.96,18.2683
12790.58,100.48,18.2683
12791.59,100.96,18.2685
12792.59,100.64,18.2684
12793.59,100.79,18.2684
12794.59,101.03,18.2684
12795.59,100.66,18.2683
12796.59,100.67,18.2683
12797.59,101.07,18.2683
12798.6,100.7,18.2684
12799.6,101.08,18.2684
12800.6,100.63,18.2684
12801.6,100.48,18.2684
12802.6,100.95,18.2684
12803.6,100.68,18.2685
12804.6,100.55,18.2685
12805.6,100.53,18.2685
12806.61,100.94,18.2685
12807.61,100.52,18.2685
12808.61,100.93,18.2685
12809.61,100.6,18.2684
12810.61,100.67,18.2684
12811.61,100.93,18.2684
12812.62,100.49,18.2684
12813.62,100.74,18.2684
12814.62,101.05,18.2684
12815.62,100.48,18.2684
12816.62,100.85,18.2684
12817.62,100.67,18.2684
12818.62,100.71,18.2684
12819.63,100.97,18.2685
12820.63,100.58,18.2685
12821.63,100.69,18.2685
12822.63,101.08,18.2685
12823.63,100.68,18.2685
12824.63,100.86,18.2685
12825.63,100.46,18.2685
12826.64,100.45,18.2685
12827.64,101.01,18.2685
12828.64,100.62,18.2686
12829.64,100.49,18.2685
12830.64,100.96,18.2685
12831.64,100.59,18.2685
12832.64,100.55,18.2685
12833.65,101.17,18.2687
12834.65,100.58,18.2686
12835.65,100.59,18.2686
12836.65,101.05,18.2686
12837.65,100.6,18.2686
12838.65,100.64,18.2687
12839.65,101.03,18.2687
12840.65,100.58,18.2686
12841.66,100.58,18.2686
12842.66,101.02,18.2687
12843.66,100.67,18.2687
12844.66,100.65,18.2686
12845.66,101.04,18.2686
12846.66,100.59,18.2686
12847.66,100.53,18.2686
12848.67,101.02,18.2686
12849.67,100.52,18.2688
12850.67,100.64,18.2687
12851.67,100.65,18.2687
12852.67,100.98,18.2687
12853.67,100.52,18.2688
12854.67,100.83,18.2687
12855.67,100.57,18.2687
12856.68,100.59,18.2687
12857.68,101.01,18.2687
12858.68,100.59,18.2688
12859.68,100.57,18.2688
12860.68,100.99,18.2688
12861.68,100.62,18.2688
12862.69,100.8,18.2689
12863.69,102.53,18.2689
12864.69,100.45,18.2689
12865.69,100.85,18.2688
12866.69,100.51,18.2688
12867.69,100.63,18.2688
12868.69,100.93,18.2688
12869.7,100.47,18.2688
12870.7,100.44,18.2688
12871.7,100.86,18.2688
12872.7,100.59,18.2688
12873.7,101.15,18.2688
12874.7,100.56,18.2688
12875.7,100.67,18.2688
12876.71,100.97,18.2688
12877.71,100.6,18.2688
12878.71,100.49,18.269
12879.71,100.95,18.2689
12880.71,100.58,18.2689
12881.71,100.66,18.2689
12882.71,101.01,18.2689
12883.72,100.73,18.269
12884.72,100.54,18.2689
12885.72,100.86,18.2689
12886.72,100.46,18.2689
12887.72,100.96,18.2689
12888.72,100.63,18.269
12889.72,100.54,18.269
12890.73,101.06,18.2689
12891.73,100.57,18.2689
12892.73,100.48,18.2689
12893.73,101.07,18.2691
12894.73,100.65,18.2689
12895.73,100.42,18.2689
12896.73,100.97,18.269
12897.73,100.62,18.269
12898.74,100.63,18.269
12899.74,101.04,18.269
12900.74,100.6,18.269
12901.74,100.64,18.2691
12902.74,101.03,18.269
12903.74,100.56,18.2692
12904.74,100.58,18.269
12905.75,101.08,18.269
12906.75,100.65,18.269
12907.75,100.63,18.269
12908.75,101.11,18.2691
12909.75,100.67,18.2691
12910.75,101.05,18.2691
12911.75,100.61,18.2691
12912.76,100.66,18.2691
12913.76,101.19,18.2691
12914.76,100.41,18.2691
12915.76,100.37,18.2692
12916.76,100.87,18.2691
12917.76,100.44,18.2691
12918.76,100.49,18.2691
12919.77,100.82,18.2691
12920.77,100.57,18.2691
12921.77,100.63,18.2691
12922.77,101.0,18.2691
12923.77,100.74,18.2691
12924.77,100.68,18.2691
12925.77,101.0,18.2691
12926.78,100.62,18.2691
12927.78,100.69,18.2691
12928.78,100.97,18.2691
12929.78,100.4,18.2692
12930.78,100.57,18.2692
12931.78,101.04,18.2692
12932.78,100.69,18.2692
12933.79,101.19,18.2692
12934.79,100.62,18.2692
12935.79,100.7,18.2693
12936.79,101.0,18.2693
12937.79,100.66,18.2693
12938.79,100.64,18.2695
12939.79,101.06,18.2694
12940.8,100.68,18.2692
12941.8,100.64,18.2692
12942.8,100.95,18.2692
12943.8,100.62,18.2694
12944.8,101.1,18.2694
12945.8,100.66,18.2694
12946.8,100.63,18.2694
12947.81,101.03,18.2694
12948.81,100.71,18.2694
12949.81,100.57,18.2694
12950.81,100.89,18.2693
12951.81,100.65,18.2693
12952.81,101.09,18.2693
12953.81,100.67,18.2693
12954.82,100.42,18.2693
12955.82,100.59,18.2693
12956.82,101.07,18.2693
12957.82,100.67,18.2693
12958.82,100.98,18.2695
12959.82,100.46,18.2695
12960.82,100.48,18.2694
12961.83,100.98,18.2694
12962.83,100.57,18.2694
12963.83,100.69,18.2695
12964.83,101.09,18.2695
12965.83,100.66,18.2694
12966.83,100.64,18.2694
12967.83,101.01,18.2693
12968.84,100.54,18.2694
12969.84,100.9,18.2694
12970.84,100.7,18.2696
12971.84,100.66,18.2696
12972.84,100.92,18.2694
12973.84,100.75,18.2696
12974.84,100.68,18.2696
12975.85,101.15,18.2696
12976.85,100.67,18.2696
12977.85,100.52,18.2695
12978.85,105.01,18.2696
12979.85,100.68,18.2695
12980.85,100.66,18.2695
12981.85,100.98,18.2695
12982.85,100.47,18.2695
12983.86,100.69,18.2696
12984.86,101.02,18.2695
12985.86,100.48,18.2695
12986.86,100.63,18.2695
12987.86,101.11,18.2695
12988.86,100.69,18.2696
12989.86,100.66,18.2696
12990.87,101.09,18.2696
12991.87,100.53,18.2696
12992.87,100.72,18.2696
12993.87,100.93,18.2697
12994.87,100.56,18.2696
12995.87,100.66,18.2697
12996.87,101.02,18.2696
12997.88,100.64,18.2696
12998.88,100.69,18.2697
12999.88,101.06,18.2696
13000.88,100.7,18.2696
13001.88,101.09,18.2696
13002.88,100.65,18.2696
13003.88,100.75,18.2696
13004.89,101.06,18.2697
13005.89,100.58,18.2697
13006.89,100.41,18.2697
13007.89,100.84,18.2697
13008.89,100.59,18.2697
13009.89,100.46,18.2697
13010.89,100.86,18.2697
13011.9,100.63,18.2697
13012.9,100.88,18.2697
13013.9,100.59,18.2698
13014.9,100.61,18.2697
13015.9,101.03,18.2699
13016.9,100.63,18.2697
13017.91,100.91,18.2697
13018.91,100.61,18.2699
13019.91,100.56,18.2698
13020.91,100.96,18.2698
13021.91,100.55,18.2698
13022.91,100.65,18.2698
13023.91,101.19,18.2699
13024.92,100.68,18.2699
13025.92,101.08,18.2698
13026.92,100.65,18.2698
13027.92,100.6,18.2698
13028.92,100.94,18.2698
13029.92,100.49,18.2698
13030.92,100.66,18.2698
13031.93,101.16,18.2698
13032.93,100.65,18.2698
13033.93,100.74,18.2699
13034.93,100.92,18.2699
13035.93,100.48,18.2699
13036.93,100.63,18.2699
13037.93,100.99,18.2699
13038.94,100.7,18.27
13039.94,101.04,18.2699
13040.94,100.66,18.2699
13041.94,100.66,18.2699
13042.94,101.0,18.2699
13043.94,102.98,18.27
13044.94,100.67,18.27
13045.95,101.05,18.2699
13046.95,100.54,18.27
13047.95,100.48,18.2699
13048.95,100.68,18.27
13049.95,100.84,18.27
13050.95,100.45,18.27
13051.95,101.05,18.27
13052.95,100.46,18.27
13053.96,100.63,18.27
13054.96,101.04,18.2701
13055.96,100.62,18.27
13056.96,100.49,18.27
13057.96,100.96,18.27
13058.96,100.55,18.27
13059.96,100.44,18.27
13060.97,101.02,18.27
13061.97,100.61,18.2701
13062.97,100.64,18.2701
13063.97,101.17,18.27
13064.97,100.66,18.27
13065.97,100.66,18.27
13066.97,101.02,18.27
13067.98,100.5,18.27
13068.98,101.07,18.2702
13069.98,100.61,18.2701
13070.98,100.47,18.2701
13071.98,101.16,18.2701
13072.98,100.67,18.2701
13073.98,101.76,18.2701
13074.99,100.91,18.2701
13075.99,100.49,18.2701
13076.99,100.68,18.2701
13077.99,101.06,18.2701
13078.99,100.72,18.2702
13079.99,100.63,18.2701
13080.99,101.01,18.2701
13081.99,100.71,18.2701
13083.0,100.65,18.2701
13084.0,101.18,18.2702
13085.0,100.64,18.2702
13086.0,100.59,18.2702
13087.0,101.01,18.2702
13088.0,100.54,18.2702
13089.01,100.9,18.2702
13090.01,100.5,18.2702
13091.01,100.52,18.2703
13092.01,101.15,18.2702
13093.01,100.64,18.2702
13094.01,100.75,18.2703
13095.01,101.03,18.2702
13096.02,100.63,18.2702
13097.02,100.58,18.2702
13098.02,101.0,18.2704
13099.02,100.64,18.2702
13100.02,100.57,18.2702
13101.02,101.05,18.2703
13102.02,100.67,18.2703
13103.02,100.63,18.2703
13104.03,101.14,18.2703
13105.03,100.66,18.2703
13106.03,101.03,18.2704
13107.03,100.41,18.2703
13108.03,100.63,18.2703
13109.03,101.11,18.2703
13110.04,100.46,18.2703
13111.04,101.02,18.2703
13112.04,100.55,18.2703
13113.04,100.45,18.2703
13114.04,100.85,18.2703
13115.04,100.46,18.2703
13116.04,100.64,18.2704
13117.05,101.07,18.2704
13118.05,100.67,18.2704
13119.05,100.71,18.2705
13120.05,101.12,18.2706
13121.05,100.68,18.2705
13122.05,100.66,18.2704
13123.05,101.03,18.2704
13124.06,100.76,18.2704
13125.06,100.66,18.2704
13126.06,101.03,18.2704
13127.06,100.62,18.2705
13128.06,101.06,18.2704
13129.06,100.69,18.2705
13130.06,100.65,18.2705
13131.07,101.04,18.2705
13132.07,100.63,18.2705
13133.07,100.64,18.2705
13134.07,101.16,18.2706
13135.07,100.54,18.2705
13136.07,100.47,18.2705
13137.07,100.77,18.2705
13138.08,100.37,18.2705
13139.08,100.98,18.2706
13140.08,100.64,18.2705
13141.08,100.63,18.2705
13142.08,101.24,18.2705
13143.08,100.57,18.2705
13144.08,100.96,18.2705
13145.09,100.97,18.2705
13146.09,100.46,18.2705
13147.09,101.03,18.2705
13148.09,100.61,18.2705
13149.09,100.61,18.2706
13150.09,101.03,18.2706
13151.09,100.73,18.2706
13152.1,100.69,18.2706
13153.1,101.0,18.2706
13154.1,100.74,18.2707
13155.1,100.43,18.2707
13156.1,100.78,18.2706
13157.1,100.35,18.2707
13158.1,100.58,18.2707
13159.11,100.89,18.2709
13160.11,100.53,18.2706
13161.11,101.08,18.2708
13162.11,100.52,18.2706
13163.11,100.4,18.2706
13164.11,102.86,18.2708
13165.11,100.4,18.2707
13166.12,100.44,18.2707
13167.12,100.79,18.2707
13168.12,100.55,18.2707
13169.12,100.47,18.2707
13170.12,100.99,18.2707
13171.12,100.62,18.2707
13172.12,100.64,18.2707
13173.13,101.0,18.2707
13174.13,100.76,18.2707
13175.13,100.64,18.2707
13176.13,101.01,18.2707
13177.13,100.64,18.2707
13178.13,100.94,18.2707
13179.13,100.42,18.2708
13180.14,100.26,18.2708
13181.14,100.69,18.2708
13182.14,100.44,18.2708
13183.14,100.49,18.2708
13184.14,100.92,18.2708
13185.14,100.43,18.2708
13186.15,100.87,18.2709
13187.15,100.62,18.2708
13188.15,100.61,18.2708
13189.15,101.15,18.2708
13190.15,100.62,18.2708
13191.15,100.62,18.2708
13192.15,101.06,18.2708
13193.15,100.6,18.2709
13194.16,100.52,18.2709
13195.16,100.81,18.2709
13196.16,100.43,18.2709
13197.16,100.42,18.2709
13198.16,101.0,18.2709
13199.16,100.55,18.2709
13200.17,100.91,18.2709
13201.17,100.48,18.2709
13202.17,100.52,18.2709
13203.17,100.91,18.271
13204.17,100.47,18.2709
13205.17,101.05,18.2709
13206.17,100.46,18.2709
13207.18,100.63,18.2709
13208.18,101.03,18.2709
13209.18,100.53,18.271
13210.18,100.64,18.271
13211.18,101.16,18.2711
13212.18,100.63,18.271
13213.18,100.7,18.271
13214.19,100.85,18.271
13215.19,100.42,18.2711
13216.19,100.57,18.2711
13217.19,100.87,18.2711
13218.19,100.5,18.2711
13219.19,101.06,18.271
13220.19,100.5,18.271
13221.2,100.41,18.271
13222.2,100.91,18.271
13223.2,100.66,18.2711
13224.2,100.98,18.271
13225.2,100.45,18.271
13226.2,100.52,18.271
13227.2,100.8,18.271
13228.21,100.53,18.271
13229.21,100.53,18.2711
13230.21,100.98,18.2711
13231.21,100.46,18.2711
13232.21,100.48,18.2711
13233.21,100.93,18.2711
13234.22,100.52,18.2711
13235.22,100.47,18.2711
13236.22,100.87,18.2711
13237.22,100.47,18.2712
13238.22,100.87,18.2711
13239.22,100.5,18.2713
13240.22,100.63,18.2711
13241.23,101.09,18.2711
13242.23,100.53,18.2711
13243.23,100.62,18.2711
13244.23,100.99,18.2711
13245.23,100.45,18.2712
13246.23,100.58,18.2712
13247.23,100.99,18.2712
13248.24,100.46,18.2712
13249.24,100.96,18.2712
13250.24,100.41,18.2712
13251.24,100.66,18.2712
13252.24,100.9,18.2713
13253.24,100.51,18.2712
13254.24,100.48,18.2712
13255.25,100.95,18.2712
13256.25,100.49,18.2712
13257.25,100.45,18.2712
13258.25,100.93,18.2712
13259.25,100.53,18.2714
13260.25,100.58,18.2713
13261.25,100.9,18.2713
13262.25,100.66,18.2713
13263.26,100.55,18.2714
13264.26,100.97,18.2714
13265.26,100.56,18.2713
13266.26,100.53,18.2713
13267.26,100.95,18.2713
13268.26,100.47,18.2713
13269.26,103.11,18.2713
13270.27,100.9,18.2713
13271.27,100.45,18.2715
13272.27,100.47,18.2713
13273.27,100.93,18.2715
13274.27,100.72,18.2715
13275.27,100.62,18.2713
13276.27,100.83,18.2714
13277.27,100.64,18.2714
13278.28,100.63,18.2714
13279.28,101.06,18.2714
13280.28,100.64,18.2714
13281.28,100.67,18.2715
13282.28,101.06,18.2714
13283.28,101.77,18.2715
13284.29,101.04,18.2714
13285.29,100.45,18.2714
13286.29,100.62,18.2714
13287.29,101.04,18.2714
13288.29,100.42,18.2714
13289.29,100.67,18.2715
13290.29,101.03,18.2715
13291.3,100.53,18.2715
13292.3,100.77,18.2715
13293.3,100.38,18.2716
13294.3,100.39,18.2716
13295.3,101.07,18.2715
13296.3,100.63,18.2715
13297.3,100.64,18.2715
13298.31,101.08,18.2715
13299.31,100.66,18.2715
13300.31,100.64,18.2715
13301.31,101.14,18.2715
13302.31,100.67,18.2715
13303.31,100.76,18.2716
13304.31,100.82,18.2716
13305.31,101.1,18.2717
13306.31,100.7,18.2716
13307.32,100.65,18.2716
13308.32,101.02,18.2716
13309.32,100.41,18.2717
13310.32,100.56,18.2716
13311.32,101.02,18.2716
13312.32,100.59,18.2716
13313.32,100.68,18.2717
13314.33,100.93,18.2717
13315.33,100.41,18.2716
13316.33,100.45,18.2716
13317.33,100.87,18.2716
13318.33,100.46,18.2716
13319.33,101.06,18.2719
13320.33,100.67,18.2716
13321.34,100.64,18.2716
13322.34,101.05,18.2716
13323.34,100.65,18.2716
13324.34,100.5,18.2717
13325.34,100.93,18.2717
13326.34,100.52,18.2717
13327.34,100.56,18.2717
13328.35,100.95,18.2717
13329.35,100.55,18.2717
13330.35,100.89,18.2717
13331.35,100.45,18.2718
13332.35,100.62,18.2718
13333.35,100.93,18.2717
13334.36,100.35,18.2717
13335.36,100.32,18.2717
13336.36,100.7,18.2717
13337.36,100.34,18.2717
13338.36,100.56,18.2717
13339.36,101.0,18.2718
13340.36,100.52,18.2718
13341.37,101.03,18.2718
13342.37,100.46,18.2718
13343.37,100.51,18.2718
13344.37,100.91,18.2718
13345.37,100.51,18.2718
13346.37,100.65,18.2718
13347.37,101.05,18.2719
13348.38,100.67,18.2719
13349.38,101.09,18.2719
13350.38,100.55,18.2718
13351.38,100.59,18.2718
13352.38,100.97,18.2718
13353.38,100.56,18.272
13354.38,100.54,18.2719
13355.39,100.97,18.272
13356.39,100.4,18.2719
13357.39,100.38,18.2719
13358.39,100.68,18.2719
13359.39,100.45,18.2719
13360.39,100.4,18.2719
13361.39,100.91,18.2719
13362.39,100.53,18.2719
13363.4,100.6,18.2719
13364.4,101.14,18.2719
13365.4,100.53,18.2719
13366.4,100.63,18.2719
13367.4,101.05,18.2719
13368.4,100.6,18.2719
13369.4,100.69,18.2721
13370.41,101.05,18.272
13371.41,100.63,18.272
13372.41,101.04,18.272
13373.41,100.59,18.2721
13374.41,100.51,18.272
13375.41,100.97,18.272
13376.42,100.56,18.272
13377.42,100.48,18.272
13378.42,100.72,18.272
13379.42,100.43,18.272
13380.42,100.95,18.272
13381.42,100.59,18.272
13382.42,100.64,18.272
13383.43,101.13,18.2723
13384.43,100.71,18.2722
13385.43,100.56,18.2722
13386.43,100.89,18.2719
13387.43,100.63,18.2721
13388.43,100.88,18.2721
13389.43,100.69,18.2721
13390.44,100.66,18.2721
13391.44,101.15,18.2721
13392.44,100.53,18.2721
13393.44,100.72,18.2722
13394.44,101.03,18.2721
13395.44,100.44,18.2721
13396.44,100.37,18.2721
13397.45,100.74,18.2721
13398.45,100.37,18.2721
13399.45,100.62,18.2721
13400.45,100.94,18.2721
13401.45,100.56,18.2721
13402.45,231.45,13.1088
13403.45,334.93,13.2821
13404.46,354.57,13.549
13405.46,296.54,13.2199
13406.46,361.25,13.4489
13407.46,274.13,13.0936
13408.46,306.1,13.2657
13409.46,347.7,13.4733
13410.46,264.68,13.0562
13411.47,305.49,13.2393
13412.47,351.49,13.4097
13413.47,318.41,13.301
13414.47,253.83,13.1888
13415.47,302.94,13.3157
13416.47,325.37,13.5451
13417.47,262.79,12.9724
13418.47,288.12,13.2161
13419.47,297.71,13.3402
13420.48,338.06,13.5761
13421.48,229.24,13.9667
13422.48,246.09,13.0431
13423.48,330.84,13.2636
13424.48,363.6,13.5262
13425.48,289.68,13.2686
13426.48,349.48,13.4833
13427.48,288.04,13.046
13428.49,334.76,13.29
13429.49,361.06,13.5617
13430.49,239.42,13.0789
13431.49,345.9,13.2948
13432.49,346.47,13.4612
13433.49,280.87,13.0437
13434.49,288.48,13.2465
13435.49,341.32,13.4039
13436.5,309.22,13.754
13437.5,136.9,14.126
13438.5,110.2,14.4944
13439.5,103.85,14.8579
13440.5,152.78,15.2243
13441.5,175.0,15.6183
13442.51,128.31,15.9942
13443.51,100.68,16.3722
13444.51,100.88,16.7513
13445.51,101.27,17.1267
13446.51,104.34,17.5052
13447.51,100.53,17.8801
13448.51,131.42,18.07
13449.52,103.89,18.1303
13450.52,101.72,18.1702
13451.52,100.61,18.1702
13452.52,109.02,18.1702
13453.52,102.65,18.1702
13454.52,102.74,18.1704
13455.52,120.94,18.1704
13456.53,101.29,18.1704
13457.53,102.4,18.1704
13458.53,125.07,18.1704
13459.53,107.03,18.1704
13460.53,110.88,18.2663
13461.53,100.57,18.2663
13462.53,101.06,18.2662
13463.54,100.77,18.2662
13464.54,100.8,18.2663
13465.54,101.01,18.2663
13466.54,100.89,18.2663
13467.54,101.17,18.2663
13468.54,100.65,18.2663
13469.54,100.71,18.2663
13470.55,100.96,18.2663
13471.55,111.17,18.2664
13472.55,101.15,18.2664
13473.55,100.61,18.2663
13474.55,103.08,18.2665
13475.55,100.98,18.2665
13476.56,100.58,18.2665
13477.56,100.53,18.2664
13478.56,100.92,18.2664
13479.56,100.51,18.2665
13480.56,100.94,18.2664
13481.56,100.59,18.2664
13482.56,109.29,18.2668
13483.57,101.03,18.2668
13484.57,100.59,18.2668
13485.57,100.95,18.2668
13486.57,100.55,18.2668
13487.57,100.53,18.2668
13488.57,101.04,18.2668
13489.58,103.73,18.2668
13490.58,100.53,18.2668
13491.58,100.97,18.2668
13492.58,100.49,18.2668
13493.58,115.68,18.2669
13494.58,109.21,18.2669
13495.58,100.52,18.2669
13496.59,100.88,18.267
13497.59,104.05,18.2668
13498.59,100.91,18.2668
13499.59,100.5,18.2668
13500.59,100.5,18.2668
13501.59,101.02,18.2668
13502.59,100.55,18.2668
13503.6,100.58,18.2669
13504.6,100.93,18.2668
13505.6,100.57,18.2668
13506.6,112.06,18.3154
13507.6,100.99,18.3153
13508.6,100.54,18.3154
13509.61,100.97,18.3153
13510.61,100.54,18.3153
13511.61,100.5,18.3154
13512.61,100.88,18.3154
13513.61,100.58,18.3154
13514.61,100.84,18.3154
13515.61,100.45,18.3154
13516.62,100.53,18.3154
13517.62,101.02,18.3266
13518.62,100.68,18.7211
13519.62,100.98,19.095
13520.62,100.53,19.4589
13521.62,118.64,19.8213
13522.63,100.99,19.8213
13523.63,100.78,19.8214
13524.63,100.66,19.8213
13525.63,101.05,19.8213
13526.63,100.54,19.8212
13527.63,101.01,19.8213
13528.63,100.71,19.8213
13529.64,100.59,19.8212
13530.64,100.95,19.8212
13531.64,100.56,19.8212
13532.64,100.99,19.8212
13533.64,100.72,19.8213
13534.64,100.55,19.8212
13535.65,100.96,19.8212
13536.65,100.52,19.8212
13537.65,101.18,19.8219
13538.65,101.07,19.8221
13539.65,100.46,19.822
13540.65,100.65,19.822
13541.65,101.1,19.8221
13542.66,100.56,19.822
13543.66,101.14,19.8223
13544.66,100.67,19.8222
13545.66,100.68,19.8222
13546.66,100.85,19.8222
13547.66,100.58,19.8222
13548.67,101.06,19.8223
13549.67,100.63,19.8223
13550.67,100.63,19.8223
13551.67,100.94,19.8222
13552.67,100.91,19.8224
13553.67,100.65,19.8225
13554.67,100.86,19.8224
13555.68,100.52,19.8224
13556.68,100.81,19.8224
13557.68,100.49,19.8224
13558.68,100.7,19.8225
13559.68,101.01,19.8224
13560.68,100.54,19.8224
13561.69,100.84,19.8224
13562.69,100.47,19.8224
13563.69,100.61,19.8225
13564.69,101.04,19.8224
13565.69,100.67,19.8224
13566.69,101.18,19.8233
13567.69,101.1,19.8232
13568.69,100.72,19.8233
13569.7,100.67,19.8232
13570.7,101.11,19.8232
13571.7,100.68,19.8232
13572.7,100.68,19.8232
13573.7,101.2,19.8233
13574.7,100.65,19.8232
13575.7,100.63,19.8232
13576.71,101.01,19.8232
13577.71,100.64,19.8231
13578.71,100.6,19.8232
13579.71,100.92,19.8232
13580.71,101.05,19.8235
13581.71,100.99,19.8235
13582.71,100.58,19.8235
13583.72,100.67,19.8237
13584.72,100.96,19.8237
13585.72,100.66,19.8235
13586.72,101.07,19.8235
13587.72,100.66,19.8235
13588.72,100.73,19.8237
13589.73,101.1,19.8237
13590.73,100.69,19.8237
13591.73,100.7,19.8236
13592.73,101.08,19.8236
13593.73,100.8,19.8237
13594.73,101.39,19.824
13595.74,100.66,19.8241
13596.74,100.65,19.8241
13597.74,100.96,19.8241
13598.74,100.49,19.8241
13599.74,100.83,19.8241
13600.74,100.57,19.8241
13601.74,100.45,19.8241
13602.75,100.82,19.8241
13603.75,100.73,19.8242
13604.75,100.65,19.8242
13605.75,101.06,19.8241
13606.75,100.65,19.8241
13607.75,100.71,19.8242
13608.75,101.09,19.8242
13609.76,101.21,19.8244
13610.76,100.58,19.8244
13611.76,100.95,19.8243
13612.76,100.71,19.8243
13613.76,101.19,19.8245
13614.76,100.49,19.8245
13615.76,100.48,19.8245
13616.77,100.87,19.8245
13617.77,100.47,19.8245
13618.77,100.52,19.8245
13619.77,100.88,19.8245
13620.77,100.48,19.8244
13621.77,100.92,19.8244
13622.78,100.54,19.8244
13623.78,101.24,19.8248
13624.78,101.06,19.8247
13625.78,100.57,19.8247
13626.78,100.94,19.8248
13627.78,100.46,19.8248
13628.78,100.53,19.8248
13629.79,100.97,19.8248
13630.79,100.57,19.8248
13631.79,100.49,19.8247
13632.79,100.87,19.8247
13633.79,100.6,19.8248
13634.79,101.05,19.8248
13635.79,100.61,19.8248
13636.8,100.49,19.8248
13637.8,101.12,19.8248
13638.8,100.99,19.8251
13639.8,100.46,19.8251
13640.8,100.82,19.8251
13641.8,100.62,19.825
13642.8,100.68,19.825
13643.81,101.2,19.8253
13644.81,100.66,19.8252
13645.81,101.05,19.8252
13646.81,100.68,19.8249
13647.81,100.63,19.825
13648.81,101.09,19.8252
13649.82,100.64,19.825
13650.82,101.08,19.8252
13651.82,100.65,19.8251
13652.82,101.34,19.8257
13653.82,104.02,19.8256
13654.82,100.66,19.8256
13655.82,100.66,19.8256
13656.83,101.06,19.8256
13657.83,100.67,19.8257
13658.83,101.11,19.8258
13659.83,100.54,19.8258
13660.83,100.57,19.8256
13661.83,100.94,19.8256
13662.84,100.54,19.8256
13663.84,101.02,19.8258
13664.84,100.51,19.8256
13665.84,100.53,19.8256
13666.84,101.15,19.8259
13667.84,100.58,19.8259
13668.84,100.73,19.8261
13669.85,101.05,19.826
13670.85,100.65,19.826
13671.85,101.06,19.8261
13672.85,100.66,19.8261
13673.85,100.79,19.8261
13674.85,101.06,19.8261
13675.86,100.68,19.826
13676.86,100.66,19.8261
13677.86,101.12,19.8261
13678.86,100.67,19.8261
13679.86,100.72,19.826
13680.86,101.58,19.8263
13681.86,100.64,19.8263
13682.86,100.71,19.8264
13683.87,101.22,19.8263
13684.87,100.64,19.8263
13685.87,100.78,19.8264
13686.87,100.69,19.8264
13687.87,100.98,19.8264
13688.87,100.64,19.8265
13689.87,101.0,19.8265
13690.87,100.7,19.8265
13691.88,100.64,19.8264
13692.88,101.05,19.8264
13693.88,100.76,19.8265
13694.88,100.61,19.8266
13695.88,101.61,19.8267
13696.88,100.51,19.8266
13697.88,100.65,19.8267
13698.89,101.11,19.8268
13699.89,100.51,19.8267
13700.89,100.65,19.8267
13701.89,101.06,19.8268
13702.89,100.58,19.8268
13703.89,101.32,19.8268
13704.89,100.57,19.8267
13705.9,100.59,19.8267
13706.9,100.98,19.8267
13707.9,100.58,19.8267
13708.9,100.71,19.8267
13709.9,101.56,19.8271
13710.9,100.65,19.8271
13711.91,101.06,19.8271
13712.91,100.48,19.8271
13713.91,100.67,19.8271
13714.91,101.01,19.8271
13715.91,100.51,19.8272
13716.91,100.67,19.8272
13717.91,101.0,19.8272
13718.91,100.69,19.8272
13719.92,100.52,19.8272
13720.92,101.02,19.8271
13721.92,100.58,19.8271
13722.92,100.62,19.8271
13723.92,101.23,19.8272
13724.92,101.14,19.8274
13725.92,100.5,19.8273
13726.93,101.02,19.8273
13727.93,100.54,19.8273
13728.93,100.6,19.8273
13729.93,100.99,19.8273
13730.93,100.57,19.8273
13731.93,100.66,19.8273
13732.93,101.09,19.8273
13733.93,100.83,19.8273
13734.94,100.62,19.8274
13735.94,100.6,19.8274
13736.94,101.14,19.8273
13737.94,100.64,19.8275
13738.94,101.27,19.8277
13739.94,100.89,19.8276
13740.94,100.43,19.8276
13741.94,100.5,19.8276
13742.95,100.86,19.8276
13743.95,113.09,19.8277
13744.95,100.73,19.8277
13745.95,101.05,19.8277
13746.95,100.69,19.8278
13747.95,101.06,19.8277
13748.95,100.71,19.8277
13749.96,100.66,19.8277
13750.96,101.1,19.8277
13751.96,100.67,19.8277
13752.96,100.65,19.8277
13753.96,101.63,19.8303
13754.96,100.67,19.8303
13755.97,101.04,19.8303
13756.97,100.68,19.8303
13757.97,100.65,19.8303
13758.97,101.08,19.8303
13759.97,100.66,19.8303
13760.97,101.04,19.8302
13761.97,100.63,19.8302
13762.98,100.68,19.8302
13763.98,101.16,19.8304
13764.98,100.52,19.8304
13765.98,100.43,19.8304
13766.98,101.0,19.8304
13767.98,100.67,19.8304
13768.99,101.42,19.8308
13769.99,100.66,19.8308
13770.99,100.57,19.8307
13771.99,100.85,19.8307
13772.99,100.6,19.8307
13773.99,101.16,19.8308
13774.99,100.44,19.8308
13776.0,100.42,19.8308
13777.0,100.95,19.8308
13778.0,100.57,19.8308
13779.0,100.67,19.8307
13780.0,101.03,19.8307
13781.0,100.56,19.8307
13782.0,100.45,19.8307
13783.01,101.57,19.842
13784.01,100.73,19.842
13785.01,101.03,19.842
13786.01,100.63,19.842
13787.01,100.53,19.842
13788.01,100.98,19.842
13789.01,100.59,19.842
13790.02,100.54,19.8421
13791.02,100.85,19.8421
13792.02,100.45,19.8421
13793.02,100.45,19.8421
13794.02,100.97,19.8421
13795.02,100.43,19.8421
13796.03,100.84,19.8422
13797.03,100.43,19.8422
13798.03,100.92,19.8423
13799.03,100.91,19.8422
13800.03,100.44,19.8422
13801.03,100.83,19.8423
13802.03,100.44,19.8423
13803.04,100.43,19.8423
13804.04,100.98,19.8423
13805.04,100.52,19.8422
13806.04,100.61,19.8422
13807.04,101.02,19.8422
13808.04,100.58,19.8422
13809.05,101.04,19.8422
13810.05,100.66,19.8422
13811.05,100.55,19.8422
13812.05,101.68,19.8532
13813.05,100.47,19.8532
13814.05,101.02,19.8532
13815.05,100.6,19.8533
13816.06,100.65,19.8533
13817.06,101.04,19.8532
13818.06,100.62,19.8532
13819.06,100.7,19.8532
13820.06,101.04,19.8533
13821.06,100.57,19.8533
13822.06,100.56,19.8533
13823.07,101.0,19.8533
13824.07,100.78,19.8533
13825.07,101.04,19.8533
13826.07,101.25,19.8534
13827.07,100.62,19.8534
13828.07,101.04,19.8534
13829.08,100.52,19.8534
13830.08,101.06,19.8534
13831.08,100.51,19.8534
13832.08,100.46,19.8534
13833.08,100.49,19.8535
13834.08,100.97,19.8534
13835.08,100.64,19.8535
13836.09,101.05,19.8535
13837.09,100.63,19.8535
13838.09,100.53,19.8535
13839.09,100.91,19.8535
13840.09,100.97,19.8641
13841.09,100.99,19.8641
13842.09,100.66,19.8641
13843.1,100.66,19.8641
13844.1,101.29,19.8642
13845.1,100.7,19.8643
13846.1,100.66,19.8642
13847.1,101.07,19.8642
13848.1,100.69,19.8642
13849.1,100.7,19.8642
13850.11,101.09,19.8642
13851.11,100.45,19.8642
13852.11,100.84,19.8642
13853.11,100.65,19.8642
13854.11,100.7,19.8643
13855.11,101.33,19.8645
13856.11,100.48,19.8645
13857.12,100.58,19.8645
13858.12,101.07,19.8645
13859.12,100.57,19.8646
13860.12,100.44,19.8646
13861.12,100.96,19.8646
13862.12,100.65,19.8646
13863.12,100.98,19.8646
13864.13,100.54,19.8645
13865.13,100.46,19.8645
13866.13,100.83,19.8645
13867.13,100.46,19.8645
13868.13,100.65,19.8645
13869.13,101.26,19.8728
13870.14,100.68,19.8728
13871.14,101.06,19.8727
13872.14,100.66,19.8727
13873.14,100.63,19.8727
13874.14,101.13,19.8728
13875.14,100.59,19.8729
13876.14,100.5,19.8727
13877.15,100.86,19.8727
13878.15,100.63,19.8728
13879.15,101.06,19.8728
13880.15,100.61,19.8728
13881.15,100.7,19.8728
13882.15,101.03,19.8728
13883.16,100.62,19.8728
13884.16,101.91,19.873
13885.16,100.61,19.8729
13886.16,100.51,19.8729
13887.16,101.05,19.8729
13888.16,100.63,19.8729
13889.16,100.64,19.8729
13890.17,101.04,19.8729
13891.17,100.68,19.8729
13892.17,100.67,19.8731
13893.17,100.99,19.8731
13894.17,100.56,19.8731
13895.17,101.02,19.8731
13896.17,100.66,19.8731
13897.18,100.66,19.873
13898.18,101.68,19.8808
13899.18,100.7,19.8807
13900.18,100.57,19.8807
13901.18,100.95,19.8807
13902.18,100.64,19.8808
13903.19,101.07,19.8808
13904.19,100.61,19.8808
13905.19,100.61,19.8808
13906.19,101.03,19.8808
13907.19,100.59,19.8808
13908.19,100.61,19.8808
13909.19,101.05,19.8809
13910.2,100.59,19.8808
13911.2,100.7,19.8809
13912.2,101.5,19.8812
13913.2,100.72,19.8811
13914.2,101.15,19.881
13915.2,100.66,19.881
13916.2,100.68,19.881
13917.21,101.13,19.881
13918.21,100.7,19.881
13919.21,100.71,19.881
13920.21,101.15,19.881
13921.21,100.69,19.881
13922.21,100.72,19.881
13923.21,101.21,19.8811
13924.21,100.83,19.8811
13925.22,100.68,19.8811
13926.22,100.64,19.8811
13927.22,101.64,19.8835
13928.22,100.53,19.8834
13929.22,101.07,19.8835
13930.22,100.66,19.8835
13931.22,100.62,19.8834
13932.23,101.07,19.8834
13933.23,100.67,19.8834
13934.23,100.72,19.8835
13935.23,101.07,19.8836
13936.23,100.65,19.8836
13937.23,100.58,19.8836
13938.23,100.95,19.8834
13939.24,100.64,19.8836
13940.24,100.9,19.8836
13941.24,100.54,19.8835
13942.24,101.05,19.8837
13943.24,101.1,19.8837
13944.24,100.61,19.8837
13945.25,101.08,19.8837
13946.25,100.65,19.8837
13947.25,100.6,19.8837
13948.25,101.08,19.8837
13949.25,100.53,19.8838
13950.25,100.6,19.8838
13951.25,101.05,19.8838
13952.26,100.54,19.8837
13953.26,100.65,19.8837
13954.26,101.04,19.8837
13955.26,100.55,19.8837
13956.26,101.75,19.8839
13957.26,100.66,19.884
13958.26,100.69,19.8839
13959.27,101.13,19.8839
13960.27,100.68,19.8839
13961.27,101.11,19.8839
13962.27,100.62,19.8839
13963.27,100.67,19.8839
13964.27,101.11,19.8839
13965.27,100.61,19.8841
13966.28,100.62,19.8841
13967.28,100.87,19.8839
13968.28,100.6,19.8839
13969.28,101.09,19.8841
13970.28,101.05,19.8843
13971.28,100.65,19.8842
13972.29,100.94,19.8842
13973.29,100.53,19.8842
13974.29,100.55,19.8842
13975.29,101.06,19.8843
13976.29,100.59,19.8843
13977.29,100.41,19.8843
13978.29,100.88,19.8842
13979.3,100.5,19.8843
13980.3,100.63,19.8843
13981.3,100.99,19.8843
13982.3,100.44,19.8843
13983.3,100.92,19.8843
13984.3,101.32,19.8845
13985.3,100.72,19.8844
13986.31,101.08,19.8844
13987.31,100.69,19.8844
13988.31,101.36,19.8844
13989.31,100.7,19.8845
13990.31,100.52,19.8844
13991.31,101.03,19.8845
13992.32,104.03,19.8844
13993.32,100.77,19.8844
13994.32,101.12,19.8844
13995.32,100.66,19.8844
13996.32,101.08,19.8844
13997.32,100.68,19.8843
13998.32,100.7,19.8843
13999.33,101.57,19.8848
14000.33,100.71,19.8848
14001.33,100.64,19.8848
14002.33,100.87,19.8848
14003.33,100.72,19.8848
14004.33,101.12,19.8848
14005.33,100.65,19.8848
14006.34,100.68,19.8848
14007.34,101.18,19.8849
14008.34,100.71,19.8849
14009.34,100.7,19.8849
14010.34,100.95,19.8848
14011.34,100.6,19.8848
14012.34,100.47,19.8848
14013.35,101.0,19.8849
14014.35,101.01,19.885
14015.35,100.53,19.885
14016.35,101.07,19.885
14017.35,100.66,19.8849
14018.35,100.63,19.8849
14019.35,101.12,19.8849
14020.36,100.68,19.8849
14021.36,100.69,19.8849
14022.36,101.04,19.8849
14023.36,100.69,19.8851
14024.36,101.01,19.885
14025.36,100.67,19.8851
14026.36,100.63,19.885
14027.37,100.98,19.885
14028.37,101.1,19.8853
14029.37,100.72,19.8852
14030.37,101.06,19.8852
14031.37,100.68,19.8853
14032.37,101.07,19.8853
14033.37,100.7,19.8852
14034.38,100.7,19.8852
14035.38,101.04,19.8852
14036.38,100.7,19.8854
14037.38,100.64,19.8852
14038.38,101.09,19.8852
14039.38,100.7,19.8853
14040.39,101.12,19.8853
14041.39,100.67,19.8853
14042.39,100.78,19.8853
14043.39,101.1,19.8855
14044.39,100.86,19.8857
14045.39,100.38,19.8857
14046.39,100.6,19.8856
14047.39,101.03,19.8856
14048.39,100.74,19.8856
14049.4,100.63,19.8856
14050.4,101.02,19.8856
14051.4,100.7,19.8856
14052.4,101.08,19.8857
14053.4,100.71,19.8856
14054.4,100.64,19.8857
14055.41,101.05,19.8856
14056.41,100.62,19.8856
14057.41,101.39,19.8857
14058.41,101.09,19.8857
14059.41,100.56,19.8858
14060.41,100.87,19.8858
14061.42,100.67,19.8858
14062.42,100.67,19.8858
14063.42,101.07,19.8857
14064.42,100.7,19.8859
14065.42,101.01,19.8858
14066.42,100.67,19.8858
14067.42,100.66,19.8859
14068.43,100.98,19.8859
14069.43,100.64,19.8858
14070.43,100.58,19.8858
14071.43,101.0,19.8859
14072.43,101.15,19.886
14073.43,101.07,19.886
14074.44,100.7,19.886
14075.44,100.64,19.886
14076.44,101.04,19.886
14077.44,100.61,19.886
14078.44,101.1,19.886
14079.44,100.72,19.8861
14080.44,100.74,19.8861
14081.45,101.2,19.8861
14082.45,100.66,19.8861
14083.45,100.8,19.8862
14084.45,101.12,19.8862
14085.45,100.68,19.8862
14086.45,100.59,19.8862
14087.45,101.48,19.8864
14088.46,100.46,19.8864
14089.46,101.04,19.8864
14090.46,100.72,19.8864
14091.46,100.72,19.8864
14092.46,101.09,19.8864
14093.46,100.73,19.8865
14094.47,101.1,19.8864
14095.47,100.62,19.8864
14096.47,100.55,19.8864
14097.47,100.99,19.8864
14098.47,100.67,19.8864
14099.47,100.7,19.8864
14100.47,100.88,19.8864
14101.48,100.49,19.8864
14102.48,101.65,19.8866
14103.48,100.66,19.8867
14104.48,100.49,19.8866
14105.48,100.53,19.8867
14106.48,100.87,19.8866
14107.48,100.47,19.8866
14108.49,100.9,19.8865
14109.49,100.52,19.8865
14110.49,100.52,19.8865
14111.49,100.98,19.8866
14112.49,100.57,19.8866
14113.49,101.18,19.8867
14114.49,100.65,19.8865
14115.5,100.44,19.8866
14116.5,101.88,19.8868
14117.5,100.62,19.8868
14118.5,100.71,19.8868
14119.5,101.14,19.8868
14120.5,100.71,19.8868
14121.5,100.77,19.8868
14122.51,101.02,19.8868
14123.51,100.56,19.8868
14124.51,100.51,19.8869
14125.51,100.96,19.8869
14126.51,100.61,19.8869
14127.51,100.66,19.8869
14128.51,100.99,19.8869
14129.52,100.62,19.8869
14130.52,101.62,19.8873
14131.52,100.68,19.8871
14132.52,100.67,19.8871
14133.52,101.19,19.8871
14134.52,100.7,19.8871
14135.52,100.7,19.8871
14136.53,101.04,19.8871
14137.53,100.51,19.8871
14138.53,100.68,19.8871
14139.53,101.06,19.8871
14140.53,100.66,19.8871
14141.53,101.05,19.8871
14142.53,100.61,19.8871
14143.54,100.72,19.8873
14144.54,101.72,19.8881
14145.54,100.66,19.8881
14146.54,100.65,19.8881
14147.54,101.04,19.8882
14148.54,100.7,19.888
14149.55,101.1,19.888
14150.55,100.69,19.888
14151.55,100.7,19.888
14152.55,101.08,19.888
14153.55,100.69,19.888
14154.55,100.61,19.888
14155.55,101.06,19.888
14156.56,100.59,19.888
14157.56,101.08,19.888
14158.56,100.53,19.888
14159.56,101.02,19.8882
14160.56,100.93,19.8882
14161.56,100.53,19.8881
14162.56,100.67,19.8882
14163.57,101.2,19.8884
14164.57,100.61,19.8883
14165.57,100.68,19.8883
14166.57,101.03,19.8883
14167.57,100.65,19.8883
14168.57,100.64,19.8883
14169.57,101.12,19.8883
14170.58,100.71,19.8883
14171.58,101.07,19.8884
14172.58,100.57,19.8884
14173.58,100.61,19.8884
14174.58,101.55,19.8888
14175.58,100.58,19.8887
14176.59,101.07,19.8888
14177.59,100.65,19.8888
14178.59,100.72,19.8888
14179.59,101.05,19.8888
14180.59,100.62,19.8888
14181.59,100.61,19.8888
14182.59,101.17,19.8887
14183.6,100.71,19.8888
14184.6,101.02,19.8889
14185.6,100.68,19.8889
14186.6,100.64,19.8888
14187.6,101.17,19.8888
14188.6,101.57,19.889
14189.6,100.56,19.8888
14190.61,101.04,19.8889
14191.61,100.61,19.8889
14192.61,100.44,19.8889
14193.61,100.91,19.8889
14194.61,100.43,19.8889
14195.61,100.91,19.8889
14196.61,100.68,19.8889
14197.62,100.65,19.8889
14198.62,101.17,19.889
14199.62,100.68,19.889
14200.62,100.63,19.8891
14201.62,101.03,19.8891
14202.62,101.18,19.8894
14203.63,101.15,19.8894
14204.63,100.61,19.8894
14205.63,100.53,19.8894
14206.63,100.86,19.8895
14207.63,100.43,19.8895
14208.63,100.52,19.8894
14209.63,100.84,19.8895
14210.64,100.5,19.8895
14211.64,100.89,19.8893
14212.64,100.48,19.8893
14213.64,100.54,19.8896
14214.64,100.91,19.8896
14215.64,100.61,19.8896
14216.65,101.52,19.8896
14217.65,100.55,19.8896
14218.65,101.18,19.8896
14219.65,100.63,19.8897
14220.65,100.65,19.8897
14221.65,100.91,19.8897
14222.66,100.62,19.8897
14223.66,101.03,19.8898
14224.66,100.6,19.8898
14225.66,100.61,19.8897
14226.66,100.94,19.8897
14227.66,100.58,19.8897
14228.66,100.71,19.8897
14229.67,101.06,19.8897
14230.67,101.21,19.8902
14231.67,101.12,19.8902
14232.67,100.69,19.8902
14233.67,100.77,19.8901
14234.67,101.03,19.8901
14235.68,100.65,19.8903
14236.68,101.02,19.8903
14237.68,100.65,19.8902
14238.68,100.74,19.8903
14239.68,101.08,19.8902
14240.68,100.56,19.8902
14241.68,100.63,19.8902
14242.69,101.08,19.8902
14243.69,100.77,19.8903
14244.69,100.7,19.8903
14245.69,101.7,19.8906
14246.69,100.68,19.8905
14247.69,101.07,19.8906
14248.7,100.72,19.8907
14249.7,100.75,19.8907
14250.7,101.14,19.8906
14251.7,100.63,19.8906
14252.7,100.64,19.8906
14253.7,100.97,19.8907
14254.7,100.64,19.8907
14255.7,100.71,19.8907
14256.71,100.87,19.8906
14257.71,100.64,19.8906
14258.71,101.12,19.8906
14259.71,100.96,19.891
14260.71,100.6,19.8908
14261.71,101.1,19.8908
14262.72,100.67,19.8908
14263.72,101.19,19.891
14264.72,100.72,19.891
14265.72,100.48,19.8908
14266.72,100.96,19.8909
14267.72,100.71,19.8909
14268.73,101.14,19.8909
14269.73,100.68,19.8909
14270.73,100.68,19.8909
14271.73,101.0,19.8909
14272.73,100.47,19.8909
14273.73,101.28,19.8911
14274.73,101.02,19.8911
14275.74,100.65,19.8911
14276.74,100.69,19.8911
14277.74,100.98,19.8911
14278.74,100.59,19.8912
14279.74,100.96,19.8912
14280.74,100.56,19.8912
14281.74,100.68,19.8911
14282.75,101.09,19.8911
14283.75,100.82,19.8913
14284.75,101.09,19.8911
14285.75,100.65,19.8911
14286.75,100.74,19.891
14287.75,101.08,19.8916
14288.75,101.11,19.8915
14289.76,100.68,19.8914
14290.76,101.1,19.8916
14291.76,100.61,19.8916
14292.76,100.64,19.8915
14293.76,101.15,19.8917
14294.76,100.63,19.8915
14295.77,101.06,19.8916
14296.77,100.64,19.8916
14297.77,100.65,19.8916
14298.77,101.09,19.8916
14299.77,100.65,19.8916
14300.77,101.07,19.8916
14301.77,101.23,19.8919
14302.78,100.65,19.8918
14303.78,101.13,19.8918
14304.78,100.68,19.8918
14305.78,100.69,19.8918
14306.78,101.09,19.8918
14307.78,100.68,19.8918
14308.79,101.13,19.8918
14309.79,100.65,19.8918
14310.79,100.71,19.8918
14311.79,101.06,19.8919
14312.79,100.71,19.8918
14313.79,100.79,19.8919
14314.79,101.06,19.8918
14315.8,100.5,19.8918
14316.8,101.4,19.8923
14317.8,100.47,19.8924
14318.8,100.54,19.8924
14319.8,100.93,19.8923
14320.8,100.58,19.8923
14321.8,100.75,19.8925
14322.8,100.66,19.8923
14323.81,101.16,19.8923
14324.81,100.66,19.8923
14325.81,101.1,19.8923
14326.81,100.64,19.8923
14327.81,100.64,19.8924
14328.81,101.13,19.8924
14329.82,100.7,19.8925
14330.82,101.08,19.8925
14331.82,101.32,19.8932
14332.82,100.68,19.8932
14333.82,101.16,19.8933
14334.82,100.56,19.8933
14335.83,100.92,19.8932
14336.83,100.49,19.8932
14337.83,100.47,19.8933
14338.83,101.08,19.8932
14339.83,100.69,19.8932
14340.83,100.71,19.8932
14341.83,101.09,19.8932
14342.84,100.64,19.8932
14343.84,101.19,19.8934
14344.84,100.64,19.8934
14345.84,101.47,19.8934
14346.84,101.0,19.8935
14347.84,100.57,19.8935
14348.85,101.11,19.8935
14349.85,100.63,19.8935
14350.85,100.67,19.8935
14351.85,101.13,19.8935
14352.85,100.63,19.8937
14353.85,100.75,19.8937
14354.85,101.13,19.8937
14355.85,100.66,19.8936
14356.86,100.7,19.8936
14357.86,101.07,19.8936
14358.86,100.82,19.8937
14359.86,101.07,19.8946
14360.86,100.96,19.8945
14361.86,100.59,19.8945
14362.86,100.55,19.8944
14363.87,101.17,19.8946
14364.87,100.64,19.8946
14365.87,100.94,19.8945
14366.87,100.51,19.8945
14367.87,100.46,19.8945
14368.87,101.06,19.8944
14369.88,100.68,19.8944
14370.88,101.07,19.8944
14371.88,100.49,19.8944
14372.88,100.67,19.8945
14373.88,101.6,19.8949
14374.88,100.56,19.8949
14375.88,100.46,19.8948
14376.89,100.91,19.8946
14377.89,100.53,19.8947
14378.89,100.67,19.8947
14379.89,101.07,19.8948
14380.89,100.66,19.8948
14381.89,100.7,19.8948
14382.89,101.1,19.8948
14383.89,100.73,19.8949
14384.9,100.68,19.8948
14385.9,101.04,19.8948
14386.9,100.66,19.8949
14387.9,100.65,19.8948
14388.9,101.75,19.8954
14389.9,100.61,19.8955
14390.9,100.64,19.8955
14391.91,100.93,19.8955
14392.91,100.6,19.8954
14393.91,100.99,19.8956
14394.91,100.43,19.8956
14395.91,100.43,19.8956
14396.91,100.81,19.8955
14397.92,100.45,19.8955
14398.92,100.96,19.8955
14399.92,100.64,19.8955
14400.92,100.57,19.8955
14401.92,100.97,19.8955
14402.92,100.64,19.8955
14403.93,101.5,19.8959
14404.93,100.56,19.8959
14405.93,100.67,19.8959
14406.93,101.04,19.8959
14407.93,100.6,19.8959
14408.93,100.52,19.8959
14409.93,100.91,19.8959
14410.93,100.54,19.896
14411.94,100.61,19.8959
14412.94,101.09,19.8959
14413.94,100.78,19.896
14414.94,100.64,19.896
14415.94,101.08,19.8959
14416.94,100.67,19.8961
14417.95,101.77,19.8966
14418.95,100.71,19.8965
14419.95,100.66,19.8965
14420.95,101.14,19.8965
14421.95,100.64,19.8964
14422.95,100.72,19.8966
14423.95,101.24,19.8965
14424.95,100.61,19.8965
14425.96,100.65,19.8965
14426.96,101.13,19.8965
14427.96,100.63,19.8965
14428.96,100.68,19.8965
14429.96,101.09,19.8965
14430.96,100.44,19.8965
14431.96,101.06,19.897
14432.97,100.93,19.8968
14433.97,100.66,19.8969
14434.97,100.65,19.8968
14435.97,101.17,19.8968
14436.97,100.68,19.8968
14437.97,100.7,19.8968
14438.97,101.2,19.897
14439.97,100.65,19.8969
14440.98,100.64,19.8968
14441.98,101.01,19.8968
14442.98,100.65,19.8968
14443.98,101.22,19.8969
14444.98,100.66,19.8969
14445.98,101.09,19.8973
14446.99,101.08,19.8973
14447.99,100.65,19.8973
14448.99,100.67,19.8974
14449.99,101.05,19.8974
14450.99,100.6,19.8974
14451.99,100.88,19.8974
14452.99,100.45,19.8974
14454.0,100.59,19.8975
14455.0,100.68,19.8975
14456.0,100.9,19.8975
14457.0,100.46,19.8974
14458.0,100.85,19.8974
14459.0,100.63,19.8975
14460.0,100.62,19.8974
14461.01,102.06,19.8986
14462.01,100.67,19.8986
14463.01,101.04,19.8986
14464.01,100.77,19.8987
14465.01,100.62,19.8986
14466.01,101.05,19.8986
14467.02,100.5,19.8986
14468.02,100.89,19.8986
14469.02,100.56,19.8987
14470.02,100.52,19.8987
14471.02,100.93,19.8988
14472.02,100.69,19.8987
14473.02,100.51,19.8987
14474.03,100.96,19.8988
14475.03,101.06,19.8997
14476.03,100.87,19.8997
14477.03,100.64,19.8997
14478.03,100.54,19.8997
14479.03,101.12,19.8997
14480.04,100.62,19.8997
14481.04,101.02,19.8997
14482.04,100.63,19.8997
14483.04,100.64,19.8997
14484.04,101.18,19.8997
14485.04,100.64,19.8997
14486.05,101.04,19.8997
14487.05,100.67,19.8997
14488.05,100.66,19.8997
14489.05,101.67,19.9
14490.05,100.66,19.9
14491.05,100.62,19.9
14492.05,101.08,19.9
14493.06,100.66,19.9
14494.06,101.17,19.9001
14495.06,100.67,19.9001
14496.06,100.55,19.9
14497.06,101.01,19.9
14498.06,100.65,19.9
14499.06,100.69,19.9001
14500.07,101.04,19.9
14501.07,100.67,19.9
14502.07,101.05,19.9
14503.07,100.64,19.9001
14504.07,101.61,19.9006
14505.07,101.07,19.9006
14506.08,100.64,19.9005
14507.08,100.94,19.9006
14508.08,100.71,19.9006
14509.08,100.69,19.9007
14510.08,101.06,19.9007
14511.08,100.62,19.9006
14512.08,100.57,19.9007
14513.09,100.98,19.9007
14514.09,100.65,19.9008
14515.09,100.99,19.9007
14516.09,100.66,19.9007
14517.09,100.67,19.9007
14518.09,101.66,19.9009
14519.1,100.5,19.9009
14520.1,100.84,19.9009
14521.1,100.46,19.9008
14522.1,100.46,19.9008
14523.1,101.1,19.9008
14524.1,100.78,19.901
14525.1,100.63,19.901
14526.11,101.06,19.9009
14527.11,100.65,19.9009
14528.11,101.1,19.9009
14529.11,100.58,19.9009
14530.11,100.47,19.9009
14531.11,100.93,19.9009
14532.12,101.16,19.9013
14533.12,100.93,19.9013
14534.12,100.88,19.9012
14535.12,100.62,19.9013
14536.12,101.08,19.9012
14537.12,100.62,19.9012
14538.12,100.64,19.9012
14539.13,101.1,19.9012
14540.13,100.68,19.9012
14541.13,100.99,19.9012
14542.13,100.51,19.9012
14543.13,100.59,19.9012
14544.13,101.17,19.9012
14545.13,100.76,19.9012
14546.14,101.39,19.9014
14547.14,101.1,19.9014
14548.14,100.71,19.9014
14549.14,100.69,19.9014
14550.14,101.11,19.9015
14551.14,100.67,19.9014
14552.15,101.04,19.9014
14553.15,100.55,19.9014
14554.15,100.64,19.9014
14555.15,100.97,19.9014
14556.15,100.69,19.9014
14557.15,100.69,19.9016
14558.15,101.08,19.9016
14559.16,100.74,19.9013
14560.16,101.12,19.9015
14561.16,100.74,19.9015
14562.16,101.38,19.9017
14563.16,101.21,19.9017
14564.16,100.74,19.9017
14565.16,100.7,19.9017
14566.17,101.1,19.9017
14567.17,100.54,19.9017
14568.17,100.46,19.9017
14569.17,101.0,19.9018
14570.17,100.62,19.9019
14571.17,100.48,19.9017
14572.17,100.92,19.9019
14573.17,100.54,19.9019
14574.18,100.59,19.9018
14575.18,101.01,19.9018
14576.18,101.5,19.9019
14577.18,100.65,19.9019
14578.18,101.07,19.9019
14579.18,100.68,19.9019
14580.18,100.66,19.9019
14581.19,101.03,19.9019
14582.19,100.66,19.9019
14583.19,100.71,19.902
14584.19,101.05,19.9019
14585.19,100.63,19.9021
14586.19,100.5,19.9019
14587.19,100.95,19.9019
14588.2,100.51,19.9019
14589.2,101.08,19.9021
14590.2,101.35,19.9028
14591.2,100.56,19.9028
14592.2,101.06,19.9028
14593.2,100.75,19.9028
14594.2,100.74,19.9027
14595.21,100.99,19.9027
14596.21,100.5,19.9027
14597.21,100.51,19.9027
14598.21,100.9,19.9027
14599.21,100.64,19.9027
14600.21,101.03,19.9027
14601.22,100.63,19.9027
14602.22,100.59,19.9027
14603.22,101.09,19.9027
14604.22,101.27,19.9031
14605.22,100.84,19.9031
14606.22,100.56,19.9031
14607.22,100.62,19.903
14608.23,101.09,19.9032
14609.23,100.73,19.9032
14610.23,100.77,19.9032
14611.23,100.64,19.9031
14612.23,101.11,19.9031
14613.23,100.85,19.9031
14614.23,100.74,19.9031
14615.23,101.07,19.9031
14616.24,100.61,19.9031
14617.24,101.03,19.9031
14618.24,100.69,19.9031
14619.24,101.2,19.9033
14620.24,100.93,19.9032
14621.24,100.62,19.9032
14622.24,100.51,19.9032
14623.25,101.16,19.9032
14624.25,100.66,19.9033
14625.25,100.48,19.9032
14626.25,100.98,19.9032
14627.25,100.63,19.9032
14628.25,100.48,19.9032
14629.25,101.03,19.9034
14630.26,100.52,19.9034
14631.26,100.92,19.9034
14632.26,100.49,19.9033
14633.26,100.76,19.9034
14634.26,285.85,13.169
14635.26,345.05,13.3448
14636.26,361.03,13.677
14637.26,327.9,14.0064
14638.27,161.96,13.1025
14639.27,360.54,13.353
14640.27,344.74,13.6803
14641.27,320.95,14.0003
14642.27,256.64,13.205
14643.27,303.81,13.332
14644.27,348.68,13.6021
14645.27,248.72,13.2156
14646.28,351.51,13.4529
14647.28,256.12,13.0832
14648.28,312.15,13.2611
14649.28,330.16,13.4512
14650.28,286.02,13.0858
14651.28,342.46,13.3156
14652.28,296.76,13.0665
14653.28,294.78,13.2514
14654.29,326.09,13.4081
14655.29,271.11,13.0665
14656.29,296.85,13.2506
14657.29,331.86,13.3932
14658.29,298.79,13.0731
14659.29,307.04,13.2537
14660.29,328.59,13.3974
14661.29,279.13,13.072
14662.3,305.6,13.2561
14663.3,323.08,13.3876
14664.3,324.69,13.6716
14665.3,314.53,13.9421
14666.3,180.0,13.1126
14667.3,332.04,13.4
14668.3,300.28,13.773
14669.31,345.45,13.8885
14670.31,351.78,14.0906
14671.31,328.73,14.4209
14672.31,315.84,14.7832
14673.31,310.79,15.1224
14674.31,303.56,15.3746
14675.31,304.94,15.5964
14676.31,306.38,15.8377
14677.32,303.04,16.0731
14678.32,208.49,16.7132
14679.32,104.13,17.544
14680.32,215.57,18.654
14681.32,399.57,19.5115
14682.32,312.04,19.9999
14683.33,100.66,19.9999
14684.33,106.25,20.0
14685.33,316.39,20.0
14686.33,312.45,20.0
14687.33,306.73,20.0
14688.33,308.2,20.0
14689.33,308.31,20.0
14690.33,272.63,19.9999
14691.34,155.65,20.0
14692.34,223.95,20.0
14693.34,164.3,19.9999
14694.34,182.41,19.9999
14695.34,206.56,19.9999
14696.34,130.88,19.9928
14697.35,115.85,19.9928
14698.35,190.04,20.0
14699.35,394.95,20.0
14700.35,398.15,19.9999
14701.35,397.87,20.0
14702.35,226.01,20.0
14703.35,104.15,20.0
14704.35,130.33,20.0
14705.36,116.39,19.9999
14706.36,139.31,19.9999
14707.36,122.5,19.9999
14708.36,101.92,19.9999
14709.36,139.39,19.9999
14710.36,105.43,19.9999
14711.37,103.21,19.9999
14712.37,100.75,19.9999
14713.37,101.09,19.9999
14714.37,101.09,19.9999
14715.37,101.99,19.9999
14716.37,102.25,19.9999
14717.37,124.91,20.0
14718.38,133.32,19.9999
14719.38,104.21,20.0
14720.38,141.29,19.9999
14721.38,100.97,19.9999
14722.39,104.73,19.9999
14723.39,119.45,19.9996
14724.39,112.74,19.9996
14725.39,101.82,19.9996
14726.39,115.84,19.9996
14727.39,101.01,19.9996
14728.39,129.75,19.9996
14729.4,120.81,19.9996
14730.4,103.7,19.9996
14731.4,101.05,19.9997
14732.4,100.8,19.9997
14733.4,101.26,19.9997
14734.4,100.92,19.9997
14735.4,101.64,19.9997
14736.41,101.26,19.9997
14737.41,100.95,19.9996
14738.41,106.34,19.9996
14739.41,103.59,19.9996
14740.41,103.23,19.9996
14741.41,102.37,19.9996
14742.41,107.3,19.9996
14743.42,100.81,19.9994
14744.42,100.74,19.9995
14745.42,101.19,19.9993
14746.42,100.67,19.9987
14747.42,100.88,19.9983
14748.42,103.54,19.9982
14749.42,100.65,19.9981
14750.43,101.19,19.9979
14751.43,101.09,19.9978
14752.43,100.76,19.9979
14753.43,101.14,19.9979
14754.43,101.68,19.9979
14755.43,101.08,19.9979
14756.43,100.78,19.9979
14757.44,104.13,19.9979
14758.44,101.94,19.998
14759.44,101.09,19.998
14760.44,135.4,19.998
14761.44,100.86,19.998
14762.44,103.01,19.9981
14763.44,104.11,19.9982
14764.45,101.11,19.9982
14765.45,100.69,19.9981
14766.45,101.28,19.9982
14767.45,100.8,19.9981
14768.45,101.47,19.9981
14769.45,101.15,19.9981
14770.46,102.77,19.998
14771.46,101.51,19.9981
14772.46,101.29,19.9981
14773.46,114.21,19.9984
14774.46,399.27,19.9998
14775.46,388.63,20.0
14776.46,100.92,20.0
14777.46,100.68,20.0
14778.47,101.61,20.0
14779.47,100.72,20.0
14780.47,104.43,19.9999
14781.47,100.82,19.9999
14782.47,101.11,20.0
14783.47,100.67,20.0
14784.48,118.56,19.9999
14785.48,101.05,19.9999
14786.48,110.89,19.9998
14787.48,102.09,19.9998
14788.48,101.06,19.9999
14789.48,100.61,19.9999
14790.49,101.08,19.9999
14791.49,100.69,19.9999
14792.49,124.7,20.0
14793.49,226.12,16.5572
14794.49,119.16,9.9695
14795.49,323.47,10.2557
14796.49,309.59,10.6753
14797.49,342.64,10.8334
14798.5,328.35,11.0875
14799.5,319.13,11.4096
14800.5,307.52,11.6519
14801.5,310.26,11.9232
14802.5,303.85,12.2063
14803.5,301.93,12.4387
14804.5,301.67,12.6933
14805.51,304.87,12.9423
14806.51,244.8,13.6141
14807.51,101.77,14.4536
14808.51,206.6,15.5256
14809.51,399.58,16.4446
14810.51,362.25,17.0901
14811.51,100.95,17.0901
14812.51,107.84,17.09
14813.52,310.38,17.0914
14814.52,306.63,17.0944
14815.52,305.73,17.0982
14816.52,300.5,17.1
14817.52,292.21,17.1003
14818.52,283.27,17.1005
14819.52,189.77,17.1006
14820.53,193.69,17.1006
14821.53,199.37,17.1006
14822.53,162.81,17.1006
14823.53,154.25,17.1006
14824.53,103.44,17.1006
14825.53,226.99,17.5508
14826.53,399.65,18.4103
14827.54,399.45,19.0843
14828.54,400.77,19.7758
14829.54,123.98,19.8388
14830.54,105.56,19.8829
14831.54,153.26,19.8829
14832.54,115.25,19.8829
14833.54,148.81,19.883
14834.55,109.68,19.883
14835.55,104.38,19.883
14836.55,123.46,19.8831
14837.55,110.56,19.8831
14838.55,105.09,19.8831
14839.55,119.75,19.883
14840.56,102.62,19.883
14841.56,101.32,19.8829
14842.56,101.0,19.8829
14843.56,101.54,19.883
14844.56,135.09,19.883
14845.56,116.56,19.8829
14846.56,102.23,19.883
14847.57,143.8,19.883
14848.57,128.33,19.8829
14849.57,113.45,19.8829
14850.57,101.72,19.8829
14851.57,101.74,19.8829
14852.57,115.83,19.8829
14853.57,100.8,19.8832
14854.58,146.29,19.883
14855.58,105.21,19.883
14856.58,107.97,19.883
14857.58,100.85,19.8831
14858.58,101.21,19.8832
14859.58,100.72,19.8832
14860.58,101.05,19.8831
14861.59,101.96,19.8831
14862.59,100.85,19.8831
14863.59,109.61,19.8831
14864.59,103.33,19.8831
14865.59,103.81,19.8831
14866.59,108.81,19.8831
14867.6,100.71,19.883
14868.6,100.78,19.883
14869.6,101.12,19.883
14870.6,100.53,19.883
14871.6,100.55,19.883
14872.6,103.83,19.883
14873.6,101.82,19.8832
14874.6,100.58,19.8832
14875.61,101.47,19.8833
14876.61,100.68,19.8833
14877.61,100.8,19.8833
14878.61,101.02,19.8833
14879.61,100.54,19.8832
14880.61,102.61,19.8833
14881.61,101.67,19.8833
14882.61,101.18,19.8832
14883.62,138.24,19.8833
14884.62,103.4,19.8833
14885.62,102.67,19.8833
14886.62,103.9,19.8833
14887.62,100.94,19.8833
14888.62,104.23,19.8834
14889.63,100.83,19.8834
14890.63,101.19,19.8833
14891.63,100.65,19.8834
14892.63,208.29,19.884
14893.63,399.49,19.996
14894.63,286.32,19.9983
14895.63,104.41,19.9984
14896.63,100.56,19.9984
14897.64,102.85,19.9984
14898.64,101.19,19.9984
14899.64,101.11,19.9984
14900.64,100.64,19.9984
14901.64,101.07,19.9984
14902.64,100.82,19.9984
14903.65,101.07,19.9985
14904.65,100.91,19.9985
14905.65,119.81,19.9985
14906.65,100.91,19.9984
14907.65,100.9,19.9983
14908.65,102.37,19.9983
14909.65,100.68,19.9984
14910.66,100.66,19.9985
14911.66,101.06,19.9982
14912.66,100.61,19.9984
14913.66,101.18,19.9984
14914.66,225.08,19.9984
14915.66,207.17,19.999
14916.67,116.92,19.9989
14917.67,140.11,19.9991
14918.67,197.78,19.9991
14919.67,101.46,19.9991
14920.67,108.42,19.9991
14921.67,101.0,19.9991
14922.67,252.68,20.0
14923.68,399.8,20.0
14924.68,162.2,19.9999
14925.68,100.57,19.9999
14926.68,102.3,19.9999
14927.68,101.0,19.9999
14928.68,100.62,19.9999
14929.68,102.23,19.9999
14930.69,105.16,19.9999
14931.69,102.41,19.9999
14932.69,105.45,19.9999
14933.69,380.12,19.9999
14934.69,314.16,20.0
14935.69,132.38,19.9999
14936.7,100.5,19.9999
14937.7,100.9,19.9999
14938.7,100.57,19.9999
14939.7,100.64,19.9957
14940.7,108.18,19.9957
14941.7,104.52,19.9958
14942.7,100.54,19.9959
14943.71,118.09,19.9961
14944.71,399.57,19.9936
14945.71,208.42,19.9936
14946.71,101.0,19.9936
14947.71,100.63,19.9935
14948.71,100.66,19.9937
14949.71,260.38,20.0
14950.71,399.16,20.0
14951.72,148.84,19.9999
14952.72,100.92,19.9999
14953.72,100.6,19.9999
14954.72,100.51,19.9999
14955.72,164.31,19.9999
14956.72,100.49,19.9999
14957.73,100.98,19.9999
14958.73,100.71,20.0
14959.73,115.45,19.9999
14960.73,101.08,19.9999
14961.73,101.1,19.9999
14962.73,100.69,19.9999
14963.73,116.03,19.9999
14964.74,100.74,19.9999
14965.74,101.27,19.9999
14966.74,100.71,19.9999
14967.74,115.38,19.9999
14968.74,101.17,19.9999
14969.74,100.79,19.9999
14970.74,100.76,19.9999
14971.75,117.4,19.9999
14972.75,100.66,19.9999
14973.75,101.16,19.9999
14974.75,100.68,19.9999
14975.75,119.12,20.0
14976.75,101.17,20.0
14977.75,100.71,20.0
14978.76,100.73,20.0
14979.76,119.28,20.0
14980.76,100.8,20.0
14981.76,101.1,20.0
14982.76,100.71,20.0
14983.76,119.4,19.9999
14984.77,101.11,19.9999
14985.77,100.73,19.9999
14986.77,101.08,19.9999
14987.77,119.34,19.9999
14988.77,100.7,20.0
14989.77,101.11,20.0
14990.78,100.72,20.0
14991.78,116.26,20.0
14992.78,100.94,20.0
14993.78,100.67,19.9999
14994.78,101.11,19.9999
14995.78,115.62,19.9999
14996.78,100.71,19.9999
14997.79,101.13,19.9999
14998.79,100.67,19.9999
14999.79,101.11,19.9999
15000.79,115.1,19.9999
15001.79,100.67,19.9999
15002.79,101.03,19.9999
15003.8,100.76,20.0
15004.8,115.85,20.0
15005.8,100.71,20.0
15006.8,102.88,20.0
15007.8,101.0,20.0
15008.8,100.59,20.0
15009.8,115.39,20.0
15010.81,101.07,20.0
15011.81,100.73,20.0
15012.81,101.1,20.0
15013.81,100.82,20.0
15014.81,102.53,20.0
15015.81,113.84,20.0
15016.82,100.53,20.0
15017.82,100.52,20.0
15018.82,100.94,20.0
15019.82,100.52,20.0
15020.82,115.33,20.0
15021.82,100.49,20.0
15022.82,100.49,20.0
15023.83,101.01,20.0
15024.83,100.5,20.0
15025.83,101.53,20.0
15026.83,118.29,19.9999
15027.83,100.66,19.9999
15028.83,101.13,19.9999
15029.83,100.66,19.9999
15030.84,100.65,19.9999
15031.84,101.16,19.9999
15032.84,100.66,19.9999
15033.84,121.78,20.0
15034.84,100.95,20.0
15035.84,100.52,20.0
15036.84,100.66,20.0
15037.85,101.08,20.0
15038.85,100.7,20.0
15039.85,117.3,20.0
15040.85,104.41,19.9999
15041.85,100.73,19.9999
15042.85,101.05,19.9999
15043.86,100.81,19.9999
15044.86,100.72,19.9999
15045.86,101.1,19.9999
15046.86,103.45,19.9999
15047.86,120.03,19.9999
15048.86,100.76,20.0
15049.86,100.65,20.0
15050.87,101.08,20.0
15051.87,100.73,20.0
15052.87,100.67,20.0
15053.87,101.24,20.0
15054.87,114.85,19.9999
15055.87,100.44,19.9999
15056.87,100.83,19.9999
15057.88,100.58,19.9999
15058.88,101.04,20.0
15059.88,100.56,19.9999
15060.88,100.61,19.9999
15061.88,114.64,19.9999
15062.88,100.51,19.9999
15063.88,115.37,20.0
15064.89,100.98,20.0
15065.89,100.58,19.9999
15066.89,100.97,19.9999
15067.89,100.67,19.9999
15068.89,100.49,19.9999
15069.89,100.86,19.9999
15070.9,100.57,19.9999
15071.9,100.63,19.9999
15072.9,116.05,20.0
15073.9,100.7,20.0
15074.9,101.01,20.0
15075.9,100.59,20.0
15076.9,100.61,20.0
15077.91,101.15,19.9999
15078.91,100.7,19.9999
15079.91,100.63,19.9999
15080.91,115.42,20.0
15081.91,100.57,20.0
15082.91,100.59,20.0
15083.91,101.04,20.0
15084.92,100.49,20.0
15085.92,100.5,20.0
15086.92,100.9,20.0
15087.92,100.5,20.0
15088.92,100.98,19.9999
15089.92,118.06,20.0
15090.92,100.52,20.0
15091.93,100.88,20.0
15092.93,100.5,20.0
15093.93,100.59,20.0
15094.93,100.91,20.0
15095.93,100.48,20.0
15096.93,100.89,20.0
15097.93,100.49,20.0
15098.94,123.61,20.0
15099.94,100.92,20.0
15100.94,100.58,20.0
15101.94,100.63,20.0
15102.94,101.01,20.0
15103.94,100.64,20.0
15104.94,100.51,20.0
15105.95,100.94,20.0
15106.95,100.54,20.0
15107.95,121.87,19.9999
15108.95,101.16,19.9998
15109.95,100.77,19.9998
15110.95,100.72,19.9998
15111.95,101.17,19.9999
15112.96,100.76,20.0
15113.96,103.51,20.0
15114.96,100.48,19.9999
15115.96,100.48,19.9999
15116.96,100.9,19.9999
15117.96,115.61,19.9999
15118.97,101.06,20.0
15119.97,100.61,20.0
15120.97,100.59,20.0
15121.97,100.91,20.0
15122.97,100.52,20.0
15123.97,100.67,20.0
15124.97,101.05,20.0
15125.97,100.64,20.0
15126.98,100.56,20.0
15127.98,114.94,19.9999
15128.98,101.08,20.0
15129.98,100.56,19.9999
15130.98,101.06,19.9999
15131.98,100.48,19.9999
15132.98,100.45,19.9999
15133.99,101.16,19.9999
15134.99,100.6,20.0
15135.99,100.55,19.9999
15136.99,101.04,19.9999
15137.99,114.59,20.0
15138.99,100.59,20.0
15139.99,100.92,19.9999
15140.99,100.55,19.9999
15142.0,100.57,20.0
15143.0,101.15,19.9999
15144.0,100.68,19.9998
15145.0,100.59,19.9998
15146.0,101.1,19.9998
15147.0,100.6,19.9998
15148.0,100.61,19.9998
15149.01,115.8,20.0
15150.01,100.66,20.0
15151.01,100.66,20.0
15152.01,100.64,20.0
15153.01,100.89,20.0
15154.01,100.71,19.9999
15155.01,101.1,19.9998
15156.02,100.67,19.9999
15157.02,100.61,20.0
15158.02,100.98,20.0
15159.02,121.3,20.0
15160.02,101.03,19.9999
15161.02,100.6,19.9999
15162.02,100.61,19.9999
15163.03,100.93,19.9999
15164.03,100.7,19.9999
15165.03,100.66,20.0
15166.03,100.89,19.9999
15167.03,100.5,19.9999
15168.03,101.07,19.9999
15169.03,125.82,20.0
15170.04,100.71,20.0
15171.04,100.9,20.0
15172.04,100.6,20.0
15173.04,101.06,19.9999
15174.04,100.72,19.9999
15175.05,101.12,19.9999
15176.05,100.66,19.9999
15177.05,100.65,19.9999
15178.05,101.08,19.9999
15179.05,100.72,19.9999
15180.05,116.51,20.0
15181.05,101.08,20.0
15182.06,100.7,20.0
15183.06,101.08,20.0
15184.06,100.76,20.0
15185.06,100.56,20.0
15186.06,101.0,20.0
15187.06,100.64,20.0
15188.06,100.69,20.0
15189.07,101.14,19.9999
15190.07,100.72,19.9999
15191.07,115.7,19.9999
15192.07,100.64,19.9999
15193.07,100.69,19.9999
15194.07,101.4,19.9999
15195.08,100.64,19.9999
15196.08,101.09,19.9999
15197.08,100.67,19.9999
15198.08,100.63,19.9999
15199.08,100.78,20.0
15200.08,101.1,20.0
15201.08,100.64,20.0
15202.09,101.06,20.0
15203.09,114.98,20.0
15204.09,101.26,19.9999
15205.09,100.7,19.9998
15206.09,100.71,19.9998
15207.09,101.1,19.9999
15208.1,100.63,19.9998
15209.1,100.73,19.9999
15210.1,101.12,19.9999
15211.1,100.61,19.9998
15212.1,100.68,19.9998
15213.1,101.06,19.9998
15214.1,100.76,19.9999
15215.11,101.06,19.9998
15216.11,115.49,19.9999
15217.11,100.63,19.9999
15218.11,101.06,19.9999
15219.11,100.73,19.9999
15220.11,101.1,19.9999
15221.11,100.69,19.9999
15222.12,100.67,19.9999
15223.12,101.07,19.9999
15224.12,100.76,19.9999
15225.12,101.08,19.9999
15226.12,100.67,19.9999
15227.12,122.94,19.9999
15228.13,101.12,19.9999
15229.13,100.7,20.0
15230.13,100.56,19.9999
15231.13,100.91,19.9999
15232.13,100.6,19.9999
15233.13,100.67,19.9999
15234.13,101.11,19.9999
15235.14,100.54,19.9999
15236.14,101.03,19.9999
15237.14,100.52,19.9999
15238.14,123.64,20.0
15239.14,101.04,20.0
15240.14,100.58,19.9999
15241.15,100.99,19.9999
15242.15,100.53,19.9999
15243.15,100.59,19.9999
15244.15,101.09,20.0
15245.15,100.51,19.9999
15246.15,100.91,19.9999
15247.15,100.44,19.9999
15248.16,100.53,19.9998
15249.16,116.57,19.9999
15250.16,100.61,20.0
15251.16,100.53,19.9999
15252.16,101.03,20.0
15253.16,100.81,20.0
15254.16,100.59,20.0
15255.17,100.94,19.9999
15256.17,100.55,19.9999
15257.17,100.51,19.9999
15258.17,100.87,19.9999
15259.17,100.5,19.9999
15260.17,100.94,19.9999
15261.17,115.38,20.0
15262.18,100.66,20.0
15263.18,101.21,20.0
15264.18,100.7,19.9999
15265.18,100.59,20.0
15266.18,100.51,20.0
15267.18,100.88,20.0
15268.18,100.49,20.0
15269.19,101.03,20.0
15270.19,100.6,19.9999
15271.19,100.64,19.9999
15272.19,101.06,19.9999
15273.19,114.49,19.9999
15274.19,101.6,20.0
15275.19,100.98,20.0
15276.2,100.65,20.0
15277.2,101.06,20.0
15278.2,100.57,20.0
15279.2,100.5,20.0
15280.2,101.08,20.0
15281.2,100.72,20.0
15282.2,100.69,20.0
15283.21,101.18,20.0
15284.21,100.75,19.9999
15285.21,115.6,19.9999
15286.21,101.13,19.9999
15287.21,100.65,19.9999
15288.21,100.69,19.9999
15289.21,101.15,20.0
15290.21,100.67,20.0
15291.22,100.7,20.0
15292.22,101.14,20.0
15293.22,100.76,20.0
15294.22,100.69,20.0
15295.22,101.01,20.0
15296.22,100.64,19.9999
15297.23,125.89,19.9998
15298.23,100.69,19.9997
15299.23,101.08,19.9998
15300.23,100.48,19.9998
15301.23,100.5,19.9998
15302.23,100.89,19.9998
15303.24,100.78,19.9999
15304.24,100.69,19.9999
15305.24,101.07,19.9999
15306.24,100.54,19.9999
15307.24,101.11,19.9999
15308.24,100.69,19.9998
15309.24,123.21,20.0
15310.25,101.0,19.9999
15311.25,100.67,19.9999
15312.25,100.6,19.9999
15313.25,101.27,19.9999
15314.25,100.74,19.9999
15315.25,100.98,19.9999
15316.25,100.56,19.9999
15317.26,100.57,19.9999
15318.26,100.98,20.0
15319.26,100.61,20.0
15320.26,115.25,20.0
15321.26,100.97,20.0
15322.26,100.57,20.0
15323.27,101.15,20.0
15324.27,100.6,19.9999
15325.27,100.46,19.9999
15326.27,101.0,20.0
15327.27,100.58,20.0
15328.27,100.62,20.0
15329.27,101.02,20.0
15330.28,100.61,20.0
15331.28,100.65,20.0
15332.28,115.05,19.9998
15333.28,100.71,19.9998
15334.28,101.11,19.9998
15335.28,100.66,19.9998
15336.28,100.57,19.9998
15337.29,100.94,19.9998
15338.29,100.57,19.9998
15339.29,100.94,19.9999
15340.29,100.61,19.9999
15341.29,100.64,19.9999
15342.29,100.95,19.9999
15343.3,100.72,19.9999
15344.3,100.68,19.9999
15345.3,115.13,20.0
15346.3,100.48,20.0
15347.3,101.01,20.0
15348.3,100.66,20.0
15349.3,100.67,20.0
15350.31,101.03,20.0
15351.31,100.63,20.0
15352.31,100.95,20.0
15353.31,100.5,19.9999
15354.31,101.05,19.9999
15355.31,100.67,19.9999
15356.32,100.67,19.9998
15357.32,117.33,20.0
15358.32,100.69,20.0
15359.32,100.7,19.9999
15360.32,101.09,19.9999
15361.32,100.66,19.9999
15362.33,101.05,19.9999
15363.33,100.7,19.9999
15364.33,100.71,19.9999
15365.33,101.06,19.9999
15366.33,100.63,19.9999
15367.33,100.62,19.9999
15368.33,101.03,19.9999
15369.34,126.47,19.9999
15370.34,101.03,19.9999
15371.34,102.79,19.9999
15372.34,101.04,19.9999
15373.34,100.73,19.9999
15374.34,100.67,19.9999
15375.35,100.96,19.9999
15376.35,100.56,19.9999
15377.35,100.63,19.9999
15378.35,101.05,19.9999
15379.35,100.67,20.0
15380.35,101.07,20.0
15381.35,120.52,19.9998
15382.36,100.66,19.9998
15383.36,101.21,19.9998
15384.36,100.65,19.9998
15385.36,100.62,19.9998
15386.36,101.1,19.9998
15387.36,100.65,19.9998
15388.36,100.57,20.0
15389.37,101.09,19.9998
15390.37,100.64,19.9999
15391.37,100.64,20.0
15392.37,101.09,20.0
15393.37,115.3,19.9999
15394.37,100.69,19.9997
15395.37,101.05,19.9998
15396.38,100.61,19.9998
15397.38,100.64,19.9998
15398.38,101.05,19.9999
15399.38,100.65,20.0
15400.38,101.07,20.0
15401.38,100.69,20.0
15402.38,100.64,20.0
15403.39,101.1,20.0
15404.39,100.77,20.0
15405.39,114.79,19.9999
15406.39,101.04,19.9998
15407.39,100.66,19.9999
15408.39,100.7,19.9999
15409.39,101.02,19.9999
15410.4,100.58,19.9999
15411.4,100.98,19.9999
15412.4,100.67,19.9999
15413.4,100.75,19.9999
15414.4,101.11,20.0
15415.4,100.69,20.0
15416.4,100.79,20.0
15417.4,101.08,20.0
15418.41,100.73,20.0
15419.41,115.19,19.9999
15420.41,100.56,19.9999
15421.41,101.1,19.9999
15422.41,100.61,19.9999
15423.41,100.66,19.9999
15424.41,101.05,19.9999
15425.42,100.65,19.9999
15426.42,100.97,19.9998
15427.42,100.58,19.9999
15428.42,100.6,19.9998
15429.42,101.05,19.9998
15430.42,100.57,19.9998
15431.42,121.6,19.9999
15432.43,101.05,19.9998
15433.43,100.67,20.0
15434.43,100.89,20.0
15435.43,100.54,19.9999
15436.43,100.79,20.0
15437.43,101.03,20.0
15438.43,100.66,20.0
15439.44,100.62,19.9999
15440.44,101.15,19.9999
15441.44,100.71,19.9999
15442.44,100.68,19.9999
15443.44,126.95,19.9999
15444.44,100.64,20.0
15445.44,100.68,20.0
15446.45,100.95,20.0
15447.45,100.67,20.0
15448.45,101.02,20.0
15449.45,100.51,20.0
15450.45,100.46,20.0
15451.45,100.87,20.0
15452.46,100.46,20.0
15453.46,100.92,20.0
15454.46,100.55,19.9999
15455.46,100.48,19.9999
15456.46,116.37,19.9999
15457.46,100.46,19.9999
15458.47,100.9,19.9999
15459.47,100.5,20.0
15460.47,100.53,20.0
15461.47,100.96,20.0
15462.47,100.44,20.0
15463.47,100.53,20.0
15464.47,101.07,20.0
15465.48,100.55,20.0
15466.48,100.47,20.0
15467.48,100.84,20.0
15468.48,115.05,20.0
15469.48,101.09,19.9999
15470.48,100.48,19.9999
15471.48,100.55,19.9999
15472.49,101.02,19.9999
15473.49,100.65,19.9999
15474.49,100.53,20.0
15475.49,100.95,20.0
15476.49,100.72,20.0
15477.49,101.1,20.0
15478.5,100.69,20.0
15479.5,100.57,20.0
15480.5,101.0,20.0
15481.5,115.39,19.9999
15482.5,100.66,20.0
15483.5,101.07,20.0
15484.5,100.68,20.0
15485.51,101.09,20.0
15486.51,100.7,20.0
15487.51,100.67,20.0
15488.51,101.09,20.0
15489.51,100.66,19.9999
15490.51,100.51,19.9999
15491.51,100.98,19.9999
15492.52,100.63,19.9999
15493.52,101.19,19.9999
15494.52,116.77,19.9999
15495.52,100.65,19.9999
15496.52,101.07,19.9999
15497.52,100.69,19.9999
15498.52,100.66,19.9999
15499.53,101.09,19.9999
15500.53,100.66,19.9999
15501.53,101.04,19.9999
15502.53,100.67,19.9999
15503.53,100.73,19.9999
15504.53,101.21,20.0
15505.53,100.66,20.0
15506.54,126.39,19.9999
15507.54,101.05,19.9998
15508.54,100.66,19.9999
15509.54,100.68,19.9999
15510.54,101.04,19.9999
15511.54,100.65,19.9999
15512.55,101.06,19.9998
15513.55,100.72,19.9999
15514.55,100.69,19.9998
15515.55,101.06,19.9998
15516.55,100.67,19.9998
15517.55,101.04,19.9998
15518.55,100.67,19.9998
15519.56,120.76,20.0
15520.56,101.08,19.9999
15521.56,100.71,19.9999
15522.56,100.72,19.9999
15523.56,100.95,19.9998
15524.56,100.52,19.9998
15525.57,101.08,19.9998
15526.57,100.67,19.9998
15527.57,100.46,19.9998
15528.57,100.99,19.9998
15529.57,100.73,19.9998
15530.57,100.68,19.9998
15531.57,115.75,20.0
15532.58,100.65,20.0
15533.58,101.21,20.0
15534.58,100.63,19.9999
15535.58,100.67,19.9999
15536.58,101.14,19.9999
15537.58,100.64,20.0
15538.58,100.74,19.9999
15539.59,101.12,19.9999
15540.59,100.68,19.9999
15541.59,100.74,20.0
15542.59,101.05,19.9999
15543.59,100.78,20.0
15544.59,115.18,20.0
15545.59,101.03,20.0
15546.6,100.59,20.0
15547.6,100.52,20.0
15548.6,100.93,20.0
15549.6,100.56,20.0
15550.6,100.87,20.0
15551.6,100.69,20.0
15552.6,100.61,20.0
15553.61,101.01,20.0
15554.61,100.59,19.9999
15555.61,101.08,19.9999
15556.61,100.7,19.9999
15557.61,115.14,20.0
15558.61,101.05,19.9999
15559.62,100.66,19.9999
15560.62,101.12,19.9999
15561.62,100.66,19.9999
15562.62,100.65,19.9999
15563.62,101.25,19.9999
15564.62,100.7,19.9999
15565.62,100.69,19.9999
15566.63,101.16,19.9999
15567.63,100.68,19.9999
15568.63,100.59,20.0
15569.63,122.66,19.9999
15570.63,100.47,19.9999
15571.63,100.57,19.9999
15572.63,100.98,19.9999
15573.64,100.71,19.9999
15574.64,101.08,19.9999
15575.64,100.66,19.9999
15576.64,100.69,19.9999
15577.64,101.04,19.9999
15578.64,100.66,20.0
15579.65,100.86,20.0
15580.65,100.66,20.0
15581.65,124.76,19.9999
15582.65,101.08,19.9999
15583.65,100.78,20.0
15584.65,100.91,20.0
15585.65,100.49,20.0
15586.66,100.48,20.0
15587.66,100.93,20.0
15588.66,100.72,20.0
15589.66,100.6,20.0
15590.66,100.86,20.0
15591.66,100.5,20.0
15592.67,100.93,20.0
15593.67,100.65,19.9999
15594.67,115.83,20.0
15595.67,101.07,20.0
15596.67,100.63,20.0
15597.67,100.64,20.0
15598.67,101.05,20.0
15599.68,100.49,20.0
15600.68,100.57,20.0
15601.68,100.99,20.0
15602.68,100.48,20.0
15603.68,100.81,19.9999
15604.68,100.9,19.9999
15605.68,100.45,19.9999
15606.69,115.58,19.9998
15607.69,100.64,20.0
15608.69,100.6,20.0
15609.69,101.03,20.0
15610.69,100.63,19.9999
15611.69,100.7,19.9999
15612.69,101.03,19.9999
15613.7,100.73,19.9999
15614.7,100.57,19.9999
15615.7,101.01,19.9999
15616.7,100.66,19.9999
15617.7,101.07,19.9999
15618.7,100.7,20.0
15619.7,114.85,20.0
15620.71,101.08,20.0
15621.71,100.69,20.0
15622.71,101.07,20.0
15623.71,100.75,20.0
15624.71,100.64,20.0
15625.71,101.06,20.0
15626.71,100.72,20.0
15627.72,100.66,20.0
15628.72,101.07,20.0
15629.72,100.71,20.0
15630.72,100.67,20.0
15631.72,101.08,20.0
15632.72,117.0,19.9999
15633.72,100.7,19.9999
15634.73,100.86,19.9999
15635.73,100.46,19.9999
15636.73,101.01,19.9998
15637.73,100.66,19.9998
15638.73,100.71,19.9999
15639.73,101.08,19.9999
15640.73,100.48,19.9999
15641.74,100.7,19.9999
15642.74,101.13,19.9999
15643.74,100.78,19.9999
15644.74,100.66,19.9999
15645.74,128.57,19.9999
15646.74,100.72,20.0
15647.74,100.71,20.0
15648.75,101.12,20.0
15649.75,100.68,20.0
15650.75,100.65,20.0
15651.75,101.13,20.0
15652.75,100.78,19.9999
15653.75,100.83,20.0
15654.75,100.66,20.0
15655.75,101.15,20.0
15656.75,100.69,20.0
15657.76,118.74,19.9999
15658.76,101.1,19.9999
15659.76,100.68,19.9999
15660.76,100.7,19.9999
15661.76,101.12,19.9999
15662.76,100.7,19.9999
15663.77,101.2,20.0
15664.77,100.68,20.0
15665.77,100.62,20.0
15666.77,101.42,20.0
15667.77,100.47,20.0
15668.77,100.49,20.0
15669.78,103.47,20.0
15670.78,112.77,19.9999
15671.78,100.7,19.9999
15672.79,101.09,19.9999
15673.79,100.81,19.9999
15674.79,100.61,20.0
15675.79,101.11,19.9999
15676.79,100.72,20.0
15677.79,101.12,20.0
15678.79,100.78,20.0
15679.8,100.73,20.0
15680.8,101.18,20.0
15681.8,100.69,20.0
15682.8,100.67,20.0
15683.8,115.79,19.9999
15684.8,100.52,19.9999
15685.81,101.03,19.9999
15686.81,100.68,19.9999
15687.81,100.66,19.9999
15688.81,101.12,20.0
15689.81,100.68,20.0
15690.81,100.67,20.0
15691.81,101.09,20.0
15692.82,100.59,20.0
15693.82,101.09,19.9999
15694.82,100.65,20.0
15695.82,100.67,20.0
15696.82,101.07,20.0
15697.82,114.88,20.0
15698.83,101.15,20.0
15699.83,100.48,19.9999
15700.83,100.5,19.9999
15701.83,101.04,19.9999
15702.83,100.6,19.9999
15703.83,101.15,19.9999
15704.83,100.65,19.9999
15705.84,100.68,19.9999
15706.84,101.04,19.9999
15707.84,100.65,19.9999
15708.84,100.69,20.0
15709.84,101.03,20.0
15710.84,125.56,20.0
15711.85,101.08,20.0
15712.85,100.61,20.0
15713.85,100.75,20.0
15714.85,101.04,20.0
15715.85,100.51,19.9999
15716.85,100.54,19.9999
15717.85,100.91,19.9999
15718.86,100.52,19.9999
15719.86,100.93,19.9999
15720.86,100.53,19.9999
15721.86,100.47,19.9999
15722.86,123.2,20.0
15723.86,100.72,20.0
15724.87,101.0,20.0
15725.87,100.67,20.0
15726.87,100.61,20.0
15727.87,101.09,20.0
15728.87,100.76,19.9999
15729.87,101.04,19.9999
15730.87,100.65,20.0
15731.88,100.61,20.0
15732.88,100.92,19.9999
15733.88,100.56,19.9999
15734.88,100.59,19.9999
15735.88,115.82,19.9999
15736.88,100.67,19.9999
15737.88,100.71,19.9999
15738.89,101.08,20.0
15739.89,100.68,20.0
15740.89,100.67,20.0
15741.89,101.11,20.0
15742.89,100.59,20.0
15743.89,100.81,20.0
15744.89,101.02,20.0
15745.9,100.65,20.0
15746.9,100.98,20.0
15747.9,115.22,19.9999
15748.9,100.72,20.0
15749.9,101.05,19.9999
15750.9,100.65,19.9999
15751.91,101.09,19.9999
15752.91,100.67,19.9999
15753.91,100.77,19.9999
15754.91,101.12,19.9999
15755.91,100.67,19.9999
15756.91,100.64,19.9999
15757.91,101.05,19.9999
15758.92,100.71,19.9999
15759.92,100.71,19.9999
15760.92,115.97,19.9999
15761.92,100.66,19.9999
15762.92,100.96,19.9998
15763.92,100.57,19.9999
15764.92,100.57,19.9999
15765.93,101.09,19.9999
15766.93,100.68,19.9999
15767.93,101.12,19.9999
15768.93,100.7,20.0
15769.93,100.67,20.0
15770.93,101.09,20.0
15771.93,100.67,20.0
15772.94,100.66,20.0
15773.94,120.93,19.9999
15774.94,100.62,19.9998
15775.94,100.61,19.9998
15776.94,101.06,19.9998
15777.94,100.67,19.9998
15778.95,101.12,19.9999
15779.95,100.67,19.9999
15780.95,100.59,19.9999
15781.95,101.14,19.9998
15782.95,100.68,19.9999
15783.95,100.77,20.0
15784.95,101.07,19.9999
15785.96,100.69,19.9999
15786.96,126.87,20.0
15787.96,101.1,20.0
15788.96,100.77,19.9999
15789.96,101.1,19.9999
15790.96,100.71,19.9999
15791.96,100.72,19.9999
15792.97,101.09,19.9999
15793.97,100.79,20.0
15794.97,101.09,20.0
15795.97,100.64,20.0
15796.97,100.71,19.9999
15797.97,101.13,20.0
15798.98,116.43,20.0
15799.98,101.04,19.9999
15800.98,100.68,20.0
15801.98,100.67,20.0
15802.98,101.16,20.0
15803.98,100.74,20.0
15804.98,100.65,20.0
15805.99,101.09,20.0
15806.99,100.67,20.0
15807.99,101.16,19.9999
15808.99,100.73,19.9998
15809.99,100.67,19.9998
15810.99,100.99,19.9998
15811.99,115.48,19.9999
15813.0,100.62,19.9999
15814.0,101.19,19.9999
15815.0,100.61,19.9999
15816.0,100.64,19.9999
15817.0,101.1,19.9999
15818.0,100.64,19.9999
15819.0,100.69,19.9999
15820.01,101.05,19.9999
15821.01,100.71,19.9999
15822.01,100.7,19.9999
15823.01,101.06,19.9999
15824.01,100.76,20.0
15825.01,101.09,20.0
15826.01,114.83,19.9999
15827.02,100.7,19.9999
15828.02,101.16,19.9999
15829.02,100.72,19.9999
15830.02,100.71,19.9999
15831.02,101.11,19.9999
15832.02,100.76,19.9999
15833.03,101.16,19.9999
15834.03,100.81,19.9999
15835.03,100.64,19.9999
15836.03,101.06,19.9999
15837.03,100.65,20.0
15838.03,100.69,20.0
15839.03,117.18,19.9999
15840.04,100.61,19.9999
15841.04,101.07,20.0
15842.04,100.69,20.0
15843.04,101.1,19.9999
15844.04,100.8,19.9999
15845.04,100.68,19.9999
15846.05,101.1,19.9999
15847.05,100.64,19.9999
15848.05,100.67,19.9999
15849.05,101.14,19.9999
15850.05,100.71,19.9999
15851.05,101.14,19.9999
15852.05,126.7,19.9999
15853.06,100.72,19.9999
15854.06,101.25,19.9999
15855.06,100.66,19.9999
15856.06,100.66,19.9999
15857.06,101.08,19.9998
15858.06,100.69,19.9998
15859.06,100.58,20.0
15860.07,101.03,20.0
15861.07,100.6,20.0
15862.07,101.06,20.0
15863.07,100.68,20.0
15864.07,120.81,19.9999
15865.07,100.98,19.9999
15866.08,100.62,19.9999
15867.08,100.59,20.0
15868.08,101.05,20.0
15869.08,100.63,20.0
15870.08,100.68,20.0
15871.08,101.0,20.0
15872.08,100.69,20.0
15873.09,100.89,20.0
15874.09,100.78,20.0
15875.09,100.67,19.9999
15876.09,100.89,19.9999
15877.09,114.91,19.9999
15878.09,100.7,19.9999
15879.09,101.12,20.0
15880.1,100.7,20.0
15881.1,101.13,20.0
15882.1,100.71,20.0
15883.1,100.56,20.0
15884.1,101.03,20.0
15885.1,100.67,20.0
15886.11,100.99,20.0
15887.11,100.64,20.0
15888.11,100.7,20.0
15889.11,101.03,19.9999
15890.11,100.59,19.9999
15891.11,115.25,20.0
15892.11,100.71,20.0
15893.12,100.76,20.0
15894.12,100.92,19.9999
15895.12,101.11,19.9999
15896.12,100.7,19.9999
15897.12,101.09,19.9999
15898.12,100.71,19.9999
15899.12,100.7,19.9999
15900.13,101.11,19.9999
15901.13,100.66,19.9999
15902.13,101.01,19.9999
15903.13,100.63,19.9999
15904.13,114.88,20.0
15905.13,101.02,20.0
15906.13,100.63,20.0
15907.14,100.63,20.0
15908.14,101.14,20.0
15909.14,100.64,19.9999
15910.14,100.67,19.9999
15911.14,101.09,19.9999
15912.14,100.66,19.9999
15913.14,100.65,19.9999
15914.15,101.11,19.9999
15915.15,100.65,19.9999
15916.15,123.64,19.9999
15917.15,101.08,20.0
15918.15,100.55,20.0
15919.15,101.08,20.0
15920.16,100.65,20.0
15921.16,100.68,20.0
15922.16,101.06,20.0
15923.16,100.73,20.0
15924.16,101.16,19.9999
15925.16,100.65,19.9999
15926.16,100.66,19.9999
15927.17,101.14,19.9999
15928.17,100.69,19.9999
15929.17,124.72,20.0
15930.17,101.04,20.0
15931.17,100.64,20.0
15932.17,100.66,20.0
15933.17,100.97,20.0
15934.18,100.5,20.0
15935.18,100.87,20.0
15936.18,100.46,20.0
15937.18,100.47,20.0
15938.18,101.0,20.0
15939.18,100.71,19.9999
15940.18,100.66,19.9999
15941.19,101.14,19.9999
15942.19,115.12,20.0
15943.19,100.74,20.0
15944.19,101.23,19.9999
15945.19,100.65,19.9999
15946.19,100.66,19.9999
15947.19,101.11,19.9999
15948.19,100.65,19.9999
15949.2,100.49,19.9999
15950.2,100.53,19.9999
15951.2,100.86,19.9999
15952.2,100.67,19.9999
15953.2,101.17,19.9999
15954.2,114.8,20.0
15955.2,100.64,20.0
15956.21,100.96,20.0
15957.21,100.47,20.0
15958.21,100.47,20.0
15959.21,101.01,19.9999
15960.21,100.81,19.9999
15961.21,100.46,19.9999
15962.22,100.45,20.0
15963.22,100.91,19.9999
15964.22,100.49,20.0
15965.22,100.61,20.0
15966.22,101.07,20.0
15967.22,100.65,20.0
15968.22,115.29,19.9999
15969.23,101.06,19.9999
15970.23,100.64,19.9998
15971.23,101.11,19.9998
15972.23,100.67,19.9998
15973.23,100.72,19.9999
15974.23,101.05,20.0
15975.24,100.64,20.0
15976.24,101.08,19.9999
15977.24,100.63,19.9999
15978.24,100.64,19.9999
15979.24,101.11,19.9999
15980.24,100.64,19.9999
15981.25,120.74,19.9999
15982.25,100.68,19.9999
15983.25,101.15,19.9999
15984.25,100.72,20.0
15985.25,100.69,20.0
15986.25,101.1,20.0
15987.26,100.71,20.0
15988.26,100.7,20.0
15989.26,101.14,20.0
15990.26,100.73,20.0
15991.26,101.13,20.0
15992.26,100.77,20.0
15993.26,100.74,20.0
15994.27,137.98,19.6068
15995.27,352.7,10.0393
15996.27,317.3,9.6894
15997.27,370.08,9.9034
15998.27,350.74,10.2956
15999.27,319.99,10.6891
16000.27,310.71,11.0419
16001.27,308.33,11.439
16002.28,309.29,11.8385
16003.28,305.4,12.2516
16004.28,305.44,12.6248
16005.28,304.28,13.0105
16006.28,305.48,13.4704
16007.28,306.47,13.8576
16008.28,323.17,14.2971
16009.29,314.29,14.2975
16010.29,263.7,14.3978
16011.29,171.44,14.3979
16012.29,108.04,14.3979
16013.29,145.22,14.398
16014.29,136.69,14.398
16015.29,128.22,14.3932
16016.3,135.22,14.3932
16017.3,138.7,14.3932
16018.3,152.62,14.3932
16019.3,221.27,14.6822
16020.3,141.38,14.7431
16021.3,170.05,14.7431
16022.3,145.1,14.7432
16023.31,111.36,14.7432
16024.31,163.85,14.7432
16025.31,156.15,14.7444
16026.31,115.92,14.7444
16027.31,101.0,14.7444
16028.31,125.24,14.7444
16029.31,209.51,14.7444
16030.32,207.49,14.7447
16031.32,262.74,14.7463
16032.32,137.54,9.1168
16033.32,335.91,9.3657
16034.32,294.74,9.677
16035.32,285.72,9.8635
16036.32,358.56,10.1252
16037.32,337.34,10.4855
16038.33,313.71,10.8271
16039.33,312.25,11.1417
16040.33,302.63,11.3796
16041.33,303.7,11.5998
16042.33,304.35,11.8445
16043.33,303.62,12.0773
16044.33,287.01,12.6818
16045.33,135.26,13.4979
16046.34,183.49,14.5029
16047.34,400.7,15.4734
16048.34,327.13,16.1538
16049.34,105.39,16.2549
16050.34,101.16,16.2549
16051.34,285.42,16.2549
16052.34,306.92,16.2553
16053.35,307.95,16.2554
16054.35,302.35,16.2559
16055.35,302.81,16.2562
16056.35,293.39,16.2567
16057.35,256.18,16.2569
16058.35,189.17,16.2571
16059.35,183.66,16.2571
16060.36,134.4,16.2571
16061.36,152.75,16.2571
16062.36,114.8,16.2571
16063.36,107.43,16.2571
16064.36,341.61,17.112
16065.36,399.55,17.733
16066.36,399.57,18.3783
16067.36,394.83,19.0444
16068.37,114.21,19.0444
16069.37,133.12,19.0445
16070.37,114.23,19.0445
16071.37,148.52,19.0445
16072.37,148.56,19.0445
16073.37,136.22,19.0445
16074.37,161.06,19.0445
16075.37,111.33,19.0445
16076.38,108.63,19.0445
16077.38,119.03,19.0445
16078.38,106.55,19.0445
16079.38,142.94,19.0445
16080.38,109.58,19.0445
16081.38,115.96,19.0445
16082.38,120.27,19.0445
16083.38,164.36,19.0446
16084.39,104.9,19.0446
16085.39,115.29,19.0446
16086.39,152.96,19.0446
16087.39,118.33,19.0446
16088.39,112.24,19.0445
16089.39,115.35,19.0446
16090.39,114.89,19.0446
16091.4,100.99,19.0447
16092.4,152.54,19.0447
16093.4,101.72,19.0447
16094.4,107.86,19.0447
16095.4,101.2,19.0447
16096.4,100.99,19.0447
16097.4,100.77,19.0447
16098.41,102.05,19.0447
16099.41,103.62,19.0447
16100.41,101.06,19.0447
16101.41,101.64,19.0447
16102.41,109.42,19.0447
16103.41,102.25,19.0448
16104.41,101.24,19.0447
16105.41,100.72,19.0447
16106.42,133.87,19.0446
16107.42,101.01,19.0446
16108.42,100.53,19.0446
16109.42,110.77,19.0448
16110.42,100.74,19.0448
16111.42,101.57,19.0448
16112.43,101.57,19.0448
16113.43,100.84,19.0448
16114.43,100.79,19.0448
16115.43,101.15,19.0448
16116.43,102.3,19.0447
16117.43,103.35,19.0447
16118.44,101.45,19.0448
16119.44,127.19,19.0449
16120.44,101.54,19.0448
16121.44,103.01,19.0448
16122.44,104.5,19.0448
16123.44,103.4,19.0449
16124.44,100.78,19.0447
16125.45,101.47,19.0447
16126.45,105.85,19.0448
16127.45,100.68,19.045
16128.45,101.46,19.0448
16129.45,102.31,19.0449
16130.45,101.99,19.0449
16131.45,162.0,19.0452
16132.46,399.34,19.1194
16133.46,375.79,19.1652
16134.46,100.89,19.1652
16135.46,101.12,19.1652
16136.46,101.44,19.1652
16137.46,100.72,19.1652
16138.47,102.12,19.1652
16139.47,100.77,19.1652
16140.47,100.55,19.1652
16141.47,101.04,19.1652
16142.47,100.81,19.1652
16143.47,106.24,19.1652
16144.47,100.77,19.1652
16145.48,100.69,19.1652
16146.48,101.03,19.1652
16147.48,100.75,19.1652
16148.48,101.0,19.1652
16149.48,290.2,19.1656
16150.48,222.63,19.1656
16151.49,111.17,19.1655
16152.49,111.55,19.1656
16153.49,103.16,19.1656
16154.49,192.88,19.1656
16155.49,107.32,19.1656
16156.49,110.22,19.1657
16157.49,400.84,19.1854
16158.49,349.4,19.1897
16159.5,105.15,19.1898
16160.5,104.63,19.1898
16161.5,100.7,19.1898
16162.5,103.11,19.1898
16163.5,153.26,19.1898
16164.5,135.06,19.1898
16165.51,102.84,19.1898
16166.51,100.57,19.1898
16167.51,320.92,19.1902
16168.51,308.98,19.1902
16169.51,100.64,19.1903
16170.51,100.65,19.1903
16171.51,101.1,19.1903
16172.52,100.68,19.1903
16173.52,101.19,19.1903
16174.52,100.72,19.1903
16175.52,102.23,19.1903
16176.52,101.17,19.1904
16177.52,138.73,19.1904
16178.52,399.35,19.1904
16179.52,251.55,19.1906
16180.53,101.01,19.1906
16181.53,100.81,19.1905
16182.53,100.7,19.1905
16183.53,290.32,19.6488
16184.53,398.91,19.8937
16185.53,127.07,19.8937
16186.53,100.92,19.8937
16187.54,100.5,19.8937
16188.54,166.66,19.9999
16189.54,101.93,19.9999
16190.54,100.53,19.9999
16191.54,101.1,19.9999
16192.54,115.46,19.9999
16193.54,100.75,19.9999
16194.55,101.1,19.9999
16195.55,100.68,20.0
16196.55,115.38,20.0
16197.55,100.89,20.0
16198.55,100.47,20.0
16199.55,101.07,20.0
16200.56,115.62,20.0
16201.56,100.5,19.9999
16202.56,100.93,20.0
16203.56,100.66,19.9999
16204.56,115.41,19.9998
16205.56,100.68,19.9999
16206.57,101.13,19.9999
16207.57,100.8,19.9999
16208.57,117.76,19.9999
16209.57,101.11,19.9999
16210.57,100.71,19.9999
16211.57,117.95,20.0
16212.57,101.07,20.0
16213.58,100.8,20.0
16214.58,101.01,20.0
16215.58,100.65,20.0
16216.58,120.56,20.0
16217.58,120.21,20.0
16218.58,101.82,20.0
16219.58,107.9,20.0
16220.58,110.3,19.9999
16221.59,101.12,19.9999
16222.59,100.79,19.9999
16223.59,100.82,19.9999
16224.59,119.59,19.9999
16225.59,100.72,19.9999
16226.59,100.71,19.9999
16227.59,101.18,19.9999
16228.6,115.91,20.0
16229.6,100.75,20.0
16230.6,101.13,20.0
16231.6,100.73,20.0
16232.6,116.13,19.9999
16233.6,100.8,19.9999
16234.6,100.72,19.9999
16235.61,101.12,19.9999
16236.61,115.15,19.9999
16237.61,100.71,19.9999
16238.61,101.15,19.9999
16239.61,100.71,19.9999
16240.61,101.13,19.9999
16241.62,115.52,20.0
16242.62,100.76,20.0
16243.62,101.17,20.0
16244.62,100.68,20.0
16245.62,100.61,20.0
16246.62,115.49,19.9999
16247.62,100.64,19.9999
16248.63,101.1,19.9999
16249.63,100.69,19.9999
16250.63,101.13,19.9999
16251.63,100.48,19.9999
16252.63,115.41,19.9999
16253.63,101.03,19.9999
16254.64,100.58,19.9999
16255.64,100.51,19.9998
16256.64,101.05,19.9999
16257.64,118.02,20.0
16258.64,100.81,20.0
16259.64,100.98,20.0
16260.64,100.72,20.0
16261.65,101.17,20.0
16262.65,100.67,20.0
16263.65,120.62,19.9998
16264.65,101.06,19.9998
16265.65,100.71,19.9998
16266.65,100.66,19.9997
16267.65,101.04,19.9997
16268.66,100.71,19.9998
16269.66,121.89,20.0
16270.66,100.47,20.0
16271.66,100.52,19.9999
16272.66,101.36,19.9999
16273.66,100.58,20.0
16274.66,100.88,20.0
16275.67,100.5,20.0
16276.67,119.66,19.9999
16277.67,101.15,19.9999
16278.67,100.65,19.9999
16279.67,100.48,19.9999
16280.67,100.92,19.9999
16281.68,100.5,19.9998
16282.68,115.65,20.0
16283.68,101.21,19.9999
16284.68,100.72,19.9999
16285.68,101.11,19.9999
16286.68,100.73,19.9999
16287.68,100.69,19.9999
16288.69,101.13,19.9999
16289.69,100.67,19.9999
16290.69,115.46,20.0
16291.69,100.48,19.9999
16292.69,100.66,19.9999
16293.69,101.2,19.9999
16294.7,100.71,19.9999
16295.7,101.1,19.9998
16296.7,100.7,19.9998
16297.7,100.65,19.9998
16298.7,115.47,19.9999
16299.7,100.64,19.9999
16300.7,100.66,19.9999
16301.71,101.09,19.9999
16302.71,100.65,19.9999
16303.71,101.1,19.9999
16304.71,100.63,19.9999
16305.71,100.65,19.9999
16306.71,115.79,20.0
16307.72,101.18,20.0
16308.72,100.91,20.0
16309.72,100.59,20.0
16310.72,100.65,19.9999
16311.72,101.1,19.9999
16312.72,100.69,19.9999
16313.72,107.95,19.9999
16314.73,108.41,19.9999
16315.73,100.68,19.9999
16316.73,101.1,19.9999
16317.73,100.5,19.9999
16318.73,100.61,20.0
16319.73,100.87,20.0
16320.74,100.65,20.0
16321.74,101.12,20.0
16322.74,120.89,20.0
16323.74,100.77,19.9999
16324.74,101.1,19.9999
16325.74,100.71,19.9999
16326.74,100.7,19.9999
16327.75,101.08,19.9999
16328.75,100.67,19.9999
16329.75,101.13,19.9999
16330.75,100.68,19.9999
16331.75,124.06,20.0
16332.75,101.05,20.0
16333.76,100.76,20.0
16334.76,100.67,20.0
16335.76,100.96,20.0
16336.76,100.49,20.0
16337.76,100.89,20.0
16338.76,100.44,19.9999
16339.76,101.03,20.0
16340.77,119.22,19.9999
16341.77,100.67,19.9999
16342.77,101.06,19.9999
16343.77,100.74,19.9999
16344.77,100.65,19.9999
16345.77,101.57,19.9999
16346.78,100.66,19.9999
16347.78,100.75,19.9999
16348.78,101.1,19.9999
16349.78,115.58,19.9998
16350.78,101.1,19.9996
16351.78,100.57,19.9998
16352.78,100.5,19.9998
16353.79,100.98,19.9998
16354.79,100.48,19.9997
16355.79,100.47,19.9997
16356.79,100.87,19.9997
16357.79,100.61,19.9997
16358.79,115.33,20.0
16359.8,100.66,20.0
16360.8,100.69,19.9997
16361.8,100.99,19.9997
16362.8,100.65,19.9999
16363.8,101.17,19.9999
16364.8,100.68,19.9999
16365.8,100.69,19.9999
16366.81,101.07,20.0
16367.81,100.66,19.9999
16368.81,114.72,19.9999
16369.81,101.06,19.9999
16370.81,100.71,19.9999
16371.81,101.08,19.9999
16372.81,102.05,19.9999
16373.82,100.78,20.0
16374.82,101.1,20.0
16375.82,100.77,20.0
16376.82,100.69,20.0
16377.82,101.12,20.0
16378.82,116.85,20.0
16379.83,101.06,20.0
16380.83,100.7,20.0
16381.83,100.64,20.0
16382.83,101.12,20.0
16383.83,100.81,20.0
16384.83,100.67,20.0
16385.83,101.07,20.0
16386.84,100.68,20.0
16387.84,127.81,19.9999
16388.84,100.73,19.9999
16389.84,100.67,19.9999
16390.84,101.19,19.9998
16391.84,100.66,19.9998
16392.84,100.68,19.9998
16393.85,101.23,20.0
16394.85,100.76,19.9998
16395.85,100.66,20.0
16396.85,124.34,20.0
16397.85,100.55,19.9999
16398.85,100.74,19.9999
16399.85,101.02,19.9999
16400.86,100.49,19.9999
16401.86,100.49,19.9999
16402.86,100.87,19.9999
16403.86,100.54,20.0
16404.86,100.83,20.0
16405.86,100.43,20.0
16406.86,116.84,20.0
16407.87,101.07,20.0
16408.87,100.76,19.9999
16409.87,100.66,19.9999
16410.87,101.09,19.9999
16411.87,100.61,19.9999
16412.87,101.05,19.9999
16413.87,100.78,19.9999
16414.88,100.67,19.9999
16415.88,101.01,19.9999
16416.88,114.79,20.0
16417.88,100.66,20.0
16418.88,101.13,20.0
16419.88,100.64,20.0
16420.89,101.14,20.0
16421.89,100.7,20.0
16422.89,100.64,20.0
16423.89,101.3,19.9999
16424.89,100.67,19.9999
16425.89,100.71,19.9999
16426.89,115.69,19.9999
16427.89,100.63,19.9998
16428.9,100.73,19.9999
16429.9,101.05,19.9999
16430.9,100.7,20.0
16431.9,100.69,20.0
16432.9,101.16,20.0
16433.9,100.74,20.0
16434.9,100.67,20.0
16435.91,101.13,20.0
16436.91,100.68,20.0
16437.91,114.76,20.0
16438.91,101.18,19.9999
16439.91,100.63,19.9999
16440.91,100.65,19.9999
16441.91,101.04,19.9999
16442.92,100.64,19.9999
16443.92,101.19,19.9999
16444.92,100.64,19.9999
16445.92,100.72,19.9999
16446.92,101.05,19.9999
16447.92,118.47,20.0
16448.93,101.2,19.9999
16449.93,100.7,19.9999
16450.93,100.72,19.9999
16451.93,101.2,19.9999
16452.93,100.71,19.9999
16453.93,100.78,19.9999
16454.93,101.16,20.0
16455.94,100.69,20.0
16456.94,100.78,20.0
16457.94,101.11,20.0
16458.94,125.74,19.9999
16459.94,100.51,19.9999
16460.94,100.89,19.9999
16461.94,100.64,19.9999
16462.94,100.48,19.9999
16463.95,101.01,20.0
16464.95,100.46,20.0
16465.95,100.48,20.0
16466.95,100.9,20.0
16467.95,110.89,20.0
16468.95,108.37,20.0
16469.95,100.95,19.9999
16470.96,100.6,20.0
16471.96,101.04,19.9999
16472.96,100.69,19.9999
16473.96,100.56,20.0
16474.96,101.2,20.0
16475.96,100.66,20.0
16476.96,100.67,20.0
16477.97,101.06,20.0
16478.97,115.11,20.0
16479.97,100.67,20.0
16480.97,101.1,20.0
16481.97,100.7,19.9999
16482.97,101.14,19.9999
16483.97,100.77,19.9999
16484.98,100.59,19.9999
16485.98,101.03,19.9999
16486.98,100.68,19.9999
16487.98,100.68,19.9999
16488.98,101.12,20.0
16489.98,115.14,20.0
16490.98,100.68,20.0
16491.99,101.08,20.0
16492.99,100.67,20.0
16493.99,101.22,19.9999
16494.99,100.68,19.9999
16495.99,100.75,19.9999
16496.99,101.08,19.9999
16498.0,100.58,19.9999
16499.0,100.67,19.9999
16500.0,100.96,19.9999
16501.0,115.52,20.0
16502.0,100.87,20.0
16503.0,100.57,20.0
16504.0,100.76,20.0
16505.01,101.1,20.0
16506.01,100.67,20.0
16507.01,101.1,20.0
16508.01,100.51,20.0
16509.01,100.72,20.0
16510.01,101.06,20.0
16511.02,116.42,19.9999
16512.02,100.71,19.9999
16513.02,101.14,19.9999
16514.02,100.74,19.9999
16515.02,100.63,19.9999
16516.02,101.03,19.9999
16517.02,100.69,19.9999
16518.02,100.67,19.9999
16519.03,101.09,19.9999
16520.03,100.5,19.9999
16521.03,100.89,19.9999
16522.03,125.34,20.0
16523.03,100.68,20.0
16524.03,101.27,20.0
16525.03,100.63,20.0
16526.04,100.48,20.0
16527.04,100.97,20.0
16528.04,100.63,20.0
16529.04,100.68,19.9999
16530.04,101.03,20.0
16531.04,100.69,20.0
16532.05,121.96,20.0
16533.05,100.69,20.0
16534.05,100.68,20.0
16535.05,100.8,19.9999
16536.05,100.65,19.9999
16537.05,101.08,19.9999
16538.05,100.69,19.9999
16539.06,100.73,20.0
16540.06,101.08,20.0
16541.06,100.7,20.0
16542.06,115.07,20.0
16543.06,101.05,20.0
16544.06,100.76,20.0
16545.07,101.09,20.0
16546.07,100.65,20.0
16547.07,100.69,20.0
16548.07,101.07,20.0
16549.07,100.71,20.0
16550.07,101.07,20.0
16551.07,100.63,19.9999
16552.08,100.64,19.9999
16553.08,115.51,19.9999
16554.08,100.78,19.9999
16555.08,101.17,19.9999
16556.08,100.65,19.9999
16557.08,100.64,19.9999
16558.09,101.08,19.9999
16559.09,100.72,19.9999
16560.09,100.68,19.9999
16561.09,101.07,19.9999
16562.09,100.68,19.9999
16563.09,101.08,19.9999
16564.09,100.77,20.0
16565.1,115.27,20.0
16566.1,101.17,20.0
16567.1,100.66,20.0
16568.1,100.67,20.0
16569.1,101.2,20.0
16570.1,100.64,20.0
16571.1,100.69,20.0
16572.11,101.08,20.0
16573.11,100.71,20.0
16574.11,101.27,19.9999
16575.11,100.67,19.9999
16576.11,115.48,19.9999
16577.11,101.1,19.9999
16578.12,100.69,19.9999
16579.12,101.11,19.9999
16580.12,100.58,19.9999
16581.12,100.67,19.9999
16582.12,101.16,19.9999
16583.12,100.71,19.9999
16584.12,100.8,19.9999
16585.13,101.17,19.9999
16586.13,123.45,19.9999
16587.13,100.69,19.9998
16588.13,101.1,19.9999
16589.13,100.79,19.9999
16590.13,100.7,19.9998
16591.13,101.09,19.9998
16592.13,100.77,19.9999
16593.14,100.72,19.9999
16594.14,101.18,20.0
16595.14,100.69,20.0
16596.14,101.06,20.0
16597.14,124.04,19.9996
16598.14,100.67,19.9996
16599.15,101.13,19.9998
16600.15,100.67,19.9998
16601.15,100.69,19.9998
16602.15,101.13,19.9998
16603.15,100.68,19.9998
16604.15,100.74,19.9999
16605.15,100.98,19.9998
16606.16,100.54,19.9997
16607.16,100.63,19.9997
16608.16,115.61,20.0
16609.16,100.57,20.0
16610.16,101.01,19.9998
16611.16,100.66,19.9999
16612.16,100.68,19.9999
16613.17,101.15,20.0
16614.17,100.71,19.9999
16615.17,101.03,19.9999
16616.17,100.63,19.9998
16617.17,100.6,19.9999
16618.17,100.97,19.9999
16619.18,114.99,19.9999
16620.18,100.53,19.9999
16621.18,100.99,19.9999
16622.18,100.56,19.9999
16623.18,101.06,20.0
16624.18,100.6,20.0
16625.18,100.6,20.0
16626.19,100.97,20.0
16627.19,100.57,20.0
16628.19,100.62,20.0
16629.19,100.91,19.9999
16630.19,100.47,19.9999
16631.19,114.77,20.0
16632.19,101.07,20.0
16633.2,100.74,20.0
16634.2,101.09,19.9999
16635.2,100.69,19.9999
16636.2,100.67,19.9999
16637.2,101.17,19.9999
16638.2,100.66,19.9999
16639.2,100.68,19.9999
16640.21,101.14,19.9999
16641.21,100.62,19.9999
16642.21,100.65,19.9999
16643.21,115.59,20.0
16644.21,100.54,19.9999
16645.21,100.66,20.0
16646.21,101.07,20.0
16647.22,100.66,20.0
16648.22,101.1,20.0
16649.22,100.75,19.9999
16650.22,100.69,19.9999
16651.22,101.09,19.9999
16652.22,100.67,19.9999
16653.22,124.92,19.9999
16654.23,101.08,19.9998
16655.23,100.68,20.0
16656.23,101.07,20.0
16657.23,100.78,20.0
16658.23,100.71,20.0
16659.23,101.14,20.0
16660.23,100.74,20.0
16661.24,100.76,20.0
16662.24,101.03,20.0
16663.24,100.64,20.0
16664.24,122.98,19.9999
16665.24,101.12,19.9999
16666.24,100.68,19.9999
16667.24,101.16,19.9999
16668.25,100.7,19.9999
16669.25,100.61,20.0
16670.25,101.1,20.0
16671.25,100.67,20.0
16672.25,100.67,20.0
16673.25,101.1,20.0
16674.26,100.7,20.0
16675.26,115.5,19.9999
16676.26,101.02,19.9999
16677.26,100.63,19.9999
16678.26,101.09,19.9999
16679.26,100.67,19.9998
16680.26,100.71,19.9998
16681.27,101.09,19.9999
16682.27,100.5,19.9998
16683.27,100.56,19.9998
16684.27,100.96,19.9998
16685.27,100.78,20.0
16686.27,100.59,20.0
16687.27,115.68,20.0
16688.28,100.66,20.0
16689.28,101.14,20.0
16690.28,100.68,20.0
16691.28,100.68,20.0
16692.28,101.15,20.0
16693.28,100.73,20.0
16694.28,100.7,19.9999
16695.29,101.06,19.9999
16696.29,100.58,19.9999
16697.29,100.69,19.9999
16698.29,115.58,19.9999
16699.29,100.73,20.0
16700.29,101.07,20.0
16701.29,100.69,20.0
16702.3,100.76,20.0
16703.3,100.69,20.0
16704.3,101.04,19.9999
16705.3,100.56,20.0
16706.3,100.99,20.0
16707.3,100.59,20.0
16708.3,100.62,20.0
16709.31,116.69,20.0
16710.31,100.68,20.0
16711.31,100.68,20.0
16712.31,101.05,20.0
16713.31,100.69,20.0
16714.31,101.05,20.0
16715.32,100.61,20.0
16716.32,100.65,20.0
16717.32,101.05,20.0
16718.32,100.65,20.0
16719.32,101.2,19.9999
16720.32,125.5,19.9999
16721.32,100.71,19.9999
16722.33,101.1,19.9999
16723.33,100.75,19.9999
16724.33,100.92,20.0
16725.33,100.57,20.0
16726.33,100.69,20.0
16727.33,100.96,20.0
16728.34,100.48,20.0
16729.34,100.62,20.0
16730.34,100.96,20.0
16731.34,122.01,20.0
16732.34,101.13,19.9999
16733.34,100.69,20.0
16734.34,100.7,20.0
16735.35,101.17,19.9999
16736.35,100.68,19.9999
16737.35,100.67,19.9999
16738.35,101.14,19.9999
16739.35,100.75,19.9999
16740.35,100.74,19.9999
16741.35,101.2,19.9999
16742.35,115.24,19.9999
16743.36,100.7,19.9999
16744.36,101.05,20.0
16745.36,100.61,20.0
16746.36,100.97,20.0
16747.36,100.6,20.0
16748.36,100.67,20.0
16749.37,101.04,20.0
16750.37,100.58,19.9999
16751.37,100.72,19.9999
16752.37,101.11,19.9999
16753.37,115.12,19.9999
16754.37,101.08,19.9999
16755.37,100.56,19.9999
16756.38,100.47,19.9999
16757.38,100.91,19.9999
16758.38,100.52,19.9999
16759.38,100.7,20.0
16760.38,101.05,20.0
16761.38,100.68,20.0
16762.39,101.09,20.0
16763.39,100.72,20.0
16764.39,100.69,20.0
16765.39,115.2,19.9999
16766.39,100.46,19.9999
16767.39,100.57,19.9999
16768.39,100.89,19.9999
16769.39,100.66,20.0
16770.4,100.65,20.0
16771.4,100.87,20.0
16772.4,100.51,20.0
16773.4,100.6,20.0
16774.4,101.16,19.9999
16775.4,100.63,20.0
16776.41,101.15,19.9998
16777.41,117.95,19.9999
16778.41,100.64,19.9999
16779.41,101.15,19.9999
16780.41,100.61,19.9999
16781.41,100.72,19.9999
16782.41,101.03,19.9999
16783.42,100.75,19.9999
16784.42,100.69,20.0
16785.42,101.09,20.0
16786.42,100.68,20.0
16787.42,126.06,19.9999
16788.42,100.6,19.9998
16789.42,100.64,19.9998
16790.43,101.03,19.9999
16791.43,100.65,19.9999
16792.43,101.0,19.9998
16793.43,100.8,19.9999
16794.43,100.68,20.0
16795.43,101.03,20.0
16796.43,100.65,19.9997
16797.44,100.69,19.9998
16798.44,120.52,19.9998
16799.44,100.68,19.9998
16800.44,100.68,19.9998
16801.44,101.03,19.9998
16802.44,100.69,19.9997
16803.44,100.7,19.9998
16804.45,101.02,19.9997
16805.45,100.72,19.9998
16806.45,100.64,19.9998
16807.45,100.99,19.9998
16808.45,115.32,19.9999
16809.45,101.03,19.9999
16810.45,100.64,19.9999
16811.46,100.63,19.9999
16812.46,100.83,19.9999
16813.46,100.6,19.9999
16814.46,101.01,19.9998
16815.46,100.74,19.9999
16816.46,100.63,19.9999
16817.47,100.89,19.9999
16818.47,100.51,19.9999
16819.47,100.53,20.0
16820.47,116.53,20.0
16821.47,100.63,20.0
16822.47,100.65,20.0
16823.47,101.21,20.0
16824.47,100.7,20.0
16825.48,100.57,20.0
16826.48,101.11,20.0
16827.48,100.72,20.0
16828.48,100.71,20.0
16829.48,101.2,19.9999
16830.48,100.61,19.9999
16831.49,115.62,19.9999
16832.49,100.63,19.9999
16833.49,100.74,19.9999
16834.49,101.12,19.9999
16835.49,100.7,19.9999
16836.49,100.66,19.9999
16837.49,101.03,19.9999
16838.5,100.57,19.9999
16839.5,100.98,20.0
16840.5,100.49,20.0
16841.5,100.54,20.0
16842.5,117.76,20.0
16843.5,100.54,20.0
16844.5,100.53,19.9999
16845.51,101.05,19.9999
16846.51,100.61,19.9999
16847.51,100.66,19.9999
16848.51,101.09,20.0
16849.51,100.73,19.9999
16850.51,101.07,19.9999
16851.51,100.64,19.9999
16852.52,100.55,19.9999
16853.52,124.49,19.9999
16854.52,100.76,19.9999
16855.52,100.63,19.9999
16856.52,101.07,19.9999
16857.52,100.66,19.9999
16858.53,101.04,19.9999
16859.53,100.64,20.0
16860.53,100.63,20.0
16861.53,101.1,20.0
16862.53,100.68,20.0
16863.53,122.03,20.0
16864.53,101.18,20.0
16865.53,100.68,20.0
16866.54,100.66,20.0
16867.54,101.02,20.0
16868.54,100.58,19.9999
16869.54,100.6,20.0
16870.54,101.05,20.0
16871.54,100.8,19.9999
16872.55,101.01,19.9999
16873.55,100.72,19.9999
16874.55,115.22,19.9999
16875.55,101.07,19.9999
16876.55,100.63,19.9999
16877.55,101.07,19.9999
16878.55,100.66,19.9999
16879.56,100.65,20.0
16880.56,101.01,20.0
16881.56,100.72,20.0
16882.56,101.06,20.0
16883.56,100.69,20.0
16884.56,115.23,20.0
16885.57,101.04,19.9999
16886.57,100.63,19.9999
16887.57,100.66,19.9999
16888.57,101.08,19.9999
16889.57,100.71,19.9999
16890.57,101.0,19.9999
16891.57,100.61,19.9999
16892.58,100.68,19.9999
16893.58,101.12,20.0
16894.58,100.75,19.9999
16895.58,100.65,20.0
16896.58,115.87,20.0
16897.58,100.65,20.0
16898.58,100.76,20.0
16899.58,100.58,20.0
16900.59,101.04,20.0
16901.59,100.58,20.0
16902.59,100.98,20.0
16903.59,100.73,19.9999
16904.59,100.47,20.0
16905.59,101.05,20.0
16906.6,100.63,20.0
16907.6,100.98,19.9999
16908.6,116.36,19.9999
16909.6,100.68,19.9999
16910.6,101.1,19.9999
16911.6,100.65,19.9999
16912.6,100.63,19.9999
16913.61,101.13,19.9999
16914.61,100.63,20.0
16915.61,100.75,20.0
16916.61,101.01,19.9999
16917.61,100.64,20.0
16918.61,125.63,20.0
16919.61,101.05,19.9999
16920.62,100.63,19.9999
16921.62,100.66,19.9999
16922.62,101.05,19.9999
16923.62,100.71,19.9999
16924.62,101.11,19.9999
16925.62,100.68,19.9999
16926.62,100.66,19.9999
16927.63,100.99,19.9999
16928.63,100.49,20.0
16929.63,121.67,20.0
16930.63,101.14,20.0
16931.63,100.67,20.0
16932.63,100.68,20.0
16933.63,101.21,19.9999
16934.64,100.64,19.9999
16935.64,100.55,19.9999
16936.64,100.97,19.9999
16937.64,100.54,19.9999
16938.64,100.99,19.9999
16939.64,100.54,19.9999
16940.64,114.74,20.0
16941.65,100.92,20.0
16942.65,100.55,20.0
16943.65,100.66,20.0
16944.65,100.77,20.0
16945.65,101.07,20.0
16946.65,100.55,20.0
16947.65,100.93,19.9999
16948.65,100.69,20.0
16949.66,100.57,20.0
16950.66,100.95,20.0
16951.66,115.21,19.9999
16952.66,100.59,19.9999
16953.66,101.16,19.9999
16954.66,100.59,19.9999
16955.66,100.48,19.9999
16956.67,101.06,19.9999
16957.67,100.63,19.9999
16958.67,101.04,20.0
16959.67,100.65,20.0
16960.67,100.55,20.0
16961.67,101.08,20.0
16962.67,115.31,20.0
16963.68,100.79,19.9999
16964.68,101.03,19.9999
16965.68,100.65,19.9999
16966.68,100.68,19.9999
16967.68,101.01,19.9999
16968.68,100.58,19.9999
16969.69,101.02,19.9999
16970.69,100.65,19.9999
16971.69,100.65,19.9999
16972.69,101.08,19.9999
16973.69,116.12,20.0
16974.69,100.98,20.0
16975.69,100.67,20.0
16976.7,100.63,20.0
16977.7,100.99,20.0
16978.7,100.68,20.0
16979.7,101.09,20.0
16980.7,100.67,20.0
16981.7,100.67,20.0
16982.71,101.05,20.0
16983.71,124.39,19.9999
16984.71,100.63,19.9999
16985.71,101.06,19.9999
16986.71,100.69,19.9999
16987.71,100.62,19.9999
16988.71,101.14,20.0
16989.72,100.7,20.0
16990.72,101.06,20.0
16991.72,100.71,20.0
16992.72,100.67,20.0
16993.72,101.18,20.0
16994.72,122.98,19.9998
16995.72,100.65,19.9997
16996.73,101.08,19.9997
16997.73,100.49,19.9997
16998.73,100.5,19.9998
16999.73,100.9,19.9997
17000.73,100.67,19.9997
17001.73,101.12,19.9997
17002.73,100.68,19.9998
17003.74,100.84,19.9998
17004.74,100.47,19.9997
17005.74,115.25,19.9998
17006.74,100.56,19.9998
17007.74,101.04,19.9998
17008.74,100.62,19.9998
17009.74,100.59,20.0
17010.75,101.03,20.0
17011.75,100.62,20.0
17012.75,101.03,19.9999
17013.75,102.87,20.0
17014.75,100.56,20.0
17015.75,100.99,19.9999
17016.76,118.13,19.9999
17017.76,100.64,19.9999
17018.76,101.12,19.9999
17019.76,100.67,20.0
17020.76,101.07,20.0
17021.76,100.71,20.0
17022.76,100.69,20.0
17023.77,101.21,20.0
17024.77,100.67,20.0
17025.77,101.11,20.0
17026.77,100.65,20.0
17027.77,100.63,20.0
17028.77,101.09,20.0
17029.78,115.2,20.0
17030.78,100.69,20.0
17031.78,101.03,20.0
17032.78,100.64,20.0
17033.78,101.25,20.0
17034.78,100.54,20.0
17035.78,100.56,20.0
17036.79,100.9,20.0
17037.79,100.59,20.0
17038.79,100.81,20.0
17039.79,101.02,20.0
17040.79,100.62,20.0
17041.79,118.17,19.9999
17042.79,100.66,19.9999
17043.8,100.75,19.9999
17044.8,101.0,19.9999
17045.8,100.62,19.9999
17046.8,100.63,19.9999
17047.8,101.03,19.9999
17048.8,100.7,19.9999
17049.81,101.06,20.0
17050.81,100.69,20.0
17051.81,100.72,20.0
17052.81,101.1,20.0
17053.81,127.35,19.9999
17054.81,101.11,19.9999
17055.81,100.63,19.9999
17056.82,100.6,19.9999
17057.82,101.0,19.9999
17058.82,100.67,19.9999
17059.82,100.62,19.9998
17060.82,101.04,19.9998
17061.82,100.71,19.9999
17062.83,101.06,19.9999
17063.83,100.75,19.9999
17064.83,119.32,20.0
17065.83,100.93,19.9999
17066.83,100.65,19.9999
17067.83,101.05,19.9999
17068.83,100.64,19.9999
17069.84,100.66,19.9999
17070.84,100.99,19.9999
17071.84,100.67,19.9999
17072.84,100.66,19.9999
17073.84,101.14,20.0
17074.84,100.69,20.0
17075.85,115.72,20.0
17076.85,100.54,20.0
17077.85,100.57,20.0
17078.85,100.9,20.0
17079.85,100.49,19.9999
17080.85,100.51,19.9999
17081.85,100.88,20.0
17082.86,100.51,20.0
17083.86,100.97,19.9999
17084.86,100.58,19.9998
17085.86,101.03,19.9999
17086.86,100.7,19.9999
17087.86,100.66,19.9999
17088.87,101.13,19.9999
17089.87,115.44,19.9998
17090.87,101.1,19.9998
17091.87,100.67,19.9998
17092.87,100.6,19.9998
17093.87,101.17,20.0
17094.88,100.65,19.9999
17095.88,100.64,19.9999
17096.88,101.05,19.9999
17097.88,100.64,20.0
17098.88,101.08,20.0
17099.88,100.67,19.9999
17100.88,100.63,19.9999
17101.89,101.04,19.9999
17102.89,115.04,19.9999
17103.89,100.99,20.0
17104.89,100.51,20.0
17105.89,100.48,20.0
17106.89,100.89,20.0
17107.9,100.45,20.0
17108.9,100.95,20.0
17109.9,100.45,20.0
17110.9,100.53,20.0
17111.9,100.91,20.0
17112.9,100.51,19.9999
17113.9,100.59,19.9999
17114.91,124.25,19.9999
17115.91,100.64,19.9999
17116.91,100.91,19.9999
17117.91,100.54,19.9999
17118.91,100.55,20.0
17119.91,101.06,20.0
17120.91,100.73,20.0
17121.92,100.6,20.0
17122.92,100.88,20.0
17123.92,100.62,20.0
17124.92,100.48,20.0
17125.92,101.21,20.0
17126.92,100.82,19.9998
17127.92,124.65,19.9998
17128.93,100.96,19.9999
17129.93,100.5,19.9999
17130.93,100.54,19.9999
17131.93,100.9,19.9999
17132.93,100.52,19.9999
17133.93,101.11,19.9999
17134.94,100.6,19.9999
17135.94,100.61,19.9999
17136.94,100.95,19.9999
17137.94,100.49,19.9999
17138.94,101.06,19.9999
17139.94,100.68,19.9998
17140.94,115.19,19.9999
17141.95,100.89,19.9999
17142.95,100.5,19.9999
17143.95,100.75,19.9999
17144.95,101.02,19.9999
17145.95,100.6,19.9999
17146.95,100.41,19.9999
17147.95,100.85,19.9999
17148.96,100.53,20.0
17149.96,101.02,20.0
17150.96,100.65,20.0
17151.96,100.61,20.0
17152.96,101.04,20.0
17153.96,115.6,20.0
17154.97,101.0,19.9999
17155.97,100.64,19.9999
17156.97,100.59,19.9999
17157.97,101.04,19.9999
17158.97,100.74,19.9999
17159.97,100.7,19.9999
17160.97,101.07,19.9999
17161.97,100.7,19.9999
17162.98,100.68,19.9999
17163.98,101.21,19.9999
17164.98,100.58,19.9999
17165.98,100.67,19.9999
17166.98,115.25,20.0
17167.98,100.59,20.0
17168.98,100.73,20.0
17169.99,101.17,19.9999
17170.99,100.72,20.0
17171.99,101.1,20.0
17172.99,100.68,20.0
17173.99,100.74,20.0
17174.99,101.09,20.0
17176.0,100.64,20.0
17177.0,101.09,19.9999
17178.0,120.05,19.9999
17179.0,103.39,20.0
17180.0,100.9,20.0
17181.0,100.5,20.0
17182.01,100.9,19.9999
17183.01,100.51,19.9999
17184.01,100.6,20.0
17185.01,100.97,20.0
17186.01,100.47,20.0
17187.01,100.53,20.0
17188.01,101.02,20.0
17189.01,100.66,20.0
17190.02,100.59,20.0
17191.02,125.25,20.0
17192.02,100.49,19.9999
17193.02,100.44,19.9999
17194.02,101.01,19.9999
17195.02,100.54,19.9999
17196.03,100.98,19.9999
17197.03,100.58,19.9999
17198.03,100.51,19.9999
17199.03,101.07,20.0
17200.03,100.62,20.0
17201.03,101.06,20.0
17202.03,100.57,20.0
17203.04,100.61,20.0
17204.04,116.57,19.9999
17205.04,100.62,19.9999
17206.04,100.59,19.9999
17207.04,100.87,19.9999
17208.04,100.56,19.9999
17209.05,101.0,19.9999
17210.05,100.61,20.0
17211.05,100.5,20.0
17212.05,101.02,20.0
17213.05,100.55,19.9999
17214.05,100.62,19.9999
17215.05,101.01,19.9999
17216.06,114.86,19.9999
17217.06,100.55,19.9999
17218.06,101.01,19.9999
17219.06,100.65,20.0
17220.06,101.04,20.0
17221.06,100.64,20.0
17222.06,100.6,20.0
17223.07,101.08,20.0
17224.07,100.58,19.9999
17225.07,100.9,19.9999
17226.07,100.52,19.9999
17227.07,100.57,19.9999
17228.07,101.1,19.9999
17229.07,115.56,20.0
17230.08,100.61,19.9999
17231.08,101.03,19.9999
17232.08,108.64,19.3281
17233.08,339.41,9.2619
17234.08,310.44,9.7366
17235.08,349.9,9.9193
17236.09,344.76,10.2293
17237.09,319.67,10.5837
17238.09,306.85,10.9098
17239.09,311.6,11.2093
17240.09,304.9,11.4632
17241.09,305.75,11.6988
17242.09,303.7,11.9454
17243.09,306.07,12.3496
17244.1,216.54,13.2206
17245.1,149.07,14.0774
17246.1,399.56,15.2596
17247.1,387.0,15.9922
17248.1,108.55,16.0444
17249.1,105.22,16.0444
17250.1,303.26,16.0454
17251.11,310.54,16.05
17252.11,304.37,16.0517
17253.11,309.88,16.052
17254.11,310.84,16.1523
17255.11,209.39,16.1523
17256.11,164.08,16.1523
17257.11,209.93,16.1523
17258.11,142.12,16.1445
17259.12,157.04,16.1445
17260.12,143.17,16.1464
17261.12,108.77,16.1464
17262.12,228.93,16.5735
17263.12,400.75,17.3961
17264.12,399.5,18.0513
17265.12,399.62,18.7222
17266.12,196.55,18.9905
17267.13,108.35,18.9905
17268.13,144.77,18.9905
17269.13,126.08,18.9905
17270.13,182.89,18.9905
17271.13,110.73,18.9905
17272.13,125.13,18.9905
17273.13,136.35,18.9905
17274.14,107.7,18.9906
17275.14,105.13,18.9906
17276.14,101.38,18.9907
17277.14,129.32,18.9906
17278.14,105.07,18.9906
17279.14,107.57,18.9906
17280.15,144.99,18.9906
17281.15,123.76,18.9906
17282.15,151.12,18.9907
17283.15,132.35,18.9907
17284.15,109.85,18.9907
17285.15,115.66,18.9907
17286.15,102.66,18.9907
17287.16,114.5,18.9907
17288.16,106.15,18.9906
17289.16,106.52,18.9907
17290.16,101.06,18.9906
17291.16,102.55,18.9909
17292.16,100.49,18.9909
17293.17,101.13,18.9908
17294.17,101.24,18.9907
17295.17,101.67,18.9908
17296.17,100.94,18.9907
17297.17,107.72,18.9908
17298.17,105.06,18.9907
17299.17,106.8,18.9908
17300.18,102.74,18.9907
17301.18,100.99,18.9907
17302.18,100.62,18.9907
17303.18,100.72,18.9907
17304.18,100.92,18.9907
17305.18,103.29,18.9907
17306.19,101.04,18.9907
17307.19,100.77,18.9907
17308.19,101.31,18.9907
17309.19,101.21,18.9907
17310.19,100.92,18.9908
17311.19,100.73,18.9908
17312.19,101.24,18.9908
17313.19,104.49,18.9908
17314.2,100.9,18.9908
17315.2,110.63,18.9908
17316.2,126.8,18.9908
17317.2,100.93,18.9908
17318.2,104.5,18.9908
17319.2,102.91,18.9909
17320.21,101.0,18.9909
17321.21,100.93,18.9909
17322.21,100.51,18.9908
17323.21,105.3,18.9908
17324.21,100.49,18.9908
17325.21,100.52,18.9908
17326.21,102.99,18.9908
17327.22,100.49,18.9908
17328.22,373.21,18.9914
17329.22,322.27,19.1039
17330.22,100.73,19.1039
17331.22,101.17,19.1039
17332.22,101.03,19.1039
17333.22,101.06,19.1039
17334.23,100.95,19.104
17335.23,103.81,19.104
17336.23,121.34,19.1041
17337.23,101.34,19.1041
17338.23,103.8,19.1041
17339.23,101.34,19.1041
17340.24,100.66,19.1041
17341.24,100.65,19.1041
17342.24,118.72,19.1041
17343.24,179.71,19.1041
17344.24,278.18,19.1046
17345.24,128.02,19.1045
17346.24,226.09,19.1047
17347.25,205.54,19.1056
17348.25,271.88,19.1303
17349.25,103.19,19.1303
17350.25,100.42,19.1302
17351.25,377.44,19.1322
17352.25,386.62,19.1483
17353.25,104.06,19.1222
17354.26,100.77,19.1224
17355.26,104.69,19.1224
17356.26,100.69,19.1224
17357.26,102.68,19.1224
17358.26,100.65,19.1224
17359.26,101.85,19.1224
17360.27,397.63,19.1224
17361.27,181.13,19.1225
17362.27,103.27,19.1225
17363.27,100.95,19.1225
17364.27,100.56,19.1225
17365.27,100.54,19.1225
17366.27,100.92,19.1225
17367.28,221.17,19.1225
17368.28,399.67,19.1226
17369.28,174.05,19.1226
17370.28,100.56,19.1226
17371.28,100.96,19.1226
17372.28,157.13,19.2591
17373.28,399.99,19.8571
17374.29,157.75,19.8571
17375.29,100.62,19.8571
17376.29,100.68,19.8571
17377.29,157.37,19.9584
17378.29,101.72,19.9584
17379.29,100.7,19.9585
17380.29,101.09,19.9585
17381.29,114.7,19.9587
17382.3,100.7,19.9586
17383.3,101.01,19.9586
17384.3,114.97,19.9587
17385.3,100.66,19.9586
17386.3,101.04,19.9588
17387.3,115.12,19.959
17388.31,101.08,19.959
17389.31,100.63,19.9589
17390.31,100.54,19.9589
17391.31,114.94,19.959
17392.31,100.59,19.959
17393.31,100.71,19.959
17394.31,101.08,19.959
17395.32,115.36,19.959
17396.32,101.09,19.959
17397.32,100.63,19.9589
17398.32,115.12,19.959
17399.32,101.03,19.9591
17400.32,100.66,19.9591
17401.32,100.7,19.9592
17402.33,115.57,19.9592
17403.33,100.64,19.9593
17404.33,101.11,19.9591
17405.33,100.69,19.9591
17406.33,115.25,19.9591
17407.33,101.11,19.9591
17408.33,100.68,19.9592
17409.34,100.69,19.9593
17410.34,118.23,19.9595
17411.34,100.58,19.9595
17412.34,100.71,19.9596
17413.34,101.12,19.9594
17414.34,117.8,19.9596
17415.34,100.61,19.9596
17416.35,101.05,19.9595
17417.35,119.22,19.9595
17418.35,100.58,19.9595
17419.35,100.93,19.9596
17420.35,100.51,19.9596
17421.35,117.82,19.9596
17422.35,100.91,19.9596
17423.35,100.56,19.9596
17424.36,100.51,19.9596
17425.36,100.93,19.9596
17426.36,119.16,19.9596
17427.36,100.57,19.9596
17428.36,101.44,19.9596
17429.36,100.51,19.9596
17430.36,116.11,19.9598
17431.37,101.01,19.9597
17432.37,100.74,19.9598
17433.37,100.72,19.9598
17434.37,101.03,19.9597
17435.37,115.14,19.9598
17436.37,100.62,19.9598
17437.37,101.08,19.9598
17438.38,100.6,19.9598
17439.38,101.05,19.9598
17440.38,114.97,19.9598
17441.38,101.32,19.9598
17442.38,101.08,19.9596
17443.38,100.7,19.9597
17444.38,100.63,19.9597
17445.39,100.98,19.9597
17446.39,100.62,19.9597
17447.39,115.05,19.9597
17448.39,100.55,19.9597
17449.39,100.6,19.9596
17450.39,100.94,19.9596
17451.4,100.59,19.9596
17452.4,115.3,19.9598
17453.4,101.03,19.9599
17454.4,100.62,19.9599
17455.4,100.55,19.9599
17456.4,101.1,19.9599
17457.4,100.64,19.9599
17458.4,100.65,19.9599
17459.41,115.47,19.96
17460.41,100.68,19.96
17461.41,100.99,19.96
17462.41,100.6,19.9599
17463.41,100.67,19.96
17464.41,100.97,19.96
17465.41,100.57,19.96
17466.42,115.26,19.96
17467.42,100.98,19.96
17468.42,100.55,19.96
17469.42,100.6,19.96
17470.42,101.04,19.9599
17471.42,100.64,19.9599
17472.43,122.03,19.9599
17473.43,100.63,19.9599
17474.43,100.5,19.9602
17475.43,100.86,19.96
17476.43,100.46,19.96
17477.43,100.89,19.96
17478.43,100.49,19.96
17479.44,119.9,19.9602
17480.44,100.89,19.9602
17481.44,113.18,19.96
17482.44,102.38,19.9601
17483.44,100.59,19.9601
17484.44,100.69,19.9602
17485.45,101.07,19.9602
17486.45,120.22,19.9602
17487.45,100.7,19.96
17488.45,101.07,19.96
17489.45,100.75,19.9602
17490.45,103.58,19.9602
17491.45,100.5,19.9602
17492.46,100.5,19.9602
17493.46,115.99,19.9603
17494.46,100.59,19.9602
17495.46,100.58,19.9602
17496.46,100.89,19.9603
17497.46,100.49,19.9603
17498.46,100.84,19.9603
17499.47,100.54,19.9603
17500.47,100.44,19.9603
17501.47,115.25,19.9603
17502.47,100.51,19.9603
17503.47,100.62,19.9604
17504.47,101.15,19.9604
17505.47,100.65,19.9603
17506.48,100.62,19.9603
17507.48,100.88,19.9603
17508.48,100.64,19.9603
17509.48,114.77,19.9603
17510.48,100.94,19.9603
17511.48,100.53,19.9604
17512.49,101.0,19.9603
17513.49,100.76,19.9604
17514.49,100.67,19.9603
17515.49,101.02,19.9603
17516.49,100.54,19.9603
17517.49,115.7,19.9603
17518.49,100.55,19.9603
17519.5,100.53,19.9604
17520.5,100.97,19.9604
17521.5,100.62,19.9604
17522.5,100.56,19.9604
17523.5,100.98,19.9604
17524.5,100.51,19.9604
17525.5,100.54,19.9604
17526.51,115.22,19.9604
17527.51,100.45,19.9605
17528.51,100.93,19.9604
17529.51,100.7,19.9605
17530.51,100.66,19.9605
17531.51,101.1,19.9604
17532.51,100.62,19.9604
17533.52,100.67,19.9606
17534.52,118.82,19.9607
17535.52,100.63,19.9605
17536.52,100.51,19.9605
17537.52,100.95,19.9605
17538.52,100.48,19.9605
17539.53,101.12,19.9605
17540.53,100.68,19.9606
17541.53,100.64,19.9605
17542.53,115.05,19.9606
17543.53,109.17,19.9606
17544.53,100.71,19.9607
17545.53,100.72,19.9608
17546.53,101.05,19.9608
17547.54,100.62,19.9607
17548.54,100.86,19.9607
17549.54,100.51,19.9607
17550.54,100.57,19.9607
17551.54,120.82,19.9608
17552.54,100.59,19.9607
17553.54,100.68,19.9607
17554.55,101.03,19.9607
17555.55,100.61,19.9609
17556.55,100.54,19.9608
17557.55,100.92,19.9608
17558.55,100.49,19.9608
17559.55,115.93,19.9609
17560.55,100.59,19.9609
17561.56,100.69,19.9609
17562.56,101.15,19.9609
17563.56,100.72,19.9608
17564.56,100.73,19.9608
17565.56,101.09,19.9608
17566.56,100.68,19.9608
17567.56,100.6,19.9608
17568.57,115.49,19.9608
17569.57,100.71,19.9609
17570.57,101.04,19.9608
17571.57,100.75,19.9609
17572.57,102.15,19.9609
17573.57,101.04,19.9609
17574.57,100.52,19.9609
17575.58,100.54,19.9611
17576.58,101.05,19.9611
17577.58,114.69,19.9611
17578.58,100.68,19.9612
17579.58,101.1,19.9611
17580.58,100.58,19.9611
17581.58,100.64,19.9611
17582.59,101.11,19.9611
17583.59,100.73,19.9612
17584.59,100.59,19.9611
17585.59,101.05,19.9611
17586.59,115.2,19.9611
17587.59,100.69,19.9612
17588.59,101.05,19.9613
17589.59,100.72,19.9613
17590.6,100.55,19.9613
17591.6,100.97,19.9614
17592.6,100.53,19.9614
17593.6,100.56,19.9613
17594.6,100.83,19.9614
17595.6,114.58,19.9615
17596.61,101.09,19.9615
17597.61,100.62,19.9615
17598.61,100.48,19.9616
17599.61,100.86,19.9615
17600.61,100.63,19.9615
17601.61,100.67,19.9615
17602.61,101.07,19.9615
17603.62,100.76,19.9615
17604.62,101.07,19.9615
17605.62,124.05,19.9615
17606.62,100.67,19.9616
17607.62,101.08,19.9616
17608.62,100.69,19.9616
17609.62,100.64,19.9616
17610.63,100.98,19.9616
17611.63,100.63,19.9616
17612.63,100.59,19.9616
17613.63,122.3,19.9618
17614.63,100.61,19.9615
17615.63,100.62,19.9615
17616.63,101.04,19.9615
17617.64,100.55,19.9615
17618.64,100.95,19.9617
17619.64,100.6,19.9617
17620.64,100.63,19.9616
17621.64,101.06,19.9616
17622.64,100.59,19.9616
17623.65,116.48,19.9617
17624.65,100.45,19.9617
17625.65,100.46,19.9617
17626.65,100.85,19.9617
17627.65,100.58,19.9617
17628.65,100.48,19.9617
17629.65,100.85,19.9618
17630.66,100.43,19.9618
17631.66,100.89,19.9618
17632.66,114.63,19.9619
17633.66,101.15,19.9619
17634.66,101.01,19.9619
17635.66,100.66,19.9619
17636.67,100.93,19.9619
17637.67,100.46,19.9619
17638.67,100.51,19.9619
17639.67,101.12,19.9621
17640.67,100.6,19.9621
17641.67,115.16,19.9619
17642.67,100.99,19.9619
17643.67,100.79,19.9619
17644.68,100.65,19.9619
17645.68,100.98,19.9619
17646.68,100.68,19.9619
17647.68,101.11,19.962
17648.68,100.56,19.962
17649.68,100.45,19.962
17650.69,100.82,19.962
17651.69,100.49,19.9619
17652.69,115.18,19.9619
17653.69,101.07,19.9619
17654.69,100.43,19.9619
17655.69,100.97,19.9619
17656.69,100.64,19.9619
17657.7,100.59,19.9619
17658.7,101.09,19.9619
17659.7,100.59,19.9619
17660.7,100.83,19.962
17661.7,114.7,19.9622
17662.7,100.6,19.9622
17663.71,101.07,19.9622
17664.71,100.7,19.9622
17665.71,100.65,19.9622
17666.71,101.03,19.9622
17667.71,100.59,19.9622
17668.71,100.69,19.9623
17669.71,101.05,19.9623
17670.72,100.51,19.9623
17671.72,122.91,19.9624
17672.72,100.66,19.9623
17673.72,100.8,19.9624
17674.72,100.91,19.9624
17675.72,100.51,19.9624
17676.72,100.56,19.9624
17677.73,100.96,19.9624
17678.73,100.59,19.9624
17679.73,100.55,19.9624
17680.73,100.92,19.9624
17681.73,123.82,19.9625
17682.73,101.0,19.9625
17683.73,100.68,19.9625
17684.74,100.64,19.9625
17685.74,101.0,19.9625
17686.74,100.51,19.9625
17687.74,100.46,19.9625
17688.74,100.9,19.9625
17689.74,100.46,19.9625
17690.74,100.47,19.9625
17691.75,116.77,19.9625
17692.75,100.54,19.9624
17693.75,100.68,19.9625
17694.75,100.99,19.9624
17695.75,100.45,19.9624
17696.75,100.46,19.9624
17697.75,100.96,19.9624
17698.75,100.51,19.9626
17699.76,100.49,19.9626
17700.76,100.88,19.9625
17701.76,114.53,19.9628
17702.76,100.65,19.9628
17703.76,101.1,19.9627
17704.76,100.47,19.9627
17705.77,101.25,19.9627
17706.77,100.67,19.9627
17707.77,100.65,19.9627
17708.77,101.17,19.9629
17709.77,100.69,19.9628
17710.77,100.77,19.9629
17711.77,101.1,19.9629
17712.77,114.8,19.9629
17713.78,100.63,19.9629
17714.78,101.01,19.9629
17715.78,100.73,19.963
17716.78,100.68,19.9629
17717.78,100.54,19.963
17718.78,100.98,19.963
17719.78,100.63,19.963
17720.79,101.08,19.963
17721.79,100.76,19.9629
17722.79,114.61,19.963
17723.79,100.76,19.9632
17724.79,100.87,19.963
17725.79,100.48,19.963
17726.79,100.47,19.963
17727.79,100.89,19.963
17728.8,100.49,19.9631
17729.8,101.01,19.963
17730.8,100.66,19.9632
17731.8,114.55,19.9633
17732.8,100.97,19.9632
17733.8,100.66,19.9633
17734.81,100.95,19.9633
17735.81,100.56,19.9633
17736.81,100.6,19.9633
17737.81,100.96,19.9633
17738.81,101.37,19.9633
17739.81,100.44,19.9633
17740.81,100.88,19.9633
17741.82,125.26,19.9633
17742.82,101.1,19.9634
17743.82,100.78,19.9634
17744.82,100.69,19.9634
17745.82,101.1,19.9634
17746.82,100.63,19.9634
17747.82,100.66,19.9634
17748.83,101.14,19.9634
17749.83,100.66,19.9634
17750.83,100.67,19.9634
17751.83,121.69,19.9635
17752.83,100.71,19.9634
17753.83,100.74,19.9636
17754.83,101.04,19.9636
17755.83,100.61,19.9637
17756.84,100.56,19.9637
17757.84,100.94,19.9636
17758.84,100.56,19.9636
17759.84,100.69,19.9636
17760.84,101.06,19.9636
17761.84,115.15,19.9636
17762.85,101.12,19.9636
17763.85,100.77,19.9637
17764.85,100.64,19.9637
17765.85,101.06,19.9637
17766.85,100.57,19.9637
17767.85,101.05,19.9637
17768.85,100.65,19.9637
17769.86,100.65,19.9636
17770.86,101.07,19.9637
17771.86,114.81,19.9638
17772.86,100.68,19.9638
17773.86,101.16,19.9637
17774.86,100.63,19.9637
17775.87,101.04,19.9637
17776.87,100.64,19.9637
17777.87,100.67,19.9637
17778.87,101.11,19.9637
17779.87,100.76,19.9636
17780.87,104.21,19.9637
17781.87,112.13,19.9638
17782.87,100.65,19.9638
17783.88,100.7,19.9639
17784.88,100.93,19.964
17785.88,100.57,19.9639
17786.88,100.52,19.9639
17787.88,100.91,19.9639
17788.88,100.55,19.964
17789.89,100.91,19.964
17790.89,100.48,19.9639
17791.89,114.96,19.964
17792.89,100.99,19.964
17793.89,101.45,19.964
17794.89,100.92,19.9639
17795.89,100.61,19.9639
17796.9,100.67,19.9639
17797.9,101.03,19.9639
17798.9,100.66,19.964
17799.9,100.88,19.964
17800.9,100.5,19.964
17801.9,117.26,19.9641
17802.91,100.97,19.9641
17803.91,100.68,19.9642
17804.91,100.5,19.9642
17805.91,100.95,19.9642
17806.91,100.46,19.9641
17807.91,100.88,19.9641
17808.92,100.51,19.9642
17809.92,100.45,19.9642
17810.92,100.84,19.9643
17811.92,123.88,19.9643
17812.92,100.89,19.9642
17813.92,100.59,19.9643
17814.92,100.46,19.9642
17815.93,100.86,19.9642
17816.93,100.45,19.9642
17817.93,100.92,19.9643
17818.93,100.58,19.9641
17819.93,100.56,19.9642
17820.93,121.05,19.9642
17821.93,100.62,19.9642
17822.94,100.69,19.9642
17823.94,101.11,19.9644
17824.94,100.61,19.9643
17825.94,100.62,19.9643
17826.94,101.0,19.9643
17827.94,100.6,19.9642
17828.94,100.66,19.9643
17829.95,101.03,19.9643
17830.95,100.69,19.9642
17831.95,115.55,19.9645
17832.95,100.64,19.9644
17833.95,100.67,19.9645
17834.95,100.96,19.9644
17835.96,100.54,19.9644
17836.96,100.53,19.9644
17837.96,100.94,19.9644
17838.96,100.55,19.9645
17839.96,100.92,19.9645
17840.96,100.52,19.9645
17841.96,114.65,19.9645
17842.97,100.94,19.9645
17843.97,100.7,19.9645
17844.97,100.99,19.9645
17845.97,100.62,19.9645
17846.97,100.54,19.9645
17847.97,101.02,19.9646
17848.98,100.57,19.9646
17849.98,178.3,19.9753
17850.98,103.78,19.9761
17851.98,114.53,19.9762
17852.98,101.12,19.9761
17853.98,100.9,19.9675
17854.98,100.65,19.9675
17855.99,100.99,19.9675
17856.99,100.62,19.9675
17857.99,100.62,19.9675
17858.99,101.12,19.9674
17859.99,100.74,19.9674
17860.99,100.7,19.9674
17861.99,115.28,19.9678
17863.0,100.51,19.9677
17864.0,101.04,19.9678
17865.0,100.51,19.9677
17866.0,100.48,19.9677
17867.0,100.91,19.9677
17868.0,100.68,19.9677
17869.01,101.11,19.9677
17870.01,100.57,19.9676
17871.01,100.47,19.9676
17872.01,120.25,19.9677
17873.01,100.66,19.9676
17874.01,100.63,19.9677
17875.01,100.88,19.9677
17876.02,100.66,19.9677
17877.02,101.08,19.9678
17878.02,100.48,19.9677
17879.02,100.51,19.9678
17880.02,100.94,19.9678
17881.02,100.49,19.9677
17882.03,124.53,19.9681
17883.03,100.56,19.9681
17884.03,100.79,19.9681
17885.03,101.08,19.9681
17886.03,100.68,19.968
17887.03,100.48,19.968
17888.03,100.83,19.968
17889.04,100.48,19.968
17890.04,100.86,19.968
17891.04,100.54,19.968
17892.04,118.13,19.968
17893.04,101.1,19.968
17894.04,100.79,19.968
17895.05,101.09,19.9681
17896.05,100.67,19.9681
17897.05,100.67,19.9681
17898.05,101.08,19.9681
17899.05,100.69,19.968
17900.05,100.49,19.968
17901.05,115.38,19.9683
17902.06,100.69,19.9683
17903.06,101.09,19.9683
17904.06,100.81,19.9683
17905.06,100.7,19.9683
17906.06,100.88,19.9683
17907.06,100.48,19.9683
17908.07,100.89,19.9683
17909.07,100.5,19.9683
17910.07,100.47,19.9683
17911.07,100.85,19.9683
17912.07,115.09,19.9683
17913.07,100.71,19.9683
17914.07,101.12,19.9683
17915.08,100.48,19.9683
17916.08,100.91,19.9683
17917.08,100.45,19.9683
17918.08,100.53,19.9683
17919.08,101.02,19.9683
17920.08,100.71,19.9683
17921.08,100.69,19.9684
17922.09,115.55,19.9685
17923.09,100.67,19.9685
17924.09,101.17,19.9684
17925.09,100.63,19.9684
17926.09,100.56,19.9684
17927.09,101.03,19.9684
17928.1,100.65,19.9684
17929.1,101.07,19.9684
17930.1,100.7,19.9685
17931.1,100.63,19.9685
17932.1,115.49,19.9685
17933.1,100.69,19.9685
17934.1,101.11,19.9686
17935.11,101.09,19.9686
17936.11,100.67,19.9685
17937.11,100.97,19.9683
17938.11,100.67,19.9684
17939.11,100.68,19.9685
17940.11,101.05,19.9685
17941.12,100.68,19.9684
17942.12,122.36,19.9685
17943.12,100.87,19.9687
17944.12,100.61,19.9687
17945.12,101.13,19.9686
17946.12,100.54,19.9686
17947.12,100.57,19.9686
17948.13,101.09,19.9686
17949.13,100.63,19.9686
17950.13,100.48,19.9686
17951.13,112.17,19.9686
17952.13,112.77,19.9686
17953.13,100.68,19.9686
17954.13,101.21,19.9686
17955.13,100.66,19.9687
17956.14,100.62,19.9687
17957.14,100.92,19.9688
17958.14,100.78,19.9688
17959.14,100.71,19.9688
17960.14,100.69,19.9687
17961.14,101.07,19.9687
17962.14,116.38,19.9688
17963.14,100.67,19.9688
17964.15,101.17,19.9689
17965.15,100.69,19.9688
17966.15,101.08,19.9687
17967.15,100.65,19.9687
17968.15,100.64,19.9687
17969.15,101.14,19.9688
17970.15,100.67,19.9688
17971.16,100.66,19.9688
17972.16,115.66,19.9688
17973.16,100.71,19.9686
17974.16,100.76,19.9686
17975.16,101.05,19.9686
17976.16,100.57,19.9686
17977.16,100.66,19.9686
17978.17,101.16,19.9686
17979.17,100.49,19.9689
17980.17,100.63,19.9689
17981.17,101.14,19.9689
17982.17,115.12,19.969
17983.17,100.73,19.9689
17984.17,101.08,19.9689
17985.17,100.68,19.9689
17986.18,100.66,19.9689
17987.18,101.05,19.9689
17988.18,100.62,19.9689
17989.18,101.09,19.9689
17990.18,100.64,19.9689
17991.18,100.6,19.9689
17992.19,100.98,19.9689
17993.19,114.49,19.9691
17994.19,101.1,19.9691
17995.19,100.64,19.9691
17996.19,100.64,19.9691
17997.19,101.15,19.9691
17998.2,100.64,19.9691
17999.2,100.49,19.9691
18000.2,100.86,19.9691
18001.2,100.48,19.9691
18002.2,101.04,19.9691
18003.2,116.35,19.9692
18004.2,100.66,19.9692
18005.21,100.87,19.9691
18006.21,100.58,19.9691
18007.21,100.7,19.9691
18008.21,101.11,19.9691
18009.21,100.53,19.9691
18010.21,100.49,19.9691
18011.21,100.89,19.9691
18012.22,100.46,19.9691
18013.22,100.92,19.9691
18014.22,125.33,19.9694
18015.22,100.71,19.9694
18016.22,101.1,19.9694
18017.22,100.69,19.9694
18018.23,101.12,19.9692
18019.23,100.74,19.9692
18020.23,100.53,19.9693
18021.23,101.08,19.9693
18022.23,100.75,19.9693
18023.23,100.77,19.9693
18024.23,120.88,19.9694
18025.24,100.74,19.9693
18026.24,100.66,19.9693
18027.24,101.07,19.9693
18028.24,100.64,19.9693
18029.24,101.12,19.9693
18030.24,100.62,19.9693
18031.24,100.47,19.9693
18032.25,100.87,19.9693
18033.25,100.66,19.9693
18034.25,100.53,19.9695
18035.25,115.65,19.9695
18036.25,100.64,19.9695
18037.25,101.04,19.9694
18038.26,100.63,19.9694
18039.26,100.49,19.9695
18040.26,100.86,19.9695
18041.26,100.47,19.9696
18042.26,100.86,19.9696
18043.26,100.53,19.9696
18044.26,100.49,19.9696
18045.27,115.35,19.9697
18046.27,100.65,19.9697
18047.27,101.07,19.9697
18048.27,100.67,19.9695
18049.27,100.72,19.9696
18050.27,101.05,19.9695
18051.28,100.63,19.9695
18052.28,100.66,19.9695
18053.28,101.12,19.9697
18054.28,100.65,19.9696
18055.28,101.07,19.9697
18056.28,115.03,19.9697
18057.28,100.66,19.9696
18058.29,101.14,19.9696
18059.29,100.7,19.9698
18060.29,100.66,19.9697
18061.29,101.07,19.9697
18062.29,100.62,19.9697
18063.29,100.67,19.9697
18064.29,100.98,19.9696
18065.3,100.54,19.9696
18066.3,101.03,19.9696
18067.3,115.03,19.9696
18068.3,100.68,19.9696
18069.3,101.15,19.9698
18070.3,100.65,19.9698
18071.31,101.12,19.9698
18072.31,100.69,19.9697
18073.31,100.72,19.9697
18074.31,101.08,19.9698
18075.31,100.67,19.9698
18076.31,100.77,19.9698
18077.31,122.44,19.9698
18078.31,101.09,19.9698
18079.32,100.75,19.9697
18080.32,101.08,19.9697
18081.32,100.67,19.9698
18082.32,100.68,19.9698
18083.32,101.03,19.9699
18084.32,100.67,19.9697
18085.32,100.67,19.9697
18086.33,101.02,19.9697
18087.33,100.7,19.9699
18088.33,124.86,19.9701
18089.33,100.72,19.97
18090.33,100.72,19.9699
18091.33,100.77,19.97
18092.33,101.15,19.97
18093.34,100.74,19.9699
18094.34,100.75,19.9699
18095.34,101.09,19.9699
18096.34,100.65,19.97
18097.34,100.86,19.9699
18098.34,115.49,19.97
18099.34,100.73,19.9701
18100.35,101.1,19.9701
18101.35,100.73,19.9701
18102.35,101.14,19.9701
18103.35,100.76,19.9702
18104.35,100.75,19.9701
18105.35,101.15,19.9701
18106.35,100.69,19.9702
18107.36,100.69,19.9702
18108.36,115.75,19.9704
18109.36,100.67,19.9704
18110.36,100.48,19.9704
18111.36,100.95,19.9703
18112.36,100.52,19.9703
18113.36,100.52,19.9704
18114.37,101.06,19.9704
18115.37,100.7,19.9703
18116.37,100.68,19.9704
18117.37,100.67,19.9704
18118.37,101.07,19.9704
18119.37,115.02,19.9703
18120.37,101.04,19.9703
18121.37,100.62,19.9703
18122.38,100.64,19.9703
18123.38,101.47,19.9703
18124.38,100.66,19.9703
18125.38,100.57,19.9705
18126.38,100.97,19.9705
18127.38,100.64,19.9706
18128.38,100.68,19.9706
18129.39,115.08,19.9707
18130.39,100.67,19.9706
18131.39,101.09,19.9705
18132.39,100.69,19.9705
18133.39,100.73,19.9705
18134.39,101.12,19.9706
18135.39,100.69,19.9707
18136.4,100.7,19.9705
18137.4,101.15,19.9705
18138.4,100.68,19.9705
18139.4,100.71,19.9706
18140.4,118.07,19.9706
18141.4,100.59,19.9706
18142.4,100.73,19.9706
18143.41,101.18,19.9706
18144.41,100.73,19.9706
18145.41,100.72,19.9706
18146.41,101.12,19.9706
18147.41,100.69,19.9706
18148.41,101.12,19.9706
18149.42,100.72,19.9706
18150.42,125.61,19.9708
18151.42,101.09,19.9706
18152.42,100.69,19.9707
18153.42,101.16,19.9707
18154.42,100.78,19.9708
18155.42,100.7,19.9707
18156.43,101.1,19.9707
18157.43,100.69,19.9707
18158.43,100.62,19.9707
18159.43,101.12,19.9709
18160.43,103.73,19.971
18161.43,117.22,19.971
18162.43,100.52,19.971
18163.44,100.59,19.971
18164.44,101.11,19.971
18165.44,100.58,19.971
18166.44,100.56,19.971
18167.44,101.07,19.971
18168.44,100.6,19.971
18169.44,100.71,19.971
18170.45,101.01,19.971
18171.45,114.9,19.9711
18172.45,100.56,19.971
18173.45,101.11,19.971
18174.45,100.64,19.971
18175.45,100.57,19.971
18176.45,100.95,19.971
18177.45,100.47,19.971
18178.46,100.48,19.971
18179.46,100.98,19.9711
18180.46,100.58,19.9711
18181.46,100.59,19.9711
18182.46,115.21,19.9711
18183.46,100.67,19.9711
18184.46,100.76,19.9711
18185.47,101.11,19.9711
18186.47,100.55,19.9711
18187.47,100.62,19.9711
18188.47,100.97,19.9711
18189.47,100.68,19.9711
18190.47,100.66,19.9711
18191.47,100.98,19.9712
18192.48,100.69,19.9712
18193.48,115.46,19.9713
18194.48,100.71,19.9713
18195.48,100.68,19.9712
18196.48,101.06,19.9712
18197.48,100.66,19.9712
18198.49,101.08,19.9714
18199.49,100.7,19.9714
18200.49,100.66,19.9714
18201.49,101.03,19.9713
18202.49,100.65,19.9713
18203.49,100.75,19.9713
18204.49,115.41,19.9714
18205.5,100.63,19.9714
18206.5,100.91,19.9713
18207.5,100.61,19.9713
18208.5,100.63,19.9713
18209.5,101.1,19.9714
18210.5,100.66,19.9713
18211.51,101.11,19.9713
18212.51,100.65,19.9713
18213.51,100.67,19.9713
18214.51,125.98,19.9715
18215.51,100.65,19.9714
18216.51,101.07,19.9714
18217.51,100.69,19.9714
18218.52,100.66,19.9714
18219.52,101.03,19.9714
18220.52,100.68,19.9714
18221.52,101.0,19.9714
18222.52,100.65,19.9714
18223.52,100.68,19.9714
18224.53,101.04,19.9714
18225.53,122.22,19.9716
18226.53,100.66,19.9716
18227.53,101.05,19.9715
18228.53,100.59,19.9715
18229.53,101.11,19.9715
18230.53,100.65,19.9715
18231.54,100.6,19.9715
18232.54,100.92,19.9715
18233.54,100.71,19.9715
18234.54,100.71,19.9716
18235.54,101.06,19.9717
18236.54,115.63,19.9717
18237.54,100.58,19.9716
18238.55,100.83,19.9715
18239.55,100.54,19.9715
18240.55,100.96,19.9716
18241.55,100.65,19.9716
18242.55,100.67,19.9717
18243.55,101.11,19.9716
18244.56,100.67,19.9716
18245.56,100.86,19.9716
18246.56,100.56,19.9716
18247.56,115.27,19.9718
18248.56,100.95,19.9718
18249.56,100.48,19.9718
18250.56,100.55,19.9718
18251.57,101.08,19.9718
18252.57,100.67,19.9718
18253.57,100.92,19.9718
18254.57,100.46,19.9718
18255.57,100.46,19.9718
18256.57,100.83,19.9718
18257.58,100.56,19.9718
18258.58,114.64,19.9719
18259.58,100.94,19.9719
18260.58,100.58,19.9719
18261.58,100.95,19.9718
18262.58,100.59,19.9718
18263.58,100.64,19.9719
18264.59,101.04,19.9719
18265.59,100.6,19.9718
18266.59,100.55,19.9718
18267.59,100.96,19.9718
18268.59,115.32,19.9719
18269.59,100.57,19.9719
18270.59,100.93,19.9719
18271.6,100.57,19.9719
18272.6,100.97,19.9719
18273.6,100.67,19.972
18274.6,100.52,19.972
18275.6,100.93,19.9719
18276.6,100.56,19.9719
18277.6,100.64,19.9719
18278.61,101.11,19.9719
18279.61,122.04,19.972
18280.61,100.96,19.972
18281.61,100.68,19.972
18282.61,100.68,19.972
18283.61,101.24,19.9722
18284.62,100.62,19.9721
18285.62,100.66,19.9721
18286.62,100.99,19.9721
18287.62,100.51,19.9722
18288.62,100.95,19.9721
18289.62,123.5,19.9722
18290.62,100.57,19.9722
18291.62,100.5,19.9721
18292.63,100.97,19.9721
18293.63,100.66,19.9723
18294.63,101.08,19.9721
18295.63,100.62,19.9721
18296.63,100.54,19.9722
18297.63,100.9,19.9722
18298.64,100.55,19.9722
18299.64,116.23,19.9724
18300.64,100.9,19.9724
18301.64,100.48,19.9724
18302.64,101.0,19.9723
18303.64,100.76,19.9723
18304.64,100.65,19.9724
18305.65,100.97,19.9724
18306.65,100.59,19.9724
18307.65,101.01,19.9724
18308.65,100.7,19.9724
18309.65,115.03,19.9725
18310.65,101.07,19.9724
18311.65,100.73,19.9724
18312.66,100.63,19.9724
18313.66,101.14,19.9724
18314.66,100.6,19.9724
18315.66,100.54,19.9724
18316.66,101.0,19.9724
18317.66,100.56,19.9723
18318.66,100.66,19.9724
18319.66,100.93,19.9725
18320.67,114.68,19.9725
18321.67,100.44,19.9725
18322.67,100.86,19.9725
18323.67,100.55,19.9725
18324.67,100.45,19.9724
18325.67,100.85,19.9724
18326.68,100.43,19.9724
18327.68,100.85,19.9724
18328.68,100.59,19.9724
18329.68,100.52,19.9724
18330.68,115.49,19.9724
18331.68,100.55,19.9724
18332.69,100.95,19.9724
18333.69,100.59,19.9726
18334.69,100.51,19.9726
18335.69,100.88,19.9726
18336.69,100.51,19.9726
18337.69,100.49,19.9725
18338.69,100.91,19.9725
18339.7,100.45,19.9725
18340.7,116.7,19.9727
18341.7,100.66,19.9726
18342.7,100.66,19.9726
18343.7,101.02,19.9726
18344.7,100.5,19.9726
18345.7,100.61,19.9726
18346.71,100.86,19.9726
18347.71,100.44,19.9725
18348.71,100.51,19.9727
18349.71,100.86,19.9726
18350.71,123.82,19.9729
18351.71,100.59,19.9729
18352.71,101.07,19.9728
18353.72,100.7,19.973
18354.72,101.04,19.9728
18355.72,100.61,19.9728
18356.72,100.64,19.9728
18357.72,101.04,19.9729
18358.72,100.69,19.9728
18359.73,101.03,19.9728
18360.73,121.65,19.973
18361.73,100.61,19.9729
18362.73,101.07,19.9729
18363.73,100.74,19.9729
18364.73,100.67,19.973
18365.73,101.05,19.973
18366.74,100.6,19.973
18367.74,101.08,19.9729
18368.74,100.65,19.9729
18369.74,100.53,19.9729
18370.74,115.48,19.9731
18371.74,100.54,19.9731
18372.74,100.56,19.9731
18373.75,101.05,19.973
18374.75,100.55,19.9731
18375.75,100.52,19.9731
18376.75,100.98,19.9729
18377.75,100.64,19.9729
18378.75,100.67,19.9729
18379.75,101.13,19.973
18380.76,100.63,19.973
18381.76,115.25,19.9732
18382.76,100.62,19.9731
18383.76,100.72,19.973
18384.76,101.04,19.973
18385.76,100.63,19.973
18386.76,100.57,19.973
18387.77,101.01,19.973
18388.77,100.69,19.9731
18389.77,101.04,19.973
18390.77,100.65,19.973
18391.77,100.61,19.973
18392.77,115.47,19.973
18393.78,100.77,19.9731
18394.78,101.04,19.9731
18395.78,100.67,19.9732
18396.78,100.64,19.9732
18397.78,100.63,19.9732
18398.78,101.05,19.9732
18399.78,100.59,19.9731
18400.79,101.13,19.9732
18401.79,100.55,19.9732
18402.79,114.87,19.9734
18403.79,101.07,19.9733
18404.79,100.61,19.9733
18405.79,100.68,19.9733
18406.79,101.19,19.9733
18407.79,100.65,19.9733
18408.8,100.72,19.9733
18409.8,101.07,19.9733
18410.8,100.69,19.9733
18411.8,100.68,19.9733
18412.8,101.1,19.9733
18413.8,121.35,19.9736
18414.81,101.07,19.9736
18415.81,100.61,19.9736
18416.81,100.62,19.9736
18417.81,101.12,19.9736
18418.81,100.68,19.9736
18419.81,100.63,19.9734
18420.81,101.13,19.9734
18421.81,100.58,19.9734
18422.82,100.63,19.9734
18423.82,101.17,19.9735
18424.82,124.89,19.9736
18425.82,100.59,19.9736
18426.82,101.05,19.9736
18427.82,100.65,19.9736
18428.82,100.56,19.9736
18429.82,100.63,19.9735
18430.83,101.06,19.9734
18431.83,100.59,19.9734
18432.83,274.05,9.1662
18433.83,332.16,9.5116
18434.83,297.25,9.8017
18435.83,330.1,9.9294
18436.84,338.92,10.1576
18437.84,323.9,10.4092
18438.84,310.16,10.6667
18439.84,316.34,10.9728
18440.84,308.95,11.2384
18441.84,301.71,11.4645
18442.84,301.37,11.6813
18443.85,305.88,11.9109
18444.85,302.27,12.1531
18445.85,254.97,13.0195
18446.85,102.21,13.7455
18447.85,285.07,14.9186
18448.85,399.58,15.6741
18449.85,235.13,16.0663
18450.86,108.85,16.1664
18451.86,134.93,16.1665
18452.86,310.8,16.1683
18453.86,307.72,16.1706
18454.86,313.64,16.17
18455.86,301.74,16.1732
18456.86,301.79,16.1745
18457.87,306.35,16.176
18458.87,305.93,16.1766
18459.87,237.99,16.1767
18460.87,263.94,16.1767
18461.87,136.56,16.1767
18462.87,135.46,16.1767
18463.87,118.62,16.1769
18464.88,113.39,16.1769
18465.88,281.77,16.9172
18466.88,399.56,17.6183
18467.88,399.96,18.2933
18468.88,390.1,18.9557
18469.88,120.96,19.0038
18470.88,147.4,19.0037
18471.88,114.63,19.0036
18472.89,113.27,19.0036
18473.89,125.67,19.0036
18474.89,108.95,19.0036
18475.89,103.34,19.0036
18476.89,111.95,19.0036
18477.89,103.49,19.0038
18478.9,152.39,19.0038
18479.9,160.7,19.0038
18480.9,101.27,19.0038
18481.9,100.52,19.0038
18482.9,111.03,19.0038
18483.9,114.57,19.0038
18484.9,147.24,19.0038
18485.9,102.96,19.0038
18486.91,173.05,19.0038
18487.91,127.2,19.0038
18488.91,104.43,19.0039
18489.91,119.76,19.0039
18490.91,111.04,19.004
18491.91,116.12,19.004
18492.91,118.81,19.0038
18493.92,100.93,19.0038
18494.92,101.39,19.0036
18495.92,104.19,19.0036
18496.92,101.82,19.0036
18497.92,101.34,19.0039
18498.92,100.6,19.0037
18499.93,100.92,19.0037
18500.93,101.26,19.0037
18501.93,100.8,19.0037
18502.93,101.31,19.0037
18503.93,103.15,19.0038
18504.93,103.05,19.0038
18505.93,112.47,19.0038
18506.93,110.62,19.0038
18507.94,112.97,19.0038
18508.94,101.39,19.0038
18509.94,100.82,19.0038
18510.94,100.61,19.0038
18511.94,103.93,19.0038
18512.94,100.93,19.0039
18513.94,100.91,19.0039
18514.95,101.41,19.0039
18515.95,100.82,19.0039
18516.95,101.27,19.0039
18517.95,100.97,19.0039
18518.95,102.35,19.0041
18519.95,104.93,19.0041
18520.95,103.36,19.0041
18521.96,101.02,19.0041
18522.96,148.06,19.0053
18523.96,101.75,19.0053
18524.96,100.49,19.0053
18525.96,106.63,19.0053
18526.96,100.49,19.0053
18527.96,102.16,19.0055
18528.97,106.82,19.0053
18529.97,100.93,19.0053
18530.97,101.06,19.0053
18531.97,100.52,19.0053
18532.97,101.11,19.0054
18533.97,103.08,19.0054
18534.98,210.0,19.0056
18535.98,399.6,19.1184
18536.98,291.62,19.1184
18537.98,100.98,19.1184
18538.98,101.25,19.1184
18539.98,101.17,19.1184
18540.98,100.67,19.1184
18541.98,100.97,19.1184
18542.99,101.12,19.1184
18543.99,104.09,19.1185
18544.99,100.79,19.1185
18545.99,102.83,19.1185
18546.99,100.8,19.1185
18547.99,101.22,19.1186
18548.99,100.85,19.1186
18550.0,100.96,19.1186
18551.0,102.58,19.1187
18552.0,267.26,19.1191
18553.0,188.9,19.1191
18554.0,109.12,19.1192
18555.0,101.38,19.1191
18556.0,150.23,19.1191
18557.01,183.94,19.1191
18558.01,103.8,19.1191
18559.01,101.27,19.1191
18560.01,101.49,19.119
18561.01,100.47,19.119
18562.01,100.63,19.1192
18563.01,101.11,19.119
18564.02,100.62,19.1192
18565.02,101.02,19.1191
18566.02,100.56,19.1191
18567.02,100.62,19.1192
18568.02,101.03,19.1192
18569.02,100.68,19.1193
18570.02,102.29,19.1192
18571.03,101.19,19.1192
18572.03,100.77,19.1191
18573.03,199.69,19.1237
18574.03,105.84,19.1246
18575.03,100.64,19.1246
18576.03,101.01,19.1246
18577.03,100.6,19.1246
18578.04,100.82,19.1142
18579.04,101.04,19.1142
18580.04,100.59,19.1142
18581.04,112.42,19.1142
18582.04,100.43,19.1142
18583.04,100.52,19.1142
18584.05,101.54,19.1143
18585.05,100.58,19.1143
18586.05,100.54,19.1143
18587.05,100.88,19.1143
18588.05,100.49,19.1143
18589.05,100.92,19.1143
18590.05,100.48,19.1143
18591.06,100.47,19.1143
18592.06,100.98,19.1142
18593.06,100.69,19.1142
18594.06,100.76,19.1142
18595.06,101.06,19.1142
18596.06,100.69,19.1142
18597.07,101.04,19.1142
18598.07,100.58,19.1143
18599.07,100.72,19.1144
18600.07,101.06,19.1144
18601.07,100.62,19.1144
18602.07,100.99,19.1144
18603.07,219.09,19.122
18604.08,400.38,19.1365
18605.08,303.45,19.1391
18606.08,100.6,19.139
18607.08,100.55,19.139
18608.08,101.14,19.139
18609.08,100.62,19.139
18610.08,100.47,19.139
18611.09,101.08,19.1391
18612.09,100.57,19.1391
18613.09,100.57,19.1391
18614.09,102.06,19.1392
18615.09,100.48,19.1392
18616.09,100.41,19.1392
18617.09,100.94,19.1392
18618.1,100.43,19.1392
18619.1,100.87,19.1393
18620.1,100.65,19.1392
18621.1,100.64,19.1393
18622.1,101.01,19.1392
18623.1,100.66,19.1392
18624.1,100.73,19.1391
18625.11,101.06,19.1392
18626.11,100.61,19.1392
18627.11,100.62,19.1392
18628.11,101.08,19.1392
18629.11,100.66,19.1392
18630.11,100.66,19.1392
18631.11,101.08,19.1392
18632.12,100.64,19.1392
18633.12,102.68,19.1392
18634.12,101.13,19.1392
18635.12,100.58,19.1392
18636.12,101.08,19.1392
18637.12,100.64,19.1392
18638.12,100.7,19.1391
18639.13,101.08,19.1392
18640.13,100.64,19.1392
18641.13,100.71,19.1392
18642.13,100.98,19.1393
18643.13,100.69,19.1393
18644.13,100.72,19.1394
18645.13,100.99,19.1393
18646.14,100.59,19.1393
18647.14,100.96,19.1394
18648.14,100.63,19.1393
18649.14,100.67,19.1393
18650.14,101.02,19.1393
18651.14,100.6,19.1393
18652.14,100.6,19.1393
18653.15,101.02,19.1393
18654.15,100.66,19.1394
18655.15,101.04,19.1394
18656.15,100.66,19.1394
18657.15,100.63,19.1394
18658.15,101.05,19.1394
18659.16,100.66,19.1394
18660.16,100.65,19.1394
18661.16,101.04,19.1393
18662.16,100.65,19.1393
18663.16,100.79,19.1394
18664.16,101.07,19.1394
18665.16,100.65,19.1394
18666.16,101.14,19.1394
18667.17,101.05,19.1395
18668.17,100.67,19.1395
18669.17,101.05,19.1394
18670.17,100.45,19.1394
18671.17,100.58,19.1394
18672.17,101.15,19.1394
18673.17,100.73,19.1395
18674.18,100.69,19.1394
18675.18,101.09,19.1394
18676.18,100.62,19.1394
18677.18,100.66,19.1394
18678.18,101.11,19.1394
18679.18,100.7,19.1394
18680.18,100.49,19.1395
18681.19,101.09,19.1395
18682.19,100.66,19.1395
18683.19,100.69,19.1396
18684.19,101.01,19.1396
18685.19,100.44,19.1396
18686.19,100.52,19.1395
18687.19,101.05,19.1395
18688.19,100.51,19.1395
18689.2,100.48,19.1395
18690.2,101.01,19.1395
18691.2,100.73,19.1397
18692.2,100.72,19.1395
18693.2,101.14,19.1395
18694.2,100.72,19.1397
18695.2,100.67,19.1397
18696.21,101.06,19.1397
18697.21,100.69,19.1397
18698.21,100.51,19.1397
18699.21,100.89,19.1397
18700.21,100.46,19.1397
18701.21,104.54,19.1397
18702.21,100.57,19.1397
18703.22,100.76,19.1398
18704.22,101.04,19.1398
18705.22,100.5,19.1396
18706.22,100.65,19.1396
18707.22,102.44,19.1396
18708.22,100.62,19.1396
18709.23,100.9,19.1397
18710.23,100.42,19.1397
18711.23,100.51,19.1397
18712.23,101.04,19.1397
18713.23,100.55,19.1397
18714.23,101.08,19.1397
18715.23,100.38,19.1397
18716.24,100.6,19.1397
18717.24,101.03,19.1397
18718.24,100.69,19.1397
18719.24,100.68,19.1398
18720.24,101.02,19.1398
18721.24,100.65,19.1397
18722.25,101.05,19.1397
18723.25,100.7,19.1397
18724.25,100.7,19.1398
18725.25,101.09,19.1398
18726.25,100.65,19.1398
18727.25,100.65,19.1398
18728.25,101.11,19.1396
18729.25,100.66,19.1398
18730.26,100.64,19.1398
18731.26,101.15,19.1398
18732.26,100.63,19.1398
18733.26,100.61,19.1398
18734.26,100.88,19.1399
18735.26,100.45,19.1398
18736.26,100.43,19.1398
18737.27,101.0,19.1398
18738.27,100.62,19.1398
18739.27,101.0,19.1399
18740.27,100.63,19.1399
18741.27,100.45,19.1399
18742.27,100.98,19.1399
18743.28,100.75,19.14
18744.28,100.97,19.14
18745.28,100.45,19.14
18746.28,100.44,19.14
18747.28,100.96,19.1399
18748.28,100.49,19.1399
18749.28,100.69,19.1399
18750.29,101.06,19.1399
18751.29,100.72,19.14
18752.29,100.66,19.14
18753.29,101.19,19.14
18754.29,100.72,19.1401
18755.29,100.61,19.1401
18756.29,100.91,19.1399
18757.3,100.53,19.1399
18758.3,100.9,19.1399
18759.3,100.6,19.1401
18760.3,100.52,19.1401
18761.3,100.87,19.1402
18762.3,100.51,19.1401
18763.3,100.58,19.1401
18764.31,100.96,19.1401
18765.31,100.59,19.14
18766.31,100.61,19.14
18767.31,101.04,19.14
18768.31,100.66,19.14
18769.31,101.08,19.14
18770.31,100.62,19.14
18771.32,100.61,19.14
18772.32,101.05,19.14
18773.32,100.84,19.1402
18774.32,101.8,19.1402
18775.32,288.48,19.1468
18776.32,399.29,19.1476
18777.32,246.36,19.1476
18778.33,158.13,19.1517
18779.33,157.93,19.158
18780.33,100.58,19.158
18781.33,101.01,19.1581
18782.33,100.64,19.158
18783.33,101.24,19.1477
18784.33,100.48,19.1477
18785.34,100.66,19.1476
18786.34,101.05,19.1476
18787.34,100.61,19.1476
18788.34,106.97,19.1476
18789.34,101.05,19.1476
18790.34,100.6,19.1476
18791.35,101.06,19.1476
18792.35,100.63,19.1476
18793.35,100.75,19.1476
18794.35,101.09,19.1477
18795.35,100.49,19.1477
18796.35,100.86,19.1479
18797.35,100.46,19.1479
18798.36,100.47,19.1477
18799.36,100.94,19.1477
18800.36,100.57,19.1477
18801.36,100.57,19.1477
18802.36,101.01,19.1477
18803.36,100.73,19.1479
18804.37,100.91,19.1478
18805.37,100.38,19.1478
18806.37,100.44,19.1477
18807.37,101.04,19.1477
18808.37,100.64,19.1477
18809.37,101.07,19.1477
18810.37,100.61,19.1477
18811.38,100.44,19.1477
18812.38,100.89,19.1477
18813.38,100.51,19.1479
18814.38,100.46,19.1479
18815.38,101.05,19.1479
18816.38,100.65,19.1479
18817.38,100.66,19.1479
18818.39,101.05,19.1479
18819.39,100.65,19.1479
18820.39,101.03,19.1479
18821.39,100.62,19.1479
18822.39,100.64,19.1478
18823.39,101.16,19.1479
18824.39,100.67,19.1478
18825.4,100.64,19.1479
18826.4,100.9,19.1479
18827.4,100.5,19.1479
18828.4,100.63,19.1479
18829.4,101.05,19.1479
18830.4,100.62,19.1479
18831.4,100.66,19.1479
18832.41,101.05,19.148
18833.41,100.71,19.1481
18834.41,101.11,19.1481
18835.41,100.65,19.1481
18836.41,100.63,19.148
18837.41,101.55,19.148
18838.41,100.46,19.148
18839.42,100.55,19.1479
18840.42,101.01,19.1479
18841.42,100.64,19.1479
18842.42,100.68,19.1479
18843.42,101.14,19.148
18844.42,100.68,19.148
18845.43,101.03,19.148
18846.43,100.63,19.1479
18847.43,100.66,19.148
18848.43,101.09,19.148
18849.43,100.73,19.148
18850.43,101.1,19.148
18851.43,100.7,19.1481
18852.44,100.67,19.1481
18853.44,101.11,19.1481
18854.44,100.53,19.1482
18855.44,100.68,19.1482
18856.44,101.11,19.1482
18857.44,100.7,19.1482
18858.44,101.0,19.1482
18859.45,100.63,19.1482
18860.45,100.66,19.1482
18861.45,101.06,19.1481
18862.45,100.67,19.1482
18863.45,100.73,19.1482
18864.45,101.07,19.1481
18865.46,100.63,19.1481
18866.46,101.05,19.1481
18867.46,100.63,19.1481
18868.46,100.62,19.1481
18869.46,101.0,19.1482
18870.46,100.52,19.1481
18871.46,100.62,19.1481
18872.47,101.1,19.1481
18873.47,100.7,19.1482
18874.47,100.63,19.1482
18875.47,101.03,19.1481
18876.47,100.64,19.1481
18877.47,100.54,19.1481
18878.47,101.06,19.1481
18879.48,100.54,19.1482
18880.48,101.03,19.1482
18881.48,100.65,19.1482
18882.48,100.41,19.1482
18883.48,101.07,19.1484
18884.48,100.66,19.1483
18885.48,100.65,19.1482
18886.49,101.08,19.1482
18887.49,100.65,19.1482
18888.49,100.46,19.1482
18889.49,101.12,19.1482
18890.49,100.66,19.1482
18891.49,100.67,19.1484
18892.49,101.05,19.1482
18893.5,100.55,19.1484
18894.5,100.58,19.1484
18895.5,101.03,19.1484
18896.5,100.74,19.1484
18897.5,100.69,19.1484
18898.5,101.06,19.1485
18899.5,100.69,19.1485
18900.51,101.04,19.1483
18901.51,100.65,19.1483
18902.51,100.69,19.1483
18903.51,101.12,19.1484
18904.51,100.64,19.1483
18905.51,100.67,19.1484
18906.51,140.03,19.1484
18907.52,399.65,19.1486
18908.52,370.49,19.1493
18909.52,100.63,19.1494
18910.52,100.64,19.1494
18911.52,101.08,19.1494
18912.52,100.7,19.1493
18913.52,100.73,19.1494
18914.53,101.06,19.1493
18915.53,100.61,19.1493
18916.53,100.88,19.1493
18917.53,100.62,19.1492
18918.53,100.65,19.1492
18919.53,101.11,19.1494
18920.53,100.58,19.1494
18921.54,100.6,19.1493
18922.54,101.07,19.1492
18923.54,100.69,19.1492
18924.54,100.64,19.1493
18925.54,101.09,19.1493
18926.54,100.62,19.1493
18927.54,100.65,19.1493
18928.55,100.96,19.1493
18929.55,100.69,19.1494
18930.55,100.6,19.1493
18931.55,101.05,19.1493
18932.55,100.65,19.1493
18933.55,100.68,19.1494
18934.55,101.08,19.1493
18935.56,100.64,19.1496
18936.56,101.06,19.1494
18937.56,100.68,19.1493
18938.56,100.69,19.1493
18939.56,101.09,19.1494
18940.56,100.64,19.1493
18941.57,101.08,19.1493
18942.57,100.56,19.1493
18943.57,100.54,19.1495
18944.57,100.94,19.1494
18945.57,100.63,19.1494
18946.57,100.61,19.1494
18947.57,101.04,19.1494
18948.58,100.74,19.1495
18949.58,100.98,19.1494
18950.58,100.55,19.1494
18951.58,100.65,19.1495
18952.58,100.77,19.1495
18953.58,101.12,19.1497
18954.58,100.62,19.1496
18955.59,101.04,19.1494
18956.59,100.63,19.1496
18957.59,100.53,19.1494
18958.59,101.07,19.1496
18959.59,100.64,19.1496
18960.59,100.57,19.1495
18961.59,100.9,19.1495
18962.59,100.61,19.1495
18963.6,100.74,19.1496
18964.6,101.05,19.1496
18965.6,100.61,19.1496
18966.6,100.59,19.1495
18967.6,101.09,19.1495
18968.6,100.7,19.1496
18969.6,100.65,19.1496
18970.61,101.02,19.1496
18971.61,100.66,19.1497
18972.61,100.67,19.1497
18973.61,101.09,19.1497
18974.61,100.6,19.1497
18975.61,101.04,19.1497
18976.61,100.61,19.1496
18977.62,100.65,19.1496
18978.62,101.16,19.1497
18979.62,100.66,19.1497
18980.62,100.63,19.1497
18981.62,101.11,19.1497
18982.62,100.65,19.1497
18983.62,100.72,19.1498
18984.63,101.12,19.1498
18985.63,100.58,19.1498
18986.63,100.61,19.1498
18987.63,252.72,19.5283
18988.63,399.5,19.8486
18989.63,218.51,19.8486
18990.63,101.08,19.8484
18991.63,100.65,19.8484
18992.64,100.7,19.8485
18993.64,101.14,19.8486
18994.64,100.75,19.8485
18995.64,100.62,19.8485
18996.64,101.02,19.8485
18997.64,100.6,19.8485
18998.64,100.64,19.8486
18999.65,101.01,19.8486
19000.65,100.53,19.8486
19001.65,100.66,19.8486
19002.65,101.03,19.8485
19003.65,100.71,19.8487
19004.65,101.08,19.8487
19005.65,100.67,19.8487
19006.66,100.67,19.8487
19007.66,101.16,19.8487
19008.66,100.66,19.8487
19009.66,100.64,19.8487
19010.66,101.11,19.8487
19011.66,100.62,19.8487
19012.66,100.63,19.8487
19013.67,101.14,19.8487
19014.67,100.63,19.8487
19015.67,100.7,19.8487
19016.67,101.06,19.8487
19017.67,100.68,19.8487
19018.67,101.14,19.8487
19019.67,100.68,19.8487
19020.68,100.55,19.8487
19021.68,100.83,19.8487
19022.68,100.61,19.8488
19023.68,100.72,19.8488
19024.68,100.52,19.8487
19025.68,100.82,19.8487
19026.68,100.46,19.8487
19027.69,100.98,19.8487
19028.69,100.67,19.8488
19029.69,100.64,19.8488
19030.69,101.1,19.8488
19031.69,100.62,19.8488
19032.69,100.56,19.8488
19033.69,100.98,19.8488
19034.69,100.67,19.8487
19035.7,100.64,19.8487
19036.7,101.02,19.8487
19037.7,100.63,19.8487
19038.7,100.59,19.8487
19039.7,101.04,19.8488
19040.7,100.6,19.8488
19041.71,100.95,19.8488
19042.71,100.45,19.8488
19043.71,100.54,19.8489
19044.71,100.84,19.8489
19045.71,100.48,19.8489
19046.71,100.58,19.8489
19047.71,101.0,19.8489
19048.72,100.53,19.8488
19049.72,100.57,19.8488
19050.72,100.96,19.8488
19051.72,100.6,19.8488
19052.72,101.07,19.8488
19053.72,100.79,19.8489
19054.72,100.64,19.8489
19055.73,101.03,19.8489
19056.73,100.69,19.8488
19057.73,100.67,19.8488
19058.73,101.06,19.8488
19059.73,100.57,19.8489
19060.73,100.67,19.8489
19061.73,101.18,19.8489
19062.73,100.61,19.8489
19063.74,100.63,19.849
19064.74,101.08,19.8491
19065.74,100.65,19.8491
19066.74,100.67,19.8489
19067.74,101.07,19.8489
19068.74,100.53,19.8489
19069.75,100.89,19.8489
19070.75,100.62,19.8489
19071.75,100.65,19.8489
19072.75,191.75,19.9732
19073.75,100.78,19.9733
19074.75,101.15,19.9732
19075.75,100.65,19.9732
19076.76,100.62,19.9733
19077.76,101.04,19.9732
19078.76,100.68,19.9732
19079.76,100.66,19.9733
19080.76,101.05,19.9733
19081.76,100.63,19.9732
19082.77,101.05,19.9732
19083.77,100.71,19.9732
19084.77,100.65,19.9732
19085.77,101.03,19.9732
19086.77,100.68,19.9732
19087.77,100.77,19.9733
19088.77,101.06,19.9734
19089.78,100.69,19.9734
19090.78,101.1,19.9734
19091.78,100.64,19.9734
19092.78,100.49,19.9734
19093.78,100.94,19.9734
19094.78,100.46,19.9734
19095.78,100.47,19.9736
19096.79,100.87,19.9733
19097.79,100.49,19.9733
19098.79,100.92,19.9733
19099.79,100.47,19.9733
19100.79,100.47,19.9733
19101.79,100.92,19.9734
19102.79,100.51,19.9733
19103.8,100.75,19.9734
19104.8,101.08,19.9735
19105.8,100.67,19.9735
19106.8,100.61,19.9735
19107.8,101.12,19.9735
19108.8,100.7,19.9735
19109.8,100.64,19.9735
19110.81,101.03,19.9735
19111.81,100.65,19.9735
19112.81,100.96,19.9735
19113.81,100.71,19.9735
19114.81,100.65,19.9735
19115.81,101.02,19.9735
19116.82,100.62,19.9735
19117.82,100.72,19.9735
19118.82,101.09,19.9734
19119.82,100.66,19.9734
19120.82,100.67,19.9735
19121.82,101.02,19.9735
19122.82,100.64,19.9735
19123.82,100.72,19.9735
19124.83,101.0,19.9735
19125.83,100.66,19.9735
19126.83,101.04,19.9735
19127.83,100.66,19.9735
19128.83,100.7,19.9735
19129.83,100.95,19.9735
19130.84,100.63,19.9735
19131.84,100.63,19.9735
19132.84,101.07,19.9737
19133.84,100.64,19.9735
19134.84,101.05,19.9735
19135.84,100.67,19.9736
19136.84,100.62,19.9736
19137.85,101.06,19.9736
19138.85,100.69,19.9736
19139.85,101.06,19.9737
19140.85,100.65,19.9736
19141.85,100.65,19.9736
19142.85,101.15,19.9737
19143.85,100.76,19.9737
19144.86,100.69,19.9736
19145.86,101.07,19.9736
19146.86,100.65,19.9737
19147.86,100.67,19.9736
19148.86,101.1,19.9738
19149.86,100.63,19.9737
19150.86,100.7,19.9737
19151.87,101.07,19.9737
19152.87,100.68,19.9737
19153.87,100.72,19.9738
19154.87,101.08,19.9738
19155.87,100.65,19.9738
19156.87,101.06,19.9738
19157.87,100.64,19.9738
19158.88,100.64,19.9738
19159.88,101.05,19.9738
19160.88,100.63,19.9738
19161.88,101.09,19.9737
19162.88,100.67,19.9737
19163.88,100.78,19.9737
19164.89,101.07,19.9737
19165.89,100.66,19.9737
19166.89,100.67,19.9737
19167.89,101.06,19.9737
19168.89,100.51,19.9738
19169.89,101.03,19.9737
19170.89,133.05,19.9742
19171.9,100.49,19.9742
19172.9,100.9,19.9742
19173.9,100.58,19.9742
19174.9,100.65,19.9742
19175.9,101.11,19.9742
19176.9,100.72,19.9742
19177.91,101.12,19.9741
19178.91,100.77,19.9741
19179.91,100.72,19.9741
19180.91,101.14,19.9741
19181.91,100.69,19.9741
19182.91,100.69,19.9741
19183.91,101.12,19.9742
19184.92,100.65,19.9742
19185.92,100.68,19.9741
19186.92,101.02,19.9741
19187.92,100.64,19.9743
19188.92,100.67,19.9742
19189.92,101.06,19.9742
19190.92,100.74,19.9743
19191.93,101.02,19.9743
19192.93,100.66,19.9743
19193.93,100.78,19.9743
19194.93,100.98,19.9742
19195.93,100.52,19.9742
19196.93,100.45,19.9742
19197.93,100.59,19.9741
19198.93,101.07,19.9743
19199.94,100.64,19.9743
19200.94,101.08,19.9741
19201.94,100.64,19.9741
19202.94,100.63,19.9743
19203.94,100.72,19.9742
19204.94,101.08,19.9742
19205.94,100.73,19.9743
19206.94,100.51,19.9743
19207.95,100.89,19.9742
19208.95,100.64,19.9742
19209.95,101.01,19.9742
19210.95,100.73,19.9742
19211.95,100.57,19.9742
19212.95,106.36,19.9744
19213.95,100.68,19.9744
19214.96,100.6,19.9743
19215.96,100.88,19.9743
19216.96,100.46,19.9743
19217.96,100.5,19.9743
19218.96,100.95,19.9743
19219.96,100.57,19.9744
19220.96,100.63,19.9743
19221.97,101.05,19.9743
19222.97,100.63,19.9743
19223.97,101.09,19.9743
19224.97,100.7,19.9743
19225.97,100.65,19.9743
19226.97,101.06,19.9743
19227.98,100.66,19.9743
19228.98,100.67,19.9744
19229.98,101.07,19.9744
19230.98,100.63,19.9743
19231.98,101.03,19.9743
19232.98,100.63,19.9743
19233.98,100.61,19.9743
19234.99,100.91,19.9745
19235.99,100.43,19.9744
19236.99,100.44,19.9744
19237.99,100.9,19.9744
19238.99,100.66,19.9745
19239.99,100.65,19.9744
19240.99,101.0,19.9744
19242.0,100.48,19.9745
19243.0,101.03,19.9744
19244.0,110.03,19.9744
19245.0,123.34,19.9748
19246.0,100.47,19.9748
19247.0,101.14,19.9748
19248.0,100.67,19.9748
19249.0,100.53,19.9749
19250.01,100.87,19.9748
19251.01,100.53,19.9748
19252.01,100.62,19.9748
19253.01,101.13,19.9748
19254.01,100.79,19.9749
19255.01,101.09,19.9751
19256.01,100.66,19.9749
19257.02,100.66,19.9749
19258.02,100.91,19.9748
19259.02,100.55,19.9749
19260.02,100.61,19.9749
19261.02,100.91,19.9749
19262.02,100.57,19.9749
19263.03,100.95,19.9749
19264.03,100.66,19.975
19265.03,100.67,19.975
19266.03,101.07,19.9749
19267.03,100.63,19.9749
19268.03,100.64,19.9749
19269.03,101.03,19.9749
19270.03,100.56,19.9749
19271.04,100.68,19.9749
19272.04,100.99,19.9749
19273.04,100.71,19.9749
19274.04,100.73,19.9751
19275.04,101.08,19.9751
19276.04,100.7,19.9751
19277.05,101.07,19.9751
19278.05,100.62,19.9751
19279.05,100.7,19.9751
19280.05,101.02,19.9751
19281.05,100.55,19.9751
19282.05,101.05,19.9751
19283.05,100.65,19.975
19284.06,100.77,19.9751
19285.06,101.08,19.975
19286.06,100.73,19.9752
19287.06,100.67,19.9752
19288.06,101.05,19.9752
19289.06,100.79,19.9753
19290.06,100.64,19.9751
19291.07,101.08,19.9751
19292.07,100.67,19.9751
19293.07,100.71,19.9751
19294.07,101.12,19.9751
19295.07,100.7,19.9751
19296.07,101.06,19.9751
19297.07,100.78,19.9752
19298.08,100.69,19.9752
19299.08,101.09,19.9752
19300.08,100.61,19.9752
19301.08,100.68,19.9752
19302.08,101.06,19.9752
19303.08,100.69,19.9753
19304.08,100.72,19.9754
19305.09,100.98,19.9754
19306.09,100.39,19.9752
19307.09,101.07,19.9752
19308.09,100.4,19.9753
19309.09,100.49,19.9753
19310.09,100.95,19.9753
19311.09,100.55,19.9753
19312.1,100.47,19.9752
19313.1,100.84,19.9752
19314.1,100.5,19.9752
19315.1,100.53,19.9753
19316.1,101.07,19.9753
19317.1,100.71,19.9753
19318.11,101.09,19.9753
19319.11,132.61,19.9761
19320.11,100.64,19.976
19321.11,101.02,19.976
19322.11,100.63,19.976
19323.11,101.04,19.976
19324.11,100.77,19.9759
19325.12,100.64,19.9759
19326.12,101.0,19.9759
19327.12,100.62,19.9759
19328.12,100.6,19.9759
19329.12,101.17,19.9759
19330.12,100.66,19.976
19331.12,100.73,19.9762
19332.12,100.44,19.9762
19333.13,100.95,19.9762
19334.13,100.69,19.9761
19335.13,101.08,19.9762
19336.13,100.49,19.9762
19337.13,100.49,19.9762
19338.13,100.94,19.9761
19339.13,100.69,19.9761
19340.14,100.65,19.9761
19341.14,101.01,19.9761
19342.14,100.55,19.9761
19343.14,100.53,19.9761
19344.14,100.97,19.9761
19345.14,100.46,19.9761
19346.14,100.89,19.9761
19347.15,100.49,19.9761
19348.15,100.46,19.9761
19349.15,101.1,19.9762
19350.15,100.61,19.9762
19351.15,100.6,19.9762
19352.15,100.99,19.9762
19353.16,100.65,19.9762
19354.16,102.41,19.9762
19355.16,101.0,19.9762
19356.16,100.49,19.9762
19357.16,100.98,19.9762
19358.16,100.66,19.9762
19359.16,100.65,19.9762
19360.17,101.02,19.9762
19361.17,100.66,19.9762
19362.17,100.64,19.9762
19363.17,101.18,19.9763
19364.17,100.67,19.9762
19365.17,100.85,19.9762
19366.18,100.46,19.9762
19367.18,100.64,19.9763
19368.18,100.96,19.9762
19369.18,100.68,19.9763
19370.18,101.01,19.9762
19371.18,100.45,19.9762
19372.18,100.58,19.9762
19373.19,101.12,19.9764
19374.19,100.55,19.9763
19375.19,100.54,19.9763
19376.19,101.04,19.9763
19377.19,100.64,19.9763
19378.19,100.96,19.9763
19379.19,100.47,19.9764
19380.2,100.45,19.9764
19381.2,100.98,19.9763
19382.2,100.57,19.9763
19383.2,101.02,19.9763
19384.2,100.51,19.9764
19385.2,100.45,19.9764
19386.21,100.97,19.9763
19387.21,123.17,19.9765
19388.21,110.16,19.9767
19389.21,101.1,19.9767
19390.21,100.66,19.9767
19391.21,101.08,19.9766
19392.21,100.65,19.9766
19393.22,100.73,19.9765
19394.22,101.04,19.9766
19395.22,100.61,19.9766
19396.22,102.0,19.9766
19397.22,101.06,19.9767
19398.22,101.01,19.9766
19399.22,100.94,19.9767
19400.23,100.99,19.9767
19401.23,100.64,19.9767
19402.23,101.03,19.9767
19403.23,100.55,19.9767
19404.23,100.54,19.9767
19405.23,101.07,19.9767
19406.24,100.62,19.9767
19407.24,100.67,19.9767
19408.24,101.05,19.9768
19409.24,100.69,19.9768
19410.24,101.01,19.9768
19411.24,100.65,19.9765
19412.24,100.67,19.9765
19413.25,101.13,19.9768
19414.25,101.35,19.9767
19415.25,100.6,19.9768
19416.25,100.99,19.9768
19417.25,100.62,19.9767
19418.25,100.63,19.9768
19419.25,101.11,19.9767
19420.26,100.65,19.9767
19421.26,101.08,19.9767
19422.26,100.6,19.9767
19423.26,100.75,19.9767
19424.26,101.12,19.9767
19425.26,100.65,19.9768
19426.26,100.62,19.9767
19427.27,100.92,19.9767
19428.27,100.64,19.9767
19429.27,101.09,19.9767
19430.27,100.64,19.9767
19431.27,100.65,19.9769
19432.27,101.08,19.977
19433.28,100.77,19.977
19434.28,100.63,19.977
19435.28,100.83,19.977
19436.28,100.41,19.977
19437.28,100.48,19.9769
19438.28,100.86,19.9769
19439.28,100.53,19.9769
19440.29,101.08,19.9768
19441.29,100.68,19.9768
19442.29,100.64,19.9768
19443.29,101.17,19.9768
19444.29,100.62,19.977
19445.29,100.69,19.977
19446.29,100.85,19.9769
19447.29,100.6,19.977
19448.3,100.66,19.9769
19449.3,101.03,19.9769
19450.3,100.63,19.9769
19451.3,100.68,19.9769
19452.3,101.04,19.9769
19453.3,100.72,19.9769
19454.31,101.06,19.9771
19455.31,100.62,19.9771
19456.31,100.64,19.9769
19457.31,100.95,19.9769
19458.31,100.52,19.9769
19459.31,100.68,19.977
19460.31,100.9,19.977
19461.32,100.58,19.9771
19462.32,100.89,19.9772
19463.32,100.56,19.9772
19464.32,133.52,19.9775
19465.32,101.05,19.9775
19466.32,100.63,19.9774
19467.32,100.66,19.9774
19468.33,101.04,19.9774
19469.33,100.71,19.9775
19470.33,101.0,19.9774
19471.33,100.65,19.9774
19472.33,100.65,19.9774
19473.33,101.15,19.9774
19474.34,100.67,19.9775
19475.34,101.03,19.9774
19476.34,100.63,19.9774
19477.34,100.66,19.9774
19478.34,101.02,19.9774
19479.34,100.69,19.9775
19480.34,100.54,19.9775
19481.35,101.1,19.9774
19482.35,100.73,19.9774
19483.35,100.76,19.9775
19484.35,101.13,19.9775
19485.35,100.64,19.9774
19486.35,101.07,19.9774
19487.35,100.69,19.9774
19488.36,100.66,19.9774
19489.36,101.09,19.9774
19490.36,100.61,19.9774
19491.36,101.04,19.9774
19492.36,100.62,19.9774
19493.36,100.69,19.9775
19494.37,101.13,19.9775
19495.37,100.67,19.9774
19496.37,100.68,19.9774
19497.37,101.08,19.9774
19498.37,100.67,19.9774
19499.37,101.06,19.9774
19500.37,100.62,19.9774
19501.38,100.57,19.9775
19502.38,100.62,19.9774
19503.38,100.95,19.9775
19504.38,100.6,19.9775
19505.38,101.03,19.9774
19506.38,100.63,19.9774
19507.38,100.66,19.9774
19508.39,101.05,19.9774
19509.39,100.7,19.9774
19510.39,100.66,19.9774
19511.39,101.09,19.9774
19512.39,100.64,19.9774
19513.39,101.06,19.9775
19514.39,100.65,19.9774
19515.4,100.64,19.9774
19516.4,101.04,19.9774
19517.4,100.64,19.9774
19518.4,100.61,19.9774
19519.4,100.91,19.9774
19520.4,100.47,19.9774
19521.4,100.5,19.9774
19522.41,100.87,19.9774
19523.41,100.53,19.9774
19524.41,100.91,19.9774
19525.41,100.51,19.9774
19526.41,100.62,19.9774
19527.41,101.05,19.9775
19528.42,100.62,19.9774
19529.42,100.92,19.9774
19530.42,100.58,19.9774
19531.42,100.65,19.9774
19532.42,101.02,19.9774
19533.42,100.67,19.9774
19534.42,100.5,19.9774
19535.43,100.87,19.9774
19536.43,100.48,19.9774
19537.43,101.05,19.9774
19538.43,100.65,19.9774
19539.43,100.69,19.9773
19540.43,101.1,19.9773
19541.43,100.66,19.9773
19542.44,100.62,19.9774
19543.44,101.18,19.9775
19544.44,100.7,19.9775
19545.44,100.6,19.9773
19546.44,101.05,19.9773
19547.44,100.65,19.9773
19548.44,100.67,19.9773
19549.45,101.13,19.9775
19550.45,100.64,19.9775
19551.45,100.62,19.9775
19552.45,101.08,19.9775
19553.45,133.23,19.9781
19554.45,100.69,19.9781
19555.45,100.73,19.978
19556.45,101.12,19.9781
19557.46,100.62,19.978
19558.46,100.65,19.978
19559.46,101.1,19.9781
19560.46,100.63,19.9781
19561.46,101.05,19.978
19562.46,100.66,19.978
19563.46,100.72,19.9781
19564.47,101.13,19.9781
19565.47,100.64,19.9781
19566.47,100.63,19.978
19567.47,101.12,19.978
19568.47,100.68,19.978
19569.47,100.68,19.9781
19570.47,100.95,19.978
19571.48,100.5,19.9781
19572.48,100.54,19.978
19573.48,101.11,19.9781
19574.48,100.65,19.978
19575.48,100.98,19.978
19576.48,100.62,19.978
19577.48,100.61,19.978
19578.49,101.09,19.978
19579.49,100.51,19.978
19580.49,100.68,19.978
19581.49,100.92,19.978
19582.49,100.61,19.978
19583.49,100.68,19.9781
19584.49,101.08,19.978
19585.49,100.55,19.978
19586.5,100.61,19.978
19587.5,101.03,19.978
19588.5,100.62,19.978
19589.5,100.55,19.978
19590.5,100.91,19.978
19591.5,100.6,19.978
19592.51,100.91,19.978
19593.51,100.66,19.978
19594.51,100.62,19.978
19595.51,101.02,19.978
19596.51,100.68,19.978
19597.51,100.79,19.978
19598.51,100.7,19.978
19599.51,100.89,19.978
19600.52,100.56,19.9781
19601.52,101.05,19.9781
19602.52,100.51,19.9781
19603.52,100.55,19.9782
19604.52,100.96,19.9781
19605.52,100.45,19.9781
19606.52,100.58,19.9781
19607.53,101.17,19.9781
19608.53,100.71,19.9781
19609.53,100.71,19.978
19610.53,100.97,19.978
19611.53,100.57,19.978
19612.53,100.59,19.978
19613.53,101.05,19.978
19614.54,100.61,19.978
19615.54,100.58,19.978
19616.54,100.98,19.978
19617.54,100.58,19.978
19618.54,101.04,19.978
19619.54,100.72,19.978
19620.54,100.53,19.978
19621.55,100.93,19.978
19622.55,100.55,19.9781
19623.55,101.74,19.9783
19624.55,101.08,19.9781
19625.55,100.69,19.9781
19626.55,100.92,19.978
19627.55,100.47,19.978
19628.56,100.58,19.978
19629.56,100.97,19.9781
19630.56,100.56,19.978
19631.56,101.05,19.978
19632.56,197.96,13.7696
19633.56,355.1,9.3814
19634.57,300.73,9.7376
19635.57,343.13,9.865
19636.57,354.72,10.1168
19637.57,333.17,10.4774
19638.57,316.88,10.8289
19639.57,312.43,11.1464
19640.57,306.07,11.3856
19641.57,313.18,11.591
19642.58,303.41,11.8393
19643.58,310.57,12.0767
19644.58,253.45,12.7776
19645.58,157.95,13.6738
19646.58,285.96,14.9399
19647.58,399.7,15.6863
19648.58,233.15,16.0275
19649.58,100.74,16.1277
19650.59,207.85,16.1327
19651.59,316.21,16.1336
19652.59,304.47,16.139
19653.59,317.59,16.1393
19654.59,250.33,16.1393
19655.59,253.13,16.1401
19656.6,138.9,16.1401
19657.6,206.03,16.1401
19658.6,232.09,16.1403
19659.6,157.58,16.1404
19660.6,153.05,16.1404
19661.6,115.09,16.1404
19662.6,122.96,16.1275
19663.6,378.06,17.1319
19664.61,400.51,17.7889
19665.61,399.68,18.4375
19666.61,383.73,18.9091
19667.61,125.61,19.0074
19668.61,125.15,19.0074
19669.61,145.13,19.0074
19670.61,101.49,19.0074
19671.62,107.5,19.0074
19672.62,113.91,19.0074
19673.62,105.76,19.0074
19674.62,112.15,19.0074
19675.62,105.04,19.0074
19676.62,153.56,19.0074
19677.62,118.49,19.0074
19678.63,104.51,19.0074
19679.63,100.73,19.0074
19680.63,101.38,19.0074
19681.63,118.44,19.0075
19682.63,151.67,19.0075
19683.63,111.71,19.0075
19684.63,154.02,19.0078
19685.63,101.42,19.0078
19686.64,101.2,19.0078
19687.64,138.7,19.0078
19688.64,101.16,19.0077
19689.64,103.24,19.0077
19690.64,102.91,19.0077
19691.64,147.49,19.0076
19692.64,101.41,19.0077
19693.65,105.08,19.0076
19694.65,101.07,19.0078
19695.65,100.85,19.0078
19696.65,102.05,19.0077
19697.65,102.24,19.0077
19698.65,124.21,19.0077
19699.65,104.08,19.0077
19700.66,100.78,19.0077
19701.66,104.61,19.0076
19702.66,108.78,19.0077
19703.66,100.8,19.0077
19704.66,101.19,19.0077
19705.66,100.8,19.0077
19706.66,101.2,19.0077
19707.67,100.72,19.0076
19708.67,100.71,19.0077
19709.67,101.46,19.0077
19710.67,100.75,19.0077
19711.67,100.97,19.0077
19712.67,101.19,19.0077
19713.68,100.92,19.0077
19714.68,101.61,19.0077
19715.68,100.76,19.0077
19716.68,106.66,19.0078
19717.68,102.56,19.0078
19718.68,107.23,19.0078
19719.68,155.85,19.0078
19720.69,101.14,19.0078
19721.69,103.26,19.0077
19722.69,104.24,19.0077
19723.69,101.17,19.0077
19724.69,102.99,19.0077
19725.69,101.14,19.0077
19726.69,101.06,19.0077
19727.7,100.73,19.0077
19728.7,293.06,19.0128
19729.7,399.18,19.1169
19730.7,260.54,19.1169
19731.7,101.38,19.1169
19732.7,102.7,19.1168
19733.7,101.17,19.1168
19734.71,103.45,19.1168
19735.71,101.25,19.1169
19736.71,100.73,19.1169
19737.71,101.47,19.1168
19738.71,100.79,19.1169
19739.71,100.94,19.1169
19740.72,124.07,19.1168
19741.72,100.63,19.1168
19742.72,103.87,19.1168
19743.72,100.89,19.117
19744.72,101.12,19.1168
19745.72,100.58,19.117
19746.72,100.75,19.117
19747.73,101.04,19.1168
19748.73,101.07,19.117
19749.73,224.94,19.117
19750.73,232.13,19.1192
19751.73,106.69,19.1192
19752.73,145.53,19.1192
19753.73,163.44,19.1255
19754.74,234.83,19.1255
19755.74,189.59,19.139
19756.74,121.52,19.139
19757.74,100.89,19.139
19758.74,234.04,19.1395
19759.74,399.53,19.1396
19760.74,261.15,19.1597
19761.75,101.11,19.1597
19762.75,100.8,19.1597
19763.75,100.75,19.1597
19764.75,101.04,19.1597
19765.75,100.63,19.1597
19766.75,102.7,19.1596
19767.75,101.05,19.1596
19768.76,100.98,19.1596
19769.76,100.87,19.1596
19770.76,100.45,19.1596
19771.76,100.71,19.1596
19772.76,100.62,19.1596
19773.76,100.98,19.1599
19774.76,100.45,19.1596
19775.77,100.91,19.1596
19776.77,100.62,19.1596
19777.77,100.61,19.1596
19778.77,101.09,19.1598
19779.77,100.65,19.1596
19780.77,100.66,19.1597
19781.77,100.99,19.1597
19782.78,100.48,19.1597
19783.78,101.02,19.1595
19784.78,100.64,19.1597
19785.78,100.61,19.1597
19786.78,100.56,19.1597
19787.78,101.83,19.1597
19788.78,100.65,19.1597
19789.79,255.51,19.1676
19790.79,383.74,19.1684
19791.79,100.64,19.1684
19792.79,101.11,19.1683
19793.79,100.72,19.1686
19794.79,102.1,19.1684
19795.79,100.98,19.1684
19796.79,100.55,19.1684
19797.8,100.61,19.1684
19798.8,101.1,19.1686
19799.8,100.64,19.1684
19800.8,100.45,19.1684
19801.8,174.25,19.176
19802.8,100.92,19.1709
19803.81,101.18,19.171
19804.81,100.74,19.1709
19805.81,100.67,19.1709
19806.81,101.08,19.1709
19807.81,100.69,19.1709
19808.81,100.69,19.1711
19809.81,101.02,19.171
19810.82,100.67,19.1711
19811.82,101.05,19.1709
19812.82,100.47,19.1709
19813.82,100.73,19.171
19814.82,101.15,19.1711
19815.82,100.64,19.171
19816.82,100.64,19.171
19817.83,101.06,19.171
19818.83,100.65,19.1711
19819.83,100.51,19.171
19820.83,101.04,19.171
19821.83,100.58,19.171
19822.83,269.42,19.1783
19823.83,400.1,19.1797
19824.83,219.59,19.1797
19825.84,100.67,19.1797
19826.84,101.05,19.1797
19827.84,100.65,19.1797
19828.84,100.69,19.1795
19829.84,101.01,19.1795
19830.84,100.65,19.1795
19831.85,101.03,19.1797
19832.85,100.6,19.1797
19833.85,100.63,19.1797
19834.85,100.63,19.1797
19835.85,100.87,19.1797
19836.85,100.49,19.1797
19837.85,100.92,19.1797
19838.86,100.5,19.1797
19839.86,100.47,19.1796
19840.86,101.05,19.1796
19841.86,100.72,19.1796
19842.86,100.67,19.1796
19843.86,101.15,19.1797
19844.86,100.69,19.1796
19845.87,101.07,19.1796
19846.87,100.63,19.1796
19847.87,100.53,19.1796
19848.87,101.08,19.1797
19849.87,100.62,19.1794
19850.87,101.03,19.1794
19851.87,146.97,19.3023
19852.88,400.13,19.8749
19853.88,246.45,19.8749
19854.88,100.66,19.8749
19855.88,100.65,19.8749
19856.88,101.14,19.8749
19857.88,100.68,19.8749
19858.88,100.52,19.8749
19859.89,100.92,19.8749
19860.89,100.48,19.8749
19861.89,100.47,19.8749
19862.89,100.88,19.8749
19863.89,100.57,19.8749
19864.89,100.5,19.8749
19865.89,101.1,19.8749
19866.89,100.63,19.8749
19867.9,100.7,19.875
19868.9,101.07,19.8749
19869.9,100.67,19.8749
19870.9,100.7,19.8748
19871.9,101.04,19.8749
19872.9,100.67,19.8749
19873.9,100.72,19.875
19874.91,101.03,19.875
19875.91,100.65,19.8751
19876.91,101.05,19.8751
19877.91,100.68,19.8751
19878.91,100.68,19.875
19879.91,101.04,19.8749
19880.92,100.58,19.8749
19881.92,100.95,19.8749
19882.92,100.63,19.875
19883.92,111.89,19.875
19884.92,169.76,19.9999
19885.92,100.67,19.9999
19886.92,100.54,19.9999
19887.93,101.03,19.9999
19888.93,100.69,20.0
19889.93,101.06,20.0
19890.93,100.54,20.0
19891.93,100.65,20.0
19892.93,101.11,20.0
19893.93,100.68,20.0
19894.94,100.57,20.0
19895.94,100.98,20.0
19896.94,100.58,20.0
19897.94,100.58,20.0
19898.94,101.05,20.0
19899.94,100.63,20.0
19900.95,101.06,20.0
19901.95,100.61,20.0
19902.95,100.53,20.0
19903.95,101.03,20.0
19904.95,100.53,20.0
19905.95,100.57,20.0
19906.95,100.98,20.0
19907.96,100.52,20.0
19908.96,101.02,20.0
19909.96,100.57,20.0
19910.96,100.56,20.0
19911.96,100.84,19.9999
19912.96,100.51,20.0
19913.97,101.02,20.0
19914.97,100.5,20.0
19915.97,100.9,19.9999
19916.97,100.51,19.9999
19917.97,100.55,19.9999
19918.97,101.02,19.9999
19919.98,100.58,20.0
19920.98,101.01,19.9999
19921.98,124.33,19.9999
19922.98,100.63,19.9999
19923.98,101.13,19.9999
19924.98,100.69,19.9999
19925.98,100.58,19.9999
19926.99,101.05,19.9999
19927.99,100.65,19.9999
19928.99,101.1,19.9999
19929.99,100.64,19.9999
19930.99,100.68,19.9999
19931.99,101.07,19.9999
19933.0,100.68,19.9999
19934.0,101.19,19.9999
19935.0,100.64,19.9999
19936.0,100.64,19.9999
19937.0,101.06,19.9999
19938.0,100.68,19.9999
19939.0,100.68,19.9999
19940.01,101.05,19.9999
19941.01,100.66,19.9999
19942.01,101.07,19.9999
19943.01,100.66,19.9999
19944.01,100.77,19.9999
19945.01,101.11,19.9999
19946.01,100.67,19.9999
19947.02,100.65,19.9999
19948.02,101.08,19.9999
19949.02,100.71,20.0
19950.02,100.66,20.0
19951.02,101.02,19.9999
19952.02,100.66,19.9999
19953.03,100.94,19.9999
19954.03,100.57,20.0
19955.03,100.49,19.9999
19956.03,101.16,19.9999
19957.03,100.64,19.9999
19958.03,100.69,19.9999
19959.03,101.09,19.9999
19960.04,132.98,20.0
19961.04,100.7,20.0
19962.04,101.05,20.0
19963.04,100.65,20.0
19964.04,101.17,20.0
19965.04,100.63,20.0
19966.04,100.51,20.0
19967.05,100.82,20.0
19968.05,100.45,20.0
19969.05,100.47,20.0
19970.05,100.98,20.0
19971.05,100.63,20.0
19972.05,101.01,20.0
19973.06,100.64,20.0
19974.06,100.77,20.0
19975.06,101.03,20.0
19976.06,100.64,20.0
19977.06,101.05,20.0
19978.06,100.68,20.0
19979.06,100.7,20.0
19980.07,101.07,20.0
19981.07,100.65,20.0
19982.07,126.39,19.9999
19983.07,101.1,19.9999
19984.07,100.49,19.9999
19985.07,100.71,19.9999
19986.07,101.08,19.9999
19987.08,100.61,19.9999
19988.08,101.1,19.9999
19989.08,100.69,19.9999
19990.08,100.54,19.9999
19991.08,100.9,19.9999
19992.08,100.48,19.9999
19993.08,100.49,19.9999
19994.09,101.02,19.9999
19995.09,100.55,19.9999
19996.09,101.06,19.9999
19997.09,100.65,19.9999
19998.09,100.64,19.9999
19999.09,101.06,19.9999
20000.1,100.62,19.9999
20001.1,100.62,19.9999
20002.1,101.04,19.9999
20003.1,100.64,19.9999
20004.1,101.14,19.9999
20005.1,100.62,19.9999
20006.1,100.63,19.9999
20007.11,101.02,20.0
20008.11,100.74,20.0
20009.11,100.67,20.0
20010.11,101.01,20.0
20011.11,100.59,19.9999
20012.11,121.42,20.0
20013.11,100.99,20.0
20014.12,100.79,19.9999
20015.12,101.08,20.0
20016.12,100.65,20.0
20017.12,100.64,20.0
20018.12,101.05,20.0
20019.12,100.62,19.9999
20020.12,100.67,20.0
20021.13,101.09,20.0
20022.13,100.65,20.0
20023.13,101.07,20.0
20024.13,100.75,20.0
20025.13,101.05,19.9999
20026.14,100.61,20.0
20027.14,100.61,20.0
20028.14,101.05,20.0
20029.14,101.01,19.9999
20030.14,100.65,19.9998
20031.14,100.64,19.9998
20032.15,101.04,19.9998
20033.15,100.65,19.9998
20034.15,100.74,19.9999
20035.15,101.05,19.9999
20036.15,100.64,19.9999
20037.15,100.72,19.9999
20038.15,101.06,19.9999
20039.16,100.67,20.0
20040.16,101.03,19.9999
20041.16,100.64,19.9999
20042.16,100.66,19.9999
20043.16,101.22,19.9998
20044.16,133.19,19.9999
20045.16,100.73,19.9999
20046.17,101.05,19.9999
20047.17,100.65,19.9999
20048.17,100.68,19.9999
20049.17,101.06,19.9999
20050.17,100.64,19.9998
20051.17,100.69,19.9999
20052.17,101.05,19.9999
20053.18,100.73,19.9999
20054.18,101.08,19.9999
20055.18,100.65,19.9999
20056.18,100.65,19.9999
20057.18,101.07,19.9999
20058.18,100.69,19.9999
20059.19,101.08,19.9999
20060.19,100.63,19.9999
20061.19,100.64,19.9999
20062.19,101.05,19.9999
20063.19,100.75,19.9999
20064.19,100.67,19.9999
20065.19,101.05,19.9999
20066.2,100.62,19.9999
20067.2,101.05,19.9999
20068.2,100.52,19.9999
20069.2,100.46,19.9999
20070.2,100.96,19.9999
20071.2,100.65,19.9999
20072.2,100.63,19.9999
20073.21,101.13,19.9999
20074.21,100.67,19.9999
20075.21,100.86,19.9999
20076.21,100.51,19.9999
20077.21,100.51,19.9999
20078.21,100.86,19.9999
20079.22,100.51,19.9999
20080.22,100.64,19.9999
20081.22,100.97,19.9999
20082.22,100.45,19.9999
20083.22,100.92,19.9999
20084.22,133.25,19.9999
20085.22,100.65,19.9999
20086.23,101.05,19.9999
20087.23,100.63,19.9999
20088.23,101.05,19.9999
20089.23,100.64,19.9999
20090.23,100.62,19.9999
20091.23,101.02,19.9999
20092.24,100.62,19.9999
20093.24,100.72,19.9999
20094.24,101.03,19.9999
20095.24,100.64,19.9999
20096.24,101.05,19.9999
20097.24,100.64,19.9999
20098.24,100.66,19.9999
20099.25,101.05,19.9999
20100.25,100.72,19.9999
20101.25,100.62,19.9999
20102.25,101.05,19.9999
20103.25,101.59,19.9999
20104.25,100.66,20.0
20105.25,101.01,19.9999
20106.26,100.63,19.9999
20107.26,101.0,19.9999
20108.26,100.74,20.0
20109.26,100.56,19.9998
20110.26,100.52,20.0
20111.26,101.02,19.9999
20112.26,100.65,19.9999
20113.27,102.57,19.9999
20114.27,100.65,19.9999
20115.27,100.63,19.9999
20116.27,101.07,19.9999
20117.27,100.61,19.9999
20118.27,100.64,20.0
20119.27,101.02,20.0
20120.28,100.64,20.0
20121.28,100.65,19.9998
20122.28,101.04,19.9998
20123.28,104.83,20.0
20124.28,101.1,20.0
20125.28,100.65,20.0
20126.28,100.7,20.0
20127.29,101.05,20.0
20128.29,100.65,20.0
20129.29,100.68,20.0
20130.29,101.07,20.0
20131.29,100.64,20.0
20132.29,100.97,19.9999
20133.29,100.71,19.9999
20134.3,100.65,19.9999
20135.3,100.97,19.9999
20136.3,100.61,19.9999
20137.3,100.6,19.9999
20138.3,100.97,19.9999
20139.3,100.58,19.9999
20140.31,100.87,19.9999
20141.31,100.48,19.9999
20142.31,100.64,19.9999
20143.31,101.16,20.0
20144.31,100.67,19.9999
20145.31,101.11,19.9999
20146.31,100.67,20.0
20147.32,100.5,20.0
20148.32,100.97,19.9999
20149.32,100.56,19.9999
20150.32,100.49,19.9999
20151.32,100.87,20.0
20152.32,100.47,19.9999
20153.32,100.58,19.9999
20154.33,100.97,19.9999
20155.33,100.62,19.9999
20156.33,100.93,19.9999
20157.33,100.49,19.9999
20158.33,100.55,19.9998
20159.33,101.09,19.9998
20160.33,100.63,19.9998
20161.34,100.46,19.9999
20162.34,101.12,19.9999
20163.34,100.71,19.9998
20164.34,100.54,19.9998
20165.34,100.9,19.9998
20166.34,100.46,19.9998
20167.34,100.48,19.9998
20168.35,101.06,19.9999
20169.35,100.66,19.9998
20170.35,100.59,19.9998
20171.35,101.07,19.9998
20172.35,100.57,19.9998
20173.35,100.65,19.9998
20174.35,100.98,19.9998
20175.35,100.49,19.9998
20176.36,100.54,19.9998
20177.36,100.86,19.9998
20178.36,100.47,19.9998
20179.36,100.52,19.9998
20180.36,100.82,19.9998
20181.36,100.49,19.9998
20182.37,100.86,19.9998
20183.37,100.52,19.9999
20184.37,100.54,19.9998
20185.37,101.05,19.9998
20186.37,100.6,19.9998
20187.37,100.7,19.9998
20188.37,100.63,19.9998
20189.37,100.99,19.9998
20190.38,100.53,19.9999
20191.38,100.9,19.9998
20192.38,100.54,19.9999
20193.38,100.57,19.9998
20194.38,100.55,19.9998
20195.38,101.0,19.9998
20196.38,100.62,19.9998
20197.39,101.05,19.9998
20198.39,100.61,19.9998
20199.39,100.73,19.9999
20200.39,101.03,19.9998
20201.39,100.65,19.9998
20202.39,100.64,19.9998
20203.39,101.01,19.9999
20204.4,100.65,19.9999
20205.4,100.54,19.9999
20206.4,100.92,19.9999
20207.4,100.6,19.9999
20208.4,101.04,19.9999
20209.4,100.63,19.9998
20210.4,100.64,19.9998
20211.41,101.05,19.9998
20212.41,100.67,19.9999
20213.41,100.73,19.9998
20214.41,101.07,19.9998
20215.41,100.61,19.9998
20216.41,101.03,19.9998
20217.41,100.62,19.9998
20218.42,100.66,19.9998
20219.42,101.07,19.9998
20220.42,100.64,19.9998
20221.42,100.61,19.9998
20222.42,101.02,19.9998
20223.42,100.71,19.9999
20224.43,101.11,19.9997
20225.43,100.6,19.9998
20226.43,100.66,19.9999
20227.43,101.03,19.9998
20228.43,100.56,19.9998
20229.43,101.01,19.9998
20230.43,100.65,19.9998
20231.44,100.64,19.9998
20232.44,101.01,19.9998
20233.44,100.71,19.9999
20234.44,100.67,20.0
20235.44,101.0,19.9998
20236.44,100.63,19.9998
20237.45,101.05,19.9998
20238.45,100.67,19.9998
20239.45,100.64,19.9998
20240.45,101.11,19.9998
20241.45,100.62,20.0
20242.45,100.57,19.9998
20243.45,101.12,20.0
20244.46,100.64,19.9998
20245.46,100.61,19.9998
20246.46,101.0,19.9998
20247.46,100.62,19.9998
20248.46,133.49,19.9998
20249.46,100.57,19.9998
20250.46,100.5,19.9998
20251.47,100.87,19.9998
20252.47,100.67,19.9998
20253.47,101.13,19.9998
20254.47,100.66,19.9997
20255.47,100.65,19.9997
20256.47,101.06,19.9998
20257.48,100.66,19.9998
20258.48,100.66,19.9997
20259.48,101.19,19.9997
20260.48,100.67,19.9997
20261.48,100.67,19.9997
20262.48,101.04,19.9997
20263.48,100.72,19.9999
20264.48,100.68,19.9999
20265.49,101.06,19.9997
20266.49,100.64,19.9997
20267.49,101.08,19.9997
20268.49,100.67,19.9997
20269.49,100.58,19.9997
20270.49,101.07,19.9998
20271.5,100.62,19.9997
20272.5,100.6,19.9997
20273.5,101.13,19.9997
20274.5,100.69,19.9997
20275.5,101.06,19.9997
20276.5,100.66,19.9997
20277.5,100.56,19.9997
20278.51,100.92,19.9997
20279.51,100.59,19.9997
20280.51,100.61,19.9997
20281.51,101.0,19.9997
20282.51,100.68,19.9997
20283.51,100.61,19.9998
20284.51,101.05,19.9998
20285.52,100.65,19.9997
20286.52,101.0,19.9997
20287.52,100.59,19.9997
20288.52,100.69,19.9998
20289.52,100.99,19.9997
20290.52,100.58,19.9997
20291.53,101.04,19.9998
20292.53,100.67,19.9998
20293.53,100.72,19.9998
20294.53,101.08,19.9998
20295.53,100.64,19.9998
20296.53,100.62,19.9998
20297.53,101.04,19.9998
20298.54,100.64,19.9997
20299.54,101.06,19.9997
20300.54,100.72,19.9998
20301.54,100.63,19.9997
20302.54,100.64,19.9997
20303.54,101.12,19.9998
20304.54,100.64,19.9997
20305.55,101.01,19.9997
20306.55,100.62,19.9997
20307.55,100.51,19.9997
20308.55,100.86,19.9997
20309.55,100.49,19.9997
20310.55,100.85,19.9997
20311.55,100.47,19.9997
20312.56,100.55,19.9997
20313.56,101.12,19.9997
20314.56,100.68,19.9997
20315.56,100.66,19.9997
20316.56,101.02,19.9997
20317.56,100.62,19.9997
20318.57,101.1,19.9997
20319.57,100.71,19.9997
20320.57,100.69,19.9997
20321.57,101.1,19.9997
20322.57,100.59,19.9997
20323.57,100.65,19.9998
20324.57,101.07,19.9998
20325.58,100.65,19.9998
20326.58,101.0,19.9998
20327.58,100.73,19.9999
20328.58,100.68,20.0
20329.58,101.03,19.9997
20330.58,100.64,19.9997
20331.58,100.62,19.9997
20332.59,101.03,19.9997
20333.59,100.74,20.0
20334.59,100.64,20.0
20335.59,101.05,20.0
20336.59,100.63,19.9999
20337.59,101.04,19.9999
20338.59,100.71,19.9999
20339.6,100.61,19.9999
20340.6,101.03,19.9999
20341.6,100.63,19.9999
20342.6,100.66,19.9999
20343.6,101.14,20.0
20344.6,100.64,19.9999
20345.61,101.05,19.9997
20346.61,100.63,19.9997
20347.61,100.63,19.9997
20348.61,101.13,19.9999
20349.61,100.61,19.9997
20350.61,100.63,19.9999
20351.61,101.1,19.9997
20352.61,100.61,19.9997
20353.62,100.76,19.9999
20354.62,101.09,19.9998
20355.62,100.61,19.9998
20356.62,100.65,19.9997
20357.62,101.05,19.9997
20358.62,100.67,19.9999
20359.62,100.65,19.9999
20360.63,101.05,19.9999
20361.63,100.62,19.9998
20362.63,101.07,19.9998
20363.63,100.75,19.9999
20364.63,100.63,19.9998
20365.63,101.04,19.9999
20366.64,100.65,19.9998
20367.64,100.6,19.9998
20368.64,101.01,19.9998
20369.64,100.57,19.9998
20370.64,101.02,19.9998
20371.64,100.68,19.9999
20372.64,100.66,19.9998
20373.65,101.17,19.9999
20374.65,100.65,19.9999
20375.65,100.62,19.9999
20376.65,100.94,19.9999
20377.65,100.57,19.9999
20378.65,100.51,19.9999
20379.65,100.92,19.9999
20380.65,100.43,19.9999
20381.66,100.57,19.9999
20382.66,101.03,19.9999
20383.66,100.59,19.9999
20384.66,100.66,19.9999
20385.66,101.08,19.9999
20386.66,100.66,19.9999
20387.66,100.67,19.9999
20388.67,100.93,19.9999
20389.67,100.57,19.9999
20390.67,101.04,19.9999
20391.67,100.62,19.9998
20392.67,100.64,19.9998
20393.67,101.24,19.9999
20394.67,100.62,19.9998
20395.68,100.74,19.9998
20396.68,100.62,19.9998
20397.68,101.06,19.9998
20398.68,100.67,19.9998
20399.68,101.04,19.9998
20400.68,100.46,19.9998
20401.68,100.44,19.9998
20402.69,101.02,19.9998
20403.69,100.6,19.9999
20404.69,100.44,19.9999
20405.69,100.95,19.9998
20406.69,100.58,19.9998
20407.69,100.86,19.9998
20408.69,100.52,19.9998
20409.7,100.55,19.9998
20410.7,100.87,19.9998
20411.7,100.66,19.9998
20412.7,100.89,19.9998
20413.7,100.61,19.9998
20414.7,100.66,19.9998
20415.71,101.07,19.9998
20416.71,100.69,19.9998
20417.71,100.61,19.9998
20418.71,101.1,19.9998
20419.71,100.68,19.9998
20420.71,101.05,19.9998
20421.71,100.65,19.9998
20422.72,100.62,19.9998
20423.72,101.16,19.9999
20424.72,100.65,19.9998
20425.72,100.58,19.9998
20426.72,101.03,19.9998
20427.72,100.66,19.9998
20428.73,101.13,19.9998
20429.73,100.64,19.9998
20430.73,100.64,19.9998
20431.73,101.03,19.9998
20432.73,100.5,19.9998
20433.73,100.66,19.9999
20434.73,101.02,19.9999
20435.74,100.6,19.9998
20436.74,100.57,19.9999
20437.74,101.01,19.9999
20438.74,100.65,19.9999
20439.74,100.73,19.9999
20440.74,101.03,19.9999
20441.74,100.65,19.9998
20442.75,101.06,19.9998
20443.75,100.6,20.0
20444.75,100.42,19.9998
20445.75,100.89,19.9999
20446.75,100.41,19.9998
20447.75,100.44,19.9998
20448.75,100.89,19.9998
20449.76,100.49,19.9998
20450.76,100.43,19.9998
20451.76,100.83,19.9998
20452.76,100.44,19.9998
20453.76,101.1,20.0
20454.76,100.64,19.9998
20455.76,100.63,19.9998
20456.77,101.08,19.9998
20457.77,100.61,19.9998
20458.77,100.69,19.9998
20459.77,101.07,19.9998
20460.77,100.62,20.0
20461.77,100.63,19.9998
20462.77,101.05,19.9998
20463.78,100.74,20.0
20464.78,100.63,19.9998
20465.78,101.04,19.9998
20466.78,100.6,19.9998
20467.78,101.08,19.9998
20468.78,100.71,20.0
20469.78,100.63,19.9998
20470.79,101.09,20.0
20471.79,100.67,19.9998
20472.79,133.19,20.0
20473.79,101.21,20.0
20474.79,100.7,20.0
20475.79,100.64,19.9999
20476.79,100.61,20.0
20477.79,100.84,20.0
20478.8,100.51,19.9999
20479.8,100.91,19.9999
20480.8,100.52,19.9999
20481.8,100.74,19.9999
20482.8,101.09,19.9999
20483.8,100.77,19.9999
20484.8,100.63,19.9999
20485.81,101.05,19.9999
20486.81,100.62,19.9999
20487.81,100.7,19.9999
20488.81,101.13,19.9999
20489.81,100.69,20.0
20490.81,101.04,20.0
20491.81,100.65,20.0
20492.82,100.67,20.0
20493.82,101.18,19.9999
20494.82,100.65,20.0
20495.82,100.53,20.0
20496.82,100.97,20.0
20497.82,100.68,19.9999
20498.83,101.1,19.9999
20499.83,100.64,19.9999
20500.83,100.65,19.9999
20501.83,101.09,19.9999
20502.83,100.64,19.9999
20503.83,100.75,19.9999
20504.83,101.03,19.9999
20505.84,100.65,19.9999
20506.84,100.63,19.9999
20507.84,101.03,19.9999
20508.84,100.68,19.9999
20509.84,101.06,19.9999
20510.84,100.66,19.9999
20511.84,100.66,19.9999
20512.85,101.07,19.9999
20513.85,100.76,19.9999
20514.85,100.66,19.9999
20515.85,101.07,19.9999
20516.85,100.64,19.9999
20517.85,101.03,19.9999
20518.85,100.67,19.9999
20519.86,100.47,19.9999
20520.86,100.92,19.9999
20521.86,100.44,19.9999
20522.86,100.83,19.9999
20523.86,100.55,19.9999
20524.86,100.55,19.9999
20525.87,100.93,19.9999
20526.87,100.4,19.9999
20527.87,100.47,20.0
20528.87,101.02,20.0
20529.87,100.65,20.0
20530.87,101.05,20.0
20531.87,100.64,20.0
20532.88,100.53,20.0
20533.88,101.01,20.0
20534.88,100.43,20.0
20535.88,100.43,20.0
20536.88,100.83,20.0
20537.88,100.54,20.0
20538.88,100.69,20.0
20539.89,101.03,20.0
20540.89,100.64,20.0
20541.89,100.85,20.0
20542.89,100.59,20.0
20543.89,100.58,20.0
20544.89,100.91,20.0
20545.9,100.65,20.0
20546.9,100.64,20.0
20547.9,100.99,20.0
20548.9,100.49,20.0
20549.9,100.84,20.0
20550.9,100.46,20.0
20551.9,100.45,20.0
20552.91,101.01,20.0
20553.91,100.57,20.0
20554.91,100.85,20.0
20555.91,100.48,20.0
20556.91,100.63,20.0
20557.91,101.05,20.0
20558.92,100.52,20.0
20559.92,100.41,20.0
20560.92,100.86,20.0
20561.92,100.43,20.0
20562.92,100.85,20.0
20563.92,100.69,20.0
20564.92,100.53,20.0
20565.93,101.01,20.0
20566.93,100.6,20.0
20567.93,101.04,20.0
20568.93,100.69,20.0
20569.93,100.63,20.0
20570.93,101.03,20.0
20571.94,100.64,20.0
20572.94,100.67,20.0
20573.94,101.17,20.0
20574.94,100.65,20.0
20575.94,101.04,20.0
20576.94,100.62,20.0
20577.94,100.47,20.0
20578.95,100.88,20.0
20579.95,100.43,20.0
20580.95,100.48,20.0
20581.95,101.04,20.0
20582.95,100.68,20.0
20583.95,101.06,19.9999
20584.96,100.6,20.0
20585.96,100.83,19.9999
20586.96,100.5,19.9999
20587.96,100.63,19.9999
20588.96,101.14,19.9999
20589.96,100.63,19.9999
20590.96,100.63,19.9999
20591.97,100.9,19.9999
20592.97,100.65,19.9999
20593.97,100.75,19.9999
20594.97,101.0,19.9999
20595.97,100.61,19.9999
20596.97,101.0,19.9999
20597.97,100.6,19.9999
20598.98,100.59,19.9999
20599.98,100.92,19.9999
20600.98,100.63,19.9999
20601.98,100.63,19.9999
20602.98,101.05,19.9999
20603.98,100.73,19.9999
20604.99,101.06,19.9998
20605.99,100.66,19.9999
20606.99,100.65,19.9999
20607.99,101.05,19.9999
20608.99,100.68,19.9999
20609.99,100.63,19.9999
20610.99,101.03,19.9999
20612.0,100.64,19.9999
20613.0,101.08,19.9999
20614.0,100.82,19.9999
20615.0,100.63,19.9999
20616.0,100.64,19.9999
20617.0,101.02,19.9999
20618.0,100.62,19.9999
20619.01,101.06,19.9999
20620.01,100.55,19.9999
20621.01,100.56,19.9999
20622.01,100.91,19.9999
20623.01,100.46,19.9999
20624.01,100.97,19.9999
20625.01,100.4,19.9999
20626.02,100.43,19.9999
20627.02,101.05,19.9999
20628.02,100.64,19.9999
20629.02,100.5,19.9999
20630.02,100.85,19.9999
20631.02,100.57,19.9999
20632.02,100.67,19.9999
20633.03,101.08,19.9999
20634.03,100.78,19.9999
20635.03,101.06,19.9999
20636.03,100.67,19.9999
20637.03,100.66,19.9999
20638.03,101.07,19.9999
20639.04,100.65,19.9999
20640.04,100.65,19.9999
20641.04,101.04,19.9999
20642.04,100.61,19.9999
20643.04,101.08,19.9999
20644.04,100.76,19.9999
20645.04,100.65,19.9999
20646.05,101.04,19.9999
20647.05,100.63,19.9999
20648.05,100.64,19.9999
20649.05,101.04,19.9999
20650.05,100.63,19.9999
20651.05,101.11,19.9999
20652.05,100.62,19.9999
20653.06,100.67,19.9999
20654.06,101.13,19.9999
20655.06,100.63,19.9999
20656.06,100.66,19.9999
20657.06,101.06,19.9999
20658.06,100.66,19.9999
20659.06,100.68,19.9999
20660.07,101.04,19.9999
20661.07,100.61,19.9999
20662.07,101.0,19.9999
20663.07,100.63,19.9999
20664.07,100.74,19.9999
20665.07,100.98,19.9999
20666.08,100.64,19.9999
20667.08,100.62,19.9999
20668.08,101.03,19.9999
20669.08,100.7,19.9999
20670.08,101.01,19.9999
20671.08,100.61,19.9999
20672.08,100.66,19.9999
20673.09,101.15,19.9999
20674.09,100.78,20.0
20675.09,100.68,19.9998
20676.09,101.01,19.9999
20677.09,100.65,19.9999
20678.09,100.67,19.9999
20679.09,101.08,20.0
20680.1,100.57,20.0
20681.1,101.05,20.0
20682.1,100.66,20.0
20683.1,100.61,20.0
20684.1,101.14,20.0
20685.1,100.63,20.0
20686.1,100.58,20.0
20687.11,101.0,20.0
20688.11,100.65,20.0
20689.11,101.05,20.0
20690.11,100.65,20.0
20691.11,100.64,20.0
20692.11,101.03,20.0
20693.12,133.18,19.9999
20694.12,100.54,19.9999
20695.12,100.98,19.9999
20696.12,100.46,19.9999
20697.12,100.43,19.9999
20698.12,100.87,19.9999
20699.12,100.63,19.9999
20700.12,100.62,19.9999
20701.13,101.02,19.9999
20702.13,100.62,19.9999
20703.13,101.02,19.9999
20704.13,100.81,19.9998
20705.13,100.64,19.9998
20706.13,101.03,19.9998
20707.13,100.56,19.9998
20708.14,100.61,19.9998
20709.14,101.0,19.9998
20710.14,100.64,19.9998
20711.14,100.66,19.9998
20712.14,100.83,19.9998
20713.14,101.17,19.9998
20714.15,101.14,19.9999
20715.15,100.48,19.9998
20716.15,100.6,19.9998
20717.15,101.03,19.9998
20718.15,100.62,19.9998
20719.15,101.07,19.9999
20720.15,100.58,19.9998
20721.16,100.61,19.9998
20722.16,101.07,19.9998
20723.16,100.64,19.9998
20724.16,100.74,19.9999
20725.16,101.11,19.9998
20726.16,100.64,19.9998
20727.16,100.6,19.9998
20728.17,100.91,19.9998
20729.17,100.54,19.9998
20730.17,100.65,19.9998
20731.17,101.03,19.9998
20732.17,100.64,19.9998
20733.17,100.73,19.9999
20734.17,101.07,19.9999
20735.18,100.65,19.9999
20736.18,100.65,19.9998
20737.18,101.03,19.9998
20738.18,100.51,19.9998
20739.18,100.68,19.9998
20740.18,101.07,19.9997
20741.18,100.57,19.9998
20742.18,100.86,19.9998
20743.19,100.52,20.0
20744.19,100.49,20.0
20745.19,100.82,20.0
20746.19,100.62,20.0
20747.19,100.6,20.0
20748.19,101.11,20.0
20749.19,100.69,20.0
20750.2,100.44,20.0
20751.2,100.82,20.0
20752.2,100.45,20.0
20753.2,100.52,20.0
20754.2,100.87,20.0
20755.2,100.53,19.9998
20756.21,100.84,19.9998
20757.21,100.61,19.9998
20758.21,100.51,19.9998
20759.21,100.99,19.9998
20760.21,100.64,20.0
20761.21,101.05,19.9998
20762.21,100.65,19.9998
20763.22,100.73,20.0
20764.22,101.07,20.0
20765.22,100.66,19.9998
20766.22,100.55,19.9998
20767.22,100.84,19.9998
20768.22,100.64,20.0
20769.23,101.11,19.9998
20770.23,100.66,19.9998
20771.23,100.66,20.0
20772.23,100.96,20.0
20773.23,100.51,20.0
20774.23,100.45,20.0
20775.23,100.83,20.0
20776.24,100.48,20.0
20777.24,100.64,20.0
20778.24,100.92,20.0
20779.24,100.46,19.9999
20780.24,100.82,20.0
20781.24,100.44,20.0
20782.24,100.47,20.0
20783.25,101.11,20.0
20784.25,100.67,20.0
20785.25,101.06,20.0
20786.25,100.62,19.9999
20787.25,100.64,19.9999
20788.25,100.88,19.9999
20789.25,100.69,20.0
20790.26,100.65,19.9999
20791.26,101.03,20.0
20792.26,100.55,19.9999
20793.26,101.1,20.0
20794.26,100.5,19.9999
20795.26,100.42,19.9999
20796.27,100.83,19.9999
20797.27,100.48,19.9999
20798.27,100.66,19.9999
20799.27,101.05,19.9999
20800.27,100.64,19.9999
20801.27,101.05,19.9999
20802.27,100.65,19.9999
20803.28,100.68,20.0
20804.28,100.98,20.0
20805.28,100.62,19.9999
20806.28,100.64,19.9999
20807.28,101.08,19.9999
20808.28,100.64,19.9999
20809.28,100.52,19.9999
20810.29,101.02,19.9999
20811.29,100.43,19.9999
20812.29,100.45,19.9999
20813.29,102.69,19.9999
20814.29,100.68,19.9999
20815.29,101.03,19.9999
20816.29,100.64,19.9999
20817.3,100.6,19.9999
20818.3,100.92,19.9999
20819.3,100.48,19.9999
20820.3,100.43,19.9999
20821.3,100.96,19.9999
20822.3,100.62,19.9999
20823.31,101.12,19.9999
20824.31,100.65,19.9999
20825.31,100.59,19.9999
20826.31,101.03,19.9999
20827.31,100.62,19.9999
20828.31,100.66,19.9999
20829.31,101.12,19.9999
20830.31,100.66,19.9999
20831.32,100.68,19.9999
20832.32,157.02,16.9344
20833.32,352.3,9.4478
20834.32,326.68,9.7728
20835.32,361.35,10.0521
20836.32,334.04,10.3208
20837.32,316.66,10.6082
20838.33,314.5,10.8756
20839.33,309.62,11.1418
20840.33,311.33,11.5128
20841.33,314.96,11.9162
20842.33,306.75,12.319
20843.33,303.88,12.6689
20844.33,304.59,13.0219
20845.34,303.59,13.4482
20846.34,306.71,13.8118
20847.34,318.35,14.2753
20848.34,303.36,14.3278
20849.34,305.28,14.4281
20850.34,300.84,14.4282
20851.34,285.43,14.4293
20852.35,212.63,14.4294
20853.35,197.99,14.4302
20854.35,178.16,14.4302
20855.35,144.32,14.4303
20856.35,136.17,14.4303
20857.35,205.7,14.4303
20858.35,135.26,14.4303
20859.36,177.18,14.7391
20860.36,137.43,14.7872
20861.36,104.8,14.7872
20862.36,125.53,14.7872
20863.36,111.32,14.7872
20864.36,212.54,14.7875
20865.37,190.94,14.7879
20866.37,134.49,14.7879
20867.37,135.7,14.7879
20868.37,110.07,14.7879
20869.37,162.83,14.788
20870.37,305.96,14.788
20871.37,282.52,14.788
20872.38,167.35,9.1372
20873.38,318.61,9.3743
20874.38,306.8,9.7043
20875.38,317.28,9.8912
20876.38,357.65,10.0631
20877.38,332.16,10.3002
20878.38,319.05,10.5545
20879.39,311.46,10.806
20880.39,309.46,11.0245
20881.39,307.29,11.2467
20882.39,307.88,11.4825
20883.39,304.59,11.7211
20884.39,303.84,11.9586
20885.39,294.04,12.2413
20886.39,247.68,13.1586
20887.4,137.28,13.9589
20888.4,367.82,15.1806
20889.4,399.57,15.9338
20890.4,154.89,16.1326
20891.4,101.26,16.1326
20892.4,232.66,16.1331
20893.4,312.89,16.2336
20894.41,285.06,16.234
20895.41,262.34,16.2344
20896.41,157.5,16.2345
20897.41,165.92,16.2345
20898.41,159.35,16.2345
20899.41,143.3,16.2345
20900.41,163.16,16.2345
20901.41,128.27,16.2345
20902.42,177.53,16.2345
20903.42,123.18,16.2345
20904.42,111.88,16.2345
20905.42,237.22,16.6775
20906.42,400.7,17.505
20907.42,399.56,18.1557
20908.42,399.57,18.8323
20909.43,186.16,19.0596
20910.43,144.36,19.0596
20911.43,127.67,19.0596
20912.43,139.27,19.0596
20913.43,110.79,19.0596
20914.43,106.0,19.0596
20915.43,151.11,19.0596
20916.44,110.15,19.0596
20917.44,103.6,19.0596
20918.44,130.38,19.0595
20919.44,112.55,19.0596
20920.44,101.4,19.0596
20921.44,100.81,19.0596
20922.44,100.79,19.0596
20923.45,102.36,19.0596
20924.45,128.83,19.0596
20925.45,149.97,19.0596
20926.45,128.53,19.0596
20927.45,136.26,19.0596
20928.45,101.13,19.0595
20929.45,113.99,19.0595
20930.46,102.04,19.0595
20931.46,101.44,19.0596
20932.46,113.99,19.0596
20933.46,126.39,19.0597
20934.46,104.83,19.0596
20935.46,114.13,19.0597
20936.46,103.76,19.0596
20937.47,102.74,19.0596
20938.47,100.8,19.0596
20939.47,101.31,19.0596
20940.47,101.63,19.0596
20941.47,100.78,19.0596
20942.47,101.47,19.0596
20943.47,101.01,19.0598
20944.48,108.38,19.0595
20945.48,101.33,19.0595
20946.48,102.95,19.0595
20947.48,103.26,19.0595
20948.48,101.19,19.0595
20949.48,100.81,19.0596
20950.48,100.76,19.0595
20951.49,101.32,19.0595
20952.49,100.82,19.0595
20953.49,101.1,19.0595
20954.49,101.29,19.0595
20955.49,100.82,19.0595
20956.49,100.79,19.0595
20957.49,101.3,19.0595
20958.49,102.18,19.0595
20959.5,104.68,19.0595
20960.5,100.94,19.0595
20961.5,128.04,19.0595
20962.5,101.18,19.0597
20963.5,100.75,19.0595
20964.5,104.35,19.0595
20965.51,101.16,19.0595
20966.51,103.49,19.0595
20967.51,104.0,19.0595
20968.51,100.93,19.0595
20969.51,101.82,19.0595
20970.51,101.31,19.0595
20971.51,103.49,19.0595
20972.52,101.06,19.0595
20973.52,101.13,19.0595
20974.52,232.4,19.0597
20975.52,399.5,19.1531
20976.52,324.09,19.1642
20977.52,100.93,19.1642
20978.52,101.23,19.1642
20979.53,101.23,19.1641
20980.53,100.75,19.1641
20981.53,102.64,19.1641
20982.53,101.26,19.1642
20983.53,101.13,19.1643
20984.53,100.82,19.1642
20985.53,101.44,19.1642
20986.53,101.79,19.1642
20987.54,100.71,19.1642
20988.54,101.14,19.1642
20989.54,100.73,19.1642
20990.54,154.18,19.1641
20991.54,299.9,19.1647
20992.54,146.26,19.1647
20993.55,127.31,19.1647
20994.55,105.44,19.1648
20995.55,101.2,19.1647
20996.55,125.1,19.1647
20997.55,143.77,19.1647
20998.55,158.15,19.1655
20999.55,104.11,19.1655
21000.56,334.42,19.166
21001.56,264.89,19.1897
21002.56,100.69,19.1897
21003.56,101.09,19.1897
21004.56,103.36,19.1897
21005.56,104.01,19.1897
21006.57,154.24,19.1897
21007.57,115.5,19.1897
21008.57,110.58,19.1897
21009.57,101.21,19.1897
21010.57,100.59,19.1897
21011.57,266.53,19.1898
21012.57,333.28,19.1936
21013.58,100.7,19.1936
21014.58,100.63,19.1934
21015.58,101.06,19.1934
21016.58,100.64,19.1934
21017.58,100.48,19.1934
21018.58,100.63,19.1936
21019.58,100.88,19.1934
21020.58,100.58,19.1936
21021.59,119.44,19.1934
21022.59,399.71,19.1965
21023.59,342.86,19.1965
21024.59,101.09,19.1965
21025.59,100.63,19.1965
21026.59,100.61,19.1965
21027.59,169.92,19.4023
21028.59,398.91,19.9297
21029.6,159.26,19.9297
21030.6,101.1,19.9297
21031.6,100.65,19.9297
21032.6,100.67,19.9297
21033.6,153.41,19.9999
21034.6,100.64,19.9999
21035.6,100.64,19.9999
21036.61,101.05,19.9999
21037.61,119.32,19.9998
21038.61,100.7,19.9998
21039.61,101.1,19.9998
21040.61,100.66,19.9998
21041.61,119.73,19.9999
21042.61,101.08,19.9999
21043.62,100.74,19.9999
21044.62,101.11,19.9999
21045.62,119.15,19.9999
21046.62,100.62,19.9999
21047.62,100.89,19.9999
21048.62,100.49,19.9999
21049.62,117.71,19.9999
21050.63,100.42,19.9999
21051.63,100.44,19.9999
21052.63,101.09,19.9998
21053.63,100.79,19.9999
21054.63,117.12,19.9999
21055.63,101.07,19.9999
21056.64,100.71,19.9999
21057.64,105.67,19.9999
21058.64,110.69,20.0
21059.64,103.34,20.0
21060.64,101.02,20.0
21061.64,135.32,19.9999
21062.64,100.45,19.9999
21063.65,100.91,19.9999
21064.65,100.44,19.9999
21065.65,100.89,19.9999
21066.65,115.43,19.9999
21067.65,101.66,19.9999
21068.65,101.21,19.9999
21069.65,100.69,19.9999
21070.66,100.66,19.9999
21071.66,116.71,19.9998
21072.66,100.48,20.0
21073.66,103.25,20.0
21074.66,100.81,20.0
21075.66,115.26,20.0
21076.66,100.41,20.0
21077.67,100.83,20.0
21078.67,100.48,20.0
21079.67,114.88,20.0
21080.67,100.46,20.0
21081.67,100.43,20.0
21082.67,100.88,20.0
21083.68,115.18,19.9999
21084.68,101.07,19.9999
21085.68,100.63,20.0
21086.68,100.89,19.9999
21087.68,100.58,19.9999
21088.68,115.48,20.0
21089.69,101.07,19.9999
21090.69,100.68,19.9999
21091.69,100.63,19.9999
21092.69,101.04,19.9999
21093.69,116.1,19.9999
21094.69,100.95,19.9999
21095.69,101.15,19.9999
21096.69,100.62,19.9999
21097.7,100.7,19.9998
21098.7,101.13,19.9999
21099.7,100.61,19.9998
21100.7,115.18,19.9998
21101.7,100.95,19.9997
21102.7,100.62,19.9997
21103.7,100.7,19.9998
21104.71,101.03,19.9998
21105.71,108.33,19.9998
21106.71,111.66,19.9998
21107.71,100.7,19.9998
21108.71,100.7,19.9999
21109.71,101.04,19.9999
21110.72,100.65,19.9998
21111.72,122.06,19.9999
21112.72,101.07,19.9998
21113.72,100.82,19.9999
21114.72,100.67,19.9999
21115.72,100.94,19.9998
21116.72,100.63,19.9998
21117.73,120.81,20.0
21118.73,100.83,20.0
21119.73,100.82,19.9999
21120.73,101.06,19.9999
21121.73,100.69,19.9999
21122.73,100.68,19.9999
21123.73,101.13,19.9999
21124.74,117.14,20.0
21125.74,100.99,20.0
21126.74,100.62,19.9999
21127.74,100.6,20.0
21128.74,100.98,20.0
21129.74,100.53,20.0
21130.75,101.04,20.0
21131.75,115.28,20.0
21132.75,100.69,20.0
21133.75,101.23,19.9999
21134.75,100.65,19.9999
21135.75,100.64,19.9999
21136.75,101.11,19.9999
21137.75,100.62,20.0
21138.76,115.61,20.0
21139.76,101.08,19.9999
21140.76,100.67,19.9999
21141.76,100.64,20.0
21142.76,111.11,20.0
21143.76,100.73,20.0
21144.77,101.11,19.9999
21145.77,115.89,20.0
21146.77,100.65,20.0
21147.77,101.04,19.9999
21148.77,100.72,19.9999
21149.77,101.16,19.9999
21150.77,101.09,19.9999
21151.78,100.6,19.9999
21152.78,100.99,19.9999
21153.78,100.62,19.9999
21154.78,115.87,19.9999
21155.78,101.12,19.9999
21156.78,100.65,19.9999
21157.78,100.69,19.9999
21158.79,101.11,19.9999
21159.79,100.67,19.9999
21160.79,100.56,19.9998
21161.79,100.97,19.9998
21162.79,115.29,20.0
21163.79,100.57,19.9999
21164.79,100.97,19.9999
21165.8,100.58,19.9999
21166.8,101.01,19.9999
21167.8,100.5,19.9999
21168.8,100.56,19.9999
21169.8,100.96,19.9999
21170.8,100.61,19.9999
21171.81,101.03,19.9999
21172.81,121.79,19.9999
21173.81,100.67,19.9999
21174.81,100.97,19.9999
21175.81,100.57,19.9999
21176.81,100.97,19.9999
21177.81,100.52,19.9999
21178.82,100.64,19.9999
21179.82,100.96,19.9999
21180.82,123.65,19.9999
21181.82,100.6,20.0
21182.82,101.01,19.9999
21183.82,100.69,20.0
21184.83,101.01,20.0
21185.83,100.61,20.0
21186.83,100.58,20.0
21187.83,100.97,19.9999
21188.83,100.58,20.0
21189.83,118.61,20.0
21190.83,101.02,20.0
21191.83,100.53,19.9999
21192.84,100.66,20.0
21193.84,100.63,20.0
21194.84,100.89,20.0
21195.84,100.74,20.0
21196.84,100.61,20.0
21197.84,100.96,20.0
21198.84,115.55,20.0
21199.85,101.11,20.0
21200.85,100.65,20.0
21201.85,100.65,20.0
21202.85,101.08,20.0
21203.85,102.13,20.0
21204.85,101.05,20.0
21205.85,100.64,20.0
21206.86,100.65,20.0
21207.86,101.13,20.0
21208.86,116.65,19.9999
21209.86,100.47,19.9999
21210.86,100.98,19.9999
21211.86,100.44,19.9999
21212.86,100.47,19.9999
21213.87,100.92,19.9999
21214.87,100.48,19.9999
21215.87,100.53,19.9999
21216.87,101.0,19.9999
21217.87,100.66,19.9999
21218.87,115.84,19.9999
21219.87,100.55,19.9999
21220.88,100.57,19.9999
21221.88,100.93,19.9999
21222.88,100.45,19.9999
21223.88,102.27,19.9999
21224.88,104.8,19.9999
21225.88,100.63,19.9999
21226.89,100.85,19.9999
21227.89,100.5,19.9999
21228.89,115.27,20.0
21229.89,100.9,20.0
21230.89,100.47,20.0
21231.89,100.77,20.0
21232.9,100.4,20.0
21233.9,100.47,20.0
21234.9,100.92,20.0
21235.9,100.43,20.0
21236.9,100.43,20.0
21237.9,100.87,20.0
21238.9,122.95,20.0
21239.9,100.57,20.0
21240.91,101.02,19.9999
21241.91,100.63,19.9999
21242.91,101.06,20.0
21243.91,100.79,19.9999
21244.91,100.73,19.9998
21245.91,101.04,19.9998
21246.92,100.57,19.9999
21247.92,124.86,19.9999
21248.92,100.67,19.9999
21249.92,100.63,19.9999
21250.92,101.08,19.9999
21251.92,100.64,19.9999
21252.92,100.65,19.9999
21253.93,101.12,19.9999
21254.93,100.64,19.9999
21255.93,100.99,20.0
21256.93,100.62,20.0
21257.93,100.56,20.0
21258.93,116.93,20.0
21259.94,100.58,20.0
21260.94,100.56,20.0
21261.94,101.0,20.0
21262.94,100.62,20.0
21263.94,101.07,20.0
21264.94,100.56,20.0
21265.94,100.57,20.0
21266.95,100.98,20.0
21267.95,100.59,20.0
21268.95,115.35,20.0
21269.95,100.93,20.0
21270.95,100.52,20.0
21271.95,100.84,20.0
21272.95,100.51,20.0
21273.96,100.62,20.0
21274.96,100.88,20.0
21275.96,100.41,20.0
21276.96,100.81,20.0
21277.96,100.44,20.0
21278.96,100.51,20.0
21279.97,115.9,19.9999
21280.97,100.52,19.9999
21281.97,100.56,19.9999
21282.97,100.97,19.9999
21283.97,100.57,19.9999
21284.97,100.48,19.9999
21285.97,100.84,19.9999
21286.98,100.6,19.9999
21287.98,101.14,19.9999
21288.98,100.75,19.9999
21289.98,100.74,19.9999
21290.98,115.58,20.0
21291.98,100.58,20.0
21292.98,100.54,20.0
21293.99,101.02,19.9999
21294.99,100.56,19.9999
21295.99,100.63,19.9998
21296.99,101.09,19.9998
21297.99,100.69,19.9999
21298.99,101.12,19.9999
21300.0,100.47,19.9998
21301.0,118.65,20.0
21302.0,101.15,20.0
21303.0,100.67,20.0
21304.0,100.77,20.0
21305.0,101.09,20.0
21306.0,100.67,20.0
21307.0,100.66,20.0
21308.01,101.05,20.0
21309.01,100.66,19.9999
21310.01,100.94,19.9999
21311.01,100.62,19.9999
21312.01,125.12,19.9999
21313.01,101.24,19.9999
21314.02,100.57,19.9999
21315.02,103.5,19.9999
21316.02,103.98,19.9999
21317.02,100.63,19.9999
21318.02,101.05,19.9999
21319.02,100.63,19.9999
21320.02,100.65,19.9999
21321.03,101.17,19.9999
21322.03,100.67,19.9999
21323.03,120.3,20.0
21324.03,101.21,20.0
21325.03,100.68,20.0
21326.03,100.67,19.9998
21327.03,101.09,20.0
21328.03,100.56,20.0
21329.04,100.51,19.9999
21330.04,100.96,20.0
21331.04,100.53,20.0
21332.04,100.42,20.0
21333.04,115.22,19.9999
21334.04,100.75,19.9999
21335.04,100.67,19.9999
21336.05,101.13,19.9999
21337.05,100.64,19.9999
21338.05,100.66,19.9999
21339.05,101.15,19.9999
21340.05,100.62,19.9999
21341.05,100.46,19.9999
21342.05,101.05,19.9999
21343.05,100.52,19.9999
21344.06,115.58,20.0
21345.06,101.11,20.0
21346.06,100.65,20.0
21347.06,100.61,20.0
21348.06,101.08,20.0
21349.06,100.7,19.9999
21350.06,100.49,19.9999
21351.07,100.84,19.9999
21352.07,100.42,19.9999
21353.07,100.86,19.9999
21354.07,100.58,19.9999
21355.07,100.58,19.9999
21356.07,115.69,20.0
21357.08,100.6,20.0
21358.08,101.05,20.0
21359.08,100.68,20.0
21360.08,100.64,20.0
21361.08,101.16,20.0
21362.08,100.64,20.0
21363.08,100.64,20.0
21364.09,101.4,20.0
21365.09,100.72,20.0
21366.09,100.68,20.0
21367.09,101.04,20.0
21368.09,116.88,20.0
21369.09,100.62,20.0
21370.09,100.88,20.0
21371.1,100.59,20.0
21372.1,101.07,20.0
21373.1,100.68,20.0
21374.1,100.77,20.0
21375.1,101.05,20.0
21376.1,100.66,20.0
21377.11,101.02,20.0
21378.11,100.67,20.0
21379.11,125.66,19.9999
21380.11,101.13,19.9999
21381.11,100.57,19.9999
21382.11,100.64,19.9999
21383.11,101.08,19.9999
21384.12,100.78,19.9999
21385.12,100.46,19.9999
21386.12,100.87,19.9999
21387.12,100.45,19.9999
21388.12,100.85,19.9999
21389.12,100.51,19.9999
21390.12,120.78,20.0
21391.13,100.99,20.0
21392.13,100.54,20.0
21393.13,100.94,20.0
21394.13,100.66,20.0
21395.13,100.46,20.0
21396.13,100.86,20.0
21397.14,100.44,20.0
21398.14,100.85,20.0
21399.14,100.49,20.0
21400.14,100.48,20.0
21401.14,115.69,19.9999
21402.14,100.65,19.9999
21403.14,100.68,19.9999
21404.15,101.14,20.0
21405.15,100.67,20.0
21406.15,100.66,20.0
21407.15,101.06,20.0
21408.15,100.66,20.0
21409.15,101.11,20.0
21410.15,100.64,20.0
21411.16,100.55,20.0
21412.16,100.85,20.0
21413.16,115.39,19.9999
21414.16,100.7,19.9999
21415.16,101.02,19.9999
21416.16,100.65,19.9999
21417.17,101.04,19.9999
21418.17,100.64,19.9999
21419.17,100.64,19.9999
21420.17,101.06,19.9999
21421.17,100.63,19.9999
21422.17,101.06,19.9999
21423.17,100.73,19.9999
21424.18,100.72,19.9999
21425.18,115.77,19.9999
21426.18,100.56,19.9998
21427.18,100.66,19.9998
21428.18,101.09,19.9998
21429.18,100.72,19.9998
21430.18,101.08,19.9999
21431.19,100.71,19.9999
21432.19,100.69,19.9998
21433.19,101.19,19.9998
21434.19,100.69,19.9999
21435.19,100.66,19.9999
21436.19,116.35,20.0
21437.2,100.67,20.0
21438.2,100.73,20.0
21439.2,101.11,20.0
21440.2,100.75,20.0
21441.2,100.69,20.0
21442.2,101.07,20.0
21443.2,100.74,20.0
21444.21,101.08,20.0
21445.21,100.65,20.0
21446.21,100.66,20.0
21447.21,101.05,20.0
21448.21,126.17,20.0
21449.21,101.09,19.9999
21450.22,100.67,19.9998
21451.22,101.07,19.9999
21452.22,100.67,19.9999
21453.22,100.74,19.9999
21454.22,101.08,19.9999
21455.22,100.67,19.9999
21456.22,100.69,19.9999
21457.23,101.02,19.9999
21458.23,100.5,19.9999
21459.23,121.33,20.0
21460.23,100.64,20.0
21461.23,100.7,20.0
21462.23,101.04,19.9999
21463.24,100.76,19.9999
21464.24,100.66,20.0
21465.24,101.07,20.0
21466.24,100.65,20.0
21467.24,101.08,19.9999
21468.24,100.64,19.9999
21469.24,100.66,19.9999
21470.25,101.03,19.9999
21471.25,115.7,20.0
21472.25,101.0,20.0
21473.25,100.72,20.0
21474.25,100.63,20.0
21475.25,101.07,20.0
21476.25,100.63,20.0
21477.26,100.62,20.0
21478.26,101.01,20.0
21479.26,100.64,20.0
21480.26,100.59,20.0
21481.26,101.04,20.0
21482.26,100.57,20.0
21483.27,115.65,20.0
21484.27,100.65,20.0
21485.27,100.48,20.0
21486.27,100.94,20.0
21487.27,100.46,20.0
21488.27,100.82,20.0
21489.27,100.59,20.0
21490.28,100.66,20.0
21491.28,101.04,20.0
21492.28,100.63,20.0
21493.28,100.7,20.0
21494.28,101.1,20.0
21495.28,114.83,20.0
21496.28,100.6,20.0
21497.29,101.01,20.0
21498.29,100.63,20.0
21499.29,101.03,20.0
21500.29,100.61,20.0
21501.29,100.65,20.0
21502.29,100.98,20.0
21503.3,100.71,20.0
21504.3,100.54,20.0
21505.3,101.01,20.0
21506.3,100.62,20.0
21507.3,118.28,19.9999
21508.3,100.64,19.9999
21509.31,101.02,20.0
21510.31,100.63,20.0
21511.31,101.04,20.0
21512.31,100.53,19.9999
21513.31,100.53,19.9999
21514.31,100.93,20.0
21515.32,100.67,20.0
21516.32,101.05,19.9999
21517.32,100.62,19.9999
21518.32,126.15,19.9999
21519.32,100.95,19.9999
21520.32,100.67,19.9999
21521.32,100.7,19.9999
21522.33,101.01,19.9999
21523.33,100.73,19.9999
21524.33,100.65,19.9999
21525.33,101.06,19.9999
21526.33,100.65,19.9999
21527.33,101.07,19.9999
21528.34,100.67,19.9999
21529.34,100.64,19.9999
21530.34,120.49,20.0
21531.34,100.68,20.0
21532.34,101.01,20.0
21533.34,100.75,20.0
21534.34,100.63,20.0
21535.35,101.05,20.0
21536.35,100.66,20.0
21537.35,101.05,20.0
21538.35,100.65,20.0
21539.35,100.66,20.0
21540.35,101.08,20.0
21541.36,115.07,19.9999
21542.36,100.62,19.9999
21543.36,101.1,19.9999
21544.36,100.6,19.9999
21545.36,100.69,19.9999
21546.36,101.02,19.9999
21547.36,100.63,19.9999
21548.37,101.01,19.9999
21549.37,100.65,19.9999
21550.37,100.68,19.9999
21551.37,101.06,19.9999
21552.37,100.65,19.9999
21553.37,115.4,19.9999
21554.37,101.1,19.9999
21555.38,100.61,19.9999
21556.38,101.07,19.9999
21557.38,100.67,20.0
21558.38,100.95,19.9999
21559.38,100.8,20.0
21560.38,100.62,20.0
21561.38,100.63,20.0
21562.39,100.96,20.0
21563.39,100.7,20.0
21564.39,100.62,20.0
21565.39,115.62,19.9998
21566.39,100.69,19.9998
21567.39,101.1,19.9997
21568.39,100.62,19.9998
21569.4,100.7,19.9997
21570.4,101.07,19.9997
21571.4,100.69,19.9997
21572.4,100.64,19.9997
21573.4,101.11,19.9997
21574.4,100.73,19.9998
21575.4,100.65,19.9998
21576.41,101.02,19.9998
21577.41,118.82,19.9999
21578.41,101.02,19.9998
21579.41,100.74,19.9998
21580.41,100.67,19.9998
21581.41,101.01,19.9998
21582.41,100.44,19.9998
21583.42,100.54,19.9999
21584.42,101.01,19.9997
21585.42,100.52,19.9997
21586.42,101.04,19.9997
21587.42,100.61,19.9997
21588.42,126.0,20.0
21589.43,101.07,20.0
21590.43,100.62,20.0
21591.43,100.67,20.0
21592.43,101.06,20.0
21593.43,100.74,20.0
21594.43,101.06,20.0
21595.44,100.67,20.0
21596.44,100.66,20.0
21597.44,101.06,20.0
21598.44,100.67,20.0
21599.44,101.03,20.0
21600.44,118.47,20.0
21601.44,100.66,20.0
21602.45,101.13,20.0
21603.45,100.53,19.9999
21604.45,100.49,19.9999
21605.45,100.93,19.9999
21606.45,100.59,19.9999
21607.45,100.61,19.9999
21608.45,101.07,19.9999
21609.45,100.64,19.9999
21610.46,100.61,19.9999
21611.46,116.16,19.9999
21612.46,100.62,19.9999
21613.46,100.73,19.9999
21614.46,101.11,19.9999
21615.46,100.68,19.9999
21616.46,100.62,19.9998
21617.46,100.68,19.9999
21618.47,101.07,19.9999
21619.47,100.69,19.9999
21620.47,101.08,19.9999
21621.47,100.58,19.9999
21622.47,100.61,19.9999
21623.47,120.98,19.9999
21624.47,100.62,19.9999
21625.48,100.63,19.9999
21626.48,101.05,19.9998
21627.48,100.66,19.9999
21628.48,100.66,19.9999
21629.48,101.05,19.9999
21630.48,100.62,19.9999
21631.49,101.02,19.9999
21632.49,100.62,19.9999
21633.49,100.7,19.9999
21634.49,101.12,19.9999
21635.49,115.03,20.0
21636.49,100.62,20.0
21637.49,101.16,20.0
21638.49,100.7,20.0
21639.5,100.48,20.0
21640.5,100.95,20.0
21641.5,100.66,20.0
21642.5,100.69,20.0
21643.5,101.22,20.0
21644.5,100.71,20.0
21645.5,100.67,20.0
21646.5,100.76,20.0
21647.51,101.04,20.0
21648.51,120.33,19.9999
21649.51,101.03,19.9999
21650.51,100.64,19.9999
21651.51,100.65,19.9999
21652.51,101.12,19.9999
21653.52,100.62,19.9999
21654.52,100.49,19.9999
21655.52,101.02,19.9999
21656.52,100.57,19.9999
21657.52,100.73,19.9999
21658.52,101.07,19.9999
21659.52,100.69,19.9999
21660.52,127.63,19.9999
21661.53,101.05,19.9999
21662.53,100.7,19.9999
21663.53,100.72,19.9999
21664.53,101.05,19.9999
21665.53,100.65,19.9999
21666.53,101.03,19.9999
21667.54,100.61,19.9999
21668.54,100.64,19.9999
21669.54,101.1,19.9999
21670.54,100.63,19.9999
21671.54,101.09,20.0
21672.54,100.67,20.0
21673.54,116.71,20.0
21674.54,100.68,19.9999
21675.55,101.07,19.9999
21676.55,100.65,19.9999
21677.55,101.1,19.9999
21678.55,100.62,20.0
21679.55,100.6,20.0
21680.55,101.03,19.9999
21681.56,100.67,19.9999
21682.56,100.47,19.9999
21683.56,101.08,20.0
21684.56,100.66,20.0
21685.56,115.26,19.9999
21686.56,100.73,19.9999
21687.56,100.66,19.9999
21688.57,101.02,19.9999
21689.57,100.7,19.9998
21690.57,100.66,19.9998
21691.57,101.06,19.9998
21692.57,100.66,19.9998
21693.57,101.13,19.9999
21694.57,100.67,19.9999
21695.58,100.66,19.9999
21696.58,101.06,19.9999
21697.58,100.66,19.9999
21698.58,115.66,19.9999
21699.58,101.06,19.9999
21700.58,100.64,19.9999
21701.58,100.68,19.9999
21702.59,101.04,19.9999
21703.59,100.75,19.9999
21704.59,101.05,19.9999
21705.59,100.64,19.9999
21706.59,100.64,19.9999
21707.59,101.02,19.9999
21708.6,100.7,19.9999
21709.6,101.02,19.9999
21710.6,115.22,20.0
21711.6,100.64,20.0
21712.6,101.03,20.0
21713.6,100.68,19.9999
21714.6,100.62,19.9999
21715.61,101.02,19.9999
21716.61,100.5,19.9999
21717.61,100.97,19.9999
21718.61,100.63,19.9999
21719.61,100.65,19.9999
21720.61,100.99,19.9999
21721.62,126.08,19.9999
21722.62,101.05,19.9999
21723.62,100.72,19.9999
21724.62,100.64,19.9999
21725.62,101.06,19.9999
21726.62,100.65,19.9999
21727.63,101.06,19.9999
21728.63,100.63,19.9999
21729.63,100.55,19.9999
21730.63,101.04,19.9999
21731.63,100.68,19.9999
21732.63,100.65,19.9999
21733.63,125.53,19.9999
21734.64,100.62,19.9999
21735.64,101.02,19.9999
21736.64,100.67,19.9999
21737.64,100.44,19.9999
21738.64,101.04,19.9999
21739.64,100.61,19.9999
21740.64,100.67,19.9999
21741.65,101.05,19.9999
21742.65,100.66,19.9999
21743.65,101.04,19.9999
21744.65,113.62,19.9999
21745.65,101.77,20.0
21746.65,101.04,20.0
21747.66,100.68,20.0
21748.66,100.72,20.0
21749.66,101.02,20.0
21750.66,100.48,19.9999
21751.66,101.1,19.9999
21752.66,100.64,19.9999
21753.66,100.72,19.9999
21754.67,101.04,19.9999
21755.67,100.44,19.9999
21756.67,100.83,19.9999
21757.67,115.13,19.9999
21758.67,100.66,19.9999
21759.67,101.05,19.9999
21760.67,100.74,19.9999
21761.68,100.68,19.9999
21762.68,101.07,19.9999
21763.68,100.74,20.0
21764.68,100.59,19.9999
21765.68,101.04,19.9999
21766.68,100.63,19.9999
21767.69,101.04,19.9999
21768.69,100.67,20.0
21769.69,100.66,19.9999
21770.69,115.05,20.0
21771.69,100.64,20.0
21772.69,100.68,20.0
21773.69,101.74,20.0
21774.69,100.68,20.0
21775.7,100.61,20.0
21776.7,101.04,20.0
21777.7,100.7,20.0
21778.7,100.73,20.0
21779.7,101.08,20.0
21780.7,100.71,20.0
21781.7,117.11,19.9999
21782.71,101.1,19.9999
21783.71,100.84,19.9999
21784.71,101.08,19.9999
21785.71,101.03,19.9999
21786.71,100.65,19.9999
21787.71,101.09,19.9999
21788.72,100.7,19.9999
21789.72,100.67,19.9999
21790.72,101.08,19.9999
21791.72,100.71,19.9999
21792.72,113.39,19.9999
21793.72,113.93,19.9999
21794.72,100.65,19.9999
21795.73,101.02,19.9999
21796.73,100.6,19.9999
21797.73,100.63,19.9999
21798.73,101.11,19.9999
21799.73,100.68,19.9999
21800.73,100.67,19.9999
21801.73,101.14,19.9999
21802.73,100.67,19.9999
21803.74,100.83,19.9999
21804.74,121.61,19.9999
21805.74,100.43,19.9999
21806.74,100.42,19.9999
21807.74,100.92,19.9999
21808.74,100.52,19.9999
21809.74,100.57,19.9999
21810.75,101.12,19.9999
21811.75,100.66,19.9999
21812.75,100.66,19.9999
21813.75,101.12,20.0
21814.75,100.65,20.0
21815.75,100.65,20.0
21816.75,116.0,20.0
21817.76,100.69,20.0
21818.76,100.72,20.0
21819.76,101.05,20.0
21820.76,100.67,20.0
21821.76,101.1,20.0
21822.76,100.69,20.0
21823.76,100.64,20.0
21824.77,100.96,20.0
21825.77,100.59,20.0
21826.77,100.97,20.0
21827.77,100.68,20.0
21828.77,114.86,19.9999
21829.77,101.08,19.9999
21830.77,100.6,19.9999
21831.78,100.6,19.9999
21832.78,101.06,19.9999
21833.78,100.78,19.9999
21834.78,100.67,19.9999
21835.78,101.07,19.9999
21836.78,100.47,19.9999
21837.79,100.88,19.9999
21838.79,100.5,19.9999
21839.79,100.45,19.9999
21840.79,115.74,20.0
21841.79,100.61,20.0
21842.79,100.67,20.0
21843.79,101.09,20.0
21844.8,100.62,20.0
21845.8,100.6,20.0
21846.8,101.02,20.0
21847.8,100.64,20.0
21848.8,101.12,20.0
21849.8,100.67,20.0
21850.8,100.7,20.0
21851.81,117.95,20.0
21852.81,100.65,20.0
21853.81,100.75,20.0
21854.81,101.01,19.9999
21855.81,100.58,20.0
21856.81,101.09,20.0
21857.81,100.68,20.0
21858.82,100.7,20.0
21859.82,100.67,20.0
21860.82,101.08,20.0
21861.82,100.67,20.0
21862.82,101.11,20.0
21863.82,127.04,19.9999
21864.82,100.66,19.9999
21865.83,101.13,19.9999
21866.83,100.47,19.9999
21867.83,100.47,19.9999
21868.83,101.04,19.9999
21869.83,100.49,19.9999
21870.83,100.68,19.9999
21871.83,100.92,19.9999
21872.84,100.57,19.9999
21873.84,100.95,19.9999
21874.84,100.57,19.9999
21875.84,118.68,19.9999
21876.84,101.03,19.9999
21877.84,100.74,20.0
21878.84,100.69,19.9999
21879.85,101.03,19.9999
21880.85,100.66,19.9999
21881.85,100.65,20.0
21882.85,101.11,19.9999
21883.85,100.66,20.0
21884.85,100.9,20.0
21885.85,100.59,20.0
21886.86,115.81,20.0
21887.86,101.06,20.0
21888.86,100.54,20.0
21889.86,100.65,20.0
21890.86,101.03,20.0
21891.86,100.65,20.0
21892.86,100.66,20.0
21893.87,101.15,20.0
21894.87,100.64,20.0
21895.87,101.06,20.0
21896.87,100.64,20.0
21897.87,100.67,20.0
21898.87,115.95,20.0
21899.87,100.75,20.0
21900.88,100.66,20.0
21901.88,101.09,20.0
21902.88,100.64,20.0
21903.88,100.76,20.0
21904.88,100.94,20.0
21905.88,100.38,20.0
21906.89,100.83,20.0
21907.89,100.46,20.0
21908.89,100.54,20.0
21909.89,100.97,20.0
21910.89,115.86,19.9999
21911.89,101.0,19.9999
21912.9,100.65,19.9999
21913.9,100.77,19.9999
21914.9,100.96,19.9999
21915.9,100.64,19.9999
21916.9,101.08,19.9999
21917.9,100.69,20.0
21918.9,100.72,20.0
21919.91,101.02,19.9999
21920.91,100.65,19.9999
21921.91,101.06,19.9999
21922.91,118.53,19.9999
21923.91,100.76,19.9999
21924.91,101.06,19.9999
21925.92,100.54,19.9999
21926.92,100.65,19.9999
21927.92,101.09,19.9999
21928.92,100.79,19.9999
21929.92,100.69,19.9999
21930.92,100.98,19.9999
21931.92,100.68,19.9999
21932.93,101.07,19.9999
21933.93,127.4,20.0
21934.93,100.66,20.0
21935.93,101.1,20.0
21936.93,100.63,20.0
21937.93,100.68,20.0
21938.93,101.04,20.0
21939.94,100.64,20.0
21940.94,100.64,20.0
21941.94,101.06,20.0
21942.94,100.65,20.0
21943.94,101.2,20.0
21944.94,110.3,20.0
21945.94,107.98,19.9998
21946.94,100.62,19.9998
21947.95,100.93,19.9996
21948.95,100.69,19.9996
21949.95,101.03,19.9996
21950.95,100.69,19.9998
21951.95,100.69,19.9998
21952.95,101.05,19.9996
21953.96,100.77,19.9998
21954.96,100.62,19.9996
21955.96,101.01,19.9996
21956.96,115.44,19.9998
21957.96,101.06,19.9998
21958.96,100.75,19.9999
21959.96,100.6,19.9997
21960.97,101.01,19.9997
21961.97,100.69,19.9998
21962.97,100.64,19.9998
21963.97,101.19,19.9998
21964.97,100.62,19.9997
21965.97,100.73,19.9997
21966.97,101.06,19.9997
21967.97,100.64,19.9997
21968.98,115.34,19.9998
21969.98,101.09,19.9998
21970.98,101.0,19.9998
21971.98,100.66,19.9999
21972.98,101.13,19.9999
21973.98,100.79,19.9999
21974.98,100.62,19.9999
21975.99,101.03,19.9999
21976.99,100.65,19.9999
21977.99,100.67,20.0
21978.99,101.09,19.9999
21979.99,115.31,20.0
21980.99,100.4,19.9998
21981.99,100.95,19.9999
21983.0,100.47,19.9999
21984.0,100.99,19.9999
21985.0,100.62,19.9999
21986.0,100.53,19.9999
21987.0,101.12,19.9999
21988.0,100.66,19.9999
21989.0,100.66,20.0
21990.01,101.01,19.9999
21991.01,100.69,20.0
21992.01,120.45,19.9998
21993.01,100.68,19.9999
21994.01,101.2,19.9999
21995.01,100.69,19.9999
21996.01,101.02,19.9999
21997.01,100.66,19.9999
21998.02,100.72,19.9998
21999.02,101.16,19.9998
22000.02,100.77,19.9999
22001.02,100.67,19.9998
22002.02,100.71,19.9998
22003.02,126.64,20.0
22004.02,100.7,20.0
22005.03,101.07,20.0
22006.03,100.63,20.0
22007.03,100.72,20.0
22008.03,101.11,20.0
22009.03,100.71,20.0
22010.03,100.5,20.0
22011.03,100.96,20.0
22012.03,100.71,20.0
22013.04,100.67,20.0
22014.04,118.37,20.0
22015.04,100.69,20.0
22016.04,100.68,20.0
22017.04,101.06,20.0
22018.04,100.65,20.0
22019.05,101.12,20.0
22020.05,100.65,20.0
22021.05,100.68,20.0
22022.05,101.09,20.0
22023.05,100.68,19.9999
22024.05,101.15,19.9999
22025.05,100.73,19.9999
22026.06,115.64,20.0
22027.06,100.61,20.0
22028.06,100.98,20.0
22029.06,100.65,20.0
22030.06,100.99,20.0
22031.06,100.61,20.0
22032.06,100.58,20.0
22033.07,101.06,20.0
22034.07,100.75,20.0
22035.07,101.05,20.0
22036.07,100.66,20.0
22037.07,100.54,20.0
22038.07,115.97,19.9999
22039.08,100.56,19.9999
22040.08,100.44,19.9999
22041.08,100.84,19.9999
22042.08,100.45,19.9999
22043.08,100.64,19.9999
22044.08,101.19,19.9998
22045.08,100.67,19.9999
22046.09,101.03,19.9999
22047.09,100.66,19.9999
22048.09,100.7,19.9999
22049.09,115.53,20.0
22050.09,100.64,20.0
22051.09,100.6,20.0
22052.09,101.09,20.0
22053.09,100.62,19.9999
22054.1,100.81,20.0
22055.1,101.03,20.0
22056.1,100.73,20.0
22057.1,100.62,19.9999
22058.1,101.09,19.9999
22059.1,100.71,19.9999
22060.1,119.28,20.0
22061.11,101.1,20.0
22062.11,100.67,20.0
22063.11,100.63,20.0
22064.11,101.27,19.9999
22065.11,100.62,19.9999
22066.11,100.65,19.9999
22067.11,100.84,19.9999
22068.12,100.48,19.9999
22069.12,100.91,19.9999
22070.12,100.48,19.9999
22071.12,125.91,20.0
22072.12,101.07,19.9999
22073.12,320.81,9.2487
22074.12,326.48,9.6542
22075.13,329.82,9.8817
22076.13,347.28,10.0831
22077.13,316.17,10.3296
22078.13,313.02,10.5764
22079.13,304.21,10.8734
22080.13,310.95,11.1856
22081.13,303.14,11.4406
22082.13,307.08,11.6645
22083.14,302.59,11.899
22084.14,307.28,12.1206
22085.14,217.0,12.8231
22086.14,100.74,13.6104
22087.14,244.17,14.8401
22088.14,399.85,15.6066
22089.14,270.63,16.0401
22090.14,100.71,16.0401
22091.15,120.75,16.0401
22092.15,310.08,16.043
22093.15,307.15,16.0437
22094.15,306.66,16.0437
22095.15,303.13,16.1439
22096.15,305.19,16.1439
22097.15,274.38,16.1441
22098.16,220.61,16.1443
22099.16,187.37,16.1443
22100.16,167.76,16.1443
22101.16,139.2,16.1443
22102.16,139.48,16.1444
22103.16,112.66,16.1445
22104.17,109.35,16.1443
22105.17,380.06,17.165
22106.17,399.78,17.8194
22107.17,400.58,18.4742
22108.17,345.12,18.9336
22109.17,111.13,19.0319
22110.17,115.8,19.0319
22111.17,145.57,19.032
22112.18,114.74,19.032
22113.18,108.68,19.032
22114.18,107.7,19.032
22115.18,102.64,19.032
22116.18,119.32,19.0321
22117.18,101.7,19.0321
22118.18,102.34,19.0321
22119.19,135.13,19.0322
22120.19,101.41,19.0322
22121.19,101.41,19.0322
22122.19,101.2,19.0322
22123.19,151.79,19.0322
22124.19,152.15,19.0323
22125.19,106.13,19.0323
22126.19,137.84,19.0323
22127.2,101.02,19.0324
22128.2,119.94,19.0324
22129.2,121.3,19.0325
22130.2,102.51,19.0325
22131.2,101.53,19.0325
22132.2,115.0,19.0325
22133.2,101.13,19.0323
22134.21,104.35,19.0324
22135.21,102.64,19.0323
22136.21,101.45,19.0322
22137.21,101.11,19.0322
22138.21,100.85,19.0323
22139.21,101.56,19.0324
22140.22,101.22,19.0324
22141.22,125.44,19.0324
22142.22,102.05,19.0324
22143.22,103.37,19.0324
22144.22,111.13,19.0324
22145.22,108.25,19.0324
22146.22,100.79,19.0323
22147.23,101.09,19.0323
22148.23,100.79,19.0323
22149.23,100.84,19.0323
22150.23,104.11,19.0323
22151.23,102.04,19.0323
22152.23,100.83,19.0323
22153.23,101.55,19.0323
22154.24,100.79,19.0323
22155.24,101.12,19.0322
22156.24,100.76,19.0322
22157.24,100.79,19.0322
22158.24,101.51,19.0324
22159.24,110.27,19.0323
22160.24,120.46,19.0324
22161.25,148.08,19.0323
22162.25,108.08,19.0324
22163.25,110.81,19.0324
22164.25,104.61,19.0324
22165.25,100.87,19.0324
22166.25,115.58,19.0323
22167.25,101.29,19.0324
22168.25,100.79,19.0323
22169.26,101.01,19.0323
22170.26,101.14,19.0323
22171.26,181.22,19.0367
22172.26,399.07,19.1079
22173.26,344.95,19.1501
22174.26,103.24,19.1501
22175.27,101.14,19.1502
22176.27,101.03,19.1501
22177.27,101.27,19.1501
22178.27,101.17,19.1501
22179.27,104.11,19.1501
22180.27,100.64,19.1501
22181.27,102.45,19.1501
22182.28,100.9,19.1502
22183.28,103.36,19.1502
22184.28,103.51,19.1502
22185.28,101.93,19.1502
22186.28,102.68,19.1502
22187.28,100.68,19.1502
22188.28,100.67,19.1502
22189.29,101.25,19.1502
22190.29,100.73,19.1502
22191.29,100.91,19.1502
22192.29,285.01,19.1506
22193.29,240.67,19.1511
22194.29,155.89,19.1512
22195.29,100.99,19.1512
22196.29,162.89,19.1512
22197.3,131.07,19.1513
22198.3,102.55,19.1513
22199.3,100.78,19.1514
22200.3,321.49,19.1558
22201.3,400.2,19.1698
22202.3,130.05,19.1714
22203.3,100.77,19.1715
22204.31,101.01,19.1715
22205.31,113.88,19.1712
22206.31,100.72,19.1714
22207.31,101.11,19.1713
22208.31,100.58,19.1713
22209.31,100.62,19.1713
22210.31,101.43,19.1713
22211.32,238.0,19.1714
22212.32,399.43,19.1714
22213.32,148.6,19.1716
22214.32,100.72,19.1716
22215.32,110.33,19.1715
22216.32,166.92,19.1734
22217.32,101.6,19.1735
22218.33,102.09,19.1733
22219.33,100.69,19.1733
22220.33,102.6,19.1733
22221.33,101.75,19.1733
22222.33,235.37,19.1733
22223.33,399.44,19.1738
22224.33,149.82,19.1738
22225.34,102.39,19.1738
22226.34,182.22,19.1738
22227.34,114.92,19.1775
22228.34,279.82,19.6344
22229.34,399.22,19.8738
22230.34,108.41,19.8738
22231.34,100.75,19.8738
22232.35,101.14,19.8738
22233.35,100.76,19.8738
22234.35,167.56,19.9999
22235.35,101.07,19.9999
22236.35,100.63,19.9999
22237.35,100.67,19.9999
22238.35,115.95,19.9999
22239.36,100.73,19.9999
22240.36,100.68,19.9999
22241.36,101.1,19.9999
22242.36,100.67,19.9999
22243.36,115.34,19.9999
22244.36,100.68,19.9999
22245.36,100.54,19.9999
22246.37,100.88,20.0
22247.37,117.69,19.9999
22248.37,100.52,20.0
22249.37,100.92,20.0
22250.37,100.51,19.9999
22251.37,119.45,19.9998
22252.38,100.52,19.9998
22253.38,100.72,19.9999
22254.38,100.93,19.9999
22255.38,119.25,19.9999
22256.38,102.56,19.9999
22257.38,100.64,19.9998
22258.38,100.74,19.9999
22259.39,119.71,20.0
22260.39,100.66,20.0
22261.39,100.6,20.0
22262.39,101.04,19.9998
22263.39,118.86,20.0
22264.39,100.49,20.0
22265.39,100.86,20.0
22266.4,100.47,20.0
22267.4,116.65,20.0
22268.4,102.3,20.0
22269.4,100.59,20.0
22270.4,100.9,20.0
22271.4,115.8,20.0
22272.4,100.8,20.0
22273.41,101.13,20.0
22274.41,100.53,20.0
22275.41,115.05,19.9999
22276.41,100.68,19.9999
22277.41,100.81,19.9999
22278.41,101.07,19.9999
22279.42,100.72,19.9999
22280.42,127.64,19.9999
22281.42,100.72,19.9999
22282.42,100.81,19.9999
22283.42,100.73,19.9999
22284.42,115.76,19.9999
22285.42,100.74,19.9999
22286.43,101.0,19.9999
22287.43,100.52,19.9999
22288.43,100.51,19.9999
22289.43,115.56,20.0
22290.43,100.51,20.0
22291.43,100.89,19.9999
22292.43,100.51,19.9999
22293.44,100.64,19.9999
22294.44,115.51,20.0
22295.44,100.66,20.0
22296.44,100.51,20.0
22297.44,100.96,20.0
22298.44,100.68,20.0
22299.44,100.72,20.0
22300.45,115.47,19.9999
22301.45,100.7,19.9999
22302.45,100.69,19.9999
22303.45,101.02,19.9999
22304.45,100.6,19.9999
22305.45,100.53,19.9999
22306.45,120.17,19.9999
22307.45,100.94,19.9999
22308.46,100.48,19.9999
22309.46,101.1,19.9999
22310.46,100.67,19.9999
22311.46,100.49,19.9999
22312.46,100.88,19.9999
22313.46,121.59,19.9999
22314.46,100.66,19.9999
22315.47,101.04,19.9999
22316.47,100.61,19.9999
22317.47,101.03,19.9999
22318.47,100.58,19.9999
22319.47,119.99,20.0
22320.47,100.98,20.0
22321.48,100.6,20.0
22322.48,101.01,19.9999
22323.48,100.66,20.0
22324.48,100.73,20.0
22325.48,101.15,20.0
22326.48,100.64,20.0
22327.48,115.91,20.0
22328.49,101.11,20.0
22329.49,100.71,20.0
22330.49,100.69,20.0
22331.49,101.16,20.0
22332.49,100.71,20.0
22333.49,100.81,20.0
22334.49,115.62,20.0
22335.49,100.64,20.0
22336.5,100.59,20.0
22337.5,101.03,20.0
22338.5,100.6,19.9999
22339.5,100.55,19.9999
22340.5,101.02,19.9999
22341.5,100.66,19.9999
22342.51,115.78,19.9999
22343.51,100.66,19.9999
22344.51,100.65,19.9999
22345.51,101.11,19.9999
22346.51,100.62,19.9999
22347.51,100.52,19.9999
22348.51,101.07,19.9999
22349.52,100.71,19.9999
22350.52,101.06,19.9999
22351.52,115.34,19.9999
22352.52,100.7,19.9999
22353.52,101.14,19.9999
22354.52,100.51,19.9999
22355.52,100.58,19.9999
22356.53,101.04,19.9999
22357.53,100.58,19.9999
22358.53,100.87,19.9999
22359.53,115.3,20.0
22360.53,100.65,20.0
22361.53,101.04,20.0
22362.54,100.64,20.0
22363.54,101.13,20.0
22364.54,100.67,20.0
22365.54,100.63,20.0
22366.54,101.05,20.0
22367.54,100.65,20.0
22368.54,122.28,19.9998
22369.55,101.08,19.9999
22370.55,100.67,19.9999
22371.55,101.08,19.9999
22372.55,100.67,19.9999
22373.55,100.75,19.9998
22374.55,101.11,19.9998
22375.56,100.65,19.9999
22376.56,100.7,19.9999
22377.56,124.5,19.9999
22378.56,100.68,19.9997
22379.56,101.01,19.9998
22380.56,100.66,19.9998
22381.56,100.64,19.9998
22382.57,101.07,19.9998
22383.57,100.76,19.9998
22384.57,100.73,19.9999
22385.57,100.99,19.9998
22386.57,116.79,19.9999
22387.57,101.06,19.9999
22388.57,100.71,20.0
22389.58,100.66,19.9999
22390.58,101.06,19.9999
22391.58,100.68,19.9999
22392.58,100.71,19.9999
22393.58,101.11,20.0
22394.58,100.57,20.0
22395.59,116.35,20.0
22396.59,100.65,20.0
22397.59,100.67,20.0
22398.59,101.08,20.0
22399.59,100.66,20.0
22400.59,101.09,20.0
22401.59,100.67,20.0
22402.6,100.7,20.0
22403.6,101.2,20.0
22404.6,112.33,20.0
22405.6,103.61,20.0
22406.6,101.06,20.0
22407.6,100.68,20.0
22408.61,101.14,20.0
22409.61,100.68,19.9999
22410.61,100.69,20.0
22411.61,101.12,20.0
22412.61,100.68,20.0
22413.61,100.77,20.0
22414.61,101.08,20.0
22415.62,114.87,20.0
22416.62,101.08,20.0
22417.62,100.67,20.0
22418.62,100.69,20.0
22419.62,101.08,20.0
22420.62,100.67,19.9999
22421.62,100.72,19.9999
22422.63,101.08,19.9999
22423.63,100.76,19.9999
22424.63,101.08,19.9999
22425.63,118.07,19.9999
22426.63,100.68,19.9999
22427.63,101.05,19.9999
22428.64,100.65,19.9999
22429.64,101.08,19.9999
22430.64,100.75,19.9999
22431.64,100.52,19.9999
22432.64,101.0,19.9999
22433.64,100.63,19.9999
22434.64,100.67,19.9999
22435.65,124.96,19.9999
22436.65,100.68,19.9999
22437.65,100.66,19.9999
22438.65,101.1,20.0
22439.65,100.65,19.9999
22440.65,101.05,19.9999
22441.65,100.67,19.9999
22442.66,100.67,19.9999
22443.66,101.17,20.0
22444.66,100.69,20.0
22445.66,121.24,20.0
22446.66,100.65,20.0
22447.66,100.66,20.0
22448.67,101.01,20.0
22449.67,100.56,20.0
22450.67,100.62,20.0
22451.67,101.05,20.0
22452.67,100.64,20.0
22453.67,101.14,20.0
22454.68,100.66,20.0
22455.68,115.38,20.0
22456.68,101.08,20.0
22457.68,100.65,20.0
22458.68,101.08,20.0
22459.68,100.64,20.0
22460.68,100.67,20.0
22461.69,101.04,20.0
22462.69,100.63,20.0
22463.69,100.76,20.0
22464.69,101.04,20.0
22465.69,115.02,20.0
22466.69,101.02,20.0
22467.69,100.59,20.0
22468.7,100.72,20.0
22469.7,101.07,20.0
22470.7,100.67,20.0
22471.7,100.67,20.0
22472.7,101.08,20.0
22473.7,100.78,20.0
22474.71,101.14,20.0
22475.71,100.65,20.0
22476.71,100.64,20.0
22477.71,114.88,19.9999
22478.71,100.66,19.9999
22479.72,100.95,19.9998
22480.72,100.64,19.9999
22481.72,105.75,19.9999
22482.72,100.65,20.0
22483.72,101.18,20.0
22484.72,100.69,20.0
22485.72,100.6,20.0
22486.73,101.11,20.0
22487.73,100.65,20.0
22488.73,114.78,19.9999
22489.73,101.08,19.9999
22490.73,100.67,19.9999
22491.73,100.67,19.9998
22492.73,101.09,19.9998
22493.74,100.66,19.9998
22494.74,100.45,19.9999
22495.74,100.86,19.9999
22496.74,100.62,19.9998
22497.74,101.05,19.9998
22498.74,124.79,19.9999
22499.74,100.64,19.9998
22500.75,101.02,19.9998
22501.75,100.68,19.9998
22502.75,101.1,19.9998
22503.75,100.78,20.0
22504.75,100.68,20.0
22505.75,100.72,20.0
22506.75,101.02,20.0
22507.76,100.64,20.0
22508.76,100.87,20.0
22509.76,122.52,20.0
22510.76,100.64,20.0
22511.76,101.09,20.0
22512.76,100.68,20.0
22513.76,100.76,20.0
22514.77,101.07,20.0
22515.77,100.67,20.0
22516.77,101.06,20.0
22517.77,100.67,20.0
22518.77,100.73,20.0
22519.77,101.08,20.0
22520.78,115.48,20.0
22521.78,101.09,20.0
22522.78,100.69,20.0
22523.78,100.8,20.0
22524.78,101.1,20.0
22525.78,100.75,20.0
22526.78,100.47,19.9999
22527.79,101.04,19.9999
22528.79,100.73,19.9999
22529.79,101.08,20.0
22530.79,100.67,20.0
22531.79,114.83,20.0
22532.79,101.03,20.0
22533.8,100.77,19.9999
22534.8,100.67,19.9999
22535.8,101.08,19.9999
22536.8,100.63,19.9999
22537.8,101.1,19.9999
22538.8,100.72,19.9999
22539.8,100.66,19.9999
22540.81,101.41,19.9999
22541.81,100.68,19.9999
22542.81,100.67,19.9999
22543.81,115.31,19.9999
22544.81,100.68,19.9999
22545.81,100.68,19.9999
22546.81,101.05,19.9999
22547.82,100.68,19.9999
22548.82,100.7,19.9999
22549.82,101.05,19.9999
22550.82,100.65,19.9999
22551.82,101.08,19.9999
22552.82,100.64,19.9999
22553.82,100.76,19.9999
22554.83,117.64,19.9999
22555.83,100.68,19.9999
22556.83,101.08,19.9999
22557.83,100.53,19.9999
22558.83,100.72,19.9999
22559.83,101.14,19.9999
22560.83,100.69,19.9999
22561.84,100.65,19.9999
22562.84,101.07,19.9999
22563.84,100.76,19.9999
22564.84,100.66,19.9999
22565.84,110.99,19.9999
22566.84,115.79,19.9999
22567.85,101.07,19.9999
22568.85,100.71,19.9999
22569.85,100.65,19.9999
22570.85,101.03,19.9999
22571.85,100.65,19.9998
22572.85,100.69,19.9999
22573.85,101.16,20.0
22574.86,100.67,20.0
22575.86,101.07,20.0
22576.86,100.66,20.0
22577.86,120.23,20.0
22578.86,101.21,20.0
22579.86,100.59,20.0
22580.86,100.68,20.0
22581.87,101.1,20.0
22582.87,100.67,20.0
22583.87,100.8,20.0
22584.87,101.08,19.9999
22585.87,100.67,19.9999
22586.87,101.05,20.0
22587.87,100.64,20.0
22588.88,115.23,19.9999
22589.88,100.96,19.9999
22590.88,100.55,19.9999
22591.88,100.88,19.9999
22592.88,100.46,19.9999
22593.88,100.66,20.0
22594.89,101.08,19.9999
22595.89,100.68,19.9999
22596.89,100.65,19.9999
22597.89,100.75,19.9999
22598.89,100.95,19.9999
22599.89,100.45,19.9999
22600.89,115.27,19.9999
22601.89,100.79,19.9999
22602.9,100.7,19.9999
22603.9,100.78,19.9999
22604.9,100.99,19.9998
22605.9,100.73,19.9999
22606.9,101.12,19.9999
22607.9,100.68,19.9999
22608.9,100.72,19.9999
22609.91,101.1,19.9999
22610.91,100.69,19.9999
22611.91,100.66,19.9999
22612.91,115.2,20.0
22613.91,100.79,20.0
22614.91,100.65,20.0
22615.91,101.02,20.0
22616.91,100.7,20.0
22617.92,100.66,20.0
22618.92,101.09,20.0
22619.92,100.68,20.0
22620.92,100.69,20.0
22621.92,101.04,20.0
22622.92,100.64,20.0
22623.92,120.25,19.9999
22624.93,101.03,19.9999
22625.93,100.63,19.9999
22626.93,101.0,19.9999
22627.93,100.65,19.9999
22628.93,100.68,19.9999
22629.93,100.83,19.9999
22630.94,100.46,19.9999
22631.94,100.83,19.9999
22632.94,100.48,19.9999
22633.94,100.75,19.9999
22634.94,100.98,19.9999
22635.94,100.42,19.9999
22636.95,126.26,19.9999
22637.95,100.65,19.9999
22638.95,100.7,19.9999
22639.95,101.09,19.9999
22640.95,100.66,19.9999
22641.95,100.67,19.9999
22642.95,101.09,19.9999
22643.96,100.8,19.9999
22644.96,101.05,19.9999
22645.96,100.7,19.9999
22646.96,100.66,19.9999
22647.96,116.61,20.0
22648.96,100.69,20.0
22649.97,101.06,20.0
22650.97,100.66,20.0
22651.97,100.59,20.0
22652.97,101.05,20.0
22653.97,100.75,20.0
22654.97,101.05,20.0
22655.97,100.63,20.0
22656.98,100.59,20.0
22657.98,101.04,20.0
22658.98,100.72,20.0
22659.98,114.97,19.9999
22660.98,101.14,19.9999
22661.98,100.64,19.9998
22662.99,101.08,19.9998
22663.99,100.76,19.9999
22664.99,100.64,19.9998
22665.99,101.08,19.9998
22666.99,100.46,19.9998
22667.99,100.46,19.9998
22668.99,100.89,19.9999
22670.0,100.43,19.9998
22671.0,100.46,19.9998
22672.0,115.63,19.9999
22673.0,100.67,19.9998
22674.0,101.09,19.9998
22675.0,100.62,19.9998
22676.0,100.52,19.9998
22677.01,100.89,19.9998
22678.01,100.68,19.9998
22679.01,101.12,19.9999
22680.01,100.7,19.9999
22681.01,100.64,19.9999
22682.01,100.99,19.9999
22683.01,100.66,19.9999
22684.02,100.76,19.9999
22685.02,115.2,19.9999
22686.02,100.66,19.9998
22687.02,100.66,19.9998
22688.02,101.05,19.9998
22689.02,100.72,19.9998
22690.02,100.67,19.9998
22691.03,101.12,19.9998
22692.03,100.64,20.0
22693.03,101.0,20.0
22694.03,100.76,19.9998
22695.03,100.69,19.9998
22696.03,114.73,20.0
22697.04,112.87,19.9999
22698.04,101.07,19.9999
22699.04,100.69,19.9999
22700.04,100.68,19.9999
22701.04,101.16,19.9999
22702.04,100.68,19.9999
22703.04,100.7,19.9999
22704.05,101.17,19.9999
22705.05,100.51,19.9999
22706.05,100.46,19.9999
22707.05,101.01,19.9999
22708.05,121.25,19.9998
22709.05,101.18,19.9998
22710.05,100.65,19.9999
22711.06,100.55,20.0
22712.06,101.03,19.9999
22713.06,100.66,19.9998
22714.06,100.76,19.9999
22715.06,101.07,19.9999
22716.06,100.67,19.9999
22717.07,100.96,19.9999
22718.07,100.56,19.9999
22719.07,100.51,19.9999
22720.07,115.23,19.9999
22721.07,100.61,19.9999
22722.07,100.65,19.9999
22723.07,101.1,19.9999
22724.08,100.74,19.9999
22725.08,101.06,19.9999
22726.08,100.66,19.9999
22727.08,100.65,19.9999
22728.08,101.08,19.9999
22729.08,100.72,19.9999
22730.08,100.65,19.9999
22731.09,101.05,19.9999
22732.09,111.28,19.9999
22733.09,104.53,19.9999
22734.09,101.17,19.9999
22735.09,100.76,19.9999
22736.09,100.68,19.9999
22737.09,101.12,19.9999
22738.09,100.75,19.9999
22739.1,100.68,19.9999
22740.1,101.07,19.9999
22741.1,100.64,19.9999
22742.1,100.63,19.9999
22743.1,101.05,19.9999
22744.1,100.75,19.9999
22745.1,115.0,19.9999
22746.11,100.94,19.9999
22747.11,100.45,19.9999
22748.11,100.85,19.9999
22749.11,100.5,19.9999
22750.11,100.68,20.0
22751.11,101.09,20.0
22752.12,100.66,20.0
22753.12,100.68,20.0
22754.12,101.07,20.0
22755.12,100.37,20.0
22756.12,100.87,20.0
22757.12,100.68,20.0
22758.12,121.6,20.0
22759.13,101.03,20.0
22760.13,100.71,20.0
22761.13,100.69,20.0
22762.13,101.05,20.0
22763.13,100.71,20.0
22764.13,101.21,20.0
22765.14,100.72,20.0
22766.14,100.69,20.0
22767.14,101.04,20.0
22768.14,100.96,20.0
22769.14,101.12,20.0
22770.14,126.24,19.9998
22771.14,100.67,19.9998
22772.15,101.15,19.9998
22773.15,100.7,19.9998
22774.15,100.73,19.9999
22775.15,101.01,19.9998
22776.15,100.65,19.9998
22777.15,100.65,19.9998
22778.15,101.06,19.9998
22779.16,100.66,19.9999
22780.16,101.04,19.9999
22781.16,100.67,19.9999
22782.16,115.67,19.9999
22783.16,101.2,19.9999
22784.16,100.7,19.9999
22785.16,100.66,19.9998
22786.17,101.04,19.9998
22787.17,100.64,19.9999
22788.17,100.67,19.9999
22789.17,101.08,19.9998
22790.17,100.66,19.9998
22791.17,100.67,19.9998
22792.17,101.03,19.9998
22793.18,100.68,19.9998
22794.18,115.32,20.0
22795.18,100.64,20.0
22796.18,100.56,19.9999
22797.18,100.96,19.9999
22798.18,100.66,19.9999
22799.18,100.7,20.0
22800.19,101.07,20.0
22801.19,100.76,19.9999
22802.19,100.64,19.9999
22803.19,101.06,19.9999
22804.19,100.7,19.9999
22805.19,101.04,19.9999
22806.19,100.64,19.9999
22807.2,115.04,20.0
22808.2,101.05,20.0
22809.2,100.71,19.9999
22810.2,100.68,19.9999
22811.2,101.1,19.9999
22812.2,100.63,19.9999
22813.21,101.03,19.9999
22814.21,100.71,20.0
22815.21,100.67,20.0
22816.21,101.07,19.9999
22817.21,100.67,19.9998
22818.21,101.02,19.9998
22819.22,117.57,19.9999
22820.22,100.58,19.9999
22821.22,101.08,19.9999
22822.22,100.68,19.9999
22823.22,100.73,19.9999
22824.22,101.1,19.9999
22825.22,100.68,19.9999
22826.23,101.07,19.9999
22827.23,100.65,19.9999
22828.23,100.65,19.9999
22829.23,101.06,19.9999
22830.23,100.63,19.9999
22831.23,100.56,19.9999
22832.23,127.32,19.9999
22833.23,100.83,19.9999
22834.24,100.68,19.9999
22835.24,101.04,19.9998
22836.24,100.5,19.9999
22837.24,100.51,19.9999
22838.24,101.12,19.9998
22839.24,100.7,20.0
22840.24,100.65,19.9998
22841.25,101.13,19.9998
22842.25,100.65,19.9998
22843.25,100.74,20.0
22844.25,119.31,20.0
22845.25,100.61,20.0
22846.25,100.63,20.0
22847.25,100.96,20.0
22848.26,100.61,20.0
22849.26,100.57,20.0
22850.26,101.01,20.0
22851.26,100.63,19.9998
22852.26,101.05,19.9998
22853.26,100.75,19.9998
22854.26,100.71,19.9998
22855.27,101.07,20.0
22856.27,100.66,20.0
22857.27,115.36,20.0
22858.27,100.65,20.0
22859.27,100.7,20.0
22860.27,101.04,20.0
22861.28,100.68,20.0
22862.28,100.66,20.0
22863.28,101.14,20.0
22864.28,100.72,20.0
22865.28,101.12,20.0
22866.28,100.68,19.9999
22867.28,100.68,19.9999
22868.29,101.14,19.9999
22869.29,115.44,20.0
22870.29,100.64,20.0
22871.29,101.07,19.9999
22872.29,100.44,19.9999
22873.29,100.73,19.9999
22874.29,101.13,19.9999
22875.29,100.64,19.9999
22876.3,100.64,19.9999
22877.3,101.12,19.9999
22878.3,100.67,19.9999
22879.3,100.69,19.9999
22880.3,101.12,19.9999
22881.3,100.65,19.9999
22882.3,115.02,20.0
22883.31,101.17,20.0
22884.31,100.51,20.0
22885.31,100.43,20.0
22886.31,100.96,20.0
22887.31,100.49,20.0
22888.31,100.63,20.0
22889.31,101.05,20.0
22890.32,100.67,19.9999
22891.32,101.06,20.0
22892.32,100.65,20.0
22893.32,100.58,20.0
22894.32,127.04,20.0
22895.32,100.63,20.0
22896.33,101.02,20.0
22897.33,100.74,20.0
22898.33,100.67,19.9999
22899.33,100.98,19.9999
22900.33,100.62,19.9999
22901.33,100.5,19.9999
22902.33,100.85,19.9999
22903.33,100.6,20.0
22904.34,100.48,20.0
22905.34,100.99,20.0
22906.34,121.64,19.9999
22907.34,100.62,19.9999
22908.34,101.05,19.9999
22909.34,100.67,19.9999
22910.34,100.48,19.9999
22911.35,101.09,19.9999
22912.35,100.69,19.9999
22913.35,100.74,19.9999
22914.35,101.08,19.9999
22915.35,100.65,19.9999
22916.35,100.75,19.9999
22917.35,101.06,19.9999
22918.36,114.75,20.0
22919.36,101.08,20.0
22920.36,100.61,20.0
22921.36,100.67,20.0
22922.36,101.05,20.0
22923.36,100.72,20.0
22924.37,101.08,20.0
22925.37,100.57,20.0
22926.37,100.63,20.0
22927.37,100.94,20.0
22928.37,100.51,20.0
22929.37,100.69,20.0
22930.37,110.46,20.0
22931.37,105.24,20.0
22932.38,100.64,20.0
22933.38,101.09,20.0
22934.38,100.69,20.0
22935.38,101.07,20.0
22936.38,100.58,20.0
22937.38,100.65,20.0
22938.39,101.06,20.0
22939.39,100.72,19.9999
22940.39,100.62,19.9999
22941.39,101.02,20.0
22942.39,100.67,19.9999
22943.39,115.6,19.9999
22944.4,100.66,19.9999
22945.4,101.06,19.9999
22946.4,100.61,19.9999
22947.4,100.62,19.9999
22948.4,101.06,19.9999
22949.4,100.63,19.9999
22950.4,100.66,19.9999
22951.41,101.03,19.9999
22952.41,100.69,19.9999
22953.41,101.11,19.9999
22954.41,100.68,19.9999
22955.41,111.03,19.9999
22956.41,111.15,19.9998
22957.42,100.67,19.9998
22958.42,101.06,19.9998
22959.42,100.69,19.9998
22960.42,100.72,19.9998
22961.42,100.69,19.9998
22962.42,101.04,19.9999
22963.42,100.66,19.9999
22964.43,100.97,19.9997
22965.43,100.71,19.9998
22966.43,100.47,19.9998
22967.43,101.01,19.9998
22968.43,125.76,19.9998
22969.43,100.66,19.9998
22970.43,101.03,19.9998
22971.44,100.7,19.9999
22972.44,100.61,19.9998
22973.44,101.08,19.9998
22974.44,100.71,19.9999
22975.44,101.09,19.9999
22976.44,100.63,19.9998
22977.44,100.67,19.9999
22978.45,101.07,19.9998
22979.45,100.67,19.9998
22980.45,116.31,19.9999
22981.45,100.67,19.9999
22982.45,100.67,19.9999
22983.45,101.17,19.9999
22984.46,100.74,19.9999
22985.46,101.02,19.9999
22986.46,100.66,19.9999
22987.46,100.72,19.9998
22988.46,100.93,19.9998
22989.46,100.71,19.9998
22990.46,100.53,19.9998
22991.47,101.06,19.9998
22992.47,115.15,20.0
22993.47,100.69,20.0
22994.47,101.08,20.0
22995.47,100.64,20.0
22996.47,101.03,20.0
22997.47,100.67,20.0
22998.48,100.7,20.0
22999.48,101.11,20.0
23000.48,100.71,20.0
23001.48,101.07,20.0
23002.48,100.76,20.0
23003.48,100.76,19.9999
23004.49,101.15,20.0
23005.49,114.92,20.0
23006.49,100.76,20.0
23007.49,101.16,20.0
23008.49,100.71,20.0
23009.49,100.74,20.0
23010.49,101.12,20.0
23011.5,100.69,20.0
23012.5,100.61,20.0
23013.5,101.11,20.0
23014.5,100.74,20.0
23015.5,101.12,20.0
23016.5,101.32,20.0
23017.5,100.65,20.0
23018.51,118.07,20.0
23019.51,100.66,19.9999
23020.51,100.73,19.9999
23021.51,101.16,19.9999
23022.51,100.66,19.9998
23023.51,101.09,19.9998
23024.52,100.68,19.9998
23025.52,100.7,19.9998
23026.52,101.19,19.9998
23027.52,100.71,19.9998
23028.52,100.7,19.9998
23029.52,101.12,19.9998
23030.52,127.99,20.0
23031.52,100.68,20.0
23032.52,100.66,19.9999
23033.53,101.15,19.9999
23034.53,100.68,20.0
23035.53,100.65,20.0
23036.53,101.07,20.0
23037.53,100.59,20.0
23038.53,100.96,20.0
23039.53,100.7,20.0
23040.54,100.57,20.0
23041.54,101.07,20.0
23042.54,100.68,19.9999
23043.54,117.21,20.0
23044.54,101.14,19.9998
23045.54,100.66,19.9998
23046.54,100.58,19.9998
23047.55,101.01,20.0
23048.55,100.66,19.9999
23049.55,101.07,19.9999
23050.55,100.57,19.9999
23051.55,100.57,19.9999
23052.55,101.08,19.9999
23053.56,100.67,19.9999
23054.56,101.09,19.9999
23055.56,115.03,19.9999
23056.56,100.74,19.9999
23057.56,100.64,19.9999
23058.56,101.09,19.9999
23059.56,100.72,19.9999
23060.57,101.08,19.9999
23061.57,100.67,19.9999
23062.57,100.64,19.9999
23063.57,101.01,19.9999
23064.57,100.55,19.9999
23065.57,100.95,19.9999
23066.57,100.54,19.9999
23067.58,100.57,19.9999
23068.58,115.86,20.0
23069.58,100.63,19.9998
23070.58,100.63,19.9998
23071.58,101.01,19.9998
23072.58,100.55,20.0
23073.58,100.59,20.0
23074.59,100.96,20.0
23075.59,100.65,19.9998
23076.59,100.6,19.9998
23077.59,100.94,19.9998
23078.59,100.56,20.0
23079.59,100.51,20.0
23080.59,101.02,20.0
23081.59,100.65,20.0
23082.6,115.97,20.0
23083.6,101.15,20.0
23084.6,100.64,20.0
23085.6,100.67,19.9999
23086.6,101.05,19.9999
23087.6,100.7,20.0
23088.6,100.71,20.0
23089.61,101.08,19.9999
23090.61,100.62,19.9999
23091.61,101.1,19.9999
23092.61,100.71,19.9999
23093.61,100.89,20.0
23094.61,127.06,19.9999
23095.61,101.1,19.9999
23096.62,100.65,19.9999
23097.62,101.05,19.9999
23098.62,100.61,20.0
23099.62,100.51,19.9999
23100.62,100.97,19.9999
23101.62,100.59,19.9999
23102.63,101.1,19.9999
23103.63,100.67,19.9999
23104.63,100.51,19.9999
23105.63,101.01,19.9999
23106.63,100.66,19.9999
23107.63,120.21,19.9999
23108.63,100.99,20.0
23109.64,100.45,20.0
23110.64,100.86,20.0
23111.64,100.72,20.0
23112.64,100.47,20.0
23113.64,100.94,20.0
23114.64,100.46,20.0
23115.64,100.43,20.0
23116.65,100.99,20.0
23117.65,100.56,20.0
23118.65,100.94,20.0
23119.65,100.7,20.0
23120.65,115.35,20.0
23121.65,101.05,20.0
23122.66,100.67,20.0
23123.66,100.74,20.0
23124.66,101.05,20.0
23125.66,100.52,20.0
23126.66,100.97,20.0
23127.66,100.55,20.0
23128.67,100.93,19.9999
23129.67,100.46,19.9999
23130.67,100.42,20.0
23131.67,101.15,20.0
23132.67,115.23,20.0
23133.67,100.73,20.0
23134.67,101.13,20.0
23135.67,100.69,20.0
23136.68,100.7,20.0
23137.68,101.08,20.0
23138.68,100.73,20.0
23139.68,100.74,20.0
23140.68,101.1,20.0
23141.68,100.75,19.9999
23142.68,100.78,20.0
23143.69,101.2,19.9999
23144.69,100.66,19.9999
23145.69,115.17,20.0
23146.69,100.71,20.0
23147.69,100.68,20.0
23148.69,101.09,20.0
23149.7,100.68,20.0
23150.7,100.64,20.0
23151.7,100.89,20.0
23152.7,100.82,19.9999
23153.7,102.59,19.9999
23154.7,100.44,19.9998
23155.71,101.1,19.9998
23156.71,100.64,19.9998
23157.71,125.15,19.9999
23158.71,101.05,19.9999
23159.71,100.49,19.9998
23160.71,100.55,19.9998
23161.71,101.08,19.9998
23162.72,100.68,19.9998
23163.72,100.85,19.9999
23164.72,101.13,19.9999
23165.72,100.66,19.9998
23166.72,100.57,19.9998
23167.72,101.1,19.9998
23168.72,100.69,19.9999
23169.72,113.1,19.9999
23170.72,110.25,19.9999
23171.73,101.06,19.9999
23172.73,100.72,19.9999
23173.73,101.18,19.9999
23174.73,100.68,19.9999
23175.73,100.58,19.9999
23176.73,101.02,19.9999
23177.74,100.7,19.9999
23178.74,100.8,19.9999
23179.74,101.06,19.9999
23180.74,100.65,19.9999
23181.74,100.67,19.9998
23182.74,115.18,19.9999
23183.74,100.58,19.9999
23184.74,100.67,19.9999
23185.75,101.04,19.9999
23186.75,100.62,19.9999
23187.75,101.02,19.9999
23188.75,100.71,19.9999
23189.75,100.66,20.0
23190.75,100.95,19.9999
23191.76,100.55,20.0
23192.76,100.88,20.0
23193.76,100.58,20.0
23194.76,112.87,20.0
23195.76,102.8,20.0
23196.76,100.64,20.0
23197.76,100.65,20.0
23198.77,100.94,20.0
23199.77,100.69,20.0
23200.77,101.09,20.0
23201.77,100.67,20.0
23202.77,100.67,20.0
23203.77,101.03,20.0
23204.77,100.51,20.0
23205.78,100.53,20.0
23206.78,101.09,20.0
23207.78,114.84,20.0
23208.78,100.67,20.0
23209.78,100.96,20.0
23210.78,100.55,19.9999
23211.79,101.04,20.0
23212.79,100.67,20.0
23213.79,100.77,20.0
23214.79,101.05,20.0
23215.79,100.6,20.0
23216.79,100.47,20.0
23217.79,100.93,20.0
23218.8,100.71,20.0
23219.8,121.86,20.0
23220.8,100.59,19.9999
23221.8,100.65,19.9999
23222.8,101.06,19.9999
23223.8,100.86,19.9999
23224.8,100.69,20.0
23225.81,101.13,19.9999
23226.81,100.67,19.9999
23227.81,100.65,19.9999
23228.81,101.08,20.0
23229.81,100.53,20.0
23230.81,100.64,19.9999
23231.81,101.03,19.9999
23232.82,125.97,20.0
23233.82,101.16,20.0
23234.82,100.65,20.0
23235.82,100.67,20.0
23236.82,101.0,20.0
23237.82,100.63,20.0
23238.82,100.7,20.0
23239.83,101.04,20.0
23240.83,100.66,20.0
23241.83,101.09,20.0
23242.83,100.51,20.0
23243.83,100.59,19.9999
23244.84,115.93,19.9999
23245.84,100.69,19.9999
23246.84,100.83,19.9999
23247.84,100.42,19.9999
23248.84,100.48,19.9999
23249.84,100.82,19.9999
23250.84,100.41,19.9999
23251.85,100.81,19.9999
23252.85,100.51,19.9999
23253.85,100.59,19.9999
23254.85,100.94,19.9999
23255.85,100.63,19.9999
23256.85,114.85,19.9999
23257.85,101.07,19.9999
23258.86,100.69,19.9999
23259.86,101.04,19.9999
23260.86,100.71,19.9999
23261.86,100.72,19.9999
23262.86,101.09,19.9999
23263.86,100.69,19.9999
23264.87,101.11,19.9999
23265.87,100.65,19.9999
23266.87,100.65,19.9999
23267.87,100.98,19.9999
23268.87,100.52,19.9999
23269.87,115.04,19.9999
23270.87,101.03,19.9999
23271.88,100.65,19.9999
23272.88,256.47,12.1644
23273.88,344.54,9.5377
23274.88,328.41,9.8402
23275.88,363.29,10.0025
23276.88,339.29,10.24
23277.88,327.35,10.4907
23278.89,320.19,10.756
23279.89,307.75,10.9924
23280.89,309.35,11.2102
23281.89,304.95,11.3851
23282.89,305.49,11.5454
23283.89,291.26,11.7164
23284.89,306.64,11.9629
23285.89,280.7,12.1551
23286.9,193.98,12.777
23287.9,105.97,13.3475
23288.9,100.96,13.9028
23289.9,349.42,15.1094
23290.9,399.63,15.8731
23291.9,156.39,16.0274
23292.9,100.81,16.1275
23293.9,216.2,16.1275
23294.91,309.36,16.1275
23295.91,306.32,16.1276
23296.91,271.63,16.1276
23297.91,145.06,16.1276
23298.91,176.7,16.1277
23299.91,129.19,16.1277
23300.91,166.62,16.1279
23301.92,169.47,16.1283
23302.92,126.77,16.1284
23303.92,159.85,16.1284
23304.92,132.23,16.1284
23305.92,182.37,16.3353
23306.92,399.53,17.263
23307.92,399.56,17.9156
23308.92,400.78,18.5637
23309.93,258.34,18.9103
23310.93,128.19,19.0084
23311.93,125.66,19.0084
23312.93,131.18,19.0084
23313.93,136.44,19.0085
23314.93,116.31,19.0085
23315.94,116.78,19.0085
23316.94,107.02,19.0085
23317.94,106.48,19.0085
23318.94,102.71,19.0085
23319.94,121.79,19.0085
23320.94,120.04,19.0085
23321.94,147.8,19.0085
23322.95,101.29,19.0085
23323.95,101.0,19.0085
23324.95,101.72,19.0085
23325.95,130.68,19.0088
23326.95,131.91,19.0088
23327.95,105.73,19.0087
23328.95,151.81,19.0088
23329.95,101.58,19.0088
23330.96,118.36,19.0088
23331.96,122.23,19.0088
23332.96,101.55,19.0088
23333.96,103.18,19.0087
23334.96,102.98,19.0087
23335.96,113.57,19.0087
23336.96,103.41,19.0087
23337.97,103.63,19.0087
23338.97,101.08,19.0087
23339.97,100.83,19.0087
23340.97,101.17,19.0087
23341.97,100.78,19.0087
23342.97,102.16,19.0088
23343.98,102.72,19.0087
23344.98,119.42,19.0087
23345.98,101.42,19.0087
23346.98,100.94,19.0087
23347.98,108.13,19.0087
23348.98,103.01,19.0087
23349.98,100.52,19.0087
23350.99,101.14,19.0087
23351.99,100.71,19.0087
23352.99,100.79,19.0087
23353.99,101.17,19.0088
23354.99,100.8,19.0088
23355.99,101.16,19.0088
23356.99,100.98,19.0089
23358.0,100.82,19.0089
23359.0,103.42,19.0089
23360.0,102.92,19.0089
23361.0,101.2,19.0089
23362.0,101.99,19.0089
23363.0,107.32,19.0089
23364.01,109.07,19.0089
23365.01,143.04,19.0089
23366.01,100.71,19.0089
23367.01,101.28,19.0089
23368.01,106.74,19.0089
23369.01,101.26,19.0086
23370.02,104.99,19.0088
23371.02,100.72,19.0088
23372.02,101.91,19.009
23373.02,100.79,19.0088
23374.02,396.25,19.0156
23375.02,398.61,19.12
23376.02,184.82,19.12
23377.03,108.85,19.12
23378.03,100.67,19.12
23379.03,104.3,19.1201
23380.03,101.07,19.12
23381.03,101.11,19.12
23382.03,100.94,19.12
23383.03,100.82,19.12
23384.04,100.6,19.12
23385.04,102.43,19.12
23386.04,100.68,19.1201
23387.04,100.73,19.1201
23388.04,103.75,19.1201
23389.04,101.49,19.1201
23390.05,101.1,19.1201
23391.05,100.67,19.1201
23392.05,107.25,19.1202
23393.05,313.84,19.1207
23394.05,221.94,19.1207
23395.05,144.39,19.1207
23396.05,128.68,19.1207
23397.06,106.31,19.1207
23398.06,110.72,19.1207
23399.06,105.41,19.1207
23400.06,252.26,19.1212
23401.06,400.01,19.1392
23402.06,172.48,19.1426
23403.06,100.68,19.1426
23404.06,100.72,19.1426
23405.07,103.41,19.1424
23406.07,100.73,19.1426
23407.07,101.02,19.1427
23408.07,100.74,19.1427
23409.07,100.66,19.1427
23410.07,101.04,19.1427
23411.07,380.52,19.1481
23412.08,376.48,19.1481
23413.08,113.19,19.1481
23414.08,161.15,19.1482
23415.08,150.87,19.1486
23416.08,141.02,19.1488
23417.08,117.09,19.1488
23418.08,125.81,18.4131
23419.09,101.47,9.0451
23420.09,287.24,9.3147
23421.09,316.63,9.7834
23422.09,361.88,9.9416
23423.09,350.08,10.2599
23424.09,317.03,10.6133
23425.09,311.71,10.9523
23426.09,308.93,11.2536
23427.1,303.3,11.5024
23428.1,302.92,11.7373
23429.1,304.71,11.9757
23430.1,287.22,12.4551
23431.1,147.34,13.303
23432.1,135.13,14.1458
23433.1,399.62,15.2672
23434.11,390.66,16.0018
23435.11,108.59,16.0983
23436.11,100.79,16.0983
23437.11,269.88,16.0983
23438.11,310.08,16.1004
23439.11,302.69,16.1042
23440.12,309.79,16.1069
23441.12,273.1,16.107
23442.12,246.11,16.1074
23443.12,176.13,16.1075
23444.12,218.12,16.1077
23445.12,142.37,16.1078
23446.12,134.35,16.1079
23447.13,113.04,16.108
23448.13,112.64,16.1081
23449.13,284.71,16.9195
23450.13,400.9,17.5734
23451.13,399.79,18.2219
23452.13,399.94,18.888
23453.13,159.01,18.9228
23454.13,125.04,18.9883
23455.13,116.8,18.9882
23456.14,136.99,18.9882
23457.14,128.63,18.9882
23458.14,113.8,18.9883
23459.14,104.56,18.9883
23460.14,180.28,18.9884
23461.14,101.52,18.9884
23462.15,106.75,18.9884
23463.15,125.31,18.9884
23464.15,130.02,18.9884
23465.15,101.2,18.9884
23466.15,101.28,18.9884
23467.15,106.44,18.9884
23468.15,160.92,18.9894
23469.15,133.0,18.9894
23470.16,135.27,18.9924
23471.16,101.71,18.9925
23472.16,114.5,18.9927
23473.16,164.36,19.0046
23474.16,107.09,19.0048
23475.16,104.36,18.9957
23476.16,100.98,18.9956
23477.17,101.07,18.9956
23478.17,101.73,18.9956
23479.17,116.2,18.9956
23480.17,102.16,18.9897
23481.17,101.15,18.9896
23482.17,101.16,18.9896
23483.18,101.89,18.9896
23484.18,102.58,18.9898
23485.18,105.01,18.9896
23486.18,100.74,18.9896
23487.18,105.57,18.9898
23488.18,109.24,18.9896
23489.18,100.9,18.9896
23490.19,101.29,18.9896
23491.19,100.81,18.9896
23492.19,100.79,18.9896
23493.19,101.27,18.9898
23494.19,104.03,18.9898
23495.19,101.2,18.9898
23496.19,100.97,18.9898
23497.2,100.71,18.9898
23498.2,101.1,18.9898
23499.2,100.79,18.9898
23500.2,102.2,18.9898
23501.2,102.41,18.9898
23502.2,106.5,18.9898
23503.2,104.66,18.9898
23504.21,124.39,18.9898
23505.21,103.3,18.9899
23506.21,101.55,18.9898
23507.21,104.48,18.9899
23508.21,102.87,18.9898
23509.21,103.28,18.9898
23510.21,101.0,18.9898
23511.22,106.67,18.9897
23512.22,101.11,18.9898
23513.22,361.08,19.0772
23514.22,399.54,19.0965
23515.22,122.51,19.0964
23516.22,102.94,19.0964
23517.22,101.23,19.0965
23518.23,101.56,19.0965
23519.23,101.59,19.0966
23520.23,100.83,19.0965
23521.23,101.18,19.0965
23522.23,100.89,19.0965
23523.23,100.76,19.0967
23524.23,103.86,19.0965
23525.24,113.36,19.0965
23526.24,101.83,19.0965
23527.24,102.02,19.0965
23528.24,101.56,19.0964
23529.24,101.21,19.0964
23530.24,103.36,19.0965
23531.24,100.79,19.0967
23532.25,101.26,19.0966
23533.25,182.69,19.0967
23534.25,149.7,12.4375
23535.25,197.83,9.1435
23536.25,330.82,9.4555
23537.25,271.49,9.7833
23538.26,352.34,10.0074
23539.26,329.53,10.3413
23540.26,311.47,10.7197
23541.26,310.22,11.0468
23542.26,308.61,11.2975
23543.26,303.43,11.5264
23544.26,301.52,11.7306
23545.27,303.75,11.9431
23546.27,304.32,12.2493
23547.27,234.01,13.101
23548.27,104.68,13.8541
23549.27,345.51,15.0532
23550.27,399.92,15.7792
23551.27,188.45,16.0563
23552.27,100.73,16.1564
23553.28,214.63,16.1576
23554.28,308.14,16.1625
23555.28,300.47,16.1682
23556.28,305.55,16.171
23557.28,304.03,16.1731
23558.28,303.15,16.1749
23559.28,295.1,16.1763
23560.29,228.27,16.1703
23561.29,188.11,16.1729
23562.29,130.4,16.1728
23563.29,207.45,16.1729
23564.29,124.87,16.1729
23565.29,108.76,16.1729
23566.29,125.74,16.1729
23567.29,265.97,16.8039
23568.3,399.46,17.5111
23569.3,399.96,18.1579
23570.3,400.66,18.8337
23571.3,157.11,19.0024
23572.3,103.49,19.0024
23573.3,144.95,19.0024
23574.3,114.41,19.0025
23575.3,151.21,19.0025
23576.31,105.97,19.0025
23577.31,114.74,19.0025
23578.31,131.3,19.0025
23579.31,101.77,19.0025
23580.31,103.63,19.0025
23581.31,101.32,19.0025
23582.32,100.64,19.0024
23583.32,100.68,19.0024
23584.32,104.0,19.0024
23585.32,101.43,19.0024
23586.32,130.17,19.0025
23587.32,118.43,19.0024
23588.32,104.25,19.0025
23589.33,150.9,19.0027
23590.33,112.19,19.0025
23591.33,135.56,19.0025
23592.33,101.46,19.0025
23593.33,102.62,19.0025
23594.33,103.75,19.0025
23595.33,102.84,19.0025
23596.34,138.37,19.0026
23597.34,112.27,19.0026
23598.34,103.54,19.0026
23599.34,101.24,19.0028
23600.34,101.25,19.0028
23601.34,100.83,19.0026
23602.35,101.46,19.0025
23603.35,102.59,19.0026
23604.35,100.72,19.0025
23605.35,104.69,19.0025
23606.35,104.65,19.0025
23607.35,105.25,19.0025
23608.35,109.98,19.0025
23609.36,100.88,19.0026
23610.36,101.26,19.0026
23611.36,100.55,19.0026
23612.36,100.7,19.0025
23613.36,101.14,19.0025
23614.36,106.37,19.0025
23615.36,100.67,19.0025
23616.37,101.26,19.0026
23617.37,101.08,19.0025
23618.37,100.7,19.0026
23619.37,101.11,19.0025
23620.37,100.6,19.0025
23621.37,100.71,19.0025
23622.37,104.31,19.0025
23623.38,101.59,19.0028
23624.38,101.23,19.0025
23625.38,136.69,19.0025
23626.38,100.73,19.0027
23627.38,101.22,19.0025
23628.38,106.71,19.0027
23629.38,100.78,19.0025
23630.39,101.27,19.0027
23631.39,100.84,19.0025
23632.39,101.04,19.0025
23633.39,101.88,19.0027
23634.39,100.88,19.0027
23635.39,100.83,19.0025
23636.39,106.62,19.0025
23637.4,100.81,19.0027
23638.4,366.24,19.0079
23639.4,398.81,19.1153
23640.4,206.13,19.1153
23641.4,101.44,19.1153
23642.4,101.18,19.1153
23643.4,100.69,19.1153
23644.41,101.32,19.1153
23645.41,101.26,19.1153
23646.41,100.72,19.1153
23647.41,104.19,19.1153
23648.41,115.36,19.1153
23649.41,101.08,19.1153
23650.41,102.52,19.1153
23651.41,100.73,19.1153
23652.42,100.89,19.1153
23653.42,101.01,19.1154
23654.42,100.54,19.1153
23655.42,161.57,19.1154
23656.42,254.41,19.1158
23657.42,126.53,19.1157
23658.42,161.98,19.1159
23659.43,152.58,19.1159
23660.43,115.58,19.1157
23661.43,104.24,19.1157
23662.43,115.26,19.1157
23663.43,399.54,19.137
23664.43,260.51,19.1421
23665.43,102.75,19.1421
23666.43,100.68,19.1421
23667.44,100.98,19.1421
23668.44,103.84,19.1421
23669.44,126.25,19.1421
23670.44,164.76,19.1481
23671.44,175.84,19.149
23672.44,137.16,19.1501
23673.45,303.0,19.158
23674.45,331.1,19.1582
23675.45,100.69,19.148
23676.45,100.84,19.148
23677.45,100.57,19.148
23678.45,101.99,19.148
23679.45,101.04,19.148
23680.45,100.58,19.148
23681.46,100.58,19.148
23682.46,101.12,19.148
23683.46,139.15,19.148
23684.46,399.57,19.1481
23685.46,216.51,19.1481
23686.46,101.22,19.1481
23687.46,100.69,19.1481
23688.46,100.69,19.1482
23689.47,399.0,19.8466
23690.47,309.29,19.8466
23691.47,100.71,19.8466
23692.47,101.08,19.8465
23693.47,100.73,19.8465
23694.47,166.48,19.987
23695.47,103.61,19.987
23696.48,100.69,19.987
23697.48,101.08,19.987
23698.48,119.18,19.9872
23699.48,100.73,19.9872
23700.48,101.17,19.9872
23701.48,100.71,19.9873
23702.48,100.71,19.9873
23703.49,120.98,19.9877
23704.49,100.68,19.9877
23705.49,101.06,19.9877
23706.49,100.97,19.9876
23707.49,117.74,19.9876
23708.49,100.97,19.9876
23709.49,101.16,19.9877
23710.5,100.56,19.9875
23711.5,101.09,19.9876
23712.5,117.97,19.9876
23713.5,100.54,19.9876
23714.5,100.92,19.9876
23715.5,100.58,19.9876
23716.5,115.56,19.9877
23717.51,100.85,19.9876
23718.51,100.56,19.9876
23719.51,101.13,19.9877
23720.51,115.24,19.9877
23721.51,100.51,19.9876
23722.51,101.07,19.9876
23723.52,100.9,19.9876
23724.52,115.5,19.9879
23725.52,101.07,19.9878
23726.52,100.9,19.9878
23727.52,101.06,19.9878
23728.52,100.58,19.9878
23729.52,100.69,19.9878
23730.53,115.99,19.988
23731.53,100.66,19.9878
23732.53,100.69,19.9878
23733.53,101.17,19.9878
23734.53,115.48,19.988
23735.53,101.04,19.988
23736.54,100.6,19.9878
23737.54,100.61,19.9878
23738.54,115.81,19.988
23739.54,100.5,19.988
23740.54,100.84,19.988
23741.54,100.52,19.988
23742.54,115.82,19.9881
23743.55,101.03,19.9881
23744.55,100.73,19.9881
23745.55,100.71,19.9881
23746.55,101.08,19.9881
23747.55,115.49,19.9882
23748.55,101.07,19.9882
23749.56,100.55,19.9882
23750.56,100.5,19.9882
23751.56,100.95,19.9883
23752.56,115.2,19.9883
23753.56,101.42,19.9883
23754.56,100.71,19.9883
23755.56,100.71,19.9883
23756.57,101.11,19.9883
23757.57,100.69,19.9883
23758.57,115.62,19.9883
23759.57,101.13,19.9883
23760.57,100.72,19.9883
23761.57,101.09,19.9883
23762.58,100.67,19.9883
23763.58,100.81,19.9883
23764.58,119.77,19.9883
23765.58,100.7,19.9883
23766.58,100.66,19.9883
23767.58,101.09,19.9883
23768.58,102.17,19.9883
23769.59,102.48,19.9883
23770.59,120.53,19.9883
23771.59,100.62,19.9883
23772.59,101.03,19.9883
23773.59,100.76,19.9883
23774.59,101.1,19.9883
23775.59,100.68,19.9883
23776.6,104.82,19.9883
23777.6,117.93,19.9883
23778.6,100.72,19.9883
23779.6,100.62,19.9883
23780.6,101.09,19.9883
23781.6,100.67,19.9883
23782.6,100.74,19.9883
23783.61,101.16,19.9883
23784.61,117.92,19.9883
23785.61,100.56,19.9883
23786.61,100.92,19.9883
23787.61,100.42,19.9883
23788.61,100.51,19.9883
23789.61,100.98,19.9883
23790.61,102.59,19.9883
23791.62,100.61,19.9883
23792.62,115.79,19.9884
23793.62,100.8,19.9884
23794.62,100.7,19.9884
23795.62,101.1,19.9884
23796.62,100.64,19.9886
23797.63,100.89,19.9886
23798.63,100.62,19.9886
23799.63,115.2,19.9886
23800.63,101.1,19.9886
23801.63,100.7,19.9886
23802.63,100.69,19.9886
23803.63,101.2,19.9886
23804.64,100.69,19.9886
23805.64,101.1,19.9886
23806.64,100.69,19.9886
23807.64,100.58,19.9886
23808.64,115.48,19.9886
23809.64,100.73,19.9886
23810.64,100.73,19.9886
23811.65,101.12,19.9886
23812.65,100.74,19.9885
23813.65,101.11,19.9885
23814.65,100.62,19.9885
23815.65,100.72,19.9885
23816.65,115.62,19.9885
23817.66,100.71,19.9885
23818.66,100.75,19.9886
23819.66,101.12,19.9886
23820.66,100.74,19.9886
23821.66,101.13,19.9886
23822.66,100.69,19.9886
23823.66,100.6,19.9886
23824.67,101.11,19.9886
23825.67,116.45,19.9886
23826.67,101.09,19.9886
23827.67,100.59,19.9885
23828.67,100.67,19.9885
23829.67,101.12,19.9885
23830.67,100.66,19.9885
23831.68,100.57,19.9886
23832.68,101.02,19.9886
23833.68,100.77,19.9886
23834.68,123.56,19.9889
23835.68,101.07,19.9889
23836.68,100.65,19.9888
23837.69,101.02,19.9888
23838.69,100.62,19.9888
23839.69,100.64,19.9888
23840.69,100.97,19.9888
23841.69,100.59,19.9888
23842.69,101.05,19.9888
23843.69,122.95,19.9888
23844.7,100.66,19.9888
23845.7,100.88,19.9888
23846.7,100.46,19.9888
23847.7,100.53,19.9888
23848.7,101.02,19.9888
23849.7,100.65,19.9888
23850.71,101.04,19.9888
23851.71,100.64,19.9888
23852.71,100.64,19.9888
23853.71,116.55,19.9889
23854.71,100.68,19.9889
23855.71,101.09,19.9889
23856.71,100.69,19.9888
23857.72,100.69,19.9888
23858.72,101.14,19.9888
23859.72,100.59,19.9888
23860.72,100.51,19.9888
23861.72,100.88,19.9888
23862.72,100.68,19.989
23863.72,115.33,19.989
23864.73,101.07,19.989
23865.73,100.69,19.989
23866.73,100.69,19.989
23867.73,101.06,19.989
23868.73,100.71,19.989
23869.73,101.08,19.989
23870.73,100.67,19.989
23871.74,100.69,19.989
23872.74,101.07,19.989
23873.74,115.59,19.989
23874.74,100.61,19.989
23875.74,101.04,19.989
23876.74,100.66,19.9889
23877.74,100.69,19.9889
23878.75,101.11,19.9888
23879.75,100.63,19.9888
23880.75,101.07,19.9888
23881.75,100.67,19.9888
23882.75,100.67,19.9888
23883.75,101.25,19.9888
23884.75,115.54,19.9889
23885.76,100.68,19.9889
23886.76,101.14,19.9889
23887.76,100.67,19.9889
23888.76,100.68,19.9889
23889.76,101.07,19.9889
23890.76,100.66,19.9889
23891.76,100.67,19.989
23892.77,101.07,19.989
23893.77,100.74,19.989
23894.77,120.92,19.989
23895.77,100.71,19.989
23896.77,100.7,19.989
23897.77,101.1,19.989
23898.78,100.73,19.9889
23899.78,101.12,19.9889
23900.78,100.66,19.9889
23901.78,100.63,19.9889
23902.78,101.11,19.989
23903.78,100.64,19.989
23904.78,100.47,19.989
23905.79,125.93,19.989
23906.79,100.68,19.9889
23907.79,100.68,19.9889
23908.79,101.08,19.989
23909.79,100.69,19.989
23910.79,101.1,19.989
23911.8,100.67,19.989
23912.8,100.66,19.989
23913.8,101.18,19.989
23914.8,100.66,19.9889
23915.8,117.89,19.989
23916.8,100.61,19.9892
23917.8,100.57,19.9892
23918.81,101.05,19.9892
23919.81,100.66,19.9892
23920.81,100.68,19.989
23921.81,101.08,19.989
23922.81,100.68,19.989
23923.81,101.16,19.9892
23924.81,100.69,19.9892
23925.82,100.69,19.9892
23926.82,101.07,19.9892
23927.82,115.4,19.9892
23928.82,100.68,19.9892
23929.82,101.02,19.9892
23930.82,100.65,19.9892
23931.83,101.05,19.9892
23932.83,100.62,19.9891
23933.83,100.67,19.989
23934.83,101.07,19.989
23935.83,100.67,19.9891
23936.83,100.64,19.9891
23937.83,101.07,19.9891
23938.84,115.2,19.9891
23939.84,101.07,19.9891
23940.84,100.67,19.9891
23941.84,100.65,19.9891
23942.84,101.13,19.9891
23943.84,100.74,19.9891
23944.84,100.66,19.9891
23945.85,101.14,19.9891
23946.85,100.6,19.9891
23947.85,100.66,19.9891
23948.85,101.1,19.9891
23949.85,106.99,19.9891
23950.85,109.21,19.9893
23951.85,101.03,19.9892
23952.86,100.65,19.9892
23953.86,101.13,19.9892
23954.86,100.65,19.9891
23955.86,100.67,19.9891
23956.86,101.1,19.9891
23957.86,100.64,19.9892
23958.86,100.68,19.9892
23959.87,101.09,19.9891
23960.87,119.35,19.9893
23961.87,100.58,19.9893
23962.87,101.04,19.9893
23963.87,100.84,19.9893
23964.87,100.65,19.9893
23965.87,101.07,19.9893
23966.87,100.64,19.9893
23967.88,100.67,19.9893
23968.88,101.09,19.9893
23969.88,100.56,19.9893
23970.88,100.66,19.9893
23971.88,101.05,19.9893
23972.88,125.78,19.9894
23973.89,101.15,19.9894
23974.89,100.52,19.9894
23975.89,100.63,19.9893
23976.89,101.11,19.9893
23977.89,100.66,19.9893
23978.89,100.69,19.9893
23979.89,101.1,19.9895
23980.89,100.66,19.9893
23981.9,100.62,19.9893
23982.9,100.98,19.9893
23983.9,119.1,19.9893
23984.9,100.54,19.9893
23985.9,101.0,19.9893
23986.9,100.65,19.9894
23987.91,101.12,19.9893
23988.91,100.67,19.9894
23989.91,100.49,19.9894
23990.91,101.07,19.9893
23991.91,100.63,19.9894
23992.91,100.42,19.9894
23993.91,101.04,19.9894
23994.91,100.66,19.9894
23995.92,115.48,19.9896
23996.92,101.1,19.9896
23997.92,100.68,19.9894
23998.92,100.62,19.9896
23999.92,101.02,19.9894
24000.92,100.48,19.9894
24001.92,100.69,19.9894
24002.93,101.08,19.9894
24003.93,100.77,19.9896
24004.93,100.62,19.9896
24005.93,101.03,19.9896
24006.93,100.62,19.9896
24007.93,100.62,19.9896
24008.93,115.39,19.9894
24009.93,100.72,19.9894
24010.94,100.66,19.9894
24011.94,100.87,19.9894
24012.94,100.5,19.9894
24013.94,101.15,19.9896
24014.94,100.74,19.9894
24015.94,100.73,19.9894
24016.94,108.45,19.9894
24017.95,111.75,19.9894
24018.95,100.58,19.9894
24019.95,100.66,19.9893
24020.95,115.73,19.9894
24021.95,100.69,19.9894
24022.95,100.7,19.9895
24023.95,101.18,19.9897
24024.96,100.63,19.9895
24025.96,101.07,19.9895
24026.96,100.63,19.9895
24027.96,100.64,19.9894
24028.96,101.08,19.9894
24029.96,100.62,19.9894
24030.96,100.66,19.9894
24031.97,101.06,19.9894
24032.97,122.98,19.9894
24033.97,101.16,19.9895
24034.97,100.61,19.9895
24035.97,100.72,19.9896
24036.97,101.14,19.9896
24037.97,100.66,19.9895
24038.98,100.73,19.9896
24039.98,101.08,19.9896
24040.98,100.7,19.9896
24041.98,100.68,19.9896
24042.98,101.1,19.9896
24043.98,111.03,19.9896
24044.98,125.09,19.9896
24045.99,101.09,19.9896
24046.99,100.68,19.9896
24047.99,100.66,19.9896
24048.99,101.12,19.9897
24049.99,100.69,19.9897
24050.99,101.05,19.9897
24052.0,100.57,19.9897
24053.0,100.67,19.9897
24054.0,101.17,19.9897
24055.0,100.68,19.9898
24056.0,101.06,19.9898
24057.0,115.75,19.9899
24058.0,100.69,19.9899
24059.01,101.18,19.9899
24060.01,100.69,19.9897
24061.01,100.67,19.9897
24062.01,101.14,19.9897
24063.01,100.67,19.9897
24064.01,100.76,19.9899
24065.01,100.95,19.9899
24066.02,100.53,19.9897
24067.02,100.59,19.9897
24068.02,101.0,19.9897
24069.02,115.53,19.9899
24070.02,101.04,19.9897
24071.02,100.68,19.9897
24072.02,100.65,19.9898
24073.03,101.05,19.9898
24074.03,100.77,19.99
24075.03,100.67,19.99
24076.03,101.08,19.99
24077.03,100.67,19.9899
24078.03,101.05,19.9899
24079.04,100.68,19.9899
24080.04,100.62,19.9899
24081.04,115.79,19.99
24082.04,100.61,19.99
24083.04,100.51,19.9899
24084.04,101.18,19.99
24085.04,100.7,19.99
24086.04,100.65,19.9899
24087.05,101.03,19.9899
24088.05,100.73,19.99
24089.05,100.67,19.9899
24090.05,101.04,19.9899
24091.05,100.5,19.9899
24092.05,100.67,19.9899
24093.05,101.02,19.9899
24094.06,117.16,19.9899
24095.06,101.06,19.9899
24096.06,100.67,19.9899
24097.06,100.65,19.9899
24098.06,101.09,19.9899
24099.06,100.69,19.9899
24100.06,101.09,19.9899
24101.07,100.67,19.9899
24102.07,100.55,19.9899
24103.07,100.86,19.99
24104.07,100.75,19.99
24105.07,100.52,19.9899
24106.07,126.81,19.99
24107.08,100.61,19.9899
24108.08,100.88,19.9899
24109.08,100.54,19.9899
24110.08,100.71,19.9899
24111.08,101.17,19.99
24112.08,100.63,19.99
24113.08,100.52,19.9901
24114.09,101.13,19.9901
24115.09,100.66,19.9901
24116.09,100.66,19.9901
24117.09,101.06,19.9899
24118.09,104.11,19.9899
24119.09,116.76,19.9901
24120.09,100.64,19.99
24121.1,100.63,19.99
24122.1,101.04,19.99
24123.1,100.58,19.99
24124.1,100.68,19.99
24125.1,101.01,19.99
24126.1,100.64,19.9901
24127.11,101.03,19.99
24128.11,100.64,19.9899
24129.11,100.67,19.9899
24130.11,101.04,19.9899
24131.11,115.55,19.9903
24132.11,101.08,19.99
24133.11,100.62,19.9902
24134.12,100.73,19.9901
24135.12,101.06,19.9902
24136.12,100.66,19.9901
24137.12,100.66,19.9901
24138.12,101.06,19.9901
24139.12,100.69,19.9901
24140.13,101.07,19.9901
24141.13,100.68,19.9902
24142.13,100.68,19.9901
24143.13,100.95,19.9901
24144.13,115.06,19.9902
24145.13,101.1,19.9902
24146.13,100.64,19.9902
24147.14,100.64,19.9902
24148.14,101.04,19.9902
24149.14,100.65,19.9901
24150.14,100.68,19.9901
24151.14,101.05,19.9902
24152.14,100.75,19.9902
24153.14,100.67,19.9902
24154.15,100.99,19.9902
24155.15,100.66,19.9903
24156.15,101.05,19.9902
24157.15,115.12,19.9903
24158.15,100.65,19.9902
24159.15,101.1,19.9902
24160.16,100.64,19.9901
24161.16,100.69,19.9901
24162.16,101.08,19.9901
24163.16,100.72,19.9902
24164.16,101.07,19.9901
24165.16,100.66,19.9901
24166.16,100.65,19.9901
24167.17,101.05,19.9901
24168.17,100.68,19.9901
24169.17,121.95,19.9902
24170.17,100.67,19.9902
24171.17,100.67,19.9902
24172.17,101.08,19.9902
24173.18,100.72,19.9902
24174.18,100.71,19.9904
24175.18,101.07,19.9902
24176.18,100.61,19.9902
24177.18,101.03,19.9902
24178.18,100.64,19.9901
24179.18,100.68,19.9901
24180.19,101.09,19.9901
24181.19,100.69,19.9901
24182.19,125.62,19.9904
24183.19,100.72,19.9903
24184.19,100.64,19.9904
24185.19,101.0,19.9903
24186.2,100.64,19.9903
24187.2,100.64,19.9903
24188.2,101.02,19.9903
24189.2,100.76,19.9903
24190.2,100.66,19.9903
24191.2,101.05,19.9903
24192.2,100.69,19.9903
24193.2,100.55,19.9903
24194.21,116.32,19.9904
24195.21,100.65,19.9904
24196.21,101.07,19.9904
24197.21,100.66,19.9904
24198.21,100.7,19.9904
24199.21,101.09,19.9904
24200.22,100.64,19.9904
24201.22,100.68,19.9904
24202.22,101.1,19.9904
24203.22,100.72,19.9904
24204.22,101.14,19.9905
24205.22,100.67,19.9904
24206.22,100.64,19.9904
24207.23,115.48,19.9905
24208.23,100.69,19.9904
24209.23,100.62,19.9904
24210.23,101.02,19.9903
24211.23,100.47,19.9903
24212.23,100.45,19.9903
24213.23,100.91,19.9905
24214.23,100.53,19.9905
24215.24,100.59,19.9905
24216.24,101.15,19.9905
24217.24,100.57,19.9904
24218.24,100.66,19.9904
24219.24,101.48,19.9904
24220.24,100.66,19.9904
24221.24,115.57,19.9905
24222.25,101.15,19.9905
24223.25,100.71,19.9906
24224.25,100.72,19.9906
24225.25,101.1,19.9906
24226.25,100.66,19.9905
24227.25,100.66,19.9905
24228.25,101.06,19.9905
24229.26,100.63,19.9905
24230.26,100.68,19.9905
24231.26,101.04,19.9906
24232.26,100.67,19.9905
24233.26,118.6,19.9907
24234.26,100.69,19.9907
24235.26,100.64,19.9906
24236.27,101.06,19.9905
24237.27,100.51,19.9905
24238.27,100.47,19.9905
24239.27,100.91,19.9905
24240.27,100.56,19.9905
24241.27,101.03,19.9905
24242.27,100.6,19.9905
24243.28,100.78,19.9906
24244.28,101.14,19.9907
24245.28,100.68,19.9907
24246.28,109.76,19.9908
24247.28,117.99,19.9908
24248.28,100.7,19.9907
24249.28,100.74,19.9906
24250.29,101.08,19.9907
24251.29,100.7,19.9908
24252.29,100.68,19.9907
24253.29,101.18,19.9909
24254.29,100.7,19.9908
24255.29,100.66,19.9908
24256.29,101.05,19.9908
24257.3,100.58,19.9908
24258.3,100.56,19.9908
24259.3,118.95,19.9908
24260.3,100.68,19.9908
24261.3,101.14,19.9908
24262.3,100.7,19.9907
24263.3,100.66,19.9908
24264.31,101.16,19.9907
24265.31,100.65,19.9907
24266.31,100.53,19.9907
24267.31,101.05,19.9907
24268.31,100.62,19.9907
24269.31,100.65,19.9907
24270.31,100.95,19.9907
24271.31,110.23,19.9907
24272.32,105.11,19.9907
24273.32,100.82,19.9907
24274.32,101.2,19.9908
24275.32,100.64,19.9908
24276.32,100.65,19.9908
24277.32,101.04,19.9908
24278.32,100.63,19.9908
24279.33,101.09,19.9909
24280.33,100.66,19.9908
24281.33,100.57,19.9908
24282.33,101.07,19.9908
24283.33,100.73,19.9909
24284.33,101.12,19.9907
24285.33,115.23,19.9909
24286.34,100.67,19.9909
24287.34,101.06,19.9911
24288.34,100.67,19.9909
24289.34,100.69,19.9909
24290.34,101.07,19.9909
24291.34,100.67,19.9909
24292.35,101.09,19.9909
24293.35,100.72,19.9911
24294.35,100.71,19.9911
24295.35,100.95,19.9911
24296.35,100.44,19.9911
24297.35,100.85,19.9911
24298.35,115.36,19.9914
24299.36,100.68,19.9914
24300.36,101.11,19.9914
24301.36,100.65,19.9911
24302.36,100.66,19.9911
24303.36,101.05,19.9913
24304.36,100.72,19.9913
24305.36,100.65,19.9912
24306.37,101.07,19.9912
24307.37,100.63,19.9912
24308.37,101.04,19.9912
24309.37,100.68,19.9912
24310.37,125.63,19.9914
24311.37,101.05,19.9913
24312.38,100.69,19.9913
24313.38,101.14,19.9914
24314.38,100.71,19.9914
24315.38,100.7,19.9914
24316.38,101.07,19.9915
24317.38,100.67,19.9913
24318.39,101.09,19.9913
24319.39,100.71,19.9914
24320.39,100.78,19.9915
24321.39,100.68,19.9914
24322.39,101.07,19.9914
24323.39,122.69,19.9915
24324.39,100.94,19.9915
24325.4,100.51,19.9916
24326.4,100.69,19.9915
24327.4,101.14,19.9916
24328.4,100.47,19.9915
24329.4,100.64,19.9915
24330.4,101.08,19.9915
24331.4,100.66,19.9916
24332.41,101.01,19.9915
24333.41,100.53,19.9916
24334.41,100.54,19.9915
24335.41,100.82,19.9915
24336.41,114.89,19.9915
24337.41,101.08,19.9915
24338.41,100.63,19.9915
24339.42,100.72,19.9917
24340.42,101.09,19.9917
24341.42,100.7,19.9917
24342.42,100.65,19.9917
24343.42,101.0,19.9917
24344.42,100.72,19.9917
24345.43,101.12,19.9917
24346.43,100.61,19.9917
24347.43,100.53,19.9917
24348.43,101.11,19.9917
24349.43,115.02,19.9917
24350.43,100.71,19.9916
24351.43,101.1,19.9916
24352.44,100.71,19.9916
24353.44,101.16,19.9916
24354.44,100.72,19.9916
24355.44,100.68,19.9916
24356.44,101.02,19.9916
24357.44,100.64,19.9916
24358.44,100.69,19.9916
24359.45,101.12,19.9918
24360.45,100.68,19.9917
24361.45,101.1,19.9917
24362.45,100.69,19.9917
24363.45,115.33,19.9916
24364.45,101.12,19.9917
24365.46,100.68,19.9916
24366.46,101.04,19.9916
24367.46,100.67,19.9916
24368.46,100.67,19.9915
24369.46,101.1,19.9917
24370.46,100.68,19.9917
24371.47,101.11,19.9919
24372.47,100.66,19.9917
24373.47,100.72,19.9918
24374.47,101.1,19.9918
24375.47,100.59,19.9919
24376.47,121.57,19.9918
24377.47,101.05,19.9918
24378.48,100.65,19.9918
24379.48,101.13,19.9918
24380.48,100.66,19.9918
24381.48,100.7,19.9918
24382.48,101.19,19.9919
24383.48,100.72,19.9919
24384.48,100.7,19.9919
24385.49,101.12,19.9919
24386.49,100.69,19.9919
24387.49,100.67,19.9917
24388.49,126.28,19.9919
24389.49,100.68,19.9919
24390.49,100.65,19.9919
24391.49,101.08,19.992
24392.5,100.62,19.992
24393.5,101.12,19.992
24394.5,100.69,19.992
24395.5,100.66,19.992
24396.5,101.06,19.992
24397.5,100.49,19.992
24398.51,100.86,19.992
24399.51,100.59,19.9919
24400.51,100.66,19.9919
24401.51,116.38,19.9919
24402.51,100.5,19.9919
24403.51,100.53,19.992
24404.51,101.01,19.992
24405.51,100.71,19.9919
24406.52,100.46,19.9919
24407.52,101.05,19.992
24408.52,100.66,19.992
24409.52,100.6,19.9921
24410.52,101.04,19.9921
24411.52,100.65,19.9921
24412.53,101.05,19.9921
24413.53,100.8,19.9922
24414.53,115.49,19.9921
24415.53,100.67,19.9921
24416.53,101.14,19.9922
24417.53,100.66,19.9922
24418.53,100.74,19.9921
24419.53,101.12,19.9921
24420.54,100.49,19.9921
24421.54,100.87,19.9921
24422.54,100.62,19.9921
24423.54,100.61,19.9922
24424.54,100.99,19.9921
24425.54,100.44,19.9921
24426.54,100.53,19.9921
24427.55,115.87,19.9921
24428.55,100.66,19.9921
24429.55,101.08,19.9921
24430.55,100.69,19.9921
24431.55,100.64,19.9921
24432.55,101.08,19.9921
24433.56,100.72,19.9923
24434.56,101.11,19.9922
24435.56,100.65,19.9922
24436.56,100.7,19.9922
24437.56,101.06,19.9922
24438.56,100.63,19.9922
24439.56,100.6,19.9922
24440.57,118.45,19.9922
24441.57,100.65,19.9922
24442.57,101.07,19.9922
24443.57,100.54,19.9923
24444.57,100.51,19.9923
24445.57,100.89,19.9923
24446.58,100.49,19.9922
24447.58,100.92,19.9922
24448.58,100.72,19.9922
24449.58,100.57,19.9922
24450.58,101.08,19.9922
24451.58,100.62,19.9922
24452.58,100.67,19.9922
24453.59,127.27,19.9924
24454.59,100.52,19.9924
24455.59,100.46,19.9924
24456.59,100.81,19.9924
24457.59,100.54,19.9924
24458.59,100.95,19.9923
24459.59,100.58,19.9923
24460.6,100.65,19.9923
24461.6,101.08,19.9923
24462.6,100.68,19.9925
24463.6,100.75,19.9925
24464.6,101.06,19.9925
24465.6,119.01,19.9926
24466.6,100.7,19.9925
24467.61,101.07,19.9924
24468.61,100.72,19.9925
24469.61,101.07,19.9925
24470.61,100.66,19.9925
24471.61,100.6,19.9925
24472.61,101.09,19.9925
24473.62,100.76,19.9926
24474.62,101.08,19.9927
24475.62,100.65,19.9926
24476.62,100.64,19.9926
24477.62,101.05,19.9926
24478.62,115.31,19.9926
24479.62,100.69,19.9926
24480.63,101.11,19.9925
24481.63,100.67,19.9925
24482.63,101.08,19.9925
24483.63,100.7,19.9926
24484.63,100.62,19.9926
24485.63,101.1,19.9925
24486.64,100.69,19.9925
24487.64,101.07,19.9925
24488.64,100.7,19.9926
24489.64,100.65,19.9925
24490.64,101.04,19.9925
24491.64,115.0,19.9926
24492.64,100.66,19.9926
24493.65,101.23,19.9927
24494.65,100.61,19.9927
24495.65,100.64,19.9927
24496.65,101.08,19.9926
24497.65,100.65,19.9926
24498.65,101.11,19.9928
24499.65,100.66,19.9928
24500.66,100.66,19.9928
24501.66,101.07,19.9927
24502.66,100.63,19.9927
24503.66,100.67,19.9928
24504.66,115.47,19.9928
24505.66,100.48,19.9928
24506.67,101.01,19.9928
24507.67,100.65,19.9928
24508.67,100.8,19.9927
24509.67,100.64,19.9927
24510.67,100.96,19.9927
24511.67,100.6,19.9927
24512.67,101.09,19.9927
24513.67,100.63,19.9927
24514.68,100.5,19.9928
24515.68,100.92,19.9927
24516.68,100.48,19.9927
24517.68,125.81,19.9927
24518.68,101.11,19.9928
24519.68,100.71,19.9928
24520.68,100.69,19.9929
24521.69,101.14,19.9929
24522.69,100.7,19.9927
24523.69,100.77,19.9929
24524.69,101.09,19.9928
24525.69,100.67,19.9928
24526.69,100.61,19.9928
24527.69,101.06,19.9928
24528.7,100.72,19.9929
24529.7,101.05,19.9929
24530.7,122.66,19.9929
24531.7,100.68,19.9929
24532.7,101.15,19.993
24533.7,100.78,19.9931
24534.7,100.49,19.9931
24535.71,100.86,19.993
24536.71,100.48,19.993
24537.71,100.93,19.993
24538.71,100.53,19.9931
24539.71,100.58,19.993
24540.71,101.08,19.993
24541.72,100.66,19.993
24542.72,115.64,19.993
24543.72,101.16,19.9931
24544.72,100.66,19.9932
24545.72,101.08,19.9931
24546.72,100.64,19.9931
24547.72,100.66,19.9931
24548.73,101.15,19.9931
24549.73,100.68,19.9931
24550.73,100.67,19.9931
24551.73,101.09,19.9931
24552.73,100.68,19.9931
24553.73,100.95,19.9931
24554.73,100.55,19.993
24555.74,115.38,19.993
24556.74,101.06,19.993
24557.74,100.66,19.993
24558.74,101.12,19.9931
24559.74,100.64,19.9931
24560.74,100.56,19.9933
24561.75,100.87,19.9931
24562.75,100.48,19.9931
24563.75,100.75,19.9933
24564.75,101.12,19.9932
24565.75,100.74,19.9932
24566.75,100.67,19.9931
24567.75,100.57,19.9932
24568.75,115.62,19.9932
24569.75,100.62,19.9931
24570.76,100.67,19.9931
24571.76,101.14,19.9931
24572.76,100.68,19.9931
24573.76,100.77,19.9933
24574.76,101.11,19.9931
24575.76,100.58,19.9931
24576.76,100.63,19.9931
24577.77,101.13,19.9931
24578.77,100.64,19.9931
24579.77,100.47,19.9931
24580.77,101.0,19.9931
24581.77,121.88,19.9934
24582.77,100.66,19.9933
24583.77,101.2,19.9934
24584.77,100.47,19.9932
24585.78,100.66,19.9932
24586.78,101.04,19.9932
24587.78,100.64,19.9932
24588.78,100.69,19.9933
24589.78,101.11,19.9933
24590.78,100.65,19.9933
24591.78,100.55,19.9932
24592.79,101.03,19.9932
24593.79,100.69,19.9934
24594.79,125.75,19.9934
24595.79,100.63,19.9934
24596.79,101.05,19.9934
24597.79,100.68,19.9934
24598.79,101.11,19.9934
24599.8,100.67,19.9935
24600.8,100.68,19.9934
24601.8,100.85,19.9934
24602.8,100.54,19.9934
24603.8,101.17,19.9934
24604.8,100.66,19.9933
24605.8,100.64,19.9933
24606.81,116.56,19.9935
24607.81,100.44,19.9935
24608.81,100.58,19.9937
24609.81,101.08,19.9937
24610.81,100.48,19.9936
24611.81,100.47,19.9936
24612.81,100.91,19.9936
24613.82,100.53,19.9936
24614.82,100.86,19.9936
24615.82,100.47,19.9937
24616.82,100.46,19.9937
24617.82,100.95,19.9936
24618.82,100.5,19.9936
24619.82,100.45,19.9936
24620.83,115.75,19.9938
24621.83,100.67,19.9936
24622.83,100.7,19.9936
24623.83,101.18,19.9939
24624.83,100.64,19.9937
24625.83,101.03,19.9937
24626.84,100.55,19.9937
24627.84,100.59,19.9937
24628.84,101.17,19.9938
24629.84,100.59,19.9937
24630.84,100.59,19.9937
24631.84,101.14,19.9937
24632.84,100.64,19.9937
24633.84,100.71,19.9938
24634.85,115.68,19.9938
24635.85,100.5,19.9937
24636.85,100.47,19.9937
24637.85,100.9,19.9939
24638.85,100.6,19.9939
24639.85,101.0,19.9939
24640.86,100.44,19.9939
24641.86,100.96,19.9939
24642.86,100.47,19.9939
24643.86,100.6,19.9939
24644.86,101.01,19.9939
24645.86,100.69,19.994
24646.86,107.78,19.9938
24647.87,110.91,19.9938
24648.87,100.71,19.9939
24649.87,101.1,19.9938
24650.87,100.66,19.9938
24651.87,100.62,19.9938
24652.87,101.05,19.9939
24653.88,100.78,19.994
24654.88,100.64,19.994
24655.88,101.04,19.994
24656.88,100.77,19.9941
24657.88,100.69,19.9941
24658.88,101.05,19.9941
24659.88,127.09,19.994
24660.88,100.63,19.994
24661.89,101.07,19.994
24662.89,100.67,19.994
24663.89,101.13,19.994
24664.89,100.48,19.9939
24665.89,100.45,19.9939
24666.89,100.83,19.9939
24667.9,100.61,19.994
24668.9,100.72,19.994
24669.9,101.05,19.994
24670.9,100.57,19.9941
24671.9,101.06,19.994
24672.9,119.08,19.994
24673.9,100.7,19.9941
24674.91,101.02,19.9941
24675.91,100.62,19.9941
24676.91,100.62,19.9941
24677.91,101.04,19.9941
24678.91,100.68,19.9942
24679.91,101.05,19.9941
24680.91,100.63,19.9941
24681.92,100.59,19.9942
24682.92,100.97,19.9941
24683.92,100.83,19.9944
24684.92,115.33,19.9943
24685.92,101.0,19.9943
24686.92,100.61,19.9943
24687.92,100.63,19.9943
24688.93,101.04,19.9944
24689.93,100.49,19.9944
24690.93,100.9,19.9944
24691.93,100.44,19.9942
24692.93,100.46,19.9942
24693.93,100.98,19.9943
24694.94,100.44,19.9943
24695.94,100.95,19.9943
24696.94,100.61,19.9944
24697.94,100.62,19.9943
24698.94,115.75,19.9944
24699.94,100.48,19.9943
24700.94,100.51,19.9943
24701.95,100.96,19.9943
24702.95,100.5,19.9941
24703.95,100.61,19.9944
24704.95,100.89,19.9942
24705.95,100.48,19.9942
24706.95,100.99,19.9942
24707.95,100.57,19.9942
24708.96,100.64,19.9944
24709.96,100.96,19.9944
24710.96,100.58,19.9945
24711.96,100.58,19.9945
24712.96,115.55,19.9946
24713.96,100.72,19.9945
24714.96,100.5,19.9945
24715.97,100.93,19.9945
24716.97,100.64,19.9945
24717.97,100.65,19.9945
24718.97,101.08,19.9945
24719.97,100.68,19.9945
24720.97,101.05,19.9945
24721.97,100.49,19.9945
24722.98,100.67,19.9945
24723.98,101.19,19.9946
24724.98,126.71,19.9947
24725.98,100.52,19.9947
24726.98,100.9,19.9946
24727.98,100.54,19.9946
24728.99,101.02,19.9947
24729.99,100.69,19.9946
24730.99,100.71,19.9946
24731.99,101.07,19.9946
24732.99,100.68,19.9946
24733.99,100.78,19.9948
24734.99,180.46,15.1858
24736.0,357.96,9.3733
24737.0,301.03,9.7267
24738.0,313.45,9.9257
24739.0,342.65,10.2545
24740.0,324.73,10.6004
24741.0,303.41,10.8712
24742.0,311.0,11.1621
24743.01,303.63,11.3979
24744.01,304.1,11.5947
24745.01,303.34,11.8144
24746.01,304.8,12.0139
24747.01,240.37,12.5392
24748.01,103.37,13.4117
24749.01,174.48,14.4013
24750.02,399.58,15.3785
24751.02,359.78,16.0156
24752.02,105.35,16.1158
24753.02,100.68,16.1158
24754.02,269.02,16.1191
24755.02,308.55,16.1209
24756.02,307.33,16.1218
24757.03,246.62,16.1225
24758.03,181.62,16.1225
24759.03,141.04,16.1225
24760.03,148.33,16.1225
24761.03,254.11,16.1303
24762.03,235.96,16.1303
24763.03,115.47,16.1308
24764.03,175.61,16.1308
24765.04,108.03,16.1252
24766.04,121.22,16.1253
24767.04,387.29,17.1025
24768.04,399.58,17.7563
24769.04,400.84,18.4122
24770.04,376.96,18.9006
24771.04,110.41,19.0008
24772.05,154.6,19.0008
24773.05,143.79,19.0008
24774.05,131.42,19.0008
24775.05,102.63,19.0007
24776.05,106.91,19.0009
24777.05,101.27,19.0009
24778.05,108.79,19.0009
24779.05,104.29,19.0009
24780.06,111.16,19.0009
24781.06,109.42,19.0009
24782.06,101.12,19.0009
24783.06,101.31,19.0009
24784.06,101.16,19.0011
24785.06,101.74,19.0011
24786.06,120.69,19.0011
24787.07,131.79,19.0011
24788.07,120.81,19.0011
24789.07,131.45,19.001
24790.07,112.95,19.001
24791.07,100.95,19.001
24792.07,135.86,19.001
24793.07,102.24,19.0011
24794.08,101.17,19.0011
24795.08,105.59,19.0011
24796.08,123.97,19.001
24797.08,138.68,19.001
24798.08,101.42,19.001
24799.08,102.73,19.001
24800.09,104.38,19.001
24801.09,101.18,19.001
24802.09,100.83,19.0009
24803.09,101.74,19.0009
24804.09,105.6,19.0009
24805.09,100.99,19.0011
24806.09,101.3,19.0011
24807.1,100.92,19.0011
24808.1,105.55,19.001
24809.1,101.22,19.001
24810.1,102.69,19.001
24811.1,101.15,19.001
24812.1,100.55,19.0011
24813.1,100.51,19.0011
24814.11,101.04,19.0011
24815.11,100.65,19.0011
24816.11,101.2,19.0011
24817.11,100.97,19.0011
24818.11,100.82,19.0011
24819.11,101.18,19.0011
24820.12,100.74,19.0011
24821.12,101.39,19.0011
24822.12,102.46,19.001
24823.12,103.15,19.0012
24824.12,101.54,19.0012
24825.12,118.73,19.001
24826.13,121.73,19.0012
24827.13,100.79,19.0014
24828.13,100.84,19.0014
24829.13,106.77,19.0014
24830.13,100.5,19.0014
24831.13,104.51,19.0014
24832.13,100.76,19.0012
24833.14,101.4,19.0012
24834.14,101.14,19.0014
24835.14,101.99,19.0014
24836.14,265.28,19.0065
24837.14,400.88,19.1116
24838.14,182.28,19.1116
24839.14,102.71,19.1116
24840.15,101.46,19.1116
24841.15,100.78,19.1116
24842.15,101.27,19.1116
24843.15,101.24,19.1116
24844.15,101.04,19.1117
24845.15,100.79,19.1117
24846.15,101.25,19.1116
24847.15,100.78,19.1116
24848.16,100.78,19.1116
24849.16,101.74,19.1117
24850.16,100.74,19.1117
24851.16,100.82,19.1116
24852.16,101.24,19.1116
24853.16,100.8,19.1117
24854.16,179.7,19.1118
24855.17,281.15,19.112
24856.17,129.83,19.1121
24857.17,143.08,19.1121
24858.17,132.24,19.1121
24859.17,183.4,19.1134
24860.17,100.75,19.1083
24861.18,102.59,19.1083
24862.18,153.21,19.1083
24863.18,399.7,19.1289
24864.18,187.07,19.1321
24865.18,102.07,19.1321
24866.18,100.67,19.1321
24867.18,101.74,19.1321
24868.19,101.04,19.1321
24869.19,100.6,19.1321
24870.19,100.82,19.1321
24871.19,100.5,19.1321
24872.19,100.47,19.1321
24873.19,272.2,19.1387
24874.2,399.02,19.1387
24875.2,149.6,19.1387
24876.2,170.71,19.144
24877.2,106.57,19.1455
24878.2,100.93,19.1454
24879.2,100.44,19.1454
24880.21,100.9,19.1413
24881.21,100.69,19.1413
24882.21,101.06,19.1413
24883.21,100.69,19.1414
24884.21,392.2,19.1417
24885.21,356.03,19.1418
24886.21,100.55,19.1418
24887.22,100.48,19.1418
24888.22,101.08,19.1418
24889.22,260.65,19.6094
24890.22,337.45,19.84
24891.22,101.06,19.84
24892.22,100.63,19.84
24893.23,101.12,19.8401
24894.23,164.16,19.9774
24895.23,100.67,19.9774
24896.23,101.03,19.9774
24897.23,100.44,19.9774
24898.23,119.0,19.9776
24899.23,101.18,19.9776
24900.24,100.74,19.9775
24901.24,101.0,19.9776
24902.24,119.43,19.9777
24903.24,101.13,19.9778
24904.24,100.77,19.9778
24905.25,100.94,19.9778
24906.25,117.78,19.9778
24907.25,100.85,19.9778
24908.25,100.57,19.9778
24909.25,100.7,19.9779
24910.25,103.89,19.9778
24911.25,116.72,19.9779
24912.26,100.69,19.9779
24913.26,101.16,19.9778
24914.26,116.23,19.9781
24915.26,100.4,19.978
24916.26,100.84,19.978
24917.26,100.45,19.978
24918.27,115.52,19.9781
24919.27,100.5,19.9781
24920.27,100.53,19.978
24921.27,100.89,19.978
24922.27,100.47,19.978
24923.27,115.93,19.9781
24924.27,100.49,19.9781
24925.28,100.55,19.9781
24926.28,101.06,19.9781
24927.28,115.43,19.9782
24928.28,101.09,19.9781
24929.28,100.64,19.9781
24930.28,100.45,19.9781
24931.29,115.32,19.9782
24932.29,100.51,19.9782
24933.29,101.15,19.9783
24934.29,100.71,19.9784
24935.29,114.99,19.9785
24936.29,100.93,19.9784
24937.3,100.41,19.9784
24938.3,100.87,19.9784
24939.3,100.49,19.9785
24940.3,115.53,19.9784
24941.3,100.51,19.9784
24942.3,100.48,19.9784
24943.31,100.92,19.9785
24944.31,115.03,19.9784
24945.31,100.92,19.9785
24946.31,100.61,19.9785
24947.31,102.79,19.9785
24948.31,101.07,19.9783
24949.32,114.77,19.9786
24950.32,100.87,19.9786
24951.32,100.5,19.9786
24952.32,100.48,19.9786
24953.32,101.16,19.9786
24954.32,115.64,19.9786
24955.33,100.96,19.9785
24956.33,100.64,19.9785
24957.33,100.65,19.9785
24958.33,101.11,19.9785
24959.33,115.54,19.9787
24960.33,100.45,19.9786
24961.33,101.04,19.9786
24962.34,100.64,19.9786
24963.34,101.14,19.9788
24964.34,100.66,19.9787
24965.34,119.33,19.9787
24966.34,100.5,19.9787
24967.34,100.46,19.9788
24968.35,100.84,19.9788
24969.35,100.54,19.9788
24970.35,100.5,19.9787
24971.35,100.93,19.9787
24972.35,121.4,19.9788
24973.35,100.98,19.9787
24974.36,100.5,19.9786
24975.36,100.81,19.9786
24976.36,100.44,19.9786
24977.36,100.4,19.9786
24978.36,120.45,19.9786
24979.36,100.55,19.9786
24980.36,100.56,19.9786
24981.37,100.97,19.9786
24982.37,100.52,19.9786
24983.37,100.94,19.9787
24984.37,100.51,19.9787
24985.37,117.36,19.9786
24986.37,100.82,19.9786
24987.38,100.44,19.9786
24988.38,100.91,19.9786
24989.38,100.52,19.9786
24990.38,100.62,19.9786
24991.38,101.04,19.9786
24992.38,115.28,19.9787
24993.38,103.6,19.9789
24994.39,100.98,19.9789
24995.39,100.6,19.979
24996.39,101.04,19.979
24997.39,100.6,19.979
24998.39,100.63,19.979
24999.39,100.97,19.9789
25000.4,114.74,19.9791
25001.4,100.61,19.9789
25002.4,100.97,19.9789
25003.4,100.6,19.9789
25004.4,100.94,19.9789
25005.4,100.51,19.9789
25006.4,100.56,19.9789
25007.41,100.87,19.979
25008.41,114.98,19.9791
25009.41,100.51,19.9791
25010.41,100.97,19.9791
25011.41,100.58,19.9791
25012.41,100.98,19.9791
25013.42,100.59,19.9791
25014.42,100.52,19.9791
25015.42,100.9,19.9791
25016.42,114.99,19.979
25017.42,101.05,19.979
25018.42,100.65,19.979
25019.42,100.7,19.979
25020.43,101.03,19.979
25021.43,100.49,19.979
25022.43,114.33,19.979
25023.43,101.02,19.979
25024.43,100.53,19.979
25025.43,116.59,19.9734
25026.43,100.54,19.9734
25027.44,100.44,19.9734
25028.44,100.91,19.9734
25029.44,100.58,19.9734
25030.44,100.95,19.9734
25031.44,100.55,19.9735
25032.44,100.49,19.9734
25033.45,143.42,19.9736
25034.45,100.7,19.9736
25035.45,100.69,19.9736
25036.45,101.08,19.9735
25037.45,100.71,19.9736
25038.45,100.67,19.9735
25039.45,101.07,19.9734
25040.46,100.54,19.9735
25041.46,101.0,19.9735
25042.46,100.61,19.9735
25043.46,121.97,19.9735
25044.46,101.09,19.9734
25045.46,100.69,19.9736
25046.47,101.06,19.9735
25047.47,100.67,19.9737
25048.47,100.65,19.9737
25049.47,101.02,19.9737
25050.47,100.47,19.9736
25051.47,115.58,19.9737
25052.47,101.0,19.9737
25053.48,100.63,19.9737
25054.48,101.03,19.9735
25055.48,100.71,19.9736
25056.48,100.68,19.9736
25057.48,101.03,19.9736
25058.48,100.51,19.9736
25059.48,100.64,19.9736
25060.49,116.01,19.974
25061.49,100.6,19.974
25062.49,100.56,19.974
25063.49,101.02,19.9738
25064.49,100.6,19.974
25065.49,100.56,19.974
25066.49,101.0,19.974
25067.5,100.69,19.974
25068.5,101.08,19.9738
25069.5,100.6,19.9738
25070.5,115.09,19.974
25071.5,101.12,19.974
25072.5,100.67,19.9739
25073.5,100.73,19.974
25074.51,101.12,19.9739
25075.51,100.67,19.9737
25076.51,100.65,19.9737
25077.51,101.07,19.9738
25078.51,100.67,19.9738
25079.51,101.08,19.9738
25080.51,114.97,19.974
25081.52,100.65,19.974
25082.52,101.08,19.974
25083.52,100.71,19.974
25084.52,100.71,19.9741
25085.52,101.02,19.974
25086.52,100.64,19.974
25087.52,100.78,19.974
25088.52,100.67,19.974
25089.53,101.11,19.974
25090.53,118.91,19.9741
25091.53,101.09,19.974
25092.53,100.67,19.9739
25093.53,100.72,19.974
25094.53,101.11,19.9739
25095.54,100.66,19.9741
25096.54,101.05,19.9741
25097.54,100.7,19.9741
25098.54,100.67,19.9741
25099.54,101.09,19.9741
25100.54,124.15,19.9741
25101.55,101.07,19.9741
25102.55,100.7,19.9741
25103.55,100.72,19.9742
25104.55,101.13,19.9742
25105.55,100.67,19.9742
25106.55,101.09,19.9742
25107.55,100.69,19.9742
25108.56,100.67,19.9742
25109.56,100.99,19.9741
25110.56,120.41,19.9741
25111.56,101.09,19.9742
25112.56,100.67,19.974
25113.56,100.74,19.9742
25114.57,101.1,19.9741
25115.57,100.65,19.9741
25116.57,100.65,19.9741
25117.57,101.07,19.9742
25118.57,100.73,19.9741
25119.57,115.83,19.9743
25120.57,100.91,19.9743
25121.58,100.5,19.9743
25122.58,100.86,19.9743
25123.58,100.56,19.9743
25124.58,100.46,19.9743
25125.58,100.87,19.9743
25126.58,100.54,19.9743
25127.59,100.83,19.9743
25128.59,100.5,19.9743
25129.59,100.58,19.9742
25130.59,101.05,19.9742
25131.59,115.09,19.9742
25132.59,101.11,19.9742
25133.59,100.75,19.9742
25134.6,100.65,19.9742
25135.6,101.06,19.9742
25136.6,100.61,19.9742
25137.6,100.67,19.9742
25138.6,101.02,19.9743
25139.6,100.47,19.9742
25140.6,100.56,19.9742
25141.61,115.84,19.9743
25142.61,100.66,19.9743
25143.61,101.22,19.9743
25144.61,100.68,19.9743
25145.61,100.7,19.9743
25146.61,101.05,19.9743
25147.62,100.67,19.9743
25148.62,100.66,19.9744
25149.62,100.89,19.9743
25150.62,100.51,19.9743
25151.62,101.07,19.9743
25152.62,115.4,19.9744
25153.62,100.77,19.9746
25154.63,101.02,19.9745
25155.63,100.61,19.9745
25156.63,100.65,19.9745
25157.63,101.11,19.9745
25158.63,100.73,19.9745
25159.63,101.07,19.9745
25160.64,100.66,19.9744
25161.64,100.7,19.9744
25162.64,124.67,19.9744
25163.64,100.72,19.9745
25164.64,101.01,19.9745
25165.64,100.63,19.9744
25166.64,100.58,19.9744
25167.65,100.96,19.9744
25168.65,100.65,19.9746
25169.65,100.61,19.9744
25170.65,100.59,19.9746
25171.65,100.94,19.9744
25172.65,100.45,19.9744
25173.65,123.73,19.9746
25174.65,101.08,19.9745
25175.66,100.65,19.9746
25176.66,101.08,19.9745
25177.66,100.63,19.9745
25178.66,100.66,19.9746
25179.66,101.05,19.9745
25180.66,100.56,19.9745
25181.66,100.99,19.9745
25182.67,100.64,19.9745
25183.67,115.52,19.9747
25184.67,101.11,19.9747
25185.67,100.59,19.9747
25186.67,100.63,19.9747
25187.67,101.09,19.9747
25188.67,100.7,19.9748
25189.68,100.76,19.9747
25190.68,100.64,19.9745
25191.68,101.08,19.9747
25192.68,100.78,19.9747
25193.68,100.79,19.9748
25194.68,101.01,19.9747
25195.68,114.75,19.9749
25196.69,101.02,19.9748
25197.69,100.64,19.9748
25198.69,100.6,19.975
25199.69,101.01,19.9748
25200.69,100.6,19.9748
25201.69,101.1,19.9748
25202.69,100.65,19.9748
25203.7,100.74,19.975
25204.7,101.08,19.9749
25205.7,100.65,19.9749
25206.7,114.7,19.975
25207.7,100.93,19.975
25208.7,100.5,19.975
25209.71,100.83,19.9749
25210.71,100.56,19.9749
25211.71,100.66,19.9749
25212.71,101.0,19.9748
25213.71,100.7,19.975
25214.71,101.01,19.9749
25215.71,100.58,19.9749
25216.72,100.6,19.9749
25217.72,115.73,19.975
25218.72,100.73,19.975
25219.72,100.61,19.975
25220.72,101.11,19.975
25221.72,100.65,19.975
25222.72,100.58,19.975
25223.73,101.06,19.9751
25224.73,100.54,19.975
25225.73,100.54,19.975
25226.73,101.02,19.9752
25227.73,100.6,19.975
25228.73,122.99,19.9753
25229.73,100.88,19.9753
25230.74,100.54,19.9753
25231.74,101.09,19.9753
25232.74,100.65,19.9753
25233.74,100.75,19.9753
25234.74,101.07,19.9753
25235.74,100.6,19.9753
25236.75,101.06,19.9753
25237.75,100.63,19.9753
25238.75,100.46,19.9753
25239.75,124.2,19.9753
25240.75,100.46,19.9753
25241.75,100.9,19.9753
25242.76,100.48,19.9753
25243.76,100.64,19.9753
25244.76,101.06,19.9753
25245.76,100.47,19.9753
25246.76,100.92,19.9753
25247.76,100.48,19.9753
25248.76,100.53,19.9753
25249.77,100.95,19.9753
25250.77,100.48,19.9753
25251.77,116.1,19.9754
25252.77,101.07,19.9754
25253.77,100.7,19.9754
25254.77,100.68,19.9754
25255.77,101.12,19.9754
25256.77,100.63,19.9754
25257.78,100.47,19.9754
25258.78,100.91,19.9754
25259.78,100.46,19.9754
25260.78,100.56,19.9754
25261.78,101.08,19.9754
25262.78,106.45,19.9754
25263.79,110.44,19.9755
25264.79,100.65,19.9755
25265.79,100.59,19.9755
25266.79,100.96,19.9755
25267.79,100.63,19.9754
25268.79,100.65,19.9755
25269.79,100.58,19.9755
25270.79,100.89,19.9756
25271.8,100.57,19.9754
25272.8,100.74,19.9754
25273.8,101.12,19.9757
25274.8,100.61,19.9757
25275.8,115.92,19.9756
25276.8,100.69,19.9756
25277.8,100.67,19.9755
25278.81,101.14,19.9756
25279.81,100.66,19.9756
25280.81,100.89,19.9756
25281.81,100.63,19.9756
25282.81,101.02,19.9756
25283.81,100.75,19.9756
25284.82,100.61,19.9755
25285.82,101.09,19.9756
25286.82,115.39,19.9759
25287.82,100.65,19.9758
25288.82,101.13,19.9758
25289.82,100.62,19.9758
25290.83,100.9,19.9758
25291.83,100.61,19.9758
25292.83,100.61,19.9758
25293.83,100.98,19.9758
25294.83,100.44,19.9758
25295.83,100.91,19.9758
25296.83,100.59,19.9758
25297.84,100.59,19.9758
25298.84,125.84,19.9759
25299.84,100.61,19.9759
25300.84,101.0,19.9759
25301.84,100.65,19.9759
25302.84,100.61,19.9758
25303.85,101.11,19.9761
25304.85,100.64,19.976
25305.85,100.68,19.976
25306.85,101.0,19.976
25307.85,100.59,19.976
25308.85,101.05,19.976
25309.85,122.83,19.9761
25310.86,100.89,19.976
25311.86,100.55,19.976
25312.86,100.59,19.976
25313.86,101.08,19.9763
25314.86,100.66,19.9762
25315.87,100.96,19.9762
25316.87,100.63,19.9762
25317.87,100.58,19.9762
25318.87,101.07,19.9763
25319.87,100.62,19.9763
25320.87,100.89,19.9762
25321.87,115.25,19.9763
25322.88,100.66,19.9762
25323.88,102.7,19.9763
25324.88,100.59,19.9762
25325.88,100.81,19.9762
25326.88,100.46,19.9762
25327.88,100.58,19.9761
25328.89,101.0,19.9762
25329.89,100.45,19.9762
25330.89,100.84,19.9762
25331.89,100.68,19.9761
25332.89,100.61,19.9761
25333.89,115.64,19.9762
25334.9,100.6,19.9762
25335.9,100.9,19.9762
25336.9,100.67,19.9763
25337.9,100.62,19.9763
25338.9,101.17,19.9763
25339.9,100.64,19.9763
25340.91,100.96,19.9763
25341.91,100.65,19.9763
25342.91,100.64,19.9763
25343.91,102.67,19.9763
25344.91,100.46,19.9763
25345.91,115.01,19.9766
25346.91,100.64,19.9766
25347.92,100.63,19.9766
25348.92,101.17,19.9766
25349.92,100.64,19.9766
25350.92,100.96,19.9766
25351.92,100.65,19.9766
25352.92,100.64,19.9766
25353.93,101.09,19.9766
25354.93,100.67,19.9766
25355.93,100.92,19.9766
25356.93,100.53,19.9766
25357.93,116.52,19.9765
25358.93,101.22,19.9765
25359.93,100.64,19.9765
25360.94,100.97,19.9764
25361.94,100.67,19.9765
25362.94,100.66,19.9765
25363.94,101.15,19.9766
25364.94,100.68,19.9765
25365.95,100.96,19.9765
25366.95,100.65,19.9765
25367.95,100.61,19.9765
25368.95,126.84,19.9766
25369.95,100.59,19.9766
25370.95,100.96,19.9766
25371.95,100.59,19.9766
25372.96,100.58,19.9766
25373.96,101.15,19.9767
25374.96,100.65,19.9767
25375.96,100.54,19.9767
25376.96,101.14,19.9767
25377.96,100.51,19.9767
25378.96,100.6,19.9767
25379.97,101.05,19.9767
25380.97,119.87,19.9769
25381.97,101.08,19.9769
25382.97,100.67,19.9769
25383.97,100.75,19.9769
25384.97,101.06,19.9769
25385.98,100.64,19.9768
25386.98,101.05,19.9768
25387.98,100.62,19.9768
25388.98,100.68,19.9769
25389.98,101.04,19.9768
25390.98,100.69,19.9768
25391.98,100.66,19.9768
25392.99,115.52,19.9769
25393.99,100.74,19.9768
25394.99,101.05,19.9768
25395.99,100.52,19.9768
25396.99,100.56,19.9768
25397.99,100.9,19.9768
25399.0,100.55,19.9769
25400.0,101.01,19.9769
25401.0,100.6,19.9769
25402.0,100.66,19.9769
25403.0,101.03,19.9768
25404.0,100.74,19.9769
25405.0,115.19,19.9771
25406.01,100.98,19.9769
25407.01,100.58,19.977
25408.01,101.01,19.9769
25409.01,100.7,19.977
25410.01,100.63,19.977
25411.01,100.98,19.9769
25412.02,100.65,19.9769
25413.02,101.06,19.9769
25414.02,100.74,19.9769
25415.02,100.66,19.9771
25416.02,101.0,19.9769
25417.02,100.67,19.9771
25418.03,115.13,19.977
25419.03,101.01,19.9771
25420.03,101.03,19.9771
25421.03,100.71,19.977
25422.03,100.66,19.977
25423.03,100.95,19.977
25424.04,100.74,19.9771
25425.04,100.61,19.9771
25426.04,100.94,19.9771
25427.04,100.56,19.9771
25428.04,100.94,19.9771
25429.04,100.68,19.9772
25430.04,120.78,19.9773
25431.05,100.8,19.9773
25432.05,100.57,19.9772
25433.05,100.97,19.9771
25434.05,100.65,19.9772
25435.05,100.59,19.9772
25436.05,100.92,19.9772
25437.06,100.54,19.9772
25438.06,100.96,19.9772
25439.06,100.55,19.9773
25440.06,100.44,19.9772
25441.06,125.66,19.9774
25442.06,100.67,19.9774
25443.07,101.09,19.9774
25444.07,100.6,19.9776
25445.07,100.54,19.9775
25446.07,101.03,19.9775
25447.07,100.68,19.9775
25448.07,101.06,19.9775
25449.08,100.61,19.9775
25450.08,100.64,19.9775
25451.08,101.08,19.9776
25452.08,116.63,19.9775
25453.08,100.75,19.9775
25454.08,101.15,19.9776
25455.08,100.61,19.9776
25456.09,100.83,19.9776
25457.09,100.48,19.9775
25458.09,100.64,19.9775
25459.09,101.09,19.9776
25460.09,100.48,19.9775
25461.09,100.98,19.9777
25462.09,100.56,19.9777
25463.1,100.52,19.9777
25464.1,115.69,19.9779
25465.1,100.66,19.9779
25466.1,101.01,19.978
25467.1,100.67,19.9779
25468.1,100.66,19.9779
25469.11,101.11,19.978
25470.11,100.64,19.978
25471.11,100.68,19.9779
25472.11,101.04,19.9779
25473.11,100.54,19.9779
25474.11,100.69,19.9779
25475.11,100.93,19.9779
25476.12,100.52,19.9779
25477.12,115.36,19.978
25478.12,100.5,19.978
25479.12,100.62,19.978
25480.12,101.05,19.9782
25481.12,100.55,19.9782
25482.13,100.9,19.9782
25483.13,100.53,19.9782
25484.13,100.68,19.9783
25485.13,100.98,19.9783
25486.13,100.47,19.9783
25487.13,100.51,19.9782
25488.13,100.91,19.9782
25489.14,115.46,19.9783
25490.14,100.94,19.9783
25491.14,100.4,19.9782
25492.14,100.98,19.9782
25493.14,100.52,19.9782
25494.14,100.7,19.9783
25495.15,101.04,19.9783
25496.15,100.57,19.9783
25497.15,101.04,19.9783
25498.15,100.62,19.9784
25499.15,100.65,19.9784
25500.15,111.84,19.9784
25501.15,113.33,19.9785
25502.16,100.66,19.9785
25503.16,101.12,19.9786
25504.16,100.71,19.9786
25505.16,100.61,19.9787
25506.16,101.0,19.9786
25507.16,100.58,19.9786
25508.16,100.61,19.9786
25509.17,101.01,19.9786
25510.17,100.54,19.9786
25511.17,100.95,19.9787
25512.17,123.19,19.9787
25513.17,100.75,19.9787
25514.17,101.1,19.9787
25515.18,100.66,19.9787
25516.18,101.04,19.9787
25517.18,100.6,19.9787
25518.18,100.58,19.9787
25519.18,101.09,19.9788
25520.18,100.63,19.9789
25521.18,100.58,19.9788
25522.19,101.02,19.9788
25523.19,100.66,19.9786
25524.19,116.55,19.9788
25525.19,100.66,19.9787
25526.19,100.68,19.9787
25527.19,101.06,19.979
25528.2,100.59,19.9789
25529.2,101.62,19.9789
25530.2,100.65,19.9789
25531.2,100.65,19.9788
25532.2,101.11,19.9788
25533.2,100.66,19.9788
25534.2,100.62,19.9789
25535.21,115.74,19.979
25536.21,100.58,19.979
25537.21,100.54,19.979
25538.21,100.87,19.979
25539.21,100.6,19.979
25540.21,100.56,19.9789
25541.21,101.0,19.9789
25542.22,100.6,19.9789
25543.22,101.01,19.9792
25544.22,100.66,19.9791
25545.22,100.63,19.9791
25546.22,101.11,19.9791
25547.22,100.52,19.9791
25548.22,114.79,19.9792
25549.23,101.09,19.9792
25550.23,100.66,19.9792
25551.23,100.68,19.9792
25552.23,101.08,19.9792
25553.23,100.77,19.9792
25554.23,100.47,19.9792
25555.23,100.81,19.9792
25556.24,100.46,19.9793
25557.24,100.84,19.9793
25558.24,100.48,19.9793
25559.24,116.48,19.9795
25560.24,101.08,19.9794
25561.24,100.64,19.9793
25562.24,100.65,19.9793
25563.25,101.14,19.9795
25564.25,100.7,19.9795
25565.25,100.67,19.9795
25566.25,101.0,19.9795
25567.25,100.53,19.9794
25568.25,100.98,19.9794
25569.25,100.53,19.9795
25570.26,100.68,19.9796
25571.26,121.77,19.9796
25572.26,105.53,19.9797
25573.26,100.53,19.9797
25574.26,100.95,19.9798
25575.26,100.46,19.9799
25576.26,100.56,19.9799
25577.27,101.06,19.9798
25578.27,100.49,19.9798
25579.27,101.09,19.9798
25580.27,100.58,19.9798
25581.27,100.64,19.9798
25582.27,101.03,19.9798
25583.27,120.31,19.9799
25584.28,100.66,19.98
25585.28,101.0,19.98
25586.28,100.35,19.98
25587.28,100.96,19.98
25588.28,100.44,19.98
25589.28,100.48,19.98
25590.29,100.88,19.98
25591.29,100.42,19.98
25592.29,100.95,19.98
25593.29,100.75,19.9799
25594.29,100.73,19.98
25595.29,115.47,19.9801
25596.3,100.59,19.9801
25597.3,101.09,19.9801
25598.3,100.65,19.9801
25599.3,100.73,19.9802
25600.3,101.06,19.9802
25601.3,100.7,19.9801
25602.3,100.68,19.9801
25603.31,119.67,19.9801
25604.31,152.99,19.9804
25605.31,101.07,19.9804
25606.31,100.61,19.9804
25607.31,115.41,19.9804
25608.31,101.08,19.9804
25609.32,100.64,19.9804
25610.32,101.04,19.9804
25611.32,100.64,19.9804
25612.32,100.66,19.9804
25613.32,101.24,19.9804
25614.32,100.71,19.9804
25615.33,101.08,19.9805
25616.33,100.58,19.9804
25617.33,100.67,19.9804
25618.33,101.13,19.9804
25619.33,100.7,19.9805
25620.33,115.35,19.9806
25621.33,100.86,19.9806
25622.34,100.47,19.9806
25623.34,101.07,19.9806
25624.34,100.74,19.9806
25625.34,100.61,19.9806
25626.34,101.03,19.9806
25627.34,100.65,19.9806
25628.35,101.05,19.9806
25629.35,100.67,19.9807
25630.35,100.54,19.9806
25631.35,120.28,19.9806
25632.35,100.67,19.9806
25633.35,101.13,19.9806
25634.35,100.7,19.9808
25635.36,100.63,19.9809
25636.36,101.0,19.9808
25637.36,100.66,19.9808
25638.36,100.53,19.9808
25639.36,101.04,19.9809
25640.36,100.55,19.9808
25641.37,100.96,19.9808
25642.37,125.78,19.9809
25643.37,100.67,19.9808
25644.37,101.15,19.9809
25645.37,100.65,19.9809
25646.37,100.56,19.9809
25647.37,101.05,19.9809
25648.38,100.63,19.9809
25649.38,100.57,19.9809
25650.38,100.87,19.9809
25651.38,100.52,19.9809
25652.38,100.94,19.9809
25653.38,100.53,19.981
25654.38,117.45,19.9811
25655.39,101.0,19.9811
25656.39,100.65,19.981
25657.39,100.64,19.981
25658.39,101.08,19.9812
25659.39,100.63,19.9811
25660.39,101.04,19.9811
25661.39,100.58,19.9811
25662.4,100.64,19.9811
25663.4,101.18,19.9811
25664.4,100.71,19.9812
25665.4,114.98,19.9815
25666.4,100.9,19.9815
25667.4,100.63,19.9813
25668.41,100.99,19.9813
25669.41,100.51,19.9813
25670.41,100.63,19.9813
25671.41,101.07,19.9813
25672.41,100.67,19.9813
25673.41,101.13,19.9813
25674.41,100.7,19.9815
25675.42,100.49,19.9815
25676.42,100.93,19.9815
25677.42,100.65,19.9815
25678.42,115.63,19.9816
25679.42,100.74,19.9816
25680.42,100.68,19.9816
25681.43,101.12,19.9816
25682.43,100.77,19.9815
25683.43,100.71,19.9816
25684.43,101.08,19.9816
25685.43,100.68,19.9816
25686.43,101.06,19.9816
25687.43,100.67,19.9816
25688.44,100.63,19.9816
25689.44,101.08,19.9816
25690.44,100.64,19.9816
25691.44,115.84,19.9817
25692.44,100.67,19.9817
25693.44,100.72,19.9819
25694.45,101.15,19.9818
25695.45,100.66,19.9819
25696.45,100.64,19.9818
25697.45,101.1,19.9818
25698.45,100.7,19.9818
25699.45,100.99,19.9818
25700.45,100.48,19.9818
25701.46,100.59,19.9818
25702.46,100.97,19.9818
25703.46,124.93,19.9821
25704.46,100.68,19.982
25705.46,101.09,19.982
25706.46,100.68,19.982
25707.47,100.96,19.982
25708.47,100.48,19.982
25709.47,100.52,19.9822
25710.47,100.88,19.9821
25711.47,100.49,19.9821
25712.47,100.91,19.9821
25713.47,100.54,19.9821
25714.48,100.53,19.9822
25715.48,122.9,19.9821
25716.48,100.67,19.9821
25717.48,100.6,19.9823
25718.48,101.08,19.9822
25719.48,100.68,19.9822
25720.49,101.04,19.9822
25721.49,100.67,19.9822
25722.49,100.68,19.9822
25723.49,101.12,19.9823
25724.49,100.61,19.9823
25725.49,101.0,19.9822
25726.49,100.72,19.9822
25727.5,100.67,19.9822
25728.5,114.89,19.9822
25729.5,100.93,19.9823
25730.5,100.46,19.9823
25731.5,100.87,19.9823
25732.5,100.5,19.9823
25733.5,100.55,19.9823
25734.51,100.91,19.9823
25735.51,100.63,19.9823
25736.51,100.71,19.9823
25737.51,100.96,19.9823
25738.51,100.56,19.9823
25739.51,100.65,19.9823
25740.51,115.05,19.9823
25741.52,100.58,19.9823
25742.52,100.94,19.9823
25743.52,100.6,19.9823
25744.52,100.58,19.9824
25745.52,100.94,19.9824
25746.52,100.67,19.9824
25747.52,100.71,19.9824
25748.53,100.89,19.9824
25749.53,100.58,19.9824
25750.53,100.89,19.9824
25751.53,100.58,19.9824
25752.53,115.33,19.9824
25753.53,101.0,19.9826
25754.54,100.57,19.9827
25755.54,100.86,19.9827
25756.54,100.47,19.9827
25757.54,100.52,19.9827
25758.54,100.97,19.9826
25759.54,100.7,19.9828
25760.54,100.59,19.9827
25761.55,100.94,19.9827
25762.55,100.5,19.9827
25763.55,100.58,19.9827
25764.55,119.54,19.9828
25765.55,100.51,19.9828
25766.55,100.9,19.9828
25767.55,100.49,19.9828
25768.56,100.47,19.9828
25769.56,100.99,19.9828
25770.56,100.47,19.9828
25771.56,100.44,19.9828
25772.56,100.98,19.9828
25773.56,100.6,19.9828
25774.56,100.52,19.9828
25775.57,125.63,19.9831
25776.57,100.85,19.983
25777.57,100.59,19.983
25778.57,100.55,19.983
25779.57,101.01,19.9829
25780.58,100.63,19.9829
25781.58,101.06,19.983
25782.58,100.62,19.983
25783.58,100.76,19.9832
25784.58,101.1,19.9831
25785.58,100.68,19.9831
25786.58,105.46,19.9831
25787.59,114.49,19.9833
25788.59,100.74,19.9833
25789.59,100.67,19.9832
25790.59,101.06,19.9833
25791.59,100.6,19.9832
25792.59,101.08,19.9832
25793.6,100.78,19.9833
25794.6,100.67,19.9833
25795.6,101.1,19.9833
25796.6,100.63,19.9833
25797.6,101.17,19.9833
25798.6,115.2,19.9833
25799.6,100.7,19.9833
25800.61,100.94,19.9833
25801.61,100.44,19.9833
25802.61,101.1,19.9833
25803.61,100.74,19.9833
25804.61,100.56,19.9833
25805.61,100.6,19.9834
25806.62,100.63,19.9834
25807.62,100.93,19.9833
25808.62,100.45,19.9834
25809.62,100.51,19.9834
25810.62,115.66,19.9834
25811.62,100.46,19.9834
25812.63,101.03,19.9834
25813.63,100.7,19.9835
25814.63,101.04,19.9834
25815.63,100.68,19.9835
25816.63,100.66,19.9834
25817.63,101.15,19.9834
25818.63,100.86,19.9834
25819.64,100.67,19.9834
25820.64,101.06,19.9834
25821.64,100.67,19.9834
25822.64,115.6,19.9835
25823.64,101.18,19.9837
25824.64,100.67,19.9837
25825.65,101.01,19.9837
25826.65,100.61,19.9838
25827.65,101.0,19.9838
25828.65,100.57,19.9837
25829.65,100.64,19.9837
25830.65,100.97,19.9837
25831.66,100.68,19.9837
25832.66,100.67,19.9837
25833.66,101.09,19.9839
25834.66,119.82,19.9838
25835.66,100.99,19.9838
25836.66,100.49,19.9838
25837.66,100.6,19.9838
25838.67,101.04,19.9838
25839.67,100.61,19.9837
25840.67,100.67,19.9837
25841.67,101.02,19.9839
25842.67,100.61,19.9837
25843.67,101.14,19.984
25844.67,100.67,19.9839
25845.68,112.2,19.9838
25846.68,114.83,19.9838
25847.68,100.68,19.9839
25848.68,101.14,19.984
25849.68,100.71,19.984
25850.68,100.65,19.984
25851.69,100.93,19.9838
25852.69,100.63,19.9838
25853.69,101.11,19.9841
25854.69,100.61,19.984
25855.69,101.07,19.9839
25856.7,100.6,19.9842
25857.7,116.53,19.9842
25858.7,101.12,19.9842
25859.7,100.65,19.984
25860.7,101.1,19.984
25861.7,100.58,19.9841
25862.71,101.11,19.9841
25863.71,100.75,19.9842
25864.71,100.67,19.9841
25865.71,101.05,19.9841
25866.71,100.67,19.9841
25867.71,100.62,19.9841
25868.71,101.1,19.9842
25869.72,115.15,19.9842
25870.72,101.1,19.9842
25871.72,100.72,19.9842
25872.72,100.69,19.9842
25873.72,101.15,19.9843
25874.72,100.68,19.9842
25875.72,100.68,19.9842
25876.73,101.1,19.9842
25877.73,100.67,19.9842
25878.73,101.14,19.9843
25879.73,100.66,19.9843
25880.73,100.67,19.9842
25881.73,100.99,19.9841
25882.74,115.48,19.9843
25883.74,101.18,19.9845
25884.74,100.67,19.9845
25885.74,100.66,19.9844
25886.74,101.08,19.9844
25887.74,100.68,19.9844
25888.74,100.72,19.9844
25889.75,101.08,19.9844
25890.75,100.66,19.9844
25891.75,100.67,19.9844
25892.75,101.08,19.9845
25893.75,100.78,19.9847
25894.75,101.08,19.9847
25895.75,115.44,19.9847
25896.76,100.7,19.9847
25897.76,101.04,19.9847
25898.76,100.5,19.9846
25899.76,100.47,19.9846
25900.76,100.87,19.9846
25901.76,100.52,19.9846
25902.77,100.88,19.9846
25903.77,100.65,19.9848
25904.77,100.43,19.9848
25905.77,100.98,19.9847
25906.77,102.8,19.9848
25907.77,123.61,19.9848
25908.77,100.68,19.9849
25909.78,100.65,19.9847
25910.78,100.84,19.9847
25911.78,100.63,19.9849
25912.78,100.45,19.9849
25913.78,100.98,19.985
25914.78,100.51,19.9849
25915.79,100.87,19.9848
25916.79,100.45,19.9848
25917.79,100.57,19.9848
25918.79,123.01,19.9851
25919.79,100.73,19.9851
25920.79,100.63,19.9851
25921.79,101.06,19.9851
25922.8,100.67,19.9851
25923.8,101.18,19.9851
25924.8,100.68,19.9851
25925.8,100.62,19.9851
25926.8,101.06,19.9851
25927.8,100.69,19.9851
25928.81,101.14,19.9851
25929.81,115.44,19.985
25930.81,100.65,19.985
25931.81,100.78,19.9851
25932.81,101.08,19.985
25933.81,100.73,19.9852
25934.81,134.74,17.0024
25935.81,356.46,9.2932
25936.82,306.76,9.6326
25937.82,236.07,9.8343
25938.82,372.14,10.0989
25939.82,338.45,10.4734
25940.82,317.42,10.8353
25941.82,310.75,11.1531
25942.82,305.02,11.4147
25943.83,307.01,11.6375
25944.83,302.54,11.8808
25945.83,300.29,12.1103
25946.83,208.18,12.8796
25947.83,104.78,13.6475
25948.83,249.42,14.8456
25949.83,401.09,15.5968
25950.83,264.87,16.0194
25951.84,100.59,16.1196
25952.84,115.08,16.1196
25953.84,306.76,16.1224
25954.84,307.86,16.128
25955.84,308.61,16.1284
25956.84,259.83,16.1286
25957.84,187.9,16.1286
25958.85,182.21,16.1288
25959.85,144.52,16.1288
25960.85,192.95,16.129
25961.85,231.75,16.1307
25962.85,166.51,16.1342
25963.85,129.67,16.135
25964.85,117.38,16.1351
25965.86,187.89,16.2663
25966.86,400.74,17.3179
25967.86,399.55,17.943
25968.86,399.58,18.6107
25969.86,296.39,18.912
25970.86,118.02,19.0121
25971.86,174.95,19.0121
25972.87,141.97,19.0121
25973.87,156.91,19.0123
25974.87,112.88,19.0123
25975.87,106.41,19.0122
25976.87,123.76,19.0122
25977.87,106.64,19.0121
25978.87,108.37,19.0122
25979.88,122.86,19.0122
25980.88,118.99,19.0122
25981.88,103.46,19.0123
25982.88,100.82,19.0123
25983.88,101.95,19.0124
25984.88,129.68,19.0124
25985.88,150.84,19.0124
25986.89,118.5,19.0124
25987.89,164.98,19.0126
25988.89,115.98,19.0126
25989.89,172.28,19.0128
25990.89,101.47,19.0128
25991.89,114.12,19.0128
25992.89,103.04,19.0128
25993.9,101.31,19.0128
25994.9,148.11,19.0127
25995.9,101.63,19.0127
25996.9,103.53,19.0127
25997.9,101.72,19.0127
25998.9,100.8,19.0128
25999.91,101.23,19.0128
26000.91,134.87,19.0128
26001.91,122.35,19.0128
26002.91,118.95,19.0127
26003.91,101.13,19.0128
26004.91,101.35,19.0128
26005.91,100.84,19.0128
26006.92,102.88,19.0128
26007.92,101.2,19.0128
26008.92,100.83,19.0129
26009.92,100.85,19.0128
26010.92,101.23,19.0129
26011.92,100.82,19.0128
26012.93,101.28,19.0129
26013.93,100.94,19.013
26014.93,100.96,19.013
26015.93,103.03,19.0129
26016.93,101.62,19.0129
26017.93,104.91,19.0129
26018.93,101.27,19.013
26019.94,101.91,19.0129
26020.94,103.65,19.0129
26021.94,100.79,19.0129
26022.94,125.54,19.0129
26023.94,116.05,19.0131
26024.94,100.88,19.0131
26025.94,106.19,19.0131
26026.95,101.17,19.0131
26027.95,101.28,19.0131
26028.95,101.42,19.0132
26029.95,100.86,19.0131
26030.95,100.76,19.0131
26031.95,103.15,19.0131
26032.96,377.86,19.022
26033.96,399.25,19.1311
26034.96,144.15,19.1311
26035.96,103.56,19.1311
26036.96,102.98,19.1311
26037.96,101.01,19.1311
26038.96,101.31,19.1311
26039.97,101.17,19.1311
26040.97,101.72,19.1311
26041.97,101.25,19.1311
26042.97,100.91,19.1311
26043.97,101.17,19.1311
26044.97,101.21,19.1312
26045.98,100.81,19.1312
26046.98,106.47,19.1312
26047.98,102.01,19.1312
26048.98,103.47,19.1312
26049.98,101.17,19.1312
26050.98,100.82,19.1313
26051.98,100.72,19.1313
26052.99,101.77,19.1314
26053.99,308.52,19.1319
26054.99,256.53,19.1319
26055.99,191.1,19.1319
26056.99,290.37,19.1344
26057.99,301.35,19.1506
26059.0,300.51,19.2189
26060.0,164.31,19.1838
26061.0,119.48,19.1838
26062.0,399.58,19.2061
26063.0,340.69,19.2067
26064.0,102.99,19.2067
26065.0,111.31,19.1803
26066.01,103.05,19.1803
26067.01,100.59,19.1803
26068.01,100.64,19.1803
26069.01,101.12,19.1805
26070.01,100.96,19.1805
26071.01,153.08,19.1805
26072.01,399.46,19.1808
26073.02,179.47,19.1808
26074.02,101.69,19.1809
26075.02,100.57,19.1808
26076.02,102.9,19.1808
26077.02,101.08,19.1808
26078.02,100.71,19.1808
26079.02,100.71,19.1809
26080.03,101.11,19.1809
26081.03,197.76,19.1809
26082.03,399.22,19.1811
26083.03,193.23,19.1811
26084.03,100.79,19.1811
26085.03,100.46,19.1811
26086.03,102.03,19.1811
26087.03,392.9,19.8592
26088.04,312.31,19.8598
26089.04,101.14,19.8598
26090.04,100.81,19.8598
26091.04,100.64,19.8598
26092.04,173.11,19.9999
26093.04,100.66,19.9999
26094.04,100.99,20.0
26095.05,101.16,20.0
26096.05,115.26,19.9998
26097.05,100.63,19.9998
26098.05,101.11,19.9999
26099.05,100.69,19.9999
26100.05,115.32,20.0
26101.05,101.11,20.0
26102.05,100.7,20.0
26103.06,104.5,20.0
26104.06,116.4,19.9999
26105.06,100.73,19.9999
26106.06,100.76,19.9999
26107.06,101.07,19.9999
26108.06,115.08,19.9999
26109.06,100.7,20.0
26110.07,101.21,20.0
26111.07,100.71,20.0
26112.07,100.73,20.0
26113.07,115.22,19.9998
26114.07,100.78,19.9999
26115.07,100.64,19.9999
26116.07,100.86,19.9999
26117.08,119.22,19.9999
26118.08,100.6,19.9999
26119.08,101.0,19.9999
26120.08,100.46,19.9999
26121.08,118.87,19.9999
26122.08,100.46,19.9999
26123.08,100.48,19.9999
26124.09,100.97,20.0
26125.09,118.69,20.0
26126.09,100.87,20.0
26127.09,100.47,20.0
26128.09,100.49,20.0
26129.1,119.06,19.9999
26130.1,100.59,19.9999
26131.1,100.89,19.9999
26132.1,100.47,19.9999
26133.1,117.29,19.9999
26134.1,100.59,20.0
26135.1,100.48,19.9999
26136.11,100.88,19.9999
26137.11,115.31,19.9998
26138.11,100.98,19.9999
26139.11,100.67,20.0
26140.11,100.54,19.9998
26141.11,115.85,20.0
26142.11,100.51,20.0
26143.12,100.5,20.0
26144.12,100.92,19.9999
26145.12,100.45,19.9998
26146.12,115.06,19.9999
26147.12,101.04,19.9999
26148.12,100.56,19.9999
26149.13,101.1,20.0
26150.13,100.63,20.0
26151.13,115.05,20.0
26152.13,101.07,20.0
26153.13,100.66,20.0
26154.13,101.25,19.9999
26155.13,100.72,19.9999
26156.14,100.69,19.9999
26157.14,101.08,19.9999
26158.14,115.18,19.9999
26159.14,100.51,20.0
26160.14,100.87,20.0
26161.14,100.47,20.0
26162.14,100.45,20.0
26163.15,101.04,20.0
26164.15,117.55,19.9999
26165.15,101.11,19.9999
26166.15,100.54,19.9999
26167.15,100.47,19.9999
26168.15,101.02,19.9999
26169.15,100.52,19.9999
26170.16,121.54,19.9999
26171.16,101.09,19.9999
26172.16,100.65,19.9999
26173.16,100.76,20.0
26174.16,101.14,20.0
26175.16,100.6,19.9999
26176.17,101.07,19.9999
26177.17,120.19,19.9999
26178.17,100.63,19.9999
26179.17,101.04,19.9999
26180.17,100.58,19.9999
26181.17,100.61,19.9999
26182.17,101.01,19.9999
26183.18,100.83,20.0
26184.18,118.8,20.0
26185.18,100.99,20.0
26186.18,100.65,20.0
26187.18,100.98,20.0
26188.18,100.57,20.0
26189.18,100.69,19.9999
26190.19,101.04,19.9999
26191.19,115.29,20.0
26192.19,100.94,20.0
26193.19,100.55,19.9999
26194.19,100.61,20.0
26195.19,101.06,20.0
26196.2,100.65,20.0
26197.2,101.09,20.0
26198.2,100.7,20.0
26199.2,100.74,20.0
26200.2,115.57,19.9999
26201.2,100.69,19.9999
26202.21,100.98,19.9999
26203.21,100.74,19.9999
26204.21,100.66,20.0
26205.21,101.05,20.0
26206.21,100.65,20.0
26207.21,100.61,20.0
26208.21,115.28,20.0
26209.22,100.83,19.9999
26210.22,101.08,19.9999
26211.22,100.56,19.9999
26212.22,100.62,19.9999
26213.22,101.13,19.9999
26214.22,100.69,20.0
26215.23,101.04,20.0
26216.23,100.64,20.0
26217.23,115.51,20.0
26218.23,101.05,19.9999
26219.23,114.71,20.0
26220.23,101.06,19.9999
26221.24,100.63,19.9999
26222.24,101.03,19.9999
26223.24,100.65,19.9999
26224.24,100.7,20.0
26225.24,101.07,20.0
26226.24,120.47,19.9999
26227.24,100.63,19.9999
26228.25,101.07,19.9999
26229.25,100.7,20.0
26230.25,101.06,19.9999
26231.25,100.69,19.9999
26232.25,100.65,19.9999
26233.25,100.94,20.0
26234.26,100.54,19.9999
26235.26,124.12,19.9999
26236.26,100.59,19.9999
26237.26,100.43,19.9999
26238.26,101.03,19.9999
26239.26,100.65,19.9999
26240.27,101.04,19.9999
26241.27,100.64,19.9999
26242.27,100.61,19.9999
26243.27,109.39,19.9999
26244.27,112.29,20.0
26245.27,100.59,20.0
26246.27,101.0,20.0
26247.28,100.63,20.0
26248.28,100.61,20.0
26249.28,101.03,20.0
26250.28,100.48,20.0
26251.28,100.85,20.0
26252.28,100.46,20.0
26253.28,115.78,19.9999
26254.29,101.08,19.9999
26255.29,100.69,19.9999
26256.29,101.0,19.9999
26257.29,100.66,19.9999
26258.29,100.66,19.9999
26259.29,101.13,19.9999
26260.3,100.65,19.9999
26261.3,100.67,19.9999
26262.3,107.74,19.9999
26263.3,108.9,19.9999
26264.3,100.85,20.0
26265.3,100.59,20.0
26266.3,100.57,20.0
26267.31,101.01,20.0
26268.31,100.61,20.0
26269.31,100.81,19.9999
26270.31,100.44,20.0
26271.31,100.91,20.0
26272.31,100.66,20.0
26273.32,115.08,20.0
26274.32,101.11,20.0
26275.32,100.68,19.9999
26276.32,100.65,19.9999
26277.32,101.04,19.9999
26278.32,100.67,19.9999
26279.33,101.12,20.0
26280.33,100.68,20.0
26281.33,100.68,20.0
26282.33,101.15,19.9999
26283.33,114.92,19.9998
26284.33,100.71,19.9999
26285.33,101.11,19.9998
26286.34,100.66,19.9999
26287.34,101.07,19.9999
26288.34,100.77,19.9998
26289.34,100.68,19.9998
26290.34,100.68,19.9999
26291.34,101.07,19.9999
26292.34,100.65,19.9999
26293.35,124.15,20.0
26294.35,100.76,20.0
26295.35,100.5,20.0
26296.35,100.99,20.0
26297.35,100.67,20.0
26298.35,100.69,19.9999
26299.35,101.11,20.0
26300.36,100.55,19.9999
26301.36,100.87,19.9999
26302.36,100.47,19.9999
26303.36,123.95,20.0
26304.36,101.08,19.9999
26305.36,100.65,19.9999
26306.36,100.67,19.9999
26307.37,101.04,19.9999
26308.37,100.67,19.9999
26309.37,101.1,20.0
26310.37,100.64,20.0
26311.37,100.6,20.0
26312.37,101.06,20.0
26313.38,116.66,19.9999
26314.38,101.11,19.9999
26315.38,100.67,19.9999
26316.38,100.67,19.9998
26317.38,101.13,19.9998
26318.38,100.77,19.9998
26319.38,101.49,19.9998
26320.39,101.07,19.9999
26321.39,100.7,19.9999
26322.39,100.68,19.9999
26323.39,116.18,19.9999
26324.39,100.71,20.0
26325.39,100.66,20.0
26326.39,101.08,20.0
26327.4,100.69,20.0
26328.4,101.12,20.0
26329.4,100.73,20.0
26330.4,100.67,20.0
26331.4,101.05,20.0
26332.4,100.67,20.0
26333.41,101.13,20.0
26334.41,100.69,19.9999
26335.41,115.26,20.0
26336.41,101.05,20.0
26337.41,100.62,20.0
26338.41,100.66,20.0
26339.41,101.09,20.0
26340.42,100.64,20.0
26341.42,100.65,20.0
26342.42,101.05,20.0
26343.42,100.64,19.9999
26344.42,101.11,19.9999
26345.42,100.53,19.9999
26346.42,115.51,19.9999
26347.43,101.4,20.0
26348.43,100.76,20.0
26349.43,101.11,20.0
26350.43,100.62,20.0
26351.43,100.69,19.9999
26352.43,101.14,19.9999
26353.43,100.75,19.9999
26354.44,101.05,20.0
26355.44,100.85,20.0
26356.44,100.67,20.0
26357.44,122.09,19.9999
26358.44,101.05,19.9999
26359.44,100.72,19.9999
26360.44,100.66,19.9999
26361.45,101.08,20.0
26362.45,100.67,20.0
26363.45,101.15,20.0
26364.45,100.66,19.9999
26365.45,100.61,19.9999
26366.45,100.96,19.9999
26367.46,100.62,19.9999
26368.46,125.54,20.0
26369.46,101.09,20.0
26370.46,100.63,20.0
26371.46,100.99,20.0
26372.46,100.58,20.0
26373.46,100.7,19.9999
26374.47,101.07,19.9999
26375.47,100.66,19.9999
26376.47,101.05,19.9999
26377.47,100.59,19.9999
26378.47,100.59,19.9999
26379.47,117.82,19.9999
26380.47,100.82,20.0
26381.48,100.97,20.0
26382.48,101.08,20.0
26383.48,100.73,19.9999
26384.48,101.15,20.0
26385.48,100.66,20.0
26386.48,100.68,20.0
26387.49,101.1,20.0
26388.49,100.67,20.0
26389.49,100.76,20.0
26390.49,101.04,20.0
26391.49,115.27,19.9999
26392.49,100.69,19.9999
26393.49,101.13,19.9999
26394.5,100.71,20.0
26395.5,100.67,20.0
26396.5,101.13,19.9999
26397.5,100.51,20.0
26398.5,101.07,19.9999
26399.5,100.66,19.9999
26400.5,100.64,19.9999
26401.51,101.06,19.9999
26402.51,100.66,19.9999
26403.51,115.78,19.9999
26404.51,100.71,19.9999
26405.51,100.65,19.9999
26406.51,101.1,19.9999
26407.51,100.65,19.9999
26408.52,100.65,19.9999
26409.52,101.07,20.0
26410.52,100.49,20.0
26411.52,100.72,20.0
26412.52,101.11,20.0
26413.52,100.74,20.0
26414.53,113.34,19.9999
26415.53,103.05,19.9999
26416.53,100.58,19.9999
26417.53,101.03,19.9999
26418.53,100.66,19.9999
26419.53,100.68,20.0
26420.53,101.08,20.0
26421.54,100.67,20.0
26422.54,100.68,20.0
26423.54,101.1,19.9999
26424.54,100.82,19.9999
26425.54,100.65,19.9999
26426.54,124.98,19.9999
26427.54,100.5,19.9999
26428.54,100.45,19.9999
26429.55,101.19,20.0
26430.55,100.68,20.0
26431.55,100.67,20.0
26432.55,101.14,20.0
26433.55,100.73,19.9999
26434.55,100.73,19.9999
26435.55,101.17,19.9999
26436.55,100.65,19.9999
26437.56,124.68,19.9999
26438.56,101.12,19.9999
26439.56,100.72,20.0
26440.56,100.68,20.0
26441.56,101.15,20.0
26442.56,100.68,20.0
26443.56,100.83,19.9999
26444.57,101.13,19.9999
26445.57,100.73,19.9999
26446.57,100.52,19.9999
26447.57,100.65,19.9999
26448.57,101.06,19.9999
26449.57,115.42,20.0
26450.57,101.07,20.0
26451.58,100.66,20.0
26452.58,100.66,20.0
26453.58,101.29,19.9999
26454.58,100.63,19.9999
26455.58,101.08,19.9999
26456.58,100.65,19.9999
26457.58,100.64,19.9999
26458.59,101.15,19.9999
26459.59,100.65,20.0
26460.59,115.13,20.0
26461.59,101.04,20.0
26462.59,100.63,20.0
26463.59,100.83,19.9999
26464.59,101.11,19.9999
26465.59,100.49,19.9999
26466.6,100.63,19.9999
26467.6,100.95,19.9999
26468.6,100.66,20.0
26469.6,100.48,20.0
26470.6,100.93,20.0
26471.6,100.67,20.0
26472.61,101.05,20.0
26473.61,115.12,19.9999
26474.61,100.68,19.9999
26475.61,101.13,19.9999
26476.61,100.68,19.9999
26477.61,100.66,19.9999
26478.61,100.98,20.0
26479.61,100.64,20.0
26480.62,100.6,19.9999
26481.62,101.06,20.0
26482.62,100.68,20.0
26483.62,100.8,19.9999
26484.62,101.04,19.9999
26485.62,116.09,20.0
26486.63,101.07,20.0
26487.63,100.66,20.0
26488.63,100.78,19.9999
26489.63,100.94,19.9999
26490.63,100.66,19.9999
26491.63,100.66,19.9999
26492.63,101.07,19.9999
26493.64,100.78,20.0
26494.64,101.09,20.0
26495.64,100.66,20.0
26496.64,100.7,20.0
26497.64,127.37,19.9998
26498.64,100.71,20.0
26499.64,100.65,19.9999
26500.65,100.94,19.9999
26501.65,100.7,19.9999
26502.65,101.08,19.9999
26503.65,100.78,19.9999
26504.65,100.63,19.9999
26505.65,101.05,19.9999
26506.66,100.62,19.9999
26507.66,101.02,19.9999
26508.66,102.7,20.0
26509.66,118.94,19.9998
26510.66,101.09,19.9998
26511.66,100.64,19.9998
26512.66,100.57,19.9998
26513.67,101.15,20.0
26514.67,100.65,19.9999
26515.67,101.07,19.9999
26516.67,100.59,19.9999
26517.67,100.65,19.9999
26518.67,101.18,20.0
26519.67,100.65,20.0
26520.68,115.25,20.0
26521.68,101.08,20.0
26522.68,100.67,20.0
26523.68,100.79,19.9999
26524.68,101.09,19.9999
26525.68,100.52,19.9999
26526.69,101.05,19.9999
26527.69,100.59,19.9999
26528.69,100.51,20.0
26529.69,100.93,20.0
26530.69,100.66,20.0
26531.69,100.97,20.0
26532.69,100.51,19.9999
26533.7,115.48,19.9999
26534.7,101.06,19.9999
26535.7,100.57,19.9999
26536.7,101.0,19.9999
26537.7,100.65,19.9999
26538.7,100.72,19.9999
26539.71,100.96,19.9999
26540.71,100.63,19.9999
26541.71,100.68,19.9999
26542.71,101.09,19.9999
26543.71,100.8,20.0
26544.71,100.94,20.0
26545.72,107.97,19.9999
26546.72,108.54,19.9999
26547.72,100.63,19.9999
26548.72,100.71,19.9999
26549.72,101.07,19.9999
26550.72,100.6,20.0
26551.72,100.59,20.0
26552.73,101.07,19.9999
26553.73,100.76,20.0
26554.73,101.06,19.9999
26555.73,100.65,19.9999
26556.73,100.65,19.9999
26557.73,101.06,19.9999
26558.74,122.13,19.9999
26559.74,100.59,19.9999
26560.74,101.07,19.9999
26561.74,100.7,19.9999
26562.74,101.1,19.9999
26563.74,100.75,20.0
26564.74,100.66,20.0
26565.75,101.09,20.0
26566.75,100.51,20.0
26567.75,100.64,20.0
26568.75,101.17,19.9999
26569.75,126.61,20.0
26570.75,101.06,20.0
26571.75,100.66,20.0
26572.76,100.68,20.0
26573.76,101.14,20.0
26574.76,100.67,20.0
26575.76,100.5,19.9999
26576.76,101.01,19.9999
26577.76,100.47,19.9999
26578.77,100.92,20.0
26579.77,100.46,20.0
26580.77,100.56,20.0
26581.77,116.19,20.0
26582.77,100.69,20.0
26583.77,100.88,19.9999
26584.77,101.15,19.9999
26585.77,100.67,19.9999
26586.78,100.66,19.9999
26587.78,101.11,19.9999
26588.78,100.57,20.0
26589.78,100.63,20.0
26590.78,101.06,20.0
26591.78,100.7,20.0
26592.78,100.67,20.0
26593.79,116.3,19.9999
26594.79,100.73,19.9999
26595.79,100.65,19.9999
26596.79,101.09,19.9999
26597.79,100.67,19.9999
26598.79,101.07,19.9999
26599.8,100.47,19.9998
26600.8,100.64,19.9998
26601.8,101.02,19.9998
26602.8,100.61,19.9998
26603.8,100.96,19.9999
26604.8,100.6,19.9999
26605.8,100.52,19.9999
26606.81,115.76,19.9999
26607.81,100.62,19.9999
26608.81,100.69,19.9999
26609.81,101.14,19.9999
26610.81,100.68,19.9999
26611.81,100.68,19.9999
26612.81,101.15,19.9999
26613.81,100.78,20.0
26614.82,100.66,19.9999
26615.82,101.13,19.9999
26616.82,100.65,19.9999
26617.82,100.68,19.9999
26618.82,101.16,19.9999
26619.82,115.59,20.0
26620.82,100.67,20.0
26621.83,101.17,20.0
26622.83,100.67,20.0
26623.83,100.85,19.9999
26624.83,100.99,19.9999
26625.83,100.65,19.9999
26626.83,100.66,19.9999
26627.83,101.12,19.9999
26628.84,100.72,19.9999
26629.84,101.11,19.9999
26630.84,100.69,19.9999
26631.84,128.17,20.0
26632.84,101.07,20.0
26633.84,101.04,20.0
26634.84,100.66,20.0
26635.85,101.0,19.9999
26636.85,100.45,19.9999
26637.85,101.02,19.9999
26638.85,100.7,19.9999
26639.85,100.65,20.0
26640.85,101.12,20.0
26641.85,100.67,20.0
26642.86,100.55,20.0
26643.86,121.5,19.9999
26644.86,100.66,19.9999
26645.86,100.69,19.9999
26646.86,101.07,19.9999
26647.86,100.69,19.9999
26648.86,100.73,19.9999
26649.87,101.09,20.0
26650.87,100.73,20.0
26651.87,101.09,20.0
26652.87,100.68,20.0
26653.87,100.8,19.9999
26654.87,101.0,19.9999
26655.88,100.51,19.9999
26656.88,115.6,20.0
26657.88,100.62,20.0
26658.88,100.8,19.9999
26659.88,101.06,19.9999
26660.88,100.67,19.9999
26661.88,100.7,19.9999
26662.89,101.08,19.9999
26663.89,100.76,20.0
26664.89,100.69,20.0
26665.89,101.06,20.0
26666.89,100.64,20.0
26667.89,101.08,20.0
26668.89,100.75,20.0
26669.9,115.44,19.9999
26670.9,101.07,19.9998
26671.9,100.69,19.9999
26672.9,100.63,19.9999
26673.9,101.82,20.0
26674.9,100.67,20.0
26675.91,101.07,20.0
26676.91,100.67,20.0
26677.91,100.67,20.0
26678.91,101.15,19.9999
26679.91,100.66,19.9999
26680.91,101.03,19.9999
26681.91,100.66,19.9999
26682.92,115.25,20.0
26683.92,101.23,19.9999
26684.92,100.65,19.9999
26685.92,101.07,19.9999
26686.92,100.64,20.0
26687.92,100.66,19.9999
26688.93,101.1,20.0
26689.93,100.64,20.0
26690.93,100.59,20.0
26691.93,101.02,20.0
26692.93,100.64,20.0
26693.93,101.19,19.9999
26694.93,124.33,19.9999
26695.94,100.64,19.9999
26696.94,101.14,19.9999
26697.94,100.63,19.9999
26698.94,100.52,20.0
26699.94,101.0,20.0
26700.94,100.68,20.0
26701.94,100.69,20.0
26702.95,101.05,20.0
26703.95,100.77,19.9999
26704.95,101.08,19.9999
26705.95,100.66,19.9999
26706.95,100.67,19.9999
26707.95,125.56,20.0
26708.96,100.64,20.0
26709.96,101.07,20.0
26710.96,100.71,19.9999
26711.96,100.68,19.9999
26712.96,101.05,19.9999
26713.96,100.75,20.0
26714.96,100.66,20.0
26715.97,101.08,20.0
26716.97,100.69,20.0
26717.97,101.12,20.0
26718.97,100.73,20.0
26719.97,115.91,19.9999
26720.97,100.54,20.0
26721.98,100.69,20.0
26722.98,101.1,20.0
26723.98,100.83,19.9999
26724.98,101.1,19.9999
26725.98,100.55,19.9999
26726.98,100.46,19.9999
26727.99,100.86,19.9999
26728.99,100.49,19.9999
26729.99,100.44,20.0
26730.99,100.88,20.0
26731.99,115.34,20.0
26732.99,101.07,20.0
26734.0,100.82,19.9999
26735.0,100.68,19.9999
26736.0,101.08,19.9999
26737.0,100.66,19.9999
26738.0,101.08,19.9999
26739.0,100.67,20.0
26740.0,100.58,20.0
26741.01,101.04,19.9999
26742.01,100.63,19.9999
26743.01,100.68,20.0
26744.01,101.21,19.9999
26745.01,115.37,20.0
26746.01,101.06,19.9999
26747.02,100.67,19.9999
26748.02,101.03,19.9999
26749.02,100.73,19.9999
26750.02,100.65,19.9999
26751.02,101.13,19.9999
26752.02,100.67,19.9999
26753.02,100.65,19.9999
26754.03,101.26,20.0
26755.03,100.63,20.0
26756.03,100.47,20.0
26757.03,119.59,19.9998
26758.03,100.52,19.9998
26759.03,100.52,19.9998
26760.03,101.12,19.9999
26761.03,100.66,19.9999
26762.04,100.68,19.9998
26763.04,101.05,19.9998
26764.04,100.79,20.0
26765.04,100.69,19.9999
26766.04,101.06,19.9999
26767.04,100.67,20.0
26768.05,101.08,20.0
26769.05,127.0,19.9999
26770.05,100.58,19.9999
26771.05,101.11,19.9999
26772.05,100.68,19.9999
26773.05,100.67,19.9999
26774.05,101.24,20.0
26775.05,100.71,20.0
26776.06,100.69,19.9999
26777.06,101.1,20.0
26778.06,100.55,20.0
26779.06,100.51,20.0
26780.06,101.03,20.0
26781.06,100.64,19.9999
26782.06,117.93,19.9999
26783.07,100.89,19.9999
26784.07,100.75,20.0
26785.07,101.04,20.0
26786.07,100.62,20.0
26787.07,101.05,20.0
26788.07,100.64,20.0
26789.08,100.81,19.9999
26790.08,101.11,19.9999
26791.08,100.65,19.9999
26792.08,100.66,19.9999
26793.08,101.05,19.9999
26794.08,114.93,20.0
26795.08,100.56,20.0
26796.09,100.91,20.0
26797.09,100.51,20.0
26798.09,101.07,20.0
26799.09,100.66,20.0
26800.09,100.58,20.0
26801.09,101.01,20.0
26802.1,100.57,20.0
26803.1,101.01,20.0
26804.1,101.19,19.9999
26805.1,100.58,19.9999
26806.1,100.96,19.9999
26807.1,115.38,20.0
26808.11,101.08,20.0
26809.11,100.67,20.0
26810.11,100.54,20.0
26811.11,100.96,20.0
26812.11,100.56,20.0
26813.11,100.54,20.0
26814.11,101.11,19.9999
26815.12,100.64,19.9999
26816.12,101.02,19.9999
26817.12,100.65,19.9999
26818.12,100.68,19.9999
26819.12,115.94,20.0
26820.12,100.5,20.0
26821.12,100.51,20.0
26822.13,101.06,20.0
26823.13,100.59,20.0
26824.13,102.38,19.9999
26825.13,101.07,19.9999
26826.13,100.67,19.9999
26827.13,100.66,19.9999
26828.13,101.01,19.9999
26829.14,100.72,20.0
26830.14,101.06,19.9999
26831.14,125.15,20.0
26832.14,100.39,20.0
26833.14,100.94,20.0
26834.14,100.62,19.9998
26835.15,100.99,19.9999
26836.15,100.65,19.9999
26837.15,100.46,19.9999
26838.15,101.03,19.9999
26839.15,100.54,19.9999
26840.15,100.99,20.0
26841.15,100.57,20.0
26842.16,100.53,20.0
26843.16,100.97,20.0
26844.16,123.69,19.9999
26845.16,100.55,19.9999
26846.16,100.99,19.9999
26847.16,100.63,19.9999
26848.17,101.04,19.9999
26849.17,100.67,20.0
26850.17,100.45,20.0
26851.17,100.82,20.0
26852.17,100.43,20.0
26853.17,101.02,20.0
26854.17,100.63,19.9999
26855.18,100.7,19.9999
26856.18,101.04,19.9999
26857.18,115.43,19.9999
26858.18,100.7,19.9999
26859.18,101.09,19.9999
26860.18,100.65,19.9999
26861.19,101.0,19.9999
26862.19,100.68,19.9999
26863.19,100.67,20.0
26864.19,104.17,20.0
26865.19,100.57,20.0
26866.19,100.65,19.9999
26867.19,101.12,19.9999
26868.19,100.65,19.9999
26869.2,100.71,19.9999
26870.2,115.5,20.0
26871.2,100.61,19.9999
26872.2,100.53,19.9999
26873.2,101.1,20.0
26874.2,100.74,19.9999
26875.21,101.09,19.9999
26876.21,100.72,19.9999
26877.21,100.75,19.9999
26878.21,101.05,19.9999
26879.21,104.41,20.0
26880.21,101.05,19.9999
26881.21,100.68,19.9999
26882.22,100.71,19.9999
26883.22,109.99,20.0
26884.22,118.28,19.9999
26885.22,101.09,20.0
26886.22,100.65,20.0
26887.22,100.7,20.0
26888.23,101.17,20.0
26889.23,102.87,19.9999
26890.23,100.56,20.0
26891.23,100.96,19.9999
26892.23,100.62,19.9999
26893.23,100.78,19.9999
26894.23,101.15,20.0
26895.24,100.61,20.0
26896.24,101.06,20.0
26897.24,122.62,19.9999
26898.24,101.04,20.0
26899.24,100.62,20.0
26900.24,100.67,19.9999
26901.25,101.05,19.9999
26902.25,100.67,19.9999
26903.25,101.17,20.0
26904.25,100.7,20.0
26905.25,100.55,20.0
26906.25,100.98,20.0
26907.26,100.67,20.0
26908.26,101.12,20.0
26909.26,126.42,19.9999
26910.26,100.66,19.9999
26911.26,101.08,19.9999
26912.26,100.53,19.9999
26913.26,100.66,19.9999
26914.27,101.13,19.9999
26915.27,100.7,19.9999
26916.27,100.68,19.9999
26917.27,101.07,19.9999
26918.27,100.69,20.0
26919.27,100.72,19.9999
26920.27,101.12,19.9999
26921.28,104.68,19.9999
26922.28,116.43,19.9999
26923.28,100.75,20.0
26924.28,100.72,20.0
26925.28,101.09,20.0
26926.28,100.67,20.0
26927.28,100.67,20.0
26928.29,101.08,19.9999
26929.29,100.72,19.9999
26930.29,101.11,19.9999
26931.29,100.64,19.9999
26932.29,100.59,19.9999
26933.29,101.12,20.0
26934.29,100.78,19.9999
26935.3,115.21,19.9999
26936.3,101.07,19.9999
26937.3,100.69,19.9999
26938.3,100.7,19.9999
26939.3,101.12,20.0
26940.3,100.67,19.9999
26941.3,100.66,19.9999
26942.31,100.91,19.9999
26943.31,100.48,19.9999
26944.31,100.93,19.9999
26945.31,100.46,20.0
26946.31,100.63,20.0
26947.31,100.95,20.0
26948.32,115.17,19.9998
26949.32,101.15,19.9999
26950.32,100.71,19.9998
26951.32,100.72,19.9998
26952.32,101.1,19.9998
26953.32,100.78,19.9999
26954.32,100.52,20.0
26955.33,100.89,20.0
26956.33,100.47,20.0
26957.33,100.49,20.0
26958.33,101.06,20.0
26959.33,100.75,20.0
26960.33,119.42,20.0
26961.33,100.95,20.0
26962.34,100.62,20.0
26963.34,101.24,19.9999
26964.34,100.68,20.0
26965.34,100.61,20.0
26966.34,101.11,19.9999
26967.34,100.62,20.0
26968.34,100.53,20.0
26969.35,101.08,20.0
26970.35,100.62,20.0
26971.35,101.11,20.0
26972.35,127.07,20.0
26973.35,101.13,19.9999
26974.35,101.2,19.9999
26975.35,100.74,19.9999
26976.36,100.68,19.9999
26977.36,101.05,19.9999
26978.36,100.63,19.9999
26979.36,101.13,20.0
26980.36,100.49,20.0
26981.36,100.62,20.0
26982.37,101.09,20.0
26983.37,100.67,20.0
26984.37,118.0,19.9999
26985.37,101.08,19.9999
26986.37,100.71,19.9999
26987.37,100.57,19.9999
26988.37,101.17,19.9999
26989.38,100.72,20.0
26990.38,100.7,20.0
26991.38,101.08,20.0
26992.38,100.72,20.0
26993.38,101.19,20.0
26994.38,100.78,19.9999
26995.38,100.7,19.9999
26996.39,116.03,19.9999
26997.39,100.51,20.0
26998.39,100.5,20.0
26999.39,101.04,20.0
27000.39,100.73,20.0
27001.39,100.67,20.0
27002.39,101.1,19.9999
27003.39,100.78,20.0
27004.4,100.73,19.9999
27005.4,101.13,19.9999
27006.4,100.71,19.9999
27007.4,100.69,19.9999
27008.4,101.13,19.9999
27009.4,115.83,20.0
27010.41,101.13,20.0
27011.41,100.71,20.0
27012.41,100.69,20.0
27013.41,101.23,19.9999
27014.41,100.78,20.0
27015.41,100.68,20.0
27016.41,101.06,20.0
27017.42,100.66,20.0
27018.42,101.08,20.0
27019.42,100.62,20.0
27020.42,100.66,20.0
27021.42,101.03,20.0
27022.42,115.22,19.9999
27023.42,100.65,20.0
27024.43,101.18,19.9999
27025.43,100.67,19.9999
27026.43,101.06,19.9999
27027.43,100.6,19.9999
27028.43,100.68,19.9999
27029.43,101.16,20.0
27030.44,100.7,20.0
27031.44,100.41,20.0
27032.44,100.84,20.0
27033.44,100.72,19.9999
27034.44,101.13,19.9998
27035.44,126.27,19.9999
27036.44,100.66,19.9999
27037.45,101.03,19.9999
27038.45,100.54,19.9999
27039.45,101.04,20.0
27040.45,100.63,20.0
27041.45,100.72,20.0
27042.45,101.09,20.0
27043.46,100.67,20.0
27044.46,100.95,19.9999
27045.46,100.52,19.9999
27046.46,100.62,19.9999
27047.46,122.35,19.9999
27048.46,100.7,19.9999
27049.46,100.75,19.9999
27050.47,101.11,20.0
27051.47,100.7,19.9999
27052.47,101.1,19.9999
27053.47,100.73,20.0
27054.47,100.78,19.9999
27055.47,101.05,19.9999
27056.48,100.65,19.9999
27057.48,100.61,19.9999
27058.48,101.08,19.9999
27059.48,114.98,19.9999
27060.48,101.0,19.9999
27061.48,100.56,19.9999
27062.48,100.67,19.9999
27063.49,101.05,19.9999
27064.49,100.7,20.0
27065.49,100.66,20.0
27066.49,101.09,20.0
27067.49,100.65,20.0
27068.49,101.06,20.0
27069.49,100.79,20.0
27070.5,100.64,20.0
27071.5,101.2,20.0
27072.5,100.71,20.0
27073.5,115.15,20.0
27074.5,101.18,19.9999
27075.5,100.65,20.0
27076.51,101.1,20.0
27077.51,100.67,20.0
27078.51,101.08,19.9999
27079.51,100.72,19.9999
27080.51,100.68,19.9999
27081.51,101.0,19.9999
27082.52,100.47,19.9999
27083.52,100.78,19.9999
27084.52,101.22,20.0
27085.52,100.7,20.0
27086.52,115.24,20.0
27087.52,100.94,19.9999
27088.52,100.47,19.9999
27089.52,100.49,19.9999
27090.53,100.9,19.9999
27091.53,100.44,19.9999
27092.53,100.52,19.9999
27093.53,101.11,20.0
27094.53,100.71,20.0
27095.53,100.66,20.0
27096.53,101.14,20.0
27097.53,100.65,20.0
27098.54,122.59,19.9999
27099.54,101.06,19.9999
27100.54,100.62,19.9999
27101.54,100.68,19.9999
27102.54,101.07,19.9999
27103.54,100.74,19.9999
27104.54,100.71,20.0
27105.55,101.13,20.0
27106.55,100.58,20.0
27107.55,100.63,20.0
27108.55,101.03,20.0
27109.55,100.71,20.0
27110.55,101.02,20.0
27111.55,125.71,19.9999
27112.56,100.69,19.9999
27113.56,101.2,20.0
27114.56,100.69,20.0
27115.56,100.67,20.0
27116.56,101.05,20.0
27117.56,100.56,20.0
27118.56,100.55,20.0
27119.57,101.1,20.0
27120.57,100.65,20.0
27121.57,101.03,20.0
27122.57,112.9,19.9999
27123.57,103.49,19.9999
27124.57,101.1,20.0
27125.57,100.59,20.0
27126.58,100.6,20.0
27127.58,100.99,20.0
27128.58,100.65,20.0
27129.58,100.61,19.9999
27130.58,101.02,19.9999
27131.58,100.64,19.9999
27132.59,101.04,19.9999
27133.59,100.79,20.0
27134.59,100.74,19.9999
27135.59,325.34,9.1922
27136.59,296.75,9.5349
27137.59,264.0,9.792
27138.59,358.14,10.0028
27139.59,329.75,10.4196
27140.6,315.74,10.8011
27141.6,306.46,11.1521
27142.6,306.95,11.3974
27143.6,307.54,11.5624
27144.6,304.69,11.7376
27145.6,297.41,11.8821
27146.61,305.6,12.0478
27147.61,307.62,12.2821
27148.61,308.57,12.5553
27149.61,129.29,13.5308
27150.61,211.75,14.6764
27151.61,399.57,15.5688
27152.61,221.9,15.9305
27153.62,100.85,15.9305
27154.62,157.05,15.9309
27155.62,311.27,15.9346
27156.62,273.2,15.9351
27157.62,169.75,15.9351
27158.62,247.66,15.9351
27159.62,153.14,15.9351
27160.62,124.12,15.9351
27161.63,159.25,15.9352
27162.63,199.19,15.9352
27163.63,174.22,15.9353
27164.63,102.81,15.9353
27165.63,132.27,15.9353
27166.63,152.84,15.9353
27167.64,392.33,16.9854
27168.64,400.78,17.6513
27169.64,399.57,18.3323
27170.64,399.8,18.9445
27171.64,113.24,18.9936
27172.64,141.16,18.9937
27173.64,123.53,18.9937
27174.65,118.74,18.9937
27175.65,122.79,18.9937
27176.65,106.99,18.9937
27177.65,105.45,18.9937
27178.65,103.98,18.9937
27179.65,113.33,18.9937
27180.65,101.31,18.9937
27181.66,100.81,18.9937
27182.66,100.76,18.9937
27183.66,135.45,18.9939
27184.66,121.41,18.9939
27185.66,101.47,18.9939
27186.66,101.09,18.9939
27187.66,106.15,18.9939
27188.67,135.77,18.9939
27189.67,108.23,18.9939
27190.67,114.72,18.9939
27191.67,131.27,18.9939
27192.67,188.04,18.9939
27193.67,101.01,18.994
27194.67,101.9,18.994
27195.68,102.33,18.9937
27196.68,113.42,18.9937
27197.68,113.67,18.9937
27198.68,100.88,18.994
27199.68,102.54,18.994
27200.68,100.65,18.994
27201.68,102.33,18.994
27202.69,114.74,18.994
27203.69,103.88,18.994
27204.69,100.92,18.994
27205.69,103.68,18.994
27206.69,100.91,18.994
27207.69,100.84,18.994
27208.69,106.45,18.994
27209.69,100.61,18.994
27210.7,100.77,18.994
27211.7,101.39,18.9938
27212.7,102.18,18.9939
27213.7,100.91,18.994
27214.7,101.32,18.994
27215.7,100.81,18.994
27216.71,101.21,18.994
27217.71,103.64,18.994
27218.71,103.07,18.994
27219.71,101.17,18.994
27220.71,100.84,18.994
27221.71,107.1,18.994
27222.71,136.21,18.994
27223.72,105.61,18.994
27224.72,102.92,18.994
27225.72,100.55,18.994
27226.72,100.55,18.994
27227.72,101.12,18.994
27228.72,100.75,18.994
27229.73,101.05,18.994
27230.73,100.61,18.994
27231.73,104.39,18.994
27232.73,101.08,18.9942
27233.73,101.22,18.9943
27234.73,101.09,18.9943
27235.73,100.73,18.9943
27236.74,101.83,18.9943
27237.74,101.8,18.9943
27238.74,100.89,18.9943
27239.74,101.25,18.9943
27240.74,101.03,18.9943
27241.74,100.79,18.9943
27242.75,101.14,18.9943
27243.75,100.66,18.9944
27244.75,381.82,19.0413
27245.75,362.52,19.121
27246.75,101.3,19.121
27247.75,101.08,19.121
27248.76,100.85,19.121
27249.76,100.77,19.121
27250.76,101.17,19.121
27251.76,106.57,19.121
27252.76,101.71,19.121
27253.76,101.19,19.121
27254.76,100.73,19.121
27255.77,203.69,19.121
27256.77,282.85,19.1214
27257.77,137.67,19.1214
27258.77,108.79,19.1214
27259.77,138.1,19.1214
27260.77,153.24,19.1214
27261.77,100.89,19.1215
27262.78,102.56,19.1215
27263.78,101.21,19.1215
27264.78,271.63,19.1276
27265.78,399.39,19.1399
27266.78,107.23,19.1399
27267.78,111.08,19.1399
27268.78,102.04,19.14
27269.79,101.14,19.1401
27270.79,100.63,19.1401
27271.79,100.62,19.1401
27272.79,101.12,19.1401
27273.79,100.79,19.1401
27274.79,100.58,19.1401
27275.79,101.19,19.1401
27276.8,340.86,19.1359
27277.8,364.11,19.1362
27278.8,100.87,19.1362
27279.8,100.54,19.1362
27280.8,101.13,19.1362
27281.8,101.5,19.1362
27282.8,100.89,19.1362
27283.81,101.05,19.1364
27284.81,100.51,19.1364
27285.81,100.73,19.1364
27286.81,101.07,19.1362
27287.81,128.82,19.1362
27288.81,399.86,19.1398
27289.81,313.6,19.14
27290.82,100.73,19.14
27291.82,100.69,19.14
27292.82,101.09,19.1399
27293.82,100.8,19.1401
27294.82,385.27,19.8293
27295.82,248.95,19.8346
27296.82,100.51,19.8346
27297.83,100.91,19.8346
27298.83,100.55,19.8346
27299.83,158.07,19.9553
27300.83,111.11,19.9758
27301.83,100.65,19.9758
27302.83,101.12,19.9757
27303.83,100.71,19.9758
27304.84,118.08,19.9759
27305.84,100.94,19.9759
27306.84,100.64,19.9759
27307.84,100.67,19.9759
27308.84,119.28,19.9759
27309.84,100.72,19.9759
27310.85,101.13,19.9759
27311.85,100.69,19.9759
27312.85,118.9,19.9759
27313.85,100.99,19.9761
27314.85,100.54,19.9761
27315.85,101.07,19.9761
27316.85,117.01,19.9761
27317.86,100.74,19.9761
27318.86,101.17,19.9761
27319.86,100.71,19.9761
27320.86,100.72,19.9761
27321.86,115.96,19.9762
27322.86,100.71,19.9761
27323.86,100.78,19.9762
27324.87,103.86,19.9762
27325.87,114.82,19.9762
27326.87,100.7,19.9762
27327.87,101.06,19.9763
27328.87,100.71,19.9763
27329.87,115.05,19.9763
27330.87,101.09,19.9763
27331.88,100.71,19.9763
27332.88,101.12,19.9763
27333.88,101.0,19.9763
27334.88,114.65,19.9763
27335.88,101.01,19.9763
27336.88,100.43,19.9763
27337.89,100.84,19.9763
27338.89,100.49,19.9765
27339.89,114.72,19.9765
27340.89,101.07,19.9765
27341.89,111.71,19.9765
27342.89,100.62,19.9764
27343.89,115.12,19.9765
27344.9,100.63,19.9765
27345.9,101.02,19.9764
27346.9,100.62,19.9764
27347.9,114.58,19.9767
27348.9,100.75,19.9767
27349.9,101.55,19.9767
27350.9,100.63,19.9767
27351.91,115.71,19.9767
27352.91,100.72,19.9767
27353.91,100.8,19.9767
27354.91,101.09,19.9767
27355.91,100.47,19.9766
27356.91,115.32,19.9768
27357.91,100.98,19.9768
27358.92,101.74,19.9768
27359.92,100.87,19.9768
27360.92,100.46,19.9767
27361.92,114.65,19.9769
27362.92,101.09,19.9769
27363.92,100.77,19.9769
27364.93,100.99,19.9769
27365.93,100.62,19.9769
27366.93,100.68,19.9769
27367.93,101.07,19.9768
27368.93,118.61,19.9768
27369.93,100.83,19.9768
27370.93,101.19,19.9768
27371.94,100.72,19.9769
27372.94,101.15,19.9769
27373.94,101.0,19.9769
27374.94,120.34,19.9769
27375.94,101.09,19.9769
27376.94,100.68,19.9769
27377.94,100.67,19.9769
27378.95,100.9,19.977
27379.95,100.48,19.977
27380.95,100.56,19.9769
27381.95,121.67,19.9771
27382.95,100.54,19.9771
27383.95,100.73,19.9772
27384.95,100.94,19.9772
27385.96,100.49,19.9772
27386.96,100.94,19.9772
27387.96,117.4,19.9772
27388.96,100.45,19.9772
27389.96,100.89,19.9771
27390.96,100.61,19.977
27391.96,100.52,19.977
27392.97,100.96,19.977
27393.97,100.75,19.9771
27394.97,101.11,19.9771
27395.97,120.33,19.9772
27396.97,100.72,19.9771
27397.97,100.67,19.9771
27398.97,101.18,19.9772
27399.97,100.67,19.9772
27400.98,100.74,19.9773
27401.98,100.53,19.9773
27402.98,100.88,19.9773
27403.98,100.63,19.9774
27404.98,122.45,19.9775
27405.98,100.98,19.9774
27406.98,100.62,19.9774
27407.99,101.01,19.9774
27408.99,100.65,19.9775
27409.99,100.62,19.9775
27410.99,101.01,19.9774
27411.99,100.5,19.9774
27412.99,115.29,19.9775
27413.99,101.21,19.9776
27414.99,100.69,19.9775
27416.0,102.33,19.9775
27417.0,101.02,19.9776
27418.0,100.64,19.9776
27419.0,100.72,19.9777
27420.0,101.11,19.9776
27421.0,100.71,19.9776
27422.01,116.03,19.9776
27423.01,100.69,19.9777
27424.01,100.75,19.9778
27425.01,100.99,19.9777
27426.01,100.48,19.9778
27427.01,100.89,19.9778
27428.01,100.55,19.9778
27429.02,100.67,19.9777
27430.02,101.08,19.9777
27431.02,115.43,19.9778
27432.02,100.67,19.9777
27433.02,101.08,19.9777
27434.02,100.76,19.9777
27435.03,101.1,19.9777
27436.03,101.97,19.9777
27437.03,104.98,19.9778
27438.03,101.04,19.9776
27439.03,100.73,19.9776
27440.03,121.94,19.978
27441.03,100.71,19.9779
27442.04,100.63,19.9778
27443.04,101.07,19.9778
27444.04,100.7,19.9779
27445.04,100.66,19.9781
27446.04,101.07,19.9779
27447.04,100.65,19.978
27448.05,101.06,19.9779
27449.05,124.58,19.978
27450.05,100.68,19.978
27451.05,101.06,19.978
27452.05,100.64,19.978
27453.05,100.69,19.978
27454.05,101.14,19.978
27455.06,100.68,19.978
27456.06,101.06,19.978
27457.06,100.65,19.978
27458.06,100.65,19.978
27459.06,118.07,19.9782
27460.06,100.57,19.9781
27461.07,100.98,19.9781
27462.07,100.45,19.9781
27463.07,100.5,19.9782
27464.07,102.45,19.9783
27465.07,100.67,19.9783
27466.07,100.59,19.9782
27467.07,101.11,19.9782
27468.08,115.22,19.9783
27469.08,100.66,19.9783
27470.08,101.08,19.9783
27471.08,100.68,19.9782
27472.08,101.12,19.9782
27473.08,100.53,19.9782
27474.08,100.63,19.9783
27475.09,100.98,19.9782
27476.09,100.67,19.9782
27477.09,100.5,19.9782
27478.09,107.97,19.9784
27479.09,107.98,19.9785
27480.09,100.69,19.9784
27481.09,101.15,19.9785
27482.09,100.7,19.9785
27483.1,100.75,19.9784
27484.1,101.16,19.9785
27485.1,100.7,19.9785
27486.1,100.71,19.9785
27487.1,101.05,19.9785
27488.1,100.56,19.9786
27489.1,115.34,19.9785
27490.11,101.06,19.9785
27491.11,100.73,19.9785
27492.11,101.09,19.9785
27493.11,100.66,19.9785
27494.11,100.75,19.9787
27495.11,101.04,19.9787
27496.12,100.66,19.9787
27497.12,101.09,19.9787
27498.12,100.66,19.9786
27499.12,116.65,19.9788
27500.12,100.89,19.9787
27501.12,100.52,19.9787
27502.12,100.51,19.9787
27503.13,100.9,19.9788
27504.13,100.6,19.9787
27505.13,101.05,19.9787
27506.13,100.67,19.9787
27507.13,100.53,19.9787
27508.13,100.94,19.9787
27509.13,100.68,19.9787
27510.14,100.64,19.9788
27511.14,125.71,19.979
27512.14,100.49,19.979
27513.14,100.64,19.979
27514.14,101.38,19.979
27515.14,100.56,19.9789
27516.15,101.07,19.9789
27517.15,100.5,19.9789
27518.15,100.5,19.979
27519.15,101.04,19.979
27520.15,100.55,19.9791
27521.15,100.52,19.979
27522.15,122.1,19.9791
27523.16,100.7,19.9791
27524.16,102.32,19.9791
27525.16,101.03,19.9791
27526.16,100.69,19.9791
27527.16,101.07,19.9791
27528.16,100.73,19.9791
27529.16,100.61,19.9791
27530.17,100.99,19.9791
27531.17,100.69,19.9791
27532.17,100.68,19.9794
27533.17,115.13,19.9794
27534.17,100.7,19.9792
27535.17,101.06,19.9792
27536.17,100.72,19.9794
27537.18,100.67,19.9794
27538.18,101.1,19.9793
27539.18,100.74,19.9794
27540.18,100.69,19.9793
27541.18,101.12,19.9793
27542.18,100.7,19.9793
27543.19,101.15,19.9794
27544.19,115.18,19.9796
27545.19,100.69,19.9796
27546.19,101.07,19.9795
27547.19,100.67,19.9795
27548.19,101.07,19.9795
27549.19,100.68,19.9795
27550.2,100.65,19.9795
27551.2,101.09,19.9795
27552.2,100.54,19.9795
27553.2,100.72,19.9796
27554.2,101.08,19.9797
27555.2,100.65,19.9795
27556.21,115.49,19.9798
27557.21,100.47,19.9796
27558.21,100.5,19.9795
27559.21,101.08,19.9796
27560.21,100.64,19.9797
27561.21,100.68,19.9798
27562.21,101.09,19.9797
27563.21,100.73,19.9796
27564.22,100.77,19.9796
27565.22,100.65,19.9796
27566.22,101.01,19.9796
27567.22,118.96,19.9799
27568.23,101.09,19.9799
27569.23,100.66,19.9799
27570.23,100.63,19.9799
27571.23,101.1,19.9799
27572.23,100.68,19.9799
27573.23,100.77,19.9799
27574.23,100.79,19.9801
27575.23,101.04,19.98
27576.24,100.67,19.9801
27577.24,101.11,19.98
27578.24,100.68,19.98
27579.24,125.45,19.98
27580.24,101.1,19.9799
27581.24,101.49,19.9799
27582.24,101.14,19.98
27583.25,102.09,19.98
27584.25,194.34,19.9859
27585.25,100.58,19.9859
27586.25,101.25,19.9771
27587.25,100.53,19.9771
27588.25,100.68,19.9773
27589.25,101.14,19.9772
27590.25,119.34,19.9773
27591.26,100.74,19.9774
27592.26,100.96,19.9773
27593.26,100.72,19.9774
27594.26,100.77,19.9775
27595.26,100.94,19.9773
27596.26,100.51,19.9773
27597.26,100.5,19.9773
27598.27,100.91,19.9774
27599.27,100.56,19.9774
27600.27,100.91,19.9774
27601.27,115.15,19.9776
27602.27,100.72,19.9776
27603.27,101.16,19.9776
27604.28,100.75,19.9776
27605.28,100.69,19.9776
27606.28,101.1,19.9774
27607.28,100.68,19.9774
27608.28,101.1,19.9774
27609.28,100.55,19.9774
27610.28,100.48,19.9774
27611.29,100.95,19.9776
27612.29,100.53,19.9774
27613.29,115.83,19.9778
27614.29,100.64,19.9779
27615.29,100.59,19.9779
27616.29,101.04,19.9778
27617.3,100.63,19.9778
27618.3,101.05,19.9776
27619.3,100.66,19.9777
27620.3,100.59,19.9777
27621.3,101.01,19.9777
27622.3,100.59,19.9777
27623.3,100.67,19.9777
27624.31,101.11,19.9777
27625.31,100.69,19.9777
27626.31,115.33,19.9778
27627.31,100.94,19.9778
27628.31,100.53,19.9778
27629.31,100.67,19.9779
27630.31,101.09,19.9778
27631.32,100.45,19.9778
27632.32,101.09,19.9778
27633.32,100.55,19.9779
27634.32,100.51,19.9779
27635.32,100.84,19.9779
27636.32,100.47,19.9779
27637.33,100.86,19.9779
27638.33,121.88,19.9781
27639.33,100.71,19.9782
27640.33,100.94,19.9781
27641.33,100.45,19.9781
27642.33,100.43,19.9781
27643.33,101.04,19.9781
27644.33,100.8,19.9781
27645.34,100.71,19.9781
27646.34,100.92,19.9781
27647.34,100.52,19.9781
27648.34,101.1,19.9781
27649.34,100.72,19.9783
27650.34,125.0,19.9784
27651.35,101.08,19.9783
27652.35,100.52,19.9783
27653.35,100.9,19.9783
27654.35,101.15,19.9782
27655.35,100.53,19.9783
27656.35,100.56,19.9783
27657.35,101.01,19.9783
27658.36,100.62,19.9783
27659.36,101.13,19.9783
27660.36,100.68,19.9783
27661.36,100.7,19.9783
27662.36,116.21,19.9784
27663.36,100.69,19.9784
27664.36,100.71,19.9784
27665.37,101.04,19.9784
27666.37,100.61,19.9784
27667.37,100.62,19.9784
27668.37,101.06,19.9784
27669.37,100.72,19.9784
27670.37,101.14,19.9784
27671.37,100.63,19.9786
27672.38,100.64,19.9784
27673.38,101.09,19.9784
27674.38,100.56,19.9785
27675.38,115.36,19.9786
27676.38,101.09,19.9786
27677.38,100.61,19.9786
27678.39,101.11,19.9788
27679.39,100.63,19.9787
27680.39,100.69,19.9787
27681.39,101.05,19.9787
27682.39,100.68,19.9787
27683.39,100.7,19.9787
27684.39,100.91,19.9787
27685.4,100.45,19.9787
27686.4,100.87,19.9787
27687.4,110.94,19.9789
27688.4,105.12,19.9789
27689.4,100.97,19.979
27690.4,100.65,19.9788
27691.41,101.06,19.9788
27692.41,100.52,19.9788
27693.41,100.62,19.9788
27694.41,101.09,19.9788
27695.41,100.69,19.9788
27696.41,100.7,19.9788
27697.41,101.09,19.9788
27698.42,100.74,19.9788
27699.42,100.77,19.9789
27700.42,117.81,19.979
27701.42,100.72,19.979
27702.42,101.08,19.979
27703.42,100.69,19.979
27704.42,100.7,19.9791
27705.43,101.03,19.9791
27706.43,100.65,19.9791
27707.43,100.45,19.9791
27708.43,100.91,19.9791
27709.43,100.47,19.9792
27710.43,100.84,19.9792
27711.44,100.49,19.9792
27712.44,126.89,19.9793
27713.44,101.11,19.9793
27714.44,100.7,19.9792
27715.44,101.09,19.9792
27716.44,100.57,19.9793
27717.44,100.43,19.9793
27718.45,100.87,19.9793
27719.45,100.57,19.9793
27720.45,100.56,19.9793
27721.45,101.16,19.9793
27722.45,100.71,19.9793
27723.45,100.69,19.9794
27724.45,119.33,19.9795
27725.45,100.63,19.9795
27726.46,100.72,19.9795
27727.46,101.17,19.9795
27728.46,100.69,19.9795
27729.46,100.74,19.9795
27730.46,101.15,19.9795
27731.46,100.74,19.9795
27732.46,100.71,19.9795
27733.47,101.2,19.9795
27734.47,100.71,19.9795
27735.47,100.68,19.9795
27736.47,104.53,19.9796
27737.47,111.63,19.9796
27738.47,101.07,19.9796
27739.47,100.76,19.9797
27740.48,100.74,19.9795
27741.48,101.1,19.9795
27742.48,100.68,19.9795
27743.48,100.77,19.9795
27744.48,101.12,19.9795
27745.48,100.78,19.9795
27746.48,100.65,19.9795
27747.49,101.07,19.9795
27748.49,100.64,19.9795
27749.49,114.73,19.9799
27750.49,101.12,19.9799
27751.49,100.69,19.9797
27752.49,100.54,19.9798
27753.49,101.12,19.9799
27754.5,100.71,19.9799
27755.5,100.68,19.9799
27756.5,100.98,19.9799
27757.5,100.46,19.9799
27758.5,100.84,19.9799
27759.5,100.47,19.98
27760.5,100.42,19.9799
27761.51,100.89,19.9799
27762.51,114.9,19.98
27763.51,101.1,19.98
27764.51,100.64,19.98
27765.51,100.67,19.98
27766.51,101.12,19.9801
27767.51,100.61,19.9801
27768.52,100.72,19.98
27769.52,101.09,19.9801
27770.52,100.6,19.9801
27771.52,100.59,19.9801
27772.52,101.04,19.9801
27773.52,100.7,19.9801
27774.53,124.0,19.9802
27775.53,100.67,19.9802
27776.53,100.72,19.9802
27777.53,101.2,19.9802
27778.53,100.73,19.9802
27779.53,100.77,19.9802
27780.53,101.12,19.9802
27781.54,100.77,19.9803
27782.54,100.73,19.9803
27783.54,101.23,19.9803
27784.54,100.63,19.9803
27785.54,101.12,19.9803
27786.54,123.5,19.9805
27787.54,100.69,19.9805
27788.55,101.06,19.9805
27789.55,100.77,19.9805
27790.55,100.73,19.9805
27791.55,100.94,19.9805
27792.55,100.51,19.9805
27793.55,100.56,19.9805
27794.55,100.93,19.9805
27795.56,100.52,19.9807
27796.56,100.69,19.9807
27797.56,101.06,19.9807
27798.56,115.63,19.9807
27799.56,100.88,19.9807
27800.56,100.59,19.9807
27801.56,100.62,19.9807
27802.57,101.08,19.9807
27803.57,100.74,19.9807
27804.57,101.14,19.9806
27805.57,100.68,19.9806
27806.57,100.7,19.9806
27807.57,101.12,19.9806
27808.58,100.76,19.9808
27809.58,100.71,19.9807
27810.58,101.1,19.9808
27811.58,115.46,19.9807
27812.58,101.08,19.9807
27813.58,100.8,19.9808
27814.58,100.64,19.9808
27815.59,101.15,19.9808
27816.59,100.68,19.9808
27817.59,100.68,19.9808
27818.59,101.12,19.9809
27819.59,100.5,19.9808
27820.59,100.6,19.9808
27821.59,101.18,19.9808
27822.59,100.64,19.9808
27823.6,101.06,19.9809
27824.6,115.64,19.981
27825.6,100.74,19.981
27826.6,100.72,19.981
27827.6,101.23,19.981
27828.6,100.69,19.9808
27829.6,100.54,19.9808
27830.61,101.06,19.9808
27831.61,100.68,19.9809
27832.61,100.69,19.981
27833.61,101.21,19.981
27834.61,100.54,19.981
27835.61,100.46,19.981
27836.61,101.01,19.981
27837.62,118.49,19.981
27838.62,100.66,19.9811
27839.62,101.06,19.9811
27840.62,100.63,19.9811
27841.62,101.1,19.9811
27842.62,100.71,19.9811
27843.62,100.79,19.9812
27844.63,101.12,19.9812
27845.63,100.58,19.9812
27846.63,100.52,19.9812
27847.63,100.93,19.9813
27848.63,100.61,19.9811
27849.63,126.89,19.9813
27850.63,101.11,19.9813
27851.64,100.79,19.9813
27852.64,101.13,19.9812
27853.64,100.72,19.9813
27854.64,100.57,19.9812
27855.64,101.02,19.9812
27856.64,100.63,19.9812
27857.64,100.7,19.9812
27858.65,101.13,19.9813
27859.65,100.54,19.9813
27860.65,100.87,19.9813
27861.65,117.5,19.9814
27862.65,100.64,19.9814
27863.65,101.03,19.9815
27864.65,100.58,19.9816
27865.66,100.53,19.9815
27866.66,100.69,19.9813
27867.66,101.08,19.9813
27868.66,100.53,19.9815
27869.66,100.54,19.9814
27870.66,101.14,19.9814
27871.66,100.54,19.9814
27872.66,100.47,19.9814
27873.67,115.64,19.9815
27874.67,100.62,19.9815
27875.67,100.65,19.9815
27876.67,100.86,19.9815
27877.67,100.55,19.9816
27878.67,100.58,19.9816
27879.67,101.09,19.9817
27880.68,100.68,19.9816
27881.68,100.62,19.9816
27882.68,101.05,19.9816
27883.68,100.74,19.9817
27884.68,101.06,19.9817
27885.68,100.57,19.9816
27886.68,114.68,19.982
27887.69,101.04,19.9818
27888.69,100.6,19.9818
27889.69,100.58,19.9818
27890.69,100.58,19.9818
27891.69,101.0,19.9818
27892.69,100.59,19.9818
27893.69,101.05,19.9819
27894.7,100.51,19.9818
27895.7,100.59,19.9818
27896.7,101.04,19.9819
27897.7,100.67,19.9818
27898.7,101.1,19.9818
27899.7,115.08,19.9819
27900.7,100.76,19.982
27901.71,101.05,19.982
27902.71,100.69,19.982
27903.71,100.79,19.982
27904.71,100.71,19.9819
27905.71,101.05,19.9819
27906.71,100.63,19.9819
27907.71,100.99,19.9819
27908.71,100.69,19.9819
27909.72,100.69,19.9819
27910.72,101.0,19.9819
27911.72,100.68,19.9821
27912.72,127.17,19.9822
27913.72,100.72,19.982
27914.72,100.56,19.982
27915.73,100.9,19.982
27916.73,100.61,19.982
27917.73,100.64,19.982
27918.73,101.06,19.9821
27919.73,100.6,19.9821
27920.73,101.0,19.9821
27921.73,100.68,19.9821
27922.74,100.48,19.9821
27923.74,101.03,19.9822
27924.74,121.18,19.9823
27925.74,100.61,19.9821
27926.74,101.02,19.9821
27927.74,100.67,19.9821
27928.74,100.66,19.9823
27929.75,101.06,19.9822
27930.75,100.68,19.9822
27931.75,101.08,19.9822
27932.75,100.66,19.9822
27933.75,100.75,19.9823
27934.75,101.14,19.9822
27935.75,100.66,19.9822
27936.76,100.66,19.9822
27937.76,115.2,19.9824
27938.76,100.65,19.9824
27939.76,100.63,19.9824
27940.76,101.11,19.9824
27941.76,100.71,19.9825
27942.76,100.63,19.9825
27943.77,101.02,19.9825
27944.77,100.65,19.9825
27945.77,100.67,19.9825
27946.77,101.13,19.9825
27947.77,100.66,19.9825
27948.77,100.71,19.9825
27949.77,101.04,19.9825
27950.78,104.0,19.9825
27951.78,112.42,19.9826
27952.78,100.5,19.9825
27953.78,100.75,19.9826
27954.78,101.07,19.9825
27955.78,100.64,19.9825
27956.79,100.9,19.9827
27957.79,100.49,19.9827
27958.79,100.51,19.9827
27959.79,101.09,19.9827
27960.79,100.7,19.9827
27961.79,100.68,19.9827
27962.79,101.06,19.9827
27963.8,100.72,19.9829
27964.8,114.99,19.9827
27965.8,101.03,19.9827
27966.8,100.62,19.9827
27967.8,101.09,19.9828
27968.8,100.7,19.9828
27969.8,100.56,19.9828
27970.81,101.02,19.9828
27971.81,100.68,19.9828
27972.81,101.02,19.9828
27973.81,100.7,19.9828
27974.81,100.63,19.9828
27975.81,100.99,19.9829
27976.82,124.08,19.983
27977.82,100.69,19.983
27978.82,101.12,19.983
27979.82,100.72,19.9829
27980.82,100.98,19.9829
27981.82,100.66,19.9828
27982.82,100.67,19.9828
27983.83,101.18,19.983
27984.83,100.69,19.983
27985.83,101.09,19.983
27986.83,100.69,19.983
27987.83,100.57,19.983
27988.83,101.04,19.9829
27989.84,123.8,19.9832
27990.84,100.71,19.9831
27991.84,101.09,19.9831
27992.84,100.66,19.9831
27993.84,101.15,19.9832
27994.84,100.68,19.9831
27995.84,100.66,19.9831
27996.85,101.04,19.9831
27997.85,100.67,19.983
27998.85,101.14,19.983
27999.85,100.69,19.983
28000.85,100.7,19.9832
28001.85,115.92,19.9834
28002.85,100.65,19.9834
28003.86,100.77,19.9834
28004.86,101.03,19.9833
28005.86,100.57,19.9832
28006.86,100.67,19.9833
28007.86,100.99,19.9834
28008.86,100.7,19.9834
28009.86,100.66,19.9833
28010.87,101.07,19.9833
28011.87,100.67,19.9833
28012.87,101.07,19.9833
28013.87,100.79,19.9833
28014.87,115.49,19.9835
28015.87,101.09,19.9833
28016.88,100.64,19.9833
28017.88,101.08,19.9833
28018.88,100.71,19.9835
28019.88,100.68,19.9834
28020.88,100.74,19.9835
28021.88,101.12,19.9834
28022.88,100.64,19.9834
28023.89,100.97,19.9835
28024.89,100.63,19.9835
28025.89,100.67,19.9834
28026.89,101.06,19.9834
28027.89,115.34,19.9835
28028.89,100.49,19.9835
28029.89,100.86,19.9834
28030.9,100.5,19.9834
28031.9,100.89,19.9834
28032.9,100.5,19.9835
28033.9,100.58,19.9835
28034.9,100.88,19.9835
28035.9,100.47,19.9835
28036.91,100.9,19.9835
28037.91,100.49,19.9835
28038.91,100.56,19.9837
28039.91,100.88,19.9837
28040.91,120.15,19.984
28041.91,100.72,19.984
28042.91,101.08,19.984
28043.92,100.76,19.984
28044.92,100.94,19.984
28045.92,100.55,19.984
28046.92,100.63,19.984
28047.92,101.06,19.9839
28048.92,100.72,19.984
28049.93,101.05,19.9839
28050.93,100.65,19.9839
28051.93,100.67,19.9839
28052.93,101.07,19.9839
28053.93,127.86,19.9841
28054.93,100.48,19.984
28055.93,100.86,19.984
28056.94,100.59,19.984
28057.94,100.99,19.984
28058.94,100.54,19.9841
28059.94,100.51,19.9841
28060.94,101.16,19.9841
28061.94,100.66,19.9841
28062.94,100.53,19.9841
28063.95,100.97,19.9842
28064.95,100.65,19.9841
28065.95,100.7,19.9841
28066.95,116.6,19.9841
28067.95,100.73,19.9841
28068.95,101.14,19.9843
28069.95,100.62,19.9842
28070.96,100.68,19.9843
28071.96,101.04,19.9842
28072.96,100.68,19.9842
28073.96,101.2,19.9843
28074.96,100.67,19.9842
28075.96,100.68,19.9842
28076.97,101.08,19.9842
28077.97,100.7,19.9842
28078.97,114.82,19.9846
28079.97,101.02,19.9845
28080.97,100.65,19.9846
28081.97,100.66,19.9844
28082.97,101.14,19.9844
28083.97,100.85,19.9846
28084.98,100.67,19.9847
28085.98,100.73,19.9847
28086.98,101.03,19.9847
28087.98,100.68,19.9847
28088.98,100.68,19.9847
28089.98,101.12,19.9846
28090.98,100.73,19.9847
28091.98,106.62,19.9848
28092.99,109.28,19.9847
28093.99,100.76,19.9848
28094.99,100.63,19.9848
28095.99,101.05,19.9848
28096.99,100.62,19.9848
28097.99,100.64,19.9848
28098.99,101.15,19.9848
28100.0,100.67,19.9848
28101.0,100.78,19.9848
28102.0,101.11,19.9847
28103.0,100.55,19.9848
28104.0,101.1,19.9849
28105.0,100.69,19.9849
28106.0,117.57,19.9848
28107.01,101.11,19.9848
28108.01,100.7,19.9848
28109.01,100.74,19.9848
28110.01,101.11,19.9848
28111.01,100.71,19.9848
28112.01,100.99,19.9848
28113.02,100.69,19.9848
28114.02,100.76,19.985
28115.02,101.04,19.985
28116.02,100.7,19.985
28117.02,101.04,19.985
28118.02,126.85,19.9852
28119.02,100.7,19.9852
28120.03,101.04,19.9853
28121.03,100.61,19.9851
28122.03,100.65,19.9851
28123.03,101.05,19.9851
28124.03,100.77,19.9851
28125.03,101.11,19.9851
28126.03,100.71,19.9851
28127.04,100.66,19.9852
28128.04,101.04,19.9852
28129.04,100.75,19.9851
28130.04,100.67,19.9852
28131.04,119.51,19.9852
28132.04,100.62,19.9851
28133.04,100.56,19.9851
28134.05,101.23,19.9852
28135.05,100.68,19.9852
28136.05,100.68,19.9852
28137.05,101.11,19.9852
28138.05,100.74,19.9852
28139.05,100.68,19.9853
28140.05,101.02,19.9852
28141.06,100.55,19.9852
28142.06,101.01,19.9852
28143.06,100.72,19.9852
28144.06,115.47,19.9855
28145.06,101.06,19.9853
28146.06,100.54,19.9854
28147.06,100.64,19.9854
28148.07,100.92,19.9854
28149.07,100.55,19.9855
28150.07,100.47,19.9855
28151.07,100.91,19.9855
28152.07,100.5,19.9855
28153.07,100.89,19.9855
28154.08,101.5,19.9857
28155.08,100.48,19.9857
28156.08,101.08,19.9857
28157.08,100.66,19.9855
28158.08,115.18,19.9857
28159.08,100.81,19.9857
28160.08,101.07,19.9857
28161.08,100.68,19.9858
28162.09,101.04,19.9858
28163.09,100.67,19.9858
28164.09,101.55,19.9858
28165.09,101.06,19.9858
28166.09,100.66,19.9857
28167.09,101.05,19.9857
28168.09,100.65,19.9858
28169.1,100.73,19.9858
28170.1,101.15,19.9858
28171.1,115.25,19.9858
28172.1,100.6,19.9858
28173.1,101.09,19.9857
28174.1,100.74,19.9857
28175.1,100.85,19.9858
28176.11,100.91,19.9859
28177.11,100.65,19.9859
28178.11,100.67,19.9858
28179.11,101.08,19.9858
28180.11,100.62,19.9858
28181.11,100.7,19.9858
28182.11,101.07,19.9858
28183.12,126.49,19.986
28184.12,100.77,19.986
28185.12,101.08,19.9859
28186.12,100.56,19.9859
28187.12,100.87,19.9859
28188.12,100.56,19.9859
28189.12,100.7,19.9859
28190.13,101.05,19.9859
28191.13,100.67,19.9859
28192.13,101.11,19.9859
28193.13,100.68,19.9859
28194.13,100.8,19.986
28195.13,122.25,19.9861
28196.14,100.68,19.9861
28197.14,100.66,19.9861
28198.14,101.06,19.9862
28199.14,100.7,19.9862
28200.14,100.99,19.9863
28201.14,100.61,19.9863
28202.14,100.65,19.9863
28203.15,101.02,19.9863
28204.15,100.92,19.9862
28205.15,101.01,19.9863
28206.15,100.67,19.9863
28207.15,100.63,19.9863
28208.15,115.43,19.9863
28209.16,100.66,19.9864
28210.16,101.01,19.9863
28211.16,100.64,19.9864
28212.16,100.65,19.9863
28213.16,101.18,19.9864
28214.16,100.7,19.9864
28215.16,100.62,19.9865
28216.17,101.03,19.9865
28217.17,100.54,19.9863
28218.17,100.68,19.9863
28219.17,101.0,19.9863
28220.17,100.47,19.9864
28221.17,115.29,19.9864
28222.17,100.69,19.9865
28223.18,100.75,19.9865
28224.18,101.12,19.9864
28225.18,100.68,19.9864
28226.18,101.1,19.9863
28227.18,100.66,19.9866
28228.18,100.68,19.9864
28229.19,101.07,19.9865
28230.19,100.65,19.9866
28231.19,100.69,19.9867
28232.19,101.08,19.9866
28233.19,100.73,19.9866
28234.19,115.83,19.9867
28235.19,100.66,19.9868
28236.2,100.67,19.9868
28237.2,101.04,19.9868
28238.2,100.66,19.9868
28239.2,100.56,19.9868
28240.2,100.95,19.9868
28241.2,100.67,19.9868
28242.21,101.01,19.9868
28243.21,100.69,19.9868
28244.21,100.68,19.9868
28245.21,101.02,19.9868
28246.21,100.64,19.9868
28247.21,123.81,19.9869
28248.21,100.66,19.9869
28249.22,100.7,19.9869
28250.22,101.02,19.9869
28251.22,100.62,19.9869
28252.22,101.1,19.9869
28253.22,100.73,19.987
28254.22,100.7,19.987
28255.23,101.04,19.987
28256.23,100.67,19.987
28257.23,100.64,19.987
28258.23,101.02,19.987
28259.23,100.7,19.987
28260.23,124.21,19.987
28261.23,100.65,19.9871
28262.24,100.64,19.987
28263.24,101.07,19.987
28264.24,100.63,19.9871
28265.24,100.62,19.9871
28266.24,101.03,19.987
28267.24,100.63,19.987
28268.25,101.06,19.987
28269.25,100.67,19.9871
28270.25,100.65,19.9871
28271.25,101.08,19.9871
28272.25,115.08,19.987
28273.25,101.1,19.987
28274.25,100.6,19.9871
28275.26,100.64,19.9871
28276.26,101.04,19.9871
28277.26,100.65,19.9871
28278.26,101.06,19.9872
28279.26,100.66,19.9873
28280.26,100.63,19.9872
28281.27,101.11,19.9872
28282.27,100.7,19.9872
28283.27,100.75,19.9874
28284.27,101.09,19.9873
28285.27,115.18,19.9874
28286.27,100.86,19.9876
28287.27,101.2,19.9874
28288.28,100.68,19.9874
28289.28,100.72,19.9874
28290.28,101.08,19.9876
28291.28,100.65,19.9876
28292.28,100.92,19.9876
28293.28,100.58,19.9876
28294.28,100.62,19.9876
28295.29,100.92,19.9876
28296.29,100.46,19.9875
28297.29,100.92,19.9875
28298.29,100.66,19.9875
28299.29,115.26,19.9877
28300.29,101.02,19.9876
28301.3,100.64,19.9876
28302.3,100.57,19.9876
28303.3,101.08,19.9876
28304.3,100.67,19.9876
28305.3,101.02,19.9876
28306.3,100.55,19.9876
28307.3,100.65,19.9878
28308.31,101.16,19.9878
28309.31,100.71,19.9877
28310.31,100.65,19.9877
28311.31,101.07,19.9877
28312.31,121.19,19.9878
28313.31,100.68,19.9878
28314.31,100.9,19.9877
28315.32,100.66,19.9879
28316.32,100.47,19.9878
28317.32,100.86,19.9878
28318.32,100.6,19.9878
28319.32,100.95,19.9878
28320.32,100.47,19.9878
28321.32,100.68,19.9878
28322.33,101.18,19.9879
28323.33,100.63,19.9879
28324.33,106.44,19.9879
28325.33,121.0,19.9879
28326.33,100.57,19.9879
28327.33,100.57,19.9879
28328.33,101.05,19.9879
28329.34,100.72,19.988
28330.34,101.09,19.988
28331.34,100.71,19.988
28332.34,100.66,19.988
28333.34,101.14,19.9881
28334.34,100.71,19.9881
28335.34,242.24,13.0989
28336.35,343.55,9.4479
28337.35,294.27,9.7954
28338.35,341.2,9.8945
28339.35,345.32,10.1099
28340.35,319.46,10.4214
28341.35,321.86,10.759
28342.35,309.13,11.0935
28343.36,307.2,11.3639
28344.36,308.44,11.593
28345.36,304.84,11.8043
28346.36,305.36,12.0249
28347.36,311.09,12.2115
28348.36,305.49,12.4442
28349.36,162.92,13.2838
28350.37,163.65,14.3045
28351.37,399.59,15.3651
28352.37,234.43,15.752
28353.37,101.14,15.8522
28354.37,133.89,15.8522
28355.37,316.43,15.8529
28356.37,300.37,15.8531
28357.37,300.28,15.8494
28358.38,258.04,15.8499
28359.38,166.55,15.8503
28360.38,128.83,15.8503
28361.38,163.01,15.8503
28362.38,178.16,15.8504
28363.38,130.56,15.8504
28364.38,108.65,15.8505
28365.39,112.88,15.8505
28366.39,335.8,16.7528
28367.39,399.83,17.416
28368.39,400.24,18.0759
28369.39,399.61,18.7852
28370.39,173.49,19.0018
28371.39,137.93,19.0047
28372.4,116.42,19.0047
28373.4,101.45,19.0047
28374.4,160.39,19.0047
28375.4,143.61,19.0047
28376.4,107.17,19.0047
28377.4,138.88,19.0047
28378.41,110.78,19.0047
28379.41,105.93,19.0048
28380.41,100.81,19.0047
28381.41,101.07,19.0047
28382.41,107.66,19.0047
28383.41,109.49,19.0047
28384.41,101.85,19.0047
28385.42,117.77,19.0047
28386.42,113.46,19.0047
28387.42,142.43,19.0049
28388.42,100.82,19.0049
28389.42,101.23,19.0049
28390.42,211.01,19.0049
28391.42,129.46,19.0049
28392.43,101.89,19.0049
28393.43,103.09,19.005
28394.43,101.31,19.005
28395.43,100.81,19.005
28396.43,100.93,19.0049
28397.43,101.25,19.0049
28398.43,101.59,19.0049
28399.44,105.31,19.0049
28400.44,104.08,19.0049
28401.44,100.82,19.0049
28402.44,101.2,19.0049
28403.44,100.95,19.0049
28404.44,100.81,19.0049
28405.45,104.54,19.0049
28406.45,100.74,19.0049
28407.45,101.56,19.0048
28408.45,100.58,19.0049
28409.45,113.06,19.0051
28410.45,101.25,19.0051
28411.46,100.73,19.0051
28412.46,100.7,19.0051
28413.46,101.25,19.0049
28414.46,100.81,19.0049
28415.46,101.57,19.0049
28416.46,100.79,19.0049
28417.46,107.29,19.0051
28418.47,101.12,19.0051
28419.47,103.27,19.0052
28420.47,105.1,19.0052
28421.47,101.25,19.0052
28422.47,100.59,19.0052
28423.47,101.02,19.0052
28424.48,100.73,19.0052
28425.48,101.21,19.0052
28426.48,100.77,19.0053
28427.48,103.16,19.0052
28428.48,101.07,19.0052
28429.48,100.85,19.0052
28430.49,101.42,19.0052
28431.49,101.51,19.0052
28432.49,101.59,19.0052
28433.49,102.04,19.0052
28434.49,102.55,19.0052
28435.49,101.16,19.0052
28436.49,100.7,19.0052
28437.5,100.75,19.0053
28438.5,101.15,19.0053
28439.5,215.14,19.0057
28440.5,399.5,19.1194
28441.5,305.34,19.1194
28442.5,101.18,19.1194
28443.51,101.27,19.1194
28444.51,100.79,19.1194
28445.51,100.83,19.1194
28446.51,103.17,19.1194
28447.51,100.62,19.1194
28448.51,100.97,19.1194
28449.51,101.2,19.1195
28450.51,101.58,19.1195
28451.52,100.81,19.1195
28452.52,182.56,19.1195
28453.52,261.61,19.1204
28454.52,279.34,19.1341
28455.52,163.48,19.1327
28456.52,129.37,19.1325
28457.52,200.6,19.1325
28458.53,240.84,19.1446
28459.53,143.54,19.1457
28460.53,100.75,19.1379
28461.53,179.52,19.1387
28462.53,398.89,19.1546
28463.53,189.62,19.1556
28464.53,102.6,19.1557
28465.53,108.39,19.1447
28466.54,100.65,19.1448
28467.54,102.08,19.1448
28468.54,100.72,19.1448
28469.54,100.73,19.1447
28470.54,101.17,19.1447
28471.54,100.71,19.1447
28472.54,100.74,19.1447
28473.55,209.36,19.147
28474.55,398.76,19.1494
28475.55,153.41,19.1494
28476.55,101.09,19.1494
28477.55,100.93,19.1494
28478.55,100.68,19.1492
28479.55,101.05,19.1494
28480.55,106.67,19.1494
28481.56,100.61,19.1494
28482.56,101.31,19.1494
28483.56,100.72,19.1492
28484.56,100.73,19.1493
28485.56,330.9,19.1494
28486.56,368.52,19.1494
28487.56,100.55,19.1495
28488.56,100.62,19.1495
28489.57,101.15,19.1495
28490.57,100.75,19.1495
28491.57,343.44,19.7799
28492.57,356.09,19.8517
28493.57,100.72,19.8518
28494.57,101.07,19.8518
28495.58,100.58,19.8519
28496.58,100.46,19.8519
28497.58,164.42,19.9852
28498.58,103.27,19.9854
28499.58,100.86,19.9854
28500.58,100.54,19.9854
28501.58,118.76,19.9854
28502.59,101.03,19.9854
28503.59,100.81,19.9854
28504.59,100.66,19.9854
28505.59,101.05,19.9854
28506.59,119.32,19.9854
28507.59,100.66,19.9854
28508.59,101.11,19.9854
28509.6,100.67,19.9854
28510.6,136.53,19.9855
28511.6,100.66,19.9855
28512.6,100.61,19.9855
28513.6,101.07,19.9855
28514.6,117.62,19.9855
28515.61,101.1,19.9855
28516.61,101.2,19.9853
28517.61,100.67,19.9853
28518.61,116.65,19.9855
28519.61,100.7,19.9855
28520.61,100.68,19.9855
28521.61,101.08,19.9855
28522.62,115.67,19.9856
28523.62,101.2,19.9856
28524.62,100.73,19.9857
28525.62,100.54,19.9857
28526.62,115.58,19.9857
28527.62,100.45,19.9857
28528.62,100.49,19.9857
28529.63,100.9,19.9857
28530.63,100.65,19.9857
28531.63,115.8,19.9858
28532.63,100.46,19.9858
28533.63,100.68,19.9858
28534.63,100.93,19.9858
28535.64,100.51,19.9858
28536.64,115.6,19.9858
28537.64,100.48,19.9858
28538.64,100.5,19.9859
28539.64,100.92,19.9858
28540.64,115.41,19.9859
28541.64,100.48,19.9859
28542.65,100.85,19.9859
28543.65,100.56,19.986
28544.65,100.56,19.986
28545.65,115.24,19.9863
28546.65,100.42,19.9861
28547.65,100.92,19.9861
28548.65,100.5,19.986
28549.66,100.63,19.9861
28550.66,115.68,19.9861
28551.66,100.66,19.9861
28552.66,100.61,19.9861
28553.66,101.2,19.9862
28554.66,115.34,19.9863
28555.66,100.68,19.9864
28556.67,101.02,19.9863
28557.67,100.59,19.9863
28558.67,100.98,19.9863
28559.67,115.29,19.9863
28560.67,100.64,19.9863
28561.67,101.11,19.9863
28562.67,100.65,19.9863
28563.68,100.76,19.9864
28564.68,101.06,19.9864
28565.68,116.36,19.9865
28566.68,100.65,19.9865
28567.68,101.06,19.9865
28568.68,100.72,19.9865
28569.69,102.48,19.9864
28570.69,120.88,19.9866
28571.69,102.19,19.9866
28572.69,101.06,19.9866
28573.69,100.85,19.9866
28574.69,100.6,19.9866
28575.69,101.03,19.9866
28576.7,100.57,19.9864
28577.7,121.97,19.9866
28578.7,101.05,19.9866
28579.7,100.62,19.9866
28580.7,101.11,19.9866
28581.7,100.66,19.9866
28582.7,100.65,19.9866
28583.71,101.17,19.9867
28584.71,120.29,19.9868
28585.71,101.02,19.9868
28586.71,100.62,19.9868
28587.71,100.94,19.9868
28588.71,100.67,19.9868
28589.71,101.11,19.9867
28590.71,100.68,19.9868
28591.72,100.7,19.9868
28592.72,116.37,19.9868
28593.72,101.11,19.9869
28594.72,100.71,19.9869
28595.72,101.06,19.9869
28596.72,100.66,19.9869
28597.72,100.67,19.9869
28598.73,101.1,19.9869
28599.73,115.29,19.9869
28600.73,101.27,19.9869
28601.73,100.71,19.9869
28602.73,100.79,19.9869
28603.73,101.24,19.9869
28604.73,100.67,19.9869
28605.74,100.69,19.9869
28606.74,101.1,19.9869
28607.74,100.72,19.9869
28608.74,100.75,19.9871
28609.74,127.2,19.9871
28610.74,100.7,19.9871
28611.75,101.15,19.9871
28612.75,100.71,19.9871
28613.75,100.77,19.9871
28614.75,101.06,19.9871
28615.75,100.65,19.9871
28616.75,101.02,19.9871
28617.75,118.15,19.9872
28618.76,100.62,19.9872
28619.76,101.03,19.9873
28620.76,100.67,19.9873
28621.76,100.49,19.9873
28622.76,100.93,19.9873
28623.76,100.59,19.9873
28624.76,100.48,19.9873
28625.77,101.05,19.9872
28626.77,115.38,19.9874
28627.77,101.05,19.9873
28628.77,100.68,19.9873
28629.77,100.67,19.9873
28630.77,101.07,19.9873
28631.78,100.75,19.9873
28632.78,101.09,19.9873
28633.78,100.8,19.9874
28634.78,116.59,19.9874
28635.78,101.09,19.9874
28636.78,100.69,19.9874
28637.79,101.11,19.9874
28638.79,100.7,19.9874
28639.79,100.64,19.9874
28640.79,101.08,19.9874
28641.79,100.67,19.9875
28642.79,100.67,19.9875
28643.79,125.9,19.9877
28644.8,100.71,19.9877
28645.8,101.12,19.9877
28646.8,100.64,19.9877
28647.8,100.68,19.9877
28648.8,101.08,19.9877
28649.8,100.6,19.9877
28650.8,105.01,19.9877
28651.81,100.96,19.9877
28652.81,122.28,19.9876
28653.81,101.13,19.9877
28654.81,100.61,19.9877
28655.81,100.77,19.9877
28656.81,100.67,19.9877
28657.81,101.06,19.9877
28658.82,100.67,19.9877
28659.82,100.99,19.9877
28660.82,100.65,19.9877
28661.82,116.24,19.9878
28662.82,100.89,19.9877
28663.82,100.73,19.9877
28664.83,101.11,19.9877
28665.83,100.62,19.9877
28666.83,100.65,19.9877
28667.83,101.06,19.9876
28668.83,100.7,19.9876
28669.83,100.61,19.9876
28670.83,100.97,19.9878
28671.84,115.71,19.9878
28672.84,101.06,19.9878
28673.84,100.8,19.9878
28674.84,100.68,19.9878
28675.84,101.12,19.9878
28676.84,100.67,19.9879
28677.84,100.69,19.9879
28678.85,101.11,19.9879
28679.85,100.67,19.9879
28680.85,101.09,19.9878
28681.85,115.3,19.9878
28682.85,100.65,19.9878
28683.85,101.29,19.9879
28684.85,100.68,19.9879
28685.86,100.69,19.9879
28686.86,101.1,19.9879
28687.86,100.65,19.9879
28688.86,100.68,19.9879
28689.86,101.14,19.9879
28690.86,100.69,19.9879
28691.86,115.47,19.988
28692.87,101.12,19.9879
28693.87,100.75,19.9879
28694.87,100.66,19.9879
28695.87,101.11,19.9879
28696.87,100.68,19.9879
28697.87,100.74,19.9878
28698.87,101.15,19.9878
28699.87,100.65,19.9878
28700.88,100.74,19.9879
28701.88,100.65,19.9879
28702.88,118.43,19.9881
28703.88,100.76,19.9882
28704.88,101.08,19.9882
28705.88,100.73,19.9882
28706.88,100.64,19.9882
28707.89,101.05,19.9882
28708.89,100.71,19.9882
28709.89,100.66,19.9882
28710.89,101.08,19.9882
28711.89,100.68,19.9881
28712.89,125.71,19.9882
28713.89,101.11,19.9882
28714.9,100.52,19.9882
28715.9,100.9,19.9882
28716.9,100.47,19.9882
28717.9,100.47,19.9882
28718.9,101.02,19.9882
28719.9,100.64,19.9882
28720.91,101.09,19.9882
28721.91,100.63,19.9882
28722.91,100.45,19.9882
28723.91,122.84,19.9884
28724.91,100.4,19.9884
28725.91,100.86,19.9883
28726.91,100.55,19.9883
28727.92,100.68,19.9883
28728.92,101.14,19.9883
28729.92,100.66,19.9883
28730.92,100.66,19.9883
28731.92,101.13,19.9883
28732.92,100.69,19.9883
28733.92,100.75,19.9883
28734.93,115.9,19.9883
28735.93,100.69,19.9883
28736.93,100.63,19.9883
28737.93,101.1,19.9883
28738.93,100.57,19.9883
28739.93,101.05,19.9883
28740.93,100.68,19.9883
28741.94,100.6,19.9884
28742.94,101.05,19.9884
28743.94,100.75,19.9884
28744.94,101.02,19.9884
28745.94,100.67,19.9884
28746.94,115.46,19.9887
28747.95,101.03,19.9885
28748.95,100.66,19.9885
28749.95,100.66,19.9885
28750.95,101.11,19.9885
28751.95,100.64,19.9885
28752.95,101.01,19.9885
28753.96,100.75,19.9886
28754.96,100.63,19.9886
28755.96,100.98,19.9886
28756.96,100.64,19.9886
28757.96,101.09,19.9886
28758.96,115.51,19.9887
28759.96,100.65,19.9887
28760.97,101.16,19.9887
28761.97,100.61,19.9887
28762.97,100.66,19.9886
28763.97,101.26,19.9887
28764.97,100.69,19.9886
28765.97,100.71,19.9886
28766.97,101.05,19.9885
28767.98,100.59,19.9885
28768.98,100.73,19.9886
28769.98,118.65,19.9889
28770.98,100.7,19.9888
28771.98,100.86,19.9888
28772.98,101.56,19.9888
28773.98,101.26,19.9888
28774.99,101.46,19.9888
28775.99,202.7,19.9909
28776.99,103.5,19.9922
28777.99,100.56,19.9922
28778.99,100.53,19.9922
28779.99,100.95,19.9923
28780.99,126.84,19.9925
28782.0,100.68,19.9923
28783.0,101.08,19.9923
28784.0,100.77,19.9923
28785.0,100.67,19.9923
28786.0,101.08,19.9923
28787.0,100.65,19.9923
28788.0,101.1,19.9924
28789.01,100.73,19.9924
28790.01,100.72,19.9924
28791.01,101.09,19.9925
28792.01,100.68,19.9925
28793.01,120.44,19.9925
28794.01,101.3,19.9926
28795.01,101.16,19.9926
28796.02,100.65,19.9926
28797.02,105.03,19.9927
28798.02,100.68,19.9926
28799.02,100.71,19.9926
28800.02,101.14,19.9926
28801.02,100.61,19.9926
28802.02,100.66,19.9925
28803.03,101.15,19.9925
28804.03,115.87,19.9927
28805.03,100.68,19.9926
28806.03,101.03,19.9926
28807.03,100.58,19.9928
28808.03,100.68,19.9926
28809.03,101.0,19.9926
28810.03,100.59,19.9927
28811.04,100.5,19.9927
28812.04,101.08,19.9927
28813.04,100.63,19.9926
28814.04,100.76,19.9927
28815.04,101.07,19.9926
28816.04,100.68,19.9926
28817.04,115.64,19.993
28818.05,101.09,19.993
28819.05,100.71,19.9929
28820.05,101.06,19.9929
28821.05,100.58,19.9929
28822.05,100.67,19.9928
28823.05,101.13,19.9929
28824.05,100.67,19.9928
28825.06,100.67,19.9928
28826.06,101.04,19.9928
28827.06,100.66,19.9928
28828.06,100.65,19.9928
28829.06,101.04,19.9928
28830.06,115.88,19.9929
28831.07,101.02,19.9929
28832.07,100.62,19.9929
28833.07,100.65,19.9929
28834.07,101.13,19.993
28835.07,100.64,19.993
28836.07,101.04,19.993
28837.07,100.66,19.993
28838.08,100.66,19.993
28839.08,101.08,19.9932
28840.08,100.74,19.9932
28841.08,104.18,19.9931
28842.08,117.19,19.9932
28843.08,100.48,19.993
28844.08,100.57,19.9931
28845.09,100.99,19.9931
28846.09,100.66,19.9931
28847.09,100.67,19.9931
28848.09,101.08,19.9931
28849.09,100.59,19.9931
28850.09,100.7,19.9931
28851.09,101.08,19.9931
28852.1,100.69,19.9932
28853.1,101.08,19.9932
28854.1,127.96,19.9932
28855.1,100.58,19.9932
28856.1,101.04,19.9932
28857.1,100.67,19.9932
28858.1,100.67,19.9932
28859.11,101.07,19.9932
28860.11,100.46,19.9931
28861.11,100.81,19.9931
28862.11,100.57,19.9931
28863.11,100.62,19.9931
28864.11,101.19,19.9931
28865.11,100.65,19.9932
28866.12,116.54,19.9935
28867.12,101.08,19.9933
28868.12,100.71,19.9933
28869.12,100.74,19.9933
28870.12,101.15,19.9933
28871.12,100.61,19.9933
28872.12,100.7,19.9933
28873.13,101.13,19.9933
28874.13,100.78,19.9933
28875.13,100.48,19.9933
28876.13,101.0,19.9933
28877.13,100.62,19.9933
28878.13,100.45,19.9933
28879.13,115.57,19.9935
28880.13,101.12,19.9934
28881.14,100.63,19.9934
28882.14,100.58,19.9934
28883.14,101.02,19.9934
28884.14,100.71,19.9935
28885.14,101.07,19.9934
28886.14,100.68,19.9934
28887.14,100.65,19.9935
28888.15,101.13,19.9935
28889.15,100.71,19.9934
28890.15,100.69,19.9934
28891.15,100.93,19.9934
28892.15,115.1,19.9935
28893.15,100.65,19.9935
28894.15,101.18,19.9935
28895.16,100.7,19.9935
28896.16,100.69,19.9935
28897.16,101.09,19.9935
28898.16,100.7,19.9935
28899.16,100.75,19.9935
28900.16,101.08,19.9935
28901.16,100.68,19.9935
28902.17,101.06,19.9935
28903.17,100.73,19.9934
28904.17,100.69,19.9934
28905.17,115.55,19.9937
28906.17,100.68,19.9937
28907.17,100.66,19.9936
28908.17,101.11,19.9936
28909.18,100.69,19.9936
28910.18,101.1,19.9936
28911.18,100.69,19.9936
28912.18,100.66,19.9938
28913.18,101.18,19.9938
28914.18,100.65,19.9936
28915.18,100.63,19.9936
28916.19,101.06,19.9937
28917.19,100.62,19.9937
28918.19,127.72,19.9939
28919.19,101.08,19.9938
28920.19,100.67,19.9937
28921.19,101.09,19.9937
28922.19,100.67,19.9937
28923.2,100.73,19.9937
28924.2,101.11,19.9937
28925.2,100.48,19.9938
28926.2,100.52,19.9938
28927.2,100.9,19.9938
28928.2,100.63,19.9938
28929.21,101.09,19.9938
28930.21,122.41,19.9939
28931.21,100.72,19.9938
28932.21,101.08,19.9939
28933.21,100.75,19.9939
28934.21,100.73,19.9939
28935.21,101.08,19.9939
28936.22,100.47,19.9939
28937.22,100.87,19.9939
28938.22,100.62,19.9938
28939.22,100.47,19.9938
28940.22,100.86,19.9938
28941.22,100.56,19.994
28942.22,100.66,19.9938
28943.23,115.52,19.994
28944.23,100.66,19.9941
28945.23,101.05,19.9941
28946.23,100.66,19.9941
28947.23,100.65,19.9941
28948.23,101.07,19.9941
28949.24,100.71,19.9941
28950.24,100.67,19.9941
28951.24,101.07,19.9941
28952.24,100.65,19.9941
28953.24,100.99,19.994
28954.24,100.52,19.994
28955.24,115.34,19.9943
28956.25,101.12,19.9942
28957.25,100.63,19.9942
28958.25,100.68,19.9942
28959.25,101.08,19.9942
28960.25,100.65,19.9942
28961.25,100.63,19.9942
28962.25,101.08,19.9942
28963.26,100.71,19.9942
28964.26,101.09,19.9942
28965.26,100.63,19.9942
28966.26,100.6,19.9942
28967.26,101.03,19.9942
28968.26,100.66,19.9942
28969.27,115.9,19.9944
28970.27,100.66,19.9944
28971.27,100.65,19.9944
28972.27,101.08,19.9944
28973.27,100.67,19.9944
28974.27,101.12,19.9944
28975.27,100.59,19.9944
28976.28,100.67,19.9944
28977.28,101.03,19.9944
28978.28,100.66,19.9944
28979.28,100.68,19.9944
28980.28,101.09,19.9944
28981.28,100.67,19.9944
28982.28,123.07,19.9944
28983.29,101.16,19.9945
28984.29,100.69,19.9943
28985.29,101.11,19.9943
28986.29,100.66,19.9943
28987.29,100.67,19.9943
28988.29,101.1,19.9943
28989.3,100.71,19.9944
28990.3,100.7,19.9944
28991.3,101.09,19.9944
28992.3,100.47,19.9944
28993.3,101.14,19.9946
28994.3,126.36,19.9947
28995.3,100.62,19.9946
28996.31,101.1,19.9945
28997.31,100.63,19.9945
28998.31,100.57,19.9945
28999.31,100.95,19.9946
29000.31,100.55,19.9946
29001.31,100.55,19.9946
29002.31,101.05,19.9947
29003.32,100.68,19.9948
29004.32,100.92,19.9947
29005.32,100.6,19.9947
29006.32,100.65,19.9947
29007.32,116.22,19.9948
29008.32,100.57,19.9947
29009.32,100.5,19.9947
29010.33,100.87,19.9947
29011.33,100.59,19.9947
29012.33,101.1,19.9947
29013.33,100.73,19.9948
29014.33,100.72,19.9948
29015.33,101.08,19.9948
29016.34,100.55,19.9948
29017.34,100.49,19.9948
29018.34,101.01,19.9948
29019.34,100.67,19.9947
29020.34,115.65,19.9947
29021.34,100.71,19.9947
29022.34,100.71,19.9947
29023.35,101.11,19.9947
29024.35,100.75,19.9947
29025.35,101.12,19.9947
29026.35,100.69,19.9947
29027.35,100.63,19.9947
29028.35,101.03,19.9947
29029.36,100.55,19.9948
29030.36,100.46,19.9948
29031.36,100.87,19.9948
29032.36,100.46,19.9948
29033.36,101.07,19.9948
29034.36,115.61,19.9949
29035.36,100.6,19.9949
29036.37,100.93,19.9949
29037.37,100.53,19.9949
29038.37,100.93,19.9949
29039.37,100.6,19.9949
29040.37,100.66,19.9949
29041.37,101.06,19.9949
29042.38,100.67,19.9949
29043.38,100.66,19.995
29044.38,100.93,19.995
29045.38,100.68,19.995
29046.38,100.97,19.995
29047.38,119.19,19.9949
29048.38,100.7,19.9949
29049.39,101.13,19.995
29050.39,100.7,19.995
29051.39,100.69,19.995
29052.39,101.05,19.9949
29053.39,100.52,19.9949
29054.39,100.97,19.9949
29055.39,100.45,19.995
29056.4,100.47,19.995
29057.4,101.01,19.995
29058.4,100.45,19.9951
29059.4,100.46,19.9952
29060.4,128.91,19.995
29061.4,100.66,19.995
29062.41,101.06,19.995
29063.41,100.73,19.9951
29064.41,100.67,19.9951
29065.41,101.04,19.9951
29066.41,100.47,19.995
29067.41,101.06,19.995
29068.41,100.6,19.995
29069.42,100.48,19.9951
29070.42,100.86,19.9951
29071.42,100.45,19.995
29072.42,117.39,19.9953
29073.42,101.11,19.9952
29074.42,100.65,19.9952
29075.43,100.87,19.9952
29076.43,100.62,19.9951
29077.43,100.44,19.9951
29078.43,100.86,19.9951
29079.43,100.5,19.9954
29080.43,100.95,19.9952
29081.43,100.53,19.9952
29082.44,100.65,19.9952
29083.44,101.13,19.9952
29084.44,100.7,19.9952
29085.44,115.45,19.9955
29086.44,101.01,19.9955
29087.44,100.73,19.9956
29088.44,100.69,19.9955
29089.45,101.09,19.9955
29090.45,100.6,19.9955
29091.45,101.06,19.9955
29092.45,100.62,19.9955
29093.45,100.73,19.9956
29094.45,101.06,19.9955
29095.46,100.67,19.9956
29096.46,100.62,19.9954
29097.46,101.04,19.9955
29098.46,100.68,19.9955
29099.46,101.07,19.9956
29100.46,115.39,19.9956
29101.46,100.53,19.9955
29102.47,101.02,19.9955
29103.47,100.71,19.9956
29104.47,100.66,19.9956
29105.47,101.05,19.9956
29106.47,100.64,19.9956
29107.47,101.03,19.9956
29108.47,100.61,19.9956
29109.48,100.66,19.9957
29110.48,101.02,19.9957
29111.48,100.68,19.9956
29112.48,101.04,19.9956
29113.48,100.5,19.9957
29114.48,117.87,19.9959
29115.49,101.03,19.9958
29116.49,100.61,19.9958
29117.49,100.71,19.9957
29118.49,101.03,19.9957
29119.49,100.69,19.9957
29120.49,100.65,19.9957
29121.49,101.12,19.9957
29122.49,100.67,19.9957
29123.5,100.73,19.9958
29124.5,101.14,19.9959
29125.5,100.64,19.9958
29126.5,100.66,19.9958
29127.5,116.35,19.9961
29128.5,114.53,19.9961
29129.5,100.74,19.9961
29130.51,101.04,19.9961
29131.51,100.65,19.9961
29132.51,100.68,19.9961
29133.51,101.25,19.9961
29134.51,100.78,19.9962
29135.51,100.69,19.9959
29136.51,101.07,19.996
29137.51,100.63,19.996
29138.52,100.67,19.996
29139.52,101.11,19.9961
29140.52,112.75,19.996
29141.52,105.87,19.9962
29142.52,101.05,19.9962
29143.52,100.76,19.9962
29144.53,101.12,19.9962
29145.53,100.65,19.9961
29146.53,100.67,19.9961
29147.53,101.16,19.9961
29148.53,100.47,19.9961
29149.53,100.48,19.9961
29150.53,101.04,19.9961
29151.53,100.71,19.9961
29152.54,100.65,19.9961
29153.54,101.1,19.9963
29154.54,115.51,19.9965
29155.54,100.67,19.9964
29156.54,101.1,19.9964
29157.54,100.65,19.9964
29158.54,100.67,19.9964
29159.55,100.89,19.9964
29160.55,100.54,19.9964
29161.55,100.88,19.9964
29162.55,100.44,19.9964
29163.55,100.54,19.9964
29164.55,100.95,19.9964
29165.56,100.61,19.9965
29166.56,100.69,19.9964
29167.56,101.07,19.9964
29168.56,100.67,19.9964
29169.56,115.17,19.9965
29170.56,100.96,19.9964
29171.56,100.6,19.9966
29172.56,100.52,19.9966
29173.57,100.97,19.9966
29174.57,100.63,19.9966
29175.57,100.94,19.9966
29176.57,100.63,19.9966
29177.57,100.54,19.9966
29178.57,100.89,19.9966
29179.58,100.51,19.9966
29180.58,100.98,19.9966
29181.58,100.64,19.9966
29182.58,100.64,19.9966
29183.58,118.32,19.9966
29184.58,100.67,19.9966
29185.58,100.71,19.9966
29186.59,100.96,19.9966
29187.59,100.47,19.9966
29188.59,100.51,19.9967
29189.59,100.87,19.9967
29190.59,100.47,19.9967
29191.59,100.89,19.9969
29192.59,100.49,19.9968
29193.6,100.57,19.9968
29194.6,100.97,19.9968
29195.6,100.68,19.9968
29196.6,128.4,19.9967
29197.6,100.66,19.9967
29198.6,100.64,19.9967
29199.61,101.0,19.9969
29200.61,100.59,19.9968
29201.61,100.65,19.9968
29202.61,100.95,19.9968
29203.61,100.59,19.9969
29204.61,100.47,19.9969
29205.61,100.87,19.9969
29206.62,100.48,19.9969
29207.62,100.5,19.9969
29208.62,101.02,19.9969
29209.62,118.92,19.997
29210.62,100.59,19.997
29211.62,100.94,19.997
29212.62,100.59,19.9969
29213.62,100.71,19.9971
29214.63,100.92,19.9971
29215.63,100.53,19.9971
29216.63,100.51,19.9971
29217.63,100.88,19.9971
29218.63,100.52,19.9971
29219.63,100.97,19.9971
29220.63,100.58,19.9971
29221.64,100.55,19.9971
29222.64,101.0,19.9971
29223.64,115.19,19.9972
29224.64,100.5,19.9972
29225.64,101.05,19.9972
29226.64,100.62,19.9972
29227.64,100.5,19.9972
29228.65,100.9,19.9972
29229.65,100.5,19.9972
29230.65,100.64,19.9972
29231.65,101.08,19.9972
29232.65,100.65,19.9972
29233.65,101.11,19.9973
29234.65,100.59,19.9973
29235.66,100.48,19.9973
29236.66,115.62,19.9974
29237.66,100.55,19.9973
29238.66,100.99,19.9973
29239.66,100.53,19.9973
29240.66,100.54,19.9973
29241.67,100.88,19.9974
29242.67,100.47,19.9974
29243.67,100.57,19.9974
29244.67,100.89,19.9974
29245.67,100.63,19.9973
29246.67,100.66,19.9972
29247.67,101.07,19.9972
29248.68,100.73,19.9975
29249.68,101.08,19.9975
29250.68,116.43,19.9978
29251.68,100.71,19.9976
29252.68,101.22,19.9976
29253.68,100.69,19.9976
29254.68,100.64,19.9977
29255.69,101.12,19.9978
29256.69,100.73,19.9978
29257.69,100.71,19.9978
29258.69,101.15,19.9978
29259.69,100.68,19.9978
29260.69,101.12,19.9978
29261.7,100.74,19.9978
29262.7,100.68,19.9977
29263.7,128.29,19.9979
29264.7,100.65,19.9978
29265.7,101.07,19.9978
29266.7,100.48,19.9978
29267.7,100.47,19.9978
29268.71,101.04,19.9979
29269.71,100.69,19.9979
29270.71,100.65,19.9981
29271.71,101.06,19.9981
29272.71,100.55,19.9981
29273.71,101.02,19.9981
29274.71,100.45,19.9981
29275.72,100.49,19.9979
29276.72,120.97,19.9982
29277.72,100.67,19.9982
29278.72,100.66,19.9981
29279.72,100.97,19.9982
29280.72,100.62,19.9982
29281.73,100.97,19.9982
29282.73,100.68,19.9982
29283.73,100.79,19.9982
29284.73,101.11,19.9982
29285.73,100.73,19.9982
29286.73,101.12,19.9982
29287.73,100.71,19.9984
29288.74,100.56,19.9982
29289.74,115.92,19.9984
29290.74,100.64,19.9984
29291.74,100.68,19.9984
29292.74,101.09,19.9983
29293.74,100.78,19.9983
29294.74,100.55,19.9983
29295.75,100.91,19.9983
29296.75,100.59,19.9983
29297.75,101.11,19.9983
29298.75,100.75,19.9984
29299.75,100.68,19.9984
29300.75,101.03,19.9984
29301.76,100.57,19.9984
29302.76,101.09,19.9984
29303.76,111.36,19.9985
29304.76,104.48,19.9985
29305.76,101.07,19.9985
29306.76,100.57,19.9983
29307.76,100.58,19.9984
29308.77,101.25,19.9984
29309.77,100.65,19.9984
29310.77,100.7,19.9984
29311.77,101.11,19.9984
29312.77,100.64,19.9984
29313.77,100.67,19.9986
29314.77,100.89,19.9987
29315.77,100.54,19.9987
29316.78,100.68,19.9987
29317.78,101.05,19.9987
29318.78,115.52,19.9988
29319.78,101.06,19.9988
29320.78,100.66,19.9988
29321.78,100.7,19.9988
29322.79,101.08,19.9988
29323.79,100.8,19.9988
29324.79,100.7,19.9988
29325.79,101.17,19.9988
29326.79,100.69,19.9988
29327.79,100.69,19.9988
29328.79,101.21,19.9988
29329.79,100.72,19.9988
29330.8,100.65,19.9988
29331.8,101.12,19.9988
29332.8,129.2,19.9988
29333.8,100.75,19.9989
29334.8,101.06,19.9989
29335.8,100.66,19.9989
29336.8,100.68,19.9989
29337.81,101.08,19.9988
29338.81,100.72,19.999
29339.81,101.13,19.9988
29340.81,100.79,19.999
29341.81,100.72,19.999
29342.81,101.03,19.999
29343.81,100.83,19.999
29344.82,100.7,19.9989
29345.82,121.45,19.999
29346.82,100.54,19.9989
29347.82,100.7,19.9989
29348.82,100.7,19.9991
29349.82,101.05,19.9991
29350.82,100.64,19.9992
29351.83,100.94,19.9992
29352.83,100.46,19.9992
29353.83,100.73,19.9992
29354.83,101.07,19.9992
29355.83,100.62,19.9992
29356.83,101.07,19.9992
29357.83,100.63,19.9992
29358.84,115.15,19.9993
29359.84,100.84,19.9993
29360.84,100.46,19.9993
29361.84,100.54,19.9994
29362.84,100.88,19.9994
29363.84,100.62,19.9993
29364.85,101.05,19.9993
29365.85,100.68,19.9993
29366.85,100.67,19.9994
29367.85,100.96,19.9994
29368.85,100.52,19.9994
29369.85,100.53,19.9994
29370.85,100.96,19.9995
29371.86,115.19,19.9995
29372.86,100.61,19.9995
29373.86,101.12,19.9995
29374.86,100.67,19.9995
29375.86,100.58,19.9994
29376.86,101.08,19.9994
29377.86,100.64,19.9994
29378.86,100.69,19.9995
29379.87,101.03,19.9995
29380.87,100.6,19.9997
29381.87,101.03,19.9997
29382.87,100.56,19.9997
29383.87,101.08,19.9997
29384.87,101.05,19.9997
29385.87,115.38,19.9997
29386.88,100.66,19.9995
29387.88,100.65,19.9996
29388.88,101.11,19.9996
29389.88,100.57,19.9996
29390.88,101.1,19.9996
29391.88,100.68,19.9996
29392.88,100.58,19.9996
29393.89,101.17,19.9997
29394.89,100.67,19.9998
29395.89,100.67,19.9996
29396.89,101.08,19.9996
29397.89,100.77,19.9997
29398.89,126.12,19.9997
29399.89,101.09,19.9997
29400.9,100.47,19.9997
29401.9,100.87,19.9997
29402.9,100.65,19.9997
29403.9,100.79,19.9999
29404.9,101.11,19.9998
29405.9,100.65,19.9998
29406.9,100.67,19.9998
29407.91,101.11,19.9998
29408.91,100.56,19.9998
29409.91,100.6,19.9998
29410.91,101.06,19.9998
29411.91,123.62,20.0
29412.91,100.72,19.9999
29413.91,101.14,19.9999
29414.92,100.65,19.9998
29415.92,101.07,20.0
29416.92,100.6,20.0
29417.92,100.64,20.0
29418.92,101.21,20.0
29419.92,100.7,20.0
29420.92,100.68,19.9999
29421.93,101.09,19.9999
29422.93,100.68,19.9999
29423.93,100.83,19.9999
29424.93,115.69,19.9999
29425.93,100.63,19.9999
29426.93,100.64,19.9999
29427.93,100.93,19.9999
29428.94,100.7,20.0
29429.94,100.99,20.0
29430.94,100.68,20.0
29431.94,100.67,20.0
29432.94,101.13,20.0
29433.94,100.78,19.9999
29434.94,100.58,19.9999
29435.95,101.05,19.9999
29436.95,100.66,19.9999
29437.95,100.69,19.9999
29438.95,116.14,20.0
29439.95,100.63,20.0
29440.95,101.07,20.0
29441.95,100.62,19.9999
29442.96,100.63,19.9999
29443.96,104.87,20.0
29444.96,100.62,20.0
29445.96,100.63,20.0
29446.96,100.95,20.0
29447.97,101.01,19.9999
29448.97,100.65,19.9999
29449.97,101.04,19.9999
29450.97,100.6,19.9999
29451.97,100.63,19.9999
29452.97,115.41,19.9999
29453.98,100.74,20.0
29454.98,100.62,20.0
29455.98,101.06,20.0
29456.98,100.65,20.0
29457.98,101.07,20.0
29458.98,100.66,19.9999
29459.98,100.66,19.9999
29460.99,101.04,19.9999
29461.99,100.54,19.9999
29462.99,100.55,20.0
29463.99,100.9,19.9999
29464.99,100.96,19.9999
29465.99,100.49,19.9998
29466.99,126.7,19.9999
29467.99,100.58,19.9999
29469.0,100.63,19.9999
29470.0,100.99,19.9999
29471.0,100.5,19.9999
29472.0,100.5,19.9999
29473.0,100.89,19.9999
29474.0,100.62,19.9999
29475.0,100.44,19.9999
29476.01,100.84,19.9999
29477.01,100.42,19.9999
29478.01,100.82,20.0
29479.01,100.49,20.0
29480.01,123.23,20.0
29481.01,100.92,20.0
29482.01,100.51,20.0
29483.02,100.59,20.0
29484.02,100.7,19.9999
29485.02,100.85,20.0
29486.02,100.54,20.0
29487.02,100.97,19.9999
29488.02,100.57,19.9999
29489.02,100.58,19.9999
29490.03,100.9,19.9999
29491.03,100.48,20.0
29492.03,100.9,20.0
29493.03,115.58,19.9999
29494.03,100.72,20.0
29495.03,101.04,20.0
29496.04,100.64,20.0
29497.04,100.66,20.0
29498.04,101.05,20.0
29499.04,100.7,20.0
29500.04,100.97,20.0
29501.04,100.59,20.0
29502.04,100.51,20.0
29503.05,100.84,20.0
29504.05,100.59,19.9999
29505.05,100.48,19.9999
29506.05,100.87,19.9999
29507.05,115.35,19.9999
29508.05,100.95,19.9999
29509.06,100.62,19.9999
29510.06,100.64,19.9999
29511.06,101.01,19.9999
29512.06,100.54,19.9999
29513.06,100.99,19.9999
29514.06,100.66,20.0
29515.06,100.6,20.0
29516.07,101.01,20.0
29517.07,100.63,20.0
29518.07,100.98,20.0
29519.07,100.74,20.0
29520.07,100.66,20.0
29521.07,115.93,19.9999
29522.08,100.57,19.9999
29523.08,100.49,19.9999
29524.08,100.93,20.0
29525.08,100.55,20.0
29526.08,100.97,19.9999
29527.08,100.53,19.9999
29528.08,100.55,19.9999
29529.09,100.99,19.9999
29530.09,100.53,19.9999
29531.09,100.51,19.9999
29532.09,100.92,19.9999
29533.09,100.45,19.9999
29534.09,100.91,20.0
29535.09,203.05,15.7188
29536.1,351.96,9.3383
29537.1,305.81,9.6823
29538.1,339.2,9.8876
29539.1,346.79,10.0881
29540.1,305.11,10.4275
29541.1,305.64,10.7956
29542.1,304.8,11.1236
29543.11,306.85,11.3926
29544.11,308.47,11.6374
29545.11,303.34,11.836
29546.11,306.45,12.0588
29547.11,306.95,12.2809
29548.11,304.81,12.4599
29549.11,180.13,13.2768
29550.11,135.48,14.1907
29551.12,399.66,15.3267
29552.12,250.94,15.7616
29553.12,100.71,15.8618
29554.12,101.3,15.8618
29555.12,305.9,15.8626
29556.12,305.93,15.8636
29557.12,296.05,15.8656
29558.13,270.96,15.8656
29559.13,242.28,15.8657
29560.13,138.86,15.8594
29561.13,139.72,15.8594
29562.13,217.96,15.8594
29563.13,185.21,15.8594
29564.13,104.64,15.8594
29565.13,106.61,15.8594
29566.14,141.97,15.8594
29567.14,330.58,16.7481
29568.14,399.58,17.4016
29569.14,399.57,18.0602
29570.14,400.79,18.7612
29571.14,192.01,19.0155
29572.14,130.38,19.0211
29573.15,127.65,19.0211
29574.15,201.14,19.0212
29575.15,165.89,19.0222
29576.15,121.41,19.0222
29577.15,102.99,19.0222
29578.15,114.68,19.0221
29579.15,113.05,19.0222
29580.16,100.8,19.0221
29581.16,101.64,19.0221
29582.16,107.5,19.0221
29583.16,101.44,19.0222
29584.16,104.02,19.0222
29585.16,126.7,19.0222
29586.16,104.42,19.0221
29587.17,106.66,19.0222
29588.17,136.43,19.0222
29589.17,103.76,19.0222
29590.17,100.66,19.0222
29591.17,165.16,19.0221
29592.17,134.85,19.0221
29593.18,146.58,19.0221
29594.18,200.54,19.0223
29595.18,100.89,19.0222
29596.18,100.8,19.022
29597.18,104.32,19.0221
29598.18,100.95,19.0221
29599.18,103.91,19.0223
29600.19,101.86,19.0223
29601.19,102.68,19.0222
29602.19,103.91,19.0222
29603.19,101.09,19.0224
29604.19,100.69,19.0224
29605.19,101.1,19.0222
29606.2,101.09,19.0225
29607.2,101.37,19.0225
29608.2,101.32,19.0225
29609.2,100.79,19.0224
29610.2,101.22,19.0224
29611.2,101.97,19.0224
29612.2,100.7,19.0224
29613.21,101.33,19.0225
29614.21,101.14,19.0225
29615.21,103.36,19.0224
29616.21,101.15,19.0224
29617.21,100.8,19.0224
29618.21,101.22,19.0224
29619.22,106.5,19.0225
29620.22,128.33,19.0225
29621.22,105.15,19.0225
29622.22,100.7,19.0224
29623.22,101.23,19.0225
29624.22,100.73,19.0225
29625.22,100.54,19.0224
29626.23,100.97,19.0224
29627.23,100.57,19.0226
29628.23,100.52,19.0226
29629.23,104.15,19.0227
29630.23,102.25,19.0227
29631.23,100.48,19.0226
29632.23,100.93,19.0226
29633.23,101.53,19.0227
29634.24,108.22,19.0227
29635.24,101.13,19.0225
29636.24,102.7,19.0225
29637.24,100.91,19.0225
29638.24,101.18,19.0225
29639.24,100.68,19.0227
29640.24,126.39,19.0227
29641.25,400.85,19.0243
29642.25,368.36,19.1365
29643.25,101.13,19.1365
29644.25,101.5,19.1364
29645.25,100.85,19.1364
29646.25,101.6,19.1364
29647.25,101.0,19.1364
29648.25,102.56,19.1366
29649.26,100.81,19.1366
29650.26,101.18,19.1366
29651.26,101.15,19.1366
29652.26,100.73,19.1366
29653.26,147.63,19.1367
29654.26,250.53,19.1372
29655.27,207.67,19.1372
29656.27,108.48,19.1372
29657.27,100.54,19.1372
29658.27,167.1,19.1372
29659.27,107.25,19.1372
29660.27,107.35,19.1372
29661.27,100.42,19.1372
29662.28,100.57,19.1373
29663.28,382.87,19.1493
29664.28,330.55,19.1556
29665.28,100.69,19.1558
29666.28,100.77,19.1556
29667.28,101.1,19.1556
29668.28,100.58,19.1556
29669.29,100.96,19.1556
29670.29,100.49,19.1557
29671.29,100.49,19.1557
29672.29,101.0,19.1558
29673.29,100.73,19.1559
29674.29,177.05,19.1559
29675.29,400.46,19.1559
29676.29,252.54,19.1561
29677.3,100.61,19.1561
29678.3,101.31,19.1561
29679.3,100.72,19.1561
29680.3,100.64,19.1561
29681.3,101.11,19.1561
29682.3,100.77,19.1561
29683.3,100.94,19.1561
29684.31,101.14,19.1561
29685.31,100.51,19.1561
29686.31,341.16,19.1561
29687.31,373.29,19.1593
29688.31,100.69,19.1593
29689.31,101.17,19.1594
29690.31,101.81,19.1594
29691.32,100.58,19.1594
29692.32,360.64,19.7606
29693.32,379.5,19.8913
29694.32,100.67,19.8913
29695.32,100.99,19.8913
29696.32,100.65,19.8913
29697.32,100.59,19.8913
29698.33,155.51,19.9982
29699.33,103.21,19.9982
29700.33,101.35,19.9982
29701.33,101.02,19.9982
29702.33,118.82,19.9984
29703.33,101.02,19.9983
29704.33,100.61,19.9982
29705.34,100.56,19.9982
29706.34,121.14,19.9984
29707.34,100.51,19.9984
29708.34,100.53,19.9982
29709.34,101.07,19.9984
29710.34,135.85,19.9985
29711.34,100.57,19.9985
29712.35,100.97,19.9985
29713.35,100.6,19.9985
29714.35,117.91,19.9985
29715.35,100.52,19.9985
29716.35,100.47,19.9985
29717.35,100.9,19.9985
29718.36,116.11,19.9985
29719.36,100.49,19.9986
29720.36,100.82,19.9986
29721.36,100.48,19.9986
29722.36,102.96,19.9986
29723.36,112.98,19.9986
29724.36,100.72,19.9986
29725.37,101.06,19.9986
29726.37,100.51,19.9985
29727.37,114.8,19.9986
29728.37,100.84,19.9985
29729.37,100.43,19.9987
29730.37,100.81,19.9986
29731.37,100.52,19.9986
29732.38,115.23,19.9986
29733.38,101.07,19.9987
29734.38,100.65,19.9987
29735.38,101.08,19.9989
29736.38,115.29,19.9989
29737.38,100.58,19.9988
29738.39,101.07,19.9988
29739.39,100.61,19.9988
29740.39,115.42,19.9989
29741.39,101.09,19.9989
29742.39,100.6,19.9989
29743.39,100.72,19.9989
29744.39,115.93,19.9991
29745.4,100.68,19.9991
29746.4,100.65,19.9989
29747.4,101.03,19.9989
29748.4,100.74,19.999
29749.4,115.27,19.9991
29750.4,100.98,19.9992
29751.4,100.65,19.9989
29752.41,101.02,19.9991
29753.41,115.1,19.9991
29754.41,100.7,19.9991
29755.41,101.07,19.9991
29756.41,100.65,19.9991
29757.41,100.97,19.9991
29758.41,115.2,19.9991
29759.42,100.66,19.9991
29760.42,101.08,19.9991
29761.42,100.75,19.9993
29762.42,100.68,19.9993
29763.42,101.18,19.9993
29764.42,116.28,19.9992
29765.42,100.69,19.9992
29766.43,100.91,19.9991
29767.43,100.59,19.9993
29768.43,100.9,19.9993
29769.43,111.49,19.9993
29770.43,109.88,19.9993
29771.43,101.1,19.9993
29772.44,100.69,19.9994
29773.44,100.72,19.9994
29774.44,101.09,19.9993
29775.44,100.71,19.9993
29776.44,122.11,19.9993
29777.44,100.67,19.9993
29778.44,100.62,19.9993
29779.45,101.06,19.9994
29780.45,100.62,19.9993
29781.45,100.58,19.9995
29782.45,100.86,19.9993
29783.45,118.83,19.9995
29784.45,100.58,19.9995
29785.45,100.87,19.9995
29786.46,100.46,19.9995
29787.46,100.63,19.9995
29788.46,101.06,19.9996
29789.46,100.7,19.9996
29790.46,116.54,19.9996
29791.46,100.54,19.9996
29792.46,100.49,19.9996
29793.47,101.06,19.9996
29794.47,100.5,19.9997
29795.47,100.42,19.9997
29796.47,101.0,19.9997
29797.47,100.51,19.9997
29798.47,115.06,19.9997
29799.47,101.03,19.9997
29800.48,100.56,19.9997
29801.48,100.92,19.9997
29802.48,100.48,19.9997
29803.48,100.57,19.9997
29804.48,100.93,19.9998
29805.48,100.51,19.9997
29806.49,123.63,19.9998
29807.49,100.61,19.9998
29808.49,100.56,20.0
29809.49,100.92,20.0
29810.49,100.45,19.9999
29811.49,100.94,19.9999
29812.49,100.55,19.9999
29813.5,100.62,19.9999
29814.5,100.96,19.9999
29815.5,121.03,19.9999
29816.5,100.95,19.9999
29817.5,100.53,19.9999
29818.5,100.54,19.9999
29819.51,100.98,20.0
29820.51,100.55,20.0
29821.51,100.55,20.0
29822.51,100.82,20.0
29823.51,100.69,20.0
29824.51,115.61,19.9999
29825.51,101.05,20.0
29826.52,100.61,20.0
29827.52,100.85,19.9998
29828.52,100.47,19.9998
29829.52,100.6,19.9999
29830.52,105.35,20.0
29831.52,100.49,19.9999
29832.53,117.32,20.0
29833.53,100.63,19.9999
29834.53,100.58,20.0
29835.53,101.03,20.0
29836.53,100.58,20.0
29837.53,100.77,20.0
29838.53,101.03,20.0
29839.53,100.63,20.0
29840.54,100.56,20.0
29841.54,125.32,19.9999
29842.54,100.55,19.9999
29843.54,100.99,20.0
29844.54,100.59,19.9999
29845.55,100.92,19.9999
29846.55,100.47,19.9999
29847.55,100.47,19.9999
29848.55,100.87,19.9999
29849.55,100.55,19.9999
29850.55,121.84,19.9999
29851.55,100.92,19.9999
29852.56,100.53,19.9999
29853.56,100.98,19.9999
29854.56,100.46,19.9999
29855.56,100.63,19.9999
29856.56,101.02,19.9999
29857.56,100.63,19.9999
29858.57,101.04,19.9999
29859.57,116.84,20.0
29860.57,100.58,20.0
29861.57,101.01,20.0
29862.57,100.63,20.0
29863.57,100.74,19.9999
29864.57,101.11,19.9998
29865.58,100.68,19.9999
29866.58,101.04,19.9999
29867.58,100.53,19.9999
29868.58,100.51,20.0
29869.58,115.46,20.0
29870.58,100.65,20.0
29871.59,101.05,20.0
29872.59,100.65,19.9999
29873.59,100.64,20.0
29874.59,100.97,20.0
29875.59,100.56,20.0
29876.59,100.54,20.0
29877.59,100.91,19.9999
29878.6,100.67,20.0
29879.6,115.5,20.0
29880.6,100.86,19.9999
29881.6,100.55,20.0
29882.6,100.95,20.0
29883.6,100.73,19.9999
29884.6,100.55,19.9999
29885.61,100.89,19.9999
29886.61,100.45,19.9999
29887.61,100.95,19.9999
29888.61,100.57,20.0
29889.61,100.62,19.9999
29890.61,115.69,20.0
29891.61,100.57,20.0
29892.62,100.55,20.0
29893.62,101.13,19.9999
29894.62,100.54,19.9999
29895.62,100.65,19.9999
29896.62,100.98,19.9999
29897.62,100.59,19.9999
29898.62,100.56,19.9999
29899.63,100.96,19.9999
29900.63,119.38,19.9999
29901.63,100.93,19.9999
29902.63,100.61,19.9999
29903.63,101.03,20.0
29904.63,100.48,20.0
29905.64,100.63,20.0
29906.64,101.02,20.0
29907.64,100.62,20.0
29908.64,101.01,20.0
29909.64,100.61,20.0
29910.64,126.31,20.0
29911.64,100.73,20.0
29912.65,100.95,20.0
29913.65,100.76,19.9999
29914.65,100.95,19.9998
29915.65,100.5,19.9998
29916.65,100.55,19.9998
29917.65,100.93,19.9998
29918.66,100.6,20.0
29919.66,100.91,19.9999
29920.66,100.63,19.9999
29921.66,119.1,20.0
29922.66,100.93,20.0
29923.66,100.74,19.9999
29924.66,100.65,19.9999
29925.67,101.07,19.9999
29926.67,100.65,19.9999
29927.67,101.01,19.9999
29928.67,100.64,19.9999
29929.67,100.46,19.9999
29930.67,100.89,19.9999
29931.68,114.44,19.9999
29932.68,101.71,19.9999
29933.68,101.17,19.9999
29934.68,100.7,19.9999
29935.68,101.09,19.9999
29936.68,100.65,19.9999
29937.69,101.03,19.9999
29938.69,100.78,20.0
29939.69,100.65,19.9999
29940.69,101.04,19.9999
29941.69,100.66,19.9999
29942.69,100.66,19.9999
29943.69,116.22,19.9999
29944.7,100.67,19.9999
29945.7,101.14,19.9999
29946.7,100.65,19.9999
29947.7,100.67,19.9999
29948.7,101.11,19.9999
29949.7,100.67,19.9999
29950.71,101.06,19.9999
29951.71,100.7,19.9999
29952.71,100.67,19.9999
29953.71,101.15,20.0
29954.71,100.67,20.0
29955.71,101.05,20.0
29956.71,115.76,19.9999
29957.72,100.65,19.9999
29958.72,101.0,20.0
29959.72,100.52,19.9999
29960.72,100.54,19.9999
29961.72,101.06,19.9999
29962.72,100.67,19.9999
29963.73,101.15,19.9999
29964.73,100.68,19.9999
29965.73,100.69,19.9999
29966.73,101.07,19.9999
29967.73,120.55,20.0
29968.73,101.2,19.9999
29969.73,100.67,19.9999
29970.74,100.64,19.9999
29971.74,102.05,19.9999
29972.74,100.45,19.9999
29973.74,196.14,20.0
29974.74,101.61,20.0
29975.74,100.8,19.994
29976.75,101.06,19.994
29977.75,100.66,19.994
29978.75,126.46,19.9942
29979.75,101.09,19.9942
29980.75,100.64,19.9943
29981.75,100.69,19.9943
29982.75,101.07,19.9941
29983.75,100.83,19.9943
29984.76,100.74,19.9942
29985.76,101.12,19.9942
29986.76,100.72,19.9942
29987.76,100.7,19.9941
29988.76,101.15,19.9942
29989.76,100.69,19.9941
29990.77,118.45,19.9941
29991.77,100.48,19.9941
29992.77,100.49,19.9941
29993.77,101.04,19.9943
29994.77,100.5,19.9943
29995.77,100.89,19.9943
29996.77,100.61,19.9943
29997.78,100.68,19.9942
29998.78,101.09,19.9943
29999.78,100.68,19.9943
30000.78,100.64,19.9943
30001.78,115.73,19.9944
30002.78,100.66,19.9944
30003.78,100.77,19.9944
30004.79,101.03,19.9945
30005.79,100.65,19.9945
30006.79,101.04,19.9944
30007.79,100.65,19.9946
30008.79,100.72,19.9946
30009.79,101.1,19.9946
30010.79,100.66,19.9946
30011.8,100.76,19.9946
30012.8,101.11,19.9945
30013.8,115.66,19.9946
30014.8,100.49,19.9946
30015.8,101.04,19.9946
30016.8,100.69,19.9946
30017.8,100.68,19.9946
30018.81,101.18,19.9947
30019.81,100.66,19.9946
30020.81,100.7,19.9946
30021.81,100.98,19.9946
30022.81,100.58,19.9946
30023.81,100.74,19.9947
30024.81,101.09,19.9946
30025.81,115.11,19.995
30026.82,100.63,19.995
30027.82,101.06,19.995
30028.82,100.7,19.995
30029.82,100.68,19.995
30030.82,101.13,19.995
30031.82,100.6,19.9949
30032.82,100.62,19.9949
30033.83,101.18,19.9951
30034.83,100.67,19.995
30035.83,100.62,19.9949
30036.83,101.02,19.9949
30037.83,122.92,19.995
30038.83,101.02,19.9951
30039.83,100.66,19.9951
30040.84,100.62,19.9951
30041.84,101.11,19.995
30042.84,100.65,19.9951
30043.84,100.73,19.9951
30044.84,101.02,19.9951
30045.84,100.64,19.995
30046.85,101.02,19.9951
30047.85,100.67,19.9951
30048.85,100.65,19.9951
30049.85,125.81,19.9954
30050.85,100.67,19.9954
30051.85,100.63,19.9954
30052.85,101.06,19.9954
30053.85,100.75,19.9955
30054.86,100.71,19.9953
30055.86,101.07,19.9954
30056.86,100.65,19.9954
30057.86,100.66,19.9954
30058.86,101.11,19.9954
30059.86,100.7,19.9954
30060.87,101.11,19.9954
30061.87,115.82,19.9955
30062.87,100.66,19.9954
30063.87,101.16,19.9954
30064.87,100.62,19.9955
30065.87,100.62,19.9954
30066.87,101.04,19.9954
30067.88,100.64,19.9954
30068.88,101.11,19.9955
30069.88,100.63,19.9955
30070.88,100.65,19.9955
30071.88,101.11,19.9957
30072.88,100.63,19.9957
30073.88,115.08,19.9957
30074.89,101.1,19.9956
30075.89,100.69,19.9956
30076.89,100.64,19.9956
30077.89,101.06,19.9956
30078.89,100.71,19.9956
30079.89,100.66,19.9957
30080.89,101.05,19.9957
30081.9,100.67,19.9957
30082.9,100.99,19.9956
30083.9,100.72,19.9957
30084.9,100.55,19.9956
30085.9,115.08,19.9956
30086.9,101.37,19.9957
30087.9,100.68,19.9957
30088.91,101.11,19.9957
30089.91,100.73,19.9957
30090.91,100.72,19.9957
30091.91,101.07,19.9957
30092.91,100.7,19.9957
30093.91,100.82,19.9957
30094.91,101.04,19.9957
30095.92,100.68,19.9958
30096.92,101.08,19.9958
30097.92,100.65,19.9958
30098.92,116.74,19.996
30099.92,101.05,19.9961
30100.92,100.63,19.9961
30101.92,100.65,19.9961
30102.93,100.94,19.9959
30103.93,100.64,19.996
30104.93,101.03,19.996
30105.93,100.63,19.996
30106.93,100.63,19.996
30107.93,101.09,19.996
30108.94,100.72,19.996
30109.94,101.07,19.996
30110.94,127.68,19.9961
30111.94,100.57,19.9961
30112.94,100.95,19.9961
30113.94,100.66,19.9962
30114.94,100.94,19.9961
30115.95,100.55,19.9961
30116.95,100.6,19.9961
30117.95,101.11,19.9961
30118.95,100.67,19.9963
30119.95,100.66,19.9963
30120.95,101.12,19.9963
30121.95,119.97,19.9964
30122.96,100.61,19.9964
30123.96,101.18,19.9965
30124.96,100.68,19.9965
30125.96,100.68,19.9964
30126.96,101.08,19.9965
30127.96,100.65,19.9965
30128.97,101.11,19.9965
30129.97,100.66,19.9964
30130.97,100.69,19.9965
30131.97,101.07,19.9965
30132.97,100.67,19.9964
30133.97,100.78,19.9965
30134.97,115.78,19.9966
30135.98,100.54,19.9966
30136.98,101.09,19.9966
30137.98,100.69,19.9966
30138.98,100.68,19.9966
30139.98,101.07,19.9966
30140.98,100.71,19.9965
30141.98,100.67,19.9965
30142.99,101.17,19.9965
30143.99,100.66,19.9967
30144.99,100.47,19.9966
30145.99,100.97,19.9966
30146.99,115.43,19.9967
30147.99,100.65,19.9967
30148.99,101.12,19.9968
30149.99,100.64,19.9968
30151.0,100.65,19.9968
30152.0,101.1,19.9968
30153.0,100.59,19.9969
30154.0,100.7,19.9969
30155.0,101.1,19.9968
30156.0,100.71,19.9969
30157.0,100.62,19.9968
30158.01,101.03,19.9968
30159.01,100.67,19.9969
30160.01,115.34,19.997
30161.01,101.14,19.997
30162.01,100.75,19.9968
30163.01,100.65,19.9968
30164.01,100.71,19.9969
30165.01,101.04,19.9969
30166.02,100.57,19.9969
30167.02,101.02,19.9971
30168.02,100.66,19.9969
30169.02,100.66,19.997
30170.02,101.1,19.997
30171.02,120.24,19.9972
30172.02,102.72,19.9973
30173.03,101.07,19.9972
30174.03,100.72,19.9973
30175.03,100.63,19.9972
30176.03,101.15,19.9973
30177.03,100.62,19.9972
30178.03,100.7,19.9973
30179.03,101.1,19.9973
30180.04,100.55,19.9972
30181.04,100.63,19.9973
30182.04,101.1,19.9973
30183.04,126.19,19.9975
30184.04,100.68,19.9974
30185.04,100.99,19.9974
30186.04,100.64,19.9974
30187.04,100.61,19.9974
30188.05,100.99,19.9974
30189.05,100.63,19.9974
30190.05,101.03,19.9973
30191.05,100.66,19.9973
30192.05,100.61,19.9973
30193.05,101.01,19.9973
30194.05,100.73,19.9974
30195.06,115.76,19.9975
30196.06,101.0,19.9974
30197.06,100.62,19.9975
30198.06,100.63,19.9974
30199.06,101.04,19.9976
30200.06,100.52,19.9976
30201.06,100.51,19.9976
30202.07,100.98,19.9976
30203.07,100.61,19.9976
30204.07,101.1,19.9976
30205.07,100.64,19.9976
30206.07,100.64,19.9976
30207.07,115.76,19.9976
30208.07,100.65,19.9976
30209.08,100.62,19.9976
30210.08,101.03,19.9975
30211.08,100.63,19.9975
30212.08,100.64,19.9975
30213.08,101.11,19.9976
30214.08,100.64,19.9977
30215.08,100.64,19.9977
30216.09,101.03,19.9977
30217.09,100.66,19.9978
30218.09,100.65,19.9977
30219.09,101.08,19.9978
30220.09,115.31,19.9977
30221.09,101.04,19.9977
30222.09,100.56,19.9977
30223.1,100.64,19.9977
30224.1,101.12,19.9979
30225.1,100.58,19.9977
30226.1,100.94,19.9978
30227.1,100.48,19.9977
30228.1,100.54,19.9977
30229.11,100.9,19.9978
30230.11,100.57,19.9978
30231.11,100.64,19.9979
30232.11,115.87,19.9981
30233.11,100.66,19.9981
30234.11,100.71,19.9982
30235.11,101.0,19.9982
30236.12,100.65,19.9981
30237.12,101.06,19.9981
30238.12,100.67,19.9981
30239.12,100.7,19.9981
30240.12,100.93,19.998
30241.12,100.47,19.998
30242.13,101.05,19.998
30243.13,100.62,19.998
30244.13,127.24,19.9983
30245.13,101.08,19.9982
30246.13,100.65,19.9982
30247.13,100.63,19.9983
30248.13,101.06,19.9983
30249.14,100.68,19.9983
30250.14,100.49,19.9983
30251.14,100.88,19.9983
30252.14,100.46,19.9983
30253.14,100.87,19.9983
30254.14,100.73,19.9982
30255.14,100.52,19.9983
30256.15,122.24,19.9985
30257.15,100.61,19.9985
30258.15,101.1,19.9985
30259.15,100.7,19.9985
30260.15,100.65,19.9985
30261.15,101.04,19.9985
30262.16,100.65,19.9985
30263.16,100.67,19.9985
30264.16,101.1,19.9984
30265.16,100.63,19.9984
30266.16,101.05,19.9984
30267.16,100.6,19.9984
30268.16,115.61,19.9985
30269.17,101.17,19.9985
30270.17,100.64,19.9984
30271.17,100.66,19.9984
30272.17,101.07,19.9984
30273.17,100.72,19.9984
30274.17,100.7,19.9986
30275.17,101.09,19.9986
30276.18,100.69,19.9986
30277.18,100.96,19.9986
30278.18,100.59,19.9986
30279.18,100.71,19.9986
30280.18,101.05,19.9984
30281.18,100.71,19.9984
30282.19,115.89,19.9986
30283.19,100.73,19.9986
30284.19,100.68,19.9986
30285.19,101.08,19.9986
30286.19,100.66,19.9986
30287.19,100.66,19.9986
30288.19,101.06,19.9986
30289.2,100.71,19.9987
30290.2,100.74,19.9987
30291.2,101.05,19.9987
30292.2,100.65,19.9987
30293.2,101.12,19.9988
30294.2,100.68,19.9988
30295.2,114.78,19.9989
30296.21,100.87,19.9989
30297.21,100.59,19.9989
30298.21,100.71,19.9989
30299.21,101.1,19.9989
30300.21,100.49,19.9989
30301.21,101.04,19.9989
30302.22,100.53,19.9989
30303.22,100.71,19.9989
30304.22,100.98,19.9989
30305.22,100.51,19.9988
30306.22,100.84,19.9989
30307.22,100.45,19.9989
30308.22,123.25,19.999
30309.23,101.0,19.999
30310.23,100.51,19.999
30311.23,100.5,19.9991
30312.23,100.93,19.999
30313.23,100.7,19.9991
30314.23,101.04,19.9991
30315.24,100.52,19.9991
30316.24,100.67,19.9991
30317.24,101.07,19.999
30318.24,100.7,19.999
30319.24,101.14,19.9991
30320.24,125.42,19.9991
30321.24,100.69,19.9991
30322.25,101.06,19.999
30323.25,100.73,19.9992
30324.25,101.07,19.9992
30325.25,100.47,19.9992
30326.25,100.54,19.9991
30327.25,100.82,19.9991
30328.26,100.44,19.9991
30329.26,100.47,19.9992
30330.26,100.95,19.9992
30331.26,100.44,19.9992
30332.26,100.84,19.9992
30333.26,115.58,19.9994
30334.26,100.57,19.9993
30335.27,100.86,19.9993
30336.27,100.45,19.9993
30337.27,100.85,19.9993
30338.27,100.48,19.9993
30339.27,100.68,19.9993
30340.27,101.04,19.9992
30341.28,100.69,19.9993
30342.28,101.06,19.9993
30343.28,100.73,19.9994
30344.28,100.69,19.9994
30345.28,115.84,19.9996
30346.28,100.69,19.9995
30347.28,100.67,19.9995
30348.29,101.07,19.9995
30349.29,100.7,19.9996
30350.29,101.04,19.9996
30351.29,100.68,19.9995
30352.29,100.67,19.9995
30353.29,101.11,19.9996
30354.3,100.63,19.9997
30355.3,101.09,19.9997
30356.3,100.67,19.9997
30357.3,100.67,19.9997
30358.3,115.46,19.9997
30359.3,100.7,19.9998
30360.3,100.72,19.9996
30361.31,101.08,19.9996
30362.31,100.61,19.9996
30363.31,100.71,19.9997
30364.31,101.07,19.9998
30365.31,100.68,19.9998
30366.31,100.55,19.9998
30367.31,101.03,19.9998
30368.32,100.67,19.9998
30369.32,101.07,19.9998
30370.32,100.66,19.9997
30371.32,119.13,20.0
30372.32,101.05,20.0
30373.32,100.75,19.9999
30374.33,101.11,20.0
30375.33,100.69,19.9999
30376.33,100.79,19.9999
30377.33,101.07,19.9999
30378.33,100.68,19.9999
30379.33,100.71,19.9999
30380.33,101.08,19.9999
30381.34,100.68,19.9999
30382.34,100.91,19.9999
30383.34,127.63,19.9999
30384.34,100.7,19.9999
30385.34,101.05,19.9999
30386.34,100.67,19.9999
30387.35,101.02,19.9999
30388.35,100.63,19.9999
30389.35,100.67,19.9999
30390.35,101.05,19.9999
30391.35,100.63,19.9999
30392.35,101.06,19.9999
30393.35,100.69,19.9999
30394.36,100.68,19.9999
30395.36,100.95,19.9999
30396.36,117.89,20.0
30397.36,100.68,20.0
30398.36,101.15,20.0
30399.36,100.69,20.0
30400.36,100.62,20.0
30401.37,101.08,19.9999
30402.37,100.68,20.0
30403.37,101.14,20.0
30404.37,100.73,19.9999
30405.37,100.68,19.9999
30406.37,101.06,19.9999
30407.38,100.66,19.9999
30408.38,115.49,19.9999
30409.38,100.48,20.0
30410.38,100.58,20.0
30411.38,101.01,20.0
30412.38,100.55,19.9999
30413.38,100.66,20.0
30414.39,101.14,19.9999
30415.39,100.66,19.9999
30416.39,100.66,19.9999
30417.39,101.05,19.9999
30418.39,100.66,19.9999
30419.39,101.12,19.9999
30420.39,100.65,19.9999
30421.4,115.75,20.0
30422.4,101.03,19.9999
30423.4,100.73,20.0
30424.4,100.72,19.9999
30425.4,101.07,19.9999
30426.4,100.67,19.9999
30427.41,101.06,19.9999
30428.41,100.65,19.9999
30429.41,100.7,19.9999
30430.41,101.05,19.9999
30431.41,100.68,19.9999
30432.41,100.66,19.9999
30433.41,101.11,19.9999
30434.42,105.84,20.0
30435.42,110.51,19.9999
30436.42,100.65,19.9999
30437.42,100.65,19.9999
30438.42,101.02,19.9999
30439.42,100.58,20.0
30440.42,100.6,20.0
30441.43,101.02,20.0
30442.43,100.47,20.0
30443.43,100.95,19.9999
30444.43,100.51,19.9999
30445.43,100.47,19.9999
30446.43,100.86,19.9999
30447.44,127.41,19.9999
30448.44,101.04,19.9999
30449.44,100.7,20.0
30450.44,100.69,20.0
30451.44,101.04,20.0
30452.44,100.62,20.0
30453.44,100.72,19.9999
30454.45,101.08,19.9999
30455.45,100.66,19.9998
30456.45,101.06,19.9999
30457.45,100.65,19.9999
30458.45,100.67,19.9999
30459.45,122.31,19.9999
30460.46,100.62,20.0
30461.46,101.09,20.0
30462.46,100.63,20.0
30463.46,100.74,20.0
30464.46,101.12,19.9999
30465.46,100.67,19.9999
30466.47,101.1,20.0
30467.47,100.44,20.0
30468.47,100.52,20.0
30469.47,101.07,20.0
30470.47,100.66,20.0
30471.47,100.55,20.0
30472.47,115.37,20.0
30473.48,100.72,20.0
30474.48,101.14,19.9999
30475.48,100.66,19.9999
30476.48,100.66,19.9999
30477.48,101.14,19.9999
30478.48,100.65,19.9999
30479.48,100.67,19.9999
30480.49,101.13,19.9999
30481.49,100.63,19.9999
30482.49,100.56,19.9999
30483.49,101.19,20.0
30484.49,100.73,20.0
30485.49,115.26,19.9999
30486.49,101.1,19.9999
30487.49,100.63,19.9999
30488.5,100.67,19.9999
30489.5,101.1,20.0
30490.5,100.65,20.0
30491.5,100.68,20.0
30492.5,101.01,20.0
30493.5,100.71,20.0
30494.51,100.99,19.9999
30495.51,100.47,19.9999
30496.51,100.47,19.9999
30497.51,100.92,19.9999
30498.51,114.81,20.0
30499.51,100.6,20.0
30500.51,101.06,20.0
30501.51,100.56,20.0
30502.52,100.51,20.0
30503.52,101.37,19.9999
30504.52,100.55,19.9999
30505.52,100.6,19.9999
30506.52,100.96,19.9999
30507.52,100.6,19.9999
30508.52,100.65,19.9998
30509.53,101.04,20.0
30510.53,100.61,20.0
30511.53,124.72,19.9999
30512.53,100.57,19.9999
30513.53,101.01,19.9999
30514.53,100.62,20.0
30515.53,100.53,20.0
30516.53,101.02,20.0
30517.53,100.59,20.0
30518.54,100.65,20.0
30519.54,100.98,20.0
30520.54,100.6,20.0
30521.54,100.52,20.0
30522.54,101.01,20.0
30523.54,106.39,19.9999
30524.54,118.89,19.9999
30525.55,100.97,19.9999
30526.55,100.47,19.9999
30527.55,101.05,19.9999
30528.55,100.63,19.9999
30529.55,100.65,19.9999
30530.55,101.02,19.9999
30531.56,100.65,19.9999
30532.56,101.05,19.9999
30533.56,100.7,20.0
30534.56,100.65,20.0
30535.56,101.04,20.0
30536.56,115.12,19.9999
30537.56,101.0,19.9999
30538.57,100.61,19.9999
30539.57,100.66,19.9999
30540.57,101.07,19.9999
30541.57,100.65,19.9999
30542.57,100.64,19.9999
30543.57,101.1,20.0
30544.58,100.65,20.0
30545.58,100.64,20.0
30546.58,101.02,20.0
30547.58,100.63,20.0
30548.58,115.91,19.9999
30549.58,100.64,19.9999
30550.58,100.68,19.9999
30551.59,101.09,19.9999
30552.59,100.64,19.9999
30553.59,100.74,20.0
30554.59,101.0,20.0
30555.59,100.54,20.0
30556.59,100.98,19.9999
30557.59,100.59,19.9999
30558.6,100.67,19.9999
30559.6,101.05,19.9999
30560.6,100.64,19.9999
30561.6,115.88,20.0
30562.6,100.64,20.0
30563.6,100.85,19.9999
30564.61,101.04,19.9999
30565.61,100.69,19.9999
30566.61,100.68,19.9999
30567.61,101.12,19.9999
30568.61,100.69,19.9999
30569.61,100.64,19.9999
30570.61,100.88,20.0
30571.62,100.63,19.9999
30572.62,100.63,19.9999
30573.62,101.14,20.0
30574.62,119.27,19.9999
30575.62,100.67,19.9999
30576.62,101.07,19.9999
30577.62,100.53,19.9999
30578.63,100.93,19.9999
30579.63,100.62,19.9999
30580.63,100.66,19.9999
30581.63,100.86,19.9999
30582.63,100.5,19.9999
30583.63,100.79,20.0
30584.63,101.08,19.9999
30585.64,100.66,19.9999
30586.64,101.08,19.9999
30587.64,128.68,20.0
30588.64,100.71,20.0
30589.64,101.17,20.0
30590.64,100.68,20.0
30591.64,100.66,20.0
30592.65,101.11,20.0
30593.65,100.79,19.9999
30594.65,100.58,19.9999
30595.65,100.91,19.9999
30596.65,100.7,19.9999
30597.65,100.5,19.9999
30598.65,100.89,20.0
30599.66,116.66,19.9999
30600.66,101.03,19.9999
30601.66,100.7,20.0
30602.66,100.67,20.0
30603.66,101.15,20.0
30604.66,100.63,20.0
30605.67,101.06,19.9999
30606.67,100.66,20.0
30607.67,100.52,19.9999
30608.67,100.91,20.0
30609.67,100.46,20.0
30610.67,100.48,20.0
30611.67,115.89,19.9999
30612.68,100.7,19.9999
30613.68,101.18,20.0
30614.68,100.75,20.0
30615.68,100.71,20.0
30616.68,101.1,20.0
30617.68,100.7,20.0
30618.68,100.69,20.0
30619.69,100.96,19.9999
30620.69,100.71,19.9999
30621.69,101.1,19.9999
30622.69,100.65,19.9999
30623.69,101.2,19.9999
30624.69,100.74,20.0
30625.7,115.48,19.9999
30626.7,100.46,19.9999
30627.7,100.45,19.9999
30628.7,100.99,19.9999
30629.7,100.7,19.9999
30630.7,100.52,19.9999
30631.71,100.86,19.9999
30632.71,100.63,19.9999
30633.71,100.78,19.9999
30634.71,101.09,19.9999
30635.71,100.59,19.9999
30636.71,101.1,19.9999
30637.72,100.63,19.9999
30638.72,100.54,19.9999
30639.72,118.03,20.0
30640.72,100.93,20.0
30641.72,101.1,20.0
30642.72,100.58,20.0
30643.72,100.8,19.9999
30644.73,101.05,19.9999
30645.73,100.69,19.9999
30646.73,100.6,19.9999
30647.73,101.13,19.9999
30648.73,100.61,19.9999
30649.73,101.07,19.9999
30650.74,100.48,19.9999
30651.74,100.52,19.9999
30652.74,127.86,20.0
30653.74,100.84,19.9999
30654.74,101.05,19.9999
30655.74,100.68,19.9999
30656.74,100.66,19.9999
30657.75,101.04,19.9999
30658.75,100.68,20.0
30659.75,101.05,20.0
30660.75,100.64,20.0
30661.75,100.66,20.0
30662.75,101.12,20.0
30663.75,100.84,19.9999
30664.76,118.97,20.0
30665.76,100.9,20.0
30666.76,100.42,20.0
30667.76,100.44,20.0
30668.76,100.96,19.9999
30669.76,100.45,19.9999
30670.76,100.64,19.9999
30671.77,101.02,19.9999
30672.77,100.62,19.9999
30673.77,100.78,20.0
30674.77,101.11,20.0
30675.77,100.65,20.0
30676.77,115.59,19.9999
30677.77,100.62,19.9999
30678.78,100.7,19.9999
30679.78,101.04,20.0
30680.78,100.63,20.0
30681.78,100.67,19.9999
30682.78,101.05,19.9999
30683.78,100.68,19.9999
30684.79,101.04,19.9999
30685.79,100.63,19.9999
30686.79,100.99,20.0
30687.79,100.65,20.0
30688.79,100.66,20.0
30689.79,101.05,20.0
30690.8,115.69,19.9999
30691.8,101.06,19.9999
30692.8,100.66,19.9999
30693.8,100.76,19.9999
30694.8,101.05,19.9999
30695.8,100.63,19.9999
30696.8,100.73,19.9999
30697.81,101.04,19.9999
30698.81,100.67,19.9999
30699.81,100.71,19.9999
30700.81,101.16,19.9999
30701.81,100.7,19.9999
30702.81,100.49,19.9999
30703.81,116.03,20.0
30704.81,100.59,19.9999
30705.82,100.62,19.9999
30706.82,101.04,19.9999
30707.82,100.74,19.9999
30708.82,100.71,20.0
30709.82,101.05,20.0
30710.82,100.66,20.0
30711.82,100.69,20.0
30712.83,101.07,20.0
30713.83,100.87,19.9999
30714.83,101.08,19.9999
30715.83,100.72,19.9999
30716.83,127.56,20.0
30717.83,101.09,20.0
30718.84,100.7,20.0
30719.84,100.64,20.0
30720.84,101.1,20.0
30721.84,100.63,20.0
30722.84,101.03,20.0
30723.84,100.92,19.9999
30724.84,100.68,19.9999
30725.85,101.2,19.9998
30726.85,100.54,19.9998
30727.85,100.49,19.9999
30728.85,101.04,19.9999
30729.85,121.61,20.0
30730.85,100.62,20.0
30731.85,101.06,19.9999
30732.86,100.63,19.9999
30733.86,102.4,20.0
30734.86,114.98,18.4289
30735.86,347.62,9.257
30736.86,310.72,9.6107
30737.86,314.63,9.8374
30738.86,370.2,9.9858
30739.87,334.59,10.2296
30740.87,310.7,10.5312
30741.87,310.02,10.9007
30742.87,312.28,11.2279
30743.87,312.62,11.5273
30744.87,310.47,11.792
30745.87,301.04,12.023
30746.87,302.15,12.1788
30747.88,301.03,12.3195
30748.88,303.48,12.4583
30749.88,305.25,12.6262
30750.88,303.38,12.8404
30751.88,303.03,13.0304
30752.88,302.04,13.2059
30753.88,300.88,13.3998
30754.88,278.87,13.5892
30755.89,239.23,13.7198
30756.89,187.2,13.8514
30757.89,234.16,14.0079
30758.89,293.23,14.317
30759.89,217.44,14.3905
30760.89,101.03,14.4694
30761.9,100.63,14.4694
30762.9,100.53,14.4694
30763.9,105.62,14.4695
30764.9,107.57,14.4695
30765.9,142.8,14.4695
30766.9,127.07,14.4695
30767.9,101.88,14.4695
30768.91,162.18,14.6435
30769.91,126.39,14.7874
30770.91,146.6,14.7874
30771.91,134.47,14.7874
30772.91,115.47,14.7874
30773.91,137.78,14.7874
30774.91,125.65,14.7874
30775.92,103.17,14.7875
30776.92,108.74,14.7875
30777.92,102.85,14.7876
30778.92,101.53,14.7876
30779.92,160.89,14.7876
30780.92,148.36,14.7875
30781.92,166.81,14.7875
30782.93,211.75,14.7875
30783.93,222.92,14.7876
30784.93,103.23,14.7876
30785.93,101.68,14.7876
30786.93,101.33,14.7876
30787.93,105.53,14.7877
30788.93,105.31,14.7877
30789.93,101.33,14.7876
30790.94,104.51,14.7876
30791.94,109.18,14.7876
30792.94,100.66,14.7876
30793.94,100.67,14.7876
30794.94,101.02,14.7876
30795.94,100.59,14.7874
30796.95,105.89,14.7874
30797.95,101.44,14.7874
30798.95,100.87,14.7876
30799.95,103.19,14.7875
30800.95,103.52,14.7875
30801.95,101.24,14.7875
30802.95,100.82,14.7876
30803.96,101.72,14.7877
30804.96,101.21,14.7876
30805.96,100.88,14.7876
30806.96,100.82,14.7878
30807.96,101.97,14.7878
30808.96,100.84,14.7877
30809.97,101.37,14.7877
30810.97,101.03,14.7877
30811.97,113.69,14.7877
30812.97,103.92,14.7877
30813.97,102.1,14.7878
30814.97,100.77,14.7878
30815.97,101.22,14.7878
30816.98,101.22,14.7878
30817.98,101.23,14.7878
30818.98,101.03,14.7879
30819.98,100.61,14.7878
30820.98,101.89,14.7879
30821.98,108.35,14.7878
30822.98,103.94,14.7878
30823.99,101.03,14.7878
30824.99,100.56,14.7878
30825.99,100.78,14.7878
30826.99,101.19,14.7878
30827.99,101.4,14.7878
30828.99,101.46,14.7879
30829.99,187.88,14.889
30831.0,104.49,14.889
30832.0,227.02,14.8891
30833.0,157.42,9.1263
30834.0,322.72,9.32
30835.0,343.1,9.4875
30836.0,330.49,9.846
30837.0,328.33,10.2063
30838.01,220.78,9.137
30839.01,320.7,9.4606
30840.01,306.85,9.8106
30841.01,326.13,9.9225
30842.01,350.28,10.1498
30843.01,303.06,10.4787
30844.01,315.83,10.7516
30845.01,303.4,11.1415
30846.02,302.34,11.4555
30847.02,304.14,11.7256
30848.02,304.05,12.066
30849.02,300.81,12.326
30850.02,305.29,12.5791
30851.02,303.82,12.7891
30852.02,304.95,13.005
30853.03,188.41,13.2079
30854.03,236.3,13.3672
30855.03,150.38,13.5522
30856.03,146.1,13.7421
30857.03,175.96,13.9775
30858.03,188.92,14.313
30859.03,190.75,14.314
30860.04,100.66,14.4142
30861.04,100.68,14.4141
30862.04,101.14,14.4141
30863.04,100.79,14.4143
30864.04,101.58,14.4143
30865.04,111.87,14.4143
30866.04,109.78,14.4143
30867.05,117.21,14.4143
30868.05,167.07,14.678
30869.05,131.81,14.7758
30870.05,121.22,14.776
30871.05,143.25,14.7758
30872.05,103.97,14.776
30873.06,128.51,14.7761
30874.06,114.04,14.7761
30875.06,101.52,14.7761
30876.06,101.49,14.7761
30877.06,104.53,14.7761
30878.06,101.09,14.776
30879.06,101.81,14.776
30880.07,102.07,14.776
30881.07,100.86,14.7761
30882.07,132.92,14.7759
30883.07,101.56,14.7759
30884.07,113.07,14.7759
30885.07,101.24,14.7759
30886.08,102.74,14.7759
30887.08,106.85,14.776
30888.08,101.68,14.776
30889.08,101.33,14.7761
30890.08,101.24,14.7761
30891.08,100.75,14.7761
30892.08,100.78,14.7761
30893.09,101.44,14.7761
30894.09,100.92,14.7761
30895.09,103.89,14.7762
30896.09,100.91,14.7761
30897.09,130.91,14.7761
30898.09,106.05,14.7761
30899.1,101.07,14.7762
30900.1,102.45,14.7762
30901.1,104.78,14.7762
30902.1,186.77,14.7762
30903.1,167.36,9.1284
30904.1,307.87,9.3665
30905.1,311.41,9.7155
30906.11,337.64,9.9251
30907.11,337.86,10.1558
30908.11,308.24,10.477
30909.11,312.01,10.7932
30910.11,304.33,11.1848
30911.11,305.0,11.4697
30912.11,306.41,11.7383
30913.12,307.2,12.0743
30914.12,302.04,12.3493
30915.12,304.42,12.6121
30916.12,306.83,12.8348
30917.12,247.85,13.0618
30918.12,183.79,13.2627
30919.12,136.71,13.4296
30920.13,132.95,13.6171
30921.13,222.44,13.8252
30922.13,254.59,14.1805
30923.13,145.62,14.3506
30924.13,171.17,14.3659
30925.13,105.26,14.3659
30926.13,101.04,14.3659
30927.14,100.68,14.466
30928.14,100.73,14.466
30929.14,111.01,14.466
30930.14,106.4,14.4659
30931.14,114.63,14.466
30932.14,110.7,14.466
30933.14,164.36,14.7395
30934.15,145.2,14.7779
30935.15,134.14,14.7779
30936.15,102.09,14.7779
30937.15,135.72,14.7779
30938.15,117.7,14.7779
30939.15,101.54,14.778
30940.15,101.99,14.778
30941.16,102.83,14.778
30942.16,102.2,14.778
30943.16,100.86,14.778
30944.16,108.33,14.778
30945.16,102.32,14.7782
30946.16,113.38,14.7782
30947.17,109.01,14.7782
30948.17,101.1,14.7782
30949.17,107.16,14.7782
30950.17,101.62,14.7782
30951.17,100.85,14.7782
30952.17,103.29,14.7782
30953.17,104.0,14.7782
30954.18,102.18,14.7783
30955.18,101.01,14.7783
30956.18,101.32,14.7783
30957.18,100.95,14.7783
30958.18,101.41,14.7783
30959.18,100.84,14.7783
30960.18,101.27,14.7782
30961.19,104.5,14.7782
30962.19,100.71,14.7782
30963.19,115.92,14.7781
30964.19,103.97,14.7782
30965.19,101.94,14.7782
30966.19,109.44,14.7783
30967.19,105.43,14.7783
30968.2,197.95,14.7784
30969.2,134.33,9.1481
30970.2,338.0,9.4466
30971.2,313.32,9.6985
30972.2,352.42,9.9452
30973.2,346.93,10.3684
30974.2,339.07,10.7505
30975.21,310.67,10.5723
30976.21,256.66,9.3193
30977.21,343.05,9.4904
30978.21,323.29,9.7382
30979.21,307.71,9.9964
30980.21,318.97,10.3257
30981.21,216.69,9.1574
30982.21,339.22,9.4436
30983.22,355.39,9.6206
30984.22,318.2,9.9593
30985.22,310.33,10.2636
30986.22,305.11,10.5287
30987.22,318.03,10.7752
30988.22,291.44,11.0266
30989.22,204.32,9.175
30990.23,339.69,9.3545
30991.23,287.58,9.3204
30992.23,311.28,9.3419
30993.23,364.33,9.5466
30994.23,326.31,9.9007
30995.23,255.07,9.1648
30996.23,337.45,9.4243
30997.23,352.52,9.5641
30998.24,276.73,9.8256
30999.24,240.62,9.2338
31000.24,343.26,9.4531
31001.24,368.79,9.6172
31002.24,265.74,9.9439
31003.24,199.2,10.3358
31004.24,219.0,10.7343
31005.25,301.56,11.1628
31006.25,287.39,11.6483
31007.25,120.77,12.0647
31008.25,121.59,12.4883
31009.25,111.59,12.8731
31010.25,107.63,13.299
31011.25,101.2,13.7246
31012.25,115.12,14.1827
31013.26,118.51,14.2503
31014.26,101.48,14.3505
31015.26,100.74,14.3506
31016.26,101.16,14.3506
31017.26,102.75,14.3506
31018.26,102.25,14.3506
31019.26,100.72,14.3506
31020.27,100.94,14.3506
31021.27,101.07,14.3506
31022.27,100.72,14.3506
31023.27,100.94,14.3506
31024.27,129.62,13.8468
31025.27,164.6,9.2014
31026.27,340.98,9.4363
31027.27,328.87,9.6243
31028.28,156.91,9.894
31029.28,174.98,10.1582
31030.28,280.36,10.5021
31031.28,300.22,10.978
31032.28,295.52,11.4416
31033.28,231.75,11.8659
31034.28,113.02,12.2968
31035.29,105.56,12.6806
31036.29,101.82,13.1017
31037.29,106.54,13.5299
31038.29,110.93,13.9657
31039.29,118.6,14.2487
31040.29,112.24,14.3109
31041.3,120.11,11.0361
31042.3,226.49,9.2467
31043.3,329.42,9.4143
31044.3,342.97,9.6401
31045.3,270.75,9.1558
31046.3,313.73,9.3949
31047.3,351.24,9.5178
31048.3,303.17,9.2855
31049.31,368.44,9.4882
31050.31,72.04,6.9206
