Time_Sec,CPU_Percent_Total,Memory_GB
1.0,227.77,0.3715
2.0,257.68,0.6124
3.0,280.19,0.8466
4.01,290.7,0.9498
5.01,304.58,1.0704
6.01,339.39,1.179
7.01,348.26,1.2626
8.01,323.47,1.3811
9.01,295.38,1.4588
10.01,330.3,1.667
11.01,316.11,1.8933
12.02,312.78,2.1052
13.02,360.75,2.2598
14.02,333.09,2.4924
15.02,314.63,2.7384
16.02,313.29,3.0028
17.02,307.3,3.2566
18.03,306.5,3.5665
19.03,303.21,3.9153
20.03,303.11,4.2581
21.03,303.73,4.6211
22.03,304.43,5.0745
23.03,301.62,5.4541
24.03,303.23,5.8288
25.03,242.3,1.7401
26.04,324.73,2.0368
27.04,366.92,2.2175
28.04,337.59,2.4861
29.04,313.66,2.7383
30.04,313.02,2.993
31.04,305.34,3.2349
32.04,304.66,3.4704
33.05,310.57,3.6891
34.05,302.49,4.0082
35.05,303.48,4.3296
36.05,303.85,4.6733
37.05,305.35,5.0882
38.05,302.01,5.441
39.05,303.39,5.7931
40.05,257.53,3.6192
41.06,275.14,1.9221
42.06,353.24,1.9711
43.06,293.94,1.9664
44.06,338.64,2.114
45.06,346.03,2.4136
46.06,319.44,2.7116
47.06,312.82,2.9919
48.07,313.05,3.3251
49.07,287.52,1.6975
50.07,289.97,1.9233
51.07,321.32,2.1369
52.07,353.57,2.3082
53.07,319.13,2.5596
54.07,317.43,2.8051
55.08,306.32,3.0415
56.08,313.48,3.3016
57.08,267.36,2.9451
58.08,276.43,1.9276
59.08,341.29,2.0938
60.08,331.43,2.429
61.08,303.78,2.8442
62.09,291.13,3.3419
63.09,275.02,3.8292
64.09,277.02,4.2044
65.09,202.08,1.8198
66.09,297.63,1.9615
67.09,343.03,2.2079
68.09,286.7,1.9852
69.09,268.49,1.9093
70.1,332.05,2.0388
71.1,263.44,1.8566
72.1,327.2,2.0224
73.1,327.79,1.8536
74.1,294.15,2.0274
75.1,342.4,2.152
76.1,268.37,2.0108
77.11,356.78,2.1898
78.11,283.55,2.0574
79.11,349.88,2.2373
80.11,269.71,1.9668
81.11,308.01,2.1298
82.11,355.2,2.3177
83.11,323.51,2.5597
84.11,222.51,1.9527
85.11,347.42,2.1437
86.12,364.83,2.3192
87.12,290.93,1.9144
88.12,306.22,2.1006
89.12,323.42,2.2206
90.12,342.75,2.4907
91.12,215.37,1.9511
92.12,312.58,2.1283
93.13,360.01,2.3168
94.13,303.61,1.8822
95.13,292.27,2.0865
96.13,370.19,2.268
97.13,274.61,2.0028
98.13,319.33,2.1479
99.13,323.31,1.9131
100.13,308.68,2.1007
101.14,357.59,2.2697
102.14,264.58,1.996
103.14,327.58,2.2659
104.14,363.83,2.3936
105.14,335.39,2.6348
106.14,318.41,2.8575
107.14,319.03,3.0712
108.15,305.31,3.2697
109.15,310.13,3.4664
110.15,317.99,3.7164
111.15,277.71,4.1712
112.15,167.9,4.6654
113.15,104.65,5.1745
114.15,170.08,5.3987
115.15,125.37,5.5539
116.16,129.21,2.7357
117.16,280.91,2.1117
118.16,357.16,2.3169
119.16,348.65,2.5445
120.16,314.08,2.8104
121.16,311.99,3.0613
122.16,305.06,3.3088
123.17,309.57,3.5098
124.17,315.95,3.7601
125.17,230.14,4.2274
126.17,179.05,4.6534
127.17,174.65,4.9598
128.17,119.57,5.0643
129.17,194.3,5.1369
130.17,118.71,1.8856
131.18,294.66,2.1046
132.18,302.23,2.3057
133.18,361.76,2.4727
134.18,341.84,2.7692
135.18,322.99,3.1087
136.18,303.53,3.4723
137.18,302.45,3.7865
138.18,306.28,4.085
139.19,306.6,4.3731
140.19,310.32,4.6361
141.19,304.6,4.9076
142.19,322.73,5.2492
143.19,232.38,5.5774
144.19,120.32,3.8574
145.19,253.07,2.084
146.19,361.47,2.2562
147.2,265.59,1.9833
148.2,329.44,2.1934
149.2,364.25,2.3792
150.2,272.0,2.0317
151.2,361.01,2.2169
152.2,270.35,2.0273
153.2,303.92,2.1643
154.21,267.76,1.9734
155.21,297.05,2.1275
156.21,290.24,1.9778
157.21,360.26,2.1781
158.21,273.07,1.9616
159.21,304.71,2.1181
160.21,291.35,1.9554
161.21,339.07,2.1318
162.21,277.35,2.0471
163.22,321.01,2.3416
164.22,361.6,2.4631
165.22,337.13,2.6679
166.22,320.99,2.9128
167.22,313.77,3.185
168.22,305.19,3.4439
169.22,305.76,3.6776
170.23,306.93,3.8385
171.23,306.37,3.9826
172.23,291.31,4.1254
173.23,253.48,4.2671
174.23,305.29,4.5968
175.23,154.31,4.8429
176.23,181.34,4.9359
177.23,114.38,5.0821
178.24,115.64,3.1757
179.24,271.14,2.1301
180.24,347.92,2.2837
181.24,338.5,2.5311
182.24,331.02,2.7741
183.24,240.83,1.969
184.24,345.08,2.2576
185.25,326.49,2.3819
186.25,346.39,2.7027
187.25,323.66,3.0404
188.25,315.04,3.3862
189.25,304.62,3.7258
190.25,303.28,4.0617
191.25,304.09,4.3804
192.26,309.06,4.7652
193.26,303.59,5.1128
194.26,306.92,5.4423
195.26,309.06,5.736
196.26,304.18,6.038
197.26,302.58,6.3582
198.26,301.86,6.7707
199.27,319.01,7.0496
200.27,302.84,7.1061
201.27,312.57,7.1515
202.27,308.59,7.1519
203.27,313.32,7.1529
204.27,270.19,7.1535
205.27,138.83,7.1536
206.27,146.33,7.1539
207.28,135.49,7.1543
208.28,158.11,7.1543
209.28,106.36,7.1543
210.28,142.28,7.3748
211.28,105.13,7.3748
212.28,102.56,7.3748
213.28,106.06,7.3748
214.29,103.59,7.3748
215.29,133.49,7.3748
216.29,101.42,7.3748
217.29,101.44,7.3748
218.29,101.09,7.3748
219.29,140.43,7.3966
220.29,101.06,7.3966
221.3,100.91,7.3966
222.3,101.28,7.3966
223.3,100.67,7.3966
224.3,101.24,7.3966
225.3,100.87,7.3966
226.3,100.91,7.3966
227.31,134.05,7.3975
228.31,100.91,7.3976
229.31,100.88,7.3976
230.31,103.11,7.3976
231.31,100.99,7.3976
232.31,101.26,7.3976
233.31,101.27,7.3976
234.32,100.88,7.3976
235.32,101.29,7.3976
236.32,133.69,7.3978
237.32,100.6,7.3978
238.32,100.93,7.3978
239.32,100.51,7.3978
240.32,100.63,7.3978
241.33,101.29,7.3978
242.33,101.0,7.3978
243.33,100.99,7.3978
244.33,101.93,7.3978
245.33,137.99,7.5665
246.33,100.97,7.5665
247.34,100.57,7.5665
248.34,100.89,7.5665
249.34,101.26,7.5665
250.34,101.15,7.5665
251.34,101.28,7.5665
252.34,101.1,7.5665
253.34,101.18,7.5665
254.35,101.72,7.6388
255.35,100.87,8.1343
256.35,100.93,8.4725
257.35,171.33,8.7073
258.35,101.49,8.7073
259.35,101.32,8.7073
260.35,100.84,8.7073
261.36,101.57,8.7074
262.36,103.11,8.7074
263.36,100.91,8.7074
264.36,101.27,8.7074
265.36,100.89,8.7074
266.36,101.06,8.7074
267.37,102.08,8.7077
268.37,100.91,8.7077
269.37,101.16,8.7077
270.37,101.3,8.7077
271.37,101.12,8.7077
272.37,102.44,8.7077
273.38,100.87,8.7077
274.38,100.9,8.7077
275.38,101.28,8.7077
276.38,114.4,8.7077
277.38,107.55,8.7079
278.38,100.88,8.7079
279.38,100.69,8.7079
280.38,100.59,8.708
281.39,101.05,8.708
282.39,100.87,8.708
283.39,101.29,8.708
284.39,100.86,8.708
285.39,100.88,8.708
286.39,101.31,8.708
287.39,100.56,8.708
288.4,100.9,8.7081
289.4,101.19,8.7081
290.4,100.94,8.7081
291.4,100.84,8.708
292.4,101.16,8.708
293.4,100.7,8.708
294.4,100.86,8.708
295.41,101.26,8.708
296.41,101.68,8.708
297.41,100.84,8.708
298.41,101.43,8.7081
299.41,101.34,8.7082
300.41,100.93,8.7082
301.41,101.37,8.7082
302.42,101.03,8.7082
303.42,100.79,8.7082
304.42,101.21,8.7082
305.42,100.86,8.7082
306.42,101.21,8.7082
307.42,100.84,8.7082
308.42,101.09,8.7082
309.43,101.57,8.7082
310.43,100.88,8.7082
311.43,100.95,8.7082
312.43,101.47,8.7082
313.43,100.86,8.7082
314.43,101.27,8.7082
315.43,100.88,8.7082
316.44,100.94,8.7082
317.44,101.26,8.7082
318.44,100.83,8.7082
319.44,101.08,8.7082
320.44,102.4,8.7082
321.44,100.9,8.7082
322.45,101.5,8.7082
323.45,100.89,8.7082
324.45,100.84,8.7082
325.45,101.35,8.7082
326.45,101.0,8.7082
327.45,100.87,8.7082
328.45,101.37,8.7082
329.45,101.53,8.7085
330.46,100.87,8.7085
331.46,101.45,8.7085
332.46,101.01,8.7085
333.46,100.88,8.7085
334.46,103.56,8.7086
335.46,100.86,8.7086
336.47,100.94,8.7086
337.47,101.29,8.7086
338.47,101.01,8.7086
339.47,101.52,8.7086
340.47,100.78,8.7086
341.47,101.12,8.7086
342.47,101.48,8.7086
343.48,100.87,8.7086
344.48,101.33,8.7086
345.48,100.88,8.7086
346.48,100.91,8.7086
347.48,101.3,8.7086
348.48,100.86,8.7086
349.48,101.63,8.7087
350.49,101.32,8.7087
351.49,100.94,8.7087
352.49,101.01,8.7087
353.49,101.27,8.7087
354.49,100.87,8.7087
355.49,101.24,8.7087
356.49,101.15,8.7087
357.5,100.83,8.7087
358.5,101.26,8.7087
359.5,100.85,8.7087
360.5,101.29,8.7087
361.5,101.25,8.7087
362.5,101.14,8.7087
363.51,101.28,8.7087
364.51,100.87,8.7087
365.51,100.88,8.7087
366.51,101.53,8.7087
367.51,100.85,8.7087
368.51,100.94,8.7087
369.51,101.28,8.7087
370.52,101.1,8.7089
371.52,101.21,8.7089
372.52,101.61,8.7089
373.52,100.58,8.7089
374.52,100.55,8.7089
375.52,100.96,8.7089
376.52,100.64,8.7089
377.53,100.97,8.7089
378.53,100.57,8.7089
379.53,103.11,8.7089
380.53,101.48,8.7089
381.53,100.77,8.7089
382.53,101.15,8.709
383.54,100.73,8.709
384.54,100.85,8.709
385.54,101.2,8.709
386.54,101.33,8.709
387.54,101.28,8.709
388.54,100.87,8.709
389.54,100.84,8.709
390.55,103.04,8.709
391.55,101.19,8.7091
392.55,101.44,8.7091
393.55,100.9,8.7091
394.55,100.91,8.7091
395.55,101.58,8.7091
396.56,100.91,8.7091
397.56,101.25,8.7091
398.56,100.91,8.7091
399.56,100.87,8.7091
400.56,101.31,8.7091
401.56,101.54,8.7091
402.56,100.92,8.7091
403.57,100.86,8.7091
404.57,100.53,8.7091
405.57,100.95,8.7091
406.57,102.75,8.7091
407.57,100.57,8.7091
408.57,100.96,8.7091
409.58,100.8,8.7091
410.58,101.47,8.7091
411.58,101.49,8.7092
412.58,101.42,8.7092
413.58,101.26,8.7092
414.58,100.84,8.7092
415.59,101.28,8.7092
416.59,100.9,8.7092
417.59,100.83,8.7092
418.59,101.28,8.7092
419.59,100.88,8.7092
420.59,101.3,8.7092
421.59,101.14,8.7146
422.6,101.95,8.7146
423.6,101.01,8.7146
424.6,100.56,8.7146
425.6,101.0,8.7146
426.6,100.62,8.7146
427.6,105.93,8.7164
428.61,101.31,8.7164
429.61,100.86,8.7164
430.61,100.87,8.7164
431.61,101.57,8.7157
432.61,101.14,8.7157
433.61,101.24,8.7157
434.61,100.86,8.7157
435.62,100.62,8.7157
436.62,101.01,8.7157
437.62,100.56,8.7157
438.62,100.92,8.7157
439.62,100.6,8.7157
440.62,100.87,8.7157
441.63,100.98,8.7202
442.63,100.92,8.7538
443.63,105.95,8.7538
444.63,100.5,8.7538
445.63,100.54,8.7538
446.63,101.04,8.7538
447.64,100.63,8.7538
448.64,100.71,8.7538
449.64,101.28,8.7538
450.64,100.88,8.7538
451.64,101.31,8.7538
452.64,101.49,8.7538
453.64,100.88,8.7538
454.65,101.27,8.7538
455.65,100.94,8.7538
456.65,101.35,8.7538
457.65,100.87,8.7538
458.65,100.73,8.7538
459.65,101.29,8.7538
460.65,100.84,8.7538
461.66,100.93,8.7538
462.66,104.9,8.7593
463.66,101.08,8.7899
464.66,101.2,8.79
465.66,100.71,8.79
466.66,101.04,8.79
467.67,101.26,8.79
468.67,100.88,8.79
469.67,101.09,8.79
470.67,100.55,8.79
471.67,100.64,8.79
472.67,101.15,8.79
473.68,100.9,8.79
474.68,101.17,8.79
475.68,100.44,8.79
476.68,101.22,8.79
477.68,100.98,8.79
478.68,100.58,8.79
479.68,100.85,8.79
480.69,101.25,8.79
481.69,100.81,8.7901
482.69,100.97,8.7901
483.69,101.73,8.8248
484.69,100.57,8.8248
485.69,100.97,8.8248
486.69,100.64,8.8248
487.7,100.58,8.8248
488.7,101.04,8.8248
489.7,100.57,8.8248
490.7,100.94,8.8248
491.7,102.39,8.8248
492.7,103.03,8.8248
493.71,101.3,8.8248
494.71,101.02,8.8248
495.71,100.57,8.8248
496.71,101.15,8.8248
497.71,100.83,8.8248
498.71,101.26,8.8248
499.71,100.72,8.8248
500.72,100.56,8.8248
501.72,101.53,8.8248
502.72,100.79,8.8248
503.72,100.99,8.8248
504.72,100.74,8.8556
505.72,100.56,8.8556
506.73,101.16,8.8556
507.73,100.57,8.8556
508.73,100.8,8.8556
509.73,103.09,8.8556
510.73,100.85,8.8556
511.73,101.49,8.8556
512.73,101.02,8.8556
513.74,100.88,8.8556
514.74,101.35,8.8556
515.74,101.07,8.8558
516.74,100.64,8.8558
517.74,101.02,8.8558
518.74,100.68,8.8558
519.74,100.55,8.8558
520.75,100.93,8.8558
521.75,100.62,8.8558
522.75,100.68,8.8558
523.75,100.99,8.8558
524.75,100.54,8.8558
525.75,100.86,8.8836
526.75,101.05,8.8836
527.76,100.85,8.8836
528.76,101.3,8.8836
529.76,100.88,8.8836
530.76,100.87,8.8836
531.76,102.35,8.8836
532.76,101.06,8.8836
533.77,101.18,8.8836
534.77,101.24,8.8836
535.77,100.86,8.8836
536.77,101.54,8.8836
537.77,101.3,8.8836
538.77,105.36,8.8836
539.77,100.95,8.8836
540.78,100.52,8.8836
541.78,100.99,8.8836
542.78,100.76,8.8836
543.78,100.87,8.8836
544.78,101.26,8.8836
545.78,100.86,8.8836
546.79,101.35,8.8897
547.79,100.69,8.8897
548.79,101.16,8.8897
549.79,101.26,8.8897
550.79,100.87,8.8898
551.79,102.93,8.8898
552.8,101.11,8.8898
553.8,100.84,8.8898
554.8,101.25,8.8898
555.8,105.97,8.8898
556.8,101.28,8.8898
557.8,101.22,8.8899
558.8,101.24,8.8899
559.81,101.25,8.8899
560.81,100.6,8.8899
561.81,101.0,8.8899
562.81,100.76,8.8899
563.81,100.55,8.8899
564.81,100.93,8.8899
565.82,100.54,8.8899
566.82,101.14,8.8899
567.82,101.48,8.8899
568.82,100.95,8.8899
569.82,101.25,8.8899
570.82,100.84,8.8899
571.82,101.0,8.8899
572.83,101.06,8.8899
573.83,100.76,8.8899
574.83,100.85,8.8899
575.83,101.28,8.8899
576.83,100.73,8.8899
577.83,100.98,8.8899
578.84,100.89,8.8899
579.84,100.86,8.8899
580.84,101.26,8.8899
581.84,100.85,8.8899
582.84,101.68,8.8899
583.84,100.85,8.8899
584.84,100.84,8.8899
585.85,101.33,8.8899
586.85,100.91,8.8899
587.85,100.86,8.8899
588.85,101.49,8.8899
589.85,100.91,8.8899
590.85,100.85,8.8899
591.85,101.32,8.8899
592.86,101.01,8.8899
593.86,101.28,8.8899
594.86,100.83,8.8899
595.86,100.86,8.8899
596.86,101.41,8.8901
597.86,100.96,8.8901
598.86,100.84,8.8901
599.87,101.42,8.8901
600.87,101.09,8.8901
601.87,101.32,8.8901
602.87,101.03,8.8901
603.87,100.84,8.8901
604.87,101.25,8.8901
605.88,100.86,8.8901
606.88,101.42,8.8901
607.88,100.86,8.8901
608.88,100.9,8.8901
609.88,101.25,8.8901
610.88,100.89,8.8902
611.89,101.3,8.8902
612.89,101.2,8.8902
613.89,100.68,8.8902
614.89,101.16,8.8902
615.89,100.5,8.8902
616.89,101.24,8.8902
617.89,100.53,8.8902
618.9,100.55,8.8902
619.9,100.94,8.8902
620.9,100.7,8.8902
621.9,101.12,8.8902
622.9,101.65,8.8902
623.9,100.55,8.8902
624.91,101.21,8.8902
625.91,100.75,8.8902
626.91,100.6,8.8902
627.91,100.97,8.8902
628.91,100.81,8.8902
629.91,100.96,8.8902
630.91,100.55,8.8902
631.92,100.62,8.8902
632.92,101.89,8.8902
633.92,100.76,8.8902
634.92,101.19,8.8902
635.92,100.8,8.8902
636.92,100.91,8.8902
637.93,101.21,8.8902
638.93,100.88,8.8902
639.93,101.22,8.8902
640.93,105.25,8.8902
641.93,100.8,8.8902
642.93,103.16,8.8902
643.94,100.76,8.8902
644.94,100.77,8.8902
645.94,101.17,8.8902
646.94,100.97,8.8902
647.94,101.21,8.8902
648.94,100.81,8.8902
649.94,100.84,8.8902
650.95,101.24,8.8902
651.95,100.86,8.8902
652.95,101.44,8.8902
653.95,103.11,8.8902
654.95,100.81,8.8902
655.95,101.29,8.8902
656.95,100.87,8.8902
657.96,100.85,8.8902
658.96,101.22,8.8902
659.96,100.78,8.8902
660.96,101.22,8.8902
661.96,100.85,8.8902
662.96,100.97,8.8902
663.97,101.28,8.8902
664.97,100.97,8.8902
665.97,100.55,8.8902
666.97,101.1,8.8901
667.97,100.71,8.8901
668.97,100.88,8.8901
669.97,101.12,8.8901
670.97,100.52,8.8901
671.98,100.55,8.8901
672.98,101.31,8.8902
673.98,100.81,8.8902
674.98,100.8,8.8902
675.98,101.43,8.8905
676.98,100.86,8.8905
677.99,101.18,8.8905
678.99,100.57,8.8905
679.99,100.8,8.8905
680.99,100.99,8.8905
681.99,100.6,8.8905
682.99,101.15,8.8905
683.99,100.84,8.8906
685.0,100.79,8.8906
686.0,101.2,8.8906
687.0,101.2,8.8906
688.0,101.21,8.8906
689.0,100.81,8.8906
690.0,100.78,8.8906
691.01,101.18,8.8906
692.01,100.87,8.8906
693.01,101.34,8.8906
694.01,100.78,8.8906
695.01,100.79,8.8906
696.01,101.24,8.8906
697.01,100.85,8.8906
698.02,100.99,8.8906
699.02,101.33,8.8906
700.02,100.77,8.8906
701.02,100.53,8.8906
702.02,100.98,8.8906
703.02,100.64,8.8906
704.03,100.91,8.8906
705.03,100.5,8.8906
706.03,100.54,8.8906
707.03,100.98,8.8906
708.03,100.88,8.8906
709.03,101.2,8.8906
710.03,100.76,8.8906
711.04,100.8,8.8906
712.04,101.33,8.8906
713.04,100.93,8.8906
714.04,100.81,8.8906
715.04,101.28,8.8906
716.04,100.72,8.8906
717.04,100.89,8.8906
718.05,101.3,8.8906
719.05,101.4,8.8906
720.05,100.75,8.8906
721.05,101.23,8.8906
722.05,100.86,8.8906
723.05,100.98,8.8906
724.05,100.89,8.8906
725.06,100.8,8.8906
726.06,101.22,8.8906
727.06,100.83,8.8906
728.06,100.96,8.8906
729.06,101.26,8.8905
730.06,101.08,8.8906
731.06,100.8,8.8906
732.07,101.51,8.8907
733.07,100.97,8.8907
734.07,100.79,8.8907
735.07,101.28,8.8907
736.07,100.81,8.8907
737.07,100.87,8.8907
738.07,101.3,8.8907
739.07,100.81,8.8907
740.08,101.04,8.8907
741.08,101.28,8.8907
742.08,100.86,8.8907
743.08,100.94,8.8907
744.08,101.21,8.8907
745.08,100.63,8.8907
746.08,100.64,8.8907
747.09,101.11,8.8907
748.09,100.68,8.8907
749.09,101.09,8.8907
750.09,100.56,8.8907
751.09,100.89,8.8907
752.09,101.24,8.8907
753.1,100.88,8.8907
754.1,100.52,8.8907
755.1,100.95,8.8907
756.1,100.78,8.8907
757.1,101.14,8.8907
758.1,100.6,8.8907
759.1,100.54,8.8907
760.11,100.97,8.8907
761.11,100.52,8.8907
762.11,100.79,8.8907
763.11,101.1,8.8907
764.11,100.61,8.8907
765.11,100.8,8.8907
766.11,101.22,8.8907
767.12,100.84,8.8907
768.12,101.25,8.8907
769.12,100.8,8.8907
770.12,100.79,8.8907
771.12,101.2,8.8907
772.12,100.83,8.8907
773.13,101.32,8.8907
774.13,100.67,8.8907
775.13,100.53,8.8907
776.13,101.19,8.8907
777.13,100.86,8.8907
778.13,101.22,8.8907
779.13,100.77,8.8907
780.14,100.79,8.8907
781.14,101.19,8.8907
782.14,100.84,8.8907
783.14,101.55,8.8907
784.14,101.2,8.8907
785.14,100.78,8.8907
786.15,101.21,8.8907
787.15,100.84,8.8907
788.15,100.94,8.8907
789.15,101.21,8.8907
790.15,100.78,8.8907
791.15,100.8,8.8907
792.15,101.31,8.8906
793.15,100.94,8.8906
794.16,101.44,8.8907
795.16,101.28,8.8909
796.16,100.79,8.8909
797.16,100.83,8.8909
798.16,101.2,8.8909
799.16,100.79,8.8909
800.17,101.19,8.8909
801.17,100.75,8.8909
802.17,100.85,8.8909
803.17,101.39,8.8909
804.17,100.82,8.8909
805.17,100.8,8.8909
806.17,101.18,8.8909
807.17,100.83,8.8909
808.18,100.96,8.8909
809.18,101.19,8.8909
810.18,100.73,8.8909
811.18,101.16,8.8909
812.18,100.72,8.8909
813.18,100.74,8.8909
814.19,101.2,8.8909
815.19,101.0,8.8911
816.19,100.78,8.8911
817.19,101.15,8.8911
818.19,100.83,8.8911
819.19,101.2,8.8911
820.19,100.8,8.8911
821.2,100.79,8.8911
822.2,101.07,8.8911
823.2,101.8,8.8911
824.2,100.58,8.8911
825.2,101.13,8.8911
826.2,101.01,8.8911
827.2,100.81,8.8911
828.21,101.21,8.8911
829.21,100.78,8.8911
830.21,101.19,8.8911
831.21,100.85,8.8911
832.21,100.87,8.8911
833.21,101.48,8.8911
834.22,100.74,8.8911
835.22,100.78,8.8911
836.22,101.18,8.8911
837.22,100.89,8.8911
838.22,101.44,8.8911
839.22,100.78,8.8911
840.22,100.8,8.8911
841.23,101.19,8.8911
842.23,100.84,8.8911
843.23,101.47,8.8911
844.23,101.0,8.8911
845.23,100.78,8.8911
846.23,101.54,8.8911
847.23,100.79,8.8911
848.24,100.93,8.8911
849.24,101.35,8.8912
850.24,100.81,8.8912
851.24,101.29,8.8912
852.24,100.78,8.8912
853.24,100.99,8.8912
854.25,101.25,8.8912
855.25,100.77,8.8912
856.25,100.86,8.8912
857.25,101.19,8.8913
858.25,100.81,8.8913
859.25,100.84,8.8914
860.25,101.95,8.8914
861.26,100.88,8.8915
862.26,101.56,8.8915
863.26,100.8,8.8915
864.26,100.79,8.8914
865.26,100.86,8.8914
866.26,100.77,8.8914
867.26,100.8,8.8914
868.27,101.21,8.8914
869.27,100.8,8.8914
870.27,101.02,8.8914
871.27,101.89,8.8915
872.27,100.68,8.8915
873.27,100.94,8.8915
874.27,100.46,8.8915
875.28,100.7,8.8915
876.28,101.24,8.8915
877.28,100.7,8.8915
878.28,101.04,8.8915
879.28,100.5,8.8915
880.28,100.62,8.8915
881.29,101.15,8.8915
882.29,100.99,8.8916
883.29,100.58,8.8917
884.29,101.18,8.8917
885.29,100.79,8.8917
886.29,100.84,8.8917
887.29,101.18,8.8917
888.3,100.63,8.8917
889.3,101.13,8.8917
890.3,100.8,8.8917
891.3,100.88,8.8917
892.3,101.47,8.8917
893.3,101.07,8.8917
894.3,100.82,8.8917
895.31,100.94,8.8917
896.31,100.61,8.8917
897.31,101.03,8.8917
898.31,100.9,8.8917
899.31,100.87,8.8917
900.31,101.27,8.8917
901.32,101.76,8.8917
902.32,101.47,8.8917
903.32,100.87,8.8916
904.32,100.84,8.8916
905.32,101.54,8.8917
906.32,100.92,8.8916
907.32,100.9,8.8918
908.33,159.74,4.3355
909.33,245.43,2.0613
910.33,307.58,2.1928
911.33,275.97,2.0873
912.33,331.5,2.2132
913.33,279.06,2.0645
914.33,326.17,2.2495
915.34,357.06,2.4396
916.34,323.09,2.6994
917.34,309.32,2.9687
918.34,321.28,3.1803
919.34,218.0,1.9747
920.34,335.25,2.2493
921.34,341.8,2.4009
922.35,354.86,2.6006
923.35,346.78,2.9488
924.35,320.78,3.2774
925.35,314.96,3.5834
926.35,303.46,3.8348
927.35,309.86,4.0741
928.35,304.31,4.4124
929.35,302.04,4.6009
930.36,302.31,4.8265
931.36,306.44,5.0362
932.36,301.2,5.1921
933.36,303.23,5.3418
934.36,289.85,5.5288
935.36,197.27,5.7863
936.36,126.32,5.9396
937.37,171.48,6.1725
938.37,282.49,6.3544
939.37,148.93,6.4147
940.37,175.06,6.4711
941.37,159.96,6.5141
942.37,105.59,6.5405
943.37,102.06,6.5651
944.37,126.6,6.5982
945.38,133.12,6.6251
946.38,103.53,6.6559
947.38,100.42,6.684
948.38,100.64,6.7112
949.38,101.8,6.7385
950.38,100.57,6.7631
951.39,101.06,6.7924
952.39,101.28,6.82
953.39,100.58,6.8468
954.39,144.33,7.0191
955.39,100.68,7.0191
956.39,100.6,7.0191
957.39,101.6,7.0407
958.39,101.11,7.0713
959.4,100.68,7.0713
960.4,100.47,7.0713
961.4,102.06,7.0713
962.4,100.59,7.0713
963.4,100.83,7.0713
964.4,113.95,7.0713
965.4,100.83,7.0713
966.41,101.25,7.0713
967.41,100.71,7.0713
968.41,101.2,7.0713
969.41,101.91,7.0713
970.41,137.81,7.0713
971.41,101.4,7.0713
972.42,102.06,7.0713
973.42,103.76,7.0713
974.42,100.93,7.0713
975.42,100.43,7.0713
976.42,103.56,7.0713
977.42,100.46,7.0713
978.42,100.53,7.0713
979.43,100.94,7.0713
980.43,100.54,7.0713
981.43,100.65,7.0713
982.43,101.44,7.0712
983.43,100.71,7.0712
984.43,100.7,7.0712
985.43,101.06,7.0712
986.44,106.78,7.0712
987.44,101.06,7.0713
988.44,102.75,7.0712
989.44,100.58,7.0712
990.44,100.93,7.0712
991.44,101.16,7.0712
992.44,100.91,7.0713
993.45,101.04,7.0713
994.45,100.61,7.0713
995.45,101.12,7.0713
996.45,100.8,7.0713
997.45,100.78,7.0713
998.45,101.22,7.0713
999.46,100.49,7.0713
1000.46,100.62,7.0713
1001.46,101.18,7.0713
1002.46,101.07,7.0713
1003.46,101.21,7.0715
1004.46,100.74,7.0715
1005.46,100.54,7.0715
1006.47,101.35,7.0715
1007.47,100.79,7.0715
1008.47,101.28,7.0715
1009.47,101.25,7.0715
1010.47,100.83,7.0715
1011.47,100.89,7.0713
1012.47,103.15,7.0713
1013.47,100.87,7.0713
1014.48,102.37,7.0713
1015.48,101.49,7.0713
1016.48,100.73,7.0713
1017.48,101.11,7.0713
1018.48,125.1,7.0713
1019.48,172.78,1.9799
1020.48,339.79,2.2603
1021.49,342.31,2.4165
1022.49,353.17,2.6012
1023.49,350.19,2.8651
1024.49,332.75,3.1307
1025.49,321.42,3.4207
1026.49,307.31,3.6941
1027.49,304.59,3.9126
1028.49,306.84,4.2301
1029.5,302.87,4.4215
1030.5,303.8,4.5832
1031.5,302.16,4.7891
1032.5,305.63,4.9604
1033.5,296.93,5.0677
1034.5,299.21,5.1862
1035.51,257.78,5.2943
1036.51,207.4,5.4363
1037.51,175.79,5.577
1038.51,148.87,5.7552
1039.51,127.31,5.8246
1040.51,155.0,5.9297
1041.51,143.38,6.0303
1042.51,246.83,6.159
1043.52,269.07,6.4634
1044.52,313.17,6.7745
1045.52,323.19,7.1052
1046.52,276.33,7.1347
1047.52,206.75,2.0203
1048.52,278.31,2.1118
1049.53,352.03,2.2687
1050.53,277.15,1.9568
1051.53,334.46,2.1434
1052.53,377.39,2.3586
1053.53,266.46,2.0266
1054.53,328.17,2.3075
1055.53,329.05,2.5248
1056.53,348.33,2.701
1057.54,349.54,2.9353
1058.54,333.97,3.1668
1059.54,313.6,3.3743
1060.54,304.73,3.577
1061.54,307.77,3.7459
1062.54,305.28,3.8759
1063.54,305.84,4.0552
1064.55,305.03,4.2381
1065.55,310.98,4.4395
1066.55,303.08,4.6948
1067.55,251.8,5.1358
1068.55,146.4,5.6328
1069.55,112.45,6.1513
1070.55,125.48,6.6728
1071.56,170.31,7.1619
1072.56,203.79,7.2303
1073.56,111.25,7.262
1074.56,100.76,7.262
1075.56,120.82,7.262
1076.56,133.32,7.262
1077.57,104.79,7.262
1078.57,140.81,7.262
1079.57,100.75,7.262
1080.57,134.68,7.4399
1081.57,104.91,7.4399
1082.57,101.72,7.4399
1083.57,100.8,7.4399
1084.58,100.71,7.4399
1085.58,101.12,7.4399
1086.58,100.81,7.4399
1087.58,135.32,7.4415
1088.58,101.68,7.4415
1089.58,101.1,7.4415
1090.59,101.31,7.4415
1091.59,100.54,7.4415
1092.59,100.91,7.4415
1093.59,101.03,7.4415
1094.59,100.59,7.4415
1095.59,129.95,7.4419
1096.59,100.95,7.4419
1097.6,100.84,7.4419
1098.6,101.36,7.4419
1099.6,100.81,7.4419
1100.6,100.8,7.4419
1101.6,101.27,7.4419
1102.6,128.03,7.4419
1103.61,101.25,7.4419
1104.61,100.77,7.4419
1105.61,100.8,7.4419
1106.61,101.3,7.4419
1107.61,100.79,7.4419
1108.61,100.82,7.4419
1109.61,101.55,7.4419
1110.62,134.57,7.6189
1111.62,101.23,7.6189
1112.62,100.75,7.6189
1113.62,100.53,7.6189
1114.62,100.96,7.6189
1115.62,100.51,7.6189
1116.62,100.54,7.6189
1117.63,100.98,7.6189
1118.63,100.68,8.1212
1119.63,103.41,8.5316
1120.63,164.54,8.7012
1121.63,100.82,8.7012
1122.63,101.29,8.7012
1123.64,100.73,8.7012
1124.64,100.77,8.7012
1125.64,101.16,8.7012
1126.64,100.82,8.7012
1127.64,101.21,8.7012
1128.64,100.77,8.7012
1129.64,103.99,8.7012
1130.65,101.39,8.7014
1131.65,100.78,8.7014
1132.65,101.16,8.7014
1133.65,101.26,8.7014
1134.65,100.8,8.7014
1135.65,100.79,8.7014
1136.65,101.33,8.7014
1137.65,100.9,8.7014
1138.66,100.8,8.7014
1139.66,101.54,8.7014
1140.66,103.93,8.7014
1141.66,100.91,8.7014
1142.66,101.24,8.7014
1143.66,101.15,8.7014
1144.66,101.06,8.7014
1145.67,101.21,8.7014
1146.67,100.85,8.7014
1147.67,100.8,8.7014
1148.67,101.7,8.7015
1149.67,100.79,8.7015
1150.67,101.18,8.7015
1151.68,100.87,8.7015
1152.68,100.93,8.7015
1153.68,101.29,8.7015
1154.68,100.94,8.7015
1155.68,100.64,8.7015
1156.68,103.25,8.7015
1157.68,101.05,8.7016
1158.68,100.79,8.7016
1159.69,102.39,8.7016
1160.69,100.77,8.7016
1161.69,101.23,8.7016
1162.69,101.03,8.7016
1163.69,100.85,8.7016
1164.69,100.94,8.7016
1165.69,100.55,8.7016
1166.7,101.07,8.7018
1167.7,101.04,8.7018
1168.7,100.83,8.7018
1169.7,101.21,8.7018
1170.7,100.83,8.7018
1171.7,100.84,8.7018
1172.71,101.82,8.7018
1173.71,100.79,8.7018
1174.71,101.18,8.7018
1175.71,100.79,8.7018
1176.71,101.06,8.7018
1177.71,101.19,8.7018
1178.72,100.8,8.7018
1179.72,100.78,8.7018
1180.72,101.2,8.7018
1181.72,100.86,8.7018
1182.72,101.43,8.7018
1183.72,100.81,8.7019
1184.72,100.75,8.7019
1185.73,101.35,8.7019
1186.73,100.84,8.7019
1187.73,101.22,8.7019
1188.73,100.76,8.7019
1189.73,100.78,8.7019
1190.73,101.19,8.7019
1191.74,104.1,8.7019
1192.74,100.91,8.7019
1193.74,100.95,8.7019
1194.74,101.59,8.7019
1195.74,101.2,8.7019
1196.74,100.86,8.7019
1197.74,100.81,8.7019
1198.75,101.19,8.7019
1199.75,100.77,8.7019
1200.75,101.19,8.7019
1201.75,100.83,8.7019
1202.75,104.36,8.7019
1203.75,101.4,8.7019
1204.76,100.82,8.7019
1205.76,101.16,8.7019
1206.76,101.52,8.7019
1207.76,100.78,8.7019
1208.76,101.69,8.7019
1209.76,100.79,8.7019
1210.77,101.2,8.7019
1211.77,101.19,8.7021
1212.77,101.25,8.7021
1213.77,101.22,8.7021
1214.77,100.8,8.7021
1215.77,101.24,8.7021
1216.77,100.84,8.7021
1217.78,100.8,8.7021
1218.78,101.11,8.7021
1219.78,100.75,8.7021
1220.78,100.97,8.7024
1221.78,101.38,8.7024
1222.78,101.27,8.7024
1223.79,101.23,8.7024
1224.79,101.07,8.7024
1225.79,100.8,8.7024
1226.79,101.69,8.7024
1227.79,100.77,8.7024
1228.79,100.79,8.7024
1229.79,101.48,8.7024
1230.79,100.65,8.7024
1231.8,100.61,8.7024
1232.8,101.06,8.7024
1233.8,100.55,8.7024
1234.8,100.94,8.7024
1235.8,100.56,8.7024
1236.8,100.61,8.7024
1237.81,100.96,8.7024
1238.81,100.89,8.7025
1239.81,101.03,8.7025
1240.81,100.77,8.7025
1241.81,100.86,8.7025
1242.81,101.31,8.7025
1243.82,100.55,8.7025
1244.82,100.95,8.7025
1245.82,100.52,8.7025
1246.82,101.18,8.7025
1247.82,101.34,8.7025
1248.82,100.75,8.7025
1249.83,101.15,8.7025
1250.83,100.72,8.7025
1251.83,101.19,8.7025
1252.83,101.88,8.7025
1253.83,101.09,8.7025
1254.83,100.8,8.7025
1255.83,101.18,8.7025
1256.84,101.19,8.7026
1257.84,103.75,8.7025
1258.84,100.75,8.7025
1259.84,100.76,8.7025
1260.84,101.17,8.7025
1261.84,101.13,8.7025
1262.85,101.97,8.7025
1263.85,100.73,8.7025
1264.85,100.81,8.7027
1265.85,101.09,8.7027
1266.85,102.1,8.7071
1267.85,101.25,8.7071
1268.85,100.86,8.7071
1269.86,100.8,8.7071
1270.86,101.18,8.7071
1271.86,100.98,8.7071
1272.86,101.45,8.7071
1273.86,100.78,8.7071
1274.86,101.52,8.7071
1275.87,101.17,8.7071
1276.87,101.18,8.7071
1277.87,100.56,8.7072
1278.87,100.93,8.7072
1279.87,100.75,8.7072
1280.87,101.17,8.7072
1281.87,100.84,8.7072
1282.88,101.77,8.7072
1283.88,101.32,8.7492
1284.88,100.48,8.7492
1285.88,100.9,8.7492
1286.88,101.18,8.7492
1287.88,100.56,8.7492
1288.89,101.15,8.7492
1289.89,100.52,8.7492
1290.89,100.97,8.7492
1291.89,100.71,8.7492
1292.89,100.95,8.7492
1293.89,101.38,8.7492
1294.89,100.77,8.7492
1295.9,100.89,8.7492
1296.9,100.84,8.7492
1297.9,101.19,8.7492
1298.9,100.85,8.7492
1299.9,101.18,8.7492
1300.9,100.78,8.7492
1301.9,100.82,8.7492
1302.91,101.47,8.789
1303.91,100.77,8.789
1304.91,101.17,8.789
1305.91,100.78,8.789
1306.91,100.84,8.789
1307.91,101.24,8.789
1308.91,100.78,8.789
1309.92,100.83,8.789
1310.92,101.21,8.789
1311.92,100.83,8.789
1312.92,101.07,8.7891
1313.92,101.42,8.7891
1314.92,100.78,8.7891
1315.92,100.79,8.7891
1316.93,101.3,8.7891
1317.93,100.65,8.7891
1318.93,100.78,8.7891
1319.93,101.25,8.7891
1320.93,100.79,8.7891
1321.93,101.06,8.8261
1322.93,101.35,8.8261
1323.93,100.77,8.8261
1324.94,100.75,8.8261
1325.94,101.24,8.8261
1326.94,100.82,8.8261
1327.94,100.7,8.8261
1328.94,101.18,8.8261
1329.94,100.55,8.8261
1330.95,100.95,8.8261
1331.95,100.83,8.8261
1332.95,100.65,8.8261
1333.95,100.93,8.8261
1334.95,100.52,8.8261
1335.95,101.28,8.8261
1336.95,100.57,8.8261
1337.96,100.51,8.8261
1338.96,101.0,8.8261
1339.96,100.53,8.8261
1340.96,100.76,8.8594
1341.96,101.05,8.8594
1342.96,100.65,8.8594
1343.96,100.54,8.8594
1344.97,101.25,8.8594
1345.97,100.83,8.8594
1346.97,100.89,8.8594
1347.97,101.08,8.8594
1348.97,100.76,8.8594
1349.97,101.53,8.8594
1350.97,101.17,8.8594
1351.98,100.83,8.8595
1352.98,101.29,8.8595
1353.98,100.78,8.8595
1354.98,101.17,8.8595
1355.98,101.21,8.8595
1356.98,100.84,8.8595
1357.99,124.61,8.8595
1358.99,101.11,8.8903
1359.99,100.79,8.8903
1360.99,102.85,8.8903
1361.99,102.56,8.8903
1362.99,100.87,8.8903
1363.99,101.24,8.8903
1364.99,100.78,8.8903
1366.0,100.55,8.8903
1367.0,101.0,8.8903
1368.0,100.75,8.8903
1369.0,101.15,8.8903
1370.0,100.75,8.8904
1371.0,100.78,8.8904
1372.01,101.21,8.8904
1373.01,101.44,8.8904
1374.01,101.17,8.8904
1375.01,100.76,8.8904
1376.01,100.8,8.8904
1377.01,100.95,8.8904
1378.02,100.96,8.8971
1379.02,100.71,8.8971
1380.02,100.91,8.8971
1381.02,100.46,8.8971
1382.02,100.9,8.8971
1383.02,100.59,8.8971
1384.02,100.49,8.8971
1385.03,100.88,8.8971
1386.03,100.51,8.8971
1387.03,100.95,8.8971
1388.03,100.99,8.8972
1389.03,101.29,8.8971
1390.03,101.18,8.897
1391.04,100.77,8.897
1392.04,101.17,8.8969
1393.04,100.62,8.8969
1394.04,100.59,8.8971
1395.04,100.92,8.8969
1396.04,100.64,8.8969
1397.04,100.74,8.8971
1398.05,101.23,8.8972
1399.05,100.76,8.8971
1400.05,101.17,8.8971
1401.05,100.76,8.8971
1402.05,100.55,8.8971
1403.05,101.08,8.8971
1404.05,100.63,8.8971
1405.06,100.72,8.8971
1406.06,100.94,8.8971
1407.06,100.8,8.8973
1408.06,101.14,8.8972
1409.06,100.76,8.8972
1410.06,100.78,8.8972
1411.07,101.18,8.8972
1412.07,100.82,8.8972
1413.07,101.4,8.8972
1414.07,101.16,8.8972
1415.07,100.76,8.8972
1416.07,101.18,8.8973
1417.08,101.09,8.8972
1418.08,100.81,8.8972
1419.08,101.15,8.8972
1420.08,100.75,8.8972
1421.08,101.2,8.8972
1422.08,100.83,8.8972
1423.08,100.87,8.8972
1424.09,101.16,8.8972
1425.09,100.76,8.8972
1426.09,101.94,8.8974
1427.09,100.82,8.8973
1428.09,100.78,8.8973
1429.09,101.17,8.8973
1430.1,100.77,8.8973
1431.1,101.18,8.8973
1432.1,100.81,8.8973
1433.1,100.89,8.8973
1434.1,101.19,8.8973
1435.1,100.79,8.8973
1436.11,101.42,8.8973
1437.11,101.89,8.8973
1438.11,100.78,8.8974
1439.11,101.2,8.8974
1440.11,100.79,8.8974
1441.11,100.98,8.8974
1442.11,100.64,8.8974
1443.12,100.88,8.8972
1444.12,101.22,8.8972
1445.12,101.02,8.8974
1446.12,100.81,8.8975
1447.12,101.24,8.8974
1448.12,100.74,8.8974
1449.12,100.78,8.8974
1450.13,101.18,8.8974
1451.13,100.76,8.8974
1452.13,101.24,8.8974
1453.13,100.91,8.8974
1454.13,100.78,8.8974
1455.13,101.37,8.8976
1456.14,100.76,8.8974
1457.14,101.09,8.8974
1458.14,100.77,8.8974
1459.14,100.55,8.8974
1460.14,101.16,8.8974
1461.14,100.76,8.8974
1462.15,100.97,8.8974
1463.15,100.58,8.8975
1464.15,100.86,8.8975
1465.15,101.14,8.8975
1466.15,100.46,8.8975
1467.15,100.92,8.8975
1468.15,100.5,8.8975
1469.16,100.63,8.8975
1470.16,101.09,8.8974
1471.16,100.73,8.8974
1472.16,100.83,8.8974
1473.16,101.35,8.8974
1474.16,101.01,8.8976
1475.16,100.79,8.8975
1476.17,101.26,8.8975
1477.17,100.84,8.8975
1478.17,100.84,8.8974
1479.17,101.24,8.8974
1480.17,100.76,8.8974
1481.17,100.63,8.8975
1482.17,100.92,8.8975
1483.17,101.07,8.8976
1484.18,100.77,8.8975
1485.18,101.18,8.8975
1486.18,100.77,8.8975
1487.18,101.22,8.8975
1488.18,100.76,8.8975
1489.18,100.77,8.8977
1490.19,101.17,8.8975
1491.19,102.01,8.8975
1492.19,100.83,8.8975
1493.19,101.63,8.8977
1494.19,100.86,8.8977
1495.19,100.79,8.8976
1496.19,101.19,8.8976
1497.2,100.84,8.8976
1498.2,100.77,8.8976
1499.2,101.21,8.8976
1500.2,100.79,8.8976
1501.2,101.24,8.8976
1502.2,101.57,8.8978
1503.2,100.96,8.8976
1504.21,101.15,8.8976
1505.21,100.68,8.8976
1506.21,100.92,8.8976
1507.21,100.54,8.8976
1508.21,100.56,8.8976
1509.21,100.91,8.8976
1510.22,100.49,8.8976
1511.22,101.03,8.8976
1512.22,100.73,8.8977
1513.22,100.69,8.8976
1514.22,101.12,8.8976
1515.22,100.76,8.8976
1516.22,100.76,8.8976
1517.23,101.05,8.8976
1518.23,100.75,8.8976
1519.23,101.17,8.8977
1520.23,100.77,8.8977
1521.23,101.76,8.8979
1522.23,101.11,8.8979
1523.24,100.6,8.8979
1524.24,100.49,8.8979
1525.24,100.89,8.8979
1526.24,100.56,8.8979
1527.24,100.89,8.8979
1528.24,100.67,8.8979
1529.24,100.78,8.8979
1530.25,101.26,8.8978
1531.25,101.08,8.8979
1532.25,100.77,8.8978
1533.25,101.36,8.8978
1534.25,100.77,8.8978
1535.25,100.77,8.8977
1536.25,101.31,8.8978
1537.25,100.78,8.8978
1538.26,100.82,8.8977
1539.26,101.2,8.8977
1540.26,100.76,8.8978
1541.26,101.04,8.8979
1542.26,101.34,8.8978
1543.26,100.76,8.8978
1544.26,100.73,8.8978
1545.27,101.17,8.8978
1546.27,100.84,8.8979
1547.27,100.78,8.8978
1548.27,101.15,8.8978
1549.27,100.79,8.8979
1550.27,101.02,8.898
1551.27,101.24,8.898
1552.28,100.9,8.8978
1553.28,101.17,8.8978
1554.28,100.75,8.8978
1555.28,100.75,8.8978
1556.28,101.31,8.898
1557.28,100.79,8.8978
1558.28,100.73,8.8978
1559.29,101.17,8.8978
1560.29,101.0,8.898
1561.29,101.23,8.898
1562.29,100.96,8.8979
1563.29,100.74,8.898
1564.29,101.17,8.898
1565.3,100.76,8.898
1566.3,100.7,8.898
1567.3,101.19,8.898
1568.3,100.82,8.898
1569.3,101.08,8.898
1570.3,101.57,8.8983
1571.3,100.83,8.8983
1572.31,101.32,8.8983
1573.31,100.77,8.8983
1574.31,100.76,8.8983
1575.31,101.26,8.8983
1576.31,100.81,8.8983
1577.31,100.8,8.8983
1578.31,101.15,8.8983
1579.32,100.99,8.8985
1580.32,101.18,8.8985
1581.32,101.59,8.8986
1582.32,100.87,8.8985
1583.32,101.17,8.8985
1584.32,100.77,8.8986
1585.32,100.71,8.8986
1586.33,101.23,8.8986
1587.33,100.78,8.8985
1588.33,101.42,8.8985
1589.33,100.83,8.8986
1590.33,100.78,8.8986
1591.33,102.73,8.8986
1592.34,100.89,8.8986
1593.34,101.15,8.8986
1594.34,100.76,8.8986
1595.34,100.79,8.8986
1596.34,101.23,8.8986
1597.34,100.76,8.8986
1598.35,101.23,8.8986
1599.35,100.75,8.8986
1600.35,100.64,8.8986
1601.35,101.02,8.8986
1602.35,100.86,8.8986
1603.35,100.76,8.8986
1604.35,101.15,8.8986
1605.36,100.76,8.8986
1606.36,101.51,8.8986
1607.36,100.76,8.8986
1608.36,100.82,8.8986
1609.36,100.87,8.8986
1610.36,100.56,8.8986
1611.36,100.55,8.8986
1612.37,101.06,8.8986
1613.37,100.49,8.8986
1614.37,100.88,8.8986
1615.37,100.49,8.8986
1616.37,100.7,8.8986
1617.37,101.15,8.8986
1618.38,100.98,8.8988
1619.38,101.16,8.8987
1620.38,100.76,8.8987
1621.38,100.81,8.8987
1622.38,101.07,8.8987
1623.38,100.76,8.8987
1624.39,101.17,8.8987
1625.39,100.64,8.8987
1626.39,100.82,8.8987
1627.39,101.15,8.8987
1628.39,101.02,8.8989
1629.39,100.49,8.8989
1630.39,100.91,8.8989
1631.4,100.55,8.8989
1632.4,100.78,8.8989
1633.4,101.18,8.8989
1634.4,100.75,8.8989
1635.4,101.2,8.8989
1636.4,100.82,8.899
1637.4,100.77,8.899
1638.41,101.85,8.899
1639.41,100.76,8.899
1640.41,100.76,8.899
1641.41,101.19,8.8991
1642.41,100.87,8.8991
1643.41,101.18,8.899
1644.41,100.82,8.899
1645.42,100.75,8.899
1646.42,101.22,8.899
1647.42,101.47,8.9006
1648.42,100.75,8.9006
1649.42,101.2,8.9006
1650.42,100.74,8.9006
1651.42,100.83,8.9006
1652.43,101.38,8.9005
1653.43,100.79,8.9005
1654.43,100.6,8.9005
1655.43,100.88,8.9005
1656.43,100.47,8.9006
1657.43,101.3,8.9007
1658.43,100.9,8.9006
1659.44,100.77,8.9006
1660.44,101.19,8.9006
1661.44,100.84,8.9007
1662.44,101.23,8.9007
1663.44,100.76,8.9007
1664.44,100.76,8.9007
1665.45,101.17,8.9007
1666.45,100.65,8.9024
1667.45,100.77,8.9035
1668.45,101.09,8.9035
1669.45,100.55,8.9035
1670.45,100.99,8.9037
1671.45,100.56,8.9037
1672.46,100.64,8.9037
1673.46,100.9,8.9037
1674.46,100.5,8.9037
1675.46,100.91,8.9037
1676.46,100.81,8.9037
1677.46,101.04,8.9038
1678.47,101.22,8.9037
1679.47,100.78,8.9036
1680.47,100.53,8.9036
1681.47,100.98,8.9037
1682.47,101.41,8.9036
1683.47,100.92,8.9036
1684.47,100.52,8.9036
1685.48,100.52,8.9036
1686.48,100.97,8.9037
1687.48,100.78,8.9057
1688.48,100.95,8.9057
1689.48,100.53,8.9057
1690.48,100.53,8.9057
1691.49,100.98,8.9057
1692.49,100.66,8.9056
1693.49,100.94,8.9057
1694.49,100.53,8.9058
1695.49,100.55,8.9058
1696.49,100.99,8.9058
1697.5,100.8,8.906
1698.5,101.13,8.906
1699.5,100.76,8.906
1700.5,100.79,8.9058
1701.5,101.26,8.906
1702.5,102.22,8.906
1703.51,101.15,8.906
1704.51,100.69,8.906
1705.51,100.59,8.906
1706.51,101.55,8.9079
1707.51,100.77,8.9079
1708.51,100.75,8.9079
1709.51,101.14,8.9079
1710.52,100.78,8.9079
1711.52,101.23,8.9079
1712.52,101.19,8.9079
1713.52,100.77,8.9079
1714.52,101.21,8.9079
1715.52,100.78,8.9079
1716.52,101.55,8.9079
1717.53,101.18,8.9079
1718.53,100.82,8.9079
1719.53,101.17,8.9079
1720.53,100.78,8.9079
1721.53,100.79,8.9079
1722.53,101.22,8.9079
1723.54,100.46,8.9079
1724.54,100.98,8.9079
1725.54,100.51,8.9079
1726.54,100.78,8.9099
1727.54,100.94,8.9099
1728.54,100.53,8.9099
1729.55,101.54,8.9099
1730.55,100.52,8.9099
1731.55,100.71,8.9099
1732.55,101.3,8.9099
1733.55,100.85,8.9099
1734.55,100.8,8.91
1735.55,101.41,8.9099
1736.56,100.77,8.9099
1737.56,100.75,8.9099
1738.56,101.12,8.9099
1739.56,100.73,8.9099
1740.56,101.18,8.9099
1741.56,100.82,8.9098
1742.56,100.88,8.9098
1743.57,101.16,8.9098
1744.57,100.77,8.9098
1745.57,101.43,8.9115
1746.57,100.82,8.9113
1747.57,100.83,8.9114
1748.57,101.21,8.9114
1749.57,100.86,8.9113
1750.58,100.79,8.9113
1751.58,101.24,8.9114
1752.58,100.87,8.9114
1753.58,100.79,8.9114
1754.58,100.92,8.9114
1755.58,100.96,8.9116
1756.58,100.82,8.9115
1757.59,100.98,8.9114
1758.59,100.48,8.9114
1759.59,100.88,8.9114
1760.59,100.48,8.9114
1761.59,100.52,8.9115
1762.59,101.06,8.9115
1763.6,100.56,8.9115
1764.6,101.1,8.9115
1765.6,100.97,8.9126
1766.6,100.8,8.9125
1767.6,101.22,8.9125
1768.6,100.75,8.9124
1769.6,100.79,8.9124
1770.61,101.25,8.9124
1771.61,100.79,8.9125
1772.61,101.4,8.9125
1773.61,101.23,8.9125
1774.61,100.76,8.9125
1775.61,100.96,8.9128
1776.61,101.26,8.9127
1777.61,100.79,8.9126
1778.62,100.82,8.9126
1779.62,101.18,8.9126
1780.62,100.74,8.9126
1781.62,100.63,8.9126
1782.62,101.91,8.9127
1783.62,100.46,8.9127
1784.63,100.87,8.9127
1785.63,101.33,8.9138
1786.63,100.53,8.9138
1787.63,101.28,8.9138
1788.63,100.79,8.9138
1789.63,100.79,8.9138
1790.63,101.18,8.9138
1791.64,100.85,8.9138
1792.64,100.69,8.9137
1793.64,101.17,8.9137
1794.64,100.81,8.9137
1795.64,101.39,8.9138
1796.64,100.67,8.9138
1797.64,100.8,8.9138
1798.65,101.19,8.9138
1799.65,100.78,8.9138
1800.65,100.79,8.9138
1801.65,101.2,8.9138
1802.65,100.86,8.9138
1803.65,101.17,8.9138
1804.65,100.84,8.9137
1805.66,101.01,8.9148
1806.66,101.17,8.9148
1807.66,100.83,8.9147
1808.66,100.81,8.9147
1809.66,101.28,8.9147
1810.66,100.79,8.9147
1811.66,100.82,8.9147
1812.67,101.28,8.9146
1813.67,100.69,8.9146
1814.67,101.13,8.9149
1815.67,100.7,8.9148
1816.67,100.81,8.9148
1817.67,101.17,8.9148
1818.68,100.77,8.9148
1819.68,100.79,8.9148
1820.68,101.18,8.9148
1821.68,100.83,8.9148
1822.68,101.33,8.9149
1823.68,100.79,8.9148
1824.68,100.99,8.9158
1825.69,101.23,8.9158
1826.69,100.84,8.9157
1827.69,100.77,8.9157
1828.69,101.17,8.9155
1829.69,100.78,8.9155
1830.69,100.77,8.9155
1831.69,101.31,8.9158
1832.69,101.22,8.9158
1833.7,102.07,8.9158
1834.7,101.39,8.9159
1835.7,100.6,8.9157
1836.7,100.71,8.9158
1837.7,101.11,8.9157
1838.7,100.97,8.9157
1839.71,101.16,8.9157
1840.71,100.77,8.9157
1841.71,100.82,8.9158
1842.71,101.29,8.9157
1843.71,100.79,8.9157
1844.71,102.87,8.9158
1845.71,100.87,8.9158
1846.72,100.51,8.9158
1847.72,100.95,8.916
1848.72,100.48,8.916
1849.72,100.61,8.916
1850.72,101.18,8.916
1851.72,100.82,8.9158
1852.73,101.39,8.9158
1853.73,100.79,8.9158
1854.73,101.0,8.916
1855.73,101.17,8.916
1856.73,100.8,8.9161
1857.73,100.75,8.9161
1858.73,101.15,8.9161
1859.74,100.81,8.916
1860.74,101.11,8.916
1861.74,100.83,8.916
1862.74,102.02,8.9162
1863.74,101.95,8.9169
1864.74,100.73,8.9168
1865.75,101.19,8.9168
1866.75,100.79,8.9168
1867.75,100.67,8.9168
1868.75,101.52,8.917
1869.75,100.5,8.917
1870.75,100.73,8.917
1871.75,101.27,8.917
1872.75,100.89,8.917
1873.76,100.93,8.917
1874.76,101.11,8.9169
1875.76,100.75,8.9168
1876.76,100.8,8.9169
1877.76,101.18,8.9168
1878.76,100.78,8.9168
1879.77,101.22,8.9168
1880.77,100.77,8.9168
1881.77,126.96,8.917
1882.77,152.62,8.9169
1883.77,100.79,8.9169
1884.77,100.76,8.9169
1885.77,101.16,8.9169
1886.78,100.79,8.9169
1887.78,102.87,8.9169
1888.78,104.94,8.9169
1889.78,100.92,8.9169
1890.78,101.12,8.9169
1891.78,100.77,8.9169
1892.78,101.07,8.9169
1893.79,101.65,8.9169
1894.79,100.73,8.9169
1895.79,101.13,8.9169
1896.79,100.78,8.9169
1897.79,100.51,8.9169
1898.79,101.11,8.9169
1899.8,100.48,8.9169
1900.8,100.5,8.9169
1901.8,100.92,8.9169
1902.8,100.81,8.9169
1903.8,100.99,8.9169
1904.8,100.64,8.9169
1905.8,100.47,8.9169
1906.81,101.19,8.9169
1907.81,100.5,8.9169
1908.81,100.49,8.9169
1909.81,100.91,8.9169
1910.81,100.49,8.9169
1911.81,101.03,8.9169
1912.81,101.35,8.9171
1913.82,100.7,8.9171
1914.82,101.09,8.9171
1915.82,100.7,8.9171
1916.82,100.85,8.9171
1917.82,100.87,8.9171
1918.82,103.58,8.9171
1919.83,101.08,8.9171
1920.83,100.69,8.9171
1921.83,100.64,8.9171
1922.83,102.25,8.9171
1923.83,100.47,8.9171
1924.83,100.69,8.9171
1925.83,101.1,8.9171
1926.84,101.1,8.9171
1927.84,101.11,8.9171
1928.84,100.79,8.9171
1929.84,100.6,8.9171
1930.84,100.87,8.9171
1931.84,101.5,8.9174
1932.84,100.83,8.9173
1933.85,101.08,8.9173
1934.85,100.61,8.9173
1935.85,100.49,8.9173
1936.85,100.91,8.9173
1937.85,100.47,8.9173
1938.85,100.91,8.9173
1939.85,100.71,8.9173
1940.86,100.71,8.9173
1941.86,101.14,8.9173
1942.86,100.65,8.9173
1943.86,100.46,8.9173
1944.86,100.84,8.9173
1945.86,100.48,8.9173
1946.87,101.08,8.9173
1947.87,100.69,8.9173
1948.87,100.6,8.9173
1949.87,100.85,8.9174
1950.87,100.63,8.9174
1951.87,100.69,8.9174
1952.87,100.94,8.9174
1953.88,100.5,8.9174
1954.88,100.85,8.9174
1955.88,100.45,8.9174
1956.88,100.7,8.9174
1957.88,101.11,8.9174
1958.88,100.82,8.9174
1959.88,100.7,8.9174
1960.89,101.1,8.9174
1961.89,100.67,8.9174
1962.89,100.86,8.9173
1963.89,101.03,8.9173
1964.89,100.51,8.9175
1965.89,100.48,8.9175
1966.89,100.78,8.9175
1967.9,100.4,8.9175
1968.9,100.99,8.9175
1969.9,100.58,8.9175
1970.9,100.6,8.9175
1971.9,101.03,8.9175
1972.9,100.67,8.9175
1973.9,100.56,8.9175
1974.91,101.09,8.9175
1975.91,100.73,8.9175
1976.91,100.83,8.9175
1977.91,101.12,8.9175
1978.91,100.72,8.9175
1979.91,100.7,8.9175
1980.91,101.08,8.9175
1981.91,100.74,8.9175
1982.92,100.77,8.9175
1983.92,101.09,8.9175
1984.92,100.68,8.9175
1985.92,100.69,8.9175
1986.92,101.1,8.9175
1987.92,100.66,8.9175
1988.93,101.13,8.9175
1989.93,100.7,8.9175
1990.93,100.7,8.9175
1991.93,101.11,8.9175
1992.93,100.81,8.9175
1993.93,100.54,8.9175
1994.93,100.9,8.9175
1995.94,100.66,8.9175
1996.94,100.7,8.9175
1997.94,101.07,8.9175
1998.94,100.67,8.9175
1999.94,101.07,8.9175
2000.94,100.66,8.9175
2001.94,100.69,8.9175
2002.95,101.16,8.9175
2003.95,100.67,8.9175
2004.95,100.68,8.9175
2005.95,101.72,8.9175
2006.95,100.7,8.9175
2007.95,101.08,8.9175
2008.95,100.69,8.9175
2009.96,100.67,8.9175
2010.96,101.1,8.9175
2011.96,100.7,8.9175
2012.96,100.77,8.9175
2013.96,101.09,8.9175
2014.96,100.68,8.9175
2015.96,100.58,8.9175
2016.97,100.99,8.9175
2017.97,100.46,8.9175
2018.97,100.94,8.9175
2019.97,100.58,8.9175
2020.97,100.71,8.9175
2021.97,101.12,8.9175
2022.98,100.64,8.9175
2023.98,100.43,8.9175
2024.98,100.85,8.9175
2025.98,100.65,8.9175
2026.98,101.11,8.9175
2027.98,100.7,8.9175
2028.98,100.67,8.9175
2029.99,101.09,8.9175
2030.99,100.69,8.9175
2031.99,100.71,8.9175
2032.99,101.19,8.9175
2033.99,100.69,8.9175
2034.99,101.01,8.9175
2036.0,100.74,8.9175
2037.0,100.74,8.9175
2038.0,101.11,8.9175
2039.0,100.69,8.9175
2040.0,101.11,8.9175
2041.0,100.72,8.9175
2042.0,100.72,8.9175
2043.01,101.0,8.9175
2044.01,100.47,8.9175
2045.01,100.49,8.9175
2046.01,100.87,8.9175
2047.01,100.6,8.9175
2048.01,100.59,8.9175
2049.01,101.32,8.9175
2050.02,100.69,8.9175
2051.02,100.93,8.9175
2052.02,100.49,8.9175
2053.02,100.62,8.9175
2054.02,101.11,8.9175
2055.02,100.68,8.9175
2056.02,100.71,8.9175
2057.03,101.12,8.9175
2058.03,100.68,8.9175
2059.03,100.71,8.9175
2060.03,101.1,8.9175
2061.03,100.71,8.9175
2062.03,100.71,8.9176
2063.03,101.16,8.9176
2064.04,100.68,8.9176
2065.04,101.11,8.9176
2066.04,100.64,8.9176
2067.04,100.73,8.9176
2068.04,101.1,8.9176
2069.04,100.68,8.9176
2070.04,100.67,8.9176
2071.05,101.16,8.9176
2072.05,100.72,8.9176
2073.05,100.69,8.9176
2074.05,100.87,8.9176
2075.05,100.46,8.9176
2076.05,100.48,8.9176
2077.05,100.99,8.9176
2078.05,100.68,8.9176
2079.06,100.82,8.9176
2080.06,100.67,8.9176
2081.06,101.18,8.9176
2082.06,100.77,8.9176
2083.06,100.84,8.9176
2084.06,101.08,8.9176
2085.06,100.68,8.9176
2086.06,100.69,8.9176
2087.07,101.11,8.9176
2088.07,100.69,8.9176
2089.07,100.67,8.9176
2090.07,101.16,8.9176
2091.07,100.7,8.9176
2092.07,100.69,8.9176
2093.07,100.78,8.9176
2094.07,100.99,8.9176
2095.08,100.63,8.9176
2096.08,101.05,8.9176
2097.08,100.74,8.9176
2098.08,100.7,8.9176
2099.08,101.08,8.9176
2100.08,100.66,8.9176
2101.08,100.65,8.9176
2102.09,101.13,8.9176
2103.09,101.05,8.9176
2104.09,100.68,8.9176
2105.09,101.07,8.9176
2106.09,100.7,8.9176
2107.09,100.71,8.9176
2108.09,101.12,8.9176
2109.1,100.67,8.9176
2110.1,100.7,8.9176
2111.1,101.06,8.9176
2112.1,100.71,8.9176
2113.1,100.96,8.9176
2114.1,100.44,8.9176
2115.1,100.5,8.9176
2116.11,100.86,8.9176
2117.11,100.5,8.9176
2118.11,100.48,8.9176
2119.11,100.86,8.9176
2120.11,100.49,8.9176
2121.11,100.69,8.9176
2122.11,101.02,8.9176
2123.12,100.57,8.9176
2124.12,100.87,8.9176
2125.12,100.61,8.9176
2126.12,100.69,8.9176
2127.12,101.17,8.9176
2128.12,100.7,8.9176
2129.12,100.69,8.9176
2130.13,101.04,8.9176
2131.13,100.67,8.9176
2132.13,100.69,8.9176
2133.13,101.13,8.9176
2134.13,100.65,8.9176
2135.13,101.11,8.9176
2136.13,100.67,8.9176
2137.14,101.16,8.9177
2138.14,105.23,8.9177
2139.14,100.65,8.9177
2140.14,100.72,8.9177
2141.14,101.11,8.9177
2142.14,100.78,8.9177
2143.14,100.76,8.9177
2144.15,101.04,8.9177
2145.15,100.61,8.9177
2146.15,100.64,8.9177
2147.15,101.07,8.9177
2148.15,100.66,8.9177
2149.15,100.69,8.9177
2150.15,101.08,8.9177
2151.16,100.67,8.9177
2152.16,101.12,8.9177
2153.16,100.76,8.9177
2154.16,100.69,8.9177
2155.16,101.07,8.9177
2156.16,100.67,8.9177
2157.16,100.74,8.9177
2158.17,101.08,8.9177
2159.17,100.69,8.9177
2160.17,101.08,8.9177
2161.17,100.7,8.9177
2162.17,100.76,8.9177
2163.17,101.17,8.9177
2164.17,100.68,8.9177
2165.18,100.75,8.9177
2166.18,100.42,8.9177
2167.18,102.63,8.9177
2168.18,100.62,8.9177
2169.18,100.94,8.9177
2170.18,100.48,8.9177
2171.18,100.45,8.9177
2172.19,100.94,8.9177
2173.19,100.74,8.9177
2174.19,100.68,8.9177
2175.19,101.08,8.9177
2176.19,100.67,8.9177
2177.19,101.13,8.9177
2178.19,100.68,8.9177
2179.2,100.79,8.9177
2180.2,100.69,8.9177
2181.2,101.1,8.9177
2182.2,100.76,8.9177
2183.2,100.81,8.9177
2184.2,101.07,8.9177
2185.2,100.67,8.9177
2186.21,101.09,8.9177
2187.21,100.71,8.9177
2188.21,100.7,8.9177
2189.21,101.09,8.9177
2190.21,100.67,8.9177
2191.21,100.69,8.9177
2192.21,101.09,8.9177
2193.22,100.71,8.9177
2194.22,100.68,8.9177
2195.22,101.09,8.9177
2196.22,100.69,8.9177
2197.22,101.12,8.9177
2198.22,100.74,8.9177
2199.22,100.68,8.9177
2200.23,101.42,8.9177
2201.23,100.69,8.9177
2202.23,100.55,8.9177
2203.23,100.95,8.9177
2204.23,100.45,8.9177
2205.23,100.86,8.9177
2206.23,100.49,8.9177
2207.24,100.43,8.9177
2208.24,100.85,8.9177
2209.24,100.57,8.9177
2210.24,100.48,8.9177
2211.24,100.89,8.9177
2212.24,100.44,8.9177
2213.25,101.02,8.9177
2214.25,100.45,8.9177
2215.25,100.48,8.9177
2216.25,100.91,8.9177
2217.25,100.46,8.9177
2218.25,100.46,8.9177
2219.25,100.9,8.9177
2220.26,100.56,8.9177
2221.26,101.18,8.9177
2222.26,100.85,8.9177
2223.26,100.71,8.9177
2224.26,101.14,8.9177
2225.26,100.69,8.9177
2226.26,100.74,8.9177
2227.27,101.09,8.9177
2228.27,100.72,8.9177
2229.27,101.07,8.9177
2230.27,100.68,8.9177
2231.27,100.72,8.9177
2232.27,101.23,8.9177
2233.27,100.66,8.9177
2234.28,100.69,8.9177
2235.28,101.09,8.9177
2236.28,100.73,8.9177
2237.28,100.69,8.9177
2238.28,101.08,8.9177
2239.28,100.69,8.9177
2240.29,101.06,8.9177
2241.29,100.76,8.9177
2242.29,101.4,8.9177
2243.29,100.8,8.9177
2244.29,101.16,8.9177
2245.29,100.79,8.9177
2246.29,101.22,8.9177
2247.29,100.77,8.9177
2248.3,100.79,8.9177
2249.3,101.24,8.9177
2250.3,100.76,8.9177
2251.3,101.16,8.9177
2252.3,101.27,8.9177
2253.3,188.03,2.5171
2254.3,345.23,2.1846
2255.31,361.69,2.3941
2256.31,320.77,2.7254
2257.31,330.38,3.0484
2258.31,288.4,3.2705
2259.31,124.38,3.4776
2260.31,109.41,3.6376
2261.31,127.62,3.8436
2262.32,105.63,4.0306
2263.32,104.11,4.1869
2264.32,102.78,4.35
2265.32,103.13,4.5163
2266.32,109.64,4.6641
2267.32,101.79,4.8247
2268.32,100.42,4.9851
2269.33,101.74,5.1167
2270.33,100.91,5.2787
2271.33,104.54,5.4562
2272.33,105.73,5.6028
2273.33,109.82,5.6974
2274.33,134.05,5.7757
2275.34,101.06,5.8666
2276.34,101.06,5.9718
2277.34,100.7,6.0625
2278.34,101.0,6.1383
2279.34,101.35,6.1944
2280.34,100.7,6.2464
2281.34,100.74,6.3374
2282.35,101.2,6.4123
2283.35,100.73,6.4986
2284.35,101.11,6.5712
2285.35,100.71,6.6354
2286.35,101.73,6.7193
2287.35,101.12,6.7848
2288.36,154.16,6.9177
2289.36,106.98,6.9193
2290.36,100.68,6.9714
2291.36,100.91,6.9714
2292.36,101.11,6.9714
2293.36,101.09,6.966
2294.36,100.89,6.966
2295.37,101.13,7.0285
2296.37,100.79,7.0662
2297.37,100.8,7.0662
2298.37,101.44,7.0662
2299.37,100.69,7.0662
2300.37,100.72,7.0662
2301.37,100.95,7.0662
2302.37,101.27,7.0662
2303.38,100.53,7.0662
2304.38,101.11,7.0662
2305.38,100.59,7.0662
2306.38,101.05,7.0662
2307.38,101.71,7.0662
2308.38,100.85,7.0662
2309.39,101.2,7.0662
2310.39,100.75,7.0662
2311.39,100.79,7.0663
2312.39,101.29,7.0663
2313.39,100.77,7.0662
2314.39,102.88,7.0662
2315.39,101.12,7.0662
2316.39,100.71,7.0662
2317.4,100.71,7.0662
2318.4,101.2,7.0662
2319.4,100.71,7.0662
2320.4,100.71,7.0662
2321.4,101.16,7.0662
2322.4,100.8,7.0662
2323.4,100.81,7.0662
2324.4,100.71,7.0662
2325.41,101.16,7.0662
2326.41,100.72,7.0662
2327.41,100.7,7.0662
2328.41,101.1,7.0662
2329.41,100.72,7.0662
2330.41,101.14,7.0662
2331.41,100.78,7.0663
2332.42,100.76,7.0663
2333.42,101.12,7.0663
2334.42,100.78,7.0663
2335.42,100.73,7.0663
2336.42,101.07,7.0663
2337.42,100.5,7.0663
2338.42,100.49,7.0663
2339.43,101.88,7.0663
2340.43,100.69,7.0663
2341.43,123.08,7.0663
2342.43,101.14,7.0663
2343.43,101.12,7.0663
2344.43,108.81,7.0663
2345.43,100.64,7.0663
2346.44,100.71,7.0663
2347.44,101.15,7.0663
2348.44,101.04,7.0663
2349.44,100.71,7.0663
2350.44,101.31,7.0663
2351.44,100.72,7.0665
2352.44,100.79,7.0665
2353.45,109.6,7.0665
2354.45,100.65,7.0665
2355.45,101.04,7.0665
2356.45,100.72,7.0665
2357.45,100.68,7.0665
2358.45,100.75,7.0665
2359.45,101.08,7.0665
2360.46,100.66,7.0665
2361.46,100.85,7.0665
2362.46,100.54,7.0665
2363.46,100.51,7.0665
2364.46,101.1,7.0665
2365.46,100.72,7.0665
2366.46,100.72,7.0665
2367.47,101.09,7.0665
2368.47,100.7,7.0665
2369.47,101.12,7.0665
2370.47,100.73,7.0665
2371.47,100.76,7.0665
2372.47,101.26,7.0665
2373.47,100.75,7.0665
2374.48,100.71,7.0665
2375.48,101.22,7.0665
2376.48,100.78,7.0666
2377.48,100.56,7.0666
2378.48,100.98,7.0666
2379.48,100.57,7.0666
2380.48,100.52,7.0666
2381.49,100.93,7.0666
2382.49,100.79,7.0666
2383.49,101.14,7.0666
2384.49,100.68,7.0666
2385.49,100.66,7.0666
2386.49,101.15,7.0666
2387.49,100.73,7.0666
2388.5,100.77,7.0666
2389.5,101.23,7.0666
2390.5,100.77,7.0666
2391.5,100.81,7.0666
2392.5,100.95,7.0666
2393.5,101.18,7.0666
2394.5,100.7,7.0666
2395.51,101.12,7.0666
2396.51,100.78,7.0667
2397.51,100.74,7.0667
2398.51,101.13,7.0667
2399.51,100.78,7.0667
2400.51,101.21,7.0667
2401.51,100.83,7.0667
2402.52,100.85,7.0667
2403.52,101.59,7.0667
2404.52,100.75,7.0667
2405.52,101.2,7.0667
2406.52,100.82,7.0667
2407.52,100.78,7.0667
2408.53,101.21,7.0667
2409.53,100.54,7.0667
2410.53,151.58,1.9856
2411.53,333.02,2.17
2412.53,348.26,2.3804
2413.53,261.4,1.9812
2414.53,308.41,2.1454
2415.54,355.97,2.3319
2416.54,269.96,1.9866
2417.54,358.84,2.1887
2418.54,367.89,2.4442
2419.54,260.82,2.0149
2420.54,315.75,2.1775
2421.54,349.43,2.3824
2422.55,262.32,1.9866
2423.55,317.1,2.145
2424.55,354.96,2.3386
2425.55,321.91,2.6174
2426.55,264.93,2.1031
2427.55,309.59,2.2132
2428.55,349.48,2.4425
2429.55,234.58,1.9437
2430.56,295.42,2.1348
2431.56,324.46,2.249
2432.56,323.06,1.891
2433.56,291.49,2.1389
2434.56,327.48,2.2415
2435.56,337.54,2.4735
2436.56,261.36,1.9626
2437.57,327.32,2.1743
2438.57,332.78,2.2838
2439.57,329.93,2.5267
2440.57,253.24,2.0023
2441.57,344.5,2.1999
2442.57,363.42,2.3632
2443.57,323.07,2.6
2444.57,242.05,2.0496
2445.58,326.33,2.1978
2446.58,352.79,2.4439
2447.58,307.16,2.83
2448.58,244.17,3.3202
2449.58,193.01,2.0072
2450.58,306.75,2.1963
2451.58,349.08,2.3612
2452.59,325.74,2.5952
2453.59,317.33,2.8202
2454.59,236.98,1.9662
2455.59,311.39,2.1738
2456.59,329.9,2.277
2457.59,338.91,2.5583
2458.59,317.12,2.8185
2459.59,241.33,1.9865
2460.6,307.71,2.166
2461.6,345.46,2.3534
2462.6,273.04,1.9587
2463.6,297.75,2.1547
2464.6,348.54,2.3429
2465.6,285.17,1.96
2466.6,307.57,2.1541
2467.6,352.18,2.2919
2468.61,340.45,2.533
2469.61,257.25,2.1204
2470.61,331.88,2.2909
2471.61,286.61,1.9885
2472.61,325.29,2.1794
2473.61,354.37,2.4649
2474.61,205.66,2.0336
2475.61,326.57,2.1921
2476.62,349.06,2.4152
2477.62,267.12,2.0266
2478.62,339.45,2.1924
2479.62,348.53,2.4131
2480.62,234.56,2.0208
2481.62,312.97,2.1844
2482.62,347.23,2.3936
2483.63,309.7,2.685
2484.63,258.55,2.8616
2485.63,221.88,2.0627
2486.63,331.1,2.3776
2487.63,296.74,2.6907
2488.63,350.52,2.8385
2489.63,348.35,3.0683
2490.63,320.54,3.2997
2491.64,318.43,3.5434
2492.64,309.37,3.7611
2493.64,316.95,3.9773
2494.64,305.34,4.138
2495.64,304.18,4.3163
2496.64,306.08,4.4957
2497.64,304.11,4.7059
2498.65,305.73,4.838
2499.65,286.41,4.994
2500.65,241.2,5.5656
2501.65,201.67,6.2886
2502.65,217.63,7.0537
2503.65,399.71,8.1374
2504.65,400.65,8.8351
2505.65,132.97,9.0188
2506.66,100.98,9.0228
2507.66,174.79,9.0228
2508.66,310.75,9.0234
2509.66,275.01,9.0244
2510.66,212.24,9.0244
2511.66,212.96,9.0247
2512.66,150.25,9.025
2513.67,125.11,9.025
2514.67,129.8,9.025
2515.67,104.66,9.025
2516.67,154.05,9.025
2517.67,194.07,9.025
2518.67,221.49,9.025
2519.67,245.13,9.025
2520.67,121.21,9.025
2521.68,130.5,9.025
2522.68,105.39,9.0252
2523.68,164.16,9.0252
2524.68,105.22,9.0252
2525.68,101.27,9.0252
2526.68,156.02,9.0253
2527.69,311.17,9.6768
2528.69,399.6,10.3847
2529.69,399.57,11.0295
2530.69,400.8,11.706
2531.69,224.12,11.7997
2532.69,101.8,11.8718
2533.69,109.15,11.8999
2534.69,131.41,11.8999
2535.7,119.53,11.8999
2536.7,111.75,11.8999
2537.7,100.76,11.8999
2538.7,101.7,11.8999
2539.7,101.92,11.8999
2540.7,104.98,11.8999
2541.71,101.6,11.8999
2542.71,101.52,11.8999
2543.71,100.88,11.8999
2544.71,105.33,11.8999
2545.71,106.23,11.8999
2546.71,101.29,11.8999
2547.71,102.74,11.8999
2548.72,111.51,11.8999
2549.72,109.87,11.8999
2550.72,100.84,11.8999
2551.72,126.04,11.8999
2552.72,107.55,11.9
2553.72,100.88,11.9
2554.73,101.49,11.9
2555.73,101.86,11.9
2556.73,102.2,11.9
2557.73,134.52,11.9
2558.73,128.09,11.9
2559.73,110.01,11.9
2560.74,130.68,11.9
2561.74,178.31,11.9003
2562.74,102.64,11.9003
2563.74,100.84,11.9003
2564.74,120.04,11.9003
2565.74,131.79,11.9003
2566.74,109.72,11.9004
2567.75,105.47,11.9004
2568.75,101.41,11.9004
2569.75,101.78,11.9004
2570.75,104.14,11.9004
2571.75,121.32,11.9004
2572.75,102.64,11.9004
2573.76,103.24,11.9004
2574.76,118.98,11.9004
2575.76,105.05,11.9004
2576.76,100.91,11.9004
2577.76,101.28,11.9003
2578.76,100.9,11.9003
2579.76,102.25,11.9003
2580.77,101.25,11.9003
2581.77,100.91,11.9003
2582.77,101.42,11.9003
2583.77,103.65,11.9003
2584.77,108.86,11.9003
2585.77,101.42,11.9004
2586.78,101.5,11.9005
2587.78,101.22,11.9005
2588.78,100.92,11.9005
2589.78,100.76,11.9005
2590.78,101.27,11.9004
2591.78,100.89,11.9004
2592.79,101.38,11.9005
2593.79,100.84,11.9005
2594.79,100.85,11.9005
2595.79,101.27,11.9005
2596.79,101.1,11.9005
2597.79,101.26,11.9005
2598.79,102.65,11.9005
2599.8,101.06,11.9005
2600.8,101.27,11.9005
2601.8,100.91,11.9005
2602.8,102.56,11.9005
2603.8,103.46,11.9005
2604.8,103.18,11.9005
2605.81,101.3,11.9005
2606.81,132.58,11.9007
2607.81,103.69,11.9007
2608.81,100.84,11.9007
2609.81,100.84,11.9007
2610.81,101.36,11.9007
2611.81,103.19,11.9007
2612.82,103.29,11.9007
2613.82,101.33,11.9007
2614.82,101.22,11.9005
2615.82,100.83,11.9005
2616.82,101.36,11.9005
2617.82,101.39,11.9005
2618.82,183.34,11.9013
2619.83,400.23,11.9681
2620.83,281.09,12.0122
2621.83,102.53,12.0122
2622.83,101.26,12.0123
2623.83,101.31,12.0123
2624.83,100.91,12.0122
2625.83,101.37,12.0123
2626.83,101.28,12.0123
2627.84,100.9,12.0123
2628.84,102.0,12.0123
2629.84,100.76,12.0123
2630.84,101.09,12.0123
2631.84,101.13,12.0123
2632.84,100.81,12.0123
2633.85,101.12,12.0123
2634.85,100.69,12.0123
2635.85,100.57,12.0123
2636.85,101.97,12.0124
2637.85,100.81,12.0124
2638.85,104.16,12.0124
2639.85,100.84,12.0124
2640.86,100.84,12.0124
2641.86,101.15,12.0124
2642.86,100.95,12.0124
2643.86,101.29,12.0124
2644.86,126.6,12.0124
2645.86,235.69,8.2915
2646.87,161.69,2.0201
2647.87,340.82,2.2888
2648.87,303.83,2.6043
2649.87,319.45,2.7517
2650.87,348.08,2.9428
2651.87,328.86,3.1643
2652.87,312.64,3.4079
2653.87,306.98,3.6239
2654.88,310.09,3.8301
2655.88,309.35,4.0472
2656.88,303.21,4.2343
2657.88,301.39,4.3955
2658.88,302.15,4.5223
2659.88,300.99,4.6756
2660.88,304.38,4.7905
2661.89,305.95,4.9131
2662.89,303.05,5.1309
2663.89,152.87,5.9794
2664.89,102.41,6.7245
2665.89,328.64,7.8736
2666.89,399.8,8.5775
2667.89,243.23,8.9236
2668.89,109.58,8.9236
2669.9,126.13,8.9237
2670.9,310.53,8.9254
2671.9,310.81,8.9196
2672.9,300.27,8.9221
2673.9,309.44,9.025
2674.9,287.74,9.026
2675.91,261.9,9.0264
2676.91,132.39,9.0264
2677.91,184.1,9.0264
2678.91,128.98,9.0264
2679.91,114.38,9.0264
2680.91,147.77,9.0264
2681.91,134.23,9.0265
2682.91,167.9,9.0265
2683.92,106.01,9.0265
2684.92,110.37,9.0265
2685.92,127.92,9.0266
2686.92,202.85,9.0267
2687.92,103.07,9.0267
2688.92,102.81,9.0267
2689.92,101.95,9.0267
2690.93,119.77,9.0267
2691.93,377.13,9.9505
2692.93,400.85,10.574
2693.93,399.58,11.2174
2694.93,399.82,11.8012
2695.93,150.75,11.8012
2696.93,101.2,11.9007
2697.94,115.6,11.9013
2698.94,140.43,11.9013
2699.94,136.3,11.9013
2700.94,127.25,11.9013
2701.94,100.95,11.9014
2702.94,119.31,11.9014
2703.95,109.46,11.9015
2704.95,109.27,11.9015
2705.95,104.45,11.9015
2706.95,101.1,11.9015
2707.95,101.23,11.9015
2708.95,102.23,11.9015
2709.95,100.84,11.9015
2710.96,110.4,11.9015
2711.96,101.26,11.9015
2712.96,105.08,11.9015
2713.96,111.11,11.9015
2714.96,112.51,11.9015
2715.96,100.79,11.9015
2716.97,113.41,11.9014
2717.97,119.26,11.9014
2718.97,100.57,11.9014
2719.97,100.94,11.9014
2720.97,101.06,11.9014
2721.97,105.65,11.9015
2722.97,126.56,11.9015
2723.97,112.73,11.9015
2724.98,102.66,11.9015
2725.98,138.88,11.9015
2726.98,106.13,11.9016
2727.98,101.2,11.9016
2728.98,101.58,11.9015
2729.98,115.75,11.9016
2730.98,100.57,11.9016
2731.99,106.22,11.9016
2732.99,101.38,11.9016
2733.99,119.76,11.9016
2734.99,105.06,11.9016
2735.99,100.91,11.9016
2736.99,122.08,11.9016
2738.0,130.81,11.9015
2739.0,104.37,11.9015
2740.0,102.25,11.9015
2741.0,100.83,11.9016
2742.0,101.38,11.9016
2743.0,100.86,11.9016
2744.0,100.65,11.9016
2745.01,104.08,11.9016
2746.01,100.94,11.9016
2747.01,100.62,11.9018
2748.01,101.31,11.9018
2749.01,100.57,11.9018
2750.01,110.37,11.9018
2751.01,101.74,11.9018
2752.02,102.99,11.9018
2753.02,101.27,11.9018
2754.02,100.86,11.9018
2755.02,101.73,11.9018
2756.02,100.82,11.9018
2757.02,101.12,11.9018
2758.03,101.21,11.9018
2759.03,103.79,11.9018
2760.03,100.84,11.9018
2761.03,101.41,11.9018
2762.03,101.1,11.9018
2763.03,100.93,11.9018
2764.03,101.34,11.9018
2765.03,100.85,11.9018
2766.04,100.85,11.9018
2767.04,101.39,11.9019
2768.04,102.05,11.9019
2769.04,104.29,11.9019
2770.04,101.29,11.9019
2771.04,101.61,11.9019
2772.04,128.16,11.902
2773.05,101.25,11.902
2774.05,104.71,11.902
2775.05,104.77,11.902
2776.05,100.9,11.902
2777.05,100.95,11.902
2778.05,104.71,11.902
2779.05,100.89,11.902
2780.06,105.85,11.902
2781.06,101.37,11.902
2782.06,100.86,11.902
2783.06,151.55,11.902
2784.06,400.68,11.9703
2785.06,352.63,12.0151
2786.07,101.27,12.015
2787.07,101.04,12.015
2788.07,102.52,12.015
2789.07,101.28,12.015
2790.07,101.04,12.015
2791.07,100.84,12.015
2792.07,101.71,12.015
2793.07,100.91,12.015
2794.08,100.55,12.015
2795.08,101.8,12.015
2796.08,100.95,12.015
2797.08,101.29,12.0152
2798.08,100.91,12.0152
2799.08,103.69,12.0153
2800.09,113.82,12.0152
2801.09,100.87,12.0152
2802.09,101.47,12.0152
2803.09,101.97,12.0153
2804.09,100.9,12.0153
2805.09,104.11,12.0153
2806.09,100.81,12.0153
2807.1,100.93,12.0153
2808.1,101.27,12.0153
2809.1,100.88,12.0153
2810.1,101.33,12.0153
2811.1,210.82,12.0152
2812.1,260.0,12.0159
2813.11,207.41,12.0159
2814.11,177.83,5.0382
2815.11,219.59,2.063
2816.11,319.84,2.4133
2817.11,313.96,2.6165
2818.11,364.65,2.8605
2819.11,343.66,3.1727
2820.11,318.45,3.5055
2821.12,308.44,3.7849
2822.12,309.25,4.0615
2823.12,305.08,4.3531
2824.12,311.97,4.6392
2825.12,305.08,4.9473
2826.12,302.63,5.2549
2827.12,301.3,5.5059
2828.13,302.49,5.7554
2829.13,304.04,6.0248
2830.13,303.64,6.3871
2831.13,307.09,6.6668
2832.14,317.95,7.1218
2833.14,306.68,7.1741
2834.14,303.35,7.223
2835.14,301.98,7.275
2836.14,314.87,7.2758
2837.14,171.66,7.2759
2838.14,132.79,7.2761
2839.15,148.87,7.2762
2840.15,169.15,7.2763
2841.15,157.1,7.2764
2842.15,135.96,7.2766
2843.15,133.11,7.2767
2844.15,114.98,7.2767
2845.15,157.66,7.2767
2846.16,121.7,7.2767
2847.16,135.36,7.2767
2848.16,121.51,7.2766
2849.16,178.7,7.633
2850.16,105.38,7.633
2851.16,110.06,7.633
2852.17,124.64,7.6332
2853.17,104.92,7.6332
2854.17,116.12,7.6332
2855.17,111.32,7.6332
2856.17,123.45,7.6332
2857.17,147.81,7.6332
2858.17,114.61,7.6332
2859.17,128.06,7.6332
2860.18,104.68,7.6332
2861.18,106.24,7.6332
2862.18,102.2,7.6333
2863.18,118.86,7.6333
2864.18,266.15,7.6399
2865.18,297.38,7.64
2866.18,276.66,7.6406
2867.19,195.1,1.9849
2868.19,320.32,2.2068
2869.19,311.3,2.5433
2870.19,294.92,2.723
2871.19,347.63,2.8957
2872.19,331.15,3.1571
2873.19,316.7,3.4522
2874.19,312.17,3.7083
2875.2,308.23,3.963
2876.2,305.94,4.1589
2877.2,302.59,4.3369
2878.2,302.91,4.4867
2879.2,303.03,4.6102
2880.2,301.54,4.7604
2881.2,303.22,4.8724
2882.21,296.27,5.0092
2883.21,238.56,5.499
2884.21,118.14,6.2203
2885.21,103.14,6.8851
2886.21,394.01,8.0594
2887.21,400.13,8.7697
2888.21,161.52,8.925
2889.22,100.65,8.925
2890.22,171.82,8.925
2891.22,303.27,8.9254
2892.22,308.05,8.9277
2893.22,304.18,9.0306
2894.22,257.74,9.0328
2895.22,199.65,9.0326
2896.23,126.62,9.0326
2897.23,156.27,9.0328
2898.23,132.66,9.0328
2899.23,115.29,9.0327
2900.23,138.54,9.0327
2901.23,107.49,9.0327
2902.23,169.59,9.0327
2903.24,165.16,9.0327
2904.24,129.12,9.0327
2905.24,124.24,9.0327
2906.24,143.18,9.0329
2907.24,121.75,9.0329
2908.24,103.03,9.0329
2909.24,102.34,9.0329
2910.25,108.87,9.0329
2911.25,391.12,10.0301
2912.25,400.68,10.6638
2913.25,399.64,11.3287
2914.25,389.82,11.8173
2915.25,170.48,11.8368
2916.25,113.79,11.9176
2917.26,100.97,11.9175
2918.26,117.52,11.9175
2919.26,126.59,11.9175
2920.26,135.52,11.9175
2921.26,116.21,11.9175
2922.26,100.97,11.9175
2923.27,123.45,11.9175
2924.27,125.71,11.9175
2925.27,103.47,11.9175
2926.27,103.87,11.9175
2927.27,103.83,11.9175
2928.27,101.42,11.9175
2929.27,101.77,11.9175
2930.28,106.28,11.9175
2931.28,107.22,11.9177
2932.28,101.11,11.9175
2933.28,107.05,11.9175
2934.28,106.27,11.9175
2935.28,134.93,11.9175
2936.29,101.3,11.9177
2937.29,101.1,11.9177
2938.29,101.43,11.9177
2939.29,101.31,11.9177
2940.29,100.89,11.9177
2941.29,101.34,11.9177
2942.29,101.45,11.9177
2943.3,105.92,11.9177
2944.3,132.03,11.9178
2945.3,123.5,11.9177
2946.3,115.67,11.9177
2947.3,134.52,11.9177
2948.3,128.52,11.9177
2949.31,116.79,11.9177
2950.31,100.82,11.9177
2951.31,101.18,11.9178
2952.31,105.51,11.9178
2953.31,101.09,11.9178
2954.31,109.45,11.9178
2955.31,101.28,11.9178
2956.32,101.44,11.9178
2957.32,101.5,11.9178
2958.32,141.71,11.9178
2959.32,130.86,11.918
2960.32,101.38,11.918
2961.32,102.84,11.918
2962.32,104.36,11.918
2963.33,101.27,11.918
2964.33,100.88,11.918
2965.33,101.24,11.918
2966.33,101.4,11.918
2967.33,101.87,11.918
2968.33,101.56,11.918
2969.34,100.86,11.918
2970.34,106.12,11.918
2971.34,100.91,11.9182
2972.34,101.32,11.9182
2973.34,101.34,11.9182
2974.34,108.54,11.9182
2975.34,100.84,11.9182
2976.35,103.85,11.9182
2977.35,101.68,11.9182
2978.35,101.21,11.9182
2979.35,100.87,11.9182
2980.35,100.79,11.9182
2981.35,101.26,11.9182
2982.36,100.96,11.9182
2983.36,100.87,11.9182
2984.36,101.29,11.9182
2985.36,100.87,11.9182
2986.36,101.78,11.9182
2987.36,100.88,11.9182
2988.37,105.86,11.9182
2989.37,115.55,11.9183
2990.37,100.83,11.9183
2991.37,101.36,11.9184
2992.37,103.26,11.9184
2993.37,103.31,11.9184
2994.37,101.3,11.9184
2995.38,100.89,11.9184
2996.38,134.24,11.9184
2997.38,100.89,11.9184
2998.38,103.35,11.9184
2999.38,101.27,11.9184
3000.38,104.44,11.9184
3001.39,101.35,11.9184
3002.39,104.53,11.9184
3003.39,100.74,11.9184
3004.39,101.3,11.9184
3005.39,355.88,11.9901
3006.39,390.76,12.0332
3007.39,104.77,12.0332
3008.4,100.96,12.0332
3009.4,101.31,12.0333
3010.4,101.41,12.0333
3011.4,100.9,12.0333
3012.4,107.32,12.0333
3013.4,100.61,12.0333
3014.41,101.24,12.0333
3015.41,101.01,12.0333
3016.41,100.9,12.0333
3017.41,101.7,12.0333
3018.41,100.84,12.0333
3019.41,101.29,12.0333
3020.41,100.85,12.0333
3021.42,101.04,12.0333
3022.42,101.36,12.0333
3023.42,100.87,12.0333
3024.42,101.28,12.0333
3025.42,100.84,12.0333
3026.42,100.81,12.0333
3027.43,100.92,12.0333
3028.43,101.59,12.0333
3029.43,102.18,12.0333
3030.43,100.56,12.0333
3031.43,100.78,12.0334
3032.43,101.46,12.0334
3033.43,100.89,12.0334
3034.44,100.88,12.0334
3035.44,101.69,12.0334
3036.44,101.03,12.0334
3037.44,201.49,12.0335
3038.44,238.82,12.0338
3039.44,193.9,12.0338
3040.44,225.17,12.0364
3041.45,132.55,12.0367
3042.45,100.92,12.0367
3043.45,131.04,12.0367
3044.45,399.5,12.0508
3045.45,398.54,12.0688
3046.45,131.67,12.0693
3047.45,129.39,12.0693
3048.46,193.98,12.0787
3049.46,100.76,12.0787
3050.46,101.12,12.0787
3051.46,100.95,12.0787
3052.46,101.44,12.0656
3053.46,100.72,12.0656
3054.46,100.7,12.0656
3055.47,101.09,12.0656
3056.47,100.75,12.0656
3057.47,101.08,12.0656
3058.47,100.72,12.0656
3059.47,141.25,12.0657
3060.47,101.8,12.0657
3061.47,101.3,12.0657
3062.48,107.98,12.0657
3063.48,115.73,12.0656
3064.48,106.85,12.0656
3065.48,110.66,12.0657
3066.48,101.13,12.0657
3067.48,101.19,12.0657
3068.49,101.68,12.0657
3069.49,102.2,12.0656
3070.49,101.18,12.0656
3071.49,101.47,12.0656
3072.49,100.65,12.0657
3073.49,100.85,12.0656
3074.49,100.94,12.0656
3075.49,100.5,12.0656
3076.5,100.72,12.0657
3077.5,101.06,12.0657
3078.5,101.69,12.0657
3079.5,102.88,12.0657
3080.5,102.74,12.0657
3081.5,100.72,12.0657
3082.51,101.08,12.0657
3083.51,100.7,12.0657
3084.51,101.12,12.0657
3085.51,100.71,12.0657
3086.51,101.16,12.0657
3087.51,100.71,12.0657
3088.51,101.14,12.0657
3089.51,100.72,12.0657
3090.52,100.84,12.0657
3091.52,104.39,12.0657
3092.52,100.78,12.0657
3093.52,100.71,12.0657
3094.52,101.03,12.0658
3095.52,100.52,12.0657
3096.52,100.79,12.0658
3097.53,101.13,12.0658
3098.53,100.76,12.0658
3099.53,101.13,12.0658
3100.53,100.69,12.0658
3101.53,100.76,12.0658
3102.53,101.11,12.0658
3103.54,100.49,12.0658
3104.54,100.89,12.0658
3105.54,100.5,12.0658
3106.54,100.54,12.0658
3107.54,100.96,12.0658
3108.54,100.52,12.0658
3109.54,100.57,12.0658
3110.55,101.04,12.0658
3111.55,100.98,12.0658
3112.55,100.81,12.0658
3113.55,101.07,12.0658
3114.55,100.7,12.0658
3115.55,101.06,12.0658
3116.55,128.69,12.0661
3117.56,399.49,12.0713
3118.56,394.6,12.0715
3119.56,116.63,12.0714
3120.56,100.75,12.0714
3121.56,100.76,12.0714
3122.56,102.51,12.0714
3123.56,100.86,12.0714
3124.57,101.12,12.0714
3125.57,100.92,12.0714
3126.57,125.63,12.0716
3127.57,266.38,12.0762
3128.57,210.78,12.0937
3129.57,103.19,12.0937
3130.57,102.55,12.0937
3131.57,100.51,12.0937
3132.58,100.7,12.0846
3133.58,100.8,12.0846
3134.58,100.64,12.0846
3135.58,100.96,12.0846
3136.58,101.28,12.0847
3137.58,100.95,12.0847
3138.59,101.79,12.0847
3139.59,100.43,12.0847
3140.59,100.83,12.0847
3141.59,101.08,12.0847
3142.59,102.28,12.0849
3143.59,100.64,12.0849
3144.59,101.03,12.0849
3145.6,100.75,12.0849
3146.6,101.06,12.0849
3147.6,100.64,12.0849
3148.6,100.65,12.0849
3149.6,108.29,12.0849
3150.6,100.65,12.0849
3151.6,100.67,12.0849
3152.61,101.41,12.0672
3153.61,100.79,12.0672
3154.61,101.02,12.0672
3155.61,100.62,12.0672
3156.61,100.69,12.0673
3157.61,101.04,12.0673
3158.62,101.23,12.0673
3159.62,100.72,12.0673
3160.62,101.09,12.0674
3161.62,100.74,12.0674
3162.62,101.2,12.0674
3163.62,100.73,12.0674
3164.62,100.72,12.0674
3165.63,101.09,12.0674
3166.63,100.93,12.0674
3167.63,101.12,12.0674
3168.63,100.71,12.0674
3169.63,100.68,12.0674
3170.63,111.72,12.0674
3171.63,100.74,12.0674
3172.64,100.72,12.0674
3173.64,101.72,12.0674
3174.64,100.71,12.0674
3175.64,100.63,12.0674
3176.64,101.07,12.0674
3177.64,100.66,12.0674
3178.65,101.07,12.0674
3179.65,100.7,12.0674
3180.65,100.72,12.0674
3181.65,101.17,12.0675
3182.65,100.83,12.0675
3183.65,100.77,12.0675
3184.65,101.16,12.0675
3185.66,100.75,12.0675
3186.66,101.19,12.0675
3187.66,100.74,12.0675
3188.66,100.77,12.0675
3189.66,101.18,12.0675
3190.66,100.76,12.0675
3191.67,101.94,12.0675
3192.67,102.98,12.0675
3193.67,100.74,12.0675
3194.67,101.14,12.0675
3195.67,100.73,12.0675
3196.67,101.19,12.0675
3197.67,100.77,12.0675
3198.68,100.78,12.0675
3199.68,101.17,12.0675
3200.68,100.59,12.0675
3201.68,100.73,12.0676
3202.68,101.87,12.0676
3203.68,100.64,12.0675
3204.69,101.16,12.0677
3205.69,100.78,12.0677
3206.69,100.84,12.0677
3207.69,101.19,12.0677
3208.69,100.8,12.0677
3209.69,101.23,12.0677
3210.7,100.84,12.0677
3211.7,100.89,12.0677
3212.7,101.3,12.0677
3213.7,100.55,12.0677
3214.7,100.89,12.0677
3215.7,100.5,12.0677
3216.7,100.64,12.0677
3217.71,101.21,12.0677
3218.71,100.91,12.0677
3219.71,101.29,12.0676
3220.71,100.87,12.0676
3221.71,100.79,12.0677
3222.71,101.12,12.0677
3223.72,100.88,12.0677
3224.72,101.27,12.0677
3225.72,100.72,12.0677
3226.72,100.69,12.0677
3227.72,100.98,12.0677
3228.72,100.57,12.0677
3229.73,101.0,12.0677
3230.73,100.65,12.0677
3231.73,101.5,12.0677
3232.73,126.68,11.9518
3233.73,114.49,1.9952
3234.73,328.4,2.2639
3235.73,309.54,2.6884
3236.73,350.62,2.8283
3237.74,347.01,3.0971
3238.74,327.8,3.397
3239.74,307.0,3.6677
3240.74,306.72,3.9174
3241.74,308.24,4.1358
3242.74,303.5,4.3215
3243.75,302.42,4.481
3244.75,301.63,4.618
3245.75,303.21,4.7744
3246.75,303.53,4.8831
3247.75,305.09,5.0274
3248.75,169.95,5.6668
3249.75,105.83,6.3994
3250.75,174.06,7.2656
3251.76,399.58,8.2355
3252.76,391.38,8.9424
3253.76,108.61,8.9424
3254.76,100.84,8.9424
3255.76,197.53,8.9424
3256.76,312.72,8.9426
3257.76,306.38,8.9445
3258.77,279.27,9.0403
3259.77,228.12,9.0405
3260.77,213.28,9.0405
3261.77,135.31,9.0406
3262.77,149.26,9.0406
3263.77,107.25,9.0406
3264.77,122.17,9.0406
3265.77,116.53,9.0406
3266.78,142.12,9.0449
3267.78,135.0,9.0449
3268.78,123.46,9.0394
3269.78,147.58,9.0394
3270.78,151.49,9.0394
3271.78,101.11,9.0396
3272.78,114.47,9.0396
3273.79,102.77,9.0396
3274.79,198.62,9.4197
3275.79,399.57,10.2569
3276.79,400.84,10.8896
3277.79,399.58,11.5691
3278.79,286.63,11.8135
3279.79,155.02,11.8765
3280.79,102.4,11.9138
3281.8,110.96,11.9138
3282.8,127.75,11.9138
3283.8,145.94,11.9145
3284.8,114.18,11.9145
3285.8,123.29,11.9145
3286.8,124.23,11.9145
3287.8,102.7,11.9145
3288.81,102.46,11.9145
3289.81,102.86,11.9145
3290.81,104.58,11.9145
3291.81,101.55,11.9145
3292.81,104.8,11.9145
3293.81,101.46,11.9145
3294.81,101.2,11.9145
3295.82,101.3,11.9145
3296.82,109.47,11.9145
3297.82,101.87,11.9145
3298.82,101.22,11.9145
3299.82,100.88,11.9145
3300.82,104.05,11.9145
3301.82,104.27,11.9147
3302.83,136.27,11.9147
3303.83,100.87,11.9147
3304.83,100.95,11.9148
3305.83,101.85,11.9148
3306.83,135.32,11.9148
3307.83,128.92,11.9148
3308.83,101.6,11.9148
3309.84,101.26,11.9148
3310.84,160.68,11.9148
3311.84,167.65,11.9148
3312.84,121.51,11.9148
3313.84,114.17,11.9148
3314.84,100.85,11.9148
3315.84,100.91,11.9148
3316.85,105.53,11.9148
3317.85,104.63,11.9148
3318.85,101.61,11.9148
3319.85,100.98,11.9148
3320.85,100.83,11.9148
3321.85,162.48,11.9149
3322.85,102.99,11.9149
3323.86,102.73,11.9149
3324.86,101.55,11.9149
3325.86,103.8,11.9149
3326.86,100.75,11.9149
3327.86,101.28,11.9149
3328.86,101.42,11.9149
3329.87,101.82,11.9149
3330.87,102.3,11.9149
3331.87,100.8,11.9149
3332.87,101.73,11.9149
3333.87,100.88,11.9149
3334.87,101.14,11.9149
3335.87,109.11,11.9149
3336.88,101.57,11.9149
3337.88,104.09,11.9149
3338.88,103.17,11.9149
3339.88,100.84,11.9149
3340.88,101.27,11.9149
3341.88,100.91,11.915
3342.89,101.33,11.915
3343.89,100.79,11.915
3344.89,100.9,11.915
3345.89,100.97,11.915
3346.89,100.64,11.915
3347.89,100.96,11.915
3348.9,101.12,11.915
3349.9,100.57,11.915
3350.9,101.14,11.915
3351.9,100.83,11.915
3352.9,101.39,11.915
3353.9,102.83,11.9151
3354.9,102.27,11.9151
3355.91,106.02,11.9151
3356.91,100.76,11.9151
3357.91,101.11,11.9151
3358.91,139.81,11.9151
3359.91,100.84,11.9151
3360.91,106.51,11.9151
3361.92,100.97,11.9151
3362.92,104.84,11.9151
3363.92,101.95,11.9151
3364.92,106.7,11.9151
3365.92,100.97,11.9151
3366.92,100.56,11.9151
3367.92,101.06,11.9151
3368.93,330.27,11.9202
3369.93,399.5,12.0245
3370.93,150.31,12.0245
3371.93,101.59,12.0245
3372.93,101.29,12.0245
3373.93,101.7,12.0245
3374.93,103.47,12.0245
3375.94,100.88,12.0245
3376.94,101.31,12.0245
3377.94,100.99,12.0245
3378.94,100.89,12.0245
3379.94,101.71,12.0245
3380.94,100.8,12.0245
3381.94,100.97,12.0245
3382.95,101.51,12.0245
3383.95,102.96,12.0245
3384.95,101.02,12.0246
3385.95,101.35,12.0246
3386.95,100.93,12.0246
3387.95,101.07,12.0246
3388.95,101.37,12.0246
3389.95,100.88,12.0246
3390.96,101.43,12.0246
3391.96,101.51,12.0246
3392.96,100.93,12.0246
3393.96,101.27,12.0245
3394.96,100.82,12.0245
3395.96,100.76,12.0245
3396.97,101.31,12.0247
3397.97,100.82,12.0247
3398.97,101.29,12.0247
3399.97,100.95,12.0247
3400.97,154.09,12.0248
3401.97,299.21,12.0252
3402.98,147.21,12.0252
3403.98,123.14,12.0252
3404.98,305.91,12.0546
3405.98,174.65,5.0014
3406.98,221.7,2.078
3407.98,336.6,2.3634
3408.98,299.24,2.704
3409.99,368.21,2.8328
3410.99,346.59,3.0922
3411.99,320.98,3.3804
3412.99,318.11,3.6549
3413.99,310.13,3.9315
3414.99,308.33,4.1538
3415.99,305.7,4.3324
3417.0,302.13,4.5015
3418.0,302.23,4.6782
3419.0,302.39,4.8384
3420.0,309.04,4.9882
3421.0,298.24,5.4721
3422.0,121.13,6.3712
3423.0,201.19,7.3721
3424.01,400.77,8.2673
3425.01,380.51,8.9321
3426.01,103.33,9.083
3427.01,101.02,9.0844
3428.01,216.01,9.086
3429.01,307.69,9.0881
3430.01,308.56,9.0908
3431.01,305.21,9.092
3432.02,299.87,9.0923
3433.02,244.83,9.0923
3434.02,223.24,9.0923
3435.02,163.33,9.0927
3436.02,105.91,9.0928
3437.02,134.4,9.0825
3438.03,123.81,9.0824
3439.03,217.03,9.0832
3440.03,154.23,9.0839
3441.03,122.61,9.0839
3442.03,127.34,9.0839
3443.03,179.25,9.084
3444.03,110.11,9.084
3445.04,101.85,9.084
3446.04,106.0,9.084
3447.04,186.54,9.084
3448.04,183.63,9.1827
3449.04,399.54,10.0589
3450.04,399.78,10.686
3451.05,400.6,11.3317
3452.05,344.67,11.8658
3453.05,102.61,11.914
3454.05,119.05,11.914
3455.05,117.48,11.914
3456.05,120.73,11.914
3457.05,105.59,11.914
3458.06,101.46,11.914
3459.06,101.32,11.914
3460.06,100.9,11.914
3461.06,108.73,11.9138
3462.06,105.43,11.9139
3463.06,101.28,11.9141
3464.06,101.3,11.914
3465.07,101.19,11.9141
3466.07,106.07,11.9141
3467.07,100.95,11.914
3468.07,102.43,11.914
3469.07,102.6,11.914
3470.07,112.44,11.914
3471.08,121.72,11.914
3472.08,115.75,11.9141
3473.08,100.9,11.9141
3474.08,143.21,11.9168
3475.08,100.91,11.9168
3476.08,100.57,11.9168
3477.08,101.41,11.9168
3478.09,101.92,11.9168
3479.09,121.74,11.9168
3480.09,130.2,11.9168
3481.09,105.09,11.9168
3482.09,161.63,11.9168
3483.09,146.1,11.9168
3484.09,100.97,11.9168
3485.1,120.01,11.9168
3486.1,101.23,11.9168
3487.1,100.94,11.9168
3488.1,104.29,11.9168
3489.1,101.55,11.9168
3490.1,101.22,11.9168
3491.11,101.58,11.9168
3492.11,100.84,11.9169
3493.11,111.48,11.9169
3494.11,102.19,11.9169
3495.11,102.37,11.9169
3496.11,100.97,11.9169
3497.11,100.99,11.9169
3498.12,101.22,11.9169
3499.12,101.26,11.9169
3500.12,100.87,11.9169
3501.12,104.1,11.9169
3502.12,101.78,11.9169
3503.12,100.95,11.9169
3504.12,102.32,11.9169
3505.12,100.73,11.9169
3506.13,101.28,11.9169
3507.13,107.94,11.9169
3508.13,100.98,11.9169
3509.13,102.78,11.9169
3510.13,100.57,11.9169
3511.13,101.01,11.9169
3512.14,100.9,11.9171
3513.14,101.53,11.9171
3514.14,100.82,11.9171
3515.14,102.86,11.9171
3516.14,101.04,11.9172
3517.14,100.61,11.9172
3518.15,101.11,11.9172
3519.15,101.07,11.9172
3520.15,100.75,11.9172
3521.15,102.01,11.9171
3522.15,100.8,11.9172
3523.15,101.22,11.9172
3524.15,101.3,11.9171
3525.16,124.06,11.9171
3526.16,106.65,11.9171
3527.16,100.88,11.9172
3528.16,121.73,11.9172
3529.16,152.9,11.9172
3530.16,100.82,11.9172
3531.16,100.89,11.9172
3532.17,104.78,11.9172
3533.17,100.92,11.9172
3534.17,101.29,11.9172
3535.17,104.26,11.9172
3536.17,100.74,11.9172
3537.17,101.67,11.9172
3538.18,100.86,11.9172
3539.18,101.3,11.9172
3540.18,103.03,11.9172
3541.18,104.82,11.9172
3542.18,105.23,11.9173
3543.18,100.94,11.9173
3544.18,353.42,11.9243
3545.19,400.2,12.0314
3546.19,204.53,12.0314
3547.19,101.46,12.0314
3548.19,101.26,12.0314
3549.19,101.06,12.0314
3550.19,100.81,12.0314
3551.19,101.24,12.0314
3552.2,100.66,12.0314
3553.2,101.31,12.0314
3554.2,103.97,12.0313
3555.2,100.83,12.0313
3556.2,103.67,12.0313
3557.2,112.59,12.0313
3558.21,101.26,12.0313
3559.21,101.09,12.0313
3560.21,104.69,12.0313
3561.21,101.31,12.0313
3562.21,101.14,12.0315
3563.21,100.89,12.0315
3564.21,102.87,12.0315
3565.21,100.83,12.0315
3566.22,100.82,12.0315
3567.22,154.29,12.0316
3568.22,302.1,12.0321
3569.22,146.1,12.0321
3570.22,135.65,12.0322
3571.22,114.6,12.0321
3572.22,145.24,12.0321
3573.23,132.06,12.0321
3574.23,106.03,12.0321
3575.23,104.49,12.0321
3576.23,102.69,12.0321
3577.23,104.93,12.0321
3578.23,101.12,12.0321
3579.24,101.14,12.0321
3580.24,103.86,12.0321
3581.24,101.17,12.0322
3582.24,102.17,12.0322
3583.24,101.44,12.0322
3584.24,100.76,12.0322
3585.24,100.79,12.0322
3586.25,101.17,12.0322
3587.25,100.73,12.0322
3588.25,100.76,12.0322
3589.25,101.17,12.0322
3590.25,107.78,12.0322
3591.25,101.2,12.0322
3592.26,100.88,12.0322
3593.26,105.08,12.0323
3594.26,102.59,12.0323
3595.26,105.99,12.0323
3596.26,101.36,12.0321
3597.26,100.77,12.0321
3598.26,100.77,12.0321
3599.27,101.17,12.0321
3600.27,100.79,12.0323
3601.27,100.78,12.0324
3602.27,101.18,12.0324
3603.27,100.77,12.0323
3604.27,100.75,12.0323
3605.27,101.09,12.0323
3606.28,100.62,12.0323
3607.28,101.03,12.0323
3608.28,100.63,12.0324
3609.28,100.73,12.0324
3610.28,101.12,12.0324
3611.28,102.26,12.0324
3612.28,100.75,12.0324
3613.29,102.9,12.0324
3614.29,100.73,12.0324
3615.29,101.15,12.0324
3616.29,196.84,12.0331
3617.29,399.49,12.0545
3618.29,262.9,12.0568
3619.3,103.57,12.0568
3620.3,100.71,12.0568
3621.3,104.31,12.0568
3622.3,100.83,12.0568
3623.3,101.15,12.0569
3624.3,100.78,12.0569
3625.3,100.78,12.0569
3626.31,101.06,12.057
3627.31,100.79,12.057
3628.31,100.77,12.057
3629.31,100.96,12.057
3630.31,100.52,12.057
3631.31,101.9,12.057
3632.32,102.19,12.057
3633.32,100.7,12.057
3634.32,100.93,12.057
3635.32,100.61,12.057
3636.32,101.18,12.057
3637.32,103.87,12.057
3638.32,100.89,12.057
3639.33,101.26,12.057
3640.33,100.77,12.057
3641.33,100.72,12.057
3642.33,100.97,12.057
3643.33,100.5,12.057
3644.33,100.54,12.057
3645.33,100.91,12.057
3646.34,100.56,12.057
3647.34,100.92,12.057
3648.34,100.51,12.057
3649.34,100.54,12.057
3650.34,100.91,12.057
3651.34,100.54,12.0571
3652.35,101.22,12.0571
3653.35,100.72,12.0571
3654.35,100.69,12.0571
3655.35,101.06,12.0571
3656.35,100.83,12.0571
3657.35,100.81,12.0571
3658.35,102.0,12.0571
3659.36,102.8,12.0571
3660.36,101.25,12.0571
3661.36,156.68,12.057
3662.36,100.89,12.057
3663.36,101.58,12.057
3664.36,100.82,12.057
3665.36,100.53,12.057
3666.37,100.96,12.057
3667.37,100.81,12.0571
3668.37,100.87,12.0571
3669.37,101.09,12.0571
3670.37,100.65,12.0571
3671.37,101.0,12.0573
3672.37,100.77,12.0573
3673.38,100.87,12.0573
3674.38,101.24,12.0573
3675.38,100.81,12.0573
3676.38,100.91,12.0573
3677.38,101.25,12.0573
3678.38,100.85,12.0573
3679.39,323.42,12.062
3680.39,399.47,12.063
3681.39,188.37,12.0631
3682.39,101.38,12.0631
3683.39,100.91,12.0631
3684.39,119.63,7.9725
3685.39,209.16,2.0888
3686.39,328.47,2.493
3687.4,317.65,2.747
3688.4,357.76,2.9578
3689.4,336.88,3.2482
3690.4,313.88,3.546
3691.4,307.64,3.8122
3692.4,310.85,4.0527
3693.4,303.15,4.2595
3694.41,305.06,4.4255
3695.41,302.07,4.5836
3696.41,302.21,4.7589
3697.41,305.31,4.8837
3698.41,300.87,5.029
3699.41,209.62,5.565
3700.41,102.04,6.2644
3701.41,104.87,6.9228
3702.41,399.56,8.1172
3703.42,399.6,8.8223
3704.42,154.92,9.0055
3705.42,100.44,9.0055
3706.42,155.06,9.0055
3707.42,303.69,9.0055
3708.42,261.96,9.0055
3709.42,221.36,9.1057
3710.43,203.29,9.1057
3711.43,151.94,9.1059
3712.43,131.93,9.1059
3713.43,138.53,9.1059
3714.43,108.88,9.1059
3715.43,125.66,9.1059
3716.43,196.68,9.1059
3717.44,177.45,9.106
3718.44,127.73,9.106
3719.44,131.09,9.106
3720.44,115.41,9.106
3721.44,191.22,9.106
3722.44,102.0,9.106
3723.44,102.54,9.106
3724.45,101.85,9.106
3725.45,105.81,9.106
3726.45,128.56,9.106
3727.45,173.4,9.3932
3728.45,399.59,10.1824
3729.45,400.83,10.8134
3730.45,399.6,11.4752
3731.46,285.24,11.8932
3732.46,107.27,11.9411
3733.46,108.4,11.9411
3734.46,126.63,11.9411
3735.46,134.94,11.9411
3736.46,105.07,11.9411
3737.46,123.53,11.9411
3738.47,114.27,11.9411
3739.47,100.84,11.9411
3740.47,103.01,11.9411
3741.47,105.33,11.9412
3742.47,149.58,11.9412
3743.47,100.98,11.9412
3744.47,105.43,11.9412
3745.48,101.64,11.9412
3746.48,107.06,11.9412
3747.48,100.9,11.9412
3748.48,103.48,11.9412
3749.48,114.45,11.9412
3750.48,114.36,11.9412
3751.48,100.93,11.9412
3752.49,118.7,11.9412
3753.49,100.9,11.9412
3754.49,102.29,11.9412
3755.49,100.94,11.9412
3756.49,100.58,11.9412
3757.49,101.05,11.9412
3758.49,101.65,11.9412
3759.5,125.01,11.9412
3760.5,119.38,11.9412
3761.5,103.05,11.9414
3762.5,124.92,11.9414
3763.5,157.86,11.9415
3764.5,120.76,11.9415
3765.51,101.08,11.9415
3766.51,114.15,11.9415
3767.51,102.26,11.9415
3768.51,102.99,11.9415
3769.51,104.87,11.9415
3770.51,104.62,11.9415
3771.51,117.53,11.9415
3772.51,100.94,11.9415
3773.52,144.96,11.9415
3774.52,129.17,11.9415
3775.52,101.17,11.9415
3776.52,102.68,11.9415
3777.52,104.6,11.9415
3778.52,100.94,11.9415
3779.52,100.45,11.9415
3780.53,101.27,11.9415
3781.53,104.9,11.9415
3782.53,112.58,11.9415
3783.53,101.09,11.9415
3784.53,100.65,11.9415
3785.53,100.72,11.9415
3786.53,103.75,11.9416
3787.54,101.01,11.9416
3788.54,101.43,11.9416
3789.54,105.15,11.9416
3790.54,102.64,11.9416
3791.54,101.17,11.9416
3792.54,100.73,11.9416
3793.54,100.6,11.9416
3794.55,101.05,11.9416
3795.55,100.72,11.9416
3796.55,101.26,11.9416
3797.55,100.88,11.9416
3798.55,100.88,11.9416
3799.55,101.2,11.9416
3800.56,103.21,11.9416
3801.56,103.06,11.9416
3802.56,100.65,11.9416
3803.56,100.56,11.9416
3804.56,101.56,11.9416
3805.56,100.85,11.9416
3806.57,102.58,11.9417
3807.57,106.38,11.9417
3808.57,100.7,11.9417
3809.57,101.08,11.9417
3810.57,135.6,11.9417
3811.57,101.79,11.9417
3812.57,103.26,11.9417
3813.58,100.87,11.9417
3814.58,104.87,11.9417
3815.58,100.89,11.9417
3816.58,103.43,11.9417
3817.58,101.34,11.9417
3818.58,101.21,11.9417
3819.58,101.02,11.9417
3820.59,101.65,11.9417
3821.59,100.9,11.9417
3822.59,101.46,11.9417
3823.59,106.17,11.9417
3824.59,100.85,11.9417
3825.59,101.31,11.9417
3826.59,363.55,11.9506
3827.6,399.4,12.0569
3828.6,169.03,12.0569
3829.6,100.93,12.0569
3830.6,100.73,12.0569
3831.6,101.62,12.0569
3832.6,100.62,12.0569
3833.6,100.8,12.0569
3834.61,101.01,12.0569
3835.61,100.77,12.0569
3836.61,101.3,12.0569
3837.61,100.78,12.0569
3838.61,100.85,12.0569
3839.61,101.25,12.0569
3840.62,100.84,12.0569
3841.62,103.96,12.057
3842.62,103.36,12.057
3843.62,100.86,12.057
3844.62,101.24,12.057
3845.62,100.85,12.057
3846.62,100.92,12.057
3847.63,101.25,12.057
3848.63,100.74,12.057
3849.63,101.27,12.057
3850.63,204.15,12.057
3851.63,264.55,12.0575
3852.63,277.66,12.0598
3853.63,202.47,12.0598
3854.64,284.76,12.1096
3855.64,174.41,12.1054
3856.64,100.83,12.1055
3857.64,111.85,12.1055
3858.64,101.27,12.1055
3859.64,100.76,12.1055
3860.64,101.25,12.0867
3861.65,101.24,12.0867
3862.65,100.78,12.0867
3863.65,100.7,12.0867
3864.65,108.13,12.0867
3865.65,110.47,12.0867
3866.65,103.43,12.0867
3867.65,147.59,12.0867
3868.65,172.68,12.0867
3869.66,100.59,12.0867
3870.66,101.27,12.0724
3871.66,100.69,12.0724
3872.66,100.79,12.0724
3873.66,101.27,12.0724
3874.66,100.8,12.0724
3875.66,105.32,12.0724
3876.66,100.98,12.0726
3877.67,101.21,12.0726
3878.67,103.59,12.0726
3879.67,100.71,12.0726
3880.67,101.09,12.0726
3881.67,100.67,12.0726
3882.67,100.7,12.0726
3883.67,101.05,12.0726
3884.67,100.62,12.0726
3885.68,100.7,12.0726
3886.68,101.13,12.0726
3887.68,100.71,12.0726
3888.68,100.71,12.0726
3889.68,101.08,12.0726
3890.68,100.71,12.0726
3891.69,101.16,12.0726
3892.69,100.8,12.0726
3893.69,100.74,12.0726
3894.69,101.11,12.0726
3895.69,100.72,12.0726
3896.69,106.63,12.0727
3897.69,110.06,12.0727
3898.7,101.49,12.0727
3899.7,104.0,12.0727
3900.7,109.44,12.0727
3901.7,111.17,12.0728
3902.7,101.05,12.0728
3903.7,100.68,12.0728
3904.71,101.1,12.0728
3905.71,100.78,12.0728
3906.71,100.78,12.0728
3907.71,101.12,12.0728
3908.71,100.78,12.0728
3909.71,100.73,12.0728
3910.71,101.12,12.0728
3911.72,100.79,12.0728
3912.72,101.22,12.0729
3913.72,100.74,12.0729
3914.72,100.81,12.0729
3915.72,101.13,12.0729
3916.72,100.79,12.0729
3917.72,100.71,12.0729
3918.73,101.05,12.0729
3919.73,118.06,12.0729
3920.73,100.83,12.0729
3921.73,101.02,12.0729
3922.73,100.77,12.0729
3923.73,102.33,12.0729
3924.74,100.73,12.0729
3925.74,100.74,12.0729
3926.74,101.16,12.0729
3927.74,100.7,12.0729
3928.74,101.14,12.0729
3929.74,100.72,12.0729
3930.74,100.79,12.0729
3931.75,101.17,12.073
3932.75,100.81,12.073
3933.75,100.74,12.073
3934.75,101.2,12.073
3935.75,100.75,12.073
3936.75,100.78,12.073
3937.75,101.02,12.073
3938.76,100.78,12.073
3939.76,101.12,12.073
3940.76,100.71,12.073
3941.76,100.99,12.0729
3942.76,101.18,12.0729
3943.76,100.95,12.0729
3944.77,101.14,12.0729
3945.77,100.85,12.0729
3946.77,100.66,12.0729
3947.77,100.89,12.0729
3948.77,100.49,12.0729
3949.77,100.51,12.0729
3950.77,100.92,12.0729
3951.78,100.66,12.073
3952.78,101.2,12.073
3953.78,100.73,12.073
3954.78,100.73,12.073
3955.78,101.12,12.073
3956.78,100.78,12.073
3957.79,101.11,12.073
3958.79,100.73,12.073
3959.79,100.72,12.073
3960.79,101.12,12.073
3961.79,100.76,12.073
3962.79,101.21,12.073
3963.79,100.72,12.073
3964.8,100.74,12.073
3965.8,101.16,12.073
3966.8,100.77,12.073
3967.8,100.75,12.073
3968.8,101.19,12.073
3969.8,100.72,12.073
3970.81,101.17,12.073
3971.81,100.79,12.0731
3972.81,100.8,12.0731
3973.81,101.13,12.0731
3974.81,100.95,12.0731
3975.81,100.95,12.0731
3976.81,101.8,12.0732
3977.82,101.27,12.0732
3978.82,101.14,12.0732
3979.82,100.73,12.0732
3980.82,100.88,12.0732
3981.82,102.47,12.0732
3982.82,100.75,12.0732
3983.83,100.91,12.0732
3984.83,100.48,12.0732
3985.83,100.48,12.0732
3986.83,100.94,12.0732
3987.83,101.23,12.0732
3988.83,100.9,12.0732
3989.83,100.73,12.0732
3990.84,100.72,12.0732
3991.84,101.21,12.0733
3992.84,100.8,12.0733
3993.84,100.74,12.0733
3994.84,101.2,12.0733
3995.84,100.74,12.0733
3996.84,101.16,12.0733
3997.85,101.09,12.0733
3998.85,100.66,12.0733
3999.85,100.62,12.0733
4000.85,101.14,12.0733
4001.85,120.65,12.0734
4002.85,101.28,12.0734
4003.85,110.26,12.0734
4004.86,100.93,12.0734
4005.86,101.14,12.0734
4006.86,101.21,12.0734
4007.86,100.45,12.0734
4008.86,101.0,12.0734
4009.86,100.54,12.0734
4010.87,100.85,12.0734
4011.87,100.66,12.0734
4012.87,100.74,12.0734
4013.87,100.93,12.0734
4014.87,100.74,12.0734
4015.87,101.12,12.0734
4016.88,100.55,12.0734
4017.88,100.5,12.0734
4018.88,100.89,12.0734
4019.88,101.24,12.0734
4020.88,100.88,12.0734
4021.88,104.85,12.0734
4022.88,100.75,12.0734
4023.89,103.86,12.0734
4024.89,100.54,12.0734
4025.89,100.92,12.0734
4026.89,100.57,12.0735
4027.89,100.52,12.0735
4028.89,103.95,12.0735
4029.9,100.69,12.0736
4030.9,127.79,12.0736
4031.9,136.94,12.0736
4032.9,103.28,12.0736
4033.9,101.0,12.0736
4034.9,100.65,12.0736
4035.9,100.89,12.0736
4036.91,102.09,12.0736
4037.91,100.62,12.0735
4038.91,100.5,12.0735
4039.91,100.89,12.0735
4040.91,100.47,12.0735
4041.91,100.54,12.0735
4042.91,101.06,12.0735
4043.92,100.66,12.0735
4044.92,100.87,12.0735
4045.92,100.59,12.0735
4046.92,100.75,12.0736
4047.92,105.91,12.0736
4048.92,100.48,12.0736
4049.93,100.88,12.0736
4050.93,100.46,12.0736
4051.93,100.52,12.0737
4052.93,100.94,12.0737
4053.93,100.5,12.0737
4054.93,100.68,12.0736
4055.93,101.12,12.0736
4056.94,100.59,12.0736
4057.94,100.91,12.0736
4058.94,100.54,12.0736
4059.94,100.56,12.0738
4060.94,101.24,12.0738
4061.94,100.79,12.0738
4062.94,107.34,12.0739
4063.95,100.93,12.0739
4064.95,100.72,12.0739
4065.95,100.73,12.0739
4066.95,101.17,12.0739
4067.95,100.72,12.0739
4068.95,101.21,12.0739
4069.95,100.74,12.0739
4070.96,100.72,12.0739
4071.96,101.23,12.0739
4072.96,100.81,12.0739
4073.96,100.74,12.0739
4074.96,101.18,12.0739
4075.96,100.7,12.0739
4076.96,100.76,12.0739
4077.97,101.17,12.0739
4078.97,100.75,12.0739
4079.97,100.7,12.0739
4080.97,101.16,12.0739
4081.97,100.62,12.074
4082.97,100.59,12.074
4083.97,100.9,12.074
4084.98,100.53,12.074
4085.98,100.49,12.074
4086.98,101.03,12.074
4087.98,100.51,12.074
4088.98,100.8,12.074
4089.98,101.18,12.074
4090.98,100.73,12.074
4091.98,100.71,12.074
4092.99,102.36,12.074
4093.99,100.71,12.074
4094.99,101.4,12.074
4095.99,101.19,12.074
4096.99,101.18,12.074
4097.99,100.73,12.074
4098.99,101.16,12.074
4099.99,100.73,12.074
4101.0,100.7,12.074
4102.0,104.66,12.074
4103.0,100.76,12.074
4104.0,100.69,12.074
4105.0,102.72,12.0741
4106.0,103.39,12.0741
4107.0,100.81,12.0742
4108.0,100.48,12.0741
4109.01,103.74,12.0741
4110.01,100.71,12.0741
4111.01,102.65,12.0742
4112.01,100.57,12.0742
4113.01,100.59,12.0742
4114.01,100.96,12.0742
4115.02,100.4,12.0741
4116.02,100.42,12.0741
4117.02,100.9,12.0741
4118.02,100.48,12.0743
4119.02,100.92,12.0743
4120.02,100.48,12.0743
4121.02,100.48,12.0743
4122.03,100.92,12.0743
4123.03,103.46,12.0743
4124.03,100.51,12.0743
4125.03,101.09,12.0743
4126.03,100.7,12.0743
4127.03,101.12,12.0744
4128.03,100.7,12.0744
4129.04,100.73,12.0744
4130.04,101.15,12.0744
4131.04,100.67,12.0744
4132.04,100.7,12.0744
4133.04,103.44,12.0744
4134.04,100.62,12.0744
4135.04,100.5,12.0744
4136.05,100.86,12.0744
4137.05,103.31,12.0744
4138.05,100.71,12.0744
4139.05,101.12,12.0744
4140.05,103.82,12.0744
4141.05,101.08,12.0744
4142.05,100.72,12.0744
4143.06,101.12,12.0744
4144.06,101.1,12.0744
4145.06,100.7,12.0744
4146.06,100.68,12.0744
4147.06,101.13,12.0745
4148.06,100.7,12.0745
4149.06,100.63,12.0745
4150.07,101.05,12.0745
4151.07,100.6,12.0745
4152.07,101.06,12.0745
4153.07,100.76,12.0745
4154.07,100.68,12.0745
4155.07,101.08,12.0745
4156.08,100.66,12.0745
4157.08,100.73,12.0745
4158.08,101.18,12.0745
4159.08,100.69,12.0745
4160.08,100.69,12.0745
4161.08,101.12,12.0745
4162.08,100.73,12.0745
4163.08,100.75,12.0745
4164.09,101.17,12.0745
4165.09,100.71,12.0745
4166.09,100.71,12.0745
4167.09,101.14,12.0746
4168.09,100.73,12.0746
4169.09,100.72,12.0746
4170.09,101.11,12.0746
4171.1,100.72,12.0746
4172.1,101.13,12.0746
4173.1,100.76,12.0746
4174.1,100.7,12.0746
4175.1,101.07,12.0746
4176.1,100.69,12.0746
4177.1,100.72,12.0746
4178.11,101.19,12.0746
4179.11,101.88,12.0746
4180.11,101.18,12.0746
4181.11,100.67,12.0746
4182.11,100.72,12.0746
4183.11,101.1,12.0746
4184.12,100.61,12.0746
4185.12,100.6,12.0746
4186.12,101.1,12.0746
4187.12,100.73,12.0747
4188.12,101.08,12.0747
4189.12,100.7,12.0747
4190.12,100.7,12.0747
4191.13,101.09,12.0747
4192.13,100.74,12.0747
4193.13,100.75,12.0747
4194.13,101.17,12.0747
4195.13,100.55,12.0747
4196.13,100.43,12.0747
4197.13,101.01,12.0747
4198.14,100.46,12.0747
4199.14,101.1,12.0747
4200.14,100.58,12.0747
4201.14,100.46,12.0747
4202.14,100.9,12.0747
4203.14,100.74,12.0747
4204.14,100.67,12.0747
4205.15,101.18,12.0747
4206.15,100.76,12.0748
4207.15,100.75,12.0749
4208.15,101.2,12.0749
4209.15,100.72,12.0749
4210.15,100.67,12.0749
4211.15,101.1,12.0749
4212.16,100.73,12.0749
4213.16,100.75,12.0749
4214.16,101.04,12.0749
4215.16,100.68,12.0749
4216.16,101.08,12.0749
4217.16,104.44,12.0749
4218.16,100.51,12.0748
4219.17,100.88,12.0748
4220.17,100.46,12.0749
4221.17,100.51,12.0749
4222.17,100.98,12.0749
4223.17,100.72,12.0749
4224.17,100.69,12.0749
4225.17,101.08,12.0749
4226.18,100.68,12.0749
4227.18,101.13,12.0749
4228.18,100.65,12.0749
4229.18,100.68,12.0749
4230.18,101.08,12.0749
4231.18,100.66,12.0749
4232.18,100.72,12.075
4233.19,101.14,12.075
4234.19,100.67,12.075
4235.19,100.68,12.075
4236.19,101.06,12.075
4237.19,100.71,12.075
4238.19,101.12,12.075
4239.19,100.68,12.075
4240.2,100.66,12.075
4241.2,101.02,12.075
4242.2,100.67,12.075
4243.2,100.66,12.075
4244.2,101.04,12.075
4245.2,100.74,12.075
4246.21,101.06,12.075
4247.21,100.8,12.075
4248.21,100.72,12.0751
4249.21,100.68,12.0751
4250.21,101.13,12.0751
4251.21,100.68,12.0751
4252.21,100.65,12.0751
4253.21,101.08,12.0751
4254.22,100.55,12.0751
4255.22,100.93,12.0751
4256.22,100.45,12.0751
4257.22,100.5,12.0751
4258.22,100.84,12.0751
4259.22,100.46,12.0751
4260.22,100.46,12.0751
4261.23,100.85,12.0751
4262.23,100.96,12.0751
4263.23,101.64,12.0751
4264.23,100.46,12.0751
4265.23,100.44,12.0751
4266.23,100.93,12.0752
4267.23,100.46,12.0752
4268.24,100.59,12.0752
4269.24,101.13,12.0752
4270.24,294.0,12.0807
4271.24,399.69,12.0954
4272.24,191.14,12.0985
4273.24,100.78,12.0985
4274.24,100.69,12.0985
4275.25,101.08,12.0985
4276.25,100.72,12.0985
4277.25,101.09,12.0985
4278.25,100.69,12.0985
4279.25,100.67,12.0985
4280.25,101.07,12.0985
4281.26,100.69,12.0985
4282.26,100.66,12.0985
4283.26,100.87,12.0985
4284.26,100.64,12.0985
4285.26,101.08,12.0985
4286.26,100.72,12.0986
4287.26,100.69,12.0986
4288.27,101.09,12.0986
4289.27,100.7,12.0986
4290.27,100.63,12.0986
4291.27,100.88,12.0986
4292.27,100.6,12.0986
4293.27,100.5,12.0986
4294.27,100.95,12.0986
4295.28,100.65,12.0986
4296.28,100.66,12.0986
4297.28,101.07,12.0986
4298.28,100.71,12.0986
4299.28,100.68,12.0986
4300.28,101.06,12.0986
4301.28,100.71,12.0986
4302.29,101.13,12.0986
4303.29,100.67,12.0986
4304.29,100.69,12.0986
4305.29,101.08,12.0986
4306.29,100.72,12.0987
4307.29,100.79,12.0986
4308.29,101.06,12.0987
4309.29,100.79,12.0987
4310.3,100.72,12.0987
4311.3,100.71,12.0987
4312.3,101.16,12.0987
4313.3,100.48,12.0987
4314.3,100.68,12.0987
4315.3,101.07,12.0987
4316.3,100.71,12.0987
4317.31,101.08,12.0987
4318.31,100.66,12.0987
4319.31,100.67,12.0987
4320.31,101.13,12.0987
4321.31,100.79,12.0986
4322.31,100.75,12.0986
4323.31,100.71,12.0986
4324.31,100.95,12.0986
4325.31,100.46,12.0986
4326.32,100.49,12.0988
4327.32,100.86,12.0988
4328.32,100.5,12.0988
4329.32,100.47,12.0988
4330.32,100.87,12.0988
4331.32,100.5,12.0988
4332.32,100.55,12.0988
4333.33,100.86,12.0988
4334.33,100.48,12.0988
4335.33,100.47,12.0988
4336.33,101.02,12.0988
4337.33,100.69,12.0988
4338.33,100.5,12.0988
4339.33,100.91,12.0988
4340.33,100.56,12.0988
4341.33,100.78,12.0988
4342.34,100.55,12.0988
4343.34,100.43,12.0988
4344.34,100.9,12.0988
4345.34,100.67,12.0988
4346.34,100.72,12.0988
4347.34,101.02,12.0988
4348.34,100.46,12.0988
4349.35,101.03,12.0988
4350.35,100.66,12.0988
4351.35,100.7,12.0989
4352.35,101.11,12.0989
4353.35,100.68,12.0989
4354.35,100.74,12.0989
4355.35,101.08,12.0989
4356.35,100.59,12.0989
4357.36,100.45,12.0989
4358.36,100.97,12.0989
4359.36,100.51,12.0989
4360.36,100.62,12.0989
4361.36,101.05,12.0989
4362.36,100.76,12.0989
4363.36,100.47,12.0989
4364.37,100.87,12.0989
4365.37,100.51,12.0989
4366.37,100.94,12.0989
4367.37,100.53,12.0989
4368.37,100.52,12.0989
4369.37,100.93,12.0989
4370.38,100.53,12.0989
4371.38,101.17,12.099
4372.38,101.65,12.099
4373.38,100.74,12.099
4374.38,101.18,12.099
4375.38,100.78,12.099
4376.39,101.21,12.099
4377.39,100.72,12.099
4378.39,100.75,12.099
4379.39,101.17,12.099
4380.39,100.7,12.099
4381.39,100.77,12.099
4382.39,101.18,12.099
4383.4,100.72,12.099
4384.4,101.16,12.099
4385.4,100.71,12.099
4386.4,100.74,12.099
4387.4,101.13,12.099
4388.4,100.76,12.099
4389.4,100.77,12.099
4390.41,101.1,12.099
4391.41,100.78,12.099
4392.41,101.21,12.0991
4393.41,100.74,12.0991
4394.41,100.74,12.0991
4395.41,101.21,12.0991
4396.41,100.79,12.0991
4397.42,100.76,12.0991
4398.42,101.2,12.0991
4399.42,100.72,12.0991
4400.42,102.91,12.0991
4401.42,101.16,12.0991
4402.42,100.84,12.0991
4403.43,101.13,12.0991
4404.43,100.73,12.0991
4405.43,100.73,12.0991
4406.43,100.97,12.0991
4407.43,100.51,12.0991
4408.43,100.94,12.0991
4409.43,100.55,12.0991
4410.44,100.76,12.0991
4411.44,101.22,12.0991
4412.44,100.83,12.0991
4413.44,101.12,12.0991
4414.44,100.73,12.0992
4415.44,100.75,12.0992
4416.45,101.18,12.0992
4417.45,100.75,12.0992
4418.45,101.22,12.0992
4419.45,100.76,12.0992
4420.45,100.77,12.0992
4421.45,101.04,12.0992
4422.46,100.59,12.0992
4423.46,100.94,12.0992
4424.46,100.53,12.0992
4425.46,100.52,12.0992
4426.46,100.96,12.0992
4427.46,100.53,12.0992
4428.47,100.94,12.0992
4429.47,100.52,12.0992
4430.47,100.54,12.0992
4431.47,100.99,12.0992
4432.47,100.58,12.0992
4433.47,100.93,12.0992
4434.47,100.62,12.0992
4435.48,100.78,12.0992
4436.48,101.22,12.0994
4437.48,100.91,12.0994
4438.48,101.27,12.0994
4439.48,100.87,12.0994
4440.48,100.9,12.0994
4441.49,101.33,12.0994
4442.49,100.94,12.0994
4443.49,101.3,12.0994
4444.49,100.92,12.0994
4445.49,100.89,12.0994
4446.49,101.33,12.0994
4447.5,100.82,12.0994
4448.5,124.59,12.1002
4449.5,114.83,2.0085
4450.5,326.13,2.2521
4451.5,305.74,2.5938
4452.5,355.93,2.7428
4453.5,355.53,3.0456
4454.51,332.59,3.3723
4455.51,314.19,3.7001
4456.51,307.61,3.9673
4457.51,304.65,4.2695
4458.51,305.69,4.5714
4459.51,309.95,4.8785
4460.51,303.92,5.1954
4461.51,302.41,5.483
4462.52,301.27,5.7544
4463.52,303.13,6.03
4464.52,303.82,6.4272
4465.52,304.44,6.7035
4466.52,326.06,7.1523
4467.52,303.6,7.2035
4468.52,292.31,7.302
4469.53,284.47,7.3056
4470.53,206.34,7.3057
4471.53,118.33,7.3057
4472.53,140.21,7.3061
4473.53,117.7,7.3062
4474.53,124.32,7.3063
4475.53,132.89,7.3063
4476.53,160.99,7.3063
4477.54,113.04,7.3063
4478.54,124.72,7.3063
4479.54,102.81,7.3063
4480.54,111.9,7.3063
4481.54,156.04,7.3063
4482.54,178.67,7.6148
4483.55,123.0,7.6639
4484.55,128.2,7.6639
4485.55,107.95,7.6639
4486.55,132.84,7.664
4487.55,108.29,7.664
4488.55,172.3,7.664
4489.56,111.97,7.664
4490.56,145.61,7.664
4491.56,138.26,7.6641
4492.56,101.25,7.6641
4493.56,112.2,7.6641
4494.56,108.35,7.6641
4495.56,102.73,7.6641
4496.57,110.85,7.6641
4497.57,269.3,7.6642
4498.57,281.0,7.6644
4499.57,245.36,5.9644
4500.57,223.48,2.1011
4501.57,335.94,2.4981
4502.57,312.82,2.7493
4503.58,354.01,2.9373
4504.58,334.18,3.2121
4505.58,310.47,3.5004
4506.58,307.12,3.763
4507.58,311.28,4.0099
4508.58,302.68,4.1962
4509.58,303.1,4.3668
4510.59,302.33,4.5188
4511.59,300.63,4.641
4512.59,303.04,4.8025
4513.59,309.38,4.9115
4514.59,302.26,5.0437
4515.59,203.06,5.6701
4516.6,121.55,6.4336
4517.6,193.67,7.3558
4518.6,399.57,8.2718
4519.6,387.74,8.9532
4520.6,102.28,8.9991
4521.6,101.01,8.9991
4522.6,248.93,8.9991
4523.61,307.12,8.9996
4524.61,304.56,9.005
4525.61,296.27,9.005
4526.61,232.61,9.0973
4527.61,169.92,9.1052
4528.61,159.85,9.1052
4529.61,156.27,9.1056
4530.62,112.53,9.1004
4531.62,118.73,9.1005
4532.62,121.57,9.1005
4533.62,139.91,9.1007
4534.62,186.68,9.101
4535.62,190.11,9.1012
4536.63,132.1,9.1012
4537.63,144.52,9.1012
4538.63,102.77,9.1012
4539.63,103.04,9.1012
4540.63,103.1,9.1012
4541.63,109.8,9.1012
4542.64,167.18,9.1012
4543.64,188.03,9.1013
4544.64,355.2,9.9485
4545.64,399.57,10.5778
4546.64,400.85,11.2144
4547.64,399.58,11.8688
4548.64,187.25,11.8827
4549.64,115.5,11.9308
4550.65,108.88,11.9308
4551.65,148.47,11.9309
4552.65,115.76,11.931
4553.65,105.53,11.931
4554.65,101.38,11.931
4555.65,122.48,11.931
4556.65,118.11,11.9312
4557.66,103.99,11.9312
4558.66,104.18,11.9312
4559.66,101.62,11.9312
4560.66,101.3,11.9312
4561.66,103.76,11.9312
4562.66,102.0,11.9312
4563.66,107.13,11.9312
4564.67,101.25,11.9312
4565.67,108.42,11.9312
4566.67,125.64,11.9312
4567.67,110.05,11.9312
4568.67,101.45,11.9313
4569.67,101.48,11.9313
4570.68,100.93,11.9313
4571.68,100.96,11.9313
4572.68,101.28,11.9313
4573.68,100.95,11.9313
4574.68,101.73,11.9313
4575.68,103.13,11.9313
4576.68,128.46,11.9313
4577.69,120.11,11.9313
4578.69,101.33,11.9313
4579.69,126.73,11.9313
4580.69,173.79,11.9314
4581.69,117.26,11.9315
4582.69,100.93,11.9315
4583.69,101.19,11.9315
4584.69,111.87,11.9315
4585.7,100.61,11.9315
4586.7,103.03,11.9315
4587.7,101.19,11.9315
4588.7,102.05,11.9315
4589.7,101.44,11.9315
4590.7,102.55,11.9315
4591.71,160.21,11.9315
4592.71,103.18,11.9315
4593.71,103.87,11.9315
4594.71,101.55,11.9315
4595.71,100.92,11.9315
4596.71,101.27,11.9315
4597.71,101.53,11.9315
4598.72,101.27,11.9315
4599.72,101.27,11.9315
4600.72,104.66,11.9315
4601.72,101.11,11.9316
4602.72,102.29,11.9316
4603.72,101.47,11.9316
4604.72,100.92,11.9316
4605.73,101.45,11.9316
4606.73,108.65,11.9316
4607.73,101.1,11.9316
4608.73,102.96,11.9316
4609.73,100.9,11.9316
4610.73,103.7,11.9316
4611.74,100.82,11.9316
4612.74,101.37,11.9316
4613.74,100.94,11.9316
4614.74,102.79,11.9316
4615.74,100.96,11.9316
4616.74,100.61,11.9316
4617.75,100.98,11.9316
4618.75,100.78,11.9316
4619.75,100.59,11.9316
4620.75,101.0,11.9316
4621.75,101.66,11.9318
4622.75,101.16,11.9318
4623.76,100.92,11.9318
4624.76,101.09,11.9318
4625.76,102.56,11.9318
4626.76,101.08,11.9318
4627.76,101.07,11.9318
4628.76,100.7,11.9318
4629.77,135.55,11.9318
4630.77,101.15,11.9318
4631.77,103.4,11.9318
4632.77,104.82,11.9318
4633.77,100.59,11.9318
4634.77,101.24,11.9318
4635.77,104.72,11.9317
4636.78,100.55,11.9318
4637.78,100.72,11.9318
4638.78,101.47,11.9318
4639.78,100.87,11.9317
4640.78,101.34,11.9317
4641.78,101.46,11.9319
4642.78,101.63,11.9318
4643.79,103.33,11.9318
4644.79,100.88,11.9318
4645.79,386.31,11.9838
4646.79,400.0,12.0464
4647.79,152.3,12.0464
4648.79,101.07,12.0465
4649.79,101.25,12.0464
4650.8,101.37,12.0464
4651.8,100.89,12.0466
4652.8,101.29,12.0465
4653.8,100.71,12.0465
4654.8,101.63,12.0465
4655.8,100.78,12.0465
4656.8,100.92,12.0466
4657.81,101.22,12.0466
4658.81,100.87,12.0466
4659.81,101.22,12.0465
4660.81,100.82,12.0465
4661.81,102.72,12.0466
4662.81,104.33,12.0465
4663.82,100.77,12.0465
4664.82,100.94,12.0465
4665.82,100.8,12.0465
4666.82,100.82,12.0466
4667.82,101.16,12.0465
4668.82,100.9,12.0465
4669.82,101.27,12.0465
4670.83,101.58,12.0465
4671.83,279.74,12.047
4672.83,220.9,12.0472
4673.83,244.87,12.049
4674.83,206.04,9.2326
4675.83,165.75,2.0538
4676.83,343.29,2.3422
4677.83,304.64,2.6757
4678.84,291.54,2.7842
4679.84,354.17,2.9742
4680.84,336.17,3.1944
4681.84,316.71,3.4324
4682.84,306.37,3.6556
4683.84,307.88,3.8585
4684.84,309.31,4.069
4685.85,304.46,4.2545
4686.85,304.74,4.422
4687.85,301.17,4.553
4688.85,302.47,4.7172
4689.85,302.39,4.8357
4690.85,303.0,4.9731
4691.85,289.95,5.1867
4692.85,101.99,6.0015
4693.86,100.89,6.736
4694.86,324.68,7.8923
4695.86,399.58,8.6002
4696.86,247.88,8.9453
4697.86,101.2,9.0454
4698.86,132.96,9.0454
4699.86,314.07,9.0479
4700.87,312.12,9.0483
4701.87,300.55,9.0507
4702.87,312.71,9.0515
4703.87,303.18,9.0516
4704.87,207.11,9.0516
4705.87,181.44,9.0517
4706.87,160.53,9.0518
4707.88,129.61,9.0518
4708.88,145.69,9.0519
4709.88,125.5,9.0519
4710.88,203.0,9.0519
4711.88,130.95,9.0519
4712.88,132.86,9.052
4713.88,136.78,9.0522
4714.88,164.03,9.0521
4715.89,122.7,9.0522
4716.89,108.61,9.0521
4717.89,108.94,9.0521
4718.89,104.64,9.0522
4719.89,311.05,9.8469
4720.89,399.59,10.4924
4721.89,401.02,11.1266
4722.89,399.6,11.7977
4723.9,202.61,11.8349
4724.9,109.2,11.9222
4725.9,115.19,11.9351
4726.9,116.13,11.9351
4727.9,106.74,11.9351
4728.9,117.45,11.9351
4729.9,106.2,11.9351
4730.91,102.49,11.9351
4731.91,140.2,11.9351
4732.91,176.91,11.9352
4733.91,135.32,11.9352
4734.91,100.78,11.9352
4735.91,154.42,11.9352
4736.92,108.6,11.9353
4737.92,120.3,11.9353
4738.92,101.18,11.9353
4739.92,104.61,11.9353
4740.92,101.34,11.9353
4741.92,105.22,11.9353
4742.92,119.44,11.9353
4743.93,113.34,11.9353
4744.93,100.92,11.9353
4745.93,122.7,11.9353
4746.93,108.66,11.9353
4747.93,100.83,11.9353
4748.93,101.17,11.9353
4749.93,100.83,11.9353
4750.94,101.83,11.9353
4751.94,120.93,11.9354
4752.94,128.92,11.9353
4753.94,101.35,11.9353
4754.94,103.05,11.9353
4755.94,142.32,11.9353
4756.94,150.67,11.9355
4757.95,100.94,11.9355
4758.95,100.84,11.9355
4759.95,119.91,11.9355
4760.95,114.35,11.9355
4761.95,102.76,11.9355
4762.95,101.41,11.9355
4763.96,105.86,11.9356
4764.96,118.96,11.9356
4765.96,102.25,11.9356
4766.96,124.76,11.9356
4767.96,137.84,11.9356
4768.96,105.42,11.9356
4769.96,101.08,11.9356
4770.97,101.28,11.9356
4771.97,100.9,11.9356
4772.97,101.88,11.9356
4773.97,100.83,11.9356
4774.97,101.23,11.9356
4775.97,103.43,11.9356
4776.98,101.21,11.9356
4777.98,101.9,11.9356
4778.98,101.39,11.9356
4779.98,100.87,11.9356
4780.98,104.27,11.9356
4781.98,101.16,11.9357
4782.98,109.36,11.9357
4783.99,101.21,11.9357
4784.99,100.84,11.9357
4785.99,101.31,11.9357
4786.99,100.98,11.9357
4787.99,100.9,11.9357
4788.99,101.72,11.9357
4790.0,103.71,11.9357
4791.0,101.3,11.9357
4792.0,100.95,11.9357
4793.0,101.31,11.9357
4794.0,101.23,11.9357
4795.0,100.59,11.9357
4796.01,101.0,11.9357
4797.01,100.74,11.9357
4798.01,101.19,11.9357
4799.01,101.19,11.9357
4800.01,102.61,11.9357
4801.01,103.35,11.9357
4802.01,101.68,11.9357
4803.02,112.04,11.9358
4804.02,130.1,11.9358
4805.02,100.6,11.9358
4806.02,106.22,11.9358
4807.02,103.61,11.9358
4808.02,102.47,11.9358
4809.02,100.98,11.9358
4810.03,104.91,11.9358
4811.03,100.81,11.9358
4812.03,101.32,11.9358
4813.03,100.97,11.9358
4814.03,100.78,11.9358
4815.03,103.15,11.9358
4816.03,367.8,12.0055
4817.04,400.12,12.0432
4818.04,114.78,12.0432
4819.04,101.57,12.0432
4820.04,100.87,12.0432
4821.04,101.29,12.0432
4822.04,100.94,12.0432
4823.04,101.07,12.0432
4824.05,101.12,12.0432
4825.05,101.19,12.0433
4826.05,100.55,12.0433
4827.05,101.22,12.0433
4828.05,101.69,12.0433
4829.05,102.23,12.0433
4830.05,101.55,12.0433
4831.06,100.89,12.0433
4832.06,104.13,12.0433
4833.06,121.57,12.0433
4834.06,100.9,12.0433
4835.06,101.29,12.0433
4836.06,102.61,12.0433
4837.06,105.53,12.0433
4838.07,101.03,12.0433
4839.07,103.48,12.0433
4840.07,100.87,12.0433
4841.07,101.27,12.0433
4842.07,101.05,12.0433
4843.07,101.14,12.0434
4844.07,101.06,12.0434
4845.08,187.56,12.0434
4846.08,235.38,9.0473
4847.08,176.95,2.0663
4848.08,344.41,2.4094
4849.08,300.55,2.7322
4850.08,361.3,2.8998
4851.08,347.46,3.1594
4852.09,327.47,3.4428
4853.09,313.42,3.7041
4854.09,304.31,3.9541
4855.09,307.14,4.1568
4856.09,303.67,4.3303
4857.09,302.47,4.4794
4858.09,301.89,4.5923
4859.1,301.63,4.7406
4860.1,299.87,4.829
4861.1,308.76,4.9419
4862.1,301.44,5.0561
4863.1,163.98,5.7307
4864.1,105.35,6.4381
4865.1,185.06,7.3491
4866.11,400.92,8.293
4867.11,378.32,8.9455
4868.11,100.91,9.0457
4869.11,101.33,9.0457
4870.11,176.19,9.0458
4871.11,303.93,9.0463
4872.11,306.08,9.0511
4873.11,305.35,9.0515
4874.12,278.31,9.0515
4875.12,260.58,9.0515
4876.12,149.37,9.0515
4877.12,261.0,9.0515
4878.12,136.74,9.0515
4879.12,134.31,9.0517
4880.12,118.75,9.0517
4881.13,166.95,9.0517
4882.13,154.92,9.0526
4883.13,111.98,9.0526
4884.13,150.69,9.0528
4885.13,166.03,9.0529
4886.13,105.4,9.0529
4887.13,124.31,9.0529
4888.14,105.21,9.0529
4889.14,223.51,9.4139
4890.14,399.57,10.1999
4891.14,399.58,10.8155
4892.14,400.8,11.468
4893.14,276.33,11.8467
4894.14,130.97,11.8987
4895.15,122.8,11.9469
4896.15,106.66,11.9469
4897.15,114.23,11.9469
4898.15,119.46,11.9469
4899.15,126.56,11.9469
4900.15,105.91,11.9469
4901.15,113.24,11.9469
4902.15,137.33,11.9469
4903.16,106.64,11.9469
4904.16,137.05,11.9469
4905.16,101.08,11.9469
4906.16,100.75,11.9469
4907.16,101.41,11.947
4908.16,102.95,11.947
4909.17,107.17,11.947
4910.17,101.05,11.947
4911.17,102.65,11.947
4912.17,106.53,11.947
4913.17,137.22,11.947
4914.17,101.27,11.947
4915.17,118.84,11.947
4916.18,111.93,11.947
4917.18,121.7,11.947
4918.18,115.03,11.947
4919.18,100.92,11.947
4920.18,102.5,11.947
4921.18,103.98,11.947
4922.19,140.8,11.947
4923.19,119.04,11.947
4924.19,103.76,11.947
4925.19,143.8,11.947
4926.19,115.65,11.947
4927.19,132.06,11.9471
4928.19,101.69,11.9471
4929.2,124.86,11.9471
4930.2,113.98,11.9471
4931.2,107.2,11.9471
4932.2,102.03,11.9471
4933.2,102.57,11.9471
4934.2,101.37,11.9471
4935.21,101.32,11.9471
4936.21,125.49,11.9471
4937.21,102.11,11.9471
4938.21,104.51,11.9471
4939.21,101.03,11.9471
4940.21,100.8,11.9471
4941.21,101.18,11.9471
4942.22,100.87,11.9471
4943.22,101.34,11.9471
4944.22,101.4,11.9471
4945.22,106.01,11.9471
4946.22,121.15,11.9471
4947.22,100.9,11.9472
4948.23,103.76,11.9472
4949.23,101.18,11.9472
4950.23,100.79,11.9472
4951.23,101.49,11.9472
4952.23,100.86,11.9472
4953.23,101.33,11.9472
4954.24,100.77,11.9472
4955.24,100.76,11.9472
4956.24,101.27,11.9472
4957.24,100.9,11.9472
4958.24,103.59,11.9472
4959.24,101.36,11.9472
4960.24,100.83,11.9472
4961.24,100.91,11.9472
4962.25,101.43,11.9472
4963.25,100.9,11.9472
4964.25,100.93,11.9472
4965.25,101.43,11.9472
4966.25,101.33,11.9472
4967.25,100.91,11.9472
4968.25,101.59,11.9472
4969.25,111.4,11.9472
4970.26,100.8,11.9472
4971.26,101.29,11.9473
4972.26,141.33,11.9473
4973.26,101.32,11.9473
4974.26,100.93,11.9473
4975.26,105.9,11.9473
4976.27,101.23,11.9473
4977.27,100.78,11.9473
4978.27,104.74,11.9473
4979.27,101.3,11.9473
4980.27,186.68,11.9536
4981.27,399.45,12.0196
4982.27,369.72,12.0564
4983.27,101.17,12.0564
4984.28,100.77,12.0564
4985.28,101.09,12.0564
4986.28,101.48,12.0518
4987.28,109.19,12.0518
4988.28,102.94,12.0518
4989.28,100.88,12.0518
4990.29,104.81,12.0518
4991.29,100.98,12.0518
4992.29,100.9,12.0518
4993.29,101.77,12.0518
4994.29,100.89,12.0518
4995.29,101.57,12.0518
4996.29,101.31,12.0518
4997.3,100.54,12.0518
4998.3,100.56,12.0518
4999.3,100.92,12.0518
5000.3,100.76,12.0518
5001.3,101.2,12.0518
5002.3,100.9,12.0518
5003.3,101.25,12.0518
5004.31,101.24,12.0518
5005.31,100.98,12.0518
5006.31,103.48,12.0519
5007.31,100.94,12.0519
5008.31,100.58,12.0519
5009.31,102.78,12.0519
5010.31,100.94,12.0519
5011.32,100.8,12.0519
5012.32,239.21,12.0519
5013.32,248.23,8.4777
5014.32,191.83,2.0788
5015.32,335.14,2.4669
5016.32,317.77,2.7406
5017.32,366.45,2.922
5018.33,337.78,3.1877
5019.33,316.75,3.4883
5020.33,314.55,3.7739
5021.33,311.16,4.0275
5022.33,303.47,4.213
5023.33,301.21,4.3688
5024.33,302.2,4.5144
5025.34,302.0,4.6363
5026.34,304.54,4.8054
5027.34,303.35,4.9309
5028.34,288.95,5.0583
5029.34,181.97,5.6836
5030.34,105.35,6.408
5031.34,135.37,7.1713
5032.35,400.81,8.2492
5033.35,399.6,8.9488
5034.35,180.04,9.1471
5035.35,100.89,9.1471
5036.35,101.91,9.1472
5037.35,288.27,9.1528
5038.35,308.99,9.1529
5039.36,298.41,9.1532
5040.36,297.5,9.1532
5041.36,206.69,9.1533
5042.36,121.32,9.1533
5043.36,143.17,9.1533
5044.36,149.34,9.1538
5045.36,131.27,9.1538
5046.37,146.1,9.1538
5047.37,106.32,9.1538
5048.37,209.86,9.1538
5049.37,114.24,9.1539
5050.37,106.02,9.1539
5051.37,131.0,9.1539
5052.37,175.68,9.154
5053.37,101.13,9.154
5054.38,105.08,9.154
5055.38,101.32,9.154
5056.38,121.27,9.154
5057.38,252.11,9.6309
5058.38,400.89,10.3239
5059.38,399.59,10.9492
5060.38,399.94,11.5982
5061.38,216.65,11.8388
5062.39,107.34,11.9025
5063.39,114.9,11.938
5064.39,114.66,11.938
5065.39,140.83,11.938
5066.39,108.16,11.938
5067.39,106.14,11.938
5068.4,112.1,11.9379
5069.4,181.7,11.9379
5070.4,104.78,11.9379
5071.4,112.62,11.938
5072.4,104.16,11.938
5073.4,101.55,11.938
5074.41,101.19,11.938
5075.41,144.65,11.938
5076.41,100.79,11.938
5077.41,118.39,11.938
5078.41,102.47,11.938
5079.41,112.89,11.938
5080.41,109.75,11.9381
5081.42,100.85,11.9381
5082.42,117.53,11.9381
5083.42,104.77,11.9381
5084.42,100.49,11.9381
5085.42,101.1,11.9381
5086.42,100.84,11.9381
5087.43,101.77,11.9381
5088.43,105.58,11.9381
5089.43,127.47,11.9383
5090.43,122.03,11.9383
5091.43,102.18,11.9383
5092.43,116.05,11.9383
5093.44,127.57,11.9384
5094.44,100.8,11.9384
5095.44,101.21,11.9384
5096.44,153.1,11.9384
5097.44,101.02,11.9384
5098.44,101.96,11.9384
5099.44,105.33,11.9384
5100.45,102.83,11.9384
5101.45,101.27,11.9384
5102.45,100.93,11.9384
5103.45,101.24,11.9384
5104.45,106.44,11.9384
5105.45,103.26,11.9384
5106.45,101.46,11.9385
5107.46,104.42,11.9385
5108.46,101.84,11.9385
5109.46,100.88,11.9385
5110.46,101.2,11.9385
5111.46,101.61,11.9385
5112.46,101.14,11.9385
5113.47,101.16,11.9385
5114.47,101.12,11.9385
5115.47,100.64,11.9385
5116.47,101.55,11.9385
5117.47,108.11,11.9385
5118.47,100.93,11.9385
5119.47,101.24,11.9385
5120.48,103.14,11.9385
5121.48,100.9,11.9385
5122.48,102.9,11.9386
5123.48,100.99,11.9386
5124.48,101.26,11.9386
5125.48,100.81,11.9386
5126.48,100.85,11.9386
5127.49,102.11,11.9386
5128.49,100.93,11.9386
5129.49,101.12,11.9386
5130.49,101.21,11.9386
5131.49,102.56,11.9388
5132.49,101.5,11.9388
5133.49,100.94,11.9388
5134.5,100.89,11.9388
5135.5,102.45,11.9388
5136.5,105.0,11.9388
5137.5,101.91,11.9388
5138.5,100.91,11.9388
5139.5,134.86,11.9388
5140.51,100.86,11.9388
5141.51,107.15,11.9388
5142.51,101.38,11.9388
5143.51,104.33,11.9388
5144.51,100.91,11.9388
5145.51,101.55,11.9388
5146.52,100.93,11.9388
5147.52,100.86,11.9388
5148.52,101.5,11.9388
5149.52,100.89,11.9388
5150.52,101.3,11.9388
5151.52,324.55,11.9441
5152.52,399.83,12.0418
5153.53,192.45,12.0418
5154.53,101.39,12.0418
5155.53,102.75,12.0418
5156.53,101.03,12.0419
5157.53,100.91,12.0419
5158.53,101.51,12.0419
5159.53,100.91,12.0419
5160.54,101.17,12.0419
5161.54,101.2,12.0419
5162.54,100.87,12.0419
5163.54,104.9,12.0419
5164.54,101.29,12.0419
5165.54,100.63,12.0419
5166.55,101.0,12.0419
5167.55,100.55,12.0419
5168.55,100.58,12.0419
5169.55,101.6,12.0419
5170.55,101.01,12.0419
5171.55,101.23,12.0419
5172.55,100.87,12.0419
5173.56,101.11,12.0419
5174.56,101.22,12.0419
5175.56,100.81,12.0419
5176.56,101.19,12.0419
5177.56,100.78,12.0419
5178.56,101.21,12.0419
5179.57,134.0,12.042
5180.57,255.57,9.1837
5181.57,163.02,2.0586
5182.57,343.19,2.3542
5183.57,304.0,2.68
5184.57,342.3,2.8275
5185.57,364.86,3.0604
5186.57,331.93,3.3159
5187.58,315.84,3.5876
5188.58,307.91,3.8427
5189.58,310.5,4.0715
5190.58,305.0,4.2765
5191.58,297.17,4.4384
5192.58,303.91,4.576
5193.58,304.22,4.7368
5194.59,305.76,4.8711
5195.59,305.86,5.0221
5196.59,289.28,5.5138
5197.59,100.93,6.254
5198.59,101.13,6.9042
5199.59,388.62,8.0237
5200.59,400.62,8.7259
5201.6,199.72,9.0135
5202.6,100.56,9.1137
5203.6,133.52,9.1137
5204.6,311.38,9.1138
5205.6,312.22,9.1138
5206.6,285.51,9.1138
5207.6,219.85,9.1138
5208.61,215.29,9.1138
5209.61,248.45,9.1138
5210.61,145.5,9.1138
5211.61,157.94,9.1138
5212.61,157.95,9.1138
5213.61,124.01,9.1141
5214.61,143.13,9.1141
5215.61,225.78,9.1142
5216.62,129.7,9.1144
5217.62,118.52,9.1145
5218.62,133.78,9.1145
5219.62,138.47,9.1145
5220.62,110.7,9.1145
5221.62,104.33,9.1145
5222.62,101.97,9.1145
5223.63,106.77,9.1145
5224.63,142.43,9.1145
5225.63,162.38,9.1145
5226.63,338.98,9.7795
5227.63,399.85,10.4997
5228.63,400.68,11.1328
5229.63,399.6,11.7982
5230.64,178.34,11.9145
5231.64,124.65,11.9425
5232.64,113.93,11.9425
5233.64,130.38,11.9425
5234.64,116.33,11.9425
5235.64,103.72,11.9425
5236.65,132.08,11.9425
5237.65,102.46,11.9425
5238.65,103.04,11.9425
5239.65,101.94,11.9425
5240.65,100.97,11.9425
5241.65,101.34,11.9425
5242.65,105.07,11.9425
5243.66,106.08,11.9425
5244.66,101.43,11.9425
5245.66,135.37,11.9425
5246.66,109.65,11.9425
5247.66,113.0,11.9425
5248.66,108.7,11.9425
5249.67,121.33,11.9425
5250.67,100.84,11.9425
5251.67,100.92,11.9426
5252.67,101.23,11.9426
5253.67,101.19,11.9426
5254.67,100.96,11.9426
5255.67,131.99,11.9429
5256.67,117.5,11.9428
5257.68,100.48,11.9428
5258.68,182.63,11.943
5259.68,115.12,11.943
5260.68,100.64,11.943
5261.68,101.18,11.9431
5262.68,144.26,11.9431
5263.68,104.21,11.9431
5264.69,101.78,11.9431
5265.69,100.9,11.9431
5266.69,101.57,11.9431
5267.69,100.63,11.9431
5268.69,107.47,11.9431
5269.69,119.47,11.9431
5270.69,101.46,11.9431
5271.7,104.49,11.9431
5272.7,101.38,11.9431
5273.7,101.66,11.9431
5274.7,100.83,11.9431
5275.7,101.32,11.9431
5276.7,101.29,11.9431
5277.7,101.66,11.9431
5278.71,101.42,11.9431
5279.71,106.84,11.9431
5280.71,101.27,11.9431
5281.71,101.17,11.9432
5282.71,100.9,11.9432
5283.71,108.84,11.9432
5284.72,101.08,11.9432
5285.72,104.58,11.9432
5286.72,100.9,11.9432
5287.72,100.82,11.9432
5288.72,101.19,11.9432
5289.72,100.79,11.9432
5290.72,100.86,11.9432
5291.73,101.38,11.9432
5292.73,100.9,11.9432
5293.73,100.84,11.9432
5294.73,101.51,11.9432
5295.73,100.87,11.9432
5296.73,101.06,11.9432
5297.73,101.3,11.9432
5298.74,100.86,11.9432
5299.74,100.84,11.9432
5300.74,101.37,11.9432
5301.74,103.25,11.9433
5302.74,101.33,11.9433
5303.74,116.14,11.9433
5304.74,114.07,11.9433
5305.75,101.2,11.9433
5306.75,100.9,11.9433
5307.75,104.7,11.9433
5308.75,100.87,11.9433
5309.75,106.61,11.9433
5310.75,101.5,11.9433
5311.76,100.65,11.9433
5312.76,103.05,11.9433
5313.76,100.68,11.9433
5314.76,100.65,11.9433
5315.76,101.79,11.9433
5316.76,107.94,11.9433
5317.77,102.99,11.9433
5318.77,100.92,11.9433
5319.77,397.35,11.9436
5320.77,399.84,12.0594
5321.77,183.88,12.0594
5322.77,100.91,12.0594
5323.77,101.28,12.0594
5324.77,101.28,12.0594
5325.78,100.84,12.0594
5326.78,101.27,12.0595
5327.78,103.65,12.0595
5328.78,101.25,12.0595
5329.78,100.82,12.0595
5330.78,101.26,12.0595
5331.79,101.29,12.0595
5332.79,100.9,12.0595
5333.79,101.25,12.0595
5334.79,100.96,12.0595
5335.79,101.64,12.0595
5336.79,101.39,12.0595
5337.8,100.84,12.0595
5338.8,101.26,12.0595
5339.8,100.85,12.0595
5340.8,100.83,12.0595
5341.8,101.8,12.0595
5342.8,101.36,12.0595
5343.81,227.17,12.0598
5344.81,276.4,12.0601
5345.81,280.66,12.0692
5346.81,212.48,12.0706
5347.81,276.94,12.1115
5348.81,172.32,12.1117
5349.81,168.6,12.1117
5350.81,174.11,12.1121
5351.82,399.8,12.1358
5352.82,301.49,12.1382
5353.82,101.11,12.1382
5354.82,140.02,12.1382
5355.82,140.79,12.1382
5356.82,101.55,12.1087
5357.82,100.69,12.1087
5358.83,106.68,12.1087
5359.83,116.4,12.1087
5360.83,116.94,12.1087
5361.83,101.21,12.1088
5362.83,100.65,12.1088
5363.83,100.58,12.1088
5364.83,102.91,12.1088
5365.84,108.07,12.1088
5366.84,107.68,12.1088
5367.84,105.74,12.1088
5368.84,114.85,12.1088
5369.84,102.11,12.1088
5370.84,105.88,12.1088
5371.84,105.16,12.1088
5372.84,100.71,12.1088
5373.85,106.92,12.1088
5374.85,100.93,12.1088
5375.85,101.37,12.1088
5376.85,100.99,12.1088
5377.85,102.77,12.1088
5378.85,101.05,12.1088
5379.85,101.11,12.1088
5380.86,100.68,12.1088
5381.86,101.14,12.1088
5382.86,100.71,12.1088
5383.86,100.66,12.1088
5384.86,101.27,12.1088
5385.86,100.67,12.1088
5386.86,101.85,12.1089
5387.87,101.13,12.1089
5388.87,100.69,12.1089
5389.87,100.65,12.1089
5390.87,101.1,12.1089
5391.87,100.74,12.1089
5392.87,100.72,12.1089
5393.87,101.14,12.1089
5394.87,100.55,12.1089
5395.88,100.56,12.1089
5396.88,101.21,12.1089
5397.88,100.67,12.1089
5398.88,100.71,12.1089
5399.88,100.78,12.1089
5400.88,101.09,12.1089
5401.88,100.72,12.1089
5402.89,101.17,12.1089
5403.89,100.72,12.1089
5404.89,100.71,12.1089
5405.89,101.11,12.1089
5406.89,100.73,12.1091
5407.89,100.63,12.1091
5408.89,103.3,12.1091
5409.9,100.6,12.1091
5410.9,101.08,12.1091
5411.9,103.65,12.1091
5412.9,100.45,12.1091
5413.9,101.11,12.1091
5414.9,100.69,12.1091
5415.9,100.7,12.1091
5416.91,101.15,12.1091
5417.91,100.6,12.1091
5418.91,101.08,12.1091
5419.91,100.72,12.1091
5420.91,100.71,12.1091
5421.91,101.14,12.1091
5422.92,100.72,12.1091
5423.92,100.66,12.1091
5424.92,101.06,12.1091
5425.92,100.69,12.1091
5426.92,103.89,12.1091
5427.92,100.64,12.1092
5428.92,100.66,12.1092
5429.93,101.11,12.1092
5430.93,100.73,12.1092
5431.93,100.72,12.1093
5432.93,101.09,12.1093
5433.93,100.61,12.1093
5434.93,100.49,12.1093
5435.93,100.96,12.1093
5436.94,100.75,12.1093
5437.94,101.06,12.1093
5438.94,100.79,12.1093
5439.94,103.75,12.1093
5440.94,101.11,12.1093
5441.94,100.74,12.1093
5442.95,101.05,12.1093
5443.95,100.84,12.1093
5444.95,100.68,12.1093
5445.95,101.09,12.1093
5446.95,100.75,12.1093
5447.95,100.66,12.1093
5448.95,101.11,12.1094
5449.96,100.67,12.1094
5450.96,101.08,12.1094
5451.96,100.73,12.1096
5452.96,100.62,12.1096
5453.96,101.02,12.1096
5454.96,100.68,12.1096
5455.96,100.69,12.1096
5456.97,101.16,12.1096
5457.97,100.62,12.1096
5458.97,100.7,12.1096
5459.97,101.11,12.1096
5460.97,100.69,12.1096
5461.97,101.15,12.1096
5462.97,100.8,12.1096
5463.98,100.71,12.1096
5464.98,100.7,12.1096
5465.98,101.1,12.1096
5466.98,100.73,12.1096
5467.98,101.08,12.1096
5468.98,100.76,12.1096
5469.98,100.7,12.1096
5470.99,101.1,12.1096
5471.99,100.75,12.1096
5472.99,101.12,12.1096
5473.99,100.7,12.1096
5474.99,100.67,12.1096
5475.99,101.08,12.1096
5477.0,100.72,12.1097
5478.0,100.58,12.1097
5479.0,101.04,12.1097
5480.0,100.68,12.1097
5481.0,101.08,12.1097
5482.0,100.76,12.1097
5483.0,100.67,12.1097
5484.0,100.66,12.1097
5485.01,100.98,12.1097
5486.01,100.57,12.1097
5487.01,101.01,12.1097
5488.01,100.5,12.1097
5489.01,100.5,12.1097
5490.01,100.86,12.1097
5491.02,100.46,12.1097
5492.02,100.52,12.1097
5493.02,101.05,12.1097
5494.02,100.59,12.1097
5495.02,101.02,12.1097
5496.02,100.7,12.1097
5497.02,100.77,12.1098
5498.03,101.06,12.1098
5499.03,100.66,12.1098
5500.03,100.6,12.1098
5501.03,101.08,12.1098
5502.03,100.72,12.1098
5503.03,101.05,12.1098
5504.03,100.69,12.1098
5505.04,100.64,12.1098
5506.04,100.84,12.1098
5507.04,100.69,12.1098
5508.04,100.68,12.1098
5509.04,101.12,12.1098
5510.04,100.68,12.1098
5511.05,101.1,12.1098
5512.05,100.75,12.1098
5513.05,100.65,12.1098
5514.05,101.04,12.1098
5515.05,100.66,12.1098
5516.05,100.7,12.1098
5517.05,101.13,12.1099
5518.06,100.63,12.1099
5519.06,101.12,12.1099
5520.06,100.7,12.1099
5521.06,100.71,12.1099
5522.06,101.12,12.1099
5523.06,100.75,12.1099
5524.06,100.72,12.1099
5525.07,101.1,12.1099
5526.07,100.71,12.1099
5527.07,101.14,12.1099
5528.07,100.65,12.1099
5529.07,100.72,12.1099
5530.07,101.03,12.1099
5531.07,100.65,12.1099
5532.08,100.48,12.1099
5533.08,101.03,12.1099
5534.08,100.7,12.1099
5535.08,100.68,12.1099
5536.08,101.76,12.1099
5537.08,101.54,12.1099
5538.09,101.05,12.1099
5539.09,100.7,12.1099
5540.09,100.68,12.1099
5541.09,101.08,12.11
5542.09,100.72,12.11
5543.09,100.67,12.11
5544.09,101.06,12.11
5545.1,100.51,12.11
5546.1,100.95,12.11
5547.1,100.56,12.11
5548.1,100.52,12.11
5549.1,100.93,12.11
5550.1,100.56,12.11
5551.1,100.65,12.11
5552.11,100.95,12.11
5553.11,100.5,12.11
5554.11,100.52,12.11
5555.11,101.04,12.11
5556.11,100.65,12.11
5557.11,101.07,12.11
5558.11,100.61,12.11
5559.12,100.58,12.11
5560.12,100.6,12.11
5561.12,100.99,12.11
5562.12,100.56,12.1101
5563.12,100.62,12.1101
5564.12,101.1,12.1101
5565.12,100.77,12.1101
5566.13,101.16,12.1101
5567.13,101.35,12.1101
5568.13,124.17,12.1101
5569.13,167.69,12.1101
5570.13,399.58,12.1131
5571.13,398.02,12.1138
5572.13,109.59,12.1138
5573.14,100.62,12.1138
5574.14,100.51,12.1138
5575.14,100.89,12.1138
5576.14,100.48,12.1138
5577.14,101.11,12.1139
5578.14,100.57,12.1139
5579.14,100.48,12.1139
5580.15,100.93,12.1139
5581.15,100.54,12.1139
5582.15,100.58,12.1139
5583.15,100.96,12.1139
5584.15,100.8,12.1139
5585.15,100.55,12.1139
5586.15,100.93,12.1139
5587.16,100.57,12.1139
5588.16,100.97,12.1139
5589.16,100.56,12.1139
5590.16,100.51,12.1139
5591.16,100.98,12.1139
5592.16,100.54,12.1139
5593.16,100.53,12.1139
5594.17,100.97,12.1139
5595.17,100.51,12.1139
5596.17,102.81,12.1139
5597.17,100.9,12.1139
5598.17,100.48,12.1139
5599.17,100.51,12.1139
5600.17,100.9,12.1139
5601.18,100.53,12.1139
5602.18,100.53,12.114
5603.18,100.95,12.114
5604.18,100.55,12.114
5605.18,101.06,12.114
5606.18,100.6,12.114
5607.18,100.55,12.114
5608.19,100.91,12.1141
5609.19,100.66,12.1141
5610.19,100.68,12.1141
5611.19,101.2,12.1141
5612.19,100.74,12.1141
5613.19,100.58,12.1141
5614.19,102.36,12.1141
5615.2,100.51,12.1141
5616.2,105.44,12.1141
5617.2,101.17,12.1143
5618.2,100.69,12.1143
5619.2,100.72,12.1143
5620.2,101.22,12.1143
5621.2,100.73,12.1143
5622.2,100.66,12.1144
5623.21,100.9,12.1144
5624.21,100.47,12.1144
5625.21,100.69,12.1144
5626.21,100.72,12.1144
5627.21,101.14,12.1144
5628.21,100.73,12.1144
5629.21,100.7,12.1144
5630.21,101.09,12.1144
5631.22,100.72,12.1144
5632.22,100.71,12.1144
5633.22,101.11,12.1144
5634.22,100.74,12.1144
5635.22,100.64,12.1144
5636.22,101.06,12.1144
5637.22,100.68,12.1143
5638.22,100.48,12.1143
5639.23,101.02,12.1143
5640.23,100.68,12.1143
5641.23,101.1,12.1143
5642.23,100.51,12.1143
5643.23,104.79,12.1144
5644.23,100.95,12.1143
5645.23,100.55,12.1144
5646.24,100.56,12.1145
5647.24,100.95,12.1145
5648.24,100.85,12.1145
5649.24,100.62,12.1145
5650.24,101.09,12.1144
5651.24,100.77,12.1144
5652.24,100.99,12.1144
5653.25,101.05,12.1144
5654.25,100.58,12.1144
5655.25,100.53,12.1144
5656.25,100.95,12.1144
5657.25,100.51,12.1144
5658.25,101.04,12.1144
5659.25,101.12,12.1144
5660.26,100.67,12.1144
5661.26,101.14,12.1144
5662.26,100.77,12.1145
5663.26,100.67,12.1145
5664.26,101.17,12.1145
5665.26,100.68,12.1145
5666.26,100.72,12.1146
5667.27,101.11,12.1145
5668.27,100.7,12.1145
5669.27,100.69,12.1145
5670.27,100.97,12.1145
5671.27,100.75,12.1146
5672.27,101.18,12.1146
5673.27,100.52,12.1146
5674.28,100.52,12.1146
5675.28,100.91,12.1146
5676.28,100.58,12.1146
5677.28,100.71,12.1146
5678.28,101.26,12.1146
5679.28,100.71,12.1146
5680.29,101.14,12.1146
5681.29,100.53,12.1147
5682.29,100.78,12.1147
5683.29,101.12,12.1147
5684.29,100.72,12.1146
5685.29,100.78,12.1146
5686.29,101.18,12.1146
5687.3,100.71,12.1146
5688.3,101.04,12.1146
5689.3,100.51,12.1146
5690.3,100.53,12.1146
5691.3,101.26,12.1148
5692.3,100.83,12.1148
5693.3,100.63,12.1148
5694.31,100.93,12.1147
5695.31,100.49,12.1147
5696.31,100.49,12.1148
5697.31,100.85,12.1147
5698.31,100.45,12.1147
5699.31,100.85,12.1147
5700.31,100.45,12.1147
5701.32,100.52,12.1148
5702.32,100.94,12.1148
5703.32,349.83,12.1148
5704.32,399.15,12.1169
5705.32,214.77,12.1169
5706.32,100.82,12.1169
5707.32,100.72,12.1169
5708.33,101.16,12.1169
5709.33,100.75,12.117
5710.33,101.16,12.117
5711.33,100.75,12.117
5712.33,100.8,12.117
5713.33,101.11,12.117
5714.34,100.73,12.117
5715.34,100.69,12.117
5716.34,101.01,12.117
5717.34,100.51,12.117
5718.34,100.96,12.117
5719.34,100.67,12.117
5720.34,100.63,12.117
5721.35,101.12,12.1171
5722.35,100.75,12.1171
5723.35,100.51,12.1171
5724.35,100.91,12.1171
5725.35,100.5,12.1171
5726.35,100.56,12.1171
5727.35,100.91,12.1171
5728.36,100.58,12.1171
5729.36,101.08,12.1171
5730.36,100.68,12.1171
5731.36,100.72,12.1171
5732.36,101.13,12.1171
5733.36,100.53,12.1171
5734.36,100.56,12.1171
5735.37,101.06,12.1171
5736.37,100.66,12.117
5737.37,100.5,12.1171
5738.37,100.97,12.1171
5739.37,100.59,12.1171
5740.37,100.94,12.1171
5741.37,100.62,12.1171
5742.38,100.55,12.1171
5743.38,100.9,12.1173
5744.38,100.52,12.1173
5745.38,100.54,12.1173
5746.38,101.08,12.1173
5747.38,100.62,12.1173
5748.38,100.7,12.1173
5749.39,101.15,12.1173
5750.39,100.71,12.1173
5751.39,100.74,12.1173
5752.39,101.22,12.1171
5753.39,100.57,12.1171
5754.39,100.7,12.1171
5755.39,101.16,12.1171
5756.4,100.7,12.1173
5757.4,100.49,12.1173
5758.4,100.98,12.1173
5759.4,100.55,12.1171
5760.4,100.5,12.1171
5761.4,100.98,12.1173
5762.4,100.8,12.1174
5763.4,100.79,12.1174
5764.4,100.76,12.1174
5765.41,101.16,12.1174
5766.41,100.76,12.1174
5767.41,101.16,12.1174
5768.41,100.77,12.1174
5769.41,100.75,12.1174
5770.41,101.2,12.1174
5771.41,100.76,12.1174
5772.42,100.87,12.1174
5773.42,101.07,12.1173
5774.42,100.74,12.1173
5775.42,100.74,12.1174
5776.42,100.94,12.1174
5777.42,100.57,12.1174
5778.42,100.55,12.1174
5779.43,100.91,12.1174
5780.43,100.69,12.1174
5781.43,100.85,12.1175
5782.43,101.3,12.1175
5783.43,100.8,12.1175
5784.43,101.13,12.1175
5785.44,100.76,12.1175
5786.44,100.77,12.1175
5787.44,101.16,12.1174
5788.44,100.66,12.1174
5789.44,100.69,12.1174
5790.44,101.08,12.1174
5791.44,100.74,12.1174
5792.45,101.15,12.1174
5793.45,100.72,12.1174
5794.45,200.34,12.3072
5795.45,400.88,12.8506
5796.45,286.25,12.8508
5797.45,100.74,12.8508
5798.45,101.14,12.8508
5799.45,100.7,12.8508
5800.46,100.72,12.8508
5801.46,101.12,12.8508
5802.46,100.53,12.8508
5803.46,100.47,12.8508
5804.46,101.08,12.8508
5805.46,100.71,12.8508
5806.47,101.14,12.8508
5807.47,100.7,12.8508
5808.47,100.71,12.8508
5809.47,101.14,12.8508
5810.47,100.71,12.8508
5811.47,100.74,12.8508
5812.47,101.23,12.8508
5813.47,100.72,12.8508
5814.48,100.75,12.8508
5815.48,101.18,12.8508
5816.48,100.79,12.8509
5817.48,100.75,12.8509
5818.48,101.17,12.8509
5819.48,100.73,12.8509
5820.48,100.74,12.8509
5821.49,101.14,12.8509
5822.49,100.59,12.8509
5823.49,101.17,12.8509
5824.49,100.75,12.8509
5825.49,100.72,12.8509
5826.49,101.21,12.8509
5827.5,100.75,12.8509
5828.5,100.81,12.8509
5829.5,101.14,12.8509
5830.5,100.77,12.8509
5831.5,101.28,12.8509
5832.5,100.82,12.8509
5833.5,100.77,12.8509
5834.51,101.22,12.8509
5835.51,100.8,12.8509
5836.51,103.17,12.8509
5837.51,101.24,12.8509
5838.51,100.77,12.8509
5839.51,129.54,12.8521
5840.51,154.31,12.953
5841.52,100.84,12.9531
5842.52,100.83,12.9531
5843.52,101.16,12.9531
5844.52,100.75,12.9531
5845.52,100.69,12.9531
5846.52,101.15,12.9531
5847.52,100.72,12.9531
5848.53,101.14,12.9531
5849.53,100.72,12.9531
5850.53,100.71,12.9531
5851.53,101.3,12.9531
5852.53,104.19,12.9531
5853.53,100.77,12.9531
5854.53,101.18,12.9531
5855.54,100.78,12.9531
5856.54,101.17,12.9531
5857.54,100.69,12.9531
5858.54,100.78,12.9531
5859.54,100.98,12.9531
5860.54,100.54,12.9531
5861.54,100.59,12.9531
5862.55,101.22,12.9531
5863.55,100.8,12.9531
5864.55,100.79,12.9531
5865.55,101.2,12.9531
5866.55,100.93,12.9532
5867.55,100.76,12.9532
5868.55,101.18,12.9532
5869.56,100.52,12.9532
5870.56,100.9,12.9532
5871.56,100.56,12.9532
5872.56,100.78,12.9532
5873.56,100.91,12.9532
5874.56,100.5,12.9532
5875.56,133.12,12.9537
5876.57,101.28,12.9537
5877.57,100.82,12.9537
5878.57,101.23,12.9537
5879.57,100.8,12.9537
5880.57,100.82,12.9537
5881.57,101.19,12.9539
5882.58,100.75,12.9539
5883.58,101.19,12.9539
5884.58,100.8,12.954
5885.58,100.76,12.954
5886.58,101.25,12.954
5887.58,100.9,12.954
5888.58,100.68,12.954
5889.59,100.84,12.954
5890.59,100.44,12.954
5891.59,107.17,12.9541
5892.59,101.2,12.9541
5893.59,100.77,12.9541
5894.59,101.15,12.9541
5895.59,100.71,12.9541
5896.6,100.67,12.9541
5897.6,101.14,12.9541
5898.6,100.79,12.9541
5899.6,100.78,12.9541
5900.6,101.18,12.9541
5901.6,100.83,12.9541
5902.61,101.26,12.9541
5903.61,100.77,12.9541
5904.61,100.76,12.9541
5905.61,101.17,12.9541
5906.61,100.8,12.9542
5907.61,101.16,12.9542
5908.61,100.76,12.9542
5909.62,100.74,12.9542
5910.62,101.17,12.9542
5911.62,100.81,12.9542
5912.62,100.8,12.9542
5913.62,101.16,12.9542
5914.62,100.72,12.9542
5915.63,100.73,12.9542
5916.63,101.27,12.9542
5917.63,100.74,12.9542
5918.63,101.21,12.9542
5919.63,130.63,12.9545
5920.63,100.7,12.9545
5921.63,101.11,12.9545
5922.63,100.81,12.9545
5923.64,100.77,12.9545
5924.64,101.17,12.9545
5925.64,100.78,12.9545
5926.64,100.82,12.9546
5927.64,101.18,12.9546
5928.64,100.77,12.9546
5929.65,101.12,12.9546
5930.65,100.72,12.9546
5931.65,100.77,12.9546
5932.65,101.18,12.9546
5933.65,100.81,12.9546
5934.65,100.72,12.9546
5935.65,101.09,12.9546
5936.66,100.72,12.9546
5937.66,101.1,12.9546
5938.66,101.1,12.9546
5939.66,100.64,12.9546
5940.66,101.05,12.9546
5941.66,100.73,12.9546
5942.66,100.76,12.9546
5943.67,101.12,12.9546
5944.67,100.7,12.9546
5945.67,100.69,12.9546
5946.67,101.21,12.9546
5947.67,100.72,12.9546
5948.67,100.76,12.9546
5949.67,100.97,12.9546
5950.68,100.82,12.9546
5951.68,100.82,12.9547
5952.68,101.16,12.9547
5953.68,100.69,12.9547
5954.68,101.13,12.9547
5955.68,100.77,12.9547
5956.68,123.35,12.9547
5957.69,101.33,12.9547
5958.69,100.9,12.9547
5959.69,100.84,12.9547
5960.69,101.37,12.9547
5961.69,129.35,12.956
5962.69,111.06,2.0221
5963.69,327.84,2.2667
5964.69,309.63,2.6094
5965.7,274.52,2.7776
5966.7,359.2,2.9463
5967.7,338.03,3.1661
5968.7,324.9,3.3995
5969.7,309.46,3.6326
5970.7,314.47,3.8847
5971.7,309.96,4.1166
5972.71,303.86,4.3027
5973.71,301.07,4.4738
5974.71,302.87,4.616
5975.71,302.74,4.7764
5976.71,301.54,4.9036
5977.71,304.12,5.0527
5978.72,173.57,5.6711
5979.72,104.27,6.3933
5980.72,167.23,7.2435
5981.72,399.62,8.2382
5982.72,399.55,8.9285
5983.72,108.61,9.0115
5984.72,100.67,9.1118
5985.73,125.5,9.1118
5986.73,312.77,9.1122
5987.73,308.65,9.1131
5988.73,301.38,9.1199
5989.73,304.39,9.1184
5990.73,285.13,9.1195
5991.73,274.76,9.1197
5992.74,259.31,9.1219
5993.74,175.76,9.1219
5994.74,103.14,9.122
5995.74,146.8,9.122
5996.74,105.98,9.122
5997.74,197.58,9.122
5998.75,145.22,9.122
5999.75,135.46,9.1221
6000.75,132.98,9.1221
6001.75,119.02,9.1222
6002.75,144.2,9.1222
6003.75,112.27,9.1222
6004.75,101.44,9.1222
6005.76,104.36,9.1222
6006.76,190.79,9.1222
6007.76,166.71,9.3833
6008.76,399.56,10.2517
6009.76,399.59,10.8753
6010.76,400.79,11.5356
6011.76,336.23,11.9031
6012.76,103.35,11.9512
6013.77,114.74,11.9512
6014.77,122.22,11.9512
6015.77,120.76,11.9512
6016.77,109.78,11.9512
6017.77,101.0,11.9512
6018.77,117.49,11.9512
6019.77,116.89,11.9512
6020.78,111.32,11.9512
6021.78,105.86,11.9513
6022.78,155.33,11.9513
6023.78,104.29,11.9513
6024.78,105.14,11.9513
6025.78,106.23,11.9513
6026.79,104.43,11.9513
6027.79,114.95,11.9513
6028.79,106.07,11.9513
6029.79,134.29,11.9513
6030.79,101.05,11.9513
6031.79,110.23,11.9513
6032.79,107.82,11.9513
6033.79,101.17,11.9513
6034.8,100.83,11.9513
6035.8,104.62,11.9513
6036.8,100.94,11.9513
6037.8,101.79,11.9513
6038.8,129.94,11.9516
6039.8,119.21,11.9516
6040.8,102.44,11.9516
6041.81,116.27,11.9516
6042.81,206.12,11.9517
6043.81,104.59,11.9517
6044.81,119.67,11.9517
6045.81,101.0,11.9517
6046.81,109.8,11.9517
6047.81,101.48,11.9517
6048.81,104.67,11.9517
6049.82,105.54,11.9517
6050.82,102.43,11.9517
6051.82,101.14,11.9518
6052.82,118.9,11.9518
6053.82,134.24,11.9518
6054.82,100.92,11.9518
6055.82,114.59,11.9518
6056.83,104.72,11.9518
6057.83,100.86,11.9518
6058.83,101.2,11.9518
6059.83,101.28,11.9518
6060.83,100.95,11.9518
6061.83,101.89,11.9518
6062.83,101.55,11.9518
6063.84,100.86,11.9518
6064.84,123.75,11.9518
6065.84,101.37,11.9518
6066.84,101.38,11.9518
6067.84,111.58,11.9518
6068.84,101.06,11.9518
6069.84,102.96,11.9518
6070.85,101.34,11.9518
6071.85,100.95,11.9519
6072.85,100.95,11.9519
6073.85,104.84,11.9519
6074.85,100.87,11.9519
6075.85,104.42,11.9519
6076.85,100.98,11.9519
6077.86,100.54,11.9519
6078.86,101.15,11.9519
6079.86,101.63,11.9519
6080.86,100.9,11.9519
6081.86,101.32,11.9519
6082.86,101.28,11.9519
6083.87,101.29,11.9519
6084.87,100.86,11.9519
6085.87,100.88,11.9519
6086.87,105.61,11.9519
6087.87,102.83,11.9519
6088.87,101.97,11.9519
6089.87,133.95,11.9519
6090.88,101.47,11.9519
6091.88,101.3,11.9521
6092.88,106.16,11.9521
6093.88,104.89,11.9521
6094.88,101.17,11.9521
6095.88,100.82,11.9521
6096.89,105.24,11.9521
6097.89,100.84,11.9521
6098.89,100.88,11.9521
6099.89,101.57,11.9521
6100.89,100.84,11.9521
6101.89,101.81,11.9521
6102.89,100.91,11.9521
6103.9,101.0,11.9521
6104.9,103.11,11.9521
6105.9,276.47,11.9573
6106.9,399.55,12.0674
6107.9,199.55,12.0674
6108.9,100.91,12.0675
6109.91,101.18,12.0675
6110.91,100.82,12.0675
6111.91,100.86,12.0675
6112.91,101.37,12.0675
6113.91,100.84,12.0675
6114.91,100.89,12.0675
6115.91,101.3,12.0675
6116.91,100.88,12.0675
6117.92,103.73,12.0675
6118.92,119.37,12.0675
6119.92,100.8,12.0675
6120.92,100.71,12.0675
6121.92,101.78,12.0675
6122.92,100.92,12.0675
6123.92,100.85,12.0675
6124.93,101.05,12.0675
6125.93,100.82,12.0675
6126.93,101.25,12.0676
6127.93,100.82,12.0676
6128.93,101.11,12.0676
6129.93,101.39,12.0676
6130.94,190.03,12.0676
6131.94,236.52,12.0681
6132.94,221.78,12.0681
6133.94,213.79,12.0681
6134.94,145.1,12.0681
6135.94,101.83,12.0681
6136.94,107.99,12.0681
6137.95,354.58,12.0761
6138.95,376.16,12.0904
6139.95,160.83,12.0904
6140.95,140.89,12.0904
6141.95,106.34,12.0905
6142.95,101.61,12.0905
6143.95,101.21,12.0905
6144.96,217.11,12.0908
6145.96,400.34,12.0899
6146.96,178.26,12.0899
6147.96,100.74,12.0899
6148.96,100.73,12.0899
6149.96,101.29,12.0899
6150.96,100.75,12.0899
6151.96,100.83,12.09
6152.97,394.44,12.09
6153.97,229.04,12.0901
6154.97,105.37,12.09
6155.97,101.1,12.09
6156.97,206.73,12.0966
6157.97,130.98,12.0966
6158.97,101.3,12.0858
6159.98,100.68,12.0858
6160.98,100.68,12.0858
6161.98,101.07,12.0858
6162.98,100.54,12.0858
6163.98,101.04,12.0857
6164.98,101.08,12.0857
6165.98,100.45,12.0857
6166.98,100.5,12.0858
6167.99,100.87,12.0858
6168.99,100.47,12.0858
6169.99,100.92,12.0858
6170.99,100.65,12.0858
6171.99,100.7,12.0858
6172.99,101.15,12.0858
6174.0,100.71,12.0858
6175.0,100.69,12.0858
6176.0,101.06,12.0858
6177.0,100.7,12.0858
6178.0,101.07,12.0858
6179.0,100.67,12.0858
6180.0,100.69,12.0858
6181.01,101.08,12.0858
6182.01,100.71,12.0858
6183.01,100.59,12.0858
6184.01,101.08,12.0858
6185.01,100.69,12.0858
6186.01,101.08,12.0858
6187.01,100.73,12.086
6188.02,100.71,12.086
6189.02,101.13,12.086
6190.02,100.7,12.086
6191.02,100.69,12.086
6192.02,101.12,12.086
6193.02,100.75,12.086
6194.03,101.11,12.086
6195.03,100.57,12.086
6196.03,100.57,12.086
6197.03,101.14,12.086
6198.03,100.68,12.086
6199.03,100.68,12.086
6200.03,101.08,12.086
6201.04,100.67,12.086
6202.04,101.12,12.086
6203.04,106.56,12.086
6204.04,102.65,12.086
6205.04,101.07,12.086
6206.04,100.68,12.086
6207.04,100.66,12.0861
6208.05,100.85,12.0861
6209.05,100.49,12.0861
6210.05,100.86,12.0861
6211.05,100.45,12.0861
6212.05,100.68,12.0861
6213.05,101.12,12.0861
6214.06,100.67,12.0861
6215.06,100.58,12.086
6216.06,100.86,12.086
6217.06,100.56,12.0861
6218.06,101.08,12.0861
6219.06,100.59,12.0861
6220.06,100.69,12.0861
6221.07,101.08,12.0861
6222.07,100.55,12.0861
6223.07,100.52,12.0861
6224.07,100.85,12.0861
6225.07,100.45,12.0861
6226.07,100.55,12.0861
6227.07,101.19,12.0861
6228.07,100.66,12.0861
6229.08,100.67,12.0861
6230.08,101.12,12.0861
6231.08,100.68,12.0861
6232.08,100.76,12.0861
6233.08,101.15,12.0861
6234.08,100.81,12.0861
6235.08,100.69,12.0861
6236.09,100.93,12.0861
6237.09,100.48,12.0862
6238.09,100.58,12.0863
6239.09,101.04,12.0863
6240.09,100.44,12.0863
6241.09,100.43,12.0863
6242.09,100.88,12.0863
6243.1,100.51,12.0863
6244.1,100.86,12.0863
6245.1,100.45,12.0863
6246.1,100.46,12.0863
6247.1,100.9,12.0863
6248.1,100.48,12.0863
6249.1,100.71,12.0863
6250.11,101.07,12.0863
6251.11,100.67,12.0863
6252.11,101.11,12.0863
6253.11,100.67,12.0863
6254.11,100.46,12.0863
6255.11,100.84,12.0863
6256.12,100.66,12.0863
6257.12,100.7,12.0865
6258.12,101.06,12.0865
6259.12,100.67,12.0865
6260.12,100.97,12.0865
6261.12,100.47,12.0865
6262.12,100.52,12.0865
6263.13,100.94,12.0865
6264.13,100.46,12.0865
6265.13,100.46,12.0865
6266.13,100.86,12.0865
6267.13,100.49,12.0865
6268.13,100.88,12.0865
6269.13,100.54,12.0865
6270.14,100.67,12.0865
6271.14,101.08,12.0865
6272.14,100.66,12.0865
6273.14,103.25,12.0865
6274.14,100.86,12.0865
6275.14,100.45,12.0865
6276.15,100.88,12.0865
6277.15,100.51,12.0866
6278.15,100.59,12.0866
6279.15,100.96,12.0866
6280.15,100.59,12.0866
6281.15,100.61,12.0866
6282.15,100.97,12.0866
6283.16,101.46,12.0866
6284.16,100.82,12.0866
6285.16,100.41,12.0866
6286.16,100.46,12.0866
6287.16,100.89,12.0866
6288.16,100.57,12.0866
6289.16,100.47,12.0866
6290.17,101.0,12.0866
6291.17,100.66,12.0866
6292.17,101.1,12.0866
6293.17,100.75,12.0866
6294.17,100.66,12.0866
6295.17,101.13,12.0866
6296.17,100.69,12.0866
6297.18,100.8,12.0867
6298.18,101.11,12.0867
6299.18,100.66,12.0867
6300.18,100.66,12.0867
6301.18,101.07,12.0867
6302.18,100.71,12.0867
6303.19,101.16,12.0867
6304.19,100.7,12.0867
6305.19,100.73,12.0867
6306.19,101.2,12.0867
6307.19,100.73,12.0867
6308.19,100.72,12.0867
6309.19,101.01,12.0867
6310.2,100.68,12.0867
6311.2,100.67,12.0867
6312.2,101.08,12.0868
6313.2,100.64,12.0868
6314.2,100.55,12.0868
6315.2,100.96,12.0868
6316.2,100.59,12.0868
6317.2,100.75,12.0868
6318.21,101.1,12.0868
6319.21,100.72,12.0868
6320.21,100.74,12.0868
6321.21,101.14,12.0868
6322.21,100.7,12.0868
6323.21,100.73,12.0868
6324.21,101.09,12.0868
6325.22,100.68,12.0868
6326.22,100.67,12.0868
6327.22,101.09,12.0868
6328.22,100.68,12.0868
6329.22,101.1,12.0868
6330.22,100.66,12.0868
6331.22,100.66,12.0868
6332.23,101.11,12.0869
6333.23,100.75,12.0869
6334.23,100.75,12.0869
6335.23,101.08,12.0869
6336.23,100.71,12.0869
6337.23,100.67,12.0869
6338.23,101.12,12.0869
6339.23,100.68,12.0869
6340.24,100.73,12.0869
6341.24,101.07,12.0869
6342.24,100.49,12.0869
6343.24,100.77,12.0869
6344.24,101.05,12.0869
6345.24,100.65,12.0869
6346.24,100.63,12.0869
6347.25,100.98,12.0869
6348.25,100.67,12.0869
6349.25,100.43,12.0869
6350.25,101.05,12.0869
6351.25,100.69,12.0869
6352.25,100.63,12.0869
6353.25,100.94,12.0869
6354.26,100.44,12.0869
6355.26,100.84,12.0871
6356.26,100.48,12.0871
6357.26,100.45,12.0871
6358.26,100.86,12.0871
6359.26,100.45,12.0871
6360.26,100.45,12.0871
6361.27,100.87,12.0872
6362.27,100.51,12.0872
6363.27,100.87,12.0872
6364.27,100.45,12.0872
6365.27,100.44,12.0872
6366.27,100.87,12.0872
6367.28,100.44,12.0872
6368.28,100.64,12.0872
6369.28,101.09,12.0872
6370.28,100.69,12.0872
6371.28,100.73,12.0872
6372.28,100.91,12.0872
6373.28,100.5,12.0872
6374.29,101.03,12.0872
6375.29,133.73,12.1663
6376.29,400.01,12.7942
6377.29,313.43,12.7942
6378.29,100.73,12.7942
6379.29,100.71,12.7942
6380.29,101.18,12.7942
6381.29,100.75,12.7942
6382.3,100.77,12.7942
6383.3,100.89,12.7942
6384.3,100.47,12.7942
6385.3,100.47,12.7942
6386.3,100.99,12.7942
6387.3,100.79,12.7942
6388.3,100.72,12.7942
6389.31,101.14,12.7942
6390.31,100.7,12.7942
6391.31,100.72,12.7943
6392.31,101.23,12.7944
6393.31,100.73,12.7944
6394.31,100.68,12.7944
6395.31,100.96,12.7944
6396.31,100.71,12.7944
6397.32,100.69,12.7944
6398.32,101.19,12.7944
6399.32,100.51,12.7944
6400.32,100.56,12.7944
6401.32,101.1,12.7944
6402.32,101.17,12.7944
6403.32,100.69,12.7944
6404.33,101.16,12.7944
6405.33,100.78,12.7944
6406.33,100.74,12.7944
6407.33,100.69,12.7944
6408.33,101.13,12.7944
6409.33,100.7,12.7944
6410.33,101.1,12.7944
6411.33,100.65,12.7945
6412.34,100.77,12.7945
6413.34,101.22,12.7945
6414.34,100.7,12.7945
6415.34,100.69,12.7945
6416.34,101.17,12.7945
6417.34,100.69,12.7945
6418.34,100.69,12.7945
6419.35,101.13,12.7945
6420.35,100.68,12.7945
6421.35,100.53,12.7945
6422.35,100.92,12.7945
6423.35,100.46,12.7945
6424.35,100.46,12.7945
6425.35,100.86,12.7945
6426.36,100.49,12.7945
6427.36,100.48,12.7945
6428.36,101.08,12.7945
6429.36,100.58,12.7945
6430.36,101.1,12.7945
6431.36,100.73,12.7946
6432.36,100.69,12.7946
6433.37,101.12,12.7946
6434.37,100.68,12.7946
6435.37,100.67,12.7946
6436.37,101.13,12.7946
6437.37,100.66,12.7946
6438.37,100.68,12.7945
6439.37,101.07,12.7945
6440.38,100.66,12.7945
6441.38,101.07,12.7946
6442.38,100.69,12.7946
6443.38,100.68,12.7946
6444.38,101.07,12.7946
6445.38,100.66,12.7946
6446.38,100.69,12.7946
6447.39,101.05,12.7946
6448.39,100.67,12.7946
6449.39,100.68,12.7946
6450.39,101.07,12.7946
6451.39,100.71,12.7946
6452.39,101.15,12.7946
6453.39,100.6,12.7946
6454.4,100.59,12.7946
6455.4,101.09,12.7946
6456.4,100.73,12.7946
6457.4,100.69,12.7946
6458.4,101.15,12.7946
6459.4,100.7,12.7946
6460.4,100.69,12.7946
6461.41,101.12,12.7948
6462.41,100.75,12.7948
6463.41,100.58,12.7948
6464.41,101.05,12.7948
6465.41,100.44,12.7948
6466.41,100.46,12.7948
6467.41,100.83,12.7948
6468.42,100.56,12.7948
6469.42,100.71,12.7948
6470.42,101.08,12.7948
6471.42,100.71,12.7948
6472.42,100.75,12.7948
6473.42,101.09,12.7948
6474.42,100.67,12.7948
6475.43,101.06,12.7948
6476.43,100.68,12.7948
6477.43,100.64,12.7948
6478.43,101.04,12.7948
6479.43,100.44,12.7948
6480.43,100.5,12.7948
6481.43,101.03,12.7949
6482.43,100.75,12.7949
6483.44,100.63,12.7949
6484.44,101.04,12.7949
6485.44,100.69,12.7949
6486.44,100.68,12.7949
6487.44,101.07,12.7949
6488.44,100.73,12.7949
6489.44,100.67,12.7949
6490.45,101.01,12.7949
6491.45,100.61,12.7949
6492.45,101.14,12.7949
6493.45,100.62,12.7949
6494.45,100.67,12.7949
6495.45,101.08,12.7949
6496.45,100.7,12.7949
6497.46,100.68,12.7949
6498.46,101.02,12.7949
6499.46,100.52,12.7949
6500.46,100.68,12.7949
6501.46,101.19,12.7949
6502.46,100.73,12.795
6503.46,100.67,12.795
6504.47,101.09,12.795
6505.47,100.67,12.795
6506.47,100.71,12.795
6507.47,101.11,12.795
6508.47,100.68,12.795
6509.47,100.66,12.795
6510.47,101.07,12.795
6511.48,100.71,12.795
6512.48,100.72,12.795
6513.48,101.09,12.795
6514.48,100.68,12.795
6515.48,100.66,12.795
6516.48,101.12,12.795
6517.48,100.68,12.795
6518.49,101.06,12.795
6519.49,100.63,12.795
6520.49,100.69,12.795
6521.49,101.03,12.795
6522.49,100.48,12.795
6523.49,100.62,12.795
6524.49,101.06,12.795
6525.5,100.64,12.795
6526.5,100.69,12.7951
6527.5,101.09,12.7951
6528.5,100.71,12.7951
6529.5,101.1,12.7951
6530.5,100.66,12.7951
6531.5,100.72,12.7951
6532.51,101.16,12.7951
6533.51,100.73,12.7951
6534.51,100.68,12.7951
6535.51,101.06,12.7951
6536.51,100.69,12.7951
6537.51,100.64,12.7951
6538.51,101.05,12.7951
6539.52,100.63,12.7951
6540.52,101.05,12.7951
6541.52,100.69,12.7951
6542.52,100.72,12.7951
6543.52,101.08,12.7951
6544.52,100.72,12.7951
6545.52,100.68,12.7951
6546.53,101.1,12.7952
6547.53,100.67,12.7952
6548.53,100.73,12.7952
6549.53,101.1,12.7952
6550.53,100.7,12.7952
6551.53,100.75,12.7952
6552.53,101.16,12.7952
6553.54,100.7,12.7952
6554.54,101.07,12.7952
6555.54,100.75,12.7952
6556.54,100.69,12.7952
6557.54,100.65,12.7952
6558.54,101.06,12.7952
6559.54,100.66,12.7952
6560.55,101.08,12.7952
6561.55,100.81,12.7952
6562.55,100.76,12.7952
6563.55,100.63,12.7952
6564.55,101.14,12.7952
6565.55,100.68,12.7952
6566.55,100.7,12.7954
6567.55,101.09,12.7954
6568.55,100.67,12.7954
6569.56,100.45,12.7954
6570.56,100.82,12.7954
6571.56,100.48,12.7954
6572.56,100.51,12.7954
6573.56,100.92,12.7954
6574.56,100.44,12.7954
6575.56,100.45,12.7954
6576.57,100.87,12.7954
6577.57,100.61,12.7954
6578.57,100.73,12.7954
6579.57,101.06,12.7954
6580.57,100.68,12.7954
6581.57,100.68,12.7954
6582.57,101.11,12.7954
6583.58,100.7,12.7954
6584.58,101.1,12.7954
6585.58,100.67,12.7954
6586.58,100.69,12.7954
6587.58,100.94,12.7954
6588.58,100.44,12.7954
6589.58,100.45,12.7954
6590.59,100.91,12.7954
6591.59,100.48,12.7955
6592.59,100.51,12.7955
6593.59,101.07,12.7955
6594.59,100.6,12.7955
6595.59,100.55,12.7955
6596.59,100.7,12.7955
6597.59,101.05,12.7955
6598.6,100.66,12.7955
6599.6,101.05,12.7955
6600.6,100.65,12.7955
6601.6,100.71,12.7955
6602.6,101.14,12.7955
6603.6,100.69,12.7955
6604.6,100.68,12.7955
6605.61,101.06,12.7955
6606.61,100.72,12.7955
6607.61,101.08,12.7955
6608.61,100.73,12.7955
6609.61,100.7,12.7955
6610.61,101.09,12.7955
6611.62,100.52,12.7956
6612.62,100.51,12.7956
6613.62,100.87,12.7956
6614.62,100.45,12.7956
6615.62,100.86,12.7956
6616.62,101.45,12.7956
6617.62,100.68,12.7956
6618.63,101.05,12.7956
6619.63,100.68,12.7956
6620.63,100.58,12.7956
6621.63,100.91,12.7956
6622.63,100.55,12.7956
6623.63,100.55,12.7956
6624.63,101.16,12.7956
6625.63,100.64,12.7956
6626.64,100.7,12.7956
6627.64,101.08,12.7956
6628.64,100.69,12.7956
6629.64,100.49,12.7956
6630.64,100.87,12.7956
6631.64,100.65,12.7957
6632.65,101.13,12.7957
6633.65,100.66,12.7957
6634.65,100.66,12.7957
6635.65,101.07,12.7957
6636.65,103.63,12.7957
6637.65,100.73,12.7957
6638.65,100.71,12.7957
6639.65,101.1,12.7957
6640.66,100.69,12.7957
6641.66,101.13,12.7957
6642.66,100.75,12.7957
6643.66,100.69,12.7957
6644.66,100.87,12.7957
6645.66,100.66,12.7957
6646.66,100.76,12.7957
6647.67,101.07,12.7957
6648.67,100.67,12.7957
6649.67,101.08,12.7957
6650.67,100.65,12.7957
6651.67,100.62,12.7957
6652.67,100.94,12.7957
6653.67,100.48,12.7957
6654.68,100.55,12.7957
6655.68,100.98,12.7958
6656.68,100.66,12.796
6657.68,100.65,12.796
6658.68,101.07,12.796
6659.68,100.66,12.796
6660.68,100.64,12.796
6661.69,101.03,12.796
6662.69,100.7,12.796
6663.69,100.68,12.796
6664.69,101.1,12.796
6665.69,100.66,12.796
6666.69,100.74,12.796
6667.69,101.07,12.796
6668.7,100.86,12.796
6669.7,100.66,12.796
6670.7,101.05,12.796
6671.7,100.71,12.796
6672.7,101.14,12.796
6673.7,100.67,12.796
6674.7,100.64,12.796
6675.71,101.08,12.796
6676.71,100.61,12.7961
6677.71,100.56,12.7961
6678.71,100.96,12.7961
6679.71,100.57,12.7961
6680.71,100.67,12.7961
6681.71,101.14,12.7961
6682.72,100.63,12.7961
6683.72,100.99,12.7961
6684.72,100.65,12.7961
6685.72,100.65,12.7961
6686.72,101.09,12.7961
6687.72,100.43,12.7961
6688.72,100.44,12.7961
6689.73,100.85,12.7961
6690.73,100.46,12.7961
6691.73,101.01,12.7961
6692.73,100.72,12.7961
6693.73,100.67,12.7961
6694.73,101.12,12.7961
6695.73,100.66,12.7961
6696.74,100.7,12.7962
6697.74,100.83,12.7962
6698.74,100.48,12.7962
6699.74,100.48,12.7962
6700.74,101.05,12.7962
6701.74,100.47,12.7962
6702.74,100.57,12.7962
6703.75,101.05,12.7962
6704.75,100.45,12.7962
6705.75,100.91,12.7962
6706.75,100.58,12.7962
6707.75,100.46,12.7962
6708.75,100.54,12.7962
6709.75,100.89,12.7962
6710.76,100.46,12.7962
6711.76,100.94,12.7962
6712.76,100.68,12.7962
6713.76,100.67,12.7962
6714.76,101.08,12.7962
6715.76,100.64,12.7962
6716.76,100.59,12.7962
6717.77,100.99,12.7962
6718.77,100.54,12.7962
6719.77,100.55,12.7962
6720.77,101.1,12.7962
6721.77,100.72,12.7963
6722.77,100.74,12.7963
6723.77,101.06,12.7963
6724.78,100.68,12.7963
6725.78,100.53,12.7963
6726.78,100.9,12.7963
6727.78,100.44,12.7963
6728.78,100.88,12.7963
6729.78,100.44,12.7963
6730.78,100.43,12.7963
6731.79,100.9,12.7963
6732.79,100.51,12.7963
6733.79,100.45,12.7963
6734.79,101.02,12.7963
6735.79,100.69,12.7963
6736.79,100.72,12.7963
6737.79,101.1,12.7963
6738.8,100.68,12.7963
6739.8,101.09,12.7963
6740.8,100.68,12.7963
6741.8,100.65,12.7964
6742.8,101.11,12.7964
6743.8,100.65,12.7964
6744.8,100.66,12.7964
6745.81,101.06,12.7964
6746.81,100.73,12.7964
6747.81,101.09,12.7964
6748.81,100.69,12.7964
6749.81,100.71,12.7964
6750.81,100.99,12.7964
6751.82,100.5,12.7964
6752.82,100.51,12.7964
6753.82,100.87,12.7964
6754.82,100.48,12.7964
6755.82,100.97,12.7964
6756.82,100.7,12.7964
6757.82,100.66,12.7964
6758.83,101.15,12.7964
6759.83,100.69,12.7964
6760.83,100.65,12.7964
6761.83,101.1,12.7964
6762.83,100.73,12.7966
6763.83,100.74,12.7966
6764.83,101.06,12.7966
6765.83,100.69,12.7966
6766.84,100.73,12.7966
6767.84,103.7,12.7966
6768.84,100.5,12.7966
6769.84,100.45,12.7966
6770.84,100.85,12.7966
6771.84,100.48,12.7966
6772.85,100.93,12.7966
6773.85,100.43,12.7966
6774.85,100.45,12.7966
6775.85,100.84,12.7966
6776.85,100.49,12.7966
6777.85,100.47,12.7966
6778.85,100.56,12.7966
6779.85,101.07,12.7966
6780.86,100.57,12.7966
6781.86,100.91,12.7966
6782.86,100.7,12.7966
6783.86,100.75,12.7966
6784.86,100.65,12.7966
6785.86,101.05,12.7966
6786.86,100.69,12.7967
6787.87,101.06,12.7967
6788.87,100.75,12.7967
6789.87,100.64,12.7967
6790.87,101.05,12.7967
6791.87,100.71,12.7967
6792.87,100.71,12.7967
6793.87,101.05,12.7967
6794.88,100.68,12.7967
6795.88,100.64,12.7967
6796.88,101.07,12.7967
6797.88,100.59,12.7967
6798.88,101.05,12.7967
6799.88,100.65,12.7967
6800.88,100.51,12.7967
6801.89,100.98,12.7967
6802.89,100.63,12.7967
6803.89,100.55,12.7967
6804.89,101.15,12.7967
6805.89,100.68,12.7967
6806.89,100.69,12.7968
6807.89,101.11,12.7968
6808.89,100.66,12.7968
6809.9,100.58,12.7968
6810.9,100.86,12.7968
6811.9,100.46,12.7968
6812.9,100.5,12.7968
6813.9,101.05,12.7968
6814.9,100.62,12.7968
6815.9,100.64,12.7968
6816.91,101.13,12.7968
6817.91,100.67,12.7968
6818.91,100.58,12.7968
6819.91,100.92,12.7968
6820.91,100.65,12.7968
6821.91,100.53,12.7968
6822.91,100.92,12.7968
6823.92,100.54,12.7968
6824.92,100.68,12.7968
6825.92,101.12,12.7968
6826.92,100.69,12.7968
6827.92,101.11,12.7968
6828.92,100.67,12.7968
6829.92,100.71,12.7968
6830.93,101.12,12.7968
6831.93,100.74,12.7969
6832.93,100.74,12.7969
6833.93,101.09,12.7969
6834.93,100.7,12.7969
6835.93,100.73,12.7969
6836.93,101.08,12.7969
6837.93,100.66,12.7969
6838.94,100.43,12.7969
6839.94,100.84,12.7969
6840.94,100.44,12.7969
6841.94,100.48,12.7969
6842.94,100.91,12.7969
6843.94,100.49,12.7969
6844.94,100.66,12.7969
6845.95,101.04,12.7969
6846.95,100.7,12.7969
6847.95,100.9,12.7969
6848.95,100.49,12.7969
6849.95,100.51,12.7969
6850.95,101.11,12.7969
6851.95,100.69,12.7969
6852.96,100.73,12.7969
6853.96,101.09,12.7969
6854.96,100.62,12.7969
6855.96,100.67,12.7969
6856.96,101.15,12.797
6857.96,100.67,12.797
6858.96,100.71,12.797
6859.97,101.09,12.797
6860.97,100.49,12.797
6861.97,100.5,12.797
6862.97,100.93,12.797
6863.97,100.46,12.797
6864.97,100.48,12.797
6865.97,101.05,12.797
6866.98,100.6,12.797
6867.98,100.44,12.797
6868.98,100.85,12.797
6869.98,100.43,12.7971
6870.98,100.9,12.7971
6871.98,100.49,12.7971
6872.98,100.7,12.7971
6873.99,101.04,12.7971
6874.99,100.66,12.7971
6875.99,100.41,12.7971
6876.99,100.85,12.7972
6877.99,100.45,12.7972
6878.99,100.89,12.7972
6879.99,100.53,12.7972
6881.0,100.67,12.7972
6882.0,101.02,12.7973
6883.0,100.48,12.7972
6884.0,100.46,12.7972
6885.0,100.93,12.7972
6886.0,100.56,12.7972
6887.0,100.6,12.7972
6888.01,100.92,12.7972
6889.01,100.64,12.7972
6890.01,101.06,12.7972
6891.01,100.72,12.7972
6892.01,100.7,12.7973
6893.01,101.08,12.7973
6894.01,100.59,12.7973
6895.02,100.67,12.7973
6896.02,101.09,12.7973
6897.02,100.73,12.7973
6898.02,100.68,12.7973
6899.02,101.08,12.7973
6900.02,100.68,12.7973
6901.02,100.68,12.7973
6902.03,101.19,12.7974
6903.03,100.85,12.7974
6904.03,101.05,12.7973
6905.03,100.68,12.7973
6906.03,100.65,12.7973
6907.03,101.13,12.7974
6908.04,100.66,12.7974
6909.04,100.75,12.7974
6910.04,101.05,12.7974
6911.04,100.47,12.7974
6912.04,100.45,12.7974
6913.04,100.88,12.7974
6914.04,100.44,12.7975
6915.05,100.81,12.7975
6916.05,100.42,12.7975
6917.05,100.62,12.7975
6918.05,101.08,12.7975
6919.05,100.74,12.7974
6920.05,100.67,12.7974
6921.05,101.06,12.7974
6922.05,100.73,12.7975
6923.06,100.72,12.7975
6924.06,101.09,12.7975
6925.06,100.62,12.7975
6926.06,100.42,12.7975
6927.06,100.87,12.7975
6928.06,100.44,12.7975
6929.06,100.56,12.7975
6930.07,100.84,12.7975
6931.07,100.6,12.7976
6932.07,101.1,12.7976
6933.07,100.73,12.7976
6934.07,100.67,12.7976
6935.07,101.04,12.7976
6936.07,100.76,12.7976
6937.08,100.68,12.7976
6938.08,101.04,12.7976
6939.08,100.71,12.7976
6940.08,100.66,12.7976
6941.08,101.09,12.7976
6942.08,100.72,12.7977
6943.08,100.61,12.7977
6944.09,100.91,12.7976
6945.09,100.47,12.7976
6946.09,100.42,12.7976
6947.09,100.93,12.7976
6948.09,100.49,12.7976
6949.09,101.03,12.7976
6950.09,100.65,12.7976
6951.1,100.65,12.7976
6952.1,101.15,12.7976
6953.1,100.77,12.7976
6954.1,100.65,12.7976
6955.1,101.03,12.7976
6956.1,100.65,12.7976
6957.1,100.69,12.7978
6958.11,101.13,12.7978
6959.11,100.69,12.7978
6960.11,100.67,12.7978
6961.11,101.05,12.7978
6962.11,100.68,12.7978
6963.11,100.56,12.7978
6964.11,100.85,12.7978
6965.12,100.44,12.7978
6966.12,100.64,12.7978
6967.12,101.12,12.7978
6968.12,100.71,12.7978
6969.12,100.94,12.7978
6970.12,100.44,12.7978
6971.12,100.45,12.7978
6972.13,100.84,12.7977
6973.13,102.53,12.7979
6974.13,100.61,12.7977
6975.13,101.05,12.7977
6976.13,100.71,12.7977
6977.13,101.08,12.7979
6978.13,100.67,12.7979
6979.14,100.66,12.7979
6980.14,101.03,12.7979
6981.14,100.64,12.7979
6982.14,100.62,12.7979
6983.14,100.9,12.7979
6984.14,100.64,12.798
6985.15,101.06,12.798
6986.15,100.5,12.798
6987.15,100.45,12.798
6988.15,100.85,12.798
6989.15,100.57,12.798
6990.15,100.6,12.798
6991.15,100.67,12.798
6992.15,100.89,12.798
6993.16,100.54,12.798
6994.16,100.86,12.7979
6995.16,100.42,12.7979
6996.16,100.42,12.7979
6997.16,100.46,12.798
6998.16,100.94,12.798
6999.16,100.44,12.798
7000.17,100.83,12.798
7001.17,100.43,12.798
7002.17,100.65,12.798
7003.17,100.95,12.7979
7004.17,100.44,12.7979
7005.17,100.43,12.798
7006.17,100.85,12.798
7007.17,100.47,12.7982
7008.18,100.69,12.7982
7009.18,101.06,12.7982
7010.18,100.66,12.7982
7011.18,100.65,12.7982
7012.18,101.08,12.7982
7013.18,100.77,12.7982
7014.19,101.1,12.7981
7015.19,100.7,12.7981
7016.19,100.63,12.7981
7017.19,100.9,12.7982
7018.19,100.5,12.7982
7019.19,100.9,12.7982
7020.19,100.62,12.7982
7021.2,100.68,12.7982
7022.2,100.74,12.7982
7023.2,101.06,12.7983
7024.2,100.48,12.7982
7025.2,101.02,12.7982
7026.2,100.48,12.7982
7027.2,100.46,12.7983
7028.21,100.93,12.7983
7029.21,100.49,12.7983
7030.21,100.54,12.7983
7031.21,100.99,12.7982
7032.21,100.5,12.7983
7033.21,100.56,12.7983
7034.21,100.87,12.7983
7035.22,100.45,12.7982
7036.22,100.46,12.7982
7037.22,101.02,12.7984
7038.22,100.75,12.7984
7039.22,100.97,12.7983
7040.22,100.47,12.7983
7041.22,100.48,12.7983
7042.23,101.0,12.7984
7043.23,100.63,12.7983
7044.23,100.48,12.7983
7045.23,100.96,12.7983
7046.23,100.51,12.7984
7047.23,100.48,12.7984
7048.23,100.95,12.7984
7049.23,100.59,12.7984
7050.24,100.49,12.7984
7051.24,101.0,12.7984
7052.24,100.59,12.7984
7053.24,100.75,12.7984
7054.24,100.72,12.7983
7055.24,101.1,12.7982
7056.24,101.06,12.7984
7057.24,100.45,12.7984
7058.25,101.17,12.7984
7059.25,100.72,12.7984
7060.25,101.14,12.7984
7061.25,100.78,12.7985
7062.25,100.75,12.7985
7063.25,101.22,12.7985
7064.26,100.73,12.7985
7065.26,101.13,12.7985
7066.26,100.79,12.7985
7067.26,100.78,12.7985
7068.26,101.21,12.7985
7069.26,100.75,12.7985
7070.26,100.82,12.7985
7071.27,101.22,12.7985
7072.27,100.81,12.7986
7073.27,100.74,12.7985
7074.27,100.92,12.7985
7075.27,100.75,12.7985
7076.27,100.87,12.7986
7077.27,101.17,12.7986
7078.28,100.76,12.7986
7079.28,100.77,12.7986
7080.28,101.19,12.7986
7081.28,100.81,12.7986
7082.28,101.16,12.7986
7083.28,100.68,12.7986
7084.28,100.5,12.7985
7085.29,101.12,12.7985
7086.29,100.81,12.7985
7087.29,101.18,12.7986
7088.29,100.78,12.7986
7089.29,100.78,12.7986
7090.29,101.19,12.7986
7091.3,100.82,12.7986
7092.3,100.81,12.7986
7093.3,101.1,12.7986
7094.3,100.49,12.7986
7095.3,101.08,12.7986
7096.3,100.76,12.7987
7097.3,100.75,12.7987
7098.31,101.1,12.7987
7099.31,100.71,12.7987
7100.31,100.72,12.7987
7101.31,101.28,12.7987
7102.31,100.78,12.7987
7103.31,100.76,12.7987
7104.31,101.12,12.7987
7105.32,100.74,12.7987
7106.32,101.16,12.7987
7107.32,100.67,12.7987
7108.32,100.68,12.7987
7109.32,101.06,12.7987
7110.32,100.7,12.7987
7111.32,100.72,12.7987
7112.33,101.17,12.7987
7113.33,100.73,12.7987
7114.33,101.15,12.7987
7115.33,100.57,12.7987
7116.33,100.64,12.7988
7117.33,101.11,12.7988
7118.34,100.78,12.7988
7119.34,101.11,12.7988
7120.34,100.71,12.7988
7121.34,100.77,12.7988
7122.34,101.17,12.7988
7123.34,100.7,12.7988
7124.34,100.81,12.7988
7125.35,101.14,12.7988
7126.35,100.77,12.7989
7127.35,100.74,12.7988
7128.35,101.14,12.7988
7129.35,100.74,12.7988
7130.35,101.15,12.7988
7131.35,100.75,12.7989
7132.36,100.79,12.799
7133.36,101.07,12.7988
7134.36,100.68,12.7988
7135.36,100.66,12.7988
7136.36,101.17,12.7989
7137.36,100.74,12.7989
7138.37,101.15,12.7989
7139.37,100.73,12.7989
7140.37,100.73,12.7989
7141.37,101.24,12.7989
7142.37,100.76,12.7989
7143.37,100.72,12.799
7144.37,101.15,12.799
7145.37,100.71,12.799
7146.38,100.76,12.799
7147.38,101.1,12.799
7148.38,100.88,12.799
7149.38,100.6,12.799
7150.38,100.85,12.799
7151.38,100.67,12.7989
7152.39,101.17,12.7989
7153.39,186.71,12.9211
7154.39,109.1,12.9344
7155.39,101.17,12.9344
7156.39,100.85,12.9344
7157.39,101.24,12.9344
7158.39,100.84,12.9344
7159.4,100.83,12.9344
7160.4,101.22,12.9344
7161.4,100.94,12.9345
7162.4,101.05,12.9345
7163.4,287.26,2.1134
7164.4,327.8,2.4187
7165.41,306.07,2.7436
7166.41,332.34,2.8316
7167.41,341.96,3.0212
7168.41,326.6,3.2398
7169.41,306.32,3.4928
7170.41,306.63,3.7486
7171.41,309.35,3.9945
7172.41,306.51,4.1956
7173.42,303.32,4.3608
7174.42,304.57,4.5198
7175.42,300.82,4.6529
7176.42,301.6,4.8106
7177.42,307.07,4.9272
7178.42,302.44,5.0671
7179.42,298.87,5.6326
7180.43,233.23,6.3446
7181.43,220.29,7.1336
7182.43,399.92,8.2074
7183.43,400.71,8.8952
7184.43,130.98,8.9762
7185.43,102.9,8.9762
7186.43,186.6,8.9764
7187.43,310.87,8.9768
7188.44,307.82,8.9798
7189.44,302.49,8.9807
7190.44,271.51,9.0106
7191.44,271.93,9.0814
7192.44,131.83,9.0814
7193.44,181.99,9.0783
7194.45,131.61,9.0783
7195.45,106.78,9.0783
7196.45,119.28,9.0783
7197.45,107.03,9.0783
7198.45,172.18,9.0783
7199.45,191.09,9.0787
7200.45,105.2,9.0787
7201.45,124.2,9.0787
7202.46,153.4,9.0787
7203.46,102.17,9.0726
7204.46,104.13,9.0726
7205.46,101.69,9.0726
7206.46,128.26,9.1907
7207.46,399.83,10.0703
7208.47,400.57,10.7053
7209.47,399.6,11.3815
7210.47,312.69,11.8551
7211.47,152.0,11.8945
7212.47,109.28,11.9556
7213.47,101.09,11.9556
7214.47,113.93,11.9556
7215.48,117.87,11.9555
7216.48,137.34,11.9556
7217.48,111.08,11.9556
7218.48,104.51,11.9556
7219.48,101.94,11.9556
7220.48,119.48,11.9556
7221.49,109.98,11.9556
7222.49,103.85,11.9556
7223.49,104.32,11.9554
7224.49,105.72,11.9555
7225.49,100.84,11.9555
7226.49,102.19,11.9555
7227.49,103.46,11.9555
7228.5,106.38,11.9555
7229.5,101.75,11.9555
7230.5,121.25,11.9555
7231.5,110.61,11.9555
7232.5,113.41,11.9555
7233.5,100.87,11.9555
7234.51,115.56,11.9555
7235.51,100.84,11.9555
7236.51,100.88,11.9556
7237.51,101.22,11.9556
7238.51,100.91,11.9556
7239.51,101.99,11.9556
7240.51,101.46,11.9556
7241.52,128.33,11.9556
7242.52,121.96,11.9556
7243.52,104.41,11.9556
7244.52,101.23,11.9556
7245.52,142.09,11.9556
7246.52,138.63,11.9583
7247.53,108.28,11.9583
7248.53,102.27,11.9583
7249.53,130.51,11.9583
7250.53,101.61,11.9583
7251.53,105.72,11.9583
7252.53,101.67,11.9583
7253.54,101.5,11.9583
7254.54,100.95,11.9583
7255.54,101.22,11.9583
7256.54,125.66,11.9584
7257.54,102.7,11.9584
7258.54,103.59,11.9584
7259.54,101.01,11.9584
7260.55,101.92,11.9584
7261.55,100.88,11.9584
7262.55,101.26,11.9584
7263.55,100.82,11.9584
7264.55,101.22,11.9584
7265.55,103.94,11.9584
7266.56,100.99,11.9584
7267.56,113.45,11.9584
7268.56,105.63,11.9584
7269.56,103.14,11.9584
7270.56,109.59,11.9584
7271.56,100.87,11.9584
7272.57,101.49,11.9584
7273.57,103.44,11.9584
7274.57,100.85,11.9584
7275.57,101.3,11.9584
7276.57,100.86,11.9585
7277.57,100.86,11.9585
7278.57,101.34,11.9585
7279.57,103.75,11.9585
7280.58,100.62,11.9585
7281.58,101.34,11.9585
7282.58,100.91,11.9585
7283.58,101.07,11.9585
7284.58,101.07,11.9585
7285.58,100.81,11.9585
7286.58,102.59,11.9585
7287.59,101.19,11.9585
7288.59,100.84,11.9585
7289.59,101.26,11.9585
7290.59,101.03,11.9585
7291.59,106.92,11.9585
7292.59,101.3,11.9585
7293.59,118.72,11.9585
7294.6,168.75,11.9618
7295.6,107.67,11.9642
7296.6,100.85,11.9643
7297.6,101.46,11.9643
7298.6,104.89,11.9559
7299.6,100.81,11.9559
7300.6,104.46,11.9559
7301.61,101.5,11.9559
7302.61,101.4,11.9559
7303.61,150.84,11.9559
7304.61,399.44,12.0287
7305.61,357.91,12.0717
7306.61,100.55,12.0717
7307.61,101.49,12.0717
7308.62,101.14,12.0717
7309.62,101.21,12.0717
7310.62,103.05,12.0717
7311.62,100.85,12.0717
7312.62,101.18,12.0717
7313.62,100.84,12.0717
7314.62,100.8,12.0717
7315.63,101.62,12.0717
7316.63,100.89,12.0718
7317.63,101.25,12.0718
7318.63,100.84,12.0718
7319.63,100.9,12.0718
7320.63,101.29,12.0718
7321.63,104.2,12.0718
7322.64,103.59,12.0718
7323.64,113.87,12.0718
7324.64,100.82,12.0718
7325.64,101.19,12.0718
7326.64,101.14,12.0718
7327.64,100.83,12.0718
7328.65,101.26,12.0718
7329.65,100.81,12.0718
7330.65,100.8,12.0718
7331.65,101.28,12.0718
7332.65,100.87,12.0718
7333.65,101.27,12.0718
7334.65,100.88,12.0718
7335.66,134.61,12.072
7336.66,305.68,12.0767
7337.66,192.05,12.0768
7338.66,181.15,7.1952
7339.66,172.06,2.0869
7340.66,332.36,2.3787
7341.67,302.08,2.7256
7342.67,261.91,2.8233
7343.67,343.96,3.016
7344.67,311.88,3.3106
7345.67,305.44,3.555
7346.67,302.01,3.8059
7347.67,303.94,4.0142
7348.67,303.28,4.2363
7349.68,309.02,4.4182
7350.68,305.3,4.6118
7351.68,301.34,4.75
7352.68,301.2,4.8892
7353.68,302.86,5.0261
7354.68,309.78,5.1498
7355.69,300.45,5.3337
7356.69,305.17,5.4806
7357.69,119.08,6.2814
7358.69,131.41,7.062
7359.69,399.57,8.1746
7360.69,298.68,8.7035
7361.69,103.45,8.8036
7362.7,101.03,8.8036
7363.7,220.23,8.8041
7364.7,307.24,8.8043
7365.7,303.91,8.805
7366.7,243.77,8.8054
7367.7,198.6,8.8055
7368.7,172.48,8.8055
7369.7,209.73,8.8055
7370.71,162.1,8.8055
7371.71,155.37,8.8055
7372.71,186.36,8.8055
7373.71,163.55,8.8055
7374.71,249.27,8.8055
7375.71,182.47,8.8077
7376.71,125.14,8.8077
7377.72,163.46,8.8077
7378.72,102.87,8.8077
7379.72,102.11,8.8077
7380.72,107.92,8.8077
7381.72,108.69,8.8078
7382.72,213.12,9.0782
7383.72,399.87,10.0222
7384.73,400.53,10.668
7385.73,399.58,11.3373
7386.73,399.96,11.9175
7387.73,112.62,11.9363
7388.73,107.45,11.9657
7389.73,110.53,11.9657
7390.73,137.14,11.9657
7391.74,102.03,11.9657
7392.74,106.55,11.9657
7393.74,101.66,11.9657
7394.74,103.77,11.9657
7395.74,113.1,11.9657
7396.74,105.66,11.9658
7397.74,101.13,11.9658
7398.75,106.48,11.9658
7399.75,101.0,11.9658
7400.75,115.07,11.9658
7401.75,101.17,11.9658
7402.75,100.89,11.9658
7403.75,100.71,11.9658
7404.75,101.33,11.9658
7405.76,101.45,11.9658
7406.76,100.75,11.9658
7407.76,100.99,11.9658
7408.76,101.24,11.9658
7409.76,102.75,11.9658
7410.76,103.28,11.9658
7411.76,100.92,11.9658
7412.77,114.02,11.9658
7413.77,101.82,11.9659
7414.77,122.73,11.9659
7415.77,102.45,11.9659
7416.77,100.77,11.9659
7417.77,100.89,11.9659
7418.77,100.64,11.9659
7419.78,194.9,11.9659
7420.78,142.94,11.9659
7421.78,100.88,11.9661
7422.78,103.99,11.9661
7423.78,102.27,11.9661
7424.78,101.23,11.9661
7425.78,100.85,11.9661
7426.79,101.19,11.9661
7427.79,100.81,11.9661
7428.79,101.04,11.9661
7429.79,101.05,11.9661
7430.79,100.72,11.9661
7431.79,101.9,11.9661
7432.8,102.58,11.9661
7433.8,108.02,11.9661
7434.8,100.82,11.9661
7435.8,101.43,11.9661
7436.8,101.35,11.9661
7437.8,100.81,11.9661
7438.81,101.2,11.9661
7439.81,100.85,11.9661
7440.81,103.25,11.9661
7441.81,100.93,11.9662
7442.81,101.56,11.9662
7443.81,100.82,11.9662
7444.81,101.34,11.9662
7445.82,100.71,11.9662
7446.82,101.26,11.9662
7447.82,100.98,11.9662
7448.82,100.91,11.9662
7449.82,101.26,11.9662
7450.82,105.47,11.9662
7451.82,100.91,11.9662
7452.83,101.29,11.9662
7453.83,100.85,11.9662
7454.83,106.76,11.9662
7455.83,101.0,11.9662
7456.83,102.28,11.9662
7457.83,105.41,11.9662
7458.84,100.48,11.9662
7459.84,100.94,11.9662
7460.84,100.85,11.9662
7461.84,100.82,11.9662
7462.84,101.04,11.9662
7463.84,100.59,11.9662
7464.85,100.99,11.9662
7465.85,100.63,11.9662
7466.85,100.6,11.9663
7467.85,101.05,11.9663
7468.85,100.54,11.9663
7469.85,100.55,11.9663
7470.85,101.01,11.9663
7471.85,100.57,11.9663
7472.86,107.36,11.9663
7473.86,101.49,11.9663
7474.86,100.53,11.9663
7475.86,100.5,11.9663
7476.86,100.96,11.9663
7477.86,101.13,11.9663
7478.87,101.26,11.9663
7479.87,100.82,11.9663
7480.87,100.81,11.9663
7481.87,176.92,11.9663
7482.87,399.57,11.9669
7483.87,310.14,12.0769
7484.87,101.34,12.0769
7485.87,101.02,12.0769
7486.88,100.52,12.0769
7487.88,101.08,12.0769
7488.88,100.72,12.0769
7489.88,100.85,12.0769
7490.88,101.33,12.0769
7491.88,100.79,12.0769
7492.88,102.82,12.0769
7493.89,101.07,12.0769
7494.89,100.88,12.0769
7495.89,102.16,12.0769
7496.89,101.24,12.0769
7497.89,100.85,12.0769
7498.89,101.25,12.0769
7499.9,100.69,12.0769
7500.9,194.22,12.0769
7501.9,235.88,12.0773
7502.9,298.32,12.0824
7503.9,231.34,12.0824
7504.9,204.96,12.0951
7505.9,115.72,12.0916
7506.91,105.21,12.0916
7507.91,120.76,12.0916
7508.91,399.51,12.0921
7509.91,332.26,12.0941
7510.91,100.9,12.0941
7511.91,100.98,12.0941
7512.92,104.55,12.0941
7513.92,100.84,12.0941
7514.92,101.26,12.0941
7515.92,163.5,12.0958
7516.92,118.9,12.0974
7517.92,100.86,12.0974
7518.92,100.85,12.0974
7519.93,101.39,12.0974
7520.93,100.84,12.0974
7521.93,101.2,12.0974
7522.93,100.84,12.0974
7523.93,100.77,12.0974
7524.93,101.07,12.0974
7525.94,100.53,12.0974
7526.94,101.14,12.0974
7527.94,105.62,12.0974
7528.94,101.19,12.0974
7529.94,291.21,12.0974
7530.94,368.77,12.0976
7531.95,101.24,12.0977
7532.95,100.77,12.0977
7533.95,100.68,12.0977
7534.95,101.1,12.0977
7535.95,100.87,12.0977
7536.95,100.87,12.0977
7537.95,101.21,12.0977
7538.96,101.13,12.0977
7539.96,100.82,12.0977
7540.96,101.23,12.0977
7541.96,100.59,12.0977
7542.96,100.93,12.0977
7543.96,100.52,12.0977
7544.96,100.65,12.0977
7545.97,101.17,12.0977
7546.97,100.74,12.0977
7547.97,109.79,12.0977
7548.97,100.86,12.0977
7549.97,100.81,12.0977
7550.97,100.96,12.0977
7551.98,100.81,12.0978
7552.98,100.88,12.0978
7553.98,101.18,12.0978
7554.98,100.73,12.0978
7555.98,100.97,12.0978
7556.98,100.52,12.0978
7557.98,100.72,12.0978
7558.99,101.2,12.0978
7559.99,100.7,12.0978
7560.99,101.18,12.0978
7561.99,100.86,12.0978
7562.99,100.87,12.0978
7563.99,101.22,12.0978
7564.99,100.84,12.0978
7566.0,100.69,12.0978
7567.0,101.12,12.0978
7568.0,100.77,12.0978
7569.0,100.85,12.0978
7570.0,101.2,12.0978
7571.0,121.06,12.098
7572.01,123.31,12.0981
7573.01,111.8,12.0981
7574.01,116.7,12.0981
7575.01,109.35,12.0981
7576.01,100.82,12.0981
7577.01,101.04,12.0981
7578.01,100.69,12.0981
7579.02,102.3,12.0981
7580.02,101.14,12.0981
7581.02,101.37,12.0981
7582.02,100.8,12.0981
7583.02,101.57,12.0981
7584.02,100.74,12.0981
7585.03,101.2,12.0981
7586.03,101.12,12.0981
7587.03,100.74,12.0981
7588.03,101.1,12.0981
7589.03,100.74,12.0981
7590.03,100.87,12.0981
7591.03,101.11,12.0981
7592.04,100.74,12.0981
7593.04,101.2,12.0981
7594.04,100.72,12.0981
7595.04,100.74,12.0981
7596.04,103.27,12.0981
7597.04,100.69,12.0982
7598.04,100.87,12.0982
7599.05,101.47,12.0983
7600.05,100.7,12.0983
7601.05,100.76,12.0983
7602.05,101.04,12.0983
7603.05,100.72,12.0983
7604.05,100.71,12.0983
7605.05,101.09,12.0983
7606.06,100.69,12.0983
7607.06,101.11,12.0983
7608.06,100.73,12.0983
7609.06,100.74,12.0983
7610.06,101.16,12.0983
7611.06,100.74,12.0983
7612.06,100.66,12.0983
7613.07,100.86,12.0983
7614.07,100.49,12.0983
7615.07,100.97,12.0983
7616.07,100.72,12.0983
7617.07,253.4,12.0984
7618.07,400.65,12.1006
7619.07,269.6,12.1008
7620.08,100.72,12.1008
7621.08,100.91,12.1008
7622.08,100.51,12.1009
7623.08,100.57,12.1009
7624.08,100.95,12.1009
7625.08,102.8,12.1009
7626.09,101.1,12.1009
7627.09,100.75,12.1009
7628.09,100.72,12.1009
7629.09,101.44,12.1009
7630.09,100.73,12.1009
7631.09,101.14,12.1009
7632.1,100.76,12.1009
7633.1,100.79,12.101
7634.1,101.1,12.101
7635.1,100.71,12.101
7636.1,100.76,12.101
7637.1,101.18,12.101
7638.1,100.69,12.101
7639.1,100.78,12.101
7640.11,101.13,12.101
7641.11,100.7,12.101
7642.11,100.82,12.1011
7643.11,101.23,12.1011
7644.11,138.51,12.1949
7645.11,399.57,12.8098
7646.11,312.98,12.8364
7647.11,100.74,12.8364
7648.12,100.73,12.8364
7649.12,101.17,12.8364
7650.12,100.68,12.8364
7651.12,100.74,12.8364
7652.12,101.06,12.8364
7653.12,100.64,12.8364
7654.12,100.62,12.8364
7655.13,100.98,12.8364
7656.13,100.88,12.8364
7657.13,100.49,12.8366
7658.13,101.09,12.8366
7659.13,100.73,12.8366
7660.13,100.58,12.8366
7661.13,100.9,12.8366
7662.14,100.67,12.8366
7663.14,101.17,12.8366
7664.14,100.7,12.8366
7665.14,100.56,12.8366
7666.14,101.15,12.8366
7667.14,100.73,12.8366
7668.14,100.82,12.8366
7669.15,101.08,12.8366
7670.15,100.65,12.8366
7671.15,172.93,12.937
7672.15,101.03,12.9371
7673.15,100.65,12.9371
7674.15,101.15,12.9371
7675.15,100.7,12.9371
7676.16,100.71,12.9371
7677.16,101.11,12.9371
7678.16,100.71,12.9371
7679.16,100.98,12.9371
7680.16,100.42,12.9371
7681.16,103.82,12.9371
7682.17,101.1,12.9371
7683.17,100.86,12.9371
7684.17,100.69,12.9371
7685.17,101.02,12.9371
7686.17,100.74,12.9371
7687.17,101.78,12.9372
7688.17,101.68,12.9372
7689.18,100.83,12.9372
7690.18,101.07,12.9372
7691.18,100.74,12.9372
7692.18,100.74,12.9372
7693.18,103.7,12.9372
7694.18,100.69,12.9372
7695.18,100.48,12.9372
7696.19,100.96,12.9372
7697.19,115.36,12.9372
7698.19,100.7,12.9372
7699.19,101.11,12.9372
7700.19,100.7,12.9372
7701.19,101.1,12.9372
7702.19,100.54,12.9372
7703.2,100.45,12.9372
7704.2,100.42,12.9374
7705.2,100.84,12.9374
7706.2,100.46,12.9374
7707.2,100.91,12.9374
7708.2,100.74,12.9374
7709.2,100.68,12.9374
7710.21,101.07,12.9374
7711.21,100.7,12.9374
7712.21,100.7,12.9374
7713.21,101.16,12.9374
7714.21,100.73,12.9374
7715.21,101.08,12.9374
7716.22,100.7,12.9374
7717.22,100.74,12.9374
7718.22,101.15,12.9374
7719.22,100.72,12.9374
7720.22,101.13,12.9374
7721.22,100.73,12.9374
7722.22,131.78,12.9376
7723.23,101.22,12.9376
7724.23,100.79,12.9376
7725.23,100.75,12.9376
7726.23,101.18,12.9376
7727.23,100.78,12.9376
7728.23,101.21,12.9376
7729.23,107.04,12.9376
7730.24,100.79,12.9376
7731.24,101.31,12.9376
7732.24,100.77,12.9376
7733.24,100.85,12.9376
7734.24,101.26,12.9376
7735.24,100.76,12.9376
7736.24,101.32,12.9376
7737.25,101.28,12.9376
7738.25,100.76,12.9376
7739.25,100.79,12.9376
7740.25,103.51,12.9376
7741.25,108.25,12.9377
7742.25,123.0,12.9387
7743.25,128.37,2.0578
7744.26,326.84,2.319
7745.26,306.26,2.6624
7746.26,301.57,2.8209
7747.26,352.54,2.9957
7748.26,315.06,3.2966
7749.26,313.67,3.5339
7750.26,305.67,3.8358
7751.27,305.52,4.0865
7752.27,305.1,4.2979
7753.27,311.3,4.4679
7754.27,302.4,4.6521
7755.27,301.56,4.7973
7756.27,306.76,4.9823
7757.27,306.71,5.1102
7758.28,273.91,5.3001
7759.28,171.67,5.4199
7760.28,163.52,6.1441
7761.28,103.08,6.9165
7762.28,384.48,8.0883
7763.28,337.23,8.7193
7764.28,100.87,8.7193
7765.29,101.32,8.7193
7766.29,218.09,8.7195
7767.29,299.24,8.7195
7768.29,220.16,8.7195
7769.29,133.38,8.8197
7770.29,159.21,8.8197
7771.29,158.7,8.8197
7772.3,141.49,8.8197
7773.3,115.8,8.8197
7774.3,107.92,8.8197
7775.3,125.78,8.8197
7776.3,175.72,8.8198
7777.3,103.29,8.8198
7778.31,127.47,8.8198
7779.31,103.47,8.8198
7780.31,102.76,8.8198
7781.31,141.89,8.8198
7782.31,108.42,8.8198
7783.31,132.51,8.8198
7784.31,391.3,9.8265
7785.31,399.84,10.4864
7786.32,399.47,11.1516
7787.32,399.58,11.8504
7788.32,192.39,11.9307
7789.32,108.4,11.9788
7790.32,107.66,11.9788
7791.32,136.15,11.9788
7792.32,158.45,11.9789
7793.33,150.86,11.9789
7794.33,100.87,11.9789
7795.33,114.58,11.9789
7796.33,110.06,11.9789
7797.33,103.97,11.9789
7798.33,104.53,11.9789
7799.34,102.17,11.9789
7800.34,104.15,11.9789
7801.34,104.78,11.9789
7802.34,115.25,11.9789
7803.34,100.71,11.9789
7804.34,100.87,11.9789
7805.35,101.13,11.9789
7806.35,100.88,11.979
7807.35,100.75,11.979
7808.35,106.86,11.979
7809.35,100.54,11.979
7810.35,101.69,11.979
7811.35,118.92,11.979
7812.36,100.83,11.979
7813.36,114.52,11.979
7814.36,101.65,11.979
7815.36,101.06,11.979
7816.36,102.49,11.979
7817.36,125.73,11.9791
7818.37,126.43,11.9791
7819.37,100.81,11.9791
7820.37,101.23,11.9791
7821.37,111.53,11.9791
7822.37,129.25,11.9791
7823.37,101.24,11.9791
7824.38,100.82,11.9791
7825.38,117.71,11.9791
7826.38,106.31,11.9793
7827.38,101.19,11.9793
7828.38,101.7,11.9793
7829.38,100.78,11.9793
7830.38,100.51,11.9793
7831.39,101.01,11.9793
7832.39,100.84,11.9793
7833.39,102.01,11.9793
7834.39,104.84,11.9793
7835.39,102.13,11.9793
7836.39,106.45,11.9793
7837.39,103.95,11.9793
7838.4,100.91,11.9793
7839.4,101.27,11.9793
7840.4,101.15,11.9793
7841.4,101.28,11.9793
7842.4,100.78,11.9793
7843.4,100.73,11.9793
7844.41,106.88,11.9793
7845.41,100.88,11.9793
7846.41,100.91,11.9794
7847.41,101.95,11.9794
7848.41,100.87,11.9794
7849.41,101.36,11.9794
7850.41,101.63,11.9794
7851.42,100.71,11.9794
7852.42,100.76,11.9794
7853.42,101.11,11.9794
7854.42,100.55,11.9794
7855.42,103.83,11.9794
7856.42,100.97,11.9794
7857.42,100.54,11.9794
7858.43,100.95,11.9794
7859.43,104.72,11.9794
7860.43,101.23,11.9794
7861.43,101.35,11.9794
7862.43,106.79,11.9794
7863.43,101.1,11.9794
7864.44,100.75,11.9794
7865.44,101.01,11.9794
7866.44,100.64,11.9795
7867.44,100.63,11.9795
7868.44,101.02,11.9795
7869.44,100.72,11.9795
7870.45,100.95,11.9795
7871.45,100.6,11.9795
7872.45,102.92,11.9795
7873.45,101.23,11.9795
7874.45,102.65,11.9795
7875.45,101.26,11.9795
7876.45,100.9,11.9795
7877.46,100.99,11.9795
7878.46,101.67,11.9795
7879.46,102.77,11.9795
7880.46,100.84,11.9795
7881.46,101.25,11.9795
7882.46,101.01,11.9795
7883.46,100.8,11.9795
7884.47,101.36,11.9795
7885.47,100.97,11.9795
7886.47,100.91,11.9796
7887.47,229.92,11.9879
7888.47,400.31,12.0499
7889.47,241.45,12.0969
7890.47,100.91,12.0969
7891.47,101.55,12.0969
7892.47,110.58,12.0969
7893.48,100.85,12.0969
7894.48,101.26,12.0969
7895.48,100.85,12.0969
7896.48,101.29,12.0969
7897.48,100.85,12.0969
7898.48,102.96,12.0969
7899.49,101.24,12.0969
7900.49,101.0,12.0969
7901.49,101.27,12.0969
7902.49,101.27,12.0969
7903.49,100.81,12.0969
7904.49,101.22,12.0969
7905.5,119.23,12.0969
7906.5,257.85,12.0973
7907.5,298.42,12.0973
7908.5,251.38,12.1101
7909.5,204.68,12.1251
7910.5,150.94,12.1252
7911.5,100.84,12.1253
7912.51,107.41,12.1253
7913.51,395.24,12.1392
7914.51,317.27,12.1422
7915.51,125.83,12.1422
7916.51,164.38,12.1422
7917.51,121.24,12.1422
7918.51,140.03,12.1422
7919.52,116.85,12.1422
7920.52,106.87,12.1422
7921.52,101.47,12.1424
7922.52,111.53,12.1424
7923.52,101.23,12.1424
7924.52,100.72,12.1424
7925.52,100.73,12.1424
7926.53,101.13,12.1424
7927.53,100.74,12.1424
7928.53,101.17,12.1424
7929.53,100.73,12.1424
7930.53,104.64,12.1424
7931.53,104.28,12.1424
7932.54,100.7,12.1424
7933.54,106.26,12.1424
7934.54,101.04,12.1424
7935.54,100.62,12.1424
7936.54,100.67,12.1424
7937.54,100.85,12.1424
7938.54,100.48,12.1424
7939.55,101.09,12.1424
7940.55,100.69,12.1424
7941.55,100.5,12.1425
7942.55,100.99,12.1425
7943.55,100.46,12.1425
7944.55,100.86,12.1425
7945.55,100.48,12.1425
7946.56,100.75,12.1425
7947.56,101.18,12.1425
7948.56,100.7,12.1425
7949.56,100.69,12.1425
7950.56,101.14,12.1425
7951.56,100.72,12.1425
7952.56,100.73,12.1425
7953.57,101.09,12.1425
7954.57,100.68,12.1425
7955.57,100.78,12.1425
7956.57,101.2,12.1425
7957.57,100.7,12.1425
7958.57,100.74,12.1425
7959.57,101.11,12.1425
7960.58,100.72,12.1425
7961.58,100.75,12.1426
7962.58,101.13,12.1426
7963.58,100.69,12.1426
7964.58,101.09,12.1426
7965.58,100.68,12.1426
7966.58,100.73,12.1426
7967.59,101.06,12.1426
7968.59,101.48,12.1426
7969.59,101.11,12.1426
7970.59,100.67,12.1426
7971.59,100.75,12.1426
7972.59,101.19,12.1426
7973.6,100.7,12.1426
7974.6,100.71,12.1426
7975.6,101.11,12.1426
7976.6,100.67,12.1426
7977.6,101.25,12.1426
7978.6,100.47,12.1426
7979.6,100.46,12.1426
7980.61,100.95,12.1426
7981.61,100.52,12.1426
7982.61,100.92,12.1426
7983.61,105.44,12.1426
7984.61,100.64,12.1426
7985.61,101.13,12.1426
7986.62,348.25,12.1428
7987.62,400.0,12.143
7988.62,105.21,12.143
7989.62,100.49,12.143
7990.62,107.95,12.143
7991.62,101.23,12.143
7992.62,100.78,12.143
7993.62,100.73,12.143
7994.63,101.16,12.143
7995.63,100.69,12.1431
7996.63,100.71,12.1431
7997.63,101.0,12.1431
7998.63,100.65,12.1431
7999.63,100.45,12.1431
8000.63,101.23,12.1431
8001.64,102.61,12.1431
8002.64,100.93,12.1431
8003.64,100.46,12.1431
8004.64,100.49,12.1431
8005.64,100.97,12.1431
8006.64,100.73,12.1432
8007.64,100.76,12.1432
8008.64,100.68,12.1432
8009.65,101.24,12.1432
8010.65,100.75,12.1432
8011.65,101.19,12.1432
8012.65,100.81,12.1432
8013.65,100.77,12.1432
8014.65,101.2,12.1432
8015.66,100.82,12.1432
8016.66,100.97,12.1432
8017.66,100.52,12.1432
8018.66,100.55,12.1432
8019.66,100.92,12.1432
8020.66,100.5,12.1432
8021.67,100.94,12.1433
8022.67,100.56,12.1433
8023.67,100.64,12.1433
8024.67,100.88,12.1433
8025.67,100.54,12.1433
8026.67,101.1,12.1433
8027.67,100.51,12.1433
8028.68,100.52,12.1433
8029.68,101.11,12.1433
8030.68,101.1,12.1433
8031.68,100.84,12.1433
8032.68,101.26,12.1433
8033.68,100.75,12.1433
8034.68,100.72,12.1433
8035.69,101.18,12.1433
8036.69,100.61,12.1433
8037.69,101.03,12.1433
8038.69,100.62,12.1433
8039.69,100.55,12.1433
8040.69,100.93,12.1433
8041.7,103.85,12.1435
8042.7,101.17,12.1435
8043.7,100.51,12.1435
8044.7,333.28,12.1434
8045.7,369.48,12.1436
8046.7,100.85,12.1436
8047.7,101.07,12.1436
8048.71,101.15,12.1436
8049.71,100.76,12.1436
8050.71,101.12,12.1436
8051.71,100.81,12.1436
8052.71,100.83,12.1436
8053.71,101.16,12.1436
8054.72,100.86,12.1436
8055.72,101.22,12.1436
8056.72,100.84,12.1436
8057.72,100.8,12.1436
8058.72,101.27,12.1436
8059.72,101.71,12.1436
8060.72,100.79,12.1436
8061.73,101.24,12.1437
8062.73,101.91,12.1437
8063.73,100.67,12.1437
8064.73,101.1,12.1437
8065.73,100.78,12.1437
8066.73,101.23,12.1437
8067.74,100.83,12.1437
8068.74,100.79,12.1437
8069.74,101.2,12.1437
8070.74,239.21,12.517
8071.74,400.84,12.8519
8072.74,208.33,12.852
8073.74,100.81,12.852
8074.75,100.95,12.852
8075.75,100.71,12.852
8076.75,100.78,12.852
8077.75,101.21,12.852
8078.75,100.85,12.852
8079.75,101.27,12.852
8080.75,100.81,12.852
8081.76,100.88,12.8521
8082.76,101.37,12.8521
8083.76,100.83,12.8521
8084.76,100.71,12.8521
8085.76,101.3,12.8521
8086.76,100.84,12.8521
8087.76,100.92,12.8521
8088.77,101.24,12.8521
8089.77,100.83,12.8521
8090.77,100.93,12.8521
8091.77,101.31,12.8521
8092.77,100.88,12.8521
8093.77,100.85,12.8521
8094.77,101.22,12.8521
8095.78,100.8,12.8521
8096.78,100.89,12.8521
8097.78,169.53,12.9841
8098.78,100.78,12.9841
8099.78,101.16,12.9841
8100.78,100.83,12.9841
8101.78,100.85,12.9841
8102.79,101.27,12.9841
8103.79,100.82,12.9841
8104.79,100.81,12.9841
8105.79,106.26,12.9841
8106.79,100.8,12.9842
8107.79,101.18,12.9842
8108.79,100.84,12.9842
8109.8,100.63,12.9842
8110.8,100.93,12.9842
8111.8,101.28,12.9842
8112.8,100.55,12.9842
8113.8,100.92,12.9842
8114.8,100.58,12.9842
8115.81,101.02,12.9842
8116.81,102.47,12.9842
8117.81,100.68,12.9842
8118.81,101.09,12.9842
8119.81,100.7,12.9842
8120.81,101.09,12.9842
8121.81,126.65,12.9843
8122.82,100.77,12.9843
8123.82,101.12,12.9843
8124.82,100.56,12.9843
8125.82,100.6,12.9843
8126.82,100.98,12.9844
8127.82,100.52,12.9844
8128.83,101.12,12.9844
8129.83,100.75,12.9844
8130.83,100.64,12.9844
8131.83,101.06,12.9844
8132.83,100.58,12.9844
8133.83,100.91,12.9844
8134.83,100.48,12.9844
8135.84,103.18,12.9844
8136.84,100.94,12.9844
8137.84,100.47,12.9844
8138.84,100.53,12.9844
8139.84,100.95,12.9844
8140.84,100.75,12.9844
8141.84,100.78,12.9844
8142.85,101.16,12.9844
8143.85,100.74,12.9844
8144.85,101.15,12.9844
8145.85,100.74,12.9844
8146.85,121.67,12.9845
8147.85,101.13,12.9845
8148.86,100.68,12.9845
8149.86,101.11,12.9845
8150.86,100.71,12.9845
8151.86,100.77,12.9847
8152.86,101.2,12.9847
8153.86,100.75,12.9847
8154.86,100.69,12.9847
8155.87,101.15,12.9847
8156.87,100.8,12.9847
8157.87,101.15,12.9847
8158.87,100.75,12.9847
8159.87,100.69,12.9847
8160.87,100.92,12.9847
8161.88,100.56,12.9847
8162.88,100.97,12.9847
8163.88,100.5,12.9847
8164.88,100.49,12.9847
8165.88,100.93,12.9847
8166.88,100.55,12.9847
8167.89,101.01,12.9847
8168.89,100.75,12.9847
8169.89,100.75,12.9847
8170.89,101.09,12.9847
8171.89,128.22,12.9848
8172.89,100.8,12.9848
8173.89,101.15,12.9848
8174.89,100.7,12.9848
8175.9,100.75,12.9848
8176.9,101.19,12.9848
8177.9,100.73,12.9848
8178.9,101.09,12.9848
8179.9,100.69,12.9848
8180.9,100.72,12.9848
8181.91,101.16,12.9848
8182.91,100.8,12.9848
8183.91,100.73,12.9848
8184.91,101.13,12.9848
8185.91,100.73,12.9848
8186.91,101.17,12.9848
8187.92,100.7,12.9848
8188.92,100.71,12.9848
8189.92,101.11,12.9848
8190.92,100.78,12.9848
8191.92,100.64,12.9848
8192.92,101.15,12.9849
8193.92,100.72,12.9849
8194.93,101.1,12.9849
8195.93,109.35,12.9849
8196.93,111.79,12.9851
8197.93,101.12,12.9851
8198.93,100.71,12.9851
8199.93,100.67,12.9851
8200.93,100.98,12.9851
8201.93,100.5,12.9851
8202.94,100.59,12.9851
8203.94,100.86,12.9851
8204.94,100.56,12.9851
8205.94,100.69,12.9851
8206.94,101.14,12.9851
8207.94,100.72,12.9851
8208.94,100.66,12.9851
8209.95,100.95,12.9851
8210.95,100.48,12.9851
8211.95,100.93,12.9853
8212.95,100.58,12.9853
8213.95,100.61,12.9853
8214.95,100.96,12.9853
8215.95,100.58,12.9853
8216.96,100.77,12.9853
8217.96,101.08,12.9853
8218.96,100.68,12.9853
8219.96,101.04,12.9853
8220.96,100.69,12.9853
8221.96,129.37,12.9853
8222.97,100.98,12.9853
8223.97,100.44,12.9853
8224.97,100.44,12.9853
8225.97,100.86,12.9853
8226.97,100.51,12.9854
8227.97,100.47,12.9854
8228.97,101.13,12.9854
8229.97,100.65,12.9854
8230.98,100.64,12.9854
8231.98,101.14,12.9854
8232.98,100.72,12.9854
8233.98,100.65,12.9854
8234.98,101.08,12.9854
8235.98,100.68,12.9854
8236.99,100.97,12.9854
8237.99,100.6,12.9854
8238.99,100.74,12.9854
8239.99,101.1,12.9854
8240.99,100.71,12.9854
8241.99,100.77,12.9854
8242.99,101.15,12.9854
8244.0,100.67,12.9854
8245.0,101.11,12.9854
8246.0,100.67,12.9854
8247.0,118.68,12.9854
8248.0,101.13,12.9854
8249.0,100.72,12.9854
8250.01,101.1,12.9854
8251.01,100.71,12.9854
8252.01,100.78,12.9855
8253.01,101.2,12.9855
8254.01,100.72,12.9855
8255.01,100.7,12.9855
8256.01,101.18,12.9855
8257.02,100.77,12.9855
8258.02,100.74,12.9855
8259.02,101.13,12.9855
8260.02,100.73,12.9855
8261.02,101.13,12.9855
8262.02,100.78,12.9855
8263.02,100.79,12.9855
8264.03,101.2,12.9855
8265.03,100.73,12.9855
8266.03,100.76,12.9855
8267.03,108.07,12.9855
8268.03,100.45,12.9855
8269.03,100.9,12.9855
8270.03,100.47,12.9855
8271.04,100.66,12.9855
8272.04,131.73,12.9856
8273.04,100.79,12.9856
8274.04,100.82,12.9856
8275.04,100.79,12.9856
8276.04,101.17,12.9856
8277.04,100.81,12.9856
8278.05,101.16,12.9856
8279.05,100.76,12.9856
8280.05,100.76,12.9856
8281.05,101.1,12.9856
8282.05,100.74,12.9856
8283.05,101.2,12.9856
8284.05,100.67,12.9856
8285.06,100.62,12.9856
8286.06,101.0,12.9856
8287.06,100.62,12.9856
8288.06,100.96,12.9856
8289.06,100.56,12.9856
8290.06,100.64,12.9856
8291.07,101.19,12.9856
8292.07,100.79,12.9856
8293.07,100.87,12.9856
8294.07,101.21,12.9856
8295.07,100.7,12.9856
8296.07,118.28,12.9857
8297.07,100.73,12.9857
8298.08,100.81,12.9857
8299.08,101.31,12.9857
8300.08,100.87,12.9857
8301.08,100.86,12.9857
8302.08,101.4,12.9857
8303.08,100.98,12.9857
8304.08,100.86,12.9857
8305.09,101.28,12.9857
8306.09,100.86,12.9857
8307.09,101.29,12.9859
8308.09,100.88,12.9859
8309.09,100.8,12.9859
8310.09,101.27,12.9859
8311.09,100.83,12.9859
8312.1,100.88,12.9859
8313.1,101.28,12.9859
8314.1,100.84,12.9859
8315.1,100.85,12.9859
8316.1,101.24,12.9859
8317.1,100.93,12.9859
8318.11,101.25,12.9859
8319.11,100.68,12.9859
8320.11,100.88,12.9859
8321.11,101.27,12.9859
8322.11,103.78,12.9859
8323.11,108.43,12.9859
8324.11,167.79,11.9154
8325.12,116.42,2.0618
8326.12,326.01,2.2891
8327.12,306.75,2.636
8328.12,259.53,2.8035
8329.12,343.89,2.9664
8330.12,312.52,3.2793
8331.12,315.87,3.5903
8332.13,304.81,3.8962
8333.13,305.52,4.1756
8334.13,306.38,4.3758
8335.13,307.11,4.5622
8336.13,302.16,4.7366
8337.13,301.33,4.8653
8338.13,303.09,5.0158
8339.13,307.71,5.1497
8340.14,300.69,5.3242
8341.14,277.88,5.4324
8342.14,238.3,6.1978
8343.14,105.83,6.9057
8344.14,375.05,8.063
8345.14,357.6,8.6788
8346.15,105.93,8.8597
8347.15,100.98,8.8597
8348.15,149.0,8.861
8349.15,307.6,8.8678
8350.15,300.21,8.8724
8351.15,284.64,8.8739
8352.15,231.15,8.8742
8353.16,222.16,8.8742
8354.16,217.26,8.8742
8355.16,139.75,8.868
8356.16,114.16,8.868
8357.16,135.71,8.8681
8358.16,104.26,8.8681
8359.16,220.47,8.8681
8360.17,136.17,8.8681
8361.17,120.36,8.8681
8362.17,134.62,8.8681
8363.17,102.15,8.8681
8364.17,101.96,8.8681
8365.17,104.62,8.8683
8366.18,110.59,8.8683
8367.18,201.08,9.1194
8368.18,400.99,10.046
8369.18,399.57,10.6792
8370.18,399.73,11.3507
8371.18,400.67,11.9752
8372.18,132.19,11.9752
8373.18,108.84,11.9752
8374.19,118.64,11.9752
8375.19,127.88,11.9752
8376.19,106.8,11.9752
8377.19,101.06,11.9754
8378.19,108.62,11.9754
8379.19,115.97,11.9754
8380.19,116.99,11.9754
8381.2,101.56,11.9754
8382.2,101.66,11.9754
8383.2,100.98,11.9754
8384.2,115.39,11.9754
8385.2,100.9,11.9754
8386.2,100.89,11.9754
8387.21,101.32,11.9754
8388.21,101.18,11.9754
8389.21,101.43,11.9754
8390.21,101.36,11.9754
8391.21,101.33,11.9754
8392.21,102.74,11.9754
8393.21,101.27,11.9754
8394.22,100.74,11.9754
8395.22,103.18,11.9754
8396.22,101.03,11.9754
8397.22,101.64,11.9755
8398.22,130.42,11.9756
8399.22,100.77,11.9756
8400.23,103.78,11.9756
8401.23,100.5,11.9756
8402.23,206.79,11.9756
8403.23,123.65,11.9756
8404.23,100.74,11.9756
8405.23,101.28,11.9756
8406.23,101.98,11.9756
8407.23,102.79,11.9756
8408.24,100.62,11.9756
8409.24,101.0,11.9756
8410.24,101.36,11.9756
8411.24,102.42,11.9756
8412.24,100.93,11.9756
8413.24,102.08,11.9756
8414.25,102.14,11.9756
8415.25,103.5,11.9756
8416.25,105.25,11.9757
8417.25,101.4,11.9757
8418.25,100.85,11.9757
8419.25,101.1,11.9757
8420.25,101.31,11.9757
8421.26,100.97,11.9757
8422.26,102.38,11.9757
8423.26,100.77,11.9757
8424.26,100.85,11.9757
8425.26,101.73,11.9757
8426.26,100.93,11.9757
8427.27,101.29,11.9757
8428.27,100.84,11.9757
8429.27,101.06,11.9757
8430.27,101.33,11.9757
8431.27,100.95,11.9757
8432.27,103.71,11.9757
8433.27,103.35,11.9757
8434.28,100.89,11.9757
8435.28,101.29,11.9757
8436.28,107.64,11.9757
8437.28,100.89,11.9757
8438.28,101.98,11.9757
8439.28,107.17,11.9757
8440.29,101.18,11.9757
8441.29,100.92,11.9757
8442.29,100.95,11.9757
8443.29,101.15,11.9757
8444.29,100.81,11.9757
8445.29,101.29,11.9757
8446.29,100.93,11.9758
8447.3,100.88,11.9758
8448.3,103.75,11.9758
8449.3,100.81,11.9758
8450.3,100.88,11.9758
8451.3,101.34,11.9758
8452.3,109.9,11.9758
8453.31,101.02,11.9758
8454.31,101.61,11.9758
8455.31,100.53,11.9758
8456.31,101.08,11.9758
8457.31,101.62,11.9758
8458.31,101.37,11.9758
8459.32,100.89,11.9758
8460.32,100.9,11.9758
8461.32,101.32,11.9758
8462.32,339.04,11.9816
8463.32,399.83,12.0879
8464.32,188.53,12.0879
8465.32,100.92,12.0879
8466.33,101.48,12.088
8467.33,100.83,12.088
8468.33,100.88,12.088
8469.33,101.26,12.088
8470.33,100.79,12.088
8471.33,101.31,12.088
8472.33,100.92,12.088
8473.34,102.66,12.088
8474.34,101.27,12.088
8475.34,100.83,12.088
8476.34,100.92,12.088
8477.34,101.36,12.088
8478.34,101.23,12.088
8479.34,100.86,12.088
8480.35,101.26,12.088
8481.35,101.83,12.088
8482.35,256.25,12.0884
8483.35,233.21,12.0885
8484.35,151.16,12.0894
8485.35,102.42,12.0894
8486.36,101.03,12.0896
8487.36,102.29,12.0896
8488.36,104.46,12.0896
8489.36,113.61,12.0897
8490.36,399.73,12.0903
8491.36,325.11,12.101
8492.36,113.82,12.101
8493.36,222.37,12.1028
8494.37,102.09,12.1028
8495.37,107.8,12.1028
8496.37,100.67,12.1028
8497.37,101.32,12.1028
8498.37,100.85,12.1028
8499.37,100.72,12.1028
8500.37,101.24,12.1028
8501.37,100.88,12.1028
8502.38,100.87,12.1028
8503.38,101.21,12.1028
8504.38,120.84,12.103
8505.38,146.8,12.1029
8506.38,112.83,12.103
8507.38,107.24,12.103
8508.39,103.81,12.103
8509.39,104.56,12.103
8510.39,112.81,12.103
8511.39,101.19,12.103
8512.39,102.57,12.1031
8513.39,100.39,12.1029
8514.39,101.13,12.1029
8515.4,100.75,12.1029
8516.4,101.59,12.1031
8517.4,100.77,12.1031
8518.4,100.79,12.103
8519.4,101.11,12.103
8520.4,100.65,12.103
8521.4,100.68,12.1031
8522.41,101.58,12.1031
8523.41,100.71,12.1031
8524.41,101.04,12.1031
8525.41,100.72,12.1031
8526.41,100.77,12.1031
8527.41,101.13,12.1031
8528.42,100.77,12.1031
8529.42,101.12,12.1031
8530.42,102.98,12.1031
8531.42,100.81,12.1031
8532.42,101.43,12.1032
8533.42,100.75,12.1032
8534.43,101.17,12.1032
8535.43,100.79,12.1032
8536.43,100.84,12.1032
8537.43,101.05,12.1032
8538.43,100.66,12.1032
8539.43,101.05,12.1032
8540.44,100.68,12.1032
8541.44,100.81,12.1032
8542.44,101.24,12.1032
8543.44,100.78,12.1032
8544.44,101.22,12.1032
8545.44,100.85,12.1032
8546.44,100.88,12.1032
8547.45,101.18,12.1032
8548.45,100.79,12.1032
8549.45,324.23,12.1093
8550.45,392.14,12.1103
8551.45,100.59,12.1103
8552.45,100.86,12.1104
8553.45,101.18,12.1104
8554.46,100.72,12.1103
8555.46,101.14,12.1103
8556.46,100.84,12.1105
8557.46,100.74,12.1105
8558.46,101.28,12.1105
8559.46,100.77,12.1105
8560.46,103.3,12.1105
8561.47,101.21,12.1105
8562.47,100.83,12.1105
8563.47,101.19,12.1105
8564.47,100.77,12.1105
8565.47,100.78,12.1105
8566.47,101.21,12.1104
8567.48,100.75,12.1105
8568.48,100.76,12.1105
8569.48,101.12,12.1105
8570.48,100.76,12.1105
8571.48,101.21,12.1106
8572.48,100.95,12.1106
8573.48,100.71,12.1106
8574.49,101.12,12.1106
8575.49,100.57,12.1106
8576.49,101.18,12.1106
8577.49,100.74,12.1106
8578.49,100.75,12.1106
8579.49,101.16,12.1106
8580.5,100.73,12.1106
8581.5,101.14,12.1106
8582.5,100.82,12.1106
8583.5,100.77,12.1106
8584.5,102.32,12.1106
8585.5,100.73,12.1106
8586.51,101.18,12.1106
8587.51,103.83,12.1106
8588.51,100.77,12.1106
8589.51,101.35,12.1106
8590.51,100.65,12.1106
8591.51,101.05,12.1108
8592.51,100.72,12.1108
8593.52,100.73,12.1108
8594.52,101.32,12.1108
8595.52,100.76,12.1108
8596.52,100.77,12.1108
8597.52,101.14,12.1108
8598.52,100.72,12.1108
8599.53,101.11,12.1108
8600.53,100.76,12.1107
8601.53,100.75,12.1108
8602.53,101.27,12.1108
8603.53,101.01,12.1108
8604.53,100.74,12.1108
8605.53,101.15,12.1108
8606.54,319.6,12.1169
8607.54,399.89,12.111
8608.54,158.74,12.111
8609.54,100.55,12.111
8610.54,100.82,12.111
8611.54,100.46,12.111
8612.54,100.55,12.111
8613.55,100.95,12.111
8614.55,100.67,12.111
8615.55,101.29,12.111
8616.55,100.82,12.111
8617.55,100.73,12.1111
8618.55,100.95,12.1111
8619.56,100.57,12.111
8620.56,101.85,12.1111
8621.56,100.94,12.1111
8622.56,103.14,12.1111
8623.56,100.71,12.1111
8624.56,101.09,12.1111
8625.56,100.52,12.1111
8626.57,100.96,12.1111
8627.57,100.54,12.1111
8628.57,100.69,12.1111
8629.57,101.06,12.1111
8630.57,100.51,12.1111
8631.57,131.51,12.1846
8632.57,399.62,12.7997
8633.58,289.27,12.802
8634.58,100.73,12.8021
8635.58,101.14,12.8021
8636.58,100.8,12.8021
8637.58,101.15,12.8021
8638.58,100.75,12.8021
8639.58,100.73,12.8021
8640.59,101.11,12.8021
8641.59,100.81,12.8023
8642.59,101.19,12.8023
8643.59,100.7,12.8023
8644.59,100.63,12.8023
8645.59,101.18,12.8023
8646.6,100.82,12.8023
8647.6,100.7,12.8023
8648.6,100.97,12.8023
8649.6,100.55,12.8023
8650.6,100.98,12.8023
8651.6,100.63,12.8023
8652.6,100.86,12.8023
8653.61,101.28,12.8023
8654.61,100.87,12.8023
8655.61,101.29,12.8023
8656.61,100.94,12.8023
8657.61,188.89,12.9344
8658.61,101.3,12.9344
8659.62,100.9,12.9344
8660.62,101.31,12.9344
8661.62,107.8,12.9344
8662.62,100.92,12.9345
8663.62,101.33,12.9345
8664.62,100.87,12.9345
8665.62,109.64,12.9345
8666.63,101.41,12.9345
8667.63,126.59,4.2047
8668.63,247.9,2.2263
8669.63,325.52,2.5511
8670.63,303.57,2.842
8671.63,344.36,2.9633
8672.63,349.5,3.3326
8673.63,321.78,3.6557
8674.64,310.71,3.9842
8675.64,309.98,4.2707
8676.64,307.16,4.5356
8677.64,307.14,4.7543
8678.64,304.28,4.9912
8679.64,301.4,5.1873
8680.65,304.72,5.3476
8681.65,259.29,5.4772
8682.65,186.59,5.6178
8683.65,144.95,5.7657
8684.65,130.67,5.901
8685.65,109.2,6.0238
8686.65,142.66,6.1272
8687.65,128.96,6.225
8688.66,110.75,6.3372
8689.66,109.95,6.5009
8690.66,145.89,6.6068
8691.66,128.06,6.6845
8692.66,122.55,6.7686
8693.66,114.43,6.855
8694.66,150.32,6.928
8695.67,112.03,7.0095
8696.67,188.09,7.3177
8697.67,181.83,7.37
8698.67,106.94,7.3699
8699.67,100.84,7.3699
8700.67,101.24,7.3699
8701.68,100.83,7.4703
8702.68,101.35,7.4703
8703.68,107.31,7.4703
8704.68,122.88,7.4703
8705.68,118.34,7.4703
8706.68,112.38,7.4703
8707.69,122.44,7.4703
8708.69,139.92,7.4703
8709.69,114.22,7.4703
8710.69,165.99,7.7418
8711.69,118.06,7.7899
8712.69,118.65,7.7899
8713.69,105.62,7.7899
8714.69,106.13,7.7899
8715.7,101.89,7.7899
8716.7,102.3,7.7899
8717.7,102.27,7.7899
8718.7,103.29,7.7899
8719.7,100.8,7.7899
8720.7,118.75,7.7899
8721.71,101.35,7.7899
8722.71,106.01,7.7899
8723.71,100.6,7.7899
8724.71,101.06,7.7899
8725.71,100.53,7.7899
8726.71,101.0,7.7899
8727.72,127.71,7.7899
8728.72,118.67,7.7899
8729.72,119.07,7.7899
8730.72,157.93,7.7899
8731.72,107.14,7.79
8732.72,115.46,7.79
8733.72,102.04,7.79
8734.73,101.62,7.79
8735.73,100.87,7.79
8736.73,101.92,7.79
8737.73,105.56,7.79
8738.73,102.81,7.79
8739.73,103.84,7.79
8740.74,101.87,7.79
8741.74,101.41,7.79
8742.74,114.75,7.79
8743.74,104.82,7.79
8744.74,100.95,7.79
8745.74,100.53,7.79
8746.75,104.18,7.79
8747.75,100.77,7.79
8748.75,100.85,7.7901
8749.75,101.23,7.7901
8750.75,102.62,7.7901
8751.75,113.88,7.7901
8752.75,100.58,7.7901
8753.76,100.65,7.7901
8754.76,100.95,7.7901
8755.76,100.99,7.7903
8756.76,101.31,7.7903
8757.76,100.84,7.7903
8758.76,100.86,7.7903
8759.77,100.94,7.7903
8760.77,100.72,7.7903
8761.77,101.46,7.7903
8762.77,101.24,7.7903
8763.77,100.58,7.7903
8764.77,101.54,7.7903
8765.77,100.56,7.7903
8766.78,101.04,7.7903
8767.78,102.34,7.7903
8768.78,101.28,7.7903
8769.78,104.84,7.7903
8770.78,100.52,7.7903
8771.78,101.51,7.7903
8772.79,101.0,7.7903
8773.79,100.54,7.7903
8774.79,100.89,7.7903
8775.79,100.92,7.7903
8776.79,100.87,7.7904
8777.79,100.92,7.7904
8778.8,102.99,7.7904
8779.8,116.43,7.7904
8780.8,109.06,7.7904
8781.8,102.59,7.7904
8782.8,101.16,7.7904
8783.8,119.02,7.7904
8784.8,100.5,7.7904
8785.8,107.85,7.7904
8786.81,102.21,7.7904
8787.81,101.34,7.7904
8788.81,105.13,7.7904
8789.81,128.16,7.7904
8790.81,172.06,7.8902
8791.81,101.6,7.8902
8792.82,100.99,7.8902
8793.82,228.93,7.8903
8794.82,147.52,2.1397
8795.82,325.36,2.3353
8796.82,339.83,2.4674
8797.82,333.86,2.747
8798.82,327.45,3.0582
8799.83,230.15,2.1639
8800.83,335.79,2.4671
8801.83,300.61,2.8115
8802.83,316.78,2.9489
8803.83,336.41,3.2913
8804.83,320.3,3.6651
8805.83,305.27,4.0189
8806.84,310.6,4.3282
8807.84,303.45,4.5282
8808.84,303.53,4.7276
8809.84,302.69,5.0135
8810.84,304.03,5.2231
8811.84,300.4,5.4061
8812.84,303.29,5.5842
8813.85,302.27,5.7283
8814.85,259.73,5.8492
8815.85,181.47,5.9996
8816.85,109.0,6.1022
8817.85,132.73,6.2309
8818.85,120.8,6.3117
8819.86,122.41,6.3974
8820.86,107.46,6.4944
8821.86,130.55,6.5857
8822.86,105.36,6.6716
8823.86,176.99,6.7911
8824.86,139.39,6.915
8825.86,137.91,7.1308
8826.87,158.89,7.3151
8827.87,178.47,7.3524
8828.87,105.14,7.4526
8829.87,101.29,7.4526
8830.87,100.5,7.4526
8831.87,100.98,7.4528
8832.88,100.93,7.4528
8833.88,106.0,7.4528
8834.88,133.07,7.4528
8835.88,168.01,7.4528
8836.88,122.04,7.4528
8837.88,117.33,7.4528
8838.88,157.29,7.7163
8839.89,136.65,7.7644
8840.89,107.78,7.7644
8841.89,140.56,7.7646
8842.89,102.43,7.7646
8843.89,100.56,7.7646
8844.89,100.84,7.7646
8845.89,107.35,7.7646
8846.89,118.41,7.7646
8847.9,109.58,7.7646
8848.9,101.15,7.7646
8849.9,101.44,7.7646
8850.9,102.45,7.7646
8851.9,100.91,7.7646
8852.9,103.31,7.7646
8853.91,101.74,7.7646
8854.91,101.27,7.7646
8855.91,100.83,7.7646
8856.91,102.18,7.7646
8857.91,100.81,7.7646
8858.91,101.69,7.7646
8859.91,104.43,7.7646
8860.91,100.83,7.7646
8861.92,128.67,7.7647
8862.92,101.84,7.7647
8863.92,100.83,7.7647
8864.92,104.13,7.7647
8865.92,110.66,7.7647
8866.92,100.87,7.7647
8867.93,101.25,7.7647
8868.93,103.8,7.7647
8869.93,101.29,7.7647
8870.93,103.55,7.7647
8871.93,101.19,7.7647
8872.93,101.32,7.7647
8873.94,100.96,7.7647
8874.94,101.04,7.7647
8875.94,101.37,7.7647
8876.94,100.92,7.7647
8877.94,103.57,7.7647
8878.94,101.61,7.7647
8879.94,100.88,7.7647
8880.94,100.89,7.7647
8881.95,104.67,7.7648
8882.95,101.09,7.7648
8883.95,116.31,7.7648
8884.95,100.93,7.7648
8885.95,104.39,7.7648
8886.95,102.53,7.7648
8887.96,100.87,7.7648
8888.96,105.77,7.7648
8889.96,101.02,7.7648
8890.96,153.28,7.7648
8891.96,176.38,2.0834
8892.96,287.81,2.314
8893.96,321.47,2.6057
8894.97,292.31,2.8352
8895.97,362.63,3.0033
8896.97,322.59,3.2459
8897.97,307.94,3.5642
8898.97,306.89,3.7988
8899.97,302.47,4.0465
8900.97,306.69,4.3357
8901.97,304.54,4.5415
8902.98,305.07,4.7488
8903.98,305.61,5.0446
8904.98,301.84,5.2747
8905.98,300.34,5.447
8906.98,305.79,5.615
8907.98,253.15,5.737
8908.99,275.79,5.8667
8909.99,150.85,6.0272
8910.99,130.93,6.161
8911.99,155.87,6.2732
8912.99,140.29,6.3499
8913.99,105.22,6.4392
8914.99,117.97,6.5362
8916.0,118.41,6.6325
8917.0,122.92,6.712
8918.0,254.48,6.844
8919.0,142.17,6.9701
8920.0,195.17,7.319
8921.0,143.22,7.3711
8922.0,148.42,7.3753
8923.0,101.15,7.4714
8924.01,101.24,7.4714
8925.01,100.86,7.4714
8926.01,101.27,7.4714
8927.01,103.4,7.4714
8928.01,119.44,7.4716
8929.01,115.67,7.4716
8930.02,138.75,7.4716
8931.02,153.8,7.7022
8932.02,133.69,7.7658
8933.02,187.63,7.7827
8934.02,166.79,7.7828
8935.02,128.62,7.7828
8936.02,102.16,7.7828
8937.03,102.08,7.7828
8938.03,112.43,7.7828
8939.03,113.74,7.7828
8940.03,120.39,7.7829
8941.03,101.31,7.7829
8942.03,107.19,7.783
8943.03,103.02,7.783
8944.04,101.14,7.783
8945.04,103.6,7.783
8946.04,100.86,7.783
8947.04,101.26,7.783
8948.04,102.39,7.783
8949.04,100.87,7.783
8950.05,102.01,7.783
8951.05,100.84,7.783
8952.05,117.54,7.783
8953.05,117.92,7.7879
8954.05,101.38,7.7879
8955.05,105.28,7.7879
8956.05,112.98,7.7879
8957.06,100.86,7.7879
8958.06,101.34,7.7823
8959.06,106.44,7.7823
8960.06,101.21,7.7823
8961.06,101.36,7.7823
8962.06,102.1,7.7823
8963.07,102.14,7.7823
8964.07,101.02,7.7823
8965.07,100.94,7.7823
8966.07,101.23,7.7823
8967.07,101.59,7.7824
8968.07,101.28,7.7824
8969.08,100.87,7.7824
8970.08,100.81,7.7824
8971.08,107.34,7.7824
8972.08,100.95,7.7824
8973.08,120.41,7.7824
8974.08,101.56,7.7824
8975.08,103.98,7.7824
8976.09,101.21,7.7824
8977.09,100.87,7.7824
8978.09,108.03,7.7825
8979.09,102.7,7.7825
8980.09,230.98,7.7825
8981.09,170.23,2.1448
8982.09,334.59,2.4189
8983.1,296.36,2.6787
8984.1,346.22,2.9138
8985.1,345.4,3.2579
8986.1,338.82,3.5588
8987.1,324.49,3.7548
8988.1,272.37,3.8881
8989.1,227.08,2.2346
8990.11,305.94,2.3908
8991.11,343.65,2.6729
8992.11,316.35,2.9777
8993.11,311.73,3.2694
8994.11,262.61,2.1232
8995.11,314.76,2.4118
8996.11,369.62,2.5696
8997.11,346.48,2.8709
8998.12,322.58,3.1592
8999.12,307.54,3.4358
9000.12,315.41,3.7114
9001.12,234.67,2.1722
9002.12,291.45,2.1273
9003.12,292.94,2.2978
9004.12,265.04,2.2018
9005.13,339.62,2.4014
9006.13,346.19,2.628
9007.13,316.2,2.9433
9008.13,242.6,2.1801
9009.13,336.25,2.4157
9010.13,348.16,2.6025
9011.13,253.0,2.2374
9012.13,338.58,2.4567
9013.14,336.03,2.0706
9014.14,288.5,2.3045
9015.14,355.86,2.481
9016.14,289.16,2.1521
9017.14,344.79,2.3636
9018.14,358.19,2.5293
9019.14,301.86,2.1424
9020.15,322.26,2.3456
9021.15,342.25,2.4599
9022.15,278.54,2.1621
9023.15,319.26,2.3406
9024.15,327.69,2.0424
9025.15,58.99,0.1949
