Time_Sec,CPU_Percent,Memory_GB
0.0,0.0,0.0009
1.0,209.4,0.209
2.01,32.9,0.4565
3.01,258.1,0.6647
4.01,300.1,0.8355
5.02,300.8,0.9692
6.02,339.1,1.085
7.02,345.8,1.2126
8.03,295.3,1.327
9.03,154.6,1.4989
10.03,324.0,1.709
11.04,307.9,1.8983
12.04,336.3,2.0532
13.04,337.9,2.2729
14.05,38.9,1.7307
15.05,337.7,1.989
16.06,311.4,2.2922
17.06,354.9,2.4255
18.07,336.6,2.7037
19.07,335.3,2.9437
20.08,319.4,3.0988
21.08,311.4,3.2595
22.09,307.7,3.4352
23.09,308.4,3.7307
24.1,307.4,3.9769
25.1,305.6,4.2822
26.11,306.4,4.5815
27.11,305.4,4.8502
28.12,304.4,5.0601
29.12,306.6,5.2879
30.13,316.3,5.5895
31.13,239.8,5.8457
32.14,250.7,6.0369
33.14,306.7,6.212
34.15,303.5,6.5141
35.15,295.1,6.9273
36.15,140.3,7.0273
37.16,118.4,7.0273
38.16,114.4,7.0273
39.17,5.0,1.6547
40.17,290.5,1.8821
41.18,316.1,1.9767
42.18,194.3,2.028
43.18,184.2,2.0958
44.19,8.0,1.8557
45.19,345.1,1.9827
46.19,10.0,1.7474
47.2,335.9,1.915
48.2,368.9,2.0621
49.2,6.0,1.8497
50.21,321.2,1.979
51.21,9.0,1.7453
52.21,312.0,1.9053
53.22,350.2,2.0275
54.22,5.0,1.8654
55.22,338.0,1.9748
56.23,334.3,1.6183
57.23,4.0,1.8813
58.23,314.1,1.9804
59.24,5.0,1.7178
60.24,319.1,1.9357
61.24,309.1,2.266
62.25,276.6,2.5591
63.25,327.9,2.6949
64.26,346.4,2.8614
65.26,319.5,2.9888
66.27,302.4,3.121
67.27,315.4,3.2991
68.28,295.6,3.4914
69.28,312.0,3.6517
70.28,307.4,3.8066
71.29,304.3,3.9571
72.3,301.4,4.156
73.3,290.5,4.3952
74.31,310.3,4.6034
75.31,302.4,4.8837
76.31,301.6,5.0873
77.31,298.4,5.3902
78.32,310.4,5.6221
79.32,312.7,5.8476
80.33,297.6,6.0762
81.33,269.6,6.2722
82.34,214.9,6.493
83.34,201.4,6.7469
84.35,202.0,6.9661
85.35,184.9,6.9661
86.36,234.1,6.9661
87.36,120.4,7.0661
88.37,148.3,7.0663
89.37,120.4,7.0665
90.38,143.3,7.0665
91.38,150.2,7.0665
92.39,181.0,7.0665
93.39,126.3,7.0665
94.4,114.5,7.0665
95.4,122.4,7.0665
96.41,101.6,7.0665
97.41,106.6,7.0665
98.42,100.5,7.0665
99.42,118.4,7.0665
100.42,105.6,7.0665
101.43,142.3,7.0665
102.43,120.4,7.0665
103.44,107.4,7.0665
104.45,208.9,7.5555
105.45,107.5,7.6555
106.45,104.5,7.6555
107.46,105.5,7.6555
108.47,115.4,7.6555
109.47,130.3,7.6555
110.48,110.4,7.6555
111.48,268.8,1.6196
112.48,4279.8,1.7496
113.49,331.4,2.039
114.49,309.7,2.3616
115.5,314.5,2.5921
116.5,362.9,2.7437
117.5,350.5,2.9307
118.51,320.4,3.0828
119.51,314.3,3.2504
120.52,313.4,3.4597
121.52,307.7,3.6532
122.53,308.6,3.8343
123.53,305.4,4.0176
124.54,287.5,4.2932
125.54,281.6,4.496
126.55,306.4,4.771
127.55,303.4,5.0489
128.56,301.4,5.2793
129.56,312.6,5.5577
130.57,307.3,5.7484
131.57,307.6,5.9763
132.58,297.6,6.1778
133.58,305.4,6.3724
134.59,302.4,6.5758
135.59,325.3,6.9805
136.6,298.5,7.0329
137.6,242.4,7.0335
138.61,181.1,7.0338
139.61,162.2,7.0338
140.62,131.4,7.0651
141.62,142.3,7.1338
142.63,139.3,7.1341
143.63,131.4,7.1341
144.64,116.4,7.1341
145.64,141.3,7.1341
146.65,127.3,7.1341
147.65,136.3,7.1341
148.66,115.4,7.1341
149.66,109.5,7.1341
150.67,104.5,7.1341
151.67,137.3,7.1341
152.68,105.5,7.1341
153.68,135.3,7.1341
154.69,111.4,7.1341
155.69,103.5,7.1341
156.7,186.4,7.531
157.7,128.4,7.6734
158.71,99.5,7.6734
159.71,103.5,7.6734
160.72,117.4,7.6734
161.72,133.3,7.6734
162.73,136.3,7.6734
163.73,170.1,7.6734
164.74,271.7,1.6216
165.74,3.0,1.7842
166.75,337.3,2.1891
167.75,311.5,2.5805
168.76,348.7,2.7057
169.76,353.2,2.8864
170.76,325.1,3.0432
171.77,315.4,3.2172
172.77,318.3,3.449
173.78,302.5,3.6251
174.78,309.4,3.8236
175.79,305.4,4.0085
176.79,293.9,4.2695
177.8,310.4,4.4832
178.8,312.4,4.7716
179.81,301.4,5.0672
180.81,287.5,5.3481
181.82,308.5,5.6112
182.82,309.4,5.8458
183.82,305.1,6.095
184.83,307.4,6.3053
185.83,225.8,6.5226
186.84,256.7,6.9181
187.85,230.8,6.9337
188.85,223.8,6.9337
189.85,172.3,6.9337
190.86,136.7,6.9339
191.86,108.5,6.9339
192.87,129.3,6.9339
193.87,183.0,6.9339
194.88,188.0,7.134
195.88,206.9,7.1344
196.89,167.2,7.1344
197.89,108.4,7.1344
198.9,117.4,7.1344
199.9,115.4,7.1344
200.91,103.5,7.1344
201.91,107.5,7.1344
202.92,121.4,7.1344
203.92,118.4,7.1344
204.93,129.3,7.1344
205.93,105.4,7.1344
206.94,140.6,7.3119
207.94,166.1,7.6688
208.95,102.5,7.6688
209.95,105.5,7.6688
210.96,120.4,7.6688
211.96,132.3,7.6688
212.97,117.4,7.6688
213.97,238.0,1.6223
214.98,2.0,1.73
215.98,329.2,1.9883
216.99,304.4,2.323
217.99,312.5,2.5975
219.0,352.2,2.7485
220.0,345.4,2.8931
221.01,318.3,3.003
222.01,306.6,3.1288
223.02,314.4,3.302
224.02,295.5,3.491
225.03,311.4,3.6827
226.03,308.7,3.8645
227.04,306.4,4.049
228.04,291.5,4.3354
229.05,308.4,4.5333
230.05,308.4,4.8386
231.06,301.5,5.0855
232.06,298.4,5.3729
233.07,310.3,5.6241
234.07,303.4,5.8466
235.08,301.6,6.0926
236.08,309.4,6.293
237.09,303.4,6.5076
238.09,325.0,6.8771
239.1,299.8,7.0286
240.1,306.4,7.0287
241.11,277.5,7.029
242.11,158.2,7.0363
243.12,187.0,7.1291
244.12,128.4,7.1293
245.13,158.2,7.1294
246.13,154.2,7.1294
247.14,227.8,7.1294
248.14,227.9,7.1294
249.15,141.3,7.1294
250.15,128.3,7.1294
251.16,111.4,7.1294
252.16,130.3,7.1294
253.17,106.4,7.1295
254.17,107.5,7.1295
255.18,124.3,7.1295
256.18,140.3,7.1296
257.19,102.5,7.1296
258.2,104.5,7.1296
259.2,213.3,7.6227
260.2,100.5,7.6716
261.21,110.5,7.6716
262.21,116.4,7.6716
263.22,104.4,7.6716
264.22,153.2,7.6716
265.23,103.5,7.6716
266.24,276.5,1.6229
267.24,3.0,1.7542
268.24,333.3,2.0293
269.25,314.0,2.3628
270.25,302.0,2.5864
271.26,358.0,2.7673
272.26,338.4,2.923
273.26,319.6,3.0307
274.27,304.5,3.1769
275.27,314.6,3.373
276.28,297.5,3.5418
277.28,309.4,3.7155
278.29,305.4,3.8744
279.29,300.4,4.0394
280.3,302.4,4.2559
281.3,308.8,4.4625
282.31,307.7,4.735
283.31,303.4,5.0254
284.32,280.6,5.2468
285.32,310.5,5.5438
286.33,307.6,5.7409
287.33,311.3,5.9823
288.34,301.6,6.1754
289.34,253.9,6.3745
290.35,243.9,6.8697
291.35,210.9,6.923
292.35,198.6,6.9176
293.36,204.0,6.918
294.36,139.3,6.9687
295.37,139.3,7.0182
296.37,132.3,7.0183
297.38,192.0,7.0321
298.38,143.4,7.1186
299.39,222.9,7.1187
300.39,209.9,7.119
301.4,122.4,7.119
302.41,127.3,7.1191
303.41,108.4,7.1191
304.42,104.5,7.1191
305.42,108.5,7.1191
306.43,102.5,7.1191
307.43,117.4,7.1191
308.44,107.5,7.1191
309.44,121.4,7.1191
310.45,103.5,7.1191
311.45,213.2,7.6072
312.46,110.4,7.6542
313.46,101.5,7.6542
314.47,102.5,7.6542
315.47,121.4,7.6542
316.48,125.3,7.6542
317.48,102.5,7.6542
318.49,164.1,7.6542
319.49,213.9,1.624
320.5,3.0,1.8373
321.5,327.3,2.1894
322.51,307.4,2.5473
323.51,336.4,2.6604
324.51,364.0,2.8843
325.52,309.4,3.0008
326.52,296.4,3.1499
327.53,305.6,3.3318
328.53,311.4,3.5212
329.54,308.4,3.6721
330.54,306.6,3.8403
331.55,300.6,4.0133
332.55,289.4,4.2768
333.56,307.8,4.4686
334.56,308.6,4.7381
335.57,302.4,5.0374
336.57,252.8,5.2626
337.58,308.4,5.5489
338.58,307.4,5.7407
339.59,295.5,5.9856
340.59,224.8,6.2059
341.6,208.9,6.399
342.6,203.9,6.6106
343.61,217.1,7.0145
344.61,173.1,7.0367
345.62,202.0,7.0367
346.62,136.3,7.0367
347.63,166.1,7.1368
348.63,145.3,7.1368
349.64,124.4,7.1368
350.64,166.2,7.137
351.65,194.0,7.137
352.65,147.2,7.137
353.66,102.5,7.137
354.66,121.4,7.137
355.67,125.4,7.137
356.68,105.5,7.137
357.68,107.5,7.137
358.69,112.4,7.137
359.69,103.5,7.137
360.7,139.3,7.1371
361.7,107.5,7.1371
362.71,102.5,7.1371
363.71,117.2,7.1503
364.72,204.0,7.662
365.72,103.5,7.6783
366.73,101.5,7.6783
367.73,131.6,7.6783
368.74,132.3,7.6783
369.74,119.4,7.6783
370.75,197.0,7.6783
371.75,159.2,1.6244
372.76,1454.1,1.8725
373.76,313.4,2.2193
374.77,309.4,2.572
375.77,281.2,2.6645
376.77,357.1,2.886
377.78,320.7,3.0098
378.78,314.4,3.162
379.79,312.7,3.3531
380.79,308.4,3.5451
381.8,307.4,3.7215
382.8,307.4,3.9039
383.81,302.4,4.074
384.81,293.7,4.3505
385.81,308.6,4.5432
386.82,305.4,4.8277
387.83,300.4,5.0933
388.83,296.5,5.3739
389.84,310.4,5.6221
390.84,306.5,5.8402
391.85,303.4,6.0795
392.85,309.4,6.2864
393.86,301.5,6.4929
394.86,304.1,6.6882
395.86,318.4,7.0498
396.87,311.5,7.0499
397.87,284.6,7.0501
398.88,220.9,7.0501
399.88,150.2,7.1506
400.89,119.6,7.1506
401.89,145.3,7.1508
402.9,134.3,7.1508
403.9,130.3,7.1508
404.91,128.4,7.1508
405.91,107.5,7.1508
406.92,123.4,7.1508
407.92,106.5,7.1508
408.93,122.4,7.1508
409.93,107.5,7.1508
410.94,123.4,7.1508
411.94,127.4,7.1508
412.95,136.3,7.1508
413.95,119.5,7.1508
414.96,102.5,7.1508
415.96,150.5,7.3736
416.97,163.2,7.6909
417.97,107.5,7.6909
418.98,107.5,7.6909
419.98,107.5,7.6909
420.98,123.5,7.6909
421.99,111.4,7.6909
422.99,222.9,1.625
424.0,1.0,1.7583
425.0,345.2,2.0565
426.01,310.5,2.3915
427.01,321.0,2.6091
428.01,354.0,2.7948
429.02,341.3,2.9225
430.02,316.7,3.0241
431.03,293.5,3.1509
432.03,296.5,3.3042
433.04,312.4,3.503
434.04,312.3,3.6836
435.05,310.3,3.8601
436.05,304.4,4.0497
437.06,301.5,4.3355
438.06,314.6,4.5495
439.07,310.4,4.8557
440.07,294.6,5.0882
441.08,298.5,5.413
442.08,311.5,5.6383
443.09,307.4,5.862
444.09,305.0,6.1217
445.1,295.1,6.3168
446.1,236.1,6.5277
447.1,217.9,6.9793
448.11,190.0,7.0313
449.11,200.0,7.0313
450.12,158.2,7.0313
451.13,113.4,7.1161
452.13,108.5,7.1315
453.14,146.2,7.1315
454.14,170.2,7.1242
455.15,114.4,7.1242
456.15,198.0,7.1242
457.16,143.3,7.1242
458.16,110.4,7.1242
459.17,131.3,7.1242
460.17,107.5,7.1242
461.18,104.5,7.1242
462.18,140.3,7.1242
463.19,101.5,7.1242
464.19,106.4,7.1243
465.2,130.4,7.1243
466.2,103.5,7.1243
467.21,101.5,7.1243
468.21,215.9,7.6187
469.22,101.5,7.6667
470.22,102.5,7.6667
471.23,125.4,7.6667
472.23,120.4,7.6667
473.24,119.5,7.6667
474.24,122.4,7.6622
475.25,261.7,1.6269
476.25,1.0,1.7619
477.25,321.0,1.9295
478.26,5.0,1.7347
479.26,308.4,1.9018
480.27,5.0,1.7318
481.27,316.6,1.9111
482.28,341.1,1.6281
483.28,2.0,1.8818
484.28,308.2,1.9705
485.29,3.0,1.8273
486.29,294.1,1.9534
487.3,0.0,1.7266
488.3,321.0,1.9153
489.3,369.9,2.1069
490.31,6.0,1.9048
491.31,339.3,2.0691
492.32,337.3,2.3772
493.32,2.0,1.7105
494.32,295.0,1.8896
495.33,303.8,2.0115
496.33,4.0,1.779
497.33,334.0,1.9617
498.34,6.0,1.7456
499.34,333.0,1.9399
500.34,360.4,2.1061
501.35,336.5,2.3554
502.35,335.3,2.5576
503.36,4.0,1.7722
504.36,341.0,1.9506
505.36,350.6,2.152
506.37,337.3,2.4864
507.37,1.0,1.7327
508.38,317.2,1.9479
509.38,309.9,2.0633
510.39,9.0,1.7229
511.39,301.4,1.9179
512.39,300.1,2.0234
513.4,326.4,2.2624
514.4,310.4,2.5222
515.41,337.2,2.6986
516.41,3.0,1.8223
517.42,309.0,1.9705
518.42,356.8,2.1522
519.42,6.0,1.8126
520.42,303.2,1.9601
521.43,362.2,2.16
522.43,3.0,1.8735
523.44,315.0,1.994
524.44,359.1,2.1856
525.44,2.0,1.7756
526.44,296.1,1.9271
527.45,362.3,2.0887
528.45,2.0,1.7973
529.45,340.0,1.9503
530.46,6.0,1.7437
531.46,323.3,1.9375
532.46,333.0,2.0482
533.47,2.0,1.7838
534.47,341.1,1.976
535.47,373.1,2.103
536.48,3.0,1.8377
537.48,328.0,2.0045
538.48,352.0,2.1625
539.49,5.0,1.7609
540.49,340.3,1.9852
541.49,364.7,2.1258
542.5,315.4,2.3808
543.5,346.2,2.5344
544.51,242.3,2.5842
545.51,3.0,1.8148
546.51,326.0,1.9692
547.51,3.0,1.803
548.52,321.0,1.9935
549.52,364.2,2.1703
550.53,324.4,2.4434
551.53,14.0,1.6624
552.54,285.8,1.9191
553.54,351.9,2.1306
554.54,1459.0,1.7496
555.55,315.4,1.9319
556.55,366.8,2.0696
557.56,348.7,2.2924
558.56,13.0,1.8091
559.56,346.2,2.0053
560.57,362.9,2.2828
561.57,5.0,1.809
562.57,321.3,2.0067
563.57,361.9,2.166
564.58,337.0,2.428
565.58,335.3,2.5665
566.59,250.7,2.6367
567.59,149.2,2.6964
568.6,118.4,2.7604
569.6,106.5,2.826
570.61,124.4,2.8917
571.61,102.5,2.9643
572.62,105.5,3.0486
573.62,136.3,3.1368
574.63,260.7,3.375
575.63,116.5,3.9214
576.64,15.0,1.8302
577.64,319.1,2.026
578.64,354.1,2.2038
579.65,319.5,2.4532
580.65,324.3,2.6112
581.66,168.1,2.6715
582.66,128.4,2.7317
583.67,107.4,2.7866
584.67,108.4,2.8335
585.68,108.5,2.8747
586.68,110.4,2.9068
587.69,112.4,2.9359
588.69,110.4,2.9645
589.7,101.5,3.0
590.7,105.5,3.0307
591.71,102.5,3.0624
592.71,109.4,3.0893
593.72,111.4,3.1176
594.72,103.5,3.1422
595.73,103.5,3.1706
596.73,101.6,3.1949
597.74,103.5,3.2178
598.74,116.4,3.2284
599.75,99.5,3.2323
600.75,122.5,3.2465
601.75,257.7,3.6797
602.76,114.4,4.2596
603.76,17.0,1.814
604.77,355.9,2.0455
605.77,342.0,2.2152
606.77,343.7,2.4538
607.78,336.5,2.6808
608.78,326.1,2.8764
609.78,327.8,1.6648
610.79,2.0,1.917
611.79,342.1,2.0664
612.79,362.9,2.2581
613.8,2.0,1.9353
614.8,345.9,2.0746
615.8,363.9,2.2742
616.81,5.0,1.9293
617.81,333.0,2.0878
618.82,3.0,1.7485
619.82,294.7,1.949
620.82,364.0,2.1737
621.83,1.0,1.7623
622.83,316.3,1.9724
623.84,312.4,2.0954
624.84,342.0,2.2871
625.84,349.8,2.5816
626.85,326.3,2.8651
627.85,346.8,3.0619
628.85,291.3,1.6669
629.86,7.0,1.9113
630.86,352.3,2.1097
631.87,343.2,2.3151
632.87,345.8,2.5552
633.88,326.4,2.8157
634.88,341.2,2.9801
635.89,257.7,3.1667
636.89,2.0,1.6683
637.89,5.0,1.9115
638.9,297.1,2.07
639.9,336.4,2.2571
640.9,351.1,2.5025
641.91,333.4,2.799
642.91,340.2,2.9867
643.92,277.6,3.2008
644.92,2.0,1.7511
645.93,315.4,2.0232
646.93,350.5,2.1694
647.93,339.1,2.3944
648.94,346.3,2.6427
649.94,318.0,2.8565
650.95,337.3,3.0255
651.95,313.4,3.2182
652.96,3.0,1.7807
653.96,333.0,1.9646
654.96,1457.9,1.781
655.97,318.7,1.955
656.97,346.0,2.1173
657.97,350.0,2.3263
658.98,3.0,1.7516
659.98,302.7,1.9392
660.99,327.2,2.0621
661.99,335.4,1.669
662.99,1.0,1.9185
664.0,316.0,2.0338
665.0,344.0,2.2571
666.0,339.2,2.525
667.01,3.0,1.7994
668.01,333.8,1.9806
669.01,366.8,2.1674
670.02,1.0,1.7024
671.02,287.5,1.9426
672.02,326.1,2.0517
673.03,356.2,2.2375
674.03,3.0,1.9018
675.03,320.0,2.0181
676.04,354.0,2.2096
677.04,1.0,1.8707
678.04,315.0,2.0121
679.05,4.0,1.7818
680.05,328.0,1.9635
681.06,325.1,2.0841
682.06,4.0,1.8086
683.06,306.1,1.9842
684.06,3.0,1.8327
685.07,306.2,1.9926
686.07,6.0,1.8591
687.07,323.9,1.6847
688.08,12.0,1.9273
689.08,5.0,1.7067
690.08,286.6,1.9591
691.09,6.0,1.7843
692.09,312.2,1.9718
693.09,308.1,1.6951
694.1,13.0,1.9385
695.1,339.9,2.0525
696.1,7.0,1.9063
697.11,305.1,2.0205
698.11,1481.0,1.908
699.12,3.0,1.7009
700.12,282.6,1.9545
701.13,6.0,1.7558
702.13,291.2,1.9839
703.13,318.1,2.0751
704.14,3.0,1.9372
705.14,309.4,2.0589
706.14,1.0,1.9223
707.15,311.0,1.7114
708.15,3293.9,1.966
709.15,311.1,1.7143
710.16,2997.2,1.9656
711.16,3.0,1.8138
712.16,306.1,2.0015
713.17,2.0,1.8207
714.17,303.7,1.9976
715.18,1477.1,1.8229
716.18,294.5,2.0027
717.19,357.9,2.1285
718.19,2.0,1.8723
719.19,319.4,2.1199
720.2,3.0,1.8236
721.2,330.3,2.0508
722.21,23.9,1.8351
723.21,331.5,2.0752
724.22,1443.6,1.8382
725.22,331.3,2.0907
726.23,308.4,2.3716
727.23,374.8,2.4778
728.23,347.9,2.6734
729.24,328.9,3.0291
730.24,312.4,3.2824
731.25,7.0,1.8398
732.25,329.3,2.1292
733.25,312.1,2.3537
734.26,375.0,2.4939
735.26,343.1,2.7042
736.26,330.4,3.0647
737.27,314.4,3.2964
738.27,3.0,1.8552
739.28,338.3,2.2622
740.28,336.1,2.4338
741.28,350.4,2.6465
742.29,328.4,2.9837
743.29,316.4,3.2394
744.3,2.0,1.8337
745.3,332.3,2.0684
746.31,303.9,2.3382
747.31,360.9,2.4507
748.31,340.3,2.6303
749.32,317.6,2.9016
750.32,317.4,3.1558
751.33,311.9,3.3368
752.33,4.0,1.8969
753.33,324.4,2.3167
754.34,345.0,2.4343
755.34,346.1,2.6187
756.34,319.6,2.8586
757.35,315.4,3.1234
758.35,309.4,3.3355
759.36,268.6,3.7159
760.36,3.0,1.8742
761.37,328.4,2.27
762.37,349.0,2.4181
763.37,346.1,2.6353
764.38,325.4,2.9756
765.38,315.4,3.226
766.39,4.0,1.8302
767.39,328.5,2.1617
768.4,334.0,2.4028
769.4,367.2,2.5816
770.41,332.3,2.8396
771.41,315.3,3.1729
772.42,294.5,1.7276
773.42,2.0,1.9881
774.42,330.9,2.1363
775.43,2.0,1.9573
776.43,324.1,2.1081
777.43,3.0,1.8254
778.44,304.4,2.0101
779.44,337.0,2.1427
780.44,3276.4,1.8483
781.45,350.5,2.1035
782.45,4.0,1.8433
783.46,332.3,2.0692
784.46,333.9,2.199
785.46,1.0,1.8944
786.47,321.5,2.1152
787.47,356.9,2.2434
788.48,333.3,2.4464
789.48,1.0,1.843
790.49,339.3,2.066
791.49,350.6,2.2466
792.5,2.0,1.8096
793.5,297.7,1.9887
794.5,11.0,1.8739
795.51,325.5,2.0402
796.51,3429.5,1.8885
797.52,317.1,2.0514
798.52,1478.6,1.9649
799.52,309.0,1.7605
800.53,0.0,2.02
801.53,352.2,2.1665
802.53,368.9,2.3603
803.54,2.0,1.9102
804.54,343.3,2.1202
805.55,366.1,2.2808
806.55,4.0,1.7906
807.55,284.6,2.0235
808.56,315.7,2.136
809.56,343.9,2.3291
810.56,2.0,1.9332
811.57,305.1,2.074
812.57,354.7,2.2567
813.57,5.0,1.9131
814.58,325.4,2.2114
815.58,336.9,2.3373
816.59,357.7,2.491
817.59,324.4,2.6594
818.6,331.3,2.8784
819.6,3.0,1.8745
820.61,342.3,2.1783
821.61,325.0,2.3494
822.61,351.9,2.5387
823.62,332.5,2.7237
824.62,326.3,2.9096
825.62,3.0,1.8968
826.63,340.3,2.2015
827.63,340.0,2.3585
828.64,365.4,2.5126
829.64,318.4,2.6934
830.65,336.3,2.8946
831.65,0.0,1.9136
832.65,349.0,2.091
833.66,2.0,1.911
834.66,313.4,2.0628
835.66,3.0,1.8787
836.67,316.0,2.0417
837.67,4.0,1.868
838.68,319.3,2.1074
839.68,312.1,2.2895
840.68,367.5,2.4266
841.69,329.6,2.5946
842.69,326.4,2.819
843.69,2.0,1.9387
844.7,339.1,2.1069
845.7,3.0,1.9242
846.7,301.3,2.0678
847.7,3.0,1.9245
848.71,329.0,2.0894
849.71,3.0,1.9145
850.71,327.1,2.2229
851.72,324.1,2.3399
852.72,351.3,2.4848
853.73,308.4,2.6667
854.73,3.0,1.8673
855.74,276.6,2.0262
856.74,2.0,1.8716
857.74,331.6,2.2012
858.75,343.9,2.3569
859.75,350.3,2.5435
860.76,311.4,1.7649
861.76,3316.7,2.0085
862.77,310.5,2.2667
863.77,356.0,2.3851
864.77,333.3,2.5406
865.78,309.4,2.7177
866.78,2.0,1.7839
867.79,289.5,2.0582
868.79,332.9,2.3203
869.79,377.0,2.493
870.8,337.5,2.7241
871.8,336.5,2.9488
872.81,1.0,1.8775
873.81,323.0,2.0582
874.82,346.3,2.2384
875.82,325.0,2.5252
876.82,336.3,2.8764
877.83,239.8,3.0743
878.83,164.3,3.224
879.84,102.5,3.2804
880.84,133.3,3.3535
881.85,104.5,3.4012
882.85,123.4,3.4619
883.86,102.5,3.5418
884.86,109.4,3.6122
885.87,106.5,3.7023
886.87,210.0,4.2336
887.88,4.0,1.8956
888.88,301.3,2.061
889.88,349.2,2.2464
890.89,314.4,2.4829
891.89,342.2,2.6984
892.9,2.0,1.9115
893.9,320.0,2.0928
894.9,359.1,2.2703
895.91,313.4,2.5261
896.91,338.7,2.7182
897.92,323.3,3.0572
898.92,172.1,3.315
899.93,129.3,3.3699
900.93,215.9,3.4475
901.94,227.0,3.5417
902.94,195.1,3.6659
903.95,106.5,3.7533
904.95,180.1,4.0361
905.96,110.4,1.7643
906.96,1.0,2.0405
907.96,347.8,2.1998
908.97,350.2,2.5192
909.97,342.5,2.7746
910.98,5.0,1.9684
911.98,351.7,2.1496
912.99,362.3,2.4373
913.99,337.8,2.7218
914.99,6.0,1.8778
916.0,352.0,2.0987
917.0,371.3,2.3484
918.0,339.9,2.6549
919.01,311.5,2.8329
920.01,1953.5,2.0278
921.02,333.0,2.1575
922.02,345.1,2.3798
923.02,2.0,1.9538
924.02,338.9,2.1323
925.03,345.1,2.365
926.03,1.0,1.9935
927.03,306.2,2.1142
928.04,349.4,2.3151
929.04,1.0,1.957
930.04,361.9,2.1229
931.05,339.3,1.766
932.05,0.0,2.0409
933.06,347.5,2.2242
934.06,4.0,1.8961
935.07,339.0,2.0855
936.07,357.9,2.3247
937.07,4.0,2.0185
938.07,341.6,2.1714
939.08,3.0,1.9187
940.08,337.1,2.0868
941.08,350.1,2.271
942.08,2.0,1.8857
943.09,294.7,2.052
944.09,343.2,2.2262
945.1,341.5,2.4132
946.1,1.0,1.9412
947.11,325.1,2.0858
948.11,355.2,2.2752
949.11,4002.1,1.9153
950.12,308.9,2.0778
951.12,349.6,2.2602
952.13,9.9,1.8608
953.13,307.0,2.0525
954.13,352.0,2.2191
955.14,1.0,1.8575
956.14,301.4,2.0432
957.14,323.0,2.167
958.15,334.3,1.768
959.15,1.0,2.0052
960.16,330.0,2.1124
961.16,1.0,1.9742
962.17,295.0,2.0948
963.17,7.0,1.9613
964.17,299.0,2.0862
965.18,1445.4,1.879
966.18,303.9,2.0383
967.19,357.1,2.1707
968.19,2.0,1.9494
969.19,329.1,2.0806
970.2,1416.6,1.8426
971.2,293.1,2.0327
972.2,359.1,2.1742
973.21,2.0,1.9529
974.21,291.1,2.0845
975.21,1.0,1.8666
976.22,295.0,2.0362
977.22,348.9,2.1504
978.22,1441.4,1.9674
979.23,309.0,2.0884
980.23,343.2,2.3166
981.24,333.5,2.5273
982.24,2.0,1.9518
983.24,300.2,2.0975
984.25,347.2,2.3261
985.25,342.8,2.5327
986.25,4.0,1.9398
987.26,297.1,2.0774
988.26,0.0,1.899
989.26,340.8,2.1525
990.27,2.0,1.8587
991.27,305.3,2.0739
992.27,353.9,2.2131
993.28,14.0,1.9381
994.28,303.1,2.0929
995.28,354.0,2.2583
996.29,330.3,2.477
997.29,318.4,2.7134
998.3,328.1,1.7755
999.3,3.0,1.9769
1000.3,306.3,2.1011
1001.31,2.0,1.776
1002.31,1.0,2.0427
1003.31,2.0,1.7841
1004.32,287.5,2.0406
1005.32,12.0,1.8891
1006.33,324.0,2.0671
1007.33,1.0,1.923
1008.34,3.0,1.8828
1009.34,308.1,2.0518
1010.34,4.0,1.8799
1011.35,296.8,2.0482
1012.35,1381.4,1.8801
1013.36,330.7,2.1662
1014.36,322.0,2.5327
1015.36,316.4,2.9353
1016.37,292.5,3.391
1017.37,221.9,3.8206
1018.38,328.0,3.9894
1019.38,348.0,4.2304
1020.39,334.3,4.4977
1021.39,314.4,4.7729
1022.4,326.3,4.9006
1023.4,311.4,4.9889
1024.41,311.4,5.1061
1025.41,303.5,5.3648
1026.42,304.6,5.4974
1027.42,238.9,5.4952
1028.43,101.5,5.4953
1029.43,101.5,5.4954
1030.44,100.5,5.4954
1031.44,268.6,5.5954
1032.45,296.4,5.704
1033.45,272.6,5.796
1034.46,240.9,5.8804
1035.46,296.5,6.0043
1036.47,305.4,6.1348
1037.47,240.9,6.2185
1038.48,286.6,6.3307
1039.48,304.4,6.4083
1040.49,300.7,6.5247
1041.49,299.4,6.6384
1042.5,299.5,6.7384
1043.5,334.9,7.2183
1044.5,305.5,7.5073
1045.51,299.2,7.5593
1046.51,282.6,7.5602
1047.52,299.7,7.5606
1048.52,234.8,7.5609
1049.53,199.1,7.5611
1050.53,298.5,7.5614
1051.53,277.1,7.5615
1052.54,223.4,7.5616
1053.54,279.7,7.5618
1054.54,211.5,7.5621
1055.55,133.3,7.5621
1056.55,111.4,7.5621
1057.56,147.6,7.5621
1058.56,112.4,7.6148
1059.57,138.3,7.6625
1060.57,163.2,7.6627
1061.58,196.1,7.6627
1062.58,128.3,7.6627
1063.59,134.3,7.6627
1064.59,159.2,7.6627
1065.6,113.4,7.6627
1066.6,125.6,7.6627
1067.61,117.4,7.6569
1068.61,132.3,7.6569
1069.62,204.0,7.6569
1070.62,129.6,7.6569
1071.62,111.4,7.6569
1072.63,147.3,7.6569
1073.63,107.4,7.6569
1074.64,104.5,7.6569
1075.64,103.5,7.6569
1076.65,117.5,7.6569
1077.65,106.5,7.6569
1078.66,109.4,7.6569
1079.66,101.5,7.6569
1080.67,104.6,7.6569
1081.67,227.3,8.2858
1082.68,123.4,8.4432
1083.68,136.6,8.4521
1084.68,149.3,8.4521
1085.69,219.9,8.4521
1086.69,99.5,8.4521
1087.7,100.5,8.4521
1088.7,106.5,8.4521
1089.71,130.4,8.4521
1090.71,106.4,8.4521
1091.72,103.7,8.4521
1092.72,107.5,8.4521
1093.73,101.6,8.4521
1094.73,105.5,8.4521
1095.74,107.5,8.4521
1096.74,101.5,8.4521
1097.75,112.4,8.4521
1098.75,107.4,8.4521
1099.76,101.5,8.4521
1100.76,100.5,8.4521
1101.77,99.5,8.4521
1102.77,102.5,8.4521
1103.78,100.5,8.4521
1104.78,101.5,8.4521
1105.79,102.5,8.4521
1106.79,191.0,8.4521
1107.8,177.1,8.4521
1108.8,99.5,8.4521
1109.81,100.5,8.4521
1110.81,149.2,8.4521
1111.82,130.3,8.4521
1112.82,100.5,8.4521
1113.83,108.4,8.4521
1114.83,101.5,8.4521
1115.84,108.5,8.4521
1116.84,100.5,8.4521
1117.85,104.5,8.4521
1118.85,104.5,8.4521
1119.86,100.7,8.4521
1120.86,108.5,8.4521
1121.87,115.4,8.4522
1122.87,109.4,8.4522
1123.87,189.6,8.4552
1124.88,189.8,8.6327
1125.89,130.3,8.6327
1126.89,103.5,8.6327
1127.9,121.4,8.6327
1128.9,101.5,8.6327
1129.91,101.5,8.6327
1130.91,116.4,8.6328
1131.92,101.5,8.6328
1132.92,126.4,8.6328
1133.93,112.4,8.6328
1134.93,104.5,8.6328
1135.94,161.2,8.6328
1136.94,161.5,8.633
1137.94,100.6,8.633
1138.95,101.5,8.633
1139.95,103.5,8.633
1140.96,109.7,8.633
1141.96,103.5,8.633
1142.97,153.2,8.633
1143.97,147.6,8.633
1144.97,102.5,8.633
1145.98,101.5,8.633
1146.98,99.8,8.633
1147.99,102.5,8.633
1148.99,100.5,8.6331
1150.0,230.9,8.6331
1151.0,293.5,8.6334
1152.0,303.1,8.6339
1153.01,376.0,8.9553
1154.01,4.0,1.8918
1155.02,323.3,2.1515
1156.02,312.1,2.4813
1157.03,270.6,2.8408
1158.03,180.1,3.251
1159.04,113.4,3.7285
1160.04,267.3,3.8861
1161.04,339.0,4.1201
1162.05,346.3,4.3883
1163.05,318.3,4.6769
1164.06,320.5,4.8266
1165.06,287.5,4.9468
1166.07,301.4,5.0522
1167.07,300.6,5.3745
1168.08,279.7,5.436
1169.08,148.2,5.4362
1170.09,103.5,5.4364
1171.09,101.5,5.4365
1172.1,204.1,5.5293
1173.1,293.5,5.6472
1174.11,301.5,5.7576
1175.11,260.7,5.8584
1176.12,241.9,5.9661
1177.12,274.6,6.0838
1178.12,282.5,6.2078
1179.13,240.8,6.3318
1180.13,243.3,6.4339
1181.14,296.5,6.549
1182.14,231.0,6.6519
1183.14,252.0,6.815
1184.15,302.5,7.4833
1185.15,220.1,7.5357
1186.16,184.2,7.5358
1187.16,159.2,7.536
1188.17,136.3,7.536
1189.17,141.3,7.5308
1190.18,143.3,7.5308
1191.18,115.4,7.5308
1192.19,150.6,7.5308
1193.19,147.3,7.5308
1194.2,127.4,7.5308
1195.2,109.4,7.5308
1196.21,129.3,7.5308
1197.21,110.4,7.5308
1198.22,107.5,7.5309
1199.22,103.5,7.5309
1200.23,108.4,7.5309
1201.23,100.5,7.5309
1202.23,133.6,7.531
1203.24,123.4,7.531
1204.24,178.1,7.531
1205.25,111.4,7.531
1206.25,116.4,7.531
1207.26,123.4,7.531
1208.26,102.5,7.531
1209.27,112.6,7.531
1210.27,120.5,7.531
1211.28,125.4,7.5801
1212.28,117.4,7.631
1213.29,202.0,7.631
1214.29,107.4,7.631
1215.3,113.7,7.631
1216.3,258.7,8.3725
1217.3,106.7,8.4205
1218.31,108.5,8.4205
1219.31,105.5,8.4205
1220.32,102.5,8.4205
1221.32,130.6,8.4205
1222.33,102.5,8.4205
1223.33,104.5,8.4205
1224.34,111.4,8.4205
1225.34,100.5,8.4205
1226.35,101.5,8.4205
1227.35,99.5,8.4205
1228.36,102.5,8.4205
1229.36,100.5,8.4205
1230.37,150.2,8.4205
1231.37,147.2,8.4213
1232.37,103.7,8.4213
1233.38,103.5,8.4213
1234.38,243.8,8.4223
1235.39,141.3,8.4223
1236.39,103.5,8.4223
1237.4,112.4,8.4223
1238.4,129.5,8.4223
1239.41,106.5,8.4223
1240.41,102.5,8.4223
1241.42,101.5,8.4223
1242.42,103.5,8.4223
1243.43,101.5,8.4223
1244.43,109.4,8.4223
1245.44,101.5,8.4223
1246.45,100.5,8.4223
1247.45,121.4,8.4223
1248.46,104.5,8.4224
1249.46,115.5,8.4224
1250.47,122.4,8.4228
1251.47,267.6,8.6129
1252.47,114.6,8.6129
1253.48,107.5,8.6129
1254.48,101.5,8.6129
1255.49,106.5,8.6129
1256.49,147.5,8.6129
1257.5,111.4,8.6129
1258.5,140.3,8.6129
1259.51,100.5,8.6129
1260.51,105.4,8.6129
1261.52,119.4,8.6129
1262.52,121.4,8.6131
1263.53,151.2,8.6131
1264.53,100.5,8.6131
1265.54,103.5,8.6131
1266.54,101.5,8.6132
1267.55,104.5,8.6132
1268.55,245.7,8.6133
1269.56,223.8,8.6136
1270.56,211.1,8.6137
1271.57,229.8,8.6137
1272.57,190.0,8.6154
1273.58,113.4,8.6154
1274.58,127.4,8.6155
1275.59,215.3,8.6167
1276.59,248.8,1.7861
1277.6,1.0,2.0565
1278.6,333.4,2.4928
1279.61,310.6,2.9275
1280.61,242.8,3.4085
1281.62,268.6,3.8071
1282.62,350.2,3.9949
1283.62,351.0,4.2293
1284.63,334.6,4.4852
1285.63,315.4,4.7449
1286.64,327.4,4.8657
1287.64,309.5,4.9732
1288.65,304.4,5.0634
1289.65,305.4,5.353
1290.66,303.4,5.4529
1291.66,264.6,5.4497
1292.67,102.5,5.4445
1293.67,100.5,5.4446
1294.67,109.7,5.4514
1295.68,294.5,5.5895
1296.68,267.8,5.6884
1297.69,270.2,5.7703
1298.69,290.5,5.8653
1299.7,180.1,5.9563
1300.7,250.7,6.0756
1301.71,284.8,6.186
1302.71,295.5,6.3116
1303.72,229.9,6.4091
1304.72,299.2,6.4954
1305.72,302.5,6.5993
1306.73,299.7,6.7111
1307.73,348.9,7.37
1308.74,223.9,7.4967
1309.74,224.8,7.5411
1310.75,177.1,7.5413
1311.75,168.1,7.5415
1312.76,116.4,7.5415
1313.76,144.3,7.5416
1314.77,128.4,7.5416
1315.77,147.4,7.5416
1316.79,128.2,7.5416
1317.79,183.0,7.5416
1318.8,149.2,7.5416
1319.8,107.6,7.5416
1320.81,106.4,7.5416
1321.81,118.4,7.5416
1322.82,143.3,7.6036
1323.82,109.4,7.6416
1324.83,108.4,7.6416
1325.83,102.5,7.6416
1326.84,117.4,7.6416
1327.84,102.5,7.6416
1328.85,108.4,7.6416
1329.85,147.3,7.6418
1330.86,121.4,7.6418
1331.86,181.1,7.6418
1332.87,109.4,7.6418
1333.87,167.1,7.6418
1334.88,140.4,7.6423
1335.88,110.4,7.6423
1336.89,114.0,7.6423
1337.9,107.4,7.6423
1338.9,133.3,7.6423
1339.91,126.4,7.6423
1340.91,143.3,7.6423
1341.92,185.0,7.6423
1342.92,101.5,7.6423
1343.93,117.4,7.6423
1344.93,139.3,7.6423
1345.94,259.7,8.3846
1346.94,107.5,8.4325
1347.95,106.5,8.4325
1348.95,107.5,8.4325
1349.96,132.4,8.4325
1350.96,101.6,8.4325
1351.97,110.4,8.4325
1352.97,101.5,8.4325
1353.98,105.5,8.4325
1354.98,112.4,8.4325
1355.99,101.5,8.4325
1356.99,99.5,8.4325
1358.0,102.5,8.4325
1359.0,100.5,8.4325
1360.01,99.5,8.4325
1361.01,101.5,8.4325
1362.02,104.5,8.4325
1363.02,123.4,8.4325
1364.03,201.0,8.4325
1365.03,116.4,8.4325
1366.04,101.5,8.4325
1367.04,110.4,8.4325
1368.05,224.9,8.4325
1369.05,183.1,8.4325
1370.06,101.5,8.4325
1371.06,105.5,8.4325
1372.07,113.4,8.4325
1373.07,170.1,8.4325
1374.08,115.4,8.4325
1375.08,100.5,8.4325
1376.09,102.5,8.4325
1377.09,101.5,8.4325
1378.1,101.5,8.4325
1379.1,102.5,8.4325
1380.11,101.6,8.4325
1381.11,103.5,8.4326
1382.12,100.5,8.4326
1383.12,123.4,8.4326
1384.13,114.4,8.4326
1385.13,111.4,8.4326
1386.14,137.4,8.4332
1387.14,259.6,8.6239
1388.15,121.4,8.6239
1389.15,100.5,8.6239
1390.16,102.5,8.6239
1391.16,105.5,8.6239
1392.17,131.3,8.6239
1393.18,140.3,8.6239
1394.18,101.5,8.6239
1395.19,103.5,8.6239
1396.19,100.5,8.6239
1397.2,127.3,8.6239
1398.2,114.5,8.6239
1399.21,107.4,8.6239
1400.21,166.1,8.6239
1401.22,101.5,8.6239
1402.22,99.7,8.6239
1403.22,101.5,8.6239
1404.23,108.4,8.6239
1405.23,129.3,8.6239
1406.24,289.5,8.624
1407.24,269.0,8.6243
1408.25,294.7,8.6269
1409.25,304.4,8.6411
1410.26,2.0,1.8869
1411.26,312.4,2.1179
1412.27,342.1,2.2625
1413.27,364.8,2.4531
1414.27,340.6,2.7325
1415.28,320.3,3.0841
1416.28,198.0,3.1971
1417.29,208.9,3.2618
1418.29,204.9,3.3241
1419.3,3.0,1.8873
1420.3,313.4,2.1871
1421.31,317.4,2.5788
1422.31,282.6,3.0406
1423.32,128.5,3.5398
1424.32,205.3,3.809
1425.32,357.3,4.0425
1426.33,340.2,4.3364
1427.33,328.3,4.6043
1428.34,312.5,4.8655
1429.34,305.5,5.1359
1430.35,320.3,5.3207
1431.35,313.6,5.4236
1432.36,272.6,5.5135
1433.36,298.4,5.6231
1434.37,295.5,5.7151
1435.37,278.6,5.8467
1436.38,296.8,5.9646
1437.38,304.7,6.0649
1438.39,273.6,6.1498
1439.39,310.5,6.3194
1440.4,221.9,6.3723
1441.4,304.1,6.4977
1442.4,262.6,6.5845
1443.41,273.1,6.6945
1444.41,296.5,6.7888
1445.42,327.0,7.472
1446.42,175.2,7.472
1447.42,227.0,7.4723
1448.43,165.2,7.4723
1449.43,178.1,7.4725
1450.44,138.3,7.4725
1451.45,108.4,7.4725
1452.45,155.2,7.4727
1453.46,103.5,7.4727
1454.46,117.4,7.4727
1455.47,129.3,7.4727
1456.47,125.3,7.4727
1457.48,148.2,7.473
1458.48,133.3,7.473
1459.49,163.2,7.473
1460.49,121.4,7.473
1461.5,109.5,7.473
1462.5,148.2,7.473
1463.51,126.3,7.473
1464.51,110.4,7.473
1465.52,134.4,7.5683
1466.52,153.2,7.573
1467.53,151.3,7.573
1468.53,99.5,7.573
1469.54,101.5,7.573
1470.54,105.5,7.573
1471.55,129.3,7.573
1472.55,104.5,7.573
1473.56,116.5,7.573
1474.56,121.4,7.573
1475.57,101.5,7.573
1476.57,110.4,7.573
1477.58,119.4,7.573
1478.58,119.4,7.573
1479.59,100.5,7.573
1480.59,116.4,7.573
1481.6,102.6,7.573
1482.6,102.5,7.573
1483.61,257.8,8.3019
1484.61,100.5,8.344
1485.62,109.4,8.4019
1486.62,103.5,8.4019
1487.63,103.5,8.4019
1488.63,102.5,8.4019
1489.64,100.5,8.4019
1490.64,100.5,8.4019
1491.65,113.4,8.4019
1492.65,109.4,8.4019
1493.66,102.5,8.4019
1494.66,101.5,8.4019
1495.67,104.5,8.4019
1496.67,117.4,8.4019
1497.68,101.5,8.4019
1498.68,109.4,8.4019
1499.69,101.5,8.4019
1500.69,100.5,8.4019
1501.7,100.5,8.4019
1502.7,103.5,8.4019
1503.71,107.4,8.4019
1504.72,109.4,8.4019
1505.72,171.1,8.4019
1506.73,129.4,8.4019
1507.73,158.4,8.4019
1508.73,147.3,8.4019
1509.74,110.4,8.4019
1510.74,102.7,8.4019
1511.75,101.5,8.4019
1512.75,102.5,8.4019
1513.76,108.5,8.4019
1514.76,102.5,8.4019
1515.77,99.5,8.4019
1516.77,101.5,8.4019
1517.78,102.5,8.4019
1518.78,100.5,8.4019
1519.79,101.5,8.4019
1520.79,101.5,8.4019
1521.8,100.5,8.4019
1522.8,99.5,8.4019
1523.81,274.6,8.6046
1524.81,101.5,8.6046
1525.82,100.5,8.6046
1526.82,101.5,8.6046
1527.83,132.3,8.6046
1528.83,101.5,8.6046
1529.84,102.5,8.6046
1530.84,127.4,8.6046
1531.85,102.5,8.6046
1532.85,101.5,8.6046
1533.86,100.5,8.6046
1534.86,132.3,8.6046
1535.87,107.4,8.6046
1536.88,102.5,8.6046
1537.88,120.4,8.6046
1538.89,101.5,8.6046
1539.89,105.5,8.6046
1540.9,101.5,8.6046
1541.9,101.5,8.6046
1542.91,114.4,8.6046
1543.91,101.5,8.6046
1544.92,101.5,8.6046
1545.92,101.5,8.6046
1546.93,103.5,8.6046
1547.93,99.5,8.6046
1548.94,124.3,8.6046
1549.94,100.5,8.6046
1550.95,102.5,8.6046
1551.95,101.5,8.6046
1552.96,102.5,8.6046
1553.96,128.3,8.6046
1554.97,298.1,8.7952
1555.97,281.8,8.902
1556.98,308.4,8.91
1557.98,214.9,1.7949
1558.98,16.9,1.9513
1559.99,339.1,2.2767
1560.99,314.4,2.626
1562.0,306.5,3.0933
1563.0,191.0,3.5981
1564.0,252.2,3.8045
1565.01,352.2,4.0998
1566.01,343.3,4.4937
1567.02,320.4,4.859
1568.02,317.0,5.2056
1569.03,323.4,5.3126
1570.03,209.1,5.3741
1571.04,300.4,5.4699
1572.04,295.5,5.5551
1573.05,298.6,5.6432
1574.05,237.1,5.7495
1575.06,301.5,5.8637
1576.06,299.4,5.949
1577.07,289.5,6.041
1578.07,307.4,6.224
1579.08,120.5,6.2733
1580.08,273.6,6.3766
1581.09,244.7,6.476
1582.09,256.7,6.5847
1583.1,216.9,6.6904
1584.1,226.8,6.7785
1585.11,305.4,7.46
1586.11,133.4,7.462
1587.12,212.9,7.462
1588.12,189.0,7.462
1589.13,197.0,7.462
1590.13,121.4,7.4622
1591.14,146.2,7.4622
1592.14,130.3,7.4622
1593.15,194.0,7.4622
1594.15,104.5,7.4622
1595.16,132.3,7.4624
1596.16,112.4,7.4624
1597.17,145.2,7.4624
1598.18,119.4,7.4885
1599.18,103.5,7.5624
1600.19,130.3,7.5624
1601.19,207.7,7.5624
1602.2,126.3,7.5625
1603.2,115.4,7.5625
1604.21,132.3,7.5627
1605.21,101.5,7.5627
1606.22,107.5,7.5627
1607.22,105.5,7.5627
1608.23,126.3,7.5629
1609.23,142.3,7.5629
1610.24,164.1,7.5629
1611.24,152.2,7.5629
1612.25,101.5,7.5629
1613.25,103.5,7.5629
1614.26,129.3,7.5629
1615.26,110.4,7.5629
1616.27,112.4,7.5629
1617.27,119.4,7.5629
1618.28,117.5,7.5629
1619.28,110.4,7.5629
1620.29,281.5,8.2786
1621.29,107.4,8.3766
1622.3,101.5,8.3766
1623.31,101.5,8.3766
1624.31,105.5,8.3766
1625.32,101.5,8.3766
1626.32,111.5,8.3766
1627.32,99.6,8.3766
1628.33,103.5,8.3766
1629.34,100.4,8.3766
1630.34,117.4,8.3766
1631.35,105.5,8.3766
1632.35,106.4,8.3766
1633.36,100.5,8.3766
1634.36,100.5,8.3766
1635.37,102.5,8.3766
1636.37,101.5,8.3766
1637.38,112.4,8.3766
1638.38,158.2,8.3766
1639.39,116.4,8.3766
1640.39,170.1,8.3766
1641.4,158.1,8.3766
1642.4,101.5,8.3766
1643.41,103.5,8.3766
1644.41,100.5,8.3766
1645.42,103.5,8.3766
1646.42,105.5,8.3766
1647.43,99.5,8.3766
1648.43,109.4,8.3766
1649.44,108.4,8.3766
1650.44,124.4,8.3766
1651.45,145.3,8.3766
1652.45,100.5,8.3766
1653.46,113.3,8.3766
1654.47,137.3,8.3766
1655.47,99.5,8.3766
1656.48,101.5,8.3766
1657.48,269.6,8.5777
1658.49,101.5,8.5777
1659.49,102.6,8.5777
1660.5,140.3,8.5777
1661.5,101.5,8.5777
1662.51,100.5,8.5777
1663.51,101.5,8.5777
1664.52,105.5,8.5777
1665.52,102.5,8.5777
1666.53,125.4,8.5777
1667.53,111.4,8.5777
1668.54,102.5,8.5777
1669.54,126.3,8.5777
1670.55,99.5,8.5777
1671.55,99.4,8.5777
1672.56,102.4,8.5777
1673.56,108.7,8.5777
1674.57,100.5,8.5777
1675.57,101.3,8.5777
1676.58,102.5,8.5777
1677.58,100.7,8.5777
1678.59,101.6,8.5777
1679.59,100.5,8.5777
1680.6,123.4,8.5778
1681.6,101.5,8.5778
1682.61,102.5,8.5778
1683.61,100.5,8.5778
1684.62,107.4,8.5778
1685.62,232.8,8.5778
1686.63,279.5,8.5781
1687.63,321.5,8.8721
1688.64,183.2,1.8003
1689.64,17.9,1.9866
1690.64,327.1,2.3338
1691.65,315.4,2.6626
1692.65,306.5,3.0756
1693.65,302.2,3.565
1694.66,257.2,3.7802
1695.66,346.0,4.0939
1696.66,339.7,4.4899
1697.67,317.4,4.8663
1698.67,323.0,5.0615
1699.68,305.5,5.1615
1700.68,301.4,5.2757
1701.69,297.5,5.3782
1702.69,296.4,5.5125
1703.7,288.5,5.6248
1704.7,301.4,5.7349
1705.71,281.5,5.8222
1706.71,301.4,6.0005
1707.72,99.5,6.0532
1708.72,267.7,6.1888
1709.73,262.6,6.2821
1710.73,294.5,6.4076
1711.74,289.5,6.5253
1712.75,268.6,6.6811
1713.75,214.3,7.0944
1714.75,238.2,7.3707
1715.76,244.7,7.3707
1716.76,155.2,7.3707
1717.77,131.4,7.3709
1718.77,145.3,7.3709
1719.78,122.4,7.3709
1720.78,139.3,7.371
1721.79,110.4,7.371
1722.79,147.2,7.371
1723.8,123.5,7.371
1724.8,173.1,7.371
1725.81,108.4,7.371
1726.81,154.4,7.371
1727.82,149.2,7.371
1728.82,108.5,7.4711
1729.83,102.5,7.4711
1730.83,103.5,7.4711
1731.83,119.5,7.4711
1732.84,113.4,7.4711
1733.84,111.4,7.4711
1734.85,122.4,7.4711
1735.86,100.5,7.4711
1736.86,107.5,7.4711
1737.87,103.5,7.4711
1738.87,108.4,7.4711
1739.87,230.3,7.4712
1740.88,199.0,7.4713
1741.88,147.2,7.4714
1742.89,139.3,7.4715
1743.89,109.6,7.4715
1744.9,139.4,7.4715
1745.9,100.5,7.4715
1746.91,121.4,7.4716
1747.91,103.5,7.5608
1748.92,139.3,7.5718
1749.92,139.3,7.5719
1750.93,128.3,7.5721
1751.93,183.4,7.8388
1752.94,210.0,8.2738
1753.94,105.4,8.3597
1754.95,101.5,8.3738
1755.95,99.5,8.3738
1756.96,129.4,8.3739
1757.96,129.3,8.3739
1758.97,166.1,8.3739
1759.97,104.5,8.3739
1760.98,102.6,8.374
1761.98,99.5,8.374
1762.99,103.5,8.374
1763.99,98.5,8.374
1765.0,105.5,8.374
1766.0,105.5,8.374
1767.01,196.0,8.374
1768.01,207.9,8.374
1769.02,159.3,8.374
1770.02,114.4,8.374
1771.03,103.5,8.374
1772.03,103.5,8.374
1773.04,105.5,8.374
1774.04,110.4,8.374
1775.05,107.5,8.374
1776.05,136.3,8.374
1777.06,100.5,8.374
1778.06,117.4,8.374
1779.07,106.5,8.374
1780.07,100.5,8.374
1781.08,102.5,8.374
1782.08,101.5,8.374
1783.09,101.5,8.3742
1784.09,100.5,8.3742
1785.1,153.2,8.3742
1786.1,119.4,8.3742
1787.11,122.4,8.3742
1788.11,110.4,8.3742
1789.12,119.4,8.3742
1790.13,102.5,8.3742
1791.13,100.5,8.3742
1792.14,101.5,8.3742
1793.14,263.7,8.5682
1794.15,109.4,8.5682
1795.15,107.4,8.5682
1796.16,101.5,8.5682
1797.16,107.4,8.5682
1798.17,101.5,8.5682
1799.17,101.5,8.5682
1800.18,101.5,8.5682
1801.18,103.5,8.5682
1802.19,102.5,8.5682
1803.19,102.5,8.5682
1804.2,102.5,8.5682
1805.2,101.5,8.5682
1806.21,100.5,8.5682
1807.21,102.5,8.5682
1808.22,121.4,8.5682
1809.22,102.5,8.5682
1810.23,102.5,8.5682
1811.23,101.5,8.5682
1812.24,222.8,8.5682
1813.24,317.4,8.5685
1814.25,313.6,8.5694
1815.25,290.5,8.5694
1816.26,265.7,1.8062
1817.26,3.0,1.9426
1818.27,337.3,2.345
1819.27,314.4,2.789
1820.28,306.6,3.2657
1821.28,247.2,3.5247
1822.28,353.0,3.8127
1823.29,346.2,4.202
1824.29,313.5,4.57
1825.3,329.3,4.7479
1826.3,304.1,4.8202
1827.31,307.4,4.9281
1828.31,293.7,5.0153
1829.31,271.7,5.1333
1830.32,300.4,5.2524
1831.32,283.8,5.369
1832.33,297.5,5.5059
1833.33,307.4,5.6885
1834.34,264.6,5.7726
1835.34,267.6,5.9125
1836.35,251.7,6.0117
1837.36,256.7,6.1702
1838.36,136.3,6.2607
1839.37,170.1,6.3913
1840.37,137.3,6.4936
1841.38,148.2,6.6187
1842.38,119.4,6.716
1843.39,243.7,7.3001
1844.39,131.4,7.3531
1845.4,142.3,7.3535
1846.4,119.4,7.3536
1847.41,159.2,7.3536
1848.41,135.3,7.3537
1849.42,124.5,7.3537
1850.42,117.4,7.3537
1851.43,125.4,7.3537
1852.43,132.4,7.3837
1853.44,133.3,7.4537
1854.44,202.9,7.4537
1855.45,122.4,7.4537
1856.45,130.3,7.4537
1857.46,125.5,7.4537
1858.46,125.3,7.4537
1859.47,120.4,7.4537
1860.47,112.5,7.4966
1861.48,157.2,7.5539
1862.48,151.2,7.5539
1863.49,104.5,7.5539
1864.49,116.4,7.5539
1865.5,176.1,7.5541
1866.5,101.5,7.5541
1867.51,102.5,7.5541
1868.51,110.4,7.5541
1869.52,102.5,7.5541
1870.52,100.5,7.5541
1871.53,162.4,7.5541
1872.53,107.5,7.5541
1873.54,213.1,7.5541
1874.54,183.1,7.5541
1875.54,156.6,7.7925
1876.55,195.1,8.2561
1877.55,121.4,8.2561
1878.56,111.4,8.2561
1879.56,119.4,8.2561
1880.57,143.3,8.2561
1881.57,102.5,8.2561
1882.58,109.4,8.2561
1883.58,102.5,8.2561
1884.59,102.5,8.2561
1885.59,105.4,8.2561
1886.6,107.4,8.2561
1887.61,113.4,8.2561
1888.61,124.4,8.2561
1889.62,122.4,8.2561
1890.62,136.4,8.2562
1891.63,101.5,8.2562
1892.63,114.4,8.2562
1893.64,114.4,8.2562
1894.64,105.5,8.2562
1895.65,105.5,8.2564
1896.65,100.5,8.2564
1897.66,108.4,8.2565
1898.66,103.5,8.2566
1899.67,100.5,8.2566
1900.67,124.4,8.2566
1901.68,101.5,8.2566
1902.68,105.5,8.2566
1903.69,100.5,8.2566
1904.69,124.3,8.2566
1905.7,102.5,8.2566
1906.7,152.5,8.2574
1907.71,212.1,8.5371
1908.71,165.1,8.5371
1909.72,285.5,8.5375
1910.72,182.0,8.5375
1911.73,102.5,8.5375
1912.73,110.5,8.5375
1913.74,188.2,8.5375
1914.74,134.3,8.5375
1915.75,152.2,8.5375
1916.75,114.4,8.5375
1917.76,100.5,8.5375
1918.76,100.5,8.5375
1919.77,102.5,8.5375
1920.77,101.5,8.5375
1921.78,100.5,8.5377
1922.78,102.5,8.5377
1923.79,100.5,8.5377
1924.79,100.5,8.5377
1925.8,101.6,8.5377
1926.8,225.8,8.5383
1927.8,263.2,8.5904
1928.81,148.3,1.8107
1929.81,3.0,2.057
1930.82,318.4,2.3908
1931.82,311.7,2.728
1932.83,261.8,3.2012
1933.83,234.3,3.4874
1934.83,364.1,3.7552
1935.84,352.2,4.1366
1936.84,316.1,4.5127
1937.84,330.8,4.7164
1938.85,306.4,4.8505
1939.85,303.4,4.9912
1940.86,267.1,5.1349
1941.86,309.7,5.2649
1942.87,298.5,5.3887
1943.87,307.4,5.5509
1944.88,270.7,5.711
1945.88,296.5,5.8825
1946.89,262.6,6.0109
1947.89,310.4,6.179
1948.9,243.9,6.3004
1949.9,208.9,6.4604
1950.91,155.2,6.6093
1951.91,129.4,6.7297
1952.92,148.4,6.8364
1953.92,239.8,7.3993
1954.93,156.2,7.4351
1955.93,151.2,7.4361
1956.94,156.2,7.4361
1957.94,119.4,7.4361
1958.95,110.4,7.4363
1959.95,159.2,7.4365
1960.96,144.3,7.4365
1961.96,119.4,7.4365
1962.97,150.2,7.4379
1963.97,107.4,7.4379
1964.98,110.5,7.5379
1965.98,109.4,7.5379
1966.99,144.2,7.5379
1967.99,113.4,7.5379
1969.0,121.5,7.5379
1970.0,126.3,7.5379
1971.01,178.1,7.5381
1972.01,138.3,7.5381
1973.02,101.5,7.5381
1974.02,168.1,7.5381
1975.03,159.2,7.5381
1976.03,139.3,7.5381
1977.04,101.5,7.5381
1978.04,100.5,7.5381
1979.05,103.5,7.5381
1980.05,125.3,7.5381
1981.06,163.1,7.5381
1982.06,226.3,7.5402
1983.07,110.5,7.5402
1984.07,248.7,8.1973
1985.08,118.4,8.2453
1986.08,119.4,8.2453
1987.09,125.4,8.2453
1988.09,126.5,8.2453
1989.1,120.4,8.2453
1990.1,102.5,8.2453
1991.11,102.5,8.2453
1992.11,106.5,8.2453
1993.12,102.5,8.2453
1994.12,184.0,8.2496
1995.13,122.4,8.2496
1996.13,121.4,8.2496
1997.14,102.5,8.2496
1998.14,108.4,8.2498
1999.15,102.5,8.2432
2000.15,113.4,8.2432
2001.16,111.4,8.2432
2002.16,107.4,8.2432
2003.17,103.5,8.2432
2004.17,101.5,8.2432
2005.18,103.5,8.2432
2006.18,107.4,8.2432
2007.19,99.6,8.2432
2008.19,102.5,8.2432
2009.2,107.4,8.2432
2010.2,131.3,8.2452
2011.21,101.5,8.2452
2012.21,124.4,8.2452
2013.22,118.4,8.2452
2014.22,113.4,8.2452
2015.23,271.6,8.5319
2016.23,157.3,8.5319
2017.24,299.5,1.813
2018.24,3441.4,1.9286
2019.25,330.3,2.1509
2020.25,342.6,2.2939
2021.26,337.3,2.58
2022.26,329.3,2.9147
2023.27,314.4,3.2388
2024.27,302.4,3.6815
2025.28,294.5,4.1517
2026.28,307.6,4.6315
2027.29,302.4,5.1847
2028.29,305.4,5.6102
2029.3,302.5,6.0341
2030.3,303.6,6.5378
2031.31,309.4,6.8978
2032.31,304.4,6.9562
2033.32,300.4,7.0097
2034.32,343.7,7.0591
2035.32,231.9,1.813
2036.33,1.0,2.0269
2037.33,294.2,2.1892
2038.33,340.1,2.4179
2039.34,342.3,2.7598
2040.34,317.3,3.0982
2041.35,314.7,3.5593
2042.35,306.4,4.1087
2043.36,304.5,4.5269
2044.36,278.6,5.1331
2045.37,304.5,5.5681
2046.37,304.5,5.9749
2047.38,306.6,6.4694
2048.38,313.6,6.9113
2049.39,292.6,7.0618
2050.39,306.4,7.0618
2051.4,333.4,7.0631
2052.4,245.7,1.813
2053.41,1.0,2.0452
2054.41,347.1,2.2744
2055.41,359.6,2.5191
2056.42,338.5,2.7676
2057.42,327.4,3.1311
2058.43,3.0,2.0212
2059.43,354.9,2.2267
2060.43,330.4,1.8139
2061.44,5.0,2.0989
2062.44,332.0,2.259
2063.44,348.7,2.6127
2064.45,345.2,2.9869
2065.45,315.4,3.4704
2066.46,313.4,3.8685
2067.46,303.5,4.1826
2068.47,302.4,4.5086
2069.48,302.4,4.8506
2070.48,300.4,5.2296
2071.49,306.3,5.5844
2072.49,309.0,6.0912
2073.49,303.5,6.5134
2074.5,315.4,6.9905
2075.5,304.4,7.0907
2076.51,307.1,7.0916
2077.51,344.1,7.0922
2078.51,1.0,1.9109
2079.52,285.5,2.0804
2080.53,4.0,1.8467
2081.53,286.2,2.0849
2082.53,288.3,2.1899
2083.54,337.2,2.4211
2084.54,308.4,2.7233
2085.55,309.4,3.0946
2086.55,313.4,3.4389
2087.55,318.0,3.7646
2088.56,282.6,1.809
2089.56,3.0,2.1202
2090.57,362.3,2.3001
2091.57,339.3,2.6607
2092.58,314.5,3.0427
2093.58,315.3,3.3863
2094.58,310.0,3.7364
2095.59,280.6,1.809
2096.59,3.0,2.1009
2097.6,337.3,2.2888
2098.6,318.3,2.6469
2099.61,307.4,3.03
2100.61,318.4,3.3567
2101.62,301.5,3.6322
2102.62,342.4,3.8713
2103.63,2.0,2.0035
2104.63,335.1,2.2035
2105.63,331.4,2.5373
2106.64,306.4,2.9385
2107.64,322.1,3.305
2108.65,302.5,3.6497
2109.65,343.6,3.8886
2110.65,3481.8,1.9802
2111.66,318.1,2.1719
2112.66,343.4,2.4752
2113.67,309.4,2.8592
2114.67,311.4,3.2018
2115.68,312.4,3.5312
2116.68,333.3,3.8006
2117.69,2.0,1.9646
2118.69,328.0,2.1679
2119.69,345.3,2.463
2120.7,314.4,2.8475
2121.7,313.4,3.2108
2122.71,307.4,3.5662
2123.71,337.8,3.8225
2124.72,3.0,1.9841
2125.72,361.2,2.1958
2126.72,354.4,2.497
2127.73,314.4,2.884
2128.73,317.5,3.2398
2129.74,314.4,3.5878
2130.74,339.9,3.8439
2131.74,5.0,1.967
2132.75,359.3,2.1634
2133.75,360.2,2.4524
2134.76,316.4,2.8389
2135.76,318.3,3.1935
2136.77,306.4,3.5432
2137.77,341.8,3.8002
2138.77,3.0,1.9773
2139.78,345.0,2.1911
2140.78,347.5,2.4956
2141.79,309.4,2.8771
2142.79,307.4,3.2281
2143.79,311.7,3.5704
2144.8,340.6,3.8235
2145.8,2.0,1.9543
2146.81,309.1,2.1489
2147.81,344.3,2.4442
2148.82,308.3,2.832
2149.82,314.3,3.2073
2150.83,308.4,3.5531
2151.83,339.5,3.8182
2152.83,2.0,1.9454
2153.84,311.1,2.1311
2154.84,356.2,2.3903
2155.85,318.4,2.7621
2156.85,314.4,3.1378
2157.86,311.6,3.4601
2158.86,323.0,3.7645
2159.86,2.0,1.9346
2160.87,337.1,2.1502
2161.87,356.2,2.4338
2162.88,313.4,2.8359
2163.88,313.6,3.2008
2164.89,312.4,3.5578
2165.89,334.6,3.8113
2166.89,2.0,1.9564
2167.9,322.1,2.1634
2168.9,349.5,2.4713
2169.91,308.4,2.866
2170.91,311.4,3.2537
2171.92,307.5,3.6064
2172.92,338.1,1.8097
2173.92,7.0,2.0096
2174.93,317.1,2.1686
2175.93,350.1,2.4694
2176.93,312.4,2.8573
2177.94,313.4,3.2228
2178.94,310.4,3.5672
2179.95,339.2,3.802
2180.95,2.0,2.0024
2181.95,323.3,2.1833
2182.96,339.4,2.4961
2183.96,309.4,2.8844
2184.96,314.9,3.2338
2185.97,305.4,3.579
2186.98,327.3,1.8101
2187.98,1496.9,2.0175
2188.98,312.1,2.1809
2189.99,332.1,2.4253
2190.99,318.4,2.6835
2191.99,340.1,2.8592
2193.0,3.0,2.0056
2194.0,338.9,2.187
2195.0,2.0,1.9225
2196.01,320.3,2.0843
2197.01,348.3,2.2444
2198.01,2.0,2.0069
2199.02,332.7,2.1726
2200.02,3.0,2.0048
2201.02,288.1,2.1266
2202.03,3.0,1.8961
2203.03,289.4,2.0749
2204.03,316.3,2.1917
2205.04,3.0,2.0784
2206.04,351.9,2.2176
2207.04,1.0,1.9922
2208.05,336.3,2.3411
2209.05,347.9,2.4635
2210.05,341.1,2.6653
2211.06,272.6,2.8825
2212.06,313.4,3.1786
2213.07,324.3,3.4828
2214.07,314.4,3.7112
2215.08,321.4,3.9598
2216.08,306.7,4.2624
2217.09,309.4,4.5859
2218.09,324.3,4.841
2219.1,264.7,1.8107
2220.1,1399.5,2.0795
2221.11,1.0,1.9177
2222.11,322.9,2.107
2223.11,2.0,1.9567
2224.12,340.1,2.1421
2225.12,3.0,1.9576
2226.12,319.2,2.1294
2227.12,1.0,1.979
2228.13,319.2,2.1585
2229.13,2.0,2.0307
2230.13,320.2,2.1728
2231.14,4.0,2.0676
2232.14,3.0,1.8307
2233.14,289.0,2.082
2234.15,1.0,1.9096
2235.15,297.0,2.0862
2236.16,2.0,1.9216
2237.16,327.1,2.1073
2238.16,1.0,2.0363
2239.17,23.0,1.9309
2240.17,343.0,2.1329
2241.17,0.0,1.9463
2242.17,304.2,2.1075
2243.18,1.0,1.9318
2244.18,317.4,2.0991
2245.19,2.0,1.9713
2246.19,336.0,2.1463
2247.19,362.4,2.3323
2248.2,2.0,2.0574
2249.2,299.1,2.1639
2250.2,4.0,1.9503
2251.21,302.2,2.1161
2252.21,354.9,2.2758
2253.21,3357.8,1.9499
2254.22,307.4,2.1094
2255.22,18.9,1.9347
2256.23,299.4,2.1173
2257.23,350.1,2.262
2258.24,355.2,2.4803
2259.24,344.1,2.7172
2260.24,1.0,2.0333
2261.24,307.1,2.1769
2262.25,360.6,2.3843
2263.25,340.5,2.5887
2264.26,3.0,1.9323
2265.26,339.2,2.1743
2266.27,357.4,2.2779
2267.27,5.0,1.9674
2268.27,340.0,2.1911
2269.28,369.0,2.3046
2270.28,3.0,2.0218
2271.28,343.2,2.2195
2272.28,362.0,2.4669
2273.29,2.0,2.008
2274.29,308.2,2.2032
2275.29,357.9,2.401
2276.3,312.4,2.6567
2277.3,316.3,2.9328
2278.31,305.6,3.3367
2279.31,319.9,3.6694
2280.32,341.5,3.9229
2281.32,308.4,4.0252
2282.33,194.1,4.1297
2283.33,156.2,4.2114
2284.34,142.3,4.2927
2285.34,132.3,4.3724
2286.35,107.5,4.4391
2287.35,127.4,4.5227
2288.36,207.0,4.9697
2289.36,1.0,1.9441
2290.37,350.3,2.1952
2291.37,372.8,2.3859
2292.37,327.1,2.6629
2293.38,312.6,2.9716
2294.38,294.5,3.3353
2295.39,315.4,3.6703
2296.39,337.4,3.8929
2297.39,4.0,2.0052
2298.4,337.0,2.2325
2299.4,3.0,1.8848
2300.41,313.4,2.1706
2301.41,366.9,2.282
2302.41,2.0,2.0461
2303.42,357.9,2.2588
2304.42,2.0,1.9363
2305.42,335.1,2.1897
2306.43,382.0,2.3437
2307.43,1.0,2.1218
2308.43,357.3,2.2739
2309.44,0.0,1.9742
2310.44,336.0,2.1398
2311.44,342.7,1.8264
2312.45,3.0,2.1237
2313.45,331.4,2.3074
2314.45,333.1,2.6196
2315.46,310.6,2.95
2316.46,314.4,1.8265
2317.47,2.0,2.0761
2318.47,3.0,1.9414
2319.48,323.3,2.2137
2320.48,315.4,2.5351
2321.49,309.8,2.8758
2322.49,290.5,3.2382
2323.5,133.3,3.6288
2324.5,108.5,4.1338
2325.51,205.3,4.3694
2326.51,360.0,4.6091
2327.51,338.3,4.88
2328.52,320.3,4.9863
2329.52,298.7,5.0659
2330.53,254.7,5.126
2331.53,306.4,5.3878
2332.54,286.5,5.5531
2333.54,144.4,5.5535
2334.55,170.1,5.6026
2335.55,277.6,5.6773
2336.56,267.8,5.7478
2337.56,275.6,5.8139
2338.57,230.8,5.8687
2339.57,266.6,5.9488
2340.58,233.8,6.0241
2341.58,229.0,6.1259
2342.59,286.5,6.2194
2343.59,233.8,6.2865
2344.6,222.3,6.3474
2345.6,297.5,6.4225
2346.61,283.5,6.5592
2347.61,256.9,6.6665
2348.62,332.0,7.1419
2349.62,195.0,7.5659
2350.63,101.5,7.5659
2351.63,101.5,7.5659
2352.63,219.3,7.566
2353.64,178.1,7.566
2354.64,206.2,7.566
2355.65,222.9,7.566
2356.65,213.0,7.566
2357.66,159.3,7.566
2358.66,196.0,7.566
2359.67,197.0,7.566
2360.67,162.2,7.566
2361.68,105.5,7.566
2362.68,104.5,7.566
2363.69,148.2,7.5661
2364.69,104.5,7.5661
2365.7,118.4,7.5661
2366.7,112.4,7.5661
2367.71,183.4,7.5661
2368.71,101.4,7.5661
2369.72,144.2,7.5661
2370.72,130.3,7.5661
2371.73,103.5,7.5661
2372.73,106.5,7.5661
2373.74,177.4,7.5661
2374.74,174.3,7.5662
2375.75,102.5,7.6662
2376.75,111.4,7.6664
2377.76,152.2,7.6664
2378.76,152.2,7.6679
2379.77,125.4,7.6681
2380.77,119.4,7.6681
2381.78,131.3,7.6681
2382.78,127.3,7.6681
2383.79,143.3,7.6681
2384.79,101.5,7.7116
2385.8,102.5,7.7681
2386.8,107.5,7.7681
2387.81,101.5,7.7683
2388.81,108.5,7.7683
2389.82,110.4,7.7683
2390.82,104.5,7.7683
2391.83,123.4,7.7683
2392.83,99.5,7.7683
2393.84,127.3,7.7683
2394.84,282.5,8.6168
2395.85,116.4,8.7168
2396.85,99.6,8.7168
2397.86,102.5,8.7168
2398.86,100.6,8.7168
2399.87,106.5,8.7168
2400.87,138.3,8.7168
2401.88,232.0,8.7168
2402.88,148.3,8.7168
2403.89,103.5,8.7168
2404.89,116.4,8.7168
2405.9,103.5,8.7168
2406.9,109.5,8.7168
2407.91,102.5,8.7168
2408.91,117.4,8.7168
2409.92,137.4,8.7168
2410.92,134.3,8.7168
2411.93,99.5,8.7168
2412.93,102.5,8.7168
2413.94,102.5,8.7168
2414.94,108.4,8.7168
2415.95,146.2,8.7168
2416.95,189.1,8.7168
2417.96,103.5,8.7168
2418.96,101.5,8.7168
2419.97,102.5,8.7168
2420.97,100.5,8.7168
2421.98,110.5,8.7168
2422.98,103.5,8.7168
2423.99,100.5,8.7168
2424.99,101.5,8.7168
2426.0,104.5,8.7168
2427.0,99.5,8.7168
2428.01,120.4,8.7168
2429.01,103.5,8.7168
2430.02,268.2,8.8736
2431.02,141.3,8.8956
2432.03,107.5,8.8956
2433.03,107.5,8.8956
2434.04,116.5,8.8956
2435.04,131.3,8.8956
2436.05,102.5,8.8956
2437.05,99.5,8.8956
2438.06,103.5,8.8956
2439.06,99.5,8.8956
2440.07,101.5,8.8956
2441.07,99.5,8.8956
2442.08,102.5,8.8956
2443.08,103.5,8.8956
2444.09,99.5,8.8956
2445.09,100.5,8.8956
2446.1,100.5,8.8956
2447.1,102.5,8.8956
2448.11,101.5,8.8956
2449.11,99.5,8.8956
2450.12,195.0,8.8956
2451.12,174.1,1.8319
2452.13,0.0,2.0143
2453.13,309.2,2.1566
2454.13,0.0,1.9808
2455.14,314.2,2.14
2456.14,2.0,1.9608
2457.14,339.9,2.1544
2458.15,371.9,2.347
2459.15,341.3,2.6107
2460.16,317.4,2.8778
2461.16,334.8,1.834
2462.16,1.0,2.0586
2463.17,321.6,2.2192
2464.17,368.9,2.4228
2465.17,0.0,2.0717
2466.18,351.6,2.2579
2467.18,339.3,2.6294
2468.19,322.5,3.0225
2469.19,312.7,3.3459
2470.2,307.4,3.6599
2471.2,340.2,3.9116
2472.21,2.0,1.9838
2473.21,345.3,2.1616
2474.21,1.0,1.985
2475.21,357.9,2.211
2476.22,3.0,2.0184
2477.22,317.4,2.4381
2478.23,306.7,2.7809
2479.23,360.9,2.9317
2480.23,315.4,3.1706
2481.24,303.4,3.4721
2482.24,301.5,3.7954
2483.25,333.9,3.9348
2484.25,319.4,4.0888
2485.26,259.6,4.2544
2486.26,309.4,4.4895
2487.27,307.6,4.8186
2488.27,303.5,5.3496
2489.28,219.9,5.7178
2490.28,294.6,5.9071
2491.29,310.4,6.0885
2492.29,304.3,6.3059
2493.3,303.5,6.5349
2494.3,278.7,6.673
2495.31,317.0,6.921
2496.31,326.4,7.2306
2497.32,303.4,7.2308
2498.32,304.7,7.2331
2499.33,302.3,7.2335
2500.33,248.7,7.2349
2501.34,190.0,7.2351
2502.34,199.9,7.3353
2503.35,160.3,7.3354
2504.35,263.3,7.3365
2505.35,2.0,1.9707
2506.36,337.6,2.3338
2507.36,309.4,2.7515
2508.37,343.9,2.8944
2509.37,347.3,3.2218
2510.38,314.5,3.6159
2511.38,326.0,3.906
2512.38,322.4,4.0496
2513.39,282.5,4.2167
2514.39,299.4,4.4216
2515.4,301.4,4.7298
2516.4,298.7,5.1974
2517.41,290.5,5.6518
2518.41,292.5,5.8346
2519.42,278.6,5.9841
2520.42,306.7,6.1644
2521.43,305.4,6.4051
2522.43,301.5,6.579
2523.44,307.9,6.747
2524.44,345.2,7.1727
2525.45,301.9,7.2211
2526.45,306.5,7.2239
2527.46,303.7,7.2242
2528.46,302.5,7.2245
2529.47,259.7,7.2248
2530.47,218.9,7.2212
2531.48,131.3,7.3215
2532.48,127.4,7.3215
2533.49,292.5,7.3234
2534.49,187.0,1.84
2535.49,3.0,2.1206
2536.5,3.0,2.0076
2537.5,1479.8,1.9475
2538.51,285.2,2.1057
2539.51,345.9,2.2457
2540.51,2.0,2.1083
2541.52,0.0,1.9298
2542.52,311.2,2.1204
2543.53,1.0,1.9036
2544.53,291.1,2.1098
2545.53,353.0,2.2564
2546.53,3.0,1.9976
2547.54,338.1,2.3494
2548.54,293.1,2.7103
2549.55,276.6,3.0713
2550.55,279.1,3.1872
2551.55,353.9,3.4071
2552.56,345.7,3.5736
2553.56,310.4,3.6833
2554.57,308.5,3.8278
2555.57,311.4,3.9782
2556.57,305.7,4.1585
2557.58,298.5,4.3547
2558.58,242.0,4.5154
2559.59,298.5,4.6899
2560.59,292.5,4.8782
2561.6,312.4,5.0417
2562.6,306.6,5.2196
2563.61,309.4,5.391
2564.61,308.4,5.5634
2565.62,301.4,5.7159
2566.62,281.7,5.8981
2567.63,278.5,6.0533
2568.63,247.7,6.2112
2569.64,155.2,6.394
2570.64,131.3,6.5782
2571.65,124.4,6.8032
2572.66,224.8,7.3037
2573.66,120.4,7.3038
2574.67,202.0,7.3055
2575.67,145.2,7.3055
2576.68,107.4,7.3985
2577.68,128.3,7.4059
2578.69,120.4,7.4059
2579.69,124.4,7.4059
2580.7,127.3,7.4059
2581.7,111.4,7.4059
2582.71,108.5,7.4059
2583.71,131.4,7.4059
2584.72,130.3,7.4059
2585.72,132.3,7.4059
2586.73,136.6,7.4059
2587.73,145.3,7.4059
2588.74,291.5,7.4069
2589.74,305.5,7.4076
2590.75,215.9,1.8448
2591.75,1.0,2.0928
2592.75,345.0,2.2596
2593.75,2.0,2.0103
2594.76,362.0,2.2477
2595.76,3.0,2.0016
2596.76,316.3,2.1661
2597.77,2.0,1.9468
2598.77,322.0,2.171
2599.77,291.1,2.2736
2600.78,324.4,2.4966
2601.78,310.4,2.7808
2602.79,343.4,3.037
2603.79,13.9,1.9787
2604.8,327.3,2.1977
2605.8,337.9,2.301
2606.8,2.0,2.0665
2607.81,302.2,2.1954
2608.81,3.0,2.138
2609.81,348.1,2.2713
2610.82,277.6,2.5809
2611.82,289.5,2.9556
2612.83,3.0,1.9522
2613.83,295.6,2.1358
2614.84,314.0,2.2448
2615.84,312.7,2.5151
2616.85,291.5,2.8934
2617.85,280.6,1.874
2618.86,13.9,2.1754
2619.86,342.4,2.313
2620.86,320.4,2.7093
2621.87,305.4,3.1394
2622.87,1.0,2.1345
2623.87,317.0,2.2668
2624.88,4.0,2.1267
2625.88,333.0,2.3157
2626.88,353.2,2.624
2627.89,313.4,2.7868
2628.89,3.0,2.0445
2629.89,342.1,2.2314
2630.9,361.9,2.4269
2631.9,1.0,2.0443
2632.91,338.3,2.2821
2633.91,365.0,2.461
2634.91,346.6,2.7291
2635.92,315.6,3.0421
2636.92,330.8,3.2853
2637.92,3.0,2.0639
2638.93,325.7,2.3583
2639.93,364.2,2.5438
2640.93,2.0,2.1398
2641.94,335.0,2.3962
2642.94,349.9,2.5595
2643.94,3.0,2.1133
2644.95,304.7,2.3638
2645.95,357.9,2.4816
2646.95,3.0,2.0419
2647.96,329.3,2.3135
2648.96,343.1,2.4252
2649.97,356.9,1.9308
2650.97,6.0,2.1495
2651.98,320.3,2.4083
2652.98,365.7,2.5569
2653.98,3.0,2.0657
2654.99,343.3,2.3542
2655.99,337.1,2.4736
2657.0,1.0,2.038
2658.0,294.5,2.2206
2659.0,346.9,2.3362
2660.01,4.0,2.0996
2661.01,315.1,2.2507
2662.01,3.0,2.0154
2663.02,298.5,2.1941
2664.02,311.0,2.2969
2665.03,3.0,2.0618
2666.03,349.9,2.3251
2667.03,370.3,2.5026
2668.03,1.0,2.0324
2669.04,332.9,2.2603
2670.04,381.8,2.4086
2671.04,349.3,2.6616
2672.05,4.0,2.1071
2673.05,353.0,2.3485
2674.05,368.6,2.5475
2675.06,3.0,2.1515
2676.06,279.3,2.2852
2677.06,359.2,2.5024
2678.07,2.0,2.0726
2679.07,301.1,2.2597
2680.07,362.5,2.4776
2681.08,333.0,2.721
2682.08,0.0,2.1604
2683.08,353.9,2.3364
2684.09,0.0,2.0329
2685.09,324.1,2.2882
2686.09,353.9,2.4524
2687.1,356.7,2.6881
2688.1,330.3,2.971
2689.11,319.9,3.314
2690.11,319.4,3.5051
2691.12,3.0,2.0497
2692.12,318.0,2.3092
2693.12,311.4,2.4917
2694.13,360.7,2.6655
2695.13,336.1,2.9011
2696.13,318.6,3.1603
2697.14,307.4,3.4036
2698.14,3.0,2.0242
2699.15,308.4,2.3328
2700.15,346.8,2.558
2701.16,361.4,2.7092
2702.16,338.0,2.9146
2703.16,316.4,3.1085
2704.17,315.4,3.3068
2705.17,316.4,3.5516
2706.18,303.4,3.849
2707.18,2.0,2.1217
2708.19,351.9,2.3179
2709.19,0.0,2.0458
2710.2,311.3,2.2341
2711.2,350.7,2.3664
2712.2,1.0,2.1054
2713.21,338.0,2.2822
2714.21,1.0,1.9985
2715.21,289.2,2.2262
2716.22,1.0,2.0536
2717.22,294.5,2.2235
2718.23,2.0,2.0343
2719.23,288.5,2.2054
2720.24,2.0,2.0969
2721.24,313.6,1.9492
2722.24,3265.1,2.1998
2723.25,340.0,2.3029
2724.25,20.9,2.1682
2725.25,319.0,2.2938
2726.26,352.2,2.5178
2727.26,342.8,2.7317
2728.26,1.0,2.1124
2729.27,330.1,2.2953
2730.27,358.3,2.5742
2731.28,350.9,2.8308
2732.28,1397.0,2.2102
2733.28,354.9,2.3659
2734.29,345.1,2.6704
2735.29,0.0,2.0984
2736.29,305.1,2.2462
2737.29,0.0,2.134
2738.3,335.3,2.3754
2739.3,378.8,2.5227
2740.31,2.0,2.0516
2741.31,317.2,2.27
2742.31,332.0,2.3972
2743.32,364.9,2.5702
2744.32,1.0,2.0983
2745.32,342.3,2.3551
2746.33,368.0,2.4682
2747.33,2.0,2.0375
2748.33,296.1,2.2494
2749.34,347.2,2.4007
2750.34,1.0,2.0917
2751.34,344.1,2.2862
2752.35,3.0,2.1141
2753.35,313.0,2.2641
2754.35,1.0,2.1067
2755.35,347.2,2.2887
2756.36,1.0,2.1036
2757.36,309.2,2.2607
2758.36,3.0,2.0796
2759.37,342.3,2.3067
2760.37,3.0,2.0747
2761.37,302.2,2.24
2762.38,1.0,2.0807
2763.38,305.2,2.2312
2764.38,4.0,2.0778
2765.38,304.1,2.2423
2766.39,2.0,2.0814
2767.39,309.1,2.2418
2768.39,1.0,2.0797
2769.4,289.1,2.226
2770.4,2.0,2.1133
2771.4,321.2,2.26
2772.41,0.0,2.2004
2773.41,1399.2,2.0572
2774.42,309.8,2.231
2775.42,7.0,2.038
2776.42,303.8,2.2273
2777.43,324.8,2.3395
2778.43,3.0,1.9748
2779.44,283.5,2.2209
2780.44,0.0,2.0311
2781.45,290.5,2.2139
2782.45,2.0,2.0614
2783.45,306.0,2.2417
2784.46,331.0,2.3912
2785.46,1.0,2.1174
2786.46,338.0,2.2728
2787.47,2.0,2.1493
2788.47,313.2,1.9583
2789.47,1.0,2.2164
2790.48,309.8,1.9584
2791.48,2.0,2.2134
2792.49,0.0,1.9635
2793.49,280.6,2.2177
2794.49,308.1,2.3153
2795.5,351.4,2.5047
2796.5,3.0,2.1453
2797.5,303.1,2.2693
2798.51,0.0,2.1812
2799.51,303.2,2.2931
2800.52,341.3,2.5329
2801.52,295.5,1.9588
2802.53,2.0,2.2034
2803.53,278.1,2.3133
2804.53,354.9,2.4963
2805.53,0.0,2.0718
2806.54,322.1,2.2493
2807.54,364.9,2.3859
2808.54,0.0,2.2184
2809.54,341.0,2.3298
2810.55,10.0,2.1345
2811.55,318.7,2.4381
2812.56,309.4,2.7843
2813.56,305.4,3.1466
2814.57,296.4,3.5171
2815.57,288.1,3.9603
2816.58,174.2,4.4309
2817.58,131.4,4.9154
2818.59,123.4,5.3953
2819.59,108.4,5.9016
2820.6,101.5,6.4111
2821.6,139.4,6.8787
2822.6,282.1,7.97
2823.61,301.9,8.639
2824.61,199.4,8.65
2825.61,352.9,8.6513
2826.62,351.0,8.6544
2827.62,313.4,8.655
2828.62,311.7,8.6592
2829.63,316.8,8.6635
2830.63,149.3,8.6637
2831.64,100.5,8.6638
2832.64,120.5,8.664
2833.65,241.8,8.6745
2834.65,221.9,8.6753
2835.65,204.4,8.6757
2836.66,163.2,8.6762
2837.66,241.7,8.6763
2838.67,252.8,8.6765
2839.67,164.4,8.6765
2840.68,256.0,8.6765
2841.68,109.4,8.6765
2842.69,110.4,8.6765
2843.69,212.9,8.6769
2844.7,209.0,8.678
2845.7,282.5,8.6789
2846.71,261.6,8.6789
2847.71,253.9,8.6789
2848.72,160.2,8.6791
2849.72,125.3,8.6792
2850.73,101.5,8.6727
2851.73,213.9,8.6729
2852.74,189.1,8.673
2853.74,207.9,8.6731
2854.75,171.1,8.6732
2855.75,145.4,8.6733
2856.76,140.3,8.6735
2857.76,100.5,8.6735
2858.77,105.5,8.6735
2859.77,122.4,8.6738
2860.78,111.4,8.6738
2861.78,112.4,8.6738
2862.79,106.4,8.6738
2863.79,121.4,8.6738
2864.8,185.0,8.6738
2865.8,100.5,8.6738
2866.81,113.4,8.6739
2867.81,100.5,8.6739
2868.82,111.4,8.6739
2869.82,100.5,8.6739
2870.83,100.5,8.6739
2871.83,104.5,8.6739
2872.84,204.4,9.2172
2873.84,237.8,9.6497
2874.85,121.4,9.6589
2875.85,102.5,9.7198
2876.86,100.5,9.7487
2877.86,99.5,9.7487
2878.87,101.5,9.7487
2879.87,101.5,9.7487
2880.88,102.5,9.7487
2881.88,99.5,9.7487
2882.89,101.5,9.7487
2883.89,119.4,9.7487
2884.9,101.5,9.7487
2885.9,100.5,9.7487
2886.91,100.5,9.7487
2887.91,101.5,9.7487
2888.92,100.5,9.7487
2889.92,103.5,9.7487
2890.93,103.5,9.7487
2891.93,107.5,9.7487
2892.94,101.5,9.7487
2893.95,100.5,9.7487
2894.95,102.5,9.7487
2895.96,106.5,9.7487
2896.96,101.5,9.7487
2897.97,102.5,9.7487
2898.97,100.7,9.7487
2899.97,100.5,9.7487
2900.98,101.5,9.7487
2901.98,100.5,9.7487
2902.99,101.5,9.7487
2903.99,101.5,9.7487
2905.0,106.5,9.7487
2906.0,101.5,9.7487
2907.01,100.5,9.7487
2908.02,100.5,9.7487
2909.02,99.5,9.7487
2910.03,101.5,9.7487
2911.03,103.5,9.7487
2912.04,100.6,9.7487
2913.04,108.5,9.7487
2914.05,101.5,9.7487
2915.05,102.5,9.7487
2916.05,103.6,9.7487
2917.06,107.5,9.7487
2918.06,120.4,9.7487
2919.07,102.5,9.7487
2920.07,100.5,9.7487
2921.08,100.5,9.7487
2922.08,102.5,9.7487
2923.09,105.5,9.7487
2924.09,99.5,9.7487
2925.1,100.5,9.7487
2926.1,100.5,9.7487
2927.11,102.5,9.7487
2928.12,136.3,9.7487
2929.12,108.5,9.7487
2930.12,117.5,9.7487
2931.13,101.5,9.7487
2932.13,107.5,9.7487
2933.14,101.5,9.7487
2934.14,162.2,9.7487
2935.15,136.3,9.7487
2936.15,196.0,9.7487
2937.16,160.2,9.7487
2938.16,138.4,9.7487
2939.17,102.5,9.7487
2940.17,120.6,9.7489
2941.18,285.6,9.8169
2942.18,100.5,9.8169
2943.19,177.1,9.8169
2944.19,155.3,9.8169
2945.2,101.5,9.8169
2946.2,100.5,9.8169
2947.21,101.6,9.8169
2948.21,101.5,9.8169
2949.22,100.6,9.8169
2950.22,104.5,9.8169
2951.23,152.2,9.8169
2952.23,135.3,9.8169
2953.24,110.4,9.8169
2954.24,100.5,9.8169
2955.25,131.3,9.8169
2956.25,120.4,9.8169
2957.26,120.4,9.8172
2958.26,106.5,9.8172
2959.27,107.5,9.8173
2960.27,103.5,9.8173
2961.28,100.5,9.8173
2962.28,129.3,9.8173
2963.29,121.4,9.8173
2964.29,130.3,9.8173
2965.3,145.5,9.8173
2966.3,100.5,9.8173
2967.31,101.5,9.8173
2968.31,102.5,9.8173
2969.32,103.5,9.8173
2970.32,104.5,9.8173
2971.33,100.5,9.8173
2972.33,117.4,9.8173
2973.34,103.5,9.8173
2974.34,103.6,9.8173
2975.35,102.5,9.8173
2976.35,99.5,9.8173
2977.36,100.5,9.8173
2978.36,101.5,9.8173
2979.37,102.4,9.8173
2980.37,117.3,9.8173
2981.38,102.5,9.8173
2982.38,101.5,9.8173
2983.39,100.5,9.8173
2984.39,100.5,9.8173
2985.4,244.2,9.8177
2986.4,189.3,9.8791
2987.4,100.5,9.8791
2988.41,102.5,9.8791
2989.41,114.4,9.8792
2990.42,100.5,9.8792
2991.42,117.4,9.8792
2992.43,116.4,9.8792
2993.44,100.5,9.8792
2994.44,102.5,9.8792
2995.45,101.5,9.8792
2996.45,101.5,9.8792
2997.46,100.5,9.8792
2998.46,102.5,9.8792
2999.47,100.5,9.8792
3000.47,101.5,9.8792
3001.48,100.5,9.8792
3002.48,103.5,9.8792
3003.49,99.5,9.8792
3004.49,105.5,9.8792
3005.5,120.4,9.8792
3006.5,101.5,9.8792
3007.51,99.5,9.8792
3008.51,101.5,9.8792
3009.52,100.5,9.8792
3010.52,103.5,9.8792
3011.53,101.5,9.8792
3012.53,101.5,9.8792
3013.54,128.3,9.8792
3014.54,111.4,9.8792
3015.55,99.5,9.8792
3016.55,102.5,9.8792
3017.56,99.5,9.8792
3018.56,100.5,9.8792
3019.57,101.6,9.8792
3020.57,103.5,9.8792
3021.58,101.5,9.8792
3022.58,100.5,9.8792
3023.59,100.5,9.8792
3024.59,102.5,9.8792
3025.6,121.4,9.8793
3026.6,100.6,9.8793
3027.61,103.5,9.8793
3028.61,100.5,9.8793
3029.62,101.5,9.8793
3030.62,101.5,9.8793
3031.63,100.5,9.8793
3032.63,100.5,9.8793
3033.64,100.5,9.8793
3034.64,100.5,9.8793
3035.65,100.5,9.8793
3036.65,102.5,9.8793
3037.66,107.5,9.8793
3038.66,100.5,9.8793
3039.67,101.5,9.8793
3040.67,100.5,9.8793
3041.68,99.5,9.8793
3042.68,170.1,9.8793
3043.69,146.2,9.8802
3044.69,100.5,9.8802
3045.7,100.5,9.8802
3046.7,101.5,9.8802
3047.71,226.3,9.8805
3048.71,196.0,9.9702
3049.72,102.5,9.9702
3050.72,99.5,9.9702
3051.73,100.5,9.9702
3052.73,103.5,9.9702
3053.74,101.5,9.9702
3054.74,102.5,9.9702
3055.75,100.5,9.9702
3056.75,102.5,9.9702
3057.76,107.5,9.9702
3058.76,100.5,9.9702
3059.77,100.5,9.9702
3060.77,101.5,9.9702
3061.78,99.5,9.9702
3062.78,101.5,9.9702
3063.79,100.5,9.9702
3064.8,104.5,9.9702
3065.8,100.6,9.9702
3066.8,100.5,9.9702
3067.81,100.5,9.9702
3068.81,101.5,9.9702
3069.82,100.5,9.9702
3070.82,103.5,9.9702
3071.83,101.5,9.9702
3072.83,101.5,9.9702
3073.84,99.5,9.9702
3074.84,103.5,9.9702
3075.85,98.5,9.9702
3076.85,101.5,9.9702
3077.86,100.5,9.9702
3078.86,100.5,9.9702
3079.87,101.5,9.9702
3080.88,101.5,9.9702
3081.88,99.5,9.9702
3082.89,103.5,9.9702
3083.89,101.5,9.9702
3084.9,101.5,9.9702
3085.9,101.6,9.9702
3086.9,100.6,9.9702
3087.91,101.5,9.9702
3088.91,101.5,9.9702
3089.92,100.5,9.9702
3090.92,134.4,9.9702
3091.93,103.5,9.9702
3092.93,111.4,9.9702
3093.94,102.5,9.9702
3094.94,103.5,9.9702
3095.95,103.6,9.9702
3096.95,102.5,9.9702
3097.96,107.5,9.9702
3098.96,100.5,9.9702
3099.97,101.5,9.9702
3100.97,100.5,9.9702
3101.98,105.5,9.9702
3102.98,102.5,9.9702
3103.99,100.5,9.9702
3105.0,100.5,9.9702
3106.0,101.5,9.9702
3107.01,109.4,9.9702
3108.01,102.5,9.9702
3109.02,102.5,9.9702
3110.02,314.4,10.147
3111.02,108.7,2.2357
3112.03,331.5,2.5541
3113.03,273.6,2.9068
3114.04,187.0,3.2844
3115.04,204.9,3.6383
3116.05,224.8,4.1238
3117.05,168.2,4.6068
3118.06,142.3,5.1346
3119.07,138.3,5.6668
3120.07,108.5,6.192
3121.07,122.4,6.6419
3122.08,153.5,7.285
3123.08,399.8,8.4738
3124.08,198.4,8.6935
3125.09,359.1,8.696
3126.09,348.0,8.6992
3127.09,327.4,8.7027
3128.1,262.0,8.7038
3129.1,261.7,8.7041
3130.11,107.5,8.7042
3131.11,101.5,8.6992
3132.12,221.9,8.6999
3133.12,168.2,8.7001
3134.13,216.2,8.7005
3135.13,161.2,8.7007
3136.14,264.6,8.7072
3137.14,210.0,8.7041
3138.15,277.6,8.7069
3139.15,153.3,8.7069
3140.16,107.6,8.7071
3141.16,172.1,8.7073
3142.17,248.7,8.7073
3143.17,267.8,8.7113
3144.18,303.5,8.7117
3145.18,292.6,8.7119
3146.19,263.6,8.7121
3147.19,157.2,8.714
3148.2,110.4,8.7141
3149.2,208.9,8.7172
3150.21,134.3,8.7172
3151.21,129.5,8.7104
3152.22,158.2,8.7104
3153.22,108.4,8.7104
3154.23,195.8,8.7108
3155.23,112.4,8.7108
3156.24,114.4,8.7108
3157.24,126.5,8.7108
3158.25,109.5,8.7108
3159.25,104.5,8.7108
3160.26,151.3,8.7108
3161.26,173.1,8.7147
3162.27,101.5,8.7147
3163.27,100.5,8.7147
3164.28,113.5,8.7147
3165.28,101.6,8.7147
3166.29,100.5,8.7147
3167.29,101.5,8.7147
3168.3,116.5,8.7147
3169.3,99.5,8.7147
3170.3,295.1,9.6035
3171.31,142.3,9.674
3172.31,104.5,9.698
3173.32,99.5,9.7669
3174.32,103.5,9.774
3175.33,100.5,9.774
3176.33,101.5,9.7654
3177.34,104.5,9.7654
3178.34,107.5,9.7654
3179.35,101.5,9.7654
3180.35,102.5,9.7654
3181.36,100.5,9.7654
3182.36,99.6,9.7654
3183.37,102.5,9.7654
3184.37,120.4,9.7655
3185.38,105.5,9.7655
3186.38,105.6,9.7655
3187.39,101.5,9.7655
3188.39,99.5,9.7655
3189.4,107.5,9.7655
3190.4,99.5,9.7655
3191.41,101.5,9.7655
3192.41,99.5,9.7655
3193.42,114.4,9.7656
3194.42,101.5,9.7656
3195.43,100.5,9.7656
3196.44,101.5,9.7656
3197.44,99.5,9.7656
3198.45,101.5,9.7656
3199.45,101.5,9.7656
3200.46,101.5,9.7656
3201.46,100.5,9.7656
3202.47,102.5,9.7656
3203.47,104.5,9.7656
3204.48,114.4,9.7656
3205.48,102.5,9.7656
3206.49,105.5,9.7656
3207.49,103.5,9.7656
3208.5,108.5,9.7656
3209.5,119.4,9.7656
3210.51,101.5,9.7656
3211.51,100.5,9.7656
3212.52,100.5,9.7656
3213.52,102.5,9.7656
3214.53,101.5,9.7656
3215.53,101.5,9.7656
3216.54,100.5,9.7656
3217.54,100.5,9.7656
3218.55,120.4,9.7656
3219.55,103.5,9.7656
3220.56,123.4,9.7656
3221.56,98.7,9.7656
3222.56,102.5,9.7656
3223.57,118.5,9.7656
3224.57,122.4,9.7656
3225.58,138.3,9.7656
3226.58,123.6,9.7656
3227.59,106.5,9.7656
3228.59,100.5,9.7656
3229.6,102.5,9.7656
3230.6,99.5,9.7656
3231.61,126.4,9.7659
3232.61,311.4,9.8325
3233.62,105.5,9.8325
3234.62,100.5,9.8325
3235.63,101.5,9.8325
3236.63,100.5,9.8325
3237.64,102.5,9.8325
3238.64,101.5,9.8325
3239.65,190.4,9.8325
3240.65,101.5,9.8325
3241.66,114.4,9.8325
3242.66,110.4,9.8325
3243.67,120.4,9.8325
3244.67,128.3,9.8325
3245.68,102.5,9.8325
3246.68,102.5,9.8325
3247.69,135.3,9.8325
3248.69,119.4,9.8325
3249.7,125.4,9.8325
3250.7,108.5,9.8325
3251.71,105.5,9.8325
3252.71,147.2,9.8325
3253.72,142.3,9.8325
3254.72,101.5,9.8325
3255.73,99.5,9.8325
3256.73,107.5,9.8325
3257.74,107.5,9.8325
3258.74,119.4,9.8325
3259.75,118.4,9.8325
3260.75,104.5,9.8325
3261.76,101.5,9.8325
3262.76,106.5,9.8325
3263.77,101.5,9.8325
3264.77,99.5,9.8325
3265.78,104.5,9.8325
3266.78,128.4,9.8325
3267.79,101.5,9.8325
3268.79,100.5,9.8325
3269.8,101.5,9.8325
3270.8,110.4,9.8325
3271.81,196.4,9.8329
3272.81,258.9,9.9045
3273.82,100.5,9.9045
3274.82,100.5,9.9045
3275.83,101.5,9.9045
3276.83,101.5,9.9045
3277.84,102.5,9.9045
3278.84,104.5,9.9045
3279.85,135.3,9.9045
3280.85,104.5,9.9045
3281.86,103.5,9.9045
3282.86,101.5,9.9045
3283.87,100.5,9.9045
3284.87,101.5,9.9045
3285.88,100.6,9.9045
3286.88,100.5,9.9045
3287.89,126.4,9.9045
3288.89,109.5,9.9045
3289.9,104.5,9.9045
3290.9,122.4,9.9045
3291.91,101.5,9.9045
3292.91,100.5,9.9045
3293.92,135.3,9.9045
3294.92,100.5,9.9045
3295.93,101.5,9.9045
3296.93,101.5,9.9045
3297.94,140.3,9.9059
3298.94,103.5,9.9066
3299.95,100.5,9.9066
3300.95,101.5,9.9066
3301.96,101.5,9.9066
3302.96,100.5,9.9066
3303.97,101.5,9.9066
3304.97,102.5,9.9066
3305.98,100.5,9.9066
3306.98,100.5,9.9066
3307.99,130.3,9.9067
3308.99,100.5,9.9067
3310.0,100.5,9.9067
3311.0,105.5,9.9067
3312.01,99.5,9.9067
3313.02,116.4,9.9067
3314.02,102.5,9.9067
3315.03,99.5,9.9067
3316.03,101.5,9.9067
3317.04,99.5,9.9067
3318.04,102.6,9.9067
3319.05,100.5,9.9067
3320.05,101.5,9.9067
3321.06,120.4,9.9067
3322.06,101.5,9.9067
3323.07,100.5,9.9067
3324.07,101.5,9.9067
3325.08,143.3,9.9067
3326.08,156.2,9.9045
3327.09,100.5,9.9045
3328.09,100.5,9.9045
3329.1,101.6,9.9045
3330.1,104.5,9.9045
3331.11,101.5,9.9045
3332.11,100.6,9.9045
3333.12,323.3,9.9983
3334.12,99.6,9.9983
3335.13,103.5,9.9983
3336.13,100.5,9.9983
3337.14,103.5,9.9984
3338.14,101.5,9.9984
3339.15,99.5,9.9984
3340.15,105.5,9.9985
3341.16,104.5,9.9985
3342.16,100.5,9.9985
3343.17,100.5,9.9985
3344.17,100.5,9.9985
3345.18,100.5,9.9985
3346.18,107.5,9.9985
3347.19,98.5,9.9985
3348.19,103.5,9.9985
3349.2,102.5,9.9985
3350.2,99.5,9.9985
3351.21,101.5,9.9985
3352.21,100.5,9.9985
3353.22,101.5,9.9985
3354.22,104.5,9.9985
3355.23,99.5,9.9985
3356.23,101.5,9.9985
3357.24,102.5,9.9985
3358.24,99.5,9.9985
3359.25,100.5,9.9985
3360.25,100.5,9.9985
3361.26,99.5,9.9985
3362.26,101.5,9.9985
3363.27,101.5,9.9985
3364.27,99.5,9.9985
3365.28,103.5,9.9985
3366.28,104.5,9.9985
3367.29,100.5,9.9985
3368.29,101.5,9.9985
3369.3,119.4,9.9985
3370.3,99.5,9.9985
3371.31,101.5,9.9985
3372.31,101.5,9.9985
3373.32,102.5,9.9985
3374.32,159.2,9.9985
3375.33,124.4,9.9985
3376.33,102.5,9.9985
3377.34,117.4,9.9985
3378.34,102.5,9.9985
3379.35,100.5,9.9985
3380.36,105.5,9.9985
3381.36,108.4,9.9985
3382.37,101.5,9.9985
3383.37,101.5,9.9985
3384.37,101.7,9.9985
3385.38,100.5,9.9985
3386.38,103.5,9.9985
3387.39,101.5,9.9985
3388.39,101.6,9.9985
3389.4,101.5,9.9985
3390.4,101.5,9.9985
3391.4,100.7,9.9985
3392.41,99.8,9.9985
3393.41,101.5,9.9985
3394.42,289.5,10.1765
3395.42,100.5,10.1765
3396.43,101.5,10.1765
3397.43,101.5,10.1765
3398.44,101.5,10.1765
3399.44,99.5,10.1765
3400.45,102.6,10.1765
3401.45,102.5,10.1765
3402.46,99.5,10.1765
3403.46,137.3,10.1765
3404.47,99.5,10.1765
3405.47,101.5,10.1765
3406.47,100.7,10.1765
3407.48,100.6,10.1765
3408.48,100.5,10.1765
3409.49,101.5,10.1765
3410.49,100.7,2.1412
3411.5,298.6,2.3082
3412.5,1.0,2.1463
3413.5,337.0,2.4198
3414.51,308.1,2.5595
3415.51,1.0,2.1304
3416.52,308.4,2.3543
3417.52,315.0,2.5631
3418.53,1.0,2.1183
3419.53,297.5,2.3274
3420.54,316.4,2.5388
3421.54,340.2,2.6522
3422.54,2.0,2.3002
3423.55,325.0,2.5672
3424.55,366.6,2.7684
3425.55,2.0,2.1831
3426.56,335.5,2.4598
3427.56,345.2,2.5756
3428.57,5.0,2.127
3429.57,310.4,2.3456
3430.58,330.9,2.547
3431.58,349.8,2.6813
3432.58,2.0,2.2557
3433.59,326.0,2.5417
3434.59,359.8,2.6653
3435.59,1.0,2.2232
3436.59,312.2,2.5524
3437.6,347.1,2.6564
3438.6,1.0,2.1652
3439.6,345.9,2.4661
3440.61,344.2,2.6054
3441.61,3.0,2.1638
3442.61,328.1,2.3797
3443.62,2.0,2.1882
3444.62,334.5,2.4954
3445.62,369.0,2.7694
3446.63,336.7,3.1622
3447.63,308.4,3.5812
3448.64,302.5,4.0268
3449.64,304.4,4.4967
3450.65,311.5,4.9511
3451.65,302.4,5.4324
3452.66,317.7,5.8559
3453.66,328.0,5.9585
3454.66,332.1,6.2009
3455.67,1.0,2.2747
3456.67,342.0,2.521
3457.67,355.5,2.8894
3458.68,326.3,3.2887
3459.68,310.5,3.7041
3460.69,304.0,4.1396
3461.69,311.5,4.5743
3462.7,309.6,5.031
3463.7,302.5,5.4877
3464.7,317.0,5.8739
3465.71,324.3,6.0029
3466.71,244.7,2.0399
3467.72,1.0,2.3748
3468.72,342.1,2.5992
3469.72,0.0,2.1776
3470.73,336.1,2.5413
3471.73,367.0,2.6796
3472.73,2.0,2.2641
3473.73,330.1,2.5723
3474.74,358.1,2.7368
3475.74,10.0,2.3103
3476.74,343.9,2.5042
3477.75,347.3,2.7758
3478.75,3.0,2.2088
3479.75,352.2,2.4061
3480.76,4482.4,2.2483
3481.76,344.1,2.4223
3482.76,2.0,2.319
3483.77,1.0,2.1465
3484.77,318.1,2.378
3485.77,2.0,2.1622
3486.78,330.4,2.4368
3487.78,324.0,2.5625
3488.78,341.4,2.9176
3489.79,320.3,3.3089
3490.79,304.4,3.7268
3491.8,301.9,4.1486
3492.8,305.9,4.5758
3493.81,301.9,5.0247
3494.81,305.5,5.4681
3495.82,318.5,5.8319
3496.82,334.3,5.9635
3497.82,0.0,2.0491
3498.83,10.0,2.3984
3499.83,351.0,2.5921
3500.84,344.6,2.9427
3501.84,319.4,3.3215
3502.85,305.4,3.7259
3503.85,303.4,4.1608
3504.86,307.4,4.6368
3505.86,307.4,5.1208
3506.87,302.4,5.6234
3507.87,311.6,5.8515
3508.88,326.1,6.0941
3509.88,2.0,2.1674
3510.88,333.5,2.4608
3511.89,318.0,2.5721
3512.9,328.3,2.8389
3513.9,312.6,3.1406
3514.91,313.4,3.4746
3515.91,304.4,3.8833
3516.92,304.7,4.3143
3517.92,317.0,4.7368
3518.92,305.5,5.1891
3519.93,299.5,5.6888
3520.93,332.5,5.9659
3521.94,330.9,6.1323
3522.94,2.0,2.1468
3523.94,295.2,2.3597
3524.95,361.1,2.5802
3525.95,354.9,2.8802
3526.95,2.0,2.2664
3527.96,328.0,2.398
3528.96,2.0,2.2807
3529.96,350.9,2.5211
3530.96,354.9,2.76
3531.97,332.7,3.065
3532.97,315.4,3.37
3533.98,306.6,3.7006
3534.98,303.4,4.0277
3535.99,304.4,4.4734
3536.99,311.4,4.9106
3538.0,302.6,5.3599
3539.0,303.6,5.8121
3540.01,328.3,6.0042
3541.01,329.3,6.1647
3542.02,0.0,2.1504
3543.02,311.2,2.3428
3544.02,3.0,2.186
3545.02,321.0,2.3652
3546.03,2.0,2.1515
3547.03,324.1,2.3493
3548.04,344.5,2.0529
3549.04,0.0,2.3386
3550.04,1.0,2.0544
3551.05,277.6,2.3211
3552.05,317.1,2.4149
3553.05,0.0,2.2692
3554.06,342.1,2.4965
3555.06,353.2,2.8481
3556.07,326.3,3.2489
3557.07,306.4,3.6629
3558.08,309.4,4.0981
3559.08,302.5,4.5332
3560.09,311.7,4.9902
3561.09,331.3,5.176
3562.1,6.0,2.0758
3563.1,6.0,2.3741
3564.1,360.9,2.5162
3565.1,2.0,2.2213
3566.11,319.3,2.4707
3567.11,352.7,2.0881
3568.11,2.0,2.4019
3569.12,1.0,2.1691
3570.12,301.4,2.3979
3571.13,2.0,2.1052
3572.13,278.6,2.3464
3573.13,310.0,2.4871
3574.14,335.4,2.9456
3575.14,6.0,2.2136
3576.15,300.5,2.396
3577.15,2948.5,2.2881
3578.16,300.0,2.4285
3579.16,13.0,2.2826
3580.16,317.1,2.4353
3581.17,351.2,2.6572
3582.17,312.0,2.9325
3583.17,305.5,3.2096
3584.18,309.4,3.4927
3585.18,336.2,3.6981
3586.19,2.0,2.208
3587.19,324.1,2.4076
3588.19,357.0,2.6663
3589.2,351.9,2.9542
3590.2,341.3,3.246
3591.21,1.0,2.2171
3592.21,309.9,2.3991
3593.21,357.9,2.6178
3594.22,358.5,2.8728
3595.22,4.0,2.1806
3596.23,298.2,2.465
3597.23,321.1,2.8606
3598.23,312.4,3.2668
3599.24,224.8,3.753
3600.24,153.3,4.2839
3601.25,176.4,4.6158
3602.25,366.0,4.8355
3603.25,327.4,5.1982
3604.26,332.3,5.401
3605.26,279.6,5.4497
3606.27,119.4,5.5087
3607.28,292.5,5.5987
3608.28,304.5,5.7084
3609.29,278.5,5.8018
3610.29,290.5,5.895
3611.29,270.0,5.9872
3612.3,240.8,6.0344
3613.3,102.6,6.0838
3614.31,101.5,6.1305
3615.31,166.1,6.1918
3616.32,301.4,6.273
3617.32,216.0,6.3499
3618.33,276.6,6.442
3619.33,290.5,6.5358
3620.34,268.6,6.615
3621.34,261.8,6.6936
3622.35,198.9,6.7503
3623.36,243.7,6.832
3624.36,265.6,6.9069
3625.37,192.0,6.9717
3626.37,226.8,7.0737
3627.38,285.5,7.8733
3628.38,249.7,7.9014
3629.39,230.0,7.9024
3630.39,106.5,7.9026
3631.4,115.4,7.9028
3632.4,99.6,7.9028
3633.41,117.4,7.9029
3634.41,149.2,7.9029
3635.42,147.2,7.9029
3636.42,143.4,7.9029
3637.43,104.5,7.9029
3638.43,106.5,7.9029
3639.43,145.5,7.9029
3640.44,135.4,7.9029
3641.44,107.4,7.9029
3642.45,115.5,7.9029
3643.45,117.4,7.9029
3644.46,107.4,7.9029
3645.46,104.5,7.9031
3646.47,150.2,7.9031
3647.47,128.3,7.9031
3648.48,148.2,7.9031
3649.48,120.4,7.9113
3650.49,150.3,7.9869
3651.49,185.2,8.0031
3652.5,103.5,8.0031
3653.5,118.4,8.0031
3654.51,101.5,8.0031
3655.51,101.5,8.0031
3656.52,123.4,8.0031
3657.52,139.3,8.0032
3658.53,151.3,8.0032
3659.53,121.4,8.0032
3660.54,128.4,8.0032
3661.54,110.4,8.0032
3662.55,144.3,8.0033
3663.55,107.4,8.0033
3664.56,107.4,8.0033
3665.56,112.6,8.0033
3666.57,100.5,8.0033
3667.57,144.2,8.0033
3668.58,182.0,8.0033
3669.58,173.1,8.0033
3670.59,105.5,8.0033
3671.59,186.0,8.0034
3672.6,259.2,8.2657
3673.6,293.5,8.7963
3674.61,119.4,8.8634
3675.61,134.3,8.8955
3676.62,141.3,8.8958
3677.62,172.2,8.8958
3678.63,114.4,8.8958
3679.63,101.5,8.8958
3680.64,205.9,8.8958
3681.64,245.7,8.8958
3682.65,103.5,8.8958
3683.65,121.4,8.8958
3684.66,99.5,8.8958
3685.66,123.4,8.8958
3686.67,202.0,8.8958
3687.67,206.9,8.8958
3688.68,111.4,8.8958
3689.68,100.5,8.8958
3690.69,103.5,8.8959
3691.69,110.4,8.8959
3692.7,119.4,8.8959
3693.7,166.2,8.8959
3694.71,116.4,8.8959
3695.71,101.5,8.8959
3696.72,104.5,8.8959
3697.72,103.5,8.8959
3698.73,122.4,8.8959
3699.73,100.5,8.8959
3700.74,103.5,8.8959
3701.74,102.5,8.8959
3702.75,101.5,8.8959
3703.75,108.4,8.8959
3704.76,103.5,8.8959
3705.76,104.5,8.8959
3706.77,101.6,8.8959
3707.77,102.5,8.8959
3708.78,100.5,8.8959
3709.78,101.5,8.8959
3710.79,102.5,8.8959
3711.79,102.5,8.8959
3712.8,99.5,8.8959
3713.8,103.5,8.8959
3714.81,104.5,8.8959
3715.81,118.4,8.8959
3716.82,126.4,8.896
3717.83,119.4,8.8961
3718.83,101.5,8.8961
3719.84,116.4,8.8961
3720.84,102.5,8.8961
3721.85,106.5,8.8961
3722.85,279.6,9.0237
3723.86,110.4,9.0237
3724.86,103.5,9.0237
3725.87,101.5,9.0237
3726.87,101.5,9.0237
3727.88,100.5,9.0237
3728.88,106.5,9.0237
3729.89,107.4,9.0237
3730.89,100.5,9.0237
3731.9,100.5,9.0237
3732.9,103.5,9.0237
3733.91,101.5,9.0237
3734.91,104.5,9.0237
3735.92,103.5,9.0237
3736.92,100.6,9.0237
3737.93,100.5,9.0237
3738.93,99.5,9.0237
3739.94,100.5,9.0237
3740.94,106.5,9.0237
3741.95,101.5,9.0237
3742.95,116.4,9.0237
3743.96,101.5,9.0237
3744.96,102.5,9.0237
3745.97,113.4,9.0237
3746.97,110.5,9.0237
3747.98,114.5,9.0237
3748.98,101.5,9.0237
3749.99,100.5,9.0237
3750.99,100.5,9.0237
3752.0,104.5,9.0237
3753.0,99.5,9.0237
3754.01,103.5,9.0237
3755.01,100.5,9.0237
3756.02,100.5,9.0237
3757.02,101.5,9.0237
3758.03,100.5,9.0237
3759.03,102.5,9.0237
3760.04,100.5,9.0237
3761.04,102.5,9.0237
3762.05,101.5,9.0237
3763.05,100.5,9.0237
3764.06,100.5,9.0237
3765.06,101.5,9.0237
3766.07,101.6,9.0237
3767.07,100.5,9.0237
3768.08,100.5,9.0237
3769.08,308.4,9.2578
3770.09,106.5,9.2578
3771.09,103.5,9.2578
3772.1,100.5,9.2578
3773.1,100.5,9.2578
3774.11,100.5,9.2578
3775.11,132.3,9.2578
3776.12,113.4,9.2578
3777.12,133.4,9.2578
3778.13,100.5,9.2578
3779.13,102.5,9.2578
3780.14,100.5,9.2578
3781.15,101.5,9.2578
3782.15,108.5,9.2578
3783.16,101.5,9.2578
3784.16,100.5,9.2578
3785.17,128.4,9.2578
3786.17,100.5,9.2578
3787.18,99.5,9.2578
3788.18,101.5,9.2578
3789.19,131.3,9.2578
3790.19,104.5,9.2578
3791.2,101.5,9.2578
3792.2,101.5,9.2578
3793.21,101.5,9.2578
3794.21,99.5,9.2578
3795.22,101.5,9.2578
3796.22,100.5,9.2578
3797.23,100.5,9.2578
3798.23,100.5,9.2578
3799.24,101.5,9.2578
3800.24,102.5,9.2578
3801.25,101.5,9.2578
3802.25,320.3,9.5714
3803.26,98.5,9.5714
3804.26,101.5,9.5714
3805.27,100.5,9.5714
3806.27,100.5,9.5714
3807.28,101.5,9.5714
3808.28,108.7,9.5714
3809.28,293.5,9.5718
3810.29,187.1,9.5718
3811.29,253.0,9.5719
3812.3,128.5,9.5719
3813.3,215.9,9.572
3814.31,241.7,2.1034
3815.31,0.0,2.2355
3816.31,314.1,2.4107
3817.32,347.0,2.6092
3818.32,358.8,2.7945
3819.32,2.0,2.2059
3820.33,314.0,2.4071
3821.33,365.0,2.6399
3822.34,362.2,2.9151
3823.34,2.0,2.2734
3824.34,344.3,2.6339
3825.35,307.5,3.0771
3826.35,235.8,3.5382
3827.36,153.2,4.0347
3828.36,169.1,4.5189
3829.37,275.3,4.6855
3830.37,350.2,4.9674
3831.38,315.4,5.2384
3832.38,329.3,5.3271
3833.39,310.4,5.4376
3834.39,203.7,5.4807
3835.4,275.5,5.5787
3836.4,281.7,5.6738
3837.41,285.6,5.7772
3838.41,301.5,5.8693
3839.42,231.8,5.9456
3840.42,267.7,6.0309
3841.43,105.5,6.0814
3842.43,102.5,6.1312
3843.44,146.2,6.1934
3844.44,211.9,6.2761
3845.45,258.8,6.3637
3846.45,304.4,6.4648
3847.46,300.5,6.5779
3848.46,282.6,6.6494
3849.47,294.4,6.7262
3850.47,296.7,6.8033
3851.48,242.7,6.8807
3852.48,172.2,6.9654
3853.49,258.7,7.0645
3854.49,312.8,7.8421
3855.5,250.9,7.9075
3856.5,245.7,7.961
3857.51,111.4,7.9611
3858.51,127.3,7.9559
3859.52,110.5,7.9559
3860.52,134.3,7.956
3861.53,139.3,7.956
3862.53,169.2,7.956
3863.54,105.5,7.956
3864.54,115.6,7.956
3865.54,138.4,7.956
3866.55,143.3,7.956
3867.55,116.4,7.9562
3868.56,115.4,7.9562
3869.56,102.5,7.9562
3870.57,136.3,7.9562
3871.57,132.3,7.9564
3872.58,123.4,7.9564
3873.58,149.2,7.9564
3874.59,125.4,7.9564
3875.6,139.3,7.9733
3876.6,102.5,8.0564
3877.61,127.4,8.0565
3878.61,112.4,8.0565
3879.62,102.5,8.0565
3880.62,113.4,8.0565
3881.63,164.2,8.0567
3882.63,117.4,8.0567
3883.64,147.2,8.0567
3884.64,129.3,8.0567
3885.65,157.2,8.0567
3886.65,111.4,8.0567
3887.66,123.4,8.0567
3888.66,122.4,8.0567
3889.67,131.3,8.0567
3890.67,111.5,8.0568
3891.68,159.2,8.0582
3892.68,116.4,8.0582
3893.69,104.5,8.0582
3894.69,207.1,8.0583
3895.7,114.4,8.0584
3896.7,252.2,8.7071
3897.71,173.2,8.8542
3898.71,157.2,8.9022
3899.72,120.4,8.9022
3900.72,178.1,8.9022
3901.73,103.5,8.9022
3902.73,126.4,8.9022
3903.74,200.0,8.9032
3904.74,115.5,8.9032
3905.75,109.4,8.9032
3906.75,100.5,8.9032
3907.76,102.5,8.9032
3908.76,103.5,8.9032
3909.77,100.5,8.9032
3910.77,100.5,8.9032
3911.78,103.5,8.9032
3912.78,101.5,8.9032
3913.79,188.0,8.9081
3914.79,118.4,8.9081
3915.8,107.4,8.9081
3916.8,107.4,8.9081
3917.81,99.5,8.9081
3918.81,105.5,8.9081
3919.82,112.4,8.9081
3920.82,108.4,8.9081
3921.83,101.5,8.9081
3922.83,105.5,8.9081
3923.84,100.5,8.9009
3924.84,113.4,8.9009
3925.85,101.5,8.9009
3926.85,111.4,8.9009
3927.86,100.5,8.9009
3928.86,101.5,8.9009
3929.87,100.5,8.9009
3930.87,105.5,8.9009
3931.88,99.5,8.9009
3932.88,102.5,8.9009
3933.89,101.5,8.9009
3934.89,114.5,8.9009
3935.9,103.5,8.9009
3936.9,101.6,8.9009
3937.91,105.5,8.9009
3938.91,119.4,8.9009
3939.92,105.5,8.9009
3940.92,100.5,8.9009
3941.93,281.5,9.0319
3942.93,106.5,9.0319
3943.94,100.5,9.0319
3944.94,102.5,9.0319
3945.95,100.5,9.0319
3946.96,99.5,9.0319
3947.96,103.5,9.0319
3948.97,102.5,9.0319
3949.97,105.5,9.0319
3950.98,101.5,9.0319
3951.98,103.5,9.0319
3952.99,100.5,9.0319
3953.99,100.5,9.0319
3955.0,101.5,9.0319
3956.0,100.5,9.0319
3957.01,119.6,9.0319
3958.01,111.4,9.0319
3959.02,132.3,9.0319
3960.02,101.5,9.0319
3961.03,100.5,9.0319
3962.03,120.4,9.0319
3963.04,100.5,9.0319
3964.04,109.5,9.0319
3965.05,101.5,9.0319
3966.05,101.5,9.0319
3967.06,101.5,9.0319
3968.06,102.5,9.0319
3969.07,106.5,9.0319
3970.07,99.5,9.0319
3971.08,101.5,9.0319
3972.08,101.5,9.0319
3973.09,101.5,9.0319
3974.09,100.2,9.0319
3975.1,100.5,9.0319
3976.1,101.5,9.0319
3977.11,101.5,9.0319
3978.12,100.5,9.0319
3979.12,100.5,9.0319
3980.13,102.5,9.0319
3981.13,100.5,9.0319
3982.14,103.5,9.0319
3983.14,100.5,9.0319
3984.15,319.3,9.2659
3985.15,107.4,9.2659
3986.16,102.5,9.2659
3987.16,113.5,9.2661
3988.17,101.6,9.2661
3989.17,102.5,9.2661
3990.18,143.3,9.2661
3991.18,104.4,9.2661
3992.19,100.5,9.2661
3993.19,112.4,9.2662
3994.2,101.5,9.2662
3995.2,100.5,9.2662
3996.21,102.5,9.2662
3997.21,100.5,9.2662
3998.22,106.5,9.2662
3999.22,99.5,9.2662
4000.23,102.5,9.2662
4001.23,100.5,9.2662
4002.24,101.5,9.2662
4003.24,100.5,9.2662
4004.25,105.5,9.2662
4005.25,101.5,9.2662
4006.26,108.4,9.2662
4007.26,100.7,9.2662
4008.27,100.5,9.2662
4009.27,100.5,9.2662
4010.28,100.5,9.2662
4011.28,101.5,9.2662
4012.29,100.5,9.2662
4013.29,101.7,9.2662
4014.29,100.5,9.2662
4015.3,205.4,9.3053
4016.3,177.1,9.5449
4017.31,100.5,9.5449
4018.31,100.6,9.5449
4019.32,130.6,9.5449
4020.32,101.5,9.5449
4021.33,99.5,9.5449
4022.33,182.3,9.545
4023.33,293.6,9.5455
4024.34,2.0,2.2045
4025.34,307.4,2.39
4026.35,338.9,2.5295
4027.35,362.0,2.7111
4028.36,326.4,2.9158
4029.36,2.0,2.2235
4030.36,301.2,2.4011
4031.36,347.9,2.5786
4032.37,359.2,2.7654
4033.37,338.2,3.0262
4034.38,1.0,2.275
4035.38,303.5,2.443
4036.39,357.9,2.6379
4037.39,354.9,2.8568
4038.39,286.6,2.1103
4039.4,3474.7,2.3868
4040.4,311.1,2.5341
4041.4,365.5,2.718
4042.41,337.6,2.9536
4043.41,2.0,2.2251
4044.41,321.2,2.421
4045.42,355.1,2.6434
4046.42,363.0,2.8902
4047.42,2.0,2.2395
4048.42,319.1,2.4074
4049.43,355.9,2.6149
4050.43,363.8,2.8529
4051.43,3.0,2.2132
4052.44,326.0,2.4164
4053.44,348.0,2.65
4054.44,358.4,2.9055
4055.45,1.0,2.2404
4056.45,323.2,2.4132
4057.45,348.1,2.6137
4058.46,359.8,2.8017
4059.46,2.0,2.2233
4060.46,327.0,2.4313
4061.47,363.0,2.6715
4062.47,354.1,2.9571
4063.47,2.0,2.3003
4064.48,316.9,2.4885
4065.48,358.1,2.6687
4066.48,346.5,2.8923
4067.49,337.7,3.1139
4068.49,16.9,2.3408
4069.49,337.0,2.5479
4070.5,363.2,2.7839
4071.5,348.2,3.0806
4072.5,3.0,2.3332
4073.51,283.6,2.5006
4074.51,364.1,2.7211
4075.52,348.2,2.9489
4076.52,2.0,2.2983
4077.53,315.0,2.475
4078.53,355.9,2.6847
4079.53,364.9,2.931
4080.53,3.0,2.3429
4081.54,329.3,2.5055
4082.54,368.0,2.7207
4083.54,351.1,3.0094
4084.55,5.0,2.2743
4085.55,306.4,2.4646
4086.56,331.1,2.6295
4087.56,359.4,2.8087
4088.57,327.3,3.018
4089.57,21.9,2.2763
4090.58,314.3,2.4691
4091.58,354.0,2.6666
4092.58,352.4,2.8545
4093.59,341.3,3.0802
4094.6,3.0,2.4588
4095.6,341.0,2.6143
4096.6,354.0,2.8031
4097.6,328.0,3.0217
4098.61,1.0,2.3782
4099.61,303.1,2.5458
4100.61,358.3,2.722
4101.62,350.3,2.9372
4102.62,1.0,2.2754
4103.63,297.5,2.4462
4104.63,347.9,2.5616
4105.63,3.0,2.3325
4106.63,305.3,2.4906
4107.64,352.9,2.7003
4108.64,358.2,2.8908
4109.65,327.0,2.1737
4110.65,2627.6,2.4063
4111.65,313.1,2.5094
4112.66,1444.1,2.2846
4113.66,309.0,2.4599
4114.66,360.0,2.5793
4115.67,0.0,2.261
4116.67,305.2,2.4775
4117.68,336.9,2.6812
4118.68,364.9,2.8222
4119.68,338.4,3.0219
4120.69,322.3,3.2336
4121.69,316.1,3.4622
4122.7,5.0,2.317
4123.7,307.2,2.4806
4124.7,363.9,2.6504
4125.71,1.0,2.4211
4126.71,330.0,2.5464
4127.71,2.0,2.2757
4128.72,296.0,2.4485
4129.72,354.9,2.5981
4130.72,6.0,2.3058
4131.73,316.1,2.4607
4132.73,5.0,2.2745
4133.74,294.5,2.4474
4134.74,348.9,2.5593
4135.75,1.0,2.366
4136.75,312.0,2.4909
4137.75,3.0,2.3557
4138.75,310.3,2.5
4139.76,301.5,2.5913
4140.76,182.5,2.654
4141.77,304.5,2.8699
4142.77,1.0,2.4151
4143.77,317.0,2.5257
4144.78,318.6,2.6662
4145.78,4.0,2.2899
4146.79,291.6,2.459
4147.79,1.0,2.2754
4148.79,314.2,2.4558
4149.8,0.0,2.2859
4150.8,333.1,2.4678
4151.81,358.7,2.6503
4152.81,2.0,2.4159
4153.81,332.0,2.5258
4154.82,1.0,2.4036
4155.82,302.4,2.529
4156.82,3.0,2.1801
4157.83,1.0,2.4453
4158.83,315.0,2.5471
4159.83,5.0,2.3216
4160.84,294.1,2.4908
4161.84,355.3,2.6773
4162.85,324.3,2.9242
4163.85,322.4,2.1807
4164.86,2.0,2.4394
4165.86,333.1,2.5513
4166.86,339.3,2.7872
4167.87,336.0,3.0093
4168.87,3525.5,2.3145
4169.87,341.3,2.583
4170.88,338.9,2.6817
4171.88,332.3,2.8596
4172.89,320.4,3.0834
4173.89,2.0,2.3277
4174.89,316.1,2.4854
4175.9,2.0,2.3927
4176.9,331.9,2.6032
4177.91,355.6,2.7473
4178.91,350.2,2.9715
4179.92,312.4,2.1885
4180.92,2.0,2.427
4181.92,297.1,2.5443
4182.93,337.3,2.7748
4183.93,331.8,2.9891
4184.93,1.0,2.3362
4185.94,324.0,2.4946
4186.94,1.0,2.297
4187.95,329.6,2.513
4188.95,335.0,2.6311
4189.95,346.5,2.7954
4190.96,319.4,2.1928
4191.96,2.0,2.4429
4192.97,349.0,2.6098
4193.97,360.2,2.758
4194.98,340.4,2.98
4195.98,1.0,2.3367
4196.98,334.0,2.5895
4197.98,351.9,2.7095
4198.99,337.6,2.9221
4199.99,4.0,2.3164
4200.99,347.4,2.5811
4202.0,369.0,2.7698
4203.0,1.0,2.3176
4204.0,344.3,2.5855
4205.01,372.9,2.722
4206.01,330.4,2.2037
4207.01,1.0,2.5157
4208.02,355.7,2.6612
4209.02,346.9,2.863
4210.02,1.0,2.3471
4211.03,325.4,2.5798
4212.03,357.0,2.7002
4213.04,343.3,2.9102
4214.04,3465.2,2.3522
4215.04,315.4,2.5845
4216.05,351.9,2.6962
4217.05,337.4,2.9088
4218.05,1.0,2.4532
4219.06,348.5,2.2112
4220.06,2.0,2.479
4221.06,345.1,2.6439
4222.07,353.9,2.8054
4223.07,331.7,3.0107
4224.08,2.0,2.358
4225.08,337.1,2.5918
4226.08,358.9,2.7327
4227.08,345.4,2.9962
4228.09,2.0,2.4456
4229.09,322.1,2.6122
4230.09,351.1,2.7842
4231.1,277.0,3.1743
4232.1,292.6,3.6057
4233.11,301.5,4.1102
4234.11,300.5,4.6019
4235.12,295.5,5.0983
4236.12,263.8,5.5687
4237.12,10.0,2.3775
4238.13,340.1,2.5748
4239.13,351.0,2.7588
4240.13,5.0,2.3309
4241.14,333.1,2.6002
4242.14,351.2,2.7575
4243.14,2.0,2.3475
4244.15,314.0,2.5563
4245.15,369.9,2.7575
4246.15,1.0,2.3849
4247.15,322.3,2.5686
4248.16,368.0,2.7541
4249.16,2.0,2.3542
4250.16,327.2,2.5671
4251.17,372.4,2.7921
4252.17,0.0,2.3432
4253.17,345.0,2.5619
4254.18,363.9,2.7604
4255.18,311.6,2.2221
4256.18,2.0,2.4771
4257.19,347.5,2.6359
4258.19,357.5,2.8203
4259.19,3.0,2.3796
4260.2,335.0,2.5569
4261.2,373.8,2.7926
4262.2,345.0,3.0917
4263.21,2.0,2.4017
4264.21,335.0,2.567
4265.21,372.9,2.7514
4266.22,340.7,3.0014
4267.22,2.0,2.3346
4268.22,306.8,2.5014
4269.23,351.9,2.6339
4270.23,2.0,2.4404
4271.23,301.1,2.5582
4272.24,0.0,2.353
4273.24,335.8,2.5526
4274.25,367.5,2.7221
4275.25,1.0,2.3339
4276.25,331.0,2.5507
4277.25,361.9,2.6988
4278.26,0.0,2.3186
4279.26,283.8,2.4797
4280.27,341.9,2.5998
4281.27,1.0,2.4469
4282.27,327.1,2.581
4283.28,361.9,2.7663
4284.28,0.0,2.3535
4285.28,344.7,2.569
4286.28,365.9,2.7372
4287.29,307.5,2.8734
4288.29,1.0,2.3851
4289.3,295.1,2.5611
4290.3,370.9,2.7402
4291.3,1.0,2.3557
4292.31,302.5,2.5495
4293.31,364.9,2.7208
4294.31,1.0,2.3465
4295.32,333.0,2.5444
4296.32,355.8,2.7125
4297.32,2.0,2.3536
4298.33,315.6,2.5515
4299.33,365.0,2.7048
4300.34,2.0,2.4405
4301.34,350.9,2.5953
4302.34,352.2,2.7978
4303.35,2.0,2.4143
4304.35,307.1,2.5472
4305.35,348.2,2.7105
4306.36,2.0,2.3523
4307.36,313.2,2.5057
4308.37,1.0,2.3253
4309.37,322.0,2.5023
4310.37,1.0,2.336
4311.37,345.2,2.5403
4312.38,366.1,2.7337
4313.38,320.6,2.9641
4314.39,0.0,2.3191
4315.39,312.0,2.536
4316.39,345.1,2.6957
4317.4,369.9,2.9063
4318.4,325.8,3.0668
4319.4,2.0,2.3865
4320.41,295.4,2.5374
4321.41,4131.5,2.3714
4322.41,326.2,2.5551
4323.41,2.0,2.3707
4324.42,340.1,2.5548
4325.42,2.0,2.4196
4326.42,305.1,2.5443
4327.43,1.0,2.429
4328.43,328.0,2.5957
4329.44,1.0,2.3042
4330.44,309.1,2.5058
4331.44,2.0,2.3727
4332.44,310.1,2.5275
4333.45,1.0,2.4718
4334.45,318.1,2.6073
4335.46,335.3,2.8441
4336.46,332.0,3.0542
4337.46,1.0,2.3424
4338.46,325.2,2.5286
4339.47,345.4,2.6889
4340.47,333.4,2.9329
4341.48,314.4,2.2235
4342.48,1.0,2.4794
4343.48,321.0,2.6088
4344.49,338.3,2.8922
4345.5,323.3,2.224
4346.5,5.0,2.4593
4347.5,294.5,2.2362
4348.51,1.0,2.4945
4349.51,352.9,2.6394
4350.51,350.2,2.8728
4351.52,336.0,3.0753
4352.52,5.0,2.3866
4353.52,315.3,2.5378
4354.52,2.0,2.3769
4355.53,350.1,2.5684
4356.53,2.0,2.4825
4357.54,305.4,2.7289
4358.54,361.9,2.8982
4359.55,337.3,3.1642
4360.55,318.3,3.4785
4361.56,314.5,3.8211
4362.56,308.6,4.1509
4363.57,307.4,4.4801
4364.57,305.4,4.813
4365.58,305.5,5.1409
4366.58,315.5,5.4678
4367.59,313.3,5.7721
4368.59,233.5,6.0954
4369.59,173.6,6.4058
4370.59,150.6,6.6968
4371.6,155.3,6.9913
4372.6,259.3,7.3653
4373.6,334.5,7.4944
4374.61,303.4,7.5015
4375.61,260.7,7.6017
4376.62,2.0,2.304
4377.62,303.3,2.5145
4378.63,3.0,2.3295
4379.63,285.6,2.506
4380.64,1.0,2.3455
4381.64,310.4,2.5392
4382.65,324.7,2.6739
4383.65,324.7,2.9554
4384.66,2.0,2.3356
4385.66,300.4,2.5306
4386.66,341.0,2.6816
4387.67,339.4,2.9799
4388.67,4256.5,2.3754
4389.67,351.1,2.5765
4390.67,363.0,2.7944
4391.68,2.0,2.445
4392.68,343.0,2.6197
4393.68,349.0,2.8384
4394.69,1.0,2.3801
4395.69,322.1,2.5478
4396.69,356.1,2.7123
4397.69,2.0,2.3592
4398.7,327.1,2.5489
4399.7,356.2,2.7273
4400.71,289.5,2.8495
4401.71,289.5,2.2448
4402.72,0.0,2.506
4403.72,337.9,2.6075
4404.72,349.9,2.7898
4405.73,0.0,2.3711
4406.73,344.0,2.5655
4407.73,360.2,2.7425
4408.74,18.9,2.3799
4409.74,349.1,2.6183
4410.74,341.9,2.2486
4411.75,2.0,2.5029
4412.75,301.4,2.7005
4413.75,363.5,2.8903
4414.76,328.3,3.139
4415.76,313.4,3.3941
4416.77,329.2,3.6456
4417.77,0.0,2.4416
4418.78,325.1,2.6918
4419.78,362.0,2.884
4420.78,337.5,3.1531
4421.79,316.4,3.3875
4422.79,3356.4,2.4258
4423.8,339.0,2.7055
4424.8,374.7,2.859
4425.8,331.3,3.0651
4426.81,324.3,3.2775
4427.81,323.3,3.4927
4428.82,1.0,2.3418
4429.82,310.3,2.5587
4430.83,327.0,2.7489
4431.83,367.5,2.9442
4432.83,326.3,3.2213
4433.84,314.4,3.4728
4434.84,1.0,2.3377
4435.85,300.9,2.5379
4436.85,2.0,2.3396
4437.86,292.5,2.5227
4438.86,1.0,2.3591
4439.86,324.1,2.5466
4440.87,1.0,2.3771
4441.87,324.4,2.5561
4442.88,0.0,2.3791
4443.88,352.1,2.5645
4444.88,2198.9,2.364
4445.88,311.1,2.5413
4446.89,1.0,2.3663
4447.89,333.0,2.5454
4448.9,2.0,2.382
4449.9,298.2,2.542
4450.9,1.0,2.353
4451.91,318.2,2.57
4452.91,355.1,2.7926
4453.92,308.5,3.1263
4454.92,327.3,3.4156
4455.92,3.0,2.3577
4456.93,339.4,2.6801
4457.93,355.0,2.8097
4458.93,336.9,2.9758
4459.94,312.4,3.1722
4460.94,321.3,3.3793
4461.95,292.6,3.4932
4462.95,195.0,4.0242
4463.96,126.3,4.6483
4464.96,2.0,2.3932
4465.97,334.9,2.6125
4466.97,373.1,2.7777
4467.97,1.0,2.4309
4468.98,344.9,2.6691
4469.98,2.0,2.3336
4470.98,294.3,2.5211
4471.99,3.0,2.4669
4472.99,322.7,2.8693
4473.99,308.5,3.291
4475.0,347.9,3.4281
4476.0,337.3,3.684
4477.01,333.3,3.8354
4478.01,308.4,3.9856
4479.02,296.5,4.1665
4480.02,291.5,4.3174
4481.03,295.5,4.4771
4482.03,308.4,4.6963
4483.04,305.4,4.8454
4484.05,294.0,4.9643
4485.05,304.4,5.1267
4486.06,301.5,5.2665
4487.06,309.4,5.4164
4488.07,304.5,5.5937
4489.07,309.4,5.7695
4490.08,302.4,5.8669
4491.08,176.1,5.9688
4492.09,225.2,6.1089
4493.09,301.4,6.2619
4494.09,279.1,6.3806
4495.1,249.7,6.5122
4496.1,224.8,6.6715
4497.11,200.9,6.7975
4498.11,237.8,6.9223
4499.12,218.9,7.0702
4500.12,155.2,7.1965
4501.13,219.9,7.6508
4502.14,129.3,7.7028
4503.14,152.3,7.7028
4504.15,215.9,7.7028
4505.15,151.3,7.7028
4506.15,125.3,7.7028
4507.16,173.1,7.7028
4508.17,109.4,7.7028
4509.17,115.4,7.7028
4510.17,112.5,7.7028
4511.18,190.3,7.7029
4512.18,0.0,2.35
4513.19,321.4,2.5746
4514.19,307.1,2.663
4515.19,354.6,2.8631
4516.2,333.3,3.0504
4517.2,311.5,3.2635
4518.21,307.4,3.4905
4519.21,321.3,3.7248
4520.22,2.0,2.4018
4521.22,340.0,2.69
4522.22,365.9,2.8837
4523.23,326.2,3.0535
4524.23,328.0,3.2894
4525.23,2.0,2.3333
4526.24,297.4,2.55
4527.24,312.2,2.7118
4528.25,362.2,2.9103
4529.25,335.4,3.1709
4530.26,1.0,2.3581
4531.26,309.1,2.5423
4532.26,356.1,2.7757
4533.27,0.0,2.4236
4534.27,335.1,2.6129
4535.27,354.4,2.8436
4536.28,1.0,2.4425
4537.28,316.0,2.7099
4538.28,370.0,2.8552
4539.29,340.9,3.0591
4540.29,331.3,3.3405
4541.29,1.0,2.4816
4542.3,332.1,2.7133
4543.3,362.2,2.9134
4544.31,336.4,3.1574
4545.31,2.0,2.3307
4546.31,296.3,2.5318
4547.32,299.1,2.7077
4548.32,353.9,2.9179
4549.32,339.0,3.15
4550.33,2.0,2.3297
4551.33,289.5,2.521
4552.34,325.7,2.7028
4553.34,2.0,2.3644
4554.35,339.2,2.6714
4555.35,339.3,2.7828
4556.36,338.3,3.0145
4557.36,327.4,3.2746
4558.36,3.0,2.3975
4559.37,348.0,2.6469
4560.37,352.3,2.7478
4561.37,352.2,2.9092
4562.38,314.4,3.1108
4563.38,321.0,3.325
4564.39,2.0,2.5056
4565.39,321.0,2.6487
4566.39,351.0,2.8637
4567.4,345.0,3.0535
4568.4,328.5,3.2985
4569.4,2.0,2.3882
4570.41,314.2,2.5511
4571.41,2.0,2.5248
4572.41,2.0,2.3645
4573.42,333.9,2.5655
4574.42,3383.1,2.4012
4575.42,349.0,2.5708
4576.43,1.0,2.354
4577.43,305.1,2.5251
4578.44,325.4,2.6288
4579.44,2.0,2.4917
4580.45,317.8,2.5978
4581.45,3.0,2.4414
4582.45,309.2,2.583
4583.46,0.0,2.3799
4584.46,336.0,2.5628
4585.46,2.0,2.3673
4586.47,332.9,2.5556
4587.47,1.0,2.3659
4588.47,345.0,2.5567
4589.47,0.0,2.3832
4590.48,336.0,2.5614
4591.48,1.0,2.3839
4592.48,331.4,2.5432
4593.49,365.6,2.7459
4594.49,2.0,2.4151
4595.49,301.4,2.5726
4596.5,2.0,2.3408
4597.5,295.5,2.528
4598.5,340.9,2.634
4599.51,3.0,2.4407
4600.51,318.0,2.5797
4601.52,21.9,2.3783
4602.52,305.4,2.5546
4603.52,327.1,2.6684
4604.53,2.0,2.4715
4605.53,339.0,2.6132
4606.53,1.0,2.4036
4607.54,305.4,2.5764
4608.54,367.1,2.7117
4609.55,0.0,2.4714
4610.55,315.1,2.6168
4611.55,2.0,2.3882
4612.56,296.5,2.5551
4613.56,339.9,2.6994
4614.57,1.0,2.3129
4615.57,288.5,2.552
4616.58,312.7,2.6608
4617.58,2.0,2.4302
4618.58,312.2,2.5864
4619.59,347.3,2.7326
4620.59,3.0,2.5174
4621.59,347.3,2.6284
4622.6,1.0,2.4681
4623.6,309.1,2.6067
4624.6,358.3,2.8025
4625.61,3.0,2.469
4626.61,309.4,2.6063
4627.61,358.5,2.8041
4628.62,1.0,2.4059
4629.62,319.0,2.5754
4630.63,3.0,2.3918
4631.63,309.0,2.5645
4632.64,1.0,2.3204
4633.64,289.7,2.5457
4634.64,313.2,2.6511
4635.65,1.0,2.5006
4636.65,304.1,2.6183
4637.65,353.0,2.8173
4638.65,2.0,2.5016
4639.66,1.0,2.3819
4640.66,293.8,2.5566
4641.67,3.0,2.4435
4642.67,293.1,2.5762
4643.67,360.1,2.7618
4644.67,3.0,2.436
4645.68,299.1,2.5813
4646.68,356.9,2.7813
4647.68,6.0,2.339
4648.69,299.1,2.5447
4649.69,322.1,2.6524
4650.69,356.8,2.8653
4651.7,3166.9,2.4108
4652.7,296.8,2.5702
4653.7,355.0,2.7386
4654.71,1.0,2.4481
4655.71,332.0,2.6226
4656.71,2.0,2.4024
4657.71,339.1,2.6064
4658.72,363.9,2.8785
4659.72,2919.0,2.4869
4660.72,321.0,2.6624
4661.73,343.4,2.9375
4662.73,344.8,3.141
4663.73,4.0,2.4446
4664.74,308.4,2.611
4665.74,355.3,2.8466
4666.75,335.2,3.1248
4667.75,1.0,2.4494
4668.75,289.4,2.5942
4669.76,367.9,2.7784
4670.76,2.0,2.5168
4671.76,314.1,2.6412
4672.77,2.0,2.2981
4673.77,302.4,2.5702
4674.78,339.8,2.6992
4675.78,1.0,2.3748
4676.79,306.0,2.572
4677.79,312.2,2.6785
4678.79,1449.3,2.4817
4679.8,331.0,2.626
4680.8,1.0,2.4189
4681.8,296.1,2.5893
4682.81,2.0,2.4014
4683.81,296.5,2.5553
4684.82,2.0,2.3903
4685.82,296.7,2.5521
4686.83,2.0,2.3241
4687.83,291.8,2.5563
4688.83,336.1,2.6443
4689.84,1.0,2.4921
4690.84,313.0,2.6143
4691.85,2.0,2.4442
4692.85,308.1,2.5914
4693.85,1.0,2.4187
4694.86,308.0,2.5727
4695.86,2.0,2.3986
4696.87,302.7,2.5704
4697.87,360.9,2.7271
4698.87,1.0,2.4036
4699.88,303.9,2.5839
4700.88,1.0,2.4378
4701.88,319.1,2.5937
4702.89,2.0,2.4918
4703.89,5.0,2.3107
4704.89,286.1,2.5608
4705.9,351.9,2.7038
4706.9,2.0,2.4187
4707.91,342.3,2.6416
4708.91,355.9,2.7734
4709.91,1.0,2.5243
4710.91,355.2,2.6884
4711.92,1.0,2.4091
4712.92,334.3,2.6218
4713.93,348.9,2.7379
4714.93,3.0,2.493
4715.94,324.4,2.8216
4716.94,302.5,3.1463
4717.94,295.1,3.2899
4718.95,350.8,3.3962
4719.95,333.6,3.6035
4720.96,272.6,3.7765
4721.96,330.3,3.9792
4722.97,0.0,2.4076
4723.97,335.7,2.6252
4724.97,368.9,2.7636
4725.98,3.0,2.3977
4726.98,322.3,2.6026
4727.99,351.0,2.7588
4728.99,4224.3,2.5402
4729.99,314.2,2.6805
4731.0,3.0,2.4173
4732.0,300.1,2.5787
4733.0,0.0,2.3776
4734.01,314.1,2.5737
4735.01,2.0,2.3692
4736.02,282.5,2.5515
4737.02,3.0,2.3962
4738.02,317.0,2.5883
4739.03,359.2,2.7663
4740.03,323.1,2.9907
4741.04,1455.3,2.3821
4742.04,303.1,2.5755
4743.04,313.7,2.682
4744.05,347.9,2.9052
4745.05,348.7,3.0907
4746.06,308.6,3.3791
4747.06,3844.4,2.513
4748.06,302.1,2.6371
4749.07,344.5,2.8446
4750.07,339.0,3.0563
4751.08,280.6,3.3602
4752.08,2.0,2.4773
4753.08,311.1,2.6306
4754.09,362.4,2.8161
4755.09,1.0,2.4708
4756.09,308.1,2.6166
4757.1,0.0,2.3913
4758.1,300.1,2.5742
4759.11,311.4,2.6928
4760.11,2.0,2.3812
4761.12,291.6,2.5978
4762.12,316.4,2.9052
4763.13,295.5,3.2571
4764.13,202.1,3.6436
4765.14,132.3,4.0204
4766.14,150.2,4.453
4767.14,272.2,4.7649
4768.15,359.2,4.9398
4769.15,344.6,5.121
4770.16,301.5,5.2137
4771.16,244.8,5.2827
4772.17,257.7,5.434
4773.17,201.0,5.4827
4774.18,239.0,5.5758
4775.18,140.4,5.6506
4776.19,187.0,5.7471
4777.19,244.9,5.83
4778.2,305.4,5.9535
4779.2,113.4,6.005
4780.21,211.9,6.0764
4781.21,276.8,6.1719
4782.22,291.6,6.2759
4783.22,208.9,6.3683
4784.23,250.7,6.5309
4785.23,160.2,6.5797
4786.24,187.0,6.6574
4787.24,283.6,6.8846
4788.25,124.4,6.9351
4789.25,204.4,7.0208
4790.26,144.3,7.0945
4791.26,154.3,7.1668
4792.27,227.8,7.2483
4793.27,295.1,8.0628
4794.27,206.0,8.0628
4795.28,108.4,8.0628
4796.28,133.3,8.0628
4797.29,140.4,8.0628
4798.29,151.6,8.0628
4799.3,123.4,8.0628
4800.3,110.4,8.0628
4801.31,150.2,8.063
4802.31,174.1,8.063
4803.32,118.4,8.063
4804.32,100.5,8.063
4805.33,100.5,8.063
4806.33,103.5,8.063
4807.34,236.8,8.063
4808.34,99.5,8.063
4809.35,100.5,8.063
4810.35,135.4,8.0632
4811.36,120.4,8.0917
4812.36,120.4,8.1634
4813.37,112.4,8.1634
4814.37,109.4,8.1634
4815.38,142.3,8.1635
4816.38,146.3,8.1635
4817.39,167.1,8.1677
4818.39,103.5,8.1677
4819.4,145.3,8.1677
4820.4,100.5,8.1608
4821.41,105.5,8.1609
4822.41,104.5,8.1609
4823.42,111.4,8.1609
4824.42,100.6,8.1609
4825.43,100.5,8.1609
4826.43,102.5,8.1609
4827.44,104.5,8.1609
4828.44,146.3,8.1626
4829.45,144.3,8.1627
4830.45,105.6,8.1628
4831.46,101.5,8.1628
4832.46,123.4,8.1628
4833.47,102.5,8.1628
4834.47,100.5,8.1628
4835.48,105.5,8.163
4836.48,189.4,8.5067
4837.49,190.1,8.9727
4838.49,100.5,9.0172
4839.5,101.5,9.0172
4840.5,99.5,9.0172
4841.51,131.3,9.0172
4842.51,147.3,9.0179
4843.52,104.5,9.0179
4844.52,100.5,9.0179
4845.53,103.5,9.0179
4846.53,115.5,9.0179
4847.54,103.5,9.0179
4848.54,102.5,9.0179
4849.55,120.4,9.0179
4850.55,101.5,9.0179
4851.56,100.5,9.0179
4852.56,101.5,9.0179
4853.57,100.5,9.0179
4854.57,101.5,9.0179
4855.58,101.5,9.0179
4856.58,141.3,9.0179
4857.59,120.4,9.0179
4858.59,101.5,9.0179
4859.6,102.5,9.0179
4860.6,100.5,9.0179
4861.61,99.5,9.0179
4862.61,102.6,9.0179
4863.62,100.5,9.0179
4864.62,99.5,9.0179
4865.63,101.5,9.0179
4866.63,101.5,9.0179
4867.64,114.4,9.0179
4868.64,106.5,9.0179
4869.65,101.5,9.0179
4870.65,101.5,9.0179
4871.66,157.3,9.0179
4872.66,99.5,9.0179
4873.67,101.5,9.0179
4874.67,102.5,9.0179
4875.68,133.4,9.0179
4876.68,99.5,9.0179
4877.69,100.5,9.0179
4878.69,103.5,9.0179
4879.7,103.5,9.0179
4880.7,99.5,9.0179
4881.71,101.5,9.0179
4882.71,138.3,9.0179
4883.72,100.5,9.0179
4884.72,103.5,9.0179
4885.73,101.5,9.0179
4886.74,102.5,9.0179
4887.74,101.5,9.0179
4888.75,253.7,9.0744
4889.75,107.5,9.0744
4890.75,107.5,9.0744
4891.76,99.5,9.0744
4892.76,102.5,9.0744
4893.77,102.5,9.0744
4894.78,129.3,9.0744
4895.78,111.4,9.0744
4896.79,101.5,9.0744
4897.79,100.5,9.0744
4898.8,145.3,9.0744
4899.8,139.3,9.0744
4900.81,104.5,9.0744
4901.81,99.5,9.0744
4902.82,104.5,9.0744
4903.82,123.4,9.0744
4904.83,101.5,9.0744
4905.83,99.5,9.0744
4906.84,99.5,9.0744
4907.84,103.5,9.0744
4908.85,99.5,9.0744
4909.85,131.3,9.0744
4910.86,115.4,9.0744
4911.86,102.5,9.0744
4912.87,99.5,9.0744
4913.87,102.5,9.0744
4914.88,99.5,9.0744
4915.88,99.5,9.0744
4916.89,109.4,9.0744
4917.89,120.4,9.0744
4918.9,100.5,9.0744
4919.9,100.5,9.0744
4920.91,102.5,9.0744
4921.91,100.5,9.0744
4922.92,101.5,9.0744
4923.92,102.5,9.0744
4924.93,120.4,9.0744
4925.93,100.5,9.0744
4926.94,108.4,9.0744
4927.94,101.5,9.0744
4928.95,115.4,9.0744
4929.95,101.5,9.0744
4930.96,102.5,9.0744
4931.96,106.5,9.0744
4932.97,281.5,9.277
4933.97,100.5,9.277
4934.98,101.5,9.277
4935.99,102.5,9.277
4936.99,101.5,9.277
4937.99,99.5,9.277
4939.0,103.5,9.277
4940.0,114.4,9.277
4941.01,274.2,9.2773
4942.01,3.0,2.381
4943.02,295.8,2.6102
4944.02,315.4,2.9221
4945.03,291.5,3.2833
4946.03,172.2,3.7334
4947.03,127.5,4.2205
4948.04,182.1,4.6889
4949.04,274.3,4.8191
4950.05,342.0,5.0105
4951.05,338.6,5.1481
4952.05,301.6,5.2337
4953.06,241.2,5.3475
4954.06,308.5,5.4572
4955.07,209.9,5.5101
4956.07,267.6,5.618
4957.08,105.5,5.6507
4958.08,236.8,5.7419
4959.09,199.0,5.8208
4960.09,282.5,5.928
4961.1,190.0,5.9906
4962.1,165.2,6.0481
4963.11,240.8,6.1346
4964.11,241.8,6.2041
4965.12,281.9,6.3349
4966.12,149.2,6.4106
4967.13,302.5,6.5428
4968.13,264.8,6.5918
4969.14,276.5,6.7159
4970.14,268.6,6.894
4971.15,98.5,6.9402
4972.15,163.3,7.0199
4973.16,150.2,7.0973
4974.16,165.4,7.1793
4975.17,216.9,7.2502
4976.17,293.8,8.0651
4977.18,198.0,8.1017
4978.18,147.3,8.1651
4979.19,216.9,8.1651
4980.19,226.8,8.1651
4981.2,205.0,8.1651
4982.2,119.4,8.1651
4983.21,154.2,8.1651
4984.21,129.6,8.1651
4985.21,146.3,8.1651
4986.22,108.4,8.1651
4987.22,112.5,8.1651
4988.23,100.5,8.1651
4989.23,101.5,8.1651
4990.24,157.2,8.1651
4991.24,102.5,8.1651
4992.25,101.5,8.1651
4993.25,114.4,8.1651
4994.26,126.4,8.1651
4995.26,103.5,8.1651
4996.27,127.4,8.1653
4997.27,110.6,8.1653
4998.28,127.4,8.1653
4999.28,101.5,8.1653
5000.29,136.3,8.1653
5001.29,100.5,8.1653
5002.3,112.5,8.1653
5003.3,100.5,8.1653
5004.31,118.4,8.1653
5005.31,117.5,8.1653
5006.32,108.3,8.1653
5007.32,100.5,8.1653
5008.33,99.6,8.1653
5009.33,103.5,8.1653
5010.34,100.5,8.1653
5011.34,106.5,8.1653
5012.35,144.5,8.1653
5013.35,102.5,8.1653
5014.36,103.5,8.1653
5015.36,101.5,8.1654
5016.37,110.4,8.1654
5017.37,100.7,8.1654
5018.37,100.6,8.1654
5019.38,100.5,8.1654
5020.39,103.5,8.2654
5021.39,110.4,8.2654
5022.39,114.8,8.32
5023.4,238.8,9.0244
5024.4,101.5,9.0244
5025.41,100.5,9.0244
5026.41,110.5,9.0244
5027.42,112.4,9.0244
5028.42,99.5,9.0244
5029.43,118.4,9.0244
5030.43,153.3,9.0245
5031.44,151.2,9.0245
5032.44,178.1,9.0245
5033.45,101.5,9.0245
5034.45,113.4,9.0245
5035.46,105.5,9.0246
5036.46,101.5,9.0246
5037.47,100.5,9.0246
5038.47,100.5,9.0246
5039.48,101.5,9.0246
5040.48,101.5,9.0246
5041.49,109.4,9.0246
5042.49,124.4,9.0246
5043.5,100.5,9.0246
5044.5,101.5,9.0246
5045.51,99.5,9.0246
5046.51,101.5,9.0246
5047.52,101.5,9.0246
5048.53,99.5,9.0246
5049.53,101.4,9.0246
5050.54,101.5,9.0246
5051.54,104.5,9.0246
5052.55,99.5,9.0246
5053.55,172.1,9.0246
5054.56,156.2,9.0246
5055.56,99.5,9.0246
5056.57,125.4,9.0246
5057.57,102.5,9.0246
5058.58,101.5,9.0246
5059.58,100.5,9.0246
5060.59,109.4,9.0246
5061.59,114.4,9.0246
5062.6,101.5,9.0246
5063.6,99.5,9.0246
5064.61,102.5,9.0246
5065.61,100.5,9.0246
5066.62,101.5,9.0246
5067.62,119.4,9.0246
5068.63,101.5,9.0246
5069.63,106.5,9.0246
5070.64,100.5,9.0246
5071.64,100.5,9.0246
5072.65,101.5,9.0246
5073.65,101.5,9.0246
5074.66,108.4,9.0246
5075.66,255.7,9.085
5076.67,106.5,9.085
5077.67,100.5,9.085
5078.68,100.5,9.085
5079.68,135.4,9.085
5080.69,127.6,9.085
5081.69,100.5,9.085
5082.7,104.5,9.085
5083.7,115.4,9.085
5084.71,117.4,9.085
5085.71,105.5,9.085
5086.72,101.6,9.085
5087.72,143.5,9.085
5088.72,102.5,9.085
5089.73,99.5,9.085
5090.73,100.5,9.085
5091.74,100.5,9.085
5092.75,100.5,9.085
5093.75,101.5,9.085
5094.76,107.4,9.085
5095.76,105.5,9.085
5096.77,108.4,9.085
5097.77,100.5,9.085
5098.78,100.5,9.085
5099.78,100.5,9.085
5100.79,100.5,9.085
5101.79,100.5,9.085
5102.8,114.5,9.085
5103.8,151.2,9.085
5104.81,127.3,9.085
5105.81,100.5,9.085
5106.82,102.5,9.085
5107.82,100.5,9.085
5108.83,100.5,9.085
5109.83,101.5,9.085
5110.84,121.5,9.085
5111.84,102.5,9.085
5112.85,108.4,9.085
5113.85,102.5,9.085
5114.86,100.6,9.085
5115.86,109.4,9.085
5116.87,101.5,9.085
5117.87,107.4,9.085
5118.88,100.6,9.085
5119.88,103.5,9.085
5120.88,192.4,9.0856
5121.89,176.1,9.2827
5122.89,101.5,9.2828
5123.9,100.5,9.2828
5124.91,103.5,9.2828
5125.91,102.5,9.2828
5126.92,100.5,9.2828
5127.92,190.1,9.2828
5128.93,192.0,2.2977
5129.93,3444.9,2.5023
5130.93,338.0,2.6776
5131.93,367.0,2.8495
5132.94,1.0,2.4855
5133.94,300.4,2.6501
5134.94,355.6,2.8019
5135.95,338.3,3.0659
5136.95,316.3,3.305
5137.96,286.5,3.6624
5138.96,3.0,2.4133
5139.97,322.0,2.632
5140.97,360.5,2.8851
5141.97,332.3,3.2212
5142.98,304.4,3.5707
5143.98,2.0,2.4301
5144.99,340.1,2.5965
5145.99,360.9,2.761
5146.99,3.0,2.5293
5148.0,313.4,2.9275
5149.0,361.1,3.0841
5150.0,342.9,3.2496
5151.01,335.6,3.4523
5152.01,310.4,3.6672
5153.02,310.4,3.8611
5154.02,306.5,4.073
5155.03,307.4,4.3276
5156.03,313.4,4.5115
5157.04,304.5,4.6736
5158.04,303.4,4.8131
5159.05,266.6,4.9381
5160.05,184.0,5.0825
5161.06,165.2,5.2269
5162.06,202.3,5.3792
5163.07,133.4,5.5133
5164.07,156.2,5.643
5165.08,159.2,5.7765
5166.08,209.1,5.908
5167.09,189.0,6.0615
5168.09,156.3,6.2282
5169.1,128.3,6.3036
5170.1,141.4,6.3354
5171.11,132.3,6.3843
5172.11,112.4,6.4452
5173.12,197.2,6.5515
5174.12,200.9,6.6379
5175.13,157.2,6.715
5176.13,101.5,6.833
5177.14,101.5,6.9404
5178.14,188.0,7.0219
5179.15,205.0,7.0938
5180.15,201.0,7.1464
5181.16,187.0,7.218
5182.16,149.5,7.4606
5183.17,154.2,7.6969
5184.17,257.7,7.6973
5185.18,226.8,7.7887
5186.18,295.6,7.7974
5187.19,275.6,7.8219
5188.19,126.4,7.819
5189.2,124.4,7.819
5190.2,100.5,7.819
5191.21,100.5,7.819
5192.21,101.5,7.8025
5193.22,101.5,7.8025
5194.22,103.5,7.8025
5195.23,125.4,7.8026
5196.23,101.5,7.8026
5197.24,101.5,7.8026
5198.24,133.3,7.8027
5199.25,102.7,7.8027
5200.25,105.5,7.8027
5201.26,125.4,7.8028
5202.26,131.3,7.8028
5203.27,124.4,7.8028
5204.27,102.5,7.8028
5205.28,100.5,7.8028
5206.28,102.5,7.8028
5207.29,101.5,7.8028
5208.29,101.5,7.8028
5209.3,100.5,7.8028
5210.3,100.5,7.8028
5211.31,100.5,7.8028
5212.31,101.5,7.8028
5213.32,101.5,7.8028
5214.32,101.5,7.8028
5215.33,101.5,7.8028
5216.33,103.5,7.8028
5217.34,102.5,7.8029
5218.34,101.5,7.8029
5219.35,101.5,7.8029
5220.35,100.7,7.8029
5221.36,100.3,7.8029
5222.36,100.5,7.8029
5223.37,101.5,7.8029
5224.37,100.5,7.8029
5225.38,102.5,7.8029
5226.38,136.6,7.9954
5227.39,136.3,8.1566
5228.39,101.5,8.2046
5229.4,138.4,8.2047
5230.4,2.0,2.2999
5231.41,1.0,2.5449
5232.41,2.0,2.405
5233.41,310.1,2.5717
5234.42,2.0,2.4876
5235.42,334.0,2.6329
5236.42,353.4,2.8594
5237.43,343.8,2.3021
5238.43,2817.9,2.571
5239.44,334.2,2.7135
5240.44,2.0,2.3996
5241.45,296.6,2.5691
5242.45,2.0,2.4051
5243.45,297.6,2.5788
5244.46,346.9,2.6984
5245.46,1.0,2.5014
5246.46,348.0,2.6642
5247.47,0.0,2.585
5248.47,355.8,2.7355
5249.48,328.8,2.9924
5250.48,321.4,3.2475
5251.49,315.5,3.5102
5252.49,304.5,3.7298
5253.5,327.0,3.9661
5254.5,319.4,2.3033
5255.51,0.0,2.5591
5256.51,348.2,2.6972
5257.51,3.0,2.5416
5258.51,307.1,2.6857
5259.52,346.3,2.8963
5260.52,316.4,3.1741
5261.53,319.4,3.4982
5262.53,303.4,3.7419
5263.54,316.1,3.9646
5264.54,333.0,4.1605
5265.54,2.0,2.5321
5266.54,322.0,2.7308
5267.55,321.1,3.0564
5268.55,320.7,3.3722
5269.56,311.5,3.6804
5270.56,319.3,3.9676
5271.57,343.2,4.1598
5272.57,1459.4,2.3857
5273.58,297.8,2.5873
5274.58,1.0,2.4016
5275.59,281.8,2.5676
5276.59,342.0,2.3043
5277.59,1.0,2.5599
5278.6,310.1,2.6681
5279.6,3.0,2.4786
5280.6,305.2,2.6637
5281.61,351.2,2.8603
5282.61,314.3,3.1284
5283.62,320.4,3.3969
5284.62,308.4,3.6835
5285.62,318.0,3.9588
5286.63,338.9,4.145
5287.63,1.0,2.5414
5288.63,322.1,2.6812
5289.64,1.0,2.555
5290.64,335.2,2.7387
5291.65,348.3,2.9469
5292.65,318.4,3.2073
5293.66,306.5,3.4874
5294.66,309.4,3.7427
5295.66,317.1,3.9702
5296.67,338.4,4.1856
5297.67,2.0,2.519
5298.68,312.0,2.7228
5299.68,341.7,3.0022
5300.69,316.4,3.3295
5301.69,306.4,3.6083
5302.7,313.4,3.8983
5303.7,340.8,4.1409
5304.7,2.0,2.4837
5305.71,328.0,2.7015
5306.71,353.2,2.973
5307.71,321.6,3.2922
5308.72,309.6,3.5931
5309.72,316.6,3.8705
5310.73,335.4,4.1019
5311.73,3.0,2.4173
5312.74,341.2,2.6878
5313.74,371.8,2.8548
5314.75,328.4,3.0856
5315.75,304.5,3.3166
5316.76,306.7,3.5615
5317.76,311.4,3.7976
5318.77,320.3,4.0443
5319.77,270.6,2.3069
5320.77,0.0,2.5733
5321.78,340.1,2.7515
5322.78,350.7,3.0397
5323.78,317.7,3.3977
5324.79,309.4,3.6831
5325.79,313.0,3.9789
5326.8,340.5,4.2036
5327.8,3369.4,2.5004
5328.8,334.3,2.6679
5329.81,346.0,2.9041
5330.81,2.0,2.4263
5331.81,331.3,2.628
5332.81,357.1,2.8883
5333.82,320.2,3.0622
5334.82,3.0,2.5788
5335.82,331.5,2.7412
5336.83,2.0,2.3474
5337.84,282.5,2.5798
5338.84,343.9,2.796
5339.84,0.0,2.4226
5340.85,311.6,2.6099
5341.85,352.1,2.7783
5342.86,351.9,2.9805
5343.86,1.0,2.565
5344.87,2.0,2.4129
5345.87,318.4,2.5999
5346.87,349.9,2.7229
5347.88,0.0,2.5451
5348.88,331.0,2.9285
5349.88,256.9,3.4056
5350.89,283.5,3.8857
5351.89,255.8,4.3372
5352.9,280.9,4.7747
5353.9,310.0,4.9008
5354.91,351.2,5.1305
5355.91,319.0,5.1993
5356.91,265.2,5.2779
5357.92,252.7,5.3677
5358.92,220.8,5.4724
5359.93,121.4,5.5319
5360.93,224.0,5.6307
5361.94,103.5,5.6793
5362.94,212.9,5.7701
5363.95,211.1,5.8495
5364.95,292.5,5.971
5365.96,280.5,6.0196
5366.96,285.5,6.0842
5367.97,304.7,6.1743
5368.97,263.6,6.2561
5369.98,202.9,6.3691
5370.98,195.1,6.458
5371.99,262.6,6.5776
5372.99,193.1,6.6349
5374.0,288.5,6.8776
5375.0,219.9,6.9227
5376.01,102.5,6.9713
5377.01,303.5,7.0793
5378.02,216.5,7.1272
5379.02,297.3,7.312
5380.03,326.4,7.9893
5381.03,249.8,8.0463
5382.04,291.8,8.0501
5383.04,266.6,8.0502
5384.05,174.1,8.0502
5385.05,143.3,8.0502
5386.06,137.3,8.0502
5387.06,122.4,8.0504
5388.07,131.3,8.0505
5389.07,138.3,8.0506
5390.08,113.4,8.0506
5391.08,108.4,8.0506
5392.09,102.5,8.0506
5393.09,102.5,8.0506
5394.1,159.2,8.0506
5395.1,101.5,8.0506
5396.11,104.5,8.0507
5397.11,132.3,8.0507
5398.12,115.5,8.0507
5399.12,111.4,8.1458
5400.13,109.4,8.1509
5401.13,163.2,8.1509
5402.14,105.5,8.1509
5403.14,110.4,8.1509
5404.15,101.5,8.1509
5405.15,122.4,8.2133
5406.16,106.5,8.2509
5407.16,134.3,8.2509
5408.17,102.6,8.2509
5409.17,103.5,8.2509
5410.18,99.5,8.2509
5411.18,101.5,8.2509
5412.19,108.4,8.2509
5413.19,142.3,8.2509
5414.2,133.3,8.2509
5415.2,110.4,8.2509
5416.21,108.4,8.2509
5417.21,104.5,8.2509
5418.22,101.5,8.2509
5419.23,113.4,8.2509
5420.23,163.5,8.5372
5421.23,194.1,9.0034
5422.24,100.5,9.0491
5423.24,101.5,9.0504
5424.25,131.3,9.0504
5425.25,142.3,9.0504
5426.26,101.5,9.0504
5427.26,110.4,9.0504
5428.27,102.5,9.0504
5429.27,109.4,9.0504
5430.28,104.5,9.0504
5431.28,101.5,9.0504
5432.29,102.5,9.0504
5433.29,101.5,9.0504
5434.3,115.4,9.0504
5435.3,137.3,9.0504
5436.31,100.5,9.0504
5437.31,101.5,9.0504
5438.32,100.5,9.0504
5439.32,101.5,9.0504
5440.33,100.6,9.0504
5441.33,101.5,9.0504
5442.34,103.5,9.0504
5443.34,101.5,9.0504
5444.35,102.5,9.0504
5445.35,111.4,9.0504
5446.36,105.5,9.0504
5447.36,126.4,9.0504
5448.37,101.5,9.0504
5449.37,103.5,9.0504
5450.38,111.4,9.0504
5451.38,108.4,9.0504
5452.39,99.5,9.0504
5453.4,102.5,9.0504
5454.4,102.5,9.0504
5455.41,106.5,9.0504
5456.41,103.5,9.0504
5457.42,127.4,9.0504
5458.42,103.5,9.0504
5459.43,102.5,9.0504
5460.43,99.5,9.0504
5461.44,100.5,9.0504
5462.44,102.5,9.0504
5463.45,243.7,9.1039
5464.45,102.5,9.1039
5465.46,101.5,9.1039
5466.46,100.5,9.1039
5467.47,101.5,9.1039
5468.47,100.5,9.1039
5469.48,122.5,9.1039
5470.48,109.4,9.1039
5471.49,104.5,9.1039
5472.49,99.5,9.1039
5473.5,145.3,9.1039
5474.5,135.3,9.1039
5475.51,104.5,9.1039
5476.51,99.5,9.1039
5477.52,106.5,9.1039
5478.52,120.4,9.1039
5479.53,101.5,9.1039
5480.53,101.5,9.1039
5481.54,102.5,9.1039
5482.54,99.5,9.1039
5483.55,102.5,9.1039
5484.55,136.3,9.1039
5485.56,112.4,9.1039
5486.56,101.6,9.1039
5487.57,100.5,9.1039
5488.57,99.5,9.1039
5489.58,102.5,9.1039
5490.58,100.5,9.1039
5491.59,117.4,9.1039
5492.59,172.2,9.1039
5493.6,127.3,9.1041
5494.6,101.5,9.1041
5495.61,103.5,9.1041
5496.61,101.6,9.1041
5497.62,100.5,9.1041
5498.62,102.5,9.1041
5499.63,122.4,9.1041
5500.63,101.5,9.1041
5501.64,109.4,9.1041
5502.64,103.6,9.1041
5503.65,102.7,9.1041
5504.65,118.4,9.1041
5505.66,103.5,9.1041
5506.66,107.4,9.1041
5507.67,100.5,9.1041
5508.67,296.5,9.3115
5509.68,100.5,9.3115
5510.68,102.5,9.3115
5511.69,101.5,9.3115
5512.69,100.5,9.3115
5513.7,103.5,9.3115
5514.7,103.5,9.3115
5515.71,227.8,9.3117
5516.71,0.0,2.3591
5517.71,280.4,2.5947
5518.72,316.4,2.9164
5519.72,277.3,3.2864
5520.73,133.3,3.7653
5521.73,125.4,4.2495
5522.74,204.1,4.7
5523.74,324.0,4.8436
5524.74,353.0,5.0979
5525.75,328.0,5.1748
5526.75,243.8,5.2592
5527.76,296.5,5.3566
5528.76,242.8,5.4603
5529.77,99.5,5.5041
5530.77,270.6,5.6203
5531.78,206.1,5.6587
5532.78,242.3,5.7445
5533.78,255.7,5.8293
5534.79,208.9,5.8979
5535.79,254.7,5.9965
5536.8,198.0,6.0517
5537.8,304.7,6.1224
5538.81,254.7,6.2064
5539.81,303.7,6.3425
5540.82,133.3,6.3851
5541.82,221.8,6.4908
5542.83,280.4,6.5965
5543.83,219.9,6.6595
5544.84,303.5,6.8945
5545.84,121.4,6.9354
5546.85,102.5,6.9706
5547.85,180.1,7.0453
5548.86,165.2,7.1192
5549.86,162.2,7.1967
5550.87,285.5,7.9834
5551.87,184.0,7.9864
5552.88,242.7,7.9864
5553.88,183.2,7.9866
5554.89,143.3,7.9866
5555.89,128.3,7.9866
5556.9,109.4,7.9867
5557.9,144.2,7.9868
5558.91,156.2,7.9868
5559.92,202.0,7.9869
5560.92,259.7,7.987
5561.93,160.2,7.9871
5562.93,146.2,7.9871
5563.94,102.5,7.9871
5564.94,100.5,7.9871
5565.95,128.3,7.9872
5566.95,104.5,7.9872
5567.96,102.5,7.9872
5568.96,106.5,7.9872
5569.97,126.4,7.9872
5570.97,123.4,8.0623
5571.98,131.3,8.0875
5572.98,131.3,8.0875
5573.99,100.5,8.0875
5574.99,102.5,8.0876
5576.0,139.4,8.0876
5577.0,237.8,8.0893
5578.01,99.5,8.0893
5579.01,114.4,8.0893
5580.02,100.5,8.0893
5581.02,107.7,8.0895
5582.02,117.4,8.0895
5583.03,104.5,8.0895
5584.04,105.5,8.0896
5585.04,101.5,8.0896
5586.05,100.5,8.0896
5587.05,102.5,8.0896
5588.06,140.3,8.0896
5589.06,112.5,8.0896
5590.06,107.5,8.0896
5591.07,100.5,8.0896
5592.08,106.5,8.0896
5593.08,100.5,8.0906
5594.09,112.4,8.1896
5595.09,101.5,8.1896
5596.1,100.5,8.1896
5597.1,102.5,8.1896
5598.11,104.5,8.1896
5599.11,254.7,8.9446
5600.12,111.4,9.0243
5601.12,101.5,9.0416
5602.13,99.5,9.0416
5603.13,100.5,9.0416
5604.14,107.4,9.0416
5605.14,152.2,9.0416
5606.15,201.0,9.0416
5607.15,161.3,9.0416
5608.16,165.2,9.0416
5609.16,135.3,9.0416
5610.17,101.5,9.0416
5611.17,103.5,9.0416
5612.18,102.5,9.0416
5613.18,100.5,9.0417
5614.19,102.5,9.0417
5615.19,101.5,9.0417
5616.2,100.5,9.0417
5617.2,101.5,9.0417
5618.21,100.5,9.0417
5619.21,108.4,9.0417
5620.22,121.4,9.0417
5621.22,101.5,9.0417
5622.23,101.5,9.0417
5623.23,100.5,9.0417
5624.24,100.5,9.0417
5625.24,100.5,9.0417
5626.25,99.5,9.0417
5627.25,100.5,9.0417
5628.26,103.5,9.0417
5629.26,100.5,9.0417
5630.27,100.5,9.0417
5631.27,112.4,9.0417
5632.28,103.5,9.0417
5633.28,102.5,9.0417
5634.29,120.4,9.0417
5635.3,121.4,9.0417
5636.3,100.5,9.0417
5637.31,106.5,9.0417
5638.31,99.5,9.0417
5639.32,145.3,9.0417
5640.32,99.6,9.0417
5641.33,101.5,9.0417
5642.33,101.5,9.0417
5643.34,100.5,9.0417
5644.34,102.5,9.0417
5645.35,100.5,9.0417
5646.35,100.5,9.0417
5647.36,157.2,9.0417
5648.36,103.5,9.0417
5649.37,101.5,9.0417
5650.37,101.5,9.0417
5651.38,100.5,9.0417
5652.38,100.5,9.0417
5653.39,259.7,9.0986
5654.39,107.5,9.0986
5655.4,105.5,9.0986
5656.4,102.5,9.0986
5657.41,99.5,9.0986
5658.41,125.4,9.0986
5659.42,120.4,9.0986
5660.42,109.4,9.0986
5661.43,100.5,9.0986
5662.43,101.5,9.0986
5663.44,112.4,9.0986
5664.44,149.2,9.0986
5665.45,104.5,9.0986
5666.45,100.6,9.0986
5667.46,104.5,9.0986
5668.46,122.4,9.0986
5669.47,99.5,9.0986
5670.47,101.5,9.0986
5671.48,101.5,9.0986
5672.48,100.5,9.0986
5673.49,101.5,9.0986
5674.49,110.4,9.0986
5675.5,143.5,9.0986
5676.5,112.4,9.0986
5677.51,102.5,9.0986
5678.51,100.5,9.0986
5679.52,100.5,9.0986
5680.52,157.2,9.0986
5681.53,115.4,9.0986
5682.53,100.5,9.0986
5683.54,114.4,9.0987
5684.54,154.2,9.0987
5685.55,131.3,9.0987
5686.55,100.5,9.0987
5687.56,109.4,9.0987
5688.56,202.0,9.0999
5689.57,158.2,9.113
5690.57,100.5,9.113
5691.58,104.5,9.113
5692.59,102.5,9.1049
5693.59,108.4,9.1049
5694.6,103.5,9.1049
5695.6,100.5,9.1049
5696.61,115.4,9.1049
5697.61,103.5,9.0988
5698.62,102.5,9.0988
5699.62,208.4,9.1005
5700.62,156.4,9.3014
5701.63,102.5,9.3014
5702.63,99.5,9.3014
5703.64,101.5,9.3014
5704.64,100.5,9.3014
5705.65,118.4,9.3014
5706.65,102.5,9.3014
5707.66,154.2,9.3014
5708.66,240.9,2.3074
5709.67,3.0,2.4532
5710.67,299.3,2.6096
5711.67,363.9,2.8444
5712.68,2.0,2.3956
5713.68,310.5,2.5805
5714.69,1.0,2.4378
5715.69,311.1,2.6033
5716.69,355.9,2.7548
5717.7,1.0,2.5463
5718.7,330.0,2.7155
5719.71,347.2,2.9286
5720.71,323.3,3.214
5721.72,321.3,3.5596
5722.72,307.6,3.8355
5723.73,338.2,4.0476
5724.73,2.0,2.4366
5725.73,334.0,2.6791
5726.74,354.4,2.9322
5727.74,332.3,3.2493
5728.75,313.3,3.5896
5729.75,305.6,3.8789
5730.75,345.0,4.1131
5731.76,2.0,2.459
5732.76,336.3,2.6774
5733.76,344.4,2.9518
5734.77,324.3,3.2531
5735.77,317.3,3.5778
5736.78,305.4,3.8726
5737.78,345.2,4.1246
5738.79,301.7,2.3076
5739.79,1.0,2.5341
5740.79,322.1,2.7177
5741.8,347.6,2.9392
5742.8,327.3,3.1996
5743.81,312.4,3.4707
5744.81,308.4,3.7657
5745.81,334.3,4.0198
5746.82,0.0,2.3463
5747.82,302.1,2.5922
5748.83,1.0,2.3891
5749.83,292.5,2.5906
5750.83,1.0,2.4102
5751.84,286.2,2.5793
5752.84,2.0,2.4156
5753.85,313.1,2.5979
5754.85,1.0,2.4242
5755.85,331.1,2.6183
5756.86,1.0,2.4243
5757.86,330.1,2.6117
5758.86,2.0,2.4875
5759.86,344.1,2.7207
5760.87,347.5,2.9865
5761.87,313.4,3.2772
5762.88,305.4,3.5853
5763.88,312.6,3.8645
5764.89,329.8,4.0771
5765.89,4038.3,2.4217
5766.89,323.9,2.6666
5767.9,351.2,2.882
5768.9,320.4,3.2087
5769.91,307.4,3.544
5770.91,316.3,3.8429
5771.92,335.4,4.0807
5772.92,1.0,2.4235
5773.93,328.3,2.6821
5774.93,335.7,2.7977
5775.94,323.4,3.0248
5776.94,303.4,3.2763
5777.95,303.7,3.5544
5778.95,316.4,3.8426
5779.96,334.7,4.0828
5780.96,0.0,2.4197
5781.96,336.0,2.6913
5782.97,368.2,2.897
5783.97,328.3,3.1263
5784.98,309.5,3.3753
5785.98,304.4,3.6072
5786.99,311.5,3.8365
5787.99,324.3,4.0353
5789.0,302.4,2.3098
5790.0,1.0,2.537
5791.0,328.0,2.7105
5792.01,342.0,2.9048
5793.01,310.4,3.1476
5794.01,309.9,3.4657
5795.02,306.4,3.7299
5796.02,308.7,3.9828
5797.03,338.1,4.186
5798.03,1.0,2.4447
5799.03,361.9,2.6573
5800.03,362.0,2.9312
5801.04,2.0,2.466
5802.04,342.0,2.6449
5803.05,354.2,2.8504
5804.05,328.3,3.0095
5805.06,9.9,2.417
5806.06,330.9,2.6265
5807.06,362.9,2.8867
5808.07,2.0,2.4658
5809.07,330.0,2.653
5810.07,356.3,2.9118
5811.07,1.0,2.5815
5812.08,344.6,2.75
5813.08,2.0,2.4077
5814.09,319.0,2.6144
5815.09,363.0,2.9118
5816.09,346.3,3.2069
5817.09,1.0,2.4658
5818.1,335.9,2.312
5819.1,1.0,2.5852
5820.11,339.9,2.3121
5821.11,1.0,2.655
5822.11,313.8,3.107
5823.12,289.5,3.6205
5824.12,302.4,4.1348
5825.12,230.4,4.5676
5826.12,287.3,4.8064
5827.13,365.1,5.0206
5828.13,331.4,5.1802
5829.14,287.5,5.2685
5830.14,286.5,5.3756
5831.15,242.8,5.4891
5832.15,152.3,5.5591
5833.16,200.4,5.6556
5834.16,177.1,5.7362
5835.17,225.9,5.8161
5836.17,297.5,5.9121
5837.18,193.0,6.0126
5838.18,145.3,6.0731
5839.19,263.6,6.1638
5840.19,293.2,6.2476
5841.19,213.1,6.3726
5842.2,183.1,6.4661
5843.2,214.9,6.5907
5844.21,154.2,6.6599
5845.21,304.7,6.8993
5846.22,170.1,6.9495
5847.22,179.1,7.0343
5848.23,247.7,7.1155
5849.23,235.9,7.1939
5850.24,342.6,7.991
5851.24,211.9,7.991
5852.25,215.9,7.991
5853.25,232.8,7.991
5854.26,148.2,7.9911
5855.26,111.4,7.9911
5856.27,126.4,7.9911
5857.27,119.4,7.9911
5858.28,134.3,7.9912
5859.28,222.9,7.9913
5860.29,190.0,7.9913
5861.29,126.4,7.9913
5862.3,100.5,7.9913
5863.3,121.6,7.9913
5864.31,108.5,7.9913
5865.31,102.5,7.9913
5866.32,125.3,7.9913
5867.32,109.4,8.061
5868.33,127.4,8.0915
5869.33,135.3,8.0916
5870.34,115.4,8.0916
5871.34,110.4,8.0916
5872.35,129.3,8.0916
5873.35,100.5,8.0916
5874.36,125.4,8.0916
5875.36,102.5,8.1352
5876.37,108.4,8.1916
5877.37,103.5,8.1916
5878.38,110.4,8.1916
5879.38,100.5,8.1916
5880.39,101.5,8.1916
5881.39,100.5,8.1916
5882.4,105.5,8.1916
5883.4,101.5,8.1916
5884.41,174.1,8.1916
5885.41,102.5,8.1916
5886.42,107.5,8.1916
5887.42,106.5,8.1916
5888.43,101.5,8.1916
5889.43,100.5,8.1916
5890.44,103.5,8.1916
5891.44,162.5,8.5015
5892.45,185.1,9.0014
5893.45,99.5,9.0445
5894.46,101.5,9.0445
5895.46,100.5,9.0445
5896.47,188.0,9.0446
5897.47,108.4,9.0447
5898.48,98.6,9.0447
5899.48,200.0,9.0447
5900.49,155.2,9.0447
5901.49,146.3,9.0447
5902.5,101.6,9.0447
5903.5,113.4,9.0447
5904.51,101.5,9.0447
5905.51,100.5,9.0447
5906.52,100.5,9.0447
5907.52,102.5,9.0447
5908.53,101.5,9.0447
5909.53,101.5,9.0447
5910.54,127.3,9.0447
5911.54,106.5,9.0447
5912.55,99.5,9.0447
5913.55,101.5,9.0447
5914.56,99.5,9.0447
5915.56,100.5,9.0447
5916.57,102.5,9.0447
5917.57,101.5,9.0447
5918.58,101.5,9.0447
5919.58,103.6,9.0447
5920.59,100.5,9.0449
5921.59,153.2,9.0449
5922.6,117.4,9.0449
5923.6,101.5,9.0449
5924.61,121.4,9.0449
5925.61,102.5,9.0449
5926.62,101.5,9.0449
5927.62,101.5,9.0449
5928.63,121.4,9.0449
5929.63,99.5,9.0449
5930.64,101.5,9.0449
5931.64,100.5,9.0449
5932.65,107.5,9.0449
5933.65,105.5,9.0449
5934.66,100.5,9.0449
5935.66,130.3,9.045
5936.67,103.5,9.045
5937.67,103.7,9.045
5938.68,104.5,9.045
5939.68,101.5,9.045
5940.69,205.4,9.0465
5941.69,159.2,9.1012
5942.7,100.5,9.1012
5943.7,102.6,9.1012
5944.71,100.5,9.1012
5945.71,103.5,9.1012
5946.72,120.4,9.1012
5947.72,129.4,9.1013
5948.73,102.5,9.1013
5949.73,99.5,9.1013
5950.74,111.4,9.1013
5951.74,119.5,9.1013
5952.75,129.3,9.1013
5953.75,100.5,9.1013
5954.76,103.5,9.1013
5955.76,120.4,9.1013
5956.77,101.5,9.1013
5957.77,99.5,9.1013
5958.78,101.5,9.1013
5959.78,99.5,9.1013
5960.79,100.5,9.1013
5961.79,110.4,9.1013
5962.8,111.5,9.1013
5963.8,111.5,9.1013
5964.81,100.5,9.1013
5965.81,99.5,9.1013
5966.82,101.5,9.1013
5967.82,101.5,9.1013
5968.83,100.5,9.1013
5969.83,110.4,9.1013
5970.84,151.2,9.1013
5971.84,99.5,9.1013
5972.85,101.5,9.1013
5973.85,101.5,9.1013
5974.86,117.4,9.1013
5975.86,101.5,9.1013
5976.87,102.5,9.1013
5977.87,124.4,9.1013
5978.88,101.5,9.1013
5979.88,113.4,9.1013
5980.89,100.5,9.1013
5981.89,100.5,9.1013
5982.9,120.4,9.1013
5983.9,99.7,9.1013
5984.91,107.5,9.1013
5985.91,172.5,9.1024
5986.91,200.0,9.3052
5987.92,100.5,9.3052
5988.93,100.5,9.3052
5989.93,99.5,9.3052
5990.94,113.4,9.3052
5991.94,101.6,9.3052
5992.94,100.5,9.3052
5993.95,154.2,9.3052
5994.96,225.8,2.3122
5995.96,1.0,2.4707
5996.96,336.3,2.7609
5997.97,304.5,3.0667
5998.97,205.1,3.5283
5999.98,168.1,4.0187
6000.98,147.2,4.4807
6001.99,235.1,4.779
6002.99,344.0,4.9137
6003.99,342.3,5.1147
6005.0,318.4,5.1881
6006.0,260.8,5.2736
6007.01,285.8,5.3955
6008.01,272.6,5.4855
6009.02,214.9,5.5581
6010.02,207.0,5.6518
6011.03,173.1,5.7215
6012.03,216.2,5.7984
6013.04,295.5,5.8921
6014.04,287.5,5.9959
6015.05,256.3,6.0591
6016.05,267.7,6.1492
6017.06,298.4,6.2269
6018.06,270.8,6.359
6019.07,180.1,6.4406
6020.07,275.6,6.5743
6021.08,200.0,6.6307
6022.08,286.7,6.8811
6023.09,153.2,6.9343
6024.09,133.3,6.9982
6025.09,304.1,7.103
6026.1,219.4,7.1729
6027.1,295.5,7.2625
6028.1,287.1,7.9941
6029.11,190.0,8.0893
6030.11,196.0,8.0911
6031.12,213.0,8.0911
6032.12,215.0,8.0911
6033.13,147.3,8.0911
6034.13,132.3,8.0911
6035.14,168.1,8.0912
6036.14,214.0,8.0912
6037.15,148.2,8.0912
6038.15,119.4,8.0912
6039.16,105.5,8.0912
6040.16,102.5,8.0912
6041.17,100.5,8.0912
6042.18,150.2,8.0912
6043.18,101.5,8.0912
6044.19,105.5,8.0912
6045.19,126.3,8.0912
6046.2,100.5,8.0912
6047.2,132.4,8.1438
6048.2,106.5,8.1912
6049.21,107.4,8.1912
6050.21,143.3,8.1914
6051.22,109.4,8.1914
6052.23,101.5,8.1914
6053.23,110.4,8.1914
6054.24,105.5,8.1914
6055.24,100.5,8.1914
6056.25,108.4,8.1914
6057.25,104.5,8.1914
6058.26,103.5,8.1914
6059.26,100.5,8.1914
6060.27,99.5,8.1914
6061.27,101.5,8.1914
6062.28,115.4,8.1914
6063.28,140.3,8.1914
6064.29,126.4,8.1914
6065.29,108.5,8.1914
6066.3,100.5,8.1914
6067.3,113.4,8.1914
6068.31,100.5,8.1914
6069.31,100.5,8.1914
6070.32,102.5,8.1914
6071.32,108.6,8.2126
6072.33,257.7,8.9457
6073.33,100.5,8.9557
6074.34,101.5,9.0039
6075.34,101.5,9.0437
6076.35,111.5,9.0437
6077.35,249.7,9.044
6078.36,138.3,9.0465
6079.36,102.5,9.0465
6080.37,191.0,9.0497
6081.37,109.4,9.0436
6082.38,104.5,9.0436
6083.38,110.5,9.0436
6084.39,105.5,9.0436
6085.39,99.5,9.0436
6086.4,102.5,9.0436
6087.4,99.5,9.0436
6088.41,100.5,9.0436
6089.41,101.5,9.0436
6090.42,125.4,9.0436
6091.42,105.5,9.0436
6092.43,100.5,9.0436
6093.43,100.5,9.0436
6094.44,100.5,9.0436
6095.44,102.5,9.0436
6096.45,100.5,9.0436
6097.45,101.5,9.0436
6098.46,99.5,9.0436
6099.46,101.5,9.0436
6100.47,110.4,9.0436
6101.47,106.5,9.0436
6102.48,101.5,9.0436
6103.48,107.4,9.0436
6104.49,155.2,9.0436
6105.49,123.4,9.0437
6106.5,100.5,9.0437
6107.5,100.5,9.0439
6108.51,108.4,9.0439
6109.52,111.4,9.0439
6110.52,100.6,9.0439
6111.52,100.5,9.0439
6112.53,105.5,9.0439
6113.53,101.5,9.0439
6114.54,101.5,9.0439
6115.54,123.5,9.0439
6116.55,103.5,9.0439
6117.55,102.5,9.0439
6118.56,100.5,9.0439
6119.56,100.5,9.0439
6120.57,103.5,9.0439
6121.58,98.5,9.0439
6122.58,254.7,9.0991
6123.59,100.5,9.0991
6124.59,105.5,9.0991
6125.6,101.5,9.0991
6126.6,101.5,9.0991
6127.61,126.4,9.0991
6128.61,123.4,9.0991
6129.61,104.6,9.0991
6130.62,100.5,9.0991
6131.62,111.4,9.0991
6132.63,120.4,9.0991
6133.64,104.5,9.0991
6134.64,100.5,9.0991
6135.65,125.4,9.0991
6136.65,101.5,9.0991
6137.66,101.5,9.0991
6138.66,99.5,9.0991
6139.67,100.5,9.0991
6140.67,101.5,9.0991
6141.68,123.4,9.0991
6142.68,111.4,9.0991
6143.68,109.7,9.0991
6144.69,100.5,9.0991
6145.69,99.5,9.0991
6146.7,109.6,9.0991
6147.7,101.5,9.0991
6148.71,100.5,9.0991
6149.71,138.3,9.0991
6150.72,127.4,9.0991
6151.72,100.5,9.0991
6152.73,101.5,9.0991
6153.73,102.5,9.0991
6154.74,100.5,9.0991
6155.74,101.5,9.0991
6156.75,121.4,9.0991
6157.75,100.5,9.0991
6158.76,108.5,9.0991
6159.76,101.5,9.0991
6160.77,112.5,9.0991
6161.77,107.5,9.0991
6162.78,108.4,9.0991
6163.78,100.7,9.0991
6164.78,258.2,9.248
6165.79,124.5,9.3014
6166.79,102.5,9.3014
6167.8,102.5,9.3014
6168.8,99.5,9.3014
6169.81,103.5,9.3014
6170.81,101.5,9.3014
6171.82,235.3,9.3014
6172.82,2.0,2.3895
6173.82,308.0,2.5939
6174.83,306.5,2.9217
6175.83,284.1,3.0147
6176.84,355.4,3.1901
6177.84,335.3,3.4631
6178.85,309.4,3.7376
6179.85,307.7,3.9885
6180.86,307.4,4.2105
6181.86,307.4,4.4256
6182.87,304.4,4.6207
6183.87,300.7,4.7494
6184.88,303.4,4.891
6185.88,303.4,5.0254
6186.89,301.4,5.1486
6187.89,287.0,5.2733
6188.9,268.6,5.4162
6189.9,210.9,5.5457
6190.91,166.2,5.6761
6191.91,163.2,5.8081
6192.91,213.3,5.9255
6193.92,105.5,6.087
6194.93,135.3,6.2492
6195.93,191.0,6.3378
6196.94,156.2,6.3719
6197.94,129.3,6.4178
6198.95,134.3,6.4792
6199.95,171.1,6.5851
6200.96,105.5,6.6729
6201.96,105.5,6.754
6202.96,107.6,6.8692
6203.97,100.5,6.9795
6204.97,112.4,7.0626
6205.98,100.5,7.1326
6206.99,102.5,7.1907
6207.99,101.5,7.2586
6208.99,205.4,7.669
6210.0,101.5,7.7515
6211.0,260.0,7.7694
6212.01,218.9,7.8694
6213.01,295.6,7.9085
6214.02,276.6,7.9161
6215.02,216.9,7.9248
6216.03,112.4,7.9199
6217.03,106.5,7.9199
6218.04,171.1,2.3128
6219.04,4.0,2.5581
6220.04,352.9,2.7195
6221.05,0.0,2.3378
6222.05,280.4,2.566
6223.05,1.0,2.4223
6224.06,299.1,2.5921
6225.06,361.9,2.7228
6226.06,0.0,2.5161
6227.07,343.3,2.7012
6228.07,349.6,2.9917
6229.08,325.4,3.3115
6230.08,314.4,3.6154
6231.09,313.3,3.89
6232.09,344.9,4.1147
6233.09,1.0,2.4634
6234.09,302.9,2.6661
6235.1,343.2,2.8742
6236.11,316.0,3.191
6237.11,311.6,3.5188
6238.12,308.4,3.789
6239.12,329.0,3.9995
6240.12,1.0,2.316
6241.13,278.1,2.5658
6242.13,309.2,2.7122
6243.13,344.6,2.9423
6244.14,314.4,3.1968
6245.14,306.4,3.4958
6246.15,305.4,3.7902
6247.15,333.1,4.026
6248.16,325.4,4.1872
6249.16,1.0,2.4483
6250.16,313.9,2.6739
6251.17,346.3,2.912
6252.17,320.7,3.2459
6253.18,311.4,3.5835
6254.18,305.4,3.8514
6255.18,340.9,4.0516
6256.19,10.0,2.3988
6257.19,317.9,2.6026
6258.2,1.0,2.3983
6259.2,302.2,2.5895
6260.2,333.8,2.3143
6261.21,1.0,2.5789
6262.21,317.5,2.7002
6263.22,1.0,2.5714
6264.22,364.0,2.7193
6265.22,3.0,2.577
6266.23,0.0,2.3343
6267.23,284.5,2.5875
6268.24,0.0,2.4237
6269.24,326.9,2.6849
6270.24,361.8,2.8602
6271.25,334.3,3.1131
6272.25,309.4,3.3859
6273.26,310.4,3.6308
6274.26,314.4,3.8634
6275.27,332.5,4.0806
6276.27,3.0,2.4254
6277.28,326.3,2.6619
6278.28,300.5,2.768
6279.29,327.4,2.993
6280.29,311.4,3.2351
6281.3,307.4,3.5018
6282.3,309.4,3.7502
6283.31,309.3,3.9627
6284.31,336.9,4.1406
6285.31,2.0,2.4688
6286.32,329.5,2.7069
6287.32,370.2,2.8604
6288.33,324.3,3.101
6289.33,303.5,3.3629
6290.34,306.4,3.6189
6291.34,311.4,3.9153
6292.35,340.8,4.1485
6293.35,2.0,2.4482
6294.35,350.9,2.7036
6295.35,356.3,2.9431
6296.36,318.4,3.2452
6297.36,307.4,3.5473
6298.37,315.4,3.8076
6299.37,323.8,4.0546
6300.38,1.0,2.4247
6301.38,325.6,2.6712
6302.39,346.5,2.8367
6303.39,320.1,3.1464
6304.39,307.5,3.4848
6305.4,312.5,3.7872
6306.4,330.7,4.0598
6307.41,1.0,2.3982
6308.41,299.0,2.6025
6309.42,354.3,2.8338
6310.42,1.0,2.4092
6311.43,307.7,2.6096
6312.43,352.0,2.8486
6313.43,319.4,3.001
6314.44,1.0,2.4366
6315.44,303.2,2.6059
6316.44,339.9,2.7927
6317.45,1.0,2.5014
6318.45,325.3,2.6523
6319.45,0.0,2.4513
6320.46,329.0,2.6378
6321.46,2.0,2.4047
6322.47,298.4,2.5966
6323.47,312.8,2.7225
6324.47,338.5,2.9466
6325.48,1.0,2.5771
6326.48,340.2,2.7316
6327.49,348.9,2.3176
6328.49,2.0,2.5645
6329.49,298.2,2.6714
6330.49,357.3,2.9227
6331.5,1.0,2.4834
6332.5,328.6,2.7343
6333.5,370.8,2.8573
6334.51,346.3,3.0518
6335.51,0.0,2.4788
6336.51,311.4,2.638
6337.52,365.8,2.8195
6338.52,2.0,2.4891
6339.52,329.0,2.8306
6340.53,308.6,3.155
6341.53,354.2,3.2492
6342.54,345.2,3.4043
6343.54,339.3,3.6623
6344.55,315.7,3.9241
6345.55,307.7,4.1867
6346.56,313.9,4.4647
6347.56,314.6,4.7112
6348.57,277.6,4.9397
6349.57,299.5,5.2181
6350.58,293.5,5.5233
6351.58,290.7,5.8037
6352.59,299.5,6.0744
6353.59,304.4,6.3621
6354.6,302.5,6.5918
6355.6,269.8,6.8607
6356.61,316.3,7.0833
6357.61,3.0,2.4295
6358.62,314.3,2.6193
6359.62,1.0,2.4291
6360.62,333.0,2.6252
6361.63,1.0,2.4635
6362.63,339.0,2.628
6363.63,0.0,2.4479
6364.64,355.0,2.6376
6365.64,1.0,2.4725
6366.64,302.2,2.6366
6367.64,1.0,2.4669
6368.65,328.1,2.6232
6369.65,0.0,2.4651
6370.65,314.1,2.6043
6371.66,2.0,2.4504
6372.66,298.8,2.6145
6373.66,1.0,2.4946
6374.67,2.0,2.4005
6375.67,296.7,2.6044
6376.68,317.5,2.8612
6377.68,370.0,2.9742
6378.68,320.5,3.1103
6379.69,323.5,3.2918
6380.69,313.0,3.4276
6381.7,308.5,3.7174
6382.7,312.6,4.1413
6383.71,167.1,4.6727
6384.71,116.4,5.3145
6385.72,3.0,2.4247
6386.72,316.4,2.6711
6387.72,312.0,2.8752
6388.73,355.8,3.0287
6389.73,352.2,3.3541
6390.74,267.6,3.8362
6391.74,2.0,2.4265
6392.74,338.1,2.7579
6393.75,344.0,2.9597
6394.75,348.8,3.126
6395.75,342.3,3.4403
6396.76,275.6,3.8386
6397.76,304.6,4.1703
6398.77,239.8,4.6574
6399.77,142.3,5.2782
6400.78,101.5,5.9398
6401.78,102.5,6.6003
6402.79,174.2,7.2394
6403.79,171.1,2.3214
6404.8,2.0,2.4733
6405.8,328.3,2.8129
6406.8,341.2,2.9375
6407.81,349.0,3.0807
6408.81,6.0,2.4069
6409.82,302.0,2.6439
6410.82,336.1,2.8853
6411.82,369.2,3.0306
6412.83,2.0,2.4317
6413.83,339.2,2.6788
6414.84,316.0,2.8761
6415.84,368.1,3.0068
6416.85,1.0,2.4057
6417.85,299.5,2.6158
6418.86,338.9,2.8643
6419.86,352.3,2.9874
6420.86,4.0,2.4339
6421.87,343.3,2.7782
6422.87,367.8,2.9205
6423.87,2.0,2.4641
6424.88,329.4,2.7716
6425.88,349.1,2.9037
6426.89,328.6,2.3216
6427.89,2.0,2.6297
6428.89,354.0,2.8573
6429.9,357.2,3.0539
6430.9,2.0,2.4713
6431.91,333.3,2.7748
6432.91,363.0,2.9005
6433.92,340.3,3.1386
6434.92,273.6,3.2877
6435.93,2.0,2.4274
6436.93,339.2,2.7304
6437.93,323.1,2.8464
6438.94,342.8,2.9896
6439.94,318.7,3.2804
6440.95,301.5,3.4904
6441.95,1468.4,2.4272
6442.96,338.7,2.6975
6443.96,308.3,2.8199
6444.96,345.2,2.9627
6445.97,264.7,3.0932
6446.97,190.0,3.562
6447.98,2.0,2.4471
6448.99,337.6,2.7574
6449.99,324.0,2.8658
6450.99,1.0,2.4155
6452.0,329.3,2.6942
6453.0,338.9,2.8551
6454.01,2.0,2.4511
6455.01,332.3,2.7421
6456.01,355.2,2.85
6457.02,1.0,2.4513
6458.02,336.3,2.7196
6459.02,346.9,2.8503
6460.03,2.0,2.4935
6461.03,337.1,2.7876
6462.03,369.9,2.9349
6463.04,336.7,3.1679
6464.04,326.3,3.3751
6465.05,317.0,3.5906
6466.05,2.0,2.4717
6467.05,334.1,2.761
6468.06,359.3,2.9713
6469.06,337.2,3.2036
6470.07,326.4,3.4284
6471.07,0.0,2.4244
6472.08,315.6,2.6195
6473.08,349.7,2.7494
6474.08,333.7,2.9559
6475.09,2.0,2.4364
6476.09,314.0,2.6432
6477.09,332.3,2.7827
6478.1,342.5,2.9738
6479.1,2.0,2.5187
6480.11,323.0,2.6973
6481.11,353.2,2.9011
6482.12,326.3,3.1692
6483.12,312.3,3.4519
6484.13,310.3,3.7434
6485.13,310.4,4.0496
6486.14,302.4,4.3736
6487.14,306.4,4.7146
6488.15,301.4,5.1564
6489.15,334.5,5.381
6490.16,320.3,5.6201
6491.16,277.6,2.3223
6492.17,0.0,2.5274
6493.17,351.0,2.7338
6494.18,344.3,3.0545
6495.18,319.4,3.4067
6496.19,312.4,3.8012
6497.19,304.4,4.211
6498.19,304.3,4.6284
6499.2,300.5,5.06
6500.2,327.0,5.3425
6501.21,321.4,5.5529
6502.21,317.4,5.7981
6503.22,291.5,6.0647
6504.22,1.0,2.4613
6505.22,345.2,2.6807
6506.23,354.6,2.9012
6507.23,318.7,3.1669
6508.24,311.4,3.4582
6509.24,313.7,3.7836
6510.25,304.4,4.1728
6511.25,324.0,4.4591
6512.25,329.3,4.7489
6513.26,169.1,4.8596
6514.26,198.0,4.9436
6515.27,133.3,5.0314
6516.27,143.3,2.3223
6517.28,1.0,2.6362
6518.28,324.9,2.81
6519.29,338.3,3.1272
6520.29,316.6,3.4805
6521.3,314.4,3.8378
6522.3,305.5,4.2124
6523.3,332.9,4.4845
6524.31,326.5,4.7314
6525.31,276.6,2.3223
6526.32,1.0,2.5691
6527.32,356.1,2.7202
6528.33,351.2,2.9816
6529.33,317.3,3.3324
6530.34,305.5,2.3223
6531.34,2.0,2.542
6532.34,319.5,2.8826
6533.35,343.0,3.0697
6534.35,348.2,3.2448
6535.36,290.0,3.4456
6536.36,338.4,3.666
6537.37,318.3,3.893
6538.37,4.0,2.4517
6539.37,330.9,2.627
6540.38,352.5,2.7853
6541.38,326.3,3.051
6542.39,306.4,3.3373
6543.39,2.0,2.47
6544.39,345.0,2.6333
6545.4,2.0,2.4715
6546.4,344.1,2.6425
6547.4,348.5,2.3226
6548.41,1.0,2.5741
6549.41,309.1,2.6739
6550.41,1.0,2.5311
6551.42,315.1,2.6644
6552.42,0.0,2.5164
6553.42,351.2,2.6862
6554.43,3.0,2.5503
6555.43,296.1,2.6631
6556.43,0.0,2.5645
6557.44,335.8,2.3229
6558.44,3.0,2.5784
6559.44,313.2,2.6775
6560.45,1.0,2.5743
6561.45,340.0,2.323
6562.45,0.0,2.5798
6563.45,2.0,2.47
6564.46,281.0,2.6179
6565.46,357.0,2.8007
6566.46,1.0,2.573
6567.47,342.1,2.7179
6568.47,0.0,2.4507
6569.47,333.0,2.6343
6570.48,342.3,2.3232
6571.48,3.0,2.5706
6572.49,1.0,2.4421
6573.49,353.2,2.6398
6574.5,1.0,2.4183
6575.5,295.9,2.587
6576.5,0.0,2.4366
6577.51,329.3,2.6747
6578.51,348.1,2.7884
6579.52,318.4,3.0331
6580.52,318.4,3.2694
6581.53,314.4,3.4902
6582.53,305.4,3.712
6583.54,306.6,3.9882
6584.54,314.4,4.2623
6585.55,331.3,4.4432
6586.55,3409.3,2.4931
6587.55,306.1,2.6852
6588.55,1.0,2.4322
6589.56,325.1,2.6319
6590.56,361.2,2.8492
6591.57,318.4,3.2805
6592.57,3.0,2.4529
6593.57,344.0,2.6403
6594.58,1.0,2.5843
6595.58,360.0,2.7351
6596.59,2.0,2.5642
6597.59,340.1,2.6837
6598.59,1817.5,2.5213
6599.6,289.1,2.6391
6600.6,1.0,2.4777
6601.6,296.1,2.64
6602.61,352.3,2.8883
6603.61,329.4,3.2302
6604.62,309.4,3.7183
6605.62,326.6,4.0548
6606.63,271.6,4.4996
6607.63,113.4,4.9736
6608.64,200.9,2.3243
6609.64,1.0,2.5532
6610.64,351.9,2.7192
6611.65,339.3,3.1313
6612.65,330.3,3.5238
6613.66,306.6,3.8855
6614.66,1.0,2.4965
6615.66,298.2,2.6472
6616.67,344.3,2.9247
6617.67,320.3,3.1951
6618.68,311.5,3.5651
6619.68,313.4,3.878
6620.69,276.8,4.3162
6621.69,139.3,4.8135
6622.7,221.9,5.3014
6623.7,103.5,5.8141
6624.7,107.7,6.3123
6625.71,136.4,6.7297
6626.71,138.3,6.8066
6627.72,113.4,6.847
6628.72,110.5,6.8783
6629.73,101.5,6.9027
6630.73,105.5,6.9305
6631.74,100.5,6.9606
6632.74,101.5,6.9791
6633.75,100.5,6.9983
6634.75,157.2,7.0354
6635.76,144.3,7.1328
6636.76,130.4,7.2607
6637.77,101.5,7.2607
6638.77,102.5,7.3138
6639.78,101.5,7.3393
6640.78,156.2,7.417
6641.79,169.1,7.4172
6642.8,1.0,2.4136
6643.8,301.5,2.6119
6644.8,361.9,2.7243
6645.81,3471.4,2.4384
6646.81,326.1,2.6395
6647.81,1.0,2.4288
6648.82,307.8,2.6357
6649.82,2.0,2.4341
6650.83,331.4,2.6426
6651.83,351.6,2.7558
6652.84,325.7,2.9879
6653.84,313.4,3.2296
6654.84,322.0,3.485
6655.85,1.0,2.4367
6656.85,322.1,2.6397
6657.86,358.1,2.8551
6658.86,337.4,3.1002
6659.86,0.0,2.4921
6660.87,360.9,2.6946
6661.87,5.0,2.5218
6662.87,316.1,2.6553
6663.88,0.0,2.407
6664.88,292.2,2.5999
6665.88,307.2,2.7139
6666.89,2.0,2.4881
6667.89,328.9,2.6885
6668.89,366.8,2.8218
6669.9,1.0,2.4589
6670.9,338.5,2.6865
6671.9,357.0,2.7974
6672.91,1.0,2.4314
6673.91,308.4,2.6616
6674.92,322.0,2.7806
6675.92,355.2,2.9511
6676.93,323.3,3.1982
6677.93,2.0,2.4888
6678.93,353.9,2.6852
6679.94,363.4,2.8377
6680.94,342.9,3.0696
6681.95,2.0,2.4458
6682.95,340.9,2.6967
6683.95,353.0,2.8702
6684.95,1.0,2.4975
6685.96,321.1,2.741
6686.96,358.1,2.9377
6687.96,328.4,3.2017
6688.97,2.0,2.5599
6689.97,323.1,2.7723
6690.97,358.2,2.9827
6691.98,1.0,2.362
6692.98,284.0,2.5995
6693.98,1.0,2.4487
6694.99,299.5,2.6143
6696.0,1.0,2.4463
6697.0,333.5,2.6348
6698.0,359.3,2.7683
6699.0,355.1,2.9865
6700.01,4.0,2.4397
6701.02,306.8,2.6154
6702.02,0.0,2.4448
6703.03,317.8,2.6239
6704.03,3.0,2.4628
6705.03,336.1,2.6377
6706.04,2.0,2.5337
6707.04,1.0,2.4484
6708.04,296.1,2.6169
6709.05,346.2,2.81
6710.05,340.7,3.019
6711.05,1.0,2.4934
6712.06,304.1,2.6446
6713.06,2.0,2.4834
6714.06,310.1,2.6381
6715.07,0.0,2.4694
6716.07,332.0,2.6463
6717.07,362.2,2.8227
6718.08,3.0,2.531
6719.08,321.4,2.8238
6720.09,284.7,3.1977
6721.09,172.1,3.5804
6722.1,101.5,4.0439
6723.1,105.5,4.5168
6724.11,170.1,4.9467
6725.11,295.2,5.0265
6726.11,331.6,5.135
6727.12,303.4,5.2607
6728.12,312.5,5.4282
6729.13,312.4,5.603
6730.13,288.4,5.7531
6731.14,1.0,2.3439
6732.14,280.2,2.6057
6733.15,292.2,2.7884
6734.15,352.1,2.3406
6735.15,1416.6,2.5881
6736.16,304.1,2.6928
6737.16,0.0,2.4386
6738.17,305.4,2.6219
6739.17,352.9,2.7915
6740.17,2.0,2.489
6741.18,317.5,2.7385
6742.18,366.9,2.848
6743.18,333.4,3.0357
6744.19,330.4,3.2555
6745.19,1.0,2.4261
6746.2,301.0,2.6808
6747.2,350.2,2.8173
6748.21,335.6,2.9974
6749.21,4.0,2.5481
6750.22,1.0,2.4495
6751.22,307.4,2.6183
6752.22,3.0,2.4592
6753.23,320.1,2.6515
6754.23,352.1,2.9422
6755.23,344.1,3.2505
6756.23,1.0,2.5841
6757.24,332.1,2.7033
6758.24,3801.6,2.5208
6759.24,300.2,2.6551
6760.25,0.0,2.4561
6761.25,306.4,2.6251
6762.26,3414.5,2.4761
6763.26,343.3,2.7757
6764.26,332.0,2.9287
6765.27,340.3,3.0751
6766.27,314.4,3.2694
6767.28,310.5,3.4818
6768.28,308.7,3.7592
6769.29,309.4,4.058
6770.29,303.4,4.3264
6771.3,308.5,4.6099
6772.3,303.5,4.9078
6773.31,305.4,5.1747
6774.31,302.5,5.3896
6775.32,309.8,5.6719
6776.32,308.4,5.9981
6777.33,312.3,6.3301
6778.33,306.4,6.6294
6779.34,312.5,2.3484
6780.34,1.0,2.5174
6781.34,332.1,2.8415
6782.35,344.1,2.9385
6783.35,342.3,3.1037
6784.36,323.6,3.3016
6785.36,315.3,3.5121
6786.37,317.5,3.7531
6787.37,313.4,3.9892
6788.38,303.4,4.2244
6789.38,308.4,4.4199
6790.39,303.5,4.6789
6791.39,305.4,4.9961
6792.4,305.7,5.2312
6793.4,302.4,5.4274
6794.41,306.4,5.7359
6795.41,310.4,6.0386
6796.42,301.7,6.3808
6797.42,307.2,6.7012
6798.43,2.0,2.447
6799.43,317.4,2.738
6800.43,339.0,2.9576
6801.44,345.3,3.149
6802.44,323.4,3.4047
6803.45,322.3,3.674
6804.45,312.8,3.9471
6805.46,312.4,4.2308
6806.46,308.4,4.5201
6807.47,304.4,4.7635
6808.47,307.5,5.0338
6809.48,306.4,5.3502
6810.48,302.4,5.5746
6811.49,303.4,5.7774
6812.49,309.7,6.1143
6813.5,313.4,6.4213
6814.5,309.4,6.7782
6815.51,309.4,7.0742
6816.51,9.0,2.4645
6817.51,1.0,2.4474
6818.52,314.0,2.6487
6819.52,1.0,2.4208
6820.52,301.1,2.6312
6821.53,1.0,2.617
6822.53,338.5,2.787
6823.54,345.2,3.0822
6824.54,311.5,3.5529
6825.55,279.4,4.0283
6826.56,181.1,4.5321
6827.56,258.7,4.817
6828.57,254.7,4.9257
6829.57,301.4,5.015
6830.58,300.5,5.1097
6831.58,210.1,5.1659
6832.59,258.7,5.302
6833.59,120.4,5.4468
6834.6,145.3,5.7334
6835.6,272.8,2.3503
6836.6,2.0,2.5364
6837.61,336.6,2.7304
6838.61,358.2,3.0033
6839.62,218.9,3.1215
6840.62,165.2,3.2107
6841.63,114.4,3.2747
6842.63,131.3,3.337
6843.64,104.5,3.3979
6844.64,110.4,3.4576
6845.65,113.5,3.5279
6846.65,202.0,3.5911
6847.66,235.8,3.6483
6848.66,101.5,3.6918
6849.67,100.6,3.7415
6850.67,103.5,3.7822
6851.68,102.5,3.8152
6852.68,102.5,3.8521
6853.69,102.5,3.8876
6854.69,104.5,3.9205
6855.7,98.5,3.9547
6856.7,103.5,3.9815
6857.71,101.5,4.0146
6858.71,117.4,4.0718
6859.72,125.4,4.13
6860.72,101.5,4.1869
6861.73,103.5,4.2481
6862.73,100.5,4.308
6863.74,101.5,4.3768
6864.74,101.5,4.4469
6865.75,104.5,4.5202
6866.75,100.6,4.5914
6867.76,101.5,4.663
6868.76,101.5,4.7351
6869.77,182.2,4.8125
6870.77,169.1,4.8904
6871.78,100.5,4.951
6872.78,103.5,5.0025
6873.79,101.5,5.0438
6874.79,100.5,5.0821
6875.8,102.5,5.1352
6876.8,106.5,5.1894
6877.81,100.6,5.2443
6878.81,117.4,5.3065
6879.82,101.5,5.3661
6880.82,102.5,5.418
6881.83,101.5,5.4575
6882.83,101.5,5.4943
6883.84,99.5,5.5241
6884.84,100.5,5.5504
6885.85,100.5,5.576
6886.85,100.5,5.5989
6887.86,100.5,5.624
6888.86,100.5,5.6503
6889.87,100.5,5.6744
6890.87,100.5,5.699
6891.88,113.4,5.7205
6892.88,145.3,5.7457
6893.89,102.5,5.7646
6894.89,114.4,5.7815
6895.9,124.4,5.7982
6896.9,114.5,5.8249
6897.91,102.5,5.8547
6898.91,102.5,5.8877
6899.92,102.5,5.925
6900.92,100.6,5.9665
6901.93,102.5,6.0136
6902.93,100.5,6.0616
6903.94,100.5,6.1118
6904.94,99.5,6.1703
6905.95,100.5,6.2387
6906.95,101.5,6.2855
6907.96,100.5,6.3298
6908.96,100.5,6.3707
6909.97,152.2,6.523
6910.97,184.2,7.066
6911.98,138.3,7.3247
6912.98,0.0,2.4611
6913.99,332.0,2.6327
6914.99,334.3,2.8035
6916.0,351.2,2.9574
6917.0,176.1,3.0096
6918.0,122.7,3.0452
6919.01,148.3,3.0968
6920.01,160.2,3.1377
6921.02,206.9,3.1749
6922.03,203.0,3.2141
6923.03,208.9,3.2524
6924.04,124.4,3.2833
6925.04,101.5,3.31
6926.05,161.2,3.3354
6927.05,100.5,3.3593
6928.06,108.5,3.3738
6929.06,99.5,3.3943
6930.07,100.5,3.4151
6931.07,102.5,3.4337
6932.08,99.5,3.4521
6933.08,102.6,3.4685
6934.08,101.5,3.4855
6935.09,100.5,3.5024
6936.1,149.2,3.5227
6937.1,102.5,3.537
6938.11,100.5,3.5312
6939.11,102.5,3.5443
6940.12,99.5,3.5572
6941.12,124.4,3.5702
6942.13,101.5,3.5818
6943.13,118.4,3.5941
6944.14,102.5,3.6089
6945.14,100.5,3.6226
6946.15,101.5,3.6349
6947.15,101.5,3.6466
6948.16,102.5,3.6579
6949.16,99.5,3.669
6950.17,100.5,3.6796
6951.17,100.5,3.6903
6952.18,109.4,3.7019
6953.18,100.5,3.7127
6954.19,117.4,3.7224
6955.19,100.5,3.7304
6956.2,112.4,3.7403
6957.2,101.5,3.7496
6958.21,99.5,3.7589
6959.21,101.5,3.768
6960.22,101.5,3.7765
6961.22,99.5,3.7851
6962.23,101.5,3.7935
6963.23,101.5,3.8019
6964.24,99.5,3.8105
6965.24,101.5,3.8183
6966.25,101.5,3.826
6967.25,99.5,3.8344
6968.26,104.7,3.8425
6969.26,101.5,3.8519
6970.27,100.6,3.8589
6971.27,100.6,3.8659
6972.28,101.5,3.873
6973.28,103.5,3.8807
6974.29,101.5,3.888
6975.29,100.5,3.8945
6976.3,100.5,3.9013
6977.3,100.5,3.9079
6978.31,102.5,3.9149
6979.31,99.5,3.9226
6980.32,99.5,3.9301
6981.32,101.5,3.9368
6982.33,100.5,3.9429
6983.33,100.5,3.9496
6984.34,116.5,3.9573
6985.34,2.0,2.5059
6986.34,337.2,2.6924
6987.35,354.5,2.8517
6988.35,2.0,2.4971
6989.35,343.3,2.649
6990.35,361.1,2.823
6991.36,0.0,2.6174
6992.36,366.1,2.7749
6993.37,341.9,2.9901
6994.37,278.6,3.1133
6995.38,204.0,3.1807
6996.38,161.6,3.3607
6997.38,0.0,2.536
6998.38,319.1,2.6866
6999.39,1509.1,2.4357
7000.39,292.1,2.6145
7001.4,322.0,2.7464
7002.4,346.6,2.9005
7003.41,309.4,3.1059
7004.41,271.6,3.1926
7005.42,259.7,3.3282
7006.42,231.0,3.4496
7007.43,240.7,3.5149
7008.43,290.5,3.8798
7009.44,178.1,4.541
7010.44,1433.2,2.4435
7011.45,296.5,2.6353
7012.45,351.9,2.7843
7013.45,1.0,2.4466
7014.46,292.9,2.6126
7015.46,330.0,2.7534
7016.47,2.0,2.4583
7017.47,336.9,2.6434
7018.47,371.5,2.8575
7019.48,310.4,3.3269
7020.48,221.9,3.837
7021.49,240.7,4.0106
7022.49,131.4,4.0774
7023.5,111.4,4.1302
7024.5,192.0,2.3511
7025.51,0.0,2.5433
7026.51,320.9,2.6855
7027.52,346.7,2.3511
7028.52,2.0,2.6091
7029.53,314.0,2.722
7030.53,0.0,2.4483
7031.53,304.5,2.6221
7032.54,342.9,2.7498
7033.54,1.0,2.388
7034.54,283.8,2.6061
7035.55,314.0,2.7003
7036.55,4.0,2.4825
7037.55,341.0,2.637
7038.56,4.0,2.3593
7039.56,289.5,2.6048
7040.57,318.2,2.7233
7041.57,344.3,2.9788
7042.58,328.5,3.2488
7043.58,346.5,3.469
7044.59,301.4,3.862
7045.59,257.9,2.3514
7046.59,1.0,2.6266
7047.6,313.2,2.7387
7048.6,351.4,3.038
7049.6,336.7,3.2629
7050.61,3.0,2.4626
7051.61,296.4,2.6412
7052.62,349.9,2.79
7053.62,338.0,3.0687
7054.62,335.5,3.2771
7055.63,5.0,2.4787
7056.63,299.4,2.6517
7057.64,362.1,2.8228
7058.65,337.2,3.1069
7059.65,341.2,3.2991
7060.65,6.0,2.4808
7061.66,328.0,2.6552
7062.66,360.9,2.8324
7063.67,333.6,3.1143
7064.67,342.2,3.3259
7065.68,2.0,2.4894
7066.68,315.1,2.6537
7067.68,363.5,2.8811
7068.69,328.3,3.1722
7069.69,346.1,3.368
7070.69,2.0,2.537
7071.7,341.0,2.702
7072.7,360.5,2.9162
7073.7,340.9,3.1249
7074.71,308.6,3.3282
7075.71,2.0,2.4814
7076.71,319.1,2.6568
7077.72,353.2,2.8529
7078.72,352.2,3.0666
7079.73,4.0,2.4537
7080.73,283.6,2.6291
7081.74,336.9,2.7611
7082.74,349.0,3.0013
7083.74,334.5,3.2784
7084.75,5.0,2.5094
7085.75,311.1,2.6597
7086.75,3.0,2.4958
7087.76,300.3,2.6604
7088.76,356.5,2.8498
7089.77,321.3,3.028
7090.77,3.0,2.5772
7091.77,300.1,2.7031
7092.78,309.1,3.0306
7093.78,4.0,2.5094
7094.78,347.2,2.6783
7095.79,4.0,2.4917
7096.79,313.0,2.6727
7097.79,351.9,2.8173
7098.8,3.0,2.4907
7099.8,301.3,2.6524
7100.8,355.8,2.7816
7101.8,3293.8,2.6283
7102.81,315.1,2.7295
7103.81,3.0,2.5838
7104.81,318.0,2.7237
7105.82,12.0,2.5535
7106.82,347.3,2.8373
7107.83,326.9,2.9451
7108.83,352.9,3.1826
7109.83,333.7,3.4391
7110.84,313.4,3.6907
7111.84,301.4,3.9325
7112.85,308.6,4.1838
7113.85,301.5,4.4242
7114.86,304.6,4.6986
7115.86,313.4,5.0246
7116.87,312.6,5.3237
7117.87,250.7,5.6498
7118.88,236.0,5.9364
7119.88,237.8,6.2123
7120.89,313.7,6.4441
7121.89,322.3,6.6761
7122.9,277.6,6.9189
7123.9,304.3,7.4432
7124.9,0.0,2.538
7125.9,347.0,2.8206
7126.91,351.0,2.9418
7127.91,344.6,3.1576
7128.92,1.0,2.5001
7129.92,308.4,2.7247
7130.92,315.0,2.8512
7131.93,356.8,3.0166
7132.93,344.3,3.2585
7133.93,2.0,2.5357
7134.94,332.3,2.7832
7135.94,344.9,2.8716
7136.95,349.5,3.0703
7137.95,312.3,2.4057
7138.95,1.0,2.64
7139.96,338.0,2.8688
7140.96,359.9,3.0414
7141.96,351.3,3.328
7142.97,3.0,2.5875
7143.97,304.1,2.7249
7144.97,1.0,2.642
7145.98,319.6,2.7881
7146.98,354.9,2.999
7147.99,295.5,3.2366
7148.99,166.1,3.4486
7150.0,177.1,3.6312
7151.0,1537.5,2.4451
7152.01,284.5,2.6654
7153.01,327.0,2.7542
7154.01,3.0,2.5681
7155.01,335.3,2.8025
7156.02,348.1,2.9618
7157.02,333.4,3.2006
7158.03,326.3,3.4385
7159.03,306.5,3.6828
7160.04,340.4,3.8494
7161.04,1.0,2.5155
7162.04,319.1,2.695
7163.05,4.0,2.6991
7164.05,349.1,2.8817
7165.06,338.6,3.1824
7166.06,323.3,3.49
7167.06,319.0,3.7825
7168.07,7.0,2.4109
7169.07,25.9,2.7079
7170.08,340.9,2.8852
7171.08,332.3,3.1735
7172.09,330.3,3.4642
7173.09,318.7,3.7642
7174.09,349.8,3.9863
7175.1,2.0,2.5754
7176.1,305.1,2.7248
7177.1,1831.7,2.6315
7178.11,351.9,2.795
7179.11,358.5,2.9568
7180.11,2.0,2.6319
7181.12,349.9,2.8101
7182.12,353.9,3.0295
7183.13,330.3,3.2945
7184.13,344.4,3.4949
7185.13,1.0,2.5625
7186.14,291.3,2.7233
7187.14,338.6,2.9216
7188.15,317.5,3.2348
7189.15,2.0,2.5282
7190.16,321.3,2.7216
7191.16,352.2,2.8443
7192.16,337.3,3.1385
7193.17,296.5,3.3539
7194.17,6.0,2.5599
7195.18,339.6,2.7815
7196.18,343.3,2.9397
7197.19,334.3,3.1651
7198.19,310.4,3.4244
7199.2,310.6,3.7126
7200.2,314.4,3.9765
7201.21,313.4,4.2604
7202.21,310.4,4.5294
7203.22,320.9,4.8357
7204.22,344.3,5.0855
7205.22,1.0,2.6151
7206.23,334.3,2.8751
7207.23,348.5,3.0331
7208.24,320.4,3.2673
7209.24,313.4,3.5116
7210.24,307.5,3.7482
7211.25,315.4,4.0329
7212.26,1.0,2.5614
7213.26,338.1,2.748
7214.26,3070.4,2.5396
7215.27,331.3,2.8772
7216.27,329.2,3.0916
7217.27,338.7,3.2921
7218.28,345.9,3.5336
7219.28,319.7,3.8456
7220.29,322.4,4.1382
7221.29,316.3,4.3803
7222.29,3.0,2.5824
7223.3,331.3,2.9925
7224.3,357.9,3.1313
7225.3,338.0,3.2643
7226.31,325.4,3.4409
7227.32,318.3,3.6223
7228.32,306.0,3.895
7229.32,316.4,4.1062
7230.33,307.5,4.3042
7231.33,3.0,2.5465
7232.33,343.0,2.7393
7233.34,2.0,2.5064
7234.34,285.5,2.7151
7235.35,305.6,3.0496
7236.35,300.1,3.2363
7237.35,366.8,3.4641
7238.36,346.3,3.6769
7239.36,326.3,3.9219
7240.37,315.4,4.1485
7241.37,313.4,4.4534
7242.38,307.4,4.7238
7243.38,305.5,5.0391
7244.39,295.4,5.2859
7245.39,305.5,5.5611
7246.4,304.4,5.7998
7247.41,302.4,6.071
7248.41,304.5,6.347
7249.42,312.4,6.5817
7250.42,310.4,6.8223
7251.43,252.7,7.117
7252.43,193.0,7.3529
7253.44,247.7,7.7511
7254.44,173.1,7.7977
7255.44,255.2,7.7979
7256.45,3.0,2.5375
7257.45,329.3,2.8473
7258.46,307.8,3.2171
7259.46,363.0,3.4136
7260.47,349.5,3.5887
7261.47,330.0,3.786
7262.47,315.7,3.9382
7263.48,309.4,4.1121
7264.48,314.4,4.3511
7265.49,303.4,4.6199
7266.49,306.4,4.9062
7267.5,308.4,5.2084
7268.5,301.4,5.4511
7269.51,309.6,5.7037
7270.51,301.6,5.9594
7271.52,305.4,6.2409
7272.52,304.4,6.4586
7273.53,309.3,6.717
7274.53,312.4,6.985
7275.54,241.7,7.2544
7276.54,208.4,7.6092
7277.55,177.1,7.7387
7278.55,138.3,7.7387
7279.56,233.3,7.8391
7280.56,2.0,2.5198
7281.56,296.7,2.7236
7282.57,338.7,2.8635
7283.57,325.0,3.1291
7284.58,314.4,3.3895
7285.58,337.0,3.5874
7286.59,1.0,2.5447
7287.59,312.2,2.7419
7288.59,361.9,2.9824
7289.6,337.3,3.3186
7290.6,335.8,3.5658
7291.61,1.0,2.5463
7292.61,341.5,2.793
7293.61,383.8,2.9708
7294.62,2.0,2.7132
7295.62,361.9,2.8829
7296.63,3.0,2.574
7297.63,333.0,2.7617
7298.63,2.0,2.4876
7299.64,285.1,2.705
7300.64,306.1,2.8292
7301.64,355.0,3.077
7302.65,3.0,2.6531
7303.65,327.1,2.819
7304.65,332.0,3.0514
7305.66,313.4,3.2744
7306.66,341.9,3.4618
7307.67,1.0,2.5648
7308.67,321.0,2.7588
7309.67,347.0,2.9608
7310.68,317.5,3.2048
7311.68,333.9,3.4184
7312.68,337.4,3.6209
7313.69,3.0,2.5654
7314.69,329.7,2.7619
7315.7,348.2,2.9289
7316.7,311.4,3.1686
7317.71,320.8,3.4096
7318.71,303.5,3.5326
7319.72,1.0,2.6372
7320.72,295.2,2.7807
7321.73,345.3,3.0101
7322.73,327.3,3.3137
7323.73,347.0,3.5385
7324.74,2.0,2.5963
7325.74,304.1,2.774
7326.74,341.6,3.0013
7327.75,318.3,3.2834
7328.75,335.4,3.5031
7329.76,3.0,2.5928
7330.76,289.1,2.7611
7331.77,344.4,2.9529
7332.77,311.4,3.1899
7333.77,327.6,3.4087
7334.78,336.3,3.6016
7335.78,3.0,2.5981
7336.78,297.1,2.7696
7337.79,348.9,2.968
7338.79,316.4,3.207
7339.79,329.0,3.4299
7340.8,2.0,2.5468
7341.8,291.5,2.7341
7342.81,325.3,2.8817
7343.81,318.3,3.1653
7344.82,334.9,3.4224
7345.82,3.0,2.5466
7346.82,324.1,2.7559
7347.83,349.0,2.9962
7348.83,324.0,3.299
7349.83,351.0,3.5306
7350.83,13.0,2.5721
7351.84,306.1,2.7391
7352.84,357.6,2.9395
7353.85,1.0,2.5877
7354.85,341.1,2.7536
7355.85,369.3,3.0243
7356.86,2.0,2.5909
7357.86,305.7,2.7745
7358.86,348.4,2.9747
7359.87,314.4,3.2036
7360.87,333.9,3.421
7361.88,2.0,2.5347
7362.88,302.4,2.7407
7363.89,329.3,2.8439
7364.89,322.4,3.0724
7365.9,307.4,3.3069
7366.9,338.5,3.488
7367.91,2.0,2.5155
7368.91,299.2,2.7224
7369.91,339.3,2.8272
7370.91,332.6,3.0494
7371.92,308.4,3.2694
7372.92,337.8,3.4716
7373.93,1.0,2.4544
7374.93,282.1,2.7193
7375.93,347.9,2.8759
7376.94,323.4,3.174
7377.94,341.3,3.4252
7378.95,1.0,2.5472
7379.95,308.4,2.7611
7380.96,311.6,2.8828
7381.96,326.3,3.1858
7382.96,341.9,3.4456
7383.97,1.0,2.5317
7384.97,298.8,2.7286
7385.98,312.0,2.8407
7386.98,333.3,3.1286
7387.98,324.0,3.3998
7388.99,1.0,2.5275
7389.99,305.0,2.7617
7390.99,353.0,2.9238
7392.0,345.3,3.1626
7393.0,328.1,3.4037
7394.01,347.2,3.5746
7395.01,0.0,2.6102
7396.01,334.1,2.8076
7397.02,361.2,3.1063
7398.02,323.3,3.4027
7399.03,340.6,3.5624
7400.03,1.0,2.7297
7401.04,347.6,2.8916
7402.04,327.6,3.192
7403.04,334.9,3.4459
7404.05,2.0,2.5245
7405.05,289.5,2.7376
7406.06,330.6,2.8435
7407.06,348.1,3.1269
7408.07,321.3,3.3646
7409.07,337.2,3.5267
7410.08,1439.9,2.562
7411.08,318.8,2.748
7412.09,343.3,2.8912
7413.09,331.3,3.1393
7414.09,324.0,3.3915
7415.1,340.3,3.5989
7416.1,3.0,2.631
7417.1,330.0,2.8092
7418.11,347.2,3.0954
7419.11,331.8,3.4055
7420.12,342.3,3.5994
7421.12,2.0,2.5827
7422.12,314.1,2.7836
7423.13,355.2,2.9995
7424.13,328.3,3.2494
7425.14,330.7,3.4456
7426.14,0.0,2.4942
7427.15,297.3,2.7254
7428.15,325.0,2.8222
7429.15,332.3,3.0484
7430.16,314.4,3.2799
7431.16,344.4,3.463
7432.17,2.0,2.5657
7433.17,322.9,2.767
7434.17,362.0,2.9667
7435.18,334.3,3.2093
7436.18,330.2,3.4254
7437.19,310.5,2.4506
7438.19,3.0,2.7028
7439.19,319.1,2.4533
7440.2,3.0,2.7035
7441.2,345.0,2.8164
7442.2,1.0,2.5761
7443.21,346.2,2.8328
7444.21,2.0,2.5508
7445.22,324.0,2.7647
7446.22,330.7,2.4536
7447.22,1.0,2.7075
7448.23,343.0,2.8676
7449.23,1.0,2.5874
7450.23,341.3,2.8384
7451.24,2.0,2.5512
7452.24,310.4,2.7637
7453.25,348.9,2.9149
7454.25,1.0,2.6223
7455.25,337.9,2.8532
7456.26,0.0,2.61
7457.26,354.1,2.8529
7458.26,1842.1,2.5723
7459.27,330.3,2.8494
7460.27,323.2,3.0429
7461.27,0.0,2.5883
7462.28,318.0,2.7578
7463.28,357.2,2.9465
7464.29,302.4,3.429
7465.29,334.9,3.7461
7466.29,4262.1,2.6493
7467.3,324.4,3.0041
7468.3,1.0,2.5606
7469.31,324.0,2.7605
7470.31,359.5,2.9664
7471.31,1.0,2.623
7472.32,326.0,2.7994
7473.32,353.2,2.9823
7474.32,1.0,2.6988
7475.33,341.0,2.8534
7476.33,2.0,2.5343
7477.34,287.1,2.7339
7478.34,326.1,2.8412
7479.34,353.2,3.0312
7480.35,2.0,2.6569
7481.35,323.0,2.8115
7482.35,366.1,2.9908
7483.36,3.0,2.5736
7484.36,303.2,2.7441
7485.36,0.0,2.556
7486.37,287.5,2.742
7487.37,332.9,2.894
7488.37,345.2,3.1478
7489.38,313.4,3.3975
7490.38,1.0,2.6133
7491.39,301.1,2.7696
7492.39,353.0,2.9914
7493.39,336.3,3.2101
7494.4,246.2,3.3421
7495.4,1.0,2.645
7496.4,338.0,2.7937
7497.41,1.0,2.5548
7498.42,296.6,2.7136
7499.42,338.1,2.8412
7500.42,2.0,2.5679
7501.43,301.4,2.7491
7502.43,353.0,2.8942
7503.44,1.0,2.7253
7504.44,343.0,2.8583
7505.45,0.0,2.6329
7506.45,282.2,2.7708
7507.45,2.0,2.5577
7508.45,305.2,2.7613
7509.46,364.9,2.9475
7510.46,954.2,2.5562
7511.47,301.8,2.7383
7512.47,366.8,2.8935
7513.47,1.0,2.7247
7514.48,359.9,2.9121
7515.48,2.0,2.576
7516.49,305.4,2.7518
7517.49,362.9,2.4601
7518.49,2.0,2.7115
7519.49,325.1,2.8165
7520.5,350.8,2.9917
7521.5,30.9,2.6595
7522.51,343.6,2.9101
7523.51,361.5,3.1021
7524.51,336.3,3.4206
7525.52,312.4,3.7281
7526.52,308.7,4.0567
7527.53,312.2,4.4249
7528.54,309.2,4.7859
7529.54,315.7,5.102
7530.54,333.2,5.3659
7531.55,40.9,2.6433
7532.55,342.8,2.9181
7533.55,361.0,3.0787
7534.56,333.4,3.3479
7535.56,204.9,3.4349
7536.57,255.1,3.6225
7537.57,5.0,2.7572
7538.57,331.3,2.9265
7539.58,341.3,3.1792
7540.58,321.4,3.4588
7541.59,309.4,3.7221
7542.59,322.3,3.9396
7543.59,334.2,4.1458
7544.6,303.7,4.5668
7545.6,203.9,5.034
7546.61,210.3,5.5237
7547.61,184.1,5.9884
7548.62,138.3,6.4831
7549.62,226.0,2.5192
7550.62,1.0,2.7757
7551.63,344.1,2.947
7552.63,334.1,3.2401
7553.64,311.7,3.5055
7554.64,313.2,3.8143
7555.65,346.0,3.9769
7556.65,280.7,2.5193
7557.66,2.0,2.7701
7558.66,304.0,2.8875
7559.66,338.9,3.123
7560.67,313.4,3.391
7561.67,306.6,3.6652
7562.68,332.3,3.8877
7563.68,2.0,2.6096
7564.69,298.5,2.8239
7565.69,342.2,3.0039
7566.7,324.3,3.2581
7567.71,310.0,3.5461
7568.71,318.9,3.8142
7569.71,342.3,3.9898
7570.72,309.4,4.413
7571.72,2.0,2.6326
7572.73,328.2,2.8196
7573.73,1.0,2.6038
7574.74,273.6,2.774
7575.74,312.0,2.8747
7576.74,0.0,2.7581
7577.75,1.0,2.6179
7578.75,309.0,2.7986
7579.76,2.0,2.6231
7580.76,316.2,2.7997
7581.76,1.0,2.6487
7582.76,356.9,2.8301
7583.77,0.0,2.7136
7584.77,1.0,2.5385
7585.78,292.7,2.7906
7586.78,4.0,2.5408
7587.78,276.1,2.7739
7588.79,311.2,2.8689
