Time_Sec,CPU_Percent,Memory_GB
0.0,0.0,0.0009
1.01,209.3,0.1889
2.01,59.8,0.411
3.01,228.1,0.5734
4.02,307.2,0.8154
5.02,246.9,0.894
6.02,327.5,0.9742
7.03,333.0,1.0746
8.03,343.6,1.2013
9.04,300.9,1.3416
10.04,306.1,1.3986
11.04,129.7,1.5385
12.05,1774.3,1.7393
13.05,328.1,1.9282
14.05,365.1,2.1843
15.06,344.9,2.3929
16.06,35.9,1.7701
17.07,340.2,2.0644
18.07,321.2,2.3191
19.07,359.9,2.4806
20.08,332.3,2.7899
21.08,320.4,3.0763
22.09,314.3,3.2855
23.09,308.3,3.4897
24.1,308.3,3.6852
25.1,303.3,3.8822
26.11,309.5,4.1336
27.11,304.3,4.2614
28.12,302.2,4.4536
29.13,301.3,4.5866
30.13,303.5,4.7246
31.13,299.9,4.8837
32.14,290.4,5.0969
33.14,214.8,5.1875
34.15,143.3,5.2822
35.16,161.1,5.3768
36.16,163.1,5.5493
37.17,154.2,5.6208
38.17,129.3,5.7071
39.18,127.3,5.7728
40.18,193.0,5.8925
41.19,131.3,6.0139
42.19,123.3,6.1366
43.2,127.4,6.2364
44.2,101.6,6.2874
45.21,106.4,6.3701
46.21,105.4,6.4614
47.22,120.4,6.5446
48.22,148.1,6.6056
49.23,177.0,6.9037
50.23,104.4,6.9557
51.24,104.4,6.9557
52.24,165.1,6.9557
53.25,102.5,6.9558
54.26,101.5,6.9558
55.26,109.5,6.9558
56.27,210.9,6.9558
57.27,100.5,6.9558
58.28,130.3,6.9558
59.28,106.4,6.9558
60.29,101.5,6.9558
61.29,124.3,6.9558
62.3,109.4,6.9558
63.3,105.5,6.9558
64.31,100.5,6.9558
65.31,112.4,6.9558
66.32,108.4,6.9558
67.32,109.4,6.9558
68.33,155.2,6.9558
69.33,102.5,6.9559
70.34,167.1,6.9559
71.34,108.4,6.956
72.35,100.5,6.956
73.36,101.5,6.9728
74.36,103.5,7.0461
75.37,107.4,7.0561
76.37,130.3,7.0561
77.37,200.4,7.0561
78.38,242.9,7.0563
79.38,129.3,7.0564
80.39,102.5,7.0564
81.39,112.4,7.0564
82.4,165.1,7.3229
83.41,100.5,7.3708
84.41,107.5,7.3708
85.42,105.4,7.3711
86.42,112.4,7.3711
87.43,111.4,7.3712
88.43,103.5,7.3713
89.44,100.5,7.3713
90.44,101.5,7.3713
91.45,101.5,7.3713
92.45,155.2,7.3847
93.46,102.5,7.3847
94.46,101.5,7.3847
95.47,103.5,7.3847
96.47,100.5,7.3847
97.48,100.5,7.3847
98.48,100.5,7.3847
99.49,100.5,7.3847
100.49,100.5,7.3847
101.5,150.2,7.3851
102.5,105.5,7.3851
103.51,103.5,7.3851
104.51,100.6,7.3851
105.52,100.5,7.3851
106.52,101.5,7.3851
107.53,99.5,7.3851
108.53,101.6,7.3851
109.54,103.5,7.3851
110.54,145.2,7.3854
111.55,100.5,7.3854
112.55,100.5,7.3854
113.56,102.5,7.3854
114.56,101.6,7.3854
115.57,99.5,7.3854
116.57,102.5,7.3854
117.58,100.6,7.3854
118.58,101.5,7.3854
119.59,157.1,7.6486
120.59,101.5,7.6486
121.6,101.6,7.6486
122.6,101.5,7.6486
123.61,106.5,7.6486
124.61,99.5,7.6486
125.62,101.5,7.6486
126.62,99.5,7.6486
127.63,101.5,7.6486
128.63,99.5,7.6486
129.64,109.4,7.6486
130.65,103.5,7.9044
131.65,100.5,8.219
132.66,206.9,8.5131
133.66,99.5,8.5131
134.67,101.5,8.5131
135.67,100.5,8.5131
136.68,99.5,8.5131
137.68,102.5,8.5131
138.69,108.4,8.5131
139.69,99.5,8.5132
140.7,100.5,8.5132
141.7,100.8,8.5132
142.7,101.8,8.5132
143.71,100.6,8.5136
144.71,100.7,8.5136
145.71,100.5,8.5136
146.72,100.5,8.5136
147.72,103.5,8.5136
148.73,99.5,8.5136
149.73,99.5,8.5136
150.74,101.5,8.5136
151.74,114.4,8.5136
152.75,101.5,8.5136
153.75,101.5,8.5136
154.76,99.5,8.5136
155.76,103.5,8.514
156.77,100.5,8.514
157.77,99.6,8.514
158.78,101.5,8.514
159.78,101.5,8.514
160.79,102.5,8.514
161.79,100.6,8.514
162.8,100.7,8.514
163.8,102.5,8.514
164.81,101.5,8.514
165.81,100.5,8.514
166.82,101.5,8.514
167.82,100.6,8.514
168.83,104.5,8.514
169.83,99.5,8.514
170.84,101.5,8.514
171.84,101.5,8.514
172.85,101.5,8.514
173.85,101.5,8.514
174.86,100.6,8.514
175.86,100.5,8.514
176.87,101.5,8.514
177.87,100.5,8.514
178.88,105.5,8.514
179.88,100.5,8.514
180.89,100.5,8.514
181.89,99.5,8.514
182.9,106.5,8.514
183.9,100.5,8.514
184.91,101.5,8.514
185.91,100.5,8.514
186.92,100.5,8.514
187.92,100.5,8.5141
188.93,101.5,8.5141
189.93,101.5,8.5141
190.94,99.5,8.5141
191.95,100.5,8.5141
192.95,100.5,8.5141
193.96,99.5,8.5141
194.96,101.5,8.5141
195.97,103.5,8.5141
196.97,99.5,8.5141
197.98,101.5,8.5142
198.98,100.5,8.5142
199.99,100.5,8.5142
200.99,99.5,8.5142
202.0,100.5,8.5142
203.0,102.5,8.5142
204.01,99.5,8.5142
205.01,100.5,8.5142
206.02,100.5,8.5142
207.02,100.5,8.5142
208.03,101.5,8.5142
209.03,100.5,8.5142
210.04,101.5,8.5142
211.05,99.5,8.5142
212.05,102.5,8.5142
213.06,100.5,8.5142
214.06,99.5,8.5142
215.07,102.5,8.5142
216.07,100.5,8.5142
217.08,100.5,8.5142
218.08,101.5,8.5142
219.09,103.5,8.5142
220.09,103.5,8.5142
221.1,100.5,8.5142
222.1,100.5,8.5142
223.11,100.5,8.5142
224.11,100.5,8.5142
225.12,100.5,8.5142
226.12,101.5,8.5142
227.13,100.5,8.5142
228.13,100.5,8.5142
229.14,100.5,8.5142
230.14,100.5,8.5144
231.15,101.5,8.5144
232.16,99.5,8.5144
233.16,101.5,8.5144
234.17,100.5,8.5144
235.17,100.5,8.5144
236.18,102.5,8.5144
237.18,101.5,8.5144
238.19,100.5,8.5144
239.19,99.5,8.5144
240.2,101.5,8.5145
241.2,100.5,8.5145
242.21,101.5,8.5145
243.21,101.5,8.5145
244.22,100.5,8.5145
245.22,100.5,8.5145
246.23,102.5,8.5145
247.23,99.5,8.5145
248.24,101.3,8.5145
249.25,100.5,8.5145
250.25,101.5,8.5146
251.26,100.5,8.5146
252.26,100.5,8.5146
253.27,100.6,8.5146
254.27,102.5,8.5146
255.28,100.5,8.5146
256.28,100.5,8.5146
257.29,101.4,8.5146
258.29,100.5,8.5146
259.3,101.5,8.5146
260.3,100.5,8.5146
261.31,100.5,8.5146
262.31,101.5,8.5146
263.32,100.6,8.5146
264.32,102.5,8.5146
265.33,99.5,8.5146
266.33,101.6,8.5146
267.34,101.5,8.5146
268.34,99.5,8.5146
269.35,101.5,8.5146
270.35,101.5,8.5146
271.36,99.5,8.5146
272.36,100.5,8.5146
273.37,101.5,8.5147
274.37,100.5,8.5147
275.38,100.4,8.5147
276.38,99.5,8.5147
277.39,100.5,8.5147
278.39,101.5,8.5147
279.4,100.4,8.5149
280.41,101.5,8.5149
281.41,100.5,8.5149
282.42,101.5,8.5149
283.42,100.5,8.5149
284.43,101.5,8.5149
285.43,101.5,8.5149
286.44,106.4,8.5149
287.44,101.5,8.5149
288.45,99.5,8.5149
289.45,100.5,8.5149
290.46,100.5,8.5149
291.46,101.5,8.5149
292.47,100.5,8.5149
293.47,100.6,8.5149
294.48,101.5,8.5149
295.48,99.5,8.5149
296.49,100.5,8.5149
297.49,102.5,8.5149
298.5,101.5,8.5149
299.5,99.5,8.5149
300.51,102.5,8.5149
301.51,99.5,8.5149
302.52,102.5,8.5149
303.52,99.5,8.5149
304.53,100.5,8.5149
305.53,100.5,8.5149
306.54,101.5,8.5149
307.54,100.5,8.5151
308.55,100.5,8.5155
309.55,101.5,8.5155
310.56,101.5,8.5155
311.56,100.5,8.5155
312.57,100.5,8.5155
313.57,101.6,8.5155
314.58,101.5,8.5155
315.58,101.5,8.5155
316.59,5.0,1.8608
317.59,311.0,1.9842
318.6,265.7,2.0825
319.6,184.5,2.1236
320.6,241.8,2.1654
321.61,221.8,2.2754
322.61,15.0,1.7761
323.61,313.1,1.9447
324.62,5.0,1.742
325.62,304.0,1.9159
326.63,338.0,2.0352
327.63,9.0,1.7576
328.63,299.1,1.9241
329.64,2.0,1.7052
330.64,292.1,1.9122
331.65,324.0,2.0184
332.65,5.0,1.8139
333.65,307.1,1.9637
334.65,353.5,2.1745
335.66,10.0,1.8085
336.66,315.0,1.9705
337.67,355.4,2.1548
338.67,13.0,1.7802
339.67,335.4,2.0683
340.68,310.3,2.4032
341.68,302.0,2.6253
342.69,365.9,2.7875
343.69,335.3,3.0175
344.69,315.0,3.2771
345.7,312.3,3.5429
346.7,304.5,3.8033
347.71,314.5,4.0384
348.71,305.5,4.2239
349.72,302.3,4.4517
350.72,304.3,4.6294
351.73,305.4,4.8012
352.73,302.3,5.0764
353.74,305.4,5.2458
354.74,301.4,5.3774
355.75,302.3,5.539
356.75,303.4,5.7867
357.76,295.0,5.9289
358.76,214.0,6.0574
359.77,193.9,6.4216
360.77,115.4,6.5564
361.78,231.8,6.9807
362.78,122.3,7.0327
363.79,181.0,7.0328
364.79,139.3,7.0329
365.8,163.1,7.0329
366.8,199.9,7.0329
367.81,163.1,7.0329
368.82,105.4,7.0331
369.82,110.4,7.0331
370.83,137.3,7.0331
371.83,119.4,7.0331
372.84,104.4,7.0331
373.84,106.6,7.0331
374.85,104.5,7.0331
375.85,107.4,7.0331
376.86,144.2,7.0331
377.86,202.0,7.0331
378.87,130.3,7.0332
379.87,125.3,7.1332
380.88,113.4,7.1332
381.88,141.2,7.1332
382.89,156.2,7.1332
383.89,105.4,7.1332
384.9,106.6,7.1332
385.9,100.5,7.1332
386.91,99.5,7.1332
387.91,101.5,7.1332
388.92,102.4,7.1332
389.93,102.5,7.1332
390.93,100.5,7.1332
391.94,108.5,7.1332
392.94,103.4,7.1332
393.95,121.3,7.1332
394.95,160.1,7.1332
395.96,138.2,7.1332
396.96,238.7,7.5193
397.97,201.0,7.5673
398.97,117.4,7.5673
399.98,100.4,7.5673
400.98,104.4,7.5673
401.99,108.5,7.5673
403.0,105.4,7.5673
404.0,127.3,7.5673
405.01,102.5,7.5673
406.01,107.4,7.5673
407.02,127.3,7.5673
408.02,106.5,7.5673
409.03,101.4,7.5673
410.03,102.4,7.5673
411.04,101.4,7.5673
412.04,100.5,7.5673
413.05,100.5,7.5673
414.05,102.5,7.5673
415.06,100.5,7.5673
416.07,100.5,7.5673
417.07,100.4,7.5673
418.08,100.5,7.5673
419.08,102.5,7.5673
420.09,121.3,7.5673
421.09,100.5,7.5673
422.1,101.5,7.5673
423.1,103.4,7.5673
424.11,112.4,7.5673
425.11,116.4,7.5673
426.12,100.5,7.5673
427.12,100.4,7.5673
428.13,100.5,7.5673
429.14,103.4,7.5673
430.14,101.5,7.5673
431.15,100.5,7.5673
432.15,101.5,7.5673
433.16,101.5,7.5673
434.16,101.5,7.5673
435.17,99.5,7.5673
436.17,101.4,7.5673
437.18,100.5,7.5673
438.18,103.4,7.5673
439.19,102.5,7.5673
440.19,108.4,7.5673
441.2,114.4,7.5673
442.2,99.5,7.5673
443.21,102.5,7.5673
444.22,103.5,7.5673
445.22,101.5,7.5673
446.23,99.5,7.5673
447.23,102.4,7.5673
448.24,258.6,7.7152
449.24,155.2,7.7152
450.25,105.4,7.7152
451.25,218.8,7.7153
452.26,241.8,7.7158
453.26,146.2,7.7158
454.27,151.2,7.7158
455.27,105.6,7.7158
456.28,115.4,7.7158
457.28,101.5,7.7158
458.29,102.5,7.7158
459.29,177.1,7.7623
460.3,101.5,7.7623
461.3,106.4,7.7623
462.31,110.4,7.7623
463.31,100.5,7.7623
464.32,101.5,7.7623
465.32,101.5,7.7623
466.33,104.4,7.7628
467.33,180.1,7.7628
468.34,101.5,7.7628
469.34,117.4,7.7628
470.35,99.5,7.7628
471.35,101.5,7.7628
472.36,101.5,7.7628
473.37,102.5,7.7628
474.37,101.6,7.7628
475.37,187.1,8.1012
476.38,134.3,8.1013
477.38,104.5,8.1013
478.39,102.5,8.1013
479.39,100.5,8.1013
480.4,102.5,8.1013
481.4,100.5,8.1013
482.41,101.6,8.1013
483.41,150.6,8.4544
484.42,190.0,8.7356
485.42,99.5,8.7356
486.43,101.5,8.7356
487.43,105.5,8.7363
488.44,100.5,8.7363
489.44,100.6,8.7363
490.45,100.5,8.7363
491.45,100.5,8.7353
492.46,100.5,8.7354
493.46,100.5,8.7354
494.47,176.1,8.8412
495.47,100.5,8.8412
496.48,102.5,8.8412
497.48,99.6,8.8412
498.49,101.5,8.8412
499.49,103.5,8.8412
500.5,100.5,8.8412
501.5,99.5,8.8412
502.51,102.5,8.8413
503.51,101.5,8.8433
504.52,101.5,8.8433
505.52,100.6,8.8433
506.53,101.5,8.8433
507.53,100.5,8.8433
508.54,100.5,8.8433
509.54,101.5,8.8433
510.55,101.5,8.8433
511.55,99.5,8.8433
512.56,100.5,8.8441
513.56,101.5,8.8441
514.57,100.5,8.8441
515.57,100.5,8.8441
516.58,99.5,8.8441
517.58,101.5,8.8441
518.59,99.5,8.8441
519.59,101.5,8.8441
520.6,100.5,8.8441
521.6,102.5,8.8441
522.61,101.4,8.8441
523.61,99.5,8.8441
524.62,101.6,8.8441
525.62,99.5,8.8441
526.63,101.5,8.8441
527.63,101.5,8.8441
528.64,99.5,8.8441
529.65,101.5,8.8441
530.65,100.6,8.8441
531.65,100.5,8.8444
532.66,101.5,8.8444
533.66,101.5,8.8444
534.67,100.5,8.8444
535.68,100.5,8.8444
536.68,102.5,8.8444
537.69,100.5,8.8444
538.69,105.5,8.8444
539.7,101.5,8.8444
540.7,100.5,8.8444
541.71,101.5,8.8444
542.71,102.5,8.8444
543.72,99.5,8.8444
544.72,101.5,8.8444
545.73,99.5,8.8444
546.73,100.5,8.8444
547.74,100.5,8.8444
548.74,100.5,8.8444
549.75,100.5,8.8444
550.75,101.5,8.8444
551.76,103.5,8.8445
552.76,102.5,8.8445
553.77,101.5,8.8445
554.78,100.5,8.8445
555.78,99.5,8.8445
556.79,101.5,8.8445
557.79,101.5,8.8445
558.8,101.5,8.8447
559.8,99.5,8.8447
560.81,101.5,8.8447
561.81,100.5,8.8447
562.82,101.6,8.8447
563.82,100.5,8.8447
564.83,100.5,8.8447
565.83,99.5,8.8447
566.84,101.5,8.8447
567.84,102.5,8.8448
568.85,99.5,8.8448
569.85,101.5,8.8448
570.86,99.5,8.8448
571.86,101.5,8.8448
572.87,100.5,8.8448
573.87,100.5,8.8448
574.88,101.5,8.8448
575.89,100.5,8.8448
576.89,101.5,8.8448
577.9,101.5,8.8448
578.9,101.5,8.8448
579.91,101.5,8.8448
580.91,101.5,8.8448
581.92,99.5,8.8448
582.92,101.5,8.8448
583.93,100.5,8.8448
584.93,101.5,8.8448
585.94,99.5,8.8448
586.94,100.5,8.8448
587.95,101.5,8.8448
588.95,98.5,8.8448
589.96,100.5,8.8448
590.96,100.5,8.8448
591.97,100.5,8.8448
592.97,101.5,8.8448
593.98,100.6,8.8448
594.98,99.5,8.8448
595.99,100.5,8.8448
596.99,100.5,8.8448
598.0,100.5,8.8448
599.0,102.6,8.8448
600.01,100.5,8.8448
601.01,99.5,8.8448
602.02,100.7,8.8448
603.02,100.5,8.8448
604.03,101.5,8.8448
605.03,100.4,8.8448
606.04,100.4,8.8448
607.04,100.5,8.8448
608.05,102.5,8.8448
609.05,99.5,8.8448
610.06,101.6,8.8448
611.06,100.5,8.8448
612.07,99.5,8.8448
613.08,101.2,8.8448
614.08,100.5,8.8448
615.09,99.5,8.8448
616.09,101.5,8.8448
617.1,102.5,8.8448
618.1,100.3,8.8448
619.11,101.5,8.8448
620.11,101.5,8.8448
621.12,99.5,8.8448
622.12,99.5,8.8448
623.13,102.4,8.8448
624.14,100.5,8.8448
625.14,101.6,8.8448
626.15,100.5,8.8448
627.15,101.5,8.8448
628.16,100.5,8.8448
629.16,100.5,8.8448
630.17,102.5,8.8448
631.17,101.7,8.8448
632.17,99.5,8.8448
633.18,101.6,8.8448
634.18,101.5,8.8448
635.19,100.5,8.8448
636.19,102.5,8.8449
637.2,100.5,8.8449
638.2,101.7,1.651
639.21,255.9,1.9228
640.21,315.3,2.3286
641.21,319.0,2.6168
642.22,366.1,2.8101
643.23,336.1,3.0588
644.23,318.5,3.39
645.24,306.3,3.7023
646.24,313.3,4.0164
647.25,305.5,4.2369
648.25,303.4,4.4794
649.26,307.3,4.7175
650.26,303.5,4.9009
651.27,301.3,5.1264
652.27,305.3,5.2897
653.28,294.5,5.4247
654.28,298.3,5.6036
655.29,202.9,5.849
656.29,282.7,5.9771
657.3,181.0,6.1507
658.3,159.1,6.4807
659.31,133.3,6.5985
660.32,194.9,6.9682
661.32,148.2,6.9682
662.33,119.3,6.9682
663.33,189.0,6.9682
664.34,119.4,6.9682
665.34,109.4,6.9682
666.35,111.4,6.9682
667.35,108.4,6.9682
668.36,107.4,6.9683
669.37,137.2,6.9685
670.37,105.4,6.9685
671.38,102.4,6.9685
672.38,102.4,6.9685
673.39,102.4,6.9685
674.39,109.4,6.9685
675.4,153.2,6.9685
676.4,198.9,6.9685
677.41,154.2,6.9939
678.41,121.4,7.0685
679.42,128.3,7.0685
680.42,112.4,7.0685
681.43,178.9,7.0685
682.44,145.2,7.0685
683.44,105.4,7.0685
684.45,100.5,7.0685
685.45,102.4,7.0685
686.46,100.5,7.0685
687.46,100.5,7.0685
688.47,102.5,7.0685
689.47,116.4,7.0685
690.48,109.4,7.0685
691.48,99.5,7.0685
692.49,116.4,7.0685
693.5,197.9,7.451
694.5,100.4,7.5303
695.51,101.5,7.551
696.51,101.4,7.551
697.52,101.5,7.551
698.52,101.4,7.551
699.53,100.4,7.551
700.53,104.4,7.551
701.54,102.7,7.551
702.54,106.5,7.551
703.54,131.4,7.551
704.55,100.5,7.551
705.55,107.5,7.551
706.56,118.4,7.5511
707.57,123.3,7.5511
708.57,100.4,7.5511
709.58,102.4,7.5511
710.58,101.5,7.5511
711.59,100.5,7.5511
712.59,100.5,7.5511
713.6,102.5,7.5511
714.6,100.5,7.5511
715.61,101.5,7.5511
716.61,100.5,7.5511
717.62,100.7,7.5511
718.62,101.5,7.5511
719.63,109.4,7.5511
720.63,100.5,7.5511
721.64,104.4,7.5511
722.64,100.4,7.5511
723.65,110.4,7.5511
724.65,115.4,7.5511
725.66,100.5,7.5511
726.66,99.5,7.5511
727.67,102.5,7.5511
728.68,100.3,7.5511
729.68,103.4,7.5511
730.69,102.4,7.5511
731.69,99.5,7.5511
732.7,101.4,7.5511
733.7,102.5,7.5511
734.71,99.5,7.5511
735.71,102.5,7.5511
736.72,100.5,7.5511
737.72,100.5,7.5511
738.73,102.4,7.5512
739.74,106.4,7.5512
740.74,104.4,7.5512
741.75,100.4,7.5512
742.75,115.4,7.5512
743.76,100.5,7.5512
744.76,100.5,7.5512
745.77,101.5,7.5512
746.77,215.0,7.6964
747.78,100.5,7.6964
748.78,162.1,7.6964
749.79,153.2,7.6964
750.79,145.3,7.6905
751.8,259.6,7.6914
752.8,192.0,7.6918
753.81,154.2,7.692
754.82,103.4,7.692
755.82,247.7,7.7021
756.83,301.4,7.7462
757.83,212.9,7.7537
758.84,250.7,7.8067
759.84,100.5,7.8067
760.85,107.5,7.8067
761.85,104.5,7.8067
762.86,101.5,7.8069
763.86,131.4,7.7926
764.87,101.5,7.7926
765.87,100.5,7.7926
766.87,179.4,7.7936
767.88,103.5,7.7936
768.89,100.5,7.7936
769.89,101.5,7.7936
770.9,99.5,7.7936
771.9,102.5,7.7936
772.91,105.5,7.7936
773.91,102.6,7.7937
774.91,189.0,8.1337
775.92,99.5,8.1337
776.93,131.3,8.1337
777.93,100.5,8.1338
778.94,100.5,8.1338
779.94,103.5,8.1338
780.95,103.5,8.1338
781.95,100.5,8.1338
782.96,100.5,8.1338
783.96,100.5,8.1779
784.97,234.8,8.7797
785.97,100.5,8.7797
786.98,100.5,8.7797
787.98,100.5,8.7797
788.99,100.5,8.7797
789.99,101.5,8.7797
791.0,99.5,8.7797
792.0,100.5,8.7797
793.01,150.2,8.8873
794.01,101.5,8.8873
795.02,100.5,8.8873
796.02,101.5,8.8873
797.03,106.5,8.8873
798.03,100.5,8.8873
799.04,184.1,8.8873
800.04,103.5,8.8873
801.05,100.5,8.8873
802.05,102.5,8.8875
803.06,101.5,8.8875
804.06,102.5,8.8875
805.07,101.5,8.8875
806.07,101.5,8.8875
807.08,100.5,8.8875
808.08,101.5,8.8875
809.09,106.5,8.8875
810.09,101.5,8.8875
811.1,109.4,8.8881
812.1,103.5,8.8881
813.11,100.5,8.8881
814.11,100.5,8.8881
815.12,101.4,8.8881
816.13,101.5,8.8881
817.13,100.6,8.8881
818.14,102.5,8.8881
819.14,108.4,8.8881
820.15,101.5,8.89
821.15,100.5,8.89
822.16,100.5,8.89
823.16,101.5,8.89
824.17,100.4,8.89
825.17,101.5,8.89
826.18,100.5,8.89
827.18,99.5,8.89
828.19,100.5,8.89
829.19,102.4,8.8913
830.2,101.5,8.8913
831.2,99.5,8.8913
832.21,101.5,8.8913
833.21,100.5,8.8913
834.22,100.5,8.8913
835.23,100.5,8.8913
836.23,100.5,8.8913
837.24,99.5,8.8913
838.24,102.5,8.8913
839.25,101.3,8.8925
840.25,100.5,8.8925
841.26,102.5,8.8925
842.26,99.5,8.8925
843.27,101.5,8.8925
844.27,100.4,8.8925
845.28,100.5,8.8925
846.28,99.5,8.8925
847.29,102.5,8.8929
848.3,99.5,8.8929
849.3,101.4,8.8929
850.31,99.6,8.8929
851.31,101.5,8.8929
852.32,99.5,8.8929
853.32,101.5,8.8929
854.33,100.4,8.8929
855.33,99.5,8.8929
856.34,102.5,8.8937
857.34,100.5,8.8937
858.35,101.5,8.8937
859.35,100.5,8.8937
860.36,100.5,8.8937
861.36,101.4,8.8937
862.37,100.5,8.8937
863.37,101.5,8.8937
864.38,101.4,8.8937
865.39,103.5,8.8945
866.39,99.5,8.8945
867.4,101.5,8.8945
868.4,99.5,8.8945
869.41,101.4,8.8945
870.41,101.5,8.8945
871.42,100.5,8.8945
872.42,100.5,8.8945
873.43,102.5,8.8956
874.43,100.4,8.8956
875.44,101.5,8.8956
876.44,99.5,8.8956
877.45,100.5,8.8956
878.45,100.5,8.8956
879.46,101.5,8.8956
880.47,100.5,8.8956
881.47,103.6,8.8962
882.47,101.5,8.8962
883.48,100.5,8.8962
884.49,100.2,8.8962
885.49,100.5,8.8962
886.5,101.5,8.8962
887.5,99.5,8.8962
888.51,100.5,8.8962
889.51,101.4,8.8962
890.52,101.5,8.8971
891.52,99.5,8.8971
892.53,101.5,8.8971
893.53,101.5,8.8971
894.54,100.5,8.8971
895.55,100.5,8.8971
896.55,100.6,8.8971
897.55,99.5,8.8971
898.56,100.5,8.8971
899.57,100.2,8.8976
900.57,101.5,8.8976
901.58,101.5,8.8976
902.58,100.5,8.8976
903.59,102.5,8.8976
904.59,99.4,8.8976
905.6,101.5,8.8976
906.6,101.5,8.8976
907.61,99.7,8.8976
908.61,101.5,8.8979
909.62,100.5,8.8979
910.62,99.6,8.8979
911.63,101.5,8.8979
912.63,100.5,8.8979
913.64,101.5,8.8979
914.64,101.5,8.8979
915.65,99.5,8.8979
916.65,100.5,8.8979
917.66,102.5,8.8985
918.66,101.5,8.8985
919.67,100.5,8.8985
920.67,101.5,8.8985
921.68,101.5,8.8985
922.68,101.5,8.8985
923.69,99.5,8.8985
924.69,100.6,8.8985
925.7,101.5,8.8993
926.7,102.5,8.8993
927.71,99.5,8.8993
928.71,100.5,8.8993
929.72,100.8,8.8993
930.72,100.5,8.8993
931.73,100.5,8.8993
932.73,102.5,8.8993
933.74,100.5,8.8993
934.74,103.5,8.8999
935.75,99.5,8.8999
936.75,100.5,8.8999
937.76,102.5,8.8999
938.76,3061.1,1.795
939.77,326.6,2.1346
940.77,302.4,2.5563
941.77,350.9,2.7159
942.78,360.7,2.9942
943.78,327.7,3.2959
944.79,315.5,3.6152
945.79,313.3,3.9047
946.8,313.3,4.1471
947.8,304.6,4.3777
948.81,292.7,4.6532
949.81,309.3,4.8022
950.82,306.4,5.0608
951.82,301.3,5.2232
952.83,303.3,5.3376
953.83,314.1,5.467
954.83,276.2,5.6951
955.84,201.5,5.873
956.84,125.4,5.9945
957.85,129.3,6.193
958.85,127.5,6.4953
959.86,123.3,6.6173
960.86,211.9,6.965
961.87,153.2,7.0171
962.87,120.4,7.0171
963.88,117.5,7.0171
964.88,129.3,7.0171
965.89,140.2,7.0171
966.89,114.4,7.0171
967.9,110.4,7.0171
968.9,107.4,7.0174
969.91,112.4,7.0174
970.91,137.6,7.0174
971.91,196.4,7.0174
972.92,264.6,7.0175
973.93,111.4,7.0678
974.93,103.2,7.1175
975.94,175.0,7.1175
976.94,101.4,7.1175
977.95,102.4,7.1175
978.96,109.4,7.1175
979.96,134.3,7.1175
980.97,170.2,7.1178
981.97,134.3,7.1178
982.98,106.4,7.1178
983.98,129.3,7.1178
984.99,133.3,7.1178
985.99,124.3,7.1178
987.0,115.4,7.1178
988.0,110.4,7.1178
989.01,102.5,7.1178
990.01,99.5,7.1178
991.02,101.5,7.1178
992.02,100.5,7.1178
993.03,106.5,7.1178
994.04,101.5,7.1178
995.04,101.4,7.1178
996.05,102.5,7.1178
997.05,112.4,7.1178
998.06,117.4,7.1178
999.06,103.4,7.1178
1000.07,126.6,7.2233
1001.07,171.2,7.5003
1002.07,102.7,7.5483
1003.08,100.5,7.5483
1004.08,100.5,7.5483
1005.09,107.4,7.5483
1006.09,132.3,7.5483
1007.1,102.5,7.5483
1008.1,133.3,7.5483
1009.11,102.6,7.5483
1010.11,103.5,7.5483
1011.12,109.4,7.5483
1012.12,105.4,7.5483
1013.13,101.5,7.5483
1014.14,101.5,7.5483
1015.14,101.5,7.5483
1016.15,101.5,7.5483
1017.15,99.5,7.5483
1018.16,101.5,7.5483
1019.16,102.5,7.5483
1020.17,101.5,7.5483
1021.17,100.4,7.5483
1022.18,99.5,7.5483
1023.18,126.3,7.5486
1024.19,105.6,7.5486
1025.19,104.5,7.5486
1026.2,100.5,7.5486
1027.2,101.5,7.5486
1028.21,100.5,7.5486
1029.21,104.5,7.5486
1030.22,100.5,7.5486
1031.23,103.4,7.5486
1032.23,101.5,7.5486
1033.24,100.5,7.5486
1034.24,100.5,7.5486
1035.25,101.5,7.5486
1036.25,100.5,7.5486
1037.26,102.5,7.5486
1038.26,100.5,7.5486
1039.27,125.4,7.5486
1040.27,118.3,7.5486
1041.28,102.5,7.5486
1042.28,113.4,7.5486
1043.29,103.5,7.5486
1044.29,108.4,7.5486
1045.3,128.4,7.5486
1046.3,100.5,7.5486
1047.31,102.5,7.5486
1048.31,219.8,7.6964
1049.32,203.9,7.6964
1050.32,179.1,7.6964
1051.33,203.2,7.6964
1052.33,242.7,7.6968
1053.34,144.2,7.6968
1054.34,120.4,7.6968
1055.35,135.3,7.6968
1056.35,103.5,7.6968
1057.36,103.5,7.6968
1058.36,102.5,7.6968
1059.37,238.8,7.7543
1060.38,266.6,7.8103
1061.38,275.5,7.8129
1062.39,202.0,7.8217
1063.39,178.2,7.8125
1064.4,114.4,7.784
1065.4,131.3,7.784
1066.41,100.5,7.784
1067.41,182.0,7.7864
1068.42,102.5,7.7864
1069.42,106.4,7.7864
1070.43,100.6,7.7864
1071.43,104.5,7.7864
1072.44,100.5,7.7864
1073.44,101.5,7.7864
1074.45,100.5,7.7864
1075.45,190.0,8.1269
1076.46,100.5,8.1269
1077.46,100.5,8.127
1078.47,102.5,8.127
1079.47,104.5,8.127
1080.48,101.5,8.127
1081.48,99.4,8.127
1082.49,113.6,8.127
1083.49,99.5,8.127
1084.5,241.7,8.7667
1085.5,101.5,8.7667
1086.51,99.5,8.7667
1087.51,100.5,8.7667
1088.52,103.5,8.7667
1089.52,100.5,8.7667
1090.53,100.5,8.7667
1091.53,100.5,8.7667
1092.54,101.5,8.7667
1093.54,149.2,8.8717
1094.55,102.5,8.8717
1095.55,101.6,8.8717
1096.56,100.5,8.8717
1097.56,99.5,8.8717
1098.57,101.5,8.8717
1099.57,99.6,8.8717
1100.58,102.5,8.8717
1101.58,102.5,8.8739
1102.59,100.5,8.8739
1103.59,99.6,8.8739
1104.6,101.5,8.8739
1105.6,103.5,8.8739
1106.61,100.5,8.8739
1107.61,100.5,8.8739
1108.62,100.5,8.8739
1109.62,102.5,8.8752
1110.63,100.5,8.8752
1111.63,101.5,8.8752
1112.64,100.5,8.8752
1113.65,100.5,8.8752
1114.65,100.6,8.8752
1115.65,101.5,8.8752
1116.66,100.5,8.8752
1117.66,99.5,8.8752
1118.67,102.5,8.8766
1119.67,101.5,8.8766
1120.68,101.5,8.8766
1121.68,99.5,8.8766
1122.69,101.6,8.8766
1123.69,100.5,8.8766
1124.7,100.5,8.8766
1125.71,99.5,8.8766
1126.71,101.6,8.8766
1127.71,102.5,8.877
1128.72,99.5,8.877
1129.72,101.5,8.877
1130.73,101.5,8.877
1131.73,100.5,8.877
1132.74,102.5,8.877
1133.75,100.5,8.877
1134.75,99.6,8.877
1135.75,101.5,8.877
1136.76,101.5,8.8777
1137.76,100.5,8.8777
1138.77,100.5,8.8777
1139.77,100.5,8.8777
1140.78,99.5,8.8777
1141.78,100.5,8.8777
1142.79,102.5,8.8777
1143.79,100.5,8.8777
1144.8,99.5,8.8777
1145.81,118.4,8.878
1146.81,103.5,8.878
1147.81,100.5,8.878
1148.82,101.5,8.878
1149.82,99.5,8.878
1150.83,101.5,8.878
1151.83,99.5,8.878
1152.84,101.5,8.878
1153.84,101.5,8.878
1154.85,100.5,8.8783
1155.85,100.5,8.8783
1156.86,100.5,8.8783
1157.87,100.5,8.8783
1158.87,99.6,8.8783
1159.87,101.5,8.8783
1160.88,100.5,8.8783
1161.88,100.5,8.8783
1162.89,99.5,8.8783
1163.89,102.5,8.8787
1164.9,100.5,8.8787
1165.91,100.5,8.8787
1166.91,100.6,8.8787
1167.91,101.5,8.8787
1168.92,100.5,8.8787
1169.92,99.5,8.8787
1170.93,101.5,8.8787
1171.94,100.5,8.8787
1172.94,103.4,8.8789
1173.95,99.5,8.8789
1174.95,100.5,8.8789
1175.96,100.5,8.8789
1176.96,101.5,8.8789
1177.97,99.5,8.8789
1178.97,100.5,8.8789
1179.98,101.5,8.8789
1180.98,102.5,8.8789
1181.99,101.6,8.8789
1182.99,100.5,8.8789
1184.0,100.5,8.8789
1185.0,100.5,8.8789
1186.01,100.6,8.8789
1187.01,100.5,8.8789
1188.02,99.5,8.8789
1189.02,101.5,8.8789
1190.03,99.5,8.8789
1191.03,100.5,8.8789
1192.04,101.5,8.879
1193.04,101.5,8.879
1194.05,101.5,8.879
1195.05,101.5,8.879
1196.06,99.5,8.879
1197.06,101.5,8.879
1198.07,101.5,8.879
1199.07,100.5,8.879
1200.08,99.5,8.879
1201.08,101.5,8.879
1202.09,100.5,8.879
1203.09,100.5,8.879
1204.1,101.5,8.879
1205.1,101.5,8.879
1206.11,99.5,8.879
1207.11,100.5,8.879
1208.12,100.5,8.879
1209.12,101.5,8.879
1210.13,100.5,8.879
1211.13,100.5,8.8792
1212.14,100.4,8.8792
1213.15,101.4,8.8792
1214.15,100.6,8.8792
1215.15,100.6,8.8792
1216.16,101.5,8.8792
1217.16,100.5,8.8792
1218.17,100.5,8.8792
1219.17,101.6,8.8792
1220.18,100.5,8.8792
1221.18,100.6,8.8794
1222.19,101.5,8.8796
1223.19,100.5,8.8796
1224.2,100.5,8.8796
1225.2,101.5,8.8796
1226.21,101.5,8.8796
1227.21,100.5,8.8796
1228.22,104.4,8.8796
1229.22,101.5,8.8796
1230.23,99.5,8.8796
1231.23,99.6,8.8796
1232.24,103.5,8.8803
1233.24,100.5,8.8803
1234.25,100.5,8.8803
1235.25,100.5,8.8803
1236.26,100.5,8.8803
1237.26,101.5,8.8803
1238.27,104.4,1.705
1239.27,267.1,1.9121
1240.28,314.0,2.2346
1241.28,301.5,2.5918
1242.29,313.9,2.7047
1243.29,358.1,2.9797
1244.29,321.3,3.2363
1245.3,314.4,3.5022
1246.3,305.3,3.7368
1247.31,310.9,3.9921
1248.31,310.3,4.175
1249.32,304.4,4.4502
1250.32,282.5,4.704
1251.33,303.3,4.8763
1252.33,303.5,5.1126
1253.34,305.3,5.2864
1254.34,301.4,5.4264
1255.35,302.5,5.6306
1256.36,302.3,5.8626
1257.36,301.4,5.9923
1258.37,268.7,6.2201
1259.37,198.9,6.4928
1260.38,137.2,6.6281
1261.38,209.9,6.9718
1262.39,128.3,6.9718
1263.39,154.1,6.9718
1264.4,127.6,7.0029
1265.4,208.9,7.0718
1266.41,177.1,7.0718
1267.41,113.4,7.0718
1268.42,135.3,7.0719
1269.42,170.1,7.0719
1270.43,167.1,7.0719
1271.43,104.4,7.0719
1272.44,108.4,7.0719
1273.45,102.4,7.0719
1274.45,117.4,7.0719
1275.46,115.4,7.0719
1276.46,210.8,7.0719
1277.47,181.0,7.0719
1278.47,110.4,7.0719
1279.48,113.4,7.0719
1280.48,107.5,7.0719
1281.49,130.3,7.0719
1282.49,114.4,7.0719
1283.5,105.4,7.0719
1284.5,114.4,7.0719
1285.51,100.5,7.0719
1286.51,102.5,7.0719
1287.52,103.4,7.0719
1288.52,101.4,7.0719
1289.53,135.3,7.0719
1290.54,101.5,7.0719
1291.54,102.5,7.0719
1292.54,198.4,7.3946
1293.55,175.1,7.4868
1294.55,189.0,7.5485
1295.56,100.5,7.5559
1296.56,100.5,7.5559
1297.57,102.4,7.5559
1298.58,99.5,7.5559
1299.58,102.4,7.5559
1300.59,170.2,7.556
1301.59,106.4,7.556
1302.6,133.3,7.556
1303.6,113.4,7.556
1304.61,104.4,7.556
1305.61,102.4,7.556
1306.62,99.5,7.556
1307.62,109.4,7.556
1308.63,99.5,7.556
1309.64,101.5,7.556
1310.64,101.5,7.556
1311.65,99.5,7.556
1312.65,100.4,7.556
1313.66,103.5,7.556
1314.66,100.5,7.556
1315.67,100.5,7.556
1316.67,100.5,7.556
1317.68,100.5,7.556
1318.68,100.5,7.556
1319.69,122.6,7.556
1320.69,103.5,7.556
1321.7,99.5,7.556
1322.7,100.5,7.556
1323.71,105.4,7.556
1324.71,101.4,7.556
1325.72,100.5,7.556
1326.72,99.5,7.556
1327.73,101.5,7.556
1328.74,101.5,7.556
1329.74,100.5,7.556
1330.75,101.5,7.556
1331.75,101.5,7.556
1332.76,99.5,7.556
1333.76,102.5,7.556
1334.77,100.5,7.556
1335.77,100.5,7.556
1336.78,101.5,7.556
1337.78,101.5,7.556
1338.79,99.5,7.556
1339.79,105.4,7.556
1340.8,104.4,7.556
1341.81,112.4,7.556
1342.81,103.5,7.556
1343.82,99.5,7.556
1344.82,102.5,7.556
1345.83,100.5,7.556
1346.83,101.5,7.556
1347.84,211.9,7.7006
1348.84,100.6,7.7006
1349.85,224.8,7.7006
1350.85,122.3,7.7006
1351.86,199.8,7.7007
1352.86,266.4,7.7011
1353.87,296.4,7.7048
1354.88,127.3,7.7048
1355.88,101.5,7.7048
1356.89,117.4,7.7048
1357.89,101.5,7.7048
1358.9,123.4,7.7048
1359.9,108.5,7.7048
1360.91,118.5,7.7048
1361.91,129.3,7.7048
1362.92,99.5,7.7048
1363.92,107.4,7.7048
1364.93,104.6,7.7048
1365.93,100.5,7.7048
1366.94,101.5,7.7048
1367.94,100.5,7.7048
1368.95,100.5,7.7048
1369.95,101.5,7.7048
1370.96,101.5,7.7048
1371.96,100.5,7.7048
1372.97,100.5,7.7048
1373.97,100.5,7.7048
1374.98,100.5,7.7048
1375.98,101.5,7.7048
1376.99,100.5,7.7048
1377.99,100.5,7.7048
1379.0,100.5,7.7048
1380.0,101.5,7.7048
1381.01,100.5,7.7048
1382.01,100.6,7.7048
1383.01,100.6,7.7048
1384.02,102.5,7.7048
1385.02,100.5,7.7048
1386.03,100.5,7.7048
1387.03,99.5,7.7048
1388.04,99.5,7.7048
1389.04,101.5,7.7048
1390.05,100.5,7.7048
1391.05,100.5,7.7048
1392.06,100.5,7.7048
1393.06,102.5,7.7048
1394.07,100.5,7.7048
1395.07,99.5,7.7048
1396.08,102.6,7.7048
1397.08,100.6,7.7048
1398.09,100.5,7.7048
1399.09,100.5,7.7048
1400.1,100.5,7.7048
1401.1,100.5,7.7048
1402.11,101.5,7.7048
1403.11,99.5,7.7048
1404.12,99.5,7.7048
1405.12,101.5,7.7048
1406.13,100.5,7.7048
1407.13,100.5,7.7048
1408.14,102.5,7.7048
1409.14,101.5,7.7048
1410.15,99.5,7.7048
1411.15,101.5,7.7048
1412.16,100.5,7.7048
1413.16,100.5,7.7048
1414.17,100.5,7.7048
1415.17,101.5,7.7048
1416.18,101.5,7.7048
1417.18,100.5,7.7048
1418.19,101.5,7.7048
1419.19,99.5,7.7048
1420.2,100.5,7.7048
1421.2,99.5,7.7048
1422.21,101.5,7.7048
1423.21,100.5,7.7048
1424.22,100.5,7.7048
1425.22,99.5,7.7048
1426.23,101.5,7.7048
1427.23,99.5,7.7048
1428.24,101.5,7.7048
1429.24,100.5,7.7048
1430.25,101.5,7.7048
1431.25,100.5,7.7048
1432.26,100.5,7.7048
1433.26,101.5,7.7048
1434.27,100.4,7.7048
1435.28,100.5,7.7048
1436.28,100.5,7.7048
1437.29,100.5,7.7048
1438.29,100.5,7.7048
1439.3,100.5,7.7048
1440.3,101.5,7.7048
1441.31,98.5,7.7048
1442.31,100.5,7.7048
1443.32,102.5,7.7048
1444.32,99.5,7.7048
1445.33,100.5,7.7048
1446.33,100.5,7.7048
1447.34,101.5,7.7048
1448.34,101.5,7.7048
1449.35,100.5,7.7048
1450.35,102.5,7.7048
1451.36,99.5,7.7048
1452.36,100.5,7.7048
1453.37,101.5,7.7048
1454.37,99.6,7.7048
1455.37,100.5,7.7048
1456.38,99.5,7.7048
1457.38,100.5,7.7048
1458.39,100.5,7.7048
1459.39,100.5,7.7048
1460.4,100.5,7.7048
1461.4,100.5,7.7048
1462.41,99.5,7.7048
1463.41,101.6,7.7048
1464.42,102.5,7.7048
1465.42,100.5,7.7048
1466.43,99.5,7.7048
1467.43,100.5,7.7048
1468.44,102.4,7.7048
1469.44,99.5,7.7048
1470.45,101.5,7.7048
1471.45,100.5,7.7048
1472.46,101.5,7.7048
1473.46,100.5,7.7048
1474.47,100.5,7.7048
1475.47,100.5,7.7048
1476.48,99.5,7.7048
1477.48,101.5,7.7048
1478.49,99.5,7.7048
1479.49,102.5,7.7048
1480.5,101.5,7.7048
1481.5,99.5,7.7048
1482.51,101.5,7.7048
1483.51,101.5,7.7048
1484.52,99.5,7.7048
1485.52,99.5,7.7048
1486.53,101.5,7.7048
1487.53,99.5,7.7048
1488.54,100.5,7.7048
1489.55,101.5,7.7048
1490.55,101.5,7.7048
1491.56,99.5,7.7048
1492.56,101.5,7.7048
1493.57,100.5,7.7048
1494.57,100.4,7.7048
1495.58,101.5,7.7048
1496.58,99.5,7.7048
1497.59,102.5,7.7048
1498.59,100.5,7.7048
1499.6,101.5,7.7048
1500.6,101.5,7.7048
1501.61,103.5,7.7048
1502.61,100.5,7.7048
1503.62,101.5,7.7048
1504.62,107.4,7.7048
1505.63,100.5,7.7048
1506.63,101.5,7.7048
1507.64,99.6,7.7048
1508.64,100.5,7.7048
1509.65,100.5,7.7048
1510.65,100.5,7.7048
1511.66,99.7,7.7048
1512.66,99.5,7.7048
1513.67,101.5,7.7048
1514.67,101.5,7.7048
1515.68,101.5,7.7048
1516.68,99.5,7.7048
1517.69,99.5,7.7048
1518.69,101.5,7.7048
1519.7,100.5,7.7048
1520.7,100.5,7.7048
1521.71,99.5,7.7048
1522.71,101.5,7.7048
1523.72,100.5,7.7048
1524.72,194.4,7.7521
1525.72,100.5,7.7521
1526.73,101.5,7.7521
1527.73,100.5,7.7521
1528.74,101.5,7.7521
1529.74,100.5,7.7521
1530.75,100.6,7.7521
1531.75,100.5,7.7521
1532.76,100.6,7.7521
1533.76,104.5,7.7521
1534.77,101.5,7.7521
1535.77,99.5,7.7521
1536.78,100.5,7.7521
1537.78,100.5,7.7521
1538.79,4.0,1.783
1539.79,344.3,2.0681
1540.8,306.4,2.4137
1541.8,294.1,2.6297
1542.8,358.5,2.8478
1543.81,345.3,3.1274
1544.82,312.4,3.411
1545.82,307.6,3.6713
1546.82,306.4,3.959
1547.83,309.4,4.1803
1548.84,301.4,4.4502
1549.84,305.3,4.6889
1550.85,305.5,4.8503
1551.85,303.3,5.106
1552.86,303.6,5.2773
1553.86,300.4,5.417
1554.87,302.3,5.5953
1555.87,300.3,5.8446
1556.88,301.3,5.9858
1557.88,306.4,6.1398
1558.89,251.6,6.4962
1559.89,134.3,6.6056
1560.9,207.9,6.9838
1561.91,118.4,7.0358
1562.91,124.3,7.0359
1563.92,129.3,7.0362
1564.92,114.4,7.0364
1565.93,238.1,7.0364
1566.93,131.6,7.0364
1567.93,107.5,7.0364
1568.94,140.2,7.0366
1569.94,201.4,7.0366
1570.95,182.0,7.0366
1571.95,116.4,7.0366
1572.96,102.4,7.0366
1573.96,102.4,7.0366
1574.97,101.4,7.0366
1575.98,102.4,7.0366
1576.98,114.4,7.0366
1577.99,111.4,7.0366
1578.99,210.9,7.0366
1580.0,122.3,7.0366
1581.0,111.4,7.0751
1582.01,111.4,7.1366
1583.01,109.4,7.1366
1584.02,159.1,7.1366
1585.02,138.2,7.1366
1586.03,108.4,7.1366
1587.04,114.4,7.1366
1588.04,100.5,7.1366
1589.05,100.5,7.1366
1590.05,148.2,7.1366
1591.06,101.5,7.1366
1592.06,103.4,7.1366
1593.07,116.4,7.1366
1594.07,115.4,7.1366
1595.08,103.5,7.1366
1596.08,110.4,7.1366
1597.09,133.3,7.1366
1598.09,167.1,7.1366
1599.1,203.3,7.4862
1600.1,207.0,7.5453
1601.11,202.0,7.5702
1602.11,123.3,7.5702
1603.12,101.4,7.5702
1604.12,110.4,7.5702
1605.13,102.4,7.5702
1606.13,108.5,7.5702
1607.14,150.2,7.5702
1608.14,101.5,7.5702
1609.15,105.4,7.5702
1610.16,100.4,7.5702
1611.16,104.4,7.5702
1612.17,100.5,7.5702
1613.17,101.4,7.5702
1614.18,100.4,7.5702
1615.18,106.5,7.5702
1616.19,100.5,7.5702
1617.19,99.5,7.5702
1618.2,102.5,7.5702
1619.2,102.4,7.5702
1620.21,101.4,7.5702
1621.21,117.4,7.5702
1622.22,101.5,7.5702
1623.22,121.4,7.5702
1624.23,102.5,7.5702
1625.24,100.5,7.5702
1626.24,100.5,7.5702
1627.25,101.5,7.5702
1628.25,101.5,7.5702
1629.26,99.5,7.5702
1630.26,101.5,7.5702
1631.27,100.5,7.5702
1632.27,103.6,7.5702
1633.27,101.5,7.5702
1634.28,100.5,7.5702
1635.29,101.5,7.5702
1636.29,103.5,7.5702
1637.3,100.5,7.5702
1638.3,100.5,7.5702
1639.31,103.4,7.5702
1640.31,100.5,7.5702
1641.32,99.5,7.5702
1642.32,109.4,7.5702
1643.33,126.3,7.5702
1644.33,103.5,7.5702
1645.34,100.2,7.5702
1646.35,101.4,7.5702
1647.35,101.5,7.5702
1648.36,103.4,7.5702
1649.36,99.5,7.5702
1650.37,163.5,7.5707
1651.37,182.1,7.7207
1652.38,137.3,7.7207
1653.38,303.9,7.7212
1654.38,223.9,7.7214
1655.39,110.4,7.7214
1656.4,105.5,7.7214
1657.4,112.4,7.7214
1658.41,100.5,7.7214
1659.41,143.3,7.7214
1660.42,208.9,7.7214
1661.42,221.8,7.7318
1662.43,295.5,7.7812
1663.43,147.2,7.7815
1664.44,107.4,7.7506
1665.44,102.5,7.7506
1666.45,101.5,7.7506
1667.45,100.5,7.7506
1668.46,101.5,7.7506
1669.46,100.5,7.7506
1670.47,100.5,7.7506
1671.47,100.5,7.7506
1672.48,100.5,7.7506
1673.48,100.5,7.7506
1674.49,100.5,7.7506
1675.49,101.5,7.7506
1676.5,100.6,7.7506
1677.5,100.5,7.7506
1678.51,101.5,7.7506
1679.51,101.5,7.7506
1680.52,99.5,7.7506
1681.52,101.5,7.7506
1682.53,100.5,7.7506
1683.53,102.5,7.7506
1684.54,100.7,7.7506
1685.54,100.5,7.7506
1686.55,101.5,7.7506
1687.55,100.5,7.7506
1688.56,104.5,7.7506
1689.56,100.7,7.7506
1690.56,100.5,7.7506
1691.57,100.5,7.7506
1692.57,100.5,7.7506
1693.58,101.5,7.7506
1694.58,99.5,7.7506
1695.59,101.5,7.7506
1696.59,100.5,7.7506
1697.6,100.5,7.7506
1698.6,100.5,7.7506
1699.61,100.5,7.7506
1700.61,99.5,7.7506
1701.62,101.5,7.7506
1702.62,102.5,7.7506
1703.63,99.5,7.7506
1704.63,103.5,7.7506
1705.64,100.5,7.7506
1706.65,100.5,7.7506
1707.65,100.5,7.7506
1708.66,100.5,7.7506
1709.66,100.5,7.7506
1710.67,100.5,7.7506
1711.67,100.5,7.7506
1712.68,100.5,7.7506
1713.68,100.5,7.7506
1714.69,102.5,7.7506
1715.69,100.5,7.7506
1716.7,100.5,7.7506
1717.7,100.5,7.7506
1718.71,99.5,7.7506
1719.71,100.5,7.7506
1720.72,100.5,7.7506
1721.72,100.5,7.7506
1722.73,101.5,7.7506
1723.73,99.5,7.7506
1724.74,100.5,7.7506
1725.74,101.5,7.7506
1726.75,99.5,7.7506
1727.75,99.5,7.7506
1728.76,101.5,7.7506
1729.76,102.5,7.7506
1730.77,100.5,7.7506
1731.77,99.5,7.7506
1732.78,101.5,7.7506
1733.78,100.6,7.7506
1734.79,102.6,7.7506
1735.79,99.6,7.7506
1736.79,100.6,7.7506
1737.8,100.6,7.7506
1738.8,102.5,7.7506
1739.81,99.5,7.7506
1740.81,101.5,7.7506
1741.82,99.5,7.7506
1742.82,100.6,7.7506
1743.83,101.6,7.7506
1744.83,100.5,7.7506
1745.84,100.5,7.7506
1746.84,100.5,7.7506
1747.85,100.5,7.7506
1748.85,101.6,7.7506
1749.85,100.5,7.7506
1750.86,100.5,7.7506
1751.86,101.5,7.7506
1752.87,99.5,7.7506
1753.87,100.6,7.7506
1754.88,101.5,7.7506
1755.88,100.5,7.7506
1756.89,100.5,7.7506
1757.89,99.5,7.7506
1758.9,101.5,7.7506
1759.9,100.5,7.7506
1760.91,99.5,7.7506
1761.91,101.5,7.7506
1762.92,100.5,7.7506
1763.92,99.6,7.7506
1764.93,100.5,7.7506
1765.93,101.5,7.7506
1766.94,100.5,7.7506
1767.94,100.5,7.7506
1768.95,101.5,7.7506
1769.95,101.5,7.7506
1770.96,100.5,7.7506
1771.96,100.5,7.7506
1772.97,101.5,7.7506
1773.97,100.5,7.7506
1774.98,100.5,7.7506
1775.98,99.5,7.7506
1776.99,101.5,7.7506
1777.99,100.5,7.7506
1779.0,101.5,7.7506
1780.0,101.5,7.7506
1781.01,100.5,7.7506
1782.01,101.5,7.7506
1783.02,100.5,7.7506
1784.02,100.5,7.7506
1785.03,100.7,7.7506
1786.03,99.5,7.7506
1787.04,101.5,7.7506
1788.04,100.5,7.7506
1789.05,99.6,7.7506
1790.05,99.5,7.7506
1791.06,102.5,7.7506
1792.06,102.6,7.7506
1793.07,105.5,7.7506
1794.07,99.5,7.7506
1795.08,101.5,7.7506
1796.08,200.0,7.7506
1797.08,300.5,7.7688
1798.09,220.9,7.7749
1799.09,100.5,7.7749
1800.1,99.5,7.7749
1801.1,100.5,7.7749
1802.11,101.5,7.7749
1803.11,100.5,7.7749
1804.12,101.5,7.7749
1805.12,99.5,7.7749
1806.13,100.5,7.7749
1807.13,99.5,7.7749
1808.14,101.5,7.7749
1809.14,100.6,7.7749
1810.15,101.5,7.7749
1811.15,99.5,7.7749
1812.16,101.5,7.7749
1813.16,101.5,7.7749
1814.17,99.7,7.7749
1815.17,99.5,7.7749
1816.18,100.5,7.7749
1817.18,100.5,7.7749
1818.19,101.5,7.7749
1819.19,99.5,7.7749
1820.2,101.5,7.7749
1821.2,99.6,7.7749
1822.21,101.5,7.7749
1823.21,100.5,7.7749
1824.22,101.5,7.7749
1825.22,101.5,7.7749
1826.23,100.5,7.7749
1827.23,99.5,7.7749
1828.24,100.5,7.7749
1829.24,102.5,7.7749
1830.25,106.4,7.7749
1831.25,100.5,7.7749
1832.25,99.8,7.7749
1833.26,100.8,7.7749
1834.26,100.8,7.7749
1835.26,100.5,7.7749
1836.27,101.5,7.7749
1837.27,100.6,7.7749
1838.28,109.6,7.8197
1839.28,210.5,1.8551
1840.28,321.3,2.2079
1841.29,304.5,2.5702
1842.29,329.9,2.6825
1843.3,348.1,2.8953
1844.3,334.2,3.149
1845.31,318.4,3.4177
1846.31,304.3,3.679
1847.32,308.7,3.9391
1848.32,313.3,4.1633
1849.33,305.6,4.4399
1850.33,303.5,4.6989
1851.33,302.1,4.879
1852.34,301.4,5.1154
1853.34,303.3,5.2881
1854.35,307.4,5.4276
1855.35,299.0,5.6446
1856.36,169.2,5.8683
1857.36,176.0,6.0083
1858.37,182.0,6.2953
1859.37,126.4,6.5068
1860.38,122.3,6.6569
1861.38,191.0,7.0392
1862.39,119.4,7.0392
1863.4,175.1,7.0392
1864.4,133.6,7.1392
1865.4,117.4,7.1392
1866.41,108.4,7.1392
1867.41,115.4,7.1392
1868.42,145.2,7.1395
1869.42,203.9,7.1417
1870.43,105.8,7.1418
1871.43,108.4,7.1418
1872.44,105.4,7.1418
1873.44,104.6,7.1418
1874.45,100.5,7.1418
1875.45,101.5,7.1418
1876.46,185.0,7.1418
1877.46,144.2,7.1418
1878.47,103.4,7.1418
1879.47,109.4,7.1418
1880.48,106.5,7.1418
1881.48,137.3,7.1418
1882.49,116.3,7.1418
1883.5,119.4,7.1418
1884.5,100.5,7.1418
1885.5,100.5,7.1418
1886.51,101.5,7.1418
1887.52,99.5,7.1418
1888.52,106.4,7.1418
1889.53,118.4,7.1418
1890.53,114.4,7.1418
1891.54,101.5,7.1418
1892.54,114.4,7.1418
1893.55,108.4,7.1418
1894.55,110.4,7.1418
1895.56,194.0,7.5282
1896.56,104.4,7.5762
1897.57,101.5,7.5762
1898.58,101.5,7.5762
1899.58,104.4,7.5762
1900.59,150.2,7.5762
1901.59,102.5,7.5762
1902.6,141.2,7.5762
1903.6,143.3,7.5762
1904.61,103.4,7.5762
1905.61,103.4,7.5762
1906.62,100.5,7.5762
1907.62,104.4,7.5762
1908.63,101.5,7.5762
1909.63,101.5,7.5762
1910.64,104.4,7.5762
1911.64,101.4,7.5762
1912.65,101.5,7.5762
1913.66,101.5,7.5762
1914.66,99.5,7.5762
1915.67,102.5,7.5762
1916.67,100.5,7.5762
1917.68,102.5,7.5762
1918.68,100.5,7.5762
1919.69,111.5,7.5762
1920.69,103.4,7.5762
1921.7,102.6,7.5762
1922.7,99.5,7.5762
1923.71,122.5,7.5762
1924.71,101.5,7.5762
1925.72,100.5,7.5762
1926.72,101.5,7.5762
1927.73,100.5,7.5762
1928.73,102.5,7.5762
1929.74,102.5,7.5762
1930.74,100.5,7.5762
1931.75,101.5,7.5762
1932.75,100.5,7.5762
1933.76,101.5,7.5762
1934.76,103.5,7.5762
1935.77,100.5,7.5762
1936.77,100.5,7.5762
1937.78,121.4,7.5762
1938.79,104.4,7.5762
1939.79,113.4,7.5762
1940.8,101.5,7.5762
1941.8,100.5,7.5762
1942.81,100.6,7.5762
1943.81,101.5,7.5762
1944.82,100.5,7.5762
1945.82,113.4,7.5762
1946.83,101.5,7.5762
1947.83,224.8,7.7239
1948.84,184.0,7.7239
1949.84,125.3,7.7239
1950.85,258.0,7.7244
1951.85,271.6,7.7244
1952.86,201.9,7.7244
1953.86,101.6,7.7244
1954.87,133.3,7.7244
1955.87,101.5,7.7244
1956.88,104.5,7.7244
1957.88,102.5,7.7244
1958.89,121.4,7.7244
1959.89,99.5,7.7244
1960.9,102.5,7.7244
1961.9,103.5,7.7246
1962.91,102.5,7.7246
1963.91,102.5,7.7246
1964.92,101.4,7.7246
1965.92,100.5,7.7246
1966.93,100.5,7.7246
1967.93,99.5,7.7246
1968.94,100.5,7.7246
1969.95,101.5,7.7246
1970.95,100.5,7.7246
1971.96,99.5,7.7246
1972.96,102.5,7.7246
1973.97,100.5,7.7246
1974.97,100.5,7.7246
1975.98,100.5,7.7246
1976.98,99.6,7.7246
1977.99,102.5,7.7246
1978.99,99.5,7.7246
1980.0,101.5,7.7246
1981.0,99.6,7.7246
1982.01,100.5,7.7246
1983.01,100.5,7.7246
1984.02,101.5,7.7246
1985.02,100.5,7.7246
1986.03,101.5,7.7246
1987.03,100.5,7.7246
1988.04,99.5,7.7246
1989.04,102.5,7.7246
1990.05,99.5,7.7246
1991.05,100.5,7.7246
1992.06,100.5,7.7246
1993.06,101.5,7.7246
1994.07,100.5,7.7246
1995.07,99.6,7.7246
1996.08,100.5,7.7246
1997.08,100.5,7.7246
1998.09,102.5,7.7246
1999.09,100.5,7.7246
2000.1,100.5,7.7246
2001.1,100.5,7.7246
2002.11,99.5,7.7246
2003.11,102.5,7.7246
2004.12,100.5,7.7246
2005.12,100.5,7.7246
2006.13,99.6,7.7246
2007.13,101.5,7.7246
2008.14,101.5,7.7246
2009.14,99.5,7.7246
2010.15,100.5,7.7246
2011.15,101.6,7.7246
2012.16,99.5,7.7246
2013.16,101.5,7.7246
2014.17,99.5,7.7246
2015.17,101.5,7.7246
2016.18,100.5,7.7246
2017.18,99.5,7.7246
2018.19,101.5,7.7246
2019.19,101.5,7.7246
2020.2,100.5,7.7246
2021.21,101.5,7.7246
2022.21,101.5,7.7246
2023.22,99.5,7.7246
2024.22,101.5,7.7246
2025.23,101.6,7.7246
2026.23,99.5,7.7246
2027.24,99.5,7.7246
2028.24,101.5,7.7246
2029.25,100.5,7.7246
2030.25,100.5,7.7246
2031.26,101.5,7.7246
2032.26,99.5,7.7246
2033.27,100.5,7.7246
2034.27,101.5,7.7246
2035.28,100.5,7.7246
2036.28,101.5,7.7246
2037.29,99.5,7.7246
2038.29,99.5,7.7246
2039.3,100.5,7.7246
2040.3,101.5,7.7246
2041.31,99.5,7.7246
2042.31,100.5,7.7246
2043.32,101.7,7.7246
2044.32,99.7,7.7246
2045.32,99.5,7.7246
2046.33,101.5,7.7246
2047.33,101.5,7.7246
2048.34,101.5,7.7246
2049.35,99.5,7.7246
2050.35,101.6,7.7246
2051.35,100.5,7.7246
2052.36,100.5,7.7246
2053.37,99.5,7.7246
2054.37,100.5,7.7246
2055.38,100.5,7.7246
2056.38,100.5,7.7246
2057.38,100.7,7.7246
2058.39,100.5,7.7246
2059.39,100.6,7.7246
2060.4,100.5,7.7246
2061.4,101.5,7.7246
2062.41,99.5,7.7246
2063.41,100.5,7.7246
2064.42,101.5,7.7246
2065.42,99.5,7.7246
2066.43,100.5,7.7246
2067.43,100.5,7.7246
2068.44,101.5,7.7246
2069.45,100.5,7.7246
2070.45,100.5,7.7246
2071.46,100.5,7.7246
2072.46,99.6,7.7246
2073.47,101.5,7.7246
2074.47,100.5,7.7246
2075.48,101.5,7.7246
2076.48,99.5,7.7246
2077.49,102.5,7.7246
2078.49,101.5,7.7246
2079.49,100.7,7.7246
2080.5,100.6,7.7246
2081.5,100.5,7.7246
2082.51,100.5,7.7246
2083.51,100.6,7.7246
2084.52,100.5,7.7246
2085.52,100.7,7.7246
2086.52,101.5,7.7246
2087.53,99.5,7.7246
2088.53,101.5,7.7246
2089.54,99.5,7.7246
2090.55,100.5,7.7246
2091.55,109.5,7.7246
2092.56,101.5,7.7246
2093.56,100.5,7.7246
2094.57,101.5,7.7246
2095.57,99.5,7.7246
2096.58,100.5,7.7246
2097.58,101.5,7.7246
2098.59,101.5,7.7246
2099.59,98.5,7.7246
2100.6,100.5,7.7246
2101.6,101.5,7.7246
2102.61,101.5,7.7246
2103.61,101.5,7.7246
2104.62,100.5,7.7246
2105.62,100.6,7.7246
2106.63,100.5,7.7246
2107.63,99.5,7.7246
2108.64,100.5,7.7246
2109.64,101.5,7.7246
2110.65,100.5,7.7246
2111.65,99.5,7.7246
2112.66,101.5,7.7246
2113.66,101.5,7.7246
2114.67,100.5,7.7249
2115.67,100.5,7.7249
2116.68,99.5,7.7249
2117.68,101.7,7.7249
2118.69,99.6,7.7249
2119.69,101.5,7.7249
2120.7,99.5,7.7249
2121.7,101.5,7.7249
2122.71,100.5,7.7249
2123.71,99.5,7.7249
2124.72,101.5,7.7249
2125.72,100.5,7.7249
2126.73,100.5,7.7249
2127.73,101.5,7.7249
2128.74,100.5,7.7249
2129.74,100.5,7.7249
2130.75,102.5,7.7249
2131.75,99.5,7.7249
2132.76,100.5,7.7249
2133.76,103.5,7.7249
2134.77,99.5,7.7249
2135.77,100.5,7.7249
2136.78,99.5,7.7249
2137.78,101.5,7.7249
2138.79,193.3,1.7642
2139.79,305.4,2.0029
2140.8,307.3,2.3547
2141.8,263.6,2.5981
2142.81,345.8,2.7536
2143.81,351.7,3.0297
2144.82,320.3,3.36
2145.82,308.3,3.6705
2146.83,314.5,3.9814
2147.83,305.3,4.2094
2148.84,303.6,4.4583
2149.84,290.5,4.7062
2150.85,302.6,4.8903
2151.85,302.5,5.1158
2152.86,302.4,5.2793
2153.86,299.4,5.4146
2154.87,303.3,5.5999
2155.87,300.6,5.8444
2156.88,300.6,5.9806
2157.88,295.4,6.1831
2158.89,239.7,6.4877
2159.89,172.1,6.624
2160.9,193.0,6.9866
2161.9,180.3,7.0282
2162.91,162.1,7.0284
2163.91,123.3,7.0184
2164.92,207.9,7.1184
2165.92,172.4,7.1184
2166.93,197.1,7.1199
2167.93,112.4,7.1199
2168.94,118.4,7.1202
2169.94,136.3,7.1203
2170.95,108.4,7.1203
2171.95,106.4,7.1203
2172.96,101.5,7.1203
2173.96,115.4,7.1203
2174.97,120.4,7.1203
2175.97,118.4,7.1203
2176.98,102.5,7.1203
2177.99,122.3,7.1203
2178.99,108.4,7.1203
2180.0,125.3,7.1203
2181.0,149.2,7.1203
2182.01,107.4,7.1203
2183.01,112.4,7.1203
2184.02,101.5,7.1203
2185.02,99.5,7.1203
2186.03,159.1,7.1203
2187.03,102.5,7.1203
2188.04,102.5,7.1203
2189.04,111.4,7.1203
2190.05,101.5,7.1203
2191.06,119.4,7.1203
2192.06,126.3,7.1203
2193.07,146.2,7.1213
2194.07,167.1,7.1213
2195.08,260.6,7.5072
2196.08,169.0,7.5581
2197.09,171.1,7.5581
2198.09,114.4,7.5588
2199.1,103.4,7.5544
2200.1,105.5,7.5544
2201.11,108.4,7.5544
2202.12,178.0,7.5563
2203.12,99.5,7.5563
2204.13,107.5,7.5563
2205.13,100.5,7.5563
2206.14,105.4,7.5563
2207.14,101.5,7.5563
2208.15,100.5,7.5563
2209.15,104.4,7.5563
2210.16,101.5,7.5563
2211.16,101.5,7.5563
2212.17,100.5,7.5563
2213.17,101.5,7.5563
2214.18,99.5,7.5563
2215.18,102.4,7.5563
2216.19,101.5,7.5563
2217.19,102.5,7.5563
2218.2,99.5,7.5563
2219.2,119.4,7.5564
2220.21,100.5,7.5564
2221.22,102.5,7.5564
2222.22,100.5,7.5564
2223.23,100.5,7.5564
2224.23,101.5,7.5564
2225.24,101.5,7.5564
2226.24,99.5,7.5564
2227.25,105.4,7.5564
2228.25,100.5,7.5564
2229.26,100.5,7.5564
2230.26,100.5,7.5564
2231.27,101.5,7.5564
2232.27,100.5,7.5564
2233.28,100.4,7.5564
2234.28,100.5,7.5564
2235.29,101.5,7.5564
2236.3,101.5,7.5564
2237.3,107.6,7.5564
2238.3,106.5,7.5564
2239.31,100.5,7.5564
2240.31,99.6,7.5564
2241.32,103.5,7.5564
2242.32,100.5,7.5564
2243.33,114.4,7.5564
2244.33,100.5,7.5564
2245.34,174.4,7.5949
2246.34,218.9,7.7048
2247.35,110.4,7.7048
2248.35,200.9,7.7049
2249.36,171.5,1.6537
2250.36,0.0,1.8877
2251.37,318.3,2.1956
2252.37,298.6,2.5613
2253.37,331.9,2.7097
2254.38,355.1,2.9935
2255.38,325.2,3.3266
2256.39,314.3,3.6444
2257.39,309.7,3.9497
2258.4,311.3,4.1882
2259.4,303.4,4.4465
2260.41,303.4,4.6917
2261.42,301.4,4.8588
2262.42,304.5,5.1092
2263.43,304.4,5.2708
2264.43,300.4,5.4117
2265.44,303.4,5.5849
2266.44,301.4,5.8308
2267.45,300.4,5.9729
2268.45,305.4,6.1017
2269.46,267.6,6.4776
2270.46,169.1,6.588
2271.47,224.8,6.9785
2272.47,141.3,6.9785
2273.48,226.8,6.9785
2274.48,215.8,6.9861
2275.49,161.1,7.0785
2276.5,220.8,7.0785
2277.5,157.2,7.0785
2278.51,109.4,7.0785
2279.51,108.4,7.0789
2280.52,167.1,7.0789
2281.52,110.4,7.0789
2282.53,101.5,7.0789
2283.53,103.4,7.0789
2284.54,103.4,7.0789
2285.54,113.4,7.0789
2286.55,145.2,7.0789
2287.55,174.1,7.0789
2288.56,122.3,7.0789
2289.56,104.4,7.0789
2290.57,110.4,7.0789
2291.57,146.2,7.0789
2292.58,111.6,7.0789
2293.58,105.5,7.0789
2294.59,100.5,7.0789
2295.59,101.5,7.0789
2296.6,109.4,7.0789
2297.6,100.5,7.0789
2298.61,102.5,7.0789
2299.62,101.5,7.0789
2300.62,100.5,7.0789
2301.63,126.3,7.0789
2302.63,121.4,7.0789
2303.64,163.3,7.0789
2304.64,245.7,7.4629
2305.65,104.4,7.4806
2306.65,100.5,7.5629
2307.66,101.7,7.563
2308.66,100.5,7.563
2309.67,100.5,7.563
2310.67,114.4,7.563
2311.68,119.4,7.563
2312.68,109.5,7.563
2313.69,144.2,7.563
2314.69,102.4,7.563
2315.7,105.4,7.563
2316.7,101.5,7.563
2317.71,106.4,7.563
2318.71,101.5,7.563
2319.72,99.5,7.563
2320.72,101.5,7.563
2321.73,100.5,7.563
2322.74,102.5,7.563
2323.74,99.5,7.563
2324.75,100.5,7.563
2325.75,102.4,7.563
2326.76,101.5,7.563
2327.76,100.5,7.563
2328.77,102.5,7.563
2329.77,114.4,7.563
2330.78,105.4,7.563
2331.78,100.5,7.563
2332.79,101.5,7.563
2333.79,100.5,7.563
2334.8,101.5,7.563
2335.8,99.5,7.563
2336.81,101.7,7.563
2337.81,100.5,7.563
2338.82,100.5,7.563
2339.82,100.5,7.563
2340.83,101.5,7.563
2341.83,99.5,7.563
2342.84,101.5,7.563
2343.84,101.5,7.563
2344.85,99.5,7.563
2345.85,101.7,7.563
2346.86,101.5,7.563
2347.86,101.4,7.5633
2348.87,100.7,7.5633
2349.87,102.7,7.5633
2350.87,107.5,7.5633
2351.88,100.6,7.5633
2352.88,100.5,7.5633
2353.89,100.5,7.5633
2354.89,101.5,7.5633
2355.9,99.5,7.5633
2356.9,116.4,7.5633
2357.91,211.9,7.7122
2358.91,166.5,7.7122
2359.92,134.3,7.7122
2360.92,167.5,7.7122
2361.93,270.6,7.7126
2362.93,139.3,7.7126
2363.94,112.1,7.7126
2364.94,106.5,7.7126
2365.95,203.9,7.7126
2366.95,204.0,7.7276
2367.96,273.5,7.778
2368.96,144.2,7.7808
2369.97,101.7,7.7417
2370.97,100.3,7.7417
2371.98,103.4,7.7417
2372.98,108.4,7.7418
2373.99,100.8,7.7418
2374.99,102.5,7.7066
2376.0,100.5,7.7066
2377.0,100.5,7.7066
2378.01,100.5,7.7066
2379.01,101.5,7.7066
2380.02,100.5,7.7066
2381.02,100.5,7.7066
2382.03,104.5,7.7066
2383.03,102.5,7.7066
2384.04,99.6,7.7066
2385.04,101.5,7.7066
2386.05,105.4,7.7066
2387.05,99.5,7.7066
2388.06,100.5,7.7066
2389.06,101.5,7.7066
2390.07,99.5,7.7066
2391.07,100.5,7.7066
2392.08,99.5,7.7066
2393.08,102.5,7.7069
2394.09,100.5,7.7069
2395.09,100.5,7.7069
2396.1,99.5,7.7069
2397.1,101.5,7.7069
2398.11,101.5,7.7069
2399.11,100.5,7.7069
2400.12,101.5,7.7069
2401.12,99.5,7.7069
2402.13,100.5,7.7069
2403.13,100.5,7.7069
2404.14,102.5,7.7069
2405.15,99.5,7.7069
2406.15,101.6,7.7069
2407.15,100.5,7.7069
2408.16,100.6,7.7069
2409.16,101.4,7.7069
2410.17,101.5,7.7069
2411.18,100.5,7.7069
2412.18,100.5,7.7069
2413.19,100.5,7.7069
2414.19,100.5,7.7069
2415.2,101.5,7.7069
2416.2,100.5,7.7069
2417.21,100.5,7.7069
2418.21,100.5,7.7069
2419.22,100.5,7.7069
2420.22,100.5,7.7069
2421.23,100.5,7.7069
2422.23,100.5,7.7069
2423.24,101.5,7.7069
2424.24,101.5,7.7069
2425.25,99.5,7.7069
2426.25,100.5,7.7069
2427.26,100.5,7.7069
2428.26,101.5,7.7069
2429.27,100.5,7.7069
2430.27,99.5,7.7069
2431.28,101.5,7.7069
2432.28,100.5,7.7069
2433.29,102.5,7.7069
2434.3,99.5,7.7069
2435.3,99.5,7.7069
2436.31,102.5,7.7069
2437.31,99.5,7.7069
2438.32,101.5,7.7071
2439.32,100.5,7.7071
2440.33,100.5,7.7071
2441.33,101.5,7.7071
2442.34,100.5,7.7071
2443.34,100.5,7.7071
2444.35,101.5,7.7071
2445.35,100.4,7.7071
2446.36,100.5,7.7071
2447.36,101.5,7.7071
2448.37,99.5,7.7071
2449.37,100.5,7.7071
2450.38,100.5,7.7071
2451.38,100.5,7.7071
2452.39,101.5,7.7071
2453.39,100.5,7.7071
2454.4,100.5,7.7071
2455.4,100.5,7.7071
2456.41,99.5,7.7071
2457.41,102.5,7.7071
2458.42,100.5,7.7071
2459.42,100.5,7.7071
2460.43,99.5,7.7071
2461.43,102.5,7.7071
2462.44,99.5,7.7071
2463.45,99.5,7.7071
2464.45,100.6,7.7071
2465.45,101.5,7.7071
2466.46,100.5,7.7071
2467.46,100.5,7.7071
2468.47,102.5,7.7071
2469.47,100.5,7.7071
2470.48,99.5,7.7071
2471.48,100.5,7.7071
2472.49,100.5,7.7071
2473.49,100.5,7.7071
2474.5,100.5,7.7071
2475.5,100.5,7.7071
2476.51,99.5,7.7071
2477.51,103.5,7.7071
2478.52,102.5,7.7071
2479.53,100.5,7.7071
2480.53,101.6,7.7071
2481.53,101.5,7.7071
2482.54,99.5,7.7074
2483.54,101.5,7.7074
2484.55,100.5,7.7074
2485.55,101.5,7.7074
2486.56,100.5,7.7074
2487.56,102.5,7.7074
2488.57,100.5,7.7074
2489.58,99.5,7.7074
2490.58,100.5,7.7074
2491.59,100.5,7.7074
2492.59,100.5,7.7074
2493.6,100.5,7.7074
2494.6,100.5,7.7074
2495.61,100.5,7.7074
2496.61,100.5,7.7074
2497.62,100.5,7.7074
2498.62,99.5,7.7074
2499.63,103.6,7.7074
2500.63,99.5,7.7074
2501.64,100.5,7.7074
2502.64,147.2,7.7074
2503.65,203.9,7.722
2504.65,185.0,7.7495
2505.66,101.5,7.72
2506.66,99.5,7.72
2507.67,101.5,7.72
2508.67,101.6,7.72
2509.68,112.4,7.72
2510.68,100.5,7.72
2511.69,99.5,7.72
2512.69,100.5,7.72
2513.7,102.5,7.72
2514.7,100.5,7.72
2515.71,99.5,7.72
2516.71,100.5,7.72
2517.72,99.5,7.72
2518.72,101.6,7.72
2519.73,100.5,7.72
2520.73,100.5,7.72
2521.74,100.5,7.72
2522.74,100.6,7.72
2523.74,101.5,7.72
2524.75,100.5,7.72
2525.75,102.5,7.72
2526.76,99.5,7.72
2527.77,100.5,7.7202
2528.77,100.6,7.7202
2529.77,101.5,7.7202
2530.78,100.5,7.7202
2531.79,99.5,7.7202
2532.79,101.5,7.7202
2533.8,100.5,7.7202
2534.8,100.5,7.7202
2535.81,100.5,7.7202
2536.81,101.5,7.7202
2537.82,115.4,7.7202
2538.82,187.6,7.7657
2539.83,99.5,7.7657
2540.83,101.5,7.7657
2541.84,99.6,7.7657
2542.84,101.5,7.7657
2543.85,101.5,7.7657
2544.85,99.5,7.7657
2545.86,101.6,7.7657
2546.86,100.5,7.7657
2547.87,100.5,7.7657
2548.87,99.5,7.7657
2549.88,104.7,1.7747
2550.88,340.0,1.9675
2551.88,3.0,1.7791
2552.89,327.2,1.9463
2553.89,5.0,1.801
2554.89,297.1,1.9553
2555.9,2.0,1.7607
2556.9,319.8,1.9438
2557.9,1711.6,1.7584
2558.91,301.5,1.9302
2559.91,340.2,2.0783
2560.92,4.0,1.7673
2561.92,296.2,1.9312
2562.92,352.0,2.0957
2563.93,9.0,1.8148
2564.93,316.0,1.9809
2565.93,352.6,2.1886
2566.94,325.3,2.4562
2567.95,5.0,1.7516
2568.95,309.4,1.9245
2569.95,320.0,2.0469
2570.96,7.0,1.8245
2571.96,332.2,1.9937
2572.96,3.0,1.7687
2573.97,332.1,1.9638
2574.97,362.9,2.1876
2575.98,324.3,2.5107
2576.98,5.0,1.7909
2577.98,327.0,1.9592
2578.99,345.2,2.1591
2579.99,320.3,2.4179
2581.0,1.0,1.6828
2582.0,289.4,1.9409
2583.01,349.9,2.0555
2584.01,347.2,2.2809
2585.02,14.0,1.8359
2586.02,328.0,2.0014
2587.02,356.4,2.2247
2588.03,327.2,2.5032
2589.03,2.0,1.7616
2590.04,298.0,1.9399
2591.04,335.2,2.0724
2592.04,2.0,1.7576
2593.05,306.4,1.9451
2594.05,325.9,2.0711
2595.06,1476.1,1.7733
2596.06,320.0,1.956
2597.06,352.0,2.122
2598.07,312.0,2.2816
2599.07,167.3,2.4409
2600.07,2.0,1.7937
2601.08,310.1,1.9574
2602.08,366.9,2.1442
2603.08,287.1,2.3319
2604.09,4.0,1.7586
2605.09,288.5,1.9293
2606.1,343.6,2.0721
2607.1,234.8,1.6636
2608.11,7.0,1.92
2609.11,328.0,2.0414
2610.11,280.6,2.2968
2611.12,3.0,1.8541
2612.12,317.3,2.0205
2613.12,315.6,1.6667
2614.13,2.0,1.9748
2615.13,344.3,2.1287
2616.14,215.9,2.3349
2617.14,5.0,1.7947
2618.14,347.1,2.0312
2619.14,357.0,2.2102
2620.15,315.4,2.4692
2621.16,227.8,2.6081
2622.16,107.4,2.6404
2623.17,116.4,2.6885
2624.17,119.4,2.7308
2625.18,104.4,2.763
2626.18,104.4,2.7872
2627.19,159.2,2.8415
2628.19,174.4,1.6683
2629.2,4.0,1.8771
2630.2,319.0,2.0159
2631.2,4.0,1.8379
2632.2,326.3,2.0324
2633.21,362.1,2.2176
2634.21,320.4,2.4779
2635.22,9.9,1.7781
2636.22,314.3,1.9554
2637.23,358.8,2.0966
2638.23,331.7,2.3316
2639.23,14.0,1.8637
2640.24,320.0,2.0021
2641.24,356.6,2.2202
2642.25,11.9,1.7958
2643.25,303.4,1.9702
2644.26,354.7,2.1298
2645.26,330.6,2.3607
2646.26,8.0,1.9078
2647.27,348.0,2.0826
2648.27,361.1,2.3021
2649.28,341.2,2.5554
2650.28,211.9,2.7238
2651.29,179.0,2.7838
2652.29,150.2,2.8629
2653.3,113.4,2.9622
2654.3,134.3,3.0346
2655.31,103.4,3.113
2656.31,118.4,3.2258
2657.32,99.5,3.3004
2658.32,115.6,3.4022
2659.33,101.5,3.4867
2660.33,102.5,3.5665
2661.34,104.4,3.6822
2662.34,100.5,3.7582
2663.35,102.5,3.8667
2664.35,105.4,3.9504
2665.36,101.5,4.0303
2666.36,99.5,4.1415
2667.37,99.5,4.2214
2668.37,101.5,4.3347
2669.38,102.5,4.4095
2670.38,100.5,4.4957
2671.39,102.5,4.5995
2672.4,101.5,4.678
2673.4,100.5,4.7894
2674.41,118.4,4.8571
2675.41,11.9,1.8082
2676.42,335.2,2.0495
2677.42,352.9,2.2019
2678.42,350.2,2.4885
2679.43,301.2,2.7089
2680.43,138.3,2.794
2681.44,105.4,2.8554
2682.44,101.5,2.912
2683.45,126.4,2.9743
2684.45,121.4,3.0285
2685.46,145.2,3.0783
2686.46,99.5,3.1262
2687.47,101.5,3.1781
2688.47,102.5,3.2273
2689.48,103.5,3.2749
2690.48,103.5,3.3151
2691.49,100.5,3.3586
2692.49,101.5,3.3974
2693.5,100.5,3.4459
2694.5,116.4,3.4833
2695.51,101.5,3.5249
2696.51,106.4,3.5593
2697.52,99.5,3.597
2698.52,104.5,3.6307
2699.53,104.5,3.6689
2700.53,104.5,3.7096
2701.54,100.5,3.7412
2702.54,101.5,3.78
2703.55,105.5,3.81
2704.55,101.5,3.8402
2705.56,100.5,3.8721
2706.57,100.5,3.898
2707.57,102.6,3.9313
2708.57,99.5,3.9674
2709.58,101.5,3.9946
2710.58,104.5,4.0218
2711.59,103.5,4.0528
2712.59,100.5,4.0794
2713.6,101.5,4.1048
2714.61,101.5,4.1336
2715.61,101.5,4.1556
2716.62,100.5,4.1835
2717.62,100.5,4.2139
2718.63,100.5,4.2405
2719.63,99.5,4.2636
2720.64,102.5,4.2904
2721.64,103.5,4.3162
2722.65,102.5,4.3395
2723.65,102.6,4.3616
2724.66,102.5,4.387
2725.66,99.5,4.4068
2726.67,100.6,4.4292
2727.67,100.5,4.4551
2728.68,99.5,4.4825
2729.68,101.5,4.5016
2730.69,100.5,4.524
2731.69,100.5,4.5489
2732.7,105.5,4.5681
2733.7,101.5,4.5894
2734.71,100.5,4.6094
2735.71,101.5,4.6288
2736.72,99.5,4.6527
2737.72,100.5,4.6704
2738.73,100.5,4.6903
2739.73,101.5,4.7129
2740.74,101.5,4.7374
2741.74,100.5,4.7564
2742.75,100.5,4.7757
2743.75,101.5,4.7936
2744.76,100.5,4.8178
2745.76,101.5,4.8349
2746.77,100.5,4.8517
2747.77,100.5,4.8673
2748.78,100.5,4.8846
2749.79,100.5,4.9013
2750.79,100.5,4.9196
2751.8,99.5,4.9342
2752.8,101.5,4.9481
2753.81,100.5,4.9662
2754.81,101.5,4.9845
2755.82,99.5,5.0059
2756.82,102.5,5.0211
2757.83,100.5,5.0353
2758.83,99.5,5.0507
2759.84,99.5,5.0678
2760.84,102.5,5.0901
2761.85,101.5,5.1033
2762.85,100.5,5.1071
2763.86,103.5,5.1114
2764.86,101.5,5.1157
2765.87,100.5,5.119
2766.87,100.5,5.121
2767.88,100.5,5.1243
2768.88,101.7,5.1378
2769.88,125.6,5.1497
2770.89,130.3,1.6935
2771.89,14.0,1.9041
2772.89,337.0,2.1008
2773.9,348.9,2.2776
2774.9,348.1,2.5082
2775.91,329.5,2.8328
2776.91,319.6,3.187
2777.91,283.6,3.5326
2778.92,1.0,1.9083
2779.92,334.2,2.0975
2780.92,4.0,1.7874
2781.93,299.0,1.9867
2782.93,373.4,2.2156
2783.94,3.0,1.8238
2784.94,332.3,2.0065
2785.94,365.9,2.2997
2786.94,2.0,1.9524
2787.95,338.6,2.1334
2788.95,330.3,2.4552
2789.96,3.0,1.7198
2790.96,291.5,1.9742
2791.97,329.6,2.1119
2792.97,341.9,2.308
2793.97,348.5,2.5553
2794.98,328.3,2.7867
2795.98,324.2,3.0255
2796.99,230.8,3.3363
2797.99,1.0,1.7079
2799.0,303.2,2.0278
2800.0,331.0,2.164
2801.0,349.9,2.462
2802.01,336.2,2.8075
2803.01,327.2,3.0936
2804.02,219.8,3.3657
2805.02,149.2,3.6765
2806.03,4.0,1.8131
2807.03,339.6,2.0586
2808.04,345.7,2.2678
2809.04,353.8,2.5604
2810.04,327.3,2.8252
2811.05,321.2,3.0934
2812.05,194.1,3.3524
2813.06,147.2,3.6492
2814.06,4.0,1.8355
2815.06,346.9,2.0714
2816.07,345.0,2.209
2817.07,339.0,2.4362
2818.07,351.0,2.7187
2819.07,328.0,2.9736
2820.08,303.4,3.2188
2821.09,171.1,3.4831
2822.09,4.0,1.8748
2823.09,316.1,2.0269
2824.1,2.0,1.8148
2825.1,341.9,2.016
2826.1,366.1,2.2564
2827.11,336.2,2.5026
2828.11,302.5,2.8244
2829.12,195.9,3.1958
2830.12,122.4,3.5806
2831.13,111.5,4.0672
2832.13,100.5,4.5649
2833.14,104.4,5.0811
2834.14,268.6,5.5261
2835.15,0.0,1.808
2836.15,306.4,1.9774
2837.16,346.3,2.1367
2838.16,2.0,1.8121
2839.17,292.5,1.9913
2840.17,354.9,2.1663
2841.18,333.3,2.4104
2842.18,275.5,2.7705
2843.19,140.3,3.13
2844.19,151.2,3.5978
2845.2,100.5,4.1046
2846.2,105.5,4.6154
2847.21,171.3,5.0493
2848.21,1.0,1.7971
2849.21,297.6,1.9809
2850.22,352.6,2.1473
2851.22,1.0,1.7249
2852.23,289.6,1.9689
2853.23,359.2,2.1866
2854.24,288.6,2.5373
2855.24,173.4,2.9553
2856.24,132.3,3.3706
2857.25,1539.0,1.8168
2858.25,332.1,1.9989
2859.26,365.1,2.1985
2860.26,320.9,2.5077
2861.26,165.5,2.9132
2862.27,154.2,3.3272
2863.27,1.0,1.8131
2864.28,309.6,1.9892
2865.28,363.1,2.1574
2866.28,4.0,1.8649
2867.29,321.1,2.0213
2868.29,272.6,2.1599
2869.29,4.0,1.8572
2870.3,336.1,2.0425
2871.3,353.5,1.708
2872.3,0.0,1.9659
2873.31,306.3,2.0729
2874.31,351.5,2.3114
2875.31,3393.4,1.9009
2876.32,295.1,2.0412
2877.32,359.0,2.2557
2878.32,6.0,1.8505
2879.33,310.1,2.0209
2880.33,358.2,2.1995
2881.33,6.0,1.8511
2882.34,305.1,2.0184
2883.34,351.4,2.1955
2884.35,2955.1,1.8379
2885.35,300.5,2.0164
2886.36,349.2,2.1744
2887.36,4.0,1.805
2888.36,292.0,2.0025
2889.37,328.0,2.1074
2890.37,351.9,2.3251
2891.37,5.0,1.9158
2892.38,314.1,2.0502
2893.38,7.0,1.9576
2894.38,1.0,1.8099
2895.39,295.6,2.0002
2896.39,15.0,1.8264
2897.4,302.6,2.0175
2898.4,340.9,2.135
2899.4,353.8,2.3547
2900.41,315.4,2.6405
2901.41,21.9,1.8791
2902.42,329.0,2.0599
2903.42,354.9,2.2251
2904.42,337.2,2.4694
2905.43,286.4,2.7922
2906.43,3.0,1.8895
2907.44,310.2,2.0568
2908.44,355.4,2.2383
2909.45,14.0,1.8393
2910.45,301.4,2.0377
2911.46,342.7,2.1518
2912.46,349.5,2.3716
2913.46,9.0,1.9338
2914.47,328.8,1.7584
2915.47,1.0,2.0073
2916.48,308.1,2.1177
2917.48,352.7,2.3498
2918.48,5.0,1.8675
2919.49,303.5,2.0496
2920.49,333.2,2.184
2921.5,341.1,2.4033
2922.5,1.0,1.9457
2923.5,339.3,2.0965
2924.51,2.0,1.8736
2925.51,344.3,2.1356
2926.52,1.0,1.7731
2927.52,284.1,2.0344
2928.53,1.0,1.8552
2929.53,315.0,2.0639
2930.54,5.0,1.8612
2931.54,310.0,2.0725
2932.54,306.4,2.3732
2933.55,355.3,2.5159
2934.55,341.0,2.798
2935.56,317.4,3.063
2936.56,308.3,3.3039
2937.57,303.4,3.5333
2938.57,312.3,3.7762
2939.58,2138.1,1.8867
2940.58,338.2,2.2755
2941.59,350.0,2.4642
2942.59,336.7,2.7508
2943.6,334.2,3.0056
2944.6,314.5,3.2491
2945.61,312.3,3.4781
2946.61,311.3,3.7192
2947.62,271.6,1.7714
2948.62,1396.8,2.1012
2949.63,313.6,2.4366
2950.63,350.9,2.6569
2951.63,353.2,2.8895
2952.64,328.3,3.1459
2953.64,317.5,3.3842
2954.64,309.2,3.5384
2955.65,315.4,3.7166
2956.65,288.4,1.7719
2957.66,2.0,2.0395
2958.66,320.1,2.3884
2959.67,342.3,2.6564
2960.67,334.2,2.9565
2961.68,311.3,3.2587
2962.68,313.4,3.5102
2963.69,311.6,3.7422
2964.69,1.0,1.8769
2965.7,324.2,2.1157
2966.7,297.8,2.397
2967.7,356.0,2.6541
2968.71,354.2,2.9624
2969.71,325.2,3.2698
2970.72,314.5,3.5385
2971.73,311.3,3.787
2972.73,283.4,4.1454
2973.73,134.3,4.6327
2974.74,118.4,5.1295
2975.74,142.2,5.6341
2976.75,114.4,6.1731
2977.75,107.4,6.7204
2978.76,148.2,6.9772
2979.76,102.4,6.9772
2980.77,103.5,6.9772
2981.78,100.5,7.0773
2982.78,145.5,7.0774
2983.78,1.0,1.906
2984.79,338.5,2.3104
2985.79,357.9,2.51
2986.79,330.4,2.8235
2987.8,325.3,3.1422
2988.8,311.4,3.436
2989.81,326.3,3.69
2990.81,285.5,1.7725
2991.82,1.0,2.0496
2992.83,321.3,2.3939
2993.83,325.2,2.6272
2994.83,347.0,2.9246
2995.84,317.3,3.2299
2996.85,313.3,3.4899
2997.85,308.5,3.7246
2998.86,235.7,1.773
2999.86,11.9,2.0749
3000.86,351.7,2.2522
3001.87,10.0,2.0274
3002.87,344.0,2.2032
3003.88,299.5,2.4077
3004.88,218.9,2.5987
3005.89,106.5,2.6899
3006.89,103.4,2.7609
3007.9,114.4,2.8175
3008.9,110.4,2.8766
3009.9,5.0,1.9475
3010.91,332.1,2.1128
3011.91,355.2,2.3039
3012.92,314.5,2.4825
3013.92,158.5,2.609
3014.92,3.0,1.9337
3015.93,321.3,2.1677
3016.93,1408.2,1.9065
3017.94,324.3,2.1314
3018.94,360.7,2.2522
3019.95,326.3,2.4072
3020.95,317.3,2.5921
3021.96,203.0,2.9009
3022.96,236.3,3.2171
3023.96,0.0,1.9964
3024.97,333.1,2.1982
3025.97,351.2,2.3785
3026.98,317.5,2.5966
3027.98,322.5,2.8631
3028.99,7.0,1.9914
3029.99,345.9,2.1903
3030.99,370.1,2.3895
3032.0,0.0,1.8979
3033.0,300.4,2.056
3034.01,5.0,1.9316
3035.01,339.1,2.0928
3036.01,3452.6,1.9613
3037.02,4.0,1.9076
3038.02,306.1,2.0671
3039.02,5.0,1.9164
3040.03,331.3,2.1367
3041.03,356.6,2.2873
3042.04,1483.8,1.88
3043.04,292.4,2.0822
3044.05,358.8,2.2072
3045.05,337.5,2.4148
3046.06,327.3,2.5671
3047.06,1.0,1.9907
3048.06,304.1,2.1254
3049.07,342.9,2.3354
3050.07,3.0,1.9291
3051.07,292.7,2.08
3052.08,361.5,2.2499
3053.08,2.0,1.9127
3054.09,335.2,2.1418
3055.09,298.0,2.3423
3056.1,355.3,2.4858
3057.1,334.2,2.7148
3058.11,314.4,2.9424
3059.11,311.2,3.1436
3060.12,302.3,3.3509
3061.12,313.3,3.5391
3062.13,301.5,3.7228
3063.14,302.4,4.0418
3064.14,301.4,4.1991
3065.15,301.4,4.3181
3066.15,303.4,4.435
3067.16,262.0,4.5711
3068.16,164.1,4.653
3069.17,187.0,4.7379
3070.17,165.1,4.823
3071.18,128.3,4.9225
3072.18,106.4,5.0019
3073.19,125.4,5.0674
3074.19,139.6,5.1317
3075.19,110.4,5.2131
3076.2,166.1,5.3328
3077.21,146.2,5.4851
3078.21,103.4,5.5746
3079.22,105.4,5.6268
3080.22,104.5,5.6881
3081.23,101.5,5.747
3082.23,127.3,5.8135
3083.24,123.4,5.9015
3084.24,111.4,5.973
3085.25,105.4,6.0671
3086.25,101.5,6.1679
3087.26,106.4,6.2324
3088.26,99.5,6.3229
3089.27,99.5,6.393
3090.28,154.2,6.4496
3091.28,287.4,6.7291
3092.29,246.7,7.0441
3093.29,239.7,7.0441
3094.3,301.4,7.0904
3095.3,214.9,7.0924
3096.31,229.8,7.1483
3097.31,224.0,7.1955
3098.32,201.9,7.1981
3099.32,109.4,7.1986
3100.33,100.5,7.1986
3101.33,101.6,7.1986
3102.34,100.5,7.1986
3103.34,135.3,7.3612
3104.35,99.5,7.3612
3105.35,132.3,7.3612
3106.36,100.5,7.3612
3107.36,107.4,7.3612
3108.37,103.5,7.3612
3109.37,102.5,7.3612
3110.38,99.5,7.3612
3111.38,100.5,7.3612
3112.39,132.3,7.3616
3113.39,102.5,7.3616
3114.4,101.5,7.3616
3115.41,99.5,7.3616
3116.41,101.5,7.3616
3117.42,100.5,7.3616
3118.42,100.5,7.3616
3119.43,117.4,7.3616
3120.43,101.5,7.3616
3121.44,137.3,7.362
3122.44,100.5,7.362
3123.45,101.5,7.362
3124.45,100.5,7.362
3125.46,101.6,7.362
3126.46,99.4,7.362
3127.47,101.5,7.362
3128.47,100.5,7.362
3129.48,102.5,7.362
3130.48,130.3,7.3621
3131.49,100.5,7.3621
3132.49,100.6,7.3624
3133.5,101.5,7.3624
3134.5,100.5,7.3624
3135.51,100.5,7.3626
3136.51,101.6,7.3626
3137.52,101.5,7.3626
3138.52,99.5,7.3626
3139.53,136.3,7.5287
3140.53,100.5,7.5287
3141.54,99.5,7.5287
3142.55,101.5,7.5287
3143.55,100.5,7.5287
3144.56,101.5,7.5287
3145.56,100.5,7.5287
3146.57,99.5,7.5287
3147.57,102.5,7.5287
3148.58,99.5,7.611
3149.58,100.6,8.0967
3150.59,100.5,8.438
3151.59,167.1,8.654
3152.6,101.5,8.6542
3153.6,99.5,8.6543
3154.61,102.5,8.6543
3155.61,99.5,8.6543
3156.62,101.5,8.6543
3157.62,99.5,8.6543
3158.63,101.5,8.6543
3159.63,100.5,8.6543
3160.64,101.5,8.6543
3161.65,99.5,8.6543
3162.65,100.5,8.6549
3163.66,101.5,8.6549
3164.66,101.5,8.6549
3165.67,101.5,8.6549
3166.67,100.5,8.6549
3167.68,100.5,8.6549
3168.68,99.6,8.6549
3169.69,102.5,8.6549
3170.69,100.5,8.6549
3171.7,100.5,8.6549
3172.7,99.5,8.6549
3173.71,111.4,8.655
3174.71,104.5,8.655
3175.72,100.5,8.655
3176.72,101.5,8.655
3177.73,100.5,8.655
3178.73,100.5,8.655
3179.74,100.5,8.655
3180.74,101.5,8.655
3181.75,99.5,8.655
3182.75,101.5,8.6553
3183.76,100.5,8.6553
3184.76,101.5,8.6555
3185.77,100.5,8.6555
3186.77,100.5,8.6555
3187.78,101.5,8.6555
3188.79,99.5,8.6555
3189.79,101.5,8.6555
3190.8,100.5,8.6555
3191.8,100.5,8.6555
3192.81,102.5,8.6555
3193.81,100.5,8.6555
3194.82,101.5,8.6558
3195.82,99.5,8.6558
3196.83,100.5,8.6558
3197.83,99.5,8.6558
3198.84,100.5,8.6558
3199.84,102.5,8.6558
3200.85,100.5,8.6558
3201.85,99.5,8.6558
3202.86,102.5,8.6558
3203.87,101.5,8.6558
3204.87,100.5,8.6558
3205.88,100.5,8.6558
3206.88,100.5,8.6558
3207.89,101.5,8.6558
3208.89,101.5,8.6558
3209.9,99.5,8.6558
3210.9,101.5,8.6558
3211.91,100.5,8.6558
3212.91,100.5,8.6558
3213.92,101.5,8.6558
3214.92,99.5,8.6558
3215.93,101.5,8.6558
3216.93,100.5,8.6561
3217.94,100.5,8.6561
3218.94,102.5,8.6561
3219.95,99.5,8.6561
3220.95,100.5,8.6561
3221.96,102.5,8.6561
3222.96,99.5,8.6561
3223.97,101.5,8.6561
3224.97,100.5,8.6562
3225.98,101.5,8.6562
3226.99,99.5,8.6562
3227.99,101.5,8.6565
3229.0,99.5,8.6565
3230.0,100.5,8.6565
3231.01,101.5,8.6565
3232.01,101.5,8.6565
3233.02,98.5,8.6565
3234.02,102.5,8.6565
3235.03,100.5,8.6565
3236.03,101.5,8.6565
3237.04,99.5,8.6565
3238.04,101.5,8.6565
3239.05,100.5,8.6565
3240.05,100.6,8.6566
3241.06,101.5,8.6566
3242.06,99.5,8.6566
3243.07,100.5,8.6566
3244.07,100.5,8.6566
3245.08,102.5,8.6566
3246.08,99.5,8.6566
3247.09,100.5,8.6566
3248.09,100.5,8.6566
3249.1,101.5,8.6566
3250.11,99.5,8.6566
3251.11,101.5,8.6566
3252.12,101.5,8.6566
3253.12,100.5,8.6566
3254.13,100.5,8.6566
3255.13,100.5,8.6566
3256.14,100.5,8.6566
3257.14,100.5,8.6566
3258.15,99.5,8.6566
3259.15,101.5,8.6566
3260.16,99.5,8.6566
3261.16,101.5,8.6566
3262.17,104.5,8.657
3263.17,99.5,8.657
3264.18,100.5,8.657
3265.18,99.5,8.657
3266.19,101.5,8.657
3267.19,102.5,8.657
3268.2,100.5,8.657
3269.21,100.5,8.657
3270.21,100.5,8.657
3271.22,100.5,8.657
3272.22,101.5,8.6571
3273.23,100.6,8.6573
3274.23,100.5,8.6573
3275.24,99.5,8.6573
3276.24,100.5,8.6573
3277.25,102.5,8.6573
3278.25,101.5,8.6573
3279.26,100.5,8.6573
3280.26,100.5,8.6573
3281.27,99.5,8.6573
3282.27,100.5,8.6573
3283.28,101.5,8.6573
3284.28,101.5,8.6575
3285.29,99.5,8.6575
3286.29,100.5,8.6575
3287.3,99.5,8.6575
3288.3,101.5,8.6575
3289.31,101.5,8.6575
3290.31,100.5,8.6575
3291.32,101.5,8.6575
3292.32,100.5,8.6575
3293.33,100.5,8.6575
3294.33,100.4,8.6575
3295.34,100.4,8.6575
3296.35,100.5,8.6575
3297.35,101.5,8.6575
3298.36,100.5,8.6575
3299.36,100.5,8.6575
3300.37,101.5,8.6575
3301.37,100.5,8.6575
3302.38,100.5,8.6575
3303.38,100.5,8.6575
3304.39,100.5,8.6575
3305.39,100.5,8.6576
3306.4,100.5,8.6576
3307.4,100.4,8.6576
3308.41,99.5,8.6576
3309.41,102.6,8.6576
3310.42,100.5,8.6576
3311.42,100.5,8.6576
3312.43,99.5,8.6576
3313.43,101.6,8.6576
3314.44,99.5,8.6576
3315.44,101.5,8.6576
3316.45,101.5,8.6576
3317.45,101.6,8.658
3318.46,100.5,8.658
3319.47,100.4,8.658
3320.47,100.5,8.658
3321.47,100.5,8.658
3322.48,101.5,8.658
3323.49,100.5,8.658
3324.49,100.6,8.658
3325.49,100.5,8.658
3326.5,99.5,8.658
3327.51,101.5,8.658
3328.51,102.5,8.6582
3329.51,101.5,8.6582
3330.52,99.5,8.6582
3331.53,101.5,8.6582
3332.53,99.6,8.6582
3333.53,100.5,8.6582
3334.54,102.5,8.6582
3335.55,100.5,8.6582
3336.55,100.5,8.6582
3337.56,100.5,8.6582
3338.56,100.5,8.6582
3339.57,100.5,8.6583
3340.57,100.5,8.6583
3341.58,100.5,8.6583
3342.58,101.5,8.6583
3343.59,101.5,8.6583
3344.59,100.5,8.6583
3345.6,100.5,8.6583
3346.6,101.5,8.6583
3347.61,100.5,8.6583
3348.61,100.5,8.6583
3349.62,99.5,8.6583
3350.62,101.5,8.6961
3351.63,99.6,8.6963
3352.63,101.5,8.6963
3353.63,3.0,2.0034
3354.64,321.0,2.3082
3355.64,327.2,2.4088
3356.64,349.3,2.689
3357.65,316.4,2.9622
3358.65,308.5,3.2191
3359.66,310.3,3.4582
3360.67,304.5,3.6586
3361.67,303.6,3.8651
3362.68,299.2,4.1264
3363.68,303.4,4.2529
3364.69,284.7,4.3628
3365.69,273.7,4.4813
3366.7,202.9,4.5783
3367.7,209.9,4.6507
3368.71,169.1,4.7215
3369.71,155.2,4.813
3370.72,139.3,4.8854
3371.72,132.3,4.9487
3372.73,125.3,5.0194
3373.73,146.2,5.0916
3374.74,112.4,5.2101
3375.74,122.3,5.2945
3376.75,144.2,5.4538
3377.76,113.4,5.5085
3378.76,100.5,5.5777
3379.77,105.4,5.6462
3380.77,137.4,5.7386
3381.78,101.5,5.7966
3382.78,126.6,5.8706
3383.78,118.4,5.9863
3384.79,104.5,6.0681
3385.8,105.5,6.1644
3386.8,103.4,6.2244
3387.8,104.7,6.2899
3388.81,156.2,6.4159
3389.81,305.5,6.7525
3390.82,185.0,7.0737
3391.82,162.1,7.1381
3392.83,117.4,7.174
3393.84,99.5,7.174
3394.84,156.2,7.181
3395.85,113.4,7.181
3396.85,100.5,7.181
3397.86,102.5,7.181
3398.86,101.5,7.1736
3399.87,100.5,7.1736
3400.87,100.5,7.1736
3401.88,133.4,7.3371
3402.88,102.5,7.3371
3403.89,100.5,7.3371
3404.89,101.5,7.3371
3405.9,99.5,7.3371
3406.9,101.5,7.3371
3407.91,100.5,7.3371
3408.91,101.5,7.3371
3409.92,100.5,7.3371
3410.92,100.5,7.3371
3411.93,129.3,7.3376
3412.93,99.5,7.3376
3413.94,105.4,7.3377
3414.94,113.4,7.3377
3415.95,100.5,7.3377
3416.96,100.5,7.3377
3417.96,100.5,7.3377
3418.97,100.5,7.3377
3419.97,134.5,7.3383
3420.97,100.5,7.3383
3421.98,100.5,7.3383
3422.98,101.5,7.3383
3423.99,101.5,7.3383
3424.99,99.5,7.3383
3426.0,100.5,7.3383
3427.0,101.5,7.3383
3428.01,100.5,7.3383
3429.01,106.5,7.3383
3430.02,121.4,7.3386
3431.03,102.5,7.3386
3432.03,99.5,7.3386
3433.04,101.5,7.3386
3434.04,99.5,7.3386
3435.05,102.5,7.3386
3436.05,100.5,7.3386
3437.06,100.5,7.3386
3438.06,135.3,7.501
3439.07,99.5,7.501
3440.07,102.5,7.501
3441.08,101.5,7.501
3442.08,100.5,7.501
3443.09,100.5,7.5013
3444.09,100.5,7.5013
3445.1,100.5,7.5013
3446.1,101.5,7.5013
3447.11,100.5,7.7187
3448.11,102.5,8.157
3449.12,129.7,8.5494
3450.12,137.4,8.6373
3451.12,99.7,8.6374
3452.13,101.5,8.6374
3453.13,99.7,8.6374
3454.14,99.5,8.6374
3455.14,102.5,8.6374
3456.15,100.5,8.6374
3457.15,100.5,8.6374
3458.16,100.5,8.6374
3459.16,100.5,8.6374
3460.17,100.5,8.6374
3461.17,101.5,8.6381
3462.18,99.5,8.6381
3463.19,101.5,8.6381
3464.19,100.5,8.6381
3465.2,103.5,8.6381
3466.2,100.5,8.6381
3467.21,101.6,8.6381
3468.21,101.5,8.6381
3469.22,100.5,8.6381
3470.22,99.5,8.6381
3471.23,99.5,8.6381
3472.23,103.5,8.6381
3473.24,101.5,8.6381
3474.24,100.5,8.6381
3475.25,106.4,8.6381
3476.25,99.5,8.6381
3477.26,100.5,8.6381
3478.26,100.6,8.6381
3479.27,102.5,8.6381
3480.27,99.5,8.6381
3481.28,100.5,8.6381
3482.28,99.6,8.6381
3483.29,101.5,8.6385
3484.29,101.5,8.6385
3485.3,100.5,8.6385
3486.3,101.5,8.6385
3487.31,100.5,8.6385
3488.31,99.5,8.6388
3489.32,100.5,8.6388
3490.32,100.5,8.6388
3491.33,102.5,8.6388
3492.33,101.5,8.6388
3493.34,101.5,8.6389
3494.34,99.5,8.6389
3495.35,101.5,8.6389
3496.35,99.5,8.6389
3497.36,101.5,8.6389
3498.36,100.6,8.6389
3499.37,100.5,8.6389
3500.37,100.5,8.6389
3501.38,101.5,8.6389
3502.38,101.5,8.6389
3503.39,101.5,8.6389
3504.39,99.5,8.6389
3505.4,100.5,8.6389
3506.4,100.5,8.6389
3507.41,100.5,8.6389
3508.41,99.5,8.6389
3509.42,102.5,8.6389
3510.42,100.5,8.6389
3511.43,99.5,8.6389
3512.43,99.5,8.6389
3513.44,102.5,8.6389
3514.44,101.5,8.6391
3515.45,100.5,8.6391
3516.45,100.5,8.6391
3517.46,101.5,8.6391
3518.46,100.5,8.6391
3519.47,100.4,8.6391
3520.47,100.5,8.6391
3521.48,101.5,8.6391
3522.49,99.5,8.6391
3523.49,101.6,8.6391
3524.49,101.5,8.6391
3525.5,99.5,8.6393
3526.51,101.5,8.6393
3527.51,100.6,8.6393
3528.51,100.5,8.6393
3529.52,101.5,8.6393
3530.52,101.5,8.6393
3531.53,100.5,8.6393
3532.54,100.5,8.6395
3533.54,100.5,8.6395
3534.54,99.7,8.6395
3535.55,100.7,8.6395
3536.55,100.5,8.6397
3537.56,100.5,8.6397
3538.56,99.5,8.6397
3539.57,101.5,8.6397
3540.57,100.5,8.6397
3541.58,100.5,8.6397
3542.58,101.6,8.6397
3543.59,102.5,8.6397
3544.59,101.5,8.6397
3545.6,99.5,8.6397
3546.6,100.5,8.6397
3547.61,100.5,8.6398
3548.61,101.5,8.6398
3549.62,101.5,8.6398
3550.62,100.5,8.6398
3551.63,101.5,8.6398
3552.63,99.5,8.6398
3553.64,185.1,8.648
3554.64,130.6,8.6511
3555.65,100.5,8.6511
3556.65,101.5,8.6511
3557.66,100.5,8.6511
3558.66,101.5,8.6511
3559.67,100.5,8.6511
3560.67,100.6,8.6511
3561.68,99.6,8.6511
3562.68,107.5,8.6511
3563.69,101.5,8.6462
3564.69,99.5,8.6462
3565.7,100.5,8.6462
3566.7,102.5,8.6462
3567.71,101.5,8.6462
3568.71,100.5,8.6412
3569.72,100.5,8.6412
3570.72,101.6,8.6412
3571.73,100.5,8.6412
3572.73,100.6,8.6412
3573.74,99.5,8.6412
3574.74,101.5,8.6412
3575.75,99.5,8.6412
3576.75,101.5,8.6412
3577.76,101.5,8.6414
3578.76,100.6,8.6414
3579.77,101.5,8.6414
3580.77,100.5,8.6414
3581.78,100.5,8.6414
3582.78,99.6,8.6414
3583.78,100.7,8.6414
3584.79,100.5,8.6414
3585.79,101.5,8.6414
3586.8,99.5,8.6414
3587.8,100.5,8.6414
3588.81,100.5,8.6414
3589.81,101.5,8.6414
3590.82,99.5,8.6414
3591.82,100.5,8.6414
3592.83,101.5,8.6414
3593.83,100.5,8.6414
3594.84,101.5,8.6414
3595.84,100.7,8.6414
3596.85,100.5,8.6414
3597.85,101.5,8.6414
3598.86,99.6,8.6414
3599.86,100.5,8.6414
3600.87,101.5,8.6417
3601.87,100.5,8.6417
3602.88,99.8,8.6417
3603.88,99.5,8.6417
3604.89,99.5,8.6417
3605.89,101.5,8.6417
3606.9,100.5,8.6417
3607.9,100.5,8.6417
3608.9,100.7,8.6417
3609.91,99.5,8.6417
3610.91,100.5,8.6417
3611.92,101.5,8.6417
3612.92,100.5,8.6417
3613.93,101.5,8.6417
3614.93,100.5,8.6417
3615.94,101.5,8.6417
3616.94,100.5,8.6417
3617.95,99.5,8.6417
3618.95,101.5,8.6417
3619.96,99.5,8.6417
3620.96,100.5,8.6417
3621.97,100.5,8.6417
3622.98,100.5,8.6417
3623.98,100.5,8.6417
3624.99,100.5,8.6417
3625.99,99.5,8.6417
3627.0,101.5,8.6417
3628.0,100.5,8.6419
3629.01,101.5,8.6419
3630.01,99.5,8.6419
3631.02,101.5,8.6419
3632.02,101.5,8.6419
3633.03,99.5,8.6419
3634.03,101.5,8.6419
3635.04,100.5,8.6419
3636.04,99.6,8.6419
3637.05,101.5,8.6419
3638.05,101.5,8.6419
3639.06,99.5,8.6419
3640.06,100.5,8.6419
3641.07,101.5,8.6419
3642.07,99.5,8.6419
3643.08,102.5,8.6419
3644.08,99.6,8.6419
3645.09,99.5,8.6419
3646.09,100.5,8.6419
3647.1,103.5,8.6419
3648.1,100.5,8.6419
3649.11,100.5,8.6419
3650.11,100.5,8.6419
3651.12,100.5,8.6419
3652.12,100.5,8.6419
3653.13,101.6,1.9195
3654.13,310.4,2.1567
3655.14,319.0,2.3545
3656.14,369.1,2.5645
3657.15,317.5,2.787
3658.15,309.3,2.9768
3659.16,309.1,3.1555
3660.16,309.7,3.3233
3661.17,309.3,3.4632
3662.17,301.4,3.6061
3663.18,305.4,3.8561
3664.18,304.3,4.0166
3665.19,282.5,4.117
3666.19,258.0,4.1865
3667.2,239.8,4.262
3668.2,172.3,4.3603
3669.21,120.4,4.4252
3670.21,116.4,4.4721
3671.22,171.1,4.553
3672.22,134.3,4.6096
3673.23,145.2,4.673
3674.23,105.5,4.7468
3675.24,101.5,4.7948
3676.24,105.4,4.8485
3677.25,111.4,4.9079
3678.26,129.3,4.9579
3679.26,119.3,5.0167
3680.27,105.5,5.0763
3681.27,154.0,5.2263
3682.28,107.4,5.2792
3683.28,130.3,5.3527
3684.29,109.4,5.394
3685.29,103.5,5.4806
3686.3,104.4,5.5371
3687.3,122.3,5.5821
3688.31,125.3,5.6438
3689.31,106.5,5.7203
3690.32,112.4,5.778
3691.32,122.3,5.8202
3692.33,117.4,5.9293
3693.34,113.4,6.0222
3694.34,161.2,6.1206
3695.35,102.5,6.196
3696.35,127.3,6.279
3697.36,298.4,6.6656
3698.36,241.7,6.9862
3699.37,151.2,6.9865
3700.37,113.4,6.9866
3701.38,103.5,6.9866
3702.38,109.5,6.987
3703.39,151.2,6.9892
3704.39,100.5,7.0892
3705.4,100.5,7.0892
3706.4,102.5,7.0892
3707.41,102.5,7.0892
3708.41,101.5,7.0892
3709.42,134.4,7.2858
3710.42,99.5,7.3519
3711.43,99.5,7.3519
3712.43,104.5,7.3519
3713.44,102.5,7.3393
3714.44,100.5,7.3393
3715.45,102.5,7.3393
3716.45,100.5,7.3393
3717.46,111.4,7.3396
3718.46,151.5,7.3405
3719.47,102.5,7.3405
3720.47,100.5,7.3406
3721.48,101.5,7.3406
3722.48,100.5,7.3406
3723.49,100.5,7.3406
3724.49,101.6,7.3406
3725.5,101.5,7.3406
3726.5,99.5,7.3406
3727.51,101.5,7.3406
3728.51,128.4,7.3407
3729.52,100.6,7.3407
3730.52,102.5,7.3407
3731.53,100.5,7.3407
3732.53,101.5,7.3407
3733.54,100.6,7.3407
3734.54,118.4,7.3407
3735.55,100.5,7.3407
3736.55,99.5,7.3407
3737.56,129.4,7.341
3738.56,101.5,7.341
3739.57,100.5,7.341
3740.57,101.5,7.341
3741.58,99.5,7.341
3742.58,101.5,7.341
3743.59,99.5,7.341
3744.59,100.5,7.341
3745.6,100.5,7.341
3746.61,104.5,7.3583
3747.62,129.6,7.503
3748.62,101.5,7.503
3749.63,99.5,7.503
3750.63,100.5,7.503
3751.64,101.5,7.503
3752.64,100.5,7.503
3753.65,100.5,7.503
3754.65,99.5,7.503
3755.66,100.5,7.503
3756.66,101.5,7.6059
3757.67,101.5,8.0366
3758.67,99.5,8.3688
3759.68,166.1,8.6418
3760.68,101.5,8.6418
3761.69,100.5,8.6418
3762.7,99.5,8.642
3763.7,100.5,8.642
3764.71,100.5,8.642
3765.71,101.5,8.6421
3766.72,102.4,8.6421
3767.72,99.5,8.6421
3768.73,100.5,8.6421
3769.73,99.5,8.6421
3770.74,101.4,8.6421
3771.74,100.5,8.6424
3772.75,103.5,8.6424
3773.75,100.5,8.6424
3774.76,100.5,8.6424
3775.76,99.5,8.6424
3776.77,101.5,8.6424
3777.78,100.5,8.6424
3778.78,101.5,8.6424
3779.79,99.5,8.6424
3780.79,101.5,8.6424
3781.8,100.5,8.6424
3782.8,104.5,8.6428
3783.81,101.5,8.6428
3784.81,101.5,8.6428
3785.82,100.5,8.6428
3786.82,100.5,8.6428
3787.83,99.5,8.6428
3788.83,101.5,8.6428
3789.84,102.5,8.6428
3790.84,100.5,8.6428
3791.85,99.5,8.6428
3792.85,101.5,8.6428
3793.86,100.5,8.6429
3794.86,99.5,8.6429
3795.87,102.5,8.6429
3796.88,100.5,8.6429
3797.88,99.5,8.6429
3798.89,101.5,8.6429
3799.89,99.5,8.6429
3800.9,101.5,8.6429
3801.9,100.5,8.6429
3802.91,99.5,8.6431
3803.91,101.5,8.6431
3804.92,101.5,8.6433
3805.92,99.5,8.6433
3806.93,100.5,8.6433
3807.93,102.5,8.6433
3808.94,100.5,8.6433
3809.94,100.5,8.6433
3810.95,99.5,8.6433
3811.95,100.5,8.6433
3812.96,101.5,8.6433
3813.97,100.5,8.6433
3814.97,100.5,8.6433
3815.98,100.5,8.6433
3816.98,106.4,8.6435
3817.99,101.6,8.6435
3818.99,101.5,8.6435
3820.0,99.5,8.6435
3821.0,99.5,8.6435
3822.01,102.5,8.6435
3823.01,100.5,8.6435
3824.02,100.5,8.6435
3825.02,100.5,8.6435
3826.03,100.5,8.6435
3827.03,100.5,8.6435
3828.04,101.5,8.6436
3829.04,99.5,8.6436
3830.05,99.5,8.6436
3831.05,100.6,8.6436
3832.06,101.5,8.6436
3833.06,100.5,8.6436
3834.07,101.5,8.6436
3835.07,100.6,8.6436
3836.08,102.5,8.6436
3837.08,100.5,8.6436
3838.09,99.5,8.6436
3839.09,101.5,8.6436
3840.1,102.6,8.6436
3841.1,99.5,8.6436
3842.11,101.5,8.6436
3843.11,102.5,8.6436
3844.12,100.5,8.6436
3845.13,99.5,8.6436
3846.13,102.6,8.6436
3847.13,100.5,8.6436
3848.14,100.5,8.6438
3849.15,100.5,8.6438
3850.15,99.6,8.6438
3851.15,101.5,8.644
3852.16,100.5,8.644
3853.17,101.5,8.644
3854.17,99.6,8.644
3855.17,101.5,8.644
3856.18,99.5,8.644
3857.19,99.5,8.644
3858.19,101.6,8.644
3859.19,100.5,8.644
3860.2,100.5,8.644
3861.21,102.5,8.644
3862.21,100.6,8.6442
3863.21,101.5,8.6442
3864.22,99.5,8.6442
3865.22,99.5,8.6442
3866.23,102.5,8.6442
3867.23,100.5,8.6442
3868.24,102.5,8.6442
3869.24,99.5,8.6442
3870.25,99.5,8.6442
3871.25,101.5,8.6442
3872.26,100.5,8.6442
3873.27,101.5,8.6442
3874.27,100.5,8.6442
3875.28,100.5,8.6442
3876.28,99.5,8.6442
3877.29,101.5,8.6442
3878.29,100.5,8.6442
3879.3,101.5,8.6442
3880.3,100.5,8.6442
3881.31,100.5,8.6442
3882.31,100.5,8.6442
3883.32,100.5,8.6442
3884.32,102.5,8.6442
3885.33,99.5,8.6442
3886.33,99.5,8.6443
3887.34,102.5,8.6443
3888.34,99.5,8.6443
3889.35,102.5,8.6443
3890.35,100.5,8.6443
3891.36,100.5,8.6443
3892.36,100.5,8.6445
3893.37,100.5,8.6445
3894.37,100.5,8.6445
3895.38,100.5,8.6445
3896.39,100.5,8.6445
3897.39,100.5,8.6445
3898.4,100.5,8.6447
3899.4,100.5,8.6447
3900.41,101.5,8.6447
3901.41,101.5,8.6447
3902.42,100.5,8.6447
3903.42,100.5,8.6447
3904.43,101.5,8.6447
3905.43,101.5,8.6447
3906.44,100.5,8.6447
3907.44,101.5,8.6447
3908.45,99.5,8.6447
3909.45,100.5,8.6448
3910.46,100.5,8.6448
3911.46,100.5,8.6448
3912.47,100.5,8.6448
3913.47,100.5,8.6448
3914.48,99.5,8.6448
3915.48,101.5,8.6448
3916.49,100.5,8.6448
3917.49,100.6,8.6448
3918.5,102.5,8.6448
3919.5,99.5,8.6448
3920.51,99.5,8.6448
3921.51,100.6,8.6448
3922.52,102.5,8.6448
3923.52,99.5,8.6448
3924.53,101.5,8.6448
3925.53,100.5,8.6448
3926.54,99.5,8.6448
3927.55,100.5,8.6448
3928.55,100.6,8.6448
3929.55,101.5,8.6448
3930.56,99.5,8.6448
3931.57,100.4,8.6448
3932.57,101.5,8.6448
3933.58,99.5,8.6449
3934.58,100.5,8.6449
3935.59,100.5,8.6449
3936.59,102.5,8.6449
3937.6,100.5,8.6452
3938.6,100.6,8.6452
3939.61,101.5,8.6452
3940.61,99.5,8.6452
3941.62,100.5,8.6452
3942.62,101.6,8.6452
3943.63,102.5,8.6452
3944.63,100.5,8.6452
3945.64,100.5,8.6453
3946.64,101.5,8.6453
3947.65,99.5,8.6453
3948.65,101.5,8.6453
3949.66,99.5,8.6453
3950.66,100.5,8.6453
3951.67,99.5,8.6453
3952.67,100.5,8.6453
3953.68,4.0,2.0054
3954.68,330.0,2.155
3955.68,2.0,1.9894
3956.69,346.9,2.159
3957.69,2155.8,2.0296
3958.69,355.9,2.2009
3959.7,5.0,1.9775
3960.7,330.3,2.3007
3961.7,343.1,2.3976
3962.71,344.1,2.6473
3963.71,319.5,2.9147
3964.72,306.5,3.1777
3965.72,314.2,3.4213
3966.73,301.3,3.6769
3967.74,300.3,3.8806
3968.74,301.5,4.0073
3969.75,301.3,4.1164
3970.75,300.4,4.209
3971.76,299.4,4.3035
3972.76,186.1,4.3872
3973.77,182.0,4.4755
3974.77,148.2,4.5625
3975.78,141.2,4.6423
3976.78,128.3,4.7118
3977.79,137.3,4.7899
3978.79,141.2,4.8754
3979.8,132.3,4.9641
3980.81,201.9,5.1629
3981.81,129.3,5.2362
3982.82,108.4,5.3096
3983.82,127.3,5.4177
3984.83,115.4,5.4883
3985.83,100.5,5.5507
3986.84,103.5,5.6261
3987.84,101.4,5.6791
3988.85,131.3,5.8253
3989.85,103.5,5.9136
3990.86,100.5,6.0017
3991.87,102.5,6.0713
3992.87,109.7,6.1284
3993.87,304.4,6.4998
3994.88,171.4,6.9484
3995.88,192.0,6.9771
3996.89,122.3,6.9771
3997.89,115.4,6.9771
3998.9,114.4,6.9771
3999.9,102.3,6.9771
4000.91,101.5,6.9771
4001.92,103.5,6.9771
4002.92,100.5,6.9771
4003.93,101.5,6.9771
4004.93,100.5,7.0768
4005.94,134.3,7.3351
4006.94,99.5,7.3351
4007.95,99.5,7.3351
4008.95,102.5,7.3351
4009.96,99.5,7.3351
4010.96,99.5,7.3351
4011.97,102.6,7.3351
4012.97,101.5,7.3351
4013.98,100.6,7.3351
4014.98,102.5,7.3351
4015.99,128.3,7.3356
4016.99,101.5,7.3356
4018.0,99.5,7.3356
4019.0,101.5,7.3356
4020.01,116.4,7.3356
4021.01,101.5,7.3356
4022.02,100.5,7.3356
4023.02,100.5,7.3356
4024.03,100.5,7.3356
4025.03,134.5,7.3367
4026.04,99.5,7.3367
4027.04,101.5,7.3367
4028.05,99.5,7.3367
4029.05,102.5,7.3367
4030.06,99.5,7.3367
4031.06,101.5,7.3367
4032.07,100.5,7.3367
4033.07,100.5,7.3369
4034.08,128.4,7.3372
4035.08,99.5,7.3372
4036.09,100.5,7.3372
4037.09,100.5,7.3372
4038.1,101.5,7.3372
4039.1,101.5,7.3372
4040.11,101.5,7.3372
4041.11,100.6,7.3372
4042.12,101.5,7.3372
4043.12,134.3,7.4946
4044.13,99.5,7.4946
4045.13,101.5,7.4946
4046.14,100.5,7.4946
4047.15,100.5,7.4946
4048.15,100.5,7.4946
4049.16,101.5,7.4946
4050.16,99.5,7.4946
4051.17,101.5,7.4946
4052.17,100.5,7.4946
4053.18,101.5,7.7628
4054.18,100.5,8.1555
4055.18,164.5,8.6462
4056.19,99.5,8.6462
4057.19,99.6,8.6462
4058.2,100.5,8.6463
4059.2,102.7,8.6463
4060.21,100.6,8.6463
4061.21,99.5,8.6463
4062.22,100.5,8.6463
4063.22,102.5,8.6463
4064.23,100.5,8.6463
4065.23,101.5,8.6463
4066.24,99.5,8.6463
4067.24,100.6,8.6463
4068.25,100.5,8.6469
4069.25,99.5,8.6469
4070.26,100.5,8.6469
4071.26,100.6,8.6469
4072.27,101.5,8.6469
4073.27,101.5,8.6469
4074.28,99.5,8.6469
4075.28,101.6,8.6469
4076.29,100.5,8.6469
4077.29,102.5,8.6469
4078.3,99.5,8.6471
4079.3,100.5,8.6471
4080.31,100.5,8.6471
4081.31,100.5,8.6471
4082.32,100.5,8.6471
4083.32,101.5,8.6471
4084.33,99.5,8.6471
4085.33,100.5,8.6471
4086.34,102.5,8.6471
4087.34,101.5,8.6471
4088.35,99.5,8.6471
4089.35,99.6,8.6471
4090.36,101.5,8.6476
4091.36,101.5,8.6476
4092.37,100.5,8.6476
4093.37,101.5,8.6476
4094.38,101.5,8.6476
4095.38,100.5,8.6476
4096.39,99.5,8.6476
4097.39,100.6,8.6476
4098.4,101.5,8.6476
4099.4,102.5,8.6476
4100.41,99.5,8.6476
4101.41,100.5,8.6477
4102.42,101.5,8.6477
4103.42,99.7,8.6477
4104.43,100.5,8.6477
4105.43,100.5,8.6477
4106.44,101.6,8.6477
4107.44,106.4,8.6477
4108.45,99.5,8.6477
4109.45,103.5,8.6478
4110.46,101.5,8.6478
4111.46,100.5,8.6478
4112.47,100.5,8.6478
4113.47,101.5,8.6478
4114.48,101.4,8.6478
4115.48,100.5,8.6478
4116.49,100.5,8.6478
4117.49,99.5,8.6478
4118.5,100.5,8.6478
4119.5,100.5,8.6478
4120.51,101.5,8.6478
4121.51,99.6,8.6478
4122.52,102.5,8.648
4123.52,102.5,8.6481
4124.53,101.5,8.6482
4125.53,99.5,8.6482
4126.54,101.5,8.6482
4127.54,101.5,8.6482
4128.55,100.5,8.6482
4129.55,100.5,8.6482
4130.56,100.5,8.6482
4131.56,101.5,8.6482
4132.57,101.5,8.6482
4133.57,100.5,8.6482
4134.58,100.5,8.6482
4135.58,101.5,8.6482
4136.59,100.5,8.6486
4137.59,103.6,8.6486
4138.6,101.5,8.6486
4139.6,104.5,8.6486
4140.61,99.5,8.6486
4141.61,99.6,8.6486
4142.62,101.5,8.6486
4143.62,101.5,8.6486
4144.63,100.5,8.6486
4145.63,99.5,8.6486
4146.64,100.5,8.6486
4147.64,101.5,8.6487
4148.65,99.5,8.6487
4149.65,99.6,8.6487
4150.66,101.7,8.6487
4151.66,101.7,8.6487
4152.66,100.5,8.6487
4153.67,100.5,8.6487
4154.67,100.5,8.6487
4155.68,99.5,8.6487
4156.68,102.5,8.6487
4157.69,99.5,8.6487
4158.7,101.4,8.6487
4159.7,100.5,8.6487
4160.71,100.5,8.6487
4161.71,101.5,8.6487
4162.72,100.5,8.6487
4163.72,99.5,8.6487
4164.73,100.6,8.6487
4165.73,99.6,8.6487
4166.74,100.5,8.6487
4167.74,101.5,8.6489
4168.75,100.5,8.6489
4169.75,103.5,8.6489
4170.76,100.5,8.6493
4171.76,102.5,8.6493
4172.77,99.6,8.6493
4173.77,101.5,8.6493
4174.78,100.5,8.6493
4175.78,100.6,8.6493
4176.78,99.6,8.6493
4177.79,100.5,8.6493
4178.79,100.5,8.6493
4179.8,101.5,8.6493
4180.8,100.5,8.6493
4181.81,99.5,8.6494
4182.81,101.5,8.6494
4183.82,102.5,8.6494
4184.82,99.5,8.6494
4185.83,100.7,8.6494
4186.83,100.7,8.6494
4187.83,101.6,8.6494
4188.84,99.7,8.6494
4189.84,99.5,8.6494
4190.85,100.6,8.6494
4191.85,101.5,8.6494
4192.86,101.6,8.6495
4193.86,99.5,8.6495
4194.87,101.5,8.6495
4195.87,99.5,8.6495
4196.88,101.5,8.6495
4197.88,99.6,8.6495
4198.89,101.5,8.6495
4199.89,99.5,8.6495
4200.9,101.5,8.6495
4201.9,100.5,8.6495
4202.91,101.6,8.6495
4203.91,100.5,8.6495
4204.92,100.5,8.6496
4205.92,100.5,8.6496
4206.93,100.6,8.6496
4207.93,101.5,8.6496
4208.94,101.5,8.6496
4209.94,101.5,8.6496
4210.95,99.6,8.6496
4211.95,100.5,8.6496
4212.96,101.5,8.6496
4213.96,100.5,8.6496
4214.97,100.5,8.6496
4215.97,100.5,8.6496
4216.98,100.5,8.6498
4217.98,100.5,8.65
4218.99,101.6,8.65
4219.99,100.5,8.65
4221.0,100.5,8.65
4222.0,100.5,8.65
4223.01,101.5,8.65
4224.01,99.5,8.65
4225.02,101.7,8.65
4226.02,101.5,8.65
4227.03,100.5,8.65
4228.03,100.5,8.65
4229.04,101.5,8.65
4230.04,99.5,8.65
4231.05,102.5,8.65
4232.05,101.5,8.65
4233.06,99.5,8.65
4234.06,100.5,8.65
4235.07,100.5,8.65
4236.07,100.5,8.65
4237.08,101.7,8.65
4238.08,101.5,8.65
4239.09,100.5,8.65
4240.09,99.5,8.6503
4241.1,100.5,8.6503
4242.1,101.5,8.6503
4243.11,101.5,8.6503
4244.11,100.5,8.6503
4245.12,99.5,8.6503
4246.12,102.5,8.6503
4247.13,99.5,8.6503
4248.13,101.6,8.6503
4249.14,101.5,8.6503
4250.14,99.5,8.6503
4251.15,100.5,8.6504
4252.15,99.6,8.6504
4253.16,101.5,8.6504
4254.16,101.6,8.6504
4255.17,99.6,8.6504
4256.17,100.5,8.6504
4257.18,100.5,8.6504
4258.18,100.5,8.6504
4259.18,102.7,1.9085
4260.19,239.3,2.0442
4261.19,320.2,2.1659
4262.19,0.0,2.0399
4263.2,346.2,2.2095
4264.2,2.0,1.9953
4265.2,343.8,2.1655
4266.21,2.0,2.0187
4267.21,325.3,2.3113
4268.21,348.1,2.4333
4269.21,340.5,2.7106
4270.22,322.3,2.9736
4271.22,304.4,3.237
4272.23,321.4,3.4747
4273.24,300.4,3.7896
4274.24,301.6,3.9649
4275.25,301.4,4.1133
4276.25,306.3,4.2566
4277.26,304.4,4.3683
4278.26,259.6,4.4677
4279.27,147.2,4.5654
4280.27,146.5,4.6412
4281.28,146.2,4.7255
4282.28,122.3,4.8078
4283.29,206.1,4.9019
4284.29,278.5,5.0873
4285.29,218.3,5.1986
4286.3,112.4,5.2438
4287.31,178.0,5.3627
4288.31,107.5,5.4358
4289.32,133.3,5.4968
4290.32,120.4,5.57
4291.33,113.4,5.6331
4292.33,167.1,5.7553
4293.34,148.2,5.8466
4294.34,102.5,5.9626
4295.35,126.3,6.0215
4296.35,111.4,6.0862
4297.36,207.4,6.2812
4298.36,278.5,6.6726
4299.37,194.1,6.9764
4300.37,126.3,7.0765
4301.38,114.4,7.0765
4302.38,113.4,7.0765
4303.39,112.4,7.0767
4304.39,101.5,7.0767
4305.4,103.5,7.0767
4306.4,99.5,7.0767
4307.41,100.5,7.077
4308.41,102.5,7.077
4309.42,101.5,7.077
4310.42,133.3,7.3352
4311.43,100.5,7.3352
4312.43,101.5,7.3352
4313.44,100.5,7.3352
4314.44,99.5,7.3352
4315.45,101.5,7.3352
4316.45,99.5,7.3352
4317.46,102.5,7.3352
4318.47,99.5,7.3352
4319.47,104.5,7.3352
4320.48,127.3,7.3356
4321.48,102.4,7.3356
4322.49,99.5,7.3356
4323.49,117.4,7.3357
4324.5,99.5,7.3357
4325.5,101.6,7.3357
4326.51,100.5,7.3357
4327.51,99.5,7.3357
4328.52,102.5,7.3357
4329.52,100.5,7.3357
4330.53,129.3,7.3368
4331.53,102.5,7.3368
4332.54,100.5,7.3368
4333.54,101.5,7.3368
4334.55,99.5,7.3368
4335.55,101.5,7.3368
4336.56,101.5,7.3368
4337.57,100.5,7.3368
4338.57,99.6,7.3368
4339.57,131.3,7.337
4340.58,99.5,7.337
4341.59,100.5,7.337
4342.59,101.5,7.337
4343.6,101.5,7.337
4344.6,100.5,7.337
4345.61,100.5,7.337
4346.61,100.5,7.337
4347.62,101.5,7.337
4348.62,132.3,7.4944
4349.63,101.5,7.4944
4350.63,101.5,7.4944
4351.64,99.6,7.4944
4352.64,100.5,7.4944
4353.65,100.5,7.4944
4354.65,99.5,7.4944
4355.66,99.6,7.4944
4356.66,102.5,7.4944
4357.67,100.5,7.4947
4358.67,100.5,7.5439
4359.68,100.5,7.9666
4360.68,100.5,8.3123
4361.69,164.1,8.6479
4362.69,101.5,8.648
4363.7,100.6,8.648
4364.7,102.5,8.648
4365.71,100.5,8.648
4366.71,100.5,8.6483
4367.72,99.6,8.6483
4368.72,106.5,8.6483
4369.73,99.5,8.6483
4370.73,101.5,8.6483
4371.74,100.5,8.6483
4372.74,100.5,8.6483
4373.75,101.5,8.649
4374.75,100.6,8.649
4375.76,100.6,8.649
4376.76,101.5,8.649
4377.77,100.6,8.649
4378.77,101.5,8.649
4379.78,100.5,8.649
4380.78,99.5,8.649
4381.78,100.7,8.649
4382.79,101.5,8.649
4383.79,100.5,8.649
4384.8,101.5,8.649
4385.81,101.5,8.6491
4386.81,100.5,8.6491
4387.82,100.5,8.6491
4388.82,100.5,8.6491
4389.83,101.5,8.6491
4390.83,100.5,8.6491
4391.84,101.5,8.6491
4392.84,100.5,8.6491
4393.85,100.5,8.6491
4394.85,100.5,8.6491
4395.86,101.5,8.6491
4396.86,99.6,8.6491
4397.87,103.5,8.6494
4398.87,99.5,8.6494
4399.88,100.5,8.6494
4400.88,100.5,8.6494
4401.89,101.5,8.6494
4402.89,99.5,8.6497
4403.9,101.5,8.6497
4404.9,101.5,8.6497
4405.91,100.5,8.6497
4406.91,99.6,8.6497
4407.92,102.5,8.6497
4408.92,101.5,8.6497
4409.93,100.5,8.6497
4410.93,100.5,8.6497
4411.94,100.5,8.6497
4412.94,101.5,8.6497
4413.95,100.5,8.6497
4414.95,101.5,8.6497
4415.96,100.5,8.6497
4416.97,99.5,8.6497
4417.97,100.6,8.6497
4418.97,101.5,8.6497
4419.98,101.5,8.6497
4420.99,100.5,8.6499
4421.99,99.6,8.6499
4422.99,101.5,8.6499
4424.0,101.5,8.6499
4425.01,99.5,8.6499
4426.01,101.6,8.6499
4427.01,100.5,8.6499
4428.02,99.5,8.6499
4429.03,101.5,8.6499
4430.03,99.5,8.6499
4431.04,101.5,8.6499
4432.04,100.5,8.6503
4433.05,102.6,8.6503
4434.05,99.5,8.6503
4435.06,102.5,8.6503
4436.06,100.5,8.6503
4437.07,101.5,8.6503
4438.07,100.5,8.6503
4439.08,100.5,8.6503
4440.08,100.6,8.6503
4441.09,101.5,8.6503
4442.09,100.5,8.6503
4443.1,99.5,8.6503
4444.1,102.5,8.6505
4445.11,99.5,8.6505
4446.11,100.5,8.6505
4447.12,101.5,8.6505
4448.12,100.5,8.6508
4449.13,100.5,8.6508
4450.13,100.5,8.6508
4451.14,101.5,8.6508
4452.14,100.5,8.6508
4453.15,100.5,8.6508
4454.15,101.5,8.6508
4455.16,99.5,8.6508
4456.17,100.5,8.6508
4457.17,103.5,8.6508
4458.18,99.5,8.6508
4459.18,101.5,8.6508
4460.19,99.6,8.6508
4461.19,100.5,8.6508
4462.2,100.5,8.6508
4463.2,101.5,8.6508
4464.21,100.5,8.6508
4465.21,100.5,8.6508
4466.22,100.5,8.6508
4467.22,102.6,8.651
4468.23,99.5,8.651
4469.23,101.5,8.651
4470.24,100.5,8.651
4471.24,100.5,8.651
4472.25,99.5,8.651
4473.25,101.5,8.651
4474.26,100.5,8.651
4475.26,101.5,8.651
4476.27,99.5,8.651
4477.27,102.5,8.651
4478.28,101.5,8.6512
4479.29,100.5,8.6512
4480.29,100.5,8.6512
4481.3,99.5,8.6512
4482.3,100.5,8.6512
4483.31,100.5,8.6512
4484.31,100.5,8.6512
4485.32,101.5,8.6512
4486.32,100.5,8.6512
4487.33,99.5,8.6512
4488.33,100.5,8.6512
4489.34,101.5,8.6512
4490.34,100.5,8.6512
4491.35,101.5,8.6512
4492.35,100.5,8.6512
4493.36,101.5,8.6515
4494.36,100.5,8.6515
4495.37,100.5,8.6515
4496.38,101.4,8.6515
4497.38,100.5,8.6515
4498.39,101.5,8.6515
4499.39,99.5,8.6515
4500.39,101.7,8.6515
4501.4,99.5,8.6519
4502.4,99.5,8.6519
4503.41,100.5,8.6519
4504.42,100.5,8.6519
4505.42,101.5,8.6519
4506.42,99.7,8.6519
4507.43,100.5,8.6519
4508.43,101.5,8.6519
4509.44,101.5,8.6519
4510.44,101.5,8.6519
4511.45,100.5,8.6519
4512.45,100.5,8.6519
4513.46,101.5,8.6519
4514.47,100.5,8.6519
4515.47,100.6,8.6519
4516.48,99.5,8.6519
4517.48,101.4,8.6519
4518.49,100.6,8.6519
4519.49,98.5,8.6519
4520.5,103.5,8.6519
4521.5,99.5,8.6519
4522.51,102.5,8.6519
4523.51,99.5,8.6519
4524.52,101.5,8.6519
4525.52,101.6,8.6519
4526.53,101.5,8.6519
4527.53,100.5,8.6519
4528.54,100.5,8.6519
4529.54,99.6,8.6519
4530.55,101.5,8.6519
4531.55,100.5,8.6519
4532.56,99.5,8.6519
4533.56,101.6,8.6519
4534.57,101.5,8.6519
4535.57,99.5,8.6519
4536.58,100.5,8.6519
4537.58,100.6,8.6523
4538.59,101.5,8.6523
4539.59,100.5,8.6523
4540.6,100.5,8.6523
4541.6,100.6,8.6523
4542.61,101.5,8.6523
4543.61,100.5,8.6523
4544.62,99.5,8.6523
4545.62,101.5,8.6523
4546.63,101.5,8.6523
4547.63,100.5,8.6523
4548.64,100.5,8.6523
4549.64,101.5,8.6526
4550.65,100.3,8.6526
4551.65,100.6,8.6526
4552.66,101.5,8.6526
4553.66,100.5,8.6526
4554.67,101.5,8.6526
4555.68,99.5,8.6526
4556.68,101.5,8.6526
4557.69,100.5,8.6526
4558.69,100.5,8.6526
4559.7,99.5,8.6526
4560.7,102.5,8.6527
4561.71,99.5,8.6527
4562.71,100.5,8.6527
4563.72,101.5,8.6527
4564.72,100.6,8.6527
4565.72,103.7,1.9298
4566.73,282.8,2.0846
4567.73,2.0,1.9214
4568.74,323.3,2.1711
4569.74,330.9,2.3604
4570.75,365.1,2.5399
4571.75,313.3,2.7555
4572.76,318.6,2.9907
4573.76,304.3,3.2442
4574.77,305.3,3.4689
4575.77,303.4,3.7793
4576.78,302.4,3.9642
4577.78,291.4,4.0764
4578.79,303.4,4.2003
4579.8,305.3,4.302
4580.8,257.6,4.3924
4581.81,218.0,4.4802
4582.81,144.4,4.5732
4583.82,149.2,4.6488
4584.82,166.1,4.7347
4585.83,154.2,4.8077
4586.83,205.0,4.9055
4587.84,137.3,5.0065
4588.84,261.6,5.1821
4589.85,167.1,5.2636
4590.85,135.3,5.3853
4591.86,105.4,5.4443
4592.86,124.3,5.5134
4593.87,119.4,5.5785
4594.87,108.4,5.6519
4595.88,142.2,5.8013
4596.88,105.4,5.8653
4597.89,107.4,5.9704
4598.9,129.3,6.0453
4599.9,108.5,6.118
4600.91,106.4,6.1727
4601.91,195.9,1.8157
4602.91,1.0,2.0725
4603.92,313.1,2.3269
4604.92,368.0,2.4459
4605.92,329.7,2.6632
4606.93,309.3,2.8923
4607.93,307.6,3.0994
4608.94,306.3,3.3052
4609.94,306.4,3.509
4610.95,295.4,3.8107
4611.95,304.6,3.975
4612.96,305.2,4.1225
4613.97,298.4,4.2427
4614.97,262.8,4.3457
4615.98,183.0,4.437
4616.98,134.3,4.5333
4617.99,109.5,4.6083
4618.99,148.2,4.6935
4620.0,114.4,4.7654
4621.0,186.1,4.8549
4622.01,129.3,4.9288
4623.01,172.1,5.0691
4624.02,217.9,5.2191
4625.02,114.4,5.3006
4626.03,104.5,5.3933
4627.03,104.4,5.4556
4628.04,122.3,5.5268
4629.04,113.4,5.6012
4630.05,121.4,5.7452
4631.06,101.5,5.8047
4632.06,106.4,5.8951
4633.07,102.5,5.9857
4634.07,134.3,6.0582
4635.08,168.2,6.1162
4636.08,288.0,6.443
4637.08,217.3,6.8909
4638.09,136.3,6.9439
4639.09,239.7,7.0672
4640.1,300.6,7.1188
4641.1,248.7,7.1171
4642.11,120.4,7.0772
4643.11,99.5,7.0772
4644.12,104.4,7.0772
4645.12,102.5,7.0772
4646.13,100.5,7.0772
4647.13,100.5,7.0772
4648.14,101.5,7.0772
4649.15,132.3,7.3355
4650.15,100.5,7.3825
4651.16,100.5,7.3825
4652.16,101.5,7.3825
4653.17,99.5,7.3825
4654.17,100.5,7.3825
4655.17,99.7,7.3825
4656.18,102.5,7.3825
4657.18,99.5,7.3825
4658.19,105.5,7.3825
4659.19,128.4,7.3827
4660.2,100.5,7.3827
4661.2,101.5,7.3827
4662.21,101.5,7.3827
4663.22,115.4,7.3827
4664.22,99.5,7.3827
4665.23,100.5,7.3827
4666.23,100.5,7.3827
4667.24,101.5,7.3827
4668.24,133.3,7.3832
4669.25,100.5,7.3832
4670.25,99.5,7.3832
4671.26,102.5,7.3832
4672.26,99.5,7.3832
4673.27,101.5,7.3832
4674.27,101.5,7.3832
4675.28,99.5,7.3832
4676.28,101.5,7.3832
4677.29,100.5,7.3832
4678.29,126.3,7.3834
4679.3,103.5,7.3834
4680.3,99.5,7.3834
4681.31,101.5,7.3834
4682.31,99.5,7.3834
4683.32,103.4,7.3834
4684.32,102.5,7.3834
4685.33,100.5,7.3834
4686.33,133.7,7.5408
4687.34,99.5,7.5408
4688.34,101.5,7.5408
4689.35,101.5,7.5408
4690.35,99.5,7.5408
4691.36,99.5,7.5408
4692.36,101.3,7.5408
4693.37,102.5,7.5408
4694.37,100.5,7.5408
4695.38,99.5,7.6244
4696.38,101.8,8.0631
4697.39,100.5,8.4436
4698.39,162.1,8.6949
4699.4,103.5,8.695
4700.4,99.5,8.695
4701.41,101.5,8.695
4702.41,98.5,8.695
4703.42,100.5,8.695
4704.42,100.5,8.695
4705.43,100.5,8.695
4706.43,100.5,8.695
4707.44,100.5,8.695
4708.45,100.5,8.695
4709.45,101.5,8.695
4710.46,101.5,8.6954
4711.46,100.5,8.6954
4712.47,102.6,8.6954
4713.47,99.5,8.6954
4714.48,101.5,8.6954
4715.48,99.5,8.6954
4716.49,101.5,8.6954
4717.49,99.5,8.6954
4718.5,100.5,8.6954
4719.5,100.5,8.6954
4720.51,100.5,8.6954
4721.51,100.5,8.6954
4722.52,100.5,8.6956
4723.52,100.5,8.6956
4724.53,101.5,8.6956
4725.53,102.5,8.6956
4726.54,99.5,8.6956
4727.55,123.3,8.6959
4728.55,157.1,8.6959
4729.56,114.4,8.6959
4730.56,101.5,8.6959
4731.57,100.5,8.6959
4732.57,104.4,8.6959
4733.58,100.5,8.6959
4734.58,100.5,8.6959
4735.59,107.4,8.6959
4736.59,99.5,8.6959
4737.6,100.5,8.6959
4738.6,101.5,8.6959
4739.61,100.5,8.6959
4740.61,100.5,8.6959
4741.62,107.4,8.6959
4742.62,101.5,8.6959
4743.63,99.5,8.6959
4744.64,100.5,8.6959
4745.64,100.5,8.6959
4746.65,100.5,8.6959
4747.65,101.5,8.6959
4748.66,99.5,8.6959
4749.66,100.5,8.6959
4750.67,100.5,8.6959
4751.67,102.5,8.6959
4752.68,100.5,8.6959
4753.68,101.5,8.6959
4754.69,99.5,8.6959
4755.69,99.5,8.6959
4756.7,101.5,8.6959
4757.7,100.5,8.6959
4758.71,100.5,8.6959
4759.71,99.5,8.6959
4760.72,100.5,8.6959
4761.72,100.5,8.6959
4762.73,102.5,8.6959
4763.73,100.5,8.6959
4764.74,100.5,8.6959
4765.75,100.5,8.6959
4766.75,100.5,8.6959
4767.76,99.5,8.6959
4768.76,102.5,8.6959
4769.77,100.5,8.6959
4770.77,100.5,8.6959
4771.78,100.5,8.6959
4772.78,101.5,8.6962
4773.79,99.5,8.6962
4774.79,99.5,8.6962
4775.8,101.5,8.6962
4776.8,101.5,8.6962
4777.81,100.5,8.6962
4778.81,99.5,8.6962
4779.82,100.5,8.6962
4780.82,99.5,8.6962
4781.83,102.5,8.6962
4782.83,99.5,8.6962
4783.84,100.5,8.6962
4784.84,99.5,8.6964
4785.85,99.5,8.6964
4786.86,101.5,8.6964
4787.86,99.5,8.6964
4788.87,102.5,8.6964
4789.87,100.5,8.6964
4790.88,100.5,8.6964
4791.88,99.5,8.6964
4792.89,100.5,8.6964
4793.89,100.5,8.6964
4794.9,101.5,8.6964
4795.9,101.5,8.6964
4796.91,99.5,8.6964
4797.91,101.5,8.6964
4798.92,100.5,8.6964
4799.92,100.5,8.6964
4800.93,99.5,8.6964
4801.93,102.5,8.6964
4802.94,99.5,8.6964
4803.94,100.5,8.6964
4804.95,100.5,8.6964
4805.95,100.5,8.6964
4806.96,101.5,8.6964
4807.97,99.5,8.6964
4808.97,100.5,8.6964
4809.98,101.5,8.6964
4810.98,101.5,8.6964
4811.99,100.5,8.6964
4812.99,100.5,8.6964
4814.0,100.5,8.6964
4815.0,101.5,8.6964
4816.01,99.6,8.6964
4817.01,101.5,8.6964
4818.02,99.5,8.6967
4819.02,101.5,8.6967
4820.03,100.5,8.6967
4821.03,100.5,8.6967
4822.04,100.6,8.6967
4823.04,99.5,8.6967
4824.05,100.5,8.6967
4825.05,100.5,8.6967
4826.06,101.5,8.6967
4827.06,99.5,8.6967
4828.07,100.5,8.6967
4829.07,100.5,8.6967
4830.08,102.5,8.6967
4831.08,99.5,8.6967
4832.09,100.5,8.6967
4833.09,100.5,8.6967
4834.1,100.5,8.6967
4835.1,101.5,8.6967
4836.11,99.5,8.6967
4837.11,100.5,8.6967
4838.12,101.5,8.6967
4839.12,100.5,8.6967
4840.13,100.5,8.6967
4841.13,100.5,8.6967
4842.14,101.5,8.6967
4843.14,100.5,8.6967
4844.15,99.5,8.6967
4845.15,100.5,8.6967
4846.16,101.5,8.6967
4847.16,100.5,8.6967
4848.17,100.5,8.6967
4849.17,101.5,8.6967
4850.18,100.5,8.6967
4851.18,100.5,8.6967
4852.19,99.5,8.6967
4853.19,101.5,8.6967
4854.2,101.5,8.6967
4855.2,99.5,8.6967
4856.21,100.5,8.6967
4857.21,100.5,8.6967
4858.22,100.5,8.6967
4859.22,100.5,8.6967
4860.23,102.5,8.6967
4861.23,99.6,8.6967
4862.24,101.5,8.6967
4863.24,100.5,8.6969
4864.25,99.5,8.6969
4865.25,101.6,8.6969
4866.26,100.5,8.6969
4867.26,101.5,8.6969
4868.27,98.5,8.6969
4869.27,102.5,8.6969
4870.28,100.5,8.6969
4871.28,101.5,8.6969
4872.29,99.5,8.6969
4873.29,106.5,8.6969
4874.3,99.5,8.6969
4875.3,100.5,8.6969
4876.31,101.5,8.6969
4877.31,100.5,8.6969
4878.32,100.5,8.6969
4879.32,100.5,8.6969
4880.33,100.5,8.6969
4881.33,100.5,8.6969
4882.34,100.5,8.6969
4883.35,100.5,8.6969
4884.35,100.5,8.6969
4885.36,100.5,8.6969
4886.36,100.5,8.6969
4887.37,101.5,8.6969
4888.37,100.5,8.6969
4889.38,101.5,8.6969
4890.38,100.5,8.6969
4891.39,99.5,8.6969
4892.39,101.5,8.6969
4893.4,100.5,8.6969
4894.4,100.5,8.6969
4895.41,99.5,8.6969
4896.41,100.5,8.6969
4897.42,100.5,8.6969
4898.42,102.5,8.6969
4899.43,100.5,8.6969
4900.43,100.5,8.6969
4901.44,99.5,8.6969
4902.44,104.7,1.9493
4903.45,330.3,2.2663
4904.45,321.0,2.3955
4905.46,351.2,2.6016
4906.46,326.2,2.8433
4907.47,316.3,3.1087
4908.47,303.3,3.3734
4909.48,302.4,3.5942
4910.48,304.3,3.8919
4911.49,302.0,4.0516
4912.5,306.3,4.184
4913.5,294.3,4.3049
4914.51,281.6,4.3985
4915.51,164.1,4.4852
4916.51,194.4,4.5642
4917.52,134.3,4.6373
4918.52,184.0,4.7051
4919.53,166.2,4.7763
4920.54,134.3,4.8604
4921.54,128.4,5.0135
4922.55,138.3,5.1578
4923.55,114.4,5.2419
4924.56,139.3,5.3422
4925.56,119.4,5.4162
4926.57,109.4,5.4898
4927.57,103.5,5.5455
4928.58,101.5,5.6834
4929.58,113.4,5.792
4930.59,103.4,5.8866
4931.59,107.4,5.9642
4932.6,115.4,6.0161
4933.6,201.3,6.2113
4934.61,232.8,6.6404
4935.61,236.7,6.9879
4936.62,269.7,7.1199
4937.62,213.9,7.1256
4938.63,257.6,7.1361
4939.63,200.0,7.1371
4940.64,106.4,7.1373
4941.64,102.5,7.1373
4942.65,102.5,7.1236
4943.65,105.5,7.1236
4944.66,101.5,7.1236
4945.66,132.3,7.3792
4946.67,102.5,7.3792
4947.68,101.5,7.3792
4948.68,100.5,7.3792
4949.69,102.5,7.3794
4950.69,100.5,7.3794
4951.7,99.5,7.3794
4952.7,106.4,7.3794
4953.71,128.3,7.3799
4954.71,101.5,7.3799
4955.72,99.5,7.3799
4956.72,101.5,7.3799
4957.73,101.5,7.3802
4958.73,99.5,7.3802
4959.74,102.5,7.3802
4960.74,99.5,7.3802
4961.75,101.5,7.3802
4962.75,128.4,7.3812
4963.76,100.5,7.3812
4964.76,100.5,7.3812
4965.77,101.5,7.3812
4966.77,100.5,7.3812
4967.78,111.4,7.3812
4968.78,99.5,7.3812
4969.79,106.4,7.3812
4970.8,132.3,7.3815
4971.8,100.5,7.3815
4972.81,102.5,7.3815
4973.81,118.4,7.3815
4974.82,100.5,7.3816
4975.82,103.5,7.3816
4976.83,116.4,7.3816
4977.83,125.4,7.3816
4978.84,106.5,7.3816
4979.84,133.4,7.5366
4980.85,101.5,7.5366
4981.85,100.5,7.5366
4982.86,103.5,7.5366
4983.86,101.5,7.5366
4984.87,102.5,7.5366
4985.87,106.4,7.5366
4986.88,101.5,7.5366
4987.88,100.5,7.5366
4988.89,99.5,7.5366
4989.89,101.5,7.5366
4990.9,100.5,7.5366
4991.91,101.5,7.5366
4992.91,101.6,7.5366
4993.91,100.5,7.5366
4994.92,100.5,7.5366
4995.93,100.5,7.5366
4996.93,101.5,7.5366
4997.94,99.6,7.5366
4998.94,101.5,7.5366
4999.95,100.5,7.5366
5000.95,100.5,7.5366
5001.96,100.5,7.5366
5002.96,101.5,7.5369
5003.97,100.6,7.5369
5004.97,101.5,7.5369
5005.98,100.5,7.5369
5006.98,99.5,7.5369
5007.99,100.6,7.5369
5008.99,101.5,7.5369
5010.0,101.5,7.5369
5011.0,100.5,7.5369
5012.01,100.5,7.5369
5013.01,101.5,7.5369
5014.02,100.5,7.5369
5015.02,99.5,7.5369
5016.03,101.5,7.5369
5017.03,99.5,7.5369
5018.04,100.5,7.5369
5019.04,101.5,7.5369
5020.05,100.5,7.5369
5021.05,99.5,7.5369
5022.06,101.5,7.5369
5023.06,99.5,7.5369
5024.07,101.5,7.5369
5025.07,100.5,7.5369
5026.08,101.5,7.5369
5027.08,100.5,7.5369
5028.09,101.5,7.5369
5029.09,100.5,7.5369
5030.1,100.5,7.5369
5031.1,100.5,7.5369
5032.11,99.5,7.5369
5033.11,101.5,7.5369
5034.12,99.5,7.5369
5035.12,101.5,7.5369
5036.13,102.5,7.5369
5037.13,99.5,7.5369
5038.14,101.5,7.5369
5039.14,101.5,7.5369
5040.15,100.5,7.5369
5041.15,99.5,7.5369
5042.16,101.5,7.5369
5043.16,100.5,7.5369
5044.17,101.5,7.5369
5045.17,99.5,7.5369
5046.18,100.5,7.5369
5047.18,99.5,7.5369
5048.19,101.5,7.5371
5049.19,100.5,7.5371
5050.2,100.5,7.5371
5051.2,101.5,7.5371
5052.21,99.5,7.5371
5053.22,101.5,7.5371
5054.22,100.5,7.5371
5055.23,99.5,7.551
5056.23,100.6,7.5857
5057.23,100.5,7.605
5058.24,100.5,7.6269
5059.24,100.5,7.6524
5060.25,100.5,7.6875
5061.26,100.5,7.696
5062.26,100.5,7.7059
5063.27,101.5,7.7381
5064.27,100.5,7.7654
5065.28,99.5,7.801
5066.28,101.5,7.854
5067.29,100.5,7.907
5068.29,102.5,7.907
5069.3,101.5,7.9354
5070.3,99.5,7.9607
5071.31,100.5,7.9775
5072.31,100.5,8.0091
5073.32,100.5,8.0403
5074.32,99.5,8.0687
5075.33,101.5,8.0981
5076.33,101.5,8.1272
5077.34,99.5,8.1561
5078.34,100.5,8.1837
5079.35,100.5,8.2011
5080.35,100.5,8.2011
5081.36,101.5,8.2011
5082.36,100.5,8.2011
5083.37,101.5,8.2011
5084.37,100.5,8.2011
5085.38,100.5,8.2244
5086.39,100.5,8.2502
5087.39,100.5,8.2797
5088.4,101.5,8.3226
5089.4,99.5,8.326
5090.41,100.5,8.3575
5091.41,101.5,8.3964
5092.42,99.5,8.4077
5093.42,101.5,8.4326
5094.43,100.5,8.4703
5095.43,100.5,8.4806
5096.44,101.5,8.5111
5097.44,99.5,8.5345
5098.45,164.2,8.6991
5099.45,101.5,8.6991
5100.46,100.5,8.6991
5101.46,101.5,8.6991
5102.47,99.5,8.6991
5103.47,100.5,8.6991
5104.48,101.5,8.6991
5105.48,99.5,8.6991
5106.49,99.5,8.6991
5107.49,101.5,8.6991
5108.5,100.5,8.6991
5109.51,99.5,8.6991
5110.51,101.5,8.6991
5111.52,99.5,8.6991
5112.52,102.5,8.6991
5113.53,100.5,8.6991
5114.53,100.5,8.6991
5115.54,100.6,8.6991
5116.54,100.6,8.6991
5117.55,100.5,8.6991
5118.55,100.5,8.6991
5119.56,101.5,8.6991
5120.56,99.5,8.6991
5121.57,102.5,8.6991
5122.57,100.5,8.6991
5123.58,101.5,8.6991
5124.58,101.5,8.6991
5125.59,101.5,8.6991
5126.59,99.5,8.6991
5127.6,100.5,8.6991
5128.6,101.5,8.6994
5129.61,100.5,8.6994
5130.61,99.5,8.6994
5131.62,100.5,8.6994
5132.62,101.6,8.6994
5133.63,100.5,8.6994
5134.63,100.5,8.6994
5135.64,100.5,8.6994
5136.64,99.6,8.6994
5137.65,101.5,8.6994
5138.65,99.5,8.6994
5139.66,100.5,8.6994
5140.66,100.5,8.6994
5141.67,100.5,8.6994
5142.67,100.5,8.6996
5143.68,100.5,8.6996
5144.68,101.5,8.6996
5145.69,100.5,8.6996
5146.69,101.5,8.6996
5147.7,100.5,8.6996
5148.7,100.5,8.6996
5149.71,101.5,8.6996
5150.71,100.5,8.6996
5151.72,100.5,8.6996
5152.72,100.6,8.6996
5153.73,101.5,8.6996
5154.73,101.5,8.6996
5155.74,100.5,8.6996
5156.74,99.5,8.6996
5157.75,100.5,8.6996
5158.75,101.5,8.6996
5159.76,99.5,8.6996
5160.76,101.5,8.6996
5161.77,101.5,8.6996
5162.77,100.5,8.6996
5163.78,101.5,8.6996
5164.78,99.5,8.6996
5165.79,101.5,8.6996
5166.79,99.5,8.6996
5167.8,99.5,8.6996
5168.8,101.5,8.6996
5169.81,99.5,8.6996
5170.81,102.5,8.6996
5171.82,99.5,8.6996
5172.83,100.5,8.6996
5173.83,100.6,8.6996
5174.83,100.5,8.6996
5175.84,101.5,8.6996
5176.85,100.5,8.6996
5177.85,100.5,8.6996
5178.86,102.5,8.6996
5179.86,100.5,8.6996
5180.87,100.5,8.6996
5181.87,99.5,8.6996
5182.88,100.5,8.6996
5183.88,101.5,8.6996
5184.89,99.5,8.6996
5185.89,99.5,8.6996
5186.9,101.5,8.6996
5187.9,100.5,8.6999
5188.91,100.5,8.6999
5189.91,100.5,8.6999
5190.92,100.5,8.6999
5191.92,100.5,8.6999
5192.93,101.5,8.6999
5193.93,100.5,8.6999
5194.94,99.5,8.6999
5195.94,102.5,8.6999
5196.95,100.5,8.6999
5197.95,99.5,8.6999
5198.96,100.5,8.6999
5199.97,100.5,8.6999
5200.97,101.5,8.6999
5201.98,100.4,1.876
5202.98,275.6,2.0967
5203.99,309.8,2.2107
5204.99,323.7,2.4546
5205.99,324.3,2.709
5207.0,265.9,3.0452
5208.0,145.2,3.5546
5209.01,152.2,4.008
5210.01,121.4,4.4683
5211.02,115.4,4.9318
5212.03,121.4,5.3847
5213.03,108.5,5.8946
5214.04,125.3,6.4086
5215.04,118.4,6.891
5216.05,106.4,6.9029
5217.05,101.5,7.0029
5218.06,100.5,7.0029
5219.06,101.5,7.0029
5220.07,101.5,7.0029
5221.07,173.5,7.0034
5222.08,120.4,7.0034
5223.08,112.4,7.0977
5224.09,101.5,7.0977
5225.09,101.5,7.0977
5226.1,99.5,7.0977
5227.1,100.5,7.0979
5228.11,100.5,7.0979
5229.11,103.5,7.0979
5230.12,100.5,7.0979
5231.12,100.5,7.0979
5232.13,112.4,7.0987
5233.13,99.5,7.0989
5234.14,118.4,7.0992
5235.14,123.4,7.0992
5236.15,101.5,7.0992
5237.15,104.5,7.0992
5238.16,101.5,7.0992
5239.16,99.5,7.0992
5240.17,99.5,7.0992
5241.18,101.3,7.0992
5242.18,103.5,7.0992
5243.19,109.4,7.0992
5244.19,101.5,7.0992
5245.2,99.5,7.0992
5246.2,100.5,7.0992
5247.21,101.5,7.0992
5248.21,101.5,7.0992
5249.22,100.5,7.0992
5250.22,99.5,7.0992
5251.23,100.5,7.0992
5252.23,100.5,7.0992
5253.24,101.5,7.0992
5254.24,100.5,7.0992
5255.25,100.5,7.0992
5256.25,100.5,7.0992
5257.26,101.5,7.0992
5258.26,99.5,7.0992
5259.27,100.5,7.0992
5260.27,101.7,7.0992
5261.28,100.5,7.0992
5262.28,99.7,7.0992
5263.29,100.5,7.0992
5264.29,100.5,7.0992
5265.3,101.5,7.0992
5266.3,101.5,7.0992
5267.31,100.5,7.0992
5268.31,100.5,7.0992
5269.32,100.5,7.0992
5270.32,99.5,7.0992
5271.33,102.5,7.0992
5272.33,99.5,7.0992
5273.34,100.5,7.0992
5274.34,99.5,7.0992
5275.35,100.5,7.0992
5276.35,104.5,7.0992
5277.36,99.5,7.0992
5278.37,100.3,7.0994
5279.37,102.5,7.0994
5280.38,99.3,7.0994
5281.38,100.5,7.0994
5282.39,101.5,7.0994
5283.39,101.5,7.0994
5284.4,100.5,7.0994
5285.4,100.7,7.0994
5286.41,99.5,7.0994
5287.41,99.5,7.0994
5288.42,102.5,7.0994
5289.42,100.5,7.0994
5290.43,100.5,7.0994
5291.43,99.5,7.0994
5292.44,101.5,7.0994
5293.44,101.6,7.0994
5294.45,100.5,7.0994
5295.45,99.5,7.0994
5296.46,101.5,7.0994
5297.46,99.5,7.0994
5298.47,99.5,7.0994
5299.47,101.6,7.0994
5300.48,100.5,7.0994
5301.48,99.5,7.0994
5302.49,101.5,7.0994
5303.49,99.7,7.0994
5304.5,100.5,7.0994
5305.5,101.8,7.0994
5306.5,99.5,7.0994
5307.51,102.7,7.0994
5308.51,99.5,7.0994
5309.52,108.4,7.0994
5310.52,99.5,7.0994
5311.53,101.5,7.0994
5312.53,101.5,7.0994
5313.54,99.5,7.0994
5314.54,101.5,7.0994
5315.55,99.5,7.0994
5316.55,100.5,7.0994
5317.56,99.5,7.0994
5318.56,102.5,7.0994
5319.57,99.5,7.0994
5320.57,101.5,7.0994
5321.58,99.5,7.0994
5322.58,101.5,7.0994
5323.59,100.5,7.0994
5324.6,101.5,7.0994
5325.6,100.5,7.0994
5326.61,99.5,7.0994
5327.61,101.5,7.0997
5328.62,100.5,7.0997
5329.62,100.5,7.0997
5330.63,100.5,7.0997
5331.63,100.5,7.0997
5332.64,101.5,7.0997
5333.64,98.5,7.0997
5334.65,103.5,7.0997
5335.65,100.5,7.0997
5336.66,99.5,7.0997
5337.66,101.5,7.0997
5338.67,99.5,7.0997
5339.67,100.5,7.0997
5340.68,100.5,7.0997
5341.68,101.5,7.0997
5342.69,99.5,7.0997
5343.69,101.5,7.0997
5344.7,99.5,7.0997
5345.7,100.5,7.0997
5346.71,101.5,7.0997
5347.71,100.5,7.0997
5348.72,100.5,7.0997
5349.73,100.5,7.0997
5350.73,102.5,7.0997
5351.74,99.5,7.0997
5352.74,100.5,7.0997
5353.75,101.5,7.0997
5354.75,102.5,7.0997
5355.76,99.5,7.0997
5356.76,100.5,7.0997
5357.77,101.5,7.0997
5358.77,99.5,7.0997
5359.78,99.5,7.0997
5360.78,101.6,7.0997
5361.79,99.5,7.0997
5362.79,101.7,7.0997
5363.8,100.5,7.0997
5364.8,100.7,7.0997
5365.8,100.5,7.0997
5366.81,101.5,7.0997
5367.81,99.5,7.0997
5368.82,101.5,7.0997
5369.82,99.5,7.0997
5370.83,100.5,7.0997
5371.83,99.6,7.0997
5372.84,102.5,7.0999
5373.84,100.5,7.0999
5374.85,100.5,7.0999
5375.85,101.5,7.0999
5376.86,101.5,7.0999
5377.87,99.5,7.0999
5378.87,99.6,7.0999
5379.87,101.5,7.0999
5380.88,100.5,7.0999
5381.89,101.5,7.0999
5382.89,99.6,7.0999
5383.89,113.5,7.1041
5384.9,101.5,7.1041
5385.9,101.5,7.1041
5386.91,99.6,7.1041
5387.91,100.5,7.1041
5388.92,101.5,7.1041
5389.92,100.5,7.1041
5390.93,100.5,7.1041
5391.93,100.5,7.1041
5392.94,101.5,7.1041
5393.95,101.5,7.1041
5394.95,99.5,7.1041
5395.96,100.5,7.1041
5396.96,100.5,7.1041
5397.97,100.5,7.1041
5398.97,102.5,7.1041
5399.98,100.5,7.1041
5400.98,99.5,7.1041
5401.99,100.5,7.1041
5402.99,102.5,7.1041
5404.0,99.5,7.1041
5405.0,99.6,7.1041
5406.01,101.5,7.1041
5407.01,99.5,7.1041
5408.02,101.5,7.1041
5409.02,100.5,7.1041
5410.03,100.5,7.1041
5411.03,100.5,7.1041
5412.04,99.6,7.1041
5413.04,100.5,7.1041
5414.05,101.5,7.1041
5415.05,100.5,7.1041
5416.06,102.5,7.1041
5417.06,100.5,7.1041
5418.07,100.5,7.1044
5419.07,100.5,7.1044
5420.08,101.6,7.1044
5421.08,101.5,7.1044
5422.09,103.5,7.1044
5423.09,100.5,7.1044
5424.1,114.4,7.1044
5425.1,106.4,7.1044
5426.11,104.5,7.1044
5427.11,100.5,7.1044
5428.12,103.5,7.1044
5429.12,99.5,7.1044
5430.13,101.5,7.1044
5431.13,100.5,7.1044
5432.14,99.5,7.1044
5433.15,109.4,7.1044
5434.15,104.5,7.1044
5435.16,100.5,7.1044
5436.16,101.5,7.1044
5437.17,99.5,7.1044
5438.17,102.5,7.1044
5439.17,99.6,7.1044
5440.18,101.5,7.1044
5441.19,100.5,7.1044
5442.19,99.5,7.1044
5443.2,102.5,7.1044
5444.2,100.5,7.1044
5445.21,99.5,7.1044
5446.21,101.5,7.1044
5447.22,100.5,7.1044
5448.22,101.5,7.1044
5449.23,100.5,7.1044
5450.23,99.5,7.1044
5451.24,101.5,7.1044
5452.24,103.5,7.1044
5453.25,100.5,7.1044
5454.25,99.5,7.1044
5455.26,100.5,7.1044
5456.26,101.5,7.1044
5457.27,99.5,7.1044
5458.27,102.5,7.1044
5459.28,99.5,7.1044
5460.28,102.5,7.1044
5461.29,112.4,7.1045
5462.3,101.5,7.1045
5463.3,100.5,7.1047
5464.31,101.5,7.1047
5465.31,99.5,7.1047
5466.32,101.5,7.1047
5467.32,100.5,7.1047
5468.33,101.5,7.1047
5469.33,100.5,7.1047
5470.34,107.4,7.1047
5471.34,99.5,7.1047
5472.35,100.5,7.1047
5473.35,101.5,7.1047
5474.36,99.5,7.1047
5475.36,99.5,7.1047
5476.37,101.5,7.1047
5477.37,99.5,7.1047
5478.38,101.5,7.1047
5479.38,101.5,7.1047
5480.39,100.5,7.1047
5481.39,100.5,7.1047
5482.4,100.5,7.1047
5483.41,100.5,7.1047
5484.41,100.5,7.1047
5485.42,101.5,7.1047
5486.42,99.5,7.1047
5487.43,101.5,7.1047
5488.43,100.5,7.1047
5489.44,99.5,7.1047
5490.44,137.3,1.8214
5491.44,1.0,2.0126
5492.45,331.0,2.1719
5493.45,336.3,2.4536
5494.46,326.3,2.7365
5495.46,277.7,2.8607
5496.47,147.4,2.9957
5497.47,1.0,2.0328
5498.47,324.3,2.1734
5499.47,347.9,2.3912
5500.48,320.3,2.6336
5501.49,327.3,2.8771
5502.49,232.0,3.2872
5503.49,158.2,3.7609
5504.5,135.3,4.2534
5505.51,111.4,4.7078
5506.51,128.3,5.2247
5507.52,124.4,5.75
5508.52,103.5,6.2944
5509.52,118.7,6.8651
5510.53,104.5,7.0171
5511.53,106.4,7.0171
5512.54,100.5,7.0123
5513.54,99.5,7.0123
5514.55,105.4,7.0123
5515.56,101.5,7.0123
5516.56,99.5,7.0123
5517.57,112.4,7.1092
5518.57,199.9,7.115
5519.58,123.4,7.115
5520.58,100.5,7.115
5521.59,101.5,7.115
5522.59,100.5,7.115
5523.6,100.5,7.115
5524.6,100.5,7.115
5525.61,113.4,7.1155
5526.61,100.5,7.1155
5527.62,100.5,7.1155
5528.62,100.5,7.1156
5529.63,102.5,7.1157
5530.63,102.5,7.1157
5531.64,117.4,7.1157
5532.65,104.4,7.1157
5533.65,121.5,7.1157
5534.65,100.5,7.1157
5535.66,101.5,7.1157
5536.67,99.5,7.1157
5537.67,101.5,7.1157
5538.68,101.5,7.1157
5539.68,108.4,7.1157
5540.69,101.5,7.1157
5541.69,104.5,7.1157
5542.7,100.5,7.1157
5543.7,99.5,7.1157
5544.71,100.6,7.1157
5545.71,101.5,7.1157
5546.72,99.5,7.1157
5547.72,99.5,7.1157
5548.73,101.6,7.1157
5549.73,101.5,7.1157
5550.74,100.5,7.1157
5551.74,101.5,7.1157
5552.75,108.5,7.1157
5553.75,100.5,7.1157
5554.76,100.5,7.1157
5555.76,100.6,7.1157
5556.77,99.3,7.1157
5557.77,104.5,7.1159
5558.78,112.4,7.1166
5559.78,99.5,7.1166
5560.79,100.5,7.1166
5561.79,100.5,7.1166
5562.8,100.6,7.1166
5563.8,100.5,7.1166
5564.81,100.5,7.1166
5565.81,99.5,7.1166
5566.82,100.6,7.1166
5567.82,101.5,7.1166
5568.83,99.5,7.1166
5569.83,100.5,7.1166
5570.84,101.6,7.1166
5571.84,100.5,7.1166
5572.85,100.5,7.1166
5573.85,100.5,7.1166
5574.86,100.5,7.1166
5575.86,102.5,7.1166
5576.87,99.5,7.1166
5577.87,100.5,7.1166
5578.88,99.5,7.1166
5579.88,101.6,7.1166
5580.89,99.5,7.1166
5581.89,101.5,7.1166
5582.9,101.5,7.1166
5583.9,101.5,7.1166
5584.91,100.5,7.1166
5585.91,100.5,7.1166
5586.92,100.5,7.1166
5587.92,100.5,7.1166
5588.93,102.5,7.1166
5589.93,99.5,7.1166
5590.94,100.5,7.1166
5591.94,99.6,7.1166
5592.95,101.5,7.1166
5593.95,100.5,7.1166
5594.96,101.5,7.1166
5595.96,100.5,7.1166
5596.97,100.5,7.1166
5597.97,100.5,7.1166
5598.98,100.5,7.1166
5599.98,100.6,7.1166
5600.99,99.5,7.1166
5601.99,99.5,7.1166
5603.0,101.5,7.1169
5604.0,102.5,7.1169
5605.01,100.5,7.1169
5606.01,99.5,7.1169
5607.02,100.5,7.1169
5608.02,100.5,7.1169
5609.03,100.5,7.1169
5610.03,101.5,7.1169
5611.04,100.5,7.1169
5612.04,100.5,7.1169
5613.05,100.5,7.1169
5614.05,99.5,7.1169
5615.06,101.5,7.1169
5616.06,100.5,7.1169
5617.07,101.5,7.1169
5618.07,99.5,7.1169
5619.08,101.5,7.1169
5620.08,99.5,7.1169
5621.09,101.6,7.1169
5622.09,100.5,7.1169
5623.1,100.5,7.1169
5624.1,100.5,7.1169
5625.11,100.6,7.1169
5626.11,99.5,7.1169
5627.12,101.5,7.1169
5628.12,102.5,7.1169
5629.13,99.5,7.1169
5630.13,100.5,7.1169
5631.14,100.5,7.1169
5632.14,100.5,7.1169
5633.15,100.5,7.1169
5634.15,100.5,7.1169
5635.16,100.5,7.1169
5636.16,100.6,7.1169
5637.17,101.5,7.1169
5638.17,102.5,7.1169
5639.18,100.5,7.1169
5640.18,100.6,7.1169
5641.19,100.5,7.1169
5642.19,100.5,7.1169
5643.2,100.5,7.1169
5644.2,101.5,7.1171
5645.21,100.5,7.1171
5646.21,101.5,7.1171
5647.22,99.5,7.1171
5648.22,101.5,7.1173
5649.23,99.5,7.1173
5650.23,100.7,7.1173
5651.24,100.5,7.1173
5652.24,99.5,7.1173
5653.25,101.5,7.1173
5654.25,102.5,7.1173
5655.26,100.5,7.1173
5656.26,99.5,7.1173
5657.27,99.6,7.1173
5658.27,101.5,7.1173
5659.28,102.5,7.1173
5660.28,107.4,7.1173
5661.29,100.6,7.1173
5662.29,100.5,7.1173
5663.3,99.5,7.1173
5664.3,101.5,7.1173
5665.31,99.6,7.1173
5666.31,101.5,7.1173
5667.32,101.5,7.1173
5668.32,99.7,7.1173
5669.32,100.5,7.1173
5670.33,100.5,7.1173
5671.33,101.5,7.1173
5672.34,100.5,7.1173
5673.35,100.4,7.1173
5674.35,100.5,7.1173
5675.35,101.5,7.1173
5676.36,100.5,7.1173
5677.37,99.5,7.1173
5678.37,100.6,7.1173
5679.37,99.5,7.1173
5680.38,101.5,7.1173
5681.38,101.5,7.1173
5682.39,99.5,7.1173
5683.39,101.5,7.1173
5684.4,101.5,7.1173
5685.41,100.5,7.1173
5686.41,100.6,7.1173
5687.41,101.5,7.1173
5688.42,100.5,7.1173
5689.43,101.5,7.1173
5690.43,100.6,7.1173
5691.43,100.5,7.1173
5692.44,99.5,7.1173
5693.45,101.5,7.1173
5694.45,99.6,7.1173
5695.45,100.5,7.1173
5696.46,100.5,7.1173
5697.46,101.5,7.1173
5698.47,100.5,7.1173
5699.47,101.5,7.1173
5700.48,100.5,7.1173
5701.48,100.5,7.1173
5702.49,101.5,7.1173
5703.49,101.5,7.1173
5704.5,99.4,7.1173
5705.51,99.5,7.1173
5706.51,101.5,7.1173
5707.52,99.5,7.1173
5708.52,100.5,7.1173
5709.53,101.6,7.1174
5710.53,100.5,7.1174
5711.54,100.5,7.1174
5712.54,101.5,7.1174
5713.55,101.5,7.1174
5714.55,100.5,7.1174
5715.56,101.5,7.1174
5716.56,99.5,7.1174
5717.57,100.5,7.1174
5718.57,100.5,7.1174
5719.58,101.5,7.1174
5720.58,99.5,7.1174
5721.59,100.5,7.1174
5722.59,99.5,7.1174
5723.6,101.5,7.1174
5724.6,100.5,7.1174
5725.61,99.5,7.1174
5726.61,100.5,7.1174
5727.62,101.6,7.1174
5728.62,100.5,7.1174
5729.63,100.5,7.1174
5730.63,100.5,7.1174
5731.64,100.5,7.1174
5732.64,99.5,7.1174
5733.65,101.5,7.1174
5734.65,100.6,7.1174
5735.66,103.5,7.1174
5736.66,99.5,7.1174
5737.67,100.5,7.1174
5738.67,100.5,7.1174
5739.68,101.5,7.1174
5740.68,99.5,7.1174
5741.69,99.5,7.1174
5742.69,100.5,7.1174
5743.7,100.4,7.1174
5744.71,100.5,7.1174
5745.71,101.5,7.1174
5746.72,101.5,7.1174
5747.72,99.5,7.1174
5748.73,101.5,7.1174
5749.73,100.5,7.1174
5750.74,100.5,7.1174
5751.74,100.5,7.1174
5752.75,100.5,7.1174
5753.75,100.5,7.1174
5754.76,100.5,7.1174
5755.76,100.5,7.1174
5756.77,101.5,7.1174
5757.77,99.5,7.1174
5758.78,101.5,7.1174
5759.78,100.5,7.1174
5760.79,100.5,7.1174
5761.79,101.5,7.1174
5762.8,99.5,7.1174
5763.8,102.5,7.1174
5764.81,100.5,7.1174
5765.82,100.5,7.1174
5766.82,101.5,7.1174
5767.83,101.5,7.1174
5768.83,100.5,7.1174
5769.84,99.5,7.1174
5770.84,100.5,7.1174
5771.85,99.5,7.1174
5772.85,101.5,7.1174
5773.86,100.5,7.1174
5774.86,100.5,7.1174
5775.87,102.5,7.1174
5776.87,100.5,7.1174
5777.88,100.5,7.1174
5778.88,100.5,7.1174
5779.89,99.5,7.1174
5780.89,100.5,7.1174
5781.9,100.5,7.1174
5782.9,101.5,7.1174
5783.91,99.5,7.1174
5784.91,101.5,7.1174
5785.92,101.5,7.1174
5786.92,99.5,7.1174
5787.93,100.5,7.1174
5788.93,100.5,7.1174
5789.94,100.5,7.1174
5790.95,99.5,7.1174
5791.95,102.5,7.1174
5792.95,100.5,7.1174
5793.96,105.5,7.1174
5794.97,99.5,7.1174
5795.97,102.6,7.1174
5796.97,101.5,1.9331
5797.98,323.3,2.1419
5798.99,362.1,2.2823
5799.99,334.3,2.5633
5801.0,2.0,1.8628
5802.0,293.2,2.0967
5803.0,324.0,2.2296
5804.01,330.3,2.5067
5805.01,319.6,2.7928
5806.02,306.6,3.1808
5807.02,3.0,2.0556
5808.02,328.0,2.2089
5809.03,334.3,2.4907
5810.03,325.2,2.8054
5811.04,311.6,3.2292
5812.04,235.7,3.7188
5813.05,121.4,3.7979
5814.05,179.1,3.8927
5815.06,201.0,3.9413
5816.06,142.3,3.9454
5817.07,100.5,3.9433
5818.07,100.5,3.9474
5819.08,99.5,3.9516
5820.08,100.5,3.9562
5821.09,101.5,3.9599
5822.09,106.5,3.9642
5823.1,100.5,3.9679
5824.1,101.5,3.9722
5825.11,99.5,3.9763
5826.11,101.5,3.9801
5827.12,100.5,3.9845
5828.12,100.5,3.9885
5829.13,99.5,3.9925
5830.13,100.5,3.9971
5831.14,102.5,4.0003
5832.14,100.5,4.0056
5833.15,101.5,4.0096
5834.16,99.5,4.0131
5835.16,101.5,4.0171
5836.17,99.5,4.0207
5837.17,100.5,4.0247
5838.18,100.5,4.0277
5839.18,100.5,4.032
5840.19,100.6,4.0359
5841.19,101.5,4.0408
5842.2,99.5,4.0444
5843.2,101.5,4.0484
5844.21,101.5,4.0533
5845.21,102.5,4.06
5846.22,100.5,4.0667
5847.22,100.5,4.0744
5848.23,100.5,4.0827
5849.23,100.5,4.0896
5850.24,101.7,4.0972
5851.24,99.5,4.1042
5852.25,100.5,4.1111
5853.25,100.5,4.1178
5854.26,100.5,4.1241
5855.26,101.5,4.1306
5856.27,101.5,4.1378
5857.27,99.5,4.1447
5858.28,100.5,4.1516
5859.28,101.5,4.1588
5860.29,101.5,4.1654
5861.29,99.5,4.1719
5862.3,100.5,4.1784
5863.3,101.5,4.1852
5864.31,100.5,4.1913
5865.31,100.5,4.1976
5866.32,100.5,4.2039
5867.32,100.5,4.2104
5868.33,101.5,4.2169
5869.33,100.5,4.2232
5870.34,99.5,4.2293
5871.35,99.5,4.2353
5872.35,100.5,4.2389
5873.36,101.5,4.2421
5874.36,100.5,4.2486
5875.37,100.5,4.2545
5876.37,100.5,4.2601
5877.38,101.5,4.265
5878.38,99.5,4.2707
5879.39,100.5,4.2774
5880.39,99.5,4.284
5881.4,100.5,4.2901
5882.4,101.5,4.2964
5883.41,100.5,4.3028
5884.41,101.5,4.3085
5885.42,99.5,4.3145
5886.42,100.5,4.3211
5887.43,99.5,4.3276
5888.43,100.5,4.3339
5889.44,101.5,4.3378
5890.44,100.6,4.3412
5891.45,99.5,4.3473
5892.45,101.5,4.3533
5893.46,100.5,4.3593
5894.46,99.6,4.3653
5895.47,101.5,4.3713
5896.47,99.5,4.3771
5897.48,100.5,4.3834
5898.48,99.5,4.3866
5899.49,101.5,4.3899
5900.49,100.5,4.3937
5901.5,99.7,4.3972
5902.5,102.5,4.4005
5903.51,100.5,4.4052
5904.51,101.5,4.4111
5905.52,100.5,4.4172
5906.52,100.5,4.4228
5907.53,100.6,4.4285
5908.53,99.5,4.4345
5909.54,100.5,4.4405
5910.54,100.6,4.4451
5911.55,100.5,4.4488
5912.55,99.5,4.4521
5913.56,100.5,4.4553
5914.56,100.5,4.4606
5915.57,99.5,4.4664
5916.57,101.5,4.4724
5917.58,99.5,4.478
5918.58,101.5,4.4838
5919.59,100.5,4.4901
5920.6,100.5,4.4961
5921.6,99.5,4.5005
5922.6,100.8,4.5035
5923.61,101.5,4.509
5924.61,100.5,4.5151
5925.62,100.6,4.5208
5926.62,99.5,4.5264
5927.63,100.5,4.5324
5928.63,101.5,4.5382
5929.64,99.5,4.544
5930.64,101.5,4.5499
5931.65,99.7,4.5562
5932.65,101.5,4.5625
5933.65,101.7,4.5688
5934.66,100.5,4.5755
5935.66,99.5,4.5825
5936.67,100.5,4.5898
5937.67,100.7,4.5961
5938.68,100.5,4.6029
5939.68,101.5,4.6096
5940.69,99.5,4.616
5941.69,100.5,4.6236
5942.7,100.6,4.6306
5943.7,100.5,4.6376
5944.71,100.5,4.6449
5945.71,100.5,4.6517
5946.72,100.6,4.6585
5947.72,100.7,4.6648
5948.72,98.7,4.6722
5949.72,101.8,4.6795
5950.73,100.5,4.6873
5951.73,100.5,4.6943
5952.74,101.5,4.7017
5953.74,99.5,4.708
5954.75,100.5,4.7151
5955.75,100.7,4.7218
5956.75,100.7,4.7289
5957.76,100.5,4.7355
5958.76,100.7,4.742
5959.77,101.3,4.7485
5960.77,99.7,4.7545
5961.78,100.5,4.7607
5962.78,114.4,4.7672
5963.79,100.5,4.7737
5964.79,101.5,4.7794
5965.8,100.5,4.7859
5966.8,99.5,4.7922
5967.81,100.5,4.7985
5968.81,102.5,4.8045
5969.82,99.5,4.8103
5970.82,99.5,4.8161
5971.83,101.5,4.8223
5972.83,99.6,4.8285
5973.84,101.5,4.8349
5974.84,99.5,4.8418
5975.85,101.5,4.8483
5976.85,100.6,4.8548
5977.86,100.5,4.8609
5978.86,101.5,4.8676
5979.87,100.5,4.8741
5980.87,99.6,4.8799
5981.88,99.5,4.8857
5982.88,101.5,4.8913
5983.89,101.5,4.897
5984.89,101.5,4.9028
5985.9,101.5,4.9083
5986.9,100.5,4.9146
5987.91,101.5,4.9206
5988.91,100.5,4.9269
5989.92,100.5,4.9329
5990.93,99.5,4.939
5991.93,100.6,4.9444
5992.93,100.5,4.9499
5993.94,100.5,4.9557
5994.95,100.5,4.9615
5995.95,100.6,4.9664
5996.95,101.5,4.9717
5997.96,100.5,4.9767
5998.96,101.5,4.9812
5999.97,101.5,4.9845
6000.98,100.5,4.986
6001.98,100.5,4.9925
6002.99,150.2,1.824
6003.99,1.0,2.0892
6005.0,317.3,2.2104
6006.0,333.3,2.4426
6007.01,298.3,2.7796
6008.01,207.9,3.1423
6009.02,1.0,1.9267
6010.02,303.4,2.1104
6011.03,349.4,2.2519
6012.03,324.2,2.4583
6013.04,3.0,2.0594
6014.04,310.1,2.1778
6015.04,330.3,2.3883
6016.05,2.0,2.01
6017.05,317.0,2.1549
6018.06,344.2,2.3516
6019.06,5.0,1.9631
6020.06,344.9,2.134
6021.07,360.9,2.2991
6022.07,3.0,1.9104
6023.08,300.4,2.0929
6024.08,321.0,2.208
6025.08,334.0,2.4178
6026.09,1.0,1.9286
6027.09,295.7,2.0867
6028.1,339.9,2.225
6029.1,3257.0,1.9464
6030.1,326.3,2.1258
6031.11,364.1,2.2914
6032.11,2.0,1.9098
6033.12,298.4,2.1003
6034.12,325.9,2.214
6035.13,333.0,2.4213
6036.13,313.7,2.7003
6037.13,195.0,3.0337
6038.14,133.5,3.3743
6039.14,159.2,3.7211
6040.15,288.5,3.9298
6041.15,303.7,4.0338
6042.16,299.6,4.1523
6043.16,211.9,4.2047
6044.17,200.9,4.2807
6045.17,201.1,4.3683
6046.18,128.3,4.4055
6047.18,0.0,1.9593
6048.18,353.2,2.1459
6049.19,354.9,2.3642
6050.19,2.0,1.9972
6051.19,311.1,2.1435
6052.2,344.2,2.3453
6053.2,7.0,1.8679
6054.21,304.9,2.1098
6055.21,362.1,2.3042
6056.22,329.5,2.6368
6057.22,267.6,3.0508
6058.23,142.2,3.478
6059.23,3.0,1.9594
6060.23,338.0,2.1233
6061.24,352.7,2.3121
6062.24,316.0,2.4856
6063.25,1473.2,1.9249
6064.25,308.1,2.1106
6065.25,0.0,1.9562
6066.25,363.9,2.1453
6067.26,3170.1,2.0342
6068.26,340.1,2.2099
6069.26,271.2,2.5836
6070.27,3.0,1.908
6071.27,292.2,2.0944
6072.28,353.6,2.3273
6073.28,181.1,2.7193
6074.29,1430.2,1.9338
6075.29,310.3,2.1041
6076.29,348.9,2.2463
6077.3,248.3,2.4488
6078.3,156.4,2.6968
6079.31,153.4,2.928
6080.31,120.5,1.8293
6081.32,1.0,2.0885
6082.32,334.7,2.1963
6083.32,13.0,1.8728
6084.33,292.1,2.0968
6085.33,364.4,2.2962
6086.34,225.8,2.5953
6087.34,128.3,2.834
6088.35,126.3,3.0842
6089.35,2.0,1.9769
6090.35,324.0,2.1297
6091.36,351.6,2.3298
6092.36,193.3,2.6349
6093.37,0.0,2.0272
6094.37,340.2,2.1692
6095.37,348.9,2.3994
6096.38,309.6,1.83
6097.38,3.0,2.0728
6098.38,306.1,2.1834
6099.39,326.4,2.488
6100.39,6532.4,1.9553
6101.39,319.0,2.1185
6102.4,1.0,1.9357
6103.4,320.3,2.1766
6104.41,344.9,2.2789
6105.41,2.0,1.9836
6106.41,349.9,2.212
6107.42,369.0,2.3707
6108.42,5.0,2.1126
6109.42,316.2,2.2149
6110.43,339.5,2.4431
6111.43,316.3,2.679
6112.44,308.3,2.8942
6113.44,319.3,3.1879
6114.45,214.9,3.6643
6115.45,150.2,4.1506
6116.46,114.4,4.634
6117.47,104.4,5.1262
6118.47,103.5,5.6019
6119.48,100.5,6.0955
6120.48,99.5,6.6088
6121.49,124.5,6.9241
6122.49,100.5,7.0241
6123.5,101.5,7.0241
6124.5,100.5,7.0241
6125.51,102.4,7.0241
6126.51,101.5,7.0241
6127.52,101.5,7.0241
6128.52,101.5,7.0241
6129.53,100.5,7.0241
6130.53,113.4,7.1247
6131.54,101.5,7.1247
6132.54,118.4,7.1247
6133.55,100.5,7.1247
6134.55,100.5,7.1247
6135.56,101.5,7.1249
6136.57,103.5,7.1249
6137.57,100.5,7.1249
6138.57,113.5,7.1256
6139.58,100.5,7.1256
6140.59,104.5,7.1257
6141.59,100.5,7.1257
6142.6,100.5,7.1257
6143.6,100.5,7.1257
6144.61,100.5,7.1257
6145.61,240.7,7.1321
6146.62,119.4,7.1321
6147.62,101.5,7.1321
6148.63,100.5,7.1273
6149.63,100.5,7.1273
6150.64,100.6,7.1273
6151.64,100.5,7.1273
6152.65,99.5,7.1273
6153.65,112.4,7.1274
6154.66,104.4,7.1274
6155.66,100.5,7.1274
6156.67,101.5,7.1274
6157.68,100.5,7.1274
6158.68,100.5,7.1274
6159.69,133.3,1.8348
6160.69,2.0,2.0704
6161.69,310.8,2.1951
6162.7,3.0,1.9433
6163.7,306.0,2.1049
6164.71,325.0,2.2182
6165.71,165.2,2.3028
6166.71,3.0,2.013
6167.72,343.1,2.1607
6168.72,3.0,1.9626
6169.72,319.1,2.1367
6170.73,5.0,1.9384
6171.73,314.9,2.1079
6172.74,0.0,2.0163
6173.74,313.8,2.1632
6174.74,8.0,1.9856
6175.75,318.0,2.1386
6176.75,4.0,2.0091
6177.75,330.4,2.3005
6178.76,319.3,2.6123
6179.76,285.5,2.9685
6180.77,142.3,3.3734
6181.77,212.0,3.8574
6182.78,301.0,4.0093
6183.78,351.9,4.2899
6184.79,339.3,4.6196
6185.79,318.5,4.9461
6186.8,311.3,5.2742
6187.8,303.6,5.505
6188.81,310.4,5.7864
6189.81,302.5,6.0281
6190.82,299.4,6.2797
6191.82,303.6,6.5471
6192.83,304.5,6.8435
6193.83,333.2,7.611
6194.84,305.3,7.6626
6195.84,303.4,7.6629
6196.85,302.3,7.6657
6197.85,294.6,7.6675
6198.86,310.3,7.6691
6199.86,288.4,7.6691
6200.87,302.3,7.6692
6201.87,266.1,7.6625
6202.88,162.1,7.6635
6203.88,164.2,7.6635
6204.89,192.1,7.665
6205.89,134.3,7.665
6206.9,130.3,7.6598
6207.9,110.5,7.6598
6208.9,237.3,8.3146
6209.91,116.4,8.3639
6210.92,135.3,8.3639
6211.92,142.2,8.3639
6212.93,165.2,8.3639
6213.93,132.4,8.3639
6214.94,105.4,8.3639
6215.94,101.4,8.3639
6216.95,101.4,8.3639
6217.95,106.4,8.3639
6218.96,163.1,8.3639
6219.96,147.2,8.3639
6220.97,174.1,8.364
6221.97,195.4,8.3643
6222.98,159.2,8.3643
6223.98,105.5,8.3643
6224.99,105.4,8.3643
6225.99,124.3,8.3643
6227.0,114.4,8.3643
6228.0,100.5,8.3643
6229.01,117.4,8.3643
6230.01,101.5,8.3643
6231.02,101.5,8.3643
6232.02,104.4,8.3643
6233.03,104.4,8.3643
6234.04,101.4,8.3643
6235.04,103.4,8.3643
6236.05,101.5,8.3643
6237.05,130.3,8.3643
6238.06,116.4,8.3643
6239.06,104.4,8.3643
6240.07,99.5,8.3643
6241.07,107.4,8.3643
6242.08,238.7,8.4255
6243.08,100.5,8.4255
6244.09,106.4,8.4255
6245.1,100.5,8.4255
6246.1,99.5,8.4255
6247.11,100.5,8.4255
6248.11,100.5,8.4255
6249.12,101.5,8.4255
6250.12,102.5,8.4255
6251.13,99.5,8.4255
6252.13,100.5,8.4255
6253.14,103.5,8.4255
6254.14,102.4,8.4255
6255.15,101.5,8.4255
6256.15,101.5,8.4255
6257.16,107.4,8.4255
6258.16,100.5,8.4255
6259.17,100.5,8.4255
6260.17,101.5,8.4255
6261.18,100.5,8.4255
6262.18,100.5,8.4255
6263.19,100.5,8.4255
6264.2,100.5,8.4255
6265.2,102.5,8.4255
6266.2,120.6,8.4256
6267.21,102.5,8.4256
6268.21,101.5,8.4256
6269.22,106.4,8.4256
6270.22,100.5,8.4256
6271.23,148.2,8.4256
6272.24,101.4,8.4256
6273.24,100.5,8.4256
6274.25,112.4,8.4256
6275.25,103.4,8.4256
6276.26,132.3,8.4256
6277.26,103.5,8.4256
6278.27,102.4,8.4256
6279.27,100.5,8.4256
6280.28,101.5,8.4256
6281.28,99.5,8.4256
6282.29,101.5,8.4256
6283.29,113.4,8.4256
6284.3,101.5,8.4256
6285.3,100.5,8.4256
6286.31,99.5,8.4256
6287.31,101.5,8.4256
6288.32,101.5,8.4256
6289.33,101.5,8.4256
6290.33,101.4,8.4256
6291.33,100.7,8.4256
6292.34,100.5,8.4256
6293.34,100.5,8.4256
6294.35,100.5,8.4256
6295.36,100.5,8.4256
6296.36,100.7,8.4256
6297.36,100.5,8.4256
6298.37,100.5,8.4256
6299.37,104.4,8.4256
6300.38,130.3,8.4256
6301.39,101.5,8.4256
6302.39,101.5,8.4256
6303.4,99.5,8.4256
6304.4,101.5,8.4256
6305.41,100.5,8.4256
6306.41,105.4,8.4256
6307.42,99.5,8.4256
6308.42,100.5,8.4256
6309.43,101.5,8.4256
6310.43,103.4,8.4256
6311.44,99.5,8.4256
6312.44,100.5,8.4256
6313.45,103.5,8.4256
6314.46,99.5,8.4256
6315.46,113.4,8.4256
6316.46,136.6,8.4256
6317.47,101.5,8.4256
6318.47,103.5,8.4256
6319.48,100.5,8.4256
6320.48,120.4,8.4256
6321.49,101.5,8.4256
6322.49,99.6,8.4256
6323.5,102.5,8.4256
6324.5,101.5,8.4256
6325.51,101.4,8.4256
6326.52,100.5,8.4256
6327.52,281.5,8.6112
6328.53,101.4,8.6112
6329.53,100.5,8.6112
6330.54,100.5,8.6112
6331.54,100.5,8.6112
6332.55,101.5,8.6112
6333.55,100.5,8.6112
6334.56,100.5,8.6112
6335.56,101.5,8.6112
6336.57,100.5,8.6112
6337.57,101.5,8.6112
6338.58,100.5,8.6112
6339.59,100.5,8.6112
6340.59,100.5,8.6112
6341.6,100.5,8.6112
6342.6,100.5,8.6112
6343.61,100.5,8.6112
6344.61,100.5,8.6112
6345.62,100.5,8.6112
6346.62,101.4,8.6112
6347.63,99.5,8.6112
6348.63,102.5,8.6112
6349.64,100.5,8.6112
6350.64,99.5,8.6112
6351.65,100.5,8.6112
6352.65,100.6,8.6112
6353.66,100.5,8.6112
6354.66,101.5,8.6112
6355.67,100.5,8.6112
6356.67,104.4,8.6112
6357.68,100.5,8.6112
6358.69,100.5,8.6112
6359.69,101.6,8.6112
6360.69,101.5,8.6112
6361.7,99.5,8.6112
6362.71,100.5,8.6112
6363.71,101.5,8.6112
6364.72,100.5,8.6112
6365.72,101.5,8.6112
6366.73,99.5,8.6112
6367.73,100.6,8.6112
6368.74,101.5,8.6112
6369.74,100.5,8.6112
6370.75,100.5,8.6112
6371.75,100.5,8.6112
6372.76,99.5,8.6112
6373.76,100.5,8.6112
6374.77,100.5,8.6112
6375.77,100.5,8.6112
6376.78,102.5,8.6112
6377.78,101.5,8.6112
6378.79,99.5,8.6112
6379.79,100.5,8.6112
6380.8,101.5,8.6112
6381.81,101.5,8.6112
6382.81,99.6,8.6112
6383.81,102.5,8.6112
6384.82,99.5,8.6112
6385.83,100.5,8.6112
6386.83,101.6,8.6112
6387.83,100.5,8.6112
6388.84,101.5,8.6112
6389.85,101.5,8.6112
6390.85,100.5,8.6112
6391.86,101.5,8.6112
6392.86,100.5,8.6112
6393.87,100.5,8.6112
6394.87,100.5,8.6112
6395.88,101.5,8.6112
6396.88,101.5,8.6112
6397.89,99.5,8.6112
6398.89,102.4,8.6112
6399.9,101.5,8.6112
6400.9,104.5,8.6112
6401.91,102.4,8.6112
6402.92,100.5,8.6112
6403.92,102.6,8.6112
6404.92,100.5,8.6112
6405.93,100.5,8.6112
6406.94,101.5,8.6112
6407.94,99.5,8.6112
6408.95,101.5,8.6112
6409.95,100.5,8.6112
6410.96,103.5,8.6112
6411.96,102.5,8.6112
6412.97,187.0,8.6112
6413.97,158.2,8.6112
6414.98,101.5,8.6112
6415.98,101.5,8.6112
6416.99,127.3,8.6112
6417.99,118.4,8.6112
6419.0,100.5,8.6112
6420.0,102.5,8.6112
6421.01,101.5,8.6112
6422.02,100.5,8.6112
6423.02,102.5,8.6112
6424.03,100.5,8.6112
6425.03,99.6,8.6112
6426.04,101.5,8.6112
6427.04,99.5,8.6112
6428.05,101.4,8.6112
6429.05,100.5,8.6112
6430.06,101.5,8.6112
6431.06,99.5,8.6112
6432.07,100.5,8.6112
6433.07,100.5,8.6112
6434.08,101.5,8.6112
6435.08,100.5,8.6112
6436.09,102.4,8.6112
6437.1,102.5,8.6112
6438.1,99.5,8.6112
6439.11,100.5,8.6112
6440.11,100.5,8.6112
6441.12,100.5,8.6112
6442.12,100.5,8.6112
6443.13,108.6,8.6112
6444.13,99.5,8.6112
6445.14,104.5,8.6112
6446.14,100.5,8.6112
6447.15,101.5,8.6112
6448.15,105.4,8.6112
6449.16,101.5,8.6112
6450.16,100.5,8.6112
6451.17,99.5,8.6112
6452.17,102.5,8.6112
6453.18,100.5,8.6112
6454.18,99.5,8.6112
6455.19,101.5,8.6112
6456.2,102.4,8.6112
6457.2,101.5,8.6112
6458.21,100.5,8.6112
6459.21,101.5,8.6112
6460.22,101.5,8.6112
6461.22,100.5,8.6112
6462.23,99.5,8.6112
6463.23,100.5,8.6112
6464.24,101.4,8.6112
6465.24,102.5,8.6112
6466.25,99.5,8.6112
6467.25,100.5,8.6112
6468.26,101.5,8.6112
6469.26,100.5,8.6112
6470.27,100.5,8.6112
6471.27,100.8,8.6112
6472.28,100.5,8.6112
6473.28,101.5,8.6112
6474.29,101.5,8.6112
6475.29,99.5,8.6112
6476.3,102.4,1.9419
6477.3,292.1,2.1854
6478.31,322.6,2.5288
6479.31,306.3,2.8725
6480.32,283.5,3.25
6481.32,115.4,3.6554
6482.32,215.3,3.89
6483.33,350.8,4.153
6484.33,353.1,4.4627
6485.34,314.3,4.8052
6486.34,313.7,5.1393
6487.35,309.3,5.4068
6488.35,310.4,5.6773
6489.36,303.6,5.9148
6490.36,299.4,6.1614
6491.37,303.1,6.4405
6492.37,301.4,6.7655
6493.38,332.9,7.5125
6494.38,317.0,7.5576
6495.38,300.5,7.5586
6496.39,278.5,7.5593
6497.39,310.6,7.5618
6498.4,265.5,7.562
6499.4,252.6,7.5657
6500.41,275.7,7.5657
6501.42,230.7,7.5889
6502.42,203.7,7.6657
6503.43,139.2,7.6657
6504.43,117.4,7.6657
6505.44,124.3,7.6657
6506.44,114.5,7.6611
6507.45,114.4,7.6613
6508.45,230.8,8.3504
6509.46,136.1,8.3504
6510.47,219.7,8.3504
6511.47,152.2,8.3504
6512.48,133.3,8.3504
6513.48,160.1,8.3504
6514.49,109.4,8.3504
6515.49,124.6,8.3504
6516.5,123.4,8.3504
6517.5,105.4,8.3504
6518.51,102.5,8.3504
6519.51,141.1,8.3504
6520.52,152.2,8.3504
6521.52,106.4,8.3504
6522.53,111.4,8.3504
6523.53,123.4,8.3504
6524.54,112.4,8.3504
6525.54,100.7,8.3504
6526.54,102.7,8.3504
6527.55,107.5,8.3504
6528.56,110.4,8.3504
6529.56,101.5,8.3504
6530.57,104.4,8.3504
6531.57,100.5,8.3504
6532.58,99.5,8.3504
6533.58,101.5,8.3504
6534.59,103.4,8.3504
6535.59,129.3,8.3504
6536.6,101.5,8.3504
6537.6,101.7,8.3504
6538.61,99.5,8.3504
6539.61,101.5,8.3504
6540.62,102.5,8.3504
6541.62,104.4,8.3504
6542.63,220.8,8.4159
6543.63,100.4,8.4159
6544.64,100.5,8.4159
6545.64,104.4,8.4159
6546.65,101.4,8.4159
6547.66,100.5,8.4159
6548.66,99.5,8.4159
6549.67,104.4,8.4159
6550.67,100.5,8.4159
6551.68,99.5,8.4159
6552.68,103.5,8.4159
6553.69,100.5,8.4159
6554.69,102.5,8.4159
6555.7,100.5,8.4159
6556.7,116.4,8.4159
6557.71,105.5,8.4159
6558.71,102.5,8.4159
6559.72,99.5,8.4159
6560.73,116.4,8.4159
6561.73,106.5,8.4159
6562.74,105.4,8.4159
6563.74,100.5,8.4159
6564.75,102.5,8.4159
6565.75,100.5,8.4159
6566.76,100.5,8.4159
6567.76,99.5,8.4159
6568.77,101.5,8.4159
6569.77,100.7,8.4159
6570.77,100.5,8.4162
6571.78,101.5,8.4162
6572.78,100.7,8.4162
6573.79,100.5,8.4162
6574.79,100.6,8.4162
6575.8,100.5,8.4162
6576.8,101.5,8.4162
6577.81,100.5,8.4162
6578.81,101.5,8.4162
6579.82,108.7,8.4162
6580.82,102.6,8.4162
6581.83,100.5,8.4162
6582.83,103.5,8.4162
6583.83,99.5,8.4162
6584.84,101.5,8.4162
6585.85,102.5,8.4162
6586.85,115.4,8.4162
6587.86,108.4,8.4162
6588.86,112.4,8.4162
6589.87,101.5,8.4162
6590.87,107.4,8.4162
6591.88,99.5,8.4162
6592.88,101.5,8.4162
6593.89,99.6,8.4162
6594.89,101.5,8.4162
6595.9,100.5,8.4162
6596.9,101.6,8.4162
6597.91,100.5,8.4162
6598.91,101.5,8.4162
6599.92,113.4,8.4162
6600.92,101.5,8.4162
6601.93,135.3,8.4162
6602.93,100.5,8.4162
6603.94,103.5,8.4162
6604.94,100.5,8.4162
6605.95,99.5,8.4162
6606.95,101.5,8.4162
6607.96,101.6,8.4162
6608.96,100.5,8.4162
6609.97,101.5,8.4162
6610.97,99.5,8.4162
6611.98,100.6,8.4162
6612.98,103.5,8.4162
6613.99,100.5,8.4162
6614.99,100.5,8.4162
6616.0,100.5,8.4162
6617.0,101.5,8.4162
6618.01,100.5,8.4162
6619.01,100.5,8.4162
6620.02,101.5,8.4162
6621.02,99.5,8.4162
6622.03,100.7,8.4162
6623.03,99.6,8.4162
6624.04,102.5,8.4162
6625.04,100.5,8.4162
6626.05,100.5,8.4162
6627.05,101.5,8.4162
6628.06,99.5,8.4162
6629.06,100.5,8.4162
6630.07,100.5,8.4162
6631.08,100.5,8.4162
6632.08,101.5,8.4162
6633.09,99.5,8.4162
6634.09,100.5,8.4162
6635.09,179.4,8.4168
6636.1,209.9,8.6069
6637.1,99.5,8.6069
6638.11,102.5,8.6069
6639.11,101.5,8.6069
6640.12,104.5,8.6069
6641.12,99.5,8.6069
6642.13,100.5,8.6069
6643.14,101.5,8.6069
6644.14,100.5,8.6069
6645.15,102.5,8.6069
6646.15,100.4,8.6069
6647.16,99.5,8.6069
6648.16,101.5,8.6069
6649.17,99.5,8.6069
6650.17,99.5,8.6069
6651.18,100.5,8.6069
6652.18,101.5,8.6069
6653.19,99.5,8.6069
6654.19,102.5,8.6069
6655.2,100.5,8.6069
6656.2,101.5,8.6069
6657.21,100.5,8.6069
6658.21,114.4,8.6069
6659.22,99.5,8.6069
6660.23,102.5,8.6069
6661.23,101.5,8.6069
6662.24,100.5,8.6069
6663.24,101.5,8.6069
6664.25,100.5,8.6069
6665.25,101.5,8.6069
6666.26,99.5,8.6069
6667.26,112.4,8.6069
6668.27,99.5,8.6069
6669.27,102.5,8.6069
6670.28,99.5,8.6069
6671.28,100.5,8.6069
6672.29,102.5,8.6069
6673.3,100.5,8.6069
6674.3,102.5,8.6069
6675.31,100.5,8.6069
6676.31,100.5,8.6069
6677.32,103.5,8.6069
6678.32,104.4,8.6069
6679.33,99.5,8.6069
6680.33,133.3,8.6069
6681.34,101.5,8.6069
6682.34,100.5,8.6069
6683.35,101.5,8.6069
6684.35,100.5,8.6069
6685.36,100.5,8.6069
6686.36,101.5,8.6069
6687.37,99.5,8.6069
6688.37,100.5,8.6069
6689.38,100.5,8.6069
6690.38,100.5,8.6069
6691.39,109.4,8.6069
6692.4,115.4,8.6069
6693.4,112.4,8.6069
6694.41,106.4,8.6069
6695.41,105.5,8.6069
6696.42,101.5,8.6069
6697.42,125.3,8.6069
6698.43,110.4,8.6069
6699.43,113.4,8.6069
6700.44,100.5,8.6069
6701.44,101.5,8.6069
6702.45,100.5,8.6069
6703.45,100.5,8.6069
6704.46,100.5,8.6069
6705.46,102.5,8.6069
6706.47,100.5,8.6069
6707.47,100.5,8.6069
6708.48,100.5,8.6069
6709.48,100.5,8.6069
6710.49,101.5,8.6069
6711.49,99.5,8.6069
6712.5,101.5,8.6069
6713.51,101.5,8.6069
6714.51,99.3,8.6069
6715.52,100.5,8.6069
6716.52,100.5,8.6069
6717.53,104.4,8.6069
6718.53,101.5,8.6069
6719.54,99.5,8.6069
6720.54,103.5,8.6069
6721.55,99.5,8.6069
6722.55,99.5,8.6069
6723.56,101.5,8.6069
6724.57,101.5,8.6069
6725.57,101.5,8.6069
6726.58,105.4,8.6069
6727.58,100.5,8.6069
6728.59,99.5,8.6069
6729.59,100.5,8.6069
6730.6,101.4,8.6069
6731.6,106.4,8.6069
6732.61,99.5,8.6069
6733.61,101.5,8.6069
6734.62,101.5,8.6069
6735.62,99.5,8.6069
6736.63,100.5,8.6069
6737.64,103.5,8.6069
6738.64,100.4,8.6069
6739.65,100.4,8.6069
6740.65,101.5,8.6069
6741.66,100.5,8.6069
6742.66,101.5,8.6069
6743.67,100.5,8.6069
6744.67,99.5,8.6069
6745.68,100.5,8.6069
6746.68,100.5,8.6069
6747.69,100.5,8.6069
6748.7,100.5,8.6069
6749.7,100.5,8.6069
6750.71,101.5,8.6069
6751.71,102.5,8.6069
6752.72,99.5,8.6069
6753.72,100.4,8.6069
6754.73,100.5,8.6069
6755.73,102.5,8.6069
6756.74,100.5,8.6069
6757.74,100.5,8.6069
6758.75,102.5,8.6069
6759.75,100.6,8.6069
6760.76,101.5,8.6069
6761.76,102.4,8.6069
6762.77,122.4,8.6069
6763.77,101.5,8.6069
6764.78,100.5,8.6069
6765.79,100.5,8.6069
6766.79,100.5,8.6069
6767.8,101.5,8.6069
6768.8,99.5,8.6069
6769.81,100.5,8.6069
6770.81,102.5,8.6069
6771.82,101.5,8.6069
6772.82,100.5,8.6069
6773.83,101.5,8.6069
6774.83,99.5,8.6069
6775.84,100.5,8.6069
6776.84,2.0,2.0252
6777.85,321.1,2.3552
6778.85,313.3,2.6734
6779.86,302.4,3.0835
6780.86,255.7,3.5632
6781.87,163.3,3.8655
6782.87,346.1,4.0529
6783.88,349.6,4.2917
6784.88,335.2,4.6251
6785.89,320.4,4.9485
6786.89,310.3,5.271
6787.9,308.3,5.5062
6788.9,307.5,5.769
6789.91,301.4,6.0362
6790.91,301.3,6.2695
6791.92,302.6,6.5573
6792.92,321.3,6.9983
6793.92,336.2,7.5577
6794.93,304.5,7.5605
6795.94,301.3,7.5625
6796.94,299.3,7.5627
6797.95,303.5,7.5631
6798.95,311.1,7.5636
6799.95,302.5,7.564
6800.96,311.4,7.564
6801.96,283.5,7.5642
6802.97,226.1,7.5644
6803.97,168.1,7.5644
6804.98,125.3,7.5644
6805.98,133.3,7.5644
6806.99,106.4,7.6644
6808.0,228.8,8.3548
6809.0,109.4,8.3548
6810.01,115.4,8.3549
6811.01,157.1,8.3549
6812.02,128.3,8.3549
6813.02,134.3,8.3549
6814.03,137.6,8.3549
6815.03,106.5,8.3549
6816.04,145.2,8.3549
6817.04,111.4,8.3549
6818.05,202.0,8.3549
6819.05,186.0,8.3549
6820.06,119.4,8.3549
6821.06,105.4,8.3549
6822.07,105.4,8.3549
6823.07,102.4,8.3549
6824.08,104.5,8.3549
6825.08,154.2,8.3549
6826.09,102.4,8.3549
6827.09,108.4,8.3549
6828.1,102.5,8.3549
6829.1,100.5,8.3549
6830.11,111.4,8.3549
6831.12,100.5,8.3549
6832.12,103.4,8.3549
6833.13,106.4,8.3549
6834.13,124.3,8.3549
6835.14,105.4,8.3549
6836.14,100.5,8.3549
6837.15,103.5,8.3549
6838.15,100.5,8.3549
6839.16,107.4,8.3549
6840.16,231.8,8.42
6841.17,100.5,8.42
6842.17,105.5,8.42
6843.18,101.5,8.42
6844.18,100.5,8.42
6845.19,101.5,8.42
6846.19,99.5,8.42
6847.2,100.5,8.42
6848.21,99.5,8.42
6849.21,104.5,8.42
6850.22,103.4,8.42
6851.22,100.5,8.42
6852.23,101.5,8.42
6853.23,102.5,8.42
6854.24,100.5,8.42
6855.24,105.5,8.42
6856.25,100.5,8.42
6857.25,101.5,8.42
6858.26,112.4,8.42
6859.26,105.4,8.42
6860.27,113.4,8.42
6861.27,101.5,8.42
6862.28,111.4,8.42
6863.28,113.4,8.42
6864.29,100.5,8.42
6865.3,101.5,8.42
6866.3,99.5,8.42
6867.31,102.5,8.42
6868.31,100.5,8.42
6869.32,101.5,8.42
6870.32,103.5,8.42
6871.33,99.5,8.42
6872.33,100.5,8.42
6873.34,110.4,8.42
6874.34,100.5,8.42
6875.35,100.5,8.42
6876.35,100.7,8.42
6877.36,100.5,8.42
6878.36,102.5,8.42
6879.37,100.5,8.42
6880.37,99.5,8.42
6881.38,139.2,8.42
6882.38,100.5,8.42
6883.39,102.4,8.42
6884.39,100.5,8.42
6885.4,116.4,8.42
6886.4,100.5,8.42
6887.41,115.4,8.42
6888.42,101.5,8.42
6889.42,103.5,8.42
6890.42,101.5,8.42
6891.43,100.5,8.42
6892.44,100.5,8.42
6893.44,101.5,8.42
6894.45,100.5,8.42
6895.45,101.5,8.42
6896.46,101.5,8.42
6897.46,99.5,8.42
6898.47,102.4,8.42
6899.47,109.4,8.42
6900.48,100.5,8.42
6901.48,100.5,8.42
6902.49,103.5,8.42
6903.49,100.5,8.42
6904.5,101.5,8.42
6905.5,99.5,8.42
6906.51,101.5,8.42
6907.51,100.5,8.42
6908.52,101.5,8.42
6909.52,101.5,8.42
6910.53,100.5,8.42
6911.54,101.5,8.42
6912.54,100.5,8.42
6913.55,101.5,8.42
6914.55,100.5,8.42
6915.56,99.5,8.42
6916.56,101.5,8.42
6917.57,100.5,8.42
6918.57,99.5,8.42
6919.58,100.5,8.42
6920.58,101.5,8.42
6921.59,100.5,8.42
6922.59,99.5,8.42
6923.6,101.5,8.42
6924.6,101.5,8.42
6925.61,101.4,8.42
6926.61,100.5,8.42
6927.62,101.5,8.42
6928.62,100.5,8.42
6929.63,99.5,8.42
6930.64,100.5,8.42
6931.64,100.5,8.42
6932.65,101.5,8.42
6933.65,191.4,8.4207
6934.65,193.1,8.6118
6935.66,100.5,8.6118
6936.66,100.5,8.6118
6937.67,100.5,8.6118
6938.68,101.5,8.6118
6939.68,102.5,8.6118
6940.69,104.4,8.6118
6941.69,100.5,8.6118
6942.7,100.5,8.6118
6943.7,101.5,8.6118
6944.71,99.5,8.6118
6945.71,100.5,8.6118
6946.72,101.5,8.6118
6947.72,100.5,8.6118
6948.73,100.5,8.6118
6949.73,101.5,8.6118
6950.74,100.5,8.6118
6951.74,99.5,8.6118
6952.75,101.5,8.6118
6953.75,101.5,8.6118
6954.76,101.5,8.6118
6955.76,100.5,8.6118
6956.77,99.5,8.6118
6957.78,102.5,8.6118
6958.78,100.5,8.6118
6959.79,106.5,8.6118
6960.79,101.5,8.6118
6961.8,100.5,8.6118
6962.8,102.5,8.6118
6963.81,100.6,8.6118
6964.81,100.5,8.6118
6965.82,109.4,8.6118
6966.82,100.5,8.6118
6967.83,101.5,8.6118
6968.83,100.5,8.6118
6969.84,101.5,8.6118
6970.84,101.5,8.6118
6971.85,99.5,8.6118
6972.85,102.5,8.6118
6973.86,99.5,8.6118
6974.86,101.5,8.6118
6975.87,104.4,8.6118
6976.87,100.5,8.6118
6977.88,115.4,8.6118
6978.88,101.5,8.6118
6979.89,100.5,8.6118
6980.89,99.5,8.6118
6981.9,101.5,8.6118
6982.91,101.5,8.6118
6983.91,100.5,8.6118
6984.92,101.5,8.6118
6985.92,99.5,8.6118
6986.93,100.5,8.6118
6987.93,102.5,8.6118
6988.94,103.4,8.6118
6989.94,120.4,8.6118
6990.95,115.4,8.6119
6991.95,100.5,8.6119
6992.96,101.5,8.6119
6993.96,100.5,8.6119
6994.97,131.3,8.6119
6995.97,99.5,8.6119
6996.98,101.5,8.6119
6997.98,101.5,8.6119
6998.99,100.5,8.6119
6999.99,133.3,8.6119
7001.0,100.5,8.6119
7002.01,100.5,8.6119
7003.01,101.5,8.6119
7004.02,100.5,8.6119
7005.02,101.5,8.6119
7006.03,102.5,8.6119
7007.03,101.5,8.6119
7008.04,99.5,8.6119
7009.04,101.4,8.6119
7010.05,99.5,8.6119
7011.05,101.6,8.6119
7012.06,99.5,8.6119
7013.06,101.5,8.6119
7014.07,100.5,8.6119
7015.07,101.5,8.6119
7016.08,108.4,8.6119
7017.09,99.5,8.6119
7018.09,101.5,8.6119
7019.1,101.5,8.6119
7020.1,99.5,8.6119
7021.11,101.5,8.6119
7022.11,103.5,8.6119
7023.12,100.5,8.6119
7024.12,102.5,8.6119
7025.13,99.5,8.6119
7026.13,101.5,8.6119
7027.14,105.4,8.6119
7028.14,101.5,8.6119
7029.15,101.5,8.6119
7030.16,100.5,8.6119
7031.16,100.5,8.6119
7032.17,101.5,8.6119
7033.17,102.5,8.6119
7034.18,99.5,8.6119
7035.18,101.5,8.6119
7036.19,101.5,8.6119
7037.19,101.5,8.6119
7038.2,100.5,8.6119
7039.2,101.5,8.6121
7040.21,99.5,8.6121
7041.21,101.5,8.6121
7042.22,100.5,8.6121
7043.22,101.5,8.6121
7044.23,100.5,8.6121
7045.23,100.5,8.6121
7046.24,99.5,8.6121
7047.25,101.5,8.6121
7048.25,100.5,8.6121
7049.26,100.5,8.6121
7050.26,100.5,8.6121
7051.27,100.5,8.6121
7052.27,103.5,8.6121
7053.28,99.5,8.6121
7054.28,101.5,8.6121
7055.29,100.5,8.6121
7056.29,102.5,8.6122
7057.3,121.4,8.6122
7058.3,102.4,8.6122
7059.31,100.5,8.6122
7060.31,100.5,8.6122
7061.32,100.5,8.6122
7062.32,100.5,8.6122
7063.33,100.5,8.6122
7064.34,100.5,8.6122
7065.34,100.5,8.6122
7066.35,101.5,8.6122
7067.35,100.5,8.6122
7068.36,99.5,8.6122
7069.36,101.4,8.6122
7070.37,101.5,8.6122
7071.37,101.5,8.6122
7072.38,101.5,8.6122
7073.38,100.5,8.6122
7074.39,100.5,8.6122
7075.39,101.5,8.6122
7076.4,100.5,1.9535
7077.4,314.0,2.1776
7078.41,342.1,2.3594
7079.41,353.2,2.58
7080.42,333.2,2.8412
7081.42,309.3,3.1415
7082.43,320.5,3.4913
7083.43,245.7,3.6764
7084.44,113.4,3.7139
7085.44,149.2,3.767
7086.45,164.1,3.9385
7087.45,5.0,2.0277
7088.46,322.3,2.4367
7089.46,307.5,2.8107
7090.47,307.7,3.2414
7091.47,167.1,3.7258
7092.47,257.2,3.9135
7093.48,351.0,4.1989
7094.48,342.2,4.5789
7095.49,319.3,4.9179
7096.49,310.3,5.2533
7097.5,312.3,5.5676
7098.5,304.3,5.8406
7099.51,307.4,6.1032
7100.52,301.3,6.3338
7101.52,303.3,6.615
7102.53,303.5,6.7913
7103.53,327.2,7.4996
7104.54,308.3,7.5517
7105.54,304.5,7.5519
7106.55,300.3,7.5519
7107.55,300.4,7.5523
7108.56,303.5,7.5525
7109.56,289.6,7.553
7110.57,178.0,7.5533
7111.57,170.1,7.5535
7112.58,173.2,7.62
7113.58,177.1,7.6537
7114.59,149.2,7.6539
7115.59,158.1,7.6539
7116.6,105.4,7.6539
7117.61,138.3,7.6539
7118.61,125.3,7.6542
7119.62,129.3,7.6542
7120.62,116.4,7.6542
7121.62,302.0,8.3463
7122.63,186.1,8.349
7123.64,189.0,8.349
7124.64,122.7,8.349
7125.64,135.2,8.349
7126.65,135.3,8.3491
7127.65,151.2,8.3421
7128.66,134.3,8.3421
7129.67,109.4,8.3421
7130.67,111.7,8.3421
7131.67,101.5,8.3421
7132.68,128.3,8.3421
7133.68,102.7,8.3421
7134.69,102.5,8.3421
7135.69,104.4,8.3421
7136.7,100.5,8.3421
7137.7,130.6,8.3421
7138.71,146.2,8.3421
7139.71,105.4,8.3421
7140.72,105.4,8.3421
7141.72,108.5,8.3421
7142.73,146.2,8.3421
7143.73,119.4,8.3424
7144.74,104.4,8.3424
7145.74,100.5,8.3424
7146.75,101.4,8.3424
7147.75,101.5,8.3424
7148.76,102.4,8.3424
7149.77,99.5,8.3424
7150.77,105.4,8.3424
7151.78,115.4,8.3424
7152.78,116.4,8.3424
7153.79,114.4,8.3424
7154.79,104.4,8.3424
7155.8,234.7,8.4234
7156.8,99.5,8.4234
7157.81,130.4,8.4234
7158.81,100.5,8.4234
7159.82,99.5,8.4234
7160.82,116.4,8.4234
7161.83,100.5,8.4234
7162.84,101.4,8.4234
7163.84,101.5,8.4234
7164.85,100.5,8.4234
7165.85,100.5,8.4234
7166.86,100.5,8.4234
7167.86,102.5,8.4234
7168.87,99.5,8.4234
7169.87,100.5,8.4234
7170.88,101.5,8.4234
7171.88,120.4,8.4234
7172.89,101.5,8.4234
7173.89,99.5,8.4234
7174.9,115.4,8.4234
7175.9,100.5,8.4234
7176.91,101.5,8.4234
7177.92,99.5,8.4234
7178.92,101.5,8.4234
7179.93,100.5,8.4234
7180.93,102.5,8.4234
7181.94,100.5,8.4234
7182.94,100.5,8.4234
7183.95,100.5,8.4234
7184.95,101.5,8.4234
7185.96,100.6,8.4234
7186.96,100.5,8.4234
7187.97,99.5,8.4234
7188.97,103.4,8.4234
7189.98,100.5,8.4234
7190.98,100.5,8.4234
7191.99,101.5,8.4234
7192.99,101.5,8.4234
7194.0,101.5,8.4234
7195.01,101.5,8.4234
7196.01,100.5,8.4234
7197.02,101.5,8.4234
7198.02,100.5,8.4234
7199.03,100.5,8.4234
7200.03,101.5,8.4234
7201.04,100.5,8.4234
7202.04,101.5,8.4234
7203.05,122.3,8.4234
7204.05,101.5,8.4234
7205.06,103.4,8.4234
7206.06,99.5,8.4234
7207.07,101.5,8.4234
7208.08,100.5,8.4234
7209.08,101.5,8.4234
7210.09,100.5,8.4234
7211.09,100.5,8.4234
7212.1,100.5,8.4234
7213.1,113.6,8.4234
7214.1,101.5,8.4234
7215.11,101.5,8.4234
7216.12,101.5,8.4234
7217.12,112.4,8.4234
7218.12,100.7,8.4234
7219.13,100.5,8.4234
7220.13,102.5,8.4234
7221.14,100.5,8.4234
7222.15,100.5,8.4234
7223.15,100.5,8.4234
7224.16,100.5,8.4234
7225.16,101.5,8.4234
7226.17,100.5,8.4234
7227.17,100.5,8.4234
7228.18,101.5,8.4234
7229.18,99.5,8.4234
7230.19,99.5,8.4234
7231.19,101.5,8.4234
7232.2,100.5,8.4234
7233.2,101.5,8.4234
7234.21,102.5,8.4234
7235.21,100.5,8.4234
7236.22,102.5,8.4234
7237.22,99.5,8.4234
7238.23,101.5,8.4234
7239.23,225.3,8.4302
7240.24,159.3,8.6176
7241.24,101.5,8.6176
7242.25,99.5,8.6176
7243.25,101.5,8.6176
7244.26,100.5,8.6176
7245.26,99.5,8.6176
7246.27,103.5,8.6176
7247.28,121.3,8.6176
7248.28,102.5,8.6176
7249.29,102.5,8.6176
7250.29,101.5,8.6176
7251.3,99.5,8.6176
7252.3,99.5,8.6176
7253.3,131.6,8.6176
7254.31,103.5,8.6176
7255.32,101.4,8.6176
7256.32,101.5,8.6176
7257.33,100.5,8.6176
7258.33,100.3,8.6176
7259.34,99.5,8.6176
7260.34,102.5,8.6176
7261.35,100.5,8.6176
7262.35,100.5,8.6176
7263.36,98.5,8.6176
7264.36,101.5,8.6176
7265.37,101.5,8.6176
7266.38,99.5,8.6176
7267.38,101.5,8.6176
7268.39,100.5,8.6176
7269.39,101.5,8.6176
7270.4,101.5,8.6176
7271.4,103.5,8.6176
7272.41,100.5,8.6176
7273.41,101.5,8.6176
7274.42,100.5,8.6176
7275.42,100.5,8.6176
7276.43,101.5,8.6176
7277.43,99.5,8.6176
7278.44,106.4,8.6176
7279.44,104.4,8.6176
7280.45,99.5,8.6176
7281.46,100.5,8.6176
7282.46,101.5,8.6176
7283.47,100.5,8.6176
7284.47,104.4,8.6176
7285.48,101.4,8.6176
7286.48,103.4,8.6176
7287.49,108.4,8.6176
7288.49,99.5,8.6176
7289.5,101.5,8.6176
7290.5,101.5,8.6176
7291.51,100.5,8.6176
7292.51,103.4,8.6176
7293.52,102.4,8.6176
7294.52,100.5,8.6176
7295.53,101.5,8.6176
7296.53,101.5,8.6176
7297.54,100.5,8.6176
7298.55,101.5,8.6176
7299.55,142.4,8.6192
7300.55,99.5,8.6192
7301.56,122.3,8.6193
7302.57,100.5,8.6193
7303.57,134.3,8.6193
7304.58,100.5,8.6193
7305.58,102.5,8.6193
7306.59,102.5,8.6193
7307.59,102.5,8.6193
7308.6,100.5,8.6193
7309.6,101.5,8.6193
7310.61,101.5,8.6193
7311.61,99.5,8.6193
7312.62,123.3,8.6193
7313.62,100.5,8.6193
7314.63,100.5,8.6193
7315.64,102.4,8.6193
7316.64,100.5,8.6193
7317.65,101.5,8.6193
7318.65,99.5,8.6193
7319.66,101.5,8.6193
7320.66,99.5,8.6193
7321.67,102.5,8.6193
7322.67,99.5,8.6193
7323.68,102.5,8.6193
7324.68,100.5,8.6193
7325.69,101.5,8.6193
7326.69,102.5,8.6193
7327.7,100.6,8.6193
7328.7,99.5,8.6193
7329.71,101.5,8.6193
7330.71,102.5,8.6193
7331.72,99.5,8.6193
7332.72,99.5,8.6193
7333.73,103.5,8.6193
7334.73,99.5,8.6193
7335.74,102.4,8.6193
7336.75,101.5,8.6193
7337.75,99.5,8.6193
7338.76,101.5,8.6193
7339.76,99.5,8.6193
7340.77,101.5,8.6193
7341.77,101.5,8.6193
7342.78,101.5,8.6193
7343.78,102.5,8.6193
7344.79,101.5,8.6193
7345.79,99.5,8.6193
7346.8,101.5,8.6193
7347.8,102.5,8.6193
7348.81,99.5,8.6193
7349.81,100.5,8.6193
7350.82,101.5,8.6193
7351.82,99.5,8.6193
7352.83,101.5,8.6193
7353.84,101.5,8.6193
7354.84,101.5,8.6193
7355.85,101.5,8.6193
7356.85,100.5,8.6193
7357.86,99.5,8.6193
7358.86,100.5,8.6193
7359.87,102.5,8.6193
7360.87,100.5,8.6193
7361.88,100.5,8.6193
7362.88,101.5,8.6193
7363.89,100.5,8.6193
7364.89,100.5,8.6193
7365.9,101.5,8.6193
7366.91,100.5,8.6193
7367.91,101.5,8.6193
7368.92,100.5,8.6193
7369.92,100.5,8.6193
7370.93,99.5,8.6193
7371.93,100.5,8.6193
7372.94,102.5,8.6193
7373.94,101.5,8.6193
7374.95,100.5,8.6193
7375.95,99.5,8.6193
7376.96,101.5,8.6193
7377.96,101.5,8.6193
7378.97,99.5,8.6193
7379.97,100.5,8.6193
7380.98,100.5,8.6193
7381.99,100.5,8.6193
7382.99,101.6,8.6193
7384.0,100.5,8.6193
7385.0,101.5,8.6193
7386.01,101.5,8.6193
7387.01,114.7,1.9452
7388.01,289.5,2.1699
7389.02,315.5,2.6013
7390.02,309.3,3.0081
7391.03,308.4,3.4749
7392.03,174.4,3.8064
7393.04,351.3,4.0254
7394.04,351.0,4.39
7395.04,326.3,4.7384
7396.05,313.3,5.0938
7397.05,313.4,5.4423
7398.06,304.5,5.7447
7399.06,309.3,6.0123
7400.07,301.4,6.252
7401.08,304.3,6.5009
7402.08,300.3,6.7027
7403.08,319.0,7.0196
7404.09,319.3,7.5551
7405.09,305.5,7.5555
7406.1,294.8,7.5558
7407.1,269.6,7.5563
7408.11,172.1,7.5565
7409.11,156.2,7.5565
7410.12,189.0,7.5567
7411.12,184.0,7.5567
7412.13,135.3,7.6402
7413.14,230.8,7.6567
7414.14,206.9,7.6567
7415.14,141.7,7.6567
7416.15,134.3,7.6567
7417.15,133.3,7.6475
7418.16,105.4,7.6478
7419.16,206.4,7.9517
7420.17,241.7,8.3361
7421.17,219.8,8.3361
7422.18,149.3,8.3361
7423.18,118.4,8.3361
7424.19,109.4,8.3361
7425.19,146.2,8.3361
7426.2,159.1,8.3362
7427.2,157.2,8.3362
7428.21,140.3,8.3362
7429.22,103.4,8.3362
7430.22,106.4,8.3362
7431.23,121.4,8.3362
7432.23,112.4,8.3362
7433.24,100.5,8.3362
7434.24,100.4,8.3362
7435.25,101.5,8.3362
7436.25,101.5,8.3362
7437.26,128.3,8.3362
7438.26,118.4,8.3364
7439.27,100.5,8.3364
7440.27,106.5,8.3364
7441.28,104.4,8.3364
7442.28,139.3,8.3364
7443.29,104.4,8.3364
7444.3,99.5,8.3364
7445.3,100.5,8.3364
7446.31,102.5,8.3364
7447.31,100.5,8.3364
7448.32,101.5,8.3364
7449.32,112.4,8.3364
7450.33,109.4,8.3364
7451.33,102.5,8.3364
7452.34,105.4,8.3364
7453.34,103.4,8.3364
7454.35,119.3,8.3364
7455.35,106.4,8.3364
7456.36,100.5,8.3364
7457.36,102.4,8.3364
7458.37,100.5,8.3364
7459.37,117.6,8.3368
7460.38,223.8,8.4227
7461.38,101.5,8.4227
7462.39,100.5,8.4227
7463.39,100.5,8.4227
7464.4,101.5,8.4227
7465.41,101.5,8.4227
7466.41,101.5,8.4227
7467.42,104.4,8.4227
7468.42,100.5,8.4227
7469.43,101.5,8.4227
7470.43,122.3,8.4227
7471.44,101.5,8.4227
7472.44,125.3,8.4229
7473.45,102.5,8.4229
7474.45,99.5,8.4229
7475.46,100.5,8.4229
7476.46,99.5,8.4229
7477.47,102.5,8.4229
7478.48,101.5,8.4229
7479.48,102.5,8.4229
7480.49,124.3,8.4229
7481.49,102.4,8.4229
7482.5,102.5,8.4229
7483.5,101.5,8.4229
7484.51,102.5,8.4229
7485.51,101.5,8.4229
7486.52,102.5,8.4229
7487.52,102.5,8.4229
7488.53,101.4,8.4229
7489.53,100.5,8.4229
7490.54,100.6,8.4229
7491.54,101.5,8.4229
7492.55,100.5,8.4229
7493.55,123.4,8.4229
7494.56,100.5,8.4229
7495.56,100.5,8.4229
7496.57,115.4,8.4229
7497.57,100.5,8.4229
7498.58,100.5,8.4229
7499.58,102.5,8.4229
7500.59,100.5,8.4229
7501.6,100.5,8.4229
7502.6,101.5,8.4229
7503.61,102.5,8.4229
7504.61,99.5,8.4229
7505.62,102.5,8.4229
7506.62,101.5,8.4229
7507.63,112.4,8.4229
7508.63,102.5,8.4229
7509.64,105.4,8.4229
7510.64,99.5,8.4229
7511.65,99.5,8.4229
7512.65,102.5,8.4229
7513.66,100.5,8.4229
7514.66,103.5,8.4229
7515.67,102.5,8.4229
7516.67,101.5,8.4229
7517.68,100.5,8.4229
7518.69,101.5,8.4229
7519.69,99.5,8.4229
7520.7,100.5,8.4229
7521.7,100.5,8.4229
7522.71,101.5,8.4229
7523.71,101.5,8.4229
7524.72,114.5,8.4229
7525.72,100.5,8.4229
7526.73,102.5,8.4229
7527.73,101.5,8.4229
7528.74,98.5,8.4229
7529.74,101.4,8.4229
7530.75,100.5,8.4229
7531.75,101.5,8.4229
7532.76,101.5,8.4229
7533.76,99.5,8.4229
7534.77,100.5,8.4229
7535.77,100.5,8.4229
7536.78,101.5,8.4229
7537.78,99.5,8.4229
7538.79,101.5,8.4229
7539.8,101.5,8.4229
7540.8,100.5,8.4229
7541.81,101.5,8.4229
7542.81,100.5,8.4229
7543.82,99.5,8.4229
7544.82,101.5,8.4229
7545.83,101.5,8.4229
7546.83,101.5,8.4229
7547.84,99.5,8.4229
7548.84,101.5,8.4229
7549.85,101.5,8.4229
7550.85,99.5,8.4229
7551.86,99.5,8.4229
7552.86,101.5,8.4229
7553.87,101.5,8.4229
7554.87,99.5,8.4229
7555.88,101.5,8.4229
7556.89,99.5,8.4229
7557.89,101.5,8.4229
7558.9,101.5,8.4229
7559.9,99.5,8.4229
7560.91,101.4,8.4229
7561.91,101.5,8.4229
7562.92,100.5,8.4229
7563.92,100.5,8.4229
7564.93,100.5,8.4229
7565.93,101.5,8.4229
7566.94,101.5,8.4229
7567.94,100.5,8.4229
7568.95,100.5,8.4229
7569.96,100.5,8.4229
7570.96,100.5,8.4229
7571.97,99.4,8.4229
7572.97,239.2,8.453
7573.97,153.2,8.6128
7574.98,100.5,8.6128
7575.99,99.5,8.6128
7576.99,100.5,8.6128
7578.0,100.5,8.6128
7579.0,100.5,8.6128
7580.01,99.5,8.6128
7581.01,101.4,8.6128
7582.02,100.5,8.6128
7583.02,100.5,8.6128
7584.03,101.5,8.6128
7585.03,100.5,8.6128
7586.04,99.6,8.6128
7587.04,100.5,8.6128
7588.05,101.5,8.6128
7589.05,100.5,8.6128
7590.06,102.5,8.6128
7591.06,100.5,8.6128
7592.07,99.5,8.6128
7593.07,102.6,8.6128
7594.08,100.5,8.6128
7595.08,101.5,8.6128
7596.09,101.5,8.6128
7597.09,99.5,8.6128
7598.1,100.5,8.6128
7599.11,103.4,8.6128
7600.11,103.5,8.6128
7601.12,106.4,8.6128
7602.12,100.5,8.6128
7603.13,100.5,8.6128
7604.13,102.5,8.6128
7605.14,100.5,8.6128
7606.14,99.5,8.6128
7607.15,102.5,8.6128
7608.15,99.5,8.6128
7609.16,101.6,8.6128
7610.16,100.5,8.6128
7611.17,101.5,8.6128
7612.17,100.5,8.6128
7613.18,100.6,8.6128
7614.18,101.5,8.6128
7615.19,100.5,8.6128
7616.19,99.5,8.6128
7617.2,99.6,8.6128
7618.2,105.4,8.6128
7619.21,101.5,8.6128
7620.21,100.5,8.6128
7621.22,101.5,8.6128
7622.22,99.5,8.6128
7623.23,101.5,8.6128
7624.23,100.7,8.6128
7625.24,102.5,8.6128
7626.24,98.5,8.6128
7627.25,101.5,8.6128
7628.25,100.5,8.6128
7629.26,100.5,8.6128
7630.26,100.5,8.6128
7631.27,100.5,8.6128
7632.27,101.5,8.6128
7633.28,101.5,8.6128
7634.29,99.5,8.6128
7635.29,102.5,8.6128
7636.3,100.5,8.6128
7637.3,103.5,8.6128
7638.31,102.5,8.6128
7639.31,101.7,8.6128
7640.31,99.5,8.6128
7641.32,100.4,8.6128
7642.33,125.4,8.6128
7643.33,99.7,8.6128
7644.33,100.5,8.6128
7645.34,101.5,8.6128
7646.34,112.4,8.6128
7647.35,119.4,8.6128
7648.36,99.5,8.6128
7649.36,102.7,8.6128
7650.36,100.5,8.6128
7651.37,100.7,8.6128
7652.37,100.5,8.6128
7653.38,100.5,8.6128
7654.38,100.5,8.6128
7655.38,149.6,8.6163
7656.39,101.5,8.6163
7657.4,100.5,8.6163
7658.4,100.5,8.6163
7659.41,100.5,8.6164
7660.41,100.5,8.6164
7661.42,103.5,8.6164
7662.42,100.4,8.6164
7663.43,103.7,8.6164
7664.43,101.6,8.6164
7665.44,100.5,8.6164
7666.44,99.5,8.6164
7667.45,103.4,8.6164
7668.45,102.5,8.6073
7669.46,99.5,8.6073
7670.46,101.5,8.6073
7671.47,102.5,8.6073
7672.47,99.5,8.6073
7673.48,100.5,8.6073
7674.48,122.3,8.6073
7675.49,99.7,8.6073
7676.49,101.5,8.6073
7677.5,101.3,8.6073
7678.5,100.4,8.6073
7679.51,101.5,8.6073
7680.51,103.4,8.6073
7681.52,99.5,8.6073
7682.53,101.5,8.6073
7683.53,100.4,8.6073
7684.54,100.5,8.6073
7685.54,100.5,8.6073
7686.55,99.5,8.6073
7687.55,121.6,2.0174
7688.56,340.2,2.3759
7689.56,313.3,2.7869
7690.57,290.4,3.2496
7691.57,142.2,3.7423
7692.58,299.0,3.867
7693.58,347.3,4.1769
7694.58,341.7,4.5315
7695.59,312.3,4.8782
7696.6,307.3,5.2037
7697.6,304.3,5.4961
7698.61,310.4,5.7269
7699.61,304.3,6.0233
7700.62,302.6,6.2558
7701.62,301.4,6.4588
7702.63,300.6,6.6498
7703.63,302.1,6.8725
7704.63,336.3,7.545
7705.64,301.3,7.5453
7706.64,301.4,7.5479
7707.65,301.5,7.5492
7708.66,302.3,7.5493
7709.66,301.6,7.5496
7710.66,261.0,7.5501
7711.67,208.9,7.5503
7712.67,219.0,7.5503
7713.68,203.9,7.5851
7714.68,131.3,7.6503
7715.69,167.2,7.6505
7716.7,164.1,7.6505
7717.7,125.3,7.6398
7718.71,142.3,7.64
7719.71,232.8,8.2617
7720.72,111.4,8.3097
7721.72,124.3,8.3097
7722.73,106.4,8.3049
7723.73,134.3,8.3049
7724.74,162.2,8.3063
7725.74,231.7,8.3063
7726.75,117.4,8.3063
7727.75,120.7,8.3063
7728.76,103.5,8.3063
7729.76,111.7,8.3063
7730.76,106.4,8.3063
7731.77,123.3,8.3063
7732.77,101.7,8.3063
7733.78,117.4,8.3063
7734.78,127.3,8.3063
7735.79,99.5,8.3065
7736.79,117.4,8.3065
7737.8,107.4,8.3065
7738.8,134.3,8.3065
7739.81,106.5,8.3065
7740.82,101.5,8.3065
7741.82,102.5,8.3065
7742.83,100.5,8.3065
7743.83,110.4,8.3065
7744.84,101.5,8.3065
7745.84,100.5,8.3065
7746.85,102.5,8.3065
7747.85,113.4,8.3065
7748.86,124.3,8.3065
7749.86,101.5,8.3065
7750.87,113.4,8.3065
7751.87,99.5,8.3065
7752.88,100.5,8.3065
7753.88,104.4,8.3065
7754.89,105.4,8.3065
7755.89,116.4,8.3065
7756.9,113.4,8.3073
7757.9,107.4,8.3073
7758.91,115.4,8.3073
7759.92,102.5,8.3073
7760.92,152.5,8.3077
7761.92,199.9,8.3963
7762.93,99.5,8.3963
7763.93,111.5,8.3963
7764.94,101.5,8.3963
7765.94,99.5,8.3963
7766.95,105.4,8.3963
7767.95,111.4,8.3964
7768.96,105.4,8.3964
7769.97,100.5,8.3964
7770.97,123.4,8.3964
7771.98,117.4,8.3964
7772.98,100.5,8.3964
7773.99,100.5,8.3964
7774.99,100.5,8.3964
7776.0,101.5,8.3964
7777.0,102.5,8.3964
7778.01,101.5,8.3964
7779.01,101.5,8.3964
7780.02,100.5,8.3964
7781.02,100.5,8.3964
7782.03,101.5,8.3964
7783.04,100.5,8.3964
7784.04,103.5,8.3964
7785.05,100.5,8.3964
7786.05,99.5,8.3964
7787.06,102.5,8.3964
7788.06,129.3,8.3969
7789.07,100.5,8.3969
7790.07,100.5,8.3969
7791.08,100.5,8.3969
7792.08,101.5,8.3969
7793.09,101.5,8.3969
7794.09,100.5,8.3969
7795.1,123.4,8.3969
7796.11,99.5,8.3969
7797.11,101.5,8.3969
7798.11,103.4,8.3969
7799.12,100.6,8.3969
7800.12,101.5,8.3969
7801.13,99.5,8.3969
7802.14,104.4,8.3969
7803.14,111.4,8.3969
7804.15,100.5,8.3969
7805.15,102.5,8.3969
7806.16,100.5,8.3969
7807.16,102.5,8.3969
7808.17,100.5,8.3969
7809.17,100.5,8.3969
7810.18,101.5,8.3969
7811.18,101.5,8.3969
7812.19,105.4,8.3969
7813.19,99.5,8.3969
7814.2,101.5,8.3969
7815.2,101.5,8.3969
7816.21,100.5,8.3969
7817.22,100.3,8.3969
7818.22,101.5,8.3969
7819.23,99.5,8.3969
7820.23,102.5,8.3969
7821.24,102.5,8.3969
7822.24,99.5,8.3969
7823.25,110.4,8.3969
7824.25,100.5,8.3969
7825.26,103.5,8.3969
7826.26,102.5,8.3969
7827.27,99.5,8.3969
7828.27,101.5,8.3969
7829.28,100.5,8.3969
7830.29,101.5,8.3969
7831.29,100.6,8.3969
7832.29,100.5,8.3969
7833.3,100.5,8.3969
7834.31,101.5,8.3969
7835.31,102.5,8.3969
7836.32,100.5,8.3969
7837.32,99.5,8.3969
7838.33,100.5,8.3969
7839.33,101.5,8.3969
7840.34,100.5,8.3969
7841.34,99.6,8.3969
7842.35,100.4,8.3969
7843.35,101.5,8.3969
7844.36,99.5,8.3969
7845.36,100.5,8.3969
7846.37,102.5,8.3969
7847.37,100.5,8.3969
7848.38,100.5,8.3969
7849.38,100.5,8.3969
7850.39,101.5,8.3969
7851.39,101.5,8.3969
7852.4,100.5,8.3969
7853.41,100.5,8.3969
7854.41,100.5,8.3969
7855.42,100.5,8.3969
7856.42,100.5,8.3969
7857.43,100.5,8.3969
7858.43,101.5,8.397
7859.44,100.5,8.397
7860.44,100.5,8.397
7861.45,101.5,8.397
7862.45,100.5,8.397
7863.46,99.5,8.397
7864.46,103.5,8.397
7865.47,99.5,8.397
7866.48,100.5,8.397
7867.48,102.5,8.397
7868.49,100.5,8.397
7869.49,99.5,8.397
7870.5,101.5,8.397
7871.5,100.5,8.397
7872.51,101.5,8.397
7873.51,99.5,8.397
7874.52,101.5,8.397
7875.52,101.5,8.397
7876.53,101.5,8.397
7877.53,99.5,8.397
7878.54,100.8,8.397
7879.54,100.5,8.397
7880.55,101.5,8.397
7881.55,100.5,8.397
7882.56,100.5,8.397
7883.56,101.5,8.397
7884.57,100.5,8.397
7885.57,100.5,8.397
7886.58,100.5,8.397
7887.58,100.5,8.397
7888.59,100.5,8.397
7889.59,101.5,8.397
7890.6,105.4,8.397
7891.6,99.5,8.397
7892.61,104.4,8.397
7893.61,101.5,8.397
7894.62,101.5,8.397
7895.62,100.5,8.397
7896.63,100.5,8.397
7897.64,99.5,8.397
7898.64,131.3,8.397
7899.65,102.5,8.397
7900.65,99.5,8.397
7901.66,120.4,8.397
7902.66,101.5,8.397
7903.67,100.6,8.397
7904.67,99.5,8.397
7905.68,103.5,8.397
7906.68,99.5,8.397
7907.69,101.5,8.397
7908.69,101.5,8.397
7909.7,126.6,8.3977
7910.7,250.7,8.5938
7911.71,99.5,8.5938
7912.71,102.5,8.5938
7913.72,99.5,8.5938
7914.72,122.3,8.5938
7915.73,102.5,8.5938
7916.73,100.5,8.5938
7917.74,102.5,8.5938
7918.74,100.6,8.5938
7919.75,100.5,8.5938
7920.75,100.5,8.5938
7921.76,100.5,8.5938
7922.76,101.5,8.5938
7923.77,100.5,8.5938
7924.77,123.3,8.5938
7925.78,100.5,8.5938
7926.78,100.5,8.5938
7927.79,100.5,8.5938
7928.79,100.5,8.5938
7929.8,101.5,8.5938
7930.8,99.7,8.5938
7931.81,102.7,8.5938
7932.81,99.5,8.5938
7933.82,105.4,8.5938
7934.82,100.5,8.5938
7935.83,100.5,8.5938
7936.83,102.5,8.5938
7937.84,108.5,8.5938
7938.84,101.5,8.5938
7939.85,123.4,8.5938
7940.85,148.2,8.5991
7941.86,101.5,8.5991
7942.86,99.7,8.5924
7943.87,118.4,8.5924
7944.87,102.5,8.5924
7945.88,100.5,8.5924
7946.88,102.4,8.5924
7947.89,99.5,8.5924
7948.89,100.5,8.5924
7949.9,101.5,8.5924
7950.9,100.5,8.5924
7951.91,100.5,8.5924
7952.92,99.5,8.5924
7953.92,101.5,8.5924
7954.93,101.5,8.5924
7955.93,101.5,8.5924
7956.94,101.5,8.5924
7957.94,104.5,8.5924
7958.95,100.5,8.5924
7959.95,104.4,8.5924
7960.96,99.5,8.5924
7961.96,100.5,8.5924
7962.97,99.5,8.5924
7963.97,103.5,8.5924
7964.98,99.5,8.5924
7965.98,100.5,8.5924
7966.99,102.5,8.5924
7967.99,101.5,8.5924
7969.0,100.5,8.5924
7970.01,100.5,8.5924
7971.01,100.5,8.5924
7972.02,100.5,8.5924
7973.02,100.5,8.5924
7974.03,99.5,8.5924
7975.03,101.5,8.5924
7976.04,99.5,8.5924
7977.04,100.5,8.5924
7978.05,101.5,8.5924
7979.05,100.5,8.5924
7980.06,99.5,8.5924
7981.06,101.5,8.5924
7982.07,102.5,8.5924
7983.08,100.5,8.5924
7984.08,100.5,8.5924
7985.09,100.5,8.5924
7986.09,102.5,8.5924
7987.1,1336.7,1.9598
7988.1,297.3,2.2022
7989.1,317.3,2.6282
7990.11,296.5,3.0769
7991.12,178.0,3.504
7992.12,301.0,3.6391
7993.12,348.9,3.8706
7994.13,344.2,4.1723
7995.13,320.3,4.4332
7996.14,308.3,4.7007
7997.14,309.3,4.9912
7998.15,303.5,5.2431
7999.15,306.4,5.5223
8000.16,304.5,5.7885
8001.16,302.4,6.0101
8002.17,299.9,6.2358
8003.18,303.5,6.4921
8004.18,305.4,6.6617
8005.19,302.6,6.8213
8006.19,327.2,7.4193
8007.2,300.3,7.4713
8008.2,300.4,7.4715
8009.21,271.5,7.4722
8010.21,257.6,7.473
8011.22,209.0,7.4733
8012.22,240.7,7.5733
8013.23,130.3,7.5733
8014.23,106.4,7.5733
8015.24,113.4,7.5734
8016.24,219.8,7.5734
8017.25,125.4,7.5734
8018.26,112.4,7.5735
8019.26,179.0,7.5735
8020.27,134.3,7.5735
8021.27,198.2,8.0212
8022.28,155.2,8.1324
8023.28,118.4,8.1813
8024.29,105.4,8.1813
8025.29,157.1,8.1813
8026.3,200.9,8.1862
8027.3,103.4,8.1812
8028.31,159.1,8.1812
8029.31,105.4,8.1812
8030.32,119.3,8.1812
8031.32,102.4,8.1812
8032.33,119.4,8.1812
8033.33,100.5,8.1812
8034.34,101.5,8.1812
8035.34,99.5,8.1812
8036.35,101.5,8.1812
8037.36,118.4,8.1812
8038.36,101.5,8.1812
8039.37,103.5,8.1812
8040.37,102.4,8.1812
8041.38,101.5,8.1812
8042.38,101.5,8.1812
8043.39,135.3,8.1812
8044.39,100.5,8.1812
8045.4,100.5,8.1812
8046.4,113.4,8.1812
8047.41,106.4,8.1812
8048.41,112.4,8.1812
8049.42,100.5,8.1812
8050.42,101.5,8.1812
8051.43,102.4,8.1812
8052.44,99.5,8.1812
8053.44,101.5,8.1812
8054.45,99.5,8.1812
8055.45,103.5,8.1812
8056.46,100.5,8.1812
8057.46,99.5,8.1812
8058.47,101.5,8.1812
8059.47,101.5,8.1812
8060.48,100.5,8.1812
8061.48,100.5,8.1812
8062.49,100.5,8.1812
8063.49,104.5,8.1812
8064.5,99.5,8.1812
8065.5,100.5,8.1812
8066.51,128.3,8.1812
8067.52,103.4,8.1812
8068.52,103.6,8.1812
8069.52,100.5,8.1812
8070.53,100.5,8.1812
8071.54,100.5,8.1812
8072.54,99.5,8.1812
8073.55,124.3,8.1812
8074.55,101.5,8.1812
8075.56,113.4,8.1812
8076.56,101.5,8.1812
8077.57,101.5,8.1812
8078.57,101.5,8.1812
8079.58,100.5,8.1812
8080.58,100.5,8.1812
8081.59,100.5,8.1812
8082.59,208.3,8.1885
8083.6,140.3,8.3003
8084.6,105.4,8.3003
8085.61,99.5,8.3003
8086.61,102.4,8.3003
8087.62,101.5,8.3003
8088.62,101.5,8.3003
8089.63,100.5,8.3003
8090.63,100.5,8.3003
8091.64,100.5,8.3003
8092.64,101.5,8.3003
8093.65,100.5,8.3003
8094.65,100.5,8.3003
8095.66,100.5,8.3003
8096.67,100.5,8.3003
8097.67,100.5,8.3003
8098.68,101.5,8.3003
8099.68,100.5,8.3003
8100.69,100.5,8.3003
8101.69,100.5,8.3003
8102.7,101.5,8.3003
8103.7,100.5,8.3003
8104.71,101.5,8.3003
8105.71,100.5,8.3003
8106.72,100.5,8.3003
8107.72,100.5,8.3003
8108.73,102.5,8.3003
8109.74,100.5,8.3003
8110.74,101.5,8.3003
8111.75,100.5,8.3003
8112.75,100.5,8.3003
8113.76,102.5,8.3003
8114.76,102.5,8.3003
8115.77,100.5,8.3003
8116.77,100.5,8.3003
8117.78,100.5,8.3003
8118.78,101.5,8.3003
8119.79,100.5,8.3003
8120.79,100.5,8.3003
8121.8,101.5,8.3003
8122.8,99.5,8.3003
8123.81,101.5,8.3003
8124.82,100.5,8.3003
8125.82,99.5,8.3003
8126.83,101.5,8.3003
8127.83,102.5,8.3003
8128.84,99.5,8.3003
8129.84,127.3,8.3003
8130.85,99.5,8.3003
8131.85,100.5,8.3003
8132.86,101.5,8.3003
8133.86,99.5,8.3003
8134.87,102.5,8.3003
8135.87,99.5,8.3003
8136.88,101.5,8.3003
8137.88,101.5,8.3003
8138.89,99.5,8.3003
8139.9,105.4,8.3003
8140.9,99.5,8.3003
8141.91,101.5,8.3003
8142.91,99.5,8.3004
8143.92,102.5,8.3004
8144.92,99.5,8.3004
8145.93,103.4,8.3004
8146.93,100.5,8.3004
8147.94,103.4,8.3004
8148.94,100.5,8.3004
8149.95,128.3,8.3004
8150.95,100.5,8.3004
8151.96,100.5,8.3004
8152.97,101.5,8.3004
8153.97,99.5,8.3004
8154.98,100.5,8.3004
8155.98,135.3,8.3004
8156.99,101.5,8.3004
8157.99,109.4,8.3004
8159.0,103.5,8.3004
8160.0,100.5,8.3004
8161.01,99.5,8.3004
8162.01,101.5,8.3004
8163.02,114.4,8.3004
8164.02,100.5,8.3004
8165.03,100.5,8.3004
8166.03,102.5,8.3004
8167.04,101.5,8.3004
8168.04,99.5,8.3004
8169.05,135.3,8.3004
8170.05,100.5,8.3004
8171.06,119.4,8.3004
8172.07,100.5,8.3004
8173.07,101.5,8.3004
8174.08,100.5,8.3004
8175.08,102.4,8.3004
8176.09,100.5,8.3004
8177.09,109.4,8.3004
8178.1,102.5,8.3004
8179.1,101.5,8.3004
8180.11,100.5,8.3004
8181.11,101.5,8.3004
8182.12,100.5,8.3004
8183.12,100.5,8.3004
8184.13,100.5,8.3004
8185.14,100.5,8.3004
8186.14,99.5,8.3004
8187.15,101.5,8.3004
8188.15,100.5,8.3004
8189.16,100.5,8.3004
8190.16,99.5,8.3004
8191.17,100.5,8.3004
8192.17,102.5,8.3004
8193.18,100.5,8.3004
8194.18,99.5,8.3004
8195.19,100.5,8.3004
8196.19,102.5,8.3004
8197.2,99.5,8.3004
8198.2,101.5,8.3004
8199.21,100.5,8.3004
8200.22,99.5,8.3004
8201.22,100.5,8.3004
8202.23,100.5,8.3004
8203.23,100.5,8.3004
8204.24,100.5,8.3004
8205.24,101.5,8.3004
8206.25,100.7,8.3004
8207.25,104.5,8.3004
8208.26,102.4,8.3004
8209.26,278.5,8.5136
8210.27,100.5,8.5136
8211.27,99.5,8.5136
8212.28,101.5,8.5136
8213.28,101.5,8.5138
8214.29,124.3,8.5138
8215.29,100.5,8.5138
8216.3,102.5,8.5138
8217.3,101.7,8.5138
8218.31,99.2,8.5138
8219.31,100.7,8.5138
8220.32,100.5,8.5138
8221.32,102.5,8.5138
8222.33,101.5,8.5138
8223.33,99.5,8.5138
8224.34,100.5,8.5138
8225.34,100.4,8.5138
8226.35,102.5,8.5138
8227.35,101.7,8.5138
8228.35,99.7,8.5138
8229.36,101.5,8.5138
8230.37,100.5,8.5138
8231.37,101.5,8.5138
8232.38,100.5,8.5138
8233.38,102.5,8.5138
8234.39,99.5,8.5138
8235.39,102.5,8.5138
8236.4,100.5,8.5138
8237.4,163.1,8.5138
8238.41,125.3,8.5149
8239.41,100.5,8.5149
8240.42,101.5,8.5149
8241.42,99.5,8.5149
8242.43,112.4,8.5149
8243.43,101.5,8.5149
8244.44,102.5,8.5149
8245.45,103.5,8.5149
8246.45,99.5,8.5149
8247.46,101.5,8.5149
8248.46,102.5,8.5149
8249.47,98.5,8.5149
8250.47,100.5,8.5149
8251.48,113.4,8.5149
8252.48,102.5,8.5149
8253.49,100.4,8.5149
8254.49,99.5,8.5149
8255.5,101.5,8.5149
8256.5,100.5,8.5149
8257.51,99.5,8.5149
8258.52,110.4,8.5149
8259.52,101.7,8.5149
8260.52,99.5,8.5149
8261.53,99.5,8.5149
8262.53,103.5,8.5149
8263.54,99.4,8.5149
8264.54,99.7,8.5149
8265.54,100.7,8.5149
8266.55,105.3,8.5149
8267.56,101.5,8.5149
8268.56,99.8,8.5149
8269.56,101.7,8.5149
8270.57,100.5,8.5149
8271.57,99.5,8.5149
8272.58,102.5,8.5149
8273.58,99.6,8.5149
8274.59,101.5,8.5149
8275.59,99.5,8.5149
8276.6,100.5,8.5149
8277.6,101.5,8.5149
8278.61,100.5,8.5149
8279.61,105.4,8.5149
8280.62,99.5,8.5149
8281.62,101.5,8.5149
8282.63,100.5,8.5149
8283.63,100.5,8.5149
8284.64,100.5,8.5149
8285.65,99.5,8.5149
8286.65,102.5,8.5149
8287.65,5.0,2.0325
8288.66,327.3,2.3719
8289.66,310.3,2.7614
8290.67,305.5,3.2091
8291.67,190.1,3.5385
8292.68,356.3,3.7667
8293.68,347.6,4.1142
8294.69,318.8,4.4469
8295.69,309.1,4.7764
8296.7,306.4,5.0832
8297.7,304.3,5.3185
8298.71,308.4,5.6284
8299.71,302.3,5.8741
8300.72,301.4,6.1032
8301.72,302.5,6.3146
8302.73,304.4,6.5648
8303.73,302.3,6.7444
8304.74,302.4,6.8651
8305.74,329.2,7.4657
8306.75,292.6,7.4797
8307.75,199.9,7.4801
8308.76,197.9,7.4807
8309.76,151.2,7.4807
8310.77,217.8,7.4807
8311.78,224.8,7.5807
8312.78,251.6,7.5807
8313.79,114.4,7.5807
8314.79,157.1,7.5807
8315.8,121.4,7.5807
8316.8,115.4,7.5807
8317.81,144.2,7.5808
8318.81,148.2,7.5809
8319.82,162.2,7.5809
8320.82,156.5,7.8573
8321.83,166.2,8.138
8322.83,113.4,8.186
8323.84,101.5,8.186
8324.84,108.4,8.186
8325.85,108.4,8.186
8326.85,105.4,8.186
8327.86,129.4,8.186
8328.86,114.4,8.186
8329.87,104.4,8.186
8330.87,136.3,8.186
8331.88,101.4,8.186
8332.88,100.5,8.186
8333.89,100.5,8.186
8334.9,101.4,8.186
8335.9,101.5,8.186
8336.91,105.5,8.186
8337.91,100.5,8.186
8338.92,101.5,8.186
8339.92,123.4,8.186
8340.93,108.4,8.186
8341.93,139.2,8.1882
8342.94,102.5,8.1819
8343.94,122.3,8.1821
8344.95,114.4,8.1821
8345.95,102.5,8.1821
8346.96,110.4,8.1821
8347.96,101.5,8.1821
8348.97,101.5,8.1821
8349.98,101.5,8.1821
8350.98,100.5,8.1821
8351.99,100.5,8.1821
8352.99,100.5,8.1823
8354.0,101.5,8.1823
8355.0,101.5,8.1823
8356.01,99.5,8.1823
8357.01,101.5,8.1823
8358.02,100.5,8.1823
8359.02,100.5,8.1823
8360.03,102.4,8.1823
8361.03,106.6,8.1823
8362.04,101.5,8.1823
8363.04,102.5,8.1823
8364.05,104.4,8.1823
8365.05,100.5,8.1823
8366.06,99.5,8.1823
8367.06,102.5,8.1823
8368.07,99.5,8.1823
8369.07,100.5,8.1823
8370.08,101.5,8.1823
8371.09,118.4,8.1823
8372.09,100.5,8.1823
8373.1,101.5,8.1823
8374.1,112.4,8.1823
8375.11,102.5,8.1823
8376.11,100.5,8.1823
8377.12,103.4,8.1823
8378.12,101.5,8.1823
8379.13,99.5,8.1823
8380.13,101.5,8.1823
8381.14,102.6,8.1823
8382.14,100.5,8.1823
8383.15,246.7,8.3028
8384.15,99.5,8.3028
8385.16,102.5,8.3028
8386.16,100.5,8.3028
8387.17,100.5,8.3028
8388.17,100.5,8.3028
8389.18,102.5,8.3028
8390.19,99.5,8.3028
8391.19,102.5,8.3028
8392.2,100.5,8.3028
8393.2,101.5,8.3028
8394.21,100.5,8.3028
8395.21,100.5,8.303
8396.22,99.5,8.303
8397.22,101.5,8.303
8398.23,101.5,8.303
8399.23,100.5,8.303
8400.24,99.5,8.303
8401.24,100.5,8.303
8402.25,100.5,8.303
8403.26,100.5,8.303
8404.26,101.5,8.303
8405.27,100.5,8.303
8406.27,100.5,8.303
8407.27,101.5,8.303
8408.28,99.5,8.303
8409.28,100.5,8.303
8410.29,102.5,8.303
8411.3,99.5,8.303
8412.3,100.3,8.303
8413.31,100.5,8.303
8414.31,100.5,8.303
8415.32,99.5,8.303
8416.32,104.5,8.303
8417.33,100.5,8.303
8418.33,102.5,8.303
8419.34,100.5,8.303
8420.34,101.5,8.303
8421.35,103.4,8.303
8422.36,100.5,8.303
8423.36,100.5,8.3033
8424.37,100.5,8.3033
8425.37,100.5,8.3033
8426.38,100.6,8.3033
8427.38,102.5,8.3033
8428.39,100.5,8.3033
8429.39,99.5,8.3033
8430.4,102.5,8.3033
8431.4,101.5,8.3033
8432.41,118.6,8.3033
8433.41,195.2,8.3033
8434.42,110.4,8.3033
8435.42,109.4,8.3033
8436.43,101.5,8.3033
8437.43,102.4,8.3033
8438.44,109.4,8.3033
8439.44,100.5,8.3033
8440.45,120.4,8.3033
8441.45,100.5,8.3033
8442.46,148.2,8.3041
8443.46,205.9,8.3046
8444.47,135.3,8.312
8445.47,101.5,8.312
8446.48,100.5,8.312
8447.48,100.5,8.3034
8448.49,100.5,8.3034
8449.49,100.5,8.3034
8450.5,100.5,8.3034
8451.51,101.5,8.3034
8452.51,101.5,8.3034
8453.52,101.5,8.3034
8454.52,140.2,8.3034
8455.53,100.5,8.3034
8456.53,100.5,8.3034
8457.54,101.5,8.3034
8458.54,99.5,8.3034
8459.55,101.5,8.3034
8460.55,134.3,8.3034
8461.56,100.5,8.3034
8462.56,101.5,8.3034
8463.57,112.4,8.3035
8464.58,100.4,8.3035
8465.58,100.5,8.3035
8466.59,101.5,8.3035
8467.59,103.4,8.3035
8468.6,114.4,8.3035
8469.6,100.5,8.3035
8470.61,101.5,8.3035
8471.61,102.4,8.3035
8472.62,100.5,8.3035
8473.62,121.3,8.3035
8474.63,100.5,8.3035
8475.64,101.5,8.3035
8476.64,119.4,8.3035
8477.65,105.4,8.3035
8478.65,101.5,8.3035
8479.66,102.4,8.3035
8480.66,99.5,8.3035
8481.67,101.5,8.3035
8482.67,100.5,8.3035
8483.68,99.5,8.3035
8484.68,101.5,8.3035
8485.69,100.5,8.3035
8486.69,103.4,8.3035
8487.7,101.5,8.3035
8488.7,101.5,8.3035
8489.71,99.5,8.3035
8490.71,102.5,8.3035
8491.72,107.5,8.3035
8492.72,100.5,8.3035
8493.73,99.5,8.3036
8494.73,101.5,8.3036
8495.74,100.5,8.3036
8496.74,100.5,8.3036
8497.75,101.5,8.3036
8498.76,101.5,8.3036
8499.76,99.5,8.3036
8500.77,101.5,8.3036
8501.77,100.5,8.3036
8502.78,101.5,8.3036
8503.78,101.5,8.3036
8504.79,99.5,8.3036
8505.79,99.5,8.3036
8506.8,103.5,8.3036
8507.8,99.5,8.3036
8508.81,101.5,8.3036
8509.81,99.5,8.3036
8510.82,101.5,8.3036
8511.82,99.5,8.3036
8512.83,102.5,8.3036
8513.83,108.5,8.3036
8514.84,101.5,8.3036
8515.84,99.5,8.3036
8516.85,101.5,8.3036
8517.85,106.6,8.3043
8518.86,270.6,8.5197
8519.86,100.5,8.5197
8520.87,101.5,8.5197
8521.87,99.5,8.5197
8522.88,122.4,8.5197
8523.89,119.4,8.5224
8524.89,100.6,8.5224
8525.89,102.5,8.5224
8526.9,100.5,8.5224
8527.91,100.5,8.5224
8528.91,100.5,8.5224
8529.92,102.5,8.5224
8530.92,101.5,8.5224
8531.93,99.5,8.5224
8532.93,101.5,8.5224
8533.94,101.5,8.5224
8534.94,99.5,8.5224
8535.95,99.5,8.5224
8536.95,99.5,8.5224
8537.96,107.5,8.5224
8538.96,105.4,8.5224
8539.97,100.5,8.5224
8540.97,100.5,8.5224
8541.98,102.5,8.5224
8542.98,125.3,8.5224
8543.99,121.4,8.5238
8544.99,99.7,8.5238
8546.0,102.5,8.5238
8547.0,99.5,8.5238
8548.01,100.5,8.5238
8549.01,102.5,8.5238
8550.02,117.4,8.5238
8551.02,229.8,8.5238
8552.03,168.1,8.5238
8553.04,101.5,8.5238
8554.04,101.5,8.5238
8555.05,101.5,8.5238
8556.05,100.5,8.5238
8557.06,100.5,8.5238
8558.06,100.5,8.5238
8559.07,100.5,8.5238
8560.07,102.5,8.5238
8561.08,100.5,8.5238
8562.08,99.5,8.5238
8563.09,101.5,8.5241
8564.09,100.5,8.5241
8565.1,100.5,8.5241
8566.1,100.5,8.5241
8567.11,99.5,8.5241
8568.11,102.5,8.5241
8569.12,100.5,8.5241
8570.12,101.5,8.5241
8571.13,101.6,8.5241
8572.13,104.5,8.5241
8573.14,100.5,8.5241
8574.14,100.5,8.5241
8575.15,99.5,8.5241
8576.16,110.4,8.5241
8577.16,101.5,8.5241
8578.17,101.5,8.5241
8579.17,100.5,8.5241
8580.18,100.5,8.5241
8581.18,102.5,8.5241
8582.19,114.4,8.5241
8583.19,99.5,8.5241
8584.2,101.5,8.5241
8585.2,100.5,8.5241
8586.21,99.5,8.5241
8587.21,106.5,1.9701
8588.22,319.5,2.1875
8589.22,317.0,2.3042
8590.22,344.1,2.5626
8591.23,323.0,2.9174
8592.23,308.7,3.2259
8593.23,306.8,3.5922
8594.24,244.1,4.0335
8595.24,303.9,4.3607
8596.25,299.4,4.8307
8597.25,287.7,5.3402
8598.26,305.4,5.7688
8599.26,307.6,6.1777
8600.27,297.4,6.6566
8601.27,311.3,7.0382
8602.28,303.4,7.1092
8603.28,307.9,7.1142
8604.28,332.9,7.1156
8605.29,3.0,2.0183
8606.29,347.2,2.2483
8607.29,351.4,2.5403
8608.29,337.1,2.9549
8609.3,316.4,3.3568
8610.3,304.4,3.9096
8611.31,312.4,4.3266
8612.32,282.5,4.8534
8613.32,266.6,5.3285
8614.33,305.4,5.7443
8615.33,305.4,6.1376
8616.34,304.3,6.6093
8617.34,309.4,7.0061
8618.35,297.4,7.1064
8619.35,300.4,7.1067
8620.36,304.5,1.8679
8621.36,2.0,2.0456
8622.36,343.1,2.3329
8623.37,360.0,2.5886
8624.37,345.5,2.9005
8625.37,320.9,3.2324
8626.38,315.1,3.638
8627.38,2.0,2.0999
8628.38,324.6,2.2841
8629.39,2.0,1.9545
8630.39,301.1,2.1594
8631.4,318.3,2.3006
8632.4,342.7,2.5588
8633.41,338.3,2.8991
8634.41,324.2,3.2803
8635.42,309.6,3.8443
8636.42,306.3,4.2437
8637.43,304.6,4.6403
8638.43,302.5,5.0973
8639.44,302.4,5.5538
8640.44,301.4,6.0549
8641.45,303.4,6.4799
8642.45,313.3,7.0187
8643.46,300.4,7.1464
8644.46,302.5,7.1424
8645.47,284.9,7.1425
8646.47,288.7,1.8717
8647.47,4602.3,2.0369
8648.48,340.1,2.2022
8649.48,293.5,2.3981
8650.48,2.0,2.0316
8651.49,338.0,2.2207
8652.49,357.1,2.4906
8653.5,308.4,2.8538
8654.5,311.5,3.2171
8655.51,310.3,3.5582
8656.51,314.7,3.8542
8657.52,2.0,1.9842
8658.52,327.4,2.1934
8659.52,351.2,2.4472
8660.53,312.3,2.7934
8661.53,306.0,3.0705
8662.54,314.5,3.3562
8663.54,304.3,3.6381
8664.55,325.0,3.8752
8665.55,3586.3,2.0294
8666.55,355.9,2.2155
8667.56,354.2,2.4915
8668.56,309.7,2.8597
8669.57,309.3,3.2187
8670.57,309.8,3.5557
8671.58,320.3,3.8529
8672.58,0.0,1.9988
8673.58,331.1,2.2028
8674.59,355.2,2.487
8675.59,315.3,2.8306
8676.6,312.4,3.193
8677.6,317.3,3.53
8678.61,318.3,3.8449
8679.61,2.0,2.0203
8680.61,319.1,2.212
8681.62,352.2,2.5128
8682.62,313.3,2.884
8683.63,313.5,3.2387
8684.63,305.6,3.5711
8685.64,318.4,3.8632
8686.64,2.0,2.005
8687.65,298.2,2.1927
8688.65,347.2,2.418
8689.66,312.4,2.775
8690.66,309.3,3.1421
8691.67,312.6,3.4777
8692.67,307.3,3.8138
8693.68,8.0,1.9793
8694.68,328.1,2.1916
8695.68,358.2,2.4282
8696.69,318.4,2.7855
8697.7,310.3,3.1499
8698.7,317.3,3.4869
8699.71,315.4,3.792
8700.71,12.9,1.9758
8701.71,320.1,2.1854
8702.72,356.2,2.3556
8703.72,331.2,2.6297
8704.73,309.4,2.9412
8705.73,314.1,3.2258
8706.74,309.4,3.4879
8707.74,311.5,3.7852
8708.75,1.0,1.9879
8709.75,332.2,2.2029
8710.76,358.1,2.3559
8711.76,321.5,2.6141
8712.77,307.4,2.9226
8713.77,309.5,3.2097
8714.78,317.3,3.5459
8715.78,320.3,3.8562
8716.79,3.0,2.0161
8717.79,348.9,2.2245
8718.8,369.1,2.4381
8719.8,318.3,2.7178
8720.81,310.6,3.0487
8721.81,314.3,3.3196
8722.82,308.3,3.5187
8723.82,302.4,3.7239
8724.83,317.9,3.8998
8725.83,4.0,2.0255
8726.83,333.0,2.2276
8727.84,350.2,2.5103
8728.84,312.5,2.8703
8729.85,309.3,3.2332
8730.85,310.6,3.5439
8731.86,316.3,3.8425
8732.86,1.0,2.0007
8733.86,345.0,2.2032
8734.87,348.3,2.3852
8735.87,315.3,2.6577
8736.88,304.4,2.958
8737.88,313.5,3.2413
8738.89,309.4,3.5089
8739.89,311.3,3.8264
8740.9,1441.4,1.9892
8741.9,334.2,2.2021
8742.91,360.0,2.3754
8743.91,334.3,2.6992
8744.92,315.7,3.0593
8745.92,321.3,3.4057
8746.93,305.6,3.749
8747.93,2.0,1.9637
8748.94,307.7,2.199
8749.94,353.1,2.3747
8750.95,322.4,2.709
8751.95,308.3,3.0717
8752.95,319.1,3.4065
8753.96,302.5,3.6814
8754.96,322.0,3.9285
8755.96,2.0,2.1066
8756.97,362.1,2.2895
8757.97,348.4,2.6191
8758.98,316.3,2.9962
8759.98,319.6,3.345
8760.99,305.4,3.7017
8761.99,5.0,1.9804
8763.0,298.1,2.1961
8764.0,350.2,2.4402
8765.01,313.5,2.7542
8766.01,4.0,1.9521
8767.02,284.5,2.142
8768.02,332.0,2.2572
8769.02,1.0,1.9643
8770.03,307.1,2.1608
8771.03,348.2,2.3621
8772.04,2.0,2.0275
8773.04,335.1,2.1841
8774.04,1.0,1.9656
8775.05,294.0,2.1416
8776.05,308.1,2.2581
8777.05,3.0,2.0091
8778.06,334.1,2.1678
8779.06,2.0,1.9874
8780.06,327.1,2.1716
8781.07,1.0,1.8839
8782.07,275.2,2.1659
8783.07,333.2,2.446
8784.08,347.2,2.621
8785.08,328.2,2.8487
8786.09,308.3,3.1302
8787.09,310.4,3.4394
8788.1,307.4,3.7465
8789.1,304.3,4.0422
8790.11,305.4,4.3375
8791.11,303.4,4.5939
8792.12,303.4,4.8831
8793.12,301.4,5.1442
8794.13,301.4,5.4933
8795.14,301.4,5.7025
8796.14,299.4,5.9461
8797.15,303.5,6.1836
8798.15,299.4,6.3892
8799.16,300.8,6.6088
8800.16,299.6,6.7694
8801.16,310.1,7.0846
8802.17,282.2,7.1789
8803.17,201.9,7.1851
8804.18,116.4,7.1851
8805.18,216.4,7.1853
8806.18,269.7,7.2255
8807.19,245.9,7.2445
8808.19,135.6,7.2403
8809.2,100.5,7.2403
8810.2,99.8,7.2403
8811.2,104.5,7.2405
8812.21,106.6,7.2074
8813.21,100.5,7.2074
8814.22,100.5,7.2074
8815.22,99.5,7.2074
8816.23,101.5,7.2074
8817.23,100.4,7.2074
8818.24,100.4,7.2074
8819.24,101.5,7.2074
8820.25,101.5,7.2074
8821.26,101.5,7.2074
8822.26,99.5,7.2074
8823.27,102.5,7.2074
8824.27,99.5,7.2074
8825.28,101.5,7.2074
8826.28,99.5,7.2074
8827.29,100.5,7.2074
8828.29,100.5,7.2074
8829.29,101.7,7.2074
8830.3,107.5,7.2074
8831.3,100.5,7.2074
8832.31,100.5,7.2074
8833.31,100.5,7.2074
8834.32,100.5,7.2074
8835.32,100.5,7.2074
8836.33,99.5,7.2074
8837.33,102.5,7.2074
8838.34,102.5,7.2074
8839.34,99.5,7.2074
8840.35,100.5,7.2074
8841.35,100.5,7.2074
8842.36,101.5,7.2074
8843.36,100.5,7.2077
8844.37,101.5,7.2077
8845.37,99.5,7.2077
8846.38,101.5,7.2077
8847.38,100.5,7.2077
8848.39,101.5,7.2077
8849.39,100.6,7.2077
8850.4,100.5,7.2077
8851.4,100.5,7.2077
8852.41,100.5,7.2077
8853.42,100.5,7.2077
8854.42,101.5,7.2077
8855.43,99.5,7.2077
8856.43,100.5,7.2077
8857.44,100.5,7.2077
8858.44,100.5,7.2077
8859.45,102.5,7.2077
8860.45,99.5,7.2077
8861.46,100.5,7.2077
8862.46,100.5,7.2077
8863.47,102.5,7.2077
8864.47,99.5,7.2077
8865.47,100.7,7.2077
8866.48,99.5,7.2077
8867.48,101.7,7.2077
8868.48,99.8,7.2077
8869.49,99.5,7.2077
8870.49,106.5,7.2077
8871.5,100.6,7.2077
8872.5,100.5,7.2077
8873.51,100.5,7.2077
8874.51,99.8,7.2077
8875.52,100.5,7.2077
8876.52,100.5,7.2077
8877.53,100.5,7.2077
8878.53,99.7,7.2077
8879.53,101.6,7.2077
8880.54,101.5,7.2077
8881.54,100.5,7.2077
8882.55,101.5,7.2077
8883.55,99.6,7.2077
8884.56,100.5,7.2077
8885.56,101.5,7.2077
8886.57,100.5,7.2077
8887.57,99.6,7.2077
8888.58,100.5,7.2077
8889.58,100.5,7.2077
8890.59,102.5,7.2077
8891.59,99.6,7.2077
8892.6,100.5,7.2077
8893.6,103.5,7.2077
8894.61,102.5,7.2077
8895.61,159.2,7.2077
8896.62,116.4,7.2077
8897.62,100.5,7.2077
8898.63,100.5,7.2077
8899.64,104.4,7.2077
8900.64,100.5,7.2077
8901.65,100.4,7.2077
8902.65,99.5,7.2077
8903.66,101.5,7.2077
8904.66,101.5,7.2077
8905.67,100.5,7.2077
8906.67,101.5,7.2077
8907.68,99.5,7.2077
8908.68,101.5,7.2077
8909.69,99.3,7.2077
8910.7,100.5,7.2077
8911.7,101.4,7.2077
8912.71,100.5,7.2077
8913.71,105.4,7.2079
8914.72,101.5,7.2079
8915.72,101.5,7.2079
8916.73,100.5,7.2079
8917.73,100.5,7.2079
8918.74,101.5,7.2079
8919.74,100.5,7.2079
8920.75,100.5,7.2079
8921.75,100.6,7.2079
8922.76,100.5,7.2079
8923.76,100.5,7.2079
8924.77,100.5,7.2079
8925.77,100.6,7.2079
8926.78,100.5,7.2079
8927.78,100.5,7.2079
8928.79,101.6,7.2079
8929.79,100.5,7.2079
8930.8,100.5,7.2079
8931.8,99.5,7.2079
8932.81,102.5,7.2079
8933.81,100.5,7.2079
8934.82,100.5,7.2079
8935.82,99.5,7.2079
8936.83,106.5,7.2079
8937.84,107.4,7.2079
8938.84,100.5,7.2079
8939.85,100.5,7.2079
8940.85,100.5,7.2079
8941.86,101.5,7.2079
8942.86,123.4,7.2079
8943.87,101.5,7.2079
8944.87,99.5,7.2079
8945.88,100.5,7.2079
8946.88,100.5,7.2079
8947.89,100.5,7.2079
8948.89,100.5,7.2079
8949.9,100.5,7.2079
8950.9,100.6,7.2079
8951.91,101.5,7.2079
8952.91,100.5,7.2079
8953.92,100.5,7.2079
8954.92,99.5,7.2079
8955.93,100.5,7.2079
8956.93,104.4,7.2079
8957.94,100.5,7.2079
8958.94,100.5,7.2079
8959.95,100.5,7.2079
8960.96,101.5,7.2079
8961.96,102.5,7.2079
8962.97,100.5,7.2079
8963.97,100.5,7.2079
8964.98,100.5,7.2079
8965.98,101.5,7.2079
8966.99,99.5,7.2079
8967.99,99.5,7.2079
8969.0,101.5,7.2079
8970.0,99.5,7.2079
8971.01,101.5,7.2079
8972.01,100.5,7.2079
8973.02,100.5,7.2079
8974.02,102.5,7.2079
8975.03,99.5,7.2079
8976.04,100.4,7.2082
8977.04,101.5,7.2082
8978.05,101.5,7.2082
8979.05,100.5,7.2082
8980.06,99.5,7.2082
8981.06,99.5,7.2082
8982.07,100.5,7.2082
8983.07,101.5,7.2084
8984.08,99.5,7.2084
8985.08,100.5,7.2084
8986.09,101.5,7.2084
8987.09,99.5,7.2084
8988.1,100.5,7.2084
8989.1,101.5,7.2084
8990.11,99.5,7.2084
8991.11,101.5,7.2084
8992.12,102.5,7.2084
8993.12,100.5,7.2084
8994.13,100.5,7.2084
8995.13,99.6,7.2084
8996.14,101.5,7.2084
8997.14,99.5,7.2084
8998.15,101.5,7.2084
8999.15,99.5,7.2084
9000.16,100.5,7.2084
9001.16,100.5,7.2084
9002.17,101.5,7.2084
9003.17,100.6,7.2084
9004.18,100.5,7.2084
9005.18,100.5,7.2084
9006.19,100.5,7.2084
9007.19,100.5,7.2084
9008.2,100.5,7.2084
9009.2,100.6,7.2084
9010.21,99.5,7.2084
9011.21,100.5,7.2084
9012.22,100.6,7.2084
9013.22,100.5,7.2084
9014.23,101.5,7.2084
9015.24,100.5,7.2084
9016.24,101.5,7.2084
9017.25,100.5,7.2084
9018.25,100.5,7.2084
9019.26,99.5,7.2084
9020.26,100.5,7.2084
9021.27,100.5,7.2084
9022.27,101.5,7.2084
9023.28,99.5,7.2084
9024.28,102.5,7.2084
9025.29,100.5,7.2084
9026.29,100.5,7.2084
9027.3,101.5,7.2084
9028.3,99.5,7.2084
9029.31,100.5,7.2084
9030.31,99.5,7.2084
9031.32,101.5,7.2084
9032.32,100.5,7.2084
9033.33,100.5,7.2084
9034.33,100.5,7.2084
9035.34,100.5,7.2084
9036.34,101.5,7.2084
9037.35,100.5,7.2084
9038.35,101.5,7.2084
9039.36,100.5,7.2084
9040.37,99.5,7.2084
9041.37,99.5,7.2084
9042.38,100.5,7.2084
9043.38,102.5,7.2084
9044.39,100.5,7.2084
9045.39,99.5,7.2084
9046.4,101.5,7.2084
9047.4,99.6,7.2084
9048.41,101.5,7.2084
9049.41,99.5,7.2084
9050.42,100.5,7.2084
9051.42,100.6,7.2084
9052.43,101.5,7.2084
9053.43,100.5,7.2084
9054.44,100.5,7.2084
9055.44,100.6,7.2084
9056.45,101.5,7.2084
9057.45,100.5,7.2084
9058.46,100.5,7.2084
9059.46,100.5,7.2084
9060.47,99.5,7.2084
9061.47,100.5,7.2084
9062.48,100.5,7.2084
9063.48,101.6,7.2087
9064.49,100.5,7.2087
9065.49,100.5,7.2087
9066.5,100.5,7.2087
9067.5,99.6,7.2087
9068.51,100.5,7.2087
9069.51,101.5,7.2087
9070.52,100.5,7.2087
9071.52,100.6,7.2087
9072.53,99.5,7.2087
9073.53,99.5,7.2087
9074.54,102.5,7.2087
9075.54,100.6,7.2087
9076.55,100.5,7.2087
9077.55,101.5,7.2087
9078.56,100.5,7.2087
9079.56,101.6,7.2087
9080.57,101.5,7.2087
9081.57,101.6,2.0256
9082.57,315.0,2.174
9083.58,2934.1,2.0083
9084.58,328.0,2.1804
9085.59,4.0,1.9935
9086.59,300.4,2.1595
9087.6,0.0,1.9562
9088.6,293.5,2.1349
9089.61,327.8,2.2502
9090.61,3.0,2.0779
9091.61,301.1,2.2058
9092.61,1.0,2.0381
9093.62,322.0,2.1887
9094.62,2.0,2.0312
9095.62,338.0,2.2023
9096.63,7159.3,2.0525
9097.63,343.1,2.205
9098.63,2.0,2.0339
9099.63,311.2,2.1844
9100.64,2.0,2.0133
9101.64,305.2,2.1669
9102.64,2.0,2.0443
9103.65,0.0,1.8876
9104.65,2.0,2.1535
9105.65,2.0,1.9638
9106.66,289.5,2.1544
9107.66,332.1,1.8882
9108.66,2.0,2.1385
9109.67,3.0,1.9906
9110.68,291.5,2.1581
9111.68,344.2,2.3025
9112.69,1447.5,1.9991
9113.69,340.5,2.1872
9114.7,14.9,1.9952
9115.7,324.7,2.1707
9116.7,342.2,2.3071
9117.71,290.6,2.5592
9118.71,0.0,1.932
9119.72,304.9,2.1589
9120.72,2.0,1.9104
9121.73,282.8,2.165
9122.73,317.0,2.2798
9123.73,353.1,2.5291
9124.74,345.2,2.8014
9125.74,211.0,3.1414
9126.75,129.3,3.4789
9127.75,161.1,3.9177
9128.76,100.5,4.3878
9129.76,133.3,4.8351
9130.77,296.8,5.2557
9131.77,7.0,2.0391
9132.77,335.0,2.2039
9133.78,362.2,2.3979
9134.78,339.0,2.6648
9135.78,305.4,2.9197
9136.79,196.0,3.2558
9137.79,119.5,3.5846
9138.8,114.4,3.9101
9139.8,99.5,4.3142
9140.81,118.4,4.7372
9141.82,257.6,5.1555
9142.82,1.0,1.992
9143.83,319.2,2.2
9144.83,355.8,2.3242
9145.84,342.2,2.5243
9146.84,309.3,2.7521
9147.85,304.5,2.9657
9148.85,307.8,3.1539
9149.85,5.0,2.0529
9150.86,317.9,2.2683
9151.86,363.1,2.4599
9152.87,336.2,2.7582
9153.87,315.3,3.0178
9154.88,1.0,1.9973
9155.88,332.4,2.2552
9156.89,368.0,2.4056
9157.89,335.5,2.62
9158.9,318.3,2.8698
9159.9,309.6,3.0945
9160.91,251.6,3.3477
9161.91,109.4,3.6847
9162.92,148.2,4.1061
9163.92,107.4,4.5818
9164.93,243.7,5.0411
9165.93,237.8,5.5379
9166.94,179.1,6.0128
9167.94,100.5,6.4958
9168.95,127.3,6.9811
9169.95,99.5,7.1331
9170.96,105.4,7.1331
9171.97,101.5,7.1331
9172.97,102.5,7.1331
9173.98,99.5,7.1331
9174.98,100.5,7.1331
9175.99,101.5,7.1331
9176.99,100.5,7.1331
9178.0,114.4,7.2494
9179.0,102.5,7.2494
9180.01,101.5,7.2494
9181.01,99.5,7.2494
9182.02,101.5,7.2494
9183.02,100.5,7.2496
9184.03,101.5,7.2496
9185.03,100.5,7.2496
9186.04,100.5,7.2496
9187.04,115.4,7.25
9188.05,101.5,7.2502
9189.05,99.5,7.2502
9190.06,101.5,7.2502
9191.06,100.5,7.2502
9192.07,102.5,7.2502
9193.07,101.5,7.2502
9194.08,100.5,7.2503
9195.08,112.4,7.2504
9196.09,101.5,7.2504
9197.09,100.5,7.2504
9198.1,100.5,7.2504
9199.11,99.5,7.2504
9200.11,101.5,7.2504
9201.11,100.5,7.2504
9202.12,100.5,7.2504
9203.13,113.4,7.2507
9204.13,99.5,7.2507
9205.14,101.5,7.2507
9206.14,100.5,7.2507
9207.15,100.6,7.2507
9208.15,101.5,7.2507
9209.16,101.5,7.2507
9210.16,100.5,7.2507
9211.17,101.5,7.2507
9212.17,115.4,7.3188
9213.18,101.5,7.3188
9214.18,99.6,7.3188
9215.19,101.5,7.3188
9216.19,101.5,7.3188
9217.2,99.5,7.3188
9218.2,100.5,7.3188
9219.21,100.5,7.3188
9220.21,101.5,7.3188
9221.22,101.5,7.4031
9222.22,99.5,7.9245
9223.23,99.5,8.3542
9224.23,127.3,8.7531
9225.24,100.5,8.7531
9226.24,100.5,8.7531
9227.25,101.5,8.7531
9228.26,99.5,8.7531
9229.26,101.5,8.7531
9230.27,100.5,8.7531
9231.27,100.5,8.7533
9232.28,100.5,8.7533
9233.28,102.5,8.7533
9234.29,99.5,8.7533
9235.29,100.5,8.7539
9236.3,165.2,8.754
9237.3,105.4,8.754
9238.31,99.5,8.754
9239.31,100.5,8.754
9240.32,101.5,8.754
9241.32,100.5,8.754
9242.33,100.5,8.754
9243.33,101.6,8.754
9244.34,101.5,8.754
9245.34,101.5,8.754
9246.35,99.5,8.754
9247.35,100.5,8.754
9248.36,99.5,8.754
9249.37,101.5,8.754
9250.37,101.5,8.754
9251.38,100.5,8.754
9252.38,100.5,8.754
9253.39,109.4,8.754
9254.39,103.5,8.754
9255.4,102.5,8.754
9256.4,101.5,8.754
9257.41,100.5,8.754
9258.41,101.5,8.754
9259.42,100.5,8.754
9260.42,99.5,8.754
9261.43,100.5,8.754
9262.43,101.5,8.754
9263.44,101.5,8.754
9264.44,100.5,8.754
9265.45,99.5,8.754
9266.45,128.3,8.754
9267.46,150.5,8.7541
9268.46,108.4,8.7541
9269.47,111.4,8.7541
9270.47,114.4,8.7541
9271.48,19.9,1.9988
9272.48,320.3,2.2471
9273.49,350.9,2.3693
9274.49,332.3,2.6325
9275.5,326.4,3.0094
9276.5,303.6,3.4571
9277.51,319.3,3.8264
9278.51,269.6,4.2316
9279.52,124.4,4.6833
9280.52,139.3,5.1446
9281.53,125.3,5.6119
9282.53,105.5,6.0894
9283.54,115.5,6.5751
9284.54,127.3,6.9901
9285.55,99.5,7.0353
9286.55,101.5,7.0353
9287.56,101.5,7.1353
9288.56,100.5,7.1353
9289.57,101.5,7.1353
9290.57,101.5,7.1353
9291.58,101.5,7.1353
9292.59,103.5,7.1353
9293.59,101.6,7.1353
9294.59,118.4,7.2629
9295.6,100.5,7.2629
9296.61,99.5,7.2629
9297.61,101.5,7.2629
9298.62,100.5,7.2629
9299.62,100.5,7.2629
9300.63,101.5,7.2629
9301.63,100.5,7.2629
9302.64,101.5,7.2629
9303.64,116.5,7.2636
9304.65,100.5,7.2636
9305.65,100.5,7.2636
9306.66,99.5,7.2636
9307.66,104.5,7.2636
9308.67,99.5,7.2636
9309.67,99.5,7.2636
9310.68,100.5,7.2636
9311.68,101.5,7.2636
9312.69,114.5,7.2637
9313.69,99.5,7.2637
9314.7,100.5,7.2637
9315.7,101.5,7.2637
9316.71,99.5,7.2637
9317.71,101.5,7.2637
9318.72,100.5,7.2637
9319.72,102.5,7.2637
9320.73,113.5,7.2638
9321.73,100.5,7.2638
9322.74,100.5,7.2638
9323.74,101.5,7.2638
9324.75,101.5,7.2638
9325.75,100.5,7.2638
9326.76,100.5,7.2638
9327.77,101.5,7.2638
9328.77,100.6,7.2638
9329.77,100.5,7.2638
9330.78,115.4,7.3433
9331.79,101.5,7.3433
9332.79,102.6,7.3433
9333.8,100.5,7.3433
9334.8,100.5,7.3433
9335.81,119.4,7.3433
9336.81,99.5,7.3433
9337.82,100.5,7.3433
9338.82,101.5,7.4816
9339.83,101.5,7.9761
9340.83,100.5,8.4018
9341.84,130.3,8.7496
9342.84,101.5,8.7496
9343.85,99.7,8.7496
9344.85,100.5,8.7496
9345.86,101.5,8.7496
9346.86,99.5,8.7496
9347.86,101.7,8.7496
9348.87,99.5,8.7497
9349.87,102.5,8.7497
9350.88,99.5,8.7497
9351.89,99.5,8.7497
9352.89,102.5,8.7502
9353.9,100.5,8.7502
9354.9,101.5,8.7502
9355.91,102.5,8.7502
9356.91,100.5,8.7502
9357.91,99.7,8.7502
9358.92,99.7,8.7502
9359.92,100.5,8.7502
9360.93,101.5,8.7502
9361.93,99.5,8.7502
9362.94,101.6,8.7502
9363.94,100.6,8.7502
9364.95,100.5,8.7502
9365.95,100.5,8.7502
9366.96,100.5,8.7502
9367.96,99.7,8.7502
9368.96,102.7,8.7502
9369.97,99.7,8.7502
9370.97,100.5,8.7502
9371.98,100.5,8.7502
9372.98,101.5,8.7502
9373.99,100.5,8.7502
9374.99,99.5,8.7502
9376.0,101.5,8.7502
9377.0,100.5,8.7502
9378.01,100.5,8.7502
9379.01,100.5,8.7502
9380.02,100.6,8.7502
9381.02,100.5,8.7502
9382.03,100.5,8.7502
9383.03,101.5,8.7502
9384.04,100.5,8.7502
9385.04,100.5,8.7502
9386.05,101.5,8.7502
9387.05,101.5,8.7502
9388.06,100.5,8.7502
9389.07,100.5,8.7502
9390.07,100.5,8.7502
9391.08,100.5,8.7502
9392.08,100.5,8.7502
9393.09,101.5,8.7502
9394.09,100.5,8.7502
9395.1,99.5,8.7502
9396.1,100.5,8.7502
9397.1,101.7,8.7503
9398.11,99.5,8.7503
9399.11,100.5,8.7503
9400.12,101.5,8.7503
9401.12,100.7,8.7503
9402.13,100.5,8.7503
9403.13,100.5,8.7503
9404.14,100.6,8.7503
9405.14,100.5,8.7503
9406.15,101.5,8.7503
9407.15,99.7,8.7503
9408.15,100.7,8.7504
9409.16,102.5,8.7504
9410.16,99.7,8.7504
9411.17,100.5,8.7504
9412.17,100.5,8.7504
9413.17,101.6,8.7504
9414.18,101.5,8.7504
9415.18,99.6,8.7504
9416.19,100.5,8.7504
9417.19,99.7,8.7504
9418.2,100.5,8.7504
9419.2,101.5,8.7505
9420.21,101.5,8.7505
9421.21,100.5,8.7505
9422.22,100.5,8.7505
9423.22,100.5,8.7508
9424.23,100.5,8.7508
9425.23,100.5,8.7508
9426.24,102.5,8.7508
9427.25,100.5,8.7508
9428.25,100.5,8.7508
9429.26,101.5,8.7508
9430.26,99.5,8.7508
9431.27,101.5,8.7508
9432.27,99.5,8.7508
9433.27,101.7,8.7508
9434.28,99.5,8.7508
9435.29,101.5,8.7508
9436.29,100.5,8.7508
9437.3,100.5,8.7508
9438.3,100.5,8.7508
9439.31,101.5,8.7508
9440.31,100.5,8.7508
9441.32,100.5,8.7508
9442.32,101.5,8.7508
9443.33,99.5,8.7508
9444.33,100.5,8.7508
9445.34,99.5,8.7508
9446.34,100.5,8.7508
9447.35,99.5,8.7508
9448.35,102.5,8.7508
9449.36,100.5,8.7508
9450.36,99.5,8.7508
9451.37,101.5,8.7508
9452.37,100.5,8.7508
9453.38,100.5,8.7508
9454.39,100.5,8.7508
9455.39,101.5,8.7508
9456.4,100.5,8.7508
9457.4,100.5,8.7508
9458.41,100.5,8.7508
9459.41,101.5,8.7508
9460.42,101.5,8.7508
9461.42,100.5,8.7508
9462.43,100.5,8.7508
9463.43,99.5,8.7508
9464.44,101.5,8.7508
9465.44,100.5,8.7508
9466.45,100.5,8.7508
9467.45,100.5,8.7508
9468.46,100.5,8.7508
9469.47,101.5,8.7508
9470.47,99.5,8.7508
9471.48,101.5,8.7508
9472.48,101.5,8.7508
9473.49,99.6,8.7508
9474.49,99.5,8.7509
9475.5,102.5,8.7509
9476.5,99.6,8.7509
9477.51,101.5,8.7509
9478.51,101.6,8.7509
9479.52,99.5,8.7509
9480.52,101.5,8.7509
9481.53,100.5,8.7509
9482.53,101.5,8.7509
9483.54,110.5,8.7509
9484.54,101.5,8.7509
9485.55,100.5,8.751
9486.55,100.5,8.751
9487.56,101.5,8.751
9488.56,100.5,8.751
9489.57,99.5,8.751
9490.57,100.5,8.751
9491.58,101.5,8.751
9492.58,101.5,8.751
9493.59,100.5,8.751
9494.59,100.5,8.751
9495.6,100.5,8.7511
9496.6,99.5,8.7511
9497.61,101.5,8.7511
9498.61,101.5,8.7511
9499.62,99.6,8.7511
9500.62,100.5,8.7511
9501.63,102.5,8.7511
9502.63,100.5,8.7511
9503.64,99.5,8.7513
9504.64,100.5,8.7513
9505.65,101.5,8.7513
9506.66,100.5,8.7513
9507.66,100.5,8.7513
9508.67,100.5,8.7513
9509.67,100.5,8.7513
9510.68,101.5,8.7513
9511.68,99.5,8.7513
9512.69,101.5,8.7513
9513.69,100.5,8.7513
9514.7,104.5,8.7513
9515.7,99.5,8.7513
9516.71,100.5,8.7513
9517.71,99.5,8.7514
9518.72,101.5,8.7514
9519.72,98.6,8.7514
9520.73,102.5,8.7514
9521.73,101.5,8.7514
9522.74,99.5,8.7514
9523.74,100.5,8.7514
9524.75,101.5,8.7514
9525.75,101.5,8.7514
9526.76,100.5,8.7514
9527.76,99.6,8.7514
9528.77,101.5,8.7514
9529.77,99.5,8.7514
9530.78,102.5,8.7514
9531.78,101.5,8.7514
9532.79,100.5,8.7514
9533.79,99.5,8.7514
9534.8,100.6,8.7514
9535.8,99.5,8.7514
9536.81,100.5,8.7514
9537.81,100.5,8.7514
9538.82,102.5,8.7514
9539.82,100.5,8.7693
9540.83,100.5,8.7693
9541.83,101.6,8.7693
9542.84,100.5,8.7693
9543.84,100.5,8.7693
9544.85,100.5,8.7693
9545.85,99.5,8.7693
9546.86,101.5,8.7693
9547.86,100.5,8.7693
9548.87,101.5,8.7693
9549.87,100.5,8.7693
9550.88,100.5,8.7693
9551.89,100.5,8.7693
9552.89,100.5,8.7693
9553.9,100.5,8.7693
9554.9,100.5,8.7693
9555.91,101.5,8.7693
9556.91,100.5,8.7693
9557.92,102.5,8.7693
9558.92,99.5,8.7693
9559.93,99.6,8.7693
9560.93,101.5,8.7693
9561.94,100.5,8.7693
9562.94,100.5,8.7875
9563.95,102.5,8.7875
9564.95,99.5,8.7875
9565.96,102.5,8.7875
9566.96,99.5,8.7875
9567.97,101.5,8.7875
9568.97,100.5,8.7875
9569.98,100.5,8.7875
9570.98,100.7,8.7875
9571.98,3.0,2.0652
9572.99,341.0,2.296
9573.99,360.1,2.5911
9574.99,324.2,2.9602
9576.0,287.5,3.2964
9577.01,306.3,3.6141
9578.01,329.2,3.8484
9579.01,241.8,4.1352
9580.02,149.3,4.4459
9581.02,121.4,4.8811
9582.03,109.4,5.3448
9583.03,104.5,5.8131
9584.04,101.5,6.2782
9585.04,104.5,6.7537
9586.05,126.3,7.0185
9587.05,101.5,7.0185
9588.06,104.5,7.0185
9589.06,132.3,7.1185
9590.07,107.4,7.1185
9591.07,100.5,7.1185
9592.08,99.5,7.1185
9593.08,101.5,7.1185
9594.09,108.6,7.1185
9595.09,121.4,7.1186
9596.1,118.4,7.2466
9597.1,101.5,7.2466
9598.11,101.5,7.2466
9599.11,101.5,7.2466
9600.12,101.5,7.2467
9601.12,107.4,7.2468
9602.13,108.4,7.2468
9603.14,100.5,7.2468
9604.14,120.4,7.2476
9605.15,102.5,7.2476
9606.15,100.5,7.2476
9607.16,99.5,7.2476
9608.16,100.5,7.2476
9609.17,100.5,7.2476
9610.17,101.5,7.2476
9611.18,100.5,7.2476
9612.18,115.4,7.2476
9613.19,100.5,7.2476
9614.19,100.5,7.2476
9615.2,100.5,7.2476
9616.2,102.5,7.2476
9617.21,99.5,7.2476
9618.21,101.5,7.2476
9619.22,99.5,7.2476
9620.22,115.4,7.2477
9621.23,100.5,7.2477
9622.23,101.5,7.2477
9623.24,100.5,7.2477
9624.24,101.5,7.2477
9625.25,103.5,7.2477
9626.25,101.5,7.2477
9627.26,100.5,7.2477
9628.27,100.5,7.2477
9629.27,116.4,7.3273
9630.28,101.5,7.3273
9631.28,99.5,7.3273
9632.29,102.5,7.3273
9633.29,101.5,7.3273
9634.3,98.5,7.3273
9635.3,103.5,7.3273
9636.31,100.5,7.3273
9637.31,100.5,7.3273
9638.32,100.5,7.7798
9639.32,100.6,8.2054
9640.32,132.6,8.7335
9641.33,99.6,8.7335
9642.33,100.5,8.7335
9643.34,101.6,8.7338
9644.34,101.5,8.7338
9645.35,102.5,8.7338
9646.35,99.5,8.7339
9647.36,101.5,8.7339
9648.36,99.5,8.7339
9649.37,100.5,8.7339
9650.37,99.5,8.7339
9651.38,103.5,8.7344
9652.38,99.5,8.7344
9653.39,100.5,8.7344
9654.39,101.5,8.7344
9655.4,102.5,8.7344
9656.41,99.5,8.7344
9657.41,101.5,8.7344
9658.42,100.5,8.7344
9659.42,101.5,8.7346
9660.43,99.5,8.7346
9661.43,100.5,8.7346
9662.44,101.5,8.7346
9663.44,99.5,8.7346
9664.45,101.6,8.7346
9665.45,99.5,8.7346
9666.46,102.5,8.7346
9667.46,101.5,8.7346
9668.47,99.5,8.7346
9669.47,101.5,8.7346
9670.48,101.6,8.7346
9671.48,101.5,8.7347
9672.49,101.5,8.7347
9673.49,98.5,8.7347
9674.5,101.5,8.7347
9675.5,102.5,8.7347
9676.51,100.5,8.7347
9677.51,100.5,8.7347
9678.52,100.5,8.7347
9679.52,100.5,8.7347
9680.53,101.5,8.7347
9681.54,101.5,8.7347
9682.54,100.5,8.7348
9683.55,101.5,8.7348
9684.55,99.5,8.7348
9685.56,100.5,8.7348
9686.56,101.5,8.7348
9687.57,163.1,8.7348
9688.57,174.1,8.7348
9689.58,102.5,8.7348
9690.58,103.5,8.7348
9691.59,99.5,8.7348
9692.59,101.5,8.7348
9693.6,104.5,8.7348
9694.6,108.4,8.7348
9695.61,101.5,8.7348
9696.61,99.5,8.7348
9697.62,100.5,8.7348
9698.62,102.5,8.7349
9699.63,100.5,8.7349
9700.63,101.6,8.7349
9701.64,100.5,8.7349
9702.64,100.5,8.7349
9703.65,100.5,8.7349
9704.65,101.5,8.7349
9705.66,102.5,8.7349
9706.66,100.5,8.7349
9707.67,102.5,8.7349
9708.67,103.5,8.7349
9709.68,100.5,8.7349
9710.68,100.5,8.7349
9711.69,100.5,8.7349
9712.69,101.5,8.7349
9713.7,99.5,8.7351
9714.71,101.5,8.7351
9715.71,102.6,8.7351
9716.71,135.3,8.7353
9717.72,101.5,8.7353
9718.73,100.5,8.7356
9719.73,100.5,8.7356
9720.74,100.5,8.7356
9721.74,100.5,8.7356
9722.75,102.6,8.7356
9723.75,100.5,8.7356
9724.76,100.5,8.7356
9725.76,100.5,8.7356
9726.77,101.5,8.7356
9727.77,100.5,8.7356
9728.78,100.5,8.7356
9729.78,107.4,8.7356
9730.79,99.6,8.7356
9731.79,101.5,8.7356
9732.8,99.5,8.7356
9733.8,102.5,8.7356
9734.81,99.6,8.7356
9735.81,102.5,8.7356
9736.82,99.5,8.7356
9737.82,102.5,8.7357
9738.83,98.6,8.7357
9739.83,100.5,8.7357
9740.84,101.5,8.7357
9741.84,101.5,8.7357
9742.85,101.5,8.7357
9743.85,98.5,8.7357
9744.86,100.5,8.7357
9745.86,101.5,8.7357
9746.87,101.5,8.7357
9747.87,99.5,8.7357
9748.88,100.5,8.7357
9749.88,100.6,8.7357
9750.89,101.5,8.7357
9751.89,100.5,8.7357
9752.9,100.5,8.7357
9753.9,101.5,8.7357
9754.91,100.5,8.7357
9755.91,101.5,8.7357
9756.92,100.5,8.7357
9757.92,99.6,8.7357
9758.93,101.5,8.7358
9759.93,99.5,8.7358
9760.94,102.5,8.7358
9761.94,99.6,8.7358
9762.95,101.5,8.7358
9763.95,99.5,8.7358
9764.96,100.5,8.7358
9765.96,101.5,8.7358
9766.97,99.5,8.7358
9767.97,101.5,8.7358
9768.98,100.5,8.7358
9769.98,100.6,8.7358
9770.99,101.5,8.7358
9771.99,100.5,8.7358
9773.0,99.5,8.7358
9774.0,101.6,8.7358
9775.01,101.5,8.7358
9776.01,100.5,8.7358
9777.02,99.5,8.7358
9778.02,100.5,8.7358
9779.03,101.5,8.7358
9780.03,101.5,8.7358
9781.04,99.5,8.7358
9782.04,101.5,8.7358
9783.05,100.5,8.7358
9784.05,99.5,8.736
9785.06,100.5,8.736
9786.06,100.5,8.736
9787.07,100.5,8.736
9788.07,100.5,8.736
9789.08,101.5,8.736
9790.08,101.5,8.736
9791.09,100.5,8.736
9792.09,100.5,8.736
9793.1,100.5,8.7363
9794.1,100.5,8.7363
9795.11,102.5,8.7363
9796.11,99.5,8.7363
9797.12,101.5,8.7363
9798.12,99.5,8.7363
9799.13,100.5,8.7363
9800.13,101.5,8.7365
9801.14,100.5,8.7365
9802.14,99.5,8.7365
9803.15,101.5,8.7365
9804.15,100.6,8.7365
9805.16,101.5,8.7365
9806.16,100.5,8.7365
9807.17,101.5,8.7365
9808.17,100.6,8.7365
9809.18,101.5,8.7365
9810.18,99.5,8.7365
9811.19,100.5,8.7365
9812.19,99.6,8.7365
9813.2,101.5,8.7365
9814.2,99.5,8.7365
9815.21,101.5,8.7365
9816.21,99.5,8.7365
9817.22,101.5,8.7365
9818.22,100.5,8.7365
9819.23,100.5,8.7365
9820.23,101.6,8.7365
9821.24,100.5,8.7365
9822.24,101.5,8.7365
9823.25,100.5,8.7365
9824.25,100.6,8.7365
9825.26,99.5,8.7365
9826.26,101.5,8.7365
9827.27,100.5,8.7365
9828.27,100.6,8.7365
9829.28,100.5,8.7365
9830.28,100.5,8.7365
9831.29,100.5,8.7365
9832.29,100.5,8.7365
9833.3,101.5,8.7365
9834.3,100.5,8.7365
9835.31,100.5,8.7365
9836.31,99.5,8.7365
9837.32,100.5,8.7365
9838.32,100.5,8.7365
9839.33,102.5,8.7365
9840.33,100.6,8.7365
9841.34,101.5,8.7365
9842.34,100.5,8.7365
9843.35,100.5,8.7365
9844.35,100.6,8.7365
9845.36,99.5,8.7365
9846.36,100.6,8.7365
9847.37,99.5,8.7365
9848.37,101.5,8.7365
9849.38,99.6,8.7365
9850.38,101.5,8.7365
9851.39,100.5,8.7365
9852.39,100.5,8.7365
9853.4,99.6,8.7365
9854.4,102.5,8.7365
9855.41,101.5,8.7365
9856.41,99.5,8.7365
9857.42,101.6,8.7365
9858.42,100.5,8.7365
9859.43,99.5,8.7365
9860.43,100.5,8.7365
9861.44,101.6,8.7365
9862.44,101.5,8.7365
9863.45,99.5,8.7368
9864.45,100.5,8.7368
9865.46,102.6,8.7368
9866.46,99.5,8.7368
9867.47,102.5,8.7368
9868.47,99.5,8.7368
9869.48,100.5,8.7368
9870.48,101.5,8.7368
9871.49,104.4,2.0065
9872.5,313.3,2.2364
9873.5,359.0,2.3366
9874.5,332.3,2.5568
9875.51,314.3,2.8024
9876.51,313.4,3.0351
9877.52,317.3,3.2813
9878.52,252.7,3.6325
9879.53,123.4,3.9575
9880.54,170.1,4.3276
9881.54,163.4,4.8334
9882.54,202.9,5.3803
9883.55,257.6,5.9327
9884.55,176.1,6.483
9885.56,124.3,7.0329
9886.57,105.4,7.1737
9887.57,100.5,7.1739
9888.58,106.5,7.1739
9889.58,149.2,7.1739
9890.59,107.5,7.1739
9891.59,100.5,7.1739
9892.6,101.5,7.1739
9893.6,115.4,7.2906
9894.61,103.6,7.2906
9895.61,101.5,7.2906
9896.62,101.5,7.2906
9897.62,102.5,7.2907
9898.63,103.5,7.2907
9899.63,99.5,7.2907
9900.64,116.5,7.2912
9901.64,100.5,7.2912
9902.65,109.5,7.2914
9903.65,120.4,7.2914
9904.66,100.6,7.2914
9905.66,106.4,7.2914
9906.67,123.3,7.2914
9907.67,111.6,7.2916
9908.67,102.5,7.2916
9909.68,102.5,7.2916
9910.68,99.5,7.2916
9911.69,100.5,7.2916
9912.69,100.5,7.2916
9913.7,100.5,7.2916
9914.7,101.5,7.2916
9915.71,112.4,7.292
9916.71,102.5,7.292
9917.72,99.5,7.292
9918.72,102.5,7.292
9919.73,100.5,7.292
9920.73,101.5,7.292
9921.74,100.5,7.292
9922.75,100.5,7.292
9923.75,115.5,7.3608
9924.75,101.5,7.3608
9925.76,99.5,7.3608
9926.76,101.5,7.3608
9927.77,99.5,7.3608
9928.77,101.5,7.3608
9929.78,101.5,7.3608
9930.78,100.5,7.3718
9931.79,118.4,7.8859
9932.79,100.5,8.3766
9933.8,130.3,8.7966
9934.81,242.7,8.8027
9935.81,200.1,8.8224
9936.81,125.4,8.8015
9937.82,100.5,8.8015
9938.82,99.5,8.8016
9939.83,103.5,8.8016
9940.84,102.5,8.8018
9941.84,101.5,8.8018
9942.85,99.5,8.8018
9943.85,102.5,8.8018
9944.86,99.5,8.8027
9945.86,101.5,8.8027
9946.87,103.5,8.8027
9947.87,100.5,8.8027
9948.88,101.5,8.8027
9949.88,99.7,8.8027
9950.88,100.6,8.8027
9951.89,107.5,8.8027
9952.89,102.5,8.8034
9953.9,100.5,8.8034
9954.91,100.5,8.8034
9955.91,101.5,8.8034
9956.92,100.5,8.8034
9957.92,100.5,8.8034
9958.93,101.5,8.8034
9959.93,101.5,8.8034
9960.94,99.5,8.8034
9961.94,101.5,8.8035
9962.95,99.6,8.8035
9963.95,100.5,8.8035
9964.96,100.5,8.8035
9965.96,100.5,8.8035
9966.97,103.5,8.8035
9967.97,100.5,8.8035
9968.98,101.5,8.8035
9969.98,100.5,8.8035
9970.99,100.5,8.8036
9971.99,101.5,8.8036
9973.0,99.5,8.8036
9974.0,101.5,8.8036
9975.01,99.7,8.8036
9976.01,101.5,8.8036
9977.01,100.7,8.8036
9978.02,101.5,8.8036
9979.02,101.5,8.8036
9980.03,100.7,8.8036
9981.03,100.5,8.8036
9982.04,99.5,8.8036
9983.04,100.5,8.8036
9984.05,100.5,8.8036
9985.05,99.5,8.8036
9986.06,114.4,8.8036
9987.06,139.3,8.8036
9988.07,175.1,8.8036
9989.07,135.3,8.8036
9990.08,101.5,8.8037
9991.08,104.5,8.8037
9992.09,100.5,8.8037
9993.09,103.5,8.8037
9994.1,100.5,8.8037
9995.1,100.5,8.8037
9996.11,101.5,8.8037
9997.12,100.5,8.8037
9998.12,100.5,8.8037
9999.13,101.5,8.8037
10000.13,102.5,8.8037
10001.14,99.5,8.8037
10002.14,102.5,8.8037
10003.15,100.5,8.8039
10004.15,100.5,8.8039
10005.16,100.5,8.8039
10006.16,99.5,8.8039
10007.17,99.5,8.8039
10008.17,103.5,8.8039
10009.18,100.5,8.8039
10010.18,99.5,8.8039
10011.19,101.5,8.8039
10012.19,113.4,8.8041
10013.2,100.5,8.8041
10014.2,101.5,8.8041
10015.21,100.4,8.8041
10016.21,101.5,8.8041
10017.22,101.5,8.8041
10018.23,103.4,8.8042
10019.23,101.6,8.8042
10020.23,101.5,8.8042
10021.24,99.5,8.8042
10022.25,100.5,8.8042
10023.25,100.6,8.8042
10024.25,100.5,8.8042
10025.26,101.5,8.8042
10026.27,99.5,8.8042
10027.27,101.6,8.8042
10028.27,102.5,8.8042
10029.28,100.7,8.8042
10030.28,99.6,8.8042
10031.29,101.5,8.8042
10032.29,100.5,8.8042
10033.3,101.5,8.8042
10034.3,100.5,8.8042
10035.31,101.3,8.8042
10036.31,105.4,8.8042
10037.32,101.5,8.8042
10038.33,101.5,8.8042
10039.33,105.4,8.8042
10040.34,101.5,8.8042
10041.34,104.5,8.8042
10042.35,102.5,8.8042
10043.35,99.5,8.8042
10044.36,99.5,8.8042
10045.36,102.5,8.8042
10046.37,101.5,8.8042
10047.37,100.5,8.8043
10048.38,100.5,8.8043
10049.38,101.5,8.8043
10050.39,100.5,8.8043
10051.39,100.5,8.8043
10052.4,100.5,8.8043
10053.4,101.5,8.8043
10054.41,101.5,8.8043
10055.41,100.5,8.8043
10056.42,100.5,8.8048
10057.42,101.5,8.8048
10058.43,99.5,8.8048
10059.43,101.5,8.8048
10060.44,99.5,8.8048
10061.44,101.6,8.8048
10062.45,100.5,8.8048
10063.45,100.5,8.8048
10064.46,102.7,8.8048
10065.46,101.5,8.8048
10066.47,99.5,8.8048
10067.47,101.5,8.8048
10068.48,100.5,8.8048
10069.48,100.6,8.8048
10070.49,100.5,8.8048
10071.49,99.5,8.8048
10072.5,101.5,8.8048
10073.5,101.5,8.8051
10074.51,99.5,8.8051
10075.51,100.5,8.8051
10076.52,101.5,8.8051
10077.52,99.5,8.8051
10078.53,101.5,8.8051
10079.53,101.6,8.8051
10080.54,100.5,8.8051
10081.54,100.5,8.8051
10082.55,100.5,8.8061
10083.55,101.5,8.8061
10084.56,101.5,8.8061
10085.56,99.5,8.8061
10086.57,101.5,8.8061
10087.58,100.5,8.8061
10088.58,99.5,8.8061
10089.59,107.4,8.8061
10090.59,101.5,8.8064
10091.6,101.5,8.8064
10092.6,99.5,8.8064
10093.61,101.5,8.8064
10094.61,100.5,8.8064
10095.62,101.5,8.8064
10096.62,100.6,8.8064
10097.63,101.5,8.8064
10098.63,100.5,8.8064
10099.64,100.5,8.8225
10100.64,100.6,8.8225
10101.65,100.5,8.8225
10102.65,100.5,8.8225
10103.66,99.5,8.8225
10104.66,101.5,8.8225
10105.67,100.5,8.8225
10106.67,100.5,8.8225
10107.68,102.5,8.8225
10108.68,101.5,8.8225
10109.69,99.5,8.8225
10110.69,101.5,8.8225
10111.7,101.5,8.8225
10112.7,102.6,8.8225
10113.71,99.5,8.8225
10114.71,100.5,8.8225
10115.72,102.5,8.8379
10116.72,100.5,8.8381
10117.73,100.5,8.8381
10118.73,101.5,8.8381
10119.74,100.5,8.8384
10120.74,101.5,8.8384
10121.75,100.5,8.8384
10122.75,100.6,8.8384
10123.76,103.5,8.8384
10124.76,100.5,8.8384
10125.77,101.5,8.8384
10126.77,101.5,8.8384
10127.78,100.5,8.8384
10128.78,100.5,8.8384
10129.79,101.5,8.8384
10130.79,100.5,8.8384
10131.8,99.5,8.8384
10132.81,100.5,8.8384
10133.81,100.5,8.8525
10134.82,100.5,8.8525
10135.82,100.5,8.8525
10136.83,99.5,8.8525
10137.83,103.5,8.8525
10138.84,103.5,8.8525
10139.84,100.5,8.8525
10140.85,101.5,8.8525
10141.85,100.5,8.8525
10142.86,101.5,8.8528
10143.86,101.5,8.8528
10144.87,100.5,8.8528
10145.87,99.5,8.8528
10146.88,100.5,8.8528
10147.88,101.5,8.8528
10148.89,100.5,8.8528
10149.89,99.5,8.8528
10150.9,100.5,8.8662
10151.9,101.5,8.8662
10152.91,99.5,8.8662
10153.91,101.5,8.8662
10154.92,101.5,8.8662
10155.93,99.5,8.8662
10156.93,100.5,8.8662
10157.94,100.5,8.8664
10158.94,100.5,8.8664
10159.95,100.5,8.8664
10160.95,101.5,8.8664
10161.96,100.5,8.8664
10162.96,100.5,8.8664
10163.97,101.5,8.8664
10164.97,102.5,8.8664
10165.98,99.5,8.8664
10166.98,100.5,8.8664
10167.99,100.5,8.8664
10168.99,100.5,8.8782
10170.0,101.5,8.8782
10171.0,99.5,8.8782
10172.01,1.0,2.0666
10173.01,317.0,2.2684
10174.01,373.7,2.4215
10175.02,315.0,2.7115
10176.02,310.9,2.9933
10177.02,311.8,3.244
10178.03,166.4,3.6262
10179.03,124.4,4.065
10180.04,113.4,4.5286
10181.04,2.0,2.0208
10182.05,341.4,2.2806
10183.05,376.0,2.4733
10184.06,322.3,2.7768
10185.06,309.3,3.0508
10186.07,295.6,3.3828
10187.07,124.3,3.7134
10188.08,210.9,4.0615
10189.08,147.2,4.3182
10190.09,109.4,4.4917
10191.09,104.5,4.6499
10192.1,102.5,4.81
10193.1,102.5,4.9759
10194.11,103.5,5.1427
10195.11,101.5,5.2938
10196.12,101.5,5.4327
10197.12,188.4,5.591
10198.13,220.9,5.758
10199.13,212.9,5.9412
10200.14,301.4,6.2027
10201.14,231.8,6.4126
10202.15,112.5,6.6636
10203.15,103.5,6.8269
10204.16,124.1,6.9722
10205.17,126.3,7.0971
10206.17,101.6,7.0819
10207.17,109.4,7.1819
10208.18,99.5,7.1819
10209.18,101.5,7.1819
10210.19,100.5,7.1819
10211.19,101.6,7.1721
10212.2,101.5,7.1721
10213.2,100.5,7.1721
10214.21,99.5,7.1721
10215.21,100.5,7.1721
10216.22,102.5,7.1721
10217.22,102.5,7.1721
10218.23,101.5,7.1721
10219.24,100.5,7.1721
10220.24,101.5,7.1721
10221.25,99.5,7.1721
10222.25,101.5,7.1721
10223.26,100.5,7.1723
10224.26,4.0,2.0269
10225.26,339.2,2.2787
10226.27,374.9,2.4134
10227.27,336.2,2.6289
10228.28,323.5,2.9014
10229.28,313.4,3.1817
10230.29,266.5,3.5609
10231.29,133.3,4.0102
10232.3,196.9,4.4915
10233.3,104.4,4.9725
10234.31,111.4,5.4654
10235.32,112.4,6.0075
10236.32,102.6,6.5509
10237.32,131.3,7.0244
10238.33,108.4,7.1244
10239.34,102.5,7.1244
10240.34,104.5,7.1244
10241.35,1.0,1.9914
10242.35,310.8,2.1894
10243.35,337.9,2.3251
10244.36,350.4,2.534
10245.36,317.3,2.7827
10246.37,305.3,3.0108
10247.37,318.4,3.3388
10248.38,128.3,3.8374
10249.38,121.4,4.3513
10250.39,124.3,4.814
10251.4,130.3,5.2578
10252.4,103.5,5.7129
10253.41,101.5,6.1691
10254.41,100.5,6.6089
10255.42,179.0,6.9755
10256.42,188.0,7.0399
10257.43,101.5,7.108
10258.43,100.5,7.108
10259.44,114.4,7.108
10260.44,109.4,7.108
10261.45,100.5,7.108
10262.45,100.5,7.108
10263.46,100.5,7.108
10264.46,114.5,7.177
10265.47,100.5,7.2248
10266.47,102.5,7.2248
10267.48,102.5,7.2248
10268.48,100.5,7.2248
10269.49,101.5,7.2248
10270.49,114.5,7.2251
10271.5,135.3,7.2252
10272.5,105.5,7.2252
10273.51,115.4,7.2252
10274.51,101.5,7.2252
10275.52,99.5,7.2252
10276.52,101.5,7.2252
10277.53,101.5,7.2252
10278.53,125.4,7.2255
10279.54,101.5,7.2255
10280.55,104.5,7.2256
10281.55,106.5,7.2256
10282.55,102.5,7.2256
10283.56,101.6,7.2256
10284.56,100.5,7.2256
10285.57,99.5,7.2256
10286.57,102.5,7.2256
10287.58,101.5,7.2256
10288.59,100.5,7.2256
10289.59,101.5,7.2256
10290.6,100.5,7.2256
10291.6,100.5,7.2256
10292.61,101.5,7.2256
10293.61,99.5,7.2258
10294.62,100.5,7.2258
10295.62,100.5,7.2258
10296.63,99.6,7.2258
10297.63,101.5,7.2258
10298.64,100.5,7.2258
10299.64,101.5,7.2258
10300.65,102.5,7.2258
10301.65,100.5,7.2258
10302.66,99.5,7.2258
10303.66,101.5,7.2258
10304.67,99.5,7.2258
10305.67,103.5,7.2258
10306.68,113.4,7.2259
10307.68,101.5,7.2259
10308.69,99.6,7.2259
10309.69,101.5,7.2259
10310.7,101.5,7.2259
10311.7,99.5,7.2259
10312.71,101.5,7.2259
10313.71,99.5,7.2259
10314.72,101.5,7.2259
10315.72,99.5,7.2259
10316.73,103.5,7.2259
10317.73,100.5,7.2259
10318.74,100.5,7.2259
10319.74,102.6,7.2259
10320.75,100.5,7.2259
10321.75,99.5,7.2259
10322.76,101.5,7.2259
10323.76,101.5,7.2259
10324.77,100.5,7.2259
10325.77,102.5,7.2259
10326.78,99.5,7.2259
10327.78,100.5,7.2259
10328.79,100.5,7.2259
10329.79,99.5,7.2259
10330.8,101.5,7.2259
10331.8,119.4,7.2262
10332.81,100.5,7.2262
10333.81,100.5,7.2262
10334.82,99.5,7.2262
10335.82,102.5,7.2262
10336.83,100.5,7.2262
10337.83,99.5,7.2262
10338.84,101.5,7.2262
10339.84,122.5,1.9063
10340.85,1.0,2.1411
10341.85,330.2,2.2472
10342.85,2.0,2.0227
10343.86,329.1,2.2323
10344.86,359.4,2.4962
10345.87,327.2,2.8447
10346.87,323.2,3.1538
10347.87,2.0,2.0134
10348.88,309.0,2.1737
10349.88,2.0,2.029
10350.89,335.3,2.3126
10351.89,309.5,2.6533
10352.9,249.7,3.0227
10353.9,153.2,3.4191
10354.91,195.0,3.8964
10355.91,123.3,4.385
10356.91,302.1,4.5195
10357.92,347.1,4.7631
10358.93,319.2,5.0113
10359.93,308.5,5.2843
10360.94,306.3,5.5749
10361.94,305.6,5.9054
10362.95,305.4,6.1498
10363.95,299.5,6.3515
10364.96,300.3,6.5517
10365.96,302.3,6.7731
10366.97,334.9,7.2508
10367.97,311.6,7.7703
10368.98,307.4,7.771
10369.98,314.3,7.773
10370.99,302.3,7.7735
10371.99,285.7,7.7737
10373.0,195.9,7.7738
10374.0,217.8,7.7738
10375.01,118.4,7.7738
10376.01,116.4,7.7738
10377.02,101.5,7.7738
10378.02,132.3,7.7738
10379.03,104.4,7.7739
10380.03,105.5,7.7739
10381.04,222.8,7.7739
10382.05,194.9,7.7741
10383.05,150.3,7.7741
10384.06,152.2,7.7741
10385.06,114.4,7.7741
10386.07,126.3,7.7741
10387.07,127.3,7.8546
10388.08,109.4,7.8746
10389.08,143.3,7.8746
10390.09,192.9,7.8746
10391.09,117.4,7.8747
10392.1,134.3,7.8748
10393.1,132.3,7.8749
10394.11,101.4,7.8749
10395.11,101.5,7.8749
10396.12,100.5,7.8749
10397.13,102.4,7.8749
10398.13,101.5,7.8749
10399.13,128.6,7.875
10400.14,101.5,7.875
10401.14,102.4,7.875
10402.15,132.3,7.875
10403.15,118.4,7.875
10404.16,121.3,7.8751
10405.17,103.4,7.8751
10406.17,124.3,7.8751
10407.18,116.4,7.8751
10408.18,104.4,7.8751
10409.19,102.4,7.8751
10410.19,100.4,7.8751
10411.2,100.5,7.8751
10412.2,100.4,7.8751
10413.21,162.1,7.8753
10414.21,124.4,7.8753
10415.22,136.2,7.8754
10416.23,162.1,7.8755
10417.23,108.4,7.8755
10418.24,101.4,7.8755
10419.24,103.4,7.8755
10420.25,100.7,7.8755
10421.25,100.5,7.8755
10422.26,102.5,7.8755
10423.26,106.4,7.8847
10424.27,276.5,8.6955
10425.27,129.3,8.7435
10426.28,103.5,8.7435
10427.28,102.4,8.7435
10428.29,101.4,8.7435
10429.29,118.4,8.7435
10430.3,100.4,8.7435
10431.3,102.5,8.7435
10432.31,101.5,8.7435
10433.32,99.5,8.7438
10434.32,101.5,8.7438
10435.33,101.5,8.7438
10436.33,99.5,8.7439
10437.34,100.5,8.7439
10438.34,102.5,8.7439
10439.35,101.5,8.7439
10440.35,99.4,8.7439
10441.36,126.4,8.7439
10442.36,108.4,8.7439
10443.37,111.4,8.7439
10444.37,101.5,8.7439
10445.38,123.3,8.7439
10446.38,179.0,8.7439
10447.39,144.2,8.7439
10448.4,105.4,8.7439
10449.4,99.5,8.7439
10450.41,101.4,8.7439
10451.41,117.4,8.7439
10452.42,123.4,8.7439
10453.42,102.5,8.7439
10454.43,101.4,8.7439
10455.43,101.5,8.7439
10456.44,100.6,8.7439
10457.44,100.5,8.7439
10458.45,101.5,8.7439
10459.45,100.5,8.7439
10460.46,146.4,8.7439
10461.46,135.3,8.7439
10462.47,100.5,8.7439
10463.47,102.4,8.7439
10464.48,103.5,8.7439
10465.48,99.5,8.7439
10466.49,121.4,8.7439
10467.5,118.4,8.7439
10468.5,100.5,8.7439
10469.51,101.5,8.7439
10470.51,99.5,8.7439
10471.52,100.5,8.7439
10472.52,104.4,8.7439
10473.53,103.4,8.7439
10474.53,100.5,8.7439
10475.54,100.4,8.7439
10476.54,99.5,8.7439
10477.55,100.5,8.7439
10478.55,101.5,8.7439
10479.56,100.5,8.7439
10480.56,100.5,8.7439
10481.57,100.5,8.7439
10482.58,101.4,8.7439
10483.58,99.5,8.7439
10484.59,101.5,8.7439
10485.59,101.5,8.7439
10486.6,100.5,8.7439
10487.6,101.4,8.7439
10488.61,100.5,8.7439
10489.61,100.4,8.7439
10490.62,99.5,8.7439
10491.62,100.5,8.7439
10492.63,101.5,8.7439
10493.64,101.5,8.7439
10494.64,101.5,8.7439
10495.65,99.5,8.7439
10496.65,102.5,8.7439
10497.66,99.5,8.7439
10498.66,100.5,8.7439
10499.67,99.5,8.7439
10500.67,102.4,8.7439
10501.68,100.5,8.7439
10502.68,99.5,8.7439
10503.69,101.5,8.7442
10504.69,99.5,8.7442
10505.7,100.5,8.7442
10506.7,104.4,8.7442
10507.71,101.5,8.7442
10508.71,101.4,8.7442
10509.72,101.5,8.7442
10510.72,101.5,8.7442
10511.73,100.5,8.7442
10512.74,100.5,8.7442
10513.74,100.5,8.7442
10514.75,102.4,8.7442
10515.75,99.5,8.7442
10516.76,101.5,8.7442
10517.76,101.5,8.7442
10518.77,99.5,8.7442
10519.77,102.4,8.7442
10520.78,99.5,8.7442
10521.78,101.5,8.7442
10522.79,101.4,8.7442
10523.79,102.5,8.7442
10524.8,99.5,8.7442
10525.81,101.5,8.7442
10526.81,131.4,8.7442
10527.82,100.5,8.7442
10528.82,100.5,8.7442
10529.83,103.4,8.7442
10530.83,99.5,8.7442
10531.84,100.5,8.7442
10532.84,102.5,8.7442
10533.85,101.5,8.7442
10534.85,100.7,8.7442
10535.86,99.5,8.7442
10536.86,101.5,8.7442
10537.87,99.5,8.7442
10538.87,100.5,8.7442
10539.88,101.5,8.7442
10540.88,100.5,8.7442
10541.89,100.5,8.7442
10542.89,101.5,8.7442
10543.9,100.4,8.7442
10544.9,102.4,8.7442
10545.91,100.5,8.7442
10546.92,102.5,8.7442
10547.92,100.5,8.7442
10548.93,109.5,8.7442
10549.93,109.4,8.7442
10550.94,101.5,8.7442
10551.94,101.5,8.7442
10552.95,99.5,8.7442
10553.95,101.5,8.7442
10554.96,99.5,8.7442
10555.96,100.5,8.7442
10556.97,101.5,8.7442
10557.97,100.4,8.7442
10558.98,102.5,8.7442
10559.99,99.5,8.7442
10560.99,101.4,8.7442
10562.0,100.5,8.7442
10563.0,100.5,8.7442
10564.01,101.4,8.7442
10565.01,101.4,8.7442
10566.02,99.5,8.7442
10567.02,99.5,8.7442
10568.03,102.4,8.7442
10569.03,101.5,8.7442
10570.04,100.4,8.7442
10571.05,101.5,8.7442
10572.05,100.4,8.7442
10573.06,111.4,8.7442
10574.06,101.5,8.7442
10575.07,152.5,8.7445
10576.07,264.6,8.8993
10577.08,100.5,8.8993
10578.08,101.5,8.8993
10579.09,100.4,8.8993
10580.09,100.5,8.8993
10581.1,100.5,8.8993
10582.1,100.5,8.8993
10583.11,112.4,8.8996
10584.11,101.5,8.8996
10585.12,99.4,8.8996
10586.12,101.5,8.8996
10587.13,100.5,8.8996
10588.14,101.4,8.8996
10589.14,99.5,8.8996
10590.15,101.5,8.8996
10591.15,99.5,8.8996
10592.16,100.5,8.8996
10593.16,100.5,8.8996
10594.17,101.5,8.8996
10595.17,101.5,8.8996
10596.18,100.5,8.8996
10597.18,101.4,8.8996
10598.19,100.5,8.8996
10599.2,101.5,8.8996
10600.2,100.4,8.8996
10601.21,101.4,8.8996
10602.21,101.5,8.8996
10603.22,101.5,8.8996
10604.22,100.5,8.8996
10605.23,101.5,8.8996
10606.23,99.5,8.8996
10607.24,105.4,8.8996
10608.24,100.5,8.8996
10609.25,102.4,8.8996
10610.26,100.5,8.8996
10611.26,99.5,8.8996
10612.27,101.5,8.8996
10613.27,100.5,8.8996
10614.28,100.5,8.8996
10615.28,101.4,8.8996
10616.29,100.5,8.8996
10617.29,100.5,8.8996
10618.3,99.5,8.8996
10619.3,103.4,8.8996
10620.31,99.5,8.8996
10621.31,101.5,8.8996
10622.32,100.5,8.8996
10623.32,100.5,8.8996
10624.33,102.4,8.8996
10625.34,100.5,8.8996
10626.34,100.5,8.8996
10627.35,100.5,8.8996
10628.35,101.4,8.8996
10629.36,100.5,8.8996
10630.36,100.5,8.8996
10631.37,101.5,8.8996
10632.37,100.5,8.8996
10633.38,101.5,8.8996
10634.38,99.5,8.8996
10635.39,101.5,8.8996
10636.4,99.5,8.8996
10637.4,101.5,8.8996
10638.41,99.5,8.8996
10639.41,100.5,8.8996
10640.42,101.5,8.8996
10641.42,100.5,8.8996
10642.43,102.5,8.8996
10643.43,99.5,8.8996
10644.44,101.5,8.8996
10645.44,100.5,8.8996
10646.45,100.4,8.8996
10647.46,99.5,8.8996
10648.46,101.5,8.8996
10649.47,101.5,8.8996
10650.47,9.9,2.1849
10651.47,353.9,2.3298
10652.48,1.0,2.1365
10653.48,302.4,2.2742
10654.48,5.0,2.1519
10655.49,333.1,2.341
10656.49,334.3,2.6413
10657.5,316.3,2.9541
10658.5,0.0,2.0604
10659.51,326.2,2.2689
10660.51,343.0,2.4096
10661.52,354.2,2.6017
10662.52,0.0,2.0865
10663.52,326.1,2.2774
10664.53,362.5,2.4731
10665.53,331.2,2.7781
10666.54,317.3,3.1129
10667.54,316.3,3.3816
10668.55,307.6,3.6448
10669.55,314.5,3.8761
10670.56,312.6,4.1235
10671.56,167.1,4.496
10672.57,108.5,4.7622
10673.57,105.4,5.0185
10674.58,100.5,5.2719
10675.58,130.3,5.5047
10676.59,101.5,5.7302
10677.59,100.5,5.9448
10678.6,100.5,6.1413
10679.6,102.5,6.321
10680.61,100.5,6.428
10681.61,101.5,6.5534
10682.62,101.5,6.7068
10683.62,102.5,6.9045
10684.63,126.3,7.0393
10685.63,100.6,7.0722
10686.64,101.5,7.1722
10687.64,101.5,7.1722
10688.65,101.5,7.1722
10689.65,117.4,7.1722
10690.66,100.5,7.1724
10691.66,99.5,7.1725
10692.67,100.5,7.1726
10693.67,101.5,7.1726
10694.68,100.5,7.1726
10695.68,100.5,7.1726
10696.69,100.5,7.1726
10697.69,101.5,7.1726
10698.7,99.5,7.1726
10699.7,100.5,7.1726
10700.71,100.5,7.1726
10701.71,102.5,7.1726
10702.72,100.5,7.1726
10703.72,100.5,7.1726
10704.73,101.5,7.1726
10705.73,100.5,7.1726
10706.74,100.5,7.1726
10707.75,101.5,7.1726
10708.75,99.5,7.1726
10709.76,100.5,7.1726
10710.76,101.5,7.1726
10711.77,99.5,7.1726
10712.77,102.5,7.1726
10713.78,100.5,7.1726
10714.78,118.4,7.2472
10715.79,100.5,7.2952
10716.79,101.5,7.2952
10717.8,99.5,7.2952
10718.8,100.5,7.2952
10719.81,101.5,7.2952
10720.81,100.5,7.2952
10721.82,100.5,7.2952
10722.82,101.5,7.2955
10723.83,99.5,7.2955
10724.83,101.5,7.2955
10725.84,101.5,7.2955
10726.84,99.5,7.2955
10727.85,102.5,7.2955
10728.85,100.6,7.2955
10729.86,100.5,7.2955
10730.86,101.5,7.2955
10731.87,99.5,7.2955
10732.87,100.5,7.2955
10733.88,99.5,7.2955
10734.88,101.5,7.2955
10735.89,100.5,7.2955
10736.89,101.5,7.2955
10737.9,100.6,7.2955
10738.9,100.5,7.2955
10739.91,101.5,7.2955
10740.91,116.4,7.2961
10741.92,100.6,7.2961
10742.92,102.5,7.2961
10743.93,104.5,7.2961
10744.93,100.5,7.2961
10745.94,99.5,7.2961
10746.94,101.5,7.2961
10747.95,100.5,7.2961
10748.95,102.5,7.2961
10749.96,102.5,7.2961
10750.96,99.5,7.2961
10751.97,99.5,7.2961
10752.97,101.5,7.2961
10753.98,99.5,7.2961
10754.98,101.5,7.2961
10755.99,101.5,7.2961
10757.0,101.5,7.2961
10758.0,99.5,7.2961
10759.0,106.5,7.2961
10760.01,100.5,7.2961
10761.01,100.5,7.2961
10762.02,101.5,7.2961
10763.03,99.5,7.2961
10764.03,101.5,7.2961
10765.03,100.5,7.2961
10766.04,100.5,7.2961
10767.05,101.5,7.2961
10768.05,100.5,7.2961
10769.06,99.5,7.2961
10770.06,101.5,7.2961
10771.07,99.5,7.2961
10772.07,101.5,7.2961
10773.08,99.5,7.2961
10774.08,115.4,7.2963
10775.09,100.5,7.2963
10776.09,102.5,7.2963
10777.1,100.5,7.2963
10778.1,101.5,7.2963
10779.11,100.5,7.2963
10780.11,100.5,7.2963
10781.12,100.5,7.2963
10782.12,102.5,7.2963
10783.13,99.5,7.2963
10784.13,101.5,7.2963
10785.14,101.5,7.2963
10786.14,99.5,7.2963
10787.15,101.5,7.2963
10788.15,100.5,7.2963
10789.16,99.5,7.2963
10790.16,101.5,7.2963
10791.17,102.5,7.2963
10792.17,100.5,7.2963
10793.18,101.5,7.2966
10794.18,100.5,7.2966
10795.19,98.5,7.2966
10796.19,100.5,7.2966
10797.2,103.5,7.2966
10798.2,100.5,7.2966
10799.21,99.5,7.2966
10800.21,102.5,7.2966
10801.22,99.5,7.2966
10802.22,101.6,7.2966
10803.23,100.5,7.2966
10804.23,100.5,7.2966
10805.24,99.5,7.2966
10806.24,100.5,7.2966
10807.25,100.5,7.2966
10808.25,101.4,7.2966
10809.26,100.5,7.2966
10810.26,100.5,7.2966
10811.27,101.5,7.2966
10812.27,100.5,7.2966
10813.28,100.5,7.2966
10814.28,99.5,7.2966
10815.29,100.6,7.2966
10816.29,100.5,7.2966
10817.3,101.5,7.2966
10818.3,99.5,7.2966
10819.31,101.5,7.2966
10820.31,99.5,7.2966
10821.32,101.6,7.2966
10822.32,101.5,7.2966
10823.33,100.5,7.2966
10824.33,100.5,7.2966
10825.34,102.5,7.2966
10826.34,99.5,7.2966
10827.35,101.5,7.2966
10828.35,99.5,7.2966
10829.36,101.5,7.2966
10830.36,99.5,7.2966
10831.37,100.5,7.2966
10832.37,100.5,7.2966
10833.38,101.5,7.2966
10834.38,100.5,7.2966
10835.39,101.5,7.2966
10836.39,100.5,7.2966
10837.4,99.5,7.2966
10838.4,99.5,7.2966
10839.41,100.5,7.2966
10840.41,105.5,7.2968
10841.42,99.5,7.2968
10842.42,117.7,7.2972
10843.42,112.7,7.2972
10844.43,100.5,7.2972
10845.43,101.5,7.2972
10846.44,101.5,7.2972
10847.44,100.5,7.2972
10848.45,100.5,7.2972
10849.45,100.5,7.2972
10850.46,100.5,7.2972
10851.47,101.5,7.2972
10852.47,99.5,7.2972
10853.48,100.5,7.2972
10854.48,100.5,7.2972
10855.49,99.5,7.2972
10856.49,102.5,7.2972
10857.5,100.5,7.2972
10858.5,100.5,7.2972
10859.51,100.5,7.2972
10860.51,100.5,7.2972
10861.52,101.5,7.2972
10862.52,100.5,7.2972
10863.53,100.5,7.2972
10864.53,101.5,7.2972
10865.54,99.5,7.2972
10866.54,100.5,7.2972
10867.55,100.5,7.2972
10868.55,100.5,7.2972
10869.56,100.5,7.2972
10870.56,100.5,7.2972
10871.57,101.5,7.2972
10872.57,100.5,7.2972
10873.58,100.5,7.2975
10874.58,100.5,7.2975
10875.59,100.5,7.2975
10876.59,102.5,7.2975
10877.6,99.5,7.2975
10878.6,100.5,7.2975
10879.61,100.6,7.2975
10880.61,101.5,7.2975
10881.62,99.5,7.2975
10882.62,100.5,7.2975
10883.63,101.5,7.2975
10884.63,99.5,7.2975
10885.64,99.5,7.2975
10886.64,102.5,7.2975
10887.65,100.5,7.2975
10888.65,100.5,7.2975
10889.66,99.5,7.2975
10890.66,100.5,7.2975
10891.67,100.5,7.2975
10892.67,102.5,7.2975
10893.68,100.5,7.2975
10894.68,99.5,7.2975
10895.69,102.5,7.2975
10896.69,99.5,7.2975
10897.7,100.5,7.2975
10898.7,99.5,7.2975
10899.71,101.5,7.2975
10900.71,101.5,7.2975
10901.72,99.5,7.2975
10902.72,100.5,7.2975
10903.73,101.5,7.2975
10904.73,99.5,7.2975
10905.74,99.5,7.2975
10906.74,101.5,7.2975
10907.75,100.5,7.2975
10908.75,100.5,7.2975
10909.76,100.6,7.2975
10910.76,101.7,7.2975
10911.77,100.5,7.2975
10912.77,99.5,7.2975
10913.78,99.5,7.2975
10914.78,101.5,7.2975
10915.79,101.5,7.2975
10916.79,99.5,7.2975
10917.8,99.5,7.2975
10918.8,100.5,7.2975
10919.81,101.5,7.2975
10920.81,100.5,7.2975
10921.82,100.5,7.2975
10922.82,101.5,7.2975
10923.83,100.5,7.2975
10924.83,99.5,7.2975
10925.84,101.5,7.2975
10926.84,101.5,7.2975
10927.85,101.5,7.2975
10928.85,99.5,7.2975
10929.86,101.5,7.2975
10930.86,99.5,7.2975
10931.87,101.5,7.2975
10932.87,99.5,7.2975
10933.88,101.5,7.2975
10934.88,99.5,7.2975
10935.89,100.5,7.2975
10936.89,100.5,7.2975
10937.9,101.5,7.2975
10938.9,100.5,7.2975
10939.91,117.4,7.3727
10940.91,100.5,7.3727
10941.92,100.5,7.3727
10942.92,99.5,7.3729
10943.93,100.5,7.3729
10944.93,101.5,7.3729
10945.94,101.5,7.3729
10946.94,99.5,7.3729
10947.95,101.5,7.3729
10948.95,100.5,7.3729
10949.96,100.5,7.3729
10950.97,100.5,7.3729
10951.97,101.5,7.3729
10952.97,101.5,7.3729
10953.98,100.5,7.3729
10954.98,99.5,7.3729
10955.99,99.5,7.3729
10956.99,101.5,7.3729
10958.0,100.5,7.3729
10959.01,100.5,7.3729
10960.01,101.6,7.3729
10961.01,101.5,7.3729
10962.02,100.4,1.9774
10963.03,273.8,2.2273
10964.03,351.9,2.3547
10965.03,2.0,2.1383
10966.03,330.0,2.3129
10967.04,1.0,2.161
10968.05,323.3,2.508
10969.05,308.6,2.8351
10970.05,320.9,2.9614
10971.06,343.4,3.168
10972.06,325.3,3.4458
10973.07,303.3,3.7445
10974.07,311.4,4.0274
10975.08,318.3,4.2677
10976.08,311.3,4.473
10977.09,306.4,4.672
10978.1,304.2,4.8548
10979.1,303.3,5.0509
10980.11,305.3,5.2271
10981.11,299.3,5.3269
10982.12,307.4,5.4194
10983.12,301.3,5.495
10984.13,300.3,5.5626
10985.13,303.5,5.6727
10986.14,301.3,5.7392
10987.15,248.6,5.8035
10988.15,180.1,5.8816
10989.16,215.8,5.9697
10990.16,139.2,6.0736
10991.17,273.7,6.1627
10992.17,126.3,6.2183
10993.18,132.3,6.2703
10994.18,139.3,6.3371
10995.18,110.7,6.384
10996.19,148.2,6.4658
10997.2,103.4,6.5645
10998.2,112.4,6.6349
10999.21,167.3,6.7298
11000.21,106.4,6.7854
11001.21,199.3,7.1549
11002.22,148.2,7.1978
11003.23,110.4,7.2218
11004.23,152.2,7.2508
11005.24,102.5,7.2508
11006.24,106.4,7.2508
11007.25,105.4,7.2508
11008.25,109.4,7.2508
11009.26,138.3,7.2508
11010.26,102.5,7.2508
11011.27,106.4,7.2508
11012.27,100.5,7.2508
11013.28,121.3,7.2511
11014.28,176.0,7.2511
11015.29,102.5,7.2511
11016.3,102.4,7.2511
11017.3,107.4,7.2511
11018.31,105.5,7.2511
11019.31,136.3,7.2511
11020.32,126.3,7.2511
11021.32,101.5,7.2511
11022.33,102.5,7.2511
11023.33,103.5,7.2511
11024.34,103.5,7.2511
11025.34,107.4,7.2511
11026.35,100.5,7.2511
11027.35,112.5,7.2511
11028.36,120.4,7.2511
11029.36,101.5,7.2511
11030.37,117.4,7.2517
11031.37,126.4,7.3066
11032.38,110.4,7.3511
11033.38,101.5,7.3511
11034.39,99.5,7.3511
11035.39,104.4,7.3511
11036.4,101.5,7.3511
11037.41,131.3,7.3511
11038.41,100.5,7.3511
11039.42,112.4,7.3511
11040.42,120.4,7.3511
11041.43,104.5,7.3511
11042.43,101.6,7.3511
11043.44,108.4,7.3511
11044.44,101.5,7.3511
11045.45,100.6,7.3511
11046.45,103.5,7.3511
11047.46,100.5,7.3511
11048.46,102.5,7.3511
11049.47,105.5,7.3511
11050.47,124.3,7.3511
11051.48,100.5,7.3511
11052.48,104.5,7.3511
11053.49,102.5,7.3511
11054.49,104.4,7.3511
11055.5,100.5,7.3511
11056.5,99.5,7.3511
11057.51,117.4,7.3511
11058.51,121.4,7.3511
11059.52,145.3,7.3511
11060.52,100.5,7.3511
11061.53,99.5,7.3511
11062.53,100.5,7.3511
11063.54,103.5,7.3511
11064.54,100.5,7.3511
11065.55,110.4,7.3511
11066.55,100.5,7.3511
11067.56,100.5,7.3511
11068.57,101.5,7.3511
11069.57,100.5,7.3511
11070.58,103.4,7.3511
11071.58,100.5,7.3511
11072.59,100.5,7.3511
11073.59,105.4,7.3511
11074.6,100.5,7.3511
11075.6,132.3,7.4511
11076.61,102.6,7.4511
11077.61,100.7,7.4511
11078.61,104.5,7.4511
11079.62,99.5,7.4511
11080.62,102.5,7.4511
11081.63,204.9,7.8677
11082.64,105.4,7.8677
11083.64,101.5,7.8888
11084.65,100.5,7.9147
11085.65,101.5,7.9147
11086.66,102.5,7.9147
11087.66,100.5,7.9147
11088.67,100.5,7.9147
11089.67,112.4,7.9147
11090.68,104.4,7.9147
11091.68,101.5,7.9147
11092.69,100.5,7.9147
11093.69,100.5,7.9149
11094.7,101.5,7.9149
11095.71,100.5,7.9149
11096.71,102.5,7.9149
11097.72,101.5,7.9149
11098.72,100.5,7.9149
11099.73,99.5,7.9149
11100.73,103.5,7.9149
11101.74,100.5,7.9149
11102.74,100.5,7.9149
11103.75,101.5,7.9149
11104.75,101.4,7.9149
11105.76,104.4,7.9149
11106.76,102.4,7.9149
11107.77,100.5,7.9152
11108.77,102.5,7.9152
11109.78,100.5,7.9152
11110.78,100.5,7.9152
11111.79,100.5,7.9152
11112.8,101.4,7.9152
11113.8,100.5,7.9152
11114.81,100.5,7.9152
11115.81,101.6,7.9152
11116.81,100.5,7.9152
11117.82,140.2,7.9255
11118.82,100.6,7.9255
11119.83,102.5,7.9255
11120.83,100.5,7.9255
11121.84,99.5,7.9255
11122.85,101.5,7.9255
11123.85,100.6,7.9255
11124.86,100.5,7.9255
11125.86,100.5,7.9255
11126.87,101.5,7.9255
11127.87,101.5,7.9255
11128.88,100.5,7.9255
11129.88,101.5,7.9255
11130.89,99.5,7.9255
11131.89,111.4,7.9109
11132.9,100.5,7.9109
11133.9,101.5,7.9109
11134.91,99.5,7.9109
11135.91,103.5,7.9109
11136.92,101.4,7.9109
11137.92,288.8,7.9124
11138.93,316.6,7.9261
11139.94,224.8,7.9289
11140.94,107.5,7.9289
11141.95,115.4,7.9223
11142.95,102.5,7.9223
11143.95,126.6,7.9229
11144.96,171.2,7.9982
11145.96,104.5,7.9982
11146.97,101.5,7.9982
11147.97,102.5,7.9982
11148.98,103.5,7.9982
11149.98,100.5,7.9982
11150.99,102.5,7.9982
11151.99,114.4,7.9847
11153.0,101.5,7.9847
11154.01,100.5,7.9847
11155.01,171.1,7.9939
11156.02,99.5,7.9939
11157.02,102.5,7.9939
11158.03,125.4,7.9945
11159.03,123.4,7.9987
11160.04,124.4,7.9991
11161.04,99.5,7.9991
11162.05,100.5,7.9991
11163.05,102.5,7.9993
11164.05,139.6,7.9998
11165.06,153.2,8.0043
11166.06,100.5,8.0043
11167.07,100.5,8.0043
11168.07,100.5,8.0043
11169.08,100.5,8.0043
11170.09,100.5,8.0043
11171.09,101.5,8.0043
11172.1,101.5,8.0043
11173.11,105.6,8.0048
11174.11,183.1,8.3785
11175.12,100.5,8.3785
11176.12,101.5,8.3785
11177.13,101.8,8.3785
11178.13,100.4,8.3785
11179.14,101.5,8.3785
11180.14,99.5,8.3785
11181.15,101.5,8.3785
11182.15,99.5,8.3785
11183.16,100.5,8.3785
11184.16,100.5,8.6057
11185.17,251.7,9.1278
11186.17,101.5,9.1278
11187.18,100.5,9.1278
11188.18,101.5,9.1278
11189.19,100.5,9.1278
11190.19,104.5,9.1278
11191.2,100.5,9.1278
11192.2,100.5,9.1278
11193.21,101.5,9.1278
11194.21,99.6,9.1278
11195.22,100.5,9.1278
11196.22,123.4,9.1744
11197.23,99.5,9.1744
11198.23,102.5,9.1744
11199.24,100.5,9.1744
11200.24,104.5,9.1744
11201.25,101.5,9.1744
11202.25,101.5,9.1744
11203.26,100.6,9.1744
11204.26,99.5,9.1744
11205.27,100.5,9.1744
11206.27,103.5,9.175
11207.28,100.5,9.175
11208.28,100.5,9.175
11209.29,99.5,9.175
11210.29,101.5,9.175
11211.3,100.5,9.175
11212.31,99.5,9.175
11213.31,101.5,9.175
11214.32,99.5,9.175
11215.32,102.5,9.175
11216.33,101.5,9.1753
11217.33,99.5,9.1753
11218.34,101.7,9.1753
11219.34,100.5,9.1753
11220.34,98.6,9.1753
11221.35,100.7,9.1753
11222.35,101.5,9.1753
11223.36,99.5,9.1753
11224.36,101.6,9.1753
11225.37,99.5,9.1753
11226.37,102.2,9.1758
11227.38,102.7,9.1758
11228.38,101.6,9.1758
11229.39,102.5,9.1758
11230.39,100.5,9.1758
11231.4,101.5,9.1758
11232.4,99.5,9.1758
11233.41,101.6,9.1761
11234.41,100.5,9.1761
11235.41,100.7,9.1761
11236.42,100.6,9.1765
11237.42,100.5,9.1765
11238.43,100.5,9.1765
11239.43,101.5,9.1765
11240.44,101.5,9.1765
11241.44,99.5,9.1765
11242.45,101.5,9.1765
11243.45,100.5,9.1765
11244.46,100.5,9.1765
11245.46,102.5,9.1767
11246.47,101.5,9.1767
11247.47,104.5,9.1767
11248.48,99.5,9.1767
11249.48,101.5,9.1767
11250.49,99.5,9.1767
11251.49,101.6,9.1767
11252.5,100.5,9.1767
11253.5,101.5,9.1767
11254.51,102.5,9.1767
11255.51,101.5,9.1768
11256.52,99.5,9.1768
11257.52,101.5,9.1768
11258.53,100.5,9.1768
11259.54,101.5,9.1768
11260.54,99.5,9.1768
11261.54,101.6,9.1768
11262.55,100.5,9.1768
11263.55,100.6,9.1768
11264.56,103.5,9.1771
11265.56,99.5,9.1771
11266.57,104.4,2.0713
11267.58,326.2,2.3031
11268.58,303.4,2.6184
11269.59,237.0,2.8885
11270.59,349.9,3.0172
11271.59,328.2,3.3017
11272.6,311.4,3.6444
11273.6,305.1,3.9497
11274.61,327.2,4.1798
11275.61,312.2,4.3908
11276.62,304.5,4.606
11277.62,304.3,4.7736
11278.63,303.3,4.9584
11279.63,304.3,5.1137
11280.64,300.4,5.2715
11281.65,301.3,5.346
11282.65,302.7,5.4309
11283.66,304.3,5.5193
11284.66,297.3,5.5915
11285.67,307.3,5.688
11286.67,288.4,5.7456
11287.68,234.8,5.8081
11288.68,179.0,5.8662
11289.69,172.1,5.9597
11290.69,134.3,6.0541
11291.7,182.0,6.1521
11292.7,132.5,6.2136
11293.71,107.4,6.2683
11294.71,107.4,6.3316
11295.72,183.0,6.3758
11296.73,103.4,6.4208
11297.73,104.4,6.5256
11298.74,118.3,6.6136
11299.74,136.2,6.6828
11300.75,147.2,6.7618
11301.75,111.4,6.8348
11302.76,153.3,6.8908
11303.76,104.4,6.9448
11304.77,195.9,7.304
11305.77,121.4,7.304
11306.78,103.4,7.304
11307.78,119.4,7.304
11308.79,115.4,7.304
11309.8,103.4,7.304
11310.8,104.4,7.304
11311.81,100.5,7.304
11312.81,105.4,7.304
11313.82,100.5,7.304
11314.82,112.4,7.304
11315.83,121.3,7.304
11316.83,103.4,7.304
11317.84,102.5,7.304
11318.84,98.5,7.304
11319.85,102.5,7.304
11320.85,131.3,7.304
11321.86,127.3,7.304
11322.86,125.3,7.304
11323.87,103.5,7.304
11324.88,101.5,7.304
11325.88,102.5,7.304
11326.89,115.4,7.304
11327.89,100.5,7.304
11328.9,101.4,7.304
11329.9,117.4,7.304
11330.91,101.5,7.304
11331.91,101.5,7.304
11332.92,128.3,7.304
11333.92,112.4,7.304
11334.93,103.4,7.304
11335.93,101.5,7.304
11336.94,101.5,7.304
11337.94,148.2,7.304
11338.95,138.3,7.3058
11339.96,101.5,7.3058
11340.96,101.5,7.3058
11341.97,100.5,7.3058
11342.97,119.4,7.3058
11343.98,105.4,7.3058
11344.98,106.7,7.3058
11345.98,100.5,7.3058
11346.99,100.5,7.3058
11347.99,100.5,7.3058
11349.0,109.4,7.3058
11350.01,100.5,7.3058
11351.01,101.5,7.3058
11352.02,106.5,7.3058
11353.02,105.4,7.3058
11354.03,105.5,7.3058
11355.03,99.5,7.3058
11356.04,140.3,7.3058
11357.04,101.5,7.3058
11358.05,101.5,7.3058
11359.05,185.0,7.3058
11360.06,142.3,7.3058
11361.06,101.4,7.3058
11362.07,102.5,7.3058
11363.07,100.5,7.3058
11364.08,100.4,7.3058
11365.08,100.5,7.3058
11366.09,100.5,7.3058
11367.1,100.5,7.3058
11368.1,101.5,7.3058
11369.11,101.5,7.3058
11370.11,100.5,7.3058
11371.12,102.5,7.3058
11372.12,99.5,7.3058
11373.13,102.5,7.3061
11374.13,99.5,7.3061
11375.14,100.5,7.3061
11376.14,101.5,7.3061
11377.15,105.4,7.348
11378.15,101.5,7.3997
11379.16,123.3,7.4061
11380.16,101.5,7.4061
11381.17,100.5,7.4061
11382.18,206.9,7.8163
11383.18,102.5,7.8163
11384.19,101.5,7.8163
11385.19,103.4,7.8795
11386.2,100.5,7.9163
11387.2,100.5,7.9163
11388.21,101.5,7.9163
11389.21,100.5,7.9163
11390.22,102.5,7.9163
11391.22,99.5,7.9163
11392.23,109.4,7.9163
11393.23,104.4,7.9163
11394.24,101.5,7.9163
11395.25,99.5,7.9163
11396.25,101.5,7.9163
11397.26,100.5,7.9163
11398.26,102.5,7.9163
11399.27,100.5,7.9163
11400.27,100.5,7.9163
11401.28,101.5,7.9163
11402.28,102.5,7.9163
11403.29,101.5,7.9163
11404.29,99.5,7.9163
11405.3,102.4,7.9163
11406.3,99.5,7.9163
11407.31,101.5,7.9163
11408.32,100.5,7.9163
11409.32,104.4,7.9163
11410.33,102.4,7.9163
11411.33,100.5,7.9163
11412.34,101.5,7.9163
11413.34,99.5,7.9163
11414.35,101.5,7.9163
11415.35,101.5,7.9163
11416.36,100.5,7.9163
11417.36,101.5,7.9163
11418.37,101.4,7.9163
11419.38,100.5,7.9163
11420.38,101.5,7.9163
11421.39,108.4,7.9163
11422.39,100.4,7.9163
11423.4,101.5,7.9163
11424.4,101.5,7.9163
11425.41,101.5,7.9163
11426.41,104.4,7.9163
11427.42,100.5,7.9163
11428.42,100.5,7.9163
11429.43,101.5,7.9163
11430.44,100.5,7.9163
11431.44,102.5,7.9163
11432.45,100.5,7.9163
11433.45,100.5,7.9165
11434.46,101.5,7.9165
11435.46,100.5,7.9165
11436.47,99.5,7.9165
11437.47,100.5,7.9165
11438.48,101.5,7.9165
11439.48,99.5,7.9165
11440.49,100.5,7.9165
11441.49,191.0,7.9165
11442.5,280.7,7.9169
11443.5,166.1,7.9169
11444.51,103.5,7.9169
11445.51,103.5,7.9169
11446.52,103.5,7.9169
11447.52,108.4,7.9169
11448.53,102.5,7.9169
11449.53,181.2,7.9909
11450.54,100.5,7.9909
11451.54,101.5,7.9909
11452.55,103.5,7.9909
11453.55,101.5,7.9909
11454.56,108.4,7.9909
11455.56,101.5,7.9909
11456.57,189.1,7.9909
11457.57,301.4,8.0621
11458.58,219.9,8.1045
11459.59,201.9,8.1046
11460.59,330.5,8.1171
11461.59,202.1,8.1174
11462.6,102.5,8.0642
11463.6,100.5,8.0642
11464.61,100.5,8.0642
11465.61,105.5,8.0642
11466.62,101.5,8.0642
11467.63,100.5,8.0642
11468.63,100.5,8.0642
11469.64,176.1,8.0695
11470.64,100.5,8.0695
11471.65,99.5,8.0695
11472.65,100.5,8.0695
11473.66,101.5,8.0695
11474.66,101.5,8.0695
11475.67,100.5,8.0695
11476.67,100.5,8.0695
11477.68,100.5,8.0695
11478.68,187.1,8.4475
11479.69,100.5,8.4475
11480.69,101.5,8.4475
11481.7,106.4,8.4475
11482.7,102.7,8.4475
11483.71,99.5,8.4475
11484.71,101.6,8.4475
11485.71,100.5,8.4475
11486.72,99.5,8.4475
11487.73,101.5,8.4475
11488.73,157.6,8.9386
11489.73,196.0,9.2033
11490.74,101.5,9.2035
11491.74,106.5,9.2035
11492.75,99.5,9.2035
11493.75,101.5,9.2035
11494.76,101.5,9.2035
11495.76,99.5,9.2035
11496.77,100.5,9.2035
11497.77,100.5,9.2035
11498.78,102.5,9.2035
11499.78,124.4,9.2527
11500.79,99.5,9.2527
11501.79,101.5,9.2527
11502.8,100.5,9.2529
11503.8,100.5,9.2529
11504.81,99.5,9.2529
11505.81,101.5,9.2529
11506.82,99.5,9.2529
11507.82,100.5,9.2529
11508.83,100.5,9.2529
11509.83,102.5,9.2534
11510.84,101.5,9.2534
11511.84,99.5,9.2534
11512.85,100.5,9.2534
11513.85,100.5,9.2534
11514.86,102.5,9.2534
11515.86,100.5,9.2534
11516.87,100.5,9.2534
11517.88,99.5,9.2534
11518.88,101.5,9.2534
11519.89,100.5,9.2536
11520.89,100.5,9.2536
11521.9,101.5,9.2536
11522.9,101.5,9.2536
11523.91,101.5,9.2536
11524.91,100.5,9.2536
11525.92,100.5,9.2536
11526.92,99.5,9.2536
11527.93,101.5,9.2536
11528.93,100.5,9.2536
11529.94,102.5,9.2536
11530.94,99.5,9.2536
11531.95,101.5,9.2536
11532.95,101.5,9.2536
11533.96,99.5,9.2536
11534.96,101.5,9.2536
11535.97,99.5,9.2536
11536.97,100.5,9.2536
11537.98,100.5,9.2536
11538.98,100.5,9.2536
11539.99,101.5,9.2536
11540.99,100.5,9.2536
11542.0,100.5,9.2536
11543.0,101.5,9.2536
11544.01,101.5,9.2536
11545.01,100.5,9.2536
11546.02,100.5,9.2536
11547.02,101.5,9.2536
11548.03,120.4,9.2536
11549.03,101.5,9.2536
11550.04,102.6,9.2542
11551.04,100.5,9.2542
11552.05,100.5,9.2542
11553.05,99.5,9.2542
11554.06,100.5,9.2542
11555.06,99.5,9.2542
11556.07,101.5,9.2542
11557.07,100.5,9.2542
11558.08,100.5,9.2542
11559.08,100.5,9.2542
11560.09,103.5,9.2542
11561.09,99.7,9.2542
11562.1,100.5,9.2542
11563.1,100.6,9.2542
11564.11,100.5,9.2542
11565.11,101.5,9.2542
11566.12,101.5,9.2542
11567.12,0.0,2.1878
11568.13,1410.9,2.0687
11569.13,298.1,2.2393
11570.13,2.0,2.1258
11571.13,330.2,2.2795
11572.14,2.0,2.0494
11573.14,302.8,2.2304
11574.15,338.9,2.3533
11575.15,1.0,2.1605
11576.15,328.9,2.2968
11577.16,277.7,2.5205
11578.16,1.0,2.1207
11579.17,302.1,2.2579
11580.17,4.0,1.9702
11581.18,282.6,2.2352
11582.18,315.3,2.5589
11583.19,301.4,2.8943
11584.19,294.4,3.2251
11585.2,335.9,3.3869
11586.2,353.2,3.6796
11587.21,316.4,3.9488
11588.21,311.4,4.241
11589.22,306.3,4.5302
11590.22,306.4,4.7248
11591.23,300.4,4.9113
11592.23,299.4,5.0826
11593.24,301.4,5.2702
11594.24,308.5,5.4016
11595.25,311.3,5.6002
11596.25,308.3,5.7189
11597.26,302.0,5.8313
11598.26,304.6,5.9574
11599.27,283.4,6.0852
11600.27,169.4,6.1861
11601.28,161.1,6.282
11602.28,165.1,6.3599
11603.29,155.1,6.4439
11604.29,113.4,6.5213
11605.3,103.5,6.5695
11606.3,125.3,6.6477
11607.31,144.2,6.7429
11608.31,104.4,6.8263
11609.32,132.6,7.0622
11610.32,205.9,7.3825
11611.33,135.3,7.3858
11612.33,108.4,7.3858
11613.34,104.4,7.3858
11614.34,104.4,7.3858
11615.35,106.5,7.3858
11616.36,105.4,7.3858
11617.36,114.4,7.3858
11618.37,100.4,7.3858
11619.37,111.4,7.3858
11620.38,113.4,7.3858
11621.38,144.3,7.4171
11622.39,103.4,7.4858
11623.39,112.4,7.4858
11624.4,106.6,7.4858
11625.4,103.5,7.4858
11626.41,100.5,7.4858
11627.41,102.4,7.4858
11628.42,133.3,7.4858
11629.42,101.5,7.4858
11630.43,99.5,7.4858
11631.43,100.5,7.4858
11632.44,103.4,7.4858
11633.44,137.2,7.4858
11634.45,101.4,7.4858
11635.46,100.5,7.4858
11636.46,99.5,7.4858
11637.47,101.4,7.4858
11638.47,102.5,7.4858
11639.48,100.5,7.4858
11640.48,102.4,7.4858
11641.49,227.8,7.4858
11642.49,124.3,7.4879
11643.5,104.4,7.4879
11644.5,118.4,7.4879
11645.51,101.5,7.4879
11646.52,102.5,7.4879
11647.52,113.4,7.488
11648.53,101.4,7.488
11649.53,100.5,7.488
11650.54,100.5,7.488
11651.54,100.5,7.488
11652.55,101.5,7.488
11653.55,100.5,7.4882
11654.56,107.4,7.4882
11655.56,100.5,7.4882
11656.57,103.5,7.4882
11657.57,103.4,7.4882
11658.58,102.4,7.4882
11659.58,100.5,7.4882
11660.59,104.5,7.4882
11661.6,100.5,7.4882
11662.6,100.5,7.4882
11663.61,109.4,7.4882
11664.61,101.5,7.4882
11665.62,99.5,7.4882
11666.62,100.5,7.4882
11667.63,119.4,7.4882
11668.63,100.5,7.4883
11669.64,104.4,7.4883
11670.64,101.4,7.4883
11671.65,103.5,7.4883
11672.65,104.4,7.4883
11673.66,101.4,7.4883
11674.66,100.7,7.4883
11675.67,101.5,7.4883
11676.67,102.4,7.4883
11677.68,126.3,7.4883
11678.68,100.5,7.4883
11679.69,107.4,7.4883
11680.69,101.5,7.4883
11681.7,110.4,7.4883
11682.7,120.4,7.4883
11683.71,100.5,7.4883
11684.72,102.5,7.4883
11685.72,99.5,7.4883
11686.73,102.5,7.4883
11687.73,99.5,7.4883
11688.73,101.7,7.4883
11689.74,99.5,7.4883
11690.75,99.5,7.4883
11691.75,101.5,7.4883
11692.76,102.5,7.4883
11693.76,99.7,7.4883
11694.76,116.4,7.4883
11695.77,100.5,7.4883
11696.77,113.4,7.4883
11697.78,101.5,7.4883
11698.79,101.5,7.4883
11699.79,100.5,7.4883
11700.8,100.5,7.4883
11701.8,100.5,7.4883
11702.81,103.5,7.4883
11703.81,100.4,7.4883
11704.82,100.5,7.4883
11705.82,102.4,7.4883
11706.83,104.4,7.4883
11707.83,102.4,7.4883
11708.84,100.5,7.4883
11709.84,102.5,7.4883
11710.85,234.7,8.0195
11711.86,101.5,8.0195
11712.86,101.5,8.0195
11713.87,100.5,8.0195
11714.87,99.5,8.0195
11715.88,101.3,8.0264
11716.88,100.6,8.0476
11717.89,101.5,8.0568
11718.89,132.3,8.0672
11719.9,101.5,8.0809
11720.9,100.5,8.0933
11721.91,100.7,8.111
11722.91,133.3,8.1178
11723.92,136.3,8.1178
11724.92,100.4,8.1178
11725.93,180.5,8.1178
11726.93,118.4,8.1178
11727.94,100.5,8.1178
11728.94,99.5,8.1178
11729.95,100.5,8.1178
11730.95,101.5,8.1178
11731.95,100.8,8.1178
11732.96,100.5,8.1178
11733.97,101.5,8.1178
11734.97,105.4,8.1178
11735.98,99.5,8.1178
11736.98,100.5,8.1178
11737.99,121.4,8.1178
11738.99,101.5,8.1178
11740.0,102.5,8.1178
11741.0,99.5,8.1178
11742.01,101.5,8.1178
11743.01,100.5,8.1178
11744.02,101.5,8.1178
11745.02,101.5,8.1178
11746.03,101.5,8.1178
11747.03,104.4,8.1178
11748.04,100.5,8.1178
11749.05,99.5,8.1178
11750.05,101.5,8.1178
11751.06,101.5,8.1178
11752.06,99.2,8.1178
11753.07,101.5,8.1178
11754.07,101.5,8.1178
11755.08,100.5,8.1178
11756.08,100.5,8.1178
11757.09,100.5,8.1178
11758.09,100.5,8.1178
11759.1,100.6,8.1178
11760.1,104.5,8.1178
11761.11,106.4,8.1178
11762.11,101.5,8.1178
11763.12,99.6,8.1178
11764.12,100.5,8.1178
11765.13,101.5,8.1178
11766.13,100.5,8.1178
11767.14,101.5,8.1178
11768.15,101.5,8.1178
11769.15,100.7,8.1178
11770.15,99.5,8.1178
11771.16,100.6,8.1178
11772.16,101.5,8.1178
11773.17,100.5,8.1178
11774.17,101.5,8.1178
11775.18,100.6,8.1178
11776.18,101.5,8.1178
11777.19,100.5,8.1178
11778.19,101.5,8.1178
11779.2,101.5,8.1178
11780.2,99.5,8.1178
11781.21,100.7,8.1178
11782.21,99.7,8.1178
11783.21,100.5,8.1178
11784.22,101.5,8.1178
11785.23,100.2,8.1178
11786.23,101.4,8.1178
11787.24,100.5,8.1178
11788.24,100.7,8.1178
11789.24,100.7,8.1178
11790.25,100.5,8.1178
11791.25,100.5,8.1178
11792.26,101.5,8.1178
11793.26,99.8,8.118
11794.27,101.5,8.118
11795.27,102.5,8.118
11796.28,104.4,8.118
11797.28,100.5,8.118
11798.29,118.4,8.118
11799.29,100.5,8.118
11800.3,100.5,8.118
11801.3,100.5,8.118
11802.31,99.5,8.118
11803.31,102.5,8.118
11804.32,100.5,8.118
11805.32,100.5,8.118
11806.33,100.5,8.118
11807.34,100.5,8.118
11808.34,101.5,8.118
11809.35,101.5,8.118
11810.35,100.5,8.118
11811.36,100.5,8.118
11812.36,102.6,8.118
11813.36,100.8,8.118
11814.37,100.5,8.118
11815.37,101.5,8.118
11816.38,101.5,8.118
11817.38,99.5,8.118
11818.39,101.5,8.118
11819.39,99.7,8.118
11820.4,103.5,8.118
11821.4,99.5,8.1181
11822.41,100.5,8.1181
11823.41,100.5,8.1181
11824.42,102.5,8.1181
11825.42,99.5,8.1181
11826.43,100.5,8.1181
11827.44,99.5,8.1181
11828.44,102.5,8.1181
11829.45,100.5,8.1181
11830.45,101.5,8.1181
11831.46,101.5,8.1181
11832.46,99.5,8.1183
11833.47,101.5,8.1183
11834.47,100.5,8.1183
11835.48,102.5,8.1183
11836.48,104.5,8.1183
11837.49,107.4,8.1183
11838.49,113.4,8.1183
11839.5,102.5,8.1183
11840.5,100.5,8.1183
11841.51,99.5,8.1183
11842.51,102.5,8.1183
11843.52,99.5,8.1183
11844.52,102.5,8.1183
11845.53,100.5,8.1183
11846.54,99.5,8.1183
11847.54,102.5,8.1183
11848.55,102.4,8.1183
11849.55,99.4,8.1183
11850.56,101.5,8.1183
11851.56,103.4,8.1183
11852.57,101.5,8.1183
11853.57,100.5,8.1183
11854.58,101.5,8.1183
11855.58,127.3,8.1183
11856.59,100.5,8.1183
11857.59,101.5,8.1183
11858.6,99.5,8.1183
11859.61,100.5,8.1183
11860.61,100.5,8.1183
11861.62,102.5,8.1183
11862.62,99.6,8.1183
11863.62,101.5,8.1186
11864.63,101.5,8.1186
11865.63,101.5,8.1186
11866.64,99.5,8.1186
11867.65,100.5,8.1186
11868.65,101.5,8.1186
11869.66,100.5,8.1186
11870.66,121.4,8.1186
11871.67,101.5,8.1186
11872.67,100.5,8.1186
11873.68,100.5,8.1186
11874.68,101.5,8.1186
11875.69,100.5,8.1186
11876.69,99.5,8.1186
11877.7,102.5,8.1186
11878.7,101.5,8.1186
11879.71,100.5,8.1186
11880.71,101.6,2.0985
11881.71,333.0,2.3382
11882.72,366.9,2.5001
11883.72,2.0,2.2011
11884.72,358.0,2.3896
11885.73,2.0,2.0744
11886.73,313.1,2.2602
11887.74,3.0,2.0724
11888.74,329.1,2.3002
11889.74,365.5,2.4478
11890.75,324.8,2.7074
11891.75,313.4,3.0061
11892.76,287.7,3.2018
11893.76,147.2,3.2828
11894.77,129.4,3.3389
11895.77,104.5,3.3904
11896.78,107.4,3.4926
11897.78,118.4,3.6259
11898.79,102.6,3.7085
11899.79,100.5,3.7868
11900.8,100.5,3.8127
11901.8,101.4,3.8313
11902.81,145.2,3.8766
11903.81,9.0,2.1388
11904.81,309.5,2.3248
11905.82,346.2,1.9921
11906.82,5.0,2.2521
11907.83,326.8,2.3593
11908.83,1.0,2.2484
11909.84,345.2,2.4228
11910.84,214.8,2.8073
11911.85,247.4,3.2041
11912.86,301.4,3.6727
11913.86,295.4,4.1172
11914.87,172.1,4.5714
11915.87,103.5,5.0371
11916.88,102.4,5.5162
11917.88,131.3,5.9948
11918.89,200.0,6.3541
11919.89,178.1,6.7005
11920.9,122.4,7.0556
11921.9,110.5,7.1901
11922.91,102.5,7.2077
11923.91,99.5,7.2077
11924.92,101.5,7.2077
11925.92,104.5,7.2077
11926.93,104.5,7.2077
11927.93,100.5,7.2077
11928.94,100.5,7.2077
11929.94,101.5,7.2077
11930.95,120.4,7.2077
11931.95,106.4,7.2078
11932.96,109.4,7.2915
11933.96,100.5,7.2915
11934.97,101.5,7.2915
11935.97,101.5,7.2915
11936.98,101.5,7.2917
11937.98,100.5,7.2917
11938.99,99.5,7.2917
11939.99,106.5,7.2919
11941.0,100.5,7.2919
11942.0,100.5,7.2919
11943.01,111.7,1.9925
11944.01,1.0,2.2564
11945.02,355.1,2.4413
11946.02,176.1,2.7354
11947.03,217.9,3.0418
11948.03,290.6,3.4309
11949.04,274.5,3.921
11950.04,242.8,4.3712
11951.05,235.7,4.8419
11952.05,193.0,5.243
11953.06,114.4,5.693
11954.06,104.5,6.1168
11955.07,106.5,6.5766
11956.07,176.2,7.0107
11957.08,102.5,7.1637
11958.08,103.5,7.1637
11959.09,101.5,7.1637
11960.09,100.5,7.1637
11961.1,100.5,7.1637
11962.1,100.5,7.2637
11963.11,101.5,7.2637
11964.11,105.5,7.2637
11965.12,99.6,7.2637
11966.12,109.5,7.3462
11967.13,101.5,7.3462
11968.13,100.5,7.3462
11969.14,100.5,7.3462
11970.14,100.5,7.3462
11971.15,100.5,7.3463
11972.15,101.5,7.3463
11973.16,116.4,7.3466
11974.16,158.2,7.3466
11975.17,120.4,1.9927
11976.17,3.0,2.1515
11977.17,309.1,2.3013
11978.18,293.2,2.5866
11979.18,177.1,2.8827
11980.19,213.9,3.1928
11981.19,265.8,3.5505
11982.2,239.7,3.9042
11983.2,141.3,4.3535
11984.21,284.5,4.7352
11985.21,174.5,5.1476
11986.22,106.5,5.5692
11987.22,103.5,6.0031
11988.23,104.5,6.4434
11989.23,122.4,6.8892
11990.24,114.4,7.0943
11991.24,103.5,7.1944
11992.25,100.5,7.1944
11993.25,102.5,7.1944
11994.26,99.5,7.1944
11995.26,106.4,7.1944
11996.27,101.6,7.1944
11997.27,102.5,7.1944
11998.28,102.5,7.1944
11999.28,102.7,7.1944
12000.28,106.6,7.2197
12001.29,102.5,7.2775
12002.3,101.2,7.2775
12003.3,100.4,7.2775
12004.31,101.5,7.2777
12005.31,100.5,7.2777
12006.32,139.3,7.278
12007.32,163.3,7.278
12008.33,1497.7,2.0957
12009.33,302.6,2.2687
12010.33,334.9,2.3951
12011.34,1.0,2.2343
12012.34,303.1,2.3605
12013.35,344.2,2.5962
12014.35,332.2,2.8034
12015.36,263.6,3.0018
12016.36,183.0,3.2191
12017.37,295.6,3.4422
12018.37,2.0,2.1853
12019.37,307.2,2.3401
12020.38,341.5,1.998
12021.38,3.0,2.2411
12022.39,335.0,2.3853
12023.39,353.6,2.6226
12024.4,327.4,2.957
12025.4,316.3,3.3017
12026.41,6.0,2.1175
12027.41,333.2,2.3873
12028.42,297.1,2.5037
12029.42,339.2,2.7412
12030.43,293.5,2.0062
12031.43,1465.9,2.3097
12032.43,355.7,2.5129
12033.44,347.9,2.7274
12034.44,326.1,2.9613
12035.44,4.0,2.1919
12036.45,348.1,2.4703
12037.45,361.0,2.6593
12038.45,327.3,2.9017
12039.46,3.0,2.1378
12040.46,335.3,2.4276
12041.46,353.0,2.5583
12042.47,341.2,2.8246
12043.48,9.0,2.1405
12044.48,333.2,2.3879
12045.48,329.1,2.5405
12046.49,359.2,2.7536
12047.49,328.0,2.9849
12048.49,8.0,2.2286
12049.5,333.2,2.4883
12050.5,359.1,2.6785
12051.5,332.0,2.9699
12052.51,1.0,2.2821
12053.51,327.0,2.4292
12054.51,345.3,2.7313
12055.52,311.3,3.076
12056.52,155.3,3.5136
12057.53,119.4,3.9743
12058.53,102.5,4.4504
12059.54,114.4,4.9167
12060.54,102.5,5.3941
12061.55,104.5,5.8811
12062.55,100.5,6.3645
12063.56,100.5,6.8522
12064.56,120.4,7.1162
12065.57,101.5,7.2163
12066.57,102.5,7.2163
12067.58,102.5,7.2163
12068.58,101.5,7.2163
12069.59,100.5,7.2163
12070.59,101.5,7.2163
12071.6,100.5,7.2163
12072.61,100.5,7.2163
12073.61,111.5,7.3133
12074.61,101.5,7.3133
12075.62,100.6,7.3133
12076.62,100.5,7.3133
12077.63,100.4,7.3133
12078.64,120.4,7.3134
12079.64,126.4,7.3134
12080.65,196.0,7.3398
12081.65,100.6,7.3398
12082.66,101.5,7.3237
12083.66,105.5,7.324
12084.67,99.5,7.324
12085.67,101.5,7.324
12086.68,101.5,7.324
12087.68,100.4,7.318
12088.69,101.5,7.318
12089.69,100.5,7.318
12090.7,101.5,7.318
12091.7,100.5,7.318
12092.71,101.5,7.318
12093.71,101.5,7.318
12094.72,99.5,7.318
12095.72,100.5,7.318
12096.73,99.5,7.318
12097.73,100.6,7.318
12098.74,101.5,7.318
12099.74,101.5,7.318
12100.75,99.5,7.318
12101.75,100.5,7.318
12102.76,100.5,7.318
12103.76,101.5,7.318
12104.77,100.5,7.318
12105.77,99.5,7.318
12106.78,101.5,7.318
12107.78,100.4,7.318
12108.79,100.5,7.318
12109.79,100.5,7.318
12110.8,99.5,7.318
12111.8,101.5,7.318
12112.81,99.5,7.318
12113.81,113.4,7.3187
12114.82,100.5,7.3187
12115.82,103.5,7.3187
12116.83,99.5,7.3187
12117.84,101.4,7.3187
12118.84,101.6,7.3187
12119.84,109.4,7.3187
12120.85,102.5,7.3187
12121.85,100.5,7.3187
12122.86,98.5,7.3187
12123.87,100.5,7.3187
12124.87,102.5,7.3187
12125.88,100.5,7.3187
12126.88,102.5,7.3187
12127.89,101.6,7.3187
12128.89,101.5,7.3187
12129.9,100.5,7.3187
12130.9,101.5,7.3187
12131.91,101.5,7.3187
12132.91,99.5,7.3187
12133.92,101.5,7.3187
12134.92,101.5,7.3187
12135.93,100.5,7.3187
12136.93,100.5,7.3187
12137.94,100.5,7.3187
12138.94,100.5,7.3187
12139.95,100.5,7.3187
12140.95,100.5,7.3187
12141.96,99.5,7.3187
12142.96,102.5,7.3187
12143.97,101.5,7.3187
12144.97,99.5,7.3187
12145.98,100.5,7.3187
12146.98,100.5,7.3187
12147.99,101.5,7.3187
12148.99,100.5,7.3187
12150.0,100.5,7.3187
12151.0,105.5,7.3187
12152.01,99.5,7.3187
12153.01,100.5,7.319
12154.02,101.5,7.319
12155.02,100.5,7.319
12156.03,100.5,7.319
12157.03,99.5,7.319
12158.04,102.5,7.319
12159.04,99.5,7.319
12160.05,100.5,7.319
12161.05,100.5,7.319
12162.06,101.5,7.319
12163.07,99.5,7.319
12164.07,101.5,7.319
12165.08,100.5,7.319
12166.08,99.5,7.319
12167.09,100.5,7.319
12168.09,100.5,7.319
12169.09,100.6,7.319
12170.1,101.5,7.319
12171.1,99.5,7.319
12172.11,102.5,7.319
12173.12,99.5,7.319
12174.12,99.5,7.319
12175.13,101.5,7.319
12176.13,101.5,7.319
12177.14,99.5,7.319
12178.14,100.5,7.319
12179.15,101.5,7.319
12180.15,99.5,7.319
12181.16,101.5,7.319
12182.16,100.5,7.319
12183.17,99.6,7.319
12184.17,100.6,7.319
12185.17,101.5,7.319
12186.18,101.5,7.319
12187.18,99.5,7.319
12188.19,101.5,7.319
12189.19,99.5,7.319
12190.2,100.5,7.319
12191.2,100.5,7.319
12192.21,100.5,7.319
12193.21,101.5,7.319
12194.22,100.5,7.319
12195.22,101.5,7.319
12196.23,100.5,7.319
12197.23,100.5,7.319
12198.24,99.5,7.319
12199.24,99.5,7.319
12200.25,103.5,7.319
12201.26,101.5,7.319
12202.26,99.5,7.319
12203.27,100.5,7.319
12204.27,100.5,7.319
12205.28,99.5,7.319
12206.28,100.5,7.319
12207.29,101.5,7.319
12208.29,100.5,7.319
12209.3,99.5,7.319
12210.3,100.5,7.319
12211.31,102.5,7.319
12212.31,99.5,7.319
12213.32,100.5,7.319
12214.32,100.5,7.319
12215.33,100.5,7.319
12216.33,99.5,7.319
12217.34,100.5,7.319
12218.34,101.5,7.319
12219.35,100.5,7.319
12220.35,99.5,7.319
12221.36,101.5,7.319
12222.36,102.5,7.319
12223.37,101.5,7.3192
12224.37,99.5,7.3192
12225.38,99.5,7.3192
12226.38,101.5,7.3192
12227.39,100.6,7.3192
12228.39,101.3,7.3192
12229.4,99.5,7.3192
12230.4,99.5,7.3192
12231.41,100.5,7.3192
12232.41,100.5,7.3192
12233.42,101.5,7.3192
12234.42,101.5,7.3192
12235.43,99.5,7.3192
12236.43,100.5,7.3192
12237.44,101.5,7.3192
12238.44,101.4,7.3192
12239.45,99.5,7.3192
12240.45,100.5,7.3192
12241.46,101.5,7.3192
12242.46,100.5,7.3192
12243.47,100.5,7.3192
12244.48,100.5,7.3192
12245.48,100.5,7.3192
12246.49,100.5,7.3192
12247.49,100.5,7.3192
12248.5,99.5,7.3192
12249.5,101.5,7.3192
12250.51,100.5,7.3192
12251.51,99.5,7.3192
12252.52,101.5,7.3192
12253.52,101.5,7.3192
12254.53,100.5,7.3192
12255.53,99.5,7.3192
12256.54,102.5,7.3192
12257.54,99.5,7.3192
12258.55,102.4,7.3192
12259.55,100.5,7.3192
12260.56,100.5,7.3192
12261.56,101.5,7.3192
12262.57,101.5,7.3192
12263.57,99.4,7.3192
12264.58,100.6,7.3192
12265.58,99.6,7.3192
12266.59,101.5,7.3192
12267.59,101.5,7.3192
12268.6,99.3,7.3192
12269.6,101.5,7.3192
12270.61,131.3,7.3285
12271.61,101.6,7.3285
12272.62,99.5,7.3233
12273.63,101.3,7.3233
12274.63,101.5,7.3233
12275.64,100.6,7.3233
12276.64,99.5,7.3233
12277.65,101.5,7.3233
12278.65,99.6,7.3233
12279.65,99.6,7.3233
12280.66,100.6,7.3233
12281.66,100.6,7.3233
12282.67,104.5,7.3235
12283.67,102.5,7.3235
12284.68,99.5,7.3235
12285.68,100.5,7.3235
12286.69,101.5,7.3235
12287.69,99.5,7.3235
12288.7,101.5,7.3235
12289.7,99.5,7.3235
12290.71,100.5,7.3235
12291.71,104.5,7.3235
12292.72,106.5,7.3235
12293.72,100.6,7.3238
12294.73,100.6,7.3238
12295.73,100.5,7.3238
12296.74,101.5,7.3238
12297.74,99.6,7.3238
12298.74,101.5,7.3238
12299.75,98.5,7.3238
12300.75,101.5,7.3238
12301.76,100.5,7.3238
12302.76,100.5,7.3238
12303.77,100.5,7.3238
12304.77,106.5,7.3238
12305.78,101.5,7.3238
12306.78,100.5,7.3238
12307.79,100.5,7.3238
12308.8,100.4,7.3238
12309.8,99.5,7.3238
12310.81,102.5,7.3238
12311.81,100.5,7.3238
12312.82,100.5,7.3238
12313.82,99.5,7.3238
12314.83,100.5,7.3238
12315.83,101.5,7.3238
12316.84,100.5,7.3238
12317.84,99.5,7.3238
12318.85,101.4,7.3238
12319.85,100.5,7.3238
12320.86,99.5,7.3238
12321.86,101.5,7.3238
12322.87,100.5,7.3238
12323.87,100.4,7.3238
12324.88,100.5,7.3238
12325.88,100.5,7.3238
12326.89,101.5,7.3238
12327.89,100.5,7.3238
12328.9,100.4,7.3238
12329.9,100.5,7.3238
12330.91,100.5,7.3238
12331.91,100.5,7.3238
12332.92,102.5,7.3238
12333.92,99.6,7.3238
12334.93,100.5,7.3238
12335.93,100.5,7.3238
12336.94,101.6,7.3238
12337.94,99.5,7.3238
12338.95,100.5,7.3238
12339.95,100.5,7.3238
12340.96,100.5,7.3238
12341.96,100.5,7.3238
12342.97,101.5,7.3238
12343.97,99.4,7.3238
12344.98,100.6,7.3238
12345.98,101.6,7.3238
12346.99,100.5,7.3238
12347.99,101.5,7.3238
12349.0,100.5,7.3238
12350.0,99.5,7.3238
12351.01,102.5,7.3238
12352.01,102.7,2.1521
12353.01,302.0,2.3305
12354.02,352.2,2.5001
12355.02,2.0,2.2641
12356.02,358.4,2.4115
12357.03,4.0,2.1573
12358.03,344.7,2.43
12359.04,350.9,2.5754
12360.04,347.9,2.7789
12361.04,2.0,2.1532
12362.05,313.3,2.3652
12363.05,359.2,2.5142
12364.06,342.2,2.7821
12365.06,3.0,2.1595
12366.07,342.2,2.412
12367.07,341.8,2.526
12368.07,355.2,2.0494
12369.08,2.0,2.2727
12370.08,329.0,2.4183
12371.08,354.2,2.6259
12372.09,341.2,2.8998
12373.09,298.6,2.0535
12374.1,2178.8,2.2865
12375.1,331.0,2.4143
12376.11,346.3,2.636
12377.11,323.6,2.9029
12378.11,320.8,3.1395
12379.12,314.4,3.4371
12380.12,246.7,3.8518
12381.13,220.9,4.2546
12382.13,275.8,4.4046
12383.14,215.9,4.5483
12384.15,101.4,4.6114
12385.15,104.5,4.6928
12386.15,105.5,4.7561
12387.16,99.5,4.8102
12388.16,102.5,4.8562
12389.17,106.4,4.9091
12390.18,99.5,4.9594
12391.18,101.6,4.9975
12392.19,100.5,5.0294
12393.19,101.5,5.0617
12394.2,100.5,5.0891
12395.2,99.6,5.1167
12396.2,100.5,5.1444
12397.21,100.5,5.1673
12398.21,100.5,5.1907
12399.22,100.5,5.2143
12400.22,100.5,5.2339
12401.23,100.5,5.2552
12402.23,101.5,5.2781
12403.24,99.5,5.3025
12404.24,100.5,5.3253
12405.25,99.5,5.3426
12406.26,101.5,5.3625
12407.26,101.5,5.381
12408.27,99.5,5.3959
12409.27,100.5,5.416
12410.27,99.7,5.4291
12411.28,101.5,5.4442
12412.28,101.5,5.4593
12413.29,99.7,5.4749
12414.29,101.5,5.4912
12415.29,101.5,5.506
12416.3,100.5,5.5219
12417.3,100.5,5.5372
12418.31,101.5,5.5496
12419.32,101.5,5.5624
12420.32,99.5,5.5767
12421.33,100.5,5.5895
12422.33,101.5,5.6054
12423.34,99.5,5.623
12424.34,99.5,5.6378
12425.35,100.5,5.6541
12426.35,103.5,5.6691
12427.36,100.5,5.6821
12428.36,100.5,5.6944
12429.37,99.5,5.7072
12430.37,100.5,5.7195
12431.38,99.5,5.7321
12432.38,100.5,5.7436
12433.39,102.5,5.756
12434.39,101.5,5.768
12435.4,99.5,5.7798
12436.4,101.5,5.7904
12437.41,100.5,5.8016
12438.41,100.5,5.8124
12439.42,100.5,5.8228
12440.42,100.5,5.8336
12441.43,100.5,5.8443
12442.43,101.5,5.8575
12443.44,99.5,5.8717
12444.44,100.5,5.8822
12445.45,101.5,5.8944
12446.45,100.5,5.906
12447.46,99.5,5.9183
12448.46,100.5,5.9278
12449.47,99.5,5.9401
12450.48,102.5,5.9531
12451.48,100.5,5.9627
12452.49,100.5,5.9733
12453.49,100.5,5.9826
12454.49,99.7,5.9918
12455.5,99.5,6.0013
12456.5,101.5,6.012
12457.51,102.5,6.0206
12458.51,99.5,6.0306
12459.52,100.5,6.037
12460.52,100.5,6.0471
12461.53,99.5,6.0558
12462.53,100.5,6.0659
12463.54,100.5,6.0739
12464.54,100.5,6.0837
12465.55,100.5,6.0935
12466.55,100.5,6.1038
12467.56,101.5,6.1133
12468.57,100.5,6.1234
12469.57,100.6,6.1329
12470.57,102.5,6.1422
12471.58,100.7,6.1491
12472.58,100.5,6.1574
12473.59,99.5,6.1645
12474.59,100.5,6.1722
12475.6,100.5,6.182
12476.6,101.5,6.1911
12477.61,99.5,6.1978
12478.61,100.5,6.2062
12479.62,102.5,6.2128
12480.62,98.5,6.2194
12481.63,102.5,6.2291
12482.63,100.5,6.238
12483.64,99.5,6.2446
12484.64,101.5,6.2513
12485.65,100.5,6.2582
12486.65,99.5,6.2661
12487.66,100.5,6.2718
12488.66,101.5,6.2797
12489.67,100.5,6.2874
12490.68,101.5,6.2951
12491.68,99.5,6.3027
12492.69,100.5,6.3094
12493.69,101.5,6.3175
12494.7,100.5,6.3219
12495.7,100.5,6.3284
12496.71,100.5,6.3353
12497.71,100.5,6.3426
12498.72,99.5,6.3499
12499.72,100.5,6.3564
12500.73,100.5,6.3641
12501.73,102.5,6.3716
12502.74,100.5,6.3786
12503.74,100.5,6.3864
12504.75,100.5,6.3934
12505.75,100.5,6.4015
12506.76,100.5,6.4095
12507.76,101.5,6.4161
12508.77,99.5,6.4239
12509.77,99.5,6.4304
12510.78,101.5,6.4356
12511.78,100.5,6.4419
12512.79,99.5,6.4474
12513.79,101.5,6.4532
12514.8,100.5,6.4583
12515.8,101.5,6.4652
12516.81,99.5,6.4705
12517.81,100.5,6.475
12518.82,101.5,6.4824
12519.82,100.5,6.4872
12520.83,99.5,6.493
12521.84,101.5,6.499
12522.84,100.5,6.506
12523.85,101.5,6.5108
12524.85,99.5,6.5183
12525.86,100.5,6.5228
12526.86,99.5,6.5299
12527.86,101.7,6.5374
12528.87,101.5,6.5424
12529.87,99.5,6.5477
12530.88,101.5,6.555
12531.88,99.5,6.56
12532.89,101.5,6.567
12533.89,99.6,6.5721
12534.9,100.6,6.5788
12535.9,99.5,6.5845
12536.91,102.5,6.5916
12537.91,101.5,6.5965
12538.92,99.5,6.6019
12539.92,100.5,6.6078
12540.93,100.5,6.6123
12541.93,100.5,6.6192
12542.94,101.5,6.6229
12543.94,101.5,6.6288
12544.95,99.5,6.6341
12545.95,99.5,6.641
12546.96,101.5,6.6448
12547.96,100.5,6.6508
12548.97,100.5,6.6557
12549.98,99.5,6.6637
12550.98,100.5,6.6687
12551.99,100.5,6.6754
12552.99,101.5,6.6815
12554.0,100.5,6.6882
12555.0,100.5,6.6928
12556.01,100.5,6.6995
12557.01,100.5,6.706
12558.01,100.7,6.712
12559.02,99.5,6.7179
12560.02,102.5,6.724
12561.03,100.5,6.7311
12562.03,100.7,6.7361
12563.04,101.5,6.7427
12564.04,100.5,6.7476
12565.05,99.5,6.7525
12566.05,101.5,6.759
12567.06,100.5,6.7633
12568.06,99.5,6.7692
12569.07,101.5,6.7737
12570.08,101.3,6.7776
12571.08,101.5,6.7833
12572.09,100.5,6.7879
12573.09,100.5,6.7944
12574.1,99.5,6.7992
12575.1,101.5,6.8057
12576.11,99.5,6.8104
12577.11,101.5,6.8147
12578.12,100.5,6.8209
12579.12,99.5,6.826
12580.13,100.4,6.829
12581.13,100.5,6.8325
12582.14,100.5,6.8382
12583.14,102.5,6.8433
12584.15,99.5,6.8475
12585.15,100.5,6.8533
12586.16,100.5,6.8581
12587.16,101.5,6.8644
12588.17,100.5,6.8677
12589.17,99.5,6.8721
12590.18,101.6,6.8759
12591.18,101.5,6.8806
12592.19,99.5,6.8866
12593.19,101.5,6.8919
12594.2,99.6,6.8972
12595.2,100.4,6.9037
12596.21,100.5,6.9082
12597.21,101.5,6.9143
12598.22,99.5,6.9195
12599.22,100.5,6.9253
12600.23,101.5,6.9298
12601.23,99.5,6.9361
12602.24,100.5,6.9411
12603.24,99.5,6.9459
12604.25,102.5,6.9494
12605.26,100.4,6.9531
12606.26,99.5,6.9578
12607.27,102.5,6.9613
12608.27,100.5,6.965
12609.28,100.5,6.9695
12610.28,101.4,6.973
12611.29,100.5,6.9776
12612.29,101.5,6.9819
12613.3,99.5,6.9856
12614.3,100.5,6.9894
12615.31,100.5,6.9933
12616.31,100.5,6.9994
12617.32,100.5,7.0031
12618.32,100.5,7.0059
12619.33,101.5,7.0108
12620.33,99.5,7.0151
12621.34,100.5,7.0213
12622.34,100.5,7.0236
12623.35,100.5,7.0285
12624.35,100.5,7.0338
12625.36,100.5,7.0372
12626.36,101.5,7.0417
12627.37,115.7,7.0892
12628.37,106.5,7.1072
12629.38,100.5,7.1072
12630.38,99.3,7.1072
12631.39,101.5,7.1072
12632.39,99.5,7.1072
12633.4,101.5,7.1072
12634.4,101.5,7.1072
12635.41,99.5,7.1072
12636.41,100.5,7.109
12637.42,100.5,7.1158
12638.42,100.5,7.1211
12639.43,100.5,7.1249
12640.43,99.5,7.1316
12641.44,101.5,7.1357
12642.44,99.5,7.1425
12643.45,102.5,7.1462
12644.46,99.5,7.1515
12645.46,100.5,7.1565
12646.47,100.5,7.1633
12647.47,101.5,7.1676
12648.48,101.5,7.1724
12649.48,99.5,7.1774
12650.49,100.5,7.1842
12651.49,100.5,7.1902
12652.5,101.5,7.196
12653.5,99.5,7.2023
12654.51,101.5,7.2072
12655.51,100.5,7.2072
12656.52,100.5,7.2072
12657.52,100.5,7.2072
12658.53,101.5,7.2072
12659.53,99.5,7.2072
12660.54,100.5,7.2072
12661.54,99.5,7.2072
12662.55,101.5,7.2072
12663.55,101.5,7.2075
12664.56,100.5,7.2075
12665.56,99.5,7.2075
12666.57,100.5,7.2075
12667.57,100.5,7.2075
12668.58,100.5,7.2075
12669.58,100.6,7.2075
12670.59,101.5,7.2075
12671.59,100.5,7.2075
12672.6,99.6,7.2075
12673.6,102.6,2.1747
12674.6,297.4,2.3376
12675.61,356.5,2.5317
12676.61,254.7,2.7063
12677.62,128.6,2.7768
12678.62,4.0,2.2528
12679.62,321.2,2.436
12680.63,361.3,2.6195
12681.63,332.6,2.8691
12682.63,313.5,3.2057
12683.64,308.3,3.5143
12684.64,306.6,3.836
12685.65,312.5,4.101
12686.66,294.4,4.4555
12687.66,211.9,4.8888
12688.67,299.6,5.3593
12689.67,234.9,5.8289
12690.68,103.4,6.3098
12691.68,110.4,6.7901
12692.69,127.3,7.1936
12693.69,102.5,7.2894
12694.7,117.4,7.2894
12695.7,101.5,7.2894
12696.71,103.5,7.2894
12697.71,101.5,7.2894
12698.72,111.4,7.2894
12699.72,101.5,7.2894
12700.73,99.5,7.2894
12701.73,111.4,7.2894
12702.74,116.5,7.4152
12703.74,102.5,7.4152
12704.75,100.5,7.4152
12705.75,101.5,7.4152
12706.76,101.5,7.4154
12707.76,99.5,7.4154
12708.77,102.5,7.4154
12709.77,100.5,7.4154
12710.78,117.4,7.4164
12711.78,99.5,7.4164
12712.79,100.5,7.4164
12713.79,100.5,7.4164
12714.8,105.4,7.4165
12715.81,100.5,7.4165
12716.81,100.5,7.4165
12717.82,102.5,7.4165
12718.82,115.4,7.4167
12719.83,100.5,7.4167
12720.83,101.5,7.4167
12721.84,102.5,7.4168
12722.84,101.5,7.417
12723.85,100.6,7.417
12724.85,99.5,7.417
12725.86,101.5,7.417
12726.86,99.5,7.417
12727.87,114.5,7.417
12728.87,101.5,7.417
12729.88,100.5,7.417
12730.88,99.5,7.417
12731.89,101.6,7.417
12732.89,100.5,7.417
12733.9,101.5,7.417
12734.9,101.5,7.417
12735.91,99.5,7.417
12736.91,117.4,7.4958
12737.92,101.5,7.4958
12738.92,100.5,7.4958
12739.93,100.5,7.4958
12740.93,99.5,7.4958
12741.94,102.5,7.4958
12742.94,99.5,7.4958
12743.95,100.5,7.4958
12744.95,101.5,7.4958
12745.96,101.5,7.7001
12746.96,99.5,8.2049
12747.97,100.5,8.6356
12748.98,132.3,8.9031
12749.98,100.5,8.9031
12750.99,100.5,8.9031
12751.99,101.5,8.9031
12753.0,99.5,8.9031
12754.0,101.5,8.9031
12755.01,101.5,8.9031
12756.01,101.5,8.9031
12757.02,99.5,8.9031
12758.02,99.5,8.9031
12759.03,102.5,8.9031
12760.03,101.5,8.9047
12761.04,99.4,8.9047
12762.05,100.5,8.9047
12763.05,101.5,8.9047
12764.06,101.5,8.9047
12765.06,100.5,8.9047
12766.07,99.6,8.9047
12767.07,100.5,8.9047
12768.08,102.5,8.9047
12769.08,100.5,8.9047
12770.09,100.5,8.9047
12771.09,100.5,8.9047
12772.1,100.5,8.9047
12773.1,102.5,8.9047
12774.11,99.5,8.9047
12775.11,99.5,8.9047
12776.12,101.5,8.9047
12777.12,100.5,8.9047
12778.13,99.5,8.9047
12779.13,101.5,8.9047
12780.14,99.5,8.9047
12781.15,102.5,8.9056
12782.15,100.5,8.9056
12783.16,99.5,8.9056
12784.16,99.5,8.9056
12785.17,101.6,8.9056
12786.17,101.5,8.9056
12787.18,101.5,8.9056
12788.18,102.5,8.9056
12789.19,101.5,8.9056
12790.19,101.5,8.9056
12791.2,99.5,8.9056
12792.2,100.6,8.9064
12793.21,101.5,8.9066
12794.21,101.6,8.9066
12795.22,100.5,8.9066
12796.22,99.5,8.9066
12797.23,100.6,8.9066
12798.23,100.5,8.9066
12799.24,101.5,8.9066
12800.24,99.5,8.9066
12801.25,100.6,8.9066
12802.25,101.5,8.9066
12803.26,101.5,8.9069
12804.26,99.5,8.9069
12805.27,100.6,8.9069
12806.27,100.5,8.9069
12807.28,100.5,8.9069
12808.28,100.5,8.9069
12809.29,99.5,8.9069
12810.29,100.5,8.9069
12811.3,101.5,8.9069
12812.3,99.5,8.9069
12813.31,101.6,8.9069
12814.31,103.5,8.9072
12815.32,100.5,8.9072
12816.32,100.5,8.9072
12817.33,101.6,8.9072
12818.33,101.5,8.9072
12819.34,99.5,8.9072
12820.34,101.5,8.9072
12821.35,101.5,8.9072
12822.35,99.5,8.9072
12823.36,100.5,8.9072
12824.36,100.5,8.9072
12825.37,100.6,8.9077
12826.37,100.5,8.9077
12827.38,101.5,8.9077
12828.38,99.5,8.9077
12829.39,100.6,8.9077
12830.39,100.5,8.9077
12831.4,101.5,8.9077
12832.4,100.5,8.9077
12833.41,102.5,8.9077
12834.41,100.5,8.9077
12835.42,100.5,8.9083
12836.42,101.5,8.9083
12837.43,100.5,8.9083
12838.43,99.5,8.9083
12839.44,101.5,8.9083
12840.44,100.5,8.9083
12841.45,100.5,8.9083
12842.45,100.5,8.9083
12843.46,102.5,8.9083
12844.46,99.5,8.9083
12845.47,100.5,8.9083
12846.47,104.5,8.9085
12847.48,99.5,8.9085
12848.48,101.5,8.9085
12849.49,100.5,8.9085
12850.49,100.5,8.9085
12851.5,99.5,8.9085
12852.5,100.6,8.9085
12853.51,101.5,8.9085
12854.51,100.5,8.9085
12855.52,100.5,8.9085
12856.52,101.5,8.9085
12857.53,100.5,8.9085
12858.53,102.5,8.9089
12859.54,100.5,8.9089
12860.55,99.5,8.9089
12861.55,101.5,8.9089
12862.56,99.5,8.9089
12863.56,102.5,8.9091
12864.57,102.5,8.9091
12865.57,99.5,8.9091
12866.58,100.5,8.9091
12867.58,101.5,8.9091
12868.59,99.5,8.9094
12869.59,100.5,8.9094
12870.6,100.5,8.9094
12871.6,102.5,8.9096
12872.61,99.5,8.9096
12873.61,101.5,8.9096
12874.62,99.6,8.9096
12875.62,100.5,8.9096
12876.63,101.5,8.9096
12877.63,100.5,8.9096
12878.64,100.6,8.9096
12879.64,101.5,8.9099
12880.65,101.5,8.9099
12881.65,99.5,8.9099
12882.66,101.5,8.9099
12883.66,100.5,8.9099
12884.67,101.5,8.9099
12885.67,100.5,8.9099
12886.68,100.5,8.9099
12887.68,100.5,8.9099
12888.69,99.5,8.9099
12889.7,100.5,8.9099
12890.7,100.5,8.9104
12891.71,101.5,8.9104
12892.71,101.5,8.9104
12893.72,100.5,8.9104
12894.72,101.5,8.9104
12895.73,99.5,8.9104
12896.73,100.5,8.9104
12897.74,101.5,8.9104
12898.74,100.5,8.9104
12899.75,99.5,8.9104
12900.75,100.5,8.9104
12901.76,101.5,8.9111
12902.76,99.5,8.9111
12903.77,100.5,8.9111
12904.78,99.5,8.9111
12905.78,100.5,8.9111
12906.79,101.5,8.9111
12907.79,99.5,8.9111
12908.8,101.5,8.9111
12909.8,99.5,8.9111
12910.81,101.5,8.9111
12911.81,100.5,8.9112
12912.82,100.5,8.9112
12913.82,101.5,8.9112
12914.83,101.5,8.9112
12915.83,100.5,8.9112
12916.84,101.5,8.9112
12917.84,99.5,8.9112
12918.85,101.5,8.9112
12919.85,99.5,8.9112
12920.86,101.5,8.9112
12921.86,100.5,8.9112
12922.87,101.5,8.9118
12923.87,100.5,8.9118
12924.88,100.5,8.9118
12925.88,99.5,8.9118
12926.89,100.5,8.9118
12927.89,100.5,8.9118
12928.9,100.5,8.9118
12929.9,100.5,8.9118
12930.91,100.5,8.9118
12931.92,100.5,8.9118
12932.92,102.5,8.912
12933.93,100.5,8.9124
12934.93,101.5,8.9124
12935.93,99.5,8.9124
12936.94,103.5,8.9124
12937.95,98.5,8.9124
12938.95,100.6,8.9124
12939.95,101.5,8.9124
12940.96,99.5,8.9124
12941.97,101.5,8.9124
12942.97,101.6,8.9124
12943.97,101.5,8.9124
12944.98,100.5,8.9124
12945.99,101.5,8.9304
12946.99,100.6,8.9304
12947.99,101.5,8.9304
12949.0,99.5,8.9304
12950.01,101.5,8.9304
12951.01,100.6,8.9305
12952.01,99.5,8.9305
12953.02,103.5,8.9305
12954.03,99.5,8.9305
12955.03,100.5,8.9305
12956.04,100.4,8.9305
12957.04,101.8,8.9311
12958.04,100.5,8.9311
12959.05,99.5,8.9311
12960.05,101.6,8.9311
12961.06,100.5,8.9311
12962.06,99.5,8.9311
12963.07,101.4,8.9311
12964.08,100.5,8.9311
12965.08,101.5,8.9311
12966.08,100.7,8.9311
12967.09,101.2,8.9311
12968.1,100.6,8.9485
12969.1,101.7,8.9485
12970.1,100.7,8.9487
12971.11,99.5,8.9487
12972.11,100.5,8.9487
12973.12,100.5,8.9487
12974.12,102.5,8.9487
12975.13,99.5,8.9487
12976.13,99.5,8.9487
12977.14,100.5,8.9487
12978.14,106.5,2.1692
12979.15,310.0,2.4267
12980.15,326.0,2.6363
12981.15,364.9,2.824
12982.16,328.8,3.0579
12983.16,309.1,3.2839
12984.16,303.9,3.5104
12985.16,304.1,3.7209
12986.17,302.5,3.8948
12987.18,300.3,4.0527
12988.18,301.8,4.2225
12989.18,300.0,4.4157
12990.19,303.4,4.5582
12991.19,317.1,4.7636
12992.2,234.9,5.1636
12993.2,107.4,5.3985
12994.2,157.4,5.5571
12995.21,100.5,5.7489
12996.21,102.5,5.9365
12997.22,99.5,6.1094
12998.23,100.5,6.2732
12999.23,101.5,6.4621
13000.24,100.5,6.6411
13001.24,113.4,6.8096
13002.25,100.6,6.9876
13003.25,139.3,7.2085
13004.25,101.6,7.2605
13005.26,99.5,7.2605
13006.27,101.5,7.2605
13007.27,100.6,7.3552
13008.27,101.5,7.3606
13009.28,100.5,7.3607
13010.29,101.5,7.3607
13011.29,100.5,7.3607
13012.3,100.5,7.3607
13013.3,100.5,7.3607
13014.3,101.7,7.3607
13015.31,99.5,7.3607
13016.31,102.5,7.3607
13017.32,100.7,7.3607
13018.32,100.5,7.3607
13019.32,101.7,7.3607
13020.33,100.7,7.3607
13021.33,99.7,7.3607
13022.33,101.7,7.3607
13023.34,100.5,7.3607
13024.34,109.4,7.3607
13025.35,101.5,7.3607
13026.35,99.5,7.3607
13027.36,101.5,7.3607
13028.36,129.3,7.5377
13029.37,100.5,7.5377
13030.37,100.5,7.5377
13031.38,99.5,7.5377
13032.39,101.5,7.5377
13033.39,100.5,7.5377
13034.4,100.5,7.5377
13035.4,100.5,7.5377
13036.41,99.5,7.5377
13037.41,103.5,7.5377
13038.42,101.5,7.5377
13039.42,101.5,7.5377
13040.43,99.5,7.5377
13041.43,100.5,7.5377
13042.44,100.5,7.5377
13043.44,102.5,7.5377
13044.45,99.5,7.5377
13045.45,100.5,7.5377
13046.46,101.5,7.5377
13047.46,100.5,7.5377
13048.47,99.5,7.5377
13049.47,102.5,7.5377
13050.48,99.5,7.5377
13051.48,101.5,7.5377
13052.49,100.5,7.5377
13053.49,100.5,7.5377
13054.5,105.5,7.5377
13055.5,100.5,7.5377
13056.51,101.5,7.5377
13057.51,99.5,7.5377
13058.52,100.5,7.5377
13059.53,101.5,7.5377
13060.53,100.5,7.5377
13061.54,100.5,7.5377
13062.54,100.5,7.5377
13063.55,100.5,7.5377
13064.55,101.5,7.5377
13065.56,100.5,7.5377
13066.56,100.5,7.5377
13067.57,100.5,7.5377
13068.57,100.5,7.5377
13069.58,101.5,7.5377
13070.58,99.5,7.5377
13071.59,100.5,7.5377
13072.59,100.5,7.5377
13073.6,100.5,7.5379
13074.6,102.5,7.5379
13075.61,100.5,7.5379
13076.61,100.5,7.5379
13077.62,101.5,7.5379
13078.62,101.5,7.5379
13079.63,99.5,7.5379
13080.63,100.5,7.5379
13081.64,100.5,7.5379
13082.64,98.5,7.5379
13083.65,101.5,7.5379
13084.66,101.5,7.5379
13085.66,99.5,7.5379
13086.67,100.5,7.5379
13087.67,100.5,7.5379
13088.68,99.5,7.5379
13089.68,101.5,7.5379
13090.69,127.3,7.5385
13091.69,101.5,7.5385
13092.7,100.5,7.5385
13093.7,101.5,7.5385
13094.71,100.5,7.5385
13095.71,100.5,7.5385
13096.72,100.5,7.5385
13097.72,101.5,7.5385
13098.73,99.5,7.5385
13099.73,100.5,7.5385
13100.74,100.5,7.5385
13101.74,100.5,7.5385
13102.75,100.5,7.5385
13103.76,100.5,7.5385
13104.76,99.5,7.5385
13105.77,103.5,7.5385
13106.77,101.5,7.5385
13107.78,102.5,7.5385
13108.78,100.5,7.5385
13109.79,101.5,7.5385
13110.79,99.5,7.5385
13111.8,100.5,7.5385
13112.8,100.6,7.5385
13113.81,99.5,7.5385
13114.81,128.5,7.5406
13115.82,100.5,7.5406
13116.82,101.5,7.5406
13117.83,99.5,7.5406
13118.83,100.5,7.5406
13119.84,100.5,7.5406
13120.84,100.5,7.5406
13121.85,100.5,7.5406
13122.85,102.5,7.5406
13123.86,99.5,7.5406
13124.86,100.5,7.5406
13125.87,100.5,7.5406
13126.87,104.5,7.5406
13127.88,100.5,7.5406
13128.88,99.5,7.5406
13129.89,100.5,7.5406
13130.9,102.5,7.5406
13131.9,99.5,7.5406
13132.91,100.5,7.5406
13133.91,123.4,7.541
13134.92,99.5,7.541
13135.92,101.5,7.541
13136.93,100.5,7.541
13137.93,100.5,7.541
13138.94,101.6,7.541
13139.94,100.5,7.541
13140.95,100.5,7.541
13141.95,99.5,7.541
13142.96,101.5,7.541
13143.96,100.5,7.541
13144.97,100.5,7.541
13145.97,98.5,7.541
13146.98,102.5,7.541
13147.98,100.5,7.541
13148.99,100.5,7.541
13149.99,100.5,7.541
13151.0,100.5,7.541
13152.0,101.5,7.541
13153.01,100.5,7.5413
13154.01,100.5,7.5413
13155.02,100.5,7.5413
13156.02,100.5,7.5413
13157.03,100.5,7.5413
13158.03,99.7,7.5413
13159.04,100.7,7.5413
13160.04,99.5,7.5413
13161.05,100.5,7.5413
13162.05,100.5,7.5413
13163.06,102.5,7.5413
13164.06,101.7,7.5413
13165.06,100.5,7.5413
13166.07,100.5,7.5413
13167.07,99.5,7.5413
13168.08,100.5,7.5413
13169.08,99.5,7.5413
13170.09,100.5,7.5413
13171.09,100.5,7.5413
13172.1,100.5,7.5413
13173.1,100.5,7.5413
13174.11,101.5,7.5413
13175.12,99.5,7.5413
13176.12,100.5,7.5413
13177.13,100.5,7.5413
13178.13,101.5,7.5413
13179.14,100.5,7.5413
13180.14,99.5,7.5413
13181.15,100.6,7.5413
13182.15,101.5,7.5413
13183.16,101.5,7.5413
13184.16,99.5,7.5413
13185.17,101.5,7.5413
13186.17,99.5,7.5413
13187.18,100.5,7.5413
13188.18,101.5,7.5413
13189.19,99.5,7.5413
13190.19,100.5,7.5413
13191.2,146.3,7.5413
13192.2,103.4,7.5413
13193.21,165.1,7.6726
13194.21,102.5,7.6726
13195.22,99.5,7.6726
13196.22,101.5,7.6726
13197.23,101.5,7.6726
13198.23,101.5,7.6726
13199.24,99.5,7.6726
13200.25,100.5,7.6726
13201.25,100.6,7.6726
13202.25,101.5,7.6726
13203.26,103.5,7.6726
13204.27,100.5,7.6726
13205.27,101.6,7.6726
13206.27,100.5,7.6726
13207.28,101.5,7.6726
13208.29,100.5,7.6726
13209.29,101.5,7.6726
13210.3,99.5,7.6726
13211.3,100.5,7.6726
13212.31,101.5,7.6726
13213.31,99.5,7.6726
13214.32,100.5,7.6726
13215.32,100.6,7.6726
13216.33,99.6,7.6726
13217.33,101.5,7.6726
13218.34,100.5,7.6726
13219.34,102.5,7.6726
13220.35,100.6,7.6726
13221.35,99.6,7.6726
13222.35,100.5,7.6726
13223.36,100.5,7.6729
13224.37,101.5,7.6729
13225.37,99.5,7.6729
13226.38,101.5,7.6729
13227.38,99.5,7.6729
13228.39,101.5,7.6729
13229.39,100.5,7.6729
13230.4,101.5,7.6729
13231.4,100.5,7.6729
13232.41,100.5,7.6729
13233.41,100.5,7.6729
13234.42,100.5,7.6729
13235.42,101.5,7.6729
13236.43,100.5,7.6729
13237.43,99.5,7.6729
13238.44,101.5,7.6729
13239.44,102.5,7.6729
13240.45,98.5,7.6729
13241.45,100.5,7.6729
13242.46,102.5,7.6729
13243.46,101.5,7.6729
13244.47,100.5,7.6729
13245.47,100.7,7.6729
13246.48,100.5,7.6729
13247.48,100.5,7.6729
13248.49,101.5,7.6729
13249.49,99.5,7.6729
13250.5,100.5,7.6729
13251.5,102.5,7.6729
13252.51,98.5,7.6729
13253.51,105.5,7.6729
13254.52,101.5,7.6729
13255.52,101.5,7.6729
13256.53,100.5,7.6729
13257.53,99.5,7.6729
13258.54,100.5,7.6729
13259.54,101.5,7.6729
13260.55,102.5,7.6729
13261.56,99.5,7.6729
13262.56,99.5,7.6729
13263.57,100.5,7.673
13264.57,100.5,7.673
13265.57,100.5,7.673
13266.58,102.5,7.673
13267.59,103.5,7.673
13268.59,100.6,7.673
13269.59,101.5,7.673
13270.6,101.5,7.673
13271.61,99.5,7.673
13272.61,101.6,7.6834
13273.61,102.5,7.7618
13274.62,99.6,7.8533
13275.62,101.5,7.9384
13276.63,103.5,7.9786
13277.64,98.5,8.0271
13278.64,2.0,2.2403
13279.64,306.4,2.5697
13280.65,349.8,2.7069
13281.65,352.9,2.9209
13282.66,321.3,3.1408
13283.66,311.3,3.3907
13284.67,314.6,3.6393
13285.67,303.3,3.8361
13286.68,302.2,3.9996
13287.68,302.6,4.1446
13288.69,299.3,4.3279
13289.69,301.3,4.4408
13290.7,306.4,4.5693
13291.7,302.6,4.6801
13292.71,276.5,4.7829
13293.71,192.0,4.8557
13294.72,116.4,2.0655
13295.72,0.0,2.3146
13296.73,347.0,2.4886
13297.73,2.0,2.1845
13298.73,349.0,2.3913
13299.73,1.0,2.1635
13300.74,307.4,2.341
13301.74,331.7,2.4864
13302.75,315.4,2.0659
13303.75,2.0,2.3179
13304.76,1515.5,2.1688
13305.76,300.5,2.3391
13306.76,345.0,2.4782
13307.77,1.0,2.2769
13308.77,2.0,2.1951
13309.78,1486.1,2.1617
13310.78,308.0,2.3466
13311.79,332.4,2.571
13312.79,259.6,2.9205
13313.8,4.0,2.261
13314.8,329.0,2.4324
13315.8,347.3,2.7581
13316.81,324.3,3.0469
13317.81,1.0,2.2573
13318.81,332.1,2.4135
13319.82,348.2,2.6376
13320.82,324.2,2.9078
13321.83,205.0,3.2971
13322.84,185.0,3.7258
13323.84,2.0,2.0673
13324.84,0.0,2.35
13325.85,343.7,2.5369
13326.85,342.9,2.849
13327.85,2.0,2.3104
13328.86,2.0,2.1768
13329.86,335.2,2.4579
13330.87,359.7,2.6424
13331.87,1.0,2.2365
13332.87,342.9,2.4828
13333.88,363.1,2.6707
13334.88,3.0,2.2213
13335.88,335.8,2.4741
13336.89,357.2,2.6255
13337.89,3.0,2.191
13338.89,341.9,2.4453
13339.9,352.2,2.0681
13340.9,2.0,2.3276
13341.91,334.9,2.4326
13342.91,2.0,2.29
13343.91,322.0,2.4227
13344.92,2.0,2.3104
13345.92,307.2,2.4087
13346.92,1.0,2.2897
13347.93,307.1,2.3956
13348.93,2.0,2.2561
13349.93,342.1,2.4494
13350.93,3.0,2.2611
13351.94,321.0,2.3931
13352.94,0.0,2.3033
13353.95,1.0,2.1538
13354.95,299.9,2.3347
13355.95,2.0,2.2199
13356.96,325.0,2.3839
13357.96,4.0,2.241
13358.96,3.0,2.0949
13359.97,289.6,2.3333
13360.97,1.0,2.252
13361.98,2.0,2.1669
13362.98,306.3,2.3442
13363.99,3.0,2.1667
13364.99,311.3,2.3562
13366.0,379.0,2.5316
13367.0,332.2,2.7878
13368.01,191.1,2.0703
13369.01,2.0,2.3203
13370.02,319.3,2.4177
13371.02,1.0,2.3201
13372.03,1435.5,2.1782
13373.03,319.0,2.363
13374.03,358.1,2.5906
13375.04,170.1,2.7277
13376.04,124.6,2.8427
13377.05,121.4,2.9137
13378.05,117.5,2.9848
13379.05,119.4,3.0786
13380.06,104.4,3.1758
13381.06,124.6,3.2728
13382.07,2.0,2.2289
13383.07,330.0,2.3761
13384.07,3.0,2.2319
13385.07,305.1,2.3751
13386.08,3468.5,2.2955
13387.08,317.9,2.0713
13388.09,2944.9,2.327
13389.09,2.0,2.1043
13390.1,284.5,2.335
13391.1,319.0,2.4431
13392.1,337.2,2.6475
13393.11,207.0,2.7651
13394.12,2.0,2.1733
13395.12,298.4,2.3325
13396.13,1488.4,2.1583
13397.13,297.4,2.3487
13398.14,343.6,2.4655
13399.14,332.3,2.7171
13400.14,224.9,2.8043
13401.15,113.4,2.8665
13402.16,106.4,2.9294
13403.16,124.3,2.9922
13404.16,2.0,2.2204
13405.17,290.1,2.376
13406.17,342.0,2.5631
13407.17,229.8,2.0715
13408.18,2.0,2.3214
13409.18,300.1,2.4234
13410.18,2.0,2.2003
13411.19,315.2,2.3682
13412.19,14.0,2.2136
13413.19,283.5,2.4597
13414.2,310.3,2.8042
13415.2,254.7,3.1714
13416.21,161.2,3.5458
13417.21,207.0,3.9027
13418.22,193.1,4.3888
13419.22,157.2,4.8776
13420.23,114.4,5.3747
13421.24,112.4,5.8946
13422.24,108.4,6.4115
13423.25,135.3,6.8866
13424.25,302.0,8.0112
13425.25,278.7,8.623
13426.26,236.2,8.6337
13427.26,356.9,8.6372
13428.27,343.2,8.6485
13429.27,318.5,8.6515
13430.28,314.3,8.6506
13431.28,306.3,8.6536
13432.29,304.5,8.6558
13433.29,307.3,8.715
13434.3,303.5,8.7633
13435.3,301.4,8.7687
13436.31,299.6,8.7727
13437.31,302.4,8.773
13438.32,300.4,8.7733
13439.32,301.6,8.7733
13440.33,298.5,8.7742
13441.33,188.4,8.8285
13442.34,323.3,9.8099
13443.34,119.4,9.8732
13444.35,158.2,9.8733
13445.35,211.2,9.8733
13446.35,209.1,9.8735
13447.36,231.7,9.8736
13448.37,152.2,9.8736
13449.37,110.4,9.8737
13450.38,126.3,9.8738
13451.38,134.3,9.8738
13452.39,127.4,9.8738
13453.39,108.4,9.8738
13454.4,107.4,9.8738
13455.4,111.5,9.8738
13456.41,110.4,9.8738
13457.41,165.1,9.8738
13458.42,163.2,9.8738
13459.42,103.4,9.8738
13460.43,112.4,9.8738
13461.43,121.3,9.8738
13462.44,99.5,9.8738
13463.45,105.4,9.8738
13464.45,103.7,9.8738
13465.45,113.4,9.8738
13466.46,103.4,9.8738
13467.46,303.6,9.9888
13468.47,104.5,9.9888
13469.47,106.5,9.9888
13470.48,103.4,9.9888
13471.48,102.5,9.9888
13472.49,102.5,9.9888
13473.5,102.5,9.9888
13474.5,106.4,9.9888
13475.5,120.6,9.9888
13476.51,104.5,9.9888
13477.51,141.3,9.9888
13478.52,100.5,9.9888
13479.52,100.5,9.9888
13480.53,116.4,9.9888
13481.54,104.4,9.9888
13482.54,101.5,9.9888
13483.55,101.5,9.9888
13484.55,107.4,9.9888
13485.56,102.5,9.9888
13486.56,115.4,9.9888
13487.57,104.4,9.9888
13488.57,144.2,9.9888
13489.58,111.4,9.9888
13490.58,106.4,9.9888
13491.59,101.5,9.9888
13492.59,100.5,9.9888
13493.6,100.5,9.989
13494.6,101.5,9.989
13495.61,99.5,9.989
13496.61,102.5,9.989
13497.62,99.5,9.989
13498.63,100.4,9.989
13499.63,104.4,9.989
13500.64,100.5,9.989
13501.64,100.5,9.989
13502.65,101.5,9.989
13503.65,117.4,9.989
13504.66,100.5,9.989
13505.66,102.5,9.989
13506.67,100.5,9.989
13507.67,100.5,9.989
13508.68,105.4,9.989
13509.68,102.5,9.989
13510.69,102.5,9.989
13511.7,108.4,9.989
13512.7,103.4,9.989
13513.71,103.5,9.989
13514.71,101.5,9.989
13515.72,102.5,9.989
13516.72,101.5,9.989
13517.73,101.5,9.989
13518.73,99.5,9.989
13519.74,102.5,9.989
13520.74,100.5,9.989
13521.75,100.5,9.989
13522.75,100.5,9.989
13523.76,103.4,9.989
13524.76,99.5,9.989
13525.77,101.5,9.989
13526.77,103.5,9.989
13527.78,99.5,9.989
13528.79,100.5,9.989
13529.79,101.5,9.989
13530.79,228.3,9.9892
13531.8,224.8,10.1714
13532.8,100.5,10.1714
13533.81,103.3,10.1714
13534.82,100.5,10.1714
13535.82,102.5,10.1714
13536.83,120.4,10.1714
13537.83,104.5,10.1714
13538.84,108.4,10.1714
13539.84,102.5,10.1714
13540.84,101.7,10.1714
13541.85,100.5,10.1714
13542.86,104.4,10.1714
13543.86,99.5,10.1714
13544.87,99.5,10.1714
13545.87,99.5,10.1714
13546.88,105.4,10.1714
13547.88,101.5,10.1714
13548.89,99.5,10.1714
13549.89,100.6,10.1714
13550.9,100.5,10.1714
13551.9,102.5,10.1714
13552.91,101.5,10.1714
13553.91,99.5,10.1714
13554.92,133.3,10.1714
13555.92,162.1,10.1751
13556.93,142.2,10.1763
13557.93,110.7,10.1719
13558.94,99.7,10.1719
13559.94,102.6,10.1719
13560.94,104.7,10.172
13561.94,99.7,10.172
13562.95,100.7,10.1722
13563.95,99.5,10.1722
13564.96,101.5,10.1722
13565.96,100.6,10.1722
13566.97,100.5,10.1722
13567.97,100.5,10.1722
13568.98,100.4,10.1722
13569.98,101.5,10.1722
13570.99,100.5,10.1722
13571.99,100.5,10.1722
13573.0,101.5,10.1722
13574.0,100.5,10.1722
13575.01,101.5,10.1722
13576.01,99.5,10.1722
13577.02,101.5,10.1722
13578.02,99.7,10.1722
13579.02,101.7,10.1722
13580.03,101.5,10.1722
13581.04,101.5,10.1722
13582.04,100.5,10.1722
13583.05,100.5,10.1722
13584.05,101.5,10.1722
13585.06,99.5,10.1722
13586.06,100.5,10.1722
13587.07,100.4,10.1722
13588.07,100.5,10.1722
13589.08,101.5,10.1722
13590.08,100.5,10.1722
13591.09,101.5,10.1722
13592.09,100.5,10.1722
13593.1,101.5,10.1722
13594.1,99.5,10.1722
13595.11,100.5,10.1722
13596.12,99.5,10.1722
13597.12,101.5,10.1722
13598.13,100.5,10.1722
13599.13,99.5,10.1722
13600.14,100.5,10.1722
13601.14,101.5,10.1722
13602.15,101.5,10.1722
13603.15,100.5,10.1722
13604.16,100.5,10.1722
13605.16,100.5,10.1722
13606.17,102.4,10.1722
13607.18,99.5,10.1722
13608.18,101.5,10.1722
13609.19,99.5,10.1722
13610.19,101.5,10.1722
13611.2,99.5,10.1722
13612.2,101.5,10.1722
13613.21,100.5,10.1722
13614.21,100.5,10.1722
13615.22,99.5,10.1722
13616.22,101.5,10.1722
13617.23,100.5,10.1722
13618.23,100.5,10.1722
13619.24,101.6,10.1722
13620.24,100.5,10.1722
13621.25,101.5,10.1722
13622.25,100.5,10.1722
13623.26,100.5,10.1722
13624.26,101.5,10.1722
13625.27,100.5,10.1722
13626.28,101.4,10.1722
13627.28,100.5,10.1722
13628.29,100.5,10.1722
13629.29,101.5,10.1722
13630.3,99.5,10.1722
13631.3,101.5,10.1722
13632.31,100.5,10.1722
13633.31,101.5,10.1725
13634.32,101.5,10.1725
13635.32,100.5,10.1725
13636.33,100.5,10.1725
13637.33,100.5,10.1725
13638.34,103.5,10.1725
13639.34,99.5,10.1725
13640.35,100.4,10.1725
13641.36,99.5,10.1725
13642.36,101.5,10.1725
13643.37,100.5,10.1725
13644.37,101.5,10.1725
13645.38,100.5,10.1725
13646.38,100.5,10.1725
13647.39,99.6,10.1725
13648.39,102.5,10.1725
13649.4,101.5,10.1725
13650.4,99.5,10.1725
13651.41,100.5,10.1725
13652.41,101.5,10.1725
13653.42,102.5,10.1725
13654.42,101.5,10.1725
13655.43,101.5,10.1725
13656.43,99.5,10.1725
13657.44,100.5,10.1725
13658.44,101.5,10.1725
13659.45,102.5,10.1725
13660.46,100.5,10.1725
13661.46,100.5,10.1725
13662.47,101.5,10.1725
13663.47,100.5,10.1725
13664.48,99.5,10.1725
13665.48,100.6,10.1725
13666.49,100.5,10.1725
13667.49,100.7,10.1725
13668.49,99.5,10.1725
13669.5,103.5,10.1725
13670.5,100.5,10.1725
13671.51,99.5,10.1725
13672.52,101.5,10.1725
13673.52,100.5,10.1725
13674.53,101.5,10.1725
13675.53,100.5,10.1725
13676.54,99.5,10.1725
13677.54,102.5,10.1725
13678.55,101.5,10.1725
13679.55,99.5,10.1725
13680.56,101.5,10.1725
13681.56,100.5,10.1725
13682.57,99.5,10.1725
13683.57,100.5,10.1725
13684.58,101.5,10.1725
13685.58,102.5,10.1725
13686.59,99.6,10.1725
13687.59,101.5,10.1725
13688.6,99.5,10.1725
13689.6,101.5,10.1725
13690.61,99.5,10.1725
13691.62,101.5,10.1725
13692.62,99.5,10.1725
13693.63,102.4,10.1725
13694.63,100.5,10.1725
13695.64,101.5,10.1725
13696.64,100.5,10.1725
13697.65,100.5,10.1725
13698.65,101.4,10.1725
13699.66,100.5,10.1725
13700.66,100.5,10.1725
13701.67,101.5,10.1725
13702.68,100.4,10.1725
13703.68,101.5,10.1727
13704.69,101.5,10.1727
13705.69,99.5,10.1727
13706.7,100.5,10.1727
13707.7,100.5,10.1727
13708.71,101.5,10.1727
13709.71,100.5,10.1727
13710.72,100.5,10.1727
13711.72,99.5,10.1727
13712.73,3043.7,2.3091
13713.73,336.2,2.6824
13714.74,313.3,3.1266
13715.74,300.3,3.5718
13716.75,208.0,4.0198
13717.75,279.1,4.4702
13718.76,175.1,4.955
13719.76,113.4,5.4322
13720.77,149.2,5.9265
13721.77,107.4,6.4128
13722.78,140.3,6.8565
13723.78,200.5,7.6754
13724.78,361.1,8.7178
13725.79,218.4,8.8486
13726.79,347.9,8.8507
13727.79,352.9,8.8565
13728.8,316.3,8.8587
13729.8,307.3,8.8609
13730.81,312.3,8.87
13731.82,303.3,8.8716
13732.82,302.3,8.8661
13733.83,304.4,8.8688
13734.83,305.3,8.8703
13735.84,300.4,8.8716
13736.84,302.6,8.8716
13737.85,299.3,8.8776
13738.85,299.4,8.8778
13739.86,303.2,8.8786
13740.86,207.9,8.8788
13741.86,130.5,8.8788
13742.87,322.3,9.8328
13743.88,131.3,9.8328
13744.88,187.0,9.833
13745.89,253.7,9.8332
13746.89,198.0,9.8332
13747.9,224.8,9.8334
13748.9,261.6,9.8336
13749.91,213.8,9.8336
13750.91,204.9,9.8336
13751.92,102.5,9.8336
13752.92,156.3,9.8336
13753.93,117.4,9.8336
13754.93,101.5,9.8336
13755.94,106.4,9.8336
13756.94,150.2,9.8336
13757.95,172.1,9.8336
13758.96,105.4,9.8336
13759.96,128.3,9.8336
13760.97,116.4,9.8336
13761.97,117.4,9.8336
13762.98,102.4,9.8336
13763.98,107.4,9.8336
13764.99,109.4,9.8336
13765.99,195.9,9.8336
13767.0,130.4,9.8336
13768.0,100.5,9.8336
13769.01,135.6,9.8339
13770.01,281.6,9.9532
13771.02,104.6,9.9542
13772.02,103.5,10.0022
13773.03,101.4,10.0025
13774.03,101.5,10.0025
13775.04,103.5,10.0025
13776.04,105.5,10.0025
13777.05,123.3,10.0025
13778.05,106.4,10.0025
13779.06,114.4,10.0025
13780.06,101.5,10.0025
13781.07,102.5,10.0025
13782.07,116.4,10.0025
13783.08,99.5,10.0025
13784.08,102.5,10.0025
13785.09,113.4,10.0025
13786.09,102.5,10.0025
13787.1,100.5,10.0025
13788.1,116.5,10.0025
13789.11,101.5,10.0025
13790.12,100.4,10.0025
13791.12,100.5,10.0025
13792.13,100.5,10.0025
13793.13,101.5,10.0025
13794.14,99.5,10.0025
13795.14,101.5,10.0025
13796.15,99.5,10.0025
13797.15,101.5,10.0025
13798.16,101.5,10.0025
13799.16,100.5,10.0025
13800.17,104.4,10.0025
13801.17,100.5,10.0025
13802.18,100.5,10.0025
13803.18,118.4,10.0025
13804.19,103.4,10.0025
13805.2,115.4,10.0025
13806.2,100.5,10.0025
13807.2,101.7,10.0025
13808.21,106.5,10.0025
13809.21,106.5,10.0025
13810.22,104.4,10.0025
13811.22,99.5,10.0025
13812.23,103.5,10.0025
13813.24,101.5,10.0025
13814.24,99.5,10.0025
13815.25,100.5,10.0025
13816.25,101.5,10.0025
13817.26,101.5,10.0025
13818.26,101.5,10.0025
13819.27,99.5,10.0025
13820.27,101.5,10.0025
13821.28,107.4,10.0025
13822.28,102.6,10.0025
13823.29,102.5,10.0025
13824.29,99.5,10.0025
13825.3,101.5,10.0025
13826.3,100.5,10.0025
13827.31,105.4,10.0025
13828.31,100.4,10.0025
13829.32,101.5,10.0025
13830.32,170.4,10.0028
13831.33,285.5,10.171
13832.33,100.5,10.171
13833.34,102.5,10.171
13834.34,101.5,10.171
13835.35,106.4,10.171
13836.36,101.5,10.171
13837.36,100.5,10.171
13838.37,105.4,10.171
13839.37,99.5,10.171
13840.38,101.5,10.171
13841.38,104.4,10.171
13842.39,99.5,10.171
13843.39,105.4,10.1712
13844.4,100.5,10.1712
13845.4,100.5,10.1712
13846.41,102.5,10.1712
13847.41,150.3,10.1749
13848.42,99.5,10.1681
13849.42,101.5,10.1681
13850.43,99.5,10.1681
13851.43,103.5,10.1681
13852.44,99.6,10.1681
13853.44,100.5,10.1681
13854.45,99.5,10.1681
13855.46,101.5,10.1681
13856.46,101.5,10.1681
13857.46,100.5,10.1681
13858.47,99.5,10.1681
13859.48,101.5,10.1681
13860.48,100.5,10.1681
13861.49,101.5,10.1681
13862.49,101.5,10.1681
13863.5,102.5,10.1681
13864.5,100.5,10.1681
13865.51,99.5,10.1681
13866.51,101.5,10.1681
13867.52,101.5,10.1682
13868.52,102.5,10.1682
13869.53,100.5,10.1682
13870.53,99.5,10.1682
13871.54,101.5,10.1682
13872.54,101.5,10.1682
13873.55,100.5,10.1682
13874.56,103.4,10.1682
13875.56,100.5,10.1682
13876.57,100.5,10.1682
13877.57,101.5,10.1682
13878.58,100.5,10.1682
13879.58,100.5,10.1682
13880.59,100.5,10.1682
13881.59,101.5,10.1682
13882.6,101.5,10.1682
13883.6,100.5,10.1682
13884.61,102.5,10.1682
13885.61,99.5,10.1682
13886.62,103.5,10.1682
13887.62,99.5,10.1682
13888.63,101.4,10.1682
13889.63,99.5,10.1682
13890.64,101.5,10.1682
13891.64,99.5,10.1682
13892.65,102.5,10.1682
13893.65,106.4,10.1682
13894.66,100.5,10.1682
13895.66,101.5,10.1682
13896.67,99.5,10.1682
13897.68,101.5,10.1684
13898.68,99.5,10.1684
13899.69,101.5,10.1684
13900.69,100.5,10.1684
13901.7,100.5,10.1684
13902.7,99.5,10.1684
13903.71,102.5,10.1684
13904.71,99.5,10.1684
13905.72,100.5,10.1684
13906.72,101.5,10.1684
13907.73,100.5,10.1684
13908.73,101.6,10.1684
13909.74,99.5,10.1684
13910.74,101.5,10.1684
13911.75,102.5,10.1684
13912.75,99.5,10.1684
13913.76,100.4,10.1684
13914.76,100.5,10.1684
13915.77,102.5,10.1684
13916.78,99.5,10.1684
13917.78,100.5,10.1684
13918.79,102.5,10.1684
13919.79,99.5,10.1684
13920.8,99.5,10.1684
13921.8,101.5,10.1684
13922.81,99.5,10.1687
13923.81,101.5,10.1687
13924.82,100.5,10.1687
13925.82,100.5,10.1687
13926.83,100.5,10.1687
13927.83,102.5,10.1689
13928.84,100.5,10.1689
13929.84,99.5,10.1689
13930.85,104.4,10.1689
13931.85,99.4,10.1689
13932.86,100.5,10.1689
13933.87,100.5,10.1689
13934.87,100.5,10.1689
13935.88,100.5,10.1689
13936.88,100.5,10.1689
13937.89,100.5,10.1689
13938.89,100.5,10.1689
13939.9,100.5,10.1689
13940.9,100.5,10.1689
13941.91,100.5,10.1689
13942.91,101.5,10.1689
13943.92,101.5,10.1689
13944.92,100.5,10.1689
13945.93,99.5,10.1689
13946.94,102.5,10.1689
13947.94,100.5,10.1689
13948.95,100.5,10.1689
13949.95,100.5,10.1689
13950.96,100.5,10.1689
13951.96,100.5,10.1689
13952.97,98.5,10.1689
13953.97,102.5,10.1689
13954.98,100.5,10.1689
13955.98,99.5,10.1689
13956.99,100.5,10.1689
13957.99,101.5,10.1689
13959.0,100.5,10.1689
13960.0,102.5,10.1689
13961.01,100.5,10.1689
13962.02,99.5,10.1689
13963.02,103.5,10.1689
13964.03,101.5,10.1689
13965.03,100.5,10.1689
13966.04,99.5,10.1689
13967.04,100.5,10.1689
13968.05,101.5,10.1689
13969.05,99.5,10.1689
13970.06,100.5,10.1689
13971.06,99.5,10.1689
13972.07,102.5,10.1689
13973.07,100.5,10.1689
13974.08,100.5,10.1689
13975.09,102.5,10.1689
13976.09,100.5,10.1689
13977.1,99.5,10.1689
13978.1,101.5,10.1689
13979.11,99.5,10.1689
13980.11,101.5,10.1689
13981.12,100.5,10.1689
13982.12,101.6,10.1689
13983.13,99.5,10.1689
13984.13,101.5,10.1689
13985.14,100.5,10.1689
13986.14,101.5,10.1689
13987.15,100.5,10.1689
13988.15,100.5,10.1689
13989.16,101.5,10.1689
13990.16,99.5,10.1689
13991.17,102.5,10.1689
13992.18,100.5,10.1689
13993.18,100.5,10.1692
13994.19,101.5,10.1692
13995.19,100.5,10.1692
13996.2,100.5,10.1692
13997.2,99.5,10.1692
13998.21,101.5,10.1692
13999.21,99.5,10.1692
14000.22,102.5,10.1692
14001.22,99.5,10.1692
14002.23,102.5,10.1692
14003.23,99.5,10.1692
14004.24,102.5,10.1692
14005.24,100.5,10.1692
14006.25,103.5,10.1692
14007.26,99.5,10.1692
14008.26,101.5,10.1692
14009.27,100.5,10.1692
14010.27,100.5,10.1692
14011.28,100.5,10.1692
14012.28,100.5,2.2327
14013.29,261.6,2.3986
14014.29,3.0,2.2633
14015.29,340.0,2.6059
14016.3,361.9,2.7356
14017.3,333.9,2.9292
14018.31,321.5,3.1758
14019.31,312.3,3.4276
14020.32,305.4,3.631
14021.32,310.4,3.8169
14022.33,305.5,3.9586
14023.33,321.3,4.2546
14024.34,149.3,4.632
14025.34,132.5,5.0217
14026.35,134.3,5.424
14027.35,104.4,5.8544
14028.36,103.5,6.3001
14029.36,117.4,6.741
14030.36,135.6,7.2458
14031.37,106.5,7.3104
14032.37,100.5,7.3874
14033.38,101.5,7.4104
14034.39,100.5,7.4104
14035.39,99.6,7.4104
14036.39,100.5,7.4104
14037.4,100.5,7.4104
14038.41,101.5,7.4104
14039.41,100.5,7.4104
14040.41,100.6,7.4104
14041.42,123.4,7.5775
14042.42,102.5,7.5775
14043.43,101.5,7.5777
14044.44,104.5,7.5779
14045.44,100.5,7.5779
14046.44,99.6,7.5779
14047.45,103.5,7.5779
14048.45,101.5,7.5779
14049.46,126.3,7.5795
14050.47,99.5,7.5795
14051.47,120.5,7.5796
14052.47,99.5,7.5796
14053.48,100.5,7.5796
14054.49,100.5,7.5796
14055.49,100.5,7.5796
14056.5,99.5,7.5796
14057.5,101.5,7.5796
14058.51,120.4,7.5796
14059.51,100.5,7.5796
14060.52,99.5,7.5796
14061.52,100.5,7.5796
14062.53,100.6,7.5796
14063.53,100.5,7.5798
14064.54,100.5,7.5798
14065.54,102.5,7.5798
14066.55,101.5,7.5798
14067.55,120.4,7.5798
14068.56,100.5,7.5798
14069.56,100.6,7.5798
14070.57,101.5,7.5798
14071.57,101.5,7.5798
14072.58,100.5,7.5798
14073.58,99.6,7.5798
14074.59,100.5,7.5798
14075.59,101.5,7.5798
14076.6,123.3,7.6989
14077.6,99.6,7.6989
14078.61,101.5,7.6989
14079.61,100.5,7.6989
14080.62,100.6,7.6989
14081.62,100.5,7.6989
14082.63,100.5,7.6989
14083.63,100.4,7.6989
14084.64,100.5,7.6989
14085.64,100.5,7.6989
14086.65,101.5,7.6991
14087.65,100.5,8.1658
14088.66,101.5,8.5337
14089.66,144.2,8.9698
14090.67,100.5,8.9699
14091.67,101.5,8.9699
14092.68,100.7,8.9699
14093.68,99.6,8.9699
14094.69,100.5,8.9699
14095.69,101.5,8.9699
14096.7,101.5,8.9699
14097.7,100.5,8.9699
14098.71,101.5,8.9699
14099.71,99.5,8.9699
14100.72,100.5,8.9699
14101.72,101.5,8.9703
14102.73,99.5,8.9703
14103.73,102.5,8.9703
14104.74,101.5,8.9703
14105.74,101.5,8.9703
14106.75,99.5,8.9703
14107.75,100.5,8.9703
14108.76,100.5,8.9703
14109.77,100.5,8.9703
14110.77,101.5,8.9703
14111.78,99.5,8.9703
14112.78,100.5,8.9703
14113.79,101.5,8.9703
14114.79,99.5,8.9703
14115.8,100.5,8.9703
14116.8,102.5,8.9703
14117.81,99.5,8.9703
14118.81,101.5,8.9703
14119.82,99.5,8.9703
14120.82,101.5,8.9703
14121.83,99.5,8.9703
14122.83,101.5,8.9703
14123.84,100.5,8.9703
14124.84,100.5,8.9703
14125.85,100.5,8.9703
14126.86,100.5,8.9703
14127.86,100.5,8.9703
14128.87,101.5,8.9703
14129.87,100.5,8.9703
14130.87,111.7,8.9703
14131.88,110.4,8.9703
14132.88,99.7,8.9703
14133.89,99.5,8.9703
14134.89,100.5,8.9703
14135.9,101.5,8.9703
14136.9,101.5,8.9703
14137.91,99.5,8.9703
14138.91,101.5,8.9703
14139.92,99.5,8.9703
14140.92,100.5,8.9703
14141.93,100.5,8.9703
14142.93,101.5,8.9706
14143.94,99.5,8.9706
14144.95,102.5,8.9706
14145.95,100.5,8.9706
14146.96,99.5,8.9706
14147.96,101.5,8.9706
14148.97,99.5,8.9706
14149.97,101.5,8.9706
14150.98,100.5,8.9706
14151.98,100.5,8.9706
14152.99,101.5,8.9706
14153.99,100.5,8.9706
14155.0,99.5,8.9706
14156.0,100.5,8.9706
14157.01,102.5,8.9708
14158.01,101.5,8.9708
14159.02,100.5,8.9708
14160.02,102.5,8.9708
14161.03,99.5,8.9708
14162.03,100.5,8.9708
14163.04,99.5,8.9708
14164.05,101.5,8.9708
14165.05,100.5,8.9708
14166.06,100.5,8.9708
14167.06,102.5,8.9708
14168.07,99.5,8.9708
14169.07,101.5,8.9708
14170.08,99.5,8.9708
14171.08,101.5,8.9708
14172.09,101.5,8.9708
14173.09,100.5,8.9708
14174.1,101.5,8.9708
14175.1,99.5,8.9708
14176.11,100.5,8.9708
14177.11,100.8,8.9708
14178.11,99.6,8.9708
14179.12,101.5,8.9709
14180.12,100.7,8.9709
14181.13,100.5,8.9709
14182.13,100.5,8.9709
14183.14,99.5,8.9709
14184.14,101.6,8.9709
14185.14,100.7,8.9709
14186.15,100.5,8.9709
14187.15,101.5,8.9709
14188.16,99.5,8.9709
14189.16,100.5,8.9709
14190.17,101.5,8.9709
14191.18,99.5,8.9709
14192.18,100.5,8.9709
14193.19,100.5,8.9709
14194.19,100.5,8.9709
14195.2,100.5,8.9709
14196.2,100.5,8.9709
14197.21,103.5,8.9709
14198.21,101.6,8.9709
14199.22,99.5,8.9709
14200.22,100.5,8.9709
14201.23,100.5,8.9709
14202.23,100.5,8.9709
14203.24,100.5,8.9709
14204.24,100.5,8.9709
14205.25,99.6,8.9709
14206.25,100.7,8.9709
14207.25,101.7,8.9709
14208.25,100.7,8.9709
14209.26,100.5,8.9709
14210.26,101.5,8.9709
14211.27,98.5,8.9709
14212.27,100.5,8.9709
14213.28,101.5,8.9711
14214.28,100.5,8.9712
14215.29,99.5,8.9712
14216.29,102.5,8.9712
14217.3,100.5,8.9712
14218.31,102.5,8.9712
14219.31,99.5,8.9712
14220.32,100.5,8.9712
14221.32,99.5,8.9712
14222.33,102.5,8.9712
14223.33,100.5,8.9712
14224.34,99.5,8.9712
14225.34,101.5,8.9712
14226.35,100.5,8.9712
14227.35,99.5,8.9712
14228.36,101.5,8.9712
14229.36,101.5,8.9712
14230.37,100.5,8.9712
14231.37,99.5,8.9712
14232.38,100.5,8.9712
14233.38,100.5,8.9712
14234.39,100.5,8.9712
14235.39,101.5,8.9713
14236.4,101.5,8.9713
14237.41,99.5,8.9713
14238.41,101.5,8.9713
14239.42,99.5,8.9713
14240.42,101.5,8.9713
14241.43,101.5,8.9713
14242.43,99.5,8.9713
14243.44,101.5,8.9713
14244.44,99.5,8.9713
14245.45,100.5,8.9713
14246.45,101.5,8.9713
14247.46,101.5,8.9713
14248.46,100.5,8.9713
14249.47,99.5,8.9713
14250.47,101.5,8.9713
14251.48,100.5,8.9713
14252.48,101.5,8.9713
14253.49,100.5,8.9713
14254.49,100.5,8.9713
14255.5,99.6,8.9713
14256.5,101.5,8.9713
14257.51,101.5,8.9713
14258.51,100.5,8.9713
14259.52,99.6,8.9713
14260.52,101.5,8.9713
14261.53,100.5,8.9713
14262.53,101.5,8.9713
14263.54,100.6,8.9713
14264.54,101.5,8.9713
14265.55,99.5,8.9713
14266.55,100.5,8.9713
14267.56,100.6,8.9713
14268.56,102.5,8.9713
14269.57,100.5,8.9736
14270.57,101.5,8.9737
14271.58,100.6,8.9737
14272.58,99.5,8.9737
14273.59,101.5,8.9737
14274.59,99.5,8.9737
14275.6,100.7,8.9737
14276.6,101.5,8.9737
14277.61,99.6,8.9737
14278.61,102.5,8.9737
14279.62,101.5,8.9737
14280.62,100.5,8.9737
14281.63,100.5,8.9737
14282.63,100.5,8.9737
14283.64,100.4,8.9737
14284.64,100.5,8.9737
14285.65,101.5,8.9737
14286.65,99.5,8.9737
14287.66,101.5,8.9737
14288.66,101.5,8.9737
14289.67,99.5,8.9737
14290.67,100.5,8.9737
14291.68,101.5,8.9737
14292.68,100.5,8.9737
14293.69,100.5,9.0016
14294.69,100.5,9.0016
14295.7,99.5,9.0016
14296.7,100.5,9.0016
14297.71,101.5,9.0016
14298.71,99.5,9.0017
14299.72,100.5,9.0017
14300.72,101.5,9.0017
14301.73,99.5,9.0017
14302.73,100.5,9.0017
14303.74,101.5,9.0017
14304.74,103.5,9.0019
14305.75,99.5,9.0019
14306.75,100.5,9.0019
14307.76,99.5,9.0019
14308.76,101.5,9.0019
14309.77,99.5,9.0019
14310.77,101.5,9.0019
14311.78,101.6,9.0019
14312.78,101.5,9.0019
14313.79,100.5,9.0019
14314.79,2.0,2.3345
14315.8,317.4,2.6287
14316.8,342.0,2.7404
14317.8,325.3,2.9621
14318.81,307.4,3.1897
14319.81,309.6,3.4101
14320.82,303.4,3.5977
14321.82,305.3,3.7862
14322.83,305.4,3.9459
14323.83,289.7,4.1734
14324.84,166.1,4.454
14325.84,125.5,4.7509
14326.85,291.5,5.0668
14327.85,283.5,5.4119
14328.86,133.4,5.8046
14329.86,106.4,6.196
14330.87,114.4,6.6466
14331.87,126.7,7.165
14332.88,113.4,7.3073
14333.88,100.5,7.3574
14334.89,105.5,7.3269
14335.89,104.4,7.4269
14336.9,102.5,7.4269
14337.9,100.5,7.4269
14338.91,101.5,7.4269
14339.91,100.5,7.4269
14340.92,103.5,7.4269
14341.92,124.4,7.5939
14342.93,100.5,7.594
14343.93,100.5,7.594
14344.94,101.5,7.594
14345.94,120.4,7.594
14346.95,103.5,7.594
14347.95,100.5,7.5941
14348.96,100.5,7.5941
14349.96,101.5,7.5941
14350.97,125.3,7.5953
14351.97,99.5,7.5953
14352.98,101.5,7.5953
14353.98,100.5,7.5953
14354.99,101.5,7.5953
14355.99,100.5,7.5953
14357.0,101.5,7.5953
14358.0,100.5,7.5953
14359.01,119.4,7.5953
14360.01,99.5,7.5953
14361.02,101.5,7.5953
14362.03,99.5,7.5953
14363.03,101.5,7.5956
14364.04,101.5,7.5956
14365.04,99.5,7.5956
14366.05,99.5,7.5956
14367.05,102.5,7.5956
14368.06,100.5,7.5956
14369.06,121.4,7.5956
14370.07,100.5,7.5956
14371.07,100.5,7.5956
14372.08,100.5,7.5956
14373.08,109.4,2.1494
14374.09,3.0,2.3045
14375.09,327.3,2.6116
14376.09,359.9,2.7513
14377.1,346.2,2.973
14378.1,323.3,3.2181
14379.11,318.3,3.4974
14380.12,307.3,3.7024
14381.12,309.3,3.8821
14382.13,315.4,4.0811
14383.13,207.9,4.3294
14384.14,152.2,4.5294
14385.14,111.4,4.717
14386.15,104.5,4.8761
14387.15,101.5,5.025
14388.16,101.5,5.1149
14389.16,101.5,5.1747
14390.17,122.4,5.2551
14391.17,113.4,5.3347
14392.18,101.5,5.4096
14393.18,101.5,5.4692
14394.19,100.5,5.5296
14395.19,102.5,5.5884
14396.2,99.5,5.6568
14397.2,103.5,5.702
14398.21,107.4,5.7539
14399.21,101.5,5.8078
14400.22,101.6,5.8496
14401.22,100.5,5.8925
14402.23,101.5,5.9347
14403.23,100.5,5.9798
14404.24,100.6,6.0224
14405.24,99.5,6.061
14406.25,101.5,6.1067
14407.25,101.5,6.1513
14408.26,100.5,6.1891
14409.26,100.5,6.2285
14410.27,101.5,6.2693
14411.27,100.5,6.3065
14412.28,111.4,6.346
14413.28,103.5,6.3879
14414.29,100.5,6.4248
14415.29,102.6,6.4664
14416.3,100.5,6.5005
14417.3,102.6,6.5425
14418.31,99.5,6.5781
14419.31,100.5,6.62
14420.32,101.5,6.6584
14421.32,101.5,6.6924
14422.33,99.5,6.7286
14423.33,101.5,6.7666
14424.34,100.5,6.8023
14425.34,99.5,6.8405
14426.35,100.5,6.8774
14427.35,101.5,6.9174
14428.36,101.5,6.9521
14429.37,100.5,6.9906
14430.37,101.5,7.026
14431.38,101.5,7.0645
14432.38,99.5,7.1071
14433.39,143.3,7.2698
14434.39,99.5,7.2698
14435.4,100.5,7.274
14436.4,101.5,7.3002
14437.41,99.6,7.3218
14438.41,101.6,7.3218
14439.41,99.5,7.3218
14440.42,100.5,7.3218
14441.42,102.5,7.3218
14442.43,99.5,7.3218
14443.43,101.6,7.3218
14444.44,99.5,7.3218
14445.44,99.5,7.3218
14446.45,101.5,7.3218
14447.45,100.5,7.3218
14448.46,100.5,7.3218
14449.46,101.5,7.328
14450.47,98.5,7.3551
14451.47,103.5,7.3864
14452.48,101.5,7.4218
14453.48,103.5,7.4218
14454.49,99.5,7.4218
14455.49,101.5,7.4218
14456.5,102.5,7.4218
14457.5,137.3,7.4232
14458.51,99.5,7.4232
14459.51,101.5,7.4232
14460.52,102.5,7.4232
14461.52,98.6,7.4232
14462.53,100.5,7.4232
14463.53,100.5,7.4232
14464.54,100.6,7.4232
14465.54,101.5,7.4232
14466.55,99.5,7.4232
14467.55,99.5,7.4232
14468.56,100.5,7.4232
14469.56,101.5,7.4232
14470.57,99.5,7.4232
14471.57,100.5,7.4232
14472.58,101.5,7.4232
14473.58,101.5,7.4232
14474.59,99.5,7.4232
14475.59,100.5,7.4232
14476.6,101.5,7.4232
14477.6,101.5,7.4232
14478.61,100.5,7.4232
14479.61,99.5,7.4232
14480.62,100.5,7.4232
14481.62,100.5,7.4232
14482.63,101.5,7.4232
14483.63,100.5,7.4232
14484.64,100.5,7.4232
14485.64,101.5,7.4232
14486.65,99.5,7.4232
14487.65,101.5,7.4232
14488.66,99.6,7.4232
14489.66,102.6,7.4232
14490.67,102.6,7.4232
14491.67,99.6,7.4232
14492.67,99.6,7.4232
14493.68,101.6,7.4232
14494.68,99.6,7.4232
14495.69,100.6,7.4232
14496.69,120.4,7.4232
14497.7,114.4,7.428
14498.7,101.5,7.428
14499.71,100.5,7.4218
14500.71,100.5,7.4218
14501.72,101.5,7.4218
14502.72,100.5,7.4218
14503.73,100.6,7.4218
14504.73,100.5,7.4218
14505.74,101.5,7.4218
14506.74,100.5,7.4218
14507.75,99.5,7.4218
14508.75,101.5,7.4218
14509.76,100.5,7.4218
14510.76,101.5,7.4218
14511.77,100.5,7.4218
14512.77,99.5,7.4221
14513.78,101.5,7.4221
14514.78,99.5,7.4221
14515.79,100.5,7.4221
14516.79,101.5,7.4221
14517.8,100.5,7.4221
14518.8,99.5,7.4221
14519.81,100.5,7.4221
14520.81,101.5,7.4221
14521.82,99.5,7.4221
14522.82,99.5,7.4221
14523.83,103.5,7.4221
14524.83,99.6,7.4221
14525.83,100.5,7.4221
14526.84,100.5,7.4221
14527.84,99.5,7.4221
14528.85,101.5,7.4221
14529.85,101.5,7.4221
14530.86,100.5,7.4221
14531.86,99.5,7.4221
14532.87,100.5,7.4221
14533.87,101.5,7.4221
14534.88,101.5,7.4221
14535.88,99.5,7.4221
14536.89,100.5,7.4221
14537.89,99.5,7.4221
14538.9,100.5,7.4221
14539.9,100.5,7.4221
14540.91,100.5,7.4221
14541.91,100.6,7.4221
14542.92,102.5,7.4221
14543.92,100.5,7.4221
14544.93,100.5,7.4221
14545.93,101.5,7.4221
14546.94,100.6,7.4221
14547.94,99.6,7.4221
14548.95,100.6,7.4221
14549.95,101.5,7.4221
14550.96,100.5,7.4221
14551.96,99.5,7.4221
14552.97,100.5,7.4221
14553.97,101.5,7.4221
14554.98,99.5,7.4221
14555.98,100.5,7.4221
14556.99,101.5,7.4221
14557.99,99.5,7.4221
14559.0,101.5,7.4221
14560.0,99.5,7.4221
14561.01,101.5,7.4221
14562.01,101.5,7.4221
14563.02,100.5,7.4221
14564.02,101.5,7.4221
14565.03,99.5,7.4221
14566.03,101.5,7.4221
14567.04,101.5,7.4221
14568.04,99.5,7.4221
14569.05,101.5,7.4221
14570.05,99.6,7.4221
14571.05,100.5,7.4221
14572.06,101.5,7.4221
14573.06,98.5,7.4221
14574.07,102.5,7.4221
14575.07,100.5,7.4221
14576.08,101.5,7.4221
14577.08,99.5,7.4221
14578.09,101.5,7.4221
14579.09,100.5,7.4221
14580.1,100.5,7.4221
14581.1,100.5,7.4221
14582.11,100.5,7.4221
14583.11,101.5,7.4223
14584.12,99.5,7.4223
14585.13,100.5,7.4223
14586.13,102.5,7.4223
14587.14,100.5,7.4223
14588.14,99.5,7.4223
14589.15,99.5,7.4223
14590.15,101.5,7.4223
14591.16,99.5,7.4223
14592.16,100.5,7.4223
14593.17,100.6,7.4223
14594.17,101.5,7.4223
14595.18,101.5,7.4223
14596.18,99.5,7.4223
14597.19,99.6,7.4223
14598.19,103.5,7.4223
14599.2,99.5,7.4223
14600.2,99.5,7.4223
14601.21,101.5,7.4223
14602.21,102.5,7.4223
14603.22,99.5,7.4223
14604.22,100.5,7.4223
14605.23,102.5,7.4223
14606.23,99.5,7.4223
14607.24,99.5,7.4223
14608.24,100.5,7.4223
14609.25,101.5,7.4223
14610.25,99.5,7.4223
14611.26,101.5,7.4223
14612.26,99.5,7.4223
14613.27,102.5,7.4223
14614.27,99.5,7.4223
14615.28,100.5,7.4223
14616.28,101.5,7.4223
14617.29,100.5,7.4223
14618.29,100.5,7.4223
14619.3,100.5,7.4223
14620.3,100.5,7.4223
14621.31,100.5,7.4223
14622.31,99.5,7.4223
14623.32,100.5,7.4223
14624.32,102.5,7.4223
14625.33,100.5,7.4223
14626.33,100.5,7.4223
14627.34,100.5,7.4223
14628.34,102.5,7.4223
14629.35,99.5,7.4223
14630.35,100.5,7.4223
14631.36,100.5,7.4223
14632.36,100.5,7.4223
14633.37,99.5,7.4223
14634.37,101.5,7.4223
14635.38,100.5,7.4223
14636.38,100.5,7.4223
14637.39,100.5,7.4223
14638.39,101.5,7.4223
14639.4,99.5,7.4223
14640.4,100.5,7.4223
14641.41,101.5,7.4223
14642.41,100.5,7.4223
14643.42,100.5,7.4223
14644.42,100.5,7.4223
14645.43,99.5,7.4223
14646.43,101.5,7.4223
14647.44,99.5,7.4223
14648.44,102.5,7.4223
14649.45,100.5,7.4223
14650.45,100.6,7.4223
14651.46,101.6,7.4223
14652.46,101.6,7.4223
14653.47,99.5,7.4226
14654.47,101.5,7.4226
14655.48,100.5,7.4226
14656.48,100.5,7.4226
14657.49,99.5,7.4226
14658.49,101.5,7.4226
14659.5,100.5,7.4226
14660.5,100.5,7.4226
14661.51,100.5,7.4226
14662.51,100.5,7.4226
14663.52,100.5,7.4226
14664.52,101.5,7.4226
14665.53,100.5,7.4226
14666.53,99.5,7.4226
14667.54,100.5,7.4226
14668.54,101.5,7.4226
14669.55,99.5,7.4226
14670.55,100.5,7.4226
14671.56,100.6,7.4226
14672.56,101.5,7.4226
14673.57,102.4,2.2399
14674.57,287.7,2.4428
14675.58,310.7,2.683
14676.58,364.9,2.8398
14677.59,320.5,3.0429
14678.59,307.3,3.2798
14679.6,303.4,3.5321
14680.6,305.3,3.7192
14681.61,312.3,3.8835
14682.61,307.3,4.0609
14683.62,291.4,4.4167
14684.62,149.2,4.8126
14685.63,140.3,5.2248
14686.63,102.5,5.6397
14687.64,104.5,6.0644
14688.64,101.5,6.5017
14689.65,118.4,6.9464
14690.65,142.3,7.3242
14691.66,99.5,7.3392
14692.66,103.5,7.4392
14693.67,102.5,7.4392
14694.67,105.4,7.4392
14695.68,99.5,7.4392
14696.69,100.5,7.4392
14697.69,104.5,7.4392
14698.7,100.5,7.4392
14699.7,100.5,7.4392
14700.71,102.5,7.4392
14701.71,126.3,7.5871
14702.72,101.5,7.6076
14703.72,100.5,7.6076
14704.73,101.5,7.6076
14705.73,103.5,7.6077
14706.74,99.5,7.6077
14707.74,101.5,7.6077
14708.75,100.5,7.6077
14709.75,101.5,7.6077
14710.76,120.5,7.6077
14711.76,122.3,7.6085
14712.77,101.5,7.6085
14713.77,100.5,7.6085
14714.78,100.5,7.6085
14715.78,100.5,7.6085
14716.79,100.5,7.6085
14717.79,100.6,7.6085
14718.8,101.5,7.6085
14719.8,101.5,7.6085
14720.81,122.3,7.6085
14721.81,100.7,7.6085
14722.82,102.6,7.6085
14723.82,100.7,7.6085
14724.82,100.7,7.6085
14725.83,99.5,7.6085
14726.83,101.5,7.6085
14727.84,100.5,7.6085
14728.84,100.5,7.6085
14729.85,120.4,7.6085
14730.85,99.5,7.6085
14731.86,100.5,7.6085
14732.86,100.5,7.6088
14733.87,100.5,7.6088
14734.87,102.7,7.6088
14735.87,99.7,7.6088
14736.88,99.5,7.6088
14737.88,101.7,7.6088
14738.89,125.4,7.7278
14739.89,100.5,7.7278
14740.9,99.5,7.7278
14741.9,101.5,7.7278
14742.91,100.5,7.7278
14743.91,99.5,7.7278
14744.92,103.5,7.7278
14745.92,100.5,7.7278
14746.93,100.5,7.7278
14747.93,99.5,7.8108
14748.94,101.5,8.2743
14749.94,101.5,8.6147
14750.95,144.2,9.0001
14751.95,100.5,9.0001
14752.96,101.5,9.0001
14753.97,100.4,9.0001
14754.97,101.5,9.0001
14755.98,99.5,9.0001
14756.98,100.5,9.0001
14757.99,100.5,9.0001
14758.99,101.5,9.0001
14760.0,100.2,9.0001
14761.0,100.5,9.0001
14762.01,101.5,9.0002
14763.01,99.5,9.0002
14764.02,100.5,9.0002
14765.02,100.5,9.0002
14766.03,100.5,9.0002
14767.03,101.5,9.0002
14768.04,100.5,9.0002
14769.05,99.5,9.0002
14770.05,101.5,9.0002
14771.06,100.5,9.0002
14772.06,100.5,9.0004
14773.07,100.4,9.0004
14774.07,101.5,9.0006
14775.08,101.5,9.0006
14776.08,100.5,9.0006
14777.09,100.5,9.0006
14778.09,101.5,9.0006
14779.1,99.5,9.0006
14780.1,99.5,9.0006
14781.11,102.5,9.0006
14782.11,100.6,9.0006
14783.12,102.5,9.0006
14784.12,100.5,9.0006
14785.13,99.5,9.0006
14786.13,100.6,9.0006
14787.14,99.5,9.0006
14788.14,101.5,9.0006
14789.15,100.5,9.0006
14790.15,101.6,9.0006
14791.16,100.5,9.0006
14792.16,100.5,9.0006
14793.17,101.5,9.0006
14794.17,99.6,9.0006
14795.18,100.5,9.0006
14796.18,100.5,9.0006
14797.19,101.5,9.0006
14798.19,102.6,9.0006
14799.2,99.5,9.0006
14800.2,100.5,9.0006
14801.21,99.5,9.0006
14802.21,101.5,9.0006
14803.22,102.5,9.0008
14804.22,99.5,9.0008
14805.23,100.5,9.0008
14806.24,99.5,9.0008
14807.24,101.5,9.0008
14808.25,102.5,9.0008
14809.25,100.5,9.0008
14810.26,99.5,9.0008
14811.26,101.5,9.0008
14812.27,100.6,9.0008
14813.27,101.5,9.0008
14814.28,99.5,9.0008
14815.28,99.5,9.0008
14816.29,102.5,9.0008
14817.29,100.5,9.0008
14818.3,100.5,9.0008
14819.3,101.5,9.0012
14820.31,100.5,9.0012
14821.31,101.5,9.0012
14822.32,100.5,9.0012
14823.32,100.5,9.0012
14824.33,100.5,9.0012
14825.33,100.5,9.0012
14826.34,101.5,9.0012
14827.34,100.5,9.0012
14828.35,100.5,9.0012
14829.35,101.6,9.0012
14830.36,99.5,9.0013
14831.36,101.5,9.0013
14832.37,101.5,9.0013
14833.37,100.5,9.0013
14834.38,100.5,9.0013
14835.39,102.5,9.0013
14836.39,100.5,9.0013
14837.4,99.5,9.0013
14838.4,100.5,9.0013
14839.41,101.5,9.0013
14840.41,100.5,9.0013
14841.42,99.5,9.0013
14842.42,100.5,9.0013
14843.43,101.5,9.0013
14844.43,99.5,9.0013
14845.44,100.5,9.0013
14846.44,101.5,9.0013
14847.45,100.5,9.0013
14848.45,99.5,9.0013
14849.46,101.5,9.0013
14850.46,100.5,9.0013
14851.47,99.5,9.0013
14852.47,101.5,9.0013
14853.48,101.5,9.0013
14854.48,99.5,9.0013
14855.49,100.5,9.0013
14856.5,101.5,9.0013
14857.5,99.5,9.0013
14858.51,100.5,9.0013
14859.51,101.5,9.0013
14860.52,99.5,9.0013
14861.52,101.5,9.0013
14862.53,99.5,9.0013
14863.53,101.5,9.0013
14864.54,100.5,9.0013
14865.54,99.5,9.0013
14866.55,103.5,9.0013
14867.55,100.5,9.0013
14868.56,100.5,9.0013
14869.56,99.5,9.0013
14870.57,100.5,9.0013
14871.58,101.3,9.0013
14872.58,99.5,9.0013
14873.59,100.5,9.0013
14874.59,100.5,9.0013
14875.6,101.5,9.0013
14876.6,101.5,9.0013
14877.61,100.5,9.0013
14878.61,100.5,9.0013
14879.62,100.6,9.0013
14880.62,100.5,9.0013
14881.63,101.5,9.0013
14882.63,101.5,9.0013
14883.64,99.6,9.0015
14884.64,101.5,9.0015
14885.65,100.5,9.0015
14886.65,100.5,9.0015
14887.66,101.5,9.0015
14888.66,100.5,9.0017
14889.67,100.6,9.0017
14890.67,101.5,9.0017
14891.68,100.4,9.0017
14892.69,100.4,9.0017
14893.69,100.5,9.0017
14894.7,101.5,9.0017
14895.7,99.5,9.0017
14896.71,100.5,9.0017
14897.71,100.5,9.0017
14898.72,101.5,9.0017
14899.72,101.6,9.0017
14900.73,101.5,9.0018
14901.73,99.5,9.0018
14902.74,100.5,9.0018
14903.74,100.5,9.0018
14904.75,101.5,9.0018
14905.75,99.5,9.0018
14906.76,99.5,9.0018
14907.76,101.5,9.0018
14908.77,100.5,9.0018
14909.77,100.5,9.0018
14910.78,100.5,9.0018
14911.78,100.5,9.0018
14912.79,101.5,9.0018
14913.79,101.5,9.0018
14914.8,100.5,9.0018
14915.8,101.5,9.0018
14916.81,99.5,9.0018
14917.81,100.5,9.0018
14918.82,100.5,9.0018
14919.83,100.5,9.0018
14920.83,100.5,9.0018
14921.84,100.5,9.0018
14922.84,100.5,9.0018
14923.85,100.5,9.0018
14924.85,100.5,9.0018
14925.86,101.5,9.0018
14926.86,100.5,9.0018
14927.87,100.5,9.0018
14928.87,100.5,9.0018
14929.88,101.5,9.0018
14930.88,99.5,9.0018
14931.89,100.5,9.0018
14932.89,101.5,9.0018
14933.9,101.5,9.0018
14934.9,101.5,9.0029
14935.91,102.5,9.0029
14936.91,99.5,9.0029
14937.92,100.5,9.0029
14938.92,100.5,9.0029
14939.93,100.5,9.003
14940.94,99.5,9.003
14941.94,100.5,9.003
14942.95,102.5,9.003
14943.95,100.5,9.003
14944.96,99.5,9.003
14945.96,99.5,9.003
14946.97,101.5,9.0032
14947.97,100.5,9.0032
14948.98,101.5,9.0032
14949.98,101.5,9.0032
14950.99,100.5,9.0032
14951.99,99.5,9.0032
14953.0,101.5,9.0034
14954.0,100.5,9.0034
14955.01,99.5,9.0034
14956.01,102.5,9.0034
14957.02,98.6,9.0034
14958.02,101.5,9.0034
14959.03,100.5,9.0311
14960.03,101.5,9.0311
14961.04,99.5,9.0311
14962.04,102.5,9.0311
14963.05,99.5,9.0312
14964.05,102.5,9.0312
14965.06,100.5,9.0312
14966.07,99.5,9.0312
14967.07,101.5,9.0312
14968.08,100.5,9.0312
14969.08,101.5,9.0312
14970.09,100.5,9.0312
14971.09,100.5,9.0313
14972.1,101.5,9.0313
14973.1,99.5,9.0313
14974.11,102.6,2.3035
14975.11,330.5,2.5983
14976.11,355.9,2.7091
14977.12,349.2,2.9578
14978.12,318.4,3.2285
14979.13,314.3,3.4794
14980.13,306.3,3.6715
14981.14,313.3,3.84
14982.14,308.4,4.0332
14983.15,297.4,4.2992
14984.15,147.2,4.6562
14985.16,250.7,5.0725
14986.16,252.6,5.4505
14987.17,160.1,5.8489
14988.17,106.4,6.2367
14989.18,132.3,6.6145
14990.18,301.2,7.0529
14991.19,244.7,7.3681
14992.19,157.2,7.4456
14993.2,104.4,7.4633
14994.2,117.4,7.4531
14995.21,101.5,7.4531
14996.21,104.5,7.4531
14997.22,101.5,7.4531
14998.22,101.5,7.4531
14999.23,99.5,7.4531
15000.23,100.5,7.4531
15001.24,128.3,7.6271
15002.24,102.5,7.6734
15003.25,101.5,7.6734
15004.25,103.5,7.6379
15005.26,102.5,7.6379
15006.26,99.5,7.6379
15007.27,115.4,7.6382
15008.28,104.5,7.6382
15009.28,100.5,7.6382
15010.28,111.6,7.6387
15011.29,124.4,7.6387
15012.29,100.5,7.6387
15013.3,101.5,7.6387
15014.3,100.5,7.6387
15015.31,100.5,7.6387
15016.32,99.5,7.6387
15017.32,101.5,7.6387
15018.33,99.5,7.6387
15019.33,115.6,7.6388
15020.33,105.5,7.6388
15021.34,102.5,7.6388
15022.34,99.5,7.6388
15023.35,101.5,7.639
15024.35,101.5,7.639
15025.36,103.5,7.639
15026.36,99.5,7.639
15027.37,102.5,7.639
15028.37,120.4,7.6391
15029.38,100.5,7.6391
15030.39,100.5,7.6391
15031.39,100.5,7.6391
15032.4,100.5,7.6391
15033.4,101.5,7.6391
15034.41,100.5,7.6391
15035.41,100.5,7.6391
15036.42,101.5,7.6391
15037.42,101.5,7.6391
15038.43,125.3,7.7583
15039.43,100.5,7.7583
15040.44,101.5,7.7583
15041.44,103.5,7.7583
15042.45,100.5,7.7583
15043.45,100.5,7.7583
15044.46,101.5,7.7583
15045.46,99.5,7.7583
15046.47,101.5,7.7583
15047.47,100.5,8.0891
15048.48,102.5,8.4594
15049.49,99.5,8.8938
15050.49,145.2,9.0299
15051.5,100.5,9.0299
15052.5,102.5,9.0299
15053.51,101.5,9.0299
15054.51,99.5,9.0299
15055.52,100.5,9.0299
15056.52,101.6,9.0299
15057.53,100.5,9.0299
15058.53,100.5,9.0299
15059.54,101.5,9.0299
15060.54,102.5,9.0299
15061.55,100.5,9.0303
15062.55,100.5,9.0303
15063.56,100.5,9.0303
15064.56,100.5,9.0303
15065.57,100.5,9.0303
15066.57,101.5,9.0303
15067.58,100.5,9.0303
15068.59,100.5,9.0303
15069.59,100.6,9.0303
15070.59,101.5,9.0303
15071.6,100.5,9.0303
15072.6,100.5,9.0303
15073.61,101.5,9.0303
15074.61,100.5,9.0303
15075.62,99.6,9.0303
15076.62,101.5,9.0303
15077.63,99.5,9.0303
15078.63,100.5,9.0303
15079.64,102.5,9.0303
15080.64,101.5,9.0303
15081.65,99.5,9.0303
15082.65,101.5,9.0303
15083.66,100.5,9.0303
15084.67,149.2,9.0308
15085.67,107.4,9.0308
15086.68,101.5,9.0308
15087.68,100.5,9.0308
15088.69,105.4,9.0308
15089.69,100.5,9.0308
15090.7,99.5,9.0308
15091.7,100.5,9.0308
15092.71,101.5,9.0308
15093.71,99.5,9.0308
15094.72,100.5,9.0308
15095.72,101.5,9.0308
15096.73,99.5,9.0308
15097.73,101.5,9.0308
15098.74,100.5,9.0308
15099.74,101.5,9.0308
15100.75,99.5,9.0308
15101.75,101.5,9.0308
15102.76,101.5,9.0311
15103.76,99.5,9.0311
15104.77,100.5,9.0311
15105.77,100.5,9.0311
15106.78,101.5,9.0311
15107.79,102.5,9.0311
15108.79,103.5,9.0312
15109.79,100.5,9.0312
15110.8,99.5,9.0312
15111.81,101.5,9.0312
15112.81,99.6,9.0312
15113.81,100.5,9.0312
15114.82,100.5,9.0312
15115.83,100.5,9.0312
15116.83,100.6,9.0312
15117.83,100.7,9.0312
15118.84,99.5,9.0312
15119.84,101.5,9.0312
15120.85,100.5,9.0313
15121.85,101.5,9.0313
15122.86,100.5,9.0313
15123.86,100.5,9.0313
15124.87,99.5,9.0313
15125.87,102.5,9.0313
15126.88,101.5,9.0313
15127.89,99.5,9.0313
15128.89,100.5,9.0313
15129.89,99.5,9.0313
15130.9,101.5,9.0313
15131.9,99.5,9.0313
15132.91,102.5,9.0313
15133.91,100.5,9.0313
15134.92,99.6,9.0313
15135.92,100.5,9.0313
15136.93,100.6,9.0313
15137.93,99.5,9.0313
15138.94,102.5,9.0313
15139.94,100.5,9.0313
15140.95,100.5,9.0313
15141.95,100.5,9.0313
15142.96,100.5,9.0313
15143.96,101.5,9.0313
15144.97,99.5,9.0313
15145.97,100.5,9.0313
15146.98,100.5,9.0314
15147.98,102.5,9.0314
15148.99,99.5,9.0314
15150.0,100.5,9.0314
15151.0,99.5,9.0314
15152.01,101.5,9.0314
15153.01,100.5,9.0314
15154.02,103.5,9.0314
15155.02,100.5,9.0314
15156.03,101.5,9.0314
15157.03,99.5,9.0314
15158.04,100.5,9.0314
15159.04,101.5,9.0314
15160.05,99.5,9.0314
15161.05,100.5,9.0314
15162.06,111.7,9.0314
15163.06,101.5,9.0316
15164.07,116.4,9.0316
15165.07,100.5,9.0316
15166.08,99.5,9.0316
15167.08,99.5,9.0316
15168.09,101.5,9.0316
15169.09,101.5,9.0316
15170.1,100.5,9.0316
15171.1,101.6,9.0316
15172.11,100.5,9.0316
15173.11,100.5,9.0316
15174.12,101.5,9.0316
15175.12,99.5,9.0316
15176.13,100.5,9.0316
15177.13,100.5,9.0316
15178.14,100.5,9.0316
15179.14,100.5,9.0316
15180.15,101.5,9.0316
15181.15,99.6,9.0316
15182.16,102.5,9.0316
15183.16,101.5,9.0316
15184.17,101.5,9.0316
15185.17,100.6,9.0316
15186.18,99.5,9.0316
15187.18,100.5,9.0316
15188.19,100.5,9.0316
15189.19,100.5,9.0316
15190.2,100.5,9.0316
15191.21,100.5,9.0316
15192.21,100.5,9.0316
15193.22,101.5,9.0316
15194.22,99.5,9.0316
15195.22,102.7,9.0318
15196.23,100.5,9.0318
15197.23,100.6,9.0318
15198.24,101.5,9.0318
15199.24,99.5,9.0318
15200.25,108.4,9.0318
15201.25,100.5,9.0318
15202.26,102.5,9.0318
15203.27,100.5,9.0318
15204.27,99.6,9.0318
15205.27,101.5,9.0318
15206.28,99.5,9.0318
15207.29,101.5,9.0318
15208.29,101.5,9.0318
15209.3,101.5,9.0318
15210.3,99.5,9.0318
15211.31,100.5,9.0318
15212.31,100.5,9.0318
15213.32,100.5,9.0318
15214.32,100.5,9.0318
15215.33,101.5,9.0318
15216.33,99.5,9.0318
15217.34,100.5,9.0318
15218.34,100.5,9.0318
15219.35,99.5,9.0318
15220.35,100.5,9.0318
15221.36,100.5,9.0318
15222.36,100.5,9.0318
15223.37,100.5,9.0318
15224.37,101.5,9.0318
15225.38,100.5,9.0318
15226.38,100.5,9.0318
15227.39,102.5,9.0318
15228.39,99.6,9.0318
15229.4,101.5,9.0318
15230.4,100.5,9.0318
15231.41,101.5,9.0318
15232.41,100.5,9.0318
15233.42,100.5,9.032
15234.42,100.5,9.032
15235.43,100.5,9.032
15236.44,100.5,9.032
15237.44,100.5,9.0323
15238.45,101.5,9.0323
15239.45,100.5,9.0323
15240.46,100.5,9.0323
15241.46,101.5,9.0323
15242.47,99.5,9.0323
15243.47,101.5,9.0323
15244.48,98.5,9.034
15245.48,100.5,9.034
15246.49,100.6,9.034
15247.49,101.5,9.034
15248.5,101.5,9.034
15249.5,100.5,9.034
15250.51,99.5,9.034
15251.51,101.5,9.0341
15252.52,100.5,9.0341
15253.52,100.5,9.0341
15254.53,99.5,9.0341
15255.53,101.5,9.0341
15256.54,99.5,9.0341
15257.55,100.5,9.0341
15258.55,103.5,9.0341
15259.56,100.5,9.0341
15260.56,100.5,9.0341
15261.57,100.5,9.0341
15262.57,100.5,9.0341
15263.58,99.5,9.0341
15264.58,102.5,9.0341
15265.59,100.6,9.0341
15266.59,100.5,9.0341
15267.6,101.5,9.0463
15268.6,100.5,9.062
15269.61,100.6,9.062
15270.61,101.5,9.062
15271.62,100.5,9.062
15272.62,99.5,9.062
15273.62,106.7,2.2459
15274.63,287.9,2.4391
15275.63,323.1,2.6589
15276.64,368.1,2.8815
15277.64,328.3,3.1426
15278.65,316.5,3.398
15279.65,310.3,3.6241
15280.66,308.3,3.8171
15281.66,307.4,3.9693
15282.67,268.3,4.2444
15283.67,145.1,4.6239
15284.68,261.9,5.0406
15285.68,299.1,5.5365
15286.69,166.2,5.9455
15287.7,102.5,6.3703
15288.7,102.5,6.7805
15289.7,118.7,7.2717
15290.71,122.4,7.3903
15291.71,102.5,7.4903
15292.72,102.5,7.4903
15293.72,102.5,7.4903
15294.73,102.5,7.4903
15295.73,100.5,7.4903
15296.74,100.5,7.4903
15297.75,100.5,7.4903
15298.75,102.5,7.4903
15299.76,125.3,7.6581
15300.76,125.3,7.6581
15301.77,106.5,7.6581
15302.77,116.5,7.6583
15303.78,101.5,7.6583
15304.78,99.5,7.6583
15305.79,99.5,7.6583
15306.79,101.5,7.6585
15307.8,100.5,7.6585
15308.8,124.4,7.6594
15309.81,101.5,7.6594
15310.81,101.5,7.6594
15311.82,100.5,7.6594
15312.82,100.5,7.6597
15313.82,101.7,7.6597
15314.83,99.6,7.6597
15315.83,100.4,7.6597
15316.84,100.5,7.6597
15317.84,101.5,7.6597
15318.85,119.4,7.6597
15319.86,101.5,7.6597
15320.86,100.5,7.6597
15321.87,100.5,7.6597
15322.87,101.5,7.6597
15323.88,100.5,7.6597
15324.88,100.5,7.6597
15325.89,102.5,7.6597
15326.89,100.5,7.6597
15327.9,119.4,7.6597
15328.9,100.5,7.6597
15329.91,99.5,7.6597
15330.91,101.5,7.6597
15331.92,100.5,7.6597
15332.92,100.5,7.6597
15333.93,99.6,7.6597
15334.93,100.5,7.6597
15335.94,101.5,7.6597
15336.94,122.3,7.7789
15337.95,99.5,7.7789
15338.95,101.6,7.7789
15339.96,101.5,7.7789
15340.96,100.5,7.7789
15341.97,99.5,7.7789
15342.97,101.5,7.7789
15343.98,100.5,7.7789
15344.98,100.7,7.7789
15345.99,100.7,7.7789
15346.99,100.5,7.7789
15348.0,100.5,8.1199
15349.0,100.5,8.4801
15350.01,100.5,8.9167
15351.01,146.2,9.0515
15352.02,99.5,9.0515
15353.02,100.5,9.0515
15354.03,99.6,9.0515
15355.03,101.5,9.0515
15356.04,100.5,9.0515
15357.04,101.5,9.0515
15358.05,100.5,9.0515
15359.05,100.5,9.0515
15360.06,100.5,9.0515
15361.06,100.6,9.0519
15362.07,100.5,9.0519
15363.07,101.6,9.0519
15364.07,100.7,9.0519
15365.08,100.5,9.0519
15366.09,101.5,9.0519
15367.09,99.6,9.0519
15368.09,101.5,9.0519
15369.1,100.5,9.0519
15370.11,102.5,9.0519
15371.11,99.5,9.0519
15372.12,100.5,9.0521
15373.12,100.5,9.0523
15374.13,101.5,9.0523
15375.13,100.5,9.0523
15376.13,102.8,9.0523
15377.14,99.7,9.0523
15378.14,100.5,9.0523
15379.15,100.5,9.0523
15380.15,99.5,9.0523
15381.16,101.5,9.0523
15382.16,99.5,9.0523
15383.17,102.5,9.0523
15384.17,101.5,9.0523
15385.18,100.5,9.0523
15386.18,100.5,9.0523
15387.19,99.5,9.0523
15388.19,101.5,9.0523
15389.2,101.5,9.0523
15390.2,99.5,9.0523
15391.21,100.5,9.0523
15392.21,99.6,9.0523
15393.22,102.5,9.0523
15394.22,100.5,9.0523
15395.23,101.5,9.0523
15396.23,100.6,9.0523
15397.24,100.5,9.0523
15398.24,100.5,9.0523
15399.25,100.5,9.0523
15400.25,100.6,9.0523
15401.26,101.5,9.0523
15402.26,100.5,9.0523
15403.27,99.5,9.0523
15404.27,101.5,9.0523
15405.28,101.5,9.0523
15406.28,100.5,9.0523
15407.29,101.5,9.0523
15408.29,100.5,9.0523
15409.3,99.5,9.0523
15410.31,99.5,9.0523
15411.31,100.6,9.0523
15412.31,101.5,9.0523
15413.32,99.5,9.0523
15414.33,101.5,9.0523
15415.33,101.6,9.0525
15416.33,101.5,9.0525
15417.34,100.5,9.0525
15418.35,102.5,9.0525
15419.35,100.6,9.0525
15420.35,99.5,9.0525
15421.36,100.5,9.0525
15422.37,100.5,9.0525
15423.37,99.6,9.0525
15424.37,100.5,9.0525
15425.38,101.5,9.0525
15426.39,100.5,9.0525
15427.39,100.6,9.0525
15428.39,100.5,9.0525
15429.4,100.5,9.0525
15430.41,101.5,9.0525
15431.41,100.6,9.0525
15432.41,101.5,9.0525
15433.42,99.5,9.0525
15434.43,102.5,9.0525
15435.43,99.5,9.0525
15436.44,101.5,9.0526
15437.44,99.5,9.0526
15438.45,101.5,9.0526
15439.45,100.5,9.0526
15440.46,100.5,9.0526
15441.46,99.5,9.0526
15442.47,100.5,9.0526
15443.47,103.5,9.0526
15444.48,100.5,9.0526
15445.48,101.5,9.0526
15446.49,101.5,9.0526
15447.49,99.5,9.0526
15448.5,100.5,9.0526
15449.5,100.5,9.0526
15450.51,100.5,9.0526
15451.52,101.3,9.0526
15452.52,99.5,9.0526
15453.53,100.5,9.0528
15454.53,100.5,9.0528
15455.54,99.5,9.0528
15456.54,101.6,9.0528
15457.55,100.5,9.0528
15458.55,100.5,9.0528
15459.56,100.5,9.0528
15460.56,101.5,9.0528
15461.57,100.5,9.0528
15462.57,101.5,9.0528
15463.58,100.5,9.0528
15464.58,99.5,9.0528
15465.59,100.5,9.0528
15466.59,100.5,9.0528
15467.6,100.5,9.0528
15468.61,100.5,9.0528
15469.61,100.5,9.053
15470.62,100.5,9.053
15471.62,100.5,9.053
15472.63,101.5,9.053
15473.63,99.5,9.053
15474.64,101.5,9.053
15475.64,99.5,9.053
15476.65,101.5,9.053
15477.65,101.5,9.053
15478.66,99.5,9.053
15479.66,99.5,9.053
15480.67,101.5,9.053
15481.67,100.5,9.053
15482.68,101.5,9.053
15483.69,99.5,9.053
15484.69,100.5,9.053
15485.7,100.5,9.053
15486.7,102.5,9.053
15487.71,100.5,9.053
15488.71,100.5,9.053
15489.72,99.5,9.053
15490.72,103.5,9.0532
15491.73,100.5,9.0532
15492.73,100.5,9.0532
15493.74,100.5,9.0532
15494.74,100.5,9.0532
15495.75,100.5,9.0532
15496.75,102.5,9.0532
15497.76,100.5,9.0532
15498.76,101.5,9.0532
15499.77,106.4,9.0532
15500.77,101.7,9.0532
15501.77,99.5,9.0532
15502.78,101.5,9.0532
15503.79,103.5,9.0532
15504.79,102.5,9.0532
15505.8,99.5,9.0532
15506.8,102.5,9.0532
15507.81,100.5,9.0532
15508.81,99.5,9.0532
15509.82,102.5,9.0532
15510.82,100.5,9.0532
15511.83,100.5,9.0532
15512.83,100.5,9.0532
15513.84,99.5,9.0532
15514.84,101.5,9.0532
15515.85,101.5,9.0532
15516.85,99.5,9.0532
15517.86,100.6,9.0532
15518.86,100.5,9.0532
15519.87,101.5,9.0532
15520.87,99.5,9.0532
15521.88,101.5,9.0532
15522.88,101.5,9.0548
15523.89,99.5,9.0548
15524.89,102.5,9.0548
15525.9,100.5,9.0548
15526.9,100.5,9.0548
15527.91,99.7,9.0548
15528.91,101.5,9.0548
15529.92,100.5,9.0548
15530.92,100.5,9.0548
15531.93,100.5,9.0548
15532.93,101.5,9.0548
15533.94,100.5,9.0548
15534.94,100.7,9.0548
15535.95,99.5,9.0548
15536.95,100.5,9.0548
15537.96,101.5,9.0548
15538.96,100.5,9.0548
15539.97,100.5,9.0548
15540.97,99.5,9.0548
15541.98,100.5,9.0548
15542.98,100.5,9.0548
15543.99,100.5,9.0548
15544.99,100.5,9.0824
15546.0,99.5,9.0824
15547.01,101.5,9.0824
15548.01,100.5,9.0824
15549.02,101.5,9.0824
15550.02,100.5,9.0824
15551.03,100.5,9.0824
15552.03,100.5,9.0826
15553.04,100.5,9.0826
15554.04,101.5,9.0826
15555.05,100.5,9.0826
15556.05,101.5,9.0826
15557.06,100.5,9.0826
15558.06,101.7,9.0826
15559.07,99.5,9.0826
15560.07,100.5,9.0826
15561.08,99.5,9.0826
15562.08,101.5,9.0826
15563.09,100.5,9.0826
15564.09,100.5,9.0826
15565.1,99.5,9.0826
15566.1,103.5,9.1097
15567.11,100.5,9.1097
15568.11,101.5,9.1097
15569.12,100.5,9.1097
15570.12,100.5,9.1097
15571.13,100.5,9.1097
15572.13,100.5,9.1097
15573.14,99.5,9.1097
15574.14,101.6,2.3003
15575.15,332.3,2.5971
15576.15,353.9,2.7786
15577.16,351.3,3.0214
15578.16,322.3,3.2602
15579.17,316.3,3.4805
15580.17,309.6,3.6342
15581.18,305.4,3.7417
15582.18,302.5,3.8666
15583.19,305.4,3.9713
15584.19,2.0,2.2074
15585.2,291.0,2.4295
15586.2,306.4,2.6552
15587.21,364.3,2.8037
15588.21,320.3,3.0081
15589.22,311.3,3.2199
15590.22,305.4,3.453
15591.23,302.4,3.6361
15592.23,308.3,3.8197
15593.24,308.5,4.0214
15594.24,247.7,4.3884
15595.25,141.3,4.7863
15596.25,162.1,5.1925
15597.26,263.5,5.6295
15598.26,295.4,6.084
15599.27,114.4,6.5284
15600.27,105.4,6.9469
15601.28,139.3,7.3828
15602.29,121.4,7.4828
15603.29,103.5,7.4828
15604.3,101.5,7.4828
15605.3,103.5,7.4467
15606.31,100.5,7.4467
15607.31,105.4,7.4467
15608.32,101.5,7.4467
15609.32,101.5,7.4467
15610.33,103.5,7.4467
15611.33,124.3,7.6154
15612.34,100.6,7.6154
15613.34,100.5,7.6155
15614.35,104.4,7.6157
15615.35,101.5,7.6158
15616.36,101.5,7.6158
15617.36,101.5,7.6158
15618.37,100.5,7.6158
15619.37,117.7,7.6163
15620.38,113.4,7.6164
15621.38,101.5,7.6164
15622.39,103.5,7.6164
15623.39,100.5,7.6164
15624.4,100.5,7.6164
15625.4,99.5,7.6164
15626.41,102.5,7.6164
15627.41,99.5,7.6164
15628.42,122.3,7.6165
15629.42,118.4,7.6165
15630.43,99.5,7.6165
15631.43,101.5,7.6165
15632.44,101.5,7.6165
15633.45,101.5,7.6165
15634.45,100.6,7.6165
15635.45,100.5,7.6165
15636.46,100.5,7.6165
15637.47,120.1,7.6165
15638.48,104.2,7.6165
15639.48,100.5,7.6165
15640.49,100.5,7.6165
15641.49,100.6,7.6165
15642.49,101.5,7.6165
15643.5,100.5,7.6165
15644.51,101.5,7.6165
15645.51,101.5,7.6165
15646.52,124.3,7.7357
15647.52,100.5,7.7357
15648.53,100.6,7.7357
15649.53,102.4,7.7357
15650.54,99.5,7.7357
15651.54,101.5,7.7357
15652.55,100.5,7.7357
15653.55,100.5,7.7357
15654.56,101.5,7.7357
15655.56,99.5,7.7357
15656.57,101.5,8.2032
15657.57,100.5,8.6062
15658.58,145.5,9.0079
15659.58,100.6,9.0079
15660.59,100.5,9.0079
15661.59,100.5,9.0082
15662.6,100.5,9.0082
15663.6,101.5,9.0082
15664.61,100.5,9.0082
15665.61,101.5,9.0082
15666.62,99.5,9.0082
15667.62,115.7,9.0082
15668.63,106.5,9.0085
15669.63,100.6,9.0085
15670.63,102.5,9.0085
15671.64,99.5,9.0085
15672.64,100.5,9.0085
15673.65,100.5,9.0088
15674.65,100.5,9.0088
15675.66,100.5,9.0088
15676.67,100.5,9.0088
15677.67,101.5,9.0088
15678.68,100.5,9.0088
15679.68,101.5,9.0088
15680.69,99.5,9.0088
15681.69,101.5,9.0088
15682.7,100.5,9.0088
15683.7,100.5,9.0088
15684.71,100.5,9.0088
15685.71,101.5,9.0088
15686.72,99.5,9.0088
15687.72,100.5,9.0088
15688.73,101.5,9.0088
15689.73,100.5,9.0088
15690.74,101.5,9.0088
15691.74,100.5,9.0088
15692.75,99.5,9.0088
15693.75,102.5,9.0088
15694.76,100.5,9.0088
15695.76,100.5,9.0088
15696.77,100.5,9.0088
15697.78,100.5,9.0088
15698.78,100.5,9.0088
15699.79,100.5,9.0088
15700.79,102.5,9.0088
15701.8,100.5,9.0088
15702.8,100.5,9.0088
15703.81,100.6,9.0088
15704.81,100.5,9.0088
15705.82,100.5,9.0088
15706.82,100.5,9.0089
15707.83,101.5,9.0089
15708.83,99.5,9.0089
15709.84,100.5,9.0089
15710.84,100.5,9.0089
15711.85,101.5,9.0089
15712.85,101.5,9.009
15713.86,100.5,9.009
15714.86,101.5,9.009
15715.87,100.5,9.009
15716.87,99.5,9.009
15717.88,101.6,9.009
15718.88,100.5,9.009
15719.89,101.5,9.009
15720.89,100.5,9.009
15721.9,100.6,9.009
15722.9,101.5,9.009
15723.91,100.5,9.009
15724.91,100.5,9.009
15725.92,99.5,9.009
15726.92,102.5,9.009
15727.93,101.5,9.009
15728.93,100.5,9.009
15729.94,102.5,9.0092
15730.94,99.6,9.0092
15731.95,99.5,9.0092
15732.95,102.5,9.0092
15733.96,100.5,9.0092
15734.96,100.5,9.0092
15735.97,100.5,9.0092
15736.97,99.6,9.0092
15737.98,101.5,9.0092
15738.98,99.5,9.0092
15739.99,101.5,9.0092
15740.99,100.6,9.0092
15742.0,100.4,9.0092
15743.0,99.5,9.0093
15744.01,101.5,9.0093
15745.01,100.5,9.0093
15746.02,101.5,9.0093
15747.03,99.5,9.0093
15748.03,101.5,9.0093
15749.04,101.5,9.0093
15750.04,101.5,9.0093
15751.05,99.6,9.0093
15752.05,102.6,9.0093
15753.05,100.5,9.0093
15754.06,100.5,9.0093
15755.07,99.5,9.0093
15756.07,101.6,9.0093
15757.07,100.5,9.0093
15758.08,99.5,9.0093
15759.09,100.5,9.0093
15760.09,100.6,9.0093
15761.09,102.5,9.0093
15762.1,100.5,9.0093
15763.11,100.5,9.0093
15764.11,100.5,9.0093
15765.12,100.5,9.0093
15766.12,101.5,9.0093
15767.13,99.5,9.0093
15768.13,100.5,9.0093
15769.14,101.5,9.0093
15770.14,99.5,9.0093
15771.15,101.5,9.0093
15772.15,100.5,9.0093
15773.16,100.5,9.0093
15774.16,102.5,9.0093
15775.17,101.5,9.0093
15776.17,99.5,9.0093
15777.18,100.5,9.0093
15778.18,100.5,9.0093
15779.19,100.5,9.0093
15780.19,100.5,9.0093
15781.2,99.5,9.0094
15782.2,101.5,9.0094
15783.21,100.5,9.0094
15784.21,101.5,9.0094
15785.22,100.5,9.0094
15786.22,101.5,9.0094
15787.23,100.5,9.0094
15788.23,102.4,9.0094
15789.24,99.5,9.0094
15790.25,100.5,9.0094
15791.25,101.5,9.0094
15792.25,100.5,9.0094
15793.26,100.5,9.0094
15794.27,100.5,9.0094
15795.27,100.6,9.0094
15796.27,99.5,9.0094
15797.28,102.5,9.0094
15798.29,100.5,9.0094
15799.29,100.6,9.0094
15800.29,100.5,9.0094
15801.3,100.5,9.0094
15802.31,102.5,9.0095
15803.31,99.6,9.0095
15804.31,100.5,9.0095
15805.32,101.5,9.0095
15806.32,101.5,9.0095
15807.33,99.5,9.0098
15808.33,101.5,9.0098
15809.34,99.5,9.0098
15810.35,101.5,9.0098
15811.35,101.6,9.0098
15812.35,101.5,9.0098
15813.36,100.5,9.0098
15814.36,102.5,9.0098
15815.37,100.5,9.0098
15816.37,100.5,9.0098
15817.38,101.5,9.0098
15818.39,99.5,9.0098
15819.39,101.6,9.0098
15820.39,101.5,9.0098
15821.4,101.5,9.0098
15822.4,104.5,9.0112
15823.41,100.5,9.0114
15824.41,101.5,9.0114
15825.42,99.5,9.0114
15826.42,101.5,9.0114
15827.43,100.5,9.0114
15828.43,101.5,9.0114
15829.44,99.5,9.0114
15830.45,100.5,9.0114
15831.45,99.6,9.0114
15832.45,102.5,9.0115
15833.46,100.5,9.0115
15834.47,100.5,9.0115
15835.47,100.6,9.0115
15836.47,101.5,9.0115
15837.48,99.5,9.0115
15838.49,101.5,9.0115
15839.49,100.5,9.0115
15840.49,100.5,9.0115
15841.5,99.5,9.0115
15842.51,100.5,9.0115
15843.51,102.5,9.0392
15844.52,99.4,9.0392
15845.52,101.5,9.0392
15846.53,100.5,9.0393
15847.53,102.5,9.0393
15848.54,100.5,9.0393
15849.54,99.5,9.0393
15850.55,100.6,9.0393
15851.55,101.5,9.0393
15852.56,100.5,9.0393
15853.56,100.5,9.0393
15854.57,100.5,9.0393
15855.57,100.5,9.0393
15856.58,99.6,9.0393
15857.58,100.5,9.0393
15858.59,102.5,9.0393
15859.59,100.5,9.0393
15860.6,100.5,9.0393
15861.6,100.5,9.0393
15862.61,100.5,9.0393
15863.61,100.5,9.0665
15864.62,100.5,9.0665
15865.62,100.6,9.0665
15866.63,100.5,9.0665
15867.63,100.5,9.0665
15868.64,102.5,9.0665
15869.64,99.4,9.0665
15870.65,100.5,9.0665
15871.65,101.5,9.0666
15872.66,100.5,9.0666
15873.66,99.5,9.0666
15874.67,100.5,9.0666
15875.67,100.5,9.0666
15876.68,101.6,9.0666
15877.68,101.5,9.0666
15878.69,99.5,9.0666
15879.69,100.5,9.0666
15880.7,102.6,9.0666
15881.7,101.5,9.0666
15882.71,101.5,9.0666
15883.71,100.5,9.0668
15884.72,102.7,2.2902
15885.72,327.5,2.6246
15886.72,368.8,2.7711
15887.73,335.3,3.036
15888.74,319.3,3.2582
15889.74,308.4,3.4629
15890.75,305.4,3.6157
15891.75,308.4,3.7541
15892.76,313.3,3.8985
15893.76,314.0,4.0565
15894.76,259.7,4.3167
15895.77,121.4,4.4518
15896.77,123.4,4.5672
15897.78,112.4,4.6949
15898.79,99.5,4.7681
15899.79,105.5,4.8144
15900.8,100.5,4.8572
15901.8,104.5,4.9039
15902.81,126.4,4.9521
15903.81,268.6,5.0414
15904.82,301.4,5.1202
15905.82,162.2,5.1724
15906.83,100.5,5.2236
15907.83,100.5,5.2693
15908.84,102.5,5.3368
15909.84,100.5,5.3588
15910.85,99.5,5.4168
15911.85,99.5,5.4168
15912.86,102.5,5.4441
15913.86,99.5,5.4765
15914.87,100.5,5.4981
15915.87,101.5,5.5267
15916.88,100.5,5.554
15917.88,101.5,5.5844
15918.89,99.5,5.6142
15919.89,101.5,5.6417
15920.9,100.5,5.6743
15921.9,100.5,5.7343
15922.91,101.5,5.7584
15923.91,101.5,5.786
15924.92,101.5,5.809
15925.92,99.5,5.8511
15926.93,100.5,5.8581
15927.93,99.5,5.8813
15928.94,102.5,5.9077
15929.94,98.7,5.9345
15930.95,100.6,5.9535
15931.95,99.8,5.9777
15932.95,100.5,5.9948
15933.96,100.5,6.0158
15934.96,102.5,6.0396
15935.96,98.7,6.0573
15936.97,101.5,6.0781
15937.98,101.5,6.0966
15938.98,100.5,6.1171
15939.99,100.5,6.1381
15940.99,100.6,6.1586
15941.99,100.5,6.1799
15943.0,100.5,6.2041
15944.0,100.5,6.2265
15945.01,100.5,6.2431
15946.02,106.5,6.2601
15947.02,99.5,6.2899
15948.03,101.5,6.3178
15949.03,99.5,6.3432
15950.04,101.5,6.3829
15951.04,100.5,6.3829
15952.05,100.5,6.3996
15953.05,100.7,6.4259
15954.05,100.5,6.4508
15955.06,101.5,6.475
15956.06,103.7,6.5032
15957.07,100.5,6.5268
15958.07,100.5,6.549
15959.08,100.5,6.5686
15960.08,100.5,6.5925
15961.09,101.6,6.6125
15962.09,100.5,6.637
15963.1,100.5,6.6611
15964.1,99.5,6.687
15965.11,101.5,6.7159
15966.11,99.6,6.743
15967.11,101.5,6.77
15968.12,100.5,6.8309
15969.13,100.5,6.8311
15970.13,100.6,6.8419
15971.13,100.5,6.8643
15972.14,101.5,6.8924
15973.14,101.5,6.9166
15974.15,99.5,6.9384
15975.15,99.5,6.9627
15976.16,101.5,6.9847
15977.16,100.5,7.0066
15978.17,100.5,7.0279
15979.17,101.5,7.049
15980.18,99.5,7.0722
15981.18,100.5,7.0943
15982.19,100.5,7.1161
15983.19,99.5,7.1369
15984.2,101.5,7.1583
15985.21,104.4,7.1909
15986.21,137.4,7.3161
15987.21,100.5,7.3161
15988.22,100.5,7.3161
15989.22,100.5,7.3161
15990.23,101.5,7.3681
15991.23,101.5,7.3681
15992.24,100.5,7.3681
15993.24,100.5,7.3681
15994.25,100.5,7.3681
15995.25,101.5,7.3681
15996.26,99.5,7.3681
15997.26,100.5,7.3681
15998.27,100.5,7.3681
15999.27,101.5,7.3681
16000.28,100.5,7.3681
16001.28,101.5,7.3681
16002.29,100.5,7.3681
16003.3,99.5,7.3681
16004.3,100.5,7.3681
16005.31,100.5,7.3681
16006.31,101.5,7.3681
16007.32,100.5,7.3681
16008.32,100.5,7.3681
16009.33,99.5,7.3681
16010.33,101.5,7.3681
16011.34,99.5,7.3681
16012.34,101.5,7.3681
16013.35,100.6,7.3681
16014.35,99.5,7.3681
16015.36,100.5,7.3681
16016.36,100.5,7.3681
16017.37,100.5,7.3681
16018.37,101.5,7.3681
16019.38,101.5,7.3782
16020.38,100.5,7.395
16021.39,99.5,7.4081
16022.39,100.5,7.4219
16023.4,102.5,7.4397
16024.4,99.5,7.4578
16025.41,100.5,7.4684
16026.41,101.5,7.4684
16027.42,99.5,7.4684
16028.42,101.5,7.4684
16029.43,100.5,7.4684
16030.43,99.5,7.4684
16031.44,101.5,7.4684
16032.44,100.5,7.4684
16033.45,100.5,7.4684
16034.45,100.5,7.4684
16035.46,101.5,7.4684
16036.46,99.5,7.4684
16037.47,101.5,7.4684
16038.47,100.5,7.4684
16039.48,101.5,7.4684
16040.48,100.5,7.4684
16041.49,99.5,7.4684
16042.49,100.5,7.4684
16043.5,100.5,7.4684
16044.5,101.5,7.4684
16045.51,99.5,7.4684
16046.51,100.5,7.4684
16047.52,100.5,7.4684
16048.52,100.5,7.4684
16049.53,100.5,7.4684
16050.53,99.5,7.4684
16051.54,101.5,7.4684
16052.54,101.5,7.4684
16053.55,99.5,7.4684
16054.55,100.5,7.4684
16055.56,99.5,7.4684
16056.56,99.5,7.4684
16057.57,101.5,7.4684
16058.58,102.5,7.4684
16059.58,101.5,7.4684
16060.58,100.6,7.4684
16061.59,103.5,7.4684
16062.59,101.5,7.4687
16063.6,102.5,7.4687
16064.6,100.5,7.4687
16065.61,99.6,7.4687
16066.61,102.5,7.4687
16067.62,99.5,7.4687
16068.62,101.6,7.4687
16069.63,99.5,7.4687
16070.63,101.5,7.4687
16071.64,100.6,7.4687
16072.64,99.5,7.4687
16073.65,100.5,7.4687
16074.65,99.5,7.4687
16075.66,101.5,7.4687
16076.66,100.5,7.4687
16077.67,100.5,7.4687
16078.67,101.5,7.4687
16079.68,100.5,7.4687
16080.68,100.5,7.4687
16081.69,99.5,7.4687
16082.69,100.5,7.4687
16083.7,102.5,7.4687
16084.7,99.5,7.4687
16085.71,100.5,7.4687
16086.71,99.5,7.4687
16087.72,102.5,7.4687
16088.72,100.5,7.4687
16089.73,111.4,7.4687
16090.73,100.6,7.4687
16091.74,101.5,7.4687
16092.74,100.5,7.4687
16093.75,99.5,7.4687
16094.75,100.5,7.4687
16095.76,101.5,7.4687
16096.76,101.5,7.4687
16097.77,100.5,7.4687
16098.77,100.5,7.4687
16099.78,100.5,7.4687
16100.78,99.5,7.4687
16101.79,101.5,7.4687
16102.79,99.5,7.4689
16103.8,101.5,7.4689
16104.8,100.5,7.4689
16105.81,101.5,7.4689
16106.81,100.5,7.4689
16107.82,99.5,7.4689
16108.82,100.5,7.4689
16109.83,101.6,7.4689
16110.83,101.5,7.4689
16111.84,99.5,7.4689
16112.84,101.5,7.4689
16113.85,99.5,7.4689
16114.85,100.5,7.4689
16115.86,101.5,7.4689
16116.86,99.5,7.4689
16117.87,100.5,7.4689
16118.87,101.5,7.4689
16119.88,101.5,7.4689
16120.88,100.5,7.4689
16121.89,100.5,7.4689
16122.89,99.5,7.4689
16123.9,100.5,7.4689
16124.9,100.5,7.4689
16125.91,101.5,7.4692
16126.91,100.6,7.4692
16127.92,100.5,7.4692
16128.92,99.5,7.4692
16129.93,101.5,7.4692
16130.93,100.5,7.4692
16131.94,100.5,7.4692
16132.94,101.5,7.4692
16133.95,100.5,7.4692
16134.95,99.5,7.4692
16135.96,100.5,7.4692
16136.96,101.5,7.4692
16137.97,100.5,7.4692
16138.97,100.5,7.4692
16139.98,99.5,7.4692
16140.98,100.5,7.4692
16141.99,100.5,7.4692
16142.99,100.7,7.4692
16144.0,99.5,7.4692
16145.0,100.7,7.4692
16146.01,100.5,7.4692
16147.01,100.5,7.4692
16148.02,101.5,7.4694
16149.02,100.5,7.4694
16150.03,99.5,7.4694
16151.03,102.5,7.4694
16152.04,100.5,7.4694
16153.04,99.5,7.4694
16154.05,101.5,7.4694
16155.05,99.5,7.4694
16156.06,101.5,7.4694
16157.06,100.5,7.4694
16158.07,101.5,7.4694
16159.07,99.6,7.4694
16160.08,100.5,7.4694
16161.08,99.5,7.4694
16162.09,101.5,7.4694
16163.09,100.5,7.4694
16164.1,100.5,7.4694
16165.1,100.5,7.4694
16166.11,101.5,7.4694
16167.11,99.5,7.4694
16168.12,100.5,7.4694
16169.12,100.5,7.4694
16170.13,101.5,7.4694
16171.13,100.5,7.4694
16172.14,100.5,7.4694
16173.14,101.5,7.4697
16174.15,100.5,7.4697
16175.15,101.5,7.4697
16176.16,99.5,7.4697
16177.16,101.5,7.4697
16178.17,99.5,7.4697
16179.17,99.5,7.4697
16180.18,102.5,7.4697
16181.18,99.5,7.4697
16182.19,100.5,7.4697
16183.19,99.5,7.4697
16184.2,103.5,2.1749
16185.2,280.6,2.4372
16186.21,313.0,2.5409
16187.21,2.0,2.361
16188.21,326.1,2.6027
16189.22,362.8,2.7696
16190.22,336.2,3.0451
16191.23,323.3,3.3419
16192.23,310.4,3.6417
16193.24,302.4,3.9636
16194.24,304.3,4.2846
16195.25,305.5,4.6151
16196.25,310.5,5.008
16197.26,301.4,5.4252
16198.26,304.6,5.8694
16199.27,325.3,6.1458
16200.27,1.0,2.326
16201.27,340.9,2.6115
16202.28,365.5,2.8653
16203.28,334.2,3.2325
16204.29,311.3,3.6108
16205.29,303.4,4.0034
16206.3,305.4,4.4021
16207.31,311.3,4.8054
16208.31,306.3,5.1958
16209.32,301.4,5.602
16210.32,315.6,5.9226
16211.33,269.7,2.1601
16212.33,0.0,2.3885
16213.33,331.9,2.6659
16214.34,369.8,2.8209
16215.34,326.3,3.0111
16216.35,316.4,3.2214
16217.35,313.3,3.4253
16218.36,305.3,3.6141
16219.36,307.3,3.8207
16220.37,307.3,4.0365
16221.37,295.4,4.3653
16222.38,148.3,4.7206
16223.38,115.4,5.1133
16224.39,110.4,5.5122
16225.39,111.4,5.929
16226.4,100.5,6.3487
16227.4,111.4,6.7624
16228.41,100.5,7.188
16229.41,139.4,7.4252
16230.42,100.5,7.4252
16231.42,101.5,7.4252
16232.43,102.5,7.4254
16233.43,100.6,7.4254
16234.44,102.5,7.4254
16235.44,100.5,7.4254
16236.45,103.5,7.4254
16237.45,102.6,7.4254
16238.46,101.5,7.4254
16239.46,101.5,7.4254
16240.47,141.3,7.5949
16241.47,101.6,7.5952
16242.48,100.5,7.5952
16243.48,104.5,7.5952
16244.49,100.5,7.5952
16245.49,99.6,7.5952
16246.5,102.5,7.5952
16247.5,103.5,7.5952
16248.51,100.5,7.5952
16249.51,123.4,7.5955
16250.52,106.4,7.5955
16251.52,101.5,7.5955
16252.53,100.5,7.5955
16253.53,101.5,7.5957
16254.54,99.5,7.5957
16255.54,102.6,7.5957
16256.55,100.5,7.5957
16257.55,99.5,7.5957
16258.57,110.8,7.5957
16259.58,112.4,7.5958
16260.58,129.4,7.5958
16261.59,99.5,7.5958
16262.59,99.5,7.5958
16263.6,101.5,7.5958
16264.6,100.5,7.5958
16265.61,99.5,7.5958
16266.61,103.5,7.5958
16267.62,99.5,7.5958
16268.62,101.5,7.5958
16269.63,119.4,7.5958
16270.63,103.5,7.5958
16271.64,99.6,7.5958
16272.64,101.5,7.5958
16273.65,99.5,7.5958
16274.65,99.6,7.5958
16275.66,101.5,7.5958
16276.66,100.5,7.5958
16277.67,99.5,7.5958
16278.67,100.5,7.5958
16279.68,124.5,7.7151
16280.68,100.5,7.7151
16281.69,101.5,7.7151
16282.69,99.5,7.7151
16283.7,101.6,7.7151
16284.7,102.5,7.7151
16285.71,100.5,7.7151
16286.71,100.5,7.7151
16287.72,101.5,7.7151
16288.72,101.5,7.7151
16289.73,99.5,8.0366
16290.73,100.5,8.4162
16291.74,100.6,8.8609
16292.74,145.2,8.9871
16293.75,101.5,8.9871
16294.75,99.5,8.9871
16295.76,100.5,8.9871
16296.76,100.5,8.9871
16297.77,101.5,8.9871
16298.77,103.5,8.9871
16299.78,99.5,8.9871
16300.78,101.5,8.9871
16301.79,100.5,8.9871
16302.8,100.5,8.9871
16303.8,100.5,8.9871
16304.81,109.5,2.1608
16305.81,1.0,2.3758
16306.82,326.4,2.6714
16307.82,368.2,2.854
16308.83,330.4,3.1196
16309.83,319.3,3.3655
16310.84,309.4,3.5985
16311.84,304.3,3.7586
16312.85,306.3,3.9166
16313.85,291.4,2.161
16314.86,2.0,2.4345
16315.86,337.0,2.6864
16316.86,364.1,2.9096
16317.87,318.4,3.1602
16318.88,313.3,3.4033
16319.88,308.6,3.6043
16320.89,300.4,3.7468
16321.89,305.6,3.8895
16322.9,307.4,4.0315
16323.9,284.5,4.3815
16324.91,142.3,4.8002
16325.91,257.6,5.2361
16326.92,279.5,5.7036
16327.92,212.9,6.1605
16328.93,131.4,6.6149
16329.93,102.5,7.0757
16330.94,137.3,7.3861
16331.94,102.5,7.4861
16332.95,106.5,7.4861
16333.95,100.5,7.4861
16334.96,99.5,7.4861
16335.96,101.6,7.4861
16336.97,100.5,7.4861
16337.97,99.5,7.4861
16338.98,102.5,7.4861
16339.98,124.7,7.6059
16340.99,99.5,7.6539
16341.99,100.6,7.6539
16342.99,117.4,7.6542
16344.0,106.4,7.6542
16345.01,100.5,7.6542
16346.01,102.6,7.6542
16347.01,100.5,7.6542
16348.02,99.6,7.6542
16349.02,101.5,7.6542
16350.03,123.4,7.6547
16351.03,101.5,7.6547
16352.04,100.5,7.6547
16353.05,99.5,7.6547
16354.05,102.6,7.6547
16355.05,100.5,7.6547
16356.06,100.5,7.6547
16357.07,101.5,7.6547
16358.07,120.5,7.655
16359.07,101.5,7.655
16360.08,102.5,7.655
16361.08,99.5,7.655
16362.09,102.5,7.655
16363.09,99.5,7.655
16364.1,100.5,7.655
16365.1,101.5,7.655
16366.11,99.5,7.655
16367.11,99.6,7.655
16368.12,121.4,7.655
16369.12,101.5,7.655
16370.13,99.5,7.655
16371.13,100.6,7.655
16372.14,101.5,7.655
16373.14,103.5,7.655
16374.15,103.5,7.655
16375.15,101.6,7.655
16376.16,101.5,7.655
16377.16,110.6,7.6952
16378.17,115.4,7.7743
16379.17,100.5,7.7743
16380.18,100.5,7.7743
16381.18,101.5,7.7743
16382.19,101.5,7.7743
16383.19,101.5,7.7743
16384.2,99.6,7.7743
16385.2,102.5,7.7743
16386.21,100.5,7.7743
16387.21,99.5,8.1113
16388.22,101.3,8.4967
16389.22,130.6,9.0048
16390.23,115.4,9.0453
16391.23,101.5,9.0453
16392.24,100.5,9.0453
16393.24,100.5,9.0453
16394.25,100.5,9.0453
16395.25,102.5,9.0453
16396.26,99.5,9.0453
16397.26,101.5,9.0453
16398.27,101.5,9.0453
16399.27,100.5,9.0453
16400.28,100.5,9.0457
16401.29,101.5,9.0457
16402.29,99.6,9.0459
16403.29,100.5,9.0459
16404.3,99.5,9.0459
16405.31,101.5,9.0459
16406.31,100.5,9.0459
16407.32,100.5,9.0459
16408.32,102.5,9.0459
16409.33,100.5,9.0459
16410.33,101.6,9.0459
16411.34,100.5,9.0459
16412.34,104.5,9.0459
16413.35,101.5,9.0462
16414.35,100.5,9.0462
16415.36,100.5,9.0462
16416.36,100.5,9.0462
16417.37,100.5,9.0462
16418.37,100.5,9.0462
16419.38,100.5,9.0462
16420.38,101.6,9.0462
16421.39,106.4,9.0462
16422.39,102.5,9.0462
16423.4,99.5,9.0462
16424.4,101.5,9.0462
16425.41,100.5,9.0462
16426.41,100.5,9.0462
16427.42,100.6,9.0462
16428.42,100.5,9.0462
16429.43,100.5,9.0462
16430.43,102.5,9.0462
16431.44,100.5,9.0462
16432.44,100.5,9.0462
16433.45,100.5,9.0463
16434.45,100.6,9.0463
16435.46,100.5,9.0463
16436.46,100.5,9.0463
16437.47,100.5,9.0463
16438.47,101.5,9.0463
16439.48,98.5,9.0463
16440.49,100.5,9.0463
16441.49,100.5,9.0463
16442.49,100.5,9.0463
16443.5,100.5,9.0463
16444.51,100.5,9.0463
16445.51,102.6,9.0463
16446.51,99.5,9.0463
16447.52,103.5,9.0463
16448.52,100.5,9.0463
16449.53,102.5,9.0463
16450.54,101.5,9.0463
16451.54,115.5,9.0463
16452.54,99.5,9.0463
16453.55,100.5,9.0463
16454.55,102.6,9.0466
16455.56,99.5,9.0466
16456.56,99.5,9.0466
16457.57,101.5,9.0466
16458.57,102.5,9.0466
16459.58,99.5,9.0466
16460.59,101.5,9.0466
16461.59,99.5,9.0466
16462.59,99.7,9.0466
16463.6,100.8,9.0466
16464.6,100.5,9.0466
16465.61,101.4,9.0466
16466.61,100.6,9.0466
16467.61,100.6,9.0466
16468.62,101.5,9.0466
16469.62,100.5,9.0466
16470.63,101.6,9.0466
16471.63,99.5,9.0466
16472.64,100.5,9.0466
16473.64,101.5,9.0466
16474.65,99.5,9.0466
16475.65,101.5,9.0466
16476.66,100.5,9.0466
16477.66,100.5,9.0466
16478.67,101.5,9.0468
16479.68,100.5,9.0468
16480.68,100.5,9.0468
16481.69,101.5,9.0468
16482.69,99.7,9.0468
16483.69,100.8,9.0468
16484.69,99.8,9.0471
16485.7,101.6,9.0471
16486.7,101.5,9.0471
16487.71,100.5,9.0471
16488.71,101.5,9.0471
16489.72,100.5,9.0471
16490.72,99.5,9.0471
16491.73,100.5,9.0471
16492.73,100.5,9.0471
16493.74,101.5,9.0471
16494.74,99.5,9.0471
16495.75,100.5,9.0471
16496.75,102.5,9.0471
16497.76,100.5,9.0471
16498.76,100.5,9.0471
16499.77,102.5,9.0471
16500.78,99.5,9.0471
16501.78,101.5,9.0471
16502.79,99.5,9.0473
16503.79,101.5,9.0473
16504.8,101.5,9.0473
16505.8,99.5,9.0473
16506.81,100.6,9.0473
16507.81,100.5,9.0473
16508.82,100.5,9.0474
16509.82,101.5,9.0474
16510.83,99.6,9.0474
16511.83,101.5,9.0474
16512.83,100.7,9.0474
16513.84,100.6,9.0474
16514.84,99.5,9.0474
16515.85,101.5,9.0474
16516.85,101.5,9.0474
16517.86,99.6,9.0474
16518.86,100.5,9.0474
16519.87,100.5,9.0474
16520.87,101.5,9.0474
16521.88,99.5,9.0474
16522.88,101.5,9.0474
16523.89,103.5,9.0474
16524.89,100.5,9.0474
16525.9,99.6,9.0474
16526.9,100.5,9.0474
16527.91,100.5,9.0474
16528.91,101.5,9.0474
16529.92,99.5,9.0474
16530.92,100.5,9.0476
16531.93,101.5,9.0476
16532.93,99.5,9.0476
16533.94,101.6,9.0476
16534.94,100.5,9.0476
16535.95,101.5,9.0476
16536.95,100.5,9.0476
16537.95,100.8,9.0476
16538.96,99.8,9.0476
16539.96,100.6,9.0476
16540.97,101.5,9.0476
16541.97,100.5,9.0476
16542.98,100.5,9.0476
16543.98,99.7,9.0476
16544.99,100.5,9.0476
16545.99,101.6,9.0476
16546.99,100.5,9.0476
16548.0,100.5,9.0476
16549.01,100.5,9.0476
16550.01,100.6,9.0476
16551.01,101.5,9.0476
16552.02,99.5,9.0478
16553.02,100.5,9.0478
16554.03,100.5,9.0478
16555.03,100.5,9.0478
16556.04,99.5,9.0478
16557.05,102.5,9.0478
16558.05,100.5,9.0478
16559.06,99.5,9.0478
16560.06,100.5,9.0478
16561.07,101.5,9.0478
16562.07,99.5,9.0478
16563.08,102.5,9.0501
16564.08,100.5,9.0501
16565.09,100.6,9.0502
16566.09,100.5,9.0502
16567.1,100.5,9.0502
16568.1,100.6,9.0502
16569.11,101.5,9.0504
16570.11,100.7,9.0504
16571.11,99.5,9.0504
16572.12,101.5,9.0504
16573.12,100.5,9.0507
16574.13,101.5,9.0507
16575.13,99.5,9.0507
16576.14,101.6,9.0507
16577.14,101.5,9.0507
16578.15,100.5,9.0507
16579.15,100.6,9.0507
16580.16,99.5,9.0507
16581.16,101.5,9.0507
16582.17,99.5,9.0507
16583.17,100.5,9.0507
16584.18,101.5,9.0507
16585.18,101.5,9.0784
16586.19,99.5,9.0784
16587.19,101.5,9.0784
16588.2,101.5,9.0784
16589.2,100.5,9.0784
16590.21,101.5,9.0784
16591.21,99.5,9.0784
16592.22,101.5,9.0785
16593.22,100.5,9.0785
16594.23,100.7,9.0785
16595.23,99.5,9.0785
16596.24,101.5,9.0785
16597.24,99.5,9.0785
16598.25,100.5,9.0785
16599.25,100.5,9.0785
16600.26,101.5,9.0785
16601.26,100.5,9.0785
16602.27,101.5,9.0785
16603.27,101.5,9.0785
16604.28,99.6,9.0785
16605.28,101.5,9.0785
16606.29,100.5,9.0785
16607.29,100.5,9.0785
16608.3,100.5,9.1055
16609.3,101.5,9.1055
16610.31,100.5,9.1055
16611.31,99.5,9.1055
16612.32,100.5,9.1055
16613.32,101.5,9.1055
16614.33,112.6,2.2862
16615.33,325.3,2.5287
16616.34,338.9,2.6342
16617.34,348.2,2.8445
16618.35,328.4,3.0952
16619.35,310.5,3.3641
16620.36,317.5,3.591
16621.36,250.7,3.935
16622.37,147.2,4.3505
16623.37,184.0,4.7624
16624.38,288.5,5.2124
16625.38,254.7,5.6725
16626.39,232.0,6.0985
16627.39,130.3,6.5512
16628.4,102.5,7.0096
16629.4,129.5,7.2837
16630.4,100.6,7.2837
16631.41,100.7,7.2837
16632.41,101.7,7.2837
16633.41,99.7,7.3837
16634.42,101.5,7.3837
16635.42,101.6,7.3837
16636.43,101.7,7.3837
16637.43,104.8,7.3837
16638.43,100.7,7.3837
16639.43,127.6,7.4784
16640.44,117.4,7.5786
16641.45,101.5,7.5786
16642.45,107.5,7.5786
16643.45,100.5,7.5789
16644.46,102.5,7.5789
16645.47,99.5,7.5789
16646.47,101.5,7.5789
16647.48,99.5,7.5789
16648.48,120.4,7.5793
16649.49,101.5,7.5794
16650.49,100.5,7.5794
16651.5,102.5,7.5794
16652.5,100.5,7.5794
16653.51,100.6,7.5794
16654.51,100.5,7.5797
16655.52,99.5,7.5797
16656.52,118.4,7.5797
16657.53,100.5,7.5797
16658.53,100.6,7.5797
16659.54,100.5,7.5797
16660.54,100.5,7.5797
16661.55,99.5,7.5797
16662.55,101.5,7.5797
16663.56,100.6,7.5797
16664.56,107.6,7.5797
16665.56,109.4,7.5797
16666.57,100.5,7.5797
16667.57,100.5,7.5797
16668.58,101.5,7.5797
16669.59,100.5,7.5797
16670.59,100.5,7.5797
16671.59,99.6,7.5797
16672.6,100.5,7.5797
16673.6,100.5,7.5797
16674.61,120.4,7.6742
16675.61,101.5,7.6742
16676.62,100.5,7.6742
16677.63,101.5,7.6742
16678.63,99.6,7.6742
16679.63,101.5,7.6742
16680.64,99.5,7.6742
16681.64,101.7,7.6742
16682.65,100.5,7.6742
16683.65,100.7,8.0181
16684.66,100.5,8.4317
16685.67,104.2,8.9463
16686.68,133.2,9.0299
16687.68,100.5,9.0299
16688.69,100.5,9.0299
16689.69,100.5,9.0299
16690.7,100.5,9.0299
16691.71,100.5,9.0299
16692.71,100.5,9.03
16693.72,102.5,9.03
16694.72,100.5,9.03
16695.73,99.5,9.03
16696.73,100.5,9.03
16697.74,101.5,9.0305
16698.74,100.5,9.0305
16699.75,99.5,9.0305
16700.75,101.5,9.0305
16701.76,106.4,9.0305
16702.76,101.5,9.0305
16703.77,104.5,9.0305
16704.77,100.5,9.0305
16705.78,100.5,9.0305
16706.78,99.5,9.0305
16707.79,101.5,9.0305
16708.8,101.5,9.0305
16709.8,99.5,9.0305
16710.81,100.5,9.0305
16711.81,101.5,9.0305
16712.82,100.5,9.0308
16713.82,101.5,9.0308
16714.83,100.5,9.0308
16715.83,100.5,9.0308
16716.84,99.5,9.0308
16717.84,100.5,9.0308
16718.85,102.5,9.0308
16719.85,99.5,9.0308
16720.86,100.5,9.0308
16721.86,100.5,9.0308
16722.87,100.5,9.0308
16723.87,100.5,9.0308
16724.88,101.5,9.0308
16725.88,100.5,9.0308
16726.89,100.5,9.0308
16727.89,100.6,9.0308
16728.9,100.5,9.0308
16729.9,101.5,9.0308
16730.91,99.5,9.0308
16731.92,100.4,9.0308
16732.92,102.5,9.0308
16733.93,99.5,9.0308
16734.93,100.5,9.0308
16735.94,101.5,9.0308
16736.94,100.5,9.0308
16737.95,99.5,9.0308
16738.95,100.5,9.0308
16739.96,103.5,9.0311
16740.96,99.5,9.0311
16741.97,100.5,9.0311
16742.97,100.5,9.0311
16743.98,100.6,9.0311
16744.98,100.5,9.0311
16745.99,101.5,9.0311
16746.99,100.5,9.0311
16748.0,101.5,9.0311
16749.0,100.6,9.0311
16750.01,99.5,9.0311
16751.01,101.5,9.0311
16752.02,101.5,9.0312
16753.02,100.5,9.0312
16754.03,100.6,9.0312
16755.03,101.5,9.0312
16756.04,100.5,9.0312
16757.04,99.5,9.0312
16758.05,100.5,9.0312
16759.05,100.5,9.0312
16760.06,101.5,9.0312
16761.06,100.5,9.0312
16762.07,100.6,9.0312
16763.07,100.5,9.0313
16764.08,100.6,9.0313
16765.08,102.5,9.0313
16766.09,100.5,9.0313
16767.09,102.5,9.0313
16768.1,99.5,9.0313
16769.1,100.5,9.0313
16770.11,102.5,9.0313
16771.11,100.5,9.0313
16772.12,100.5,9.0313
16773.12,100.5,9.0313
16774.13,100.5,9.0313
16775.13,99.5,9.0313
16776.14,102.5,9.0313
16777.14,101.5,9.0313
16778.15,99.5,9.0313
16779.15,100.5,9.0313
16780.16,100.5,9.0313
16781.16,100.5,9.0313
16782.17,100.5,9.0313
16783.18,99.5,9.0313
16784.18,100.5,9.0313
16785.19,100.5,9.0313
16786.19,100.5,9.0313
16787.2,100.5,9.0313
16788.2,100.5,9.0313
16789.21,101.5,9.0313
16790.21,101.5,9.0313
16791.22,100.5,9.0313
16792.22,100.5,9.0313
16793.23,99.5,9.0315
16794.23,99.5,9.0315
16795.24,102.5,9.0315
16796.24,99.5,9.0315
16797.25,99.5,9.0315
16798.25,102.5,9.0315
16799.26,101.5,9.0315
16800.26,99.5,9.0315
16801.27,100.5,9.0315
16802.27,100.5,9.0315
16803.28,100.6,9.0315
16804.28,100.5,9.0315
16805.29,99.5,9.0315
16806.29,101.5,9.0316
16807.3,100.5,9.0316
16808.3,99.5,9.0316
16809.31,100.5,9.0316
16810.31,99.6,9.0316
16811.32,101.5,9.0316
16812.32,101.5,9.0316
16813.33,98.5,9.0316
16814.33,102.6,9.0316
16815.34,99.5,9.0316
16816.34,99.5,9.0316
16817.35,100.5,9.0316
16818.35,100.5,9.0316
16819.36,102.5,9.0316
16820.37,100.5,9.0316
16821.37,102.5,9.0316
16822.38,100.5,9.0316
16823.38,99.5,9.0316
16824.39,101.5,9.0319
16825.39,101.5,9.0319
16826.4,99.5,9.0319
16827.4,100.5,9.0319
16828.41,100.6,9.032
16829.41,100.5,9.032
16830.42,100.5,9.032
16831.42,99.5,9.032
16832.43,100.5,9.032
16833.43,101.5,9.032
16834.44,100.5,9.032
16835.44,99.6,9.032
16836.45,100.5,9.032
16837.45,100.5,9.032
16838.46,102.5,9.0321
16839.46,100.6,9.0321
16840.47,100.5,9.0321
16841.47,101.5,9.0321
16842.48,99.5,9.0321
16843.48,100.5,9.0321
16844.49,100.5,9.0321
16845.49,101.5,9.0321
16846.5,100.5,9.0321
16847.5,100.6,9.0321
16848.51,101.5,9.0321
16849.51,100.5,9.0321
16850.52,99.5,9.0321
16851.52,100.5,9.0321
16852.53,100.5,9.0321
16853.53,101.5,9.0321
16854.54,99.5,9.0321
16855.54,101.5,9.0321
16856.55,99.5,9.0321
16857.55,101.6,9.0321
16858.56,99.5,9.0321
16859.56,100.5,9.0331
16860.57,99.5,9.0331
16861.57,100.6,9.0331
16862.58,101.5,9.0331
16863.58,99.5,9.0333
16864.59,101.5,9.0333
16865.6,105.4,9.0333
16866.61,135.3,9.0334
16867.61,102.5,9.0335
16868.62,101.5,9.0335
16869.62,99.5,9.0335
16870.63,197.0,9.0335
16871.63,236.8,9.0397
16872.64,201.0,9.0419
16873.64,168.1,9.0442
16874.65,99.5,9.0442
16875.65,101.5,9.0443
16876.66,101.5,9.0443
16877.66,100.5,9.0443
16878.67,100.5,9.0443
16879.68,100.5,9.0443
16880.68,100.5,9.0443
16881.69,100.5,9.0443
16882.69,101.5,9.0443
16883.7,100.5,9.0443
16884.7,100.5,9.0443
16885.71,101.5,9.0443
16886.71,100.5,9.0443
16887.72,100.5,9.0443
16888.72,102.6,9.0443
16889.73,100.4,9.0443
16890.73,99.5,9.0443
16891.74,100.5,9.0443
16892.74,101.7,9.0443
16893.74,107.5,9.0443
16894.75,100.5,9.0443
16895.75,100.5,9.0443
16896.76,100.6,9.0443
16897.76,100.6,9.0443
16898.77,99.5,9.0443
16899.77,100.5,9.0443
16900.78,101.5,9.0443
16901.78,102.5,9.0443
16902.79,100.5,9.0443
16903.79,101.5,9.0443
16904.8,100.5,9.0444
16905.8,100.5,9.0444
16906.81,100.5,9.0444
16907.81,100.5,9.0444
16908.82,100.6,9.0444
16909.82,104.5,9.0446
16910.83,100.5,9.0446
16911.83,101.5,9.0446
16912.84,100.5,9.0446
16913.84,103.5,9.0446
16914.84,2.0,2.367
16915.85,319.1,2.516
16916.85,2.0,2.2825
16917.86,325.0,2.4549
16918.86,2.0,2.2533
16919.86,301.1,2.4476
16920.87,1.0,2.1848
16921.87,286.6,2.4374
16922.88,328.9,2.5662
16923.88,1.0,2.3459
16924.88,327.0,2.6136
16925.89,356.6,2.7765
16926.89,341.6,3.0732
16927.9,326.2,3.3781
16928.9,307.4,3.7587
16929.91,306.3,4.175
16930.91,304.6,4.5986
16931.92,307.3,5.0318
16932.92,305.6,5.4614
16933.93,310.4,5.8368
16934.93,314.3,2.1748
16935.94,2.0,2.3519
16936.94,334.3,2.631
16937.94,373.9,2.8522
16938.95,334.2,3.2214
16939.95,314.5,3.6083
16940.96,301.5,4.0344
16941.96,307.3,4.4529
16942.97,307.3,4.9097
16943.97,303.0,5.3565
16944.98,314.2,5.8139
16945.98,328.3,6.1311
16946.98,17.0,2.3808
16947.99,341.9,2.6866
16948.99,368.9,2.9151
16949.99,345.9,3.279
16951.0,318.5,3.6522
16952.0,305.6,4.0665
16953.01,306.3,4.4926
16954.01,308.2,4.9227
16955.02,306.3,5.3465
16956.02,312.3,5.7907
16957.03,324.0,6.1253
16958.03,1.0,2.3208
16959.04,303.5,2.5358
16960.04,359.8,2.7291
16961.04,346.9,3.0338
16962.05,1.0,2.3181
16963.06,294.4,2.5108
16964.06,328.5,2.6228
16965.06,320.4,2.8828
16966.07,142.4,3.2159
16967.07,305.5,3.5413
16968.08,2.0,2.3298
16969.08,308.3,2.5489
16970.08,306.0,2.7032
16971.09,358.0,2.9438
16972.09,332.2,3.2446
16973.1,315.5,3.5533
16974.1,304.3,3.8924
16975.11,303.3,4.2456
16976.11,307.4,4.633
16977.12,307.3,5.091
16978.12,306.0,5.5496
16979.13,277.1,6.0044
16980.13,289.5,2.2354
16981.13,0.0,2.4312
16982.14,337.7,2.6163
16983.14,312.3,2.8666
16984.15,110.5,2.9935
16985.15,122.4,3.0785
16986.16,0.0,2.4975
16987.16,346.8,2.6678
16988.17,260.6,2.9195
16989.17,107.4,3.0463
16990.18,115.4,3.1186
16991.18,107.4,3.1905
16992.19,101.5,3.2638
16993.19,111.4,3.3216
16994.2,100.5,3.3723
16995.2,109.4,3.4261
16996.21,100.5,3.4718
16997.21,105.5,3.5155
16998.22,99.5,3.5589
16999.22,100.5,3.591
17000.23,101.5,3.6245
17001.23,99.5,3.6537
17002.24,103.5,3.6832
17003.24,2.0,2.3434
17004.25,303.2,2.517
17005.25,363.6,2.7208
17006.26,214.0,2.8992
17007.26,109.4,2.996
17008.27,101.5,3.0597
17009.27,112.4,3.1199
17010.28,106.4,3.1882
17011.28,116.4,3.255
17012.29,101.5,3.3197
17013.29,101.5,3.3663
17014.3,100.5,3.4222
17015.3,111.4,3.4555
17016.31,100.5,3.4979
17017.31,110.4,3.523
17018.32,101.5,3.5523
17019.33,102.5,3.5758
17020.33,119.4,3.6001
17021.34,194.0,3.6381
17022.34,223.8,3.6884
17023.35,126.3,3.7318
17024.35,102.5,3.7713
17025.36,104.5,3.8237
17026.36,99.5,3.8674
17027.37,100.5,3.917
17028.37,100.5,3.954
17029.38,105.5,3.9792
17030.38,101.6,4.0214
17031.39,100.5,4.0481
17032.39,98.5,4.0919
17033.4,101.5,4.1257
17034.4,104.5,4.1587
17035.41,101.5,4.1881
17036.41,100.5,4.2227
17037.42,102.5,4.2487
17038.42,102.6,4.2812
17039.43,99.5,4.309
17040.43,100.5,4.3414
17041.44,100.5,4.366
17042.44,99.6,4.3873
17043.45,106.5,4.4176
17044.45,101.5,4.449
17045.46,100.5,4.4671
17046.46,99.6,4.489
17047.47,106.5,4.5221
17048.47,99.5,4.5404
17049.48,100.5,4.5681
17050.48,100.5,4.5824
17051.49,104.5,4.5986
17052.49,122.4,4.6116
17053.5,102.5,4.6787
17054.5,1487.4,2.3625
17055.5,324.0,2.539
17056.51,351.0,2.7415
17057.51,216.9,3.0479
17058.52,181.1,3.2391
17059.52,214.1,3.3598
17060.53,283.5,3.5194
17061.53,288.5,3.6246
17062.54,126.4,3.69
17063.54,106.5,3.7439
17064.55,108.4,3.789
17065.55,2.0,2.3945
17066.55,309.1,2.5384
17067.56,351.9,2.7395
17068.56,249.8,2.9488
17069.57,1990.1,2.3491
17070.57,348.7,2.6256
17071.57,361.1,2.7815
17072.58,341.2,3.0796
17073.58,324.4,3.3659
17074.59,307.6,3.6806
17075.59,305.5,4.0134
17076.6,302.8,4.3421
17077.6,301.4,4.7638
17078.6,309.0,5.1788
17079.61,277.5,2.2367
17080.61,8.0,2.4675
17081.61,332.9,2.6268
17082.62,313.6,2.9765
17083.62,145.2,3.4393
17084.63,155.2,3.8824
17085.63,1.0,2.3788
17086.64,337.1,2.6049
17087.64,361.4,2.7565
17088.65,5.0,2.3321
17089.65,309.0,2.5505
17090.65,355.9,2.6787
17091.65,2.0,2.4237
17092.66,329.0,2.5964
17093.66,1.0,2.3535
17094.67,319.0,2.5322
17095.67,355.0,2.7374
17096.67,189.5,3.0674
17097.68,284.5,3.4222
17098.68,300.5,3.7956
17099.69,218.0,4.1669
17100.69,224.8,4.6922
17101.7,199.9,5.2014
17102.7,143.3,5.7068
17103.71,101.5,6.1478
17104.71,100.5,6.6748
17105.72,104.5,7.2077
17106.72,114.4,7.4428
17107.73,118.4,7.4428
17108.73,104.5,7.4428
17109.74,100.5,7.4428
17110.74,101.5,7.4428
17111.75,101.5,7.4428
17112.75,100.5,7.4428
17113.76,100.5,7.4428
17114.77,107.4,7.5266
17115.77,102.5,7.5266
17116.78,100.5,7.5266
17117.78,105.4,7.5269
17118.79,101.5,7.5269
17119.79,102.5,7.5269
17120.8,113.4,7.527
17121.8,103.4,7.5271
17122.81,138.3,2.2372
17123.81,2960.4,2.5049
17124.82,4.0,2.3796
17125.82,338.2,2.5735
17126.82,15.0,2.4002
17127.83,343.0,2.6048
17128.83,350.8,2.9025
17129.84,317.0,3.2026
17130.84,311.4,3.5028
17131.84,316.2,3.7772
17132.85,319.6,4.1274
17133.85,183.0,2.2486
17134.86,0.0,2.4677
17135.86,302.2,2.6265
17136.86,347.0,2.8319
17137.87,334.5,3.0727
17138.87,321.4,3.3149
17139.88,300.6,3.5925
17140.88,154.2,4.0336
17141.89,1448.9,2.3229
17142.89,290.4,2.528
17143.89,326.9,2.6738
17144.9,349.1,2.9071
17145.9,338.0,3.1713
17146.91,299.5,3.4749
17147.91,180.0,3.84
17148.92,111.5,4.1841
17149.92,129.3,4.53
17150.93,169.1,4.7511
17151.93,138.3,4.8705
17152.94,134.3,5.0749
17153.94,104.4,5.3969
17154.95,103.5,2.2491
17155.95,2.0,2.4471
17156.96,326.4,2.8495
17157.96,313.3,3.2504
17158.97,304.5,3.6855
17159.98,155.2,4.1631
17160.98,241.8,4.6331
17161.98,259.2,4.8179
17162.99,358.3,5.1188
17163.99,319.5,5.4314
17165.0,315.1,5.7814
17166.0,306.6,6.0574
17167.01,305.3,6.3239
17168.01,303.3,6.5711
17169.02,304.6,6.7892
17170.02,302.2,6.937
17171.03,299.4,7.094
17172.03,309.1,7.3632
17173.04,326.3,8.0308
17174.04,303.5,8.0789
17175.05,302.3,8.0807
17176.05,299.4,8.0817
17177.06,248.7,8.0824
17178.06,197.9,8.0829
17179.07,141.4,8.0829
17180.07,143.2,8.083
17181.08,169.1,8.083
17182.08,102.4,8.083
17183.09,115.4,8.083
17184.09,119.4,8.1831
17185.1,104.4,8.1831
17186.1,104.4,8.1779
17187.11,116.4,8.178
17188.12,105.4,8.1782
17189.12,103.4,8.1782
17190.13,119.4,8.1782
17191.13,100.5,8.1782
17192.14,143.2,8.1782
17193.14,102.5,8.1782
17194.15,101.5,8.1782
17195.15,100.5,8.1782
17196.16,157.2,8.1782
17197.16,103.5,8.1782
17198.17,108.4,8.1782
17199.17,125.3,8.1782
17200.18,189.0,8.1782
17201.18,103.4,8.1782
17202.19,180.0,8.1799
17203.2,100.5,8.1799
17204.2,100.5,8.1799
17205.21,101.4,8.1799
17206.21,103.5,8.18
17207.22,101.6,8.18
17208.22,101.5,8.18
17209.23,100.5,8.18
17210.23,141.2,8.18
17211.24,194.0,8.18
17212.24,110.5,8.18
17213.25,101.5,8.18
17214.25,99.5,8.18
17215.26,103.4,8.18
17216.26,127.3,8.18
17217.27,113.4,8.18
17218.27,102.4,8.18
17219.28,101.5,8.18
17220.29,129.3,8.18
17221.29,101.5,8.18
17222.3,128.3,8.18
17223.3,114.4,8.1802
17224.31,100.5,8.1802
17225.31,106.4,8.1802
17226.33,105.2,8.1917
17227.33,274.6,8.9773
17228.34,100.5,8.9773
17229.34,101.4,8.9773
17230.35,101.5,8.9773
17231.35,100.5,8.9968
17232.36,100.5,9.0185
17233.37,101.4,9.0263
17234.37,100.5,9.0263
17235.38,108.4,9.0263
17236.38,101.5,9.0263
17237.39,101.4,9.0263
17238.39,101.5,9.0263
17239.4,100.5,9.0263
17240.4,101.5,9.0263
17241.41,102.5,9.0263
17242.41,100.5,9.0263
17243.42,103.5,9.0263
17244.42,99.5,9.0263
17245.43,100.5,9.0263
17246.44,101.5,9.0263
17247.44,106.4,9.0263
17248.45,117.4,9.0265
17249.45,101.5,9.0265
17250.46,102.5,9.0265
17251.46,132.3,9.0265
17252.47,101.4,9.0265
17253.47,101.5,9.0265
17254.48,99.5,9.0265
17255.48,102.5,9.0265
17256.49,100.5,9.0265
17257.49,100.5,9.0265
17258.5,101.5,9.0265
17259.5,123.4,9.0265
17260.51,195.9,9.0266
17261.51,120.4,9.0266
17262.52,100.5,9.0266
17263.53,104.4,9.0266
17264.53,100.5,9.0266
17265.54,100.5,9.0266
17266.54,118.4,9.0266
17267.55,102.5,9.0266
17268.55,100.5,9.0266
17269.56,101.5,9.0266
17270.56,99.5,9.0266
17271.57,107.4,9.0266
17272.57,100.5,9.0266
17273.58,103.5,9.0266
17274.58,101.5,9.0266
17275.59,102.5,9.0266
17276.59,99.5,9.0266
17277.6,100.5,9.0266
17278.61,100.5,9.0266
17279.61,101.5,9.0266
17280.62,103.5,9.0266
17281.62,105.5,9.0266
17282.63,100.5,9.0266
17283.63,100.5,9.0266
17284.64,101.5,9.0266
17285.64,105.5,9.0266
17286.65,116.4,9.0266
17287.65,100.5,9.0266
17288.66,108.4,9.0266
17289.66,100.5,9.0266
17290.67,108.4,9.0266
17291.67,101.5,9.0266
17292.68,101.5,9.0266
17293.68,100.5,9.0266
17294.69,101.5,9.0266
17295.69,99.5,9.0266
17296.7,102.5,9.0266
17297.71,103.5,9.0266
17298.71,101.6,9.0266
17299.72,100.5,9.0266
17300.72,100.5,9.0266
17301.73,100.5,9.0266
17302.73,101.5,9.0268
17303.74,100.5,9.0268
17304.74,100.5,9.0268
17305.75,101.5,9.0268
17306.75,101.4,9.0268
17307.76,101.4,9.0268
17308.76,100.4,9.0268
17309.77,103.5,9.0268
17310.77,99.5,9.0268
17311.78,100.5,9.0268
17312.79,101.3,9.0268
17313.79,100.5,9.0268
17314.8,100.5,9.0268
17315.8,101.5,9.0268
17316.81,100.5,9.0268
17317.81,100.5,9.0268
17318.82,100.5,9.0268
17319.82,101.5,9.0268
17320.83,100.5,9.0268
17321.83,100.5,9.0268
17322.84,101.5,9.0268
17323.84,99.5,9.0268
17324.85,101.5,9.0268
17325.85,100.5,9.0268
17326.86,100.5,9.0268
17327.86,100.5,9.0268
17328.87,100.5,9.0268
17329.87,102.5,9.0268
17330.88,99.5,9.0268
17331.89,101.5,9.0268
17332.89,101.5,9.0268
17333.9,100.5,9.0271
17334.9,100.5,9.0271
17335.91,101.5,9.0271
17336.91,100.5,9.0271
17337.92,100.4,9.0271
17338.92,101.5,9.0271
17339.93,99.5,9.0271
17340.93,100.5,9.0271
17341.94,101.5,9.0271
17342.94,99.5,9.0271
17343.95,100.5,9.0271
17344.95,101.5,9.0271
17345.96,100.5,9.0271
17346.96,100.5,9.0271
17347.97,101.5,9.0271
17348.98,101.4,9.0271
17349.98,100.5,9.0271
17350.99,100.5,9.0271
17351.99,100.5,9.0271
17353.0,115.4,9.0271
17354.0,101.5,9.0271
17355.01,102.5,9.0271
17356.01,99.5,9.0271
17357.02,100.5,9.0271
17358.02,101.5,9.0271
17359.03,100.5,9.0271
17360.03,102.5,9.0271
17361.04,99.5,9.0271
17362.04,99.5,9.0271
17363.05,102.5,9.0271
17364.06,99.5,9.0271
17365.06,100.5,9.0271
17366.07,101.5,9.0271
17367.07,100.5,9.0271
17368.08,101.5,9.0271
17369.08,100.5,9.0271
17370.09,99.5,9.0271
17371.09,102.5,9.0271
17372.1,100.5,9.0271
17373.1,100.5,9.0273
17374.11,100.5,9.0273
17375.11,100.5,9.0273
17376.12,100.5,9.0273
17377.12,101.5,9.0273
17378.13,99.5,9.0273
17379.13,101.5,9.0273
17380.14,99.5,9.0273
17381.15,100.5,9.0273
17382.15,103.5,9.0273
17383.16,100.5,9.0273
17384.16,100.5,9.0273
17385.17,101.5,9.0273
17386.17,100.5,9.0273
17387.18,99.5,9.0273
17388.18,102.5,9.0273
17389.19,99.5,9.0273
17390.19,99.5,9.0273
17391.2,100.5,9.0273
17392.2,101.5,9.0273
17393.21,100.5,9.0273
17394.21,102.4,9.0273
17395.22,99.5,9.0273
17396.22,100.5,9.0273
17397.23,99.5,9.0273
17398.24,101.5,9.0273
17399.24,100.5,9.0273
17400.25,101.5,9.0273
17401.25,101.5,9.0273
17402.26,99.5,9.0273
17403.26,102.4,9.0273
17404.27,99.5,9.0273
17405.27,321.0,9.2276
17406.28,131.3,9.2789
17407.28,99.5,9.2789
17408.29,100.5,9.2789
17409.29,102.5,9.2789
17410.3,100.5,9.2789
17411.3,100.5,9.2789
17412.31,100.5,9.2789
17413.31,102.5,9.2741
17414.32,101.5,9.2741
17415.32,99.5,9.2741
17416.33,100.5,9.2741
17417.33,101.5,9.2741
17418.34,100.5,9.2741
17419.34,99.5,9.2743
17420.35,101.5,9.2743
17421.35,99.5,9.2743
17422.36,100.5,9.2743
17423.36,102.5,9.2743
17424.37,102.5,9.2743
17425.37,99.4,9.2743
17426.38,101.5,9.2743
17427.39,100.5,9.2743
17428.39,101.5,9.2743
17429.4,100.5,9.2743
17430.4,99.5,9.2743
17431.41,101.5,9.2743
17432.41,99.5,9.2743
17433.42,100.5,9.2743
17434.42,101.5,9.2743
17435.43,99.5,9.2743
17436.43,102.5,9.2743
17437.44,100.5,9.2743
17438.44,102.5,9.2743
17439.45,98.5,9.2743
17440.45,102.5,9.2743
17441.46,100.5,9.2743
17442.46,100.5,9.2743
17443.47,100.5,9.2746
17444.47,101.5,9.2746
17445.48,101.5,9.2746
17446.48,100.5,9.2746
17447.49,101.5,9.2746
17448.49,99.5,9.2746
17449.5,101.5,9.2746
17450.51,99.5,9.2746
17451.51,100.6,9.2746
17452.51,101.5,9.2746
17453.52,99.6,9.2746
17454.52,101.5,9.2746
17455.53,102.4,2.3662
17456.53,315.7,2.5458
17457.54,350.0,2.7042
17458.54,355.5,2.9175
17459.55,341.2,3.1763
17460.55,232.8,3.5836
17461.56,139.3,4.0385
17462.56,111.5,4.4924
17463.57,2.0,2.3721
17464.57,327.4,2.5819
17465.57,366.1,2.8245
17466.58,337.4,3.0652
17467.58,283.6,3.3683
17468.59,217.9,3.6951
17469.59,121.4,4.1019
17470.6,111.4,4.5357
17471.6,144.2,4.979
17472.61,110.4,5.4141
17473.61,109.4,2.2564
17474.61,2.0,2.5159
17475.62,330.3,2.8337
17476.63,298.4,3.1904
17477.63,215.1,3.5937
17478.64,165.1,4.0849
17479.64,156.2,4.5633
17480.64,227.3,4.7901
17481.65,363.9,5.0256
17482.65,329.3,5.2757
17483.66,317.3,5.539
17484.66,306.6,5.8274
17485.67,308.4,6.0462
17486.67,308.5,6.3299
17487.68,302.4,6.5573
17488.68,307.6,6.7793
17489.69,302.4,6.9316
17490.69,299.4,7.1012
17491.7,310.2,7.4053
17492.7,322.3,8.0899
17493.71,308.4,8.091
17494.71,256.3,8.0869
17495.71,258.7,8.087
17496.72,186.0,8.0871
17497.72,151.2,8.0871
17498.73,139.2,8.0871
17499.74,203.9,8.0871
17500.74,129.3,8.0871
17501.75,104.5,8.0871
17502.75,120.4,8.1872
17503.76,129.3,8.1876
17504.76,139.3,8.1834
17505.77,100.5,8.1834
17506.77,183.5,8.1836
17507.77,103.5,8.1836
17508.78,109.5,8.1836
17509.79,103.5,8.1836
17510.79,103.4,8.1836
17511.8,101.5,8.1836
17512.8,100.5,8.1836
17513.81,101.5,8.1836
17514.81,100.5,8.1836
17515.82,106.4,8.1836
17516.82,106.6,8.1836
17517.83,168.3,8.1836
17518.83,236.7,8.1852
17519.84,128.4,8.1852
17520.84,100.5,8.1852
17521.85,101.5,8.1852
17522.85,99.5,8.1855
17523.86,102.5,8.1855
17524.86,103.4,8.1855
17525.87,100.5,8.1855
17526.87,103.4,8.1855
17527.88,112.4,8.1855
17528.88,160.1,8.1855
17529.89,101.5,8.1855
17530.9,100.5,8.1855
17531.9,111.4,8.1855
17532.91,103.5,8.1855
17533.91,100.5,8.1855
17534.92,123.4,8.1855
17535.92,104.5,8.1855
17536.93,102.5,8.1855
17537.93,100.5,8.1855
17538.94,101.5,8.1855
17539.94,101.5,8.1855
17540.95,127.3,8.1855
17541.95,101.5,8.1855
17542.96,113.4,8.1855
17543.96,101.5,8.1855
17544.97,103.5,8.1855
17545.97,100.5,8.1855
17546.98,139.6,8.3686
17547.98,240.9,8.9857
17548.99,100.5,8.9857
17549.99,102.5,8.9857
17551.0,100.5,8.9976
17552.0,100.5,9.0277
17553.01,102.5,9.0337
17554.01,105.4,9.0337
17555.02,103.5,9.0337
17556.02,100.5,9.0337
17557.03,101.5,9.0337
17558.03,100.5,9.0337
17559.04,101.5,9.0337
17560.04,99.5,9.0337
17561.05,100.5,9.0337
17562.05,101.5,9.0337
17563.06,102.5,9.0337
17564.06,99.5,9.0337
17565.07,108.4,9.0337
17566.07,118.4,9.034
17567.08,101.5,9.034
17568.09,103.5,9.0341
17569.09,110.4,9.0341
17570.1,100.5,9.0341
17571.1,100.5,9.0341
17572.11,117.4,9.0341
17573.11,100.5,9.0341
17574.12,99.5,9.0341
17575.12,106.4,9.0341
17576.13,105.5,9.0341
17577.13,100.5,9.0341
17578.14,101.5,9.0341
17579.14,99.5,9.0341
17580.15,101.5,9.0341
17581.15,134.3,9.0341
17582.16,122.4,9.0341
17583.16,104.5,9.0341
17584.17,101.5,9.0341
17585.17,104.5,9.0341
17586.18,102.5,9.0341
17587.18,104.5,9.0341
17588.19,106.4,9.0341
17589.19,106.4,9.0344
17590.2,100.5,9.0344
17591.2,117.4,9.0344
17592.21,100.5,9.0344
17593.21,101.5,9.0346
17594.22,100.5,9.0346
17595.22,99.5,9.0346
17596.23,101.5,9.0346
17597.23,103.5,9.0346
17598.24,99.5,9.0346
17599.24,103.5,9.0346
17600.25,99.5,9.0346
17601.25,101.5,9.0346
17602.26,101.5,9.0346
17603.26,99.5,9.0346
17604.27,101.5,9.0346
17605.28,100.5,9.0346
17606.28,100.5,9.0346
17607.29,102.5,9.0346
17608.29,100.5,9.0349
17609.3,99.5,9.0349
17610.3,101.5,9.0349
17611.31,100.5,9.0349
17612.31,99.5,9.0349
17613.32,101.5,9.0349
17614.32,102.5,9.0349
17615.33,101.5,9.0349
17616.33,99.5,9.0349
17617.34,101.5,9.0349
17618.34,101.5,9.0349
17619.35,102.5,9.0349
17620.35,100.5,9.0349
17621.36,101.5,9.0349
17622.36,99.5,9.0349
17623.37,100.5,9.0349
17624.37,102.5,9.0349
17625.38,101.5,9.0349
17626.38,100.5,9.0349
17627.39,102.6,9.0349
17628.39,100.5,9.0349
17629.4,100.5,9.0349
17630.4,102.5,9.0349
17631.41,100.5,9.0349
17632.41,100.5,9.0349
17633.42,100.5,9.0349
17634.42,100.5,9.0349
17635.43,102.5,9.0349
17636.44,103.5,9.0349
17637.44,99.5,9.0349
17638.45,101.5,9.0349
17639.45,100.5,9.0349
17640.46,99.5,9.0349
17641.46,100.5,9.0349
17642.47,102.5,9.0349
17643.47,99.5,9.0349
17644.48,101.5,9.0349
17645.48,99.5,9.0349
17646.49,101.5,9.0349
17647.49,100.5,9.0349
17648.5,103.7,9.0349
17649.5,99.5,9.0349
17650.51,101.5,9.0349
17651.51,101.5,9.0349
17652.51,99.7,9.0349
17653.52,101.5,9.0349
17654.52,99.7,9.0349
17655.53,99.5,9.0349
17656.53,101.5,9.0349
17657.54,100.7,9.0349
17658.54,100.5,9.0349
17659.55,101.5,9.0349
17660.55,101.5,9.0349
17661.56,100.5,9.0349
17662.56,100.5,9.0349
17663.57,100.7,9.0349
17664.57,100.6,9.0349
17665.57,99.5,9.0349
17666.58,101.5,9.0349
17667.59,100.5,9.0349
17668.59,100.7,9.0349
17669.59,100.5,9.0349
17670.6,101.5,9.0349
17671.6,100.5,9.0349
17672.61,100.5,9.0349
17673.62,101.5,9.0351
17674.62,99.6,9.0354
17675.62,100.5,9.0354
17676.63,100.5,9.0354
17677.63,100.5,9.0354
17678.64,100.5,9.0354
17679.65,101.5,9.0354
17680.65,99.6,9.0354
17681.65,100.5,9.0354
17682.66,100.5,9.0354
17683.67,100.5,9.0354
17684.67,102.5,9.0354
17685.68,100.5,9.0354
17686.68,101.5,9.0354
17687.69,101.6,9.0354
17688.69,99.5,9.0354
17689.69,99.6,9.0354
17690.7,101.5,9.0354
17691.7,99.7,9.0354
17692.71,100.5,9.0354
17693.71,100.5,9.0354
17694.72,100.5,9.0354
17695.72,100.5,9.0354
17696.73,99.5,9.0354
17697.73,102.5,9.0354
17698.74,99.5,9.0354
17699.74,99.8,9.0354
17700.74,101.7,9.0354
17701.75,101.5,9.0354
17702.76,100.5,9.0354
17703.76,99.5,9.0354
17704.77,100.5,9.0354
17705.77,101.5,9.0354
17706.78,99.5,9.0354
17707.78,99.5,9.0354
17708.79,102.5,9.0354
17709.79,99.5,9.0354
17710.8,101.5,9.0354
17711.8,100.5,9.0354
17712.81,101.5,9.0354
17713.81,116.4,9.0354
17714.82,101.5,9.0354
17715.82,99.5,9.0354
17716.83,99.5,9.0354
17717.83,102.5,9.0354
17718.84,100.5,9.0354
17719.85,100.5,9.0354
17720.85,100.6,9.0354
17721.85,171.5,9.0359
17722.86,284.6,9.2822
17723.86,101.5,9.2822
17724.87,100.5,9.2822
17725.87,100.5,9.2822
17726.88,100.5,9.2822
17727.88,100.5,9.2822
17728.89,99.5,9.2822
17729.89,101.5,9.2822
17730.9,101.5,9.2822
17731.91,100.5,9.2822
17732.91,102.6,9.2822
17733.91,100.5,9.2822
17734.92,100.5,9.2822
17735.92,100.5,9.2822
17736.93,100.5,9.2822
17737.94,101.5,9.2822
17738.94,99.5,9.2822
17739.95,100.5,9.2822
17740.95,100.5,9.2822
17741.96,101.5,9.2822
17742.96,101.5,9.2825
17743.97,100.5,9.2825
17744.97,99.5,9.2825
17745.98,101.5,9.2825
17746.98,101.5,9.2825
17747.99,99.5,9.2825
17748.99,100.5,9.2825
17750.0,101.5,9.2825
17751.0,101.5,9.2825
17752.01,100.5,9.2825
17753.01,100.5,9.2825
17754.02,100.5,9.2825
17755.02,100.5,9.2825
17756.03,100.5,9.2825
17757.04,100.5,9.2825
17758.04,101.6,9.2827
17759.04,99.5,9.2827
17760.05,100.5,9.2827
17761.06,101.5,9.2827
17762.06,102.1,9.2827
17763.07,100.5,9.2827
17764.07,100.4,9.2827
17765.08,100.5,9.2827
17766.09,100.5,9.2827
17767.09,102.5,9.2827
17768.09,99.6,9.2827
17769.1,101.5,9.2827
17770.1,101.7,9.2827
17771.11,99.3,9.2827
17772.11,100.5,9.2827
17773.12,101.6,9.2827
17774.12,100.7,2.3864
17775.13,307.1,2.5606
17776.13,349.1,2.7573
17777.13,351.2,2.9743
17778.14,328.9,3.2043
17779.14,182.1,3.508
17780.15,150.2,2.2599
17781.15,2.0,2.5008
17782.16,304.1,2.6388
17783.16,357.4,2.8393
17784.17,345.2,3.078
17785.17,295.5,3.4127
17786.18,187.0,3.8588
17787.18,116.4,4.31
17788.19,179.1,4.7255
17789.19,111.4,5.1591
17790.19,2.0,2.3733
17791.2,301.9,2.5482
17792.2,344.2,2.7374
17793.21,353.8,2.9431
17794.21,325.1,3.1887
17795.21,202.1,3.4896
17796.22,285.5,3.8944
17797.22,295.4,4.3631
17798.23,2.0,2.3722
17799.23,337.1,2.5756
17800.23,364.9,2.8251
17801.24,350.3,3.1286
17802.24,246.7,3.5073
17803.25,300.5,3.9519
17804.26,292.4,4.4224
17805.26,200.9,4.8233
17806.27,196.0,5.2407
17807.27,2.0,2.4106
17808.27,345.1,2.6397
17809.27,364.8,2.8768
17810.28,347.9,3.1676
17811.28,220.9,3.5612
17812.29,2.0,2.3684
17813.29,296.7,2.5495
17814.3,344.0,2.7301
17815.3,360.9,2.9796
17816.3,323.8,3.2837
17817.31,202.0,3.6933
17818.31,104.4,4.1314
17819.32,123.4,2.2608
17820.32,1.0,2.4848
17821.32,338.0,2.6508
17822.33,361.9,2.8404
17823.33,338.9,3.0789
17824.34,280.5,3.3437
17825.34,177.1,3.6706
17826.35,1.0,2.3712
17827.35,324.3,2.5497
17828.35,343.4,2.729
17829.36,356.1,2.9303
17830.36,2.0,2.358
17831.37,316.0,2.5505
17832.37,361.7,2.7836
17833.37,347.9,3.0618
17834.38,295.6,3.4068
17835.38,170.2,3.8344
17836.39,1.0,2.4579
17837.39,326.0,2.6235
17838.39,356.9,2.8186
17839.4,342.1,3.0562
17840.4,324.3,3.3095
17841.41,275.6,3.6323
17842.41,154.2,3.9705
17843.42,140.3,4.4118
17844.42,147.2,4.896
17845.43,109.4,5.3824
17846.43,128.4,5.4858
17847.44,115.4,5.537
17848.44,99.5,5.5892
17849.45,103.5,5.638
17850.45,101.5,5.6675
17851.46,99.5,5.7017
17852.46,102.5,5.7384
17853.47,117.4,5.7778
17854.47,100.5,5.817
17855.48,100.5,5.8353
17856.48,101.4,5.8712
17857.49,100.6,5.9058
17858.49,99.5,5.9235
17859.5,101.5,5.9545
17860.5,99.5,5.9903
17861.51,100.5,6.0118
17862.51,100.3,6.0303
17863.52,102.5,6.0657
17864.52,100.5,6.0953
17865.53,100.5,6.1011
17866.53,99.5,6.1241
17867.54,171.1,6.1887
17868.55,111.4,6.261
17869.55,170.3,6.3563
17870.55,146.2,6.4659
17871.56,101.5,6.6199
17872.56,99.7,6.7775
17873.57,100.5,6.8924
17874.57,110.5,6.9999
17875.58,2.0,2.3901
17876.58,305.1,2.562
17877.58,348.9,2.7581
17878.59,352.5,2.9749
17879.59,331.2,3.2193
17880.59,252.4,3.5331
17881.6,136.3,3.8573
17882.6,101.5,4.1793
17883.61,114.4,4.5079
17884.61,172.2,4.6655
17885.62,100.5,4.7146
17886.62,100.5,4.7715
17887.63,114.4,4.815
17888.63,108.4,4.8562
17889.64,101.5,4.8765
17890.65,101.5,4.9158
17891.65,100.5,4.9493
17892.66,100.5,4.9875
17893.66,102.5,5.0251
17894.67,99.5,5.0392
17895.67,101.5,5.0754
17896.68,99.5,5.1097
17897.68,101.5,5.1203
17898.69,99.6,5.1545
17899.69,101.4,5.1844
17900.7,100.5,5.2019
17901.7,100.5,5.2244
17902.71,101.5,5.2551
17903.71,102.5,5.2821
17904.72,99.5,5.2881
17905.72,101.5,5.3091
17906.73,2.0,2.286
17907.73,286.1,2.5381
17908.73,330.0,2.6703
17909.74,361.1,2.9265
17910.74,0.0,2.3556
17911.75,305.4,2.542
17912.75,333.9,2.6985
17913.76,345.4,2.9128
17914.76,4.0,2.3529
17915.77,310.2,2.5556
17916.77,351.8,2.7713
17917.77,346.4,3.0017
17918.78,323.3,3.2473
17919.78,246.7,3.5462
17920.79,173.1,3.884
17921.79,108.4,4.2143
17922.8,114.4,4.5521
17923.81,164.1,4.7064
17924.81,100.5,4.7554
17925.82,99.5,4.8137
17926.82,110.4,4.8608
17927.83,113.4,4.904
17928.83,100.5,4.9212
17929.84,101.5,4.9627
17930.84,102.5,4.9983
17931.85,99.5,5.0375
17932.85,100.5,5.0753
17933.86,101.5,5.0901
17934.86,99.5,5.1266
17935.87,99.5,5.1618
17936.87,101.5,5.1728
17937.88,99.3,5.2085
17938.89,101.5,5.2401
17939.89,100.5,5.2557
17940.9,99.5,5.2853
17941.9,100.5,5.3192
17942.91,100.5,5.3426
17943.91,101.5,5.3543
17944.92,121.5,5.3751
17945.92,158.3,5.4599
17946.93,214.9,5.5397
17947.93,123.4,5.6384
17948.94,115.4,5.7737
17949.94,103.5,5.8973
17950.95,101.6,6.0318
17951.95,101.5,6.176
17952.96,115.4,2.2609
17953.96,2.0,2.4948
17954.96,331.0,2.6815
17955.97,353.2,2.9034
17956.97,333.0,3.1387
17957.98,281.5,3.418
17958.98,189.4,3.7402
17959.98,106.5,4.0733
17960.99,155.2,4.4208
17961.99,152.2,4.7831
17963.0,112.4,5.2843
17964.0,119.4,5.4504
17965.01,185.0,5.5016
17966.02,198.9,5.5672
17967.02,203.9,5.6879
17968.03,151.3,5.7252
17969.03,101.5,5.6884
17970.04,101.5,5.7302
17971.04,101.5,5.7639
17972.05,101.5,5.8027
17973.05,114.4,5.8367
17974.06,100.5,5.8291
17975.06,100.5,5.8667
17976.07,100.5,5.8991
17977.07,100.5,5.9128
17978.08,100.5,5.9453
17979.08,101.5,5.9762
17980.09,99.5,5.9867
17981.09,100.5,6.0164
17982.1,101.5,6.0468
17983.1,100.5,6.0729
17984.11,101.5,6.0729
17985.11,100.5,6.0729
17986.12,100.5,6.0771
17987.12,100.5,6.0979
17988.13,31.8,2.3805
17989.13,296.6,2.5563
17990.14,344.0,2.7583
17991.14,353.6,2.9856
17992.15,324.6,3.2401
17993.15,186.0,3.5649
17994.16,129.3,2.2665
17995.16,1.0,2.5257
17996.16,303.9,2.6615
17997.17,359.1,2.8723
17998.18,2.0,2.351
17999.18,297.4,2.5434
18000.18,330.1,2.677
18001.19,357.2,2.8878
18002.19,341.2,3.1548
18003.2,237.0,3.5338
18004.2,149.4,3.8377
18005.21,2.0,2.4593
18006.21,340.1,2.6349
18007.21,346.0,2.8822
18008.21,1.0,2.4211
18009.22,330.0,2.6485
18010.22,354.9,2.8686
18011.23,343.3,3.1127
18012.23,205.9,3.2005
18013.24,110.4,3.2338
18014.24,108.5,3.287
18015.25,117.5,3.335
18016.25,104.5,3.3803
18017.26,109.4,3.4023
18018.26,134.3,3.4442
18019.27,109.4,3.4815
18020.27,99.5,3.5208
18021.28,105.5,3.5602
18022.28,111.4,3.5783
18023.29,101.5,3.6178
18024.29,103.5,3.654
18025.3,99.5,3.6663
18026.3,100.5,3.7009
18027.31,100.6,3.7343
18028.31,100.5,3.7446
18029.32,103.5,3.7763
18030.32,101.5,3.8085
18031.33,99.6,3.8308
18032.33,101.5,3.8417
18033.34,101.5,3.8625
18034.34,99.5,3.8816
18035.34,143.5,3.9106
18036.35,233.0,4.1035
18037.35,104.5,4.2617
18038.36,102.5,4.4021
18039.36,104.4,2.2673
18040.37,1.0,2.4518
18041.37,330.0,2.593
18042.37,358.9,2.8052
18043.38,1.0,2.4117
18044.38,323.0,2.5734
18045.38,363.9,2.8059
18046.39,217.9,3.0069
18047.39,126.3,3.1309
18048.4,117.4,3.2377
18049.4,1.0,2.3626
18050.41,329.4,2.6554
18051.41,356.8,2.8388
18052.42,352.1,3.1186
18053.42,320.3,3.4438
18054.43,309.5,3.759
18055.43,306.4,4.0298
18056.44,303.4,4.2775
18057.44,2.0,2.3649
18058.45,312.9,2.5516
18059.45,369.3,2.7363
18060.45,2.0,2.5206
18061.46,344.1,2.6904
18062.46,2.0,2.3961
18063.46,339.1,2.5946
18064.46,2.0,2.2697
18065.47,7.0,2.5298
18066.47,6.0,2.3285
18067.48,287.5,2.5378
18068.48,346.9,2.6567
18069.49,3.0,2.4998
18070.49,1.0,2.3005
18071.49,271.6,2.5355
18072.5,323.1,2.6538
18073.5,203.0,2.7549
18074.51,107.4,2.7875
18075.51,103.5,2.8225
18076.52,103.5,2.8666
18077.52,104.5,2.9124
18078.53,119.4,2.9565
18079.53,102.5,2.9974
18080.54,148.3,3.0731
18081.54,200.1,3.2313
18082.55,2.0,2.2944
18083.55,284.5,2.5487
18084.56,350.1,2.6786
18085.56,237.8,2.7807
18086.57,133.3,2.8548
18087.57,116.4,2.92
18088.58,126.5,2.9735
18089.58,124.3,2.2809
18090.59,1365.1,2.5403
18091.59,325.9,2.657
18092.59,1.0,2.5356
18093.59,331.1,2.6473
18094.6,1.0,2.3477
18095.6,288.4,2.5404
18096.61,338.0,2.6745
18097.61,2.0,2.3662
18098.62,298.6,2.5482
18099.62,353.9,2.6841
18100.63,1441.5,2.5568
18101.63,364.8,2.7449
18102.63,2.0,2.3709
18103.64,304.1,2.5834
18104.64,332.2,2.6858
18105.64,3.0,2.4596
18106.65,334.0,2.6215
18107.65,357.1,2.828
18108.66,322.6,3.0711
18109.66,2.0,2.3859
18110.66,312.8,2.5724
18111.67,320.0,2.7002
18112.67,329.6,2.9483
18113.67,306.4,2.2837
18114.68,6.0,2.5423
18115.68,354.0,2.7455
18116.69,362.1,3.0119
18117.69,314.3,3.335
18118.7,321.4,3.6345
18119.7,291.4,3.7243
18120.71,124.4,3.8532
18121.71,115.5,3.9814
18122.72,103.5,4.0526
18123.72,105.5,4.1165
18124.73,100.5,4.2007
18125.73,100.5,4.2383
18126.74,102.5,4.2822
18127.74,145.3,4.3566
18128.75,101.5,4.3887
18129.75,136.3,4.4594
18130.76,101.5,4.4891
18131.76,100.5,4.5355
18132.77,100.5,4.5674
18133.77,101.5,4.5943
18134.78,100.5,4.6353
18135.78,101.5,4.6462
18136.79,109.4,4.6908
18137.79,103.5,4.7388
18138.8,100.5,4.7586
18139.8,99.5,4.7729
18140.81,100.5,4.7732
18141.81,100.6,4.7804
18142.82,102.5,4.7894
18143.82,100.5,4.7954
18144.83,106.5,4.9083
18145.83,100.5,5.0347
18146.84,106.5,5.1707
18147.84,101.5,5.262
18148.85,100.5,5.3209
18149.85,102.5,5.3826
18150.86,100.5,5.4475
18151.86,101.5,5.4828
18152.87,101.5,5.533
18153.87,100.6,5.5976
18154.88,99.6,5.633
18155.88,99.6,5.6979
18156.89,102.5,5.7271
18157.89,100.5,5.7762
18158.9,101.5,5.8031
18159.9,101.5,5.8266
18160.91,99.5,5.8439
18161.91,100.5,5.8576
18162.92,101.5,5.8992
18163.92,102.5,5.9476
18164.93,99.4,5.9527
18165.93,102.5,5.9673
18166.94,100.5,5.9816
18167.94,99.5,5.9892
18168.95,100.5,5.9982
18169.95,100.5,5.9982
18170.96,100.5,6.0042
18171.96,3.0,2.4012
18172.96,302.2,2.5574
18173.97,2.0,2.4374
18174.97,338.2,2.6781
18175.98,369.9,2.8092
18176.98,342.9,3.044
18177.98,316.4,3.2827
18178.99,323.1,3.5516
18179.99,305.5,3.8919
18181.0,139.3,4.2992
18182.0,174.2,4.646
18183.01,108.5,5.0118
18184.01,152.2,5.424
18185.02,294.4,5.8379
18186.02,0.0,2.4382
18187.02,338.1,2.6358
18188.03,339.2,2.8607
18189.03,330.1,3.1369
18190.03,2.0,2.5334
18191.04,1432.5,2.3074
18192.04,294.4,2.6179
18193.05,358.9,2.7846
18194.05,348.0,3.0257
18195.05,332.5,3.2566
18196.06,238.5,3.5603
18197.06,1.0,2.4098
18198.06,333.3,2.651
18199.07,337.9,2.7636
18200.07,334.3,2.9908
18201.08,326.2,3.2247
18202.08,273.6,3.297
18203.09,168.2,3.3456
18204.09,192.0,3.6386
18205.1,294.3,4.0387
18206.1,3.0,2.4878
18207.1,296.1,2.6701
18208.1,358.9,2.9057
18209.11,328.9,3.2037
18210.11,215.9,3.2943
18211.12,151.2,3.4877
18212.12,302.4,3.9199
18213.13,1.0,2.43
18214.13,348.2,2.6748
18215.14,353.9,2.8088
18216.14,346.2,3.0999
18217.15,1411.2,2.4139
18218.15,328.2,2.6569
18219.15,347.9,2.7733
18220.16,334.2,3.0292
18221.16,321.5,3.3213
18222.17,226.8,3.702
18223.18,194.0,4.1419
18224.18,3.0,2.4652
18225.18,337.1,2.7097
18226.18,355.1,2.904
18227.19,310.4,3.144
18228.19,4.0,2.4565
18229.19,338.1,2.6984
18230.2,364.2,2.9255
18231.2,333.0,3.2184
18232.21,1.0,2.415
18233.21,327.3,2.6795
18234.22,371.7,2.8716
18235.22,330.8,3.1726
18236.22,3278.6,2.4653
18237.22,316.1,2.6276
18238.23,2.0,2.4453
18239.23,344.8,2.692
18240.24,367.5,2.9313
18241.24,337.3,3.2341
18242.25,308.6,3.5849
18243.25,182.1,3.9963
18244.26,205.9,4.434
18245.26,298.4,4.8758
18246.27,278.6,5.2991
18247.27,225.5,5.7301
18248.28,204.0,6.1734
18249.28,233.9,6.6075
18250.29,162.1,7.035
18251.29,131.3,7.4503
18252.3,102.5,7.4968
18253.3,100.5,7.4736
18254.31,102.5,7.5736
18255.31,100.5,7.5736
18256.32,123.5,7.5736
18257.32,101.5,7.5736
18258.33,100.5,7.5736
18259.33,100.5,7.5736
18260.34,100.5,7.5736
18261.34,115.4,7.6926
18262.35,100.5,7.6926
18263.35,104.5,7.6926
18264.36,100.5,7.6926
18265.36,99.5,7.6928
18266.37,101.5,7.6928
18267.37,100.6,7.6928
18268.38,101.5,7.6928
18269.38,101.5,7.6931
18270.39,99.5,7.6931
18271.39,117.5,7.6935
18272.4,99.5,7.6936
18273.4,100.5,7.6936
18274.41,100.5,7.6936
18275.41,100.6,7.6936
18276.42,100.5,7.6936
18277.42,100.5,7.6936
18278.43,100.5,7.6936
18279.43,100.6,7.6936
18280.44,100.5,7.6936
18281.44,112.4,7.6937
18282.45,101.6,7.6937
18283.45,108.5,7.6937
18284.46,101.5,7.6937
18285.46,100.5,7.6937
18286.47,99.5,7.6937
18287.47,102.5,7.6937
18288.48,103.5,7.6937
18289.48,100.5,7.6937
18290.49,113.5,7.6938
18291.49,99.5,7.6938
18292.5,100.5,7.6938
18293.5,101.5,7.6938
18294.51,101.4,7.6939
18295.51,4.0,2.4465
18296.52,344.7,2.6952
18297.52,366.7,2.832
18298.53,326.5,3.1315
18299.53,309.4,3.4258
18300.54,242.7,3.7574
18301.54,298.4,4.0323
18302.55,238.9,4.238
18303.55,173.1,4.4676
18304.56,129.3,4.7187
18305.56,2.0,2.4715
18306.56,323.1,2.6972
18307.57,357.2,2.8667
18308.57,330.3,3.1113
18309.58,322.4,3.4506
18310.58,270.6,3.9242
18311.59,293.5,4.4006
18312.59,302.4,4.9042
18313.6,273.6,5.3837
18314.6,202.0,5.8968
18315.61,126.3,6.3895
18316.61,145.3,6.7609
18317.62,275.6,7.0206
18318.62,303.6,7.3527
18319.63,223.8,7.562
18320.63,107.5,7.6442
18321.64,102.5,7.6442
18322.64,99.5,7.6442
18323.65,101.5,7.6442
18324.65,99.5,7.6442
18325.66,101.5,7.6442
18326.66,102.5,7.6442
18327.67,100.5,7.6442
18328.67,100.5,7.6442
18329.68,127.4,7.7145
18330.68,99.5,7.7145
18331.69,104.5,7.7145
18332.69,101.5,7.7145
18333.7,101.5,7.7147
18334.7,102.5,7.7147
18335.71,99.5,7.7147
18336.71,100.6,7.7147
18337.72,100.5,7.7148
18338.72,134.3,7.715
18339.73,101.5,7.715
18340.73,114.7,7.7155
18341.74,100.5,7.7155
18342.74,100.5,7.7155
18343.75,100.5,7.7155
18344.75,101.2,7.7155
18345.76,99.5,7.7155
18346.76,101.5,7.7155
18347.77,101.6,7.7155
18348.77,101.5,7.7155
18349.78,100.5,7.7158
18350.78,100.5,7.7158
18351.79,112.7,7.7158
18352.79,101.5,7.7158
18353.8,100.5,7.7158
18354.8,101.5,7.7158
18355.81,118.6,2.3198
18356.81,1.0,2.4962
18357.81,346.4,2.6874
18358.81,362.0,2.8832
18359.82,261.6,3.2485
18360.82,3310.0,2.4993
18361.82,353.1,2.7302
18362.83,358.2,3.0146
18363.83,334.2,3.3048
18364.84,1.0,2.4382
18365.84,336.9,2.6639
18366.85,366.7,2.8094
18367.85,324.7,3.0156
18368.86,2.0,2.5941
18369.86,333.0,2.7113
18370.86,347.1,2.9408
18371.87,296.5,3.1138
18372.87,2.0,2.4518
18373.87,343.2,2.6702
18374.88,368.8,2.8407
18375.88,324.3,3.0336
18376.89,185.0,3.198
18377.89,159.2,3.4835
18378.9,2.0,2.4328
18379.9,314.7,2.6371
18380.9,345.9,2.8207
18381.91,276.8,3.0684
18382.91,195.1,3.2466
18383.92,237.7,3.6037
18384.92,232.8,3.9936
18385.93,207.9,4.3621
18386.93,2.0,2.4602
18387.94,311.2,2.6488
18388.94,358.6,2.886
18389.94,308.7,3.2619
18390.95,1.0,2.4556
18391.95,350.9,2.6579
18392.95,362.9,2.8309
18393.96,319.3,3.0746
18394.96,308.4,3.3413
18395.97,308.1,3.6027
18396.97,266.6,3.8875
18397.98,144.3,4.2532
18398.98,161.3,4.4707
18399.99,122.4,4.5939
18400.99,103.5,4.6738
18402.0,99.5,4.7476
18403.0,101.5,4.7863
18404.01,100.5,4.8399
18405.01,100.5,4.8849
18406.02,99.5,4.9321
18407.02,101.5,4.9724
18408.03,102.5,5.0117
18409.03,101.5,5.0452
18410.04,101.5,5.0833
18411.04,99.5,5.1129
18412.05,155.2,5.2166
18413.05,152.2,5.4365
18414.06,107.4,5.7462
18415.06,100.5,6.0419
18416.07,208.9,6.2107
18417.07,106.4,6.3201
18418.08,103.5,6.4133
18419.09,100.5,6.4897
18420.09,125.3,6.631
18421.1,102.5,6.8264
18422.1,3.0,2.4291
18423.11,326.6,2.6379
18424.11,359.9,2.7726
18425.11,330.4,3.0139
18426.12,307.4,3.3007
18427.12,305.4,3.5758
18428.13,307.4,3.852
18429.13,148.2,4.2327
18430.14,164.1,4.4487
18431.15,127.3,4.5669
18432.15,106.5,4.6384
18433.16,100.5,4.7091
18434.16,100.5,4.7443
18435.17,99.6,4.7951
18436.17,101.5,4.8379
18437.17,101.7,4.8834
18438.18,100.5,4.9206
18439.18,100.5,4.9593
18440.19,100.5,4.9931
18441.19,99.6,5.0283
18442.2,101.5,5.0563
18443.2,209.9,5.1553
18444.21,144.3,5.3565
18445.21,125.4,5.6617
18446.22,102.5,5.9397
18447.22,116.4,6.2172
18448.23,175.1,6.4803
18449.23,122.5,6.7407
18450.24,105.4,6.9978
18451.24,99.5,7.2481
18452.25,129.3,2.3244
18453.25,1.0,2.4697
18454.25,329.0,2.6352
18455.26,1.0,2.4327
18456.26,307.6,2.5885
18457.27,343.5,2.8028
18458.27,1411.5,2.5433
18459.28,359.9,2.7445
18460.28,320.5,3.0104
18461.29,2.0,2.4263
18462.29,312.8,2.6309
18463.29,344.1,2.7615
18464.3,346.2,2.9717
18465.3,269.1,3.1786
18466.31,2.0,2.5124
18467.31,334.2,2.655
18468.31,3.0,2.3516
18469.32,289.6,2.6005
18470.32,341.9,2.7172
18471.32,351.6,2.9402
18472.33,200.0,3.181
18473.33,1.0,2.3256
18474.34,0.0,2.6169
18475.34,355.6,2.7473
18476.35,346.3,2.994
18477.35,158.2,3.237
18478.36,117.4,3.3371
18479.36,3.0,2.4484
18480.36,319.1,2.6452
18481.37,348.0,2.8178
18482.37,289.5,3.0601
18483.38,2.0,2.4603
18484.38,335.0,2.6543
18485.38,366.9,2.833
18486.39,286.5,3.0949
18487.39,0.0,2.5204
18488.4,324.0,2.6841
18489.4,357.9,2.892
18490.4,2.0,2.5142
18491.41,326.0,2.6817
18492.41,1.0,2.3417
18493.41,283.8,2.5804
18494.42,320.0,2.6905
18495.42,343.1,2.8928
18496.42,199.0,3.1686
18497.43,151.2,3.4659
18498.44,124.4,3.7743
18499.44,108.4,4.089
18500.44,1.0,2.4868
18501.45,313.1,2.6295
18502.45,347.7,2.8398
18503.46,273.6,3.0628
18504.46,1.0,2.4952
18505.46,310.0,2.6353
18506.47,311.4,2.879
18507.47,4319.2,2.4583
18508.47,344.1,2.6401
18509.48,2.0,2.4456
18510.48,304.6,2.6274
18511.49,346.9,2.7987
18512.49,315.0,3.0421
18513.49,307.4,3.3253
18514.5,1.0,2.441
18515.5,333.2,2.7213
18516.51,356.0,2.8634
18517.51,354.6,3.0736
18518.52,331.3,3.3576
18519.52,2.0,2.5171
18520.52,316.0,2.6505
18521.52,2.0,2.4727
18522.53,306.2,2.6258
18523.53,354.8,2.8129
18524.54,1.0,2.5735
18525.54,324.0,2.6852
18526.54,2.0,2.5309
18527.55,342.9,2.6946
18528.55,3.0,2.556
18529.55,315.0,2.6905
18530.56,338.3,2.331
18531.56,2.0,2.5695
18532.57,0.0,2.4323
18533.57,329.9,2.6175
18534.57,3.0,2.5451
18535.57,292.1,2.6842
18536.58,336.0,2.9175
18537.58,322.3,3.1534
18538.59,3.0,2.4609
18539.59,333.3,2.6434
18540.6,359.1,2.8129
18541.6,328.3,3.0578
18542.61,291.5,2.3324
18543.61,1.0,2.5823
18544.62,314.0,2.6993
18545.62,339.0,2.9306
18546.63,325.9,3.1753
18547.63,7.0,2.4973
18548.63,311.2,2.6492
18549.63,2.0,2.4752
18550.64,299.1,2.6476
18551.64,355.1,2.8291
18552.65,319.3,3.0813
18553.65,3.0,2.45
18554.66,301.8,2.6099
18555.66,2.0,2.3761
18556.67,280.5,2.6109
18557.67,1107.3,2.4488
18558.68,328.9,2.675
18559.68,314.2,2.8572
18560.68,353.4,3.0537
18561.69,325.9,3.3105
18562.69,320.3,3.5727
18563.7,307.5,3.9259
18564.7,308.4,4.2429
18565.71,303.4,4.5496
18566.71,305.4,4.87
18567.72,306.4,5.1508
18568.72,304.4,5.4927
18569.73,304.3,5.7642
18570.73,299.5,6.089
18571.74,304.4,6.3942
18572.75,301.4,6.6745
18573.75,282.5,6.9742
18574.76,242.8,7.2602
18575.76,246.1,7.6345
18576.76,256.7,7.6349
18577.77,114.4,7.6349
18578.77,113.4,7.6349
18579.78,103.5,7.6349
18580.79,108.4,7.6349
18581.79,118.4,7.6349
18582.8,112.4,7.6349
18583.8,101.5,7.6349
18584.81,102.5,7.6349
18585.81,101.5,7.6349
18586.82,140.3,7.635
18587.82,114.4,7.635
18588.83,99.5,7.635
18589.83,101.5,7.6351
18590.84,102.5,7.6351
18591.84,136.3,7.7928
18592.85,116.4,7.8929
18593.85,101.5,7.8929
18594.86,103.5,7.8929
18595.86,99.5,7.8929
18596.87,101.5,7.8929
18597.87,100.5,7.8929
18598.88,100.5,7.8929
18599.88,101.5,7.8929
18600.89,101.5,7.8929
18601.89,100.8,7.8929
18602.9,100.5,7.8929
18603.9,101.5,7.8931
18604.91,101.5,7.8931
18605.91,100.5,7.8931
18606.92,101.5,7.8931
18607.92,99.5,7.8931
18608.93,101.5,7.8931
18609.93,99.5,7.8931
18610.94,100.5,7.8931
18611.94,99.5,7.8931
18612.95,101.5,7.8934
18613.95,100.5,7.8934
18614.96,100.5,7.8934
18615.96,103.5,7.8934
18616.97,100.5,7.8934
18617.97,100.5,7.8934
18618.98,101.5,7.8934
18619.98,99.5,7.8934
18620.99,100.5,7.8934
18621.99,101.5,7.8934
18623.0,100.5,7.8934
18624.0,100.5,7.8934
18625.01,99.5,7.8934
18626.01,102.5,7.8934
18627.02,99.7,7.8934
18628.02,100.6,7.8934
18629.02,100.5,7.8934
18630.03,101.5,7.8934
18631.03,100.5,7.8934
18632.04,100.5,7.8934
18633.04,100.5,7.8934
18634.05,100.5,7.8934
18635.05,101.5,7.8934
18636.06,99.5,7.8934
18637.07,101.5,7.8934
18638.07,100.6,7.8934
18639.07,101.5,7.8934
18640.08,99.5,7.8934
18641.09,101.5,7.8934
18642.09,101.6,7.8934
18643.09,99.5,7.8934
18644.1,101.5,7.8934
18645.11,99.5,7.8934
18646.11,101.5,7.8934
18647.11,101.5,7.8934
18648.12,100.5,7.8934
18649.12,100.6,7.8934
18650.13,99.5,7.8934
18651.13,101.5,7.8934
18652.14,101.5,7.8934
18653.15,100.5,7.8934
18654.15,100.5,7.8934
18655.16,99.5,7.8934
18656.16,99.5,7.8934
18657.17,100.5,7.8934
18658.17,101.5,7.8934
18659.18,101.5,7.8934
18660.18,100.5,7.8934
18661.19,100.5,7.8934
18662.19,100.5,7.8934
18663.2,100.5,7.8934
18664.2,100.5,7.8934
18665.21,101.5,7.8934
18666.21,99.5,7.8934
18667.22,100.5,7.8934
18668.22,101.5,7.8934
18669.23,99.6,7.8934
18670.23,99.5,7.8934
18671.24,103.5,7.8934
18672.24,100.5,7.8934
18673.25,99.5,7.8934
18674.25,101.5,7.8934
18675.26,99.5,7.8934
18676.26,100.6,7.8934
18677.27,100.5,7.8934
18678.27,102.4,7.8934
18679.28,100.5,7.8934
18680.28,99.7,7.8934
18681.29,100.5,7.8934
18682.29,100.5,7.8934
18683.3,102.5,7.8936
18684.3,99.5,7.8936
18685.31,100.5,7.8936
18686.31,101.5,7.8936
18687.32,100.5,7.8936
18688.32,100.5,7.8936
18689.33,101.5,7.8939
18690.33,100.5,7.8939
18691.34,99.5,7.8939
18692.34,101.5,7.8939
18693.35,99.5,7.8939
18694.35,101.6,7.8939
18695.36,99.5,7.8939
18696.36,101.5,7.8939
18697.37,99.5,7.8939
18698.37,101.5,7.8939
18699.38,99.5,7.8939
18700.38,101.5,7.8939
18701.39,100.5,7.8939
18702.39,100.5,7.8939
18703.4,100.5,7.8939
18704.41,99.5,7.8939
18705.41,101.6,7.8939
18706.41,100.5,7.8939
18707.42,102.5,7.8939
18708.42,99.5,7.8939
18709.43,102.5,7.8941
18710.43,100.5,7.8941
18711.44,100.5,7.8941
18712.44,101.5,7.8941
18713.45,100.5,7.8941
18714.46,100.5,7.8941
18715.46,100.4,7.8941
18716.47,101.5,7.8941
18717.47,99.5,7.8941
18718.48,100.5,7.8941
18719.48,100.5,7.8941
18720.49,100.5,7.8941
18721.49,101.7,7.8941
18722.5,100.5,7.8941
18723.5,100.5,7.8941
18724.51,101.5,7.8941
18725.51,99.5,7.8941
18726.52,102.5,7.8941
18727.52,99.5,7.8941
18728.53,101.6,7.8941
18729.53,100.5,7.8941
18730.54,100.5,7.8941
18731.54,99.5,7.8941
18732.55,101.6,7.8941
18733.55,100.5,7.8941
18734.56,100.5,7.8941
18735.56,99.5,7.8941
18736.57,100.5,7.8941
18737.57,102.5,7.8941
18738.58,99.5,7.8941
18739.58,99.5,7.8941
18740.59,101.5,7.8941
18741.59,100.5,7.8941
18742.6,100.5,7.8941
18743.6,101.5,7.8941
18744.61,100.6,7.8941
18745.61,102.5,7.8941
18746.62,101.5,7.8941
18747.62,99.5,7.8941
18748.63,99.5,7.8941
18749.63,100.5,7.8941
18750.64,101.5,7.8941
18751.64,99.5,7.8941
18752.65,100.5,7.8941
18753.65,102.5,7.8941
18754.66,100.5,7.8941
18755.66,99.5,7.8941
18756.67,100.5,7.8941
18757.67,102.5,7.8941
18758.68,99.5,7.8941
18759.68,100.5,7.8941
18760.69,101.6,7.8941
18761.69,100.5,7.8941
18762.7,100.5,7.8941
18763.7,100.5,7.8943
18764.71,100.4,7.8943
18765.71,101.5,7.8943
18766.72,99.5,7.8943
18767.72,100.5,7.8943
18768.73,100.5,7.8943
18769.73,101.5,7.8943
18770.74,101.5,7.8943
18771.74,100.5,7.8943
18772.75,100.5,7.8943
18773.75,99.5,7.8943
18774.76,101.5,7.8946
18775.76,100.5,7.8946
18776.77,100.5,7.8946
18777.77,102.5,7.8946
18778.78,99.5,7.8946
18779.78,101.5,7.8946
18780.79,100.5,7.8946
18781.79,99.5,7.8946
18782.8,102.5,7.8946
18783.8,99.5,7.8946
18784.81,100.5,7.8946
18785.81,100.5,7.8946
18786.82,100.5,7.8946
18787.82,100.6,7.8946
18788.83,100.5,7.8946
18789.83,101.7,7.8946
18790.83,99.6,7.8946
18791.84,100.5,7.8946
18792.84,100.5,7.8946
18793.85,99.7,7.8946
18794.85,102.6,7.8946
18795.86,99.5,7.8946
18796.86,100.5,7.8946
18797.87,101.5,7.8946
18798.87,100.5,7.8946
18799.88,99.5,7.8946
18800.88,100.5,7.8946
18801.89,105.5,7.8946
18802.89,100.5,7.8946
18803.9,100.5,7.8946
18804.9,100.6,7.8946
18805.91,100.5,7.8946
18806.91,100.5,7.8946
18807.92,100.5,7.8946
18808.92,100.5,7.8946
18809.93,99.5,7.8946
18810.93,101.5,7.8946
18811.94,100.5,7.8946
18812.94,100.5,7.8946
18813.95,99.5,7.8946
18814.95,102.5,7.8946
18815.96,101.5,7.8946
18816.96,99.5,7.8946
18817.97,100.5,7.8946
18818.97,100.5,7.8946
18819.98,101.5,7.8946
18820.98,99.5,7.8946
18821.99,101.5,7.8946
18822.99,99.5,7.8946
18824.0,100.5,7.8946
18825.0,99.5,7.8946
18826.01,101.5,7.8946
18827.02,101.5,7.8946
18828.02,99.5,7.8946
18829.03,102.5,7.8946
18830.03,100.5,7.8946
18831.04,101.5,7.8946
18832.04,99.5,7.8946
18833.05,101.6,7.8948
18834.05,99.5,7.8948
18835.06,100.5,7.8948
18836.06,101.7,7.8948
18837.06,99.5,7.8948
18838.07,101.5,7.8948
18839.07,100.5,7.8948
18840.08,102.5,7.8948
18841.08,100.5,7.8948
18842.09,100.5,7.8948
18843.09,101.5,7.8948
18844.1,99.5,7.8948
18845.11,99.5,7.8948
18846.11,102.5,7.8948
18847.12,100.5,7.8948
18848.12,100.5,7.8948
18849.13,100.5,7.8948
18850.13,99.6,7.8948
18851.13,102.5,7.8948
18852.14,99.5,7.8948
18853.15,101.5,7.8948
18854.15,100.5,7.8948
18855.16,100.5,7.8948
18856.16,99.5,7.8948
18857.17,101.5,7.8948
18858.17,2.0,2.5235
18859.17,351.9,2.7032
18860.18,2.0,2.4979
18861.18,315.0,2.6484
18862.18,3.0,2.5007
18863.19,313.5,2.6693
18864.19,358.1,2.8675
18865.2,317.5,3.1042
18866.2,273.5,3.3469
18867.21,2.0,2.4561
18868.21,327.9,2.6528
18869.22,352.2,2.8416
18870.22,319.3,3.075
18871.23,283.4,3.3385
18872.23,2.0,2.4314
18873.24,292.1,2.6328
18874.24,351.3,2.7936
18875.25,322.3,3.0404
18876.25,320.5,3.3084
18877.26,2.0,2.4322
18878.26,299.4,2.6205
18879.26,334.1,2.7534
18880.27,330.0,3.0773
18881.27,315.6,3.1902
18882.28,217.8,3.2247
18883.28,146.2,3.2581
18884.29,116.4,3.2863
18885.29,103.5,3.3076
18886.3,109.5,3.3349
18887.3,106.5,3.3716
18888.31,100.5,3.4142
18889.31,101.5,3.4434
18890.32,108.4,3.4746
18891.32,104.5,3.5032
18892.33,100.5,3.5253
18893.33,101.5,3.5482
18894.34,100.5,3.5709
18895.34,136.3,3.5877
18896.35,180.4,3.6177
18897.35,112.4,3.6729
18898.36,120.4,3.726
18899.36,102.5,3.7866
18900.37,103.5,3.8378
18901.37,100.5,3.8908
18902.38,104.5,3.966
18903.38,101.5,4.0494
18904.39,2.0,2.4505
18905.39,317.3,2.6255
18906.4,331.3,2.7524
18907.4,331.2,3.0258
18908.41,1.0,2.4797
18909.41,334.0,2.6645
18910.42,344.9,2.8855
18911.42,323.3,3.1457
18912.43,203.8,3.4812
18913.43,171.0,3.7103
18914.44,134.4,3.7604
18915.44,118.4,3.806
18916.45,98.5,3.8345
18917.45,155.2,3.8622
18918.46,109.4,3.8873
18919.46,144.3,3.9179
18920.47,105.5,3.9345
18921.47,101.5,3.9547
18922.48,100.5,3.9783
18923.49,100.4,4.0022
18924.49,104.6,4.0262
18925.49,100.5,4.0471
18926.5,100.5,4.0673
18927.51,109.4,4.0933
18928.51,101.5,4.1174
18929.52,172.1,4.1417
18930.52,105.5,4.1657
18931.53,104.5,4.1841
18932.53,111.4,4.201
18933.54,99.5,4.2231
18934.54,102.5,4.2416
18935.55,100.5,4.2635
18936.55,103.5,4.2892
18937.56,99.5,4.3124
18938.56,101.5,4.334
18939.57,100.5,4.3592
18940.57,102.5,4.3882
18941.58,100.5,4.4138
18942.58,101.4,4.4395
18943.59,102.5,4.4627
18944.59,100.5,4.4855
18945.6,101.4,4.5121
18946.6,99.5,4.5355
18947.61,100.5,4.5549
18948.61,101.5,4.5765
18949.62,99.5,4.5983
18950.62,102.5,4.6205
18951.63,100.5,4.6403
18952.64,100.5,4.6614
18953.64,99.5,4.6787
18954.65,101.5,4.6968
18955.65,101.5,4.7232
18956.66,99.5,4.7325
18957.66,103.5,4.7483
18958.67,103.5,4.7691
18959.67,104.5,4.7841
18960.68,112.4,4.8027
18961.68,101.5,4.8196
18962.69,100.5,4.8349
18963.69,101.5,4.8562
18964.7,100.5,4.8818
18965.7,100.5,4.9001
18966.71,100.4,4.9159
18967.71,100.5,4.9292
18968.72,99.5,4.9447
18969.72,103.4,4.9627
18970.73,99.5,4.9908
18971.73,106.4,5.0249
18972.74,102.5,5.0504
18973.74,99.5,5.0767
18974.75,107.5,5.1025
18975.75,106.5,5.1268
18976.76,2.0,2.4516
18977.76,305.4,2.6262
18978.77,341.4,2.7648
18979.78,317.2,3.0138
18980.78,315.4,3.1768
18981.79,167.1,3.3367
18982.79,129.3,3.5789
18983.79,0.0,2.4471
18984.8,317.1,2.6427
18985.8,369.2,2.8932
18986.8,276.6,2.3496
18987.81,19.9,2.6764
18988.81,360.1,2.8264
18989.81,1.0,2.5479
18990.82,322.1,2.8046
18991.82,356.8,2.9645
18992.83,323.2,3.2153
18993.83,311.4,3.4712
18994.84,311.6,3.7252
18995.84,308.5,4.0568
18996.85,243.7,4.2433
18997.86,116.3,4.3746
18998.86,113.4,4.5142
18999.87,108.5,4.6211
19000.87,125.4,4.7408
19001.88,102.5,4.8767
19002.88,108.4,4.9741
19003.89,192.1,5.1567
19004.89,104.5,5.1841
19005.89,115.6,5.2456
19006.9,100.5,5.282
19007.91,105.3,5.3423
19008.91,100.5,5.4382
19009.91,115.6,5.4959
19010.92,201.0,5.6022
19011.92,176.2,5.74
19012.93,101.5,5.8549
19013.93,100.5,5.9153
19014.94,103.5,5.9727
19015.94,125.3,6.0703
19016.95,103.5,6.1815
19017.95,99.5,6.2677
19018.96,100.5,6.3561
19019.97,100.5,6.4764
19020.97,102.5,6.5799
19021.98,99.5,6.6475
19022.98,100.2,6.7563
19023.99,101.5,6.8431
19024.99,103.5,6.9339
19026.0,101.5,7.0774
19027.0,100.5,7.1778
19028.01,100.4,7.2664
19029.01,101.5,7.3858
19030.02,132.3,7.5632
19031.02,102.5,7.5769
19032.03,100.5,7.6142
19033.03,101.5,7.6142
19034.04,99.5,7.6142
19035.04,102.5,7.5997
19036.05,101.5,7.5997
19037.06,100.5,7.5997
19038.06,100.4,7.5997
19039.07,100.5,7.5997
19040.07,99.5,7.5997
19041.08,102.5,7.5997
19042.08,100.5,7.5997
19043.09,100.5,7.5997
19044.09,100.5,7.5997
19045.1,100.5,7.5997
19046.1,102.5,7.5997
19047.11,100.5,7.5997
19048.11,100.5,7.5997
19049.12,100.5,7.5997
19050.12,102.5,7.5997
19051.13,99.5,7.5997
19052.13,101.5,7.5997
19053.14,101.5,7.6
19054.14,99.5,7.6
19055.15,101.5,7.6
19056.15,100.5,7.6
19057.16,99.5,7.6
19058.16,102.5,7.6
19059.17,101.5,7.6
19060.17,101.5,7.6
19061.18,102.5,7.6
19062.18,100.5,7.6
19063.19,100.4,7.6
19064.19,100.5,7.6
19065.2,101.5,7.6
19066.2,101.5,7.6
19067.21,100.5,7.6
19068.21,99.5,7.6
19069.22,101.5,7.6
19070.22,101.5,7.6
19071.23,99.6,7.6
19072.23,99.6,7.6
19073.24,105.3,7.6
19074.25,100.5,7.6
19075.25,102.5,7.6
19076.26,99.5,7.6
19077.26,101.5,7.6
19078.27,102.4,7.6
19079.27,100.5,7.6
19080.28,99.5,7.6
19081.28,101.5,7.6
19082.29,101.5,7.6
19083.29,99.5,7.6
19084.3,101.5,7.6
19085.3,99.6,7.6
19086.31,101.5,7.6
19087.31,100.6,7.6
19088.32,100.3,7.6
19089.32,100.5,7.6
19090.33,101.5,7.6
19091.33,100.5,7.6
19092.34,100.5,7.6
19093.34,100.4,7.6
19094.35,101.5,7.6
19095.35,101.5,7.6
19096.36,100.6,7.6
19097.36,99.5,7.6
19098.37,100.4,7.6
19099.37,101.5,7.6
19100.38,99.5,7.6
19101.38,100.5,7.6
19102.39,100.5,7.6
19103.4,100.4,7.6
19104.4,100.5,7.6
19105.41,115.5,7.6
19106.41,100.6,7.6
19107.41,99.6,7.6
19108.42,101.3,7.6
19109.43,114.5,7.6
19110.43,107.5,7.6
19111.44,107.5,7.6
19112.44,100.5,7.6
19113.45,102.4,7.6003
19114.45,99.5,7.6003
19115.46,100.5,7.6003
19116.46,100.5,7.6005
19117.47,101.5,7.6005
19118.47,99.5,7.6005
19119.48,101.5,7.6005
19120.48,99.6,7.6005
19121.49,101.5,7.6005
19122.49,99.5,7.6005
19123.5,99.4,7.6005
19124.5,100.6,7.6005
19125.51,100.5,7.6005
19126.51,100.5,7.6005
19127.52,100.5,7.6005
19128.52,101.5,7.6005
19129.53,100.5,7.6005
19130.53,101.5,7.6005
19131.54,101.5,7.6005
19132.54,100.5,7.6005
19133.55,100.2,7.6008
19134.55,99.6,7.6008
19135.56,101.5,7.6008
19136.56,101.5,7.6008
19137.57,99.5,7.6008
19138.57,100.5,7.6008
19139.58,102.5,7.6008
19140.58,101.5,7.6008
19141.59,99.5,7.6008
19142.59,100.5,7.6008
19143.6,100.4,7.6008
19144.6,100.5,7.6008
19145.61,100.5,7.6008
19146.61,100.6,7.6008
19147.62,101.6,7.6008
19148.62,100.3,7.6008
19149.63,100.6,7.6008
19150.63,100.6,7.6008
19151.64,100.5,7.6008
19152.64,99.5,7.6008
19153.65,103.3,7.6008
19154.66,100.5,7.6008
19155.66,99.5,7.6008
19156.67,101.5,7.6008
19157.67,100.5,7.6008
19158.68,99.5,7.6008
19159.68,100.5,7.6008
19160.69,99.6,7.6008
19161.69,101.6,7.6008
19162.69,100.5,7.6008
19163.7,99.4,7.6008
19164.71,101.6,7.6008
19165.71,100.4,7.6008
19166.72,100.5,7.6008
19167.72,102.5,7.6008
19168.73,101.4,7.6008
19169.73,100.5,7.6008
19170.74,100.6,7.6008
19171.74,100.5,7.6008
19172.75,99.5,7.6008
19173.75,101.4,7.6008
19174.76,99.5,7.6008
19175.76,102.5,7.6008
19176.77,99.5,7.6008
19177.77,100.5,7.6008
19178.78,100.5,7.6008
19179.78,100.5,7.6008
19180.79,101.5,7.6008
19181.79,99.5,7.6008
19182.8,101.5,7.6008
19183.8,100.5,7.6008
19184.81,101.5,7.6008
19185.81,99.6,7.6008
19186.82,102.5,7.6008
19187.82,101.5,7.6008
19188.83,99.4,7.6008
19189.83,101.5,7.6008
19190.84,100.5,7.6008
19191.84,100.5,7.6008
19192.85,99.5,7.6008
19193.86,100.4,7.6008
19194.86,100.5,7.6008
19195.87,101.5,7.6008
19196.87,99.6,7.6008
19197.87,100.6,7.6008
19198.88,100.5,7.601
19199.88,100.5,7.601
19200.89,100.5,7.601
19201.89,99.5,7.601
19202.9,102.6,7.6013
19203.91,99.2,7.6013
19204.91,100.5,7.6013
19205.92,100.5,7.6013
19206.92,100.5,7.6013
19207.93,100.5,7.6013
19208.93,101.5,7.6013
19209.94,100.5,7.6013
19210.94,99.5,7.6013
19211.95,101.5,7.6013
19212.95,102.5,7.6013
19213.96,99.5,7.6013
19214.96,99.5,7.6013
19215.97,101.5,7.6013
19216.97,101.5,7.6013
19217.98,99.5,7.6013
19218.98,99.4,7.6013
19219.99,102.5,7.6013
19220.99,100.5,7.6013
19222.0,99.5,7.6013
19223.0,101.5,7.6013
19224.01,99.5,7.6013
19225.01,100.5,7.6013
19226.02,99.5,7.6013
19227.02,101.5,7.6013
19228.03,101.5,7.6013
19229.03,100.5,7.6013
19230.04,101.5,7.6013
19231.04,100.5,7.6013
19232.05,101.5,7.6013
19233.05,99.5,7.6013
19234.06,101.5,7.6013
19235.06,99.5,7.6013
19236.07,102.6,7.6013
19237.07,99.6,7.6013
19238.07,99.6,7.6013
19239.08,100.5,7.6013
19240.08,101.5,7.6013
19241.09,101.6,7.6013
19242.09,100.5,7.6013
19243.1,99.5,7.6013
19244.1,100.5,7.6013
19245.11,100.5,7.6013
19246.11,101.5,7.6013
19247.12,99.5,7.6013
19248.12,100.5,7.6013
19249.13,100.5,7.6013
19250.13,101.5,7.6013
19251.14,100.5,7.6013
19252.15,99.5,7.6013
19253.15,101.5,7.6013
19254.16,100.5,7.6013
19255.16,100.5,7.6013
19256.17,101.5,7.6013
19257.17,99.5,7.6013
19258.18,101.5,7.6013
19259.18,99.5,7.6013
19260.19,100.6,7.6013
19261.19,101.5,7.6013
19262.2,99.5,7.6013
19263.2,100.5,7.6013
19264.21,100.5,7.6013
19265.21,123.4,7.7025
19266.22,100.5,7.7025
19267.22,100.5,7.7025
19268.23,102.5,7.7025
19269.23,100.5,7.7025
19270.24,101.5,7.7059
19271.24,101.5,7.7247
19272.25,100.5,7.7403
19273.25,101.5,7.7517
19274.26,99.5,7.7517
19275.26,99.5,7.7517
19276.27,101.5,7.7517
19277.27,100.5,7.7517
19278.28,101.5,7.7517
19279.28,101.5,7.7517
19280.29,99.5,7.7517
19281.29,100.5,7.7517
19282.3,102.5,7.7517
19283.3,99.5,7.7519
19284.31,100.6,7.7519
19285.31,101.5,7.7519
19286.32,100.5,7.7519
19287.32,104.5,7.7519
19288.33,101.6,7.7519
19289.33,101.4,2.4573
19290.33,335.0,2.7626
19291.34,355.9,2.9102
19292.34,349.5,3.2085
19293.35,318.6,3.5151
19294.35,312.3,3.8066
19295.35,1.0,2.3576
19296.36,278.2,2.6144
19297.36,305.2,2.8077
19298.37,350.3,3.0173
19299.37,327.5,3.2693
19300.38,309.3,3.5248
19301.38,312.4,3.8172
19302.39,319.4,4.1661
19303.39,190.0,4.6205
19304.4,159.2,5.0925
19305.4,109.4,5.582
19306.41,119.4,6.0569
19307.41,100.5,6.5394
19308.42,156.2,6.9965
19309.42,155.2,7.4337
19310.43,108.4,7.4857
19311.43,104.5,7.4857
19312.44,105.6,7.4857
19313.44,101.5,7.4922
19314.45,100.5,7.5857
19315.45,102.5,7.5857
19316.46,122.4,7.5857
19317.46,101.5,7.5857
19318.47,99.5,7.5857
19319.47,141.4,7.6926
19320.48,100.5,7.7332
19321.48,99.5,7.7332
19322.49,102.5,7.7332
19323.49,104.5,7.7332
19324.5,116.4,7.7334
19325.5,100.5,7.7334
19326.51,101.5,7.7334
19327.51,106.4,7.7336
19328.52,119.5,7.734
19329.52,101.5,7.734
19330.53,100.6,7.734
19331.53,129.4,7.7341
19332.54,135.3,7.7341
19333.54,112.4,7.7343
19334.55,103.5,7.7343
19335.55,100.6,7.7343
19336.56,101.5,7.7343
19337.56,99.5,7.7343
19338.57,101.5,7.7343
19339.57,100.5,7.7343
19340.58,99.5,7.7343
19341.58,102.5,7.7343
19342.59,99.5,7.7343
19343.59,100.6,7.7343
19344.6,102.5,7.7343
19345.6,100.5,7.7343
19346.61,101.5,7.7343
19347.61,99.6,7.7343
19348.62,101.5,7.7343
19349.62,100.5,7.7343
19350.63,101.5,7.7343
19351.63,100.5,7.7343
19352.64,100.5,7.7343
19353.64,101.5,7.7345
19354.65,100.5,7.7345
19355.65,99.5,7.7345
19356.66,100.5,7.7345
19357.66,101.5,7.7345
19358.67,100.5,7.7345
19359.67,100.5,7.7345
19360.68,100.5,7.7345
19361.68,101.5,7.7345
19362.69,99.5,7.7345
19363.69,101.5,7.7345
19364.7,100.5,7.7345
19365.7,99.5,7.7345
19366.71,101.6,7.7345
19367.71,101.5,7.7345
19368.72,100.5,7.7348
19369.72,102.5,7.7348
19370.73,100.5,7.7348
19371.73,100.5,7.7348
19372.74,101.5,7.7348
19373.74,99.5,7.7348
19374.75,99.4,7.7348
19375.75,100.5,7.7348
19376.76,101.5,7.7348
19377.77,100.5,7.7348
19378.77,99.6,7.7348
19379.78,101.4,7.7348
19380.78,99.5,7.7348
19381.78,101.7,7.7348
19382.79,99.8,7.7348
19383.79,101.5,7.7348
19384.79,100.6,7.7348
19385.8,99.5,7.7348
19386.81,100.5,7.7348
19387.81,102.5,7.7348
19388.81,99.6,7.7348
19389.82,100.7,7.7348
19390.82,100.5,7.7348
19391.83,100.5,7.7348
19392.83,100.5,7.7348
19393.84,100.5,7.7348
19394.84,100.5,7.7348
19395.85,100.7,7.7348
19396.85,101.5,7.7348
19397.86,100.5,7.7348
19398.86,99.5,7.7348
19399.87,101.5,7.7348
19400.87,100.5,7.7348
19401.88,100.5,7.7348
19402.88,101.5,7.7348
19403.89,99.5,7.7348
19404.89,99.5,7.7348
19405.9,102.5,7.7348
19406.9,100.5,7.7348
19407.91,99.5,7.7348
19408.91,100.5,7.7348
19409.92,99.6,7.7348
19410.92,102.5,7.7348
19411.93,100.7,7.7348
19412.93,99.7,7.7348
19413.93,100.5,7.7348
19414.94,100.5,7.7348
19415.94,100.5,7.7348
19416.95,100.5,7.7348
19417.95,100.5,7.7348
19418.96,101.4,7.7348
19419.97,100.5,7.7348
19420.97,100.5,7.7348
19421.98,102.2,7.7348
19422.98,99.5,7.735
19423.99,99.5,7.735
19424.99,99.5,7.735
19426.0,102.5,7.735
19427.0,102.6,7.735
19428.01,100.7,7.735
19429.01,100.5,7.735
19430.02,99.6,7.735
19431.02,100.5,7.735
19432.03,100.5,7.735
19433.03,100.5,7.735
19434.04,101.5,7.735
19435.04,99.5,7.735
19436.05,99.5,7.735
19437.05,101.5,7.735
19438.06,102.5,7.735
19439.06,99.6,7.735
19440.07,100.5,7.735
19441.07,100.5,7.735
19442.08,100.5,7.735
19443.08,100.5,7.735
19444.09,100.5,7.735
19445.09,101.7,7.735
19446.1,100.5,7.735
19447.1,99.7,7.735
19448.1,99.5,7.735
19449.11,101.6,7.735
19450.11,99.5,7.735
19451.12,103.5,7.735
19452.12,99.5,7.735
19453.13,99.5,7.735
19454.13,101.5,7.7353
19455.14,99.5,7.7353
19456.15,100.5,7.7353
19457.15,99.8,7.7353
19458.15,101.5,7.7353
19459.16,100.5,7.7353
19460.16,100.3,7.7353
19461.17,99.5,7.7353
19462.17,103.5,7.7353
19463.18,100.5,7.7353
19464.18,99.5,7.7353
19465.19,101.5,7.7353
19466.19,100.5,7.7353
19467.2,100.5,7.7353
19468.2,100.5,7.7353
19469.21,99.5,7.7353
19470.21,100.4,7.7353
19471.22,102.6,7.7353
19472.22,100.5,7.7353
19473.23,99.5,7.7353
19474.23,102.5,7.7353
19475.24,99.4,7.7353
19476.25,100.5,7.7353
19477.25,100.5,7.7353
19478.26,100.5,7.7353
19479.26,102.5,7.7353
19480.27,100.5,7.7353
19481.27,99.5,7.7353
19482.28,100.5,7.7353
19483.28,100.5,7.7353
19484.29,100.5,7.7353
19485.29,101.4,7.7353
19486.3,100.5,7.7353
19487.3,100.5,7.7353
19488.31,99.5,7.7353
19489.31,100.5,7.7353
19490.32,100.5,7.7353
19491.32,100.5,7.7353
19492.33,100.5,7.7353
19493.34,100.5,7.7355
19494.34,100.5,7.7355
19495.35,100.5,7.7355
19496.35,100.5,7.7355
19497.36,101.5,7.7355
19498.36,99.5,7.7355
19499.37,101.5,7.7355
19500.37,100.4,7.7355
19501.38,100.5,7.7355
19502.38,100.5,7.7355
19503.39,101.5,7.7355
19504.39,99.5,7.7355
19505.4,100.4,7.7355
19506.4,99.5,7.7355
19507.41,102.5,7.7355
19508.41,100.5,7.7355
19509.42,100.5,7.7355
19510.42,100.5,7.7355
19511.43,102.5,7.7355
19512.43,100.5,7.7355
19513.44,100.5,7.7355
19514.44,99.5,7.7355
19515.45,100.5,7.7355
19516.46,100.5,7.7355
19517.46,100.5,7.7355
19518.47,99.3,7.7355
19519.47,102.5,7.7355
19520.48,100.5,7.7355
19521.48,100.5,7.7355
19522.49,100.5,7.7355
19523.49,99.5,7.7355
19524.5,101.5,7.7355
19525.5,99.6,7.7355
19526.51,103.5,7.7355
19527.51,100.5,7.7355
19528.52,100.5,7.7355
19529.52,99.5,7.7355
19530.53,102.5,7.7355
19531.53,99.5,7.7355
19532.54,103.5,7.7355
19533.54,99.5,7.7355
19534.55,100.5,7.7355
19535.55,100.5,7.7355
19536.56,100.3,7.7355
19537.56,100.5,7.7355
19538.57,100.5,7.7358
19539.57,99.5,7.7358
19540.58,101.5,7.7358
19541.58,100.5,7.7358
19542.59,100.5,7.7358
19543.6,101.5,7.7358
19544.6,99.5,7.7358
19545.61,102.5,7.7358
19546.61,101.5,7.7358
19547.62,100.5,7.7358
19548.62,100.5,7.7358
19549.63,100.5,7.7358
19550.63,99.7,7.7358
19551.63,99.5,7.7358
19552.64,101.5,7.7358
19553.64,100.5,7.7358
19554.65,100.5,7.7358
19555.66,101.3,7.7358
19556.66,99.5,7.7358
19557.67,100.5,7.7358
19558.67,101.5,7.7358
19559.68,101.5,7.7358
19560.68,100.4,7.736
19561.69,100.5,7.736
19562.69,100.5,7.736
19563.7,99.5,7.736
19564.7,100.5,7.736
19565.71,101.5,7.736
19566.71,99.7,7.736
19567.72,100.5,7.736
19568.72,100.5,7.736
19569.73,101.5,7.736
19570.74,101.2,7.736
19571.74,100.5,7.736
19572.75,101.5,7.7363
19573.75,102.5,7.7363
19574.76,100.5,7.7363
19575.76,99.5,7.7363
19576.77,101.5,7.7363
19577.77,100.5,7.7363
19578.78,101.5,7.7363
19579.78,99.5,7.7363
19580.79,101.3,7.7363
19581.79,100.5,7.7363
19582.8,101.5,7.7363
19583.8,99.5,7.7363
19584.81,101.5,7.7363
19585.81,100.5,7.7363
19586.82,100.5,7.7363
19587.82,100.5,7.7363
19588.83,101.5,7.7363
19589.83,99.5,7.7363
19590.84,100.5,7.7363
19591.84,99.5,7.7363
19592.85,103.5,7.7363
19593.85,99.6,7.7363
19594.86,101.5,7.7363
19595.86,2.0,2.4839
19596.87,345.2,2.7795
19597.87,326.0,2.8848
19598.87,339.5,3.1185
19599.88,322.3,3.4295
19600.88,314.4,3.7346
19601.89,307.5,4.0343
19602.89,323.7,4.3682
19603.9,149.2,4.8091
19604.9,152.4,5.2682
19605.91,137.2,5.7292
19606.91,101.5,6.2025
19607.92,172.1,6.5849
19608.92,174.2,6.8933
19609.93,101.5,7.0005
19610.93,100.5,7.0197
19611.94,99.5,7.0656
19612.94,100.5,7.121
19613.95,101.5,7.1559
19614.95,99.5,7.2012
19615.96,102.5,7.2505
19616.96,99.5,7.3024
19617.97,136.3,7.4341
19618.97,101.5,7.4341
19619.98,101.5,7.4672
19620.98,99.5,7.4861
19621.99,100.5,7.4861
19622.99,102.5,7.4861
19624.0,101.5,7.4866
19625.01,100.5,7.4866
19626.01,101.5,7.4867
19627.01,99.5,7.4867
19628.02,100.5,7.4867
19629.03,100.5,7.4867
19630.03,102.5,7.4867
19631.03,165.1,7.4873
19632.04,105.5,7.4873
19633.05,162.2,7.4874
19634.05,114.4,7.4876
19635.06,139.3,7.4878
19636.06,107.5,7.4878
19637.07,102.5,7.4879
19638.07,143.2,7.4879
19639.08,119.4,7.4921
19640.08,99.5,7.4921
19641.09,101.5,7.4873
19642.09,112.4,7.4873
19643.1,99.5,7.4875
19644.1,122.4,7.4876
19645.11,100.5,7.4876
19646.11,101.5,7.4876
19647.12,100.5,7.4876
19648.12,101.5,7.5202
19649.13,99.5,7.5876
19650.13,101.5,7.5876
19651.14,100.3,7.5876
19652.14,100.5,7.5876
19653.15,100.5,7.5876
19654.15,101.5,7.5876
19655.16,101.5,7.5876
19656.16,100.5,7.5876
19657.17,99.5,7.5876
19658.17,101.5,7.5876
19659.18,102.5,7.5876
19660.19,99.5,7.5876
19661.19,100.5,7.5876
19662.2,105.5,7.5876
19663.2,102.5,7.5876
19664.21,99.5,7.5876
19665.21,101.5,7.5876
19666.22,100.3,7.5876
19667.22,99.6,7.5876
19668.23,99.5,7.5876
19669.23,101.5,7.5876
19670.24,101.5,7.5876
19671.24,100.4,7.5876
19672.25,99.5,7.5876
19673.25,100.5,7.5876
19674.26,102.5,7.5876
19675.26,100.5,7.5876
19676.27,99.5,7.5876
19677.27,101.5,7.5876
19678.28,100.5,7.5876
19679.28,99.5,7.5876
19680.29,100.5,7.5876
19681.29,101.5,7.5876
19682.3,100.5,7.5876
19683.31,101.5,7.5876
19684.31,100.5,7.5876
19685.31,101.5,7.5876
19686.32,102.5,7.5876
19687.33,99.5,7.5876
19688.33,100.6,7.5876
19689.33,99.5,7.5876
19690.34,101.5,7.5876
19691.35,100.5,7.5876
19692.35,99.6,7.5876
19693.35,100.5,7.5876
19694.36,101.5,7.5876
19695.36,100.6,7.5876
19696.37,101.5,7.5876
19697.37,100.5,7.5876
19698.38,99.5,7.5876
19699.39,101.5,7.5876
19700.39,120.5,2.3546
19701.39,1.0,2.5455
19702.4,333.2,2.701
19703.4,0.0,2.5322
19704.4,310.2,2.6737
19705.4,2.0,2.4813
19706.41,354.9,2.6726
19707.41,2.0,2.5098
19708.41,348.0,2.6996
19709.42,1.0,2.5833
19710.42,355.0,2.7319
19711.42,2.0,2.4583
19712.43,320.0,2.6305
19713.43,1.0,2.3668
19714.43,286.1,2.6157
19715.44,334.0,2.7326
19716.44,1.0,2.5559
19717.44,333.3,2.7032
19718.45,1469.7,2.4478
19719.46,311.3,2.6539
19720.46,312.0,2.778
19721.46,325.3,3.0451
19722.47,304.4,3.3318
19723.47,320.8,3.5904
19724.48,296.5,3.7805
19725.48,121.3,3.8749
19726.49,113.4,3.968
19727.49,101.5,4.043
19728.5,130.3,4.1049
19729.5,108.4,4.1689
19730.51,100.5,4.2345
19731.51,103.5,4.2856
19732.52,100.5,4.3427
19733.53,101.5,4.3914
19734.53,109.4,4.4376
19735.54,107.5,4.4888
19736.54,100.5,4.5381
19737.55,173.2,4.5865
19738.55,200.9,4.678
19739.56,155.2,4.728
19740.56,100.5,4.7739
19741.57,102.5,4.8153
19742.57,100.5,4.8596
19743.58,100.5,4.8759
19744.58,102.5,4.9035
19745.59,99.5,4.9432
19746.59,119.4,4.9792
19747.6,130.3,5.0167
19748.6,101.5,5.0291
19749.61,100.5,5.0693
19750.61,99.5,5.1025
19751.62,100.5,5.1427
19752.63,99.5,5.179
19753.63,101.6,5.2169
19754.64,100.5,5.2543
19755.64,104.5,5.2924
19756.65,100.5,5.327
19757.65,100.5,5.362
19758.66,100.5,5.398
19759.66,100.5,5.4342
19760.67,102.5,5.4665
19761.67,100.5,5.494
19762.68,100.5,5.527
19763.68,101.5,5.5588
19764.69,99.5,5.594
19765.69,99.5,5.6139
19766.7,102.5,5.6426
19767.7,99.5,5.6758
19768.71,100.5,5.7039
19769.71,113.5,5.7383
19770.72,100.4,5.7698
19771.72,100.5,5.7994
19772.73,101.5,5.833
19773.73,100.5,5.8635
19774.74,100.5,5.8939
19775.75,100.5,5.926
19776.75,101.5,5.9509
19777.76,100.5,5.9828
19778.76,100.5,6.0125
19779.77,101.5,6.0411
19780.77,99.5,6.0592
19781.78,101.5,6.0879
19782.78,100.5,6.1172
19783.79,100.5,6.1435
19784.79,100.5,6.1674
19785.8,100.7,6.1854
19786.8,101.5,6.2031
19787.81,131.3,6.2246
19788.81,241.3,6.3151
19789.81,200.0,6.4023
19790.82,104.5,6.4506
19791.82,101.5,6.484
19792.83,102.5,6.5194
19793.83,102.5,6.5485
19794.84,103.4,6.5918
19795.85,109.4,6.6208
19796.85,117.4,6.6497
19797.86,101.5,6.6799
19798.86,100.5,6.7213
19799.87,100.6,6.7547
19800.87,102.5,6.7839
19801.88,104.4,6.8123
19802.88,101.5,6.8407
19803.89,99.5,6.8751
19804.89,140.3,6.9208
19805.9,101.5,6.9711
19806.9,102.3,7.0143
19807.91,117.4,7.0663
19808.92,100.5,7.116
19809.92,1.0,2.4522
19810.92,314.0,2.6778
19811.93,340.4,2.8361
19812.93,363.9,3.0748
19813.94,335.2,3.3928
19814.94,315.6,3.7068
19815.95,306.5,3.9432
19816.95,209.9,4.3512
19817.96,157.2,4.8073
19818.96,121.4,5.2818
19819.97,136.3,5.7509
19820.97,211.9,6.2177
19821.98,298.4,6.7149
19822.98,284.5,7.1982
19823.99,154.3,7.6114
19824.99,102.5,7.594
19826.0,102.5,7.594
19827.0,101.5,7.594
19828.01,105.5,7.594
19829.01,114.4,7.594
19830.02,116.4,7.594
19831.02,99.5,7.594
19832.03,101.5,7.594
19833.03,111.4,7.594
19834.04,101.5,7.594
19835.04,99.5,7.594
19836.05,99.5,7.594
19837.06,100.5,7.594
19838.06,102.5,7.594
19839.07,100.5,7.594
19840.07,100.5,7.594
19841.08,99.5,7.594
19842.08,101.5,7.594
19843.09,102.5,7.594
19844.09,100.5,7.594
19845.1,98.5,7.594
19846.1,101.5,7.594
19847.11,100.5,7.594
19848.11,99.5,7.594
19849.12,101.5,7.594
19850.12,99.5,7.594
19851.13,100.5,7.594
19852.13,100.5,7.594
19853.14,100.5,7.594
19854.14,108.4,7.5941
19855.15,121.4,7.6935
19856.15,99.5,7.7648
19857.16,101.5,7.7934
19858.16,103.5,7.7937
19859.17,100.5,7.7937
19860.17,101.5,7.7937
19861.18,100.5,7.7937
19862.18,101.5,7.7937
19863.19,105.4,7.794
19864.2,100.5,7.794
19865.2,99.5,7.794
19866.21,99.5,7.794
19867.21,101.5,7.794
19868.22,101.5,7.794
19869.22,144.2,7.7941
19870.23,101.5,7.7941
19871.23,107.4,7.7941
19872.24,112.4,7.7941
19873.24,107.4,7.7941
19874.25,134.3,7.7941
19875.25,101.5,7.7941
19876.26,100.5,7.7941
19877.26,99.5,7.7941
19878.27,101.5,7.7943
19879.27,100.5,7.7943
19880.28,99.5,7.7943
19881.28,100.5,7.7943
19882.29,100.5,7.7943
19883.29,102.5,7.7943
19884.3,100.5,7.7943
19885.3,102.5,7.7943
19886.31,100.5,7.7943
19887.32,101.5,7.7943
19888.32,99.5,7.7943
19889.33,100.5,7.7943
19890.33,101.5,7.7943
19891.34,102.5,7.7943
19892.34,100.5,7.7943
19893.35,101.5,7.7943
19894.35,100.5,7.7943
19895.36,100.5,7.7943
19896.36,99.5,7.7943
19897.37,101.5,7.7943
19898.37,99.5,7.7943
19899.38,101.6,7.7943
19900.38,99.5,7.7943
19901.39,99.5,7.7943
19902.39,101.5,7.7943
19903.4,100.5,7.7943
19904.4,99.5,7.7943
19905.41,101.5,7.7943
19906.41,100.5,7.7943
19907.42,100.5,7.7943
19908.43,99.5,7.7943
19909.43,100.5,7.7943
19910.44,101.5,7.7943
19911.44,101.5,7.7943
19912.45,99.5,7.7943
19913.45,100.5,7.7943
19914.46,99.5,7.7943
19915.46,103.5,7.7943
19916.47,98.5,7.7943
19917.47,100.5,7.7943
19918.48,100.5,7.7943
19919.48,100.5,7.7943
19920.49,101.5,7.7943
19921.49,100.6,7.7943
19922.5,100.6,7.7943
19923.5,100.5,7.7943
19924.51,100.5,7.7943
19925.51,101.5,7.7943
19926.52,99.6,7.7943
19927.52,101.5,7.7943
19928.53,101.5,7.7943
19929.53,99.5,7.7943
19930.54,99.5,7.7943
19931.54,101.5,7.7943
19932.55,100.5,7.7943
19933.55,100.5,7.7946
19934.56,101.6,7.7946
19935.56,101.5,7.7946
19936.57,100.5,7.7946
19937.57,99.5,7.7946
19938.58,101.5,7.7946
19939.58,99.5,7.7946
19940.59,101.5,7.7946
19941.59,99.5,7.7946
19942.6,101.5,7.7946
19943.6,100.5,7.7946
19944.61,99.5,7.7946
19945.61,117.4,7.7946
19946.62,102.6,7.7946
19947.62,100.5,7.7946
19948.63,99.5,7.7946
19949.63,99.5,7.7946
19950.64,101.5,7.7946
19951.64,100.5,7.7946
19952.65,100.5,7.7946
19953.65,99.5,7.7946
19954.66,101.5,7.7946
19955.66,100.5,7.7946
19956.67,101.5,7.7946
19957.67,102.5,7.7946
19958.68,99.5,7.7946
19959.68,100.5,7.7946
19960.69,101.5,7.7946
19961.69,100.5,7.7946
19962.7,100.6,7.7948
19963.7,100.5,7.7948
19964.71,100.5,7.7948
19965.71,99.5,7.7948
19966.72,102.5,7.7948
19967.72,100.5,7.7948
19968.73,101.5,7.7948
19969.73,99.5,7.7948
19970.74,103.5,7.7948
19971.74,100.5,7.7948
19972.75,101.2,7.7948
19973.76,98.5,7.7948
19974.76,101.6,7.7948
19975.77,99.6,7.7948
19976.77,102.5,7.7948
19977.78,100.3,7.7948
19978.78,100.5,7.7948
19979.79,100.5,7.7948
19980.79,99.5,7.7948
19981.8,101.7,7.7948
19982.8,101.5,7.7948
19983.81,99.5,7.7948
19984.81,100.5,7.7948
19985.82,100.5,7.7948
19986.82,100.7,7.7948
19987.82,100.5,7.7948
19988.83,101.5,7.7948
19989.83,99.6,7.7948
19990.84,101.5,7.7948
19991.84,100.5,7.7948
19992.85,101.5,7.7948
19993.85,100.5,7.7948
19994.86,100.6,7.7948
19995.86,100.5,7.7948
19996.87,100.5,7.7948
19997.87,101.5,7.7948
19998.88,99.6,7.7948
19999.89,99.2,7.7948
20000.89,101.8,7.7948
20001.89,100.5,7.7948
20002.9,99.5,7.7948
20003.9,100.6,7.7948
20004.91,101.5,7.7948
20005.91,100.5,7.7948
20006.92,102.5,7.7948
20007.92,100.7,7.7948
20008.92,100.7,7.7948
20009.93,100.6,7.7948
20010.93,99.5,7.7948
20011.94,99.5,7.7948
20012.94,100.6,7.7951
20013.95,102.5,7.7951
20014.95,100.5,7.7951
20015.96,121.4,7.7958
20016.96,102.5,7.7958
20017.97,99.5,7.7958
20018.97,99.5,7.7958
20019.98,100.5,7.7958
20020.98,101.5,7.7958
20021.99,100.5,7.7958
20022.99,100.5,7.7958
20024.0,100.5,7.7958
20025.0,101.5,7.7958
20026.01,99.5,7.7958
20027.01,100.5,7.7958
20028.02,100.5,7.7958
20029.02,101.5,7.7958
20030.03,100.5,7.7958
20031.03,99.5,7.7958
20032.04,101.5,7.7958
20033.05,101.5,7.7958
20034.05,100.6,7.7958
20035.05,100.5,7.7958
20036.06,101.5,7.7958
20037.06,99.6,7.7958
20038.07,100.5,7.7958
20039.07,100.5,7.7958
20040.08,100.5,7.7958
20041.08,99.5,7.7958
20042.09,101.5,7.7958
20043.1,100.5,7.7958
20044.1,100.5,7.7958
20045.1,100.7,7.7958
20046.11,101.5,7.7958
20047.11,99.5,7.7958
20048.12,101.6,7.796
20049.12,100.5,7.796
20050.13,99.5,7.796
20051.13,101.5,7.796
20052.14,100.5,7.796
20053.14,99.5,7.796
20054.15,101.5,7.796
20055.15,101.5,7.796
20056.16,100.5,7.796
20057.16,99.5,7.796
20058.17,100.5,7.796
20059.17,102.5,7.796
20060.18,101.5,7.796
20061.18,100.5,7.796
20062.19,99.5,7.796
20063.19,100.5,7.796
20064.2,101.5,7.796
20065.21,100.5,7.796
20066.21,101.5,7.796
20067.22,99.5,7.796
20068.22,99.5,7.796
20069.23,101.5,7.796
20070.23,99.5,7.796
20071.24,101.5,7.796
20072.24,102.5,7.796
20073.25,100.5,7.796
20074.25,99.5,7.796
20075.26,99.5,7.796
20076.26,102.5,7.796
20077.27,98.5,7.796
20078.27,100.5,7.796
20079.28,101.5,7.796
20080.28,104.5,7.796
20081.29,99.5,7.796
20082.29,101.6,7.796
20083.3,100.3,7.7963
20084.31,101.5,7.7963
20085.31,101.5,7.7963
20086.32,99.5,7.7963
20087.32,100.5,7.7963
20088.33,100.4,7.7963
20089.33,99.5,7.7963
20090.34,100.5,7.7963
20091.34,101.5,7.7963
20092.35,100.5,7.7963
20093.35,101.5,7.7963
20094.36,100.5,7.7963
20095.36,101.5,7.7963
20096.37,100.5,7.7963
20097.37,102.5,7.7963
20098.38,100.5,7.7963
20099.38,99.5,7.7963
20100.39,100.5,7.7963
20101.39,100.5,7.7963
20102.4,101.5,7.7963
20103.4,99.5,7.7963
20104.41,99.5,7.7963
20105.42,100.5,7.7963
20106.42,101.5,7.7963
20107.43,100.5,7.7963
20108.43,100.5,7.7963
20109.44,101.5,7.7963
20110.44,3.0,2.5341
20111.44,348.9,2.7741
20112.45,1.0,2.4354
20113.45,314.1,2.7037
20114.45,349.9,2.8343
20115.46,1.0,2.4697
20116.47,298.3,2.6294
20117.47,3.0,2.5609
20118.47,325.2,3.0018
20119.48,310.2,3.4301
20120.48,318.0,3.5712
20121.49,350.1,3.8654
20122.49,323.4,4.1556
20123.5,311.3,4.4074
20124.51,303.3,4.6319
20125.51,305.5,4.7932
20126.52,300.3,4.9469
20127.52,302.3,5.1264
20128.53,303.2,5.2705
20129.53,300.3,5.3801
20130.54,300.4,5.4827
20131.54,301.4,5.5568
20132.55,301.3,5.6234
20133.55,291.0,5.7061
20134.56,301.5,5.8041
20135.56,261.6,5.8677
20136.57,141.2,5.9276
20137.57,201.0,6.0085
20138.58,110.4,6.0781
20139.58,120.7,6.1425
20140.59,108.5,6.2019
20141.59,111.4,6.2576
20142.6,120.3,6.3892
20143.6,107.4,6.4709
20144.61,121.3,6.5342
20145.61,113.4,6.5954
20146.62,150.2,6.6629
20147.62,119.4,6.7146
20148.63,111.4,6.8112
20149.64,107.4,6.8746
20150.64,159.1,6.9221
20151.65,151.3,7.0071
20152.65,139.2,7.0617
20153.66,108.4,7.1176
20154.66,119.3,7.1496
20155.67,100.5,7.179
20156.67,100.5,7.2127
20157.68,106.5,7.2646
20158.68,229.3,7.7409
20159.69,116.4,7.7929
20160.69,114.4,7.7929
20161.7,124.3,7.7929
20162.7,101.5,7.7929
20163.71,102.4,7.7929
20164.71,101.4,7.7929
20165.72,101.4,7.7929
20166.72,104.4,7.7929
20167.73,239.7,7.7938
20168.73,102.4,7.7938
20169.74,100.5,7.7938
20170.75,101.5,7.7938
20171.75,100.5,7.7938
20172.75,101.7,7.7938
20173.76,104.6,7.7938
20174.76,101.5,7.7938
20175.77,110.4,7.7938
20176.77,100.4,7.7938
20177.78,100.5,7.7938
20178.78,101.5,7.7938
20179.79,136.3,7.8352
20180.8,122.3,7.88
20181.8,99.5,7.8938
20182.81,102.5,7.8938
20183.81,139.3,7.8938
20184.82,134.3,7.8938
20185.82,100.5,7.8938
20186.83,100.5,7.8938
20187.83,104.4,7.8938
20188.84,130.3,7.8938
20189.84,101.5,7.8938
20190.85,102.5,7.8938
20191.85,99.5,7.8938
20192.86,101.5,7.8938
20193.87,100.5,7.8938
20194.87,102.5,7.8938
20195.88,101.5,7.8938
20196.88,100.5,7.8938
20197.89,100.5,7.8938
20198.89,101.4,7.8938
20199.9,100.5,7.8938
20200.9,99.5,7.8938
20201.91,102.4,7.8938
20202.91,128.3,7.8938
20203.92,102.5,7.8938
20204.92,133.3,7.8938
20205.93,101.4,7.8938
20206.93,101.4,7.8938
20207.94,112.4,7.8938
20208.95,102.5,7.8938
20209.95,101.5,7.8938
20210.96,99.5,7.8938
20211.96,99.5,7.8938
20212.97,101.5,7.8938
20213.97,101.5,7.8938
20214.98,98.5,7.8938
20215.98,102.5,7.8938
20216.99,105.4,7.8938
20217.99,100.5,7.8941
20219.0,103.4,7.8941
20220.0,104.4,7.8941
20221.01,115.4,7.8941
20222.01,101.5,7.8941
20223.02,100.5,7.8943
20224.02,104.5,7.8943
20225.03,100.5,7.8943
20226.04,100.5,7.8943
20227.04,99.5,7.8943
20228.05,120.4,7.8943
20229.05,104.4,7.8943
20230.06,99.5,7.8943
20231.06,101.5,7.8943
20232.07,101.5,7.8943
20233.07,99.5,7.8943
20234.08,104.4,7.8943
20235.08,99.5,7.8943
20236.09,100.5,7.8943
20237.09,103.5,7.8943
20238.1,99.5,7.8943
20239.1,104.7,7.8943
20240.11,100.5,7.8943
20241.11,101.5,7.8943
20242.12,100.5,7.8943
20243.12,101.5,7.8943
20244.13,100.5,7.8943
20245.13,101.5,7.8943
20246.14,104.4,7.8943
20247.15,99.5,7.8943
20248.15,108.5,7.8943
20249.16,102.4,7.8943
20250.16,101.5,7.8943
20251.17,101.5,7.8943
20252.17,100.5,7.8943
20253.18,113.4,7.8943
20254.18,100.5,7.8943
20255.19,99.5,7.8943
20256.19,101.5,7.8943
20257.2,100.5,7.8943
20258.2,101.5,7.8943
20259.21,100.5,7.8943
20260.21,103.5,7.8943
20261.22,142.2,7.8977
20262.22,100.7,7.8977
20263.23,100.5,7.8977
20264.23,102.4,7.8977
20265.24,101.5,7.8977
20266.24,100.5,7.8977
20267.25,102.5,7.8977
20268.25,108.4,7.8977
20269.26,123.3,7.8979
20270.27,126.3,7.898
20271.27,100.5,7.898
20272.28,100.5,7.898
20273.28,104.4,7.898
20274.29,122.3,7.898
20275.29,290.4,8.3804
20276.3,203.9,8.3804
20277.3,158.3,8.3804
20278.31,174.0,8.3804
20279.31,198.9,8.3961
20280.32,150.2,8.4104
20281.32,100.5,8.4243
20282.33,101.5,8.4285
20283.33,101.5,8.4285
20284.34,100.5,8.4285
20285.35,112.4,8.4285
20286.35,122.3,8.4285
20287.36,102.5,8.4285
20288.36,120.4,8.4285
20289.37,146.2,8.4285
20290.37,99.5,8.4285
20291.38,101.5,8.4285
20292.38,100.5,8.4285
20293.39,101.5,8.4287
20294.39,99.5,8.4287
20295.4,101.5,8.4287
20296.4,98.7,8.4287
20297.41,102.5,8.4287
20298.41,99.5,8.4287
20299.42,158.2,8.4287
20300.42,101.5,8.4287
20301.43,102.5,8.4287
20302.43,99.5,8.4287
20303.44,99.5,8.429
20304.44,102.5,8.429
20305.45,100.5,8.429
20306.46,99.5,8.429
20307.46,101.5,8.429
20308.47,99.5,8.429
20309.47,103.5,8.429
20310.48,100.5,8.429
20311.48,100.5,8.429
20312.49,100.5,8.429
20313.49,100.5,8.429
20314.5,99.5,8.429
20315.5,102.5,8.429
20316.51,102.4,8.429
20317.51,104.4,8.429
20318.52,100.5,8.429
20319.52,101.5,8.429
20320.53,100.6,8.429
20321.53,101.5,8.429
20322.54,100.5,8.429
20323.54,101.5,8.429
20324.55,101.5,8.429
20325.56,99.5,8.429
20326.56,100.5,8.429
20327.57,101.5,8.429
20328.57,199.9,8.429
20329.58,204.0,8.429
20330.58,118.4,8.429
20331.59,126.3,8.429
20332.59,101.5,8.429
20333.6,115.4,8.429
20334.6,100.5,8.429
20335.61,101.5,8.429
20336.61,152.2,8.429
20337.62,203.9,8.429
20338.62,111.4,8.429
20339.63,102.5,8.429
20340.63,105.4,8.429
20341.64,101.5,8.429
20342.65,99.5,8.429
20343.65,100.5,8.429
20344.66,101.5,8.429
20345.66,99.5,8.429
20346.67,101.5,8.429
20347.67,100.5,8.429
20348.68,100.5,8.429
20349.68,101.5,8.429
20350.69,101.5,8.429
20351.69,99.5,8.429
20352.7,103.5,8.429
20353.7,101.5,8.429
20354.71,102.5,8.429
20355.71,100.5,8.429
20356.72,99.5,8.429
20357.72,101.5,8.429
20358.73,100.5,8.429
20359.73,101.5,8.429
20360.74,113.5,8.429
20361.74,101.5,8.429
20362.75,100.6,8.429
20363.75,100.5,8.429
20364.76,99.5,8.429
20365.76,101.5,8.429
20366.77,101.5,8.429
20367.77,102.5,8.429
20368.78,100.5,8.429
20369.78,99.5,8.429
20370.79,100.5,8.429
20371.79,100.5,8.429
20372.8,101.5,8.4292
20373.8,99.5,8.4292
20374.81,101.5,8.4292
20375.81,99.5,8.4292
20376.82,102.6,8.4292
20377.82,103.5,8.4292
20378.83,99.5,8.4292
20379.83,101.5,8.4292
20380.84,100.5,8.4292
20381.84,101.5,8.4292
20382.85,101.5,8.4292
20383.85,99.5,8.4292
20384.86,100.3,8.4292
20385.87,104.5,8.4292
20386.87,99.5,8.4295
20387.88,100.5,8.4295
20388.88,100.5,8.4295
20389.89,101.5,8.4295
20390.89,99.5,8.4295
20391.9,100.5,8.4295
20392.9,102.5,8.4295
20393.91,100.5,8.4295
20394.91,100.5,8.4295
20395.92,101.5,8.4295
20396.92,107.4,8.4295
20397.93,102.5,8.4295
20398.93,101.5,8.4295
20399.94,101.5,8.4295
20400.95,99.5,8.4295
20401.95,100.5,8.4295
20402.96,101.5,8.4295
20403.96,100.5,8.4295
20404.97,101.5,8.4295
20405.97,99.5,8.4295
20406.98,100.5,8.4295
20407.98,99.5,8.4295
20408.99,101.5,8.4295
20409.99,100.5,8.4295
20411.0,101.5,8.4295
20412.0,101.5,8.4295
20413.01,101.5,8.4295
20414.01,101.5,8.4295
20415.02,99.5,8.4295
20416.02,100.5,8.4295
20417.03,100.4,2.4684
20418.03,321.3,2.6979
20419.04,340.0,2.8049
20420.04,341.3,3.049
20421.05,315.4,3.3639
20422.05,308.7,3.6903
20423.06,313.0,4.0233
20424.06,266.7,4.4931
20425.07,126.4,5.0114
20426.07,109.4,5.5509
20427.08,103.5,6.0969
20428.08,114.4,6.6432
20429.09,106.5,7.1757
20430.09,181.1,7.4858
20431.1,127.3,7.4859
20432.1,125.4,7.486
20433.11,101.6,7.486
20434.11,105.5,7.486
20435.12,99.5,7.586
20436.12,101.5,7.586
20437.13,100.5,7.586
20438.13,118.4,7.586
20439.14,101.5,7.586
20440.14,131.1,7.7078
20441.15,100.5,7.7078
20442.15,101.5,7.7078
20443.16,100.5,7.708
20444.16,100.5,7.708
20445.17,100.5,7.708
20446.17,100.5,7.708
20447.18,101.5,7.708
20448.18,101.5,7.708
20449.19,117.4,7.7089
20450.2,100.4,7.7089
20451.2,101.5,7.7089
20452.21,100.5,7.7089
20453.21,99.5,7.7089
20454.22,101.5,7.7089
20455.22,99.2,7.7089
20456.23,100.5,7.7089
20457.23,114.4,7.7089
20458.24,100.5,7.7089
20459.24,100.5,7.7089
20460.25,100.4,7.7089
20461.26,101.5,7.7089
20462.26,100.5,7.7089
20463.27,102.5,7.7089
20464.27,100.5,7.7089
20465.28,113.2,7.7089
20466.28,100.5,7.7089
20467.29,100.5,7.7089
20468.29,101.5,7.7089
20469.3,101.5,7.7089
20470.3,100.5,7.7089
20471.31,100.5,7.7089
20472.31,102.5,7.7092
20473.32,116.4,7.7823
20474.32,100.5,7.7823
20475.33,100.5,7.7823
20476.33,100.5,7.7823
20477.34,100.5,7.7823
20478.34,100.5,7.7823
20479.35,101.5,7.7823
20480.35,100.5,7.7823
20481.36,99.5,7.7823
20482.37,101.5,8.1453
20483.37,101.5,8.6044
20484.38,100.5,9.111
20485.38,131.1,9.2037
20486.39,99.5,9.2037
20487.39,100.5,9.2037
20488.4,100.5,9.2037
20489.4,99.5,9.2037
20490.41,102.4,9.2037
20491.42,100.5,9.2038
20492.42,100.6,9.2038
20493.42,100.5,9.2038
20494.43,99.5,9.2038
20495.44,101.3,9.2045
20496.44,100.5,9.2045
20497.45,100.5,9.2045
20498.45,101.5,9.2045
20499.46,100.5,9.2045
20500.46,100.4,9.2045
20501.47,100.5,9.2045
20502.47,100.5,9.2045
20503.48,101.5,9.2045
20504.48,101.5,9.2045
20505.49,100.5,9.2045
20506.49,101.5,9.2045
20507.5,99.5,9.2045
20508.51,101.5,9.2045
20509.51,100.5,9.2045
20510.52,100.3,9.2045
20511.52,101.5,9.2045
20512.53,99.5,9.2045
20513.53,100.5,9.2047
20514.54,101.5,9.2047
20515.54,100.4,9.2047
20516.55,100.5,9.2047
20517.55,102.5,9.2047
20518.56,100.5,9.2047
20519.57,99.5,9.2047
20520.57,100.4,9.2047
20521.58,100.5,9.2047
20522.58,99.5,9.2047
20523.59,102.5,9.2047
20524.59,100.5,9.2047
20525.6,99.4,9.2047
20526.6,101.5,9.2048
20527.61,99.5,9.2048
20528.61,100.5,9.2048
20529.62,101.5,9.2048
20530.62,100.5,9.2048
20531.63,99.5,9.2048
20532.63,100.5,9.2048
20533.64,99.5,9.2048
20534.65,102.5,9.2048
20535.65,101.4,9.2048
20536.66,99.5,9.2048
20537.66,103.5,9.2048
20538.67,99.5,9.2048
20539.67,100.5,9.2048
20540.68,100.3,9.2048
20541.68,100.5,9.2048
20542.69,100.5,9.2048
20543.69,99.6,9.2048
20544.7,100.5,9.2048
20545.7,100.4,9.2048
20546.71,102.5,9.2048
20547.72,101.5,9.2048
20548.72,99.5,9.2048
20549.73,101.5,9.2048
20550.73,102.5,9.2048
20551.74,100.5,9.2048
20552.74,102.5,9.2048
20553.75,99.5,9.2048
20554.75,99.5,9.2048
20555.76,101.4,9.2048
20556.76,99.5,9.2048
20557.77,102.5,9.2051
20558.77,99.7,9.2053
20559.77,100.6,9.2053
20560.78,101.5,9.2053
20561.78,100.5,9.2053
20562.79,99.5,9.2053
20563.8,99.5,9.2053
20564.8,102.5,9.2053
20565.81,101.2,9.2053
20566.81,99.5,9.2053
20567.82,101.5,9.2053
20568.82,101.5,9.2053
20569.83,99.5,9.2053
20570.83,100.6,9.2053
20571.84,102.2,9.2053
20572.85,100.5,9.2053
20573.85,100.5,9.2053
20574.86,101.5,9.2053
20575.86,99.5,9.2053
20576.87,101.5,9.2053
20577.87,99.5,9.2053
20578.88,99.5,9.2053
20579.88,102.5,9.2053
20580.89,100.5,9.2053
20581.89,99.5,9.2053
20582.9,101.5,9.2053
20583.9,99.5,9.2056
20584.91,100.5,9.2056
20585.91,99.5,9.2056
20586.92,101.5,9.2056
20587.92,100.5,9.2056
20588.93,102.7,9.2056
20589.93,100.5,9.2056
20590.94,101.5,9.2056
20591.94,99.5,9.2056
20592.95,101.5,9.2058
20593.95,100.5,9.2058
20594.96,100.6,9.2058
20595.96,99.4,9.2058
20596.96,101.6,9.2058
20597.97,99.5,9.2058
20598.97,101.5,9.2058
20599.98,99.4,9.2058
20600.99,100.3,9.2058
20601.99,101.5,9.2058
20603.0,101.5,9.2058
20604.0,99.5,9.2058
20605.01,99.5,9.2058
20606.01,102.4,9.2058
20607.02,99.6,9.2058
20608.02,101.5,9.2058
20609.03,101.3,9.2058
20610.04,99.5,9.2058
20611.04,100.4,9.2058
20612.05,102.5,9.2058
20613.05,99.5,9.2058
20614.06,101.5,9.2058
20615.06,100.5,9.2058
20616.07,100.5,9.2058
20617.07,99.5,9.2058
20618.08,100.5,9.2058
20619.08,102.5,9.2058
20620.09,99.5,9.2058
20621.09,99.5,9.2058
20622.1,100.5,9.2058
20623.1,100.5,9.2058
20624.11,101.5,9.2058
20625.11,101.5,9.2058
20626.12,100.5,9.2058
20627.12,100.5,9.2058
20628.13,101.5,9.2058
20629.13,101.5,9.2058
20630.14,100.5,9.2058
20631.14,101.5,9.2058
20632.15,101.2,9.2061
20633.16,99.5,9.2061
20634.16,100.5,9.2061
20635.17,100.5,9.2061
20636.17,101.5,9.2061
20637.18,99.5,9.2061
20638.18,100.5,9.2061
20639.18,100.7,9.2061
20640.19,99.8,9.2061
20641.19,100.5,9.2061
20642.2,100.5,9.2064
20643.2,100.5,9.2064
20644.21,101.5,9.2064
20645.21,101.5,9.2064
20646.22,100.5,9.2064
20647.22,99.6,9.2064
20648.23,101.5,9.2064
20649.23,100.5,9.2064
20650.24,101.5,9.2064
20651.24,100.5,9.2064
20652.25,102.5,9.2077
20653.25,99.5,9.2077
20654.26,99.5,9.2077
20655.26,100.5,9.2077
20656.27,100.5,9.2077
20657.27,100.5,9.2077
20658.28,99.5,9.2077
20659.28,102.5,9.2077
20660.29,99.5,9.2077
20661.29,101.5,9.2077
20662.3,100.5,9.2077
20663.3,99.5,9.208
20664.31,102.5,9.208
20665.31,100.5,9.208
20666.32,99.5,9.208
20667.32,102.5,9.208
20668.33,99.5,9.208
20669.33,101.5,9.208
20670.34,100.5,9.208
20671.34,99.5,9.208
20672.35,100.5,9.208
20673.35,101.5,9.2255
20674.36,100.5,9.2255
20675.37,101.5,9.2255
20676.37,101.5,9.2255
20677.38,100.5,9.2255
20678.38,99.5,9.2255
20679.39,100.5,9.2255
20680.39,102.5,9.2258
20681.4,99.5,9.2258
20682.4,99.5,9.2258
20683.41,101.5,9.2258
20684.41,100.5,9.2258
20685.42,100.5,9.2258
20686.42,100.5,9.2258
20687.43,101.5,9.2258
20688.43,100.5,9.2258
20689.44,99.5,9.2258
20690.44,101.5,9.2258
20691.45,100.5,9.2258
20692.45,99.5,9.2258
20693.46,100.5,9.2258
20694.46,101.5,9.2427
20695.47,101.5,9.2427
20696.47,99.5,9.2427
20697.48,101.5,9.2427
20698.48,100.5,9.2427
20699.49,99.5,9.2427
20700.49,99.5,9.2427
20701.5,103.5,9.2427
20702.5,102.5,9.2428
20703.51,100.5,9.2428
20704.51,100.5,9.2431
20705.52,100.5,9.2431
20706.52,100.5,9.2431
20707.53,101.5,9.2431
20708.53,99.5,9.2431
20709.54,100.5,9.2431
20710.55,100.5,9.2431
20711.55,101.6,9.2431
20712.55,100.5,9.2431
20713.56,100.5,9.2431
20714.57,100.5,9.2431
20715.57,100.5,9.2582
20716.58,113.4,9.2582
20717.58,3.0,2.5514
20718.58,321.7,2.793
20719.59,350.9,2.9039
20720.59,325.9,3.1338
20721.59,308.2,3.3571
20722.6,305.7,3.6325
20723.6,313.4,3.9428
20724.61,304.7,4.2428
20725.61,302.5,4.5096
20726.62,302.2,4.7839
20727.62,323.3,5.0989
20728.63,289.5,5.5124
20729.63,215.9,5.9522
20730.64,129.3,6.4105
20731.64,104.3,6.8754
20732.65,151.3,7.3409
20733.65,134.3,7.5387
20734.66,116.4,7.6387
20735.66,113.4,7.6387
20736.67,102.4,7.6387
20737.67,100.6,7.6161
20738.68,100.5,7.6161
20739.68,101.5,7.6161
20740.69,99.5,7.6161
20741.7,102.3,7.6161
20742.7,122.4,7.7266
20743.71,101.5,7.7744
20744.71,100.5,7.7744
20745.72,101.5,7.7746
20746.72,101.5,7.7746
20747.73,99.5,7.7746
20748.73,101.5,7.7746
20749.74,99.5,7.7746
20750.74,99.5,7.7746
20751.75,126.4,7.7756
20752.75,101.5,7.7759
20753.76,99.5,7.7759
20754.76,101.5,7.7759
20755.77,99.5,7.7759
20756.77,100.5,7.7759
20757.78,100.6,7.7759
20758.78,100.5,7.7759
20759.79,100.5,7.7759
20760.79,99.5,7.7759
20761.8,121.4,7.7759
20762.8,101.5,7.7759
20763.81,100.5,7.7759
20764.81,100.5,7.7759
20765.82,100.5,7.7759
20766.82,100.4,7.7759
20767.83,102.5,7.7759
20768.83,100.5,7.7759
20769.84,101.5,7.7759
20770.84,118.4,7.7759
20771.85,100.4,7.7759
20772.85,100.5,7.7759
20773.86,99.5,7.7759
20774.87,102.5,7.7759
20775.87,99.5,7.7759
20776.88,99.4,7.7759
20777.88,101.5,7.7759
20778.89,100.6,7.7759
20779.89,117.6,7.8666
20780.89,107.5,7.8857
20781.9,99.5,7.8857
20782.9,101.5,7.8857
20783.91,100.5,7.8857
20784.91,101.5,7.8857
20785.92,99.5,7.8857
20786.93,100.5,7.8857
20787.93,100.6,7.8857
20788.93,100.5,7.8857
20789.94,103.5,8.2963
20790.95,101.5,8.6725
20791.95,142.7,9.1891
20792.95,102.5,9.1892
20793.96,99.5,9.1892
20794.96,103.5,9.1892
20795.97,99.5,9.1893
20796.97,99.5,9.1893
20797.98,101.7,9.1893
20798.98,99.5,9.1893
20799.99,101.6,9.1893
20800.99,100.5,9.1893
20802.0,100.5,9.1893
20803.0,101.5,9.1903
20804.01,100.5,9.1903
20805.01,100.5,9.1903
20806.02,100.5,9.1903
20807.02,100.5,9.1903
20808.03,101.6,9.1903
20809.03,100.5,9.1903
20810.04,100.5,9.1903
20811.04,106.4,9.1905
20812.05,100.5,9.1905
20813.05,100.5,9.1905
20814.06,101.5,9.1905
20815.06,100.5,9.1905
20816.07,100.5,9.1905
20817.07,100.5,9.1905
20818.08,101.5,9.1905
20819.09,99.5,9.1905
20820.09,100.6,9.1905
20821.09,101.5,9.1905
20822.1,101.5,9.1905
20823.11,99.5,9.1905
20824.11,100.6,9.1905
20825.11,100.8,9.1905
20826.12,101.5,9.1905
20827.12,99.5,9.1905
20828.13,101.5,9.1905
20829.13,99.5,9.1905
20830.14,101.5,9.1905
20831.14,101.5,9.1905
20832.15,100.5,9.1905
20833.15,99.5,9.1905
20834.16,103.5,9.1905
20835.16,100.5,9.1905
20836.17,100.5,9.1905
20837.18,100.2,9.1905
20838.18,100.5,9.1905
20839.19,100.5,9.1905
20840.19,100.5,9.1905
20841.2,100.5,9.1905
20842.2,100.5,9.1905
20843.21,100.5,9.1905
20844.21,100.5,9.1905
20845.22,102.5,9.1905
20846.22,100.5,9.1905
20847.23,99.5,9.1905
20848.23,101.5,9.1908
20849.24,100.5,9.1908
20850.24,100.5,9.1908
20851.25,101.5,9.1908
20852.25,99.5,9.1908
20853.26,100.5,9.1908
20854.26,101.5,9.1908
20855.27,99.5,9.1908
20856.27,99.7,9.1908
20857.28,102.5,9.1908
20858.28,100.5,9.1908
20859.29,103.5,9.1912
20860.29,100.5,9.1912
20861.3,99.5,9.1912
20862.3,100.5,9.1912
20863.31,100.5,9.1912
20864.31,101.5,9.1912
20865.32,100.5,9.1912
20866.33,100.5,9.1912
20867.33,100.5,9.1912
20868.34,100.5,9.1912
20869.34,99.5,9.1912
20870.35,100.6,9.1912
20871.35,101.5,9.1912
20872.36,100.5,9.1912
20873.36,103.5,9.1912
20874.37,99.5,9.1912
20875.37,101.5,9.1912
20876.38,101.5,9.1912
20877.38,101.5,9.1912
20878.39,100.5,9.1912
20879.39,101.5,9.1912
20880.4,101.5,9.1912
20881.4,99.5,9.1912
20882.41,101.5,9.1912
20883.41,101.5,9.1915
20884.42,99.5,9.1915
20885.43,99.5,9.1915
20886.43,101.5,9.1915
20887.44,100.5,9.1915
20888.44,100.5,9.1915
20889.45,100.6,9.1915
20890.45,99.5,9.1915
20891.46,102.5,9.1916
20892.46,101.5,9.1918
20893.47,101.5,9.1918
20894.47,99.5,9.1918
20895.48,99.5,9.1918
20896.48,101.5,9.1921
20897.49,100.5,9.1921
20898.49,100.5,9.1921
20899.5,122.4,9.1925
20900.5,99.5,9.1925
20901.51,101.5,9.1925
20902.51,102.5,9.1925
20903.52,99.6,9.1926
20904.52,99.5,9.1926
20905.53,101.5,9.1926
20906.53,100.5,9.1926
20907.54,101.5,9.1926
20908.54,99.5,9.1926
20909.55,102.5,9.1926
20910.55,99.5,9.1926
20911.56,100.5,9.1926
20912.57,100.5,9.1926
20913.57,100.5,9.1926
20914.58,100.5,9.1926
20915.58,100.5,9.1926
20916.59,100.5,9.1926
20917.59,100.2,9.1926
20918.6,100.5,9.1926
20919.6,101.5,9.1926
20920.61,100.5,9.1926
20921.61,99.5,9.1926
20922.62,102.5,9.1926
20923.62,100.5,9.1926
20924.63,100.5,9.1926
20925.63,100.6,9.1926
20926.64,100.5,9.1928
20927.64,101.4,9.1928
20928.65,100.5,9.1928
20929.65,100.5,9.1928
20930.66,100.5,9.1928
20931.67,100.5,9.1928
20932.67,101.6,9.1928
20933.67,100.5,9.1928
20934.68,101.5,9.1928
20935.69,100.5,9.1928
20936.69,101.5,9.1929
20937.7,100.4,9.1931
20938.7,99.5,9.1931
20939.71,101.6,9.1931
20940.71,100.5,9.1931
20941.72,100.5,9.1931
20942.72,100.4,9.1931
20943.73,99.5,9.1931
20944.73,101.6,9.1931
20945.74,101.5,9.1931
20946.74,100.5,9.1931
20947.75,100.3,9.1931
20948.75,102.5,9.1931
20949.76,100.5,9.1931
20950.76,99.5,9.1931
20951.77,102.5,9.1931
20952.77,99.5,9.1934
20953.78,101.5,9.1934
20954.79,99.5,9.1934
20955.79,100.5,9.1934
20956.8,102.5,9.1934
20957.8,100.4,9.1934
20958.81,101.5,9.1934
20959.81,100.5,9.1934
20960.82,99.6,9.1934
20961.82,100.5,9.1934
20962.83,101.3,9.1934
20963.83,100.5,9.1934
20964.84,100.5,9.1934
20965.84,99.5,9.1934
20966.85,101.5,9.1934
20967.85,101.4,9.1934
20968.86,99.5,9.1934
20969.86,100.5,9.1934
20970.87,99.5,9.1945
20971.87,101.5,9.1945
20972.88,101.5,9.1945
20973.89,99.5,9.1945
20974.89,101.5,9.1947
20975.9,100.5,9.1947
20976.9,100.5,9.1947
20977.91,102.5,9.1947
20978.91,99.5,9.1947
20979.92,101.5,9.1947
20980.92,99.5,9.1947
20981.93,100.5,9.1952
20982.93,101.5,9.1952
20983.94,100.5,9.1952
20984.94,99.5,9.1952
20985.95,100.5,9.1952
20986.95,101.5,9.1952
20987.96,99.5,9.1954
20988.96,100.5,9.1954
20989.97,100.5,9.1954
20990.97,101.5,9.1954
20991.98,101.5,9.1954
20992.98,99.5,9.1954
20993.99,101.5,9.2211
20994.99,100.5,9.2211
20996.0,101.5,9.2211
20997.0,100.6,9.2211
20998.01,101.5,9.2212
20999.01,99.5,9.2212
21000.02,101.5,9.2212
21001.02,100.5,9.2212
21002.03,100.5,9.2212
21003.03,101.5,9.2212
21004.04,102.5,9.2212
21005.04,99.5,9.2212
21006.05,100.5,9.2214
21007.05,100.5,9.2214
21008.06,102.5,9.2214
21009.06,100.5,9.2214
21010.07,100.5,9.2214
21011.07,99.6,9.2214
21012.08,102.5,9.2214
21013.08,105.5,9.2214
21014.09,99.5,9.2214
21015.09,100.5,9.2214
21016.1,101.5,9.2214
21017.1,101.6,2.4762
21018.11,327.7,2.7621
21019.11,354.9,2.9039
21020.12,337.2,3.1827
21021.12,317.6,3.4479
21022.12,304.5,3.7256
21023.13,314.3,3.9701
21024.14,301.3,4.1949
21025.14,303.4,4.3948
21026.15,308.5,4.6024
21027.15,300.4,4.768
21028.16,309.4,4.953
21029.16,1.0,2.5353
21030.16,331.1,2.7286
21031.17,330.3,2.3688
21032.17,1.0,2.6466
21033.18,340.0,2.8587
21034.18,1.0,2.3868
21035.18,280.2,2.6448
21036.19,319.1,2.8256
21037.19,368.5,3.012
21038.2,324.0,3.2774
21039.2,308.4,3.5943
21040.21,316.4,3.905
21041.21,306.4,4.2023
21042.22,304.4,4.4816
21043.22,304.6,4.7652
21044.23,317.3,5.0198
21045.23,182.1,5.2231
21046.24,134.3,5.4813
21047.24,102.6,5.6096
21048.25,120.4,5.9198
21049.25,104.5,6.2158
21050.26,120.4,6.5266
21051.26,99.6,6.7928
21052.27,115.4,6.9714
21053.27,99.5,7.2504
21054.28,106.5,7.3768
21055.28,131.3,7.4829
21056.29,102.6,7.4829
21057.29,100.5,7.5231
21058.3,100.5,7.5349
21059.3,100.5,7.5349
21060.31,101.5,7.5349
21061.31,99.5,7.5349
21062.32,100.5,7.5349
21063.32,100.5,7.5349
21064.33,100.6,7.5349
21065.33,100.6,7.5352
21066.33,101.5,7.5352
21067.34,100.5,7.5352
21068.34,100.5,7.5352
21069.35,100.5,7.5352
21070.35,101.6,7.5352
21071.36,100.5,7.5352
21072.36,100.5,7.5352
21073.37,101.5,7.5352
21074.37,99.5,7.5352
21075.38,100.5,7.5352
21076.38,104.5,7.5353
21077.39,101.5,7.5356
21078.39,101.5,7.5356
21079.4,100.5,7.5356
21080.4,100.5,7.5356
21081.41,101.5,7.5356
21082.41,99.5,7.5356
21083.42,101.5,7.5356
21084.42,102.5,7.5356
21085.43,100.5,7.5356
21086.43,100.5,7.5356
21087.44,100.5,7.5356
21088.44,100.5,7.5356
21089.45,99.5,7.5552
21090.45,101.5,7.629
21091.46,100.5,7.6356
21092.46,101.5,7.6356
21093.47,100.5,7.6356
21094.48,100.5,7.6356
21095.48,99.5,7.6356
21096.49,100.5,7.6356
21097.49,100.5,7.6356
21098.5,99.5,7.6356
21099.5,102.5,7.6356
21100.51,101.5,7.6356
21101.51,100.5,7.6356
21102.52,100.5,7.6356
21103.52,99.5,7.6358
21104.53,102.6,7.6358
21105.53,99.5,7.6358
21106.54,100.5,7.6358
21107.54,100.5,7.6358
21108.55,100.5,7.6358
21109.55,100.5,7.6358
21110.56,100.6,7.6358
21111.56,101.5,7.6358
21112.57,101.5,7.6358
21113.57,101.5,7.6358
21114.58,99.5,7.6358
21115.58,100.5,7.6358
21116.59,100.5,7.6358
21117.59,99.5,7.6358
21118.6,101.4,7.6358
21119.6,99.5,7.6358
21120.61,126.4,7.7714
21121.61,129.3,7.797
21122.62,101.5,7.7973
21123.62,99.4,7.7973
21124.63,101.5,7.7973
21125.63,99.5,7.7973
21126.64,101.5,7.7973
21127.65,100.5,7.7973
21128.65,100.5,7.7973
21129.66,100.5,7.7973
21130.66,99.5,7.7973
21131.67,100.5,7.7973
21132.67,100.6,7.7973
21133.67,101.5,7.7973
21134.68,101.5,7.7973
21135.68,99.5,7.7973
21136.69,105.5,7.7973
21137.69,100.5,7.7973
21138.7,100.4,7.7973
21139.71,102.5,7.7973
21140.71,98.5,7.7973
21141.72,101.5,7.7973
21142.72,100.6,7.7973
21143.73,99.6,7.7973
21144.73,102.5,7.7973
21145.73,99.7,7.7973
21146.74,99.5,7.7973
21147.74,101.7,7.7973
21148.75,101.5,7.7973
21149.75,100.5,7.7975
21150.76,102.5,7.7975
21151.76,100.6,7.7975
21152.77,100.5,7.7975
21153.77,100.5,7.7975
21154.78,100.5,7.7975
21155.78,100.5,7.7975
21156.79,99.6,7.7975
21157.79,125.4,7.7981
21158.8,99.5,7.7981
21159.8,101.5,7.7981
21160.81,100.5,7.7981
21161.81,100.5,7.7981
21162.82,100.5,7.7981
21163.82,102.6,7.7981
21164.83,99.5,7.7981
21165.83,100.5,7.7981
21166.84,99.5,7.7981
21167.84,100.5,7.7981
21168.85,101.5,7.7981
21169.85,100.6,7.7981
21170.85,100.5,7.7981
21171.86,99.5,7.7981
21172.86,101.5,7.7986
21173.87,99.4,7.7986
21174.88,100.5,7.7986
21175.88,99.5,7.7986
21176.89,101.5,7.7986
21177.89,99.5,7.7986
21178.9,102.5,7.7986
21179.9,100.5,7.7986
21180.91,100.6,7.7986
21181.91,102.5,7.7986
21182.92,99.5,7.7986
21183.92,101.5,7.7986
21184.92,99.8,7.7986
21185.93,99.5,7.7986
21186.93,100.5,7.7986
21187.94,101.8,7.7986
21188.94,99.5,7.7986
21189.95,99.4,7.7986
21190.95,101.5,7.7986
21191.96,100.5,7.7986
21192.96,100.8,7.7986
21193.96,100.7,7.7986
21194.97,101.5,7.7986
21195.97,99.5,7.7986
21196.98,101.5,7.7986
21197.98,100.5,7.7986
21198.99,99.5,7.7986
21199.99,101.5,7.7986
21201.0,99.5,7.7986
21202.0,100.5,7.7986
21203.01,101.5,7.7986
21204.01,99.5,7.7986
21205.02,100.5,7.7986
21206.02,100.5,7.7986
21207.03,101.5,7.7986
21208.03,100.5,7.7986
21209.04,100.5,7.7986
21210.04,99.5,7.7986
21211.05,100.5,7.7986
21212.05,102.5,7.7986
21213.06,102.5,7.7986
21214.06,99.5,7.7986
21215.07,101.5,7.7986
21216.07,100.6,7.7986
21217.08,100.5,7.7986
21218.08,100.5,7.7988
21219.09,99.5,7.7988
21220.09,101.5,7.7988
21221.1,99.5,7.7988
21222.11,100.5,7.7988
21223.11,101.5,7.7988
21224.12,99.5,7.7988
21225.12,102.5,7.7988
21226.13,100.5,7.7988
21227.13,99.5,7.7988
21228.14,99.5,7.7988
21229.14,101.5,7.7988
21230.15,99.5,7.7988
21231.15,101.5,7.7988
21232.16,101.5,7.7988
21233.16,100.5,7.7988
21234.17,100.4,7.7991
21235.17,101.5,7.7991
21236.18,99.5,7.7991
21237.18,100.5,7.7991
21238.19,100.5,7.7991
21239.2,100.5,7.7991
21240.2,100.5,7.7991
21241.21,101.5,7.7991
21242.21,100.5,7.7991
21243.22,99.5,7.7991
21244.22,101.5,7.7991
21245.23,99.5,7.7991
21246.23,99.5,7.7991
21247.24,103.5,7.7991
21248.24,100.5,7.7991
21249.25,100.5,7.7991
21250.25,125.3,7.8012
21251.26,100.5,7.8012
21252.26,99.5,7.8012
21253.27,102.5,7.8015
21254.27,99.5,7.8015
21255.28,100.5,7.8015
21256.28,102.5,7.8015
21257.29,99.5,7.8015
21258.29,101.5,7.8015
21259.3,99.5,7.8015
21260.31,100.5,7.8015
21261.31,101.5,7.8015
21262.32,99.5,7.8015
21263.32,100.5,7.8017
21264.32,101.6,7.8017
21265.33,100.5,7.8017
21266.33,101.5,7.8017
21267.34,100.5,7.8017
21268.35,100.5,7.8017
21269.35,100.5,7.8017
21270.36,100.5,7.8017
21271.36,100.5,7.8017
21272.37,100.5,7.8017
21273.37,100.5,7.8017
21274.38,99.5,7.8017
21275.38,100.5,7.8017
21276.39,103.5,7.8017
21277.39,100.5,7.8017
21278.4,100.5,7.8017
21279.4,100.5,7.8017
21280.41,100.5,7.8017
21281.41,100.5,7.8017
21282.42,99.5,7.8017
21283.42,101.5,7.8017
21284.43,99.5,7.8017
21285.43,101.5,7.8017
21286.44,100.5,7.8017
21287.44,99.5,7.8017
21288.45,100.5,7.8017
21289.45,100.5,7.8017
21290.46,100.5,7.8017
21291.47,99.5,7.8017
21292.47,101.5,7.8017
21293.48,100.5,7.8017
21294.48,100.5,7.8017
21295.49,100.5,7.8017
21296.49,100.5,7.8017
21297.5,101.5,7.8017
21298.5,102.5,7.8017
21299.51,99.5,7.8017
21300.51,99.5,7.8017
21301.52,100.5,7.8017
21302.52,100.5,7.8017
21303.53,102.5,7.8017
21304.53,100.5,7.8017
21305.54,99.5,7.8017
21306.54,100.5,7.8017
21307.55,101.5,7.802
21308.56,99.5,7.802
21309.56,99.5,7.802
21310.57,100.5,7.802
21311.57,101.5,7.802
21312.58,100.6,7.802
21313.58,100.5,7.802
21314.59,101.5,7.802
21315.59,100.5,7.802
21316.6,100.6,7.802
21317.6,101.5,7.802
21318.6,100.6,7.802
21319.61,100.5,7.8022
21320.61,100.5,7.8022
21321.62,101.5,7.8022
21322.62,100.5,7.8022
21323.63,100.5,7.8025
21324.63,100.5,7.8025
21325.64,101.5,7.8025
21326.65,100.5,7.8025
21327.65,100.5,7.8025
21328.66,101.5,7.8025
21329.66,100.5,7.8025
21330.67,128.4,7.8031
21331.67,102.6,7.8031
21332.68,100.5,7.8031
21333.68,100.5,7.8031
21334.68,0.0,2.5027
21335.69,332.8,2.7898
21336.7,348.5,2.9341
21337.7,338.2,3.2203
21338.71,329.3,3.491
21339.71,308.3,3.7628
21340.72,306.6,3.9936
21341.72,302.4,4.2175
21342.73,303.4,4.4255
21343.73,303.4,4.6072
21344.74,301.3,4.7933
21345.74,284.4,2.3737
21346.75,2.0,2.6381
21347.75,323.1,2.8516
21348.75,359.3,3.1121
21349.76,327.3,3.3757
21350.76,312.3,3.6433
21351.77,311.4,3.8906
21352.78,300.4,4.1214
21353.78,305.4,4.3261
21354.79,303.4,4.5182
21355.79,305.6,4.6997
21356.8,305.3,4.8724
21357.8,2.0,2.482
21358.8,321.1,2.6748
21359.81,352.1,2.918
21360.81,4208.4,2.5326
21361.81,338.0,2.8292
21362.82,368.1,2.9884
21363.82,347.9,3.2821
21364.82,324.3,3.5624
21365.83,311.3,3.8482
21366.83,309.5,4.1041
21367.84,302.4,4.3494
21368.84,303.4,4.5799
21369.85,302.4,4.7923
21370.86,305.4,2.3759
21371.86,3.0,2.6365
21372.86,335.1,2.8605
21373.87,355.0,3.1573
21374.87,326.3,3.4435
21375.88,315.5,3.7523
21376.88,307.4,4.0362
21377.89,302.6,4.312
21378.89,304.4,4.5788
21379.9,302.4,4.8417
21380.9,324.6,5.1712
21381.9,257.9,5.5459
21382.91,186.1,5.9552
21383.91,115.4,6.3808
21384.92,105.5,6.8312
21385.92,99.5,7.2822
21386.93,137.3,7.5335
21387.94,114.4,7.5337
21388.94,101.5,7.5337
21389.95,101.5,7.5337
21390.95,100.5,7.5337
21391.96,101.5,7.6337
21392.96,100.5,7.6339
21393.97,100.5,7.6339
21394.97,102.5,7.6339
21395.98,100.5,7.6339
21396.98,123.3,7.7918
21397.99,102.5,7.7918
21398.99,151.2,7.7924
21400.0,115.4,7.7926
21401.0,101.5,7.7926
21402.01,123.4,7.7928
21403.01,103.5,7.7932
21404.02,102.5,7.7932
21405.02,100.5,7.7934
21406.03,123.4,7.794
21407.03,99.5,7.794
21408.04,101.5,7.794
21409.04,100.5,7.794
21410.05,99.5,7.794
21411.05,101.5,7.7941
21412.06,121.5,7.7942
21413.06,100.5,7.7942
21414.07,102.5,7.7942
21415.07,119.3,7.7947
21416.08,100.5,7.7947
21417.09,100.5,7.7947
21418.09,101.5,7.7947
21419.1,99.5,7.7947
21420.1,100.4,7.7947
21421.11,100.5,7.7947
21422.11,99.5,7.7947
21423.11,101.7,7.7947
21424.12,118.4,7.7948
21425.13,100.5,7.7948
21426.13,101.5,7.7948
21427.13,100.7,7.7948
21428.14,101.5,7.7948
21429.14,100.7,7.7948
21430.15,101.5,7.7948
21431.15,99.5,7.7948
21432.16,100.5,7.7948
21433.16,123.3,7.9045
21434.17,101.5,7.9045
21435.18,100.2,7.9045
21436.18,100.5,7.9045
21437.19,100.5,7.9045
21438.19,101.5,7.9045
21439.2,100.5,7.9045
21440.2,99.5,7.9045
21441.21,102.5,7.9045
21442.21,99.5,7.9045
21443.22,100.5,8.1686
21444.22,102.6,8.6166
21445.23,100.5,9.0047
21446.23,143.2,9.2092
21447.24,101.5,9.2092
21448.24,101.5,9.2095
21449.25,99.5,9.2095
21450.25,101.5,9.2095
21451.26,99.5,9.2095
21452.26,99.5,9.2095
21453.27,100.5,9.2095
21454.28,101.5,9.2095
21455.28,100.5,9.2095
21456.29,100.5,9.2095
21457.29,101.6,9.2101
21458.29,100.5,9.2101
21459.3,100.5,9.2101
21460.31,101.5,9.2101
21461.31,100.6,9.2101
21462.31,101.6,9.2101
21463.32,100.5,9.2101
21464.32,101.5,9.2101
21465.33,99.5,9.2101
21466.34,100.4,9.2101
21467.34,100.5,9.2101
21468.35,101.5,9.2101
21469.35,100.5,9.2101
21470.36,99.5,9.2101
21471.36,100.5,9.2101
21472.37,100.6,9.2101
21473.37,101.5,9.2104
21474.38,99.5,9.2104
21475.38,101.5,9.2104
21476.39,101.5,9.2104
21477.39,101.5,9.2104
21478.4,100.5,9.2104
21479.4,100.5,9.2104
21480.41,100.5,9.2105
21481.41,101.5,9.2105
21482.42,100.6,9.2105
21483.42,100.5,9.2105
21484.43,101.5,9.2105
21485.43,100.5,9.2105
21486.44,99.5,9.2105
21487.44,101.5,9.2105
21488.45,102.5,9.2105
21489.45,100.5,9.2107
21490.46,101.5,9.2107
21491.47,101.5,9.2107
21492.47,100.5,9.2108
21493.48,99.5,9.2108
21494.48,100.5,9.2108
21495.49,101.5,9.2108
21496.49,99.5,9.2108
21497.5,99.5,9.211
21498.5,101.5,9.211
21499.51,100.5,9.211
21500.51,101.5,9.211
21501.52,99.5,9.211
21502.52,102.5,9.211
21503.53,100.5,9.2111
21504.53,100.5,9.2111
21505.54,99.6,9.2111
21506.54,101.5,9.2111
21507.55,103.5,9.2111
21508.55,100.5,9.2111
21509.56,99.5,9.2111
21510.56,99.5,9.2111
21511.57,101.5,9.2111
21512.58,101.5,9.2111
21513.58,99.5,9.2111
21514.59,100.5,9.2111
21515.59,102.5,9.2114
21516.6,101.5,9.2114
21517.6,100.5,9.2114
21518.61,100.5,9.2114
21519.61,101.5,9.2114
21520.62,99.5,9.2114
21521.62,101.5,9.2114
21522.63,99.5,9.2114
21523.63,101.5,9.2114
21524.64,101.5,9.2114
21525.64,99.5,9.2114
21526.65,101.5,9.2114
21527.66,99.5,9.2114
21528.66,101.5,9.2114
21529.67,101.5,9.2114
21530.67,100.5,9.2114
21531.68,100.5,9.2114
21532.68,101.5,9.2114
21533.69,99.5,9.2114
21534.69,101.5,9.2114
21535.7,99.5,9.2114
21536.7,101.5,9.2114
21537.71,99.5,9.2114
21538.71,99.5,9.2114
21539.72,102.5,9.2114
21540.72,100.5,9.2114
21541.73,101.5,9.2114
21542.73,100.5,9.2119
21543.74,100.5,9.2119
21544.74,101.5,9.2119
21545.75,100.5,9.2119
21546.76,99.5,9.2119
21547.76,100.5,9.2119
21548.77,100.5,9.2119
21549.77,100.5,9.2119
21550.78,99.5,9.2119
21551.78,100.5,9.2119
21552.79,102.5,9.2119
21553.79,100.5,9.2119
21554.8,101.5,9.2119
21555.8,99.6,9.2119
21556.81,101.5,9.2119
21557.81,100.5,9.2119
21558.82,99.5,9.2119
21559.82,100.6,9.2119
21560.83,100.5,9.2119
21561.83,100.5,9.2119
21562.84,100.5,9.2119
21563.84,101.5,9.2119
21564.85,100.5,9.2119
21565.85,101.5,9.2119
21566.86,99.6,9.2119
21567.86,100.5,9.2119
21568.87,100.5,9.2119
21569.87,101.5,9.2119
21570.88,101.6,9.2119
21571.88,100.5,9.212
21572.89,100.5,9.212
21573.89,100.5,9.212
21574.9,101.5,9.2123
21575.9,99.5,9.2123
21576.91,100.5,9.2123
21577.92,101.5,9.2123
21578.92,100.5,9.2123
21579.93,100.5,9.2123
21580.93,101.5,9.2123
21581.94,99.5,9.2123
21582.94,102.5,9.2125
21583.95,99.5,9.2125
21584.95,99.5,9.2125
21585.96,100.5,9.2125
21586.96,100.5,9.2125
21587.97,101.5,9.2127
21588.97,100.5,9.2127
21589.98,101.5,9.2127
21590.98,100.5,9.2127
21591.99,101.5,9.2127
21593.0,99.5,9.2127
21594.0,100.6,9.2127
21595.0,101.5,9.2127
21596.01,100.5,9.2127
21597.02,99.5,9.2127
21598.02,101.5,9.2127
21599.03,101.5,9.2127
21600.03,99.5,9.2127
21601.04,100.5,9.2127
21602.04,100.5,9.2127
21603.05,102.5,9.2127
21604.05,99.5,9.2127
21605.06,99.5,9.2127
21606.06,102.5,9.2127
21607.07,99.5,9.2127
21608.07,99.5,9.2127
21609.08,101.5,9.2127
21610.08,100.5,9.2127
21611.09,101.5,9.2127
21612.09,100.5,9.2127
21613.1,100.5,9.2127
21614.1,100.7,9.2127
21615.11,100.5,9.2127
21616.11,101.5,9.2127
21617.12,100.5,9.2127
21618.12,101.5,9.2127
21619.13,99.5,9.2127
21620.13,99.5,9.2127
21621.14,102.5,9.2127
21622.14,100.5,9.2127
21623.15,100.5,9.213
21624.15,101.5,9.213
21625.16,100.5,9.213
21626.16,99.5,9.213
21627.17,101.5,9.213
21628.17,102.5,9.213
21629.18,99.5,9.2137
21630.19,101.5,9.2137
21631.19,100.5,9.2138
21632.2,99.5,9.2138
21633.2,101.5,9.214
21634.21,99.6,9.214
21635.21,103.5,9.214
21636.22,100.5,9.214
21637.22,100.5,9.214
21638.23,100.6,9.214
21639.23,100.5,9.214
21640.24,100.5,9.214
21641.24,101.5,9.214
21642.25,100.5,9.214
21643.25,100.5,9.214
21644.26,99.5,9.214
21645.26,101.5,9.214
21646.27,100.5,9.214
21647.27,100.5,9.214
21648.28,101.5,9.214
21649.28,100.5,9.214
21650.29,100.5,9.214
21651.3,100.3,9.214
21652.3,99.5,9.214
21653.31,101.5,9.2397
21654.31,102.5,9.2397
21655.32,99.5,9.2399
21656.32,99.6,9.2399
21657.33,101.5,9.2399
21658.33,102.5,9.2399
21659.34,99.5,9.2399
21660.34,101.5,9.2401
21661.35,100.5,9.2401
21662.35,99.5,9.2401
21663.36,100.5,9.2401
21664.36,100.5,9.2401
21665.37,101.5,9.2403
21666.37,101.5,9.2403
21667.38,100.5,9.2403
21668.38,100.5,9.2403
21669.39,99.5,9.2403
21670.39,102.5,9.2403
21671.4,101.5,2.4892
21672.4,313.4,2.7112
21673.41,328.5,2.8495
21674.41,349.4,3.0939
21675.42,328.5,3.3582
21676.42,12.9,2.5487
21677.43,302.2,2.6998
21678.43,2.0,2.6277
21679.43,301.2,2.7605
21680.44,1.0,2.6931
21681.44,1.0,2.5366
21682.44,318.6,2.7153
21683.45,1.0,2.5225
21684.45,302.5,2.691
21685.46,329.0,2.4232
21686.46,2812.6,2.6976
21687.47,1.0,2.5199
21688.47,300.4,2.7012
21689.48,328.4,2.4234
21690.48,2116.3,2.6839
21691.48,320.0,2.7923
21692.49,2.0,2.6343
21693.49,314.0,2.7726
21694.49,2.0,2.5888
21695.5,320.0,2.7427
21696.5,1.0,2.5911
21697.5,295.1,2.7256
21698.51,0.0,2.5999
21699.51,324.4,2.7544
21700.51,332.9,2.9986
21701.51,1.0,2.5941
21702.52,310.1,2.7383
21703.52,0.0,2.5173
21704.53,308.4,2.699
21705.53,333.2,2.8114
21706.53,2.0,2.6547
21707.54,324.2,2.7756
21708.54,3.0,2.5202
21709.54,301.1,2.6913
21710.55,336.0,2.8161
21711.55,1.0,2.6185
21712.55,318.3,2.7574
21713.56,266.6,3.0176
21714.56,0.0,2.6082
21715.56,321.0,2.7485
21716.57,1.0,2.4481
21717.57,287.6,2.6929
21718.58,336.8,2.8002
21719.58,0.0,2.5502
21720.58,327.2,2.7108
21721.59,347.2,2.8855
21722.59,1554.3,2.5364
21723.6,306.6,2.7126
21724.6,356.9,2.8738
21725.6,1.0,2.6191
21726.61,315.1,2.7546
21727.61,0.0,2.5349
21728.62,319.0,2.6956
21729.62,343.5,2.8398
21730.62,3.0,2.5678
21731.63,332.4,2.7179
21732.63,342.9,2.9374
21733.63,2.0,2.6092
21734.64,324.3,2.7467
21735.64,352.8,2.9612
21736.64,247.7,3.0647
21737.65,139.3,3.1492
21738.65,2.0,2.5723
21739.66,317.2,2.7234
21740.66,323.3,2.914
21741.67,3.0,2.6433
21742.67,330.9,2.7734
21743.67,1.0,2.5762
21744.67,303.1,2.7206
21745.68,1.0,2.5332
21746.69,299.4,2.6953
21747.69,344.2,2.8432
21748.69,0.0,2.5382
21749.7,304.2,2.693
21750.7,1.0,2.5783
21751.7,1.0,2.5328
21752.71,286.6,2.6908
21753.71,343.2,2.8486
21754.72,1.0,2.5284
21755.72,315.4,2.7159
21756.73,344.6,2.8424
21757.73,325.3,3.0773
21758.74,2.0,2.5304
21759.74,298.5,2.7095
21760.75,349.2,2.8586
21761.75,340.1,3.0803
21762.76,1458.6,2.5376
21763.76,312.0,2.6949
21764.77,351.6,2.8453
21765.77,2.0,2.5512
21766.77,322.7,2.7215
21767.77,351.9,2.8914
21768.78,287.5,2.4292
21769.78,4.0,2.6887
21770.79,318.7,2.7995
21771.79,333.2,3.0465
21772.8,4.0,2.5331
21773.8,320.5,2.7278
21774.81,351.4,2.856
21775.81,327.3,3.1317
21776.82,329.3,3.3843
21777.82,0.0,2.6234
21778.82,299.1,2.7735
21779.83,351.6,3.0276
21780.83,329.7,3.2807
21781.83,0.0,2.5914
21782.84,312.4,2.7579
21783.84,332.3,2.9769
21784.85,172.1,3.2134
21785.85,103.4,3.2814
21786.85,133.6,3.333
21787.86,119.4,3.3978
21788.86,115.4,3.4534
21789.87,3.0,2.5355
21790.87,287.6,2.7047
21791.88,353.9,2.8533
21792.88,269.7,3.1055
21793.89,224.8,3.3719
21794.89,1.0,2.6025
21795.89,303.1,2.7513
21796.9,352.5,3.0351
21797.9,3.0,2.5442
21798.91,324.0,2.7243
21799.91,327.8,2.4319
21800.91,1438.8,2.7183
21801.92,326.3,2.432
21802.92,2.0,2.6802
21803.93,292.1,2.7807
21804.93,2.0,2.635
21805.93,328.2,2.7732
21806.94,0.0,2.6839
21807.94,347.0,2.8258
21808.95,2.0,2.6929
21809.95,318.0,2.7911
21810.95,2.0,2.6076
21811.95,304.1,2.7443
21812.96,0.0,2.5678
21813.96,355.0,2.7542
21814.97,1444.9,2.5594
21815.97,318.1,2.7122
21816.97,2.0,2.5422
21817.98,314.0,2.721
21818.98,355.9,2.9251
21819.98,2.0,2.6208
21820.99,1.0,2.5245
21821.99,290.5,2.6978
21823.0,2.0,2.5486
21824.0,326.9,2.7337
21825.0,4.0,2.5917
21826.01,334.0,2.7947
21827.01,2.0,2.5235
21828.01,304.0,2.7293
21829.02,347.2,2.8615
21830.02,1.0,2.5857
21831.02,347.9,2.7913
21832.03,1.0,2.4817
21833.03,287.4,2.7051
21834.04,309.0,2.8218
21835.04,1149.2,2.5703
21836.05,341.1,2.8586
21837.05,309.3,3.1765
21838.06,290.3,3.4104
21839.06,367.5,3.6047
21840.06,335.4,3.8918
21841.07,315.3,4.1392
21842.08,309.4,4.4013
21843.08,306.6,4.6545
21844.09,305.3,4.8698
21845.09,303.3,5.0448
21846.1,303.3,5.2098
21847.1,301.8,5.3183
21848.11,212.9,5.4159
21849.11,161.1,5.5975
21850.12,117.4,5.7
21851.12,123.4,5.7554
21852.13,106.4,5.8193
21853.13,119.4,5.8887
21854.14,110.4,5.9606
21855.14,113.4,6.0398
21856.15,129.3,6.1533
21857.15,103.4,6.1957
21858.16,114.4,6.245
21859.17,137.3,6.3096
21860.17,193.1,6.3731
21861.18,174.1,6.4581
21862.18,138.3,6.4853
21863.19,100.5,6.5068
21864.19,114.4,6.5715
21865.2,137.3,6.6469
21866.2,122.4,6.6938
21867.21,105.4,6.732
21868.21,167.1,6.8166
21869.22,125.3,6.8703
21870.22,100.5,6.8921
21871.23,117.5,6.9371
21872.23,101.5,7.0
21873.24,107.4,7.0452
21874.24,103.4,7.1136
21875.25,99.5,7.1595
21876.25,116.4,7.2315
21877.26,107.4,7.2965
21878.26,101.5,7.3473
21879.27,131.3,7.402
21880.27,189.2,7.7813
21881.28,133.3,7.787
21882.28,106.4,7.787
21883.29,104.5,7.8398
21884.3,99.5,7.8767
21885.3,101.5,7.887
21886.31,100.5,7.887
21887.31,100.6,7.887
21888.32,104.4,7.887
21889.32,115.5,7.887
21890.33,100.4,7.887
21891.33,104.5,7.887
21892.34,100.5,7.887
21893.34,113.4,7.887
21894.35,123.4,7.887
21895.35,140.4,7.887
21896.36,153.2,7.887
21897.36,107.4,7.887
21898.37,101.5,7.887
21899.37,143.2,7.887
21900.38,102.5,7.887
21901.38,100.4,7.887
21902.39,109.4,7.887
21903.39,100.5,7.887
21904.4,100.4,7.887
21905.4,100.5,7.887
21906.41,107.4,7.887
21907.42,102.4,7.887
21908.42,109.5,7.887
21909.43,102.5,7.887
21910.43,100.5,7.887
21911.44,100.5,7.887
21912.44,101.5,7.8873
21913.45,99.5,7.8875
21914.45,99.5,7.8878
21915.46,102.5,7.8878
21916.46,100.5,7.8878
21917.47,100.5,7.8878
21918.47,104.4,7.8878
21919.48,104.4,7.8878
21920.48,100.5,7.8878
21921.49,109.4,7.8878
21922.5,100.4,7.8878
21923.5,105.4,7.8878
21924.51,102.5,7.8878
21925.51,99.5,7.8878
21926.52,134.3,7.8878
21927.52,100.5,7.8878
21928.53,100.5,7.8878
21929.53,106.4,7.8878
21930.54,101.5,7.8878
21931.54,117.4,7.8878
21932.55,100.5,7.8878
21933.55,100.5,7.8878
21934.56,103.4,7.8878
21935.56,105.4,7.8878
21936.57,100.5,7.8878
21937.58,102.5,7.8878
21938.58,101.5,7.8878
21939.59,102.5,7.8878
21940.59,102.5,7.8878
21941.6,103.4,7.8878
21942.6,100.5,7.8878
21943.61,100.5,7.8878
21944.61,138.2,7.8878
21945.62,99.5,7.8878
21946.62,102.5,7.8878
21947.63,100.5,7.8878
21948.63,101.5,7.8878
21949.64,102.4,7.8889
21950.64,101.5,7.9148
21951.65,105.4,7.94
21952.65,117.5,7.9692
21953.66,100.5,7.9878
21954.66,106.4,7.9878
21955.67,101.5,7.9878
21956.67,100.5,7.9878
21957.68,99.5,7.9881
21958.69,101.5,7.9881
21959.69,101.5,7.9881
21960.69,99.5,7.9881
21961.7,101.5,7.9881
21962.71,100.5,7.9881
21963.71,100.5,7.9881
21964.72,103.5,7.9881
21965.72,101.5,7.9881
21966.73,99.5,7.9883
21967.73,102.5,7.9883
21968.74,105.4,7.9883
21969.74,99.5,7.9883
21970.75,104.4,7.9883
21971.75,99.4,7.9883
21972.76,100.5,7.9883
21973.76,103.5,7.9883
21974.77,141.3,7.9883
21975.77,108.5,7.9883
21976.78,99.6,7.9883
21977.78,99.5,7.9883
21978.79,101.5,7.9883
21979.79,101.5,7.9883
21980.8,100.4,7.9883
21981.8,101.5,7.9883
21982.81,102.5,7.9886
21983.82,100.5,7.9886
21984.82,101.5,7.9886
21985.83,102.5,7.9886
21986.83,100.5,7.9886
21987.84,100.5,7.9886
21988.84,102.5,7.9886
21989.85,103.4,7.9886
21990.85,100.5,7.9886
21991.86,100.5,7.9886
21992.86,102.5,7.9886
21993.87,99.5,7.9886
21994.87,100.5,7.9886
21995.88,101.5,7.9886
21996.88,101.5,7.9886
21997.89,99.5,7.9886
21998.89,100.5,7.9888
21999.9,100.5,7.9888
22000.91,101.4,7.9888
22001.91,102.5,7.9888
22002.92,99.4,7.9891
22003.92,100.5,7.9891
22004.93,102.5,7.9891
22005.93,100.5,7.9891
22006.94,104.5,7.9891
22007.94,101.5,7.9891
22008.95,101.5,7.9891
22009.95,100.5,7.9891
22010.96,104.4,7.9891
22011.96,102.5,7.9891
22012.97,99.5,7.9891
22013.97,101.5,7.9891
22014.98,100.5,7.9891
22015.98,106.4,7.9891
22016.99,102.5,7.9891
22018.0,101.5,7.9891
22019.0,99.5,7.9891
22020.0,205.3,8.3912
22021.01,145.2,8.4138
22022.01,116.4,8.4138
22023.02,101.5,8.4138
22024.02,99.5,8.4138
22025.03,100.5,8.4138
22026.03,101.5,8.4138
22027.04,101.5,8.4138
22028.05,100.5,8.4138
22029.05,100.5,8.4138
22030.06,102.5,8.4138
22031.06,101.5,8.4138
22032.07,101.5,8.4138
22033.07,136.3,8.4138
22034.08,100.5,8.4138
22035.08,102.4,8.4138
22036.09,101.5,8.4138
22037.09,101.5,8.4138
22038.1,100.5,8.4138
22039.1,100.5,8.4138
22040.11,100.5,8.4138
22041.11,115.4,8.4138
22042.12,99.5,8.4138
22043.12,102.5,8.4138
22044.13,99.5,8.4138
22045.13,100.5,8.4138
22046.14,100.5,8.4138
22047.14,101.5,8.4138
22048.15,99.5,8.4141
22049.16,100.5,8.4141
22050.16,167.1,8.4142
22051.17,193.0,8.4145
22052.17,165.2,8.4145
22053.18,101.5,8.4148
22054.18,151.2,8.4148
22055.19,103.5,8.4148
22056.19,104.5,8.4148
22057.2,125.4,8.4148
22058.2,113.4,8.4148
22059.21,183.1,8.4678
22060.21,100.5,8.4678
22061.22,100.6,8.4678
22062.22,101.6,8.4678
22063.22,99.5,8.4678
22064.23,101.5,8.4678
22065.23,99.6,8.4678
22066.24,101.6,8.4678
22067.24,171.2,8.4683
22068.25,99.5,8.4683
22069.25,100.5,8.4683
22070.26,99.5,8.4683
22071.26,102.5,8.4683
22072.27,112.4,8.4683
22073.27,113.5,8.4683
22074.28,101.5,8.4683
22075.28,136.6,8.4683
22076.29,135.3,8.4708
22077.29,100.5,8.4708
22078.3,100.5,8.4708
22079.3,100.5,8.4708
22080.31,100.6,8.4708
22081.31,101.5,8.4708
22082.31,99.7,8.4708
22083.32,101.6,8.4708
22084.32,183.0,8.8565
22085.33,102.5,8.8565
22086.33,100.5,8.8565
22087.34,100.5,8.8565
22088.34,99.5,8.8565
22089.35,103.5,8.8565
22090.35,100.5,8.8565
22091.36,99.5,8.8565
22092.36,102.5,8.8567
22093.37,99.5,9.104
22094.37,253.7,9.6703
22095.38,100.5,9.6703
22096.38,103.5,9.6703
22097.39,102.5,9.6703
22098.39,101.5,9.6703
22099.4,101.5,9.6703
22100.41,99.5,9.6703
22101.41,101.5,9.6703
22102.42,100.5,9.6704
22103.42,113.4,9.6916
22104.43,99.5,9.6916
22105.43,102.5,9.6916
22106.44,101.5,9.6916
22107.44,100.5,9.6916
22108.45,99.5,9.6916
22109.45,100.5,9.6916
22110.46,100.5,9.6916
22111.46,100.5,9.6916
22112.47,104.5,9.6918
22113.47,102.5,9.6918
22114.48,99.5,9.6918
22115.48,101.5,9.6918
22116.49,99.5,9.6918
22117.49,100.5,9.6918
22118.5,101.5,9.6918
22119.5,101.5,9.6918
22120.51,100.5,9.6918
22121.51,100.5,9.6918
22122.52,101.5,9.6918
22123.52,100.5,9.692
22124.53,99.5,9.692
22125.53,100.5,9.692
22126.54,100.5,9.692
22127.54,101.5,9.692
22128.55,99.5,9.692
22129.55,101.5,9.6922
22130.56,101.5,9.6922
22131.57,100.4,9.6922
22132.57,101.5,9.6922
22133.58,100.5,9.6922
22134.58,100.5,9.6922
22135.58,2.0,2.6898
22136.59,323.1,2.8414
22137.59,351.6,3.1634
22138.6,201.0,3.5092
22139.6,185.0,3.6802
22140.61,261.6,3.8343
22141.61,227.8,3.9364
22142.62,172.1,4.0044
22143.62,107.5,4.0636
22144.63,105.5,4.1166
22145.63,104.5,4.1121
22146.64,104.5,4.1629
22147.64,99.5,4.2133
22148.65,103.5,4.2633
22149.65,101.5,4.3021
22150.66,157.2,4.348
22151.66,200.0,4.3871
22152.67,228.8,4.4365
22153.67,282.5,4.5098
22154.68,113.4,4.5449
22155.68,100.5,4.5598
22156.69,100.5,4.5932
22157.69,101.5,4.6213
22158.7,99.6,4.6528
22159.7,101.5,4.6831
22160.71,99.5,4.7125
22161.71,102.5,4.7419
22162.72,101.5,4.7691
22163.72,101.5,4.7993
22164.73,100.5,4.8169
22165.73,118.4,4.8379
22166.74,3.0,2.6467
22167.74,342.9,2.8378
22168.75,0.0,2.6037
22169.75,332.0,2.7923
22170.75,1464.8,2.5436
22171.76,307.0,2.7203
22172.76,2.0,2.5432
22173.76,302.0,2.7237
22174.77,1.0,2.5023
22175.77,284.8,2.7062
22176.78,3.0,2.447
22177.78,282.2,2.7176
22178.78,344.0,2.8262
22179.79,337.3,3.0539
22180.79,326.3,3.2761
22181.8,226.9,3.4171
22182.8,126.3,3.5192
22183.81,131.3,3.6901
22184.81,104.5,3.7903
22185.82,167.6,3.8462
22186.82,167.2,3.9024
22187.82,3592.7,2.5791
22188.83,343.9,2.7584
22189.83,358.2,2.9766
22190.84,333.2,3.2635
22191.84,268.3,3.5906
22192.84,174.1,3.993
22193.85,146.3,4.4059
22194.85,118.4,4.809
22195.86,3.0,2.5538
22196.86,301.9,2.7321
22197.87,338.6,2.8665
22198.87,327.7,3.0952
22199.88,325.3,3.3207
22200.88,307.6,3.5647
22201.89,255.6,3.8367
22202.89,184.2,4.2595
22203.9,140.3,4.7004
22204.9,1.0,2.5459
22205.9,290.5,2.7268
22206.91,352.9,2.922
22207.91,287.5,3.2446
22208.92,135.3,3.4758
22209.92,149.2,3.8712
22210.93,195.0,4.1502
22211.93,245.7,4.4254
22212.94,301.3,4.8973
22213.94,208.9,5.1018
22214.95,101.5,5.2168
22215.95,100.5,5.4606
22216.96,103.4,5.8909
22217.97,101.5,6.042
22218.97,102.6,6.4738
22219.97,104.4,6.9106
22220.98,103.5,7.2779
22221.99,119.4,7.5028
22222.99,100.5,7.6548
22224.0,101.5,7.6548
22225.0,103.5,7.6548
22226.01,100.5,7.6548
22227.01,100.5,7.6549
22228.02,100.5,7.6549
22229.02,101.6,7.6549
22230.03,101.5,7.6549
22231.03,99.5,7.6549
22232.04,102.5,7.6549
22233.04,104.5,7.6551
22234.05,100.5,7.6552
22235.05,100.5,7.6552
22236.06,100.5,7.6552
22237.06,112.4,7.7478
22238.07,105.4,7.7479
22239.07,101.5,7.7479
22240.08,101.5,7.7479
22241.08,112.4,7.7479
22242.09,99.5,7.7479
22243.09,101.5,7.7479
22244.1,101.5,7.7479
22245.1,103.5,7.7479
22246.11,99.5,7.7479
22247.12,115.4,7.7479
22248.12,101.5,7.7479
22249.13,101.5,7.7479
22250.13,111.4,7.7483
22251.14,100.5,7.7483
22252.14,100.5,7.7483
22253.15,100.5,7.7483
22254.15,101.5,7.7486
22255.16,101.5,7.7486
22256.16,100.5,7.7486
22257.17,99.5,7.7486
22258.17,100.5,7.7486
22259.18,100.5,7.7486
22260.18,99.5,7.7486
22261.19,99.5,7.7486
22262.19,101.5,7.7486
22263.2,101.5,7.7486
22264.21,100.5,7.7486
22265.21,103.5,7.7486
22266.22,99.5,7.7486
22267.22,99.5,7.7486
22268.23,100.5,7.7486
22269.23,99.6,7.7486
22270.24,100.5,7.7486
22271.24,101.5,7.7486
22272.25,101.4,7.7486
22273.25,100.4,7.7489
22274.26,100.5,7.7489
22275.26,100.5,7.7489
22276.27,101.5,7.7489
22277.27,99.5,7.7489
22278.28,101.5,7.7492
22279.28,100.5,7.7492
22280.29,111.4,7.7498
22281.29,100.5,7.7498
22282.3,100.5,7.7498
22283.3,99.5,7.7498
22284.31,101.5,7.7498
22285.31,101.5,7.7498
22286.32,108.4,7.7498
22287.33,101.5,7.7498
22288.33,101.6,7.7498
22289.33,100.5,7.7498
22290.34,100.5,7.7498
22291.35,100.4,7.7498
22292.35,99.7,7.7498
22293.35,100.5,7.7498
22294.36,100.5,7.7498
22295.36,100.5,7.7498
22296.37,102.5,7.7498
22297.37,100.5,7.7498
22298.38,100.5,7.7498
22299.39,108.4,7.7499
22300.39,100.6,7.7499
22301.39,101.5,7.7499
22302.4,100.5,7.7499
22303.41,100.5,7.7499
22304.41,100.5,7.7499
22305.42,100.5,7.7499
22306.42,104.4,7.7499
22307.43,102.5,7.7499
22308.43,100.5,7.7499
22309.44,101.5,7.7499
22310.44,100.7,7.7499
22311.45,100.5,7.7499
22312.45,102.5,7.7499
22313.46,100.5,7.7499
22314.46,109.4,7.7966
22315.47,102.5,7.7966
22316.47,100.5,7.7966
22317.48,100.5,7.7966
22318.48,100.6,7.7966
22319.49,99.5,7.7966
22320.49,101.5,7.7966
22321.5,100.5,7.7966
22322.5,101.5,7.7968
22323.51,100.5,7.7968
22324.51,102.5,7.7968
22325.52,99.5,7.7968
22326.52,101.5,7.7968
22327.53,99.5,7.7968
22328.53,100.5,7.7968
22329.54,101.6,7.7968
22330.54,101.5,8.0951
22331.55,99.5,8.2602
22332.55,99.5,8.6158
22333.56,101.6,9.0552
22334.56,119.4,9.3167
22335.57,100.5,9.3167
22336.57,100.5,9.3167
22337.58,100.5,9.3167
22338.58,101.5,9.3169
22339.59,99.5,9.3169
22340.59,101.6,9.3169
22341.6,101.5,9.3169
22342.6,101.5,9.3169
22343.61,100.5,9.3169
22344.61,99.6,9.3169
22345.62,100.5,9.3169
22346.62,100.5,9.3169
22347.63,101.5,9.3169
22348.63,99.6,9.3169
22349.64,101.5,9.3169
22350.64,100.5,9.3169
22351.65,99.5,9.3169
22352.65,103.5,9.3227
22353.66,99.5,9.323
22354.67,101.5,9.323
22355.67,100.5,9.323
22356.68,101.5,9.323
22357.68,100.5,9.323
22358.69,100.5,9.323
22359.69,105.4,9.323
22360.7,101.5,9.323
22361.7,99.6,9.323
22362.71,101.5,9.323
22363.71,99.5,9.323
22364.72,103.5,9.323
22365.72,99.5,9.323
22366.72,100.7,9.323
22367.73,101.5,9.323
22368.73,100.5,9.323
22369.74,100.5,9.323
22370.75,100.5,9.323
22371.75,102.5,9.3246
22372.76,101.5,9.3248
22373.76,100.4,9.3248
22374.77,100.5,9.3248
22375.77,99.5,9.3248
22376.78,100.5,9.3248
22377.78,101.5,9.3248
22378.79,100.5,9.3248
22379.79,100.5,9.3248
22380.8,99.5,9.3248
22381.8,101.4,9.3248
22382.81,99.5,9.3248
22383.82,102.5,9.3248
22384.82,100.5,9.3248
22385.83,100.5,9.3248
22386.83,100.6,9.3248
22387.84,101.5,9.3248
22388.84,100.5,9.3248
22389.85,100.5,9.3248
22390.85,103.5,9.3294
22391.86,100.5,9.3294
22392.86,100.5,9.3294
22393.87,99.5,9.3294
22394.87,101.5,9.3294
22395.88,99.5,9.3294
22396.88,100.6,9.3294
22397.89,102.5,9.3294
22398.89,99.5,9.3294
22399.9,100.5,9.3294
22400.9,100.5,9.3294
22401.91,101.6,9.3294
22402.91,100.5,9.3294
22403.92,100.5,9.3294
22404.92,100.5,9.3294
22405.93,99.5,9.3294
22406.93,102.5,9.3294
22407.94,99.5,9.3294
22408.94,100.5,9.3294
22409.95,99.5,9.3294
22410.95,103.5,9.3317
22411.96,102.5,9.3317
22412.96,100.6,9.3317
22413.97,99.6,9.3317
22414.97,99.5,9.3317
22415.98,101.5,9.3317
22416.98,100.5,9.3317
22417.99,99.6,9.332
22418.99,101.5,9.332
22420.0,99.2,9.332
22421.0,100.5,9.332
22422.01,100.5,9.332
22423.01,99.7,9.3325
22424.02,102.6,9.3325
22425.02,100.2,9.3325
22426.03,99.5,9.3325
22427.03,103.5,9.3325
22428.04,101.7,9.3325
22429.04,99.6,9.3325
22430.04,99.7,9.3325
22431.05,101.5,9.335
22432.05,100.5,9.335
22433.06,100.5,9.335
22434.07,101.5,9.335
22435.07,99.8,9.335
22436.07,100.5,9.335
22437.08,99.5,9.335
22438.08,100.5,9.335
22439.09,101.5,9.335
22440.09,101.5,9.335
22441.1,100.6,9.335
22442.1,100.5,9.335
22443.11,101.6,9.335
22444.11,99.5,9.335
22445.12,100.5,9.335
22446.12,99.5,9.335
22447.13,101.5,9.335
22448.13,100.5,9.335
22449.14,100.5,9.335
22450.14,99.5,9.335
22451.15,102.5,9.335
22452.15,99.7,9.335
22453.15,101.5,9.335
22454.16,101.5,9.335
22455.17,99.5,9.335
22456.17,100.5,9.335
22457.18,100.5,9.335
22458.18,102.5,9.336
22459.19,100.6,9.336
22460.19,101.5,9.336
22461.2,99.5,9.336
22462.2,101.5,9.336
22463.21,100.5,9.3363
22464.21,99.5,9.3363
22465.22,101.5,9.3363
22466.22,99.6,9.3363
22467.23,100.5,9.3363
22468.23,101.6,9.3363
22469.24,100.5,9.3363
22470.24,99.6,9.3363
22471.24,103.5,9.3363
22472.25,101.5,9.3363
22473.25,100.5,9.3363
22474.26,101.4,9.3363
22475.27,99.5,9.3363
22476.27,100.5,9.3363
22477.28,101.5,9.3363
22478.28,99.5,9.3363
22479.29,106.6,9.3363
22480.29,99.5,9.3363
22481.3,101.5,9.3363
22482.3,99.5,9.3363
22483.31,101.5,9.3363
22484.31,101.6,9.3363
22485.32,99.5,9.3363
22486.32,100.5,9.3363
22487.33,101.5,9.3374
22488.33,99.5,9.3374
22489.34,100.5,9.3374
22490.35,100.2,9.3374
22491.35,100.5,9.3374
22492.36,100.5,9.3374
22493.36,101.5,9.3376
22494.37,100.5,9.3376
22495.37,101.5,9.3376
22496.38,99.5,9.3376
22497.38,101.5,9.3376
22498.39,99.5,9.3376
22499.39,101.5,9.3376
22500.4,101.5,9.3376
22501.4,100.5,9.3376
22502.41,100.5,9.3376
22503.41,99.5,9.3376
22504.42,101.5,9.3376
22505.42,3207.8,2.6017
22506.43,358.9,2.7959
22507.43,2.0,2.5654
22508.43,309.3,2.746
22509.44,354.4,2.8995
22510.44,3.0,2.5738
22511.45,330.2,2.8722
22512.45,305.3,3.2068
22513.46,300.3,3.5842
22514.46,144.2,3.9746
22515.47,119.4,4.334
22516.47,209.3,4.7809
22517.48,307.3,4.9572
22518.48,346.1,5.1397
22519.48,318.8,5.341
22520.49,316.4,5.5963
22521.5,308.3,5.8352
22522.5,311.5,6.0747
22523.51,307.3,6.3179
22524.51,301.3,6.5827
22525.52,300.4,6.8548
22526.52,304.3,7.1043
22527.53,302.1,7.3274
22528.53,304.7,7.5215
22529.54,329.2,8.3187
22530.54,292.5,8.3696
22531.55,241.7,8.37
22532.55,244.7,8.3708
22533.56,171.1,8.3711
22534.56,165.1,8.3711
22535.57,143.2,8.364
22536.57,145.2,8.364
22537.58,112.5,8.364
22538.58,110.4,8.364
22539.59,124.3,8.364
22540.59,126.3,8.364
22541.6,116.4,8.364
22542.6,118.4,8.3643
22543.61,186.0,8.3643
22544.62,158.1,8.3643
22545.62,134.3,8.3643
22546.63,100.5,8.3643
22547.63,122.3,8.3643
22548.64,100.5,8.3643
22549.64,102.5,8.3643
22550.65,100.5,8.3643
22551.65,101.5,8.3643
22552.66,105.5,8.3643
22553.66,101.5,8.3643
22554.67,113.4,8.3643
22555.67,103.4,8.3643
22556.68,108.5,8.3643
22557.68,113.6,8.3645
22558.69,107.4,8.3645
22559.69,100.5,8.3645
22560.7,105.5,8.3645
22561.7,113.4,8.3645
22562.71,110.4,8.3645
22563.71,113.4,8.3645
22564.72,101.4,8.3645
22565.72,101.5,8.3646
22566.73,101.5,8.3646
22567.74,101.5,8.3646
22568.74,99.5,8.3646
22569.75,102.5,8.3646
22570.75,114.4,8.3646
22571.76,120.4,8.3646
22572.76,235.2,9.017
22573.76,129.3,9.182
22574.77,101.5,9.1822
22575.78,100.5,9.1822
22576.78,103.4,9.1822
22577.79,101.4,9.1822
22578.79,111.4,9.1822
22579.8,103.4,9.1822
22580.8,101.5,9.1822
22581.81,100.5,9.1822
22582.81,100.5,9.1822
22583.82,100.5,9.1822
22584.82,101.5,9.1822
22585.83,101.5,9.1822
22586.83,99.5,9.1822
22587.84,100.5,9.1822
22588.85,101.5,9.1822
22589.85,111.4,9.1822
22590.86,102.5,9.1822
22591.86,100.5,9.1822
22592.87,106.4,9.1822
22593.87,101.5,9.1825
22594.88,114.4,9.1825
22595.88,100.5,9.1825
22596.89,100.5,9.1825
22597.89,100.5,9.1825
22598.9,101.5,9.1825
22599.9,100.5,9.1825
22600.91,102.5,9.1825
22601.92,99.5,9.1825
22602.92,99.5,9.1827
22603.93,102.5,9.1827
22604.93,102.5,9.1827
22605.94,99.5,9.1827
22606.94,106.4,9.1827
22607.95,101.5,9.1827
22608.95,104.4,9.1827
22609.96,101.5,9.1827
22610.96,101.5,9.1827
22611.97,99.5,9.1827
22612.97,100.5,9.1827
22613.98,101.5,9.1827
22614.98,101.5,9.1827
22615.99,100.5,9.1827
22616.99,101.5,9.1827
22618.0,99.5,9.1827
22619.01,138.3,9.1827
22620.01,160.3,9.1827
22621.02,109.4,9.1827
22622.02,100.5,9.1827
22623.03,101.5,9.1827
22624.03,100.6,9.1827
22625.03,102.5,9.1827
22626.04,101.5,9.1827
22627.05,102.5,9.1827
22628.05,101.5,9.1827
22629.06,102.5,9.1827
22630.06,111.4,9.1827
22631.07,100.5,9.1827
22632.07,103.5,9.1827
22633.08,101.5,9.1827
22634.08,103.5,9.1827
22635.09,111.4,9.1827
22636.09,100.5,9.1827
22637.1,101.4,9.1827
22638.1,100.5,9.1827
22639.11,102.5,9.1827
22640.12,105.4,9.1827
22641.12,101.5,9.1827
22642.13,103.5,9.1827
22643.13,99.5,9.183
22644.14,100.5,9.183
22645.14,101.5,9.183
22646.15,100.5,9.183
22647.15,100.5,9.183
22648.16,101.5,9.1832
22649.16,102.5,9.1832
22650.17,99.5,9.1832
22651.17,102.5,9.1832
22652.18,111.4,9.1832
22653.18,158.1,9.1881
22654.19,169.1,9.1905
22655.19,102.5,9.1905
22656.2,99.5,9.1831
22657.2,100.6,9.1831
22658.21,100.5,9.1831
22659.21,101.5,9.1831
22660.22,105.5,9.1832
22661.22,101.5,9.1832
22662.23,100.5,9.1832
22663.23,100.5,9.1832
22664.24,99.5,9.1832
22665.25,107.4,9.1832
22666.25,102.5,9.1832
22667.26,100.5,9.1832
22668.26,99.4,9.1832
22669.27,100.5,9.1832
22670.27,100.6,9.1832
22671.28,99.5,9.1832
22672.28,101.5,9.1832
22673.29,99.5,9.1832
22674.29,101.5,9.1832
22675.3,100.5,9.1832
22676.3,100.5,9.1832
22677.31,100.5,9.1832
22678.31,100.5,9.1834
22679.32,99.5,9.1834
22680.32,116.4,9.1834
22681.33,102.5,9.1834
22682.34,99.5,9.1834
22683.34,100.5,9.1834
22684.35,101.5,9.1834
22685.35,104.4,9.1834
22686.36,101.5,9.1834
22687.36,100.5,9.1834
22688.37,100.5,9.1834
22689.37,157.5,9.1838
22690.38,220.8,9.2836
22691.38,100.5,9.2836
22692.39,103.4,9.2837
22693.39,99.5,9.2837
22694.4,101.5,9.2837
22695.4,100.5,9.2837
22696.41,102.5,9.2837
22697.41,100.5,9.2837
22698.42,100.5,9.2837
22699.42,102.5,9.2837
22700.43,100.5,9.2837
22701.43,100.5,9.2837
22702.44,100.5,9.2837
22703.44,101.5,9.2837
22704.45,100.5,9.2837
22705.45,100.5,9.2837
22706.46,99.5,9.2837
22707.47,100.5,9.2837
22708.47,103.5,9.2837
22709.48,101.5,9.2837
22710.48,101.5,9.2837
22711.49,99.5,9.2837
22712.49,100.5,9.2837
22713.5,101.5,9.284
22714.5,99.5,9.284
22715.51,100.5,9.284
22716.51,101.5,9.284
22717.52,102.5,9.284
22718.52,99.5,9.284
22719.53,101.5,9.284
22720.54,99.5,9.284
22721.54,100.5,9.284
22722.55,101.5,9.284
22723.55,101.5,9.284
22724.56,99.5,9.284
22725.56,100.5,9.284
22726.57,101.5,9.284
22727.57,101.5,9.284
22728.58,101.5,9.284
22729.58,101.5,9.284
22730.59,100.5,9.284
22731.59,100.5,9.284
22732.6,102.5,9.284
22733.6,98.7,9.284
22734.61,100.6,9.284
22735.61,101.5,9.284
22736.62,99.5,9.284
22737.62,101.5,9.284
22738.63,100.5,9.284
22739.63,164.1,9.284
22740.64,101.5,9.284
22741.64,99.5,9.284
22742.65,100.5,9.2843
22743.65,101.5,9.2843
22744.66,100.5,9.2843
22745.66,101.5,9.2843
22746.67,101.5,9.2843
22747.67,99.6,9.2843
22748.68,100.5,9.2843
22749.68,99.5,9.2843
22750.69,103.5,9.2843
22751.7,99.5,9.2843
22752.7,101.5,9.2843
22753.71,100.5,9.2843
22754.71,100.5,9.2843
22755.72,101.5,9.2843
22756.72,99.4,9.2843
22757.73,100.5,9.2843
22758.73,100.5,9.2843
22759.74,109.4,9.2843
22760.74,101.5,9.2843
22761.75,99.5,9.2843
22762.75,99.5,9.2843
22763.76,101.4,9.2845
22764.76,99.5,9.2845
22765.77,104.5,9.2845
22766.78,99.5,9.2845
22767.78,101.5,9.2845
22768.79,99.5,9.2845
22769.79,101.5,9.2845
22770.8,99.5,9.2845
22771.8,101.5,9.2845
22772.81,99.5,9.2845
22773.81,102.5,9.2845
22774.82,100.5,9.2845
22775.82,100.5,9.2848
22776.83,101.5,9.2848
22777.83,101.5,9.2848
22778.84,100.5,9.2848
22779.84,100.5,9.2848
22780.85,100.5,9.2848
22781.85,99.5,9.2848
22782.86,101.5,9.2848
22783.86,100.5,9.2848
22784.87,101.5,9.2848
22785.87,100.5,9.2848
22786.88,100.5,9.2848
22787.89,100.5,9.285
22788.89,100.5,9.285
22789.9,101.5,9.285
22790.9,99.5,9.285
22791.91,100.2,9.285
22792.91,103.5,9.2851
22793.92,100.5,9.2851
22794.92,102.5,9.2851
22795.93,99.5,9.2851
22796.94,101.3,9.2851
22797.94,100.5,9.2851
22798.95,99.5,9.2851
22799.95,106.5,9.2851
22800.96,102.5,9.2851
22801.96,100.5,9.2851
22802.97,100.5,9.2851
22803.97,101.5,9.2851
22804.98,100.5,9.2851
22805.98,100.6,9.2851
22806.99,101.5,9.2851
22807.99,99.5,9.2851
22809.0,100.5,9.2851
22810.0,101.5,9.2851
22811.0,1.0,2.6979
22812.01,311.6,3.0192
22813.01,269.8,3.3782
22814.02,178.0,3.8567
22815.02,118.4,4.3426
22816.03,198.9,4.767
22817.03,291.7,4.952
22818.04,348.9,5.1101
22819.04,328.5,5.3189
22820.05,316.3,5.5438
22821.05,306.3,5.7974
22822.06,311.4,6.0311
22823.06,303.4,6.2252
22824.07,310.3,6.4317
22825.07,304.4,6.6384
22826.08,301.4,6.9188
22827.08,309.3,7.1639
22828.09,241.8,7.385
22829.09,287.1,7.6847
22830.1,314.5,8.3484
22831.1,265.6,8.374
22832.11,264.7,8.374
22833.11,236.7,8.3742
22834.12,198.9,8.3743
22835.12,133.3,8.3743
22836.13,214.8,8.3743
22837.14,183.0,8.3743
22838.14,105.4,8.3743
22839.15,151.2,8.3743
22840.15,114.4,8.3743
22841.16,104.4,8.3743
22842.16,116.4,8.3745
22843.17,199.9,8.3746
22844.17,117.6,8.3746
22845.18,140.4,8.3746
22846.18,101.5,8.3746
22847.19,102.5,8.3746
22848.19,99.5,8.3746
22849.2,102.5,8.3749
22850.2,100.5,8.3749
22851.21,106.4,8.3749
22852.21,102.5,8.3749
22853.22,116.4,8.375
22854.22,101.5,8.375
22855.23,100.5,8.375
22856.23,111.5,8.375
22857.24,101.5,8.375
22858.24,113.4,8.375
22859.25,101.5,8.375
22860.26,101.5,8.375
22861.26,111.4,8.375
22862.27,125.3,8.375
22863.27,118.4,8.375
22864.28,101.5,8.375
22865.28,100.5,8.375
22866.29,103.5,8.375
22867.29,105.4,8.375
22868.3,109.4,8.375
22869.3,109.4,8.375
22870.31,105.4,8.375
22871.31,219.3,8.9535
22872.32,144.2,9.1769
22873.32,99.5,9.191
22874.33,105.5,9.191
22875.33,101.5,9.191
22876.34,100.5,9.191
22877.34,106.4,9.191
22878.35,103.4,9.1913
22879.35,103.4,9.1913
22880.36,101.4,9.1913
22881.36,101.4,9.1913
22882.37,101.5,9.1913
22883.37,100.5,9.1913
22884.38,100.5,9.1913
22885.39,101.5,9.1913
22886.39,105.5,9.1913
22887.4,102.5,9.1913
22888.4,107.4,9.1913
22889.41,101.5,9.1913
22890.41,100.5,9.1913
22891.42,123.3,9.1913
22892.42,103.4,9.1913
22893.43,101.5,9.1913
22894.43,100.5,9.1913
22895.44,101.5,9.1913
22896.44,101.5,9.1913
22897.45,100.5,9.1913
22898.45,100.5,9.1913
22899.46,102.5,9.1913
22900.47,101.5,9.1913
22901.47,100.5,9.1913
22902.48,99.5,9.1913
22903.48,100.5,9.1913
22904.49,105.4,9.1913
22905.49,100.5,9.1913
22906.5,101.5,9.1913
22907.5,101.5,9.1913
22908.51,101.5,9.1913
22909.51,100.5,9.1913
22910.52,102.5,9.1913
22911.52,100.5,9.1913
22912.53,100.5,9.1913
22913.53,101.7,9.1913
22914.54,100.5,9.1913
22915.54,100.5,9.1913
22916.55,101.5,9.1913
22917.55,139.3,9.1913
22918.56,100.4,9.1913
22919.56,101.5,9.1913
22920.57,100.5,9.1913
22921.58,102.5,9.1913
22922.58,99.5,9.1913
22923.59,102.5,9.1913
22924.59,102.4,9.1913
22925.6,101.5,9.1913
22926.6,101.5,9.1913
22927.61,108.4,9.1916
22928.61,101.5,9.1916
22929.62,101.5,9.1916
22930.62,100.5,9.1916
22931.63,101.5,9.1916
22932.64,112.2,9.1916
22933.64,101.5,9.1918
22934.65,101.5,9.1918
22935.65,101.5,9.1918
22936.66,100.5,9.1918
22937.66,103.5,9.1918
22938.67,100.5,9.1918
22939.67,101.5,9.1918
22940.68,99.5,9.1918
22941.68,101.5,9.1918
22942.69,100.4,9.1918
22943.69,100.5,9.1918
22944.7,100.5,9.1918
22945.7,99.5,9.1918
22946.71,101.5,9.1918
22947.71,102.5,9.1918
22948.72,100.5,9.1918
22949.72,101.5,9.1918
22950.73,177.1,9.1933
22951.74,99.5,9.1933
22952.74,169.9,9.1933
22953.75,120.4,9.1933
22954.75,100.5,9.1933
22955.76,100.5,9.1933
22956.76,100.6,9.1933
22957.77,101.2,9.1933
22958.77,101.5,9.1933
22959.78,101.5,9.1933
22960.79,101.5,9.1933
22961.79,100.6,9.1933
22962.8,100.3,9.1933
22963.8,100.5,9.1933
22964.81,100.5,9.1933
22965.81,101.5,9.1933
22966.82,101.5,9.1933
22967.82,100.5,9.1933
22968.83,101.5,9.1933
22969.83,100.5,9.1933
22970.84,101.5,9.1933
22971.84,99.5,9.1933
22972.85,101.3,9.1936
22973.86,100.5,9.1936
22974.86,100.5,9.1936
22975.87,100.5,9.1936
22976.87,116.4,9.1936
22977.88,100.5,9.1936
22978.88,100.5,9.1936
22979.89,102.5,9.1936
22980.89,100.5,9.1936
22981.9,99.5,9.1936
22982.9,101.5,9.1936
22983.91,102.5,9.1936
22984.91,101.5,9.1936
22985.92,274.3,9.2954
22986.92,100.5,9.2954
22987.93,101.3,9.2954
22988.93,100.5,9.2954
22989.94,101.5,9.2954
22990.94,99.5,9.2954
22991.95,101.5,9.2954
22992.95,99.5,9.2954
22993.96,101.5,9.294
22994.96,101.5,9.294
22995.97,99.5,9.294
22996.97,100.5,9.294
22997.98,100.5,9.294
22998.98,103.5,9.294
22999.99,100.5,9.294
23000.99,100.5,9.294
23002.0,101.5,9.294
23003.0,103.5,9.294
23004.01,100.5,9.294
23005.01,102.5,9.294
23006.02,99.5,9.294
23007.02,101.5,9.294
23008.03,99.4,9.294
23009.04,100.5,9.294
23010.04,100.5,9.294
23011.05,102.5,9.294
23012.05,99.5,9.294
23013.06,102.4,9.294
23014.06,99.5,9.294
23015.07,100.5,9.2918
23016.07,99.5,9.2918
23017.08,101.5,9.2918
23018.08,101.3,9.2923
23019.09,101.5,9.2923
23020.09,101.5,9.2923
23021.1,100.5,9.2923
23022.1,100.5,9.2923
23023.11,101.3,9.2923
23024.12,100.5,9.2923
23025.12,100.7,9.2923
23026.12,99.5,9.2923
23027.13,102.5,9.2923
23028.14,99.5,9.2923
23029.14,100.6,9.2923
23030.14,101.5,9.2923
23031.15,101.5,9.2904
23032.16,100.5,9.2904
23033.16,100.5,9.2904
23034.17,100.5,9.2884
23035.17,100.3,9.2857
23036.18,102.7,9.2831
23037.18,135.6,9.2831
23038.18,100.5,9.2831
23039.19,100.7,9.2831
23040.19,101.5,9.2831
23041.2,100.5,9.2831
23042.2,100.5,9.2831
23043.21,101.5,9.2834
23044.21,100.6,9.2834
23045.22,98.6,9.2834
23046.22,101.6,9.2834
23047.22,100.5,9.2834
23048.23,100.5,9.2834
23049.24,100.5,9.2834
23050.24,100.5,9.2834
23051.25,101.5,9.2834
23052.25,99.5,9.2834
23053.26,99.5,9.2834
23054.26,101.5,9.2834
23055.27,100.5,9.2834
23056.27,101.4,9.2834
23057.28,101.5,9.2834
23058.28,99.5,9.2834
23059.29,100.5,9.2834
23060.29,100.5,9.2834
23061.3,100.5,9.2834
23062.31,101.5,9.2834
23063.31,101.5,9.2836
23064.32,100.5,9.2836
23065.32,100.5,9.2836
23066.33,102.5,9.2836
23067.33,100.5,9.2836
23068.34,100.3,9.2836
23069.34,101.5,9.2836
23070.35,99.5,9.2836
23071.35,103.4,9.2836
23072.36,99.5,9.2836
23073.36,101.5,9.2836
23074.37,102.5,9.2836
23075.38,99.5,9.2836
23076.38,100.5,9.2836
23077.39,102.5,9.2836
23078.39,101.5,9.2836
23079.4,99.5,9.2836
23080.4,100.5,9.2836
23081.41,101.5,9.2836
23082.41,100.5,9.2836
23083.42,99.5,9.2836
23084.42,101.5,9.2836
23085.43,100.4,9.2836
23086.43,99.5,9.2836
23087.44,102.5,9.2836
23088.44,99.5,9.2836
23089.45,100.5,9.2836
23090.45,103.5,9.2836
23091.46,99.6,9.2836
23092.46,100.5,9.2836
23093.47,102.2,9.2836
23094.48,100.5,9.2836
23095.48,100.5,9.2836
23096.49,100.5,9.2836
23097.49,104.4,9.2836
23098.5,100.5,9.2836
23099.5,100.5,9.2836
23100.51,100.5,9.2836
23101.51,101.5,9.2836
23102.52,100.5,9.2839
23103.52,100.5,9.2839
23104.53,101.5,9.2839
23105.53,100.5,9.2839
23106.54,100.5,9.2839
23107.54,100.5,9.2839
23108.55,99.5,9.2839
23109.55,102.5,9.2839
23110.56,98.7,2.5813
23111.56,302.9,2.771
23112.56,342.8,2.9437
23113.57,327.0,3.2805
23114.58,307.5,3.6041
23115.58,0.0,2.5951
23116.58,352.9,2.818
23117.59,353.2,3.0784
23118.59,332.5,3.3313
23119.6,193.0,3.6508
23120.6,150.2,4.0047
23121.61,153.2,4.4934
23122.61,107.4,4.9858
23123.62,102.5,5.4659
23124.62,100.5,5.9418
23125.63,99.5,6.415
23126.63,101.5,6.886
23127.64,100.5,7.3607
23128.64,120.4,7.5336
23129.65,102.5,7.6336
23130.66,101.5,7.6336
23131.66,105.4,7.6336
23132.67,101.5,7.6336
23133.67,101.5,7.6336
23134.68,163.1,7.6393
23135.68,101.5,7.6344
23136.69,113.4,7.69
23137.69,100.5,7.738
23138.7,101.5,7.738
23139.7,100.5,7.738
23140.71,114.4,7.738
23141.71,100.5,7.738
23142.72,101.5,7.738
23143.72,100.5,7.738
23144.73,101.5,7.738
23145.73,120.4,7.7384
23146.74,111.4,7.7384
23147.74,111.4,7.7384
23148.75,100.5,7.7384
23149.75,107.4,7.7384
23150.76,126.3,7.7384
23151.77,112.4,7.7391
23152.77,104.5,7.7391
23153.78,99.5,7.7391
23154.78,100.5,7.7391
23155.79,99.5,7.7391
23156.79,102.5,7.7391
23157.8,100.5,7.7394
23158.8,100.5,7.7394
23159.81,99.5,7.7394
23160.81,144.2,7.7394
23161.82,115.5,7.7394
23162.82,113.4,7.7394
23163.83,103.5,7.7394
23164.83,101.5,7.7394
23165.84,100.6,7.7394
23166.84,100.5,7.7394
23167.85,100.5,7.7394
23168.85,99.5,7.7394
23169.86,101.6,7.7394
23170.86,101.5,7.7394
23171.87,100.5,7.7394
23172.87,103.5,7.7394
23173.88,102.5,7.7394
23174.88,102.5,7.7394
23175.89,99.5,7.7394
23176.89,100.5,7.7394
23177.9,100.6,7.7394
23178.9,101.5,7.7394
23179.91,100.5,7.7394
23180.91,109.4,7.7395
23181.92,103.5,7.7395
23182.92,101.5,7.7395
23183.93,101.5,7.7395
23184.93,99.5,7.7395
23185.94,101.5,7.7395
23186.94,102.5,7.7395
23187.95,100.5,7.7397
23188.95,100.5,7.7397
23189.96,118.4,7.7397
23190.96,101.5,7.7397
23191.97,112.4,7.7399
23192.98,102.5,7.7399
23193.98,100.5,7.7399
23194.99,100.5,7.7399
23195.99,107.4,7.7399
23197.0,101.5,7.7399
23198.0,99.5,7.7399
23199.01,102.3,7.7399
23200.01,100.5,7.7399
23201.02,101.5,7.7399
23202.02,112.4,7.7955
23203.03,101.5,7.7958
23204.03,100.5,7.7958
23205.04,101.5,7.7958
23206.04,99.5,7.7958
23207.05,101.5,7.7958
23208.05,1.0,2.5436
23209.06,306.4,2.769
23210.06,362.5,2.9755
23211.07,343.5,3.3203
23212.07,202.0,3.7353
23213.08,151.2,4.1792
23214.08,200.2,4.5835
23215.09,118.4,4.9935
23216.09,104.5,5.3994
23217.1,103.5,5.8084
23218.1,102.5,6.2235
23219.11,100.5,6.6495
23220.11,102.5,7.0608
23221.12,131.3,7.4845
23222.12,101.5,7.5365
23223.13,99.5,7.6332
23224.14,102.2,7.6332
23225.14,100.5,7.6332
23226.15,103.5,7.6332
23227.15,99.5,7.6332
23228.16,109.4,7.6332
23229.16,107.5,7.6332
23230.17,102.5,7.6332
23231.17,114.4,7.6332
23232.18,113.4,7.7362
23233.18,101.5,7.7362
23234.19,100.5,7.7362
23235.19,101.5,7.7362
23236.2,100.5,7.7362
23237.2,99.5,7.7364
23238.21,101.5,7.7364
23239.21,101.5,7.7364
23240.22,99.5,7.7364
23241.22,101.5,7.7364
23242.23,113.4,7.737
23243.23,100.5,7.737
23244.24,100.5,7.737
23245.24,117.4,7.7371
23246.25,102.5,7.7371
23247.25,127.4,7.739
23248.26,99.5,7.7392
23249.27,100.5,7.7392
23250.27,101.6,7.7392
23251.27,118.4,7.7407
23252.28,100.5,7.7407
23253.28,100.5,7.7374
23254.29,101.5,7.7374
23255.3,100.5,7.7374
23256.3,100.5,7.7374
23257.31,100.5,7.7374
23258.31,100.5,7.7374
23259.32,102.5,7.7374
23260.32,100.5,7.7374
23261.33,101.5,7.7374
23262.33,101.5,7.7374
23263.34,103.5,7.7374
23264.34,101.5,7.7374
23265.35,99.6,7.7374
23266.35,100.5,7.7374
23267.36,101.5,7.7374
23268.36,100.5,7.7374
23269.37,99.4,7.7374
23270.37,100.5,7.7374
23271.38,101.5,7.7374
23272.38,99.5,7.7374
23273.39,100.5,7.7376
23274.39,103.5,7.7376
23275.4,99.5,7.7376
23276.4,100.5,7.7376
23277.41,102.4,7.7376
23278.41,100.5,7.7376
23279.42,100.5,7.7376
23280.42,100.5,7.7376
23281.43,101.5,7.7376
23282.43,103.5,7.7377
23283.44,105.5,7.7377
23284.44,100.7,7.7377
23285.45,101.5,7.7377
23286.45,99.5,7.7377
23287.46,102.6,7.7377
23288.46,100.5,7.7377
23289.47,100.5,7.7377
23290.47,101.5,7.7377
23291.48,100.6,7.7377
23292.48,102.5,7.7377
23293.49,109.4,7.7377
23294.49,99.5,7.7377
23295.5,112.5,7.7378
23296.5,102.5,7.7378
23297.51,100.5,7.738
23298.51,100.5,7.738
23299.52,99.6,7.738
23300.52,100.5,7.738
23301.53,107.4,7.738
23302.53,100.5,7.738
23303.54,101.5,7.738
23304.54,147.2,7.7397
23305.55,99.5,7.7397
23306.55,105.5,7.7397
23307.56,101.5,7.7397
23308.56,101.5,7.7397
23309.57,116.6,7.7398
23310.57,3.0,2.5924
23311.57,310.1,2.7467
23312.58,346.1,2.4522
23313.58,2.0,2.7048
23314.58,316.5,3.0824
23315.59,352.9,3.2245
23316.59,341.2,3.4235
23317.6,321.4,3.6448
23318.6,314.3,3.864
23319.61,306.4,4.0556
23320.61,301.4,4.2096
23321.62,302.6,4.3865
23322.62,296.0,4.5393
23323.63,301.4,4.6764
23324.63,302.1,4.812
23325.64,309.4,4.8745
23326.64,310.3,4.9592
23327.64,272.0,4.9912
23328.65,238.3,5.0415
23329.65,114.4,5.0776
23330.66,194.9,5.1064
23331.66,199.9,5.1314
23332.67,127.3,5.1609
23333.67,131.4,5.1798
23334.68,153.2,5.2162
23335.68,102.5,5.2448
23336.69,108.4,5.2727
23337.7,100.5,5.3004
23338.7,101.5,5.3321
23339.7,107.7,5.3758
23340.71,126.4,5.4069
23341.71,121.4,5.4694
23342.72,144.3,5.5132
23343.72,107.4,5.5395
23344.73,148.3,5.569
23345.74,113.4,5.6008
23346.74,130.3,5.6285
23347.75,175.1,5.6623
23348.75,135.3,5.6943
23349.76,100.5,5.7243
23350.76,101.5,5.7562
23351.77,100.5,5.7886
23352.77,101.5,5.8212
23353.78,100.5,5.8522
23354.78,103.4,5.917
23355.79,198.8,5.9789
23356.8,119.3,6.0548
23357.8,133.3,6.1266
23358.81,165.2,6.1713
23359.81,118.4,6.19
23360.82,128.3,6.2319
23361.82,129.3,6.2632
23362.83,118.4,6.2955
23363.83,101.5,6.3304
23364.84,103.4,6.3774
23365.84,109.5,6.4481
23366.85,100.5,6.5535
23367.85,107.4,6.6442
23368.86,121.3,6.7579
23369.86,101.5,6.7858
23370.87,102.5,6.8389
23371.87,175.2,6.8619
23372.88,100.5,6.8936
23373.88,122.3,6.9514
23374.89,103.5,7.0114
23375.9,104.4,7.0726
23376.9,132.3,7.1449
23377.91,111.4,7.2088
23378.91,112.4,7.2719
23379.92,102.5,7.3649
23380.92,144.6,7.5988
23381.92,146.2,7.7423
23382.93,102.5,7.7423
23383.94,99.5,7.7709
23384.94,100.5,7.7943
23385.95,100.5,7.7943
23386.95,129.3,7.7945
23387.96,143.2,7.7948
23388.96,107.4,7.7948
23389.97,100.5,7.7948
23390.97,108.4,7.7948
23391.98,99.5,7.7948
23392.98,103.5,7.7948
23393.99,105.4,7.7948
23394.99,102.4,7.7948
23396.0,100.4,7.7948
23397.0,100.5,7.7948
23398.01,101.5,7.7948
23399.02,141.2,7.7948
23400.02,100.5,7.7948
23401.02,100.5,7.7948
23402.03,102.5,7.7948
23403.04,111.4,7.7948
23404.04,100.5,7.7948
23405.05,100.5,7.8104
23406.05,100.5,7.8393
23407.06,102.5,7.8692
23408.06,99.5,7.8881
23409.07,101.5,7.8948
23410.07,99.5,7.8948
23411.08,100.5,7.8948
23412.08,131.3,7.8948
23413.09,99.5,7.8948
23414.09,101.5,7.8948
23415.1,106.4,7.8948
23416.1,100.5,7.8948
23417.11,100.5,7.8948
23418.11,102.5,7.8948
23419.12,100.5,7.8948
23420.13,101.5,7.8948
23421.13,101.5,7.8948
23422.14,100.5,7.8948
23423.14,101.5,7.8948
23424.15,100.5,7.8948
23425.15,100.5,7.8948
23426.16,99.5,7.8948
23427.16,100.5,7.8948
23428.17,101.5,7.8948
23429.17,101.5,7.8948
23430.18,101.5,7.8948
23431.18,100.5,7.8948
23432.19,100.5,7.8948
23433.19,102.5,7.8951
23434.2,99.5,7.8951
23435.2,100.5,7.8951
23436.21,123.4,7.8951
23437.21,152.2,7.8951
23438.22,99.5,7.8951
23439.22,100.5,7.8951
23440.23,100.5,7.8951
23441.23,102.5,7.8951
23442.24,100.5,7.8951
23443.25,101.5,7.8953
23444.25,100.5,7.8953
23445.26,100.6,7.8953
23446.26,99.5,7.8953
23447.27,102.5,7.8953
23448.27,99.5,7.8953
23449.28,99.5,7.8953
23450.28,102.5,7.8953
23451.29,100.5,7.8953
23452.29,100.5,7.8953
23453.3,100.5,7.8953
23454.3,106.4,7.8953
23455.31,100.5,7.8953
23456.31,100.5,7.8953
23457.32,101.5,7.8953
23458.32,98.5,7.8953
23459.33,101.5,7.8953
23460.34,102.5,7.8953
23461.34,100.5,7.8953
23462.35,115.4,7.8953
23463.35,99.5,7.8953
23464.36,101.5,7.8953
23465.36,99.5,7.8953
23466.37,102.5,7.8953
23467.37,100.5,7.8953
23468.38,100.5,7.8953
23469.38,100.5,7.8953
23470.39,99.5,7.8953
23471.39,101.5,7.8953
23472.4,101.5,7.8953
23473.4,99.5,7.8953
23474.41,101.5,7.8953
23475.42,99.5,7.8953
23476.42,102.5,7.8953
23477.43,100.5,7.8953
23478.43,103.4,7.8953
23479.44,101.5,7.8953
23480.44,99.5,7.8953
23481.45,101.5,7.8953
23482.45,100.5,7.8956
23483.46,99.5,7.8956
23484.46,102.5,7.8956
23485.47,99.5,7.8956
23486.47,100.5,7.8956
23487.48,101.5,7.8956
23488.49,101.5,7.8956
23489.49,100.5,7.8956
23490.5,102.5,7.8956
23491.5,100.5,7.8956
23492.51,101.5,7.8956
23493.51,104.4,7.8956
23494.52,101.5,7.8956
23495.52,100.5,7.8956
23496.53,99.5,7.8956
23497.53,103.5,7.8956
23498.54,100.5,7.8956
23499.54,103.5,7.8956
23500.55,99.5,7.8956
23501.55,100.5,7.8956
23502.56,100.5,7.8956
23503.56,280.5,7.8959
23504.57,219.8,7.8959
23505.58,125.9,7.8959
23506.58,103.5,7.896
23507.59,106.4,7.896
23508.59,200.0,7.9127
23509.6,117.4,7.9116
23510.6,164.6,8.1372
23511.6,147.3,8.323
23512.61,103.4,8.323
23513.61,101.5,8.323
23514.62,99.5,8.323
23515.62,101.7,8.323
23516.62,100.7,8.323
23517.63,101.5,8.323
23518.63,102.5,8.323
23519.64,99.5,8.323
23520.65,103.4,8.323
23521.65,100.5,8.323
23522.66,100.5,8.323
23523.66,101.5,8.323
23524.67,99.5,8.323
23525.67,102.2,8.323
23526.68,100.5,8.323
23527.68,101.5,8.3233
23528.69,101.5,8.3235
23529.69,100.6,8.3235
23530.7,100.4,8.3235
23531.7,100.5,8.3235
23532.71,100.7,8.3235
23533.71,101.5,8.3235
23534.72,174.1,8.3938
23535.72,100.5,8.3938
23536.73,101.5,8.3938
23537.73,101.6,8.3938
23538.74,99.5,8.3938
23539.74,101.5,8.3938
23540.75,100.2,8.3938
23541.75,100.5,8.3938
23542.76,101.5,8.3938
23543.76,100.5,8.3938
23544.77,101.5,8.3938
23545.77,101.5,8.3938
23546.78,101.5,8.3938
23547.79,99.5,8.3938
23548.79,101.5,8.3938
23549.8,99.5,8.3938
23550.8,100.5,8.3938
23551.8,98.6,8.3938
23552.81,102.5,8.3938
23553.81,100.5,8.3938
23554.82,99.8,8.3938
23555.82,100.5,8.3938
23556.83,101.5,8.3938
23557.83,181.1,8.3984
23558.84,100.5,8.3984
23559.84,99.6,8.3984
23560.85,101.5,8.3984
23561.85,101.5,8.3984
23562.86,99.5,8.3984
23563.86,100.5,8.3984
23564.87,100.5,8.3984
23565.87,102.5,8.3984
23566.88,100.5,8.3984
23567.88,100.5,8.3984
23568.89,101.5,8.3984
23569.89,99.5,8.3984
23570.9,100.5,8.3984
23571.9,101.5,8.3984
23572.91,100.5,8.3987
23573.91,100.5,8.3987
23574.92,100.5,8.3987
23575.92,101.5,8.3987
23576.93,100.5,8.3987
23577.93,101.5,8.3987
23578.94,100.5,8.3987
23579.94,100.5,8.3987
23580.95,100.7,8.3987
23581.95,102.5,8.3987
23582.96,99.5,8.3987
23583.96,174.1,8.4013
23584.97,102.5,8.4013
23585.97,99.5,8.4013
23586.98,101.5,8.4013
23587.98,100.5,8.4013
23588.99,100.5,8.4013
23589.99,100.5,8.4013
23591.0,99.5,8.4013
23592.0,101.5,8.4013
23593.01,102.5,8.4013
23594.01,101.5,8.4013
23595.02,101.5,8.4013
23596.02,100.5,8.4013
23597.03,99.5,8.4013
23598.03,99.5,8.4013
23599.04,103.6,8.4013
23600.04,101.5,8.4013
23601.05,99.5,8.4013
23602.05,101.5,8.4013
23603.06,100.5,8.4013
23604.06,99.5,8.4013
23605.07,102.5,8.4013
23606.07,99.5,8.4013
23607.08,99.6,8.4013
23608.08,103.5,8.4013
23609.09,99.5,8.4013
23610.09,101.5,8.4013
23611.1,175.5,8.7288
23612.1,114.4,8.7557
23613.1,102.7,2.5822
23614.11,311.1,2.7417
23615.11,2.0,2.601
23616.11,1.0,2.5374
23617.12,302.0,2.7424
23618.12,358.2,2.9732
23619.13,336.3,3.3216
23620.13,175.3,3.6656
23621.14,176.1,3.9436
23622.14,105.5,4.0065
23623.15,102.5,4.0226
23624.15,100.5,4.0408
23625.16,100.5,4.0584
23626.16,102.5,4.0812
23627.17,100.5,4.1156
23628.17,102.5,4.1475
23629.18,104.5,4.1779
23630.18,102.5,4.1999
23631.19,100.5,4.2305
23632.19,100.5,4.258
23633.2,101.5,4.2837
23634.2,108.4,4.302
23635.21,132.3,4.3225
23636.21,145.2,4.3646
23637.22,163.2,4.4912
23638.22,107.5,4.6265
23639.23,121.4,4.7113
23640.23,103.5,4.8458
23641.24,137.5,2.4591
23642.24,3315.2,2.6366
23643.24,320.0,2.7901
23644.25,344.3,3.0239
23645.25,169.5,3.4013
23646.26,184.1,3.8589
23647.26,111.4,2.4594
23648.27,2.0,2.7253
23649.27,341.9,2.8249
23650.28,0.0,2.6832
23651.28,336.8,2.8304
23652.28,1.0,2.5329
23653.29,298.7,2.7323
23654.29,1425.7,2.5661
23655.3,323.3,2.7942
23656.3,355.9,2.9287
23657.31,325.3,3.1882
23658.31,322.3,3.5069
23659.32,311.2,3.7552
23660.32,303.5,3.9735
23661.33,317.4,4.1513
23662.33,312.3,4.3981
23663.33,167.2,4.6777
23664.34,115.6,5.033
23665.34,124.4,5.4502
23666.35,164.2,5.8737
23667.35,102.5,6.298
23668.36,99.5,6.7215
23669.36,102.5,7.125
23670.37,140.3,7.5414
23671.37,99.4,7.5934
23672.38,100.5,7.5934
23673.38,102.5,7.6934
23674.39,99.5,7.6934
23675.39,101.5,7.6934
23676.4,100.5,7.6934
23677.4,100.5,7.6934
23678.41,101.5,7.6934
23679.41,99.5,7.6934
23680.42,100.6,7.6934
23681.42,101.3,7.6934
23682.43,119.4,7.8203
23683.43,101.5,7.8205
23684.44,100.5,7.8205
23685.45,102.5,7.8205
23686.45,99.6,7.8205
23687.45,100.5,7.8205
23688.46,100.5,7.8205
23689.47,100.5,7.8205
23690.47,100.6,7.8205
23691.47,100.5,7.8205
23692.48,100.5,7.8205
23693.48,100.5,7.8205
23694.49,99.5,7.8205
23695.49,101.5,7.8205
23696.5,101.4,7.8205
23697.51,99.5,7.8207
23698.51,101.5,7.8207
23699.52,99.5,7.8207
23700.52,103.5,7.8207
23701.53,99.3,7.8207
23702.53,100.5,7.8207
23703.54,101.5,7.8207
23704.54,99.5,7.8207
23705.55,103.5,7.8208
23706.56,101.5,7.8208
23707.56,99.5,7.8208
23708.57,100.5,7.8208
23709.57,102.5,7.8208
23710.57,99.6,7.8208
23711.58,102.5,7.8208
23712.58,99.5,7.821
23713.59,100.5,7.821
23714.59,100.5,7.821
23715.6,99.5,7.821
23716.6,101.5,7.821
23717.61,99.5,7.821
23718.61,102.5,7.8212
23719.62,100.5,7.8212
23720.63,116.4,7.8221
23721.63,100.5,7.8221
23722.64,100.5,7.8221
23723.64,100.5,7.8221
23724.65,101.5,7.8221
23725.65,101.5,7.8221
23726.66,100.5,7.8221
23727.66,100.5,7.8221
23728.67,100.5,7.8221
23729.67,100.5,7.8221
23730.68,99.5,7.8221
23731.68,101.5,7.8221
23732.69,99.5,7.8221
23733.69,100.5,7.8221
23734.7,102.5,7.8221
23735.7,99.5,7.8221
23736.71,100.5,7.8222
23737.71,101.5,7.8222
23738.72,99.5,7.8222
23739.72,101.5,7.8222
23740.73,100.5,7.8222
23741.73,100.5,7.8222
23742.74,101.5,7.8222
23743.75,100.5,7.8222
23744.75,99.6,7.8222
23745.75,101.5,7.8222
23746.76,101.5,7.8222
23747.77,100.5,7.8222
23748.77,100.6,7.8222
23749.77,100.5,7.8222
23750.78,101.3,7.8222
23751.79,100.5,7.8222
23752.79,99.5,7.8222
23753.8,100.5,7.8222
23754.8,101.5,7.8222
23755.81,100.5,7.8222
23756.81,100.5,7.8222
23757.82,100.5,7.8224
23758.82,100.5,7.8224
23759.83,99.5,7.8224
23760.83,101.5,7.8224
23761.84,100.6,7.8224
23762.84,117.4,7.8225
23763.85,101.5,7.8225
23764.85,101.5,7.8225
23765.86,100.5,7.8225
23766.86,99.5,7.8225
23767.87,102.5,7.8225
23768.87,100.5,7.8225
23769.88,100.6,7.8225
23770.88,99.5,7.8225
23771.89,101.5,7.8225
23772.89,100.5,7.8225
23773.9,101.6,7.8225
23774.9,100.5,7.8225
23775.91,100.5,7.8225
23776.91,100.5,7.8225
23777.92,101.5,7.8225
23778.92,100.6,7.8225
23779.93,101.5,7.8225
23780.93,99.5,7.8225
23781.94,99.5,7.8225
23782.94,102.5,7.8227
23783.95,99.5,7.8227
23784.95,101.5,7.8227
23785.96,100.5,7.8227
23786.96,100.5,7.8227
23787.97,99.5,7.8227
23788.97,102.5,7.8227
23789.98,100.5,7.8227
23790.99,99.5,7.8227
23791.99,100.5,7.8227
23793.0,100.5,7.8227
23794.0,100.5,7.8227
23795.01,100.5,7.8227
23796.01,102.5,7.8227
23797.02,98.5,7.8227
23798.02,101.5,7.8227
23799.03,99.6,7.8227
23800.03,102.5,7.8227
23801.04,100.5,7.8227
23802.04,101.5,7.8227
23803.05,100.5,7.823
23804.05,99.5,7.823
23805.06,101.5,7.823
23806.06,99.5,7.823
23807.07,100.5,7.823
23808.07,101.5,7.823
23809.08,118.4,7.8233
23810.08,99.5,7.8233
23811.09,101.6,7.8233
23812.09,101.5,7.8233
23813.1,99.6,7.8233
23814.1,100.5,7.8233
23815.11,100.5,7.8233
23816.11,101.5,7.8233
23817.12,100.5,7.8233
23818.12,101.5,7.8233
23819.13,99.5,7.8233
23820.13,100.5,7.8233
23821.14,100.5,7.8233
23822.14,100.5,7.8233
23823.15,99.5,7.8233
23824.15,101.5,7.8233
23825.16,99.5,7.8233
23826.16,102.6,7.8233
23827.17,100.5,7.8233
23828.17,99.5,7.8233
23829.18,102.5,7.8233
23830.18,100.5,7.8233
23831.19,100.5,7.8233
23832.19,100.5,7.8236
23833.2,100.5,7.8236
23834.2,100.6,7.8236
23835.21,99.5,7.8236
23836.21,102.5,7.8236
23837.22,99.5,7.8236
23838.22,99.5,7.8236
23839.23,102.5,7.8236
23840.23,99.5,7.8236
23841.24,99.5,7.8236
23842.24,101.5,7.8236
23843.25,102.5,7.8236
23844.25,99.5,7.8236
23845.26,100.5,7.8236
23846.26,101.5,7.8236
23847.27,99.5,7.8236
23848.27,99.5,7.8236
23849.28,100.5,7.8236
23850.28,101.5,7.8236
23851.29,99.5,7.8236
23852.29,101.5,7.8236
23853.3,101.5,7.8238
23854.3,100.5,7.8238
23855.31,99.5,7.8238
23856.31,99.5,7.8238
23857.32,101.5,7.8238
23858.32,119.4,7.9027
23859.33,100.5,7.9027
23860.33,100.6,7.9027
23861.34,100.5,7.9027
23862.34,100.5,7.9027
23863.35,101.5,7.9027
23864.35,99.5,7.9027
23865.36,100.5,7.9027
23866.37,102.5,7.9027
23867.37,100.5,7.903
23868.38,100.5,7.903
23869.38,100.5,7.903
23870.39,101.5,7.903
23871.39,99.5,7.903
23872.4,100.5,7.903
23873.4,102.5,7.903
23874.41,102.5,7.903
23875.41,121.4,7.903
23876.42,100.5,7.903
23877.42,104.5,7.903
23878.43,100.5,7.903
23879.43,101.7,7.903
23880.44,100.5,7.903
23881.44,101.5,7.903
23882.45,101.5,7.903
23883.45,132.3,7.903
23884.46,100.5,7.903
23885.46,100.5,7.903
23886.47,100.5,7.903
23887.47,99.5,7.903
23888.48,101.5,7.903
23889.48,164.2,7.9032
23890.49,112.4,7.905
23891.49,101.5,7.905
23892.5,99.5,7.905
23893.5,101.6,7.905
23894.51,100.5,7.905
23895.51,100.5,7.8997
23896.52,102.5,7.8997
23897.52,100.5,7.8999
23898.53,101.5,7.8999
23899.53,99.5,7.8999
23900.54,100.5,7.8999
23901.54,100.5,7.8999
23902.55,101.5,7.8999
23903.55,99.5,7.8999
23904.56,100.5,7.8999
23905.56,100.6,7.8999
23906.57,101.5,7.8999
23907.57,100.5,7.8999
23908.58,99.5,7.8999
23909.58,100.5,7.8999
23910.59,99.5,7.8999
23911.59,101.4,7.8999
23912.6,99.5,7.8999
23913.6,101.5,7.8999
23914.61,101.5,7.8999
23915.61,101.5,7.8999
23916.62,99.5,7.8999
23917.62,100.5,7.8999
23918.63,100.5,7.8999
23919.63,99.5,7.8999
23920.64,101.5,7.8999
23921.64,101.5,7.8999
23922.65,100.5,7.8999
23923.65,100.5,7.8999
23924.66,100.5,7.8999
23925.67,100.5,7.8999
23926.67,99.6,7.8999
23927.67,101.5,7.8999
23928.68,99.5,7.8999
23929.68,101.5,7.8999
23930.69,99.5,7.8999
23931.7,100.5,7.8999
23932.7,101.5,7.8999
23933.71,101.5,7.8999
23934.71,101.5,7.8999
23935.72,100.5,7.8999
23936.72,100.5,7.8999
23937.73,100.5,7.8999
23938.73,102.5,7.8999
23939.74,99.5,7.8999
23940.74,100.6,7.8999
23941.75,100.5,7.8999
23942.75,101.5,7.9002
23943.76,100.5,7.9002
23944.76,100.5,7.9002
23945.77,100.5,7.9002
23946.77,101.5,7.9002
23947.78,101.5,7.9002
23948.78,99.5,7.9002
23949.79,99.5,7.9002
23950.79,100.5,7.9002
23951.8,101.5,7.9002
23952.8,100.5,7.9004
23953.81,99.5,7.9004
23954.81,2.0,2.6529
23955.81,323.1,2.7889
23956.82,2.0,2.571
23957.83,324.4,2.8063
23958.83,355.8,2.9431
23959.83,346.3,3.2977
23960.84,325.8,3.6454
23961.84,308.6,3.9513
23962.85,322.4,4.1506
23963.85,302.4,2.4631
23964.86,1.0,2.7318
23965.86,313.0,2.8864
23966.86,328.6,3.2244
23967.87,326.3,3.5649
23968.87,304.4,3.8826
23969.88,315.3,4.0931
23970.88,309.4,4.2673
23971.89,262.7,4.3926
23972.89,107.5,4.461
23973.9,108.4,4.5143
23974.9,99.5,4.5687
23975.91,102.5,4.6664
23976.91,100.5,4.758
23977.92,102.3,4.8487
23978.93,101.5,4.9383
23979.93,101.5,5.0306
23980.94,102.5,5.1298
23981.94,107.5,5.2039
23982.95,101.5,5.2567
23983.95,100.5,5.3026
23984.96,99.5,5.3309
23985.96,103.5,5.3765
23986.97,99.5,5.4133
23987.97,100.4,5.4575
23988.98,99.5,5.472
23989.98,100.5,5.5209
23990.99,100.5,5.5784
23991.99,101.5,5.6064
23993.0,186.1,5.6811
23994.0,201.1,5.7626
23995.01,100.5,5.8069
23996.01,100.5,5.8662
23997.02,99.5,5.9265
23998.02,101.3,5.9849
23999.03,102.5,6.0321
24000.03,100.5,6.0656
24001.04,100.5,6.1157
24002.04,102.5,6.1677
24003.05,101.5,6.2084
24004.05,99.6,6.236
24005.06,100.5,6.2729
24006.06,101.5,6.3012
24007.07,100.5,6.3308
24008.07,100.4,6.3745
24009.08,100.5,6.4034
24010.09,100.5,6.4185
24011.09,100.5,6.4553
24012.1,100.5,6.4838
24013.1,100.5,6.5134
24014.11,100.5,6.5531
24015.11,101.5,6.5858
24016.12,100.5,6.6231
24017.12,100.5,6.6378
24018.13,100.6,6.6601
24019.13,100.5,6.7075
24020.14,101.5,6.7363
24021.14,99.5,6.7647
24022.15,101.5,6.7848
24023.15,100.4,6.8203
24024.16,107.6,6.8486
24025.16,105.5,6.8774
24026.17,100.5,6.8957
24027.17,100.5,6.9262
24028.18,100.3,6.9531
24029.18,100.5,6.9874
24030.19,108.4,7.0138
24031.19,127.3,7.0432
24032.2,117.4,7.0642
24033.2,100.4,7.0909
24034.21,100.5,7.1262
24035.21,100.6,7.1474
24036.22,100.5,7.1714
24037.22,101.5,7.1853
24038.23,100.4,7.1978
24039.23,100.5,7.2119
24040.24,103.5,7.2276
24041.24,100.7,7.2402
24042.24,99.8,7.2732
24043.25,100.5,7.2951
24044.25,99.5,7.3052
24045.26,102.5,7.3239
24046.27,100.5,7.3446
24047.27,99.8,7.3626
24048.27,101.5,7.383
24049.28,99.4,7.411
24050.28,102.5,7.4386
24051.29,131.3,7.529
24052.29,99.5,7.529
24053.3,100.5,7.529
24054.31,99.5,7.529
24055.31,101.5,7.529
24056.32,100.5,7.529
24057.32,101.5,7.529
24058.33,101.1,7.529
24059.33,99.6,7.529
24060.34,102.5,7.5465
24061.34,98.5,7.5744
24062.35,100.5,7.6036
24063.36,101.2,7.6291
24064.36,100.5,7.6291
24065.37,99.5,7.6291
24066.37,99.5,7.6291
24067.38,101.5,7.6291
24068.38,100.5,7.6291
24069.39,101.5,7.6291
24070.39,100.5,7.6291
24071.4,108.5,7.6291
24072.4,102.5,7.6291
24073.41,99.4,7.6291
24074.41,100.5,7.6291
24075.42,102.5,7.6291
24076.42,99.5,7.6291
24077.43,101.5,7.6291
24078.44,100.2,7.6291
24079.44,101.5,7.6291
24080.45,101.5,7.6291
24081.45,99.5,7.6291
24082.46,100.5,7.6293
24083.46,100.5,7.6293
24084.47,103.5,7.6293
24085.47,99.5,7.6293
24086.48,99.5,7.6293
24087.48,101.5,7.6293
24088.49,99.5,7.6293
24089.49,100.5,7.6293
24090.5,101.5,7.6293
24091.5,99.5,7.6293
24092.51,100.5,7.6293
24093.51,101.5,7.6293
24094.52,101.5,7.6293
24095.52,100.5,7.6293
24096.53,100.5,7.6293
24097.53,100.5,7.6293
24098.54,101.6,7.6293
24099.54,100.5,7.6293
24100.55,99.5,7.6293
24101.55,99.5,7.6293
24102.56,102.5,7.6293
24103.56,101.5,7.6293
24104.57,99.5,7.6293
24105.57,100.5,7.6293
24106.58,101.5,7.6293
24107.58,99.5,7.6293
24108.59,100.5,7.6293
24109.59,100.5,7.6293
24110.6,101.5,7.6293
24111.6,100.5,7.6293
24112.61,100.5,7.6293
24113.61,99.5,7.6293
24114.62,101.6,7.6293
24115.62,101.6,7.6293
24116.63,100.6,7.6293
24117.63,100.5,7.6293
24118.64,101.5,7.6293
24119.64,100.5,7.6293
24120.65,100.5,7.6293
24121.65,99.5,7.6293
24122.66,100.5,7.6296
24123.66,102.5,7.6296
24124.67,99.5,7.6296
24125.67,99.8,7.6296
24126.68,101.5,7.6296
24127.68,102.5,7.6298
24128.69,100.5,7.6298
24129.69,100.5,7.6298
24130.7,99.5,7.6298
24131.7,100.5,7.6298
24132.71,101.5,7.6298
24133.71,99.5,7.6298
24134.72,101.5,7.6298
24135.72,99.6,7.6298
24136.73,100.5,7.6298
24137.73,101.5,7.6298
24138.74,101.5,7.6298
24139.74,101.5,7.6298
24140.75,99.5,7.6298
24141.75,100.5,7.6298
24142.76,100.5,7.6298
24143.76,99.6,7.6298
24144.77,101.5,7.6298
24145.77,101.5,7.6298
24146.78,103.5,7.6298
24147.78,100.5,7.6298
24148.79,100.5,7.6298
24149.79,99.5,7.6298
24150.8,100.5,7.6298
24151.8,100.5,7.6298
24152.81,107.7,7.6298
24153.81,162.1,7.6339
24154.82,189.0,7.6455
24155.82,99.5,7.6455
24156.83,100.5,7.6455
24157.83,100.5,7.6455
24158.84,101.5,7.6455
24159.84,101.5,7.6377
24160.85,100.5,7.6377
24161.85,100.5,7.6377
24162.86,100.5,7.6377
24163.86,99.5,7.6377
24164.87,101.5,7.6377
24165.87,99.5,7.6377
24166.88,103.5,7.6377
24167.88,101.5,7.6377
24168.89,101.5,7.6377
24169.89,100.5,7.6302
24170.9,100.5,7.6302
24171.9,100.5,7.6302
24172.91,99.5,7.6305
24173.91,101.5,7.6305
24174.92,101.5,7.6305
24175.92,100.5,7.6305
24176.93,101.5,7.6305
24177.93,99.5,7.6305
24178.94,100.5,7.6305
24179.94,99.5,7.6305
24180.95,100.5,7.6305
24181.95,101.5,7.6305
24182.96,99.5,7.6305
24183.96,102.5,7.6305
24184.97,99.5,7.6305
24185.97,101.5,7.6305
24186.98,101.5,7.6305
24187.98,100.5,7.6305
24188.99,100.5,7.6305
24189.99,100.5,7.6305
24191.0,99.5,7.6305
24192.0,100.5,7.6305
24193.01,101.5,7.6305
24194.02,100.5,7.6305
24195.02,99.5,7.6305
24196.03,100.5,7.6305
24197.03,99.6,7.6305
24198.03,100.5,7.6305
24199.04,100.5,7.6305
24200.04,100.5,7.6305
24201.05,106.5,7.6305
24202.05,100.5,7.6305
24203.06,100.5,7.6305
24204.06,102.5,7.6305
24205.07,99.5,7.6305
24206.07,101.5,7.6305
24207.08,100.5,7.6305
24208.08,101.5,7.6307
24209.09,100.5,7.6307
24210.1,99.5,7.6307
24211.1,100.5,7.6307
24212.11,101.5,7.6307
24213.11,100.6,7.6307
24214.11,101.5,7.6307
24215.12,99.5,7.6307
24216.12,100.5,7.6307
24217.13,100.5,7.6307
24218.13,100.5,7.6307
24219.14,100.5,7.6307
24220.14,100.5,7.6307
24221.15,100.5,7.6307
24222.15,102.5,7.6307
24223.16,100.5,7.631
24224.17,99.5,7.631
24225.17,100.5,7.631
24226.18,100.5,7.631
24227.18,100.5,7.631
24228.19,99.5,7.631
24229.19,102.5,7.631
24230.2,100.5,7.631
24231.2,99.5,7.631
24232.21,100.5,7.631
24233.21,102.5,7.631
24234.22,99.5,7.631
24235.22,100.5,7.631
24236.23,101.5,7.631
24237.23,100.5,7.631
24238.24,100.5,7.631
24239.24,100.5,7.631
24240.25,100.5,7.631
24241.25,100.5,7.631
24242.26,101.5,7.631
24243.26,99.5,7.631
24244.27,99.4,7.631
24245.27,102.5,7.631
24246.28,99.6,7.631
24247.28,100.5,7.631
24248.29,101.5,7.631
24249.29,100.5,7.631
24250.3,100.5,7.631
24251.3,99.5,7.631
24252.31,100.5,7.631
24253.31,102.5,7.631
24254.32,99.3,7.631
24255.33,104.5,7.631
24256.33,99.5,7.631
24257.34,102.5,7.631
24258.34,100.5,7.631
24259.35,100.5,7.631
24260.35,100.5,7.631
24261.36,101.5,7.631
24262.36,100.5,7.631
24263.37,101.5,7.631
24264.37,101.5,2.585
24265.37,294.4,2.7343
24266.38,343.0,2.4657
24267.38,1503.9,2.7341
24268.38,353.8,2.466
24269.39,1.0,2.7163
24270.39,316.0,2.8251
24271.39,3367.9,2.61
24272.4,327.0,2.8273
24273.4,357.0,3.0421
24274.4,327.3,3.3874
24275.41,316.4,3.7342
24276.42,302.4,4.0063
24277.42,316.3,4.17
24278.43,288.5,4.3586
24279.43,121.4,4.5617
24280.44,101.4,4.7729
24281.44,104.5,5.0056
24282.45,103.5,5.23
24283.45,110.4,5.4134
24284.46,127.3,5.6749
24285.46,132.3,5.9334
24286.47,101.5,6.1548
24287.47,103.5,6.3265
24288.48,108.4,6.4211
24289.48,103.5,6.4446
24290.49,102.5,6.4734
24291.49,100.6,6.4995
24292.49,102.7,6.5634
24293.5,99.5,6.5925
24294.51,100.5,6.6146
24295.51,101.5,6.6624
24296.52,100.5,6.7166
24297.52,100.5,6.7793
24298.53,100.5,6.8253
24299.53,99.5,6.8736
24300.54,101.5,6.9285
24301.54,99.5,7.0015
24302.55,102.5,7.0245
24303.55,100.5,7.07
24304.56,100.5,7.133
24305.56,100.5,7.1739
24306.57,99.5,7.2083
24307.57,99.5,7.2578
24308.58,102.5,7.3074
24309.58,100.5,7.3263
24310.59,102.5,7.3774
24311.59,101.5,7.4103
24312.6,99.5,7.4303
24313.6,129.4,7.5368
24314.61,102.5,7.5369
24315.61,103.5,7.5469
24316.62,101.5,7.5763
24317.62,100.5,7.6368
24318.63,100.6,7.6368
24319.63,100.5,7.6368
24320.64,99.5,7.6368
24321.64,100.5,7.6571
24322.65,101.5,7.7204
24323.65,100.5,7.7368
24324.66,100.5,7.7369
24325.67,100.5,7.7369
24326.67,101.5,7.7369
24327.68,101.5,7.7369
24328.68,99.5,7.7369
24329.69,101.5,7.7369
24330.69,99.5,7.7369
24331.7,100.5,7.7369
24332.7,100.5,7.7369
24333.71,101.5,7.7369
24334.71,101.5,7.7369
24335.72,102.5,7.7369
24336.72,100.5,7.7369
24337.73,104.5,7.7369
24338.73,100.5,7.7369
24339.74,100.5,7.7369
24340.74,198.9,7.7467
24341.75,200.0,7.7576
24342.75,268.6,7.7748
24343.76,202.0,7.7788
24344.76,202.0,7.7791
24345.77,199.9,7.7838
24346.77,142.3,7.7716
24347.78,101.5,7.7716
24348.78,104.5,7.7716
24349.79,100.5,7.7716
24350.79,101.5,7.7716
24351.8,99.5,7.7716
24352.81,102.5,7.7716
24353.81,99.5,7.7716
24354.82,101.5,7.7716
24355.82,99.5,7.7716
24356.83,100.5,7.7716
24357.83,100.5,7.7716
24358.84,100.5,7.7716
24359.84,101.5,7.7716
24360.85,100.5,7.7716
24361.85,101.5,7.7716
24362.86,101.5,7.7719
24363.86,106.4,7.7719
24364.87,100.5,7.7719
24365.87,99.5,7.7719
24366.88,100.5,7.7719
24367.88,101.5,7.7719
24368.89,99.5,7.7719
24369.89,102.5,7.7719
24370.9,98.5,7.7719
24371.9,100.5,7.7719
24372.91,102.5,7.7719
24373.91,101.5,7.7719
24374.92,100.6,7.7719
24375.92,100.5,7.7719
24376.93,100.5,7.7721
24377.93,100.5,7.7721
24378.94,100.6,7.7721
24379.94,102.5,7.7721
24380.95,99.5,7.7721
24381.95,100.5,7.7721
24382.96,100.5,7.7721
24383.96,100.5,7.7721
24384.97,100.5,7.7721
24385.97,99.5,7.7721
24386.98,102.5,7.7721
24387.98,100.5,7.7721
24388.99,100.5,7.7721
24389.99,101.5,7.7721
24391.0,100.5,7.7721
24392.0,99.5,7.7721
24393.01,100.5,7.7721
24394.01,101.5,7.7721
24395.02,101.5,7.7721
24396.02,99.5,7.7721
24397.03,101.5,7.7721
24398.03,101.6,7.7721
24399.04,100.5,7.7721
24400.04,99.5,7.7721
24401.05,101.5,7.7721
24402.05,99.5,7.7721
24403.06,100.5,7.7721
24404.06,101.5,7.7721
24405.07,99.5,7.7721
24406.07,100.5,7.7721
24407.08,100.6,7.7721
24408.08,101.5,7.7724
24409.09,100.5,7.7724
24410.09,99.5,7.7724
24411.1,100.6,7.7724
24412.1,100.5,7.7724
24413.11,101.5,7.7724
24414.11,101.5,7.7724
24415.12,101.5,7.7724
24416.12,101.5,7.7724
24417.13,99.5,7.7724
24418.13,99.5,7.7724
24419.14,102.5,7.7724
24420.14,99.5,7.7724
24421.15,102.5,7.7724
24422.15,99.5,7.7724
24423.16,100.5,7.7724
24424.16,100.5,7.7724
24425.17,101.5,7.7724
24426.17,99.5,7.7724
24427.18,100.5,7.7724
24428.18,100.5,7.7724
24429.19,100.5,7.7724
24430.19,100.5,7.7724
24431.2,101.5,7.7724
24432.2,100.5,7.7724
24433.21,100.5,7.7724
24434.22,99.5,7.7724
24435.22,100.6,7.7724
24436.22,102.5,7.7726
24437.23,101.5,7.7726
24438.23,100.5,7.7726
24439.24,99.5,7.7726
24440.24,100.5,7.7726
24441.25,101.5,7.7726
24442.25,100.7,7.7726
24443.26,101.5,7.7726
24444.26,101.5,7.7726
24445.27,100.5,7.7726
24446.27,99.5,7.7726
24447.28,101.5,7.7726
24448.28,101.5,7.7726
24449.29,99.5,7.7726
24450.29,99.5,7.7726
24451.3,100.5,7.7726
24452.3,101.5,7.7726
24453.31,100.5,7.7729
24454.31,99.5,7.7729
24455.32,100.6,7.7729
24456.32,99.5,7.7729
24457.33,101.5,7.7729
24458.33,99.5,7.7729
24459.34,101.5,7.7729
24460.34,100.5,7.7729
24461.35,100.5,7.7731
24462.35,101.5,7.7731
24463.36,101.6,7.7731
24464.36,101.5,7.7731
24465.37,101.5,7.7731
24466.37,99.5,7.7731
24467.38,101.5,7.7731
24468.38,99.5,7.7731
24469.39,100.5,7.7731
24470.39,101.5,7.7731
24471.4,100.5,7.7731
24472.4,100.5,7.7731
24473.41,100.5,7.7731
24474.41,100.5,7.7731
24475.42,99.5,7.7731
24476.42,99.5,7.7731
24477.43,101.5,7.7731
24478.43,101.6,7.7731
24479.44,100.5,7.7731
24480.44,100.5,7.7731
24481.45,100.5,7.7731
24482.45,101.5,7.7731
24483.46,101.5,7.7731
24484.46,99.5,7.7731
24485.47,101.5,7.7731
24486.47,100.5,7.7731
24487.48,100.5,7.7731
24488.48,101.5,7.7731
24489.49,100.5,7.7731
24490.49,100.5,7.7731
24491.5,101.5,7.7731
24492.5,100.5,7.7731
24493.51,100.5,7.7731
24494.51,99.5,7.7731
24495.52,101.5,7.7731
24496.52,99.5,7.7731
24497.53,101.5,7.7734
24498.53,101.5,7.7734
24499.54,100.5,7.7734
24500.54,100.5,7.7734
24501.55,100.5,7.7734
24502.55,101.5,7.7734
24503.56,100.5,7.7734
24504.56,100.5,7.7734
24505.57,99.5,7.7734
24506.57,102.5,7.7734
24507.58,99.5,7.7734
24508.58,101.6,7.7734
24509.59,99.5,7.7734
24510.59,101.5,7.7734
24511.6,99.5,7.7734
24512.6,100.6,7.7734
24513.61,101.5,7.7734
24514.61,100.5,7.7734
24515.62,101.5,7.7734
24516.62,100.5,7.7734
24517.63,100.5,7.7734
24518.63,100.5,7.7734
24519.64,101.6,7.7734
24520.64,100.5,7.7734
24521.65,100.5,7.7734
24522.65,100.6,7.7734
24523.66,100.5,7.7734
24524.66,100.5,7.7734
24525.67,100.5,7.7734
24526.67,100.5,7.7734
24527.68,100.5,7.7734
24528.68,100.5,7.7734
24529.69,165.1,7.7746
24530.69,100.5,7.7746
24531.7,100.6,7.7746
24532.7,101.5,7.7746
24533.71,100.5,7.7746
24534.71,99.5,7.7746
24535.72,102.5,7.7746
24536.72,99.5,7.7746
24537.73,100.5,7.7746
24538.73,100.5,7.7746
24539.74,100.6,7.7746
24540.74,101.5,7.7746
24541.75,102.5,7.7746
24542.75,101.5,7.7748
24543.76,100.5,7.7748
24544.76,101.5,7.7748
24545.77,99.5,7.7748
24546.77,100.5,7.7751
24547.78,101.5,7.7751
24548.78,99.5,7.7751
24549.79,99.5,7.7751
24550.79,100.5,7.7751
24551.8,100.5,7.7751
24552.8,101.5,7.7751
24553.81,102.5,7.7751
24554.82,98.5,7.7751
24555.82,101.5,7.7751
24556.83,100.5,7.7751
24557.83,100.5,7.7751
24558.84,99.5,7.7751
24559.84,101.5,7.7751
24560.85,101.5,7.7751
24561.85,100.5,7.7751
24562.86,100.6,7.7751
24563.86,100.5,7.7751
24564.87,100.5,7.7751
24565.87,100.5,7.7751
24566.88,100.5,7.7751
24567.88,100.5,7.7751
24568.89,101.5,7.7751
24569.89,100.5,7.7751
24570.9,115.7,7.8632
24571.9,270.6,2.7275
24572.91,2.0,2.5318
24573.91,294.4,2.7626
24574.91,301.0,2.8852
24575.92,343.5,3.1065
24576.93,315.3,3.3624
24577.93,306.4,3.6262
24578.94,307.4,3.8504
24579.94,310.9,4.0732
24580.95,316.6,4.2086
24581.95,1.0,2.5375
24582.95,291.4,2.7495
24583.96,299.4,2.8851
24584.96,341.1,3.088
24585.96,318.3,3.3324
24586.97,306.3,3.5885
24587.97,308.5,3.7944
24588.98,312.6,4.0487
24589.98,313.3,4.2266
24590.99,1.0,2.5795
24591.99,325.5,2.8172
24593.0,320.0,2.9354
24594.0,331.4,3.1745
24595.01,304.4,3.4328
24596.01,304.4,3.7176
24597.02,314.3,4.0156
24598.02,314.9,4.2478
24599.03,320.6,4.5088
24600.03,301.6,4.7127
24601.04,247.7,4.9809
24602.04,137.3,5.266
24603.05,112.5,5.5577
24604.05,101.5,5.9761
24605.06,99.5,6.394
24606.06,101.5,6.8126
24607.07,100.5,7.2279
24608.07,130.3,7.5798
24609.08,107.4,7.6919
24610.08,99.6,7.7056
24611.09,111.4,7.7056
24612.09,110.4,7.7056
24613.1,101.5,7.7056
24614.1,107.4,7.7056
24615.11,102.5,7.7056
24616.11,100.5,7.7056
24617.12,100.5,7.7056
24618.12,100.5,7.7056
24619.13,100.5,7.7056
24620.13,119.5,7.8182
24621.14,99.5,7.835
24622.14,103.5,7.835
24623.15,100.5,7.8354
24624.15,100.5,7.8354
24625.16,114.4,7.8355
24626.16,107.6,7.8355
24627.17,107.7,7.8355
24628.17,100.5,7.8355
24629.18,100.5,7.8355
24630.18,100.5,7.8355
24631.19,100.5,7.8355
24632.19,100.5,7.8357
24633.2,100.5,7.8357
24634.2,100.5,7.8357
24635.21,100.5,7.8357
24636.21,99.5,7.8357
24637.22,101.5,7.8357
24638.22,99.5,7.8357
24639.23,101.5,7.8357
24640.23,100.5,7.8357
24641.24,101.5,7.8357
24642.24,100.5,7.8357
24643.25,99.5,7.8357
24644.25,102.5,7.8357
24645.26,100.4,7.8357
24646.27,100.5,7.8357
24647.27,100.5,7.8357
24648.28,100.5,7.8357
24649.28,99.5,7.8357
24650.29,100.5,7.8357
24651.29,100.5,7.8357
24652.3,101.5,7.8357
24653.3,100.5,7.8357
24654.31,101.5,7.8357
24655.31,99.5,7.8357
24656.32,100.5,7.8357
24657.32,100.5,7.8357
24658.33,101.5,7.8357
24659.33,100.5,7.8357
24660.34,99.5,7.8357
24661.34,100.5,7.8357
24662.35,100.5,7.8357
24663.35,101.6,7.8357
24664.36,100.5,7.8357
24665.36,99.5,7.8357
24666.37,100.5,7.8357
24667.37,101.6,7.8357
24668.38,118.4,7.8363
24669.38,100.5,7.8363
24670.39,100.5,7.8363
24671.39,101.5,7.8363
24672.4,99.5,7.8363
24673.4,99.5,7.8363
24674.41,102.5,7.8363
24675.41,99.5,7.8363
24676.42,100.5,7.8363
24677.42,101.5,7.8365
24678.43,101.5,7.8365
24679.44,101.5,7.8365
24680.44,99.5,7.8365
24681.45,100.5,7.8365
24682.45,100.5,7.8365
24683.46,99.5,7.8365
24684.46,100.5,7.8365
24685.47,100.6,7.8365
24686.47,101.5,7.8365
24687.48,99.5,7.8365
24688.48,99.5,7.8365
24689.49,102.5,7.8365
24690.49,99.5,7.8365
24691.49,99.6,7.8365
24692.5,103.4,7.8365
24693.5,99.7,7.8365
24694.51,99.8,7.8365
24695.51,101.5,7.8365
24696.52,100.5,7.8365
24697.52,100.7,7.8365
24698.52,100.5,7.8365
24699.53,100.5,7.8365
24700.53,100.5,7.8365
24701.54,100.6,7.8365
24702.54,100.5,7.8365
24703.55,99.5,7.8365
24704.55,99.7,7.8365
24705.56,102.5,7.8365
24706.56,100.5,7.8365
24707.57,100.5,7.8368
24708.57,101.5,7.8368
24709.58,99.6,7.8368
24710.58,101.5,7.8368
24711.59,100.5,7.8368
24712.59,99.5,7.8368
24713.6,101.5,7.8368
24714.6,101.5,7.8368
24715.61,99.5,7.8368
24716.61,100.5,7.8368
24717.62,100.5,7.8368
24718.62,99.5,7.8368
24719.63,100.5,7.8368
24720.63,101.5,7.8368
24721.64,101.5,7.8368
24722.64,100.6,7.8371
24723.65,99.5,7.8371
24724.65,100.5,7.8371
24725.66,101.5,7.8371
24726.66,100.5,7.8371
24727.67,99.5,7.8371
24728.67,100.5,7.8371
24729.68,101.5,7.8371
24730.68,100.5,7.8371
24731.69,101.5,7.8371
24732.69,99.5,7.8371
24733.7,99.5,7.8371
24734.71,100.5,7.8371
24735.71,101.5,7.8371
24736.72,100.5,7.8371
24737.72,100.5,7.8371
24738.73,102.5,7.8371
24739.73,104.5,7.8371
24740.74,101.5,7.8371
24741.74,100.5,7.8371
24742.75,101.5,7.8371
24743.75,100.5,7.8371
24744.76,102.5,7.8371
24745.76,101.5,7.8371
24746.77,99.5,7.8371
24747.77,100.5,7.8371
24748.78,101.5,7.8371
24749.78,99.5,7.8371
24750.79,104.4,7.8371
24751.79,99.5,7.8371
24752.8,102.5,7.8371
24753.8,117.5,7.8376
24754.81,100.5,7.8376
24755.81,101.6,7.8376
24756.82,101.5,7.8376
24757.82,99.5,7.8376
24758.83,101.5,7.8376
24759.83,100.5,7.8376
24760.84,101.5,7.8376
24761.84,99.5,7.8376
24762.85,100.5,7.8376
24763.85,101.6,7.8376
24764.86,100.5,7.8376
24765.86,99.5,7.8376
24766.87,101.5,7.8376
24767.87,100.5,7.8376
24768.88,100.5,7.8376
24769.88,100.5,7.8376
24770.89,100.5,7.8376
24771.89,100.6,7.8376
24772.9,101.5,7.8378
24773.9,100.5,7.8378
24774.91,101.5,7.8378
24775.91,99.6,7.8378
24776.92,100.5,7.8378
24777.92,101.5,7.8378
24778.93,100.5,7.8378
24779.93,99.6,7.8378
24780.94,101.5,7.8378
24781.94,99.5,7.8378
24782.95,99.5,7.8378
24783.95,101.5,7.8378
24784.96,100.5,7.8378
24785.96,101.5,7.8378
24786.97,101.5,7.8378
24787.97,99.6,7.8378
24788.98,102.5,7.8378
24789.98,99.5,7.8378
24790.99,100.5,7.8378
24791.99,100.6,7.8378
24793.0,100.5,7.8381
24794.0,101.5,7.8381
24795.01,100.5,7.8381
24796.01,99.5,7.8381
24797.02,100.5,7.8381
24798.02,100.5,7.8381
24799.03,100.6,7.8381
24800.03,99.5,7.8381
24801.04,101.6,7.8381
24802.04,100.5,7.8381
24803.05,101.5,7.8381
24804.05,101.5,7.8381
24805.06,99.6,7.8381
24806.06,100.5,7.8381
24807.07,101.5,7.8381
24808.07,100.5,7.8381
24809.08,99.5,7.8381
24810.08,100.5,7.8381
24811.09,100.5,7.8381
24812.09,101.5,7.8381
24813.1,102.5,7.8381
24814.1,100.5,7.8381
24815.11,99.5,7.8381
24816.11,100.5,7.8381
24817.12,100.5,7.8381
24818.12,101.5,7.8383
24819.13,99.5,7.8383
24820.13,102.6,7.8383
24821.14,99.5,7.8383
24822.14,101.5,7.8383
24823.15,100.5,7.8383
24824.15,99.6,7.8383
24825.16,102.5,7.8383
24826.16,99.5,7.8383
24827.17,100.5,7.8383
24828.17,100.5,7.8383
24829.18,99.5,7.8383
24830.18,100.7,7.8383
24831.19,100.6,7.8383
24832.19,100.5,7.8383
24833.2,101.5,7.8383
24834.2,99.5,7.8383
24835.21,101.6,7.8383
24836.21,100.5,7.8386
24837.22,100.5,7.8386
24838.22,101.5,7.8386
24839.23,100.6,7.8386
24840.23,100.5,7.8386
24841.24,100.5,7.8386
24842.24,102.5,7.8386
24843.25,99.5,7.8386
24844.25,101.5,7.8386
24845.26,99.5,7.8386
24846.26,100.5,7.8386
24847.27,99.5,7.8386
24848.27,103.5,7.8386
24849.28,99.5,7.8386
24850.28,99.5,7.8386
24851.29,99.6,7.8386
24852.29,102.5,7.8386
24853.3,99.5,7.8386
24854.3,99.5,7.8386
24855.31,101.5,7.8386
24856.31,100.5,7.8386
24857.32,99.5,7.8386
24858.32,101.5,7.8386
24859.33,99.6,7.8386
24860.33,100.5,7.8386
24861.34,100.5,7.8386
24862.34,100.5,7.8386
24863.35,100.6,7.8388
24864.35,101.4,7.8388
24865.36,118.4,7.8392
24866.36,102.5,7.8392
24867.37,100.5,7.8392
24868.37,101.5,7.8392
24869.38,99.5,7.8392
24870.38,100.5,7.8392
24871.39,100.5,7.8392
24872.39,100.5,7.8392
24873.4,101.5,7.8392
24874.4,101.5,7.8392
24875.41,98.5,7.8392
24876.41,100.5,7.8392
24877.42,101.5,7.8392
24878.42,99.5,7.8395
24879.43,102.5,7.8395
24880.43,100.5,7.8395
24881.44,101.5,7.8395
24882.45,100.5,7.8395
24883.45,100.5,7.8395
24884.46,100.5,7.8395
24885.46,101.5,7.8395
24886.47,101.5,7.8395
24887.47,99.5,7.8395
24888.48,100.5,7.8395
24889.48,101.5,7.8395
24890.49,100.5,7.8395
24891.49,1398.5,2.6791
24892.5,309.0,2.8615
24893.5,358.3,3.047
24894.51,314.3,3.2892
24895.51,309.3,3.5662
24896.52,311.3,3.8419
24897.52,303.4,4.1116
24898.53,312.3,4.2653
24899.53,1.0,2.6034
24900.53,350.9,2.8442
24901.54,343.2,3.0245
24902.55,313.3,3.272
24903.55,309.3,3.5409
24904.56,302.3,3.7833
24905.56,316.3,4.083
24906.57,324.7,4.332
24907.57,309.3,4.7039
24908.58,281.5,5.0896
24909.58,196.0,5.4819
24910.59,141.3,5.881
24911.59,151.2,6.2904
24912.6,205.9,6.6952
24913.6,174.1,7.1242
24914.61,132.3,7.5478
24915.61,104.5,7.6775
24916.62,175.0,7.7109
24917.62,224.8,7.7276
24918.63,102.5,7.7276
24919.63,100.5,7.7079
24920.64,103.5,7.7079
24921.65,101.5,7.7079
24922.65,100.4,7.7079
24923.66,100.5,7.7079
24924.66,100.5,7.6975
24925.67,117.4,7.8275
24926.67,100.5,7.8275
24927.68,100.6,7.8278
24928.68,99.7,7.8278
24929.68,102.5,7.8278
24930.69,99.5,7.8278
24931.69,101.5,7.8278
24932.7,99.5,7.8278
24933.7,101.5,7.8278
24934.71,118.4,7.8285
24935.72,111.4,7.8287
24936.72,99.5,7.8287
24937.73,101.5,7.8287
24938.73,101.5,7.8287
24939.74,100.5,7.8287
24940.74,100.5,7.8287
24941.75,102.5,7.8287
24942.75,120.3,7.8287
24943.76,114.4,7.8288
24944.76,101.5,7.8288
24945.77,100.5,7.8288
24946.77,99.5,7.8288
24947.78,100.5,7.8288
24948.78,101.5,7.8288
24949.79,102.5,7.8288
24950.79,115.4,7.8288
24951.8,99.6,7.8288
24952.8,101.5,7.8288
24953.81,100.5,7.8288
24954.81,103.5,7.8288
24955.82,99.5,7.8288
24956.82,100.5,7.8288
24957.83,102.5,7.8291
24958.83,99.5,7.8291
24959.84,117.4,7.9115
24960.84,101.5,7.9115
24961.85,102.5,7.9115
24962.85,100.5,7.9118
24963.86,100.5,7.9118
24964.86,100.5,7.9118
24965.87,100.5,7.9118
24966.87,99.5,7.9118
24967.88,101.5,8.0238
24968.89,100.5,8.5428
24969.89,101.6,8.9946
24970.89,132.3,9.3053
24971.9,100.5,9.3053
24972.91,100.4,9.3053
24973.91,100.5,9.3053
24974.92,100.5,9.3055
24975.92,100.5,9.3055
24976.93,100.5,9.3055
24977.93,100.4,9.3055
24978.94,99.5,9.3055
24979.94,101.6,9.3055
24980.95,101.5,9.3055
24981.95,101.5,9.3064
24982.96,100.5,9.3064
24983.96,102.5,9.3064
24984.97,99.5,9.3064
24985.97,100.5,9.3064
24986.98,100.5,9.3064
24987.98,101.4,9.3064
24988.99,100.5,9.3064
24989.99,100.5,9.3064
24991.0,102.5,9.3065
24992.0,98.5,9.3065
24993.01,102.4,9.3065
24994.02,100.5,9.3065
24995.02,100.5,9.3065
24996.03,100.5,9.3065
24997.03,100.5,9.3065
24998.04,100.4,9.3065
24999.04,101.5,9.3065
25000.05,99.5,9.3065
25001.05,100.5,9.3065
25002.06,101.5,9.3065
25003.06,100.5,9.3066
25004.07,100.5,9.3066
25005.07,100.5,9.3066
25006.08,102.5,9.3066
25007.08,100.5,9.3066
25008.09,99.4,9.3066
25009.09,111.5,9.3066
25010.1,99.5,9.3066
25011.1,102.5,9.3066
25012.11,99.5,9.3066
25013.12,100.3,9.3066
25014.12,101.5,9.3066
25015.13,99.5,9.3066
25016.13,101.5,9.3066
25017.14,101.5,9.3066
25018.14,100.4,9.3066
25019.15,99.5,9.3066
25020.15,100.5,9.3066
25021.16,101.5,9.3066
25022.16,99.6,9.3066
25023.17,102.2,9.3067
25024.17,99.5,9.3067
25025.18,101.5,9.3067
25026.19,99.5,9.3067
25027.19,101.6,9.3067
25028.19,100.4,9.3067
25029.2,99.5,9.3067
25030.2,102.5,9.3067
25031.21,100.6,9.3067
25032.21,100.5,9.3067
25033.22,121.1,9.3067
25034.23,101.5,9.3067
25035.23,101.5,9.3067
25036.24,101.5,9.3067
25037.24,100.5,9.3069
25038.25,101.3,9.3069
25039.25,100.5,9.3069
25040.26,100.5,9.3069
25041.26,100.5,9.3069
25042.27,100.5,9.3069
25043.28,100.3,9.3069
25044.28,104.5,9.3069
25045.29,100.5,9.3069
25046.29,100.5,9.3069
25047.3,101.5,9.3072
25048.3,100.3,9.3073
25049.31,100.5,9.3073
25050.31,102.5,9.3073
25051.32,99.5,9.3073
25052.32,100.5,9.3073
25053.33,100.4,9.3073
25054.33,100.5,9.3073
25055.34,101.5,9.3073
25056.34,99.5,9.3073
25057.35,100.5,9.3073
25058.36,101.4,9.3073
25059.36,100.5,9.3073
25060.37,101.5,9.3073
25061.37,100.6,9.3073
25062.37,101.5,9.3073
25063.38,101.3,9.3073
25064.39,99.5,9.3073
25065.39,99.5,9.3073
25066.4,100.5,9.3073
25067.4,102.5,9.3073
25068.41,100.5,9.3073
25069.41,99.5,9.3073
25070.42,100.6,9.3073
25071.42,102.5,9.3073
25072.43,99.5,9.3073
25073.44,101.2,9.3073
25074.44,100.5,9.3073
25075.45,100.5,9.3073
25076.45,100.5,9.3073
25077.46,100.5,9.3073
25078.46,100.4,9.3073
25079.47,100.5,9.3073
25080.47,100.5,9.3073
25081.48,101.5,9.3074
25082.48,99.5,9.3074
25083.49,102.2,9.3074
25084.49,101.6,9.3074
25085.5,100.5,9.3074
25086.5,100.5,9.3074
25087.51,101.5,9.3074
25088.52,100.3,9.3074
25089.52,101.5,9.3074
25090.53,99.5,9.3074
25091.53,101.5,9.3074
25092.54,100.5,9.3076
25093.54,100.4,9.3076
25094.55,101.5,9.3076
25095.55,100.5,9.3076
25096.56,100.5,9.3076
25097.56,100.5,9.3076
25098.57,99.3,9.3076
25099.57,101.5,9.3076
25100.59,106.2,9.3077
25101.6,279.6,9.34
25102.6,212.1,9.3559
25103.61,100.5,9.3559
25104.61,99.5,9.3559
25105.62,102.5,9.3559
25106.62,99.5,9.3559
25107.63,101.5,9.3559
25108.63,99.5,9.3559
25109.64,102.5,9.3559
25110.64,99.5,9.3559
25111.65,99.5,9.3559
25112.65,101.5,9.3559
25113.66,101.5,9.3561
25114.66,100.5,9.3561
25115.67,104.6,9.3561
25116.67,104.5,9.3561
25117.68,101.5,9.3561
25118.68,100.5,9.3561
25119.69,99.5,9.3402
25120.69,100.6,9.3402
25121.69,101.5,9.3402
25122.7,101.5,9.3402
25123.7,99.5,9.3402
25124.71,100.5,9.3402
25125.71,100.6,9.3402
25126.72,100.6,9.3402
25127.72,99.5,9.3402
25128.73,99.5,9.3402
25129.73,101.5,9.3402
25130.74,100.5,9.3402
25131.74,101.5,9.3402
25132.75,102.5,9.3404
25133.75,99.5,9.3404
25134.76,99.5,9.3404
25135.76,100.5,9.3404
25136.77,101.5,9.3404
25137.77,99.5,9.3404
25138.78,101.4,9.3404
25139.78,100.6,9.3404
25140.79,99.7,9.3404
25141.79,100.5,9.3404
25142.8,101.6,9.3407
25143.8,99.5,9.3407
25144.81,99.5,9.3407
25145.81,101.5,9.3407
25146.82,100.5,9.3407
25147.82,101.5,9.3407
25148.83,100.5,9.3407
25149.83,101.5,9.3407
25150.84,101.5,9.3408
25151.84,99.5,9.3408
25152.85,102.5,9.3409
25153.85,101.5,9.3409
25154.86,100.5,9.3409
25155.86,99.5,9.3409
25156.87,100.5,9.3409
25157.87,101.6,9.3409
25158.88,100.5,9.3409
25159.88,100.5,9.3409
25160.89,99.5,9.3409
25161.89,101.5,9.3409
25162.9,102.5,9.3409
25163.9,100.5,9.3409
25164.91,98.5,9.3409
25165.91,101.5,9.3409
25166.92,100.5,9.3409
25167.92,100.5,9.3409
25168.93,101.6,9.3409
25169.93,100.5,9.3409
25170.94,100.5,9.3409
25171.94,100.5,9.3409
25172.95,99.6,9.3409
25173.95,100.5,9.3409
25174.96,100.5,9.3409
25175.96,99.5,9.3409
25176.97,102.6,9.3409
25177.97,101.5,9.3409
25178.98,100.5,9.3409
25179.98,99.5,9.3409
25180.99,101.5,9.3409
25181.99,100.5,9.3409
25183.0,99.5,9.3409
25184.0,103.5,9.3409
25185.01,101.5,9.3409
25186.01,100.5,9.3409
25187.02,100.5,9.3409
25188.02,102.5,9.3409
25189.03,100.5,9.3411
25190.03,100.5,9.3411
25191.04,100.5,9.3411
25192.04,100.5,9.3411
25193.05,101.5,9.3413
25194.05,100.5,9.3413
25195.06,101.5,9.3413
25196.06,100.5,9.3413
25197.07,99.5,9.3413
25198.07,101.5,9.3413
25199.08,100.5,9.3413
25200.08,1.0,2.6888
25201.09,308.0,2.8258
25202.09,344.2,3.0653
25203.09,262.6,3.2868
25204.1,112.4,3.3574
25205.1,117.4,3.4143
25206.11,100.5,3.4551
25207.11,103.5,3.5049
25208.12,102.5,3.5393
25209.12,100.5,3.5712
25210.13,100.7,3.6021
25211.13,105.7,3.6325
25212.14,102.4,3.6621
25213.14,99.5,3.6929
25214.15,103.5,3.7041
25215.15,99.5,3.7314
25216.16,101.5,3.757
25217.16,121.4,3.7987
25218.17,100.5,3.8065
25219.17,102.5,3.8328
25220.18,100.5,3.8593
25221.18,100.5,3.8857
25222.19,103.5,3.9109
25223.19,100.5,3.9363
25224.2,100.5,3.9621
25225.2,100.5,3.9866
25226.21,103.5,4.0254
25227.21,100.5,4.0386
25228.22,102.5,4.0635
25229.22,99.5,4.0898
25230.23,101.5,4.1148
25231.23,99.6,4.1398
25232.24,102.5,4.1644
25233.24,99.5,4.189
25234.25,100.5,4.2136
25235.25,101.5,4.2377
25236.26,101.5,4.2618
25237.26,100.5,4.296
25238.27,100.5,4.312
25239.28,101.5,4.3345
25240.28,103.5,4.368
25241.29,100.5,4.3825
25242.29,99.5,4.4121
25243.3,102.5,4.4121
25244.3,101.5,4.4244
25245.31,100.5,4.4386
25246.31,100.5,4.4521
25247.32,99.5,4.4661
25248.32,105.4,4.4851
25249.33,99.5,4.4987
25250.33,101.5,4.515
25251.34,105.5,4.5323
25252.34,169.1,4.5802
25253.35,102.5,4.5984
25254.36,100.2,4.5928
25255.36,100.5,4.6066
25256.37,100.5,4.6204
25257.37,101.5,4.6204
25258.38,169.2,4.6314
25259.38,5.0,2.5824
25260.39,317.9,2.763
25261.39,344.0,2.9517
25262.39,337.2,3.1688
25263.39,157.5,3.3271
25264.4,220.9,3.4109
25265.4,2.0,2.689
25266.41,309.2,2.8241
25267.41,335.3,3.049
25268.41,1.0,2.5973
25269.41,302.8,2.7693
25270.42,344.4,2.9601
25271.43,1.0,2.5801
25272.43,284.1,2.7502
25273.43,348.1,2.896
25274.44,337.0,3.1304
25275.44,0.0,2.5787
25276.45,285.6,2.7432
25277.46,1.0,2.5769
25278.46,311.3,2.7535
25279.46,342.0,2.8822
25280.47,3.0,2.6611
25281.47,326.3,2.9953
25282.48,309.3,3.3477
25283.48,241.7,3.7298
25284.49,154.3,4.1261
25285.49,144.2,4.5989
25286.5,227.4,4.937
25287.5,343.9,5.0692
25288.5,340.2,5.2928
25289.51,314.2,5.5047
25290.52,309.3,5.7585
25291.52,310.8,5.9925
25292.52,304.4,6.2426
25293.53,302.4,6.4698
25294.53,300.1,6.7143
25295.54,303.8,6.9798
25296.54,305.4,7.2053
25297.54,289.7,7.4269
25298.55,350.8,8.2419
25299.55,307.3,8.2941
25300.56,304.3,8.2945
25301.56,302.3,8.2979
25302.57,285.7,8.2985
25303.57,193.2,8.2985
25304.58,242.3,8.2987
25305.58,202.0,8.296
25306.59,182.0,8.296
25307.6,110.4,8.296
25308.6,108.4,8.296
25309.61,136.3,8.296
25310.61,128.3,8.3707
25311.62,103.4,8.396
25312.62,139.3,8.3948
25313.63,190.2,8.3948
25314.63,109.3,8.3948
25315.64,134.3,8.3948
25316.64,102.4,8.3948
25317.65,108.4,8.3948
25318.65,101.5,8.3948
25319.66,101.4,8.3948
25320.67,99.5,8.3948
25321.67,139.4,8.3948
25322.68,135.3,8.3948
25323.68,101.4,8.3914
25324.69,99.4,8.3914
25325.69,101.5,8.3914
25326.7,115.4,8.3914
25327.7,104.4,8.3914
25328.71,102.4,8.3914
25329.71,104.5,8.3914
25330.72,103.5,8.3914
25331.72,100.5,8.3872
25332.73,115.6,8.3874
25333.73,124.3,8.3874
25334.74,101.3,8.3874
25335.75,100.5,8.3851
25336.75,102.4,8.3817
25337.76,99.5,8.3817
25338.76,118.4,8.3817
25339.77,102.5,8.3817
25340.77,124.3,8.3817
25341.78,104.5,8.3768
25342.78,107.4,8.3768
25343.79,272.6,9.1445
25344.79,104.4,9.1925
25345.8,102.5,9.1925
25346.8,100.5,9.1925
25347.81,100.4,9.1925
25348.81,101.5,9.1913
25349.82,111.2,9.1913
25350.83,103.5,9.1913
25351.83,101.5,9.1913
25352.84,101.5,9.1913
25353.84,99.6,9.1913
25354.85,100.2,9.1913
25355.85,101.6,9.1913
25356.86,101.5,9.1913
25357.86,113.4,9.1915
25358.87,99.5,9.1915
25359.87,104.6,9.1915
25360.88,106.4,9.1915
25361.88,108.4,9.1915
25362.89,100.5,9.1915
25363.89,105.4,9.1917
25364.9,106.4,9.1917
25365.91,103.5,9.1917
25366.91,100.5,9.1917
25367.92,100.5,9.1919
25368.92,99.5,9.1919
25369.93,101.5,9.1919
25370.93,100.5,9.1919
25371.94,99.5,9.1919
25372.94,102.5,9.1919
25373.95,104.4,9.1919
25374.95,103.4,9.1919
25375.96,101.5,9.1919
25376.96,104.4,9.1919
25377.97,102.5,9.1919
25378.97,101.4,9.1919
25379.98,101.2,9.1919
25380.99,101.5,9.1919
25381.99,101.5,9.1919
25383.0,100.6,9.1919
25384.0,100.5,9.1919
25385.01,99.2,9.1919
25386.01,101.6,9.1919
25387.02,99.6,9.1919
25388.02,101.5,9.1919
25389.03,103.5,9.1919
25390.03,140.3,9.1919
25391.04,110.5,9.1919
25392.04,101.5,9.1919
25393.05,99.5,9.1919
25394.05,102.7,9.1919
25395.06,99.6,9.1919
25396.06,103.4,9.1919
25397.07,100.5,9.1919
25398.07,101.5,9.1919
25399.08,102.5,9.1919
25400.08,104.4,9.1919
25401.09,101.5,9.1919
25402.09,100.5,9.1919
25403.1,102.5,9.1919
25404.1,100.5,9.1919
25405.11,113.4,9.1919
25406.11,100.5,9.1919
25407.12,103.5,9.1919
25408.12,100.5,9.1919
25409.13,100.5,9.1919
25410.13,100.6,9.1919
25411.14,102.4,9.1919
25412.14,101.5,9.1919
25413.15,100.5,9.1922
25414.15,101.5,9.1922
25415.16,101.5,9.1922
25416.17,101.5,9.1922
25417.17,99.6,9.1922
25418.17,101.5,9.1922
25419.18,101.5,9.1922
25420.19,99.5,9.1922
25421.19,102.5,9.1922
25422.2,114.4,9.1922
25423.2,156.2,9.1922
25424.21,114.4,9.1922
25425.21,99.5,9.1922
25426.22,100.5,9.1922
25427.22,100.5,9.1922
25428.23,101.5,9.1922
25429.23,100.5,9.1922
25430.24,101.5,9.1922
25431.24,99.5,9.1922
25432.25,100.5,9.1922
25433.25,102.6,9.1922
25434.26,100.5,9.1922
25435.26,101.5,9.1922
25436.27,99.5,9.1922
25437.27,100.5,9.1922
25438.28,100.5,9.1922
25439.29,101.4,9.1922
25440.29,100.5,9.1922
25441.3,101.5,9.1922
25442.3,100.5,9.1922
25443.31,101.5,9.1924
25444.31,102.5,9.1924
25445.32,99.5,9.1924
25446.32,100.5,9.1924
25447.33,101.5,9.1924
25448.33,100.5,9.1924
25449.34,101.5,9.1924
25450.34,100.5,9.1924
25451.35,101.5,9.1924
25452.35,99.5,9.1924
25453.36,100.5,9.1924
25454.36,109.4,9.1924
25455.37,114.4,9.1924
25456.37,101.5,9.1924
25457.38,100.6,9.1924
25458.38,137.6,9.1927
25459.39,237.8,9.2952
25460.39,100.5,9.2952
25461.4,100.5,9.2952
25462.4,100.5,9.2955
25463.41,101.5,9.2955
25464.41,101.5,9.2955
25465.42,100.5,9.2955
25466.42,100.5,9.2955
25467.43,100.5,9.2955
25468.43,100.5,9.2955
25469.44,101.5,9.2955
25470.44,99.5,9.2955
25471.45,99.5,9.2955
25472.45,101.5,9.2955
25473.46,100.5,9.2955
25474.47,100.5,9.2955
25475.47,100.5,9.2955
25476.48,100.5,9.2955
25477.48,102.5,9.2955
25478.49,100.5,9.2955
25479.49,100.5,9.2955
25480.5,100.5,9.2955
25481.5,100.5,9.2955
25482.51,100.5,9.2955
25483.51,100.5,9.2955
25484.52,101.5,9.2955
25485.52,99.5,9.2955
25486.53,101.5,9.2955
25487.54,100.5,9.2955
25488.54,102.5,9.2955
25489.55,100.5,9.2955
25490.55,100.5,9.2955
25491.56,100.5,9.2955
25492.56,100.5,9.2955
25493.57,100.5,9.2955
25494.57,101.5,9.2955
25495.58,101.5,9.2955
25496.58,99.5,9.2955
25497.59,101.5,9.2955
25498.59,101.5,9.2955
25499.6,99.5,9.2955
25500.6,99.5,9.2955
25501.61,101.5,9.2955
25502.62,100.5,9.2955
25503.62,100.5,9.2955
25504.63,102.5,9.2955
25505.63,100.5,9.2955
25506.64,99.5,9.2955
25507.64,105.5,9.2957
25508.65,159.2,9.2957
25509.65,99.5,9.2957
25510.66,102.5,9.2957
25511.66,99.5,9.2957
25512.67,101.5,9.2957
25513.67,101.5,9.2957
25514.68,99.5,9.2957
25515.68,99.5,9.2957
25516.69,100.5,9.2957
25517.7,100.5,9.2957
25518.7,101.5,9.2957
25519.71,101.5,9.2957
25520.71,99.5,9.2957
25521.72,101.5,9.2957
25522.72,101.5,9.2957
25523.73,100.5,9.2957
25524.73,100.5,9.2957
25525.74,100.5,9.2957
25526.74,105.4,9.2957
25527.75,100.5,9.2962
25528.75,101.5,9.2962
25529.76,99.5,9.2962
25530.77,100.5,9.2962
25531.77,101.5,9.2962
25532.78,101.5,9.2962
25533.78,100.5,9.2962
25534.79,100.5,9.2962
25535.79,101.5,9.2962
25536.8,100.5,9.2962
25537.8,101.5,9.2962
25538.81,100.4,9.2962
25539.81,99.5,9.2962
25540.82,100.5,9.2962
25541.82,101.5,9.2962
25542.83,102.5,9.2962
25543.84,101.5,9.2962
25544.84,99.5,9.2962
25545.85,100.5,9.2962
25546.85,100.5,9.2962
25547.86,100.5,9.2962
25548.86,101.5,9.2962
25549.87,99.5,9.2962
25550.87,101.5,9.2962
25551.88,99.5,9.2962
25552.88,101.5,9.2965
25553.89,99.5,9.2965
25554.89,101.5,9.2965
25555.9,99.5,9.2965
25556.9,101.6,9.2965
25557.91,101.5,9.2965
25558.91,99.5,9.2965
25559.92,101.6,9.2965
25560.92,102.5,9.2965
25561.93,100.5,9.2965
25562.93,109.4,9.2965
25563.94,101.5,9.2965
25564.94,99.5,9.2965
25565.95,100.5,9.2965
25566.95,101.5,9.2965
25567.96,100.5,9.2965
25568.97,99.5,9.2965
25569.97,102.5,9.2965
25570.98,101.5,9.2965
25571.98,100.5,9.2965
25572.99,99.6,9.2965
25573.99,101.5,9.2965
25575.0,100.5,9.2965
25576.0,102.5,9.2965
25577.01,99.5,9.2965
25578.01,101.5,9.2965
25579.02,99.5,9.2965
25580.02,101.5,2.5658
25581.03,306.3,2.8064
25582.03,308.3,3.1432
25583.04,238.7,3.6225
25584.04,170.1,4.1069
25585.05,147.2,4.5807
25586.06,183.6,4.9139
25587.06,344.9,5.064
25588.07,339.2,5.319
25589.07,326.2,5.6299
25590.08,313.6,5.9145
25591.08,303.3,6.1933
25592.09,310.2,6.4091
25593.09,301.4,6.6602
25594.1,302.3,6.9135
25595.1,306.3,7.1443
25596.11,301.4,7.3636
25597.11,332.2,8.2066
25598.12,308.4,8.2652
25599.13,303.4,8.2662
25600.13,295.4,8.267
25601.14,305.4,8.2678
25602.14,208.9,8.2685
25603.15,245.7,8.2719
25604.15,203.0,8.2764
25605.16,138.3,8.2764
25606.16,137.3,8.2764
25607.17,106.4,8.2698
25608.17,151.3,8.2698
25609.18,102.5,8.2698
25610.18,105.4,8.2652
25611.19,118.4,8.2652
25612.19,192.0,8.2654
25613.2,103.4,8.2656
25614.21,157.1,8.2666
25615.21,115.5,8.2666
25616.22,107.4,8.2666
25617.22,106.4,8.2666
25618.23,103.5,8.2666
25619.23,100.5,8.2666
25620.24,146.2,8.2666
25621.24,102.7,8.2666
25622.24,100.5,8.2666
25623.25,101.5,8.2666
25624.26,121.4,8.2666
25625.26,105.4,8.2666
25626.27,100.5,8.2666
25627.27,106.5,8.2666
25628.28,100.5,8.2666
25629.28,101.5,8.2666
25630.29,119.4,8.2666
25631.29,119.4,8.2666
25632.3,120.4,8.2666
25633.3,102.5,8.2666
25634.31,100.5,8.2666
25635.31,102.5,8.2666
25636.32,102.5,8.2666
25637.32,112.4,8.2666
25638.33,101.5,8.2666
25639.33,110.4,8.2666
25640.34,107.4,8.3624
25641.34,260.6,9.1346
25642.35,119.4,9.1826
25643.35,102.5,9.1826
25644.36,99.5,9.1826
25645.37,101.5,9.1826
25646.37,102.5,9.1826
25647.38,107.4,9.1828
25648.38,103.4,9.1828
25649.39,101.5,9.1828
25650.39,99.5,9.1828
25651.4,105.4,9.1828
25652.4,107.5,9.1828
25653.41,101.5,9.1828
25654.41,100.5,9.1828
25655.42,131.3,9.1828
25656.42,106.4,9.1828
25657.43,102.5,9.1828
25658.43,108.4,9.1828
25659.44,100.5,9.1828
25660.44,102.5,9.1828
25661.45,109.4,9.1829
25662.46,101.5,9.1829
25663.46,101.5,9.1829
25664.47,101.5,9.1829
25665.47,100.5,9.1829
25666.48,99.5,9.1829
25667.48,102.5,9.1829
25668.49,100.5,9.1829
25669.49,100.5,9.1829
25670.5,100.5,9.1829
25671.5,101.5,9.1829
25672.51,101.7,9.1829
25673.51,101.4,9.1829
25674.52,100.5,9.1829
25675.52,100.5,9.1829
25676.53,103.4,9.1829
25677.53,106.4,9.1829
25678.54,100.5,9.1829
25679.54,99.5,9.1829
25680.55,102.6,9.1829
25681.55,99.5,9.1829
25682.56,100.5,9.1829
25683.56,103.5,9.1829
25684.57,99.5,9.1829
25685.57,101.5,9.1829
25686.58,101.5,9.1829
25687.58,144.2,9.1841
25688.59,160.2,9.1841
25689.59,100.5,9.1841
25690.6,101.5,9.1841
25691.6,100.5,9.1841
25692.61,101.5,9.1843
25693.61,101.5,9.1843
25694.62,101.5,9.1843
25695.62,102.5,9.1843
25696.63,111.4,9.1843
25697.64,109.4,9.1846
25698.64,101.5,9.1846
25699.65,99.5,9.1846
25700.65,103.4,9.1846
25701.66,101.5,9.1846
25702.66,105.4,9.1846
25703.67,109.4,9.1846
25704.67,102.5,9.1846
25705.68,100.5,9.1846
25706.68,102.5,9.1846
25707.69,100.5,9.1846
25708.69,102.5,9.1846
25709.7,103.4,9.1846
25710.7,101.5,9.1846
25711.71,101.5,9.1846
25712.72,101.5,9.1846
25713.72,99.6,9.1846
25714.72,100.5,9.1846
25715.73,101.5,9.1846
25716.73,101.5,9.1846
25717.74,99.5,9.1846
25718.75,105.5,9.1846
25719.75,108.5,9.1846
25720.76,148.2,9.1846
25721.76,103.5,9.1846
25722.77,126.3,9.1846
25723.77,140.3,9.1877
25724.78,100.5,9.1877
25725.78,99.5,9.1821
25726.79,100.5,9.1821
25727.79,101.5,9.1821
25728.8,101.5,9.1821
25729.8,101.5,9.1821
25730.81,100.5,9.1822
25731.81,100.5,9.1822
25732.82,102.5,9.1822
25733.82,100.5,9.1822
25734.83,101.5,9.1822
25735.83,100.5,9.1824
25736.84,100.5,9.1824
25737.84,100.5,9.1826
25738.85,101.5,9.1826
25739.85,100.5,9.1826
25740.86,100.5,9.1826
25741.86,101.5,9.1826
25742.87,101.5,9.1826
25743.87,99.5,9.1826
25744.88,101.5,9.1826
25745.88,101.5,9.1826
25746.89,100.5,9.1826
25747.89,100.5,9.1826
25748.9,100.5,9.1826
25749.91,103.5,9.1826
25750.91,100.5,9.1826
25751.92,101.5,9.1826
25752.92,117.4,9.1826
25753.92,135.6,9.1834
25754.93,242.8,9.2933
25755.93,99.5,9.2933
25756.94,101.5,9.2933
25757.94,99.5,9.2933
25758.95,99.5,9.2933
25759.95,102.5,9.2933
25760.96,101.5,9.2933
25761.97,103.4,9.2933
25762.97,100.5,9.2933
25763.98,101.5,9.2933
25764.98,100.5,9.2933
25765.99,101.5,9.2933
25766.99,99.5,9.2933
25768.0,101.5,9.2933
25769.0,99.5,9.2933
25770.01,100.5,9.2933
25771.01,101.5,9.2933
25772.02,100.5,9.2933
25773.02,101.5,9.2933
25774.03,102.5,9.2933
25775.04,101.5,9.2933
25776.04,100.5,9.2933
25777.05,100.5,9.2933
25778.05,100.5,9.2933
25779.06,99.5,9.2933
25780.06,99.5,9.2933
25781.07,101.5,9.2933
25782.07,100.5,9.2935
25783.08,100.5,9.2938
25784.08,101.5,9.2938
25785.09,100.5,9.2938
25786.09,100.5,9.2938
25787.1,100.5,9.2938
25788.1,101.5,9.2938
25789.11,100.5,9.2938
25790.11,100.5,9.2938
25791.12,100.5,9.2938
25792.12,100.5,9.2938
25793.13,101.5,9.2938
25794.13,99.5,9.2938
25795.14,102.5,9.2938
25796.14,99.5,9.2938
25797.15,102.5,9.2938
25798.15,100.5,9.2938
25799.16,100.5,9.2938
25800.16,99.6,9.2938
25801.17,102.5,9.2938
25802.17,99.5,9.2938
25803.18,148.3,9.2938
25804.18,100.5,9.2938
25805.19,101.5,9.2938
25806.19,99.5,9.2938
25807.2,100.5,9.2938
25808.2,101.5,9.2938
25809.21,100.5,9.2938
25810.21,99.5,9.2938
25811.22,100.5,9.2938
25812.22,99.6,9.2938
25813.23,102.5,9.2938
25814.23,101.5,9.2938
25815.24,100.5,9.2938
25816.24,100.5,9.2938
25817.25,99.5,9.2938
25818.25,101.7,9.2938
25819.26,99.5,9.2938
25820.26,102.5,9.2938
25821.27,99.5,9.2938
25822.27,101.5,9.2938
25823.28,100.5,9.2938
25824.28,100.5,9.2938
25825.29,101.5,9.2938
25826.29,102.5,9.2938
25827.3,99.5,9.2938
25828.3,100.5,9.2938
25829.31,99.5,9.2938
25830.31,101.5,9.2938
25831.32,99.8,9.2938
25832.32,100.5,9.2938
25833.33,100.5,9.294
25834.33,102.5,9.294
25835.34,102.5,9.294
25836.34,100.5,9.294
25837.35,101.5,9.294
25838.35,101.5,9.294
25839.36,99.5,9.294
25840.36,101.5,9.294
25841.37,100.5,9.294
25842.38,100.5,9.294
25843.38,100.5,9.294
25844.39,100.5,9.294
25845.39,99.5,9.294
25846.4,102.5,9.294
25847.4,99.5,9.294
25848.41,101.5,9.294
25849.41,100.5,9.294
25850.42,100.7,9.294
25851.42,114.4,9.294
25852.43,102.5,9.294
25853.43,100.5,9.294
25854.43,100.6,9.294
25855.44,99.5,9.294
25856.45,101.5,9.294
25857.45,99.5,9.294
25858.46,107.5,9.294
25859.46,102.5,9.294
25860.47,102.6,9.294
25861.47,100.5,9.294
25862.48,100.5,9.294
25863.48,100.5,9.294
25864.49,101.5,9.294
25865.49,100.5,9.294
25866.5,101.5,9.294
25867.5,100.5,9.2943
25868.51,99.5,9.2943
25869.51,101.5,9.2943
25870.52,100.5,9.2943
25871.52,101.5,9.2943
25872.53,100.7,9.2943
25873.53,101.5,9.2943
25874.54,135.3,9.2943
25875.54,200.9,9.3016
25876.55,104.4,9.3029
25877.56,100.3,9.3032
25878.56,102.5,9.3032
25879.57,100.5,9.3032
25880.57,1.0,2.644
25881.57,307.2,2.791
25882.58,335.6,3.0302
25883.58,322.8,3.2976
25884.58,178.1,3.644
25885.59,194.0,3.962
25886.6,108.4,4.0199
25887.6,100.5,4.0444
25888.61,102.5,4.0693
25889.61,103.5,4.0967
25890.62,99.5,4.1292
25891.62,107.4,4.1693
25892.62,104.7,4.1923
25893.63,117.7,4.2167
25894.63,99.5,4.2452
25895.64,101.5,4.2731
25896.64,101.5,4.2942
25897.65,115.4,4.3123
25898.65,130.3,4.335
25899.66,176.2,4.4092
25900.66,119.4,4.5391
25901.67,101.5,4.6532
25902.67,100.5,4.7472
25903.68,108.4,4.8799
25904.68,122.4,2.4629
25905.69,1521.0,2.7175
25906.69,330.1,2.8295
25907.7,0.0,2.7373
25908.7,348.0,2.8745
25909.7,2.0,2.5751
25910.71,344.3,2.8104
25911.71,364.5,2.946
25912.72,322.3,3.2292
25913.73,326.6,3.5768
25914.73,305.4,3.8894
25915.74,316.3,4.1396
25916.74,320.5,4.4717
25917.75,211.9,4.847
25918.75,125.3,5.2567
25919.76,118.4,5.6805
25920.76,120.5,6.0974
25921.77,100.5,6.5341
25922.77,100.5,6.9619
25923.77,125.6,7.4177
25924.78,107.5,7.4925
25925.78,99.5,7.5925
25926.79,102.5,7.5925
25927.79,108.4,7.5925
25928.8,110.4,7.5926
25929.81,99.5,7.6926
25930.81,101.6,7.6926
25931.82,100.4,7.6926
25932.82,102.5,7.6926
25933.83,100.5,7.6926
25934.83,102.5,7.6926
25935.84,116.4,7.8187
25936.84,101.5,7.8187
25937.85,99.6,7.8187
25938.85,100.5,7.8188
25939.86,100.5,7.8188
25940.86,100.5,7.8188
25941.87,100.5,7.8188
25942.87,100.6,7.8188
25943.87,100.5,7.8188
25944.88,99.5,7.8188
25945.88,100.5,7.8188
25946.89,101.5,7.8188
25947.89,100.5,7.8188
25948.9,101.5,7.8188
25949.91,100.5,7.8188
25950.91,102.5,7.8188
25951.92,99.5,7.819
25952.92,100.6,7.819
25953.92,99.5,7.819
25954.93,101.5,7.819
25955.93,100.5,7.819
25956.94,99.5,7.819
25957.94,101.5,7.819
25958.95,100.5,7.819
25959.95,101.5,7.819
25960.96,100.5,7.819
25961.96,102.5,7.819
25962.97,100.5,7.819
25963.97,100.5,7.819
25964.98,99.5,7.819
25965.98,101.5,7.819
25966.99,99.6,7.819
25967.99,101.5,7.8193
25969.0,99.5,7.8193
25970.0,101.5,7.8193
25971.01,101.5,7.8193
25972.02,101.5,7.8194
25973.02,117.4,7.82
25974.03,101.5,7.82
25975.03,101.5,7.82
25976.04,99.5,7.82
25977.04,101.5,7.82
25978.05,99.5,7.82
25979.05,100.5,7.82
25980.06,100.5,7.82
25981.06,100.5,7.82
25982.07,101.5,7.82
25983.07,100.5,7.82
25984.08,99.5,7.82
25985.08,100.5,7.82
25986.09,101.5,7.82
25987.09,100.5,7.82
25988.1,100.5,7.82
25989.1,101.5,7.82
25990.11,100.5,7.82
25991.11,99.6,7.82
25992.12,101.5,7.82
25993.12,100.5,7.82
25994.13,102.5,7.8201
25995.13,100.5,7.8201
25996.14,110.5,7.8202
25997.14,107.5,7.8202
25998.15,101.5,7.8202
25999.15,111.4,7.8202
26000.16,101.5,7.8202
26001.16,99.5,7.8202
26002.17,99.5,7.8202
26003.17,101.5,7.8202
26004.18,101.5,7.8202
26005.18,101.5,7.8202
26006.19,99.5,7.8202
26007.19,100.5,7.8202
26008.2,101.5,7.8202
26009.2,100.5,7.8202
26010.21,99.5,7.8202
26011.21,101.6,7.8202
26012.22,100.5,7.8202
26013.22,100.5,7.8202
26014.23,100.5,7.8202
26015.23,118.4,7.8204
26016.24,100.5,7.8204
26017.24,101.5,7.8204
26018.25,101.5,7.8206
26019.25,100.5,7.8206
26020.26,101.5,7.8206
26021.26,100.5,7.8206
26022.27,99.5,7.8206
26023.28,101.5,7.8206
26024.28,99.5,7.8206
26025.29,99.5,7.8206
26026.29,102.5,7.8206
26027.3,100.5,7.8206
26028.3,99.5,7.8206
26029.31,100.5,7.8206
26030.31,101.5,7.8206
26031.32,100.5,7.8206
26032.32,100.5,7.8206
26033.33,100.5,7.8206
26034.33,100.5,7.8206
26035.34,102.5,7.8206
26036.34,99.6,7.8206
26037.34,100.5,7.8209
26038.35,100.6,7.8209
26039.35,100.5,7.8209
26040.36,100.5,7.8209
26041.36,100.5,7.8209
26042.37,101.5,7.8209
26043.37,99.6,7.8209
26044.38,100.5,7.8209
26045.38,100.5,7.8209
26046.39,101.5,7.8209
26047.39,100.5,7.8209
26048.4,102.5,7.8209
26049.4,99.5,7.8209
26050.41,101.5,7.8209
26051.42,100.5,7.8209
26052.42,99.5,7.8209
26053.43,100.5,7.8209
26054.43,101.5,7.8209
26055.44,100.6,7.8209
26056.44,100.5,7.8209
26057.45,101.5,7.8209
26058.45,100.6,7.8209
26059.45,100.5,7.8209
26060.46,101.5,7.8209
26061.46,116.4,7.8211
26062.47,100.5,7.8213
26063.47,101.5,7.8213
26064.48,100.6,7.8213
26065.48,99.5,7.8213
26066.49,100.5,7.8213
26067.49,100.5,7.8213
26068.5,100.5,7.8213
26069.5,102.5,7.8213
26070.51,100.5,7.8213
26071.52,100.5,7.8213
26072.52,100.5,7.8213
26073.53,100.5,7.8213
26074.53,100.5,7.8213
26075.54,100.5,7.8213
26076.54,100.5,7.8213
26077.55,101.5,7.8213
26078.55,100.5,7.8213
26079.56,99.5,7.8213
26080.56,101.5,7.8213
26081.57,100.6,7.8213
26082.57,101.5,7.8213
26083.58,100.5,7.8213
26084.58,100.6,7.8213
26085.59,99.5,7.8213
26086.59,101.5,7.8213
26087.6,100.5,7.8213
26088.6,99.5,7.8213
26089.61,101.5,7.8213
26090.61,99.5,7.8213
26091.62,101.5,7.8213
26092.62,100.5,7.8213
26093.63,100.5,7.8213
26094.63,101.5,7.8213
26095.64,100.5,7.8213
26096.64,99.5,7.8213
26097.65,100.6,7.8213
26098.65,101.5,7.8213
26099.66,100.5,7.8213
26100.66,100.5,7.8213
26101.67,100.5,7.8213
26102.67,101.5,7.8217
26103.68,99.5,7.8217
26104.68,103.5,7.8217
26105.69,99.5,7.8217
26106.69,101.5,7.8217
26107.7,100.5,7.8217
26108.7,101.5,7.8217
26109.71,118.4,7.9006
26110.71,100.5,7.9006
26111.72,100.5,7.9006
26112.72,100.5,7.9006
26113.73,101.6,7.9006
26114.73,100.5,7.9006
26115.74,100.5,7.9006
26116.74,100.5,7.9006
26117.75,100.5,7.9007
26118.75,100.5,7.9007
26119.76,99.5,7.9007
26120.76,101.5,7.9007
26121.77,99.5,7.9007
26122.77,101.5,7.9009
26123.78,100.5,7.9009
26124.78,100.5,7.9009
26125.79,101.5,7.9009
26126.79,102.5,7.9009
26127.8,100.5,7.9009
26128.8,101.5,7.9009
26129.81,102.6,7.9009
26130.81,101.5,7.9009
26131.82,105.5,7.9009
26132.82,100.5,7.9009
26133.83,99.5,7.9009
26134.83,100.5,7.9009
26135.84,114.4,7.9009
26136.84,100.5,7.9009
26137.85,101.5,7.9009
26138.85,100.5,7.9009
26139.86,102.5,7.9009
26140.86,100.5,7.9009
26141.87,101.5,7.9009
26142.87,100.5,7.9009
26143.88,100.5,7.9009
26144.88,101.5,7.9009
26145.89,99.5,7.9009
26146.89,101.5,7.9009
26147.9,100.5,7.9011
26148.9,99.5,7.9011
26149.91,101.5,7.9011
26150.91,100.5,7.9011
26151.92,99.5,7.9011
26152.92,100.5,7.9011
26153.93,100.5,7.9011
26154.93,100.5,7.9011
26155.94,102.5,7.9011
26156.94,99.5,7.9011
26157.95,99.5,7.9011
26158.95,101.5,7.9011
26159.96,100.5,7.9011
26160.97,100.5,7.9011
26161.97,100.5,7.9011
26162.98,100.5,7.9011
26163.98,100.5,7.9011
26164.99,101.5,7.9011
26165.99,99.5,7.9011
26167.0,101.5,7.9011
26168.0,100.5,7.9011
26169.01,99.5,7.9011
26170.01,101.5,7.9011
26171.02,100.5,7.9011
26172.02,100.4,7.9011
26173.03,100.5,7.9011
26174.03,100.5,7.9011
26175.04,100.5,7.9011
26176.04,101.5,7.9011
26177.05,99.5,7.9011
26178.05,101.5,7.9011
26179.06,99.5,7.9011
26180.06,101.5,7.9011
26181.07,101.5,7.9011
26182.08,101.5,7.9011
26183.08,99.5,7.9011
26184.09,100.5,7.9011
26185.09,100.5,7.9011
26186.1,99.5,7.9011
26187.1,102.5,7.9011
26188.11,101.5,7.9011
26189.11,100.5,7.9011
26190.12,99.5,7.9011
26191.12,101.5,7.9011
26192.13,100.5,7.9011
26193.13,99.5,7.9014
26194.14,100.5,7.9014
26195.14,100.5,7.9014
26196.15,101.5,7.9014
26197.15,100.5,7.9014
26198.16,99.5,7.9014
26199.16,100.5,7.9014
26200.17,100.5,7.9014
26201.17,101.5,7.9014
26202.18,100.5,7.9014
26203.18,100.5,7.9014
26204.19,101.5,7.9014
26205.19,100.5,7.9016
26206.2,101.5,7.9016
26207.21,99.5,7.9016
26208.21,100.5,7.9016
26209.22,101.5,7.9305
26210.22,0.0,2.673
26211.22,331.0,2.8495
26212.23,350.2,3.1155
26213.23,323.3,3.4381
26214.24,313.5,3.7704
26215.24,307.8,4.0625
26216.25,316.3,4.2605
26217.25,1.0,2.599
26218.25,335.1,2.8264
26219.26,342.3,2.9939
26220.26,315.3,3.2585
26221.27,310.7,3.5246
26222.27,309.4,3.7818
26223.28,302.4,4.0221
26224.28,316.3,4.1739
26225.29,321.6,4.3604
26226.29,160.1,4.4556
26227.3,147.3,4.5029
26228.3,100.5,4.5764
26229.31,101.5,4.6751
26230.31,101.5,4.7667
26231.32,101.5,4.8571
26232.32,103.5,4.9466
26233.33,99.5,5.0384
26234.33,103.5,5.1371
26235.34,107.5,5.2128
26236.34,100.5,5.2667
26237.35,101.5,5.3091
26238.35,101.5,5.3371
26239.36,99.5,5.3827
26240.36,100.5,5.4193
26241.37,100.5,5.4632
26242.37,100.5,5.4832
26243.38,100.5,5.5263
26244.38,100.5,5.5836
26245.39,103.5,5.6194
26246.39,112.5,5.6902
26247.4,100.5,5.7612
26248.4,100.5,5.8174
26249.41,100.5,5.8759
26250.41,100.5,5.937
26251.42,100.5,5.9963
26252.42,102.5,6.039
26253.43,100.5,6.0834
26254.43,99.5,6.1343
26255.44,101.5,6.1896
26256.44,100.5,6.2232
26257.45,102.5,6.2403
26258.45,100.5,6.2769
26259.46,100.6,6.3053
26260.46,99.5,6.3637
26261.47,101.5,6.3783
26262.47,100.5,6.407
26263.48,101.5,6.4311
26264.48,99.5,6.4589
26265.49,99.5,6.5134
26266.49,99.5,6.5456
26267.5,100.5,6.5602
26268.5,102.5,6.5889
26269.51,100.5,6.6261
26270.51,101.5,6.642
26271.52,98.5,6.6718
26272.52,100.5,6.7101
26273.53,100.5,6.7389
26274.53,101.5,6.7728
26275.54,100.5,6.801
26276.54,101.5,6.8314
26277.55,113.4,6.8547
26278.55,101.5,6.8888
26279.56,100.5,6.9189
26280.56,99.5,6.9463
26281.57,100.5,6.9773
26282.57,107.5,7.0038
26283.58,103.5,7.0304
26284.59,145.3,7.0597
26285.59,100.6,7.0923
26286.59,102.5,7.1276
26287.6,99.5,7.1435
26288.61,99.5,7.1728
26289.61,104.6,7.1862
26290.61,99.5,7.2008
26291.62,101.5,7.2211
26292.62,100.5,7.2343
26293.63,100.5,7.2457
26294.64,100.4,7.2735
26295.64,100.5,7.2956
26296.65,101.5,7.3182
26297.65,99.5,7.3359
26298.66,101.5,7.3625
26299.66,100.5,7.3815
26300.67,100.5,7.4109
26301.67,100.5,7.4385
26302.68,105.5,7.4625
26303.68,125.4,7.5407
26304.69,100.2,7.5407
26305.69,100.5,7.5407
26306.7,100.5,7.5671
26307.71,100.5,7.5927
26308.71,101.5,7.5927
26309.72,99.4,7.5927
26310.72,101.5,7.5927
26311.73,100.5,7.5927
26312.73,101.5,7.5927
26313.74,100.5,7.5927
26314.74,101.4,7.6165
26315.75,99.6,7.6442
26316.75,100.5,7.6718
26317.76,102.5,7.6927
26318.76,99.5,7.6927
26319.77,100.5,7.6927
26320.77,102.5,7.6927
26321.78,110.4,7.6927
26322.78,100.5,7.6927
26323.79,100.5,7.6927
26324.79,102.4,7.6927
26325.8,101.5,7.6927
26326.8,102.5,7.6927
26327.81,100.5,7.6929
26328.81,102.5,7.6929
26329.82,100.5,7.6929
26330.82,100.5,7.6929
26331.83,101.5,7.6929
26332.83,100.5,7.6929
26333.84,101.5,7.6929
26334.84,100.5,7.6929
26335.85,100.5,7.6929
26336.85,101.5,7.6929
26337.86,99.6,7.6929
26338.86,100.6,7.6929
26339.87,101.4,7.6929
26340.87,99.5,7.6929
26341.88,101.5,7.6929
26342.88,100.5,7.6929
26343.89,101.5,7.6929
26344.89,101.4,7.6929
26345.9,99.6,7.6929
26346.9,101.5,7.6929
26347.91,99.5,7.6929
26348.91,100.5,7.6929
26349.92,102.4,7.6929
26350.92,99.5,7.6929
26351.93,101.5,7.6929
26352.93,101.6,7.6929
26353.94,100.5,7.6929
26354.94,99.4,7.6929
26355.95,101.5,7.6929
26356.95,100.5,7.6929
26357.96,100.5,7.6929
26358.97,100.5,7.6929
26359.97,100.7,7.6932
26360.97,101.5,7.6932
26361.98,100.5,7.6932
26362.98,100.5,7.6932
26363.99,100.5,7.6932
26364.99,99.5,7.6932
26366.0,101.5,7.6932
26367.0,99.5,7.6932
26368.01,101.5,7.6932
26369.01,99.6,7.6932
26370.02,99.3,7.6932
26371.02,101.6,7.6932
26372.03,99.5,7.6932
26373.03,101.5,7.6934
26374.04,100.5,7.6937
26375.05,101.3,7.6937
26376.05,99.6,7.6937
26377.05,100.6,7.6937
26378.06,101.5,7.6937
26379.06,102.6,7.6937
26380.07,99.5,7.6937
26381.07,101.6,7.6937
26382.08,99.5,7.6937
26383.08,101.5,7.6937
26384.09,101.5,7.6937
26385.09,100.5,7.6937
26386.1,100.5,7.6937
26387.1,101.5,7.6937
26388.11,99.5,7.6937
26389.11,100.6,7.6937
26390.11,100.6,7.6937
26391.12,100.5,7.6937
26392.12,100.5,7.6937
26393.13,100.5,7.6937
26394.13,101.5,7.6937
26395.14,101.5,7.6937
26396.14,100.5,7.6937
26397.15,110.4,7.6937
26398.15,99.5,7.6937
26399.16,101.5,7.6937
26400.16,100.5,7.6937
26401.17,100.5,7.6937
26402.17,100.5,7.6937
26403.18,101.5,7.6937
26404.18,100.5,7.6937
26405.19,99.5,7.6937
26406.19,100.5,7.6937
26407.2,101.6,7.6937
26408.2,101.5,7.6937
26409.21,99.6,7.6937
26410.21,99.5,7.6937
26411.22,101.6,7.6937
26412.22,100.6,7.6937
26413.22,101.5,7.6937
26414.23,100.5,7.6937
26415.24,100.5,7.6937
26416.24,100.5,7.6937
26417.25,99.5,7.6937
26418.25,103.5,7.6939
26419.26,101.5,7.6939
26420.26,102.5,7.6939
26421.27,100.5,7.6939
26422.27,101.5,7.6939
26423.28,100.5,7.6939
26424.28,100.5,7.6939
26425.29,101.6,7.6939
26426.29,101.5,7.6939
26427.3,100.5,7.6939
26428.3,99.5,7.6939
26429.31,100.5,7.6939
26430.31,101.5,7.6939
26431.32,100.5,7.6939
26432.32,100.5,7.6939
26433.33,100.5,7.6939
26434.33,100.5,7.6939
26435.34,99.5,7.6939
26436.34,100.5,7.6939
26437.35,102.5,7.6939
26438.35,101.5,7.6939
26439.36,99.5,7.6939
26440.36,100.5,7.6939
26441.37,100.5,7.6939
26442.37,101.8,7.6939
26443.37,99.6,7.6939
26444.38,100.7,7.6939
26445.38,100.5,7.6939
26446.39,101.6,7.6939
26447.39,100.5,7.6939
26448.4,99.5,7.6939
26449.4,101.5,7.6939
26450.41,99.5,7.6939
26451.41,101.5,7.6939
26452.42,103.5,7.6939
26453.42,99.5,7.6939
26454.43,100.5,7.6939
26455.43,100.5,7.6939
26456.44,99.5,7.6939
26457.44,101.5,7.6942
26458.45,105.3,7.6942
26459.45,100.5,7.6942
26460.46,101.6,7.6942
26461.46,100.5,7.6942
26462.47,100.5,7.6942
26463.47,100.5,7.6942
26464.48,102.5,7.6942
26465.48,99.5,7.6942
26466.49,100.5,7.6942
26467.49,99.5,7.6944
26468.5,102.5,7.6944
26469.5,100.5,7.6944
26470.51,100.5,7.6944
26471.51,100.5,7.6944
26472.52,101.5,7.6944
26473.52,100.5,7.6944
26474.53,99.5,7.6944
26475.53,100.5,7.6944
26476.54,101.5,7.6944
26477.54,99.5,7.6944
26478.55,101.5,7.6944
26479.55,100.5,7.6944
26480.56,101.5,7.6944
26481.56,99.5,7.6944
26482.57,100.5,7.6944
26483.57,100.5,7.6944
26484.58,100.5,7.6944
26485.58,100.5,7.6944
26486.59,99.5,7.6944
26487.59,100.5,7.6944
26488.6,100.5,7.6944
26489.61,102.5,7.6944
26490.61,100.5,7.6944
26491.62,101.5,7.6944
26492.62,101.5,7.6944
26493.63,99.5,7.6944
26494.63,100.5,7.6944
26495.64,101.5,7.6944
26496.64,99.5,7.6944
26497.65,99.5,7.6944
26498.65,101.5,7.6944
26499.66,100.5,7.6944
26500.66,99.5,7.6944
26501.67,100.5,7.6944
26502.67,101.5,7.6944
26503.68,100.5,7.6944
26504.68,102.5,7.6944
26505.69,99.5,7.6944
26506.69,101.5,7.6944
26507.7,104.5,7.6944
26508.7,101.5,7.6944
26509.71,100.5,7.6944
26510.71,99.5,7.6944
26511.72,101.5,7.6944
26512.72,101.5,7.6947
26513.73,99.5,7.6947
26514.73,100.8,7.6947
26515.74,101.5,7.6947
26516.74,99.6,7.6947
26517.74,1.0,2.7003
26518.75,337.0,2.8665
26519.75,351.2,3.0951
26520.76,323.3,3.447
26521.76,317.5,3.7952
26522.76,313.0,4.0823
26523.77,328.1,4.2988
26524.77,250.7,4.5022
26525.78,101.5,4.7981
26526.78,103.5,5.0551
26527.79,105.5,5.2626
26528.79,115.4,5.4484
26529.8,124.3,5.7067
26530.8,122.4,5.9573
26531.81,101.5,6.1746
26532.81,102.5,6.3632
26533.82,106.5,6.4812
26534.82,106.4,6.5052
26535.83,99.5,6.5306
26536.83,100.5,6.5578
26537.84,101.5,6.5889
26538.84,99.5,6.6427
26539.85,101.5,6.6774
26540.85,99.5,6.7295
26541.86,102.5,6.7703
26542.87,99.5,6.8495
26543.87,101.5,6.88
26544.88,100.5,6.9456
26545.88,99.5,6.9876
26546.89,100.5,7.0368
26547.89,100.5,7.091
26548.9,100.5,7.1307
26549.9,101.5,7.2108
26550.91,100.5,7.2429
26551.91,100.5,7.2788
26552.92,99.5,7.3002
26553.92,101.5,7.3476
26554.93,101.5,7.409
26555.93,99.5,7.4602
26556.93,132.6,7.5507
26557.94,114.4,7.551
26558.95,100.5,7.551
26559.95,104.5,7.5633
26560.96,100.5,7.5889
26561.96,101.5,7.603
26562.97,100.5,7.603
26563.97,100.5,7.603
26564.98,100.5,7.603
26565.98,100.5,7.6657
26566.99,99.5,7.703
26567.99,100.5,7.703
26569.0,100.5,7.703
26570.0,102.5,7.703
26571.01,100.5,7.703
26572.01,100.5,7.703
26573.02,99.5,7.703
26574.02,101.5,7.703
26575.03,100.5,7.703
26576.03,99.5,7.703
26577.04,100.5,7.703
26578.04,101.5,7.703
26579.05,102.5,7.703
26580.05,99.5,7.703
26581.06,101.5,7.703
26582.06,102.5,7.703
26583.07,100.5,7.703
26584.07,99.5,7.703
26585.08,102.5,7.703
26586.08,193.0,7.703
26587.09,107.5,7.703
26588.09,99.5,7.703
26589.1,100.6,7.703
26590.1,102.5,7.703
26591.11,100.5,7.703
26592.11,136.3,7.703
26593.12,100.5,7.703
26594.12,104.5,7.703
26595.13,99.5,7.703
26596.13,101.3,7.703
26597.14,100.5,7.703
26598.14,100.5,7.703
26599.15,102.5,7.703
26600.15,101.5,7.703
26601.16,100.5,7.703
26602.17,100.5,7.703
26603.17,100.5,7.7033
26604.18,99.5,7.7033
26605.18,101.5,7.7033
26606.19,100.5,7.7033
26607.19,100.5,7.7033
26608.2,99.5,7.7033
26609.2,100.5,7.7033
26610.21,99.5,7.7033
26611.21,102.3,7.7033
26612.22,100.4,7.7033
26613.22,99.5,7.7033
26614.23,100.5,7.7033
26615.23,99.5,7.7033
26616.24,100.5,7.7033
26617.25,101.5,7.7033
26618.25,100.5,7.7033
26619.26,100.5,7.7033
26620.26,100.5,7.7033
26621.27,100.5,7.7033
26622.27,100.5,7.7033
26623.28,100.5,7.7033
26624.28,99.5,7.7033
26625.29,100.5,7.7033
26626.29,101.5,7.7033
26627.3,100.5,7.7033
26628.3,100.5,7.7035
26629.31,100.5,7.7035
26630.31,100.5,7.7035
26631.31,100.7,7.7035
26632.32,100.7,7.7035
26633.32,101.5,7.7035
26634.33,100.5,7.7035
26635.33,99.5,7.7035
26636.34,101.4,7.7035
26637.34,100.5,7.7035
26638.35,100.5,7.7035
26639.35,100.5,7.7035
26640.36,100.5,7.7035
26641.36,100.5,7.7035
26642.37,100.5,7.7035
26643.37,102.5,7.7035
26644.38,100.5,7.7035
26645.38,101.5,7.7035
26646.39,100.5,7.7035
26647.4,99.5,7.7038
26648.4,99.5,7.704
26649.4,100.5,7.704
26650.41,102.5,7.704
26651.42,99.4,7.704
26652.42,101.5,7.704
26653.43,99.5,7.704
26654.43,101.5,7.704
26655.44,99.5,7.704
26656.44,100.5,7.704
26657.45,101.5,7.704
26658.45,99.6,7.704
26659.45,102.5,7.704
26660.46,100.5,7.704
26661.46,100.6,7.704
26662.47,100.5,7.704
26663.47,99.5,7.704
26664.48,100.5,7.704
26665.48,100.5,7.704
26666.49,99.4,7.704
26667.5,102.5,7.704
26668.5,100.5,7.704
26669.51,100.5,7.704
26670.51,100.5,7.704
26671.52,100.5,7.704
26672.52,101.5,7.704
26673.53,99.5,7.704
26674.53,100.5,7.704
26675.54,100.5,7.704
26676.54,100.5,7.704
26677.55,100.5,7.704
26678.55,102.5,7.704
26679.56,99.5,7.704
26680.56,101.5,7.704
26681.57,100.5,7.704
26682.57,99.5,7.704
26683.58,102.5,7.704
26684.58,99.5,7.704
26685.59,101.5,7.704
26686.59,99.5,7.704
26687.6,101.5,7.704
26688.6,100.5,7.704
26689.61,100.5,7.704
26690.61,100.5,7.704
26691.62,101.5,7.704
26692.62,101.5,7.704
26693.63,100.5,7.704
26694.63,100.5,7.704
26695.64,99.5,7.704
26696.64,100.5,7.704
26697.65,100.5,7.7043
26698.65,99.5,7.7043
26699.66,102.5,7.7043
26700.66,100.5,7.7043
26701.67,100.5,7.7043
26702.67,100.5,7.7043
26703.68,98.5,7.7043
26704.68,101.5,7.7043
26705.69,101.5,7.7043
26706.69,100.5,7.7043
26707.7,99.5,7.7043
26708.71,101.5,7.7043
26709.71,99.5,7.7043
26710.72,100.5,7.7043
26711.72,100.5,7.7045
26712.73,100.5,7.7045
26713.73,101.5,7.7045
26714.74,99.5,7.7045
26715.74,101.5,7.7045
26716.75,99.6,7.7045
26717.75,100.5,7.7045
26718.76,100.5,7.7045
26719.76,100.5,7.7045
26720.77,100.5,7.7045
26721.77,102.5,7.7045
26722.78,99.5,7.7045
26723.78,101.5,7.7045
26724.79,99.5,7.7045
26725.79,100.5,7.7045
26726.8,99.5,7.7045
26727.8,100.5,7.7045
26728.81,100.5,7.7045
26729.81,102.5,7.7045
26730.82,100.5,7.7045
26731.82,100.5,7.7045
26732.83,100.5,7.7045
26733.83,100.5,7.7045
26734.84,100.5,7.7045
26735.84,100.5,7.7045
26736.85,100.5,7.7045
26737.85,100.5,7.7045
26738.86,99.5,7.7045
26739.86,101.5,7.7045
26740.87,101.5,7.7045
26741.87,100.5,7.7045
26742.88,102.5,7.7048
26743.88,99.5,7.7048
26744.89,101.5,7.7048
26745.89,99.5,7.7048
26746.9,100.5,7.7048
26747.9,100.6,7.7048
26748.91,100.5,7.7048
26749.91,100.5,7.7048
26750.92,100.5,7.7048
26751.92,100.4,7.7048
26752.93,100.5,7.7048
26753.93,99.5,7.7048
26754.94,100.5,7.7048
26755.94,101.5,7.7048
26756.95,99.5,7.7048
26757.95,101.6,7.7048
26758.96,101.6,7.7048
26759.96,100.6,7.7048
26760.97,101.6,7.7048
26761.97,99.5,7.7048
26762.98,100.5,7.7048
26763.98,101.5,7.7048
26764.99,101.5,7.7048
26765.99,99.5,7.7048
26767.0,99.5,7.7048
26768.0,101.5,7.7048
26769.01,102.5,7.7048
26770.01,99.5,7.7048
26771.02,99.5,7.7048
26772.02,99.6,7.7048
26773.03,101.5,7.7048
26774.03,99.5,7.7048
26775.04,101.5,7.7048
26776.04,99.5,7.7048
26777.05,101.5,7.7048
26778.05,101.5,7.7048
26779.06,100.5,7.7048
26780.06,99.5,7.7048
26781.07,101.5,7.7048
26782.07,99.5,7.7048
26783.08,101.5,7.7048
26784.08,100.5,7.7048
26785.09,101.5,7.7048
26786.09,100.5,7.7048
26787.1,100.2,7.7048
26788.1,100.5,7.705
26789.11,100.5,7.705
26790.11,101.5,7.705
26791.12,99.5,7.705
26792.13,99.4,7.705
26793.13,101.6,7.705
26794.13,100.5,7.705
26795.14,101.5,7.705
26796.14,99.5,7.705
26797.15,101.5,7.7053
26798.15,101.5,7.7053
26799.16,100.5,7.7053
26800.16,100.5,7.7053
26801.17,100.5,7.7053
26802.17,100.5,7.7053
26803.18,101.5,7.7053
26804.19,120.4,7.7857
26805.19,99.6,7.7857
26806.19,101.5,7.7857
26807.2,101.5,7.7857
26808.21,99.5,7.7857
26809.21,101.5,7.7857
26810.22,99.5,7.7857
26811.22,101.5,7.7857
26812.23,99.5,7.7857
26813.23,102.5,7.7857
26814.24,101.6,7.7871
26815.24,100.5,7.7964
26816.25,100.5,7.8052
26817.25,101.7,2.588
26818.25,297.3,2.7533
26819.26,1.0,2.554
26820.26,294.2,2.7359
26821.26,328.1,2.854
26822.27,1.0,2.7273
26823.27,344.3,2.8939
26824.27,0.0,2.688
26825.27,309.2,2.8074
26826.28,2.0,2.5881
26827.28,298.1,2.7477
26828.28,360.9,2.4737
26829.28,1.0,2.7305
26830.29,329.0,2.8374
26831.29,1.0,2.6371
26832.29,332.0,2.8485
26833.3,352.1,3.0158
26834.3,324.3,3.258
26835.31,314.4,3.5601
26836.32,313.3,3.8286
26837.32,301.6,4.0437
26838.33,320.3,4.1923
26839.33,280.7,2.4745
26840.33,1.0,2.7293
26841.34,316.1,2.8773
26842.34,352.3,3.0636
26843.35,309.3,3.3076
26844.35,305.3,3.587
26845.36,309.6,3.8205
26846.36,306.3,4.0773
26847.37,325.3,4.349
26848.37,1.0,2.702
26849.37,347.0,2.9038
26850.38,340.4,3.1216
26851.39,317.3,3.3624
26852.39,307.7,3.6187
26853.39,309.6,3.8312
26854.4,307.3,4.0396
26855.4,315.3,4.2214
26856.41,318.1,4.4724
26857.41,155.2,4.7417
26858.42,112.5,5.1214
26859.42,127.3,5.5314
26860.43,101.5,5.9395
26861.43,101.5,6.3621
26862.44,102.5,6.7857
26863.44,113.4,7.1968
26864.45,130.3,7.5538
26865.45,116.5,7.6687
26866.46,100.5,7.7057
26867.46,117.4,7.7058
26868.47,102.5,7.7058
26869.47,99.5,7.7058
26870.48,105.4,7.7058
26871.48,103.5,7.7058
26872.49,101.5,7.7058
26873.5,99.5,7.7058
26874.5,100.5,7.7058
26875.51,100.5,7.7058
26876.51,119.4,7.8354
26877.52,105.5,7.8356
26878.52,101.7,7.8356
26879.52,99.6,7.8356
26880.53,102.5,7.8356
26881.53,103.5,7.8359
26882.54,104.4,7.8359
26883.54,114.4,7.8359
26884.55,99.5,7.8359
26885.55,100.5,7.8359
26886.56,100.5,7.8359
26887.57,104.5,7.8359
26888.57,100.5,7.8359
26889.58,100.5,7.8359
26890.58,101.4,7.8359
26891.59,101.5,7.8359
26892.59,99.5,7.8359
26893.6,101.5,7.8359
26894.6,100.5,7.8359
26895.61,100.5,7.8359
26896.61,99.5,7.8359
26897.62,101.5,7.8359
26898.62,100.5,7.8359
26899.63,100.5,7.8359
26900.63,101.5,7.8359
26901.64,101.5,7.8359
26902.64,99.5,7.8361
26903.65,100.7,7.8361
26904.65,99.5,7.8361
26905.66,100.5,7.8361
26906.66,100.5,7.8361
26907.67,101.5,7.8361
26908.67,100.5,7.8361
26909.68,101.5,7.8361
26910.68,99.5,7.8361
26911.69,100.5,7.8361
26912.69,99.5,7.8361
26913.7,101.5,7.8361
26914.7,100.5,7.8361
26915.71,100.5,7.8361
26916.71,99.5,7.8361
26917.72,101.5,7.8361
26918.72,99.5,7.8361
26919.73,102.5,7.8361
26920.73,99.5,7.8361
26921.74,103.5,7.8361
26922.75,99.5,7.8361
26923.75,101.5,7.8361
26924.76,99.5,7.8361
26925.76,100.5,7.8361
26926.77,99.5,7.8361
26927.77,101.5,7.8361
26928.78,118.4,7.8367
26929.78,100.5,7.8367
26930.79,102.5,7.8367
26931.79,99.5,7.8367
26932.8,100.5,7.8367
26933.8,101.5,7.8367
26934.81,99.5,7.8367
26935.81,99.5,7.8367
26936.82,101.5,7.8367
26937.82,99.5,7.8367
26938.83,101.6,7.8367
26939.83,102.5,7.8367
26940.84,100.5,7.8367
26941.84,100.6,7.8367
26942.85,100.5,7.8367
26943.85,100.5,7.8367
26944.86,100.5,7.8367
26945.86,101.5,7.8367
26946.87,100.5,7.8367
26947.87,99.5,7.837
26948.88,100.5,7.837
26949.88,100.5,7.837
26950.89,100.5,7.837
26951.89,99.5,7.837
26952.9,101.5,7.837
26953.9,100.5,7.837
26954.91,100.5,7.837
26955.91,101.5,7.837
26956.92,99.5,7.837
26957.92,100.5,7.837
26958.93,101.5,7.837
26959.93,101.7,7.837
26960.94,99.5,7.837
26961.94,100.5,7.837
26962.95,100.5,7.8372
26963.95,100.5,7.8372
26964.96,99.7,7.8372
26965.96,101.5,7.8372
26966.97,100.5,7.8372
26967.97,100.5,7.8372
26968.98,101.5,7.8372
26969.98,100.5,7.8372
26970.99,100.6,7.8372
26971.99,102.5,7.8372
26972.99,99.6,7.8372
26974.0,100.5,7.8372
26975.0,99.5,7.8372
26976.01,101.5,7.8372
26977.02,100.5,7.8372
26978.02,99.6,7.8372
26979.02,101.5,7.8372
26980.03,100.5,7.8372
26981.03,101.5,7.8372
26982.04,99.5,7.8372
26983.05,100.5,7.8372
26984.05,101.5,7.8372
26985.05,100.5,7.8372
26986.06,101.5,7.8372
26987.07,100.5,7.8372
26988.07,99.5,7.8372
26989.08,100.5,7.8372
26990.08,99.5,7.8372
26991.09,100.5,7.8372
26992.09,100.5,7.8372
26993.1,100.5,7.8372
26994.1,101.5,7.8372
26995.11,100.5,7.8372
26996.11,99.5,7.8372
26997.12,101.5,7.8372
26998.12,100.5,7.8375
26999.13,100.5,7.8375
27000.13,99.5,7.8375
27001.14,100.5,7.8375
27002.14,105.5,7.8375
27003.15,101.5,7.8375
27004.15,103.5,7.8375
27005.16,102.3,7.8375
27006.17,105.4,7.8375
27007.17,100.5,7.8375
27008.18,101.5,7.8375
27009.18,99.5,7.8375
27010.19,101.5,7.8375
27011.19,101.5,7.8375
27012.2,100.5,7.8375
27013.21,104.1,7.8375
27014.21,99.5,7.8375
27015.22,100.5,7.8375
27016.22,101.5,7.8375
27017.23,99.5,7.8375
27018.24,100.1,7.8375
27019.24,100.5,7.8375
27020.25,101.5,7.8375
27021.25,100.5,7.8375
27022.26,117.4,7.8379
27023.26,100.5,7.8379
27024.27,103.5,7.8379
27025.27,100.5,7.8379
27026.28,100.5,7.8379
27027.28,100.5,7.8379
27028.29,100.5,7.8379
27029.29,100.5,7.8379
27030.29,100.7,7.8379
27031.3,100.5,7.8379
27032.31,100.5,7.8379
27033.31,100.5,7.8379
27034.31,100.5,7.8379
27035.32,101.5,7.8379
27036.33,99.5,7.8379
27037.33,101.5,7.8379
27038.34,100.5,7.8379
27039.34,99.5,7.8379
27040.35,101.5,7.8379
27041.35,100.5,7.8379
27042.36,100.5,7.8379
27043.36,99.5,7.8382
27044.37,102.5,7.8382
27045.37,100.5,7.8382
27046.38,100.5,7.8382
27047.38,101.5,7.8382
27048.39,99.5,7.8384
27049.39,101.5,7.8384
27050.4,100.5,7.8384
27051.4,100.5,7.8384
27052.41,99.5,7.8384
27053.41,101.5,7.8384
27054.42,100.5,7.8384
27055.42,100.5,7.8384
27056.43,101.5,7.8384
27057.43,99.5,7.8384
27058.44,100.5,7.8384
27059.44,101.5,7.8384
27060.45,100.5,7.8384
27061.45,99.5,7.8384
27062.46,101.5,7.8384
27063.46,100.5,7.8384
27064.47,100.5,7.8384
27065.47,100.5,7.8384
27066.48,100.5,7.8384
27067.48,100.5,7.8384
27068.49,100.5,7.8384
27069.49,100.5,7.8384
27070.5,100.5,7.8384
27071.5,102.5,7.8384
27072.51,100.5,7.8384
27073.51,101.5,7.8384
27074.52,99.5,7.8384
27075.52,100.5,7.8384
27076.53,100.7,7.8384
27077.53,100.5,7.8384
27078.53,100.7,7.8384
27079.54,99.5,7.8384
27080.54,101.5,7.8384
27081.55,99.5,7.8384
27082.55,100.5,7.8384
27083.56,101.4,7.8384
27084.57,99.5,7.8384
27085.57,102.5,7.8384
27086.58,100.5,7.8384
27087.58,100.5,7.8387
27088.59,99.5,7.8387
27089.59,102.5,7.8387
27090.6,99.5,7.8387
27091.6,101.5,7.8387
27092.61,99.5,7.8387
27093.61,101.4,7.8387
27094.62,101.5,7.8387
27095.62,99.5,7.8387
27096.63,100.5,7.8387
27097.63,101.5,7.8387
27098.64,100.5,7.8387
27099.64,100.6,7.8387
27100.65,99.7,7.8387
27101.65,100.5,7.8387
27102.66,100.5,7.8387
27103.66,100.5,7.8387
27104.67,100.5,7.8387
27105.67,101.5,7.8387
27106.68,99.5,7.8387
27107.68,101.5,7.8389
27108.69,100.3,7.8389
27109.69,100.5,7.8389
27110.7,100.5,7.8389
27111.7,101.5,7.8389
27112.71,100.5,7.8389
27113.71,100.5,7.8389
27114.72,100.5,7.8389
27115.72,99.5,7.8389
27116.73,100.5,7.8389
27117.73,100.5,7.8389
27118.74,101.5,7.8389
27119.74,99.5,7.8389
27120.75,101.5,7.8389
27121.76,100.5,7.8389
27122.76,99.5,7.8389
27123.77,102.5,7.8389
27124.77,100.5,7.8389
27125.78,99.5,7.8389
27126.78,101.5,7.8389
27127.79,101.5,7.8389
27128.79,101.6,7.8389
27129.8,99.5,7.8389
27130.8,100.5,7.8389
27131.81,100.5,7.8389
27132.81,100.5,7.8392
27133.82,100.5,7.8392
27134.82,99.5,7.8369
27135.83,100.5,7.8369
27136.83,102.5,7.8369
27137.84,98.5,7.8371
27138.84,101.5,7.8371
27139.85,100.5,7.8371
27140.85,100.5,7.8371
27141.86,101.5,7.8371
27142.86,100.5,7.8371
27143.87,100.5,7.8371
27144.87,119.4,7.8373
27145.88,101.5,7.8373
27146.88,102.5,7.8373
27147.89,100.6,2.5741
27148.89,304.4,2.8223
27149.9,350.8,2.9713
27150.9,335.7,3.2678
27151.91,316.3,3.5931
27152.91,306.4,3.875
27153.92,320.3,4.1527
27154.92,273.6,2.4764
27155.92,1.0,2.7293
27156.93,343.1,2.9116
27157.93,356.0,3.1324
27158.93,324.4,3.3913
27159.94,308.4,3.6555
27160.95,308.4,3.933
27161.95,316.6,4.1831
27162.95,317.3,4.4914
27163.96,301.4,4.8298
27164.97,268.6,5.2124
27165.97,186.1,5.6102
27166.98,132.3,6.0256
27167.98,134.3,6.431
27168.99,178.2,6.8245
27169.99,105.6,7.2477
27170.99,134.4,7.6168
27172.0,118.4,7.7168
27173.0,107.5,7.7168
27174.01,101.5,7.7168
27175.01,100.5,7.7168
27176.02,143.3,7.7168
27177.02,125.4,7.7231
27178.03,100.5,7.7231
27179.03,100.6,7.7231
27180.04,101.6,7.7231
27181.04,117.4,7.8452
27182.05,100.5,7.8452
27183.05,100.5,7.8454
27184.06,100.5,7.8456
27185.06,100.5,7.8456
27186.07,100.5,7.8456
27187.07,101.5,7.8456
27188.08,101.7,7.8456
27189.08,100.5,7.8458
27190.08,110.7,7.8465
27191.09,116.4,7.8469
27192.09,100.5,7.8469
27193.1,100.5,7.8469
27194.1,100.5,7.8469
27195.11,101.5,7.8469
27196.11,100.5,7.8469
27197.12,103.5,7.8469
27198.12,102.5,7.8469
27199.13,116.4,7.8473
27200.13,100.5,7.8473
27201.14,102.5,7.8473
27202.14,100.5,7.8473
27203.15,100.5,7.8473
27204.15,99.5,7.8473
27205.16,102.5,7.8473
27206.16,100.5,7.8473
27207.17,100.5,7.8473
27208.17,114.4,7.8473
27209.18,106.3,7.8473
27210.19,104.5,7.8473
27211.19,100.6,7.8473
27212.19,100.5,7.8473
27213.2,100.5,7.8473
27214.21,100.4,7.8473
27215.21,101.5,7.8473
27216.22,117.4,7.9299
27217.22,100.5,7.9252
27218.23,101.5,7.9254
27219.23,100.3,7.9254
27220.24,102.5,7.9254
27221.24,100.5,7.9254
27222.25,98.7,7.9254
27223.25,103.5,7.9254
27224.26,100.2,7.9254
27225.26,99.5,8.1129
27226.27,100.5,8.5852
27227.27,100.5,8.9808
27228.28,132.3,9.3124
27229.29,100.4,9.3124
27230.29,101.5,9.3124
27231.3,100.5,9.3124
27232.3,100.5,9.3124
27233.31,101.5,9.3124
27234.31,101.4,9.3124
27235.32,100.5,9.3124
27236.32,99.6,9.3097
27237.33,100.5,9.3079
27238.33,100.5,9.3084
27239.34,101.4,9.3084
27240.34,99.5,9.3084
27241.35,101.5,9.3084
27242.35,100.5,9.3084
27243.36,100.5,9.3084
27244.36,100.4,9.3084
27245.37,100.5,9.3084
27246.37,100.5,9.3084
27247.38,100.5,9.3084
27248.38,99.5,9.3085
27249.39,102.5,9.3085
27250.4,99.5,9.3085
27251.4,100.5,9.3085
27252.41,102.5,9.3085
27253.41,99.5,9.3085
27254.42,101.5,9.3085
27255.42,99.5,9.3085
27256.43,100.5,9.3085
27257.43,100.5,9.3085
27258.44,100.5,9.3085
27259.44,99.5,9.3085
27260.45,102.5,9.3085
27261.45,100.5,9.3085
27262.46,99.5,9.3085
27263.46,102.5,9.3085
27264.47,99.5,9.3085
27265.47,100.5,9.3085
27266.48,100.5,9.3085
27267.48,100.5,9.3085
27268.49,101.5,9.3085
27269.49,99.5,9.3085
27270.5,100.5,9.3085
27271.5,101.5,9.3085
27272.51,100.5,9.3087
27273.51,101.5,9.3087
27274.52,99.5,9.3087
27275.52,101.5,9.3087
27276.53,99.5,9.3087
27277.53,101.5,9.3087
27278.54,100.5,9.3087
27279.54,99.5,9.3087
27280.55,100.7,9.3087
27281.55,100.5,9.3087
27282.56,101.5,9.3087
27283.56,101.5,9.3087
27284.57,100.5,9.3089
27285.57,99.5,9.3089
27286.58,101.5,9.3089
27287.58,101.5,9.3089
27288.59,100.5,9.3089
27289.59,100.5,9.3089
27290.6,99.5,9.3089
27291.6,99.5,9.3089
27292.61,102.5,9.3089
27293.61,100.5,9.3089
27294.62,100.5,9.3089
27295.63,101.5,9.3091
27296.63,101.5,9.3091
27297.64,100.5,9.3091
27298.64,100.5,9.3091
27299.65,100.5,9.3091
27300.65,102.5,9.3091
27301.66,99.5,9.3091
27302.66,100.5,9.3091
27303.67,100.5,9.3094
27304.67,100.5,9.3094
27305.68,101.5,9.3094
27306.68,101.5,9.3094
27307.69,101.5,9.3094
27308.69,99.5,9.3094
27309.7,101.5,9.3094
27310.7,100.5,9.3094
27311.71,99.5,9.3094
27312.71,100.5,9.3094
27313.72,100.5,9.3094
27314.72,99.4,9.3094
27315.73,102.5,9.3094
27316.74,99.5,9.3094
27317.74,100.5,9.3094
27318.75,100.5,9.3094
27319.75,100.5,9.3094
27320.76,100.5,9.3094
27321.76,100.5,9.3094
27322.77,99.6,9.3094
27323.77,103.5,9.3094
27324.78,99.3,9.3094
27325.78,101.5,9.3094
27326.79,99.5,9.3094
27327.79,101.5,9.3094
27328.8,100.5,9.3094
27329.8,100.4,9.3094
27330.81,100.5,9.3094
27331.81,100.5,9.3094
27332.82,120.4,9.3094
27333.83,101.5,9.3094
27334.83,99.5,9.3094
27335.84,101.5,9.3094
27336.84,100.5,9.3094
27337.85,100.5,9.3094
27338.85,101.5,9.3094
27339.86,99.4,9.3094
27340.86,100.5,9.3094
27341.87,101.5,9.3094
27342.87,99.5,9.3095
27343.88,101.5,9.3095
27344.88,101.5,9.3095
27345.89,100.5,9.3095
27346.89,100.5,9.3095
27347.9,100.5,9.3095
27348.9,101.5,9.3095
27349.91,99.4,9.3095
27350.91,101.5,9.3095
27351.92,101.5,9.3095
27352.92,99.5,9.3095
27353.93,99.5,9.3095
27354.93,100.6,9.3095
27355.94,102.5,9.3095
27356.94,100.5,9.3095
27357.95,101.5,9.3095
27358.95,99.5,9.3095
27359.96,112.5,9.3096
27360.96,123.3,9.3096
27361.97,101.5,9.3096
27362.97,100.5,9.3096
27363.98,100.5,9.3096
27364.98,101.5,9.3096
27365.99,99.5,9.3096
27366.99,100.5,9.3096
27368.0,99.5,9.3097
27369.0,102.5,9.3097
27370.01,100.5,9.3097
27371.01,100.5,9.3097
27372.02,100.5,9.3097
27373.03,100.5,9.3097
27374.03,100.5,9.3097
27375.04,101.5,9.3097
27376.04,102.5,9.3097
27377.05,100.6,9.3097
27378.05,100.5,9.3097
27379.06,100.5,9.3097
27380.06,100.5,9.3097
27381.07,99.6,9.3097
27382.07,102.5,9.3097
27383.08,99.5,9.3097
27384.08,101.5,9.3097
27385.09,99.5,9.3097
27386.09,101.6,9.3097
27387.09,101.5,9.3097
27388.1,100.5,9.31
27389.11,100.5,9.31
27390.11,100.6,9.31
27391.11,100.5,9.31
27392.12,101.5,9.31
27393.12,99.5,9.31
27394.13,101.5,9.31
27395.13,101.5,9.31
27396.14,99.5,9.31
27397.14,101.5,9.31
27398.15,100.5,9.31
27399.16,99.5,9.31
27400.16,100.5,9.31
27401.17,100.5,9.31
27402.17,100.5,9.31
27403.18,99.5,9.31
27404.18,101.5,9.31
27405.19,100.5,9.31
27406.19,100.7,9.31
27407.19,99.5,9.31
27408.2,101.5,9.31
27409.2,100.5,9.31
27410.21,100.5,9.31
27411.21,100.5,9.31
27412.22,101.5,9.31
27413.22,99.5,9.3102
27414.23,102.5,9.3102
27415.23,100.5,9.3102
27416.24,99.5,9.3102
27417.24,101.5,9.3102
27418.25,101.5,9.3102
27419.26,100.5,9.3102
27420.26,99.5,9.3102
27421.27,100.5,9.3102
27422.27,100.5,9.3102
27423.28,100.5,9.3102
27424.28,101.5,9.3102
27425.29,100.5,9.3102
27426.29,101.5,9.3102
27427.3,100.5,9.3102
27428.3,99.5,9.3102
27429.31,100.5,9.3102
27430.31,102.5,9.3102
27431.32,99.5,9.3102
27432.32,100.5,9.3102
27433.33,99.5,9.3102
27434.33,100.5,9.3102
27435.34,100.5,9.3102
27436.34,100.5,9.3102
27437.35,99.5,9.3102
27438.35,102.5,9.3102
27439.36,101.5,9.3102
27440.36,100.5,9.3102
27441.37,100.5,9.3102
27442.37,100.6,9.3102
27443.38,100.5,9.3102
27444.38,101.5,9.3102
27445.39,99.5,9.3102
27446.39,100.5,9.3102
27447.4,101.5,9.3102
27448.41,100.5,9.3102
27449.41,100.6,9.3102
27450.42,100.4,9.3102
27451.42,102.5,9.3102
27452.43,101.5,9.3102
27453.43,100.5,9.3102
27454.44,99.5,9.3102
27455.44,101.7,2.5896
27456.44,333.1,2.7864
27457.45,355.1,3.0218
27458.45,319.6,3.2363
27459.46,117.5,3.3087
27460.46,104.5,3.3665
27461.47,113.4,3.4174
27462.47,99.5,3.4575
27463.48,104.5,3.5084
27464.48,103.5,3.5439
27465.49,101.5,3.5777
27466.49,99.5,3.6098
27467.5,102.5,3.6408
27468.5,102.5,3.6692
27469.51,104.5,3.7005
27470.51,103.5,3.7152
27471.52,101.5,3.7421
27472.52,100.5,3.7673
27473.53,116.4,3.809
27474.53,102.5,3.8191
27475.54,100.5,3.845
27476.54,100.5,3.8717
27477.55,100.5,3.8978
27478.56,102.5,3.9235
27479.56,100.5,3.9494
27480.57,102.5,3.9756
27481.57,99.5,3.9996
27482.58,101.5,4.0404
27483.58,101.5,4.0529
27484.59,100.5,4.0779
27485.59,100.5,4.1054
27486.6,100.5,4.13
27487.6,100.5,4.1561
27488.61,102.5,4.181
27489.61,99.5,4.2061
27490.62,102.5,4.2314
27491.62,99.5,4.2561
27492.63,101.5,4.2809
27493.63,101.5,4.3164
27494.64,101.5,4.3322
27495.64,100.5,4.3548
27496.65,102.5,4.3895
27497.66,100.5,4.4041
27498.66,101.5,4.4348
27499.67,102.5,4.4348
27500.67,103.5,4.4463
27501.68,100.5,4.4612
27502.68,117.4,4.4748
27503.69,99.6,4.4889
27504.69,104.4,4.5108
27505.7,106.1,4.5276
27506.7,100.5,4.5473
27507.71,104.5,4.5661
27508.71,112.5,4.5872
27509.72,100.5,4.6087
27510.73,100.5,4.622
27511.73,101.5,4.6386
27512.74,99.5,4.651
27513.74,99.5,4.651
27514.75,186.0,4.6659
27515.75,2.0,2.5797
27516.76,308.6,2.7512
27517.76,355.1,2.9747
27518.76,324.9,3.1785
27519.77,150.5,3.3392
27520.77,179.1,2.4647
27521.78,2.0,2.7501
27522.78,354.9,2.9309
27523.79,0.0,2.4809
27524.79,284.8,2.7426
27525.79,325.9,2.8446
27526.8,337.3,3.0751
27527.8,1.0,2.6496
27528.8,310.3,2.7892
27529.81,349.4,3.0075
27530.81,318.3,3.2491
27531.82,1.0,2.6281
27532.82,318.0,2.7817
27533.82,340.2,3.0324
27534.83,342.1,3.2747
27535.83,2.0,2.5632
27536.84,298.4,2.7304
27537.84,2.0,2.562
27538.85,292.4,2.7293
27539.85,345.1,2.8773
27540.85,1.0,2.6926
27541.86,324.2,3.0663
27542.87,270.5,3.531
27543.87,294.4,4.0105
27544.88,237.7,4.4563
27545.88,235.9,4.8619
27546.88,288.1,4.989
27547.89,346.1,5.1798
27548.89,318.3,5.3833
27549.9,315.4,5.6623
27550.9,306.7,5.8829
27551.91,307.3,6.1075
27552.91,304.3,6.2935
27553.92,301.5,6.5099
27554.92,302.3,6.7813
27555.93,292.4,7.0249
27556.93,297.6,7.2507
27557.94,264.1,7.5428
27558.94,325.5,8.2301
27559.95,304.3,8.3331
27560.95,274.8,8.3343
27561.96,305.5,8.3351
27562.96,253.1,8.3378
27563.97,202.9,8.3378
27564.97,229.8,8.3378
27565.98,184.0,8.3378
27566.98,125.4,8.3378
27567.99,159.9,8.3378
27568.99,104.5,8.3378
27570.0,123.4,8.3493
27571.0,103.5,8.4367
27572.01,119.4,8.438
27573.01,107.4,8.4381
27574.02,172.1,8.4381
27575.03,101.4,8.4381
27576.03,133.2,8.4381
27577.04,103.5,8.4381
27578.04,106.5,8.4381
27579.05,104.5,8.4381
27580.05,101.5,8.4381
27581.06,100.4,8.4381
27582.06,145.2,8.4381
27583.07,100.5,8.4381
27584.07,100.5,8.4381
27585.08,101.5,8.4381
27586.08,115.6,8.4381
27587.09,104.5,8.4381
27588.09,100.5,8.4381
27589.1,108.5,8.4381
27590.1,105.4,8.4381
27591.11,102.2,8.4381
27592.12,107.4,8.4381
27593.12,109.6,8.4381
27594.13,132.3,8.4381
27595.13,112.7,8.4381
27596.13,101.5,8.4381
27597.14,100.5,8.4381
27598.14,102.5,8.4384
27599.15,100.4,8.4384
27600.16,103.4,8.4384
27601.16,106.4,8.4384
27602.17,105.5,8.4384
27603.17,103.4,8.4384
27604.18,263.5,9.2051
27605.18,102.4,9.2051
27606.19,99.5,9.2051
27607.19,101.5,9.2051
27608.2,100.5,9.2051
27609.2,100.5,9.1994
27610.21,113.4,9.1994
27611.21,105.5,9.1994
27612.22,104.4,9.1994
27613.22,101.5,9.1994
27614.23,100.5,9.1994
27615.23,102.5,9.1994
27616.24,100.5,9.1994
27617.25,99.5,9.1994
27618.25,101.5,9.1994
27619.25,101.7,9.1994
27620.26,99.5,9.1994
27621.26,102.4,9.1994
27622.27,110.4,9.1967
27623.28,101.5,9.1967
27624.28,100.5,9.1967
27625.29,113.4,9.1967
27626.29,102.4,9.1967
27627.3,100.4,9.1967
27628.3,102.5,9.1967
27629.31,100.5,9.1967
27630.31,100.5,9.1944
27631.32,101.5,9.1944
27632.32,100.5,9.1944
27633.33,100.5,9.1944
27634.33,100.5,9.1944
27635.34,101.5,9.1944
27636.35,100.5,9.1944
27637.35,100.4,9.1944
27638.36,100.5,9.1944
27639.36,104.4,9.1944
27640.37,101.5,9.1944
27641.37,101.5,9.1944
27642.38,105.4,9.1946
27643.38,101.5,9.1921
27644.39,100.5,9.1921
27645.39,102.5,9.1921
27646.4,100.5,9.1921
27647.4,100.5,9.1921
27648.41,100.5,9.1921
27649.42,99.5,9.1921
27650.42,102.5,9.1921
27651.43,100.5,9.1921
27652.43,139.3,9.1921
27653.44,99.5,9.1921
27654.44,100.5,9.1921
27655.45,101.5,9.1921
27656.45,104.4,9.1921
27657.46,101.5,9.1921
27658.46,100.5,9.1899
27659.47,102.4,9.1899
27660.47,101.5,9.1899
27661.48,100.5,9.1899
27662.48,102.5,9.1899
27663.49,109.4,9.1899
27664.49,101.5,9.1899
27665.5,100.5,9.1899
27666.5,104.4,9.1899
27667.51,100.5,9.1899
27668.52,116.4,9.1873
27669.52,100.5,9.1873
27670.53,101.5,9.1873
27671.53,99.5,9.1873
27672.54,103.5,9.1873
27673.54,100.5,9.1873
27674.55,104.4,9.1873
27675.55,106.4,9.1873
27676.56,100.5,9.1873
27677.56,101.4,9.1873
27678.57,100.5,9.1873
27679.57,100.5,9.1873
27680.58,100.5,9.1873
27681.58,99.7,9.1873
27682.59,102.5,9.1873
27683.59,101.5,9.1873
27684.6,101.5,9.1873
27685.6,100.5,9.1873
27686.61,127.3,9.1873
27687.62,171.1,9.1873
27688.62,115.4,9.1873
27689.63,101.5,9.1873
27690.63,101.5,9.1873
27691.64,99.5,9.1873
27692.64,101.5,9.1876
27693.65,101.5,9.1876
27694.65,100.5,9.1876
27695.66,101.5,9.1876
27696.66,99.5,9.1876
27697.67,101.5,9.1876
27698.67,100.5,9.1876
27699.68,100.5,9.1876
27700.68,101.5,9.1876
27701.69,100.5,9.1876
27702.69,100.5,9.1876
27703.7,101.5,9.1878
27704.71,99.5,9.1878
27705.71,101.4,9.1878
27706.72,100.4,9.1878
27707.72,101.5,9.1878
27708.73,100.5,9.1878
27709.73,101.5,9.1878
27710.74,99.5,9.1878
27711.74,101.5,9.1878
27712.75,102.5,9.1878
27713.75,99.5,9.1878
27714.76,100.5,9.1878
27715.76,100.5,9.1878
27716.77,103.6,9.1878
27717.77,99.5,9.1878
27718.78,116.4,9.1878
27719.78,100.5,9.1878
27720.79,100.7,9.1878
27721.79,126.4,9.188
27722.8,255.7,9.2975
27723.8,100.5,9.2975
27724.81,100.5,9.2975
27725.81,101.5,9.2975
27726.82,100.5,9.2975
27727.82,102.5,9.2977
27728.83,100.5,9.2977
27729.83,100.5,9.2977
27730.84,101.5,9.2977
27731.84,100.5,9.2977
27732.85,102.5,9.2977
27733.85,101.6,9.2977
27734.86,101.5,9.2977
27735.86,99.5,9.2977
27736.87,100.5,9.2977
27737.87,100.5,9.298
27738.88,101.5,9.298
27739.89,100.5,9.298
27740.89,100.5,9.298
27741.9,100.5,9.298
27742.9,100.5,9.298
27743.91,103.5,9.298
27744.91,100.5,9.298
27745.92,99.5,9.298
27746.92,102.5,9.298
27747.93,99.5,9.298
27748.93,100.5,9.298
27749.94,100.5,9.298
27750.94,99.5,9.298
27751.95,101.5,9.298
27752.95,102.5,9.298
27753.96,99.5,9.298
27754.96,101.7,9.298
27755.97,99.5,9.298
27756.97,100.4,9.298
27757.98,100.5,9.298
27758.99,100.5,9.298
27759.99,101.5,9.298
27761.0,98.5,9.298
27762.0,100.5,9.298
27763.01,101.5,9.298
27764.01,100.5,9.298
27765.02,100.5,9.298
27766.02,100.5,9.298
27767.03,104.5,9.298
27768.03,101.5,9.298
27769.04,100.5,9.298
27770.04,100.5,9.298
27771.05,100.5,9.298
27772.05,100.5,9.298
27773.06,99.5,9.298
27774.06,101.5,9.298
27775.07,99.5,9.298
27776.07,134.4,9.298
27777.08,139.3,9.298
27778.08,100.5,9.298
27779.09,100.5,9.298
27780.09,101.5,9.298
27781.1,99.5,9.298
27782.11,99.4,9.298
27783.11,101.6,9.2982
27784.11,101.5,9.2982
27785.12,102.5,9.2982
27786.13,100.5,9.2982
27787.13,99.4,9.2982
27788.14,101.5,9.2982
27789.14,101.5,9.2982
27790.15,99.5,9.2982
27791.15,99.5,9.2982
27792.16,102.3,9.2982
27793.16,101.5,9.2982
27794.17,100.5,9.2982
27795.17,105.4,9.2982
27796.18,102.5,9.2985
27797.19,99.5,9.2985
27798.19,101.5,9.2985
27799.2,99.5,9.2985
27800.2,102.5,9.2985
27801.21,102.5,9.2985
27802.21,99.5,9.2985
27803.22,100.5,9.2985
27804.22,101.5,9.2985
27805.23,101.5,9.2985
27806.23,99.5,9.2985
27807.24,101.4,9.2985
27808.24,100.5,9.2985
27809.25,99.5,9.2985
27810.25,101.5,9.2985
27811.26,101.5,9.2985
27812.26,100.4,9.2985
27813.27,101.5,9.2988
27814.27,101.5,9.2988
27815.28,101.5,9.2988
27816.28,99.5,9.2988
27817.29,102.4,9.2988
27818.3,99.5,9.2988
27819.3,101.5,9.2988
27820.31,100.5,9.2988
27821.31,101.5,9.2988
27822.32,103.3,9.2988
27823.32,101.5,9.2988
27824.33,99.5,9.2988
27825.33,101.5,9.2988
27826.34,100.5,9.2988
27827.34,100.5,9.2988
27828.35,100.5,9.299
27829.35,100.5,9.299
27830.36,101.5,9.299
27831.37,100.5,9.299
27832.37,100.5,9.299
27833.38,99.5,9.299
27834.38,100.5,9.299
27835.39,102.5,9.299
27836.39,100.5,9.299
27837.4,103.5,9.299
27838.4,102.5,9.299
27839.41,100.5,9.299
27840.41,99.4,2.5577
27841.42,311.5,2.8241
27842.42,310.3,3.1416
27843.43,203.0,3.6089
27844.43,160.1,4.0853
27845.44,141.3,4.5583
27846.44,187.1,4.9082
27847.45,355.5,5.082
27848.45,330.4,5.3334
27849.46,327.4,5.6588
27850.46,313.3,5.9321
27851.47,308.5,6.2014
27852.47,307.4,6.4284
27853.48,300.5,6.6628
27854.48,299.3,6.9221
27855.49,307.3,7.154
27856.49,319.0,7.533
27857.5,335.3,8.1036
27858.5,307.3,8.1534
27859.51,302.5,8.1542
27860.51,290.5,8.1547
27861.52,305.3,8.1556
27862.52,234.2,8.1563
27863.53,166.1,8.1563
27864.53,143.2,8.1563
27865.54,160.3,8.1563
27866.54,134.3,8.1563
27867.55,110.3,8.1563
27868.56,110.4,8.2152
27869.56,113.4,8.2563
27870.57,104.5,8.2563
27871.57,152.2,8.2563
27872.58,138.1,8.2566
27873.58,122.5,8.3194
27874.59,103.5,8.3568
27875.59,119.4,8.3568
27876.6,112.4,8.3568
27877.6,102.4,8.357
27878.61,102.5,8.357
27879.61,102.5,8.357
27880.62,120.3,8.357
27881.62,105.4,8.357
27882.63,101.5,8.357
27883.63,100.5,8.357
27884.64,124.5,8.357
27885.64,124.3,8.357
27886.65,121.4,8.357
27887.66,112.4,8.357
27888.66,103.4,8.357
27889.67,100.5,8.357
27890.67,100.5,8.357
27891.68,125.3,8.357
27892.68,112.4,8.357
27893.69,109.4,8.357
27894.69,104.4,8.357
27895.69,102.7,8.357
27896.7,130.3,8.357
27897.7,108.6,8.3573
27898.71,100.6,8.3573
27899.71,112.4,8.3573
27900.72,114.3,8.3697
27901.73,265.4,9.1228
27902.73,103.4,9.1698
27903.74,100.4,9.1698
27904.74,104.5,9.1698
27905.75,101.4,9.1698
27906.75,100.5,9.1698
27907.76,112.4,9.1698
27908.76,105.4,9.1698
27909.77,100.5,9.1698
27910.77,101.5,9.1698
27911.78,100.5,9.1698
27912.79,104.3,9.1698
27913.79,100.5,9.1698
27914.8,100.5,9.1698
27915.8,100.5,9.1698
27916.81,128.3,9.1698
27917.81,101.5,9.1698
27918.82,103.5,9.1698
27919.82,111.4,9.1698
27920.83,110.4,9.1698
27921.83,102.5,9.1698
27922.84,107.4,9.1702
27923.85,102.4,9.1702
27924.85,105.4,9.1702
27925.86,99.5,9.1702
27926.86,99.5,9.1702
27927.87,102.5,9.1702
27928.87,99.5,9.1702
27929.88,101.5,9.1702
27930.88,100.5,9.1702
27931.89,107.3,9.1702
27932.89,104.4,9.1702
27933.9,106.5,9.1702
27934.91,100.5,9.1702
27935.91,100.5,9.1702
27936.92,102.4,9.1702
27937.92,100.5,9.1702
27938.93,109.4,9.1702
27939.93,101.4,9.1702
27940.94,102.5,9.1702
27941.94,100.5,9.1702
27942.95,100.5,9.1702
27943.95,100.5,9.1702
27944.96,101.5,9.1702
27945.96,101.5,9.1702
27946.97,101.5,9.1702
27947.97,99.5,9.1702
27948.98,120.4,9.1702
27949.98,122.3,9.1702
27950.99,100.5,9.1702
27952.0,101.5,9.1702
27953.0,101.5,9.1702
27954.01,102.4,9.1702
27955.01,101.5,9.1702
27956.02,100.5,9.1702
27957.02,104.5,9.1702
27958.03,99.5,9.1702
27959.03,99.5,9.1702
27960.04,113.4,9.1702
27961.04,102.5,9.1702
27962.05,100.5,9.1702
27963.05,100.5,9.1702
27964.06,101.5,9.1702
27965.06,121.3,9.1702
27966.07,102.5,9.1702
27967.07,102.5,9.1702
27968.08,99.5,9.1705
27969.09,107.4,9.1705
27970.09,100.6,9.1705
27971.1,104.4,9.1705
27972.1,107.4,9.1705
27973.11,100.5,9.1705
27974.11,100.5,9.1705
27975.12,101.5,9.1705
27976.12,101.5,9.1705
27977.13,100.5,9.1705
27978.13,100.5,9.1705
27979.14,100.5,9.1705
27980.14,101.5,9.1705
27981.15,100.5,9.1705
27982.15,125.3,9.1705
27983.16,158.1,9.1707
27984.16,161.1,9.1707
27985.17,138.3,9.1707
27986.18,158.2,9.1737
27987.18,100.5,9.1737
27988.19,102.5,9.1737
27989.19,101.5,9.1737
27990.2,99.5,9.1737
27991.2,100.5,9.1689
27992.21,105.4,9.1689
27993.21,117.4,9.1689
27994.22,101.5,9.1689
27995.22,101.5,9.1689
27996.23,108.4,9.1689
27997.23,101.5,9.1689
27998.24,100.5,9.1689
27999.24,99.5,9.1689
28000.25,105.5,9.1689
28001.25,99.5,9.1689
28002.26,101.5,9.1689
28003.27,100.5,9.1689
28004.27,102.5,9.1689
28005.28,100.4,9.1689
28006.28,100.7,9.1689
28007.28,100.5,9.1689
28008.29,102.5,9.1689
28009.29,99.5,9.1689
28010.3,101.5,9.1689
28011.3,100.5,9.1689
28012.31,100.5,9.1689
28013.31,101.5,9.1692
28014.32,110.5,9.1692
28015.32,182.4,9.1698
28016.33,200.0,9.2754
28017.33,101.5,9.2754
28018.34,100.5,9.2754
28019.34,100.5,9.2754
28020.35,101.5,9.2754
28021.35,101.5,9.2754
28022.36,100.5,9.2754
28023.37,101.3,9.2754
28024.37,100.5,9.2754
28025.38,100.5,9.2754
28026.38,103.5,9.2754
28027.39,102.6,9.2754
28028.39,100.5,9.2754
28029.4,99.5,9.2754
28030.4,102.5,9.2754
28031.41,99.6,9.2754
28032.41,100.5,9.2754
28033.42,104.4,9.2754
28034.42,99.5,9.2754
28035.43,101.5,9.2754
28036.43,102.5,9.2754
28037.44,101.5,9.2754
28038.44,99.5,9.2754
28039.45,101.5,9.2754
28040.45,101.5,9.2754
28041.46,99.5,9.2754
28042.46,102.5,9.2754
28043.47,100.5,9.2754
28044.47,99.5,9.2754
28045.48,99.5,9.2754
28046.48,101.5,9.2754
28047.49,100.5,9.2754
28048.49,100.5,9.2754
28049.5,100.5,9.2754
28050.5,100.5,9.2754
28051.51,102.5,9.2754
28052.51,100.5,9.2754
28053.52,99.5,9.2754
28054.53,101.5,9.2754
28055.53,99.5,9.2754
28056.54,101.5,9.2754
28057.54,100.5,9.2754
28058.55,99.5,9.2754
28059.55,103.5,9.2754
28060.56,100.5,9.2754
28061.56,101.6,9.2754
28062.57,99.5,9.2757
28063.57,100.3,9.2757
28064.58,101.5,9.2757
28065.58,99.5,9.2757
28066.59,102.5,9.2757
28067.59,100.5,9.2757
28068.6,100.3,9.2759
28069.61,100.5,9.2759
28070.61,163.1,9.2759
28071.62,128.3,9.2759
28072.62,100.5,9.2759
28073.63,102.4,9.2759
28074.63,99.5,9.2759
28075.64,101.5,9.2759
28076.64,101.5,9.2759
28077.65,99.5,9.2759
28078.65,100.5,9.2759
28079.66,100.5,9.2759
28080.66,101.5,9.2759
28081.67,100.5,9.2759
28082.67,101.5,9.2759
28083.68,101.5,9.2759
28084.69,100.5,9.2759
28085.69,104.5,9.2759
28086.69,100.5,9.2759
28087.7,101.3,9.2759
28088.71,105.5,9.2759
28089.71,100.5,9.2759
28090.72,99.5,9.2759
28091.72,102.5,9.2759
28092.73,100.5,9.2759
28093.73,100.5,9.2759
28094.74,99.5,9.2759
28095.74,100.5,9.2759
28096.75,101.5,9.2759
28097.75,101.5,9.2759
28098.76,100.5,9.2759
28099.76,100.5,9.2759
28100.77,100.5,9.2759
28101.77,101.5,9.2759
28102.78,103.5,9.2759
28103.79,100.4,9.2759
28104.79,103.5,9.2759
28105.79,101.5,9.2759
28106.8,99.5,9.2759
28107.81,101.5,9.2762
28108.81,111.4,9.2762
28109.82,101.5,9.2762
28110.82,99.5,9.2762
28111.83,102.5,9.2762
28112.83,101.5,9.2762
28113.84,99.3,9.2762
28114.84,100.5,9.2762
28115.85,101.5,9.2762
28116.85,101.5,9.2762
28117.86,99.5,9.2762
28118.86,101.5,9.2762
28119.87,100.5,9.2762
28120.87,101.5,9.2762
28121.88,100.5,9.2762
28122.89,101.5,9.2762
28123.89,101.5,9.2762
28124.9,99.5,9.2762
28125.9,101.5,9.2762
28126.91,100.6,9.2762
28127.91,101.5,9.2762
28128.92,99.5,9.2762
28129.92,108.5,9.2762
28130.93,102.6,9.2762
28131.93,102.5,9.2762
28132.94,99.5,9.2762
28133.94,101.4,9.2762
28134.94,100.6,9.2762
28135.95,99.4,9.2762
28136.96,101.4,9.2762
28137.96,100.5,9.2762
28138.97,101.4,9.2762
28139.97,100.5,9.2762
28140.98,2.0,2.6417
28141.98,321.3,2.9648
28142.98,314.1,3.1405
28143.99,349.0,3.2952
28144.99,338.2,3.4866
28146.0,320.5,3.7245
28147.0,310.4,4.0083
28148.0,305.1,4.1938
28149.01,303.0,4.4159
28150.01,300.4,4.6045
28151.02,301.3,4.7598
28152.02,296.4,4.8546
28153.03,306.5,4.9278
28154.04,313.3,4.9897
28155.04,300.3,5.0234
28156.05,250.8,5.0704
28157.05,228.3,5.1049
28158.05,187.6,5.1334
28159.05,180.5,5.1579
28160.06,133.3,5.1878
28161.06,193.9,5.2293
28162.07,116.4,5.2573
28163.08,123.3,5.2859
28164.08,101.5,5.3149
28165.08,102.7,5.3428
28166.09,123.4,5.3849
28167.09,120.7,5.4141
28168.09,120.7,5.4682
28169.1,115.4,5.5215
28170.1,100.5,5.555
28171.11,105.4,5.5796
28172.12,127.3,5.6106
28173.12,146.2,5.6421
28174.13,105.5,5.6725
28175.13,99.5,5.7035
28176.14,101.5,5.7319
28177.14,100.5,5.7629
28178.15,101.5,5.7959
28179.15,100.5,5.8286
28180.16,99.5,5.8621
28181.16,101.5,5.8914
28182.17,115.4,5.9668
28183.17,139.3,6.0345
28184.18,135.4,6.1212
28185.18,131.3,6.169
28186.19,125.3,6.1958
28187.19,101.4,6.2221
28188.2,175.3,6.2645
28189.2,102.5,6.2962
28190.21,100.5,6.3282
28191.21,114.4,6.3765
28192.22,104.4,6.4382
28193.22,100.5,6.535
28194.23,101.5,6.6168
28195.24,116.4,6.7264
28196.24,99.5,6.7832
28197.25,102.5,6.8337
28198.25,100.5,6.8631
28199.26,99.5,6.8922
28200.26,113.4,6.9396
28201.27,108.4,7.0055
28202.27,110.5,7.0603
28203.28,101.5,7.1252
28204.28,105.8,7.2006
28205.28,106.5,7.2611
28206.29,118.4,7.3512
28207.3,101.5,7.4348
28208.3,193.0,7.7605
28209.3,99.7,7.7605
28210.31,99.5,7.7605
28211.31,101.7,7.7605
28212.32,104.5,7.7605
28213.32,100.5,7.7605
28214.33,116.4,7.7606
28215.33,129.3,7.7606
28216.34,104.4,7.7606
28217.34,100.5,7.7606
28218.35,134.3,7.7629
28219.35,100.5,7.7629
28220.36,114.4,7.7629
28221.36,118.4,7.7678
28222.37,100.5,7.7844
28223.37,100.5,7.7984
28224.38,101.5,7.8153
28225.39,100.5,7.8371
28226.39,119.4,7.8524
28227.4,135.3,7.8629
28228.4,100.5,7.8629
28229.41,99.5,7.8629
28230.41,104.5,7.8629
28231.42,99.5,7.8629
28232.42,100.6,7.8629
28233.43,102.5,7.8629
28234.43,98.7,7.8629
28235.43,101.5,7.8629
28236.44,100.5,7.8629
28237.45,102.5,7.8629
28238.45,102.5,7.8631
28239.45,99.6,7.8631
28240.46,99.6,7.8631
28241.46,100.5,7.8631
28242.47,101.5,7.8631
28243.48,129.3,7.8631
28244.48,105.3,7.8631
28245.49,117.4,7.8631
28246.49,100.6,7.8631
28247.5,100.5,7.8634
28248.5,102.5,7.8634
28249.51,100.6,7.8634
28250.51,100.5,7.8636
28251.52,100.5,7.8636
28252.52,100.5,7.8636
28253.53,100.5,7.8636
28254.53,100.5,7.8636
28255.54,101.5,7.8636
28256.54,101.5,7.8636
28257.55,101.5,7.8636
28258.55,100.5,7.8636
28259.56,100.5,7.8636
28260.56,100.5,7.8636
28261.57,100.5,7.8636
28262.58,99.5,7.8636
28263.58,100.5,7.8636
28264.59,100.5,7.8636
28265.59,101.5,7.8636
28266.6,100.5,7.8636
28267.6,111.5,7.8636
28268.61,114.4,7.8636
28269.61,100.5,7.8636
28270.62,101.5,7.8636
28271.62,100.5,7.8636
28272.63,99.5,7.8636
28273.63,101.5,7.8636
28274.64,101.5,7.8636
28275.64,100.5,7.8636
28276.65,100.5,7.8636
28277.66,100.5,7.8636
28278.66,99.5,7.8636
28279.67,100.5,7.8636
28280.67,100.5,7.8636
28281.68,100.5,7.8636
28282.68,100.5,7.8636
28283.69,101.5,7.8636
28284.69,100.5,7.8636
28285.7,101.5,7.8636
28286.7,104.5,7.8636
28287.71,100.5,7.8636
28288.71,100.5,7.8636
28289.72,100.5,7.8636
28290.72,102.5,7.8636
28291.73,99.5,7.8636
28292.73,100.5,7.8639
28293.74,102.5,7.8639
28294.74,100.5,7.8639
28295.75,100.5,7.8639
28296.76,100.5,7.8639
28297.76,99.5,7.8639
28298.77,102.5,7.8639
28299.77,99.5,7.8639
28300.78,100.5,7.8639
28301.78,100.5,7.8639
28302.79,101.5,7.8639
28303.79,100.5,7.8639
28304.8,101.7,7.8639
28305.8,99.5,7.8639
28306.8,100.7,7.8639
28307.81,100.5,7.8639
28308.81,100.5,7.8639
28309.82,99.5,7.8639
28310.82,102.5,7.8639
28311.83,106.7,7.8639
28312.83,101.5,7.8639
28313.84,101.5,7.8639
28314.84,100.7,7.8639
28315.85,100.5,7.8639
28316.85,101.4,7.8639
28317.86,100.5,7.8639
28318.86,114.5,7.8639
28319.87,102.5,7.8639
28320.87,99.5,7.8639
28321.88,101.5,7.8642
28322.88,101.5,7.8642
28323.89,102.5,7.8642
28324.89,100.5,7.8642
28325.9,101.6,7.8642
28326.9,99.5,7.8642
28327.91,106.4,7.8642
28328.91,99.5,7.8642
28329.92,100.5,7.8642
28330.92,101.7,7.8642
28331.93,140.3,7.8642
28332.93,100.5,7.8642
28333.94,101.5,7.8642
28334.94,99.5,7.8642
28335.95,101.5,7.8642
28336.95,199.4,7.8642
28337.96,278.6,7.8648
28338.96,116.4,7.8648
28339.97,124.3,7.8648
28340.97,102.5,7.8648
28341.98,100.5,7.8648
28342.98,118.4,7.8648
28343.99,197.9,8.2503
28344.99,130.3,8.3316
28346.0,174.1,8.3362
28347.0,104.5,8.3362
28348.01,101.5,8.3362
28349.01,100.5,8.3362
28350.02,99.6,8.3362
28351.02,103.5,8.3293
28352.03,99.5,8.3293
28353.04,102.5,8.3293
28354.04,104.4,8.3293
28355.05,154.2,8.3293
28356.05,199.0,8.3434
28357.06,146.2,8.3552
28358.06,101.5,8.3552
28359.07,102.5,8.3552
28360.07,100.5,8.3552
28361.08,101.5,8.3398
28362.08,99.5,8.3398
28363.09,100.5,8.3398
28364.09,100.5,8.3398
28365.1,101.5,8.3398
28366.1,100.5,8.3398
28367.11,99.5,8.3398
28368.11,103.5,8.3398
28369.12,101.5,8.3398
28370.12,183.1,8.4041
28371.13,101.5,8.4041
28372.13,100.5,8.4041
28373.14,99.6,8.4041
28374.14,101.5,8.4041
28375.15,101.5,8.4041
28376.15,182.1,8.4041
28377.16,202.0,8.4071
28378.16,140.4,8.4398
28379.17,99.5,8.4398
28380.17,101.5,8.4398
28381.18,99.5,8.4036
28382.18,100.5,8.4036
28383.19,101.5,8.4039
28384.19,100.5,8.4039
28385.2,101.5,8.4039
28386.2,100.5,8.4039
28387.21,99.5,8.4039
28388.21,101.5,8.4039
28389.22,99.5,8.4039
28390.22,101.5,8.4039
28391.23,99.5,8.4039
28392.23,100.5,8.4039
28393.24,99.5,8.4039
28394.24,103.5,8.4039
28395.25,100.5,8.4039
28396.26,214.9,8.4134
28397.26,301.6,8.4317
28398.27,187.0,8.4378
28399.27,169.6,8.4408
28400.27,107.5,8.441
28401.28,101.5,8.441
28402.28,104.5,8.441
28403.29,100.5,8.441
28404.29,100.5,8.441
28405.3,101.5,8.441
28406.3,103.5,8.4263
28407.31,100.5,8.4265
28408.31,100.5,8.4265
28409.32,101.5,8.4265
28410.32,99.5,8.4265
28411.33,101.5,8.4265
28412.33,100.5,8.4265
28413.34,102.5,8.4265
28414.34,99.5,8.4265
28415.35,101.5,8.4265
28416.35,101.5,8.4265
28417.36,100.5,8.4265
28418.36,100.5,8.4265
28419.37,102.5,8.4265
28420.37,100.5,8.4265
28421.38,99.5,8.4265
28422.39,100.5,8.4265
28423.39,100.5,8.4265
28424.4,100.5,8.4265
28425.4,171.2,8.4266
28426.41,102.5,8.4266
28427.41,100.5,8.4266
28428.42,100.5,8.4266
28429.42,100.5,8.4266
28430.43,102.5,8.4266
28431.43,100.5,8.4266
28432.44,100.5,8.4269
28433.44,99.5,8.4269
28434.45,100.5,8.4269
28435.45,100.5,8.4269
28436.46,102.5,8.4269
28437.46,98.5,8.4269
28438.47,101.5,8.4269
28439.47,101.5,8.4269
28440.48,1814.0,2.5684
28441.48,319.9,2.7756
28442.49,362.4,2.9207
28443.49,321.3,3.1863
28444.5,321.5,3.5209
28445.5,2.0,2.5524
28446.51,294.6,2.7248
28447.51,2.0,2.5507
28448.52,297.4,2.7336
28449.52,363.3,2.876
28450.52,0.0,2.5678
28451.53,329.0,2.804
28452.53,341.3,2.9587
28453.54,325.6,3.2982
28454.54,313.4,3.6399
28455.55,307.4,3.9326
28456.55,313.4,4.1006
28457.56,318.3,4.3152
28458.56,257.6,4.5907
28459.57,113.4,4.8855
28460.57,115.4,5.184
28461.58,124.5,5.6121
28462.58,102.5,6.0352
28463.59,99.5,6.4708
28464.59,100.5,6.8953
28465.6,100.5,7.3122
28466.6,140.4,7.57
28467.61,100.5,7.6197
28468.61,103.5,7.6197
28469.62,99.5,7.6197
28470.62,100.6,7.6197
28471.63,101.5,7.6197
28472.63,99.5,7.6197
28473.64,102.5,7.6197
28474.64,100.5,7.6197
28475.65,100.5,7.6197
28476.65,124.4,7.7283
28477.66,100.5,7.7989
28478.66,100.5,7.7989
28479.67,100.5,7.7989
28480.67,101.5,7.7989
28481.68,100.5,7.7989
28482.68,99.5,7.7989
28483.69,100.6,7.7989
28484.69,102.6,7.7989
28485.7,99.4,7.7989
28486.7,101.5,7.7989
28487.71,100.5,7.7989
28488.71,100.5,7.7989
28489.72,99.5,7.7989
28490.72,101.3,7.7989
28491.73,100.5,7.7989
28492.73,100.5,7.7992
28493.74,101.5,7.7992
28494.74,99.5,7.7992
28495.75,100.5,7.7992
28496.75,100.5,7.7992
28497.76,99.6,7.7992
28498.76,101.5,7.7992
28499.77,99.5,7.7992
28500.77,101.3,7.7992
28501.78,100.5,7.7992
28502.78,102.5,7.7992
28503.79,99.5,7.7992
28504.79,101.5,7.7992
28505.8,100.4,7.7992
28506.81,100.5,7.7992
28507.81,100.5,7.7992
28508.82,100.5,7.7992
28509.82,100.5,7.7992
28510.83,100.5,7.7992
28511.83,99.5,7.7992
28512.84,101.5,7.7992
28513.84,101.5,7.7992
28514.85,118.4,7.8
28515.85,100.5,7.8
28516.86,101.5,7.8
28517.86,101.5,7.8
28518.87,101.5,7.8
28519.87,99.5,7.8
28520.88,99.5,7.8
28521.88,100.5,7.8
28522.89,100.5,7.8002
28523.89,100.5,7.8002
28524.9,101.5,7.8002
28525.9,99.5,7.8002
28526.91,100.5,7.8002
28527.91,100.5,7.8002
28528.92,99.5,7.8002
28529.92,100.5,7.8002
28530.93,101.4,7.8002
28531.94,101.5,7.8002
28532.94,100.5,7.8002
28533.95,99.5,7.8002
28534.95,102.5,7.8003
28535.96,99.5,7.8003
28536.96,101.5,7.8003
28537.97,109.4,7.8004
28538.97,101.5,7.8004
28539.98,100.6,7.8004
28540.98,99.4,7.8004
28541.99,100.5,7.8004
28542.99,100.5,7.8004
28544.0,102.5,7.8004
28545.0,100.5,7.8004
28546.01,99.5,7.8004
28547.01,99.5,7.8004
28548.02,101.5,7.8004
28549.02,100.5,7.8004
28550.03,101.5,7.8004
28551.03,100.5,7.8004
28552.04,100.5,7.8004
28553.04,100.5,7.8004
28554.05,101.5,7.8004
28555.05,100.5,7.8004
28556.06,117.6,7.8005
28557.06,99.6,7.8005
28558.07,102.6,7.8005
28559.07,100.4,7.8005
28560.08,100.5,7.8005
28561.09,100.2,7.8005
28562.09,100.5,7.8005
28563.1,101.5,7.8005
28564.1,100.5,7.8005
28565.11,100.5,7.8005
28566.11,101.4,7.8005
28567.12,99.5,7.8005
28568.12,101.5,7.8007
28569.13,100.5,7.8007
28570.13,99.5,7.8007
28571.14,102.4,7.8007
28572.14,99.5,7.8007
28573.15,100.5,7.8007
28574.15,100.5,7.8007
28575.16,100.5,7.8007
28576.16,100.5,7.8007
28577.17,100.5,7.801
28578.17,100.7,7.801
28579.18,100.5,7.801
28580.18,100.5,7.801
28581.19,99.3,7.801
28582.19,100.5,7.801
28583.2,102.5,7.801
28584.2,100.5,7.801
28585.21,100.5,7.801
28586.21,101.5,7.801
28587.22,100.5,7.801
28588.22,99.5,7.801
28589.23,100.5,7.801
28590.23,101.5,7.801
28591.24,99.4,7.801
28592.25,101.5,7.801
28593.25,99.5,7.801
28594.26,100.5,7.801
28595.26,99.5,7.801
28596.27,100.6,7.801
28597.27,101.5,7.801
28598.28,99.5,7.801
28599.28,101.4,7.801
28600.29,102.5,7.801
28601.29,118.4,7.8011
28602.3,99.5,7.8011
28603.3,100.5,7.8011
28604.31,100.5,7.8011
28605.31,100.5,7.8011
28606.32,100.5,7.8011
28607.32,101.7,7.8011
28608.33,98.5,7.8011
28609.33,101.5,7.8011
28610.34,101.5,7.8011
28611.34,100.3,7.8011
28612.35,99.5,7.8011
28613.35,100.5,7.8011
28614.36,101.5,7.8011
28615.36,99.5,7.8011
28616.37,102.5,7.8011
28617.37,100.5,7.8013
28618.38,99.5,7.8013
28619.38,101.5,7.8013
28620.39,101.5,7.8013
28621.39,100.5,7.8013
28622.4,100.5,7.8013
28623.41,100.5,7.8013
28624.41,100.5,7.8013
28625.42,100.5,7.8013
28626.42,99.5,7.8013
28627.43,101.5,7.8013
28628.43,100.5,7.8013
28629.44,99.5,7.8013
28630.44,101.5,7.8013
28631.45,100.5,7.8013
28632.45,100.6,7.8013
28633.46,101.5,7.8013
28634.46,101.5,7.8013
28635.47,100.5,7.8013
28636.47,101.4,7.8013
28637.48,99.5,7.8016
28638.48,100.5,7.8016
28639.49,100.5,7.8016
28640.49,101.5,7.8016
28641.5,99.5,7.8016
28642.5,100.5,7.8016
28643.51,101.5,7.8016
28644.51,100.5,7.8016
28645.52,100.5,7.8016
28646.52,100.5,7.8016
28647.53,100.5,7.8016
28648.53,101.5,7.8016
28649.54,118.4,7.8806
28650.54,99.5,7.8806
28651.55,100.5,7.8806
28652.56,102.5,7.8806
28653.56,99.5,7.8806
28654.57,101.5,7.8806
28655.57,100.5,7.8806
28656.58,101.5,7.8806
28657.58,100.5,7.8806
28658.59,100.5,7.8806
28659.59,100.5,7.8806
28660.6,100.5,7.8806
28661.6,101.5,7.8806
28662.61,99.5,7.8811
28663.61,102.5,7.8811
28664.62,100.5,7.8811
28665.62,101.5,7.8812
28666.63,102.5,7.8812
28667.63,112.4,7.8812
28668.64,100.5,7.8812
28669.64,102.5,7.8812
28670.65,101.5,7.8812
28671.65,101.5,7.8812
28672.66,102.5,7.8812
28673.66,100.5,7.8812
28674.67,100.5,7.8812
28675.67,101.5,7.8812
28676.68,100.5,7.8812
28677.69,100.5,7.8812
28678.69,101.5,7.8812
28679.7,99.5,7.8812
28680.7,102.5,7.8812
28681.71,99.5,7.8812
28682.71,121.4,7.8813
28683.72,99.5,7.8813
28684.72,101.5,7.8813
28685.73,100.5,7.8813
28686.73,100.5,7.8813
28687.74,100.5,7.8813
28688.74,101.5,7.8813
28689.75,100.5,7.8813
28690.75,100.5,7.8813
28691.76,99.5,7.8813
28692.76,100.5,7.8813
28693.77,100.5,7.8813
28694.77,101.5,7.8813
28695.78,101.5,7.8813
28696.78,99.5,7.8813
28697.79,101.5,7.8813
28698.79,99.5,7.8813
28699.8,99.5,7.8813
28700.8,104.5,7.8813
28701.81,99.5,7.8813
28702.81,100.5,7.8813
28703.82,99.5,7.8813
28704.82,101.5,7.8813
28705.83,100.5,7.8813
28706.83,100.5,7.8813
28707.84,100.5,7.8815
28708.84,101.5,7.8815
28709.85,100.5,7.8815
28710.85,100.5,7.8815
28711.86,99.5,7.8815
28712.86,101.5,7.8815
28713.87,101.5,7.8815
28714.87,99.5,7.8815
28715.88,100.5,7.8815
28716.88,100.5,7.8815
28717.89,99.5,7.8815
28718.89,104.5,7.8815
28719.9,98.5,7.8815
28720.9,100.5,7.8815
28721.91,100.5,7.8815
28722.92,101.5,7.8815
28723.92,99.5,7.8815
28724.93,99.5,7.8815
28725.93,100.5,7.8815
28726.94,103.5,7.8815
28727.94,100.5,7.8815
28728.95,99.5,7.8815
28729.95,99.5,7.8815
28730.96,100.5,7.8815
28731.96,101.5,7.8815
28732.97,101.5,7.8815
28733.97,99.5,7.8815
28734.98,100.5,7.8815
28735.98,100.5,7.8815
28736.99,100.5,7.8815
28737.99,101.5,7.8815
28739.0,100.5,7.8815
28740.0,99.5,7.8815
28741.01,100.5,7.8815
28742.01,103.5,7.8815
28743.02,99.5,7.8815
28744.02,100.7,7.8815
28745.03,99.4,7.8815
28746.03,102.5,7.8816
28747.04,100.5,7.91
28748.05,100.2,7.9616
28749.05,100.7,7.9891
28750.05,101.5,8.0195
28751.06,3348.7,2.6815
28752.06,332.0,2.8523
28753.07,347.3,3.0645
28754.07,317.3,3.3197
28755.08,307.4,3.5965
28756.08,307.4,3.8295
28757.09,307.4,4.0618
28758.09,317.3,4.2713
28759.09,2.0,2.6072
28760.1,353.1,2.8651
28761.1,352.5,3.1009
28762.11,310.6,3.3681
28763.11,308.3,3.662
28764.12,305.4,3.9188
28765.12,309.5,4.1241
28766.13,329.3,4.3503
28767.14,236.1,4.4622
28768.14,114.4,4.5306
28769.15,103.5,4.6011
28770.15,100.5,4.6878
28771.16,100.5,4.784
28772.16,100.5,4.8621
28773.17,101.5,4.9749
28774.17,101.5,5.0519
28775.18,103.5,5.1432
28776.18,100.5,5.227
28777.19,103.4,5.2749
28778.19,100.5,5.3133
28779.2,99.5,5.3415
28780.2,112.5,5.3869
28781.21,101.5,5.4236
28782.21,99.4,5.4675
28783.22,102.5,5.4872
28784.22,99.5,5.5304
28785.23,99.5,5.5877
28786.23,100.5,5.6159
28787.24,113.4,5.6774
28788.24,99.7,5.7439
28789.25,102.5,5.8006
28790.25,101.5,5.8594
28791.26,99.4,5.9196
28792.26,100.5,5.9763
28793.27,100.5,6.0244
28794.27,102.6,6.0655
28795.28,99.5,6.1238
28796.28,100.5,6.176
28797.29,100.2,6.204
28798.29,101.5,6.2385
28799.3,101.5,6.2671
28800.3,100.5,6.2994
28801.31,101.5,6.3385
28802.31,102.5,6.3677
28803.32,99.5,6.4089
28804.32,100.5,6.4259
28805.33,100.5,6.4627
28806.33,101.5,6.4909
28807.34,99.7,6.5206
28808.34,99.5,6.5496
28809.35,101.5,6.5806
28810.35,100.5,6.6299
28811.35,99.8,6.6307
28812.36,100.5,6.6668
28813.36,101.5,6.7142
28814.37,100.5,6.7426
28815.37,101.5,6.7713
28816.38,100.5,6.7912
28817.39,101.3,6.8132
28818.39,99.5,6.8441
28819.4,113.4,6.8705
28820.4,100.5,6.9018
28821.41,99.5,6.9321
28822.41,100.5,6.9589
28823.42,101.5,6.9933
28824.42,107.4,7.0195
28825.43,130.3,7.0489
28826.43,118.4,7.0752
28827.44,101.4,7.0963
28828.45,100.5,7.1316
28829.45,100.5,7.1617
28830.46,101.5,7.1768
28831.46,99.5,7.1899
28832.47,99.5,7.206
28833.47,101.5,7.2248
28834.48,99.5,7.238
28835.48,100.5,7.2494
28836.49,101.5,7.2772
28837.49,101.5,7.2993
28838.5,99.5,7.3221
28839.5,100.5,7.3398
28840.5,100.7,7.3576
28841.51,99.5,7.3853
28842.52,100.3,7.4146
28843.52,101.5,7.4421
28844.53,101.5,7.4509
28845.53,130.3,7.542
28846.54,100.5,7.542
28847.54,100.5,7.5422
28848.55,101.5,7.5447
28849.55,102.5,7.5711
28850.56,99.5,7.5942
28851.56,100.5,7.5942
28852.57,99.5,7.5942
28853.57,100.6,7.5942
28854.58,101.5,7.5942
28855.58,99.5,7.5942
28856.59,101.5,7.5942
28857.59,99.5,7.5942
28858.6,101.5,7.6479
28859.6,99.5,7.6622
28860.61,101.5,7.6821
28861.61,99.5,7.6942
28862.62,100.6,7.6942
28863.62,100.5,7.6942
28864.63,100.5,7.6942
28865.63,110.4,7.6942
28866.64,100.6,7.6942
28867.64,100.5,7.6942
28868.65,100.5,7.6943
28869.65,104.5,7.6943
28870.65,99.8,7.6943
28871.66,101.5,7.6943
28872.67,101.5,7.6943
28873.67,102.6,7.6943
28874.67,99.6,7.6943
28875.68,100.6,7.6943
28876.68,100.3,7.6943
28877.69,100.5,7.6943
28878.69,101.5,7.6943
28879.7,100.5,7.6943
28880.71,100.5,7.6943
28881.71,101.5,7.6943
28882.72,99.5,7.6943
28883.72,100.5,7.6943
28884.73,100.5,7.6943
28885.73,100.6,7.6943
28886.73,100.5,7.6943
28887.74,101.5,7.6943
28888.74,103.5,7.6943
28889.75,100.5,7.6943
28890.75,100.5,7.6943
28891.76,100.5,7.6943
28892.77,101.5,7.6946
28893.77,101.5,7.6946
28894.77,99.5,7.6946
28895.78,100.5,7.6946
28896.78,101.5,7.6946
28897.79,100.5,7.6946
28898.8,100.5,7.6946
28899.8,100.5,7.6946
28900.81,100.5,7.6946
28901.81,101.5,7.6946
28902.82,101.5,7.6946
28903.82,99.7,7.6946
28904.82,99.5,7.6946
28905.83,100.5,7.6946
28906.83,99.6,7.6946
28907.84,102.5,7.6946
28908.84,115.4,7.6946
28909.85,101.5,7.6946
28910.85,100.5,7.6946
28911.86,100.6,7.6946
28912.86,100.5,7.6946
28913.87,101.5,7.6946
28914.87,99.5,7.6946
28915.88,101.5,7.6946
28916.88,100.6,7.6946
28917.89,99.6,7.6948
28918.89,100.6,7.6948
28919.89,100.7,7.6948
28920.9,100.7,7.6948
28921.9,100.7,7.6948
28922.9,101.5,7.6948
28923.91,100.5,7.6948
28924.91,101.5,7.6948
28925.92,99.5,7.6948
28926.92,100.5,7.6948
28927.93,100.4,7.6948
28928.93,100.6,7.6948
28929.94,100.5,7.6948
28930.94,99.5,7.6948
28931.95,100.5,7.6948
28932.95,100.5,7.6948
28933.96,101.5,7.6948
28934.96,101.5,7.6948
28935.97,100.5,7.6948
28936.97,99.5,7.6948
28937.98,102.4,7.6948
28938.98,100.5,7.6948
28939.99,100.4,7.6948
28941.0,112.4,7.6948
28942.0,100.5,7.6948
28943.01,101.5,7.6951
28944.01,99.5,7.6951
28945.02,100.5,7.6951
28946.02,100.5,7.6951
28947.03,102.5,7.6951
28948.03,99.4,7.6951
28949.04,100.5,7.6951
28950.04,100.5,7.6951
28951.05,100.5,7.6951
28952.05,100.5,7.6951
28953.06,100.4,7.6951
28954.06,99.5,7.6951
28955.07,102.5,7.6951
28956.07,99.5,7.6951
28957.08,100.5,7.6951
28958.08,101.4,7.6951
28959.09,100.8,7.6951
28960.09,101.5,7.6951
28961.1,99.7,7.6951
28962.1,101.5,7.6951
28963.11,100.5,7.6951
28964.11,100.5,7.6951
28965.12,100.5,7.6951
28966.12,100.5,7.6951
28967.13,100.5,7.6951
28968.13,99.5,7.6951
28969.14,100.5,7.6951
28970.14,100.5,7.6951
28971.15,101.5,7.6951
28972.15,100.5,7.6951
28973.16,99.5,7.6951
28974.16,100.7,7.6951
28975.16,101.5,7.6951
28976.17,99.5,7.6951
28977.17,101.5,7.6951
28978.18,100.5,7.6951
28979.19,101.5,7.6951
28980.19,101.5,7.6951
28981.2,100.5,7.6951
28982.2,100.5,7.6951
28983.21,100.5,7.6951
28984.21,100.5,7.6951
28985.22,99.5,7.6951
28986.22,101.5,7.6951
28987.23,101.5,7.6951
28988.23,99.5,7.6953
28989.23,100.7,7.6953
28990.24,100.5,7.6953
28991.24,100.5,7.6953
28992.25,99.5,7.6953
28993.25,100.5,7.6955
28994.26,101.5,7.6955
28995.26,100.5,7.6955
28996.27,105.5,7.6955
28997.27,102.5,7.6955
28998.28,100.5,7.6955
28999.28,99.5,7.6955
29000.29,100.5,7.6955
29001.3,101.5,7.6957
29002.3,99.5,7.6957
29003.31,100.5,7.6957
29004.31,101.5,7.6957
29005.32,100.5,7.6957
29006.32,99.5,7.6957
29007.33,100.5,7.6957
29008.33,101.5,7.6957
29009.34,99.5,7.6957
29010.34,101.5,7.6957
29011.35,100.5,7.6957
29012.35,99.5,7.6957
29013.36,100.5,7.6957
29014.36,100.5,7.6957
29015.37,100.5,7.6957
29016.37,100.5,7.6957
29017.38,100.5,7.6957
29018.38,102.5,7.6957
29019.39,100.5,7.6957
29020.39,99.5,7.6957
29021.4,100.5,7.6957
29022.4,102.5,7.6957
29023.41,100.5,7.6957
29024.41,98.5,7.6957
29025.42,102.5,7.6957
29026.42,99.5,7.6957
29027.43,99.5,7.6957
29028.43,101.5,7.6957
29029.44,99.5,7.6957
29030.44,101.5,7.6957
29031.45,99.5,7.6957
29032.45,102.5,7.696
29033.46,101.5,7.696
29034.46,100.5,7.696
29035.47,99.5,7.696
29036.47,101.5,7.696
29037.48,100.5,7.696
29038.48,99.5,7.696
29039.49,99.5,7.696
29040.49,101.5,7.696
29041.5,101.5,7.696
29042.5,99.5,7.696
29043.51,101.5,7.696
29044.52,100.5,7.696
29045.52,100.5,7.696
29046.53,99.5,7.696
29047.53,102.5,7.696
29048.54,100.2,7.696
29049.54,101.5,7.696
29050.55,104.5,7.696
29051.55,100.5,7.696
29052.56,100.5,7.696
29053.57,100.5,7.696
29054.57,101.5,7.696
29055.58,99.5,7.696
29056.58,101.5,7.696
29057.59,99.5,7.696
29058.59,101.5,7.696
29059.6,1.0,2.71
29060.6,339.9,2.8537
29061.6,342.3,3.1214
29062.61,319.4,3.4495
29063.61,315.6,3.7882
29064.62,310.6,4.0729
29065.62,321.3,4.3121
29066.63,299.4,4.4786
29067.63,111.5,4.7753
29068.64,100.5,5.0282
29069.64,106.5,5.2332
29070.65,124.4,5.4201
29071.65,124.4,5.6677
29072.66,106.5,5.9247
29073.66,101.5,6.1454
29074.67,102.5,6.3203
29075.67,106.5,6.4232
29076.68,106.5,6.4461
29077.68,100.5,6.4768
29078.69,100.5,6.5025
29079.69,101.5,6.5509
29080.7,101.5,6.5954
29081.7,100.5,6.6144
29082.71,98.6,6.6654
29083.71,100.5,6.7198
29084.72,101.5,6.7826
29085.72,100.5,6.8155
29086.73,103.5,6.8769
29087.73,100.5,6.918
29088.74,99.6,6.9659
29089.74,100.5,7.0206
29090.75,100.5,7.0734
29091.75,101.5,7.1365
29092.76,100.5,7.1733
29093.76,100.4,7.203
29094.77,100.5,7.2613
29095.77,100.5,7.2797
29096.78,99.5,7.3299
29097.78,102.5,7.3807
29098.79,99.5,7.4136
29099.79,103.5,7.4298
29100.8,127.3,7.5345
29101.8,101.5,7.5345
29102.81,102.5,7.5346
29103.81,102.5,7.5346
29104.82,101.5,7.5699
29105.82,99.5,7.5866
29106.83,100.5,7.5866
29107.83,100.5,7.5866
29108.84,101.5,7.5866
29109.84,100.5,7.6325
29110.85,101.5,7.6866
29111.85,99.5,7.6866
29112.86,101.6,7.6866
29113.86,100.4,7.6866
29114.87,100.5,7.6866
29115.87,100.4,7.6866
29116.88,100.5,7.6866
29117.88,101.5,7.6866
29118.89,101.4,7.6866
29119.9,100.5,7.6866
29120.9,101.5,7.6866
29121.91,100.5,7.6866
29122.91,101.5,7.6869
29123.92,101.5,7.6869
29124.92,102.5,7.6869
29125.93,100.5,7.6869
29126.93,100.5,7.6869
29127.93,122.5,7.6869
29128.94,117.3,7.6869
29129.95,100.5,7.6869
29130.95,101.5,7.6869
29131.96,101.5,7.6869
29132.96,100.5,7.6872
29133.97,113.3,7.6872
29134.97,125.4,7.6872
29135.98,106.5,7.6872
29136.98,100.5,7.6872
29137.99,103.5,7.6872
29138.99,101.6,7.6872
29140.0,99.5,7.6872
29141.0,100.5,7.6872
29142.01,112.5,7.6872
29143.01,100.5,7.6872
29144.02,99.5,7.6872
29145.02,101.5,7.6872
29146.03,99.5,7.6872
29147.03,101.6,7.6872
29148.03,102.6,7.6872
29149.04,100.3,7.6872
29150.05,100.5,7.6872
29151.05,100.5,7.6872
29152.06,99.5,7.6873
29153.06,100.5,7.6873
29154.07,101.5,7.6873
29155.07,101.5,7.6873
29156.08,99.5,7.6873
29157.08,100.5,7.6873
29158.09,99.5,7.6873
29159.09,100.6,7.6873
29160.09,100.6,7.6873
29161.1,99.6,7.6873
29162.1,103.5,7.6873
29163.11,99.5,7.6873
29164.11,101.5,7.6873
29165.12,100.5,7.6873
29166.12,100.6,7.6873
29167.13,113.5,7.6873
29168.13,101.5,7.6873
29169.14,99.5,7.6873
29170.14,101.5,7.6873
29171.15,101.5,7.6873
29172.15,101.6,7.6876
29173.15,99.6,7.6878
29174.16,100.5,7.6878
29175.16,100.5,7.6878
29176.17,100.5,7.6878
29177.17,99.5,7.6878
29178.18,101.5,7.6878
29179.18,99.5,7.6878
29180.19,100.5,7.6878
29181.19,101.5,7.6878
29182.2,100.5,7.6878
29183.2,99.5,7.6878
29184.21,101.5,7.6878
29185.21,100.5,7.6878
29186.22,99.6,7.6878
29187.22,100.6,7.6878
29188.23,101.6,7.6878
29189.23,100.5,7.6878
29190.24,101.5,7.6878
29191.24,99.5,7.6878
29192.25,100.5,7.6878
29193.25,101.6,7.6878
29194.25,101.5,7.6878
29195.26,100.5,7.6878
29196.26,99.5,7.6878
29197.27,100.5,7.6878
29198.27,101.5,7.6878
29199.28,100.5,7.6878
29200.28,100.5,7.6878
29201.29,100.5,7.6878
29202.29,101.5,7.6878
29203.3,99.5,7.6878
29204.3,100.5,7.6878
29205.31,99.5,7.6878
29206.31,101.5,7.6878
29207.32,101.5,7.6878
29208.32,100.5,7.6878
29209.33,100.5,7.6878
29210.33,100.5,7.6878
29211.34,100.6,7.6878
29212.34,99.6,7.6878
29213.35,101.6,7.6881
29214.35,99.5,7.6881
29215.36,101.5,7.6881
29216.36,101.5,7.6881
29217.37,99.5,7.6883
29218.37,100.5,7.6883
29219.38,101.5,7.6883
29220.38,100.3,7.6883
29221.39,100.5,7.6883
29222.39,100.5,7.6883
29223.4,100.5,7.6883
29224.4,101.6,7.6883
29225.41,99.5,7.6883
29226.41,100.5,7.6883
29227.42,101.5,7.6883
29228.42,99.6,7.6883
29229.43,101.5,7.6883
29230.43,100.5,7.6883
29231.44,99.5,7.6883
29232.44,100.5,7.6883
29233.45,100.6,7.6883
29234.45,100.5,7.6883
29235.46,99.5,7.6883
29236.46,101.5,7.6883
29237.47,99.5,7.6883
29238.47,100.5,7.6883
29239.48,101.5,7.6883
29240.48,101.5,7.6883
29241.49,99.5,7.6883
29242.49,100.5,7.6883
29243.5,100.5,7.6883
29244.5,101.5,7.6883
29245.51,99.5,7.6883
29246.51,101.6,7.6883
29247.51,100.6,7.6883
29248.52,99.5,7.6883
29249.52,100.5,7.6883
29250.53,101.5,7.6883
29251.53,100.5,7.6883
29252.54,100.6,7.6883
29253.54,101.5,7.6883
29254.55,101.5,7.6883
29255.55,99.5,7.6883
29256.56,100.5,7.6886
29257.56,100.5,7.6886
29258.57,100.5,7.6886
29259.57,100.5,7.6886
29260.58,99.5,7.6886
29261.58,100.6,7.6886
29262.59,102.5,7.6888
29263.59,100.5,7.6888
29264.6,100.5,7.6888
29265.6,99.5,7.6888
29266.61,101.5,7.6888
29267.61,101.5,7.6888
29268.62,99.5,7.6888
29269.62,99.5,7.6888
29270.63,100.5,7.6888
29271.63,102.5,7.6888
29272.64,100.5,7.6888
29273.64,98.5,7.6888
29274.65,102.3,7.6888
29275.65,100.5,7.6888
29276.66,102.5,7.6888
29277.66,99.5,7.6888
29278.67,100.5,7.6888
29279.67,99.5,7.6888
29280.68,101.5,7.6888
29281.68,100.5,7.6888
29282.69,99.5,7.6888
29283.69,101.5,7.6891
29284.7,100.4,7.6891
29285.71,100.5,7.6891
29286.71,100.5,7.6891
29287.72,100.5,7.6891
29288.72,100.5,7.6891
29289.73,101.4,7.6891
29290.73,99.5,7.6891
29291.74,102.5,7.6891
29292.74,99.6,7.6891
29293.75,101.5,7.6891
29294.75,99.4,7.6891
29295.76,101.5,7.6891
29296.76,101.5,7.6891
29297.77,98.5,7.6891
29298.77,101.5,7.6891
29299.78,100.4,7.6891
29300.78,101.5,7.6891
29301.79,100.5,7.6891
29302.79,99.6,7.6891
29303.8,102.5,7.6891
29304.8,100.4,7.6891
29305.81,99.5,7.6891
29306.81,99.6,7.6891
29307.82,101.5,7.6891
29308.82,100.5,7.6891
29309.83,102.3,7.6891
29310.84,99.5,7.6891
29311.84,101.5,7.6891
29312.85,99.6,7.6893
29313.85,99.5,7.6893
29314.86,101.3,7.6893
29315.86,100.6,7.6893
29316.87,101.5,7.6893
29317.87,99.5,7.6893
29318.88,101.5,7.6893
29319.88,100.2,7.6893
29320.89,100.5,7.6893
29321.89,101.5,7.6893
29322.9,100.5,7.6893
29323.9,100.5,7.6893
29324.91,100.5,7.6893
29325.91,101.5,7.6893
29326.92,99.5,7.6893
29327.92,101.5,7.6893
29328.93,100.5,7.6893
29329.93,100.5,7.6893
29330.94,101.5,7.6893
29331.94,99.5,7.6893
29332.95,100.5,7.6893
29333.95,101.5,7.6893
29334.96,99.5,7.6893
29335.96,101.5,7.6893
29336.97,99.5,7.6893
29337.97,101.6,7.6893
29338.98,101.5,7.6893
29339.98,100.5,7.6893
29340.99,100.5,7.6893
29341.99,100.5,7.6896
29343.0,99.5,7.6896
29344.0,101.5,7.6896
29345.01,99.5,7.6896
29346.01,101.5,7.6896
29347.02,101.5,7.6896
29348.02,101.5,7.6896
29349.03,100.5,7.6896
29350.03,100.5,7.6896
29351.04,100.5,7.6896
29352.04,101.5,7.6896
29353.05,99.5,7.6896
29354.05,100.5,7.6896
29355.06,102.5,7.6896
29356.07,99.5,7.6896
29357.07,101.5,7.6896
29358.08,99.5,7.6898
29359.08,124.5,2.5926
29360.08,311.6,2.7603
29361.09,347.2,2.4678
29362.09,1524.1,2.7275
29363.1,1515.8,2.5695
29364.1,316.0,2.7509
29365.11,1.0,2.5496
29366.11,290.6,2.7375
29367.12,1.0,2.5163
29368.12,297.7,2.7412
29369.12,344.0,2.8842
29370.13,0.0,2.6804
29371.13,312.0,2.8128
29372.13,3248.2,2.6117
29373.14,352.9,2.8437
29374.14,365.2,3.0824
29375.15,321.3,3.3885
29376.15,311.3,3.7045
29377.16,312.4,3.97
29378.16,313.3,4.1797
29379.17,267.6,2.469
29380.17,1407.6,2.7726
29381.18,345.5,2.9335
29382.18,338.3,3.2328
29383.19,310.5,3.5685
29384.19,311.4,3.8568
29385.2,310.7,4.1311
29386.2,320.3,4.3628
29387.21,1.0,2.6684
29388.21,329.0,2.8778
29389.21,347.2,3.0581
29390.22,315.4,3.3057
29391.22,304.4,3.585
29392.23,312.3,3.8695
29393.23,315.5,4.1543
29394.24,318.2,4.3888
29395.24,304.6,4.6709
29396.25,302.4,4.9941
29397.25,219.8,5.3614
29398.26,104.5,5.7626
29399.26,121.4,6.1746
29400.27,100.5,6.5889
29401.27,101.5,7.0073
29402.28,99.5,7.4086
29403.28,130.3,7.6139
29404.29,117.5,7.714
29405.29,104.5,7.714
29406.3,125.4,7.7141
29407.3,99.5,7.7141
29408.31,108.5,7.7141
29409.31,99.5,7.7141
29410.32,101.5,7.7141
29411.32,100.5,7.7141
29412.33,101.5,7.7141
29413.33,101.5,7.7141
29414.34,119.4,7.7958
29415.34,99.5,7.8438
29416.35,100.5,7.8439
29417.35,101.5,7.8439
29418.36,99.5,7.8439
29419.36,102.5,7.8439
29420.37,118.4,7.8441
29421.37,119.4,7.8441
29422.38,108.4,7.8441
29423.38,100.5,7.8441
29424.39,100.5,7.8441
29425.39,99.5,7.8441
29426.4,101.5,7.8441
29427.4,99.5,7.8444
29428.41,102.5,7.8444
29429.42,101.5,7.8444
29430.42,99.6,7.8444
29431.42,101.5,7.8444
29432.43,101.5,7.8444
29433.43,99.5,7.8446
29434.44,101.5,7.8446
29435.44,99.5,7.8446
29436.45,100.5,7.8446
29437.46,101.5,7.8446
29438.46,100.5,7.8446
29439.47,99.5,7.8431
29440.47,100.5,7.8431
29441.48,101.5,7.8431
29442.48,99.5,7.8431
29443.49,101.5,7.8431
29444.49,100.5,7.8431
29445.5,101.5,7.8431
29446.5,99.5,7.8431
29447.5,100.7,7.8433
29448.51,100.5,7.8407
29449.51,100.5,7.8407
29450.52,101.5,7.8407
29451.52,101.5,7.8407
29452.53,100.5,7.8407
29453.53,100.5,7.8386
29454.54,99.5,7.8386
29455.54,100.5,7.8386
29456.55,101.5,7.8386
29457.56,99.5,7.8386
29458.56,101.5,7.8386
29459.57,99.5,7.8386
29460.57,100.5,7.8386
29461.58,101.5,7.8386
29462.58,100.5,7.8386
29463.59,101.5,7.8386
29464.59,99.5,7.8386
29465.6,101.5,7.8386
29466.6,99.5,7.8386
29467.61,101.5,7.8386
29468.61,118.4,7.8395
29469.62,99.6,7.8395
29470.62,103.5,7.8395
29471.63,100.5,7.8395
29472.63,101.5,7.8395
29473.64,99.5,7.8395
29474.64,100.5,7.8395
29475.65,101.6,7.8395
29476.65,99.6,7.8395
29477.65,101.5,7.8395
29478.66,98.5,7.8395
29479.67,100.5,7.8395
29480.67,101.5,7.8395
29481.68,100.5,7.8395
29482.68,101.5,7.8395
29483.69,100.5,7.8395
29484.69,100.5,7.8395
29485.7,100.5,7.8395
29486.7,99.5,7.8395
29487.71,100.5,7.8372
29488.71,100.5,7.8372
29489.72,100.5,7.8372
29490.72,101.5,7.8372
29491.73,100.5,7.8372
29492.73,99.5,7.8372
29493.74,102.5,7.8372
29494.74,101.5,7.8372
29495.75,100.5,7.8372
29496.75,100.5,7.8372
29497.76,99.5,7.8375
29498.76,101.5,7.8375
29499.77,99.5,7.8357
29500.77,99.5,7.8357
29501.78,103.5,7.8357
29502.78,99.5,7.8357
29503.79,101.5,7.8357
29504.79,100.5,7.8357
29505.8,100.5,7.8357
29506.8,99.5,7.8357
29507.81,102.5,7.8357
29508.81,100.5,7.8357
29509.82,99.5,7.8357
29510.82,99.5,7.8357
29511.83,102.5,7.8357
29512.83,101.5,7.8362
29513.84,99.5,7.8362
29514.84,100.5,7.8362
29515.85,101.5,7.8362
29516.85,100.5,7.8362
29517.86,100.5,7.8362
29518.86,100.5,7.8362
29519.87,101.5,7.8362
29520.88,99.5,7.8362
29521.88,99.5,7.8362
29522.89,100.5,7.8362
29523.89,101.5,7.8362
29524.9,100.5,7.8362
29525.9,99.5,7.8362
29526.91,104.5,7.8362
29527.91,99.5,7.8362
29528.92,99.5,7.8362
29529.92,101.5,7.8362
29530.93,100.5,7.8362
29531.93,99.5,7.8362
29532.94,100.6,7.8362
29533.94,100.5,7.8362
29534.95,99.6,7.8362
29535.95,101.6,7.8362
29536.95,100.5,7.8362
29537.96,101.5,7.8362
29538.96,100.5,7.8362
29539.97,99.5,7.8362
29540.97,99.6,7.8362
29541.98,101.5,7.8362
29542.98,102.5,7.8365
29543.99,99.5,7.8365
29544.99,101.5,7.8365
29546.0,100.5,7.8365
29547.0,99.5,7.8365
29548.01,102.5,7.8365
29549.01,100.5,7.8365
29550.02,101.5,7.8365
29551.02,100.5,7.8365
29552.03,99.5,7.8365
29553.03,102.6,7.8365
29554.04,105.4,7.8365
29555.04,100.5,7.8365
29556.05,100.4,7.8365
29557.06,132.3,7.8365
29558.06,100.5,7.8365
29559.07,99.5,7.8365
29560.07,100.5,7.8365
29561.08,100.5,7.8365
29562.08,102.5,7.8365
29563.09,100.5,7.8365
29564.09,117.4,7.8366
29565.1,101.5,7.8366
29566.1,99.5,7.8366
29567.11,101.5,7.8366
29568.11,99.5,7.8366
29569.12,100.5,7.8366
29570.12,100.5,7.8366
29571.13,99.5,7.8366
29572.13,102.5,7.8366
29573.14,99.5,7.8366
29574.14,102.5,7.8366
29575.15,99.5,7.8366
29576.15,101.3,7.8366
29577.16,100.5,7.8366
29578.16,101.5,7.8366
29579.17,100.5,7.8366
29580.17,100.5,7.8366
29581.18,101.5,7.8366
29582.19,99.5,7.8366
29583.19,102.5,7.8369
29584.19,101.5,7.8369
29585.2,99.5,7.8369
29586.21,99.4,7.8369
29587.21,100.5,7.8369
29588.22,101.5,7.8371
29589.22,99.5,7.8371
29590.23,100.5,7.8371
29591.23,100.3,7.8371
29592.24,100.5,7.8371
29593.24,101.6,7.8371
29594.25,99.5,7.8371
29595.25,102.5,7.8371
29596.26,99.4,7.8371
29597.26,101.5,7.8373
29598.27,100.5,7.8373
29599.27,99.5,7.8373
29600.28,100.5,7.8373
29601.28,101.4,7.8373
29602.29,99.5,7.8373
29603.29,100.6,7.8373
29604.3,101.5,7.8373
29605.3,101.5,7.8373
29606.31,100.4,7.8373
29607.31,99.5,7.8373
29608.32,101.5,7.8373
29609.32,99.5,7.8373
29610.33,100.5,7.8373
29611.33,100.5,7.8373
29612.34,101.5,7.8373
29613.34,99.5,7.8373
29614.35,101.5,7.8373
29615.35,100.6,7.8373
29616.36,100.3,7.8373
29617.37,101.5,7.8373
29618.37,101.5,7.8373
29619.38,99.5,7.8373
29620.38,100.3,7.8373
29621.39,100.5,7.8373
29622.39,101.5,7.8373
29623.4,100.5,7.8373
29624.4,101.5,7.8373
29625.41,100.5,7.8373
29626.41,100.5,7.8373
29627.42,99.6,7.8373
29628.42,100.5,7.8373
29629.43,100.5,7.8373
29630.43,101.6,7.8373
29631.44,100.5,7.8373
29632.44,101.5,7.8376
29633.45,99.5,7.8376
29634.45,99.5,7.8376
29635.46,101.5,7.8376
29636.46,101.5,7.8376
29637.47,99.7,7.8376
29638.47,100.5,7.8376
29639.48,100.5,7.8376
29640.48,100.5,7.8376
29641.49,101.5,7.8376
29642.49,100.5,7.8376
29643.5,100.5,7.8376
29644.5,99.5,7.8376
29645.51,102.5,7.8376
29646.51,100.5,7.8376
29647.52,100.5,7.8376
29648.52,100.5,7.8376
29649.53,100.5,7.8376
29650.53,99.5,7.8376
29651.54,100.2,7.8376
29652.55,101.5,7.8376
29653.55,100.5,7.8376
29654.56,99.5,7.8376
29655.56,101.5,7.8376
29656.57,101.4,7.8376
29657.57,100.5,7.8376
29658.58,99.5,7.8376
29659.58,101.5,7.8376
29660.59,101.5,7.8376
29661.59,99.5,7.8376
29662.6,100.5,7.8376
29663.6,100.5,7.8378
29664.61,100.5,7.8378
29665.61,99.5,7.8378
29666.62,101.5,7.8378
29667.62,99.5,7.8378
29668.63,101.5,7.8378
29669.64,101.5,7.8378
29670.64,98.5,7.8378
29671.65,101.5,7.8378
29672.65,100.5,7.8378
29673.66,99.5,7.8378
29674.66,101.5,7.8378
29675.67,100.5,7.8378
29676.67,99.5,7.8378
29677.68,100.5,7.8378
29678.68,100.5,7.8378
29679.69,99.5,7.8378
29680.69,101.5,7.8378
29681.7,101.5,7.8381
29682.7,100.5,7.8383
29683.71,101.5,7.8383
29684.71,100.5,7.8383
29685.72,99.6,7.8383
29686.72,117.6,2.5731
29687.73,315.4,2.8327
29688.73,352.3,2.9395
29689.74,326.3,3.1629
29690.74,309.4,3.4023
29691.75,310.5,3.6426
29692.75,307.0,3.8896
29693.75,317.4,4.1246
29694.76,315.3,4.3427
29695.76,3.0,2.6562
29696.77,358.9,2.8758
29697.77,355.8,3.1634
29698.77,315.5,3.5057
29699.78,313.2,3.7949
29700.78,306.4,4.0985
29701.79,324.2,4.375
29702.79,305.4,4.7139
29703.8,267.0,5.0892
29704.8,194.0,5.4825
29705.81,114.4,5.8756
29706.81,161.1,6.2825
29707.82,130.3,6.6927
29708.82,103.5,7.1175
29709.83,133.3,7.5398
29710.83,105.4,7.6681
29711.84,114.4,7.6858
29712.84,108.5,7.6858
29713.85,100.5,7.6858
29714.86,102.3,7.6858
29715.86,101.5,7.6858
29716.87,100.6,7.6858
29717.87,102.4,7.6858
29718.88,99.5,7.6858
29719.88,100.5,7.6858
29720.89,120.4,7.8159
29721.89,99.5,7.8159
29722.9,100.5,7.8159
29723.9,101.5,7.8161
29724.91,102.5,7.8161
29725.91,99.5,7.8161
29726.92,100.5,7.8161
29727.92,100.5,7.8164
29728.93,101.5,7.8164
29729.93,113.7,7.8171
29730.94,111.4,7.8175
29731.94,101.5,7.8175
29732.95,101.5,7.8177
29733.95,100.5,7.8177
29734.96,100.5,7.8177
29735.96,99.5,7.8177
29736.97,101.5,7.8177
29737.97,100.6,7.8177
29738.98,116.4,7.8178
29739.98,102.5,7.8178
29740.99,101.5,7.8178
29741.99,99.7,7.8178
29743.0,100.5,7.8178
29744.0,99.5,7.8178
29745.01,101.5,7.8178
29746.01,101.5,7.8178
29747.02,116.4,7.818
29748.02,103.5,7.818
29749.03,103.5,7.818
29750.03,102.5,7.818
29751.04,99.5,7.818
29752.04,101.5,7.818
29753.05,99.5,7.818
29754.05,101.5,7.818
29755.06,118.7,7.9
29756.06,101.5,7.9
29757.07,100.5,7.9
29758.07,100.5,7.9
29759.08,100.5,7.9
29760.08,101.5,7.9
29761.09,98.5,7.9
29762.09,100.5,7.9
29763.1,102.5,7.9
29764.1,100.5,8.2158
29765.11,100.5,8.6635
29766.11,100.5,9.1784
29767.12,132.3,9.2887
29768.12,101.5,9.2887
29769.13,101.5,9.2887
29770.14,99.5,9.2887
29771.14,99.5,9.2887
29772.15,100.5,9.2888
29773.15,101.5,9.289
29774.16,99.5,9.289
29775.16,101.5,9.2875
29776.17,99.6,9.2853
29777.17,103.5,9.286
29778.18,99.5,9.286
29779.18,100.5,9.286
29780.19,100.5,9.286
29781.19,100.5,9.286
29782.2,101.5,9.286
29783.2,100.5,9.286
29784.21,101.5,9.286
29785.21,100.5,9.286
29786.22,100.5,9.286
29787.22,99.5,9.286
29788.23,100.5,9.286
29789.23,100.5,9.286
29790.24,101.5,9.286
29791.24,102.5,9.286
29792.25,99.5,9.286
29793.25,101.5,9.286
29794.26,100.5,9.2862
29795.26,99.5,9.2862
29796.27,100.6,9.2862
29797.27,101.5,9.2862
29798.28,100.5,9.2862
29799.28,100.5,9.2862
29800.29,100.5,9.2865
29801.29,101.5,9.2865
29802.3,101.5,9.2865
29803.3,101.5,9.2867
29804.31,99.5,9.2867
29805.32,100.5,9.2867
29806.32,99.5,9.2867
29807.33,101.5,9.2867
29808.33,99.5,9.2867
29809.34,99.5,9.2867
29810.34,102.5,9.2867
29811.35,101.5,9.2869
29812.35,99.5,9.2869
29813.36,100.5,9.2869
29814.36,101.5,9.2869
29815.37,100.5,9.2869
29816.37,101.5,9.2869
29817.38,100.5,9.2871
29818.38,101.5,9.2871
29819.39,99.5,9.2871
29820.39,102.5,9.2871
29821.4,100.5,9.2871
29822.4,99.5,9.2871
29823.41,100.5,9.2871
29824.41,101.6,9.2873
29825.42,99.5,9.2873
29826.42,100.5,9.2873
29827.43,99.5,9.2873
29828.43,101.6,9.2873
29829.44,99.5,9.2873
29830.44,101.5,9.2873
29831.45,99.5,9.2873
29832.45,101.5,9.2873
29833.46,102.5,9.2873
29834.46,100.5,9.2873
29835.47,101.5,9.2873
29836.47,100.5,9.2875
29837.48,100.5,9.2875
29838.48,99.5,9.2875
29839.49,100.5,9.2875
29840.49,101.5,9.2875
29841.5,99.5,9.2875
29842.5,103.5,9.2875
29843.51,99.5,9.2875
29844.51,101.5,9.2875
29845.52,101.5,9.2875
29846.52,100.5,9.2875
29847.53,99.5,9.2875
29848.53,101.6,9.2875
29849.54,99.5,9.2875
29850.54,103.5,9.2875
29851.55,101.5,9.2877
29852.55,99.5,9.2877
29853.56,102.5,9.2877
29854.57,100.5,9.2877
29855.57,101.5,9.2877
29856.58,100.5,9.2877
29857.58,99.5,9.2877
29858.59,101.6,9.2877
29859.59,100.5,9.2877
29860.6,100.5,9.2877
29861.6,99.5,9.2877
29862.61,100.6,9.2877
29863.61,100.5,9.2877
29864.62,101.5,9.2877
29865.62,100.5,9.2877
29866.63,101.5,9.2877
29867.63,100.5,9.288
29868.64,100.5,9.288
29869.64,99.5,9.288
29870.65,100.5,9.288
29871.65,101.5,9.288
29872.66,100.6,9.288
29873.66,100.5,9.288
29874.67,99.5,9.288
29875.67,101.5,9.288
29876.68,100.5,9.288
29877.68,100.5,9.288
29878.69,101.5,9.288
29879.69,100.5,9.288
29880.7,99.5,9.288
29881.7,101.5,9.288
29882.71,101.5,9.288
29883.71,100.5,9.2883
29884.72,100.5,9.2884
29885.72,100.5,9.2884
29886.73,101.5,9.2884
29887.73,100.5,9.2884
29888.74,100.5,9.2884
29889.74,100.5,9.2884
29890.75,101.5,9.2884
29891.75,100.5,9.2884
29892.76,102.5,9.2884
29893.77,100.5,9.2884
29894.77,100.5,9.2884
29895.78,100.5,9.2884
29896.78,99.5,9.2884
29897.79,100.5,9.2884
29898.79,101.5,9.2884
29899.8,99.5,9.2884
29900.8,101.5,9.2884
29901.81,154.2,9.2885
29902.81,101.5,9.2885
29903.82,101.5,9.2885
29904.82,101.5,9.2885
29905.83,100.5,9.2885
29906.83,99.5,9.2885
29907.84,103.5,9.2885
29908.84,99.5,9.2885
29909.85,100.5,9.2885
29910.85,101.5,9.2885
29911.86,99.5,9.2885
29912.87,100.5,9.2887
29913.87,100.5,9.2887
29914.88,100.4,9.2887
29915.88,100.5,9.2887
29916.89,101.5,9.2887
29917.89,102.5,9.2887
29918.9,100.5,9.2887
29919.9,101.5,9.2887
29920.91,101.5,9.2887
29921.91,99.5,9.2887
29922.92,100.5,9.2887
29923.92,100.5,9.2887
29924.93,99.5,9.2887
29925.93,100.5,9.2887
29926.94,99.6,9.2887
29927.94,101.5,9.2887
29928.95,99.5,9.2887
29929.95,101.5,9.2887
29930.96,101.5,9.2887
29931.96,99.5,9.2887
29932.97,100.5,9.2887
29933.97,100.5,9.2887
29934.98,102.5,9.2887
29935.98,99.5,9.2887
29936.99,101.5,9.289
29937.99,100.5,9.289
29939.0,100.5,9.289
29940.01,100.5,9.289
29941.01,100.5,9.289
29942.02,101.5,9.289
29943.02,101.5,9.289
29944.03,99.5,9.289
29945.03,101.5,9.289
29946.04,99.5,9.289
29947.04,102.5,9.289
29948.05,100.2,9.289
29949.06,100.5,9.289
29950.06,100.5,9.289
29951.07,100.5,9.289
29952.07,100.5,9.289
29953.08,101.5,9.2892
29954.08,100.5,9.2892
29955.09,100.5,9.2892
29956.09,99.5,9.2892
29957.1,99.5,9.2892
29958.1,101.4,9.2895
29959.11,99.5,9.2895
29960.11,101.5,9.2895
29961.12,100.5,9.2895
29962.12,101.5,9.2895
29963.13,100.5,9.2895
29964.13,101.5,9.2895
29965.14,100.5,9.2895
29966.15,99.5,9.2895
29967.15,101.5,9.2895
29968.16,101.5,9.2895
29969.16,99.5,9.2895
29970.17,100.5,9.2895
29971.17,101.5,9.2895
29972.18,101.5,9.2895
29973.18,99.5,9.2895
29974.19,99.6,9.2895
29975.19,100.5,9.2895
29976.2,101.5,9.2895
29977.2,100.5,9.2895
29978.21,101.5,9.2895
29979.21,102.5,9.2895
29980.22,100.5,9.2895
29981.22,99.5,9.2895
29982.23,100.5,9.2895
29983.23,102.5,9.2895
29984.24,99.5,9.2895
29985.24,100.5,9.2895
29986.25,100.5,9.2895
29987.25,99.5,9.2895
29988.26,100.5,9.2895
29989.26,102.6,9.2895
29990.27,99.5,9.2895
29991.27,100.5,9.2895
29992.28,100.5,9.2895
29993.28,100.5,9.2895
29994.29,101.5,9.2895
29995.29,103.7,2.5571
29996.29,285.2,2.757
29997.29,348.3,2.9322
29998.3,334.3,3.169
29999.31,183.0,3.2848
30000.31,102.5,3.3321
30001.32,104.5,3.3848
30002.32,113.4,3.4305
30003.33,101.5,3.4793
30004.33,99.5,3.5222
30005.34,103.5,3.5584
30006.34,100.5,3.5917
30007.35,99.5,3.6209
30008.35,104.4,3.666
30009.36,105.5,3.6753
30010.36,100.5,3.6973
30011.37,102.5,3.7224
30012.37,102.5,3.7486
30013.38,100.5,3.7723
30014.38,122.4,3.8076
30015.39,100.5,3.8237
30016.39,100.5,3.8478
30017.4,101.3,3.8755
30018.4,99.5,3.9012
30019.41,105.5,3.9255
30020.42,100.5,3.9504
30021.42,101.5,3.9762
30022.43,102.5,4.0013
30023.43,103.5,4.0391
30024.44,100.5,4.0538
30025.44,99.5,4.0781
30026.45,101.5,4.1052
30027.45,100.5,4.1306
30028.46,100.5,4.1571
30029.46,101.5,4.1817
30030.47,101.5,4.2069
30031.47,100.5,4.232
30032.48,100.5,4.2565
30033.48,101.5,4.2813
30034.49,101.5,4.3154
30035.49,100.5,4.3325
30036.5,99.5,4.3548
30037.5,104.5,4.3886
30038.51,100.5,4.4041
30039.51,100.5,4.4337
30040.52,101.5,4.4337
30041.52,100.5,4.4466
30042.53,100.5,4.4611
30043.53,123.4,4.4786
30044.54,101.5,4.4923
30045.54,102.5,4.5139
30046.55,99.5,4.5302
30047.55,101.5,4.5496
30048.56,110.4,4.5698
30049.56,103.5,4.5907
30050.57,105.5,4.6124
30051.57,100.6,4.6245
30052.58,99.6,4.6421
30053.58,101.5,4.6533
30054.59,101.5,4.6533
30055.59,188.0,4.6648
30056.6,0.0,2.6265
30057.6,335.1,2.8146
30058.6,357.1,3.103
30059.61,280.7,3.2356
30060.61,121.5,3.3399
30061.62,199.9,3.4104
30062.62,4.0,2.6307
30063.63,315.0,2.7807
30064.63,320.3,3.0191
30065.63,0.0,2.5326
30066.64,292.6,2.7357
30067.64,334.9,2.8412
30068.64,285.3,3.1222
30069.65,1.0,2.6633
30070.65,325.2,2.7931
30071.66,295.4,3.0558
30072.66,1419.5,2.5575
30073.66,307.1,2.7497
30074.67,360.7,2.899
30075.67,350.8,3.1521
30076.68,2.0,2.6589
30077.68,362.8,2.8519
30078.69,1.0,2.4622
30079.69,286.9,2.7335
30080.69,340.9,2.8885
30081.7,337.3,3.1272
30082.7,2216.7,2.5769
30083.71,335.2,2.8402
30084.71,361.8,2.9541
30085.72,343.2,3.1558
30086.72,185.1,3.2319
30087.73,1.0,2.5695
30088.73,330.9,2.7485
30089.73,353.2,2.9812
30090.74,255.6,3.362
30091.74,270.7,3.7713
30092.75,250.6,4.1312
30093.75,0.0,2.5905
30094.75,351.7,2.9403
30095.76,307.9,3.2912
30096.76,359.7,3.4567
30097.77,329.5,3.7045
30098.77,318.3,3.9204
30099.78,304.6,4.1382
30100.78,305.4,4.3905
30101.79,303.4,4.5922
30102.79,303.4,4.7839
30103.8,299.4,5.0369
30104.8,303.4,5.1766
30105.81,304.4,5.4347
30106.81,292.5,5.6111
30107.82,186.0,5.8758
30108.82,172.2,5.9822
30109.83,126.3,6.0657
30110.83,127.3,6.1726
30111.84,132.3,6.2708
30112.84,201.9,6.3487
30113.85,143.2,6.4901
30114.85,159.1,6.7264
30115.86,114.4,6.7949
30116.87,126.3,6.8724
30117.87,102.5,6.9271
30118.88,105.4,6.9837
30119.88,126.3,7.0565
30120.89,101.5,7.1236
30121.89,101.5,7.1663
30122.9,141.2,7.4408
30123.9,203.9,7.7428
30124.91,113.4,7.7948
30125.91,175.0,7.7976
30126.92,275.5,7.805
30127.92,180.0,7.9039
30128.93,128.3,7.8948
30129.94,161.1,7.8969
30130.94,99.6,7.8969
30131.95,102.5,7.8969
30132.95,101.5,7.8969
30133.96,107.4,7.8969
30134.96,102.5,7.8969
30135.97,100.5,7.8969
30136.97,101.5,7.8969
30137.98,105.4,7.8969
30138.98,108.4,7.8969
30139.99,102.5,7.8969
30140.99,99.5,7.8969
30142.0,101.5,7.8969
30143.0,100.4,7.8971
30144.01,117.4,7.8971
30145.02,108.4,7.8971
30146.02,104.5,7.8971
30147.03,121.4,7.8971
30148.03,101.5,7.8971
30149.04,101.6,7.8971
30150.04,105.5,7.8971
30151.05,128.3,7.8971
30152.05,100.5,7.8971
30153.06,102.5,7.8971
30154.06,99.5,7.8971
30155.07,99.5,7.8971
30156.07,101.5,7.8971
30157.08,112.4,7.8971
30158.08,99.5,7.8971
30159.09,100.5,7.8971
30160.09,103.6,7.8971
30161.09,100.6,7.8971
30162.1,101.5,7.8971
30163.1,99.5,7.8971
30164.11,102.5,7.8971
30165.11,100.6,7.8971
30166.12,102.5,7.8971
30167.12,101.5,7.8971
30168.13,99.5,7.8971
30169.13,101.5,7.8971
30170.14,103.5,7.8971
30171.15,110.4,7.8971
30172.15,103.5,7.8971
30173.15,100.5,7.8971
30174.16,106.5,7.8971
30175.17,101.5,7.8971
30176.17,99.6,7.8971
30177.17,101.5,7.8971
30178.18,102.5,7.8971
30179.18,102.5,7.8971
30180.19,106.5,7.8971
30181.19,200.9,7.8972
30182.2,292.0,8.2321
30183.2,157.2,8.241
30184.21,112.4,8.241
30185.21,117.5,8.241
30186.22,108.4,8.241
30187.22,101.5,8.241
30188.23,99.5,8.2412
30189.23,103.5,8.2413
30190.24,122.4,8.2413
30191.24,107.5,8.2413
30192.25,99.5,8.2415
30193.25,100.5,8.2415
30194.26,106.5,8.2415
30195.26,99.5,8.2415
30196.27,101.5,8.2415
30197.28,100.5,8.2415
30198.28,100.5,8.2415
30199.29,100.5,8.2415
30200.29,99.5,8.2415
30201.3,101.5,8.2415
30202.3,104.5,8.2415
30203.31,100.6,8.2415
30204.31,100.5,8.2415
30205.32,100.5,8.2415
30206.32,100.5,8.2415
30207.33,101.5,8.2415
30208.33,100.5,8.2415
30209.34,99.5,8.2415
30210.34,99.5,8.2415
30211.35,101.5,8.2415
30212.35,100.5,8.2415
30213.36,99.5,8.2415
30214.36,101.5,8.2415
30215.37,100.5,8.2415
30216.37,100.5,8.2415
30217.38,100.5,8.2415
30218.38,101.5,8.2415
30219.39,101.5,8.2415
30220.39,101.5,8.2415
30221.4,101.5,8.2415
30222.4,146.4,8.2509
30223.41,100.5,8.2509
30224.41,100.5,8.2419
30225.42,100.6,8.2419
30226.42,99.4,8.2419
30227.43,101.5,8.2419
30228.43,99.5,8.2419
30229.44,102.5,8.2419
30230.44,99.5,8.2419
30231.45,101.5,8.2419
30232.45,100.5,8.2419
30233.46,100.5,8.2419
30234.46,99.5,8.2419
30235.47,101.5,8.2419
30236.47,100.6,8.2419
30237.48,101.5,8.2421
30238.48,99.5,8.2421
30239.49,100.5,8.2421
30240.49,101.6,8.2421
30241.5,100.5,8.2421
30242.5,100.5,8.2421
30243.51,99.5,8.2421
30244.52,101.4,8.2421
30245.52,100.5,8.2421
30246.53,100.5,8.2421
30247.53,101.5,8.2421
30248.54,101.5,8.2421
30249.54,99.5,8.2421
30250.55,99.5,8.2421
30251.55,101.5,8.2421
30252.56,100.5,8.2421
30253.56,100.6,8.2424
30254.57,102.6,8.2424
30255.57,100.5,8.2424
30256.58,100.5,8.2424
30257.58,100.5,8.2424
30258.59,102.5,8.2424
30259.59,99.5,8.2424
30260.6,101.5,8.2424
30261.6,99.5,8.2424
30262.61,101.5,8.2424
30263.61,101.5,8.2424
30264.62,99.5,8.2424
30265.62,99.5,8.2424
30266.63,102.5,8.2424
30267.63,100.5,8.2424
30268.64,101.5,8.2424
30269.64,99.5,8.2424
30270.65,100.5,8.2424
30271.65,99.5,8.2424
30272.66,100.5,8.2424
30273.66,101.5,8.2424
30274.67,99.5,8.2424
30275.67,101.5,8.2426
30276.67,100.7,8.2426
30277.68,100.4,8.2426
30278.68,100.6,8.2426
30279.69,101.5,8.2426
30280.69,100.5,8.2426
30281.7,100.5,8.2426
30282.71,100.5,8.2429
30283.71,100.6,8.2429
30284.71,101.5,8.2429
30285.72,100.5,8.2429
30286.73,100.5,8.2429
30287.73,101.6,8.2429
30288.73,99.5,8.2429
30289.74,100.5,8.2429
30290.74,101.5,8.2429
30291.75,100.5,8.2429
30292.75,100.5,8.2429
30293.76,101.5,8.2429
30294.77,100.5,8.2429
30295.77,100.5,8.2429
30296.78,100.5,8.2429
30297.78,101.5,8.2429
30298.79,100.5,8.2429
30299.79,99.5,8.2429
30300.8,100.5,8.2429
30301.8,100.5,8.2429
30302.81,101.5,8.2429
30303.81,101.5,8.2429
30304.82,100.5,8.2429
30305.82,99.6,8.2429
30306.83,100.5,8.2429
30307.83,100.5,8.2429
30308.84,101.5,8.2429
30309.84,101.6,8.2429
30310.85,99.5,8.2429
30311.85,99.5,8.2429
30312.86,102.5,8.2429
30313.86,99.6,8.2429
30314.87,100.5,8.2429
30315.87,99.5,8.2429
30316.88,100.5,8.2429
30317.88,102.4,8.2429
30318.89,100.5,8.2429
30319.89,101.5,8.2429
30320.9,101.5,8.2429
30321.9,100.5,8.2429
30322.91,100.5,8.2429
30323.91,100.5,8.2429
30324.92,101.5,8.2429
30325.92,99.5,8.2429
30326.93,100.5,8.2429
30327.93,100.5,8.2431
30328.94,100.5,8.2431
30329.94,101.5,8.2431
30330.95,99.5,8.2431
30331.95,100.5,8.2431
30332.96,101.5,8.2434
30333.97,100.5,8.2434
30334.97,100.5,8.2434
30335.98,99.5,8.2434
30336.98,101.5,8.2434
30337.99,99.5,8.2434
30338.99,101.5,8.2434
30340.0,101.5,8.2434
30341.0,101.4,8.2434
30342.01,100.5,8.2434
30343.01,101.5,8.2434
30344.02,99.5,8.2434
30345.02,101.5,8.2434
30346.03,99.5,8.2434
30347.03,100.5,8.2434
30348.04,101.5,8.2434
30349.04,101.5,8.2434
30350.05,101.5,8.2434
30351.05,100.5,8.2434
30352.06,99.5,8.2434
30353.06,99.5,8.2434
30354.07,101.5,8.2434
30355.08,100.5,8.2434
30356.08,99.5,8.2434
30357.09,100.5,8.2434
30358.09,100.5,8.2434
30359.1,100.5,8.2434
30360.1,99.5,8.2434
30361.11,100.5,8.2436
30362.11,100.5,8.2436
30363.12,100.5,8.2436
30364.12,99.5,8.2436
30365.13,102.5,8.2436
30366.13,99.5,8.2436
30367.14,102.5,8.2436
30368.14,99.6,8.2436
30369.15,101.5,8.2436
30370.15,100.5,8.2436
30371.16,99.5,8.2436
30372.16,102.5,8.2436
30373.17,99.5,8.2439
30374.17,100.5,8.2439
30375.18,101.5,8.2439
30376.18,99.5,8.2439
30377.19,102.5,8.2439
30378.19,99.5,8.2439
30379.2,99.5,8.2439
30380.2,100.5,8.2439
30381.21,100.5,8.2439
30382.21,100.6,8.2439
30383.22,101.6,8.2439
30384.22,100.5,8.2439
30385.23,100.5,8.2439
30386.23,99.5,8.2439
30387.24,100.5,8.2439
30388.24,102.5,8.2439
30389.25,99.5,8.2439
30390.25,100.5,8.2439
30391.26,100.5,8.2439
30392.26,100.6,8.2439
30393.27,100.5,8.2439
30394.27,2.0,2.7308
30395.28,0.0,2.5627
30396.28,304.4,2.7472
30397.29,0.0,2.5542
30398.29,302.9,2.744
30399.29,6526.0,2.5807
30400.3,316.3,2.7495
30401.3,1.0,2.5788
30402.31,337.9,2.779
30403.31,1.0,2.618
30404.31,319.0,2.7631
30405.32,1.0,2.6095
30406.32,314.2,2.7587
30407.32,1.0,2.6276
30408.33,1.0,2.5631
30409.33,306.3,2.7517
30410.34,1.0,2.5804
30411.34,331.2,2.8863
30412.35,342.9,3.0975
30413.35,361.6,3.3389
30414.36,344.2,3.6325
30415.36,327.3,3.8935
30416.37,319.5,4.1426
30417.37,304.4,4.3565
30418.38,302.4,4.6323
30419.38,308.4,4.8776
30420.39,303.4,5.1892
30421.39,305.4,5.4432
30422.4,305.4,5.7322
30423.4,309.5,5.928
30424.41,310.6,6.1952
30425.41,302.4,6.4482
30426.42,224.8,6.7618
30427.42,209.1,7.041
30428.43,159.2,7.3055
30429.43,139.3,7.4795
30430.43,339.0,7.734
30431.44,202.0,7.7341
30432.45,103.5,7.7341
30433.45,103.5,7.7341
30434.46,102.5,7.7341
30435.46,100.5,7.7341
30436.47,101.5,7.7341
30437.47,102.5,7.7408
30438.48,101.5,7.7898
30439.48,105.5,7.8339
30440.49,100.5,7.8342
30441.49,146.3,7.8343
30442.5,146.4,7.8343
30443.5,99.5,7.8343
30444.51,100.6,7.8343
30445.51,102.5,7.8345
30446.52,100.5,7.8345
30447.52,101.5,7.8345
30448.53,103.5,7.8345
30449.53,103.5,7.8345
30450.54,102.5,7.8345
30451.54,99.5,7.8345
30452.55,101.5,7.8345
30453.55,101.5,7.8345
30454.56,101.5,7.8345
30455.56,101.5,7.8345
30456.57,100.6,7.8345
30457.57,104.5,7.8345
30458.58,100.5,7.8345
30459.58,100.5,7.8345
30460.59,101.5,7.8345
30461.59,102.5,7.8345
30462.6,99.5,7.8345
30463.6,102.5,7.8346
30464.61,99.5,7.8346
30465.61,100.5,7.8346
30466.62,103.5,7.8346
30467.62,101.5,7.8348
30468.63,101.5,7.8348
30469.63,103.5,7.8348
30470.64,114.4,7.8348
30471.64,101.5,7.8348
30472.65,103.5,7.8348
30473.65,100.5,7.8351
30474.66,102.5,7.8351
30475.66,99.5,7.8351
30476.67,101.5,7.8351
30477.67,99.5,7.8351
30478.68,100.6,7.8351
30479.68,100.5,7.8351
30480.69,101.5,7.8351
30481.69,100.5,7.8351
30482.7,101.5,7.8351
30483.7,100.5,7.8351
30484.71,100.5,7.8351
30485.71,101.5,7.8351
30486.72,99.5,7.8351
30487.72,100.5,7.8351
30488.73,102.5,7.8351
30489.74,102.5,7.8351
30490.74,99.4,7.8351
30491.75,100.5,7.8351
30492.75,106.5,7.8351
30493.76,100.5,7.8351
30494.76,100.5,7.8351
30495.77,100.4,7.8351
30496.77,99.5,7.8351
30497.78,100.7,7.8351
30498.78,101.5,7.8351
30499.79,99.5,7.8351
30500.79,102.5,7.8351
30501.8,99.5,7.8351
30502.8,99.5,7.8351
30503.81,100.6,7.8351
30504.81,103.5,7.8351
30505.82,99.5,7.8351
30506.82,100.5,7.8351
30507.83,100.5,7.8351
30508.83,101.5,7.8351
30509.84,101.5,7.8351
30510.84,100.5,7.8351
30511.85,101.5,7.8351
30512.85,99.5,7.8353
30513.86,100.5,7.8353
30514.86,100.5,7.8353
30515.87,100.7,7.8353
30516.87,99.5,7.8353
30517.88,101.5,7.8353
30518.88,101.5,7.8353
30519.89,99.5,7.8353
30520.89,100.5,7.8353
30521.9,101.5,7.8353
30522.9,100.5,7.8353
30523.91,100.5,7.8353
30524.91,100.5,7.8353
30525.92,100.5,7.8353
30526.92,101.5,7.8353
30527.93,101.5,7.8353
30528.94,99.5,7.8353
30529.94,144.2,7.8353
30530.95,100.5,7.8356
30531.95,101.5,7.8356
30532.96,99.5,7.8356
30533.96,100.5,7.8356
30534.97,99.5,7.8356
30535.97,102.5,7.8356
30536.98,99.5,7.8356
30537.98,100.5,7.8356
30538.99,100.5,7.8356
30539.99,101.5,7.8356
30541.0,101.5,7.8356
30542.0,100.5,7.8356
30543.01,99.5,7.8356
30544.01,100.5,7.8356
30545.02,100.5,7.8356
30546.02,102.5,7.8356
30547.03,99.5,7.8356
30548.03,100.5,7.8356
30549.04,100.5,7.8356
30550.05,102.5,7.8356
30551.05,99.6,7.8356
30552.05,100.5,7.8356
30553.06,100.7,7.8358
30554.06,100.7,7.8358
30555.06,100.8,7.8358
30556.07,101.5,7.8358
30557.07,101.5,7.8358
30558.08,99.5,7.8361
30559.08,100.5,7.8361
30560.09,107.4,7.8361
30561.09,105.5,7.835
30562.1,100.6,7.835
30563.1,99.5,7.8349
30564.11,101.5,7.8349
30565.11,99.5,7.8349
30566.12,100.5,7.8349
30567.12,99.5,7.8349
30568.13,101.5,7.8349
30569.13,99.5,7.8349
30570.14,101.5,7.8349
30571.15,100.2,7.8349
30572.15,101.5,7.8349
30573.16,100.7,7.8349
30574.16,100.5,7.8349
30575.17,101.6,7.8349
30576.17,101.5,7.8349
30577.18,100.5,7.8349
30578.18,99.5,7.8349
30579.19,99.5,7.8349
30580.19,101.5,7.8349
30581.2,101.5,7.8349
30582.2,100.5,7.8349
30583.21,99.5,7.8349
30584.21,99.5,7.8349
30585.22,102.5,7.8349
30586.22,101.5,7.8349
30587.23,100.5,7.8349
30588.23,100.5,7.8349
30589.24,101.5,7.8349
30590.25,99.5,7.8349
30591.25,100.5,7.8349
30592.26,101.5,7.8349
30593.26,99.5,7.8349
30594.27,100.5,7.8349
30595.27,100.5,7.8349
30596.28,100.1,7.8349
30597.29,101.5,7.8349
30598.29,100.5,7.8349
30599.3,99.5,7.8349
30600.3,101.5,7.8349
30601.31,101.2,7.8349
30602.32,99.5,7.8349
30603.32,101.5,7.8349
30604.33,99.5,7.8349
30605.33,101.5,7.8349
30606.34,100.5,7.8349
30607.34,100.5,7.8349
30608.35,101.5,7.8352
30609.35,99.5,7.8326
30610.36,102.5,7.8326
30611.36,100.5,7.8305
30612.37,99.5,7.8305
30613.37,100.5,7.8305
30614.38,102.5,7.8305
30615.38,99.5,7.8305
30616.39,101.5,7.8307
30617.39,99.5,7.8307
30618.4,102.5,7.8307
30619.4,99.5,7.8307
30620.41,107.5,7.8307
30621.41,101.4,7.8307
30622.42,101.5,7.8307
30623.42,101.5,7.831
30624.43,100.5,7.831
30625.43,101.5,7.829
30626.44,100.4,7.829
30627.44,101.5,7.829
30628.45,100.5,7.829
30629.45,99.5,7.829
30630.46,101.5,7.829
30631.47,99.4,7.829
30632.47,101.5,7.829
30633.48,100.5,7.829
30634.48,99.5,7.829
30635.49,101.6,7.829
30636.49,100.5,7.829
30637.5,101.5,7.829
30638.5,100.5,7.829
30639.51,100.5,7.829
30640.51,101.5,7.829
30641.52,101.5,7.829
30642.52,99.5,7.829
30643.53,101.5,7.829
30644.53,100.5,7.829
30645.54,99.5,7.829
30646.54,99.5,7.829
30647.55,102.5,7.829
30648.55,100.5,7.829
30649.56,99.5,7.829
30650.56,102.5,7.829
30651.57,99.5,7.829
30652.57,101.5,7.8292
30653.58,101.5,7.8292
30654.58,100.5,7.8292
30655.59,100.5,7.8292
30656.59,99.5,7.8292
30657.6,101.5,7.8292
30658.61,100.5,7.8292
30659.61,102.5,7.8292
30660.62,100.5,7.8292
30661.62,100.5,7.8292
30662.63,100.6,7.8292
30663.63,100.5,7.8292
30664.64,99.5,7.8292
30665.64,101.5,7.8292
30666.65,100.5,7.8292
30667.65,101.5,7.8292
30668.66,99.5,7.8292
30669.66,101.5,7.8292
30670.67,100.5,7.8292
30671.67,99.5,7.8292
30672.68,102.6,7.8292
30673.68,99.5,7.8292
30674.69,102.6,7.8292
30675.69,100.6,7.8292
30676.7,99.5,7.8292
30677.7,100.5,7.8292
30678.71,100.5,7.8292
30679.71,100.5,7.8292
30680.72,100.5,7.8292
30681.72,102.5,7.8292
30682.73,99.5,7.8292
30683.73,100.5,7.8292
30684.74,99.5,7.8292
30685.74,101.5,7.8292
30686.75,100.5,7.8292
30687.75,101.5,7.8292
30688.76,99.5,7.8292
30689.76,100.5,7.8292
30690.77,99.5,7.8292
30691.77,99.5,7.8292
30692.78,101.5,7.8292
30693.78,101.5,7.8292
30694.79,101.5,7.8292
30695.79,101.5,7.8292
30696.8,100.5,7.8292
30697.8,99.5,7.8295
30698.81,100.5,7.8295
30699.81,101.5,7.8295
30700.82,99.5,7.8297
30701.82,101.5,7.8297
30702.83,101.5,7.83
30703.83,100.5,7.83
30704.84,99.6,7.83
30705.84,100.5,7.83
30706.85,101.3,7.83
30707.86,101.5,7.83
30708.86,99.5,7.83
30709.87,101.6,7.83
30710.87,1.0,2.7311
30711.87,315.7,3.0168
30712.88,372.2,3.2104
30713.89,328.9,3.4164
30714.89,327.3,3.7302
30715.9,319.3,3.9923
30716.9,309.6,4.2735
30717.91,307.4,4.5421
30718.91,305.4,4.7875
30719.92,308.7,5.0965
30720.92,304.4,5.4122
30721.93,304.5,5.7094
30722.93,302.4,5.914
30723.94,305.4,6.1934
30724.95,303.4,6.4013
30725.95,302.3,6.6621
30726.96,305.7,6.8595
30727.96,300.4,7.1704
30728.97,292.5,7.3411
30729.97,282.1,7.6309
30730.97,299.6,7.696
30731.98,132.0,7.796
30732.99,236.9,7.7975
30733.99,253.7,7.8016
30735.0,144.2,7.8017
30736.0,157.2,7.7883
30737.01,105.4,7.7883
30738.01,102.5,7.7883
30739.02,99.5,7.7883
30740.02,136.4,8.0037
30741.03,102.5,8.0037
30742.03,100.3,8.0037
30743.04,101.5,8.0041
30744.04,99.5,8.0041
30745.05,103.5,8.0041
30746.05,99.5,8.0041
30747.06,131.2,8.0052
30748.06,100.5,8.0052
30749.07,102.5,8.0052
30750.07,100.5,8.0052
30751.08,99.5,8.0052
30752.09,102.4,8.0052
30753.09,100.5,8.0052
30754.09,116.6,8.0052
30755.1,113.4,8.0052
30756.1,99.5,8.0052
30757.11,100.5,8.0052
30758.11,100.5,8.0052
30759.12,100.5,8.0052
30760.12,100.5,8.0052
30761.13,103.5,8.0054
30762.13,100.5,8.0054
30763.14,102.5,8.0054
30764.15,130.3,8.0057
30765.15,100.5,8.0057
30766.16,100.5,8.0057
30767.16,101.5,8.0057
30768.17,99.5,8.0057
30769.17,100.5,8.0057
30770.18,100.5,8.0057
30771.18,101.5,8.0057
30772.19,100.5,8.0057
30773.19,134.3,8.1737
30774.2,102.5,8.1737
30775.2,100.5,8.1737
30776.21,99.5,8.1737
30777.21,100.5,8.1737
30778.22,103.5,8.1737
30779.22,100.5,8.1713
30780.23,100.5,8.1713
30781.23,100.5,8.2305
30782.24,99.5,8.7436
30783.26,107.9,9.1396
30784.26,161.2,9.2928
30785.27,100.5,9.293
30786.27,99.7,9.293
30787.28,99.5,9.2933
30788.28,101.5,9.2933
30789.29,101.5,9.2933
30790.29,99.5,9.2933
30791.3,101.5,9.2933
30792.3,99.5,9.2906
30793.31,101.5,9.2908
30794.31,102.5,9.2918
30795.32,100.5,9.2918
30796.32,101.6,9.2918
30797.33,101.5,9.2918
30798.33,100.5,9.2918
30799.34,99.6,9.2918
30800.34,99.5,9.2918
30801.35,102.5,9.2918
30802.35,100.5,9.2918
30803.36,101.5,9.2924
30804.36,100.5,9.2924
30805.37,100.5,9.2924
30806.37,100.5,9.2924
30807.38,100.5,9.2924
30808.38,99.5,9.2924
30809.39,101.5,9.2924
30810.39,100.5,9.2924
30811.4,100.5,9.2924
30812.4,101.5,9.2925
30813.41,101.5,9.2925
30814.41,100.5,9.2925
30815.42,101.5,9.2925
30816.42,100.5,9.2925
30817.43,100.5,9.2925
30818.43,100.5,9.2925
30819.44,99.5,9.2925
30820.44,100.6,9.2925
30821.45,99.5,9.2925
30822.45,101.5,9.2925
30823.46,100.5,9.2925
30824.46,100.6,9.2925
30825.47,100.5,9.2925
30826.47,100.5,9.2925
30827.48,101.6,9.2925
30828.48,100.5,9.2925
30829.49,100.5,9.2925
30830.49,100.5,9.2925
30831.5,100.5,9.2925
30832.5,101.5,9.2925
30833.51,101.5,9.2925
30834.51,99.5,9.2925
30835.52,100.5,9.2925
30836.52,100.5,9.2925
30837.53,99.5,9.2928
30838.53,101.5,9.2928
30839.54,100.5,9.2928
30840.54,99.5,9.2928
30841.55,101.5,9.2929
30842.55,101.5,9.2929
30843.56,100.5,9.2929
30844.56,99.6,9.2929
30845.57,101.5,9.2929
30846.57,101.5,9.2929
30847.58,100.5,9.2929
30848.58,100.5,9.2929
30849.59,100.5,9.2929
30850.59,102.5,9.2929
30851.6,99.5,9.293
30852.6,100.5,9.293
30853.61,102.5,9.2933
30854.62,99.5,9.2933
30855.62,99.6,9.2935
30856.62,100.5,9.2935
30857.63,101.5,9.2935
30858.63,100.5,9.2935
30859.64,99.5,9.2935
30860.65,101.5,9.2935
30861.65,101.5,9.2938
30862.66,99.5,9.2938
30863.66,100.5,9.2938
30864.67,100.5,9.2938
30865.67,101.5,9.2938
30866.68,99.5,9.2938
30867.68,101.5,9.2938
30868.69,100.5,9.2938
30869.69,101.5,9.2941
30870.7,100.5,9.2941
30871.7,135.3,9.2941
30872.71,300.5,9.3319
30873.71,131.3,9.3324
30874.72,100.5,9.3324
30875.72,109.5,9.314
30876.73,103.5,9.314
30877.73,102.4,9.314
30878.74,100.5,9.314
30879.74,101.5,9.314
30880.75,99.5,9.314
30881.75,100.5,9.314
30882.76,100.5,9.3143
30883.76,100.5,9.3143
30884.77,102.5,9.3143
30885.77,102.5,9.3143
30886.78,100.5,9.3143
30887.78,100.2,9.3143
30888.79,100.5,9.3143
30889.79,100.5,9.3143
30890.8,101.5,9.3143
30891.8,99.5,9.3143
30892.81,101.5,9.3143
30893.81,99.5,9.3143
30894.82,100.6,9.3143
30895.82,101.5,9.3143
30896.83,99.5,9.3143
30897.83,100.6,9.3143
30898.84,101.5,9.3143
30899.84,100.5,9.3143
30900.85,100.5,9.3143
30901.85,99.5,9.3143
30902.86,99.1,9.3143
30903.87,102.5,9.3143
30904.87,100.5,9.3143
30905.88,99.6,9.3143
30906.88,101.5,9.3143
30907.89,101.2,9.3143
30908.9,99.5,9.3143
30909.9,100.5,9.3143
30910.91,101.5,9.3143
30911.91,100.5,9.3143
30912.92,100.5,9.3143
30913.92,100.6,9.3143
30914.93,99.5,9.3143
30915.93,101.5,9.3143
30916.94,99.5,9.3143
30917.94,102.4,9.3143
30918.95,100.6,9.3143
30919.95,100.5,9.3143
30920.96,99.5,9.3143
30921.96,100.5,9.3143
30922.97,101.3,9.3145
30923.97,99.5,9.3145
30924.98,101.6,9.3145
30925.98,99.5,9.3145
30926.99,100.5,9.3145
30927.99,101.5,9.3148
30929.0,100.5,9.3148
30930.0,99.5,9.3148
30931.01,101.5,9.3148
30932.01,101.5,9.3148
30933.02,101.5,9.3148
30934.02,99.5,9.3148
30935.03,100.3,9.3148
30936.04,99.5,9.3148
30937.04,101.5,9.3148
30938.05,99.5,9.3148
30939.05,100.5,9.3148
30940.06,101.5,9.3148
30941.06,100.5,9.3148
30942.07,101.5,9.3148
30943.07,100.5,9.3148
30944.08,100.5,9.3148
30945.08,100.5,9.3148
30946.09,100.5,9.3148
30947.09,100.5,9.3148
30948.1,101.5,9.3148
30949.1,101.5,9.3148
30950.11,100.5,9.3148
30951.11,100.5,9.3148
30952.12,100.5,9.3148
30953.12,100.5,9.3148
30954.13,100.5,9.315
30955.13,100.5,9.315
30956.14,100.5,9.315
30957.14,100.5,9.315
30958.15,100.5,9.315
30959.15,101.5,9.315
30960.16,99.5,9.315
30961.16,99.5,9.315
30962.17,100.5,9.315
30963.17,101.5,9.315
30964.18,100.5,9.315
30965.18,100.5,9.315
30966.19,99.5,9.315
30967.19,103.5,9.315
30968.2,99.5,9.315
30969.2,101.5,9.315
30970.21,100.5,9.315
30971.21,101.5,9.315
30972.22,100.5,9.315
30973.22,99.5,9.315
30974.23,101.5,9.315
30975.23,100.5,9.315
30976.24,100.5,9.315
30977.25,100.5,9.315
30978.25,100.5,9.3153
30979.26,100.5,9.3153
30980.26,100.5,9.3153
30981.27,100.5,9.3153
30982.27,100.5,9.3153
30983.28,100.5,9.3153
30984.28,100.5,9.3153
30985.29,100.5,9.3153
30986.29,101.5,9.3153
30987.3,99.5,9.3153
30988.3,101.5,9.3153
30989.31,100.5,9.3153
30990.31,100.4,9.3153
30991.32,100.5,9.3153
30992.32,99.5,9.3153
30993.33,100.5,9.3155
30994.33,100.5,9.3155
30995.34,100.6,9.3155
30996.34,100.5,9.3155
30997.35,100.5,9.3155
30998.35,101.5,9.3155
30999.36,100.5,9.3155
31000.36,100.5,9.3155
31001.37,101.5,9.3155
31002.37,100.5,9.3155
31003.38,101.5,9.3155
31004.38,101.5,9.3155
31005.39,99.6,9.3155
31006.39,101.5,9.3155
31007.4,99.5,9.3155
31008.4,100.5,9.3155
31009.41,100.5,9.3155
31010.41,102.8,2.5746
31011.42,318.4,2.8277
31012.42,321.2,3.0215
31013.42,366.1,3.1928
31014.43,327.3,3.4475
31015.44,318.3,3.7511
31016.44,308.4,4.0326
31017.45,305.4,4.2821
31018.45,302.4,4.5451
31019.46,307.4,4.7898
31020.46,305.4,5.1127
31021.47,306.4,5.4152
31022.47,301.4,5.7256
31023.48,309.4,5.9679
31024.48,303.7,6.2944
31025.49,301.4,6.5127
31026.49,303.9,6.7508
31027.49,305.0,6.9845
31028.5,291.0,7.2103
31029.5,290.7,7.3643
31030.51,248.7,7.6497
31031.51,236.8,7.7013
31032.52,141.3,7.7404
31033.52,105.4,7.8013
31034.53,101.5,7.8013
31035.53,101.5,7.8013
31036.54,104.5,7.8013
31037.54,99.5,7.8013
31038.55,101.5,7.8015
31039.55,103.5,7.8015
31040.56,102.5,7.8017
31041.56,101.5,7.8017
31042.57,99.5,7.8018
31043.57,100.6,7.8018
31044.58,100.5,7.8018
31045.58,112.4,7.8019
31046.59,107.5,7.8019
31047.59,103.5,7.8019
31048.6,106.5,7.8019
31049.6,99.6,7.8019
31050.61,101.5,7.8019
31051.61,99.5,7.8019
31052.62,100.5,7.8019
31053.62,100.6,7.8019
31054.63,101.5,7.8019
31055.63,102.5,7.8019
31056.64,100.5,7.8019
31057.64,114.5,7.8019
31058.65,101.5,7.8019
31059.65,100.5,7.8019
31060.66,100.5,7.8019
31061.66,99.5,7.8019
31062.67,100.5,7.8019
31063.67,100.5,7.8019
31064.68,100.5,7.8019
31065.68,100.6,7.8019
31066.69,100.5,7.8019
31067.69,101.6,7.8021
31068.69,103.5,7.8021
31069.7,99.5,7.8021
31070.71,102.5,7.8021
31071.71,101.6,7.8021
31072.71,100.5,7.8021
31073.72,100.6,7.8024
31074.72,100.5,7.8024
31075.73,100.5,7.8024
31076.73,100.5,7.8024
31077.74,99.5,7.8024
31078.74,101.5,7.8024
31079.75,99.5,7.8024
31080.75,100.5,7.8024
31081.76,101.5,7.8024
31082.77,100.5,7.8024
31083.77,101.6,7.8024
31084.77,102.5,7.8024
31085.78,100.7,7.8024
31086.78,99.8,7.8024
31087.78,99.6,7.8024
31088.79,101.5,7.8024
31089.79,99.5,7.8024
31090.8,101.5,7.8024
31091.8,100.5,7.8024
31092.81,100.5,7.8024
31093.81,101.5,7.8024
31094.82,101.5,7.8024
31095.82,100.7,7.8024
31096.83,100.6,7.8024
31097.83,101.5,7.8024
31098.84,99.5,7.8024
31099.84,100.5,7.8024
31100.85,101.5,7.8024
31101.85,99.5,7.8024
31102.86,100.5,7.8024
31103.86,100.5,7.8024
31104.87,100.5,7.8024
31105.87,100.7,7.8024
31106.88,101.5,7.8024
31107.88,99.5,7.8024
31108.89,99.5,7.8024
31109.89,100.4,7.8024
31110.9,100.5,7.8024
31111.9,102.5,7.8024
31112.91,104.5,7.8026
31113.91,101.5,7.8026
31114.92,99.5,7.8026
31115.92,100.5,7.8026
31116.93,99.5,7.8026
31117.93,101.5,7.8026
31118.94,100.5,7.8026
31119.94,99.5,7.8026
31120.95,100.5,7.8026
31121.95,101.5,7.8026
31122.96,100.5,7.8026
31123.96,99.6,7.8029
31124.97,103.5,7.8029
31125.97,100.6,7.8029
31126.98,99.5,7.8029
31127.98,100.5,7.8029
31128.99,100.5,7.8029
31129.99,101.5,7.8029
31131.0,100.5,7.8029
31132.0,99.5,7.8029
31133.01,100.5,7.8029
31134.01,100.6,7.8029
31135.02,100.5,7.8029
31136.02,100.6,7.8029
31137.03,99.5,7.8029
31138.03,101.5,7.8029
31139.04,101.5,7.8029
31140.04,100.5,7.8029
31141.05,100.5,7.8029
31142.05,100.5,7.8029
31143.06,102.5,7.8032
31144.06,99.5,7.8032
31145.07,101.5,7.8032
31146.07,100.6,7.8032
31147.08,100.6,7.8032
31148.08,109.4,7.8032
31149.09,101.5,7.8032
31150.09,99.5,7.8032
31151.1,101.6,7.8032
31152.1,100.8,7.8032
31153.1,100.7,7.8032
31154.11,101.5,7.8032
31155.11,100.5,7.8032
31156.12,100.5,7.8032
31157.12,100.5,7.8032
31158.13,99.7,7.8032
31159.13,100.5,7.8032
31160.14,99.5,7.8032
31161.14,102.5,7.8032
31162.15,99.6,7.8032
31163.15,101.5,7.8034
31164.16,100.5,7.8034
31165.16,100.7,7.8034
31166.16,99.7,7.8034
31167.17,100.5,7.8034
31168.17,100.5,7.8034
31169.18,100.5,7.8034
31170.18,99.5,7.8034
31171.19,101.5,7.8037
31172.19,102.5,7.8037
31173.2,100.5,7.8037
31174.2,99.6,7.8037
31175.21,100.5,7.8037
31176.21,100.5,7.8037
31177.22,100.5,7.8037
31178.22,100.5,7.8037
31179.23,101.5,7.8037
31180.23,100.5,7.8037
31181.24,99.5,7.8037
31182.24,100.5,7.8037
31183.25,100.5,7.8037
31184.25,100.5,7.8037
31185.26,99.7,7.8037
31186.26,103.5,7.8037
31187.27,101.5,7.8037
31188.27,100.5,7.8037
31189.28,100.5,7.8037
31190.28,101.5,7.8037
31191.29,100.5,7.8037
31192.29,100.6,7.8037
31193.3,100.6,7.8037
31194.3,99.5,7.8037
31195.31,101.5,7.8037
31196.31,99.5,7.8037
31197.32,101.5,7.8037
31198.32,100.5,7.8037
31199.33,100.6,7.8037
31200.33,101.5,7.8037
31201.34,99.5,7.8037
31202.34,100.3,7.8037
31203.35,101.6,7.8037
31204.35,99.5,7.8037
31205.36,101.5,7.8037
31206.36,101.5,7.8037
31207.37,101.5,7.8039
31208.37,99.5,7.8039
31209.38,101.5,7.8042
31210.38,100.7,7.8042
31211.39,99.6,7.8042
31212.39,100.5,7.8042
31213.4,102.5,7.8042
31214.4,99.5,7.8042
31215.41,101.5,7.8042
31216.41,99.7,7.8042
31217.41,100.6,7.8042
31218.42,101.5,7.8042
31219.42,99.5,7.8042
31220.43,100.5,7.8042
31221.43,100.6,7.8042
31222.44,102.5,7.8042
31223.44,100.5,7.8044
31224.45,100.5,7.8044
31225.45,101.5,7.8044
31226.46,99.5,7.8044
31227.47,100.5,7.8044
31228.47,100.5,7.8044
31229.48,101.5,7.8044
31230.48,100.5,7.8044
31231.49,100.5,7.8044
31232.49,100.5,7.8044
31233.5,99.5,7.8044
31234.5,101.5,7.8044
31235.5,99.7,7.8044
31236.51,102.5,7.8044
31237.51,99.5,7.8044
31238.52,101.5,7.8044
31239.53,101.5,7.8044
31240.53,101.6,7.8044
31241.53,100.5,7.8044
31242.54,100.5,7.8044
31243.55,99.5,7.8044
31244.55,101.5,7.8044
31245.56,99.5,7.8044
31246.56,101.5,7.8044
31247.57,101.5,7.8044
31248.57,100.5,7.8044
31249.58,99.5,7.8044
31250.58,102.5,7.8044
31251.59,100.5,7.8044
31252.59,99.5,7.8047
31253.6,101.5,7.8047
31254.6,99.5,7.8047
31255.61,100.5,7.8047
31256.61,99.5,7.8047
31257.62,102.5,7.8047
31258.62,100.5,7.8047
31259.63,99.5,7.8047
31260.63,100.5,7.8047
31261.64,100.5,7.8047
31262.65,101.5,7.8047
31263.65,99.5,7.8047
31264.65,99.5,7.8047
31265.66,102.5,7.8047
31266.67,100.5,7.8047
31267.67,101.5,7.8047
31268.68,99.5,7.8047
31269.68,101.7,7.8047
31270.68,99.5,7.8047
31271.69,101.4,7.8047
31272.7,100.5,7.8047
31273.7,100.5,7.8047
31274.71,100.5,7.8047
31275.71,99.5,7.8047
31276.72,100.5,7.8047
31277.72,99.5,7.8047
31278.73,101.6,7.8047
31279.73,101.5,7.8047
31280.74,99.5,7.8047
31281.74,100.5,7.8047
31282.75,101.6,7.8047
31283.75,101.5,7.8047
31284.76,99.4,7.8047
31285.76,101.5,7.8047
31286.77,101.5,7.8047
31287.77,100.5,7.8047
31288.78,100.5,7.8047
31289.78,99.4,7.8047
31290.79,101.5,7.8047
31291.79,99.5,7.8047
31292.8,102.5,7.8049
31293.8,100.5,7.8052
31294.81,100.5,7.8052
31295.81,100.5,7.8052
31296.82,102.5,7.8052
31297.82,100.5,7.8054
31298.83,101.5,7.8054
31299.84,100.4,7.8054
31300.84,99.5,7.8054
31301.85,101.6,7.8054
31302.85,100.5,7.8054
31303.86,100.5,7.8054
31304.86,99.5,7.8054
31305.87,100.5,7.8054
31306.87,102.5,7.8054
31307.88,103.4,7.8054
31308.88,100.5,7.8054
31309.89,101.5,7.8054
31310.89,3.0,2.6902
31311.9,325.7,3.0115
31312.9,373.9,3.1818
31313.9,336.3,3.446
31314.91,326.3,3.7233
31315.92,318.3,3.981
31316.92,311.4,4.2452
31317.93,308.3,4.5145
31318.93,304.4,4.7451
31319.94,307.4,4.9963
31320.94,308.4,5.3433
31321.95,302.4,5.5901
31322.95,303.4,5.798
31323.96,310.4,6.0018
31324.96,304.3,6.2429
31325.97,297.3,6.3906
31326.97,305.5,6.6059
31327.98,249.6,6.8153
31328.99,177.0,7.0516
31329.99,121.3,7.1781
31331.0,150.2,7.307
31332.0,293.0,7.6484
31333.0,1.0,2.597
31334.01,344.2,2.9297
31335.01,352.9,3.0921
31336.02,348.1,3.3305
31337.02,329.8,3.6076
31338.03,309.9,3.8552
31339.03,307.3,4.1537
31340.04,305.5,4.3553
31341.04,303.3,4.5755
31342.05,304.3,4.8199
31343.05,307.5,5.037
31344.06,304.3,5.3099
31345.06,305.3,5.5276
31346.07,302.4,5.6903
31347.08,302.4,5.9241
31348.08,302.4,6.1144
31349.09,302.6,6.2524
31350.09,308.3,6.4297
31351.1,274.5,6.6403
31352.1,272.6,6.843
31353.1,151.6,6.9627
31354.11,280.6,2.4678
31355.11,1.0,2.6441
31356.12,332.1,3.0165
31357.12,369.0,3.2059
31358.12,334.9,3.4393
31359.13,332.7,3.7267
31360.13,315.3,4.0175
31361.14,306.1,4.2526
31362.14,305.4,4.5237
31363.15,305.3,4.7537
31364.15,305.3,5.0073
31365.16,306.3,5.2476
31366.16,309.3,5.4924
31367.17,301.3,5.7051
31368.17,312.3,5.9031
31369.18,280.8,6.0731
31370.19,288.6,6.3109
31371.19,192.0,6.5105
31372.2,176.1,6.6336
31373.2,295.4,2.468
31374.21,3.0,2.6172
31375.21,337.5,2.9508
31376.22,331.9,3.0631
31377.22,345.3,3.2746
31378.23,345.6,3.5298
31379.23,322.2,3.7212
31380.24,314.7,3.9754
31381.24,311.4,4.2098
31382.25,304.6,4.4476
31383.25,301.5,4.6718
31384.26,303.4,4.9223
31385.26,305.3,5.1637
31386.27,304.4,5.4598
31387.28,305.4,5.6577
31388.28,301.4,5.882
31389.29,305.4,6.0591
31390.29,310.3,6.2084
31391.3,305.3,6.3942
31392.3,288.5,6.5249
31393.31,290.0,6.7454
31394.31,0.0,2.6151
31395.31,341.9,2.9181
31396.31,351.0,3.039
31397.32,339.2,3.2479
31398.32,326.2,3.4818
31399.33,315.3,3.712
31400.34,304.4,3.9238
31401.34,308.3,4.1318
31402.35,309.4,4.3318
31403.35,2.0,2.5656
31404.35,322.2,2.849
31405.35,353.1,3.0282
31406.36,348.1,3.3128
31407.36,318.3,3.6065
31408.37,314.4,3.9004
31409.38,306.3,4.1766
31410.38,307.3,4.4566
31411.39,318.5,4.8268
31412.39,252.7,5.2478
31413.4,3.0,2.469
31414.4,1.0,2.7551
31415.41,324.2,2.9552
31416.41,352.2,3.1365
31417.42,325.3,3.4015
31418.42,313.5,3.6693
31419.43,312.4,3.9821
31420.43,309.4,4.294
31421.44,330.3,4.5206
31422.44,296.4,4.7447
31423.45,268.6,4.9798
31424.45,301.4,5.2353
31425.46,300.6,5.5148
31426.46,277.7,5.8669
31427.47,233.7,6.1722
31428.47,233.8,6.4915
31429.48,201.1,6.8466
31430.48,157.2,7.172
31431.49,100.5,7.4586
31432.49,137.3,7.7111
31433.5,99.5,7.8111
31434.5,102.5,7.7783
31435.51,99.5,7.7783
31436.51,102.5,7.7783
31437.52,100.5,7.7786
31438.52,102.5,7.7786
31439.53,104.5,7.7786
31440.53,101.5,7.7786
31441.54,100.5,7.7786
31442.55,100.5,7.7786
31443.55,100.6,7.7788
31444.55,101.5,7.7788
31445.56,100.5,7.779
31446.57,100.5,7.779
31447.57,127.3,7.9129
31448.58,99.5,7.945
31449.58,108.4,7.945
31450.59,101.5,7.945
31451.59,100.5,7.945
31452.6,100.5,7.945
31453.6,101.5,7.945
31454.61,100.6,7.945
31455.61,101.5,7.945
31456.62,100.5,7.945
31457.62,99.5,7.945
31458.63,101.6,7.945
31459.63,100.5,7.945
31460.64,100.5,7.945
31461.64,100.5,7.945
31462.65,100.5,7.945
31463.65,102.5,7.945
31464.66,120.4,7.9462
31465.66,101.5,7.9462
31466.67,101.5,7.9462
31467.67,165.1,7.9462
31468.68,224.8,7.9463
31469.68,115.4,7.9463
31470.69,128.3,7.9463
31471.69,111.4,7.9463
31472.7,105.5,7.9463
31473.7,115.7,7.9463
31474.71,101.6,7.9463
31475.71,124.3,7.9463
31476.72,99.5,7.9463
31477.72,100.5,7.9463
31478.73,122.4,7.9523
31479.73,101.5,7.9523
31480.74,100.4,7.9523
31481.74,100.5,7.9523
31482.75,100.5,7.9526
31483.75,99.5,7.9526
31484.76,152.2,7.9526
31485.76,213.7,2.4703
31486.77,0.0,2.6225
31487.77,324.3,2.9257
31488.78,347.3,3.0404
31489.78,327.0,3.256
31490.78,325.1,3.5744
31491.79,311.6,3.8488
31492.79,305.4,4.0758
31493.8,305.5,4.307
31494.8,314.5,4.5643
31495.81,154.3,4.8819
31496.81,139.3,5.2382
31497.82,114.4,5.6794
31498.82,115.4,6.1451
31499.83,145.2,6.5983
31500.83,100.5,7.0268
31501.84,134.6,7.5576
31502.84,106.5,7.6923
31503.85,99.5,7.7215
31504.85,101.5,7.7215
31505.86,100.5,7.7215
31506.86,101.6,7.717
31507.87,100.5,7.717
31508.87,99.5,7.717
31509.88,100.5,7.717
31510.88,101.5,7.717
31511.89,123.4,7.8732
31512.89,100.5,7.8735
31513.9,104.4,7.8735
31514.9,100.5,7.8738
31515.91,102.5,7.8738
31516.91,100.5,7.8738
31517.92,101.5,7.8738
31518.92,103.5,7.8738
31519.93,99.5,7.8738
31520.93,124.4,7.8744
31521.94,101.5,7.8744
31522.94,99.5,7.8744
31523.95,103.5,7.8745
31524.95,99.5,7.8745
31525.96,100.5,7.8745
31526.97,101.5,7.8745
31527.97,101.5,7.8745
31528.98,100.5,7.8747
31529.98,117.4,7.8747
31530.99,101.6,7.8747
31531.99,99.5,7.8747
31533.0,100.5,7.8749
31534.0,102.6,7.8749
31535.01,99.5,7.8749
31536.01,101.6,7.8749
31537.02,187.0,7.8756
31538.02,202.9,7.8803
31539.03,100.5,7.8803
31540.03,101.5,7.8803
31541.04,100.5,7.8803
31542.04,105.4,7.8753
31543.05,100.5,7.8753
31544.05,111.4,7.8754
31545.06,101.5,7.8754
31546.06,100.5,7.8754
31547.07,100.5,7.8754
31548.07,102.5,7.8754
31549.08,99.5,7.8754
31550.08,102.6,7.8757
31551.09,117.4,7.8758
31552.09,101.5,7.8758
31553.1,100.5,7.8758
31554.1,100.5,7.8758
31555.11,195.9,7.8806
31556.11,106.4,7.8823
31557.12,101.5,7.8759
31558.12,101.5,7.8759
31559.13,100.5,7.8759
31560.13,100.5,7.8759
31561.14,100.5,7.8759
31562.14,100.5,7.8759
31563.15,105.5,7.8759
31564.15,99.5,7.8759
31565.16,104.5,7.8759
31566.16,99.5,7.8759
31567.17,101.5,7.8759
31568.17,99.5,7.8759
31569.18,100.5,7.8759
31570.18,100.5,7.8759
31571.19,100.5,7.8759
31572.19,100.6,7.8759
31573.2,100.5,7.8759
31574.2,100.5,7.8759
31575.21,100.5,7.8759
31576.21,99.5,7.8759
31577.22,102.5,7.8759
31578.22,100.5,7.8762
31579.23,101.5,7.8762
31580.23,101.5,7.8762
31581.24,100.5,7.8762
31582.25,99.5,7.8762
31583.25,109.4,7.8763
31584.26,99.5,7.8763
31585.26,101.5,7.8763
31586.27,100.5,7.8763
31587.27,100.5,7.8763
31588.28,101.5,7.8763
31589.28,101.5,7.8763
31590.29,99.5,7.8763
31591.29,100.5,7.8763
31592.3,101.5,7.8763
31593.3,100.5,7.8766
31594.31,100.5,7.8766
31595.31,100.5,7.8766
31596.32,101.5,7.8766
31597.32,100.5,7.8766
31598.33,100.5,7.8766
31599.33,101.5,7.8766
31600.34,100.5,7.8766
31601.35,99.5,7.8766
31602.35,101.5,7.8766
31603.36,99.5,7.8766
31604.36,99.5,7.8766
31605.37,101.5,7.8766
31606.37,101.5,7.8766
31607.38,100.5,7.8766
31608.38,100.5,7.8766
31609.39,100.5,7.8766
31610.39,99.5,7.8766
31611.4,100.5,7.8766
31612.4,101.5,7.8766
31613.41,99.5,7.8766
31614.41,101.5,7.8766
31615.42,102.6,7.8766
31616.42,100.5,7.8766
31617.43,99.5,7.8766
31618.43,102.5,7.8766
31619.44,100.5,7.8766
31620.44,101.5,7.8766
31621.45,99.5,7.8766
31622.45,101.5,7.8768
31623.46,100.5,7.8768
31624.47,100.5,7.8768
31625.47,99.5,7.8768
31626.48,101.5,7.8768
31627.48,100.5,7.8768
31628.49,100.5,7.8768
31629.49,99.5,7.8768
31630.5,99.5,7.8768
31631.5,101.5,7.8768
31632.51,100.5,7.8768
31633.51,100.5,7.8771
31634.52,100.5,7.8771
31635.52,99.5,7.8771
31636.53,100.2,7.8771
31637.54,99.5,7.8771
31638.54,102.5,7.8771
31639.55,100.5,7.8771
31640.55,100.5,7.8771
31641.56,100.5,7.8771
31642.56,101.5,7.8771
31643.57,99.5,7.8771
31644.57,101.5,7.8771
31645.58,100.5,7.8771
31646.59,103.4,7.8771
31647.59,100.5,7.8771
31648.6,99.5,7.8771
31649.6,99.5,7.8771
31650.61,100.5,7.8771
31651.61,100.5,7.8771
31652.62,100.5,7.8771
31653.62,100.5,7.8771
31654.63,100.6,7.8771
31655.63,101.5,7.8771
31656.64,100.5,7.8771
31657.64,99.5,7.8771
31658.65,100.5,7.8771
31659.65,100.5,7.8771
31660.66,102.5,7.8771
31661.66,100.5,7.8771
31662.67,100.5,7.8771
31663.67,101.5,7.8773
31664.68,99.5,7.8773
31665.68,101.5,7.8773
31666.69,100.4,7.8773
31667.69,99.5,7.8773
31668.7,101.5,7.8773
31669.7,99.5,7.8773
31670.71,99.6,7.8773
31671.71,102.6,7.8773
31672.71,100.5,7.8776
31673.72,100.5,7.8776
31674.73,99.5,7.8776
31675.73,100.6,7.8776
31676.73,99.5,7.8776
31677.74,101.5,7.8776
31678.75,110.4,7.8776
31679.75,101.5,7.8776
31680.76,100.5,7.8776
31681.76,100.5,7.8776
31682.77,100.5,7.8776
31683.77,100.5,7.8776
31684.78,100.5,7.8776
31685.78,100.5,7.8776
31686.79,101.5,7.8776
31687.79,99.5,7.8776
31688.8,99.5,7.8776
31689.8,100.5,7.8776
31690.81,102.5,7.8776
31691.81,100.5,7.8776
31692.82,99.5,7.8776
31693.82,100.5,7.8776
31694.83,99.5,7.8776
31695.83,102.5,7.8776
31696.84,98.5,7.8776
31697.85,101.5,7.8776
31698.85,100.7,7.8776
31699.85,100.5,7.8776
31700.86,101.5,7.8776
31701.86,100.5,7.8776
31702.87,100.7,7.8776
31703.87,100.5,7.8776
31704.88,99.5,7.8776
31705.88,101.5,7.8776
31706.89,100.5,7.8776
31707.89,100.5,7.8776
31708.89,100.7,7.8776
31709.9,99.5,7.8776
31710.91,101.5,7.8776
31711.91,100.5,7.8776
31712.92,100.5,7.8776
31713.92,100.5,7.8776
31714.93,101.5,7.8776
31715.93,99.7,7.8776
31716.93,101.5,7.8776
31717.94,101.5,7.8778
31718.94,99.7,7.8781
31719.95,100.5,7.8781
31720.95,99.5,7.8781
31721.96,101.5,7.8781
31722.96,99.5,7.8781
31723.97,100.5,7.8781
31724.97,100.5,7.8781
31725.98,101.5,7.8781
31726.99,100.5,7.8781
31727.99,100.5,7.8781
31729.0,100.5,7.8781
31730.0,99.5,7.8781
31731.01,101.5,7.8781
31732.01,100.5,7.8781
31733.02,99.5,7.8781
31734.02,100.5,7.8781
31735.03,100.5,7.8781
31736.03,99.5,7.8781
31737.04,100.5,7.8781
31738.04,101.4,7.8781
31739.05,100.7,7.8781
31740.05,101.5,7.8781
31741.06,99.5,7.8781
31742.06,101.5,7.8781
31743.07,100.5,7.8783
31744.07,100.5,7.8783
31745.08,101.4,7.8783
31746.08,101.5,7.8783
31747.09,101.3,7.8783
31748.1,99.5,7.8783
31749.1,99.5,7.8783
31750.11,101.5,7.8783
31751.11,101.5,7.8783
31752.12,100.4,7.8783
31753.12,101.5,7.8783
31754.13,99.5,7.8783
31755.13,100.5,7.8783
31756.14,99.5,7.8783
31757.14,101.5,7.8783
31758.15,100.5,7.8783
31759.15,100.5,7.8783
31760.16,99.5,7.8783
31761.16,99.5,7.8783
31762.17,100.5,7.8783
31763.17,101.5,7.8786
31764.18,99.5,7.8786
31765.18,101.5,7.8786
31766.19,102.5,7.8786
31767.19,99.5,7.8786
31768.2,101.5,7.8786
31769.21,99.5,7.8786
31770.21,99.6,7.8786
31771.21,100.5,7.8786
31772.22,102.5,7.8786
31773.23,100.5,7.8786
31774.23,100.6,7.8786
31775.23,100.5,7.8786
31776.24,100.5,7.8786
31777.25,102.5,7.8786
31778.25,99.5,7.8786
31779.26,101.5,7.8786
31780.26,99.5,7.8786
31781.27,99.5,7.8786
31782.27,100.6,7.8786
31783.27,101.5,7.8786
31784.28,99.5,7.8786
31785.28,101.5,7.8786
31786.29,113.7,2.5681
31787.29,307.4,2.784
31788.3,321.3,2.9641
31789.3,350.0,3.1602
31790.3,337.0,3.4675
31791.31,315.6,3.7893
31792.31,309.3,4.083
31793.32,315.3,4.3932
31794.32,275.6,4.7749
31795.33,129.3,5.2341
31796.33,116.4,5.6986
31797.34,116.4,6.1735
31798.34,118.4,6.6703
31799.35,103.5,7.1597
31800.35,138.3,7.5721
31801.36,100.6,7.6211
31802.36,102.5,7.6211
31803.37,99.5,7.6213
31804.37,100.5,7.631
31805.38,100.6,7.7214
31806.38,100.5,7.7214
31807.39,101.4,7.7219
31808.39,100.5,7.7219
31809.4,100.5,7.7219
31810.4,121.4,7.8783
31811.41,101.5,7.8783
31812.41,101.6,7.8783
31813.42,101.5,7.8786
31814.42,101.5,7.8786
31815.43,100.6,7.8787
31816.43,100.5,7.8787
31817.44,100.5,7.8787
31818.44,123.4,7.8791
31819.45,100.5,7.8791
31820.45,101.5,7.8791
31821.46,100.5,7.8791
31822.46,99.6,7.8791
31823.47,100.5,7.8791
31824.47,101.5,7.8791
31825.48,101.5,7.8791
31826.48,117.4,7.8791
31827.49,100.4,7.8791
31828.49,101.5,7.8791
31829.5,99.5,7.8791
31830.51,100.5,7.8791
31831.51,100.6,7.8791
31832.52,101.3,7.8791
31833.52,125.3,7.8794
31834.53,101.5,7.8794
31835.53,100.5,7.8794
31836.54,102.5,7.8794
31837.54,99.4,7.8794
31838.55,100.5,7.8794
31839.55,100.5,7.8794
31840.56,100.5,7.8737
31841.56,102.5,7.8737
31842.57,122.3,7.9821
31843.57,100.5,7.9791
31844.58,102.5,7.9791
31845.59,99.5,7.9791
31846.59,100.5,7.9791
31847.6,99.5,7.9791
31848.6,100.5,7.9791
31849.61,100.5,7.9791
31850.61,102.5,7.9792
31851.62,109.4,7.9792
31852.62,100.4,8.4427
31853.63,99.5,8.8588
31854.63,143.3,9.2896
31855.64,101.5,9.2874
31856.64,101.5,9.2874
31857.65,100.4,9.2874
31858.65,100.7,9.2874
31859.66,100.5,9.2874
31860.66,109.6,9.2877
31861.67,243.7,9.2885
31862.67,139.2,9.2902
31863.68,100.5,9.2904
31864.68,111.4,9.2904
31865.69,104.5,9.2913
31866.69,99.5,9.2913
31867.7,101.5,9.2913
31868.7,100.5,9.2913
31869.71,100.5,9.2913
31870.71,101.5,9.2913
31871.72,101.5,9.2913
31872.72,99.5,9.2913
31873.73,100.5,9.2913
31874.73,103.6,9.2913
31875.74,102.5,9.2916
31876.74,99.5,9.2916
31877.75,103.5,9.2916
31878.75,100.6,9.2916
31879.76,101.5,9.2916
31880.76,99.5,9.2916
31881.77,103.5,9.2916
31882.78,100.2,9.2916
31883.78,99.5,9.2916
31884.79,101.5,9.2916
31885.79,100.5,9.2916
31886.8,99.5,9.2916
31887.8,100.5,9.2916
31888.81,100.5,9.2919
31889.81,104.4,9.2919
31890.82,101.6,9.2919
31891.82,99.5,9.2919
31892.83,102.5,9.2921
31893.83,100.6,9.2924
31894.84,101.5,9.2924
31895.84,99.6,9.2924
31896.85,102.5,9.2924
31897.85,98.5,9.2924
31898.86,101.5,9.2924
31899.86,100.5,9.2924
31900.87,109.4,9.2924
31901.87,102.5,9.2924
31902.88,101.2,9.2927
31903.89,100.5,9.2927
31904.89,103.4,9.2927
31905.9,107.4,9.2927
31906.9,100.4,9.2927
31907.91,102.5,9.2927
31908.91,99.5,9.2927
31909.92,101.6,9.2927
31910.92,101.5,9.2927
31911.93,101.5,9.2927
31912.94,101.2,9.2927
31913.94,99.5,9.2927
31914.95,100.5,9.2927
31915.95,99.5,9.2927
31916.96,101.5,9.2927
31917.96,99.5,9.2927
31918.97,100.6,9.2927
31919.97,100.5,9.2927
31920.98,101.5,9.2927
31921.98,100.5,9.2927
31922.99,100.6,9.2927
31923.99,102.5,9.2927
31925.0,99.5,9.2927
31926.0,99.5,9.2927
31927.01,100.5,9.2927
31928.01,101.5,9.2927
31929.02,101.5,9.2927
31930.02,100.5,9.2927
31931.03,102.5,9.2927
31932.03,99.5,9.2927
31933.04,100.5,9.2927
31934.04,100.5,9.2927
31935.05,99.5,9.2927
31936.05,100.5,9.2927
31937.06,101.5,9.2927
31938.06,100.5,9.2927
31939.07,100.5,9.2927
31940.07,99.5,9.2927
31941.08,101.5,9.2927
31942.08,100.5,9.2927
31943.09,99.5,9.2927
31944.09,101.5,9.2927
31945.1,100.6,9.2927
31946.1,101.5,9.2927
31947.11,99.5,9.2927
31948.11,101.5,9.2929
31949.12,100.5,9.2929
31950.12,100.5,9.2929
31951.13,99.5,9.2929
31952.13,100.5,9.2929
31953.14,101.6,9.2929
31954.14,101.5,9.2929
31955.15,99.5,9.2929
31956.15,99.5,9.2929
31957.16,100.6,9.2929
31958.16,101.5,9.2929
31959.17,101.5,9.2929
31960.17,100.5,9.2929
31961.18,101.6,9.2929
31962.18,100.5,9.2929
31963.19,100.5,9.2932
31964.19,101.5,9.2932
31965.2,99.6,9.2932
31966.2,100.5,9.2932
31967.21,102.5,9.2932
31968.21,99.5,9.2932
31969.22,99.6,9.2932
31970.22,101.5,9.2932
31971.23,101.5,9.2932
31972.23,99.5,9.2932
31973.24,101.5,9.2932
31974.24,100.5,9.2934
31975.25,100.5,9.2934
31976.25,100.5,9.2934
31977.26,100.5,9.2934
31978.27,100.5,9.2934
31979.27,102.5,9.2955
31980.28,101.5,9.2955
31981.28,101.5,9.2955
31982.29,100.5,9.2955
31983.29,100.5,9.2955
31984.3,99.5,9.2955
31985.3,101.5,9.2955
31986.31,101.5,9.2955
31987.31,99.5,9.2955
31988.32,100.7,9.2955
31989.32,100.5,9.2955
31990.33,99.5,9.2955
31991.33,102.5,9.2955
31992.34,99.5,9.2955
31993.34,100.5,9.2957
31994.35,101.5,9.2957
31995.35,101.5,9.2957
31996.36,99.5,9.2957
31997.36,101.6,9.2957
31998.37,100.5,9.2957
31999.37,101.5,9.2957
32000.38,99.5,9.2957
32001.38,101.5,9.2957
32002.39,100.5,9.2957
32003.39,99.5,9.2957
32004.4,102.5,9.2957
32005.4,99.5,9.2957
32006.41,100.5,9.2957
32007.41,101.5,9.2957
32008.42,100.5,9.2957
32009.42,99.5,9.2957
32010.43,100.5,9.2957
32011.43,101.5,9.2957
32012.44,100.5,9.2957
32013.45,101.5,9.2957
32014.45,99.6,9.2957
32015.45,100.5,9.2957
32016.46,100.5,9.2957
32017.47,100.5,9.2957
32018.47,101.5,9.2957
32019.47,99.5,9.2957
32020.48,101.5,9.2957
32021.48,100.6,9.2957
32022.49,100.5,9.2957
32023.49,103.5,9.2957
32024.5,99.5,9.2957
32025.5,100.5,9.2957
32026.51,100.5,9.2957
32027.51,101.5,9.2957
32028.52,99.5,9.2957
32029.52,100.5,9.2957
32030.53,101.5,9.2957
32031.53,100.5,9.2957
32032.54,100.5,9.2957
32033.55,100.5,9.2957
32034.55,100.5,9.2957
32035.56,100.5,9.2957
32036.56,100.5,9.2957
32037.57,100.5,9.2957
32038.57,100.5,9.2957
32039.58,101.5,9.2957
32040.58,100.5,9.2957
32041.59,100.5,9.2957
32042.59,102.5,9.296
32043.6,100.5,9.2962
32044.6,99.5,9.2962
32045.61,101.5,9.2962
32046.61,99.6,9.2962
32047.62,100.5,9.2962
32048.62,100.5,9.2962
32049.63,102.5,9.2962
32050.63,100.5,9.2962
32051.64,99.5,9.2962
32052.64,100.6,9.2962
32053.65,101.5,9.2962
32054.65,100.5,9.2962
32055.66,99.5,9.2962
32056.66,101.5,9.2962
32057.67,99.5,9.2962
32058.67,101.5,9.2965
32059.68,100.5,9.2965
32060.68,100.5,9.2965
32061.69,101.5,9.2965
32062.69,99.5,9.2965
32063.7,100.5,9.2965
32064.71,100.5,9.2965
32065.71,101.6,9.2965
32066.71,101.5,9.2965
32067.72,99.5,9.2965
32068.72,101.5,9.2965
32069.73,100.5,9.2965
32070.73,100.6,9.2965
32071.74,99.5,9.2965
32072.74,101.5,9.2965
32073.75,100.5,9.2965
32074.75,101.6,9.2965
32075.76,100.4,9.2965
32076.76,100.5,9.2965
32077.77,100.5,9.2965
32078.77,101.5,9.2965
32079.78,100.5,9.2965
32080.78,99.5,9.2965
32081.79,101.5,9.2965
32082.79,99.5,9.2965
32083.8,100.4,9.2965
32084.81,101.5,9.2965
32085.81,101.5,9.2965
32086.82,102.6,2.617
32087.82,349.0,2.9353
32088.82,365.5,3.1449
32089.83,324.3,3.4664
32090.83,310.3,3.7701
32091.84,307.6,4.0269
32092.84,312.3,4.2339
32093.85,175.1,4.3733
32094.85,119.4,4.4226
32095.86,113.4,4.4686
32096.86,102.5,4.5066
32097.87,102.5,4.5485
32098.88,101.3,4.5806
32099.88,101.7,4.6057
32100.88,100.5,4.6268
32101.89,100.5,4.6452
32102.89,101.5,4.6591
32103.9,99.3,4.671
32104.91,101.5,4.6905
32105.91,101.5,4.7105
32106.92,100.5,4.723
32107.92,100.6,4.7357
32108.93,104.3,4.7505
32109.93,103.5,4.7673
32110.94,102.5,4.7852
32111.94,100.5,4.7981
32112.95,100.5,4.8147
32113.95,100.5,4.8305
32114.96,101.5,4.8433
32115.96,100.5,4.8589
32116.97,109.5,4.8728
32117.97,101.5,4.8886
32118.98,100.5,4.9027
32119.99,100.5,4.9181
32120.99,101.5,4.933
32122.0,101.5,4.9417
32123.0,100.5,4.9538
32124.01,107.4,4.9649
32125.01,126.5,4.9806
32126.02,108.4,4.9996
32127.02,101.5,5.0139
32128.03,103.5,5.0282
32129.03,100.5,5.0484
32130.04,101.4,5.0659
32131.04,101.5,5.0806
32132.05,99.5,5.0932
32133.05,100.5,5.1162
32134.06,101.5,5.134
32135.06,100.5,5.1497
32136.07,102.5,5.1619
32137.07,99.5,5.1761
32138.08,100.5,5.1876
32139.08,101.5,5.2009
32140.09,100.5,5.204
32141.09,101.5,5.2067
32142.1,99.5,5.2087
32143.1,101.5,5.2114
32144.11,99.5,5.2139
32145.11,99.5,5.2177
32146.12,101.5,5.223
32147.12,100.7,5.2283
32148.13,101.5,5.2335
32149.13,101.5,5.2376
32150.14,100.3,5.241
32151.14,100.5,5.2468
32152.15,101.5,5.2523
32153.15,99.5,5.2578
32154.16,101.5,5.2629
32155.16,99.5,5.2685
32156.17,101.5,5.2741
32157.17,100.5,5.2786
32158.18,100.5,5.2839
32159.19,100.5,5.2893
32160.19,101.5,5.295
32161.2,100.5,5.2995
32162.2,100.5,5.3022
32163.21,100.5,5.306
32164.21,100.5,5.3091
32165.22,101.5,5.3124
32166.22,100.5,5.3146
32167.23,100.5,5.3186
32168.23,100.5,5.3218
32169.24,100.5,5.3247
32170.24,100.5,5.3277
32171.25,101.5,5.3312
32172.25,99.5,5.334
32173.26,101.5,5.3378
32174.26,101.5,5.341
32175.27,99.5,5.344
32176.27,101.5,5.3475
32177.28,100.5,5.3512
32178.28,100.5,5.3547
32179.29,99.5,5.3586
32180.29,104.5,5.3643
32181.3,99.5,5.3698
32182.3,99.6,5.3753
32183.31,101.5,5.3794
32184.31,100.5,5.385
32185.32,100.5,5.3903
32186.32,101.5,5.3957
32187.33,100.5,5.3988
32188.33,100.5,5.4022
32189.34,100.5,5.4055
32190.34,101.5,5.4086
32191.35,99.5,5.4132
32192.35,100.5,5.4177
32193.36,101.5,5.4219
32194.36,99.6,5.4253
32195.37,101.5,5.4281
32196.37,101.5,5.4314
32197.38,99.5,5.4363
32198.39,100.5,5.4408
32199.39,101.5,5.4453
32200.4,101.5,5.4491
32201.4,101.5,5.4536
32202.41,99.5,5.4575
32203.41,100.5,5.462
32204.42,100.3,5.4664
32205.42,101.5,5.4699
32206.43,100.5,5.4742
32207.43,100.5,5.4787
32208.44,100.5,5.4824
32209.44,101.5,5.4872
32210.45,100.5,5.4904
32211.45,101.5,5.4933
32212.46,100.5,5.4958
32213.46,101.5,5.4983
32214.47,100.4,5.5014
32215.48,99.5,5.5041
32216.48,99.5,5.5063
32217.49,100.5,5.5089
32218.49,102.5,5.5117
32219.5,101.4,5.5144
32220.5,100.5,5.5172
32221.51,100.5,5.5195
32222.51,99.5,5.522
32223.52,102.6,5.5245
32224.52,100.4,5.5275
32225.53,100.5,5.5303
32226.53,100.5,5.5328
32227.54,100.5,5.536
32228.54,100.5,5.5385
32229.55,100.5,5.5415
32230.55,101.5,5.5445
32231.56,100.5,5.5478
32232.56,101.5,5.5505
32233.57,99.5,5.5537
32234.58,102.2,5.5585
32235.58,100.5,5.5632
32236.59,99.5,5.5677
32237.59,101.5,5.5713
32238.6,107.4,5.5742
32239.6,100.4,5.579
32240.61,102.5,5.5833
32241.61,100.5,5.5876
32242.62,99.5,5.5911
32243.62,102.6,5.5935
32244.63,99.5,5.5954
32245.63,99.5,5.5985
32246.64,103.5,5.6013
32247.64,99.5,5.6048
32248.65,100.5,5.608
32249.66,100.4,5.611
32250.66,99.5,5.614
32251.66,101.5,5.6169
32252.67,100.5,5.6198
32253.68,100.5,5.6225
32254.68,99.4,5.6249
32255.69,101.5,5.6282
32256.69,101.5,5.6307
32257.7,100.5,5.6338
32258.7,101.5,5.6365
32259.71,100.5,5.6384
32260.71,100.5,5.6409
32261.72,99.5,5.6431
32262.72,100.5,5.646
32263.73,100.5,5.6486
32264.73,101.5,5.6508
32265.74,99.5,5.6526
32266.74,100.5,5.6551
32267.75,100.5,5.6569
32268.75,99.5,5.6592
32269.76,102.5,5.6612
32270.76,100.6,5.663
32271.77,102.5,5.6645
32272.77,100.5,5.667
32273.78,99.5,5.6694
32274.78,101.5,5.6714
32275.79,99.5,5.675
32276.79,100.5,5.678
32277.8,99.5,5.681
32278.8,101.5,5.6843
32279.81,101.5,5.6875
32280.81,100.5,5.6904
32281.82,99.5,5.6928
32282.82,101.5,5.6965
32283.83,99.5,5.6995
32284.83,101.5,5.7029
32285.84,102.5,5.7057
32286.85,99.5,5.7092
32287.85,100.4,5.712
32288.86,99.5,5.7147
32289.86,102.5,5.7172
32290.87,100.5,5.7188
32291.87,99.5,5.721
32292.88,101.5,5.7225
32293.88,99.5,5.7248
32294.89,100.4,5.7263
32295.89,100.5,5.7283
32296.9,101.5,5.73
32297.9,100.5,5.732
32298.91,100.5,5.7339
32299.91,100.5,5.7358
32300.92,101.5,5.738
32301.92,100.5,5.7395
32302.93,100.5,5.742
32303.93,102.5,5.7435
32304.94,100.5,5.7453
32305.94,99.5,5.7477
32306.95,101.5,5.7498
32307.95,114.5,5.7524
32308.96,99.5,5.7542
32309.96,100.5,5.7572
32310.97,100.5,5.7593
32311.97,100.6,5.7619
32312.98,101.5,5.7646
32313.98,100.5,5.7673
32314.99,100.2,5.77
32316.0,99.5,5.7727
32317.0,101.6,5.7752
32318.01,100.5,5.7779
32319.01,100.5,5.7825
32320.02,101.5,5.7857
32321.02,100.5,5.7899
32322.03,101.5,5.7934
32323.03,101.5,5.7957
32324.04,101.5,5.7989
32325.04,99.3,5.8019
32326.05,99.5,5.8063
32327.06,101.5,5.8085
32328.06,100.5,5.8109
32329.07,99.5,5.8131
32330.07,101.5,5.8158
32331.08,99.5,5.8183
32332.08,101.5,5.8207
32333.09,101.5,5.8234
32334.09,100.5,5.8265
32335.1,100.5,5.8309
32336.1,100.6,5.8333
32337.11,101.5,5.8379
32338.11,99.5,5.8406
32339.12,99.5,5.8428
32340.12,101.6,5.8459
32341.13,100.5,5.849
32342.13,101.5,5.8527
32343.14,101.5,5.8555
32344.14,100.5,5.858
32345.15,99.5,5.86
32346.15,102.5,5.8625
32347.16,99.5,5.8649
32348.16,100.5,5.8676
32349.17,100.5,5.8718
32350.17,101.5,5.8753
32351.18,99.6,5.8788
32352.18,101.5,5.8816
32353.19,100.5,5.8851
32354.19,100.5,5.8874
32355.2,100.5,5.8906
32356.2,101.5,5.8939
32357.21,100.5,5.8969
32358.21,99.5,5.8995
32359.22,101.5,5.9015
32360.22,99.5,5.904
32361.23,101.5,5.9063
32362.23,100.5,5.9103
32363.24,102.5,5.9139
32364.24,100.5,5.9169
32365.25,99.5,5.9206
32366.25,101.5,5.9226
32367.26,99.5,5.9249
32368.26,101.4,5.9287
32369.27,99.5,5.9321
32370.28,100.5,5.9356
32371.28,100.5,5.9374
32372.29,99.5,5.9397
32373.29,100.5,5.9437
32374.3,101.5,5.9472
32375.3,101.5,5.9499
32376.31,99.5,5.9537
32377.31,102.5,5.9562
32378.32,99.5,5.9585
32379.32,100.5,5.961
32380.33,101.5,5.9647
32381.33,100.5,5.9673
32382.34,99.5,5.9703
32383.34,101.5,5.9722
32384.35,99.5,5.9743
32385.35,101.5,5.9759
32386.36,100.6,2.5665
32387.36,307.4,2.7947
32388.37,345.9,2.9905
32389.37,366.8,3.1935
32390.38,323.3,3.481
32391.38,306.4,3.7731
32392.39,304.5,4.0224
32393.39,1.0,2.5555
32394.4,313.3,2.8311
32395.4,354.9,3.0076
32396.4,347.2,3.2935
32397.41,318.4,3.5912
32398.42,313.3,3.8641
32399.42,311.7,4.1278
32400.42,316.0,4.4814
32401.43,168.1,4.884
32402.43,158.2,5.2778
32403.44,141.3,5.6928
32404.44,115.4,6.1416
32405.45,108.4,6.59
32406.45,101.5,7.026
32407.46,158.5,7.5024
32408.46,0.0,2.5713
32409.46,319.8,2.7947
32410.47,330.1,2.9242
32411.47,349.9,3.092
32412.48,2.0,2.7515
32413.48,358.9,2.9419
32414.48,3400.2,2.6299
32415.48,340.0,2.9566
32416.49,373.2,3.2014
32417.49,334.3,3.5477
32418.5,315.5,3.8204
32419.5,311.4,4.0717
32420.51,314.5,4.3486
32421.51,305.4,4.6288
32422.52,304.4,4.8683
32423.53,301.4,5.0247
32424.53,301.7,5.1828
32425.54,302.3,5.3627
32426.54,307.6,5.497
32427.54,313.5,5.7183
32428.55,223.0,6.0184
32429.55,119.4,6.1998
32430.56,100.5,6.3318
32431.56,120.4,6.4336
32432.57,174.1,6.5471
32433.57,100.5,6.6111
32434.58,102.5,6.663
32435.58,152.2,6.7201
32436.59,119.4,6.7464
32437.59,100.5,6.7711
32438.6,101.5,6.7949
32439.6,100.5,6.8231
32440.61,101.5,6.8418
32441.61,100.7,6.8661
32442.62,107.5,6.8962
32443.62,102.5,6.9253
32444.63,101.5,6.9546
32445.63,100.5,6.9818
32446.64,101.3,7.0152
32447.65,109.4,7.0476
32448.65,106.5,7.0778
32449.65,100.5,7.1049
32450.66,102.5,7.1232
32451.67,99.5,7.1236
32452.67,101.6,7.1488
32453.67,99.6,7.1619
32454.68,100.5,7.1747
32455.68,102.5,7.1747
32456.69,108.4,7.1889
32457.69,101.5,7.2085
32458.7,99.5,7.2085
32459.7,100.5,7.2298
32460.71,100.5,7.2546
32461.71,99.5,7.2929
32462.72,101.5,7.2929
32463.72,99.5,7.3109
32464.73,101.5,7.3454
32465.73,99.5,7.3454
32466.74,102.5,7.3793
32467.74,100.5,7.3795
32468.75,101.5,7.413
32469.75,100.5,7.413
32470.76,99.6,7.4452
32471.76,101.5,7.4455
32472.77,99.5,7.4554
32473.77,101.5,7.4774
32474.78,107.6,7.5189
32475.78,136.3,7.6334
32476.79,99.5,7.6334
32477.79,101.5,7.6334
32478.8,100.5,7.6334
32479.8,100.5,7.6334
32480.81,101.5,7.6334
32481.81,100.5,7.6334
32482.82,99.5,7.6339
32483.82,101.5,7.6339
32484.83,100.5,7.6339
32485.83,100.5,7.6339
32486.84,99.5,7.6339
32487.84,102.5,7.6339
32488.85,99.5,7.6339
32489.85,100.5,7.6339
32490.86,101.5,7.6339
32491.86,101.5,7.6339
32492.87,101.5,7.6339
32493.87,100.5,7.6339
32494.88,99.5,7.6339
32495.88,101.5,7.6339
32496.89,99.5,7.6339
32497.89,102.5,7.6339
32498.9,100.5,7.6339
32499.9,104.5,7.6339
32500.91,114.4,7.6339
32501.91,101.4,7.6339
32502.92,100.5,7.6342
32503.92,100.5,7.6342
32504.93,103.5,7.6342
32505.93,99.5,7.6342
32506.94,100.6,7.6342
32507.94,105.5,7.6342
32508.95,101.5,7.6342
32509.95,99.5,7.6342
32510.96,101.5,7.6342
32511.96,100.5,7.6342
32512.97,101.5,7.6342
32513.97,99.5,7.6342
32514.98,100.5,7.6342
32515.98,101.5,7.6342
32516.99,101.5,7.6342
32517.99,101.5,7.6342
32519.0,99.5,7.6342
32520.0,103.5,7.6394
32521.01,99.5,7.6533
32522.01,101.5,7.6673
32523.02,100.5,7.6784
32524.02,99.5,7.6927
32525.03,99.5,7.711
32526.03,101.5,7.7278
32527.04,105.5,7.7342
32528.04,99.6,7.7342
32529.05,100.5,7.7342
32530.05,101.5,7.7342
32531.06,100.4,7.7342
32532.06,100.5,7.7342
32533.07,99.5,7.7342
32534.07,100.5,7.7342
32535.08,101.5,7.7342
32536.09,100.4,7.7342
32537.09,100.5,7.7342
32538.1,101.5,7.7342
32539.1,99.5,7.7342
32540.11,101.5,7.7342
32541.11,100.4,7.7342
32542.12,100.5,7.7342
32543.12,100.5,7.7342
32544.13,102.5,7.7342
32545.13,107.4,7.7342
32546.14,195.2,7.744
32547.14,102.6,7.744
32548.15,130.3,7.7443
32549.15,106.5,7.7443
32550.16,99.5,7.7443
32551.16,101.5,7.7443
32552.17,103.5,7.7443
32553.17,111.4,7.7443
32554.18,147.2,7.7443
32555.18,98.5,7.7443
32556.19,101.5,7.7443
32557.19,102.5,7.7443
32558.2,100.6,7.7443
32559.2,102.5,7.7443
32560.21,99.5,7.7443
32561.21,101.5,7.7443
32562.22,100.5,7.7443
32563.22,113.4,7.7446
32564.23,100.5,7.7446
32565.23,109.5,7.7446
32566.24,102.5,7.7446
32567.24,105.5,7.7446
32568.25,138.3,7.7448
32569.25,191.0,7.745
32570.26,100.5,7.745
32571.26,101.5,7.745
32572.27,99.5,7.745
32573.27,100.5,7.745
32574.28,100.5,7.745
32575.28,102.5,7.745
32576.29,99.5,7.745
32577.29,101.5,7.745
32578.3,104.5,7.745
32579.3,99.6,7.745
32580.31,100.5,7.745
32581.31,103.5,7.745
32582.32,99.5,7.745
32583.32,101.5,7.745
32584.33,100.5,7.745
32585.33,101.5,7.745
32586.34,100.5,7.745
32587.34,100.6,7.745
32588.35,100.5,7.745
32589.35,100.5,7.745
32590.36,100.5,7.745
32591.36,101.5,7.745
32592.37,100.5,7.745
32593.37,99.5,7.745
32594.38,101.5,7.745
32595.38,101.5,7.745
32596.39,100.5,7.745
32597.39,2.0,2.5602
32598.4,307.2,2.7761
32599.4,319.0,2.9355
32600.4,361.9,3.1662
32601.41,350.5,3.4782
32602.41,315.3,3.8091
32603.42,310.3,4.0856
32604.42,307.3,4.2711
32605.43,303.3,4.4919
32606.43,302.4,4.7441
32607.44,303.7,4.993
32608.44,301.4,5.2181
32609.45,294.4,5.351
32610.45,249.7,5.4562
32611.46,224.8,5.5762
32612.46,198.0,5.662
32613.47,135.3,5.808
32614.47,216.1,5.9238
32615.48,258.2,6.1098
32616.48,1.0,2.5328
32617.48,289.2,2.7483
32618.49,339.0,2.8461
32619.49,333.9,3.074
32620.5,280.5,3.3336
32621.5,137.3,3.6365
32622.51,129.3,3.8108
32623.51,171.1,3.8707
32624.52,224.8,3.9751
32625.52,146.3,4.0436
32626.53,110.4,4.147
32627.53,138.4,2.4736
32628.53,1.0,2.6811
32629.54,348.9,2.8657
32630.54,357.2,3.0697
32631.55,283.5,3.3327
32632.55,0.0,2.6557
32633.55,351.9,2.8921
32634.56,356.1,3.1487
32635.56,331.5,3.4277
32636.57,313.1,3.722
32637.58,314.3,4.04
32638.58,303.5,4.4729
32639.59,304.5,4.924
32640.59,304.4,5.4038
32641.6,319.6,5.7354
32642.6,121.4,6.1339
32643.61,123.4,6.5518
32644.61,242.7,7.0236
32645.62,208.9,7.4568
32646.62,144.2,7.7184
32647.63,109.4,7.6775
32648.63,125.4,7.6775
32649.64,102.5,7.6775
32650.64,99.6,7.6775
32651.65,115.3,7.6775
32652.65,99.5,7.6775
32653.66,101.5,7.6777
32654.66,122.4,7.6777
32655.68,106.3,7.7009
32656.68,115.4,7.8731
32657.69,101.5,7.8643
32658.69,102.5,7.8643
32659.7,102.5,7.8643
32660.7,101.5,7.8643
32661.71,101.5,7.8643
32662.71,106.5,7.8646
32663.72,100.5,7.8646
32664.72,102.5,7.8649
32665.73,122.4,7.8656
32666.73,103.5,7.8656
32667.74,100.5,7.8656
32668.74,101.5,7.8656
32669.75,107.5,7.8656
32670.75,100.5,7.8656
32671.76,100.5,7.8656
32672.76,101.5,7.8656
32673.77,119.4,7.8658
32674.78,100.5,7.8658
32675.78,103.5,7.8658
32676.79,99.5,7.8658
32677.79,101.5,7.8658
32678.8,99.5,7.8658
32679.8,101.5,7.8658
32680.81,100.5,7.8658
32681.81,101.5,7.8658
32682.82,116.4,7.8658
32683.82,100.5,7.8658
32684.83,102.5,7.8658
32685.83,99.5,7.8658
32686.84,99.5,7.8658
32687.84,99.5,7.8661
32688.85,101.5,7.8661
32689.85,101.5,7.8661
32690.86,100.5,7.864
32691.86,100.5,7.864
32692.87,121.4,7.9586
32693.87,101.5,7.9586
32694.88,100.5,7.9586
32695.88,99.5,7.9586
32696.89,101.5,7.9586
32697.89,100.5,7.9563
32698.9,100.5,7.9563
32699.9,101.5,7.9563
32700.91,100.5,7.9563
32701.91,100.5,8.0869
32702.92,101.5,8.5603
32703.92,100.5,8.9357
32704.93,140.3,9.3066
32705.93,100.5,9.3066
32706.94,99.5,9.3066
32707.94,100.5,9.3067
32708.95,100.5,9.3067
32709.95,99.5,9.3067
32710.96,101.5,9.3067
32711.96,101.5,9.3067
32712.97,102.6,9.3069
32713.97,100.5,9.3069
32714.98,100.6,9.3069
32715.98,107.4,9.3073
32716.99,99.5,9.3073
32717.99,101.5,9.3073
32719.0,101.5,9.3073
32720.0,100.5,9.3073
32721.01,99.5,9.3073
32722.01,101.5,9.3073
32723.02,100.5,9.3073
32724.02,100.5,9.3073
32725.03,101.5,9.3073
32726.03,100.5,9.3073
32727.04,101.4,9.3073
32728.05,100.5,9.3073
32729.05,100.5,9.3073
32730.06,101.5,9.3073
32731.06,100.5,9.3073
32732.07,100.5,9.3073
32733.07,100.5,9.3076
32734.08,99.5,9.3076
32735.08,101.5,9.3076
32736.09,101.5,9.3076
32737.09,99.5,9.3076
32738.1,101.5,9.3078
32739.1,100.5,9.3078
32740.11,101.5,9.3056
32741.11,99.5,9.3056
32742.12,101.5,9.3056
32743.12,101.5,9.3056
32744.13,100.5,9.3056
32745.13,102.5,9.3056
32746.14,99.4,9.3056
32747.14,102.5,9.3056
32748.15,99.5,9.3056
32749.15,101.5,9.3056
32750.16,101.5,9.3057
32751.16,100.5,9.3057
32752.17,100.4,9.3057
32753.18,104.5,9.3057
32754.18,100.5,9.3057
32755.19,99.5,9.3057
32756.19,101.5,9.3057
32757.2,100.4,9.3057
32758.2,101.5,9.3057
32759.21,99.5,9.3057
32760.21,100.5,9.3057
32761.22,100.5,9.3058
32762.22,102.4,9.3058
32763.23,99.5,9.3058
32764.23,101.5,9.3058
32765.24,100.5,9.3058
32766.25,100.5,9.3058
32767.25,101.4,9.3058
32768.26,99.5,9.3058
32769.26,100.5,9.3058
32770.27,102.5,9.3058
32771.27,100.5,9.3058
32772.28,100.5,9.306
32773.28,100.5,9.306
32774.29,100.5,9.306
32775.29,99.5,9.306
32776.3,100.5,9.306
32777.3,102.4,9.306
32778.31,113.4,9.306
32779.31,100.5,9.306
32780.32,101.5,9.306
32781.32,100.5,9.306
32782.33,101.4,9.306
32783.34,100.5,9.304
32784.34,100.5,9.304
32785.35,100.5,9.304
32786.35,100.5,9.304
32787.36,100.5,9.304
32788.36,101.5,9.304
32789.37,101.5,9.304
32790.37,99.5,9.304
32791.38,100.5,9.304
32792.38,100.4,9.304
32793.39,102.5,9.304
32794.39,99.5,9.304
32795.4,100.5,9.304
32796.4,99.5,9.304
32797.41,102.4,9.304
32798.41,100.5,9.304
32799.42,100.5,9.304
32800.42,100.5,9.304
32801.43,101.5,9.304
32802.44,102.4,9.304
32803.44,100.5,9.304
32804.44,100.6,9.304
32805.45,99.5,9.304
32806.45,102.5,9.304
32807.46,98.3,9.304
32808.47,101.5,9.304
32809.47,100.5,9.304
32810.48,101.5,9.304
32811.48,100.5,9.304
32812.49,99.4,9.304
32813.49,100.5,9.304
32814.5,102.5,9.3041
32815.5,99.5,9.3038
32816.51,99.5,9.3015
32817.51,101.6,9.3015
32818.52,101.6,9.3015
32819.52,100.6,9.3015
32820.53,99.5,9.3015
32821.53,101.5,9.3015
32822.54,101.5,9.3015
32823.54,100.5,9.3018
32824.55,102.5,9.3018
32825.55,100.5,9.3018
32826.56,100.5,9.3018
32827.56,99.5,9.3021
32828.57,101.5,9.3021
32829.57,100.5,9.2999
32830.58,99.5,9.2999
32831.58,100.5,9.2999
32832.59,101.2,9.2999
32833.6,99.7,9.2999
32834.6,100.5,9.2999
32835.6,99.7,9.2975
32836.61,100.8,9.2975
32837.61,101.5,9.2975
32838.62,99.5,9.2975
32839.62,100.5,9.2975
32840.63,101.6,9.2975
32841.63,100.6,9.2951
32842.63,99.5,9.2951
32843.64,100.5,9.2952
32844.64,100.6,9.2952
32845.65,102.5,9.2952
32846.66,100.5,9.2929
32847.66,99.5,9.2929
32848.67,100.5,9.2929
32849.67,101.5,9.2929
32850.68,99.5,9.2929
32851.68,99.5,9.2929
32852.69,102.5,9.291
32853.69,99.5,9.291
32854.7,100.5,9.2911
32855.7,100.5,9.2911
32856.71,102.5,9.2911
32857.71,102.5,9.2911
32858.72,99.5,9.2911
32859.72,101.5,9.2911
32860.73,99.5,9.2911
32861.73,100.5,9.2908
32862.74,100.5,9.2911
32863.74,100.5,9.2911
32864.75,100.5,9.2911
32865.75,100.5,9.2911
32866.76,100.5,9.2911
32867.77,100.5,9.2911
32868.77,100.5,9.2911
32869.78,100.5,9.2911
32870.78,99.5,9.2892
32871.79,100.5,9.2892
32872.79,101.5,9.2894
32873.8,101.5,9.2894
32874.8,100.6,9.2894
32875.81,99.5,9.2895
32876.81,100.5,9.2895
32877.82,102.5,9.2895
32878.82,100.5,9.2895
32879.83,99.5,9.2895
32880.83,102.5,9.2895
32881.84,100.5,9.2895
32882.84,100.5,9.2895
32883.85,99.5,9.2895
32884.85,100.6,9.2895
32885.86,102.5,9.2895
32886.86,99.5,9.2895
32887.87,100.5,9.2895
32888.87,101.5,9.2895
32889.88,102.5,9.2895
32890.89,99.5,9.2895
32891.89,135.3,9.2896
32892.9,199.9,9.2903
32893.9,103.5,9.2903
32894.91,103.5,9.2903
32895.91,101.5,9.2903
32896.92,102.5,9.2903
32897.92,104.5,9.2903
32898.93,100.5,9.2903
32899.93,98.5,9.2903
32900.94,102.5,9.2903
32901.94,100.5,9.2903
32902.95,101.2,9.2903
32903.96,99.5,9.2903
32904.96,100.5,9.2903
32905.97,101.5,9.2903
32906.97,100.5,9.2906
32907.98,99.4,9.2906
32908.98,102.5,9.2906
32909.99,100.5,9.2906
32910.99,102.5,9.2906
32912.0,100.5,9.2906
32913.0,99.5,9.2906
32914.01,100.5,9.2906
32915.01,101.5,9.2906
32916.02,99.5,9.2906
32917.02,100.5,9.2906
32918.03,100.5,9.2908
32919.03,100.5,9.2908
32920.04,100.5,9.2911
32921.05,99.5,9.2911
32922.05,100.6,9.2911
32923.05,115.4,9.2912
32924.06,101.5,9.2912
32925.07,99.5,9.2912
32926.07,117.4,9.2912
32927.08,100.5,9.2913
32928.08,105.5,9.2913
32929.09,101.5,9.2913
32930.09,101.5,9.2913
32931.1,102.5,9.2913
32932.1,100.7,2.5325
32933.1,302.1,2.7389
32934.1,339.0,2.8888
32935.11,352.4,3.1205
32936.11,328.3,3.388
32937.12,316.5,3.7674
32938.12,308.4,4.1723
32939.13,304.5,4.5918
32940.13,306.4,5.0201
32941.14,307.4,5.4296
32942.15,319.3,5.6802
32943.15,302.7,5.7463
32944.15,250.7,5.8202
32945.16,118.4,5.8968
32946.16,105.5,5.9398
32947.17,113.4,5.9682
32948.18,103.5,5.9959
32949.18,100.5,6.0243
32950.19,102.5,6.0475
32951.19,100.5,6.066
32952.2,101.5,6.0866
32953.2,102.5,6.1106
32954.2,100.7,6.1355
32955.21,101.5,6.1536
32956.21,104.5,6.1736
32957.22,100.5,6.1919
32958.22,103.5,6.215
32959.23,101.5,6.2344
32960.23,99.5,6.2605
32961.24,101.5,6.2811
32962.24,102.5,6.2986
32963.25,101.5,6.313
32964.25,102.5,6.3297
32965.26,115.4,6.3468
32966.26,100.5,6.3647
32967.27,100.5,6.3777
32968.27,100.5,6.3929
32969.28,100.5,6.4037
32970.28,100.5,6.417
32971.29,105.5,6.4305
32972.29,99.5,6.4492
32973.3,101.5,6.4601
32974.3,100.5,6.4725
32975.31,100.5,6.4877
32976.31,100.5,6.501
32977.32,105.5,6.5124
32978.32,99.5,6.5152
32979.33,101.5,6.5267
32980.33,99.5,6.5467
32981.34,99.5,6.5612
32982.34,100.5,6.5776
32983.35,101.5,6.587
32984.35,100.5,6.5965
32985.36,101.5,6.6104
32986.36,101.5,6.6226
32987.37,103.5,6.6335
32988.37,100.5,6.6465
32989.38,99.5,6.6585
32990.38,102.5,6.6689
32991.39,101.5,6.6778
32992.39,99.5,6.6881
32993.4,100.5,6.697
32994.4,100.5,6.7074
32995.41,100.5,6.7152
32996.41,101.5,6.7263
32997.42,101.6,6.7328
32998.42,100.6,6.7408
32999.43,99.6,6.7504
33000.43,101.5,6.7587
33001.44,101.5,6.7684
33002.44,100.5,6.7772
33003.45,100.3,6.7897
33004.45,101.5,6.793
33005.46,100.6,6.8029
33006.46,99.5,6.8102
33007.47,100.5,6.8198
33008.48,101.3,6.8281
33009.48,99.5,6.8366
33010.49,101.5,6.8458
33011.49,100.6,6.8539
33012.49,100.5,6.8664
33013.5,100.3,6.8707
33014.51,101.5,6.8795
33015.51,99.5,6.8881
33016.52,100.5,6.8976
33017.52,101.5,6.9054
33018.53,101.4,6.9164
33019.53,100.5,6.9227
33020.54,99.6,6.9308
33021.54,101.5,6.9402
33022.55,99.5,6.9481
33023.55,101.3,6.9578
33024.56,101.5,6.9661
33025.56,104.5,6.9796
33026.57,100.5,6.9821
33027.57,101.5,6.9924
33028.58,100.4,7.0014
33029.59,101.6,7.0122
33030.59,101.5,7.0212
33031.6,99.5,7.032
33032.6,100.5,7.0402
33033.61,101.3,7.0502
33034.61,101.5,7.0594
33035.62,99.5,7.0723
33036.62,101.5,7.0751
33037.63,100.5,7.0856
33038.63,100.5,7.0951
33039.64,101.5,7.1061
33040.64,99.5,7.1157
33041.65,102.5,7.1257
33042.65,100.5,7.1355
33043.66,100.5,7.1458
33044.66,100.5,7.1559
33045.67,99.5,7.1644
33046.67,101.5,7.1744
33047.68,99.5,7.1835
33048.68,100.5,7.1938
33049.69,100.5,7.2018
33050.69,100.5,7.2123
33051.7,100.5,7.2202
33052.7,100.5,7.2308
33053.71,101.5,7.2387
33054.71,101.5,7.2473
33055.72,100.5,7.2574
33056.72,102.5,7.2655
33057.73,99.6,7.2749
33058.73,100.5,7.2809
33059.74,101.5,7.2878
33060.74,100.5,7.2981
33061.75,99.5,7.3055
33062.75,102.5,7.3153
33063.76,100.4,7.3236
33064.76,100.5,7.3334
33065.77,100.5,7.3419
33066.77,102.5,7.3505
33067.78,100.5,7.3608
33068.79,100.4,7.3688
33069.79,99.5,7.3791
33070.8,101.5,7.3861
33071.8,101.5,7.3964
33072.81,100.5,7.4045
33073.81,100.3,7.4117
33074.82,100.5,7.4204
33075.82,101.5,7.4261
33076.83,100.5,7.4349
33077.83,99.5,7.4423
33078.84,101.4,7.4502
33079.84,101.5,7.4587
33080.85,100.5,7.4649
33081.85,99.6,7.4732
33082.86,100.5,7.4802
33083.86,101.4,7.4873
33084.87,99.5,7.4956
33085.87,100.5,7.5012
33086.88,101.5,7.51
33087.88,101.5,7.5167
33088.89,100.4,7.5239
33089.9,100.5,7.5322
33090.9,101.5,7.5374
33091.91,99.5,7.5449
33092.91,138.3,7.6546
33093.92,100.5,7.6547
33094.92,99.5,7.6547
33095.93,101.5,7.6547
33096.93,99.5,7.6547
33097.94,101.5,7.6547
33098.94,99.5,7.6547
33099.95,102.5,7.6547
33100.95,99.5,7.6547
33101.96,100.5,7.6547
33102.96,116.4,7.6549
33103.97,99.5,7.6549
33104.97,101.5,7.6549
33105.98,100.5,7.6619
33106.98,101.5,7.6712
33107.99,101.5,7.6797
33108.99,100.5,7.6875
33110.0,101.5,7.6971
33111.0,99.7,7.7048
33112.01,118.4,7.7059
33113.01,100.6,7.7059
33114.02,100.3,7.7059
33115.02,100.5,7.7059
33116.03,101.5,7.7059
33117.03,99.5,7.7059
33118.04,101.5,7.7059
33119.04,100.5,7.7059
33120.05,99.5,7.7059
33121.05,102.5,7.7059
33122.06,99.5,7.7059
33123.06,101.5,7.7059
33124.07,100.4,7.7059
33125.07,100.5,7.7059
33126.08,100.5,7.7059
33127.08,99.5,7.7059
33128.09,103.3,7.7059
33129.1,100.5,7.7059
33130.1,100.5,7.7059
33131.11,99.5,7.7059
33132.11,100.5,7.7059
33133.12,100.5,7.7059
33134.12,100.6,7.7059
33135.13,100.5,7.7059
33136.13,99.5,7.7059
33137.14,101.5,7.7059
33138.14,100.5,7.7059
33139.15,101.5,7.7059
33140.15,100.5,7.7059
33141.16,99.5,7.7059
33142.16,101.5,7.7059
33143.17,101.5,7.7059
33144.17,100.5,7.7059
33145.18,99.6,7.7059
33146.18,101.6,7.7059
33147.19,100.6,7.7059
33148.19,99.5,7.7059
33149.2,100.2,7.7059
33150.2,102.5,7.7059
33151.21,101.5,7.7059
33152.21,100.5,7.7059
33153.22,100.5,7.7062
33154.23,100.4,7.7062
33155.23,99.5,7.7062
33156.23,100.5,7.7062
33157.24,101.5,7.7062
33158.24,99.6,7.7062
33159.25,100.5,7.7062
33160.25,101.5,7.7062
33161.26,99.5,7.7062
33162.26,101.5,7.7064
33163.27,101.5,7.7067
33164.27,100.5,7.7067
33165.28,100.5,7.7067
33166.28,99.5,7.7067
33167.29,100.7,7.7067
33168.29,100.5,7.7067
33169.3,101.3,7.7067
33170.31,100.5,7.7067
33171.31,100.5,7.7067
33172.32,101.5,7.7067
33173.32,100.5,7.7067
33174.33,100.4,7.7067
33175.33,100.5,7.7067
33176.34,100.5,7.7067
33177.34,100.5,7.7067
33178.35,101.6,7.7067
33179.35,100.3,7.7067
33180.36,100.5,7.7067
33181.36,100.5,7.7067
33182.37,99.5,7.7067
33183.37,102.5,7.7067
33184.38,99.5,7.7067
33185.38,101.5,7.7067
33186.39,100.5,7.7067
33187.39,100.5,7.7067
33188.4,99.5,7.7067
33189.4,102.5,7.7067
33190.41,99.5,7.7067
33191.41,102.5,7.7067
33192.42,99.5,7.7067
33193.42,100.5,7.7067
33194.43,100.4,7.7067
33195.43,99.5,7.7067
33196.44,101.5,7.7067
33197.44,100.5,7.7069
33198.45,100.5,7.7069
33199.45,101.4,7.7069
33200.46,100.5,7.7069
33201.46,100.5,7.7069
33202.47,100.5,7.7069
33203.48,102.5,7.7069
33204.48,99.5,7.7069
33205.49,100.5,7.7069
33206.49,100.5,7.7069
33207.5,99.5,7.7069
33208.5,100.5,7.7069
33209.51,102.5,7.7069
33210.51,99.5,7.7069
33211.52,99.6,7.7069
33212.52,100.6,7.7069
33213.52,101.5,7.7069
33214.53,101.4,7.7069
33215.54,99.5,7.7069
33216.54,101.5,7.7069
33217.55,99.6,7.7069
33218.55,101.5,7.7069
33219.56,100.5,7.7069
33220.56,101.5,7.7069
33221.57,99.5,7.7069
33222.57,100.6,7.7069
33223.57,101.5,7.7072
33224.58,100.4,7.7072
33225.59,101.5,7.7072
33226.59,100.5,7.7072
33227.6,100.5,7.7072
33228.6,101.5,7.7072
33229.61,99.5,7.7072
33230.61,102.5,7.7072
33231.62,100.5,7.7072
33232.62,0.0,2.6017
33233.62,321.2,2.8002
33234.63,354.3,3.0138
33235.63,335.3,3.3634
33236.64,312.4,3.7533
33237.64,311.6,4.1576
33238.64,311.0,4.5512
33239.65,326.7,4.9163
33240.66,149.2,5.3773
33241.66,115.4,5.852
33242.67,120.4,6.3391
33243.67,103.5,6.8253
33244.68,105.5,7.2992
33245.68,126.3,7.572
33246.69,114.4,7.572
33247.69,109.4,7.5682
33248.7,122.4,7.5683
33249.7,101.5,7.5955
33250.71,100.5,7.6683
33251.71,99.5,7.6683
33252.72,100.5,7.6683
33253.72,101.5,7.6685
33254.73,116.3,7.793
33255.73,100.5,7.793
33256.74,102.5,7.793
33257.74,107.4,7.793
33258.75,102.5,7.793
33259.76,99.4,7.7932
33260.76,99.5,7.7932
33261.77,101.5,7.7932
33262.77,101.5,7.7932
33263.78,119.4,7.794
33264.78,99.5,7.794
33265.79,100.5,7.794
33266.79,101.5,7.794
33267.8,100.5,7.794
33268.8,99.5,7.794
33269.81,99.6,7.794
33270.81,101.5,7.794
33271.82,101.5,7.794
33272.82,119.4,7.794
33273.83,100.6,7.794
33274.83,101.4,7.794
33275.84,100.5,7.794
33276.84,100.5,7.794
33277.85,100.5,7.794
33278.85,108.4,7.794
33279.86,100.5,7.794
33280.86,101.5,7.794
33281.87,114.4,7.7941
33282.87,101.5,7.7941
33283.88,100.6,7.7941
33284.88,101.4,7.7941
33285.89,101.5,7.7941
33286.89,100.5,7.7941
33287.9,100.5,7.7944
33288.9,100.5,7.7944
33289.91,100.4,7.7944
33290.92,117.3,7.8706
33291.92,99.5,7.8706
33292.92,101.6,7.8706
33293.93,99.5,7.8706
33294.93,99.6,7.8706
33295.94,101.5,7.8706
33296.94,106.5,7.8706
33297.95,99.5,7.8706
33298.95,100.6,7.8706
33299.96,99.5,8.276
33300.96,101.5,8.6869
33301.97,100.5,9.1517
33302.97,132.4,9.2845
33303.98,99.5,9.2845
33304.98,116.5,9.2846
33305.99,99.5,9.2846
33306.99,101.5,9.2846
33308.0,101.5,9.2846
33309.0,102.5,9.2846
33310.01,100.5,9.2846
33311.01,99.6,9.2846
33312.02,100.5,9.2846
33313.02,100.5,9.2846
33314.03,101.5,9.2851
33315.03,101.5,9.2851
33316.04,99.5,9.2851
33317.04,101.5,9.2851
33318.05,100.5,9.2851
33319.05,101.5,9.2851
33320.06,99.5,9.2851
33321.07,100.5,9.2851
33322.07,101.5,9.2851
33323.08,99.5,9.2854
33324.08,102.5,9.2854
33325.09,100.4,9.2854
33326.09,101.5,9.2854
33327.1,100.5,9.2854
33328.1,99.5,9.2854
33329.11,101.4,9.2854
33330.11,100.5,9.2854
33331.12,101.5,9.2854
33332.12,100.5,9.2854
33333.13,100.5,9.2859
33334.13,100.5,9.2859
33335.14,100.5,9.2859
33336.14,101.5,9.2859
33337.15,101.5,9.2859
33338.15,100.5,9.2859
33339.16,100.5,9.2859
33340.17,99.5,9.2859
33341.17,101.5,9.2859
33342.18,100.5,9.2859
33343.18,101.5,9.2859
33344.19,99.5,9.2859
33345.19,100.5,9.2859
33346.2,100.5,9.2859
33347.2,102.6,9.2859
33348.21,99.5,9.2859
33349.21,102.5,9.2859
33350.22,100.5,9.2859
33351.22,99.6,9.2859
33352.23,101.5,9.2859
33353.23,100.5,9.2859
33354.24,101.5,9.2859
33355.24,100.5,9.2859
33356.25,100.5,9.2859
33357.25,100.5,9.2859
33358.26,100.6,9.286
33359.26,100.5,9.286
33360.27,100.6,9.286
33361.27,99.5,9.286
33362.28,102.5,9.286
33363.28,100.5,9.286
33364.29,99.5,9.286
33365.29,101.7,9.286
33366.3,101.5,9.286
33367.3,100.5,9.286
33368.31,101.5,9.286
33369.31,99.5,9.286
33370.32,101.5,9.286
33371.32,100.5,9.286
33372.33,100.5,9.286
33373.33,99.5,9.286
33374.34,101.5,9.286
33375.34,100.5,9.286
33376.35,101.5,9.286
33377.35,101.5,9.286
33378.36,100.5,9.2863
33379.36,100.5,9.2863
33380.37,101.5,9.2866
33381.37,101.5,9.2866
33382.38,101.5,9.2866
33383.38,100.7,9.2866
33384.39,100.5,9.2866
33385.39,100.5,9.2866
33386.4,101.5,9.2866
33387.4,100.5,9.2866
33388.41,99.5,9.2866
33389.41,100.6,9.2866
33390.42,102.5,9.2866
33391.42,100.5,9.2866
33392.43,100.5,9.2866
33393.43,100.6,9.2866
33394.44,100.5,9.2866
33395.44,125.4,9.2867
33396.45,138.3,9.2889
33397.45,101.8,9.284
33398.46,100.3,9.284
33399.46,100.6,9.284
33400.47,100.5,9.284
33401.47,100.5,9.284
33402.47,112.8,9.284
33403.48,100.7,9.2842
33404.48,100.5,9.2842
33405.49,101.2,9.2842
33406.49,100.7,9.2842
33407.5,101.5,9.2842
33408.5,101.5,9.2842
33409.51,99.3,9.2842
33410.52,101.5,9.2842
33411.52,99.5,9.2842
33412.53,100.5,9.2842
33413.53,100.5,9.2842
33414.54,100.5,9.2842
33415.54,101.5,9.2824
33416.55,100.5,9.2824
33417.55,101.5,9.2826
33418.56,100.5,9.2826
33419.56,102.5,9.2826
33420.57,99.5,9.2826
33421.57,101.5,9.2829
33422.58,100.5,9.2812
33423.58,99.7,9.2812
33424.59,101.5,9.2812
33425.59,99.5,9.2812
33426.6,101.5,9.2812
33427.6,100.5,9.2812
33428.61,99.5,9.2812
33429.61,102.7,9.2812
33430.61,98.6,9.2812
33431.62,100.5,9.2812
33432.62,100.5,9.2812
33433.63,102.5,9.2797
33434.63,100.5,9.2797
33435.64,100.5,9.2797
33436.64,100.5,9.2797
33437.65,101.5,9.2797
33438.65,100.8,9.2797
33439.66,100.5,9.2797
33440.66,99.5,9.2797
33441.67,101.5,9.2797
33442.67,101.5,9.2797
33443.68,99.5,9.2797
33444.68,100.5,9.2797
33445.69,100.5,9.2776
33446.69,101.5,9.2776
33447.7,100.5,9.2776
33448.7,100.5,9.2776
33449.71,99.5,9.2776
33450.71,102.5,9.2776
33451.72,99.5,9.2776
33452.72,99.5,9.2776
33453.73,100.5,9.2776
33454.73,101.5,9.2776
33455.74,99.5,9.2776
33456.74,102.5,9.2776
33457.75,101.5,9.2778
33458.76,100.5,9.2778
33459.76,99.5,9.2778
33460.77,101.5,9.2778
33461.77,100.5,9.2778
33462.78,99.5,9.2778
33463.78,100.5,9.2778
33464.79,101.5,9.2778
33465.79,102.5,9.2778
33466.8,99.5,9.2778
33467.8,102.5,9.2778
33468.81,99.5,9.2778
33469.81,100.5,9.2778
33470.82,100.5,9.2778
33471.82,110.5,9.2765
33472.83,99.5,9.277
33473.83,100.5,9.277
33474.84,100.5,9.277
33475.84,100.6,9.277
33476.85,100.5,9.277
33477.85,100.5,9.277
33478.86,100.5,9.277
33479.86,100.6,9.277
33480.87,100.5,9.277
33481.87,100.5,9.277
33482.88,100.5,9.277
33483.88,100.6,9.277
33484.89,100.5,9.277
33485.89,101.5,9.277
33486.9,99.5,9.277
33487.9,101.5,9.277
33488.91,99.5,9.277
33489.91,102.5,9.277
33490.92,100.3,9.277
33491.92,101.5,9.277
33492.93,100.7,9.277
33493.93,100.5,9.277
33494.94,102.5,9.2753
33495.94,99.5,9.2753
33496.95,100.5,9.2753
33497.95,101.4,9.2753
33498.96,100.5,9.2753
33499.96,101.5,9.2753
33500.97,99.5,9.2753
33501.97,102.5,9.2753
33502.98,100.5,9.2756
33503.99,99.5,9.2756
33504.99,100.6,9.2756
33505.99,101.5,9.2756
33507.0,100.5,9.2756
33508.01,100.5,9.2756
33509.01,100.6,9.2756
33510.01,100.5,9.2756
33511.02,101.5,9.2756
33512.02,100.5,9.2756
33513.03,100.7,9.2756
33514.03,99.5,9.2745
33515.04,101.5,9.2745
33516.04,99.6,9.2745
33517.05,101.5,9.2745
33518.05,99.5,9.2747
33519.06,102.5,9.2747
33520.06,100.5,9.2747
33521.07,101.4,9.2747
33522.07,99.5,9.2747
33523.08,101.5,9.2747
33524.08,100.5,9.2747
33525.09,101.7,9.2747
33526.09,106.3,9.2747
33527.1,99.5,9.2747
33528.1,99.5,9.2747
33529.11,101.5,9.2747
33530.11,100.5,9.2747
33531.12,99.5,9.2747
33532.13,100.5,2.5358
33533.13,287.7,2.7541
33534.13,347.3,2.9641
33535.14,337.2,3.3161
33536.14,316.6,3.7088
33537.15,315.3,4.1003
33538.15,308.4,4.5154
33539.16,324.3,4.8258
33540.17,198.0,5.1267
33541.17,123.3,5.4599
33542.18,111.4,5.7732
33543.18,127.3,5.9932
33544.19,117.4,6.1799
33545.19,101.5,6.3731
33546.2,102.5,6.5683
33547.2,102.5,6.755
33548.21,100.5,6.9521
33549.21,101.6,7.1318
33550.22,103.5,7.3098
33551.22,130.2,7.5041
33552.23,101.5,7.5596
33553.23,103.5,7.6564
33554.24,110.4,7.6564
33555.24,101.5,7.6564
33556.25,102.5,7.6564
33557.25,101.5,7.6564
33558.26,99.5,7.6564
33559.26,100.5,7.6564
33560.27,101.5,7.6564
33561.27,101.5,7.6564
33562.28,99.5,7.6564
33563.28,102.5,7.6566
33564.29,100.5,7.6566
33565.29,100.5,7.6566
33566.3,137.3,7.6567
33567.3,100.5,7.6567
33568.31,99.5,7.6567
33569.31,101.5,7.6567
33570.32,100.5,7.6567
33571.32,101.5,7.6567
33572.33,109.5,7.6567
33573.33,99.5,7.6567
33574.34,101.5,7.6567
33575.35,101.5,7.6567
33576.35,100.5,7.6567
33577.36,99.5,7.6567
33578.36,104.5,7.6567
33579.37,100.5,7.6567
33580.37,100.5,7.6567
33581.38,100.5,7.6567
33582.38,99.5,7.6567
33583.39,102.5,7.6567
33584.39,100.5,7.6567
33585.4,100.5,7.6567
33586.4,100.5,7.6569
33587.41,101.5,7.6569
33588.41,100.5,7.6569
33589.42,99.6,7.6569
33590.42,100.5,7.6569
33591.43,102.5,7.6569
33592.43,100.5,7.6569
33593.44,99.5,7.6569
33594.44,99.6,7.6569
33595.45,102.5,7.6569
33596.45,100.4,7.6569
33597.46,99.5,7.6569
33598.46,101.5,7.6569
33599.47,101.5,7.6569
33600.47,99.5,7.6569
33601.48,101.6,7.6569
33602.48,99.5,7.6569
33603.49,100.5,7.6569
33604.49,118.4,7.6569
33605.5,100.6,7.6569
33606.5,100.5,7.6569
33607.51,101.5,7.6572
33608.51,99.5,7.6572
33609.52,100.6,7.6572
33610.52,101.5,7.6572
33611.53,99.5,7.6572
33612.53,100.7,7.6572
33613.54,102.5,7.6572
33614.54,103.5,7.6572
33615.55,100.5,7.6572
33616.55,100.5,7.6572
33617.56,102.5,7.6572
33618.56,99.6,7.6572
33619.57,100.5,7.6572
33620.57,99.5,7.6572
33621.58,100.5,7.6572
33622.58,101.6,7.6572
33623.59,99.5,7.6574
33624.59,103.5,7.6574
33625.6,100.5,7.6574
33626.6,100.5,7.6574
33627.61,99.5,7.6574
33628.61,101.5,7.6574
33629.62,105.5,7.6574
33630.62,101.5,7.6574
33631.63,100.5,7.6574
33632.63,100.5,7.6574
33633.64,100.5,7.6574
33634.64,100.5,7.6574
33635.65,99.5,7.6574
33636.65,100.5,7.6574
33637.66,119.6,7.7351
33638.66,100.5,7.7351
33639.67,100.5,7.7402
33640.67,99.6,7.7831
33641.67,100.5,7.7831
33642.68,102.5,7.7831
33643.69,101.5,7.7831
33644.69,99.6,7.7831
33645.69,101.5,7.7831
33646.7,100.3,7.7831
33647.71,100.5,7.7831
33648.71,100.5,7.7831
33649.72,101.5,7.7831
33650.72,99.5,7.7831
33651.73,102.5,7.7831
33652.73,100.5,7.7831
33653.74,100.5,7.7831
33654.74,99.6,7.7831
33655.75,101.5,7.7831
33656.75,99.5,7.7831
33657.76,100.5,7.7833
33658.76,100.5,7.7833
33659.77,100.5,7.7833
33660.77,102.5,7.7833
33661.78,100.5,7.7833
33662.78,99.6,7.7833
33663.79,101.5,7.7833
33664.79,101.5,7.7833
33665.8,99.5,7.7833
33666.8,101.5,7.7833
33667.81,100.5,7.7833
33668.81,100.5,7.7833
33669.82,100.5,7.7833
33670.82,99.5,7.7833
33671.83,102.5,7.7836
33672.83,100.5,7.7836
33673.84,100.5,7.7836
33674.84,99.5,7.7836
33675.85,100.5,7.7836
33676.85,100.5,7.7836
33677.86,102.5,7.7836
33678.86,99.5,7.7836
33679.87,101.5,7.7836
33680.87,100.5,7.7836
33681.88,99.5,7.7836
33682.88,101.5,7.7836
33683.89,100.5,7.7836
33684.89,99.5,7.7836
33685.9,100.5,7.7836
33686.9,101.5,7.7836
33687.91,100.5,7.7836
33688.91,100.5,7.7836
33689.92,99.5,7.7836
33690.92,100.5,7.7836
33691.93,100.5,7.7836
33692.93,102.5,7.7836
33693.94,99.5,7.7836
33694.94,101.5,7.7836
33695.95,99.6,7.7836
33696.95,100.5,7.7836
33697.96,100.5,7.7836
33698.96,101.5,7.7836
33699.97,100.5,7.7836
33700.97,99.5,7.7836
33701.98,100.5,7.7836
33702.98,101.5,7.7841
33703.99,100.5,7.7841
33704.99,99.5,7.7841
33706.0,100.6,7.7841
33707.0,101.5,7.7841
33708.01,99.5,7.7841
33709.01,101.5,7.7841
33710.02,101.5,7.7841
33711.02,100.5,7.7841
33712.03,100.5,7.7841
33713.03,101.5,7.7841
33714.04,99.5,7.7841
33715.04,100.5,7.7841
33716.05,100.5,7.7841
33717.05,100.5,7.7841
33718.06,100.5,7.7841
33719.06,100.5,7.7841
33720.07,99.5,7.7841
33721.07,101.5,7.7841
33722.08,100.6,7.7841
33723.08,99.5,7.7841
33724.09,100.5,7.7841
33725.09,101.5,7.7841
33726.1,100.5,7.7841
33727.1,100.5,7.7841
33728.11,101.5,7.7841
33729.11,99.5,7.7841
33730.12,101.5,7.7841
33731.12,99.5,7.7841
33732.13,99.5,7.7841
33733.13,102.5,7.7841
33734.14,101.5,7.7841
33735.14,100.5,7.7841
33736.15,100.5,7.7841
33737.15,100.5,7.7841
33738.16,117.5,7.7845
33739.16,101.5,7.7845
33740.17,101.5,7.7845
33741.17,99.6,7.7845
33742.18,100.2,7.7845
33743.19,102.5,7.7845
33744.19,99.5,7.7845
33745.2,99.5,7.7845
33746.2,100.5,7.7845
33747.21,100.5,7.7845
33748.21,101.5,7.7847
33749.22,100.5,7.7847
33750.22,100.5,7.7847
33751.23,139.3,7.7848
33752.23,115.4,7.7848
33753.24,101.5,7.7848
33754.24,101.5,7.7848
33755.25,104.5,7.7848
33756.25,100.7,7.7848
33757.26,100.5,7.7851
33758.26,101.5,7.7851
33759.27,101.5,7.7851
33760.27,102.5,7.7851
33761.28,101.5,7.7851
33762.28,100.5,7.7851
33763.29,99.5,7.7851
33764.29,100.4,7.7851
33765.3,102.5,7.7851
33766.3,100.5,7.7851
33767.31,100.5,7.7851
33768.31,100.5,7.7851
33769.32,101.5,7.7851
33770.33,100.5,7.7851
33771.33,100.5,7.7851
33772.34,100.5,7.7851
33773.34,99.5,7.7853
33774.35,101.5,7.7853
33775.35,101.5,7.7853
33776.36,99.5,7.7853
33777.36,99.3,7.7853
33778.37,101.5,7.7853
33779.37,100.5,7.7853
33780.38,102.5,7.7853
33781.38,99.5,7.7853
33782.39,100.5,7.7853
33783.39,101.5,7.7853
33784.4,100.5,7.7853
33785.41,101.5,7.7853
33786.41,100.5,7.7853
33787.42,99.5,7.7853
33788.42,101.5,7.7853
33789.43,101.5,7.7853
33790.43,100.5,7.7853
33791.44,99.5,7.7853
33792.44,100.5,7.7853
33793.45,101.5,7.7853
33794.45,101.5,7.7853
33795.46,100.5,7.7853
33796.46,100.5,7.7853
33797.47,100.5,7.7856
33798.47,100.5,7.7856
33799.48,99.6,7.7856
33800.48,101.5,7.7856
33801.49,101.5,7.7856
33802.49,100.7,7.7856
33803.5,101.5,7.7856
33804.5,101.5,7.7856
33805.51,100.5,7.7856
33806.51,99.5,7.7856
33807.52,100.5,7.7856
33808.52,101.5,7.7856
33809.53,100.6,7.7856
33810.53,100.5,7.7856
33811.54,100.5,7.7856
33812.54,99.5,7.7856
33813.55,100.5,7.7856
33814.55,101.5,7.7856
33815.56,100.5,7.7856
33816.56,99.5,7.7856
33817.57,100.5,7.7856
33818.57,100.5,7.7856
33819.58,101.5,7.7856
33820.58,100.4,7.7856
33821.59,101.5,7.7856
33822.6,100.1,7.7856
33823.6,100.5,7.7856
33824.61,102.5,7.7856
33825.61,100.5,7.7856
33826.62,100.5,7.7856
33827.62,100.5,7.7856
33828.63,100.5,7.7856
33829.63,100.5,7.7856
33830.64,101.5,7.7856
33831.64,100.5,7.7856
33832.65,0.0,2.6058
33833.65,330.0,2.779
33834.66,354.2,3.051
33835.66,321.3,3.4441
33836.66,327.6,3.7254
33837.67,1.0,2.597
33838.67,332.3,2.8672
33839.68,278.2,3.1039
33840.68,349.9,3.2841
33841.68,355.1,3.5291
33842.69,319.3,3.7544
33843.69,315.5,3.9974
33844.7,312.3,4.2451
33845.7,308.5,4.4805
33846.71,304.3,4.6703
33847.71,307.4,4.8129
33848.72,301.6,4.9619
33849.72,307.3,5.0422
33850.73,249.0,5.1118
33851.73,220.1,5.2107
33852.74,213.9,5.3075
33853.74,125.3,5.3796
33854.75,148.3,5.4464
33855.75,167.2,5.5311
33856.76,138.3,5.5871
33857.76,132.3,5.6524
33858.77,162.2,5.7457
33859.77,133.3,5.8014
33860.78,179.1,5.8829
33861.79,179.9,5.9711
33862.79,127.3,6.0277
33863.8,103.5,6.1406
33864.8,113.4,6.225
33865.81,107.4,6.2846
33866.81,106.4,6.3641
33867.82,137.3,6.4374
33868.82,109.4,6.5125
33869.83,101.5,6.5674
33870.83,106.5,6.6328
33871.84,103.5,6.7144
33872.84,104.5,6.7715
33873.85,117.4,6.8383
33874.85,100.5,6.8773
33875.86,105.5,6.9569
33876.86,118.4,7.0135
33877.87,112.4,7.0775
33878.87,137.3,7.1431
33879.88,107.5,7.2357
33880.88,215.3,7.523
33881.89,272.6,7.6884
33882.89,246.7,7.7912
33883.9,301.4,7.8383
33884.9,233.9,7.8455
33885.91,164.1,7.8478
33886.91,101.5,7.848
33887.92,102.5,7.8367
33888.92,192.0,7.8376
33889.93,208.9,7.8378
33890.93,200.9,7.8378
33891.94,234.8,8.1625
33892.95,100.5,8.1625
33893.95,101.5,8.1625
33894.96,99.5,8.1625
33895.96,102.5,8.1625
33896.97,103.5,8.1625
33897.97,99.5,8.1625
33898.98,99.5,8.1625
33899.98,101.5,8.1625
33900.99,145.2,8.1645
33901.99,101.5,8.1645
33903.0,102.5,8.1645
33904.0,99.5,8.1645
33905.01,100.5,8.1645
33906.01,99.5,8.1645
33907.02,101.5,8.1645
33908.02,100.5,8.1646
33909.03,100.5,8.1646
33910.03,144.3,8.1647
33911.04,100.5,8.1647
33912.04,100.5,8.1649
33913.05,100.5,8.1649
33914.05,100.5,8.1649
33915.06,101.6,8.1649
33916.06,100.7,8.1649
33917.07,115.4,8.1649
33918.07,107.6,8.1649
33919.07,130.5,8.166
33920.08,100.5,8.166
33921.08,101.5,8.166
33922.09,101.5,8.166
33923.09,106.5,8.1662
33924.1,100.5,8.1662
33925.1,100.5,8.1662
33926.11,100.5,8.1664
33927.11,100.5,8.1664
33928.12,144.3,8.3917
33929.12,100.5,8.3917
33930.13,101.5,8.3917
33931.13,100.5,8.3917
33932.14,100.5,8.3917
33933.14,100.5,8.392
33934.15,99.5,8.392
33935.15,101.5,8.392
33936.16,100.5,8.392
33937.16,101.5,8.3921
33938.17,99.5,8.8871
33939.17,170.5,9.2835
33940.18,118.4,9.3309
33941.18,100.5,9.3309
33942.19,100.5,9.3309
33943.19,100.5,9.3309
33944.2,101.5,9.3309
33945.2,100.5,9.3309
33946.21,100.5,9.3309
33947.21,101.5,9.3309
33948.22,99.5,9.3309
33949.22,101.5,9.3309
33950.23,99.5,9.3309
33951.23,100.5,9.3311
33952.24,101.5,9.3311
33953.24,101.5,9.3311
33954.25,99.5,9.3311
33955.25,102.5,9.3311
33956.26,99.5,9.3311
33957.26,99.5,9.3311
33958.27,100.6,9.3311
33959.27,101.5,9.3311
33960.28,106.5,9.3311
33961.28,99.5,9.3311
33962.29,100.5,9.3313
33963.29,100.5,9.3313
33964.3,100.5,9.3313
33965.3,99.5,9.3313
33966.31,99.5,9.3313
33967.31,102.6,9.3313
33968.31,100.5,9.3313
33969.32,101.5,9.3313
33970.32,100.5,9.3313
33971.33,99.5,9.3313
33972.33,102.5,9.3317
33973.34,100.5,9.3317
33974.35,100.5,9.3317
33975.35,100.6,9.3317
33976.35,99.6,9.3319
33977.36,100.5,9.3319
33978.36,101.5,9.3322
33979.37,100.5,9.3322
33980.37,100.5,9.3322
33981.38,100.5,9.3322
33982.38,102.5,9.3322
33983.39,100.5,9.3322
33984.4,100.5,9.3322
33985.4,100.5,9.3322
33986.41,100.5,9.3322
33987.41,101.5,9.3322
33988.42,99.5,9.3322
33989.42,100.5,9.3322
33990.43,100.6,9.3322
33991.43,101.5,9.3322
33992.44,101.5,9.3323
33993.44,101.5,9.3325
33994.45,99.5,9.3325
33995.45,99.5,9.3325
33996.46,100.5,9.3325
33997.46,101.5,9.3325
33998.47,100.5,9.3325
33999.47,99.5,9.3325
34000.48,100.5,9.3325
34001.48,100.5,9.3325
34002.49,102.5,9.3325
34003.49,100.5,9.3325
34004.5,101.5,9.3325
34005.5,101.5,9.3325
34006.51,100.5,9.3325
34007.51,100.5,9.3325
34008.52,99.5,9.3325
34009.52,101.5,9.3325
34010.53,100.5,9.3328
34011.53,100.5,9.3328
34012.54,101.5,9.3328
34013.55,100.5,9.3328
34014.55,116.5,9.3328
34015.55,101.5,9.3328
34016.56,99.5,9.3328
34017.57,99.5,9.3328
34018.57,100.5,9.3328
34019.58,102.5,9.3328
34020.58,100.5,9.3328
34021.59,100.5,9.3328
34022.59,100.5,9.3331
34023.6,100.5,9.3331
34024.6,101.5,9.3331
34025.61,100.5,9.3331
34026.61,99.5,9.3331
34027.62,100.5,9.3333
34028.62,102.5,9.3333
34029.63,99.5,9.3333
34030.63,99.5,9.3333
34031.64,102.5,9.3333
34032.64,100.5,9.3333
34033.65,100.5,9.3333
34034.65,101.5,9.3333
34035.66,101.5,9.3333
34036.66,100.5,9.3333
34037.67,100.5,9.3333
34038.67,99.5,9.3333
34039.68,102.5,9.3333
34040.68,99.5,9.3333
34041.69,100.5,9.3333
34042.69,101.5,9.3334
34043.7,100.5,9.3334
34044.71,101.5,9.3334
34045.71,100.6,9.3334
34046.71,100.5,9.3334
34047.72,99.5,9.3334
34048.73,102.5,9.3334
34049.73,100.5,9.3334
34050.74,100.5,9.3334
34051.74,99.5,9.3334
34052.75,100.5,9.3335
34053.75,102.5,9.3335
34054.76,99.5,9.3335
34055.76,101.5,9.3335
34056.77,101.5,9.3335
34057.77,100.5,9.3335
34058.78,100.5,9.3335
34059.78,100.5,9.3335
34060.79,100.5,9.3335
34061.79,99.5,9.3335
34062.8,101.5,9.3337
34063.8,100.5,9.3337
34064.81,99.5,9.3337
34065.81,101.4,9.3337
34066.82,99.5,9.3337
34067.82,102.5,9.3337
34068.83,100.5,9.3337
34069.83,101.5,9.3337
34070.84,101.5,9.3337
34071.84,99.5,9.3337
34072.85,101.5,9.3319
34073.86,100.5,9.3319
34074.86,98.5,9.3319
34075.87,100.5,9.3319
34076.87,101.5,9.3319
34077.88,99.5,9.3319
34078.88,101.5,9.3319
34079.89,100.5,9.3319
34080.89,100.5,9.3319
34081.9,101.5,9.3319
34082.9,101.5,9.3319
34083.91,102.5,9.3319
34084.91,101.5,9.3319
34085.92,101.5,9.3319
34086.92,99.5,9.3319
34087.93,100.5,9.3319
34088.93,100.5,9.3319
34089.94,99.5,9.3319
34090.94,101.5,9.3319
34091.95,100.5,9.3319
34092.95,100.5,9.3319
34093.96,100.5,9.3319
34094.96,101.5,9.3322
34095.97,101.5,9.3322
34096.98,100.5,9.3322
34097.98,101.5,9.3322
34098.98,99.7,9.3322
34099.99,100.5,9.3322
34100.99,100.5,9.3322
34102.0,100.8,9.3322
34103.0,101.5,9.3322
34104.01,100.5,9.3322
34105.01,100.4,9.3322
34106.02,100.5,9.3322
34107.02,100.5,9.3322
34108.03,100.6,9.3322
34109.03,100.5,9.3322
34110.04,100.5,9.3322
34111.04,100.5,9.3322
34112.05,100.5,9.3322
34113.05,100.5,9.3322
34114.06,101.5,9.3322
34115.06,99.5,9.3322
34116.07,102.5,9.3322
34117.07,99.5,9.3322
34118.08,101.5,9.3324
34119.08,100.5,9.3324
34120.09,100.5,9.3324
34121.09,101.5,9.3324
34122.1,99.5,9.3324
34123.1,99.5,9.3324
34124.11,102.5,9.3324
34125.11,99.5,9.3325
34126.12,101.5,9.3325
34127.12,99.5,9.3325
34128.13,102.5,9.3325
34129.13,100.5,9.3829
34130.14,100.5,9.3829
34131.14,101.5,9.3829
34132.15,100.5,9.3829
34133.15,100.5,9.3829
34134.16,101.5,9.3829
34135.17,100.5,9.3829
34136.17,100.5,9.3829
34137.17,103.6,2.5384
34138.18,295.1,2.7182
34139.18,315.1,2.8478
34140.19,332.3,3.1426
34141.19,313.5,3.4237
34142.19,2.0,2.6026
34143.2,324.4,2.7662
34144.2,4356.7,2.597
34145.2,317.2,2.7616
34146.2,356.9,2.9425
34147.21,2.0,2.5567
34148.21,284.1,2.7217
34149.21,324.0,2.8248
34150.22,2.0,2.6374
34151.22,328.9,2.7762
34152.22,0.0,2.5965
34153.23,334.1,2.7614
34154.23,2.0,2.5785
34155.23,318.1,2.7483
34156.24,1.0,2.5761
34157.24,312.1,2.7394
34158.24,3.0,2.5551
34159.25,300.4,2.7276
34160.25,1.0,2.5357
34161.26,305.0,2.718
34162.26,352.1,2.845
34163.26,2.0,2.6988
34164.27,0.0,2.5963
34165.27,341.4,2.7751
34166.27,0.0,2.4642
34167.28,285.5,2.7162
34168.28,346.4,2.8324
34169.29,0.0,2.5476
34170.29,294.6,2.7297
34171.29,340.9,2.8699
34172.3,1.0,2.5335
34173.3,301.0,2.7161
34174.31,1.0,2.5581
34175.31,316.5,2.735
34176.32,357.9,2.8931
34177.32,1.0,2.6296
34178.32,0.0,2.4801
34179.33,295.5,2.7333
34180.33,346.0,2.8586
34181.34,337.2,3.0756
34182.34,314.4,3.3101
34183.35,311.3,3.5404
34184.35,312.3,3.7685
34185.36,304.4,3.993
34186.36,303.4,4.2253
34187.37,319.0,4.495
34188.37,1.0,2.6952
34189.37,349.9,2.8815
34190.38,1.0,2.6389
34191.38,337.4,2.816
34192.38,321.4,3.1735
34193.39,146.3,3.6257
34194.39,119.4,4.1326
34195.4,140.5,4.6259
34196.4,2.0,2.6195
34197.41,337.6,2.8214
34198.41,0.0,2.7097
34199.41,348.9,2.9103
34200.41,2.0,2.6211
34201.42,344.9,2.8041
34202.42,2.0,2.6472
34203.42,316.1,2.779
34204.43,0.0,2.6505
34205.43,352.0,2.8573
34206.43,345.6,3.313
34207.44,319.3,3.7476
34208.44,318.5,4.0585
34209.45,313.1,4.4446
34210.45,175.1,4.8933
34211.46,125.3,5.3698
34212.46,219.0,5.8269
34213.47,251.6,6.2997
34214.48,299.5,6.793
34215.48,186.1,7.2907
34216.49,119.4,7.5954
34217.49,101.5,7.5954
34218.5,100.5,7.5954
34219.5,102.4,7.6073
34220.51,114.4,7.661
34221.51,104.5,7.661
34222.52,104.5,7.661
34223.52,99.5,7.661
34224.53,115.4,7.7477
34225.53,101.5,7.748
34226.54,99.5,7.748
34227.54,103.5,7.748
34228.55,100.5,7.7481
34229.55,100.3,7.7481
34230.56,100.5,7.7481
34231.56,104.5,7.7481
34232.57,99.5,7.7481
34233.57,112.4,7.7485
34234.58,101.4,7.7485
34235.59,99.5,7.7485
34236.59,101.5,7.7485
34237.6,99.5,7.7485
34238.6,101.5,7.7487
34239.61,103.5,7.7488
34240.61,101.5,7.7489
34241.62,110.4,7.7489
34242.62,100.5,7.7489
34243.63,101.5,7.7489
34244.63,100.3,7.7489
34245.64,99.5,7.7489
34246.64,103.5,7.7489
34247.65,101.5,7.7489
34248.65,99.5,7.7489
34249.66,109.3,7.749
34250.66,101.5,7.749
34251.67,99.5,7.749
34252.67,101.5,7.749
34253.68,101.5,7.749
34254.68,99.5,7.749
34255.69,101.5,7.749
34256.69,100.6,7.749
34257.7,103.5,7.7492
34258.7,111.4,7.7987
34259.71,107.2,7.7987
34260.72,104.5,7.7987
34261.72,100.5,7.7987
34262.73,100.6,7.7987
34263.73,100.5,7.7987
34264.74,100.4,7.7989
34265.74,106.5,7.7989
34266.75,100.5,7.7989
34267.75,100.5,7.7989
34268.76,101.5,7.7989
34269.76,101.4,7.7989
34270.77,99.5,7.7989
34271.77,101.5,7.7989
34272.78,99.5,7.7989
34273.78,101.6,7.7989
34274.79,99.3,7.7989
34275.79,100.5,7.7989
34276.8,101.5,7.7989
34277.8,99.5,7.7989
34278.81,99.5,7.7989
34279.81,102.4,7.7989
34280.82,100.5,7.7989
34281.82,99.6,7.7989
34282.83,101.5,7.7989
34283.83,100.6,7.7989
34284.84,100.3,7.7989
34285.85,101.5,7.7989
34286.85,100.5,7.7989
34287.86,101.5,7.7989
34288.86,100.5,7.7989
34289.87,100.4,7.7989
34290.87,101.5,7.7989
34291.88,100.5,7.7989
34292.88,100.5,7.7992
34293.89,100.5,7.7992
34294.89,100.3,7.7992
34295.9,100.5,7.7992
34296.9,101.5,7.7992
34297.91,101.5,7.7992
34298.91,102.5,7.7992
34299.92,99.5,7.7992
34300.92,100.5,7.7992
34301.93,100.5,7.7992
34302.93,101.5,7.7994
34303.94,100.5,7.7994
34304.94,101.5,7.7994
34305.95,99.5,7.7994
34306.95,100.6,7.7994
34307.96,100.5,7.7994
34308.96,100.5,7.7994
34309.97,101.3,7.7994
34310.98,101.5,7.7994
34311.98,100.5,7.7994
34312.99,99.5,7.7994
34313.99,101.7,7.7994
34315.0,101.3,7.7994
34316.0,100.5,7.7994
34317.01,99.5,7.7994
34318.01,101.5,7.7994
34319.02,101.5,7.7994
34320.02,100.5,7.7994
34321.03,100.5,7.7994
34322.03,100.5,7.7994
34323.04,101.5,7.7994
34324.04,99.5,7.7994
34325.05,101.4,7.7994
34326.05,100.5,7.7994
34327.06,99.5,7.7994
34328.06,100.5,7.7994
34329.07,101.5,7.7994
34330.08,99.2,7.7994
34331.08,101.6,7.7994
34332.09,100.5,7.7994
34333.09,99.5,7.7994
34334.1,101.5,7.7994
34335.1,100.5,7.7994
34336.11,101.5,7.7994
34337.11,101.5,7.7994
34338.12,100.5,7.7994
34339.12,100.5,7.7994
34340.13,99.6,7.7994
34341.13,101.5,7.7994
34342.14,98.5,7.7994
34343.14,101.5,7.7994
34344.15,101.5,7.7994
34345.15,99.5,7.7994
34346.16,100.5,7.7994
34347.16,100.5,7.7994
34348.17,100.5,7.7994
34349.17,100.5,7.7994
34350.18,102.5,7.7997
34351.18,99.5,7.7997
34352.19,100.6,7.7997
34353.19,100.5,7.7999
34354.2,99.5,7.7999
34355.2,101.2,7.7999
34356.21,100.5,7.7999
34357.21,101.5,7.7999
34358.22,99.5,7.7999
34359.22,102.5,7.7999
34360.23,99.5,7.7999
34361.23,99.6,7.7999
34362.24,100.5,7.7999
34363.24,102.5,7.8002
34364.25,100.5,7.8002
34365.25,100.5,7.8002
34366.26,100.5,7.8002
34367.26,101.5,7.8002
34368.27,101.5,7.8002
34369.27,99.6,7.8002
34370.28,100.5,7.8002
34371.28,100.5,7.8002
34372.29,99.5,7.8002
34373.29,100.6,7.8002
34374.3,101.5,7.8002
34375.3,101.5,7.8002
34376.31,99.5,7.8002
34377.31,99.5,7.8002
34378.32,100.5,7.8002
34379.32,101.5,7.8002
34380.33,100.5,7.8002
34381.33,100.5,7.8002
34382.34,101.5,7.8002
34383.34,98.5,7.8002
34384.35,101.5,7.8002
34385.35,100.5,7.8002
34386.36,102.5,7.8002
34387.36,100.5,7.8002
34388.37,99.8,7.8002
34389.37,101.6,7.8002
34390.38,99.5,7.8002
34391.38,100.5,7.8002
34392.39,101.5,7.8002
34393.39,99.5,7.8002
34394.4,101.5,7.8002
34395.4,101.5,7.8002
34396.41,99.5,7.8002
34397.41,101.5,7.8004
34398.42,99.5,7.8004
34399.42,99.5,7.8004
34400.43,101.5,7.8004
34401.43,100.5,7.8004
34402.44,99.6,7.8004
34403.44,101.5,7.8004
34404.45,100.5,7.8004
34405.45,98.5,7.8004
34406.46,101.5,7.8004
34407.46,103.5,7.8004
34408.47,101.5,7.8004
34409.47,99.5,7.8004
34410.48,99.5,7.8004
34411.48,101.5,7.8004
34412.49,100.5,7.8004
34413.49,100.5,7.8004
34414.5,100.5,7.8004
34415.5,99.5,7.8004
34416.51,101.5,7.8004
34417.51,99.5,7.8004
34418.52,101.5,7.8004
34419.52,101.5,7.8004
34420.53,100.5,7.8004
34421.53,99.5,7.8004
34422.54,101.5,7.8004
34423.54,101.5,7.8004
34424.55,100.5,7.8004
34425.55,100.5,7.8004
34426.56,101.5,7.8004
34427.57,99.5,7.8004
34428.57,100.5,7.8004
34429.58,100.5,7.8004
34430.58,101.5,7.8004
34431.59,100.5,7.8004
34432.59,100.5,7.8004
34433.6,100.5,7.8004
34434.6,100.5,7.8004
34435.61,100.5,7.8007
34436.61,101.5,7.8007
34437.62,101.5,7.8007
34438.62,100.6,7.8007
34439.63,99.5,7.8007
34440.63,102.5,7.8007
34441.64,99.5,7.8007
34442.64,101.5,7.8009
34443.65,99.5,7.8012
34444.65,102.5,7.8012
34445.66,99.5,7.8012
34446.66,100.6,7.8012
34447.67,100.5,7.8012
34448.67,100.5,7.8012
34449.68,100.5,7.8012
34450.68,100.6,7.8012
34451.69,101.5,7.8012
34452.69,100.5,7.8012
34453.7,99.5,7.8012
34454.7,100.5,7.8012
34455.71,100.5,7.8012
34456.71,101.5,7.8012
34457.72,102.6,7.8012
34458.72,99.5,7.8012
34459.73,99.6,7.8012
34460.73,101.5,7.8012
34461.74,99.5,7.8012
34462.74,101.5,7.8012
34463.75,100.5,7.8012
34464.75,99.5,7.8012
34465.75,101.7,7.8012
34466.76,99.5,7.8012
34467.77,100.5,7.8012
34468.77,101.5,7.8012
34469.78,100.5,7.8012
34470.78,99.5,7.8012
34471.78,101.8,7.8012
34472.79,99.5,7.8012
34473.79,101.5,7.8012
34474.8,100.5,7.8012
34475.8,101.5,7.8012
34476.81,100.5,7.8012
34477.81,101.5,7.8012
34478.82,99.5,7.8012
34479.82,100.5,7.8012
34480.83,101.5,7.8012
34481.83,101.5,7.8012
34482.84,100.5,7.8012
34483.85,100.5,7.8012
34484.85,100.5,7.8012
34485.86,101.5,7.8012
34486.86,99.5,7.8012
34487.87,100.5,7.8014
34488.87,102.5,7.8014
34489.88,100.5,7.8014
34490.88,100.5,7.8014
34491.89,101.5,7.8014
34492.89,99.5,7.8014
34493.9,100.5,7.8014
34494.9,100.5,7.8014
34495.91,101.5,7.8014
34496.91,99.5,7.8014
34497.92,99.6,7.8014
34498.92,101.5,7.8014
34499.93,101.5,7.8014
34500.93,99.5,7.8014
34501.94,102.5,7.8014
34502.94,99.5,7.8014
34503.95,102.4,2.5536
34504.95,320.1,2.7434
34505.96,361.2,2.9916
34506.96,334.3,3.4702
34507.97,314.4,3.953
34508.97,1.0,2.6191
34509.97,347.0,2.8337
34510.98,338.3,3.2941
34511.98,314.3,3.7966
34512.99,324.3,4.1885
34513.99,262.6,4.6325
34515.0,147.2,5.0965
34516.0,115.4,5.4967
34517.01,101.5,5.8378
34518.01,105.5,6.1863
34519.02,101.5,6.5244
34520.02,99.5,6.9704
34521.03,122.4,7.3828
34522.03,101.5,7.5358
34523.04,99.6,7.5358
34524.04,101.5,7.5594
34525.05,104.5,7.6358
34526.05,110.4,7.6358
34527.06,103.5,7.6358
34528.07,101.5,7.6358
34529.07,100.6,7.6358
34530.07,100.5,7.6358
34531.08,112.4,7.6851
34532.09,100.5,7.732
34533.09,99.6,7.732
34534.09,102.5,7.732
34535.1,99.5,7.732
34536.11,100.5,7.7321
34537.11,100.8,7.7321
34538.11,99.5,7.7323
34539.12,101.7,7.7323
34540.12,112.5,7.7328
34541.13,99.5,7.7328
34542.13,101.6,7.7328
34543.13,100.5,7.7328
34544.14,100.5,7.7328
34545.15,100.5,7.7328
34546.15,101.6,7.7328
34547.15,99.6,7.7328
34548.16,101.5,7.7328
34549.16,109.4,7.7329
34550.17,100.5,7.7329
34551.17,100.5,7.7329
34552.18,101.5,7.7329
34553.19,99.5,7.7329
34554.19,101.5,7.7329
34555.19,101.5,7.7329
34556.2,101.5,7.7329
34557.21,101.5,7.7329
34558.21,100.5,7.7329
34559.22,111.4,7.733
34560.22,99.5,7.733
34561.23,100.5,7.733
34562.23,99.5,7.733
34563.24,101.5,7.733
34564.24,100.5,7.733
34565.25,100.5,7.733
34566.25,100.5,7.733
34567.26,113.4,7.7822
34568.26,102.5,7.7822
34569.27,99.5,7.7822
34570.27,101.5,7.7822
34571.28,100.5,7.7822
34572.28,100.5,7.7822
34573.29,100.5,7.7822
34574.29,100.5,7.7822
34575.3,101.5,7.7822
34576.3,100.5,7.7822
34577.31,99.5,8.2006
34578.31,101.5,8.6461
34579.32,99.6,9.1419
34580.32,121.4,9.283
34581.33,100.5,9.283
34582.33,100.5,9.283
34583.34,101.5,9.2833
34584.34,100.5,9.2833
34585.35,101.5,9.2835
34586.36,99.5,9.2835
34587.36,100.5,9.2835
34588.37,100.5,9.2835
34589.37,101.5,9.2835
34590.38,100.5,9.2835
34591.38,101.3,9.2845
34592.39,100.5,9.2845
34593.39,100.5,9.2847
34594.4,100.5,9.2847
34595.4,100.5,9.2847
34596.41,101.5,9.2847
34597.41,101.6,9.2847
34598.42,100.5,9.2847
34599.42,100.5,9.2847
34600.43,100.5,9.2847
34601.43,101.5,9.2847
34602.44,100.5,9.285
34603.44,100.5,9.285
34604.45,100.5,9.285
34605.46,100.5,9.2853
34606.46,100.5,9.2853
34607.47,100.5,9.2853
34608.47,100.5,9.2853
34609.48,100.5,9.2853
34610.48,100.2,9.2853
34611.49,101.5,9.2853
34612.49,101.5,9.2854
34613.5,100.5,9.2854
34614.5,99.7,9.2854
34615.5,100.7,9.2854
34616.51,99.7,9.2854
34617.51,100.5,9.2854
34618.52,100.6,9.2854
34619.52,101.5,9.2854
34620.53,100.5,9.2854
34621.53,101.5,9.2838
34622.54,99.5,9.2838
34623.54,100.5,9.2838
34624.55,101.5,9.2843
34625.55,99.5,9.2843
34626.56,100.5,9.2843
34627.56,101.6,9.2845
34628.57,99.5,9.2845
34629.57,99.5,9.2827
34630.58,102.5,9.2827
34631.58,100.5,9.2827
34632.59,101.5,9.2827
34633.59,100.5,9.2827
34634.6,100.5,9.2827
34635.6,101.5,9.2829
34636.61,99.5,9.2829
34637.61,99.6,9.2829
34638.62,101.5,9.2829
34639.62,99.6,9.2829
34640.63,100.5,9.2829
34641.63,101.5,9.2831
34642.64,99.5,9.2831
34643.64,100.8,9.2813
34644.64,99.5,9.2813
34645.65,101.5,9.2813
34646.65,99.6,9.2815
34647.66,102.7,9.2815
34648.66,101.5,9.2815
34649.67,100.6,9.2815
34650.67,99.7,9.2815
34651.67,101.5,9.2815
34652.68,100.5,9.2815
34653.68,100.5,9.2815
34654.69,99.5,9.2815
34655.69,101.5,9.2815
34656.7,101.5,9.2795
34657.7,101.5,9.2796
34658.71,99.5,9.2796
34659.71,100.5,9.2796
34660.72,100.6,9.2796
34661.72,99.5,9.2796
34662.73,101.5,9.2799
34663.73,154.2,9.28
34664.74,104.5,9.2779
34665.75,99.5,9.2779
34666.75,102.4,9.2779
34667.76,145.3,9.2779
34668.76,100.5,9.2781
34669.77,101.5,9.2781
34670.77,98.5,9.2781
34671.78,101.5,9.2781
34672.78,99.5,9.2783
34673.79,101.5,9.2783
34674.79,100.5,9.2783
34675.8,99.5,9.2783
34676.8,100.5,9.2783
34677.81,101.5,9.2783
34678.81,101.5,9.2783
34679.82,99.5,9.2783
34680.82,102.5,9.2783
34681.83,100.5,9.2783
34682.83,101.6,9.2783
34683.84,100.5,9.2783
34684.84,99.5,9.2783
34685.85,101.5,9.2783
34686.85,101.4,9.2783
34687.86,99.5,9.2783
34688.86,106.5,9.2783
34689.87,99.5,9.2783
34690.87,100.5,9.2787
34691.88,100.5,9.2787
34692.88,101.5,9.2787
34693.89,100.5,9.2787
34694.89,99.5,9.2787
34695.9,101.5,9.2787
34696.9,99.5,9.2787
34697.91,102.5,9.2787
34698.91,100.5,9.2787
34699.92,100.5,9.2787
34700.92,100.5,9.2787
34701.93,101.5,9.2787
34702.93,101.5,9.2787
34703.94,100.5,9.2787
34704.94,99.5,9.2787
34705.95,103.5,9.2787
34706.95,100.5,9.2787
34707.96,100.5,9.2787
34708.96,100.5,9.2787
34709.97,100.5,9.2787
34710.97,99.5,9.2787
34711.98,101.5,9.2787
34712.98,99.5,9.2788
34713.99,102.5,9.2788
34714.99,99.5,9.2788
34716.0,101.5,9.2788
34717.0,101.5,9.2788
34718.01,100.5,9.2788
34719.02,100.5,9.2788
34720.02,99.5,9.2788
34721.03,101.5,9.2788
34722.03,100.5,9.2788
34723.04,99.5,9.279
34724.04,101.5,9.2795
34725.05,101.5,9.2795
34726.05,100.5,9.2795
34727.06,99.5,9.2795
34728.06,104.5,9.2795
34729.07,99.5,9.2795
34730.07,99.5,9.2795
34731.08,101.5,9.2795
34732.08,101.4,9.2795
34733.09,99.5,9.2795
34734.09,101.5,9.2795
34735.1,100.5,9.2795
34736.1,100.5,9.2795
34737.11,100.5,9.2795
34738.11,100.6,9.2795
34739.12,100.5,9.2795
34740.12,101.5,9.2795
34741.13,100.5,9.2795
34742.14,101.3,9.2795
34743.14,99.5,9.2798
34744.15,100.5,9.2798
34745.15,101.5,9.2799
34746.16,99.5,9.2799
34747.16,101.4,9.2799
34748.17,99.5,9.2799
34749.17,99.5,9.2799
34750.18,101.5,9.2799
34751.18,102.5,9.2799
34752.19,100.3,9.2799
34753.2,99.5,9.2799
34754.2,100.5,9.2799
34755.21,102.5,9.2799
34756.21,100.6,9.2808
34757.22,101.4,9.2808
34758.22,99.5,9.2808
34759.23,100.5,9.281
34760.23,99.5,9.281
34761.24,101.5,9.281
34762.24,101.4,9.281
34763.25,100.5,9.281
34764.25,101.5,9.281
34765.26,100.5,9.281
34766.26,101.5,9.281
34767.27,99.4,9.281
34768.27,101.5,9.2815
34769.28,102.5,9.2815
34770.28,99.5,9.2815
34771.29,100.5,9.2815
34772.3,99.4,9.2815
34773.3,101.5,9.2815
34774.31,100.5,9.2817
34775.31,100.5,9.2817
34776.32,101.5,9.2817
34777.32,100.6,9.2817
34778.33,99.5,9.2817
34779.33,102.5,9.2875
34780.34,101.5,9.2933
34781.34,101.5,9.2933
34782.35,100.2,9.2933
34783.35,104.5,9.2933
34784.36,99.5,9.2933
34785.36,101.5,9.2933
34786.37,99.5,9.2933
34787.38,100.4,9.2934
34788.38,101.5,9.2934
34789.39,99.5,9.2934
34790.39,100.5,9.2934
34791.4,100.5,9.2935
34792.4,100.4,9.2935
34793.41,101.5,9.2935
34794.41,123.6,9.2935
34795.41,211.9,9.2935
34796.42,118.4,9.294
34797.42,101.5,9.294
34798.43,101.5,9.294
34799.43,103.5,9.2903
34800.44,100.5,9.2903
34801.44,108.4,9.2903
34802.45,100.5,9.2903
34803.46,101.5,9.2903
34804.46,100.5,9.2903
34805.47,102.5,9.2903
34806.47,100.5,9.2903
34807.48,100.5,9.2903
34808.48,99.4,2.5044
34809.48,280.1,2.7192
34810.49,299.2,2.8181
34811.49,2.0,2.5522
34812.5,310.6,2.7538
34813.5,328.0,2.4517
34814.51,3063.5,2.6957
34815.51,326.2,2.8377
34816.51,304.5,3.1112
34817.52,121.5,3.2174
34818.52,104.5,3.2879
34819.53,123.4,2.4524
34820.53,0.0,2.7118
34821.54,331.1,2.8443
34822.54,338.3,3.0735
34823.55,311.4,3.3076
34824.55,308.0,3.5863
34825.55,2.0,2.5975
34826.55,324.0,2.794
34827.56,339.2,3.0622
34828.56,340.2,3.354
34829.57,287.6,3.7431
34830.57,258.6,4.168
34831.58,126.3,4.6033
34832.59,103.5,5.0439
34833.59,102.5,5.4953
34834.6,102.5,5.9711
34835.6,1.0,2.5502
34836.6,306.9,2.7551
34837.61,321.7,2.8726
34838.61,3.0,2.5437
34839.62,294.8,2.7242
34840.62,328.8,2.857
34841.63,257.7,3.1025
34842.63,2.0,2.6763
34843.63,347.3,2.8505
34844.64,1.0,2.558
34845.64,325.4,2.7832
34846.64,346.9,2.9019
34847.65,337.3,3.1441
34848.65,268.6,3.2944
34849.66,111.4,3.35
34850.67,100.5,3.4172
34851.67,193.0,3.4952
34852.68,206.9,3.5748
34853.68,105.5,3.6262
34854.69,100.5,3.6421
34855.69,99.5,3.6759
34856.7,108.4,3.7129
34857.7,128.5,3.7496
34858.7,105.5,3.7827
34859.71,106.5,3.8077
34860.71,104.5,3.8479
34861.72,105.5,3.8841
34862.73,100.5,3.9218
34863.73,100.6,3.9577
34864.73,107.4,3.9929
34865.74,100.5,4.0156
34866.75,119.4,4.0393
34867.75,100.5,4.0605
34868.76,100.5,4.0784
34869.76,101.5,4.1054
34870.77,100.5,4.1357
34871.77,120.4,4.1645
34872.78,103.5,4.1921
34873.78,101.5,4.2125
34874.79,99.5,4.2358
34875.79,100.5,4.2568
34876.8,100.5,4.2778
34877.8,100.5,4.2968
34878.8,101.6,4.3151
34879.81,103.5,4.3241
34880.81,104.6,4.3288
34881.82,158.2,4.338
34882.82,200.0,4.4177
34883.83,113.4,4.4597
34884.83,107.5,4.4716
34885.84,108.4,4.5477
34886.84,108.5,4.6484
34887.85,101.5,4.744
34888.85,101.5,4.8439
34889.86,184.0,4.9321
34890.86,202.0,5.0285
34891.87,118.4,5.1239
34892.87,102.5,5.2088
34893.88,100.5,5.3011
34894.88,116.4,2.4599
34895.89,1410.2,2.6631
34896.89,327.1,2.8544
34897.9,359.1,3.0639
34898.9,326.3,3.3511
34899.91,125.3,3.4184
34900.91,101.5,3.4737
34901.92,111.4,3.5356
34902.92,112.4,3.5894
34903.93,103.5,3.6343
34904.93,101.5,3.6735
34905.94,100.5,3.7085
34906.95,105.5,3.7414
34907.95,101.5,3.7768
34908.95,105.5,3.8097
34909.96,107.5,3.8348
34910.96,103.5,3.8661
34911.97,121.4,3.902
34912.97,105.5,3.9357
34913.98,102.5,3.9712
34914.98,100.5,4.0052
34915.99,105.5,4.0314
34916.99,102.5,4.0524
34918.0,107.4,4.0751
34919.01,99.5,4.0923
34920.01,102.5,4.11
34921.02,100.5,4.1383
34922.02,107.4,4.1674
34923.03,108.5,4.1942
34924.03,101.5,4.2175
34925.04,100.5,4.2374
34926.04,100.5,4.259
34927.05,99.5,4.2778
34928.05,101.5,4.2981
34929.06,101.5,4.314
34930.06,99.5,4.331
34931.07,110.5,4.3375
34932.07,106.4,4.3419
34933.08,115.4,4.3715
34934.08,110.4,4.4108
34935.09,106.5,4.4515
34936.09,113.4,4.5102
34937.1,118.4,4.5858
34938.1,104.5,4.6753
34939.11,102.5,4.7634
34940.11,102.5,4.8529
34941.12,101.5,4.9376
34942.12,100.5,5.0227
34943.13,131.3,5.1139
34944.13,99.5,5.1948
34945.14,101.6,5.2852
34946.14,141.3,2.4609
34947.15,1.0,2.6992
34948.15,339.2,2.8959
34949.15,359.6,3.0936
34950.16,318.3,2.4612
34951.16,1.0,2.6945
34952.16,318.1,2.8335
34953.17,356.9,3.0832
34954.17,268.6,3.4397
34955.18,161.3,3.8573
34956.18,184.0,4.2875
34957.19,128.3,4.7322
34958.19,124.3,5.1029
34959.2,1.0,2.6527
34960.2,312.1,2.8304
34961.2,334.3,3.0101
34962.21,145.2,3.1043
34963.21,3.0,2.6568
34964.21,318.2,2.8656
34965.22,359.2,3.0598
34966.22,326.3,3.3172
34967.23,0.0,2.6074
34968.23,355.9,2.8685
34969.23,359.0,3.0921
34970.24,332.2,3.3602
34971.24,3.0,2.6435
34972.24,327.1,2.7915
34973.25,1.0,2.6349
34974.25,298.3,2.7699
34975.25,3637.6,2.619
34976.25,320.1,2.7791
34977.26,366.3,2.9681
34978.26,274.9,3.2253
34979.26,274.2,3.5687
34980.27,2.0,2.5714
34981.27,301.4,2.733
34982.28,1.0,2.5729
34983.28,303.3,2.7433
34984.28,3.0,2.5727
34985.29,318.7,2.7323
34986.29,3.0,2.5713
34987.3,300.8,2.7327
34988.3,0.0,2.6184
34989.3,314.1,2.7752
34990.31,344.0,3.0081
34991.31,1.0,2.4625
34992.31,1.0,2.7059
34993.32,305.4,2.8127
34994.32,2.0,2.6539
34995.33,317.0,2.7971
34996.33,0.0,2.6137
34997.33,312.1,2.7605
34998.34,352.1,2.9492
34999.34,1.0,2.623
35000.34,328.3,2.8965
35001.35,303.4,3.2429
35002.36,197.9,3.6294
35003.36,104.4,4.0235
35004.37,106.5,4.4362
35005.37,130.4,4.9597
35006.37,258.3,5.1483
35007.38,332.5,5.2717
35008.38,313.5,5.4326
35009.39,310.3,5.6338
35010.39,301.4,5.8301
35011.4,311.6,6.0928
35012.41,304.7,6.3988
35013.41,302.6,6.6324
35014.41,300.5,6.8301
35015.42,305.3,7.0839
35016.42,198.6,7.7136
35017.42,292.9,8.3331
35018.43,183.0,8.4208
35019.43,118.4,8.4208
35020.44,171.1,8.4208
35021.44,156.2,8.427
35022.45,103.4,8.427
35023.45,131.4,8.427
35024.46,99.5,8.4197
35025.46,100.5,8.4197
35026.47,102.5,8.4197
35027.47,118.4,8.4199
35028.48,99.5,8.4199
35029.48,106.4,8.4202
35030.49,101.5,8.4202
35031.49,110.4,8.4204
35032.5,107.4,8.4256
35033.51,100.5,8.521
35034.51,101.5,8.521
35035.52,105.4,8.521
35036.52,99.5,8.521
35037.53,106.5,8.521
35038.53,103.3,8.521
35039.54,100.5,8.521
35040.54,101.5,8.521
35041.55,99.5,8.521
35042.55,100.5,8.5212
35043.56,101.5,8.5212
35044.56,156.5,8.8366
35045.57,185.0,9.314
35046.57,110.4,9.314
35047.58,101.5,9.314
35048.58,123.4,2.4646
35049.59,2.0,2.6436
35050.59,310.0,2.8817
35051.59,347.0,3.0133
35052.59,1.0,2.6456
35053.6,327.1,2.7856
35054.6,1.0,2.4658
35055.6,277.6,2.7214
35056.61,315.7,2.8377
35057.61,2.0,2.5741
35058.62,330.2,2.8364
35059.62,318.0,2.9341
35060.63,357.6,3.1667
35061.63,332.2,3.4096
35062.64,272.7,3.6689
35063.64,202.9,3.9282
35064.64,1.0,2.6262
35065.65,337.4,2.871
35066.65,371.1,3.0299
35067.66,326.6,3.2667
35068.66,8.0,2.5938
35069.66,326.1,2.77
35070.67,2.0,2.6346
35071.67,308.1,2.7737
35072.67,2.0,2.6669
35073.67,309.1,2.8016
35074.68,346.2,3.0556
35075.69,319.3,3.3172
35076.69,0.0,2.5013
35077.7,288.4,2.7166
35078.7,309.0,2.8175
35079.71,235.7,3.0881
35080.71,265.7,3.4147
35081.72,302.1,3.7839
35082.72,0.0,2.5216
35083.72,305.1,2.7379
35084.73,364.0,2.8919
35085.73,195.2,3.1973
35086.74,236.7,3.5185
35087.74,301.3,3.8588
35088.75,1935.9,2.5934
35089.75,338.8,2.467
35090.75,1396.3,2.73
35091.76,319.8,2.97
35092.76,362.8,3.1192
35093.77,338.4,3.3665
35094.77,318.3,3.6241
35095.77,315.1,3.8957
35096.78,307.4,4.209
35097.78,307.4,4.5299
35098.79,303.1,4.8513
35099.8,301.4,5.1198
35100.8,303.3,5.4281
35101.81,304.8,5.7135
35102.81,307.0,6.0169
35103.82,305.7,6.3128
35104.82,305.3,6.6301
35105.83,294.4,6.9019
35106.83,223.8,7.2316
35107.84,226.2,7.6475
35108.84,122.4,7.6475
35109.85,115.4,7.6475
35110.85,227.3,7.6426
35111.86,179.1,7.6426
35112.86,242.7,7.6429
35113.87,293.5,7.6908
35114.87,239.9,7.6976
35115.88,140.4,7.682
35116.88,100.5,7.7821
35117.89,100.5,7.7821
35118.89,141.2,8.0524
35119.9,101.6,8.0524
35120.9,100.5,8.0352
35121.91,100.5,8.0352
35122.91,99.5,8.0352
35123.92,101.3,8.0352
35124.92,100.5,8.0352
35125.93,100.5,8.0352
35126.94,136.3,8.0359
35127.94,100.5,8.0359
35128.95,99.5,8.0359
35129.95,101.5,8.0359
35130.96,100.5,8.0359
35131.96,101.5,8.0359
35132.97,121.4,8.0359
35133.97,100.3,8.0359
35134.98,99.5,8.0359
35135.98,130.6,8.0363
35136.99,101.5,8.0363
35137.99,101.5,8.0366
35139.0,100.2,8.0366
35140.0,99.5,8.0366
35141.01,100.5,8.0366
35142.01,101.5,8.0366
35143.02,99.5,8.0366
35144.02,100.5,8.0366
35145.03,101.5,8.0366
35146.03,130.3,8.0366
35147.04,100.5,8.0366
35148.05,100.5,8.0366
35149.05,102.5,8.0366
35150.06,99.5,8.0366
35151.06,101.5,8.0366
35152.07,100.5,8.0366
35153.07,100.5,8.0366
35154.08,100.5,8.0366
35155.08,136.3,8.2053
35156.09,100.6,8.2053
35157.09,100.5,8.2053
35158.1,100.5,8.2053
35159.1,100.4,8.2053
35160.11,99.5,8.2053
35161.11,102.5,8.2053
35162.12,100.5,8.2053
35163.12,100.5,8.2053
35164.13,101.5,8.2261
35165.13,99.5,8.7115
35166.14,99.5,9.0529
35167.14,169.1,9.319
35168.15,100.5,9.3191
35169.15,100.5,9.3191
35170.16,101.5,9.3191
35171.16,100.5,9.3191
35172.17,100.5,9.3191
35173.17,101.5,9.3191
35174.18,100.5,9.3191
35175.19,100.5,9.3191
35176.19,100.5,9.3191
35177.2,101.5,9.3191
35178.2,100.5,9.3194
35179.21,101.5,9.3194
35180.21,99.5,9.3194
35181.22,100.5,9.3194
35182.22,100.5,9.3194
35183.23,101.5,9.3199
35184.23,100.5,9.3199
35185.24,100.5,9.3199
35186.24,101.5,9.3199
35187.25,100.5,9.3199
35188.25,99.5,9.3199
35189.26,101.5,9.3199
35190.26,99.5,9.3199
35191.27,103.5,9.3199
35192.27,99.5,9.3199
35193.28,101.5,9.3199
35194.28,100.5,9.3199
35195.29,100.5,9.3199
35196.29,99.5,9.3199
35197.3,100.5,9.3199
35198.3,100.5,9.3199
35199.31,100.5,9.3202
35200.31,100.5,9.3202
35201.32,100.5,9.3202
35202.32,99.5,9.3202
35203.33,101.5,9.3202
35204.33,100.5,9.3202
35205.34,100.5,9.3202
35206.35,99.5,9.3202
35207.35,101.5,9.3202
35208.36,100.5,9.3202
35209.36,100.5,9.3202
35210.37,101.5,9.3202
35211.37,100.6,9.3202
35212.37,100.6,9.3202
35213.38,100.5,9.3202
35214.39,99.2,9.3202
35215.39,102.5,9.3202
35216.4,99.5,9.3202
35217.4,101.5,9.3202
35218.41,99.5,9.3202
35219.41,100.5,9.3202
35220.42,101.5,9.3202
35221.42,101.5,9.3202
35222.43,100.5,9.3202
35223.43,100.5,9.3202
35224.44,100.5,9.3202
35225.44,99.5,9.3202
35226.45,100.5,9.3202
35227.45,100.5,9.3204
35228.46,101.5,9.3204
35229.46,100.5,9.3204
35230.47,99.5,9.3204
35231.47,102.5,9.3207
35232.48,99.5,9.3207
35233.48,103.5,9.3207
35234.49,100.5,9.3207
35235.49,103.5,9.3207
35236.5,101.5,9.3207
35237.5,99.5,9.3207
35238.51,101.5,9.3207
35239.52,100.5,9.3207
35240.52,100.5,9.3207
35241.53,100.5,9.3207
35242.53,101.5,9.3207
35243.54,99.5,9.3207
35244.54,101.5,9.3207
35245.55,100.5,9.3207
35246.55,100.5,9.3207
35247.56,99.5,9.3207
35248.56,101.5,9.3207
35249.56,99.8,9.3207
35250.57,100.5,9.3207
35251.57,101.5,9.3207
35252.58,101.5,9.3207
35253.58,100.5,9.3207
35254.59,101.4,9.3207
35255.59,99.5,9.3207
35256.6,101.5,9.3207
35257.6,101.5,9.3207
35258.61,99.5,9.3207
35259.61,100.5,9.3207
35260.62,100.5,9.3207
35261.63,101.5,9.3207
35262.63,99.6,9.3207
35263.63,101.5,9.321
35264.64,100.4,9.321
35265.65,101.5,9.321
35266.65,99.5,9.321
35267.66,100.5,9.321
35268.66,99.5,9.321
35269.67,102.3,9.321
35270.67,100.5,9.321
35271.68,99.5,9.321
35272.68,101.5,9.3212
35273.69,99.5,9.3212
35274.69,101.4,9.3212
35275.7,101.5,9.3213
35276.7,102.5,9.3213
35277.71,99.7,9.3213
35278.71,99.7,9.3213
35279.71,102.6,9.3213
35280.72,100.5,9.3213
35281.72,99.7,9.3213
35282.73,100.5,9.3213
35283.73,100.5,9.3213
35284.74,100.5,9.3214
35285.74,99.7,9.3214
35286.74,101.5,9.3216
35287.75,100.5,9.3216
35288.76,100.5,9.3216
35289.76,100.5,9.3216
35290.77,101.5,9.3216
35291.77,100.4,9.3216
35292.78,100.5,9.3216
35293.78,101.5,9.3216
35294.79,99.5,9.3216
35295.79,102.5,9.3216
35296.8,100.5,9.3216
35297.8,100.5,9.3216
35298.81,99.5,9.3216
35299.81,101.5,9.3216
35300.82,101.5,9.3216
35301.82,100.5,9.3216
35302.83,99.5,9.3216
35303.83,102.5,9.3216
35304.84,99.5,9.3216
35305.85,101.5,9.3216
35306.85,100.5,9.3216
35307.86,100.6,9.3216
35308.86,102.5,9.3219
35309.87,100.5,9.3219
35310.87,100.5,9.3219
35311.88,99.6,9.3219
35312.88,100.5,9.3219
35313.89,100.5,9.3219
35314.89,100.5,9.3219
35315.9,101.5,9.3219
35316.9,100.5,9.3219
35317.91,100.5,9.3219
35318.91,101.5,9.3219
35319.92,100.5,9.3219
35320.92,101.5,9.3219
35321.93,100.5,9.3219
35322.93,100.5,9.3221
35323.94,99.5,9.3221
35324.94,100.5,9.3221
35325.95,100.5,9.3221
35326.96,101.4,9.3221
35327.96,100.5,9.3221
35328.97,101.5,9.3221
35329.97,101.5,9.3221
35330.98,101.5,9.3221
35331.98,99.5,9.3221
35332.99,100.5,9.3224
35333.99,100.5,9.3224
35335.0,100.5,9.3224
35336.0,99.5,9.3224
35337.01,101.5,9.3224
35338.01,99.5,9.3224
35339.02,101.5,9.3224
35340.02,100.5,9.3226
35341.03,101.5,9.3228
35342.04,101.4,9.3228
35343.04,101.5,9.3228
35344.05,99.5,9.3228
35345.05,100.5,9.3228
35346.06,102.5,9.3228
35347.06,99.5,9.3228
35348.07,100.5,9.3228
35349.07,101.5,9.3228
35350.08,99.5,9.3228
35351.08,101.5,9.3229
35352.09,100.5,9.3229
35353.09,101.5,9.3229
35354.1,100.5,9.3229
35355.1,100.5,9.3229
35356.11,100.5,9.3229
35357.11,100.5,9.3229
35358.12,101.5,9.3229
35359.13,99.5,9.3229
35360.13,102.5,9.3229
35361.14,99.5,9.3229
35362.14,102.5,9.3629
35363.15,100.5,9.3629
35364.15,100.5,9.3629
35365.16,101.5,9.3629
35366.16,99.5,9.3629
35367.17,100.5,9.3629
35368.17,99.5,9.3632
35369.18,100.5,9.3632
35370.18,101.5,9.3632
35371.19,100.5,9.3632
35372.19,100.5,9.3632
35373.2,100.5,9.3632
35374.2,100.5,9.3632
35375.21,100.5,9.3632
35376.22,100.5,9.3632
35377.22,100.5,9.3632
35378.23,100.5,9.3632
35379.23,100.5,9.3632
35380.24,101.4,9.3632
35381.24,101.5,9.3632
35382.25,100.5,9.3632
35383.25,100.5,9.3634
35384.26,100.5,9.3634
35385.26,100.7,9.4011
35386.27,101.5,9.4011
35387.27,100.5,9.4011
35388.28,99.5,9.4011
35389.28,100.5,9.4011
35390.29,103.6,2.6024
35391.29,327.3,2.88
35392.29,295.3,3.0186
35393.3,347.9,3.2276
35394.3,326.3,3.5094
35395.31,313.3,3.8515
35396.31,305.5,4.176
35397.32,309.3,4.4837
35398.32,306.3,4.8039
35399.33,300.4,5.0707
35400.33,303.4,5.3948
35401.34,307.3,5.7028
35402.34,304.3,6.0264
35403.35,308.9,6.3333
35404.35,278.5,6.6416
35405.36,149.2,6.9168
35406.36,156.3,7.2436
35407.37,204.4,7.6648
35408.37,148.2,7.7505
35409.38,145.2,7.7505
35410.38,258.5,7.7506
35411.38,289.5,7.7511
35412.39,214.9,7.7513
35413.4,118.4,7.7516
35414.4,114.4,7.7516
35415.41,101.5,7.7516
35416.41,117.5,7.7516
35417.41,136.3,7.977
35418.42,104.5,8.0212
35419.43,99.5,8.0212
35420.43,101.5,8.0212
35421.44,100.5,8.0212
35422.44,100.5,8.0212
35423.45,99.6,8.0212
35424.45,101.5,8.0212
35425.46,101.6,8.0212
35426.46,136.3,8.0223
35427.47,99.5,8.0223
35428.47,101.5,8.0223
35429.48,101.5,8.0223
35430.48,99.5,8.0223
35431.49,101.6,8.0223
35432.49,100.5,8.0223
35433.5,100.5,8.0223
35434.5,105.5,8.0223
35435.51,125.4,8.0223
35436.51,100.5,8.0223
35437.52,102.5,8.0224
35438.52,113.4,8.0225
35439.53,101.5,8.0225
35440.53,100.5,8.0225
35441.54,100.5,8.0225
35442.54,100.5,8.0225
35443.55,100.5,8.0225
35444.55,132.3,8.0234
35445.56,98.5,8.0234
35446.56,102.5,8.0234
35447.57,100.5,8.0234
35448.57,100.5,8.0234
35449.58,103.5,8.0234
35450.58,99.5,8.0234
35451.59,99.5,8.0234
35452.59,121.6,8.1339
35453.6,115.4,8.1924
35454.6,99.5,8.1924
35455.61,101.5,8.1924
35456.61,100.5,8.1924
35457.62,101.5,8.1926
35458.62,100.6,8.1926
35459.63,100.5,8.1926
35460.63,101.5,8.1926
35461.64,101.5,8.1926
35462.64,98.5,8.5853
35463.65,101.5,8.9306
35464.66,170.1,9.303
35465.66,99.5,9.303
35466.67,102.5,9.303
35467.67,99.5,9.303
35468.68,100.5,9.303
35469.68,99.5,9.303
35470.69,101.5,9.303
35471.69,99.5,9.303
35472.7,101.5,9.303
35473.7,99.5,9.303
35474.71,100.5,9.303
35475.71,104.5,9.3038
35476.72,99.5,9.3038
35477.72,99.5,9.3038
35478.73,101.5,9.3038
35479.74,101.5,9.3038
35480.74,99.5,9.3038
35481.74,101.6,9.3038
35482.75,100.5,9.3041
35483.75,101.5,9.3041
35484.76,100.5,9.3041
35485.77,100.5,9.3041
35486.77,101.5,9.3041
35487.78,99.5,9.3041
35488.78,99.5,9.3041
35489.79,100.5,9.3041
35490.79,100.5,9.3041
35491.8,102.5,9.3041
35492.8,99.6,9.3041
35493.81,102.5,9.3041
35494.81,99.5,9.3041
35495.82,100.6,9.3041
35496.82,100.5,9.3041
35497.83,100.5,9.3041
35498.83,103.5,9.3041
35499.84,99.5,9.3041
35500.84,100.5,9.3041
35501.85,100.6,9.3041
35502.85,100.5,9.3041
35503.86,101.5,9.3041
35504.86,99.5,9.3041
35505.87,99.5,9.3041
35506.87,100.5,9.3041
35507.88,103.5,9.3043
35508.88,100.5,9.3043
35509.89,100.5,9.3044
35510.89,101.5,9.3044
35511.9,100.5,9.3044
35512.9,101.5,9.3044
35513.91,99.5,9.3044
35514.91,100.5,9.3044
35515.92,100.5,9.3044
35516.92,101.5,9.3044
35517.93,101.5,9.3044
35518.93,101.5,9.3044
35519.94,99.5,9.3044
35520.94,100.5,9.3044
35521.95,100.5,9.3045
35522.95,100.5,9.3045
35523.96,100.5,9.3045
35524.96,100.5,9.3045
35525.97,99.5,9.3045
35526.97,102.5,9.3045
35527.98,99.5,9.3045
35528.99,101.5,9.3045
35529.99,101.5,9.3045
35531.0,100.5,9.3045
35532.0,100.5,9.3045
35533.01,101.5,9.3047
35534.01,99.5,9.3047
35535.02,100.5,9.3047
35536.02,100.5,9.3047
35537.03,99.5,9.3047
35538.03,101.5,9.3047
35539.04,101.5,9.3047
35540.04,99.5,9.3047
35541.05,99.5,9.3047
35542.05,100.5,9.3047
35543.06,102.5,9.3047
35544.06,99.5,9.3047
35545.07,100.5,9.3047
35546.08,100.5,9.3047
35547.08,100.5,9.3047
35548.09,103.5,9.3047
35549.09,99.5,9.3047
35550.1,100.5,9.3047
35551.1,101.5,9.3047
35552.11,100.5,9.3047
35553.11,99.5,9.305
35554.12,101.5,9.305
35555.12,101.5,9.305
35556.13,99.5,9.305
35557.13,101.5,9.305
35558.14,99.5,9.305
35559.14,99.5,9.305
35560.15,101.5,9.305
35561.16,100.5,9.305
35562.16,101.5,9.305
35563.17,100.5,9.3052
35564.17,101.5,9.3052
35565.18,100.5,9.3053
35566.18,100.5,9.3053
35567.19,99.5,9.3053
35568.19,102.5,9.3053
35569.2,101.5,9.3053
35570.2,99.5,9.3053
35571.21,100.5,9.3053
35572.21,100.5,9.3054
35573.22,101.5,9.3054
35574.22,99.5,9.3054
35575.23,101.5,9.3054
35576.23,100.5,9.3054
35577.24,99.5,9.3055
35578.25,101.5,9.3055
35579.25,99.5,9.3055
35580.26,101.5,9.3055
35581.26,100.5,9.3055
35582.27,99.6,9.3055
35583.27,101.5,9.3055
35584.28,102.5,9.3055
35585.28,100.5,9.3055
35586.29,99.5,9.3055
35587.29,100.5,9.3055
35588.3,101.5,9.3055
35589.3,99.5,9.3055
35590.31,100.5,9.3055
35591.31,100.5,9.3055
35592.32,100.5,9.3055
35593.32,99.5,9.3055
35594.33,101.5,9.3055
35595.34,100.5,9.3055
35596.34,100.5,9.3055
35597.35,101.5,9.3055
35598.35,101.5,9.3057
35599.36,99.5,9.3057
35600.36,100.5,9.3057
35601.37,100.5,9.3057
35602.37,100.5,9.3057
35603.38,100.5,9.3057
35604.38,101.5,9.3057
35605.39,101.5,9.3057
35606.39,100.5,9.3057
35607.4,100.5,9.3057
35608.4,100.5,9.3057
35609.41,101.5,9.3059
35610.41,101.5,9.3059
35611.42,102.5,9.3059
35612.43,99.5,9.3059
35613.43,100.5,9.3059
35614.44,100.5,9.3059
35615.44,99.5,9.3059
35616.45,102.5,9.3059
35617.45,99.5,9.3059
35618.46,101.5,9.3059
35619.46,99.5,9.3059
35620.47,99.5,9.3059
35621.47,101.5,9.3059
35622.48,102.5,9.3059
35623.48,99.5,9.3062
35624.49,100.5,9.3062
35625.49,100.5,9.3062
35626.5,101.5,9.3062
35627.5,100.5,9.3062
35628.51,99.5,9.3062
35629.52,101.4,9.3062
35630.52,99.5,9.3062
35631.53,101.5,9.3062
35632.53,100.5,9.3062
35633.54,100.5,9.3065
35634.54,102.5,9.3065
35635.55,100.5,9.3065
35636.55,100.5,9.3065
35637.56,103.5,9.3065
35638.56,100.5,9.3065
35639.57,99.5,9.3065
35640.57,104.4,9.3074
35641.58,101.5,9.3076
35642.58,101.5,9.3079
35643.59,99.5,9.3079
35644.59,101.5,9.3079
35645.6,99.5,9.3079
35646.6,99.5,9.3079
35647.61,100.5,9.3079
35648.62,101.5,9.3079
35649.62,100.5,9.3079
35650.62,99.6,9.3079
35651.63,101.5,9.3079
35652.63,101.6,9.3079
35653.64,101.5,9.3079
35654.64,100.5,9.3079
35655.65,101.5,9.3079
35656.66,100.5,9.3079
35657.66,101.5,9.3079
35658.67,99.5,9.3079
35659.67,100.5,9.3079
35660.68,99.5,9.3079
35661.68,100.1,9.3079
35662.69,101.5,9.3079
35663.7,99.5,9.3478
35664.7,101.5,9.3478
35665.71,100.5,9.3478
35666.71,101.5,9.3478
35667.72,100.5,9.3478
35668.72,99.5,9.3478
35669.73,101.5,9.3478
35670.73,99.5,9.3478
35671.74,100.5,9.3479
35672.74,100.5,9.3479
35673.75,101.5,9.3479
35674.75,101.5,9.348
35675.76,100.5,9.348
35676.76,100.5,9.348
35677.77,100.5,9.348
35678.77,100.5,9.348
35679.78,99.5,9.348
35680.78,102.5,9.348
35681.79,100.5,9.348
35682.79,101.5,9.348
35683.8,100.5,9.348
35684.8,100.5,9.348
35685.81,101.5,9.348
35686.81,101.5,9.3857
35687.82,100.5,9.3857
35688.82,99.5,9.3857
35689.83,102.4,2.5131
35690.84,281.5,2.7481
35691.84,315.3,3.0322
35692.84,369.1,3.1818
35693.85,339.0,3.402
35694.85,313.3,3.6569
35695.86,310.3,3.8878
35696.86,305.4,4.1529
35697.87,306.4,4.4268
35698.87,307.4,4.7518
35699.88,306.7,5.0022
35700.88,303.2,5.2858
35701.89,300.3,5.5221
35702.89,306.5,5.7615
35703.9,276.5,6.0469
35704.9,184.0,6.2798
35705.91,210.9,6.5236
35706.92,227.6,6.7526
35707.92,115.4,7.0185
35708.93,116.4,7.2843
35709.93,169.1,7.7023
35710.94,194.0,7.7333
35711.94,144.6,7.8333
35712.94,145.6,7.8335
35713.95,152.5,7.8336
35714.95,233.6,2.4756
35715.95,8.0,2.6847
35716.95,4.0,2.611
35717.96,327.2,2.7866
35718.96,361.9,2.9549
35719.96,2801.5,2.6712
35720.96,4.0,2.6066
35721.97,343.4,2.7885
35722.97,358.8,3.027
35723.98,331.4,3.3686
35724.98,300.5,3.7169
35725.99,304.2,4.1047
35726.99,220.9,4.5521
35728.0,232.7,5.0008
35729.0,113.4,5.4778
35730.01,101.4,5.958
35731.02,101.5,6.418
35732.02,104.3,6.9048
35733.03,99.5,7.4025
35734.03,118.4,7.5551
35735.04,102.4,7.6409
35736.04,106.4,7.6409
35737.05,106.5,7.6409
35738.06,103.5,7.6411
35739.06,99.5,7.6411
35740.06,101.5,7.6414
35741.07,101.5,7.6414
35742.07,130.6,7.6414
35743.08,136.4,7.7305
35744.08,100.8,7.7305
35745.08,100.8,7.7305
35746.09,100.5,7.7305
35747.09,102.7,7.7307
35748.09,107.5,7.7307
35749.1,99.5,7.7307
35750.11,100.5,7.7307
35751.11,100.6,7.7307
35752.11,108.7,7.7315
35753.12,100.5,7.7315
35754.12,103.5,7.7316
35755.13,102.5,7.7316
35756.13,99.7,7.7316
35757.13,99.6,7.7316
35758.14,102.5,7.7316
35759.14,100.5,7.7316
35760.15,100.5,7.7316
35761.15,122.5,7.7317
35762.16,140.3,7.732
35763.17,101.3,7.732
35764.17,100.5,7.732
35765.18,100.5,7.732
35766.18,101.5,7.732
35767.19,105.4,7.732
35768.19,99.7,7.732
35769.19,100.5,7.732
35770.2,102.5,7.732
35771.2,100.5,7.732
35772.21,99.5,7.732
35773.21,100.5,7.732
35774.22,100.6,7.732
35775.22,100.5,7.732
35776.23,99.5,7.732
35777.23,102.5,7.732
35778.24,100.5,7.732
35779.25,99.5,7.732
35780.25,101.6,7.732
35781.25,99.5,7.732
35782.26,101.5,7.732
35783.26,100.5,7.7325
35784.27,100.5,7.7325
35785.27,105.4,7.7325
35786.28,99.5,7.7325
35787.29,101.5,7.7325
35788.29,100.5,7.7325
35789.3,99.5,7.7325
35790.3,102.5,7.7325
35791.3,99.7,7.7325
35792.31,100.5,7.7325
35793.31,99.5,7.7325
35794.32,106.4,7.7327
35795.32,100.5,7.7327
35796.33,100.5,7.7327
35797.33,100.5,7.7327
35798.34,100.5,7.7327
35799.35,100.5,7.7327
35800.35,100.5,7.7327
35801.36,101.5,7.7327
35802.36,100.5,7.7327
35803.36,101.7,7.7327
35804.37,100.5,7.7327
35805.37,100.5,7.7327
35806.38,100.5,7.7327
35807.38,101.7,7.7327
35808.38,100.8,7.7327
35809.39,100.3,7.7327
35810.4,99.5,7.7327
35811.4,100.5,7.7327
35812.41,100.5,7.7327
35813.41,101.5,7.7327
35814.42,100.5,7.7327
35815.42,100.5,7.7327
35816.43,101.5,7.7327
35817.43,99.5,7.7327
35818.44,100.5,7.7327
35819.44,101.5,7.7327
35820.45,100.5,7.7327
35821.45,100.5,7.7327
35822.46,100.5,7.7327
35823.47,103.5,7.7327
35824.47,102.5,7.7327
35825.48,98.5,7.7327
35826.48,100.6,7.7327
35827.49,101.5,7.733
35828.49,100.5,7.733
35829.5,101.5,7.733
35830.5,100.5,7.733
35831.51,100.5,7.733
35832.51,100.5,7.733
35833.52,101.4,7.733
35834.52,100.5,7.733
35835.53,100.5,7.733
35836.53,100.5,7.733
35837.54,101.5,7.733
35838.54,100.5,7.733
35839.55,100.7,7.733
35840.55,99.5,7.733
35841.56,101.5,7.733
35842.56,100.5,7.733
35843.57,100.5,7.733
35844.57,100.7,7.733
35845.57,100.5,7.733
35846.58,99.5,7.733
35847.59,100.5,7.733
35848.59,101.5,7.733
35849.6,110.4,7.7333
35850.6,100.5,7.7333
35851.61,101.5,7.7333
35852.61,99.5,7.7333
35853.62,102.5,7.7333
35854.62,99.5,7.7333
35855.63,101.5,7.7333
35856.63,110.4,7.7333
35857.64,101.5,7.7333
35858.64,100.5,7.7333
35859.65,101.5,7.7333
35860.65,99.5,7.7333
35861.66,134.3,7.7334
35862.66,171.1,7.7397
35863.67,105.4,7.74
35864.67,106.4,7.7401
35865.68,102.5,7.7401
35866.69,99.5,7.7401
35867.69,106.5,7.7401
35868.69,101.5,7.7401
35869.7,100.5,7.7401
35870.71,100.5,7.7401
35871.71,103.5,7.7401
35872.72,100.5,7.7401
35873.72,101.5,7.7401
35874.73,99.5,7.7401
35875.73,101.5,7.7401
35876.74,110.4,7.782
35877.74,100.5,7.7822
35878.75,100.5,7.7825
35879.75,100.5,7.7825
35880.76,100.5,7.7825
35881.76,176.5,2.4784
35882.76,1.0,2.6084
35883.77,313.1,2.7713
35884.77,345.0,2.9741
35885.77,342.4,3.2257
35886.78,214.9,3.5447
35887.78,126.3,3.7541
35888.79,202.9,3.881
35889.8,293.4,4.0406
35890.8,211.9,4.1348
35891.81,164.1,4.2156
35892.81,174.1,4.3576
35893.82,109.4,4.4963
35894.82,125.3,4.6078
35895.83,101.5,4.701
35896.83,100.5,4.7821
35897.84,99.5,4.86
35898.84,109.4,4.9411
35899.85,101.5,5.0237
35900.85,99.5,5.0903
35901.86,100.5,5.1555
35902.86,103.5,5.2228
35903.87,100.5,5.2939
35904.87,105.5,5.3553
35905.88,102.5,5.4171
35906.88,100.5,5.4764
35907.89,99.5,5.5352
35908.89,100.5,5.5972
35909.9,100.5,5.6597
35910.9,101.5,5.7211
35911.91,99.5,5.7813
35912.91,103.5,5.8484
35913.92,100.7,5.8992
35914.92,100.7,5.9544
35915.93,101.5,6.001
35916.93,100.7,6.053
35917.93,99.5,6.0995
35918.94,101.5,6.1454
35919.94,100.5,6.1966
35920.95,100.5,6.2415
35921.95,99.6,6.2874
35922.96,101.5,6.3363
35923.96,101.4,6.3818
35924.97,101.5,6.4228
35925.97,102.5,6.4612
35926.98,101.5,6.5043
35927.99,114.4,6.5839
35928.99,99.6,6.672
35929.99,102.5,6.7552
35931.0,99.5,6.8396
35932.0,99.5,6.9171
35933.01,102.5,6.9861
35934.01,100.5,7.0539
35935.02,99.5,7.1157
35936.02,101.5,7.1751
35937.03,99.5,7.2321
35938.04,100.4,7.2888
35939.04,103.5,7.3443
35940.05,101.5,7.4001
35941.05,100.5,7.4559
35942.06,120.4,7.5444
35943.06,99.5,7.5444
35944.07,102.5,7.5444
35945.07,101.5,7.5444
35946.08,100.5,7.5444
35947.08,101.5,7.5444
35948.08,100.7,7.5444
35949.09,100.5,7.5444
35950.09,103.5,7.5562
35951.1,123.4,7.6028
35952.1,101.5,7.6452
35953.11,99.5,7.6452
35954.12,100.5,7.6452
35955.12,101.5,7.6452
35956.13,101.5,7.6452
35957.13,102.5,7.6452
35958.14,99.5,7.6454
35959.14,100.5,7.6454
35960.15,102.6,7.6454
35961.15,101.5,7.6454
35962.16,100.5,7.6454
35963.16,99.5,7.6454
35964.17,101.5,7.6457
35965.17,100.5,7.6457
35966.18,101.5,7.6457
35967.18,99.5,7.6457
35968.19,100.5,7.6457
35969.19,100.5,7.6457
35970.2,100.5,7.6457
35971.2,100.5,7.6457
35972.21,101.5,7.6457
35973.21,101.5,7.6457
35974.22,99.5,7.6457
35975.22,100.5,7.6457
35976.23,100.6,7.6457
35977.23,103.5,7.6457
35978.24,100.5,7.6457
35979.24,100.5,7.6457
35980.25,100.6,7.6457
35981.25,100.5,7.6457
35982.26,103.5,7.6457
35983.26,99.5,7.6457
35984.27,101.5,7.6457
35985.27,101.5,7.6457
35986.28,99.5,7.6457
35987.28,101.5,7.6457
35988.29,105.5,7.6457
35989.29,100.5,7.6457
35990.3,105.4,7.6457
35991.3,101.5,7.6457
35992.31,100.5,7.6457
35993.31,100.5,7.6457
35994.32,100.5,7.6457
35995.32,100.5,7.6457
35996.33,101.5,7.6457
35997.33,100.5,7.6457
35998.34,99.5,7.6457
35999.34,102.5,7.6457
36000.35,100.6,7.6457
36001.35,100.5,7.6457
36002.36,100.5,7.6457
36003.36,101.5,7.6457
36004.37,100.5,7.6457
36005.37,100.5,7.6457
36006.38,100.5,7.6457
36007.38,101.5,7.6457
36008.39,101.5,7.6457
36009.39,99.5,7.6457
36010.4,102.5,7.6457
36011.4,99.6,7.6457
36012.41,144.3,7.6457
36013.41,100.5,7.6459
36014.42,99.5,7.6459
36015.42,100.5,7.6459
36016.43,101.5,7.6459
36017.43,100.5,7.6459
36018.44,100.5,7.6459
36019.44,100.5,7.6459
36020.45,100.5,7.6459
36021.45,101.5,7.6459
36022.46,100.5,7.6459
36023.46,99.5,7.6459
36024.47,101.5,7.6459
36025.47,99.5,7.6459
36026.48,102.5,7.6459
36027.48,100.5,7.6459
36028.49,99.5,7.6459
36029.49,99.5,7.6459
36030.5,101.5,7.6459
36031.5,102.5,7.6459
36032.51,99.5,7.6459
36033.51,101.5,7.6459
36034.52,99.5,7.6459
36035.52,99.5,7.6459
36036.53,104.5,7.6459
36037.53,99.5,7.6459
36038.54,101.5,7.6459
36039.54,100.5,7.6459
36040.55,99.5,7.6459
36041.55,101.5,7.6459
36042.56,100.5,7.6459
36043.56,100.5,7.6459
36044.57,101.5,7.6459
36045.57,99.5,7.6459
36046.58,100.5,7.6459
36047.58,99.5,7.6462
36048.59,107.4,7.6462
36049.59,101.5,7.6462
36050.6,103.5,7.6462
36051.6,100.5,7.6462
36052.61,101.5,7.6462
36053.61,101.5,7.6462
36054.62,101.5,7.6462
36055.62,98.5,7.6462
36056.63,100.5,7.6462
36057.63,99.5,7.6462
36058.64,101.5,7.6462
36059.64,101.5,7.6462
36060.65,100.5,7.6462
36061.65,101.5,7.6462
36062.66,99.5,7.6462
36063.66,102.5,7.6462
36064.67,99.5,7.6462
36065.68,105.5,7.6462
36066.68,100.5,7.6462
36067.68,100.5,7.6462
36068.69,100.5,7.6462
36069.7,101.5,7.6462
36070.7,101.5,7.6462
36071.71,100.5,7.6462
36072.71,101.5,7.6462
36073.72,100.5,7.6462
36074.72,99.6,7.6462
36075.73,100.5,7.6462
36076.73,101.5,7.6462
36077.73,100.5,7.6462
36078.74,101.5,7.6462
36079.75,100.5,7.6462
36080.75,101.5,7.6462
36081.75,99.5,7.6462
36082.76,100.5,7.6465
36083.76,101.5,7.6465
36084.77,100.5,7.6465
36085.77,100.5,7.6465
36086.78,100.5,7.6465
36087.78,101.5,7.6469
36088.79,99.5,7.6469
36089.79,102.5,7.6469
36090.8,99.6,7.6469
36091.8,100.5,7.6469
36092.81,100.5,7.6469
36093.81,100.5,7.6469
36094.82,101.5,7.6469
36095.82,101.5,7.6469
36096.83,100.5,7.6469
36097.83,99.5,7.6469
36098.84,100.5,7.6469
36099.84,100.5,7.6469
36100.85,101.5,7.6469
36101.85,105.4,7.6469
36102.86,99.5,7.6469
36103.86,99.5,7.6469
36104.87,101.5,7.6469
36105.87,101.5,7.6469
36106.88,101.5,7.6469
36107.89,99.5,7.6469
36108.89,100.6,7.6469
36109.89,100.5,7.6469
36110.9,101.5,7.6469
36111.9,100.5,7.6469
36112.91,100.5,7.6469
36113.92,101.4,7.6469
36114.92,99.5,7.6469
36115.93,102.5,7.6469
36116.93,100.5,7.6469
36117.94,99.6,7.6469
36118.94,101.5,7.6469
36119.95,99.6,7.6469
36120.95,100.5,7.6469
36121.96,101.5,7.6469
36122.96,102.5,7.6469
36123.97,111.4,7.6885
36124.97,99.5,7.6885
36125.98,99.5,7.6885
36126.98,101.5,7.6885
36127.99,101.5,7.6885
36128.99,101.4,7.6885
36130.0,99.6,7.7025
36131.0,195.0,7.7852
36132.01,122.4,7.7885
36133.01,101.5,7.7889
36134.02,100.5,7.7889
36135.02,99.5,7.7889
36136.03,101.5,7.7889
36137.03,99.6,7.7889
36138.04,101.5,7.7889
36139.04,100.5,7.7889
36140.05,101.5,7.7889
36141.05,100.5,7.7889
36142.06,101.5,7.7889
36143.07,101.5,7.7889
36144.07,101.5,7.7889
36145.08,99.5,7.7889
36146.08,100.5,7.7889
36147.09,100.5,7.7889
36148.09,100.5,7.7891
36149.09,111.6,7.7895
36150.1,100.5,7.7895
36151.11,101.5,7.7895
36152.11,101.5,7.7895
36153.12,100.5,7.7895
36154.12,100.5,7.7895
36155.13,100.5,7.7895
36156.13,99.5,7.7895
36157.14,101.5,7.7895
36158.14,100.5,7.7895
36159.15,102.5,7.7895
36160.15,100.5,7.7895
36161.16,99.6,7.7895
36162.16,100.5,7.7895
36163.17,99.5,7.79
36164.17,101.5,7.79
36165.18,99.5,7.79
36166.18,102.5,7.79
36167.19,100.5,7.79
36168.19,100.5,7.79
36169.2,113.5,7.79
36170.2,101.5,7.79
36171.21,99.5,7.79
36172.21,101.5,7.79
36173.22,100.6,7.79
36174.22,100.5,7.79
36175.23,101.5,7.79
36176.23,100.5,7.79
36177.24,101.5,7.79
36178.24,100.5,7.79
36179.25,100.4,7.79
36180.25,99.5,7.79
36181.26,108.4,7.79
36182.26,102.5,7.7901
36183.27,1438.4,2.7478
36184.28,349.1,2.9404
36185.28,335.2,3.2222
36186.29,129.4,3.3302
36187.29,105.5,3.4125
36188.3,102.5,3.484
36189.3,105.4,3.5525
36190.31,103.6,3.6186
36191.31,103.5,3.682
36192.32,124.4,3.7505
36193.32,101.5,3.8122
36194.33,100.5,3.8739
36195.33,100.5,3.9319
36196.34,113.4,3.9918
36197.34,100.5,4.0451
36198.35,103.5,4.093
36199.35,102.5,4.1381
36200.36,101.5,4.1833
36201.36,154.2,4.2153
36202.37,101.5,4.2472
36203.37,100.5,4.2854
36204.38,104.5,4.3327
36205.38,99.5,4.3787
36206.39,102.5,4.4254
36207.39,101.5,4.4729
36208.4,105.5,4.5227
36209.4,99.5,4.5719
36210.41,103.5,4.6185
36211.41,101.5,4.6648
36212.42,103.5,4.7144
36213.42,101.5,4.7669
36214.43,99.5,4.8194
36215.43,101.6,4.8661
36216.44,101.5,4.9115
36217.44,101.5,4.963
36218.45,100.5,5.0172
36219.45,101.5,5.0644
36220.46,99.5,5.1135
36221.46,100.5,5.1606
36222.47,100.5,5.207
36223.47,100.5,5.2567
36224.48,101.4,5.3065
36225.49,100.5,5.3425
36226.49,101.5,5.3794
36227.5,103.5,5.4356
36228.5,105.5,5.4858
36229.51,101.4,5.5333
36230.51,101.5,5.5799
36231.52,100.5,5.6284
36232.52,104.5,5.675
36233.53,100.5,5.7212
36234.53,100.4,5.7667
36235.54,99.5,5.813
36236.54,105.5,5.8562
36237.55,101.5,5.8987
36238.55,99.5,5.946
36239.56,99.6,5.993
36240.56,101.5,6.0407
36241.57,101.5,6.0877
36242.57,101.5,6.1355
36243.58,100.6,6.184
36244.59,99.2,6.2294
36245.59,100.5,6.2743
36246.6,102.5,6.3192
36247.6,100.5,6.3679
36248.61,101.5,6.4115
36249.61,99.4,6.4569
36250.62,100.5,6.5024
36251.62,100.5,6.5481
36252.63,100.5,6.5915
36253.63,102.5,6.6377
36254.64,100.5,6.6827
36255.64,100.5,6.7236
36256.65,100.5,6.7651
36257.65,100.5,6.8078
36258.66,99.5,6.8504
36259.66,102.5,6.8951
36260.67,101.6,6.9384
36261.67,101.5,6.9844
36262.68,102.5,7.0273
36263.68,100.5,7.0675
36264.69,128.6,7.1055
36265.69,100.5,7.1407
36266.7,100.5,7.1718
36267.7,101.5,7.2045
36268.71,100.5,7.2325
36269.71,102.5,7.263
36270.72,100.5,7.2931
36271.72,100.5,7.322
36272.73,100.5,7.3522
36273.73,100.5,7.3816
36274.74,100.5,7.4117
36275.74,100.5,7.4419
36276.75,100.5,7.4703
36277.75,100.5,7.4988
36278.76,100.5,7.5262
36279.76,100.5,7.5531
36280.77,118.4,7.6102
36281.77,102.5,7.6102
36282.78,99.5,7.6102
36283.78,100.5,7.6223
36284.79,100.5,7.6555
36285.79,100.5,7.6612
36286.8,99.6,7.6612
36287.8,101.5,7.6612
36288.81,101.5,7.6612
36289.81,100.6,7.6612
36290.82,101.5,7.6612
36291.82,101.5,7.6612
36292.83,102.5,7.6612
36293.83,104.5,7.6612
36294.84,99.5,7.6612
36295.84,101.6,7.6612
36296.85,99.5,7.6612
36297.85,101.5,7.6612
36298.86,100.4,7.6612
36299.86,100.5,7.6612
36300.87,100.5,7.6612
36301.87,101.5,7.6612
36302.88,100.5,7.6615
36303.88,103.5,7.6615
36304.89,100.5,7.6615
36305.89,103.5,7.6615
36306.9,100.5,7.6615
36307.9,109.4,7.6615
36308.91,99.5,7.6615
36309.91,101.5,7.6615
36310.92,100.5,7.6615
36311.92,100.5,7.6615
36312.93,100.5,7.6619
36313.93,101.5,7.6619
36314.94,121.4,7.6623
36315.95,100.5,7.6623
36316.95,101.5,7.6623
36317.96,100.5,7.6623
36318.96,101.5,7.6623
36319.97,100.5,7.6623
36320.97,99.5,7.6623
36321.98,100.5,7.6623
36322.98,101.5,7.6623
36323.99,99.5,7.6623
36324.99,102.5,7.6623
36326.0,100.5,7.6623
36327.0,99.5,7.6623
36328.01,101.5,7.6623
36329.01,99.5,7.6623
36330.02,99.5,7.6623
36331.02,101.5,7.6623
36332.03,102.5,7.6623
36333.03,101.5,7.6623
36334.04,100.5,7.6623
36335.04,101.5,7.6623
36336.05,100.5,7.6623
36337.05,101.5,7.6623
36338.06,99.5,7.6623
36339.06,101.5,7.6623
36340.07,100.5,7.6623
36341.07,100.5,7.6623
36342.08,101.5,7.6623
36343.08,101.5,7.6623
36344.09,101.5,7.6623
36345.09,99.5,7.6623
36346.1,100.6,7.6623
36347.1,101.5,7.6623
36348.11,100.5,7.6625
36349.11,100.5,7.6625
36350.12,101.5,7.6625
36351.12,100.5,7.6625
36352.13,100.5,7.6625
36353.13,101.5,7.6625
36354.14,100.5,7.6625
36355.14,100.5,7.6625
36356.15,100.5,7.6625
36357.15,100.5,7.6625
36358.16,101.5,7.6625
36359.16,100.5,7.6625
36360.17,99.7,7.6625
36361.17,102.5,7.6625
36362.18,100.5,7.6625
36363.18,101.5,7.6625
36364.19,99.5,7.6625
36365.19,101.5,7.6625
36366.2,100.5,7.6625
36367.2,100.5,7.6625
36368.21,99.5,7.6625
36369.21,101.5,7.6625
36370.22,99.5,7.6625
36371.22,100.5,7.6625
36372.23,101.5,7.6625
36373.23,101.5,7.6625
36374.24,100.5,7.6625
36375.24,100.5,7.6625
36376.25,99.5,7.6625
36377.25,100.5,7.6625
36378.26,101.5,7.6625
36379.26,100.5,7.6625
36380.27,101.5,7.6625
36381.27,100.5,7.6625
36382.28,100.5,7.6625
36383.28,101.5,7.6628
36384.29,100.5,7.6628
36385.29,101.5,7.6628
36386.3,100.5,7.6628
36387.3,100.5,7.6628
36388.31,100.5,7.6632
36389.31,99.5,7.6632
36390.32,101.5,7.6632
36391.32,100.5,7.6632
36392.33,101.5,7.6632
36393.33,101.5,7.6632
36394.34,100.5,7.6632
36395.35,100.5,7.6632
36396.35,99.5,7.6632
36397.36,99.5,7.6632
36398.36,101.5,7.6632
36399.37,100.5,7.6632
36400.37,101.5,7.6632
36401.38,99.5,7.6632
36402.38,101.5,7.6632
36403.39,100.5,7.6632
36404.39,101.5,7.6632
36405.4,99.5,7.6632
36406.4,99.5,7.6632
36407.41,104.5,7.6632
36408.41,101.5,7.6632
36409.42,101.5,7.6632
36410.42,100.5,7.6632
36411.43,100.5,7.6632
36412.43,101.5,7.6632
36413.44,99.5,7.6632
36414.44,100.5,7.6632
36415.45,100.5,7.6632
36416.45,100.6,7.6632
36417.46,100.5,7.6632
36418.46,100.6,7.6632
36419.47,99.5,7.6632
36420.47,100.5,7.6632
36421.48,101.5,7.6632
36422.48,101.5,7.6632
36423.49,100.5,7.6632
36424.49,99.5,7.6632
36425.5,102.5,7.6632
36426.5,100.5,7.6632
36427.51,100.5,7.6634
36428.51,101.5,7.6634
36429.52,100.5,7.6634
36430.52,101.5,7.6634
36431.53,99.5,7.6634
36432.53,99.5,7.6634
36433.54,101.5,7.6634
36434.54,101.5,7.6634
36435.55,99.5,7.6634
36436.55,100.5,7.6634
36437.56,99.5,7.6634
36438.56,101.5,7.6634
36439.57,99.5,7.6634
36440.57,100.5,7.6634
36441.58,102.5,7.6634
36442.58,99.5,7.6634
36443.59,100.5,7.6634
36444.59,102.5,7.6634
36445.6,100.5,7.6634
36446.6,99.5,7.6634
36447.61,100.5,7.6634
36448.61,100.5,7.6634
36449.62,103.5,7.6634
36450.62,100.5,7.6634
36451.63,101.5,7.6634
36452.63,99.5,7.6634
36453.64,100.5,7.6634
36454.65,99.5,7.6634
36455.65,102.5,7.6634
36456.66,100.5,7.6634
36457.66,99.5,7.6634
36458.67,101.5,7.6634
36459.67,99.5,7.6634
36460.68,101.5,7.6634
36461.68,99.5,7.6634
36462.69,102.5,7.6634
36463.69,100.5,7.6638
36464.7,100.5,7.6638
36465.7,102.5,7.6638
36466.71,100.5,7.6638
36467.71,99.5,7.6638
36468.72,101.5,7.6638
36469.72,100.5,7.6638
36470.73,100.5,7.6638
36471.73,100.5,7.6638
36472.74,101.5,7.6638
36473.74,99.5,7.6641
36474.75,101.5,7.6641
36475.75,100.5,7.6641
36476.76,100.5,7.6641
36477.76,100.5,7.6641
36478.77,100.5,7.6641
36479.77,99.5,7.6641
36480.78,101.5,7.6641
36481.78,102.5,7.6641
36482.79,103.7,2.6156
36483.79,341.2,2.8024
36484.79,354.1,3.0026
36485.8,205.0,3.0908
36486.8,168.2,3.1851
36487.8,1.0,2.6598
36488.81,322.1,2.8171
36489.81,349.9,3.0111
36490.81,3394.2,2.7319
36491.82,318.1,2.8442
36492.82,346.3,3.0605
36493.83,301.5,3.302
36494.83,241.8,3.5495
36495.84,258.7,3.7434
36496.84,300.6,4.0495
36497.85,302.6,4.1378
36498.85,193.0,4.1952
36499.86,113.4,4.2406
36500.86,101.5,4.2679
36501.87,111.5,4.3607
36502.87,107.5,4.6024
36503.88,2.0,2.6135
36504.88,357.9,2.8068
36505.88,3.0,2.5823
36506.89,294.5,2.7522
36507.89,343.9,2.9001
36508.9,316.4,3.066
36509.9,281.5,3.2668
36510.91,221.8,3.5668
36511.91,230.8,3.887
36512.92,235.0,4.3026
36513.92,204.9,4.7385
36514.93,113.4,5.1859
36515.93,115.4,5.6418
36516.94,117.5,6.0861
36517.94,116.4,6.2068
36518.95,141.3,6.2717
36519.95,100.5,6.3328
36520.96,101.6,6.3945
36521.96,104.5,6.5501
36522.97,111.4,6.833
36523.97,100.5,7.1154
36524.98,100.5,7.372
36525.98,118.4,7.5482
36526.99,101.5,7.6482
36527.99,107.4,7.6482
36529.0,100.5,7.6482
36530.0,103.5,7.6482
36531.01,100.5,7.6482
36532.01,102.6,7.6482
36533.02,100.5,7.6484
36534.02,100.5,7.6484
36535.03,102.5,7.6485
36536.03,100.6,7.6485
36537.04,99.5,7.6485
36538.04,102.5,7.6486
36539.05,100.5,7.6486
36540.05,100.5,7.6486
36541.06,100.5,7.6486
36542.06,101.5,7.6486
36543.07,101.5,7.6486
36544.07,99.5,7.6486
36545.08,101.5,7.6486
36546.08,2.0,2.6127
36547.08,350.0,2.8109
36548.09,348.2,3.0621
36549.09,272.6,2.487
36550.1,1484.4,2.751
36551.1,325.3,2.8689
36552.11,0.0,2.5658
36553.11,294.1,2.7634
36554.11,359.9,2.9677
36555.12,303.4,3.369
36556.12,278.6,3.8172
36557.13,301.4,4.3024
36558.13,252.9,4.7766
36559.14,209.9,5.2749
36560.14,124.4,5.7748
36561.15,102.5,6.2734
36562.15,103.5,6.7643
36563.16,101.5,7.2465
36564.16,116.4,7.576
36565.17,125.3,7.676
36566.17,112.5,7.676
36567.18,104.4,7.6593
36568.18,101.5,7.6593
36569.19,99.5,7.6593
36570.19,100.6,7.6593
36571.2,102.5,7.6593
36572.2,101.5,7.6593
36573.21,109.4,7.7454
36574.21,100.6,7.7454
36575.22,99.5,7.7454
36576.22,115.4,7.7455
36577.23,100.5,7.7457
36578.23,100.5,7.7457
36579.24,100.5,7.7457
36580.24,129.3,7.7457
36581.25,102.5,7.7457
36582.25,115.5,7.7459
36583.26,103.5,7.7459
36584.26,99.5,7.7459
36585.27,101.5,7.7459
36586.27,101.5,7.7459
36587.28,102.5,7.7459
36588.28,99.5,7.7459
36589.29,104.5,7.7459
36590.29,104.6,7.7459
36591.3,101.5,7.7459
36592.3,101.5,7.7459
36593.31,99.5,7.7459
36594.31,103.5,7.7459
36595.32,100.5,7.7459
36596.32,100.5,7.7459
36597.33,101.5,7.7459
36598.33,110.4,7.7464
36599.34,99.5,7.7464
36600.34,100.5,7.7464
36601.35,100.5,7.7464
36602.35,101.5,7.7464
36603.36,100.5,7.7464
36604.37,99.5,7.7464
36605.37,102.5,7.7464
36606.38,101.5,7.7464
36607.38,99.5,7.7464
36608.39,100.5,7.7464
36609.39,101.5,7.7464
36610.4,100.5,7.7464
36611.4,99.5,7.7464
36612.41,102.5,7.7464
36613.41,100.5,7.7466
36614.42,99.5,7.7466
36615.42,101.5,7.7466
36616.43,99.5,7.7466
36617.43,103.5,7.7466
36618.44,100.5,7.7466
36619.44,100.5,7.7466
36620.45,99.5,7.7466
36621.45,101.5,7.7466
36622.46,101.5,7.7466
36623.46,101.5,7.7466
36624.47,101.5,7.7466
36625.47,99.5,7.7466
36626.48,101.6,7.7466
36627.48,100.5,7.7466
36628.49,99.5,7.7466
36629.49,101.5,7.7466
36630.5,99.5,7.7466
36631.5,101.5,7.7466
36632.51,99.5,7.7468
36633.51,100.5,7.7468
36634.52,101.5,7.7468
36635.52,101.5,7.7468
36636.53,100.5,7.7468
36637.53,100.5,7.7468
36638.54,100.5,7.7468
36639.54,100.5,7.7468
36640.55,101.5,7.7468
36641.55,100.6,7.7468
36642.56,101.5,7.7468
36643.56,100.5,7.7471
36644.57,101.5,7.7471
36645.57,100.5,7.7471
36646.58,101.5,7.7471
36647.58,99.5,7.7471
36648.59,99.5,7.7471
36649.59,100.5,7.7471
36650.6,101.7,7.7471
36651.6,100.5,7.7471
36652.61,99.5,7.7471
36653.61,102.5,7.7471
36654.62,99.5,7.7471
36655.62,102.5,7.7471
36656.63,99.5,7.7471
36657.63,99.5,7.7471
36658.64,100.5,7.7471
36659.64,100.5,7.7471
36660.65,100.5,7.7471
36661.65,99.5,7.7471
36662.66,100.5,7.7471
36663.66,102.5,7.7471
36664.67,99.5,7.7471
36665.67,100.5,7.7471
36666.68,101.5,7.7471
36667.68,99.5,7.7471
36668.69,102.5,7.7471
36669.69,100.5,7.7471
36670.7,100.5,7.7471
36671.7,99.5,7.7471
36672.71,101.5,7.7471
36673.71,100.6,7.7471
36674.72,99.5,7.7471
36675.72,102.5,7.7471
36676.73,99.5,7.7471
36677.73,101.5,7.7471
36678.74,100.5,7.7471
36679.74,100.5,7.7471
36680.75,100.5,7.7471
36681.76,99.5,7.7471
36682.76,104.5,7.7473
36683.76,99.5,7.7473
36684.77,101.5,7.7473
36685.77,101.5,7.7473
36686.78,99.5,7.7473
36687.79,101.5,7.7473
36688.79,99.6,7.7473
36689.79,117.5,7.7474
36690.8,1.0,2.5849
36691.8,297.4,2.7552
36692.81,339.9,2.8963
36693.81,336.0,3.1419
36694.81,2.0,2.6718
36695.82,341.1,2.8286
36696.82,345.4,3.0405
36697.83,1842.2,2.6811
36698.83,346.0,2.8341
36699.83,345.5,3.0443
36700.84,2.0,2.5739
36701.84,290.5,2.7397
36702.85,342.9,2.8556
36703.85,1.0,2.6122
36704.85,313.1,2.7743
36705.86,318.4,2.9167
36706.86,2.0,2.7089
36707.87,313.1,2.8514
36708.87,350.3,3.1606
36709.87,338.0,3.5007
36710.88,311.4,3.9095
36711.88,220.9,4.3881
36712.89,150.3,4.9117
36713.89,120.4,5.4445
36714.9,108.4,5.9921
36715.9,103.5,6.5427
36716.91,106.4,7.0921
36717.91,142.4,7.5769
36718.92,107.5,7.677
36719.92,161.2,7.677
36720.93,99.6,7.677
36721.93,101.5,7.677
36722.94,99.4,7.677
36723.94,101.5,7.677
36724.95,101.5,7.677
36725.95,113.4,7.7762
36726.96,101.5,7.7762
36727.97,100.4,7.7765
36728.97,100.4,7.7767
36729.98,100.5,7.7767
36730.98,100.5,7.7767
36731.99,100.5,7.7767
36732.99,101.5,7.7767
36734.0,133.3,7.7769
36735.0,101.5,7.7769
36736.01,100.5,7.7769
36737.01,100.5,7.7769
36738.02,100.5,7.7769
36739.02,100.5,7.777
36740.03,99.5,7.777
36741.03,114.4,7.7785
36742.04,99.5,7.7785
36743.04,102.5,7.7785
36744.05,100.5,7.7785
36745.06,100.5,7.7785
36746.06,101.5,7.7785
36747.07,99.5,7.7785
36748.07,111.4,7.7791
36749.08,102.5,7.7791
36750.08,100.5,7.7791
36751.09,99.5,7.7791
36752.09,101.5,7.7791
36753.1,99.6,7.7791
36754.1,100.7,7.7791
36755.11,114.3,7.8331
36756.11,99.5,7.8331
36757.12,100.5,7.8331
36758.12,102.5,7.8331
36759.13,99.5,7.8331
36760.13,101.5,7.8331
36761.14,100.5,7.8331
36762.14,100.5,7.8331
36763.15,100.5,7.893
36764.15,101.5,8.4044
36765.16,101.5,8.8841
36766.16,120.4,9.3311
36767.17,101.5,9.3311
36768.17,100.5,9.3311
36769.18,100.6,9.3311
36770.18,100.5,9.3312
36771.19,100.5,9.3312
36772.19,101.5,9.3312
36773.2,100.5,9.3312
36774.2,101.5,9.3312
36775.21,99.5,9.3312
36776.21,102.5,9.3312
36777.22,102.5,9.336
36778.22,101.5,9.336
36779.23,100.5,9.336
36780.23,101.5,9.336
36781.24,99.6,9.336
36782.24,101.5,9.336
36783.25,99.5,9.336
36784.25,122.6,9.3361
36785.26,264.6,9.3362
36786.26,156.2,9.3362
36787.26,4.0,2.5111
36788.27,279.7,2.7514
36789.27,330.7,2.8896
36790.28,344.2,3.1557
36791.28,332.2,3.4656
36792.29,3.0,2.6267
36793.29,333.0,2.8043
36794.29,351.6,3.0
36795.3,329.5,3.3429
36796.3,4.0,2.5892
36797.31,291.5,2.7867
36798.31,315.1,2.9147
36799.32,338.6,3.2346
36800.32,335.0,3.5393
36801.32,4.0,2.698
36802.33,325.0,2.8663
36803.33,344.4,3.1072
36804.33,319.7,3.3913
36805.34,1.0,2.5851
36806.34,297.8,2.7974
36807.34,356.6,3.0021
36808.35,331.4,3.2927
36809.36,333.2,3.5511
36810.36,4.0,2.6645
36811.36,328.0,2.839
36812.37,351.2,3.0705
36813.37,335.2,3.3211
36814.37,303.6,3.627
36815.38,164.1,3.9701
36816.38,165.1,4.1471
36817.39,100.5,4.2157
36818.39,105.6,4.2724
36819.4,119.4,4.3179
36820.4,101.5,4.3631
36821.41,101.5,4.3996
36822.41,109.5,4.4351
36823.42,119.4,4.4637
36824.42,101.5,4.4889
36825.43,100.5,4.5137
36826.43,100.5,4.5365
36827.44,101.5,4.5613
36828.45,101.5,4.5858
36829.45,100.5,4.6059
36830.46,100.5,4.6347
36831.46,100.5,4.6581
36832.47,101.5,4.6848
36833.47,100.5,4.707
36834.48,100.5,4.7272
36835.48,100.5,4.7486
36836.49,100.5,4.7689
36837.49,101.5,4.7883
36838.5,99.5,4.8072
36839.5,101.5,4.8249
36840.51,100.5,4.8444
36841.51,100.5,4.862
36842.52,100.6,4.875
36843.52,101.6,4.8851
36844.53,100.5,4.8988
36845.53,100.5,4.9141
36846.54,101.5,4.9263
36847.54,100.5,4.9379
36848.55,101.5,4.9506
36849.55,106.5,4.9608
36850.56,3.0,2.633
36851.56,335.1,2.8367
36852.57,353.6,3.058
36853.57,343.2,3.3026
36854.58,276.7,3.6115
36855.58,1.0,2.6206
36856.59,307.6,2.799
36857.59,347.9,2.955
36858.59,331.7,3.2114
36859.6,260.8,3.6318
36860.6,156.2,4.1107
36861.61,127.3,4.6228
36862.61,118.4,5.1308
36863.62,151.2,5.6522
36864.62,101.5,6.1816
36865.63,106.4,6.7029
36866.63,132.3,7.2162
36867.64,115.4,7.6042
36868.65,101.5,7.6793
36869.65,106.4,7.6793
36870.66,100.5,7.6793
36871.66,133.3,7.6793
36872.67,180.0,7.6843
36873.67,103.6,7.6843
36874.68,106.4,7.6843
36875.68,112.4,7.7319
36876.69,116.4,7.7798
36877.69,102.5,7.7798
36878.7,101.5,7.7798
36879.7,104.5,7.7798
36880.71,101.6,7.7757
36881.71,101.5,7.7757
36882.72,102.5,7.7757
36883.72,99.5,7.7757
36884.73,100.5,7.7757
36885.73,113.4,7.7766
36886.74,100.5,7.7766
36887.74,101.5,7.7771
36888.75,103.5,7.7771
36889.75,101.5,7.7771
36890.76,100.5,7.7771
36891.76,100.5,7.7771
36892.77,179.3,7.806
36893.77,3.0,2.6107
36894.78,300.4,2.786
36895.78,2.0,2.5311
36896.78,282.5,2.7839
36897.79,296.4,2.8918
36898.79,348.4,3.1307
36899.8,3.0,2.6635
36900.8,320.2,2.8117
36901.8,317.3,3.0556
36902.81,154.2,3.4598
36903.81,125.3,3.8801
36904.82,3.0,2.6311
36905.82,294.6,2.7932
36906.83,1.0,2.6118
36907.83,316.8,2.8092
36908.84,365.1,3.0184
36909.84,299.7,3.4273
36910.85,2.0,2.57
36911.85,298.1,2.7868
36912.85,335.0,2.8836
36913.86,2.0,2.7012
36914.86,323.1,2.8494
36915.86,6.0,2.6805
36916.86,325.2,2.8415
36917.87,13.0,2.6623
36918.87,342.2,2.9455
36919.88,342.1,3.0959
36920.88,359.8,3.3262
36921.88,337.2,3.5926
36922.89,315.4,3.909
36923.89,311.6,4.2226
36924.9,306.5,4.5328
36925.9,307.1,4.8152
36926.91,305.8,5.1301
36927.91,317.2,5.4177
36928.92,304.4,5.734
36929.92,297.5,6.0181
36930.93,301.4,6.2893
36931.93,317.1,6.5262
36932.93,303.2,6.7396
36933.94,275.6,7.1252
36934.94,176.1,7.5426
36935.95,150.6,7.7917
36936.95,131.4,7.8291
36937.96,100.4,7.8917
36938.96,101.5,7.8917
36939.97,102.5,7.8917
36940.97,113.4,7.8917
36941.98,99.5,7.8917
36942.98,102.5,7.8917
36943.99,101.5,7.8917
36944.99,100.5,7.8932
36946.0,100.5,7.8934
36947.0,111.7,7.9431
36948.01,126.4,8.1015
36949.01,132.3,8.1018
36950.02,125.3,8.1018
36951.02,103.5,8.1018
36952.03,101.5,8.1018
36953.03,99.5,8.1018
36954.04,101.5,8.1018
36955.04,101.5,8.1018
36956.05,100.5,8.1018
36957.05,135.3,8.1009
36958.06,101.5,8.1009
36959.06,99.4,8.1009
36960.07,101.5,8.1009
36961.08,100.5,8.1009
36962.08,100.5,8.1009
36963.09,100.5,8.1009
36964.09,101.5,8.1009
36965.1,100.5,8.1009
36966.1,130.3,8.1015
36967.11,102.5,8.1015
36968.11,104.5,8.1015
36969.12,99.5,8.1015
36970.12,100.5,8.1015
36971.13,100.5,8.1015
36972.13,99.5,8.1015
36973.14,101.5,8.0998
36974.14,100.5,8.0998
36975.15,100.5,8.0984
36976.15,131.3,8.0986
36977.16,100.8,8.0986
36978.16,104.5,8.0989
36979.16,100.6,8.0974
36980.17,101.5,8.0974
36981.17,100.7,8.0974
36982.17,100.7,8.096
36983.18,99.6,8.0965
36984.18,100.5,8.0965
36985.19,100.5,8.0965
36986.19,139.7,8.2565
36987.19,99.7,8.2565
36988.2,100.5,8.2565
36989.2,100.5,8.2552
36990.21,100.5,8.2552
36991.21,100.6,8.2518
36992.22,99.5,8.2517
36993.22,101.4,8.2517
36994.23,100.5,8.2517
36995.23,101.5,8.2517
36996.24,99.5,8.4104
36997.25,102.5,8.852
36998.25,101.5,9.1305
36999.26,167.1,9.3963
37000.26,100.5,9.3956
37001.27,99.5,9.3938
37002.27,102.7,9.3938
37003.27,100.8,9.3938
37004.27,100.8,9.3938
37005.28,100.6,9.3938
37006.28,100.5,9.3938
37007.29,99.5,9.3938
37008.29,100.7,9.3938
37009.3,100.5,9.3938
37010.3,99.5,9.3938
37011.31,102.5,9.3946
37012.31,100.5,9.3946
37013.32,100.5,9.3946
37014.32,100.5,9.3946
37015.33,99.5,9.3946
37016.33,102.5,9.3943
37017.34,101.5,9.3924
37018.34,99.5,9.3924
37019.35,100.5,9.3924
37020.35,101.5,9.3924
37021.36,99.6,9.3924
37022.36,100.5,9.3924
37023.37,101.5,9.3928
37024.37,101.5,9.3908
37025.38,100.5,9.3908
37026.38,101.6,9.3908
37027.38,99.7,9.3908
37028.39,99.5,9.3908
37029.39,101.7,9.3908
37030.4,99.5,9.3908
37031.4,102.5,9.3908
37032.4,99.7,9.3908
37033.41,100.5,9.3908
37034.41,101.5,9.3907
37035.42,99.5,9.3889
37036.42,101.5,9.3889
37037.43,99.4,9.3885
37038.44,100.4,9.3885
37039.44,101.5,9.3883
37040.45,100.5,9.3883
37041.45,100.5,9.3883
37042.46,102.5,9.3883
37043.46,99.4,9.3856
37044.47,100.5,9.3856
37045.47,100.5,9.3859
37046.48,101.5,9.3861
37047.48,99.5,9.3861
37048.49,100.5,9.3861
37049.49,102.5,9.3861
37050.5,100.5,9.3861
37051.5,101.5,9.3861
37052.51,99.5,9.3861
37053.51,100.5,9.3861
37054.52,100.5,9.3861
37055.52,100.5,9.3861
37056.53,99.5,9.3861
37057.53,101.5,9.3864
37058.54,100.5,9.3864
37059.54,102.5,9.3864
37060.55,99.5,9.3864
37061.55,101.5,9.3864
37062.56,99.5,9.3864
37063.56,101.5,9.3867
37064.57,100.5,9.3867
37065.57,100.5,9.3867
37066.58,101.5,9.3867
37067.58,99.5,9.3867
37068.59,101.5,9.3869
37069.59,102.5,9.3869
37070.6,99.5,9.3869
37071.6,99.5,9.3869
37072.61,101.5,9.3872
37073.61,100.5,9.3872
37074.62,99.5,9.3872
37075.62,101.5,9.3872
37076.63,100.5,9.3872
37077.64,101.5,9.3872
37078.64,102.3,9.3872
37079.65,99.5,9.3874
37080.65,100.5,9.3874
37081.66,100.5,9.3874
37082.66,101.6,9.3874
37083.67,101.2,9.3874
37084.67,99.5,9.3874
37085.68,101.5,9.3874
37086.68,99.5,9.3874
37087.69,102.5,9.3874
37088.69,99.5,9.3874
37089.7,101.5,9.3874
37090.7,99.5,9.3874
37091.71,101.5,9.3874
37092.71,99.6,9.3874
37093.72,101.5,9.3874
37094.72,101.5,9.3874
37095.73,101.5,9.3874
37096.73,98.5,9.3874
37097.74,101.5,9.3874
37098.74,101.5,9.3874
37099.75,99.5,9.3874
37100.75,100.6,9.3874
37101.76,101.5,9.3875
37102.76,99.5,9.3875
37103.77,102.5,9.3875
37104.77,99.6,9.3875
37105.78,101.5,9.3875
37106.78,100.5,9.3875
37107.79,101.5,9.3875
37108.79,100.5,9.3875
37109.8,100.5,9.3875
37110.8,100.5,9.3875
37111.81,101.5,9.3875
37112.81,101.5,9.3875
37113.82,99.5,9.3875
37114.83,101.5,9.3875
37115.83,100.6,9.3875
37116.83,101.5,9.3875
37117.84,99.5,9.3877
37118.85,101.5,9.3877
37119.85,101.5,9.3877
37120.86,99.5,9.3877
37121.86,99.7,9.3877
37122.86,101.5,9.3877
37123.87,101.5,9.3877
37124.87,99.5,9.3877
37125.88,101.5,9.3877
37126.88,101.5,9.3877
37127.89,99.5,9.3877
37128.9,100.5,9.3877
37129.9,100.5,9.3877
37130.91,100.5,9.3877
37131.91,101.7,9.3877
37132.91,101.5,9.388
37133.92,100.5,9.388
37134.92,101.5,9.388
37135.93,102.5,9.3884
37136.93,100.5,9.3884
37137.94,99.5,9.3884
37138.95,100.5,9.3884
37139.95,100.5,9.3884
37140.96,100.5,9.3884
37141.96,100.5,9.3884
37142.97,100.5,9.3884
37143.97,101.5,9.3886
37144.98,99.5,9.3886
37145.98,101.5,9.3886
37146.99,100.5,9.3886
37147.99,101.5,9.3887
37149.0,100.5,9.3887
37150.0,101.5,9.3887
37151.01,99.5,9.3887
37152.01,100.6,9.3887
37153.02,100.5,9.3889
37154.02,100.5,9.3889
37155.03,102.5,9.3889
37156.03,99.5,9.3889
37157.04,100.7,9.3889
37158.04,100.5,9.3889
37159.05,100.5,9.3889
37160.05,101.5,9.3889
37161.06,99.5,9.389
37162.06,101.5,9.389
37163.07,99.5,9.3892
37164.08,101.5,9.3892
37165.08,99.5,9.3892
37166.09,103.5,9.3892
37167.09,100.6,9.3892
37168.09,100.6,9.3892
37169.1,99.7,9.3892
37170.1,101.5,9.3892
37171.11,99.5,9.3892
37172.11,101.5,9.3892
37173.12,100.5,9.3892
37174.12,100.5,9.3892
37175.13,100.5,9.3892
37176.13,100.5,9.3892
37177.14,103.5,9.3892
37178.14,99.5,9.3892
37179.15,101.5,9.3892
37180.15,99.5,9.3892
37181.16,99.6,9.3892
37182.16,102.5,9.3892
37183.17,100.5,9.3892
37184.17,101.5,9.3892
37185.18,100.6,9.3893
37186.18,99.5,9.3893
37187.19,101.5,9.3893
37188.19,100.5,9.3893
37189.2,100.6,9.3893
37190.2,102.5,9.3893
37191.21,99.5,9.3893
37192.21,99.5,9.3893
37193.22,100.6,9.3893
37194.22,101.5,9.3893
37195.23,101.5,9.3893
37196.23,99.5,9.3893
37197.24,101.6,9.3893
37198.24,99.5,9.3893
37199.25,102.5,9.3893
37200.25,100.5,9.3893
37201.26,100.6,9.3893
37202.26,100.5,9.3893
37203.27,99.5,9.3893
37204.27,101.5,9.3893
37205.28,100.6,9.3893
37206.28,101.5,9.3893
37207.29,103.5,9.3893
37208.29,99.5,9.3896
37209.3,103.5,9.4258
37210.3,101.5,9.4258
37211.31,100.5,9.4258
37212.31,100.5,9.4258
37213.32,101.5,9.426
37214.32,99.5,9.426
37215.33,101.5,9.426
37216.34,100.5,9.426
37217.34,101.5,9.426
37218.34,2.0,2.7305
37219.35,287.9,2.931
37220.35,360.2,3.0694
37221.36,327.2,3.2924
37222.36,317.3,3.5496
37223.37,314.4,3.8336
37224.37,304.4,4.1234
37225.38,311.6,4.4065
37226.38,3.0,2.6882
37227.39,312.4,2.9212
37228.39,359.0,3.0563
37229.39,341.2,3.2874
37230.4,327.8,3.5193
37231.4,320.6,3.7558
37232.41,307.3,4.0169
37233.41,306.4,4.2651
37234.42,1415.2,2.6077
37235.42,309.3,2.8919
37236.43,364.8,3.0808
37237.43,355.1,3.3579
37238.44,327.6,3.6458
37239.44,316.3,3.9435
37240.45,304.7,4.2354
37241.45,0.0,2.5541
37242.46,288.6,2.8032
37243.46,284.2,2.9589
37244.46,342.2,3.1543
37245.47,314.3,3.3992
37246.47,320.6,3.6505
37247.48,305.3,3.9812
37248.48,305.4,4.3159
37249.49,1.0,2.6738
37250.49,1514.8,2.622
37251.5,333.1,2.8277
37252.5,360.9,3.1116
37253.5,261.7,3.5188
37254.51,121.4,3.9737
37255.51,141.3,4.4444
37256.52,100.5,4.9394
37257.52,104.5,5.2967
37258.53,103.5,5.6536
37259.53,112.4,6.0166
37260.54,102.5,6.4452
37261.54,101.5,6.9615
37262.55,101.5,7.4772
37263.56,119.4,7.6025
37264.56,99.7,7.7025
37265.56,100.5,7.7025
37266.57,102.5,7.7025
37267.57,134.4,7.7028
37268.58,165.1,7.7064
37269.58,102.5,7.7064
37270.59,105.5,7.7004
37271.59,121.4,7.7575
37272.6,102.5,7.7909
37273.61,100.5,7.7909
37274.61,100.5,7.7909
37275.62,100.5,7.791
37276.62,116.5,7.791
37277.63,100.5,7.791
37278.63,101.5,7.791
37279.64,102.5,7.791
37280.64,112.4,7.7918
37281.65,101.5,7.7919
37282.65,100.5,7.7919
37283.66,132.3,7.793
37284.67,289.7,7.8228
37285.67,129.4,7.8063
37286.67,102.5,7.8063
37287.68,105.4,7.8063
37288.69,100.5,7.8063
37289.69,107.5,7.8063
37290.69,105.5,7.8063
37291.7,101.5,7.8063
37292.71,100.5,7.8064
37293.71,101.6,7.8064
37294.72,103.4,7.8064
37295.72,103.6,7.8064
37296.72,101.5,7.8064
37297.73,104.5,7.8064
37298.74,115.4,7.8064
37299.74,109.4,7.8065
37300.75,102.5,7.8065
37301.75,111.4,7.8065
37302.76,108.4,7.8067
37303.76,101.5,7.8067
37304.77,1493.4,2.635
37305.77,307.8,2.8128
37306.77,4.0,2.6094
37307.78,303.1,2.8172
37308.78,303.1,2.9472
37309.78,349.7,3.1592
37310.79,328.5,3.412
37311.79,310.6,3.7059
37312.8,321.9,3.99
37313.8,318.3,4.3947
37314.81,225.8,4.8421
37315.81,146.2,5.3148
37316.82,178.2,5.6127
37317.82,124.3,5.692
37318.83,109.4,5.7618
37319.83,101.5,5.83
37320.84,102.5,5.888
37321.84,99.5,5.9307
37322.85,102.5,5.9732
37323.85,101.5,6.0188
37324.86,100.5,6.0275
37325.86,102.5,6.047
37326.87,117.4,6.2497
37327.87,102.5,6.476
37328.88,107.4,6.6899
37329.89,100.5,6.8494
37330.89,102.5,6.944
37331.9,100.5,6.9498
37332.9,99.5,6.957
37333.91,101.5,6.9633
37334.91,99.5,6.9697
37335.92,100.5,6.9772
37336.92,101.5,6.9827
37337.93,101.5,6.9915
37338.93,99.5,6.9932
37339.94,99.6,6.9983
37340.94,100.5,7.0041
37341.95,101.5,7.0121
37342.95,99.5,7.0191
37343.96,101.5,7.0267
37344.96,100.6,7.0332
37345.97,102.5,7.0417
37346.97,100.5,7.0489
37347.98,100.5,7.0575
37348.98,100.5,7.0594
37349.99,99.5,7.0616
37350.99,100.5,7.0668
37352.0,100.5,7.0722
37353.0,100.5,7.0784
37354.01,100.5,7.0852
37355.01,99.6,7.0896
37356.02,99.5,7.0959
37357.02,102.5,7.1014
37358.03,100.5,7.1019
37359.03,99.5,7.1068
37360.04,104.6,7.1121
37361.04,99.5,7.1168
37362.05,99.5,7.1226
37363.05,100.5,7.1291
37364.06,101.5,7.1342
37365.06,99.5,7.1393
37366.07,102.5,7.1461
37367.07,101.5,7.1557
37368.08,99.5,7.1557
37369.08,100.5,7.1698
37370.09,100.5,7.1699
37371.09,101.5,7.1699
37372.1,99.5,7.1699
37373.11,100.5,7.1738
37374.11,99.5,7.1803
37375.11,100.5,7.189
37376.12,99.5,7.1954
37377.12,101.5,7.2045
37378.13,101.5,7.2096
37379.13,100.5,7.2177
37380.14,99.5,7.2259
37381.14,100.5,7.2325
37382.15,99.5,7.2325
37383.15,102.5,7.2358
37384.16,100.6,7.2383
37385.16,100.5,7.2439
37386.17,99.5,7.2493
37387.17,102.5,7.2556
37388.18,99.5,7.263
37389.19,101.5,7.2673
37390.19,100.5,7.2757
37391.2,100.6,7.2829
37392.2,100.5,7.2856
37393.21,100.5,7.2907
37394.21,100.6,7.2966
37395.21,101.5,7.3026
37396.22,100.5,7.3103
37397.22,100.5,7.3137
37398.23,100.5,7.3175
37399.24,100.4,7.3236
37400.24,100.5,7.3287
37401.25,99.5,7.3354
37402.25,102.5,7.3408
37403.26,99.5,7.3478
37404.26,99.5,7.3603
37405.27,101.5,7.3603
37406.27,101.5,7.3755
37407.28,99.5,7.3766
37408.28,101.5,7.3767
37409.29,100.6,7.3767
37410.29,101.5,7.3796
37411.3,100.5,7.3881
37412.3,101.5,7.3954
37413.31,100.5,7.3976
37414.31,99.5,7.3989
37415.32,101.5,7.4043
37416.32,120.4,7.4091
37417.33,107.4,7.4126
37418.33,115.4,7.4204
37419.34,103.5,7.4234
37420.34,99.5,7.43
37421.35,100.5,7.4353
37422.35,101.5,7.4388
37423.36,102.5,7.4421
37424.36,107.5,7.4848
37425.37,100.5,7.5059
37426.37,130.3,7.61
37427.38,101.5,7.61
37428.38,99.5,7.61
37429.39,106.5,7.6282
37430.39,102.5,7.662
37431.4,102.5,7.662
37432.4,106.4,7.692
37433.41,112.4,7.7623
37434.41,105.4,7.7623
37435.42,128.3,7.7624
37436.42,100.5,7.7624
37437.43,101.5,7.7624
37438.43,101.5,7.7624
37439.44,99.5,7.7624
37440.45,101.5,7.7624
37441.45,101.6,7.7624
37442.45,100.5,7.7627
37443.46,100.5,7.7627
37444.47,100.5,7.7627
37445.47,101.6,7.7627
37446.47,100.5,7.7627
37447.48,100.5,7.7627
37448.49,107.4,7.7627
37449.49,100.5,7.7627
37450.5,100.5,7.7627
37451.5,101.5,7.7627
37452.51,100.5,7.7627
37453.51,99.5,7.7627
37454.52,102.5,7.7627
37455.52,99.5,7.7627
37456.53,100.5,7.7627
37457.53,101.5,7.7627
37458.54,100.5,7.7627
37459.54,100.5,7.7627
37460.55,100.5,7.7627
37461.55,99.5,7.7627
37462.56,101.5,7.7627
37463.56,101.5,7.7627
37464.57,99.5,7.7627
37465.57,101.6,7.7627
37466.58,100.5,7.7627
37467.58,100.5,7.7627
37468.59,100.5,7.7627
37469.59,102.6,7.7627
37470.6,101.4,7.7627
37471.6,100.5,7.7627
37472.61,99.5,7.7627
37473.61,100.5,7.7627
37474.62,100.5,7.7627
37475.62,104.4,7.7627
37476.63,99.5,7.7627
37477.64,101.5,7.7627
37478.64,101.5,7.7627
37479.65,99.5,7.7627
37480.65,101.5,7.7627
37481.66,102.5,7.7627
37482.66,99.5,7.7627
37483.67,101.5,7.7627
37484.67,100.5,7.7627
37485.68,100.5,7.7627
37486.68,99.5,7.7627
37487.69,100.5,7.763
37488.69,100.5,7.763
37489.7,100.8,7.763
37490.7,100.5,7.763
37491.7,100.7,7.763
37492.71,100.5,7.7632
37493.71,100.7,7.7632
37494.71,100.6,7.7632
37495.72,100.7,7.7632
37496.72,101.6,7.7632
37497.73,102.5,7.7632
37498.73,99.5,7.7632
37499.74,100.5,7.7632
37500.74,100.5,7.7632
37501.75,99.5,7.7632
37502.75,100.5,7.7632
37503.76,100.5,7.7632
37504.76,100.5,7.7632
37505.77,101.5,7.7632
37506.77,100.6,7.7632
37507.78,100.6,7.7632
37508.78,100.5,7.7632
37509.79,100.5,7.7632
37510.79,100.5,7.7632
37511.8,101.5,7.7632
37512.8,100.7,7.7635
37513.81,100.5,7.7635
37514.81,100.5,7.7635
37515.82,100.5,7.7635
37516.82,100.5,7.7635
37517.83,101.5,7.7635
37518.83,99.5,7.7635
37519.84,101.5,7.7635
37520.84,100.5,7.7635
37521.85,100.5,7.7635
37522.85,100.5,7.7635
37523.86,101.5,7.7635
37524.86,99.6,7.7635
37525.87,101.5,7.7635
37526.87,100.5,7.7635
37527.88,101.5,7.7635
37528.88,100.6,7.7635
37529.89,102.5,7.7635
37530.89,99.5,7.7635
37531.9,100.5,7.7635
37532.9,101.5,7.7638
37533.91,101.5,7.7638
37534.91,99.5,7.7638
37535.92,100.5,7.7638
37536.92,100.5,7.7638
37537.93,100.5,7.7638
37538.93,100.5,7.7638
37539.94,100.5,7.7638
37540.94,100.5,7.7638
37541.95,100.5,7.7638
37542.95,101.5,7.7638
37543.96,100.5,7.7638
37544.96,100.5,7.7638
37545.97,100.5,7.7638
37546.97,101.5,7.7638
37547.98,100.5,7.7638
37548.98,100.5,7.7638
37549.99,100.4,7.7638
37551.0,99.5,7.7638
37552.0,100.4,7.7638
37553.01,101.5,7.7638
37554.01,99.5,7.7638
37555.02,99.5,7.7638
37556.02,102.5,7.7638
37557.03,100.5,7.7638
37558.03,100.5,7.7638
37559.04,100.5,7.7638
37560.04,101.5,7.7638
37561.05,99.5,7.7638
37562.05,101.5,7.7638
37563.06,100.5,7.7638
37564.06,101.5,7.7638
37565.07,99.5,7.7638
37566.07,99.5,7.7638
37567.08,102.5,7.7638
37568.08,100.5,7.7638
37569.09,100.5,7.7638
37570.09,100.6,7.7638
37571.1,101.5,7.7638
37572.1,99.5,7.7638
37573.11,101.6,7.7638
37574.11,99.5,7.7638
37575.12,101.5,7.7638
37576.12,100.5,7.7638
37577.13,100.5,7.764
37578.13,100.5,7.7643
37579.14,100.5,7.7643
37580.14,101.5,7.7643
37581.15,100.5,7.7643
37582.15,101.5,7.7643
37583.16,99.5,7.7645
37584.17,101.5,7.7645
37585.17,99.5,7.7645
37586.18,100.5,7.7645
37587.18,101.5,7.7645
37588.19,100.6,7.7645
37589.19,101.5,7.7645
37590.2,100.5,7.7645
37591.2,101.5,7.7645
37592.21,100.5,7.7645
37593.21,101.5,7.7645
37594.22,100.5,7.7645
37595.22,99.5,7.7645
37596.23,101.5,7.7645
37597.23,99.5,7.7645
37598.24,102.5,7.7645
37599.24,100.5,7.7645
37600.25,100.5,7.7645
37601.25,100.5,7.7645
37602.26,100.6,7.7645
37603.26,100.5,7.7645
37604.27,100.5,7.7645
37605.27,100.5,7.7645
37606.28,100.2,7.7645
37607.28,2.0,2.6765
37608.29,312.1,2.8214
37609.29,6.0,2.7239
37610.3,334.4,2.9333
37611.3,352.2,3.1065
37612.31,313.3,3.3381
37613.31,315.2,3.5702
37614.32,305.5,3.801
37615.32,321.4,4.0187
37616.33,281.5,4.2407
37617.33,158.5,4.4772
37618.33,30.9,2.7038
37619.34,323.0,2.928
37620.34,348.2,3.1199
37621.35,312.3,3.3689
37622.35,315.3,3.6018
37623.36,307.3,3.8456
37624.36,321.3,4.0813
37625.37,216.9,4.5174
37626.38,168.1,4.9895
37627.38,117.4,5.5104
37628.39,108.4,6.0266
37629.39,133.3,6.5709
37630.4,106.4,7.1079
37631.4,185.0,7.5142
37632.41,145.2,7.6172
37633.41,101.5,7.624
37634.42,99.5,7.6649
37635.42,104.4,7.6649
37636.43,101.5,7.6649
37637.43,100.5,7.6649
37638.44,100.5,7.6649
37639.44,104.4,7.7186
37640.45,104.5,7.7526
37641.45,101.5,7.7649
37642.46,99.5,7.7649
37643.47,109.4,7.7649
37644.47,101.5,7.7649
37645.48,100.5,7.7649
37646.48,100.5,7.7651
37647.49,102.5,7.7651
37648.49,103.5,7.7651
37649.5,100.5,7.7651
37650.5,99.5,7.7651
37651.51,100.6,7.7651
37652.51,102.5,7.7651
37653.52,99.5,7.7651
37654.52,101.5,7.7651
37655.53,99.6,7.7652
37656.53,103.5,7.7652
37657.54,99.5,7.7652
37658.54,100.5,7.7652
37659.55,100.6,7.7652
37660.55,101.5,7.7652
37661.56,101.5,7.7652
37662.56,100.5,7.7654
37663.57,101.6,7.7655
37664.57,99.6,7.7655
37665.58,100.5,7.7655
37666.58,101.5,7.7655
37667.59,100.5,7.7655
37668.59,101.5,7.7655
37669.6,100.5,7.7655
37670.6,99.5,7.7655
37671.61,100.5,7.7655
37672.61,100.5,7.7658
37673.62,99.5,7.7658
37674.62,100.5,7.7658
37675.63,101.5,7.7658
37676.63,99.5,7.7658
37677.64,101.5,7.7658
37678.64,99.5,7.7658
37679.65,101.5,7.7658
37680.65,100.5,7.7658
37681.66,102.6,7.7658
37682.66,100.6,7.7658
37683.67,100.5,7.7658
37684.67,100.5,7.7658
37685.68,101.5,7.7658
37686.68,100.5,7.7658
37687.69,99.5,7.7658
37688.69,102.5,7.7658
37689.7,101.5,7.7658
37690.7,99.5,7.7658
37691.71,101.5,7.7658
37692.71,100.5,7.7658
37693.72,100.5,7.7658
37694.73,99.5,7.7658
37695.73,100.5,7.7658
37696.74,101.5,7.7658
37697.74,99.5,7.7658
37698.75,100.5,7.7658
37699.75,100.5,7.7658
37700.76,101.5,7.7658
37701.76,101.5,7.7658
37702.77,99.5,7.7658
37703.77,100.5,7.7658
37704.78,101.5,7.7658
37705.78,100.5,7.7658
37706.79,100.5,7.7658
37707.79,100.5,7.7658
37708.8,101.5,7.7658
37709.8,99.5,7.7658
37710.81,100.5,7.7658
37711.81,101.5,7.7658
37712.82,101.5,7.7658
37713.82,99.5,7.7658
37714.83,100.5,7.7658
37715.83,101.5,7.7658
37716.84,100.5,7.7658
37717.84,100.5,7.766
37718.85,100.5,7.766
37719.85,100.5,7.766
37720.86,100.5,7.766
37721.87,101.5,7.766
37722.87,100.5,7.766
37723.87,100.5,7.766
37724.88,100.5,7.766
37725.89,101.5,7.766
37726.89,100.5,7.7663
37727.9,99.5,7.7663
37728.9,100.5,7.7663
37729.91,100.6,7.7663
37730.91,99.5,7.7663
37731.92,101.5,7.7663
37732.92,100.5,7.7663
37733.93,100.6,7.7663
37734.93,101.5,7.7663
37735.94,100.5,7.7663
37736.94,100.5,7.7663
37737.95,100.6,7.7663
37738.95,100.5,7.7663
37739.96,100.5,7.7663
37740.96,100.5,7.7663
37741.97,101.5,7.7663
37742.97,100.5,7.7663
37743.98,100.5,7.7663
37744.98,100.5,7.7663
37745.99,100.5,7.7663
37746.99,100.4,7.7663
37748.0,100.5,7.7665
37749.0,100.5,7.7665
37750.01,100.5,7.7665
37751.01,100.5,7.7665
37752.02,99.6,7.7665
37753.02,101.5,7.7665
37754.03,100.5,7.7665
37755.03,100.5,7.7665
37756.04,101.5,7.7665
37757.04,100.5,7.7665
37758.05,101.5,7.7665
37759.05,99.5,7.7665
37760.06,101.6,7.7665
37761.06,100.5,7.7665
37762.07,100.5,7.7665
37763.07,100.5,7.7668
37764.08,100.4,7.7668
37765.08,101.5,7.7668
37766.09,100.5,7.7668
37767.09,100.5,7.7668
37768.1,100.5,7.7668
37769.11,100.5,7.7668
37770.11,101.6,7.7668
37771.11,100.5,7.7668
37772.12,99.5,7.7668
37773.13,100.5,7.7668
37774.13,100.5,7.7668
37775.14,99.5,7.7668
37776.14,101.5,7.7668
37777.15,100.5,7.7668
37778.15,101.5,7.7668
37779.16,101.5,7.7668
37780.16,100.6,7.7668
37781.17,101.5,7.7668
37782.17,98.5,7.7668
37783.18,100.5,7.7668
37784.18,100.5,7.7668
37785.19,100.5,7.7668
37786.19,100.5,7.7668
37787.2,101.5,7.7668
37788.2,100.5,7.7668
37789.21,101.5,7.7668
37790.21,100.5,7.7668
37791.22,99.5,7.7668
37792.22,126.3,7.7668
37793.23,148.3,7.7668
37794.23,107.4,7.7668
37795.24,102.5,7.7668
37796.25,100.5,7.7668
37797.25,100.5,7.7668
37798.26,100.5,7.7668
37799.26,101.5,7.7668
37800.27,101.5,7.7668
37801.27,105.4,7.7668
37802.28,99.5,7.7668
37803.28,102.5,7.7668
37804.29,101.5,7.7668
37805.29,100.5,7.7668
37806.3,101.6,7.7668
37807.3,104.4,7.7668
37808.31,100.5,7.7668
37809.31,99.5,7.7668
37810.32,101.5,7.7668
37811.32,100.5,7.7668
37812.33,100.5,7.7668
37813.33,100.6,7.7671
37814.34,101.5,7.7671
37815.34,100.5,7.7671
37816.35,100.5,7.7671
37817.35,99.5,7.7671
37818.36,102.5,7.7671
37819.37,99.5,7.7671
37820.37,99.6,7.7671
37821.37,102.5,7.7671
37822.38,101.5,7.7671
37823.38,99.5,7.7671
37824.39,101.5,7.7671
37825.4,101.5,7.7671
37826.4,99.5,7.7671
37827.41,100.5,7.7671
37828.41,100.5,7.7671
37829.42,100.5,7.7671
37830.42,101.5,7.7671
37831.43,100.5,7.7671
37832.43,100.5,7.7673
37833.44,100.5,7.7673
37834.44,101.6,7.7673
37835.45,100.5,7.7673
37836.45,100.5,7.7673
37837.46,100.5,7.7673
37838.46,101.5,7.7673
37839.47,101.5,7.7673
37840.47,99.5,7.7673
37841.48,100.5,7.7673
37842.48,101.5,7.7673
37843.49,100.5,7.7673
37844.49,100.6,7.7673
37845.5,99.5,7.7673
37846.5,100.4,7.7673
37847.51,101.5,7.7673
37848.51,101.5,7.7673
37849.52,100.5,7.7673
37850.52,101.5,7.7673
37851.53,111.6,7.8149
37852.53,110.4,7.8522
37853.54,100.5,7.8522
37854.54,99.5,7.8815
37855.55,100.5,7.9001
37856.55,102.5,7.9001
37857.56,100.5,7.9004
37858.56,99.5,7.9004
37859.57,99.5,7.9004
37860.57,102.5,7.9004
37861.58,100.5,7.9004
37862.58,100.5,7.9004
37863.59,99.5,7.9004
37864.59,103.5,7.9004
37865.6,99.5,7.9004
37866.61,100.5,7.9004
37867.61,101.5,7.9004
37868.62,100.5,7.9004
37869.62,101.5,7.9004
37870.63,99.5,7.9004
37871.63,100.5,7.9004
37872.64,101.5,7.9004
37873.64,100.5,7.9004
37874.65,99.5,7.9004
37875.65,100.5,7.9004
37876.66,101.5,7.9004
37877.66,100.5,7.9004
37878.67,101.5,7.9004
37879.67,100.5,7.9004
37880.68,101.5,7.9004
37881.68,99.5,7.9004
37882.69,100.5,7.9004
37883.69,100.5,7.9004
37884.7,100.5,7.9004
37885.71,100.5,7.9004
37886.71,101.5,7.9004
37887.72,100.5,7.9004
37888.72,99.5,7.9004
37889.73,101.5,7.9004
37890.73,102.5,7.9004
37891.74,100.5,7.9004
37892.74,100.5,7.9004
37893.75,100.5,7.9004
37894.75,101.5,7.9004
37895.76,100.5,7.9004
37896.76,99.5,7.9004
37897.77,101.2,7.9004
37898.77,101.5,7.9004
37899.78,99.5,7.9004
37900.78,100.5,7.9004
37901.79,100.5,7.9004
37902.79,101.5,7.9006
37903.8,102.5,7.9006
37904.8,99.5,7.9006
37905.81,101.5,7.9006
37906.81,99.5,7.9006
37907.82,101.5,7.9006
37908.82,99.5,7.9006
37909.83,101.5,7.9006
37910.83,100.6,7.9006
37911.84,99.5,7.9006
37912.84,100.5,7.9006
37913.85,102.5,7.9006
37914.85,1.0,2.6658
37915.86,323.5,2.8315
37916.86,1.0,2.6978
37917.86,330.1,2.8936
37918.87,358.2,3.1365
37919.87,1.0,2.6703
37920.87,326.1,2.8799
37921.88,353.1,3.1082
37922.88,332.0,3.4419
37923.89,322.3,3.8249
37924.89,263.6,4.1197
37925.9,143.2,4.2502
37926.91,118.4,4.3497
37927.91,109.4,4.4698
37928.92,106.5,4.6014
37929.92,100.5,4.6988
37930.92,125.7,4.778
37931.93,3.0,2.6431
37932.93,321.4,2.8294
37933.94,356.9,2.9618
37934.94,326.4,3.1884
37935.95,315.3,3.4801
37936.95,1.0,2.6862
37937.95,312.5,2.8607
37938.96,349.0,3.0397
37939.96,315.5,3.2819
37940.97,320.3,3.599
37941.97,224.8,3.7758
37942.98,137.3,3.9759
37943.98,127.3,4.1631
37944.99,100.5,4.3437
37945.99,102.4,4.5343
37947.0,105.4,4.7235
37948.0,100.5,4.9024
37949.01,104.4,5.0704
37950.02,115.4,5.2587
37951.02,100.5,5.4435
37952.03,109.4,5.6163
37953.03,128.3,5.781
37954.04,102.4,5.9391
37955.04,101.5,6.1122
37956.05,3.0,2.6509
37957.05,333.2,2.8786
37958.06,361.6,3.027
37959.06,338.2,3.2511
37960.07,309.6,3.5432
37961.07,312.3,3.9438
37962.08,320.3,4.3216
37963.08,308.5,4.6861
37964.09,313.3,5.2154
37965.09,323.9,5.5742
37966.1,278.6,5.9907
37967.1,113.4,6.4467
37968.11,146.3,6.9128
37969.11,115.4,7.3738
37970.12,134.3,7.68
37971.12,100.5,7.7716
37972.13,101.5,7.7716
37973.13,100.5,7.7716
37974.14,103.5,7.7716
37975.14,100.6,7.7716
37976.15,100.5,7.7716
37977.15,113.4,7.7716
37978.16,101.5,7.7716
37979.16,117.5,7.8672
37980.17,101.5,7.9024
37981.17,100.5,7.9024
37982.18,100.5,7.9024
37983.18,100.5,7.9024
37984.19,100.5,7.9024
37985.19,101.5,7.9024
37986.2,100.6,7.9024
37987.2,100.5,7.9024
37988.21,100.5,7.9024
37989.21,119.4,7.9037
37990.22,100.5,7.9037
37991.22,101.5,7.9038
37992.23,99.5,7.9038
37993.23,101.5,7.9038
37994.24,100.6,7.9038
37995.24,100.5,7.9038
37996.25,99.5,7.9038
37997.26,105.3,7.9038
37998.27,110.4,7.904
37999.27,101.5,7.904
38000.28,104.5,7.9041
38001.28,99.5,7.9043
38002.29,99.5,7.9043
38003.29,101.5,7.9043
38004.3,100.5,7.9043
38005.3,100.5,7.9043
38006.31,115.5,7.9045
38007.31,101.5,7.9045
38008.32,100.5,7.9045
38009.32,100.5,7.9045
38010.33,99.5,7.9045
38011.33,103.6,7.9045
38012.34,99.5,7.9045
38013.34,100.5,7.9045
38014.35,100.5,7.9045
38015.35,119.4,7.9869
38016.36,102.5,7.9869
38017.36,99.5,7.9869
38018.37,99.5,7.9869
38019.37,101.5,7.9869
38020.38,100.5,7.9869
38021.38,100.5,7.9869
38022.39,103.5,7.9869
38023.39,99.5,7.9869
38024.4,101.5,8.2562
38025.4,100.5,8.7278
38026.41,100.5,9.1555
38027.41,132.4,9.3777
38028.42,100.5,9.3777
38029.42,100.7,9.3777
38030.43,101.5,9.3777
38031.43,100.5,9.3779
38032.43,100.7,9.3781
38033.44,100.3,9.3781
38034.45,100.5,9.3784
38035.45,101.5,9.3784
38036.46,100.5,9.3784
38037.46,100.6,9.3784
38038.47,100.5,9.3788
38039.47,99.5,9.3788
38040.48,101.5,9.3788
38041.48,100.6,9.3788
38042.49,102.5,9.3789
38043.49,99.7,9.3789
38044.49,101.7,9.3789
38045.5,100.6,9.3789
38046.5,102.5,9.3789
38047.5,104.7,9.3789
38048.51,101.5,9.377
38049.52,99.5,9.377
38050.52,100.5,9.377
38051.53,100.5,9.377
38052.53,100.5,9.377
38053.54,99.5,9.377
38054.54,101.5,9.377
38055.55,100.5,9.375
38056.55,100.5,9.375
38057.56,100.5,9.375
38058.56,101.5,9.375
38059.57,101.5,9.375
38060.57,100.5,9.375
38061.58,100.6,9.375
38062.58,102.5,9.375
38063.59,99.5,9.3752
38064.59,99.5,9.3752
38065.6,99.6,9.3752
38066.6,100.5,9.3731
38067.61,101.5,9.3731
38068.61,100.5,9.3731
38069.62,100.5,9.3731
38070.62,100.5,9.3731
38071.63,100.5,9.3732
38072.63,101.5,9.3732
38073.64,99.5,9.3735
38074.65,101.5,9.3735
38075.65,100.5,9.3735
38076.66,99.5,9.3735
38077.66,100.5,9.3715
38078.67,101.5,9.3715
38079.67,100.5,9.3715
38080.68,100.5,9.3715
38081.68,100.5,9.3715
38082.69,100.4,9.3715
38083.7,100.3,9.3715
38084.7,100.5,9.3715
38085.71,100.5,9.3715
38086.71,100.5,9.3715
38087.72,102.5,9.3718
38088.72,100.5,9.3718
38089.73,100.5,9.3701
38090.73,100.5,9.3701
38091.74,100.5,9.3701
38092.74,100.5,9.3701
38093.75,99.5,9.3701
38094.75,101.5,9.3704
38095.76,100.5,9.3704
38096.76,101.5,9.3704
38097.77,101.5,9.3704
38098.77,100.5,9.3704
38099.78,100.5,9.3704
38100.78,99.5,9.3704
38101.79,100.5,9.3704
38102.79,101.5,9.3704
38103.8,100.5,9.3704
38104.8,99.5,9.3683
38105.81,100.5,9.3683
38106.81,101.5,9.3683
38107.82,100.5,9.3683
38108.82,99.5,9.3683
38109.83,101.5,9.3683
38110.83,100.5,9.3683
38111.84,100.5,9.3683
38112.84,102.4,9.3683
38113.85,100.5,9.3683
38114.85,100.5,9.3662
38115.86,101.5,9.3662
38116.87,99.5,9.3662
38117.87,101.5,9.3662
38118.88,100.5,9.3662
38119.88,99.5,9.3662
38120.89,101.5,9.3662
38121.89,100.5,9.3662
38122.9,101.5,9.3662
38123.9,100.5,9.3662
38124.91,102.5,9.3662
38125.91,100.5,9.3662
38126.92,101.5,9.3645
38127.92,100.5,9.3645
38128.93,101.5,9.3645
38129.93,101.5,9.3645
38130.94,99.5,9.3645
38131.94,100.5,9.3645
38132.95,100.5,9.3648
38133.95,101.5,9.3648
38134.96,99.5,9.3648
38135.96,101.7,9.3648
38136.96,100.5,9.3648
38137.97,100.5,9.3649
38138.97,99.5,9.3649
38139.98,101.5,9.3649
38140.98,99.5,9.3649
38141.99,101.5,9.3649
38143.0,100.5,9.3649
38144.0,99.5,9.3649
38145.01,100.5,9.3649
38146.01,100.5,9.3649
38147.02,101.5,9.3649
38148.02,100.5,9.3649
38149.03,101.5,9.3649
38150.03,101.5,9.3649
38151.04,99.5,9.3649
38152.04,100.5,9.3649
38153.05,101.5,9.3653
38154.05,100.6,9.3653
38155.06,99.5,9.3653
38156.06,102.6,9.3653
38157.07,99.5,9.3653
38158.07,101.6,9.3653
38159.08,100.4,9.3653
38160.08,100.5,9.3655
38161.09,101.5,9.3655
38162.09,99.6,9.3655
38163.1,101.5,9.3655
38164.1,101.3,9.3655
38165.11,99.5,9.3655
38166.11,101.5,9.3655
38167.12,99.5,9.3655
38168.12,101.5,9.3655
38169.13,101.4,9.3655
38170.13,100.5,9.3657
38171.14,99.5,9.3657
38172.14,102.5,9.3657
38173.15,99.5,9.3657
38174.15,101.5,9.3657
38175.16,99.5,9.3657
38176.16,100.5,9.3657
38177.17,101.5,9.3657
38178.17,100.5,9.3657
38179.18,100.4,9.3657
38180.19,101.5,9.3657
38181.19,101.5,9.3658
38182.2,100.5,9.3658
38183.2,100.5,9.3658
38184.21,99.5,9.3658
38185.21,99.5,9.3658
38186.22,101.5,9.3658
38187.22,101.5,9.3658
38188.23,99.5,9.3658
38189.23,99.5,9.3658
38190.24,101.5,9.3658
38191.24,101.5,9.3659
38192.25,99.5,9.3659
38193.25,101.5,9.3659
38194.26,100.3,9.3659
38195.27,101.5,9.3659
38196.27,99.6,9.3659
38197.27,101.5,9.3659
38198.28,100.5,9.3659
38199.29,101.4,9.3659
38200.29,100.5,9.3659
38201.3,100.5,9.3659
38202.3,99.5,9.3659
38203.31,101.5,9.3679
38204.31,100.3,9.3679
38205.32,100.5,9.368
38206.32,100.5,9.368
38207.33,99.5,9.368
38208.33,101.5,9.368
38209.34,101.5,9.368
38210.34,101.5,9.368
38211.35,100.5,9.368
38212.35,100.5,9.368
38213.36,101.5,9.368
38214.37,100.3,9.3681
38215.37,101.5,9.3681
38216.38,100.5,9.3681
38217.38,100.5,9.3681
38218.39,99.5,9.3683
38219.39,102.4,9.3683
38220.4,99.5,9.3683
38221.4,100.5,9.3683
38222.41,99.5,9.3683
38223.41,102.5,9.3683
38224.42,100.5,9.3683
38225.42,101.5,9.3878
38226.43,99.5,9.3878
38227.43,100.5,9.3878
38228.44,101.5,9.3878
38229.44,100.5,9.3878
38230.45,100.5,9.3878
38231.45,101.5,9.3878
38232.46,99.5,9.3879
38233.46,100.5,9.3879
38234.47,100.5,9.3879
38235.47,101.5,9.3879
38236.48,101.5,9.3879
38237.48,99.6,9.3879
38238.49,100.5,9.3879
38239.49,99.6,9.3879
38240.5,101.5,9.3879
38241.5,99.5,9.3879
38242.51,100.5,9.3879
38243.51,102.5,9.3879
38244.52,100.5,9.3879
38245.52,101.5,9.3879
38246.53,99.5,9.3879
38247.53,101.5,9.3879
38248.54,101.5,9.4065
38249.55,99.5,9.4066
38250.55,102.5,9.4066
38251.56,100.5,9.4066
38252.56,100.5,9.4068
38253.57,101.5,9.4068
38254.57,99.5,9.4068
38255.58,100.5,9.4068
38256.58,2.0,2.7318
38257.58,319.7,2.9597
38258.59,356.6,3.1415
38259.59,326.5,3.4542
38260.6,310.5,3.7857
38261.6,305.5,4.134
38262.61,305.4,4.5021
38263.61,265.6,2.5288
38264.62,1.0,2.8019
38265.62,354.9,2.9777
38266.62,3.0,2.7623
38267.63,317.4,3.1076
38268.63,377.0,3.2847
38269.64,351.9,3.5838
38270.64,319.3,3.8911
38271.65,314.6,4.0769
38272.65,314.5,4.3235
38273.66,306.3,4.5442
38274.66,300.2,4.6973
38275.67,302.4,4.9306
38276.67,311.5,5.0899
38277.68,307.5,5.3132
38278.68,308.3,5.5948
38279.69,308.3,5.7684
38280.69,206.1,5.9375
38281.7,198.0,6.1644
38282.7,185.0,6.3763
38283.71,187.0,6.571
38284.72,140.0,6.7872
38285.72,213.3,7.039
38286.72,287.5,7.2318
38287.73,124.4,7.3337
38288.73,103.5,7.3948
38289.74,130.1,7.4623
38290.75,111.4,7.5165
38291.75,154.2,7.7094
38292.76,115.4,7.7094
38293.76,100.5,7.7113
38294.77,116.4,7.7114
38295.77,100.5,7.7114
38296.78,101.5,7.7114
38297.78,101.5,7.7119
38298.79,101.5,7.7119
38299.79,100.4,7.7119
38300.8,100.5,7.7119
38301.8,101.5,7.7119
38302.81,99.5,7.7119
38303.81,100.5,7.7121
38304.82,100.5,7.7121
38305.82,99.5,7.7121
38306.83,99.5,7.7121
38307.83,102.5,7.7121
38308.84,99.5,7.7121
38309.85,102.5,7.7121
38310.85,99.6,7.7121
38311.85,102.6,7.7121
38312.86,100.5,7.7122
38313.86,99.5,7.7122
38314.87,101.5,7.7302
38315.87,101.6,7.766
38316.88,100.5,7.766
38317.88,100.5,7.7979
38318.89,100.5,7.8122
38319.89,100.5,7.8122
38320.9,100.5,7.8122
38321.91,102.4,7.8122
38322.91,100.5,7.8122
38323.91,99.5,7.8122
38324.92,101.4,7.8122
38325.93,99.5,7.8122
38326.93,101.5,7.8122
38327.94,99.5,7.8122
38328.94,159.2,7.8189
38329.95,100.5,7.8189
38330.95,100.5,7.8189
38331.96,99.5,7.8132
38332.96,101.5,7.8132
38333.97,101.6,7.8132
38334.97,100.5,7.8132
38335.98,101.5,7.8132
38336.98,100.5,7.8132
38337.99,100.5,7.8132
38338.99,100.5,7.8132
38340.0,100.5,7.8132
38341.0,101.5,7.8132
38342.01,100.5,7.8132
38343.01,102.5,7.8135
38344.02,99.5,7.8135
38345.02,100.4,7.8135
38346.03,101.5,7.8135
38347.03,99.5,7.8135
38348.04,100.5,7.8135
38349.04,101.5,7.8135
38350.05,101.5,7.8135
38351.05,102.5,7.8135
38352.06,99.5,7.8135
38353.06,100.5,7.8135
38354.07,100.5,7.8135
38355.07,100.4,7.8135
38356.08,99.5,7.8135
38357.08,100.5,7.8135
38358.09,100.5,7.8135
38359.09,100.5,7.8135
38360.1,100.5,7.8135
38361.11,101.5,7.8135
38362.11,99.5,7.8135
38363.12,101.5,7.8135
38364.12,99.5,7.8135
38365.13,100.5,7.8135
38366.13,101.5,7.8135
38367.14,100.5,7.8135
38368.14,100.5,7.8135
38369.15,101.5,7.8135
38370.15,100.4,7.8135
38371.16,99.5,7.8135
38372.16,102.5,7.8135
38373.17,99.5,7.8135
38374.17,99.5,7.8135
38375.18,102.5,7.8135
38376.18,100.5,7.8135
38377.19,100.5,7.8135
38378.19,100.5,7.8135
38379.2,99.5,7.8135
38380.2,100.5,7.8135
38381.21,101.5,7.8135
38382.21,101.5,7.8135
38383.22,101.5,7.8135
38384.22,100.5,7.8135
38385.23,99.5,7.8135
38386.23,101.5,7.8135
38387.24,99.5,7.8135
38388.24,99.5,7.814
38389.25,103.5,7.814
38390.25,100.5,7.814
38391.26,99.5,7.814
38392.26,100.5,7.814
38393.27,107.5,7.814
38394.27,101.5,7.814
38395.28,100.5,7.814
38396.28,100.5,7.814
38397.29,100.5,7.814
38398.29,100.5,7.814
38399.3,100.5,7.814
38400.31,100.4,7.814
38401.31,99.6,7.814
38402.31,102.5,7.814
38403.32,99.5,7.814
38404.32,102.5,7.814
38405.33,99.5,7.814
38406.33,101.5,7.814
38407.34,100.5,7.814
38408.34,99.5,7.814
38409.35,100.5,7.814
38410.35,100.5,7.814
38411.36,99.5,7.814
38412.37,101.5,7.814
38413.37,100.6,7.814
38414.37,100.5,7.814
38415.38,103.3,7.814
38416.39,101.6,7.814
38417.39,99.5,7.814
38418.4,101.5,7.814
38419.4,99.5,7.814
38420.41,103.1,7.814
38421.41,99.5,7.814
38422.42,100.5,7.814
38423.42,100.5,7.814
38424.43,99.5,7.8141
38425.43,101.5,7.8141
38426.44,101.5,7.8141
38427.44,99.5,7.8141
38428.45,100.5,7.8141
38429.45,100.5,7.8141
38430.46,99.4,7.8141
38431.46,101.5,7.8141
38432.47,100.5,7.8141
38433.47,101.6,7.8141
38434.48,100.5,7.8141
38435.49,99.3,7.8141
38436.49,102.6,7.8141
38437.49,100.5,7.8144
38438.5,100.5,7.8144
38439.5,101.5,7.8144
38440.51,99.3,7.8144
38441.52,101.5,7.8144
38442.52,101.5,7.8144
38443.53,100.5,7.8144
38444.53,99.5,7.8144
38445.54,100.5,7.8144
38446.54,101.5,7.8144
38447.55,101.5,7.8144
38448.55,100.5,7.8144
38449.56,99.5,7.8144
38450.56,102.6,7.8144
38451.56,99.7,7.8144
38452.57,100.5,7.8144
38453.57,100.5,7.8144
38454.58,100.5,7.8144
38455.58,100.5,7.8144
38456.59,99.7,7.8144
38457.59,101.5,7.8144
38458.6,100.5,7.8144
38459.6,100.5,7.8144
38460.61,101.5,7.8144
38461.61,100.5,7.8144
38462.62,100.5,7.8144
38463.62,100.5,7.8144
38464.63,100.5,7.8144
38465.63,101.5,7.8144
38466.64,100.5,7.8144
38467.64,99.5,7.8144
38468.65,102.5,7.8144
38469.66,100.5,7.8144
38470.66,101.5,7.8144
38471.67,99.5,7.8144
38472.67,101.5,7.8144
38473.68,100.5,7.8146
38474.68,100.5,7.8146
38475.69,100.5,7.8146
38476.69,100.5,7.8146
38477.7,99.5,7.8146
38478.7,100.5,7.8146
38479.71,100.5,7.8146
38480.71,100.5,7.8146
38481.72,102.5,7.8146
38482.72,99.5,7.8149
38483.73,99.5,7.8149
38484.73,102.5,7.8149
38485.74,100.5,7.8149
38486.74,101.5,7.8151
38487.75,100.5,7.8151
38488.75,100.5,7.8151
38489.76,99.5,7.8151
38490.77,102.5,7.8151
38491.77,99.5,7.8151
38492.78,101.5,7.8151
38493.78,100.5,7.8151
38494.79,100.5,7.8151
38495.79,100.5,7.8151
38496.8,99.5,7.8151
38497.8,99.5,7.8151
38498.81,101.6,7.8151
38499.81,101.5,7.8151
38500.82,100.5,7.8151
38501.82,100.5,7.8151
38502.83,101.5,7.8151
38503.83,100.5,7.8151
38504.84,100.5,7.8151
38505.84,99.6,7.8151
38506.85,100.5,7.8151
38507.85,100.5,7.8151
38508.86,101.5,7.8151
38509.86,99.6,7.8151
38510.87,100.5,7.8151
38511.87,100.5,7.8151
38512.88,102.5,7.8151
38513.88,100.5,7.8151
38514.89,101.5,7.8151
38515.89,100.5,7.8151
38516.9,99.5,7.8151
38517.9,102.5,7.8151
38518.91,100.5,7.8151
38519.91,99.5,7.8151
38520.92,100.5,7.8151
38521.92,100.5,7.8151
38522.93,101.5,7.8151
38523.93,99.5,7.8151
38524.94,100.5,7.8151
38525.94,100.5,7.8151
38526.95,101.5,7.8151
38527.95,100.5,7.8154
38528.96,100.5,7.8154
38529.97,99.5,7.8154
38530.97,102.5,7.8154
38531.98,101.5,7.8154
38532.98,100.5,7.8154
38533.99,102.5,7.8154
38534.99,100.5,7.8154
38536.0,101.5,7.8154
38537.0,99.4,7.8154
38538.01,100.5,7.8154
38539.01,100.6,7.8154
38540.02,100.5,7.8154
38541.02,100.5,7.8154
38542.03,100.5,7.8154
38543.03,101.6,7.8154
38544.04,100.5,7.8154
38545.04,99.6,7.8154
38546.05,101.5,7.8154
38547.05,99.5,7.8154
38548.06,102.5,7.8154
38549.06,100.5,7.8154
38550.07,101.5,7.8154
38551.07,99.7,7.8154
38552.08,101.5,7.8154
38553.08,100.5,7.8154
38554.09,100.5,7.8154
38555.09,101.5,7.8154
38556.1,99.3,7.8154
38557.11,102.5,7.8154
38558.11,100.5,7.8154
38559.12,101.5,7.8156
38560.12,101.5,7.8156
38561.13,99.5,7.8156
38562.13,100.5,7.8156
38563.14,102.5,7.8156
38564.14,100.5,7.8156
38565.15,99.5,7.8156
38566.15,103.5,2.6388
38567.16,325.5,2.8915
38568.16,312.0,3.1279
38569.16,367.0,3.2685
38570.17,340.4,3.5032
38571.17,316.4,3.7464
38572.18,314.3,3.9712
38573.18,310.3,4.2086
38574.19,305.4,4.4657
38575.2,301.4,4.628
38576.2,299.7,4.8268
38577.2,303.4,5.0146
38578.21,304.5,5.1492
38579.21,306.4,5.3636
38580.22,302.4,5.6488
38581.23,305.4,5.791
38582.23,304.9,5.9279
38583.23,300.5,6.1078
38584.24,301.4,6.2513
38585.24,185.0,6.3973
38586.25,136.3,6.5224
38587.26,116.4,6.665
38588.26,144.2,6.7798
38589.27,153.2,6.874
38590.27,187.0,7.0501
38591.28,8.0,2.6632
38592.28,314.0,2.8256
38593.28,359.1,3.0107
38594.29,4.0,2.7212
38595.29,333.2,3.0478
38596.3,309.7,3.3105
38597.3,347.9,3.4579
38598.3,353.1,3.6933
38599.31,317.3,4.0209
38600.31,317.4,4.3182
38601.32,308.3,4.6224
38602.32,307.4,4.8632
38603.33,306.4,5.11
38604.34,304.4,5.4059
38605.34,303.4,5.7532
38606.35,304.4,6.0592
38607.35,306.6,6.3109
38608.36,304.4,6.5913
38609.36,301.4,6.8048
38610.37,304.6,6.9815
38611.37,300.4,7.1778
38612.38,301.4,7.3293
38613.38,274.5,7.471
38614.39,257.6,7.8287
38615.39,189.1,7.8619
38616.4,170.1,7.8754
38617.4,113.5,7.9622
38618.41,121.5,7.9622
38619.41,124.5,7.9622
38620.42,119.4,7.9622
38621.42,104.5,7.9622
38622.42,102.5,7.9622
38623.43,104.5,7.9622
38624.44,101.5,7.9625
38625.44,138.3,7.9625
38626.45,154.2,7.9625
38627.45,149.2,7.9625
38628.46,188.0,7.9625
38629.46,169.1,7.9625
38630.47,131.4,7.9625
38631.47,101.5,7.9625
38632.48,103.5,7.9625
38633.48,115.4,7.9625
38634.49,136.4,7.9625
38635.49,109.4,7.9625
38636.5,152.2,7.9625
38637.5,119.4,7.9625
38638.51,102.5,7.9625
38639.51,121.4,7.9625
38640.52,103.5,7.9625
38641.52,105.5,7.9625
38642.53,127.3,7.9625
38643.53,150.2,7.9628
38644.54,103.5,7.9628
38645.54,100.6,7.9628
38646.55,101.3,7.9628
38647.55,100.5,7.9628
38648.56,104.4,7.9628
38649.56,101.5,7.9628
38650.57,101.5,7.9628
38651.57,101.5,7.9628
38652.58,184.0,8.303
38653.58,101.6,8.3509
38654.59,101.5,8.3509
38655.59,107.4,8.3509
38656.6,101.5,8.3509
38657.61,118.4,8.3509
38658.61,105.4,8.3509
38659.62,100.5,8.3509
38660.62,117.4,8.3509
38661.63,118.5,8.3509
38662.63,100.5,8.3509
38663.64,101.5,8.3509
38664.64,100.5,8.3509
38665.65,101.5,8.3509
38666.65,101.5,8.3509
38667.66,127.3,8.3512
38668.66,104.5,8.3512
38669.67,100.5,8.3512
38670.67,102.5,8.3512
38671.68,100.5,8.3512
38672.68,102.7,8.3512
38673.68,100.7,8.3512
38674.69,101.5,8.3512
38675.69,103.5,8.3512
38676.7,102.5,8.3512
38677.7,99.5,8.3512
38678.71,103.5,8.3512
38679.71,101.5,8.3512
38680.72,99.5,8.3512
38681.72,101.4,8.3512
38682.73,101.5,8.3512
38683.73,99.5,8.3512
38684.74,101.6,8.3512
38685.74,102.6,8.3512
38686.75,192.2,8.3512
38687.75,231.8,8.3519
38688.76,134.3,8.3519
38689.76,106.4,8.3519
38690.77,110.4,8.3519
38691.77,103.5,8.3519
38692.78,101.5,8.3519
38693.78,99.5,8.3519
38694.79,101.5,8.3519
38695.79,131.3,8.3519
38696.8,200.0,8.3634
38697.8,149.2,8.3943
38698.81,181.1,8.4933
38699.81,101.5,8.4607
38700.82,101.5,8.4607
38701.82,100.5,8.4607
38702.83,102.5,8.4607
38703.83,101.5,8.4607
38704.84,99.5,8.4607
38705.84,100.6,8.4607
38706.85,101.5,8.4607
38707.85,108.4,8.4607
38708.86,100.5,8.4607
38709.86,101.5,8.4607
38710.87,99.5,8.4607
38711.87,101.5,8.4607
38712.88,100.5,8.461
38713.88,99.5,8.461
38714.89,101.5,8.461
38715.89,102.5,8.461
38716.9,99.5,8.461
38717.9,101.5,8.461
38718.91,100.6,8.461
38719.91,101.5,8.461
38720.92,100.5,8.461
38721.92,100.5,8.461
38722.93,100.5,8.461
38723.93,100.5,8.461
38724.94,99.5,8.461
38725.94,101.5,8.461
38726.95,99.5,8.461
38727.95,100.5,8.4612
38728.96,100.5,8.4612
38729.96,101.5,8.4612
38730.97,100.5,8.4612
38731.97,100.5,8.4612
38732.98,101.5,8.4612
38733.98,99.5,8.4612
38734.99,103.5,8.4612
38735.99,100.6,8.4612
38736.99,99.5,8.4612
38738.0,100.5,8.4612
38739.01,100.4,8.4612
38740.01,100.5,8.4612
38741.02,100.5,8.4612
38742.02,100.5,8.4612
38743.03,101.5,8.4612
38744.03,100.5,8.4612
38745.04,100.5,8.4612
38746.04,100.5,8.4612
38747.05,99.5,8.4612
38748.05,100.5,8.4612
38749.06,101.5,8.4612
38750.06,100.4,8.4612
38751.07,100.5,8.4612
38752.08,100.2,8.4612
38753.08,100.5,8.4612
38754.09,101.5,8.4612
38755.09,101.5,8.4612
38756.1,99.5,8.4612
38757.1,101.4,8.4612
38758.11,100.5,8.4615
38759.11,99.5,8.4615
38760.12,99.6,8.4615
38761.12,102.5,8.4615
38762.13,99.5,8.4615
38763.13,100.5,8.4615
38764.14,101.5,8.4615
38765.14,100.5,8.4615
38766.15,99.5,8.4615
38767.16,103.2,8.4615
38768.16,100.5,8.4615
38769.17,100.6,8.4615
38770.17,101.5,8.4615
38771.18,98.5,8.4615
38772.18,101.4,8.4615
38773.19,100.5,8.4615
38774.19,101.5,8.4615
38775.2,100.5,8.4615
38776.2,100.5,8.4615
38777.21,100.3,8.4615
38778.21,99.5,8.4615
38779.22,101.5,8.4615
38780.22,102.5,8.4615
38781.23,99.5,8.4615
38782.24,100.3,8.4615
38783.24,100.5,8.4615
38784.25,100.5,8.4615
38785.25,100.5,8.4615
38786.26,101.5,8.4615
38787.26,99.5,8.4615
38788.27,101.5,8.4615
38789.27,100.5,8.4615
38790.28,100.5,8.4615
38791.28,101.5,8.4615
38792.29,99.6,8.4615
38793.29,102.5,8.4615
38794.3,99.5,8.4615
38795.3,102.5,8.4615
38796.31,99.5,8.4615
38797.31,101.2,8.4615
38798.32,99.5,8.4615
38799.32,100.5,8.4615
38800.33,99.5,8.4615
38801.33,101.5,8.4615
38802.34,101.5,8.4615
38803.35,100.5,8.4615
38804.35,100.5,8.4615
38805.36,101.5,8.4615
38806.36,99.5,8.4615
38807.37,100.5,8.4617
38808.37,100.5,8.4617
38809.38,101.5,8.4617
38810.38,99.5,8.4617
38811.39,100.5,8.4617
38812.39,100.3,8.462
38813.4,101.5,8.462
38814.4,100.5,8.462
38815.41,101.5,8.462
38816.41,100.5,8.462
38817.42,99.5,8.462
38818.42,100.5,8.462
38819.43,100.6,8.462
38820.43,100.5,8.462
38821.44,102.5,8.462
38822.45,100.2,8.462
38823.45,100.5,8.462
38824.46,101.5,8.462
38825.46,99.5,8.462
38826.47,101.5,8.462
38827.47,99.5,8.462
38828.48,101.5,8.462
38829.48,99.5,8.462
38830.49,101.6,8.462
38831.49,99.6,8.462
38832.5,101.2,8.462
38833.5,101.5,8.462
38834.51,100.5,8.462
38835.51,99.5,8.462
38836.52,101.5,8.462
38837.52,101.4,8.462
38838.53,100.5,8.462
38839.53,100.5,8.462
38840.54,99.5,8.462
38841.55,103.5,8.462
38842.55,100.5,8.462
38843.56,100.5,8.462
38844.56,99.5,8.462
38845.57,100.5,8.462
38846.57,101.5,8.462
38847.58,101.3,8.462
38848.58,100.5,8.462
38849.59,100.5,8.462
38850.59,100.5,8.4622
38851.6,100.5,8.4622
38852.6,101.3,8.4625
38853.61,101.5,8.4625
38854.61,100.5,8.4625
38855.62,100.5,8.4625
38856.63,100.5,8.4625
38857.63,101.4,8.4625
38858.64,103.5,8.4625
38859.64,100.5,8.4625
38860.65,100.5,8.4625
38861.65,101.5,8.4625
38862.66,99.5,8.4625
38863.66,101.5,8.4625
38864.67,99.5,8.4625
38865.67,100.5,8.4625
38866.68,101.5,8.4625
38867.68,99.5,8.4625
38868.69,103.5,8.4625
38869.69,100.5,8.4625
38870.7,99.5,8.4625
38871.7,101.5,8.4625
38872.71,99.3,8.4625
38873.71,101.5,8.4625
38874.72,100.5,8.4625
38875.72,102.5,8.4625
38876.73,101.5,8.4625
38877.74,99.2,8.4625
38878.74,101.5,8.4625
38879.75,99.5,8.4625
38880.75,101.5,8.4625
38881.76,99.5,8.4625
38882.76,100.5,8.4625
38883.77,101.5,8.4625
38884.77,100.6,8.4625
38885.78,101.5,8.4625
38886.78,100.5,8.4625
38887.79,101.5,8.4625
38888.79,99.5,8.4625
38889.8,100.5,8.4625
38890.8,100.5,8.4625
38891.81,101.5,8.4625
38892.81,100.5,8.4625
38893.82,100.7,2.6483
38894.82,266.3,2.8441
38895.82,299.1,3.2513
38896.83,291.2,3.384
38897.83,297.4,3.5554
38898.83,299.4,3.872
38899.84,316.3,4.2286
38900.84,313.3,4.6049
38901.85,307.8,4.9177
38902.85,306.4,5.1921
38903.86,305.4,5.4778
38904.86,302.3,5.7942
38905.87,300.4,6.0832
38906.87,302.5,6.3298
38907.88,306.5,6.5976
38908.88,301.6,6.8095
38909.89,303.4,6.9806
38910.89,301.5,7.1561
38911.9,302.3,7.3196
38912.9,271.5,7.4694
38913.91,258.7,7.8223
38914.92,194.0,7.8224
38915.92,152.2,7.8224
38916.93,121.4,7.8224
38917.93,105.4,7.8224
38918.94,144.2,7.8171
38919.94,117.4,7.8171
38920.95,102.4,7.8171
38921.95,103.5,7.8171
38922.96,103.4,7.8171
38923.96,105.4,7.8171
38924.97,226.0,7.8176
38925.97,214.8,7.8188
38926.98,129.3,7.8188
38927.98,201.9,7.8188
38928.99,204.9,7.8188
38929.99,102.4,7.8188
38931.0,105.4,7.8354
38932.01,102.5,7.9188
38933.01,132.3,7.9188
38934.02,103.4,7.9188
38935.02,106.5,7.9188
38936.03,100.5,7.9188
38937.03,101.5,7.9188
38938.04,140.3,7.9188
38939.04,106.5,7.9188
38940.05,105.5,7.9188
38941.05,103.4,7.9188
38942.06,101.5,7.9188
38943.06,104.4,7.9191
38944.07,103.5,7.9191
38945.07,101.5,7.9191
38946.08,101.5,7.9191
38947.08,101.5,7.9191
38948.09,102.5,7.9191
38949.1,185.0,8.2577
38950.1,99.5,8.3118
38951.11,105.5,8.3577
38952.11,100.5,8.3577
38953.12,104.4,8.3577
38954.12,105.4,8.3577
38955.13,101.5,8.3577
38956.13,125.3,8.3577
38957.14,102.5,8.3577
38958.14,100.5,8.3577
38959.15,119.3,8.3577
38960.15,102.5,8.3577
38961.16,100.5,8.3577
38962.16,99.5,8.3577
38963.17,103.5,8.3577
38964.18,101.5,8.3577
38965.18,123.3,8.3577
38966.19,103.5,8.3577
38967.19,101.5,8.3577
38968.2,99.5,8.3577
38969.2,101.5,8.3577
38970.21,100.5,8.3577
38971.21,100.5,8.3577
38972.22,104.5,8.3577
38973.22,100.5,8.3577
38974.23,101.5,8.3577
38975.23,100.5,8.3577
38976.24,103.4,8.3577
38977.24,102.5,8.3577
38978.25,102.4,8.3577
38979.26,99.5,8.3577
38980.26,100.6,8.3577
38981.26,100.5,8.3577
38982.27,101.5,8.3577
38983.28,101.5,8.3579
38984.28,100.5,8.3579
38985.29,100.5,8.3579
38986.29,102.5,8.3579
38987.3,103.5,8.3579
38988.3,196.9,8.358
38989.31,256.6,8.3583
38990.31,172.4,8.3587
38991.32,312.4,8.4854
38992.32,249.7,8.4922
38993.33,160.3,8.4853
38994.33,140.3,8.4678
38995.34,294.4,8.4892
38996.34,202.9,8.4892
38997.35,167.1,8.4826
38998.35,100.5,8.4826
38999.36,99.6,8.4826
39000.36,107.4,8.4826
39001.37,166.1,8.5149
39002.37,100.5,8.5149
39003.38,104.5,8.5149
39004.38,101.5,8.5149
39005.39,103.5,8.5149
39006.39,101.5,8.5149
39007.4,99.5,8.5149
39008.4,101.5,8.5149
39009.41,101.5,8.5149
39010.41,164.1,8.5156
39011.42,100.5,8.5156
39012.42,100.5,8.5156
39013.43,100.5,8.5156
39014.43,121.5,8.5156
39015.44,101.5,8.5156
39016.44,100.5,8.5156
39017.45,99.5,8.5156
39018.45,110.6,8.5559
39019.46,171.2,8.8809
39020.46,101.5,8.8809
39021.47,100.5,8.8809
39022.47,100.5,8.8809
39023.48,101.5,8.8809
39024.48,99.5,8.8809
39025.49,100.5,8.8809
39026.49,102.5,8.8809
39027.5,99.5,8.8809
39028.51,100.5,9.0056
39029.51,191.5,9.5611
39030.51,135.3,9.6272
39031.52,101.5,9.6272
39032.52,100.5,9.6272
39033.53,100.5,9.6272
39034.53,100.5,9.6272
39035.54,102.5,9.6272
39036.54,99.5,9.6272
39037.55,101.5,9.6275
39038.55,101.5,9.6275
39039.56,143.5,9.7165
39040.56,99.5,9.7165
39041.57,101.5,9.7165
39042.57,99.5,9.7165
39043.58,101.5,9.7165
39044.58,100.5,9.7165
39045.59,100.5,9.7165
39046.6,100.5,9.7165
39047.6,100.5,9.7165
39048.61,100.5,9.7165
39049.61,101.5,9.7165
39050.62,99.5,9.7165
39051.62,102.5,9.7165
39052.63,99.5,9.7165
39053.63,101.5,9.7165
39054.64,101.5,9.7165
39055.64,99.5,9.7165
39056.65,102.5,9.7165
39057.65,100.5,9.7165
39058.66,100.5,9.7166
39059.66,100.5,9.7166
39060.67,100.5,9.7166
39061.68,100.5,9.7166
39062.68,101.5,9.7166
39063.69,100.5,9.7166
39064.69,99.5,9.7166
39065.7,100.5,9.7166
39066.7,99.5,9.7166
39067.71,101.5,9.7166
39068.71,100.5,9.7169
39069.72,100.5,9.7169
39070.72,100.5,9.7169
39071.73,101.5,9.7169
39072.73,100.5,9.7169
39073.74,100.5,9.7169
39074.74,100.5,9.7169
39075.75,103.5,9.7169
39076.76,99.5,9.7169
39077.76,101.5,9.717
39078.77,100.5,9.717
39079.77,100.5,9.717
39080.78,100.5,9.717
39081.78,100.5,9.717
39082.79,101.5,9.7173
39083.79,99.5,9.7173
39084.8,101.5,9.7173
39085.8,99.5,9.7173
39086.81,100.5,9.7173
39087.81,102.5,9.7173
39088.82,99.5,9.7173
39089.82,100.4,9.7173
39090.83,101.5,9.7173
39091.84,100.5,9.7173
39092.84,99.5,9.7173
39093.85,100.5,9.7173
39094.85,101.5,9.7173
39095.86,99.5,9.7173
39096.86,102.5,9.7174
39097.87,101.5,9.7174
39098.87,99.5,9.7174
39099.88,102.5,9.7174
39100.88,102.5,9.7174
39101.89,100.5,9.7174
39102.89,99.5,9.7174
39103.9,101.5,9.7174
39104.9,100.5,9.7174
39105.91,100.5,9.7176
39106.91,101.5,9.7176
39107.92,99.6,9.7176
39108.92,100.6,9.7176
39109.93,99.5,9.7176
39110.93,101.6,9.7176
39111.94,100.5,9.7176
39112.94,100.5,9.7176
39113.95,101.5,9.7176
39114.95,100.5,9.7177
39115.96,100.5,9.7177
39116.96,102.5,9.7177
39117.97,100.5,9.7177
39118.97,101.5,9.7177
39119.98,99.5,9.7177
39120.98,100.5,9.7177
39121.99,101.5,9.7177
39122.99,101.5,9.7177
39124.0,100.5,9.7177
39125.0,100.5,9.7177
39126.01,100.5,9.7177
39127.01,99.5,9.7177
39128.02,101.5,9.7179
39129.02,99.5,9.7179
39130.03,101.5,9.7179
39131.03,100.5,9.7179
39132.04,99.5,9.7179
39133.04,101.5,9.7179
39134.05,99.5,9.7179
39135.05,102.5,9.718
39136.06,99.5,9.718
39137.07,101.5,9.718
39138.07,99.6,9.718
39139.07,101.5,9.718
39140.08,101.5,9.718
39141.09,99.5,9.718
39142.09,101.5,9.718
39143.1,100.5,9.718
39144.1,101.5,9.718
39145.11,101.6,9.718
39146.11,101.5,9.718
39147.12,100.5,9.718
39148.12,99.5,9.718
39149.13,99.6,9.718
39150.13,102.5,9.718
39151.14,99.5,9.718
39152.14,99.5,9.7183
39153.15,101.6,9.7183
39154.15,100.5,9.7183
39155.16,100.5,9.7183
39156.16,100.5,9.7183
39157.17,100.6,9.7183
39158.17,101.5,9.7183
39159.18,99.5,9.7183
39160.18,100.5,9.7183
39161.19,101.6,9.7183
39162.19,102.5,9.7183
39163.2,100.5,9.7183
39164.2,99.5,9.7183
39165.21,100.6,9.7183
39166.21,101.5,9.7183
39167.22,100.5,9.7183
39168.22,100.5,9.7183
39169.23,99.6,9.7183
39170.23,101.5,9.7183
39171.24,100.5,9.7183
39172.24,99.5,9.7183
39173.25,100.6,9.7186
39174.25,101.5,9.7186
39175.26,100.5,9.7186
39176.26,100.6,9.7186
39177.27,100.5,9.7186
39178.27,101.5,9.7186
39179.28,100.5,9.7186
39180.28,99.5,9.7186
39181.29,101.5,9.7186
39182.29,100.5,9.7186
39183.3,101.5,9.7186
39184.3,99.5,9.7186
39185.31,101.5,9.7186
39186.31,101.5,9.7187
39187.32,99.5,9.7187
39188.32,101.5,9.7187
39189.33,100.5,9.7187
39190.33,101.5,9.7187
39191.34,100.6,9.7187
39192.34,101.5,9.7187
39193.35,100.5,9.7187
39194.35,2.0,2.7308
39195.35,344.9,2.8867
39196.36,348.2,3.0965
39197.36,322.4,3.3613
39198.37,323.3,3.6167
39199.38,0.0,2.6645
39200.38,342.0,2.8603
39201.38,352.0,3.1302
39202.39,321.7,3.4587
39203.39,327.5,3.756
39204.39,2.0,2.8059
39205.4,337.4,2.9878
39206.4,302.0,3.327
39207.41,169.1,3.7346
39208.41,2.0,2.6967
39209.41,322.1,2.8603
39210.42,348.0,3.0622
39211.42,312.0,3.3491
39212.42,6563.1,2.6423
39213.42,314.1,2.8305
39214.43,347.1,3.0174
39215.43,292.5,3.3935
39216.44,3.0,2.676
39217.44,361.9,2.8788
39218.44,364.9,3.1706
39219.45,1.0,2.7539
39220.45,323.3,2.9352
39221.45,345.2,3.2601
39222.46,329.4,3.5407
39223.46,1.0,2.6632
39224.47,318.0,2.8584
39225.47,349.7,3.0266
39226.48,319.5,3.3286
39227.48,331.9,3.6379
39228.48,243.7,4.0795
39229.49,136.3,4.5241
39230.49,130.3,4.9888
39231.5,115.4,5.4646
39232.5,111.4,5.9339
39233.51,105.5,6.4077
39234.52,100.5,6.8841
39235.52,100.5,7.3554
39236.53,119.4,7.6419
39237.53,102.5,7.7421
39238.54,100.5,7.7421
39239.54,101.5,7.7421
39240.55,103.4,7.7421
39241.55,104.7,7.7421
39242.55,101.5,7.7421
39243.56,99.5,7.7421
39244.57,104.4,7.7421
39245.57,101.5,7.7421
39246.58,113.4,7.8449
39247.58,100.5,7.8449
39248.59,100.5,7.8449
39249.59,101.5,7.8449
39250.6,100.5,7.8449
39251.6,100.5,7.845
39252.61,100.5,7.845
39253.61,101.5,7.845
39254.62,101.4,7.8451
39255.62,111.4,7.8456
39256.63,102.5,7.8457
39257.63,101.5,7.8457
39258.64,100.5,7.8457
39259.65,101.4,7.8457
39260.65,101.5,7.8457
39261.66,114.4,7.8457
39262.66,100.5,7.8457
39263.67,100.5,7.8457
39264.67,111.4,7.8457
39265.68,100.5,7.8457
39266.68,100.5,7.8457
39267.69,100.5,7.846
39268.69,100.5,7.846
39269.7,99.4,7.846
39270.7,101.5,7.846
39271.71,99.5,7.846
39272.71,111.8,7.846
39273.72,100.5,7.846
39274.72,102.5,7.846
39275.73,99.5,7.846
39276.73,100.5,7.846
39277.74,100.5,7.846
39278.74,100.5,7.846
39279.75,100.4,7.846
39280.75,100.5,7.846
39281.76,115.4,7.9007
39282.77,100.3,7.9007
39283.77,100.5,7.9007
39284.78,99.5,7.9007
39285.78,101.5,7.9007
39286.79,101.5,7.8974
39287.79,100.5,7.8974
39288.8,100.5,7.8974
39289.8,100.5,7.8974
39290.81,99.5,7.9889
39291.81,100.5,8.4476
39292.82,101.5,8.8484
39293.82,100.5,9.3001
39294.83,119.4,9.3717
39295.83,100.5,9.3717
39296.84,101.5,9.3717
39297.84,101.5,9.3717
39298.85,100.5,9.3709
39299.85,99.5,9.3711
39300.86,101.5,9.3711
39301.86,101.5,9.3711
39302.87,101.5,9.3711
39303.87,100.5,9.3711
39304.88,101.5,9.3711
39305.88,100.5,9.3711
39306.89,104.4,9.3716
39307.89,100.5,9.37
39308.9,99.5,9.37
39309.9,100.6,9.37
39310.91,100.5,9.37
39311.91,99.5,9.37
39312.92,102.5,9.3703
39313.92,99.5,9.3703
39314.93,99.5,9.3703
39315.93,100.5,9.3703
39316.94,100.6,9.3703
39317.94,101.5,9.3703
39318.95,100.5,9.3703
39319.95,100.5,9.3703
39320.96,99.5,9.3705
39321.96,102.5,9.3705
39322.97,100.5,9.3705
39323.97,100.5,9.3705
39324.98,99.5,9.3705
39325.98,101.6,9.3705
39326.99,100.6,9.3689
39327.99,100.6,9.3689
39328.99,100.6,9.3689
39330.0,101.5,9.3695
39331.0,99.5,9.3695
39332.01,100.5,9.3695
39333.01,101.5,9.3695
39334.02,100.5,9.3695
39335.02,100.5,9.3695
39336.03,101.6,9.3695
39337.03,100.5,9.3695
39338.04,101.5,9.3675
39339.04,100.5,9.3675
39340.05,99.5,9.3675
39341.05,101.5,9.3675
39342.06,99.5,9.3677
39343.06,102.5,9.3677
39344.07,100.5,9.3677
39345.07,100.5,9.3677
39346.08,100.5,9.3677
39347.08,99.5,9.3677
39348.09,100.5,9.3677
39349.09,101.5,9.3677
39350.1,100.6,9.3677
39351.1,100.5,9.3677
39352.11,101.5,9.3677
39353.11,100.5,9.3677
39354.12,99.5,9.3679
39355.12,101.5,9.3679
39356.13,100.5,9.3679
39357.13,100.5,9.3679
39358.14,100.5,9.3682
39359.14,100.5,9.3682
39360.15,100.5,9.3667
39361.15,100.6,9.3667
39362.16,101.5,9.3667
39363.16,100.5,9.3667
39364.17,99.5,9.3667
39365.18,104.3,9.3669
39366.18,99.5,9.3669
39367.19,99.5,9.3669
39368.19,101.5,9.3669
39369.2,100.5,9.365
39370.2,101.4,9.365
39371.21,99.6,9.365
39372.21,101.5,9.365
39373.22,100.5,9.365
39374.22,100.5,9.365
39375.23,99.3,9.365
39376.23,102.5,9.365
39377.24,99.5,9.365
39378.24,101.5,9.365
39379.25,101.5,9.365
39380.25,100.4,9.365
39381.26,100.6,9.365
39382.26,101.5,9.365
39383.27,99.5,9.365
39384.27,99.5,9.365
39385.28,101.4,9.365
39386.28,100.5,9.365
39387.29,100.5,9.365
39388.29,101.6,9.3653
39389.3,100.5,9.3653
39390.3,100.4,9.3653
39391.31,99.5,9.3653
39392.31,129.5,9.3653
39393.32,116.4,9.3653
39394.32,102.5,9.3653
39395.33,101.4,9.3653
39396.34,100.5,9.3653
39397.34,99.5,9.3653
39398.35,101.5,9.3653
39399.35,100.5,9.3653
39400.36,102.3,9.3653
39401.36,100.5,9.3653
39402.37,99.5,9.3653
39403.37,99.5,9.3653
39404.38,102.5,9.3653
39405.38,100.5,9.3653
39406.39,100.5,9.3655
39407.39,99.5,9.3658
39408.4,101.5,9.3658
39409.4,100.5,9.3658
39410.41,100.5,9.3658
39411.41,100.5,9.3658
39412.42,101.5,9.3658
39413.42,99.5,9.3658
39414.43,101.5,9.3658
39415.43,101.5,9.3658
39416.44,104.5,9.3658
39417.44,100.5,9.3658
39418.45,99.5,9.3658
39419.45,100.5,9.3658
39420.46,103.5,9.3658
39421.46,99.5,9.3658
39422.47,101.6,9.3658
39423.47,100.5,9.3658
39424.48,100.5,9.3658
39425.48,100.5,9.3658
39426.49,99.5,9.3658
39427.49,101.5,9.3658
39428.5,100.5,9.3658
39429.5,101.5,9.3658
39430.51,99.5,9.3658
39431.51,99.5,9.3658
39432.52,101.6,9.3658
39433.52,99.5,9.3658
39434.53,101.5,9.3658
39435.53,100.5,9.3658
39436.54,101.6,9.3658
39437.54,101.6,9.3658
39438.55,99.5,9.3658
39439.55,99.5,9.3658
39440.56,101.2,9.3658
39441.56,100.5,9.3658
39442.57,99.6,9.3658
39443.57,101.5,9.3658
39444.58,101.5,9.3658
39445.59,98.4,9.3658
39446.59,101.5,9.3658
39447.59,101.5,9.3658
39448.6,99.5,9.3658
39449.61,100.5,9.3658
39450.61,100.3,9.3658
39451.62,101.5,9.3658
39452.62,101.5,9.366
39453.63,100.5,9.366
39454.63,101.5,9.366
39455.64,98.5,9.366
39456.64,103.5,9.366
39457.65,100.5,9.366
39458.65,100.5,9.366
39459.66,107.5,9.366
39460.66,99.3,9.366
39461.67,101.5,9.366
39462.67,100.5,9.366
39463.68,100.5,9.366
39464.69,100.5,9.366
39465.69,99.6,9.366
39466.69,101.5,9.366
39467.7,100.5,9.366
39468.7,101.6,9.366
39469.71,99.5,9.366
39470.72,100.3,9.366
39471.72,100.5,9.366
39472.73,101.5,9.366
39473.73,99.5,9.366
39474.74,99.5,9.366
39475.74,100.4,9.366
39476.75,100.5,9.366
39477.75,101.5,9.366
39478.76,99.7,9.366
39479.76,100.5,9.3663
39480.77,100.6,9.3663
39481.77,102.5,9.3663
39482.78,100.5,9.3663
39483.78,101.5,9.3663
39484.79,100.5,9.3663
39485.79,99.3,9.3663
39486.8,100.5,9.3663
39487.8,101.5,9.3663
39488.81,100.5,9.3663
39489.81,100.5,9.3663
39490.82,99.5,9.3664
39491.82,100.6,9.3664
39492.83,101.5,9.3664
39493.83,99.5,9.3664
39494.84,101.5,9.3664
39495.84,99.5,9.3664
39496.85,101.5,9.3664
39497.85,101.5,9.3666
39498.86,99.5,9.3666
39499.86,100.5,9.3666
39500.87,100.4,9.3666
39501.87,100.5,9.3666
39502.88,100.5,9.3666
39503.88,100.6,9.3666
39504.89,100.5,9.3666
39505.89,101.5,9.3666
39506.9,99.5,9.3666
39507.9,100.5,9.3666
39508.91,101.5,9.3666
39509.91,100.5,9.3666
39510.92,101.5,9.3666
39511.92,100.6,9.3666
39512.93,99.5,9.3666
39513.93,100.5,9.3666
39514.94,102.5,9.3666
39515.94,99.5,9.3666
39516.95,100.6,9.3666
39517.95,100.5,9.3666
39518.95,99.6,9.3666
39519.96,100.5,9.3666
39520.97,100.5,9.3666
39521.97,100.5,9.3666
39522.98,101.5,9.3666
39523.98,2.0,2.7677
39524.98,350.1,2.9047
39525.99,346.2,3.1273
39526.99,315.4,3.3755
39528.0,316.8,2.5297
39529.0,1452.2,2.8241
39530.01,337.6,2.9826
39531.01,321.3,3.2243
39532.02,315.0,3.4669
39533.02,322.3,3.722
39534.03,139.3,4.0364
39535.03,126.4,4.4792
39536.04,136.3,4.9407
39537.04,128.3,5.4128
39538.05,102.7,5.8786
39539.05,101.5,6.3451
39540.06,100.5,6.8191
39541.06,101.4,7.2983
39542.07,120.5,7.6169
39543.07,102.5,7.7172
39544.08,102.5,7.7172
39545.08,100.5,7.7172
39546.09,109.3,7.7172
39547.09,99.5,7.7172
39548.1,99.5,7.7172
39549.1,214.9,7.7244
39550.11,99.5,7.7244
39551.11,101.5,7.7244
39552.12,100.6,7.7244
39553.12,100.5,7.7244
39554.13,99.5,7.7244
39555.13,104.5,7.7244
39556.14,106.4,7.7244
39557.14,99.5,7.7245
39558.15,116.4,7.7806
39559.15,104.5,7.8246
39560.16,100.5,7.8246
39561.16,99.4,7.8246
39562.17,102.5,7.8246
39563.17,102.5,7.8246
39564.18,100.5,7.8246
39565.19,100.5,7.8246
39566.19,101.5,7.8246
39567.2,99.5,7.8246
39568.2,100.5,7.8246
39569.21,101.5,7.8246
39570.21,102.5,7.8246
39571.22,99.6,7.8246
39572.22,99.5,7.8246
39573.23,101.5,7.8246
39574.23,99.5,7.8246
39575.24,101.5,7.8246
39576.24,100.4,7.8246
39577.25,100.5,7.8246
39578.25,100.5,7.8246
39579.26,100.5,7.8246
39580.26,104.6,7.8248
39581.27,99.3,7.8248
39582.27,102.5,7.8248
39583.28,100.5,7.8248
39584.28,101.5,7.8248
39585.29,99.5,7.8248
39586.29,102.5,7.8248
39587.3,99.5,7.8248
39588.3,99.5,7.8251
39589.31,101.5,7.8251
39590.31,100.5,7.8251
39591.32,100.5,7.8251
39592.33,100.5,7.8251
39593.33,101.5,7.8251
39594.34,100.5,7.8251
39595.34,100.5,7.8251
39596.35,99.4,7.8251
39597.35,100.5,7.8251
39598.36,100.5,7.8251
39599.36,100.5,7.8251
39600.37,101.5,7.8251
39601.37,101.5,7.8251
39602.38,100.5,7.8251
39603.38,99.5,7.8251
39604.39,99.5,7.8251
39605.39,101.5,7.8251
39606.4,101.5,7.8251
39607.4,99.5,7.8251
39608.41,101.5,7.8251
39609.41,99.5,7.8251
39610.42,100.5,7.8251
39611.42,101.5,7.8251
39612.43,100.5,7.8251
39613.43,100.5,7.8251
39614.44,100.5,7.8251
39615.44,101.5,7.8251
39616.45,99.5,7.8251
39617.45,100.5,7.8251
39618.46,101.5,7.8251
39619.46,100.5,7.8251
39620.47,101.5,7.8251
39621.47,99.5,7.8251
39622.48,99.5,7.8251
39623.48,101.5,7.8251
39624.49,101.5,7.8251
39625.49,101.5,7.8251
39626.5,100.5,7.8251
39627.5,101.5,7.8251
39628.51,99.5,7.8251
39629.52,101.5,7.8251
39630.52,100.5,7.8251
39631.53,100.5,7.8251
39632.53,100.5,7.8251
39633.54,100.5,7.8251
39634.54,99.5,7.8251
39635.55,100.5,7.8251
39636.55,102.5,7.8251
39637.56,101.5,7.8253
39638.56,100.5,7.8253
39639.57,100.5,7.8253
39640.57,99.5,7.8253
39641.58,99.5,7.8253
39642.58,101.5,7.8253
39643.59,100.5,7.8253
39644.59,100.5,7.8253
39645.6,100.5,7.8253
39646.6,102.5,7.8253
39647.61,99.5,7.8253
39648.61,99.5,7.8253
39649.62,100.5,7.8253
39650.62,103.5,7.8253
39651.63,100.5,7.8253
39652.63,102.5,7.8253
39653.64,101.5,7.8253
39654.64,99.5,7.8253
39655.65,99.5,7.8253
39656.65,101.5,7.8253
39657.66,100.5,7.8253
39658.66,99.5,7.8253
39659.67,101.5,7.8253
39660.67,99.5,7.8253
39661.68,102.4,7.8253
39662.69,101.5,7.8253
39663.69,100.5,7.8253
39664.7,99.5,7.8253
39665.7,101.5,7.8253
39666.7,99.7,7.8253
39667.71,100.5,7.8253
39668.71,100.5,7.8253
39669.72,101.5,7.8253
39670.72,101.5,7.8253
39671.73,99.5,7.8253
39672.73,100.5,7.8253
39673.74,99.5,7.8253
39674.75,100.5,7.8253
39675.75,101.5,7.8253
39676.76,101.5,7.8253
39677.76,99.5,7.8253
39678.77,100.5,7.8253
39679.77,101.5,7.8253
39680.78,101.5,7.8253
39681.78,100.5,7.8253
39682.79,100.5,7.8256
39683.79,100.5,7.8256
39684.8,102.5,7.8256
39685.8,99.5,7.8256
39686.81,100.5,7.8256
39687.81,100.5,7.8256
39688.82,100.5,7.8256
39689.82,100.5,7.8256
39690.83,102.5,7.8256
39691.83,99.5,7.8256
39692.84,100.5,7.8256
39693.84,101.5,7.8256
39694.85,99.5,7.8256
39695.85,100.5,7.8256
39696.86,101.5,7.8256
39697.86,100.5,7.8256
39698.87,99.5,7.8256
39699.87,100.5,7.8256
39700.88,100.5,7.8256
39701.88,101.5,7.8256
39702.89,101.5,7.8256
39703.89,99.5,7.8256
39704.9,99.5,7.8256
39705.9,101.5,7.8256
39706.91,101.5,7.8256
39707.91,101.5,7.8256
39708.92,99.5,7.8256
39709.92,100.5,7.8256
39710.93,100.5,7.8256
39711.93,102.6,7.8256
39712.94,99.5,7.8256
39713.94,100.5,7.8256
39714.95,100.5,7.8256
39715.95,100.5,7.8256
39716.96,99.4,7.8256
39717.96,102.6,7.8256
39718.97,100.5,7.8256
39719.97,100.5,7.8256
39720.98,100.5,7.8256
39721.98,99.7,7.8256
39722.99,100.5,7.8256
39723.99,99.5,7.8256
39725.0,102.5,7.8256
39726.0,99.5,7.8256
39727.01,100.5,7.8256
39728.01,100.5,7.8258
39729.02,101.5,7.8258
39730.02,101.5,7.8258
39731.03,100.5,7.8258
39732.03,100.6,7.8258
39733.04,103.5,7.8258
39734.04,99.5,7.8258
39735.05,99.5,7.8258
39736.05,100.5,7.8258
39737.06,102.5,7.8258
39738.06,99.5,7.8258
39739.07,101.5,7.8258
39740.07,100.5,7.8258
39741.08,99.5,7.8258
39742.09,101.5,7.8258
39743.09,100.5,7.8258
39744.1,99.5,7.8258
39745.1,101.5,7.8258
39746.11,99.5,7.8258
39747.11,102.5,7.8258
39748.12,100.5,7.8258
39749.12,99.5,7.8258
39750.13,100.5,7.8258
39751.13,102.5,7.8258
39752.14,101.5,7.8258
39753.14,100.5,7.8258
39754.15,100.5,7.8258
39755.15,99.5,7.8258
39756.16,101.5,7.8258
39757.16,99.5,7.8258
39758.17,100.5,7.8258
39759.17,101.5,7.8258
39760.18,99.5,7.8258
39761.18,102.5,7.8258
39762.19,99.5,7.8258
39763.19,99.5,7.8258
39764.2,101.5,7.8258
39765.2,101.5,7.8258
39766.21,99.5,7.8258
39767.21,99.5,7.8258
39768.22,101.5,7.8258
39769.22,101.5,7.8258
39770.23,113.4,7.8262
39771.23,100.5,7.8262
39772.24,101.5,7.8262
39773.24,99.5,7.8262
39774.25,101.5,7.8262
39775.25,99.5,7.8262
39776.26,100.5,7.8262
39777.26,100.5,7.8262
39778.27,101.5,7.8265
39779.27,100.5,7.8265
39780.28,100.5,7.8265
39781.28,100.5,7.8265
39782.29,100.5,7.8265
39783.29,100.5,7.8265
39784.3,100.5,7.8265
39785.3,100.5,7.8265
39786.31,100.5,7.8265
39787.31,101.5,7.8265
39788.32,101.6,7.8265
39789.32,99.5,7.8265
39790.33,101.5,7.8265
39791.33,101.5,7.8265
39792.34,99.5,7.8265
39793.34,103.5,7.8265
39794.35,98.6,7.8265
39795.35,100.5,7.8265
39796.36,101.5,7.8265
39797.36,99.5,7.8265
39798.37,101.5,7.8265
39799.38,101.5,7.8265
39800.38,99.5,7.8265
39801.39,100.5,7.8265
39802.39,99.6,7.8265
39803.39,101.5,7.8265
39804.4,99.5,7.8265
39805.4,101.5,7.8265
39806.41,100.5,7.8265
39807.41,101.5,7.8265
39808.42,100.5,7.8265
39809.42,100.5,7.8265
39810.43,101.5,7.8265
39811.44,99.5,7.8265
39812.44,101.5,7.8265
39813.45,101.5,7.8265
39814.45,100.5,7.8265
39815.46,100.5,7.8265
39816.46,99.5,7.8265
39817.47,101.5,7.8265
39818.47,99.5,7.8265
39819.48,100.5,7.8265
39820.48,100.5,7.8265
39821.49,103.5,7.8265
39822.49,100.5,7.8268
39823.5,100.5,7.8268
39824.5,100.6,7.8268
39825.51,100.5,7.8268
39826.51,101.5,7.8268
39827.52,99.5,7.8268
39828.52,111.7,2.6469
39829.52,323.7,2.8413
39830.53,353.5,2.9946
39831.53,316.4,3.2426
39832.54,321.2,3.4923
39833.54,1.0,2.6546
39834.54,350.0,2.8627
39835.55,357.1,3.1272
39836.55,319.6,3.4372
39837.56,318.4,3.7771
39838.56,138.3,4.2015
39839.57,132.3,4.6345
39840.57,120.4,5.0904
39841.58,106.4,5.55
39842.58,119.6,6.0037
39843.58,100.8,6.4564
39844.59,105.5,6.9253
39845.59,99.5,7.3839
39846.6,123.4,7.7071
39847.61,101.2,7.7106
39848.61,103.7,7.7106
39849.62,101.5,7.7106
39850.62,103.5,7.7106
39851.63,99.5,7.7106
39852.63,102.5,7.7106
39853.64,101.6,7.7106
39854.64,100.5,7.7106
39855.65,110.5,7.8133
39856.65,101.5,7.8133
39857.66,102.5,7.8133
39858.66,100.7,7.8133
39859.66,101.5,7.8133
39860.67,99.5,7.8135
39861.67,99.6,7.8135
39862.68,102.5,7.8135
39863.68,100.5,7.8135
39864.69,114.6,7.814
39865.69,101.5,7.814
39866.7,101.5,7.814
39867.7,99.4,7.8143
39868.71,101.5,7.8143
39869.71,115.4,7.8143
39870.72,99.6,7.8143
39871.72,99.5,7.8143
39872.73,101.5,7.8143
39873.73,110.4,7.8143
39874.74,100.5,7.8143
39875.74,101.5,7.8143
39876.75,101.5,7.8143
39877.76,101.2,7.8143
39878.76,100.5,7.8143
39879.77,100.5,7.8143
39880.77,100.5,7.8143
39881.78,100.5,7.8143
39882.78,111.4,7.8144
39883.79,99.5,7.8144
39884.79,100.5,7.8144
39885.8,101.5,7.8144
39886.8,100.5,7.8144
39887.81,100.5,7.8144
39888.81,100.6,7.8144
39889.82,100.5,7.8144
39890.82,100.5,7.8144
39891.83,113.4,7.8692
39892.83,100.5,7.8692
39893.84,99.5,7.8692
39894.84,101.5,7.8692
39895.85,100.5,7.8692
39896.85,101.5,7.8692
39897.86,101.3,7.8692
39898.87,100.5,7.8692
39899.87,99.5,7.8692
39900.88,101.5,7.8827
39901.88,100.5,8.3546
39902.89,101.5,8.7684
39903.89,102.5,9.2348
39904.9,120.4,9.3502
39905.9,100.5,9.3502
39906.91,99.5,9.3502
39907.91,101.4,9.3502
39908.92,101.5,9.3502
39909.92,99.5,9.3502
39910.93,101.5,9.3502
39911.93,99.5,9.3502
39912.94,107.5,9.3504
39913.94,100.5,9.3504
39914.95,100.5,9.3504
39915.95,99.5,9.3504
39916.96,102.5,9.3511
39917.96,100.5,9.3511
39918.97,99.5,9.3511
39919.97,100.6,9.3511
39920.98,100.5,9.3511
39921.98,100.5,9.3511
39922.99,101.5,9.3491
39923.99,99.5,9.3491
39925.0,100.6,9.3491
39926.0,101.5,9.3491
39927.01,100.5,9.3491
39928.01,99.5,9.3493
39929.02,100.6,9.3493
39930.02,104.4,9.3493
39931.03,100.5,9.3493
39932.03,100.5,9.3493
39933.04,101.5,9.3476
39934.04,99.5,9.3476
39935.05,100.5,9.3476
39936.05,101.5,9.3476
39937.06,100.5,9.3476
39938.06,100.4,9.3476
39939.07,100.5,9.3476
39940.07,101.6,9.3481
39941.08,100.5,9.3481
39942.08,100.5,9.3481
39943.09,99.4,9.3481
39944.09,101.5,9.3481
39945.1,100.5,9.3481
39946.11,99.5,9.3481
39947.11,100.5,9.3481
39948.12,99.3,9.3481
39949.12,101.6,9.3481
39950.13,102.5,9.3481
39951.13,99.5,9.3481
39952.14,101.5,9.3481
39953.14,100.5,9.3481
39954.15,101.5,9.3481
39955.15,99.5,9.3481
39956.16,100.5,9.3481
39957.16,100.5,9.3481
39958.17,100.5,9.3481
39959.17,100.5,9.3481
39960.18,100.5,9.3481
39961.18,100.5,9.3481
39962.19,100.5,9.3481
39963.19,99.5,9.3484
39964.2,101.5,9.3484
39965.2,101.5,9.3486
39966.21,100.5,9.3486
39967.21,100.5,9.3486
39968.22,101.5,9.3486
39969.22,100.5,9.3486
39970.23,101.5,9.3486
39971.23,100.5,9.3486
39972.24,99.5,9.3486
39973.25,101.5,9.3486
39974.25,99.6,9.3486
39975.25,101.6,9.3486
39976.26,99.5,9.3486
39977.26,100.5,9.349
39978.27,100.3,9.349
39979.28,101.5,9.349
39980.28,100.5,9.349
39981.29,100.3,9.349
39982.29,100.5,9.349
39983.3,101.5,9.349
39984.3,101.5,9.349
39985.31,99.5,9.349
39986.31,100.5,9.349
39987.32,100.5,9.349
39988.33,102.3,9.349
39989.33,100.5,9.349
39990.34,99.5,9.349
39991.34,100.5,9.349
39992.35,101.5,9.349
39993.35,101.5,9.349
39994.36,99.5,9.349
39995.36,101.5,9.349
39996.37,99.5,9.349
39997.37,100.5,9.349
39998.38,100.4,9.349
39999.38,144.3,9.3496
40000.39,101.5,9.3496
40001.39,100.5,9.3496
40002.4,100.5,9.3496
40003.4,100.5,9.3496
40004.41,101.5,9.3496
40005.41,100.6,9.3496
40006.42,100.6,9.3496
40007.42,100.5,9.3498
40008.43,99.3,9.3498
40009.43,103.5,9.3498
40010.44,99.5,9.3498
40011.44,99.5,9.3498
40012.45,100.5,9.3498
40013.46,102.3,9.3498
40014.46,101.5,9.3498
40015.47,101.5,9.3501
40016.47,100.5,9.3501
40017.48,99.5,9.3501
40018.48,100.5,9.3501
40019.49,101.5,9.3501
40020.49,99.5,9.3501
40021.5,102.5,9.3501
40022.5,98.5,9.3501
40023.51,104.5,9.3501
40024.51,100.5,9.3504
40025.52,100.5,9.3504
40026.52,103.5,9.3504
40027.53,100.5,9.3504
40028.53,100.5,9.3504
40029.54,101.5,9.3504
40030.54,101.5,9.3504
40031.55,99.5,9.3504
40032.55,100.5,9.3504
40033.56,101.5,9.3504
40034.56,99.5,9.3504
40035.57,101.5,9.3504
40036.58,100.5,9.3504
40037.58,100.5,9.3504
40038.59,100.5,9.3504
40039.59,102.5,9.3504
40040.6,99.5,9.3504
40041.6,100.5,9.3504
40042.61,100.5,9.3504
40043.61,101.5,9.3504
40044.62,101.5,9.3504
40045.62,100.5,9.3504
40046.63,101.5,9.3504
40047.63,99.5,9.3504
40048.64,99.5,9.3504
40049.64,100.5,9.3504
40050.65,100.5,9.3504
40051.65,100.5,9.3504
40052.66,100.5,9.3506
40053.66,102.3,9.3506
40054.67,99.5,9.3506
40055.68,100.5,9.3506
40056.68,100.5,9.3506
40057.69,101.5,9.3506
40058.69,101.5,9.3506
40059.7,100.5,9.3506
40060.7,100.5,9.3506
40061.71,100.5,9.3506
40062.71,100.5,9.3506
40063.72,100.5,9.3506
40064.72,100.5,9.3506
40065.73,101.6,9.3506
40066.73,99.5,9.3506
40067.74,100.5,9.3506
40068.74,100.5,9.3506
40069.75,101.5,9.3506
40070.75,101.5,9.3506
40071.76,99.5,9.3506
40072.76,101.5,9.3506
40073.77,100.5,9.3506
40074.77,101.5,9.3506
40075.78,100.5,9.3506
40076.78,100.5,9.3506
40077.79,100.5,9.3506
40078.79,99.5,9.3506
40079.8,101.5,9.3506
40080.8,101.5,9.3506
40081.81,100.5,9.3506
40082.81,100.5,9.3506
40083.82,99.5,9.3507
40084.82,102.5,9.3507
40085.83,98.5,9.3507
40086.83,100.5,9.3507
40087.84,99.6,9.3507
40088.84,101.4,9.3507
40089.85,100.5,9.3507
40090.85,103.5,9.3507
40091.86,100.5,9.3507
40092.86,100.5,9.3507
40093.87,100.5,9.3507
40094.87,100.5,9.3507
40095.88,99.5,9.3507
40096.88,101.5,9.3507
40097.89,101.5,9.3509
40098.9,100.4,9.3509
40099.9,100.5,9.3509
40100.91,100.5,9.3509
40101.91,102.5,9.3509
40102.92,99.5,9.3509
40103.92,101.5,9.3509
40104.93,100.5,9.3509
40105.93,100.5,9.3509
40106.94,99.5,9.3509
40107.94,101.5,9.3509
40108.95,100.5,9.3509
40109.95,100.5,9.3509
40110.96,100.5,9.3509
40111.96,101.5,9.3509
40112.97,99.5,9.3509
40113.97,100.5,9.3509
40114.98,100.5,9.3509
40115.98,101.5,9.3509
40116.99,100.5,9.3509
40117.99,99.5,9.3509
40119.0,101.5,9.3509
40120.0,101.5,9.3509
40121.01,100.5,9.3509
40122.01,99.5,9.3509
40123.02,100.6,9.3509
40124.02,100.4,9.3509
40125.03,100.5,9.3509
40126.03,101.5,9.3509
40127.04,100.5,9.3509
40128.04,101.5,9.3509
40129.05,100.5,9.3509
40130.05,100.5,9.3509
40131.06,101.5,9.3509
40132.06,100.5,9.3509
40133.07,101.5,9.3509
40134.07,1.0,2.7203
40135.08,318.1,2.886
40136.08,348.2,3.1437
40137.09,312.6,3.414
40138.09,312.6,2.5302
40139.09,1.0,2.7836
40140.1,337.1,2.9322
40141.1,332.3,3.2573
40142.1,327.7,3.5566
40143.11,1.0,2.7078
40144.11,285.1,2.8621
40145.12,339.3,3.0826
40146.12,311.4,3.4143
40147.13,321.5,3.7461
40148.13,142.3,4.1058
40149.14,106.5,4.2508
40150.14,108.4,4.3951
40151.15,112.5,4.4559
40152.15,101.5,4.5168
40153.16,112.4,4.5769
40154.16,103.2,4.6228
40155.17,111.4,4.6687
40156.17,101.5,4.7355
40157.18,101.5,4.7999
40158.18,112.4,4.8616
40159.19,99.4,4.9173
40160.19,100.5,4.9766
40161.2,100.5,5.0366
40162.2,100.5,5.0958
40163.21,99.5,5.155
40164.22,106.4,5.2295
40165.22,101.5,5.2998
40166.23,99.5,5.372
40167.23,114.4,5.4455
40168.24,101.5,5.5132
40169.24,102.4,5.5839
40170.25,99.5,5.6546
40171.25,101.5,5.7262
40172.26,99.5,5.7767
40173.26,101.5,5.7894
40174.27,101.4,5.8006
40175.27,99.5,5.8118
40176.28,102.6,5.8254
40177.28,101.5,5.8466
40178.29,100.5,5.87
40179.29,101.4,5.901
40180.3,99.5,5.918
40181.3,100.5,5.9406
40182.31,101.5,5.9622
40183.31,101.5,5.9863
40184.32,101.4,6.0053
40185.32,99.5,6.0292
40186.33,101.5,6.0512
40187.33,99.5,6.0736
40188.34,102.5,6.0979
40189.35,99.5,6.1262
40190.35,100.5,6.1383
40191.36,99.5,6.155
40192.36,99.5,6.176
40193.37,101.5,6.2037
40194.37,101.3,6.2286
40195.38,100.5,6.2545
40196.38,100.6,6.2734
40197.39,101.5,6.2892
40198.39,101.5,6.3065
40199.4,100.5,6.3234
40200.4,99.5,6.3366
40201.41,100.5,6.3524
40202.41,100.5,6.3798
40203.42,101.5,6.3988
40204.42,100.6,6.3988
40205.43,102.5,6.4146
40206.43,99.5,6.431
40207.44,100.5,6.4582
40208.44,101.6,6.4648
40209.45,100.5,6.4841
40210.45,100.5,6.5059
40211.46,100.5,6.5301
40212.46,99.6,6.5386
40213.47,101.5,6.5542
40214.47,100.5,6.5665
40215.48,101.5,6.5844
40216.48,100.5,6.6007
40217.49,100.5,6.6161
40218.49,101.5,6.6301
40219.5,99.5,6.6607
40220.5,101.5,6.6708
40221.51,100.5,6.6884
40222.51,102.5,6.7016
40223.52,100.5,6.7156
40224.52,99.5,6.7341
40225.53,101.5,6.7512
40226.53,100.5,6.7715
40227.54,100.6,6.8005
40228.54,101.5,6.8239
40229.55,100.5,6.8488
40230.55,100.5,6.872
40231.56,102.5,6.8865
40232.56,100.5,6.9088
40233.57,99.5,6.93
40234.57,100.5,6.952
40235.58,99.5,6.9741
40236.58,102.5,6.9944
40237.59,100.5,7.0081
40238.59,100.6,7.0306
40239.6,100.5,7.0578
40240.6,101.5,7.0739
40241.61,99.5,7.1005
40242.61,101.5,7.1202
40243.62,99.5,7.1417
40244.62,101.5,7.1653
40245.63,100.5,7.1864
40246.63,100.5,7.2124
40247.64,99.6,7.2343
40248.64,102.5,7.2606
40249.65,99.5,7.2774
40250.65,101.5,7.3027
40251.66,101.6,7.3261
40252.66,99.5,7.3476
40253.67,102.5,7.3724
40254.67,100.5,7.3948
40255.68,101.5,7.4214
40256.68,101.5,7.4422
40257.69,100.5,7.4614
40258.69,99.5,7.4845
40259.7,99.6,7.5023
40260.7,122.4,7.573
40261.71,100.5,7.573
40262.71,101.5,7.573
40263.72,100.6,7.573
40264.72,99.5,7.5759
40265.73,99.5,7.6058
40266.73,101.5,7.625
40267.74,100.5,7.6253
40268.74,102.5,7.6253
40269.75,99.5,7.6253
40270.75,100.5,7.6528
40271.76,99.6,7.68
40272.76,101.5,7.7013
40273.77,102.5,7.7253
40274.77,103.5,7.7253
40275.78,99.5,7.7253
40276.78,102.5,7.7253
40277.79,99.5,7.7253
40278.79,100.5,7.7253
40279.8,100.5,7.7253
40280.8,100.5,7.7253
40281.81,99.5,7.7253
40282.81,101.5,7.7253
40283.82,98.6,7.7253
40284.82,101.5,7.7253
40285.83,100.5,7.7253
40286.83,100.5,7.7253
40287.84,100.5,7.7253
40288.84,101.5,7.7253
40289.85,100.5,7.7253
40290.85,99.5,7.7253
40291.86,101.5,7.7253
40292.86,99.5,7.7253
40293.87,100.5,7.7253
40294.87,101.5,7.7253
40295.88,100.5,7.7253
40296.88,99.5,7.7253
40297.89,101.5,7.7253
40298.89,99.5,7.7253
40299.9,100.6,7.7253
40300.9,101.5,7.7253
40301.91,101.5,7.7253
40302.91,100.5,7.7253
40303.92,100.5,7.7253
40304.92,99.5,7.7253
40305.93,100.5,7.7253
40306.93,101.5,7.7253
40307.94,100.5,7.7253
40308.94,100.5,7.7253
40309.95,100.5,7.7253
40310.95,100.5,7.7253
40311.96,100.5,7.7253
40312.96,100.5,7.7253
40313.97,100.5,7.7253
40314.97,100.5,7.7253
40315.98,102.5,7.7253
40316.98,99.5,7.7253
40317.99,100.5,7.7255
40318.99,100.5,7.7256
40320.0,100.5,7.7256
40321.0,102.5,7.7256
40322.01,102.5,7.7256
40323.01,99.5,7.7256
40324.02,100.5,7.7256
40325.02,101.5,7.7256
40326.03,100.5,7.7256
40327.03,100.5,7.7256
40328.04,100.5,7.7256
40329.04,101.5,7.7256
40330.05,99.5,7.7256
40331.05,99.5,7.7256
40332.06,101.5,7.7256
40333.06,100.5,7.7256
40334.07,100.5,7.7256
40335.07,99.5,7.7256
40336.08,101.5,7.7256
40337.08,99.5,7.7256
40338.09,100.5,7.7256
40339.09,101.5,7.7256
40340.1,101.5,7.7256
40341.11,99.5,7.7256
40342.11,101.5,7.7256
40343.12,99.5,7.7256
40344.12,101.5,7.7256
40345.13,100.5,7.7256
40346.13,100.6,7.7256
40347.13,99.5,7.7256
40348.14,100.5,7.7256
40349.14,100.5,7.7256
40350.15,101.5,7.7256
40351.15,100.5,7.7256
40352.16,99.5,7.7256
40353.16,102.5,7.7256
40354.17,99.5,7.7256
40355.17,101.5,7.7256
40356.18,101.5,7.7256
40357.18,99.5,7.7256
40358.19,99.5,7.7256
40359.19,100.5,7.7256
40360.2,101.5,7.7256
40361.21,99.5,7.7256
40362.21,100.6,7.7256
40363.21,103.5,7.7258
40364.22,99.5,7.7258
40365.22,99.5,7.7258
40366.23,100.5,7.7258
40367.23,102.5,7.7258
40368.24,100.5,7.7258
40369.24,101.5,7.7258
40370.25,99.5,7.7258
40371.25,101.5,7.7258
40372.26,99.5,7.7258
40373.27,100.5,7.7258
40374.27,102.6,7.7258
40375.27,100.5,7.7258
40376.28,99.5,7.7258
40377.29,101.5,7.7258
40378.29,99.5,7.7258
40379.3,101.5,7.7258
40380.3,101.5,7.7258
40381.31,100.5,7.7258
40382.31,99.5,7.7258
40383.32,100.5,7.7258
40384.32,101.5,7.7258
40385.33,99.5,7.7258
40386.33,101.5,7.7258
40387.34,99.5,7.7258
40388.34,102.5,7.7258
40389.35,100.5,7.7258
40390.35,101.5,7.7258
40391.36,99.5,7.7258
40392.36,100.6,7.7261
40393.37,100.5,7.7261
40394.37,100.5,7.7261
40395.38,100.5,7.7261
40396.38,101.5,7.7261
40397.39,100.5,7.7261
40398.39,100.5,7.7261
40399.4,100.5,7.7261
40400.4,100.5,7.7261
40401.41,100.5,7.7261
40402.41,99.5,7.7261
40403.42,102.5,7.7261
40404.42,100.5,7.7261
40405.43,101.5,7.7261
40406.43,101.5,7.7261
40407.44,99.5,7.7263
40408.44,100.5,7.7263
40409.45,100.5,7.7263
40410.45,100.5,7.7263
40411.46,100.5,7.7263
40412.46,100.6,7.7263
40413.47,101.5,7.7263
40414.47,99.5,7.7263
40415.48,100.5,7.7264
40416.48,101.5,7.7264
40417.49,100.5,7.7264
40418.49,99.5,7.7264
40419.5,100.5,7.7264
40420.5,100.6,7.7264
40421.51,103.5,7.7264
40422.51,100.5,7.7264
40423.52,99.5,7.7264
40424.52,100.6,7.7264
40425.53,100.5,7.7264
40426.53,101.5,7.7264
40427.54,99.5,7.7264
40428.54,99.6,7.7264
40429.55,103.5,7.7264
40430.55,99.5,7.7264
40431.56,99.5,7.7264
40432.56,101.5,7.7264
40433.57,101.5,7.7264
40434.57,100.5,7.7264
40435.58,100.6,7.7264
40436.58,101.5,7.7264
40437.59,100.5,7.7264
40438.59,99.5,7.7264
40439.6,101.6,7.7264
40440.6,99.5,7.7264
40441.61,101.5,7.7264
40442.61,1305.7,2.6318
40443.62,294.6,2.8127
40444.62,349.9,3.0275
40445.63,3553.5,2.6793
40446.63,308.3,2.8331
40447.63,363.7,3.125
40448.64,1.0,2.6795
40449.64,322.0,2.862
40450.64,348.2,3.0468
40451.65,318.4,3.2997
40452.65,321.4,3.5371
40453.66,3.0,2.6849
40454.66,328.1,2.8602
40455.67,347.9,3.059
40456.67,321.3,3.3122
40457.68,321.7,3.5565
40458.68,244.9,3.7896
40459.68,135.3,4.0366
40460.69,115.2,4.2476
40461.7,189.3,4.4352
40462.7,203.0,4.5545
40463.71,199.0,4.6902
40464.71,128.4,4.793
40465.72,102.2,4.8393
40466.72,143.3,4.887
40467.73,200.0,4.9361
40468.73,187.0,4.9869
40469.74,100.5,5.036
40470.74,102.4,5.0841
40471.75,101.5,5.1354
40472.75,100.6,5.1864
40473.76,101.5,5.2254
40474.76,99.5,5.2759
40475.77,101.3,5.3113
40476.78,100.5,5.3611
40477.78,100.5,5.4061
40478.79,102.5,5.4531
40479.79,100.5,5.5089
40480.8,103.4,5.5533
40481.8,100.5,5.5998
40482.81,103.5,5.6529
40483.81,99.5,5.7027
40484.82,101.5,5.7543
40485.82,105.5,5.7991
40486.83,99.5,5.8491
40487.83,101.5,5.8862
40488.84,99.6,5.9253
40489.84,101.5,5.9627
40490.85,101.5,6.0046
40491.85,100.5,6.0473
40492.86,100.5,6.0867
40493.86,100.6,6.1304
40494.87,101.5,6.1653
40495.87,99.5,6.2016
40496.88,100.5,6.2385
40497.88,100.5,6.2724
40498.89,100.5,6.3094
40499.89,102.5,6.348
40500.9,99.6,6.3871
40501.9,101.5,6.4253
40502.91,101.5,6.4615
40503.91,99.5,6.4923
40504.92,101.5,6.5316
40505.93,107.1,6.5615
40506.93,120.4,6.5989
40507.94,99.5,6.6379
40508.94,102.5,6.6723
40509.95,100.5,6.7104
40510.95,101.5,6.7416
40511.96,100.6,6.7738
40512.96,101.5,6.8099
40513.97,100.5,6.8433
40514.97,99.5,6.8805
40515.98,101.5,6.918
40516.98,99.5,6.9549
40517.99,99.5,6.9903
40518.99,103.5,7.0283
40520.0,101.5,7.0654
40521.0,100.4,7.0921
40522.01,99.5,7.1386
40523.01,100.5,7.1898
40524.02,102.5,7.2373
40525.02,99.5,7.2835
40526.03,100.4,7.329
40527.04,100.4,7.3804
40528.04,101.5,7.4276
40529.05,100.5,7.4732
40530.05,100.5,7.5257
40531.06,122.4,7.6291
40532.06,101.5,7.6291
40533.07,98.6,7.6424
40534.07,100.5,7.6811
40535.08,101.5,7.6811
40536.08,101.5,7.704
40537.09,100.5,7.7499
40538.09,101.5,7.7811
40539.1,99.5,7.7811
40540.1,101.6,7.7811
40541.11,100.3,7.7811
40542.11,100.5,7.7811
40543.12,100.6,7.7811
40544.12,101.5,7.7811
40545.13,101.5,7.7811
40546.13,100.4,7.7811
40547.14,100.5,7.7811
40548.14,100.5,7.7814
40549.15,100.5,7.7814
40550.15,99.5,7.7814
40551.16,102.4,7.7816
40552.17,102.5,7.7816
40553.17,99.5,7.7816
40554.18,101.5,7.7816
40555.18,100.5,7.7816
40556.19,99.5,7.7816
40557.19,101.5,7.7816
40558.2,100.5,7.7816
40559.2,100.5,7.7816
40560.21,101.5,7.7816
40561.21,99.4,7.7816
40562.22,101.5,7.7816
40563.22,100.5,7.7816
40564.23,99.5,7.7816
40565.23,101.5,7.7816
40566.24,100.4,7.7816
40567.24,101.5,7.7816
40568.25,101.5,7.7816
40569.25,99.5,7.7816
40570.26,100.5,7.7816
40571.26,102.4,7.7816
40572.27,99.5,7.7816
40573.27,101.5,7.7816
40574.28,99.5,7.7816
40575.28,103.5,7.7816
40576.29,100.4,7.7816
40577.29,100.6,7.7816
40578.3,99.5,7.7816
40579.3,102.5,7.7816
40580.31,99.5,7.7816
40581.32,100.3,7.7816
40582.32,101.5,7.7816
40583.33,99.5,7.7816
40584.33,101.5,7.7816
40585.34,100.5,7.7816
40586.34,101.5,7.7816
40587.35,100.6,7.7816
40588.35,100.5,7.7816
40589.36,99.5,7.7816
40590.36,101.5,7.7816
40591.37,100.4,7.7816
40592.37,100.5,7.7818
40593.38,99.5,7.7818
40594.38,102.5,7.7818
40595.39,100.5,7.7818
40596.39,99.4,7.7818
40597.4,101.5,7.7818
40598.4,99.5,7.7818
40599.41,102.5,7.7818
40600.41,107.5,7.7818
40601.42,99.6,7.7818
40602.42,102.5,7.7818
40603.43,99.5,7.7818
40604.43,101.5,7.7818
40605.44,99.6,7.7818
40606.44,101.4,7.7818
40607.45,100.5,7.7818
40608.45,99.5,7.7818
40609.46,100.5,7.7818
40610.46,99.5,7.782
40611.47,100.5,7.782
40612.47,101.6,7.782
40613.48,101.5,7.782
40614.48,100.5,7.782
40615.49,100.5,7.782
40616.5,101.3,7.782
40617.5,100.5,7.782
40618.51,100.5,7.782
40619.51,102.5,7.782
40620.52,100.5,7.782
40621.52,100.5,7.782
40622.53,100.6,7.782
40623.53,100.5,7.782
40624.54,100.5,7.782
40625.54,100.6,7.782
40626.55,100.5,7.782
40627.55,99.5,7.782
40628.56,143.3,7.782
40629.56,99.5,7.782
40630.57,120.4,7.782
40631.57,104.2,7.7821
40632.58,100.5,7.7821
40633.58,102.5,7.7821
40634.59,119.4,7.7821
40635.59,104.5,7.7821
40636.6,106.5,7.7821
40637.61,111.4,7.7823
40638.61,101.5,7.7823
40639.62,100.5,7.7823
40640.62,99.5,7.7823
40641.63,104.5,7.7823
40642.63,103.5,7.7823
40643.63,100.7,7.7823
40644.64,101.5,7.7823
40645.64,99.5,7.7823
40646.65,100.5,7.7823
40647.65,99.6,7.7823
40648.66,102.5,7.7823
40649.66,100.5,7.7823
40650.67,101.5,7.7823
40651.67,106.5,7.7823
40652.68,99.5,7.7823
40653.68,102.5,7.7823
40654.69,100.5,7.7823
40655.69,100.5,7.7823
40656.7,100.4,7.7823
40657.71,100.5,7.7823
40658.71,100.5,7.7823
40659.72,100.5,7.7823
40660.72,101.5,7.7823
40661.73,99.5,7.7823
40662.73,106.5,7.7823
40663.74,100.5,7.7823
40664.74,100.5,7.7823
40665.75,99.6,7.7823
40666.75,147.3,7.7823
40667.76,100.5,7.7823
40668.76,100.5,7.7823
40669.77,99.6,7.7823
40670.77,101.5,7.7823
40671.78,101.4,7.7823
40672.78,103.5,7.7823
40673.79,101.5,7.7823
40674.79,100.5,7.7825
40675.8,99.5,7.7825
40676.8,100.5,7.7825
40677.81,101.5,7.7825
40678.81,99.5,7.7825
40679.82,99.5,7.7825
40680.82,100.6,7.7825
40681.83,102.3,7.7825
40682.83,100.5,7.7825
40683.84,100.5,7.7825
40684.84,99.5,7.7825
40685.85,106.5,7.7825
40686.85,101.4,7.7825
40687.86,100.5,7.7828
40688.87,100.5,7.7828
40689.87,100.6,7.7828
40690.87,101.5,7.7828
40691.88,100.4,7.7828
40692.89,100.5,7.7828
40693.89,103.5,7.7828
40694.9,99.5,7.7828
40695.9,100.5,7.7828
40696.91,100.3,7.7828
40697.91,101.5,7.7828
40698.92,100.5,7.7828
40699.92,99.5,7.7828
40700.93,101.5,7.7828
40701.93,99.5,7.7828
40702.94,100.6,7.7828
40703.94,101.5,7.7828
40704.95,100.5,7.7828
40705.95,100.5,7.7828
40706.96,101.4,7.7828
40707.96,101.5,7.7828
40708.97,99.5,7.7828
40709.97,100.5,7.7828
40710.98,101.5,7.7828
40711.99,101.4,7.7828
40712.99,100.5,7.7828
40714.0,99.5,7.7828
40715.0,101.5,7.7828
40716.01,99.6,7.7828
40717.01,101.3,7.7828
40718.02,99.5,7.7828
40719.02,100.5,7.7828
40720.03,101.5,7.7828
40721.03,99.5,7.7828
40722.04,101.5,7.7828
40723.04,101.5,7.7828
40724.05,99.5,7.7828
40725.05,100.5,7.7828
40726.06,100.5,7.7828
40727.07,101.4,7.7828
40728.07,99.5,7.7828
40729.08,100.5,7.7828
40730.08,100.5,7.7828
40731.09,101.5,7.7828
40732.09,100.5,7.7828
40733.1,101.5,7.783
40734.1,99.6,7.783
40735.11,102.5,7.783
40736.11,100.5,7.783
40737.12,101.4,7.783
40738.12,99.5,7.783
40739.13,101.5,7.783
40740.13,99.5,7.783
40741.14,101.5,7.783
40742.14,100.6,7.783
40743.15,101.6,7.783
40744.15,100.5,7.783
40745.16,99.5,7.783
40746.16,100.5,7.783
40747.17,100.3,7.7832
40748.17,100.5,7.7832
40749.18,101.5,7.7832
40750.18,101.5,7.7832
40751.19,99.7,7.7832
40752.19,100.4,7.7832
40753.2,101.5,2.6284
40754.2,303.6,2.8294
40755.21,330.7,2.9471
40756.21,327.7,3.1924
40757.22,330.0,3.5023
40758.22,273.6,3.7908
40759.23,146.2,4.0767
40760.23,120.4,4.4113
40761.24,228.8,4.774
40762.24,300.4,5.0097
40763.25,226.0,5.0505
40764.25,106.4,5.0862
40765.26,100.5,5.1247
40766.26,101.5,5.1602
40767.27,122.4,5.2
40768.27,101.5,5.1867
40769.28,101.5,5.2271
40770.28,101.5,5.2647
40771.29,101.5,5.2914
40772.3,102.2,5.3336
40773.3,103.5,5.334
40774.31,101.5,5.3683
40775.31,102.5,5.4081
40776.32,100.5,5.4493
40777.32,99.5,5.485
40778.33,100.5,5.522
40779.33,100.5,5.5532
40780.34,103.5,5.5901
40781.34,99.5,5.6192
40782.35,99.4,5.6546
40783.35,100.5,5.6909
40784.36,101.5,5.7311
40785.36,101.5,5.7669
40786.37,100.5,5.8048
40787.37,101.5,5.8463
40788.38,102.5,5.8817
40789.38,101.5,5.9103
40790.39,99.5,5.9326
40791.4,100.5,5.9485
40792.4,99.4,5.9664
40793.41,102.5,5.9863
40794.41,99.5,6.0085
40795.42,101.5,6.0208
40796.42,100.5,6.0381
40797.43,101.5,6.0548
40798.43,101.5,6.0744
40799.44,99.5,6.0898
40800.44,100.5,6.1076
40801.45,100.5,6.1267
40802.45,100.5,6.149
40803.46,99.5,6.1613
40804.46,101.5,6.1809
40805.47,101.5,6.1982
40806.47,100.5,6.2123
40807.48,100.5,6.2342
40808.48,99.5,6.252
40809.49,101.5,6.2643
40810.49,100.5,6.2882
40811.5,101.5,6.3107
40812.5,100.5,6.3314
40813.51,103.5,6.3509
40814.52,100.5,6.3726
40815.52,99.6,6.4007
40816.52,101.5,6.4007
40817.53,101.5,6.421
40818.54,100.5,6.4402
40819.54,101.5,6.4617
40820.55,100.5,6.4789
40821.55,99.6,6.4995
40822.56,102.3,6.5162
40823.56,99.5,6.5349
40824.57,100.5,6.5502
40825.57,101.5,6.5723
40826.58,98.5,6.5959
40827.58,102.5,6.63
40828.59,100.5,6.6302
40829.59,100.5,6.6499
40830.6,101.5,6.6679
40831.6,99.5,6.6829
40832.61,101.3,6.6995
40833.61,101.5,6.7185
40834.62,100.6,6.7394
40835.62,101.5,6.7571
40836.63,99.5,6.7776
40837.64,100.3,6.7962
40838.64,101.5,6.8161
40839.65,101.5,6.8321
40840.65,100.5,6.8525
40841.66,100.5,6.8717
40842.66,101.5,6.8937
40843.67,99.5,6.9086
40844.67,101.5,6.9222
40845.68,100.5,6.9414
40846.68,100.5,6.9605
40847.69,100.2,6.9941
40848.69,99.6,6.9942
40849.7,100.5,7.0054
40850.7,102.5,7.0181
40851.71,101.5,7.0339
40852.72,101.3,7.0471
40853.72,99.5,7.0614
40854.73,101.5,7.0764
40855.73,99.5,7.0924
40856.74,100.5,7.111
40857.74,101.4,7.1236
40858.75,100.5,7.1409
40859.75,99.5,7.1552
40860.76,99.5,7.1713
40861.76,102.5,7.1868
40862.77,99.4,7.1999
40863.77,100.5,7.2167
40864.78,99.5,7.2318
40865.78,101.5,7.2501
40866.79,100.5,7.267
40867.79,100.5,7.275
40868.8,100.5,7.2875
40869.8,100.5,7.2993
40870.81,100.5,7.316
40871.82,101.5,7.3309
40872.82,100.6,7.3438
40873.82,99.5,7.3545
40874.83,101.5,7.3684
40875.83,101.5,7.3861
40876.84,99.5,7.3989
40877.85,102.3,7.4107
40878.85,98.5,7.4257
40879.86,101.5,7.4396
40880.86,101.5,7.4566
40881.87,100.5,7.4689
40882.87,100.5,7.485
40883.88,101.5,7.5001
40884.88,100.5,7.5149
40885.89,98.5,7.532
40886.89,100.5,7.5488
40887.9,122.4,7.6143
40888.9,101.5,7.6143
40889.91,101.5,7.6143
40890.91,99.5,7.6143
40891.92,101.5,7.6143
40892.93,100.3,7.6143
40893.93,100.5,7.6298
40894.94,100.5,7.652
40895.94,101.5,7.6663
40896.95,100.5,7.6663
40897.95,101.5,7.6663
40898.96,100.5,7.6663
40899.96,100.5,7.6663
40900.97,100.5,7.6763
40901.97,100.5,7.6929
40902.98,100.2,7.7085
40903.99,103.5,7.7271
40904.99,101.5,7.7401
40906.0,99.5,7.7653
40907.0,100.5,7.7663
40908.01,101.4,7.7663
40909.01,99.5,7.7663
40910.02,102.5,7.7663
40911.02,100.5,7.7663
40912.03,100.5,7.7663
40913.03,100.4,7.7663
40914.04,100.5,7.7663
40915.04,100.5,7.7663
40916.05,99.5,7.7663
40917.05,101.5,7.7663
40918.06,100.4,7.7666
40919.06,100.5,7.7666
40920.07,99.5,7.7666
40921.07,102.5,7.7666
40922.08,99.5,7.7666
40923.08,99.5,7.7666
40924.09,101.5,7.7666
40925.09,100.5,7.7666
40926.1,101.5,7.7666
40927.11,100.5,7.7666
40928.11,103.4,7.7666
40929.12,99.5,7.7666
40930.12,100.5,7.7666
40931.13,102.5,7.7666
40932.13,100.5,7.7666
40933.14,99.5,7.7666
40934.14,100.5,7.7666
40935.15,101.5,7.7666
40936.15,100.5,7.7667
40937.16,100.5,7.7667
40938.16,100.5,7.7667
40939.17,100.5,7.7667
40940.17,99.5,7.7667
40941.18,103.5,7.7667
40942.18,99.5,7.7667
40943.19,101.5,7.7667
40944.19,99.5,7.7667
40945.2,100.5,7.7667
40946.2,100.5,7.7667
40947.21,100.5,7.7667
40948.21,101.6,7.7667
40949.22,100.5,7.7667
40950.22,102.5,7.7667
40951.23,99.5,7.7667
40952.23,102.5,7.7667
40953.24,99.5,7.7667
40954.24,101.5,7.7669
40955.25,101.5,7.7669
40956.26,99.5,7.7669
40957.26,101.5,7.7669
40958.27,99.5,7.7669
40959.27,100.5,7.7669
40960.28,100.5,7.7669
40961.28,100.5,7.7669
40962.29,100.5,7.7669
40963.29,100.4,7.7671
40964.3,100.5,7.7671
40965.3,101.5,7.7671
40966.31,100.5,7.7671
40967.31,100.5,7.7671
40968.32,100.5,7.7671
40969.32,100.5,7.7671
40970.33,101.5,7.7671
40971.33,100.5,7.7671
40972.34,100.5,7.7671
40973.34,101.5,7.7671
40974.35,99.5,7.7671
40975.35,101.5,7.7671
40976.36,100.5,7.7671
40977.36,99.5,7.7671
40978.37,103.3,7.7671
40979.38,102.5,7.7671
40980.38,98.5,7.7671
40981.39,102.5,7.7671
40982.39,100.5,7.7671
40983.4,99.5,7.7671
40984.4,101.5,7.7671
40985.41,99.5,7.7671
40986.41,100.5,7.7671
40987.42,100.5,7.7671
40988.42,99.3,7.7671
40989.43,102.5,7.7671
40990.43,99.5,7.7671
40991.44,101.5,7.7671
40992.44,100.5,7.7671
40993.45,100.5,7.7671
40994.45,101.5,7.7671
40995.46,99.5,7.7671
40996.47,101.5,7.7671
40997.47,100.6,7.7671
40998.48,100.2,7.7671
40999.48,100.5,7.7671
41000.49,101.5,7.7671
41001.49,99.5,7.7671
41002.5,100.5,7.7671
41003.5,100.4,7.7671
41004.51,101.5,7.7671
41005.51,100.5,7.7671
41006.52,101.5,7.7671
41007.52,100.5,7.7674
41008.53,101.4,7.7674
41009.54,100.5,7.7674
41010.54,99.6,7.7674
41011.54,101.5,7.7674
41012.55,99.5,7.7674
41013.56,101.4,7.7674
41014.56,100.5,7.7674
41015.57,100.5,7.7674
41016.57,101.5,7.7674
41017.58,100.5,7.7674
41018.58,100.4,7.7674
41019.59,99.5,7.7674
41020.59,102.5,7.7674
41021.6,100.5,7.7674
41022.6,101.5,7.7674
41023.61,99.5,7.7674
41024.61,101.5,7.7674
41025.62,99.5,7.7674
41026.62,99.5,7.7674
41027.63,102.5,7.7674
41028.63,99.5,7.7674
41029.64,100.5,7.7674
41030.64,101.5,7.7674
41031.65,101.5,7.7675
41032.65,100.5,7.7675
41033.66,100.5,7.7675
41034.66,101.5,7.7675
41035.67,100.5,7.7675
41036.67,100.5,7.7675
41037.68,100.5,7.7675
41038.68,101.5,7.7675
41039.69,100.5,7.7675
41040.69,100.5,7.7675
41041.7,101.5,7.7675
41042.7,99.5,7.7675
41043.71,100.5,7.7675
41044.71,100.5,7.7675
41045.72,100.5,7.7675
41046.72,101.5,7.7675
41047.73,100.5,7.7675
41048.73,103.5,7.7675
41049.74,100.5,7.7675
41050.74,100.5,7.7675
41051.75,100.5,7.7675
41052.75,101.5,7.7675
41053.76,3483.0,2.7013
41054.76,343.0,2.8713
41055.76,348.1,3.0742
41056.77,318.4,3.4007
41057.77,318.4,2.5422
41058.78,0.0,2.8402
41059.78,351.2,3.0209
41060.79,323.0,3.3507
41061.79,326.0,3.6583
41062.8,180.1,4.0578
41063.8,139.3,4.4805
41064.81,123.4,4.9095
41065.81,103.5,5.3501
41066.82,113.4,5.7967
41067.82,101.6,6.2287
41068.83,100.5,6.6514
41069.83,99.7,7.0641
41070.84,100.5,7.4957
41071.84,122.4,7.7251
41072.85,101.5,7.7251
41073.85,105.5,7.7251
41074.86,104.5,7.7251
41075.86,99.5,7.7251
41076.87,101.5,7.7251
41077.87,100.7,7.7251
41078.87,103.4,7.7251
41079.88,100.5,7.7251
41080.88,101.5,7.7251
41081.89,112.4,7.8279
41082.89,101.5,7.8279
41083.9,99.4,7.8279
41084.91,100.5,7.8279
41085.91,100.5,7.8279
41086.92,101.5,7.8282
41087.92,101.5,7.8282
41088.92,100.7,7.8282
41089.93,100.5,7.8282
41090.93,113.4,7.8286
41091.94,99.5,7.8286
41092.94,102.5,7.8286
41093.95,119.1,7.8286
41094.96,99.5,7.8286
41095.96,101.5,7.8286
41096.97,100.5,7.8286
41097.97,99.5,7.8286
41098.98,101.5,7.8286
41099.98,110.4,7.8287
41100.99,102.5,7.8287
41101.99,99.5,7.8287
41103.0,99.5,7.8289
41104.0,101.5,7.8289
41105.01,102.5,7.8289
41106.01,100.5,7.8289
41107.02,100.5,7.8289
41108.02,100.5,7.8289
41109.03,111.4,7.8291
41110.03,111.4,7.8292
41111.04,109.4,7.8292
41112.04,154.2,7.8432
41113.05,102.5,7.8362
41114.05,100.5,7.8362
41115.06,99.5,7.8362
41116.06,101.5,7.8362
41117.07,100.5,7.8362
41118.07,100.5,7.8362
41119.08,100.5,7.8362
41120.09,102.5,7.8362
41121.09,99.6,7.8362
41122.09,102.5,7.8362
41123.1,100.5,7.8292
41124.1,99.5,7.8292
41125.11,105.5,7.8292
41126.12,101.5,7.8292
41127.12,100.6,7.8292
41128.12,99.5,7.8292
41129.13,101.5,7.8292
41130.13,100.5,7.8292
41131.14,101.5,7.8292
41132.14,99.5,7.8292
41133.15,100.5,7.8292
41134.15,102.5,7.8292
41135.16,100.5,7.8292
41136.17,99.5,7.8292
41137.17,100.6,7.8292
41138.17,102.5,7.8292
41139.18,99.5,7.8292
41140.18,100.5,7.8292
41141.19,99.5,7.8292
41142.19,101.5,7.8292
41143.2,100.5,7.8292
41144.2,101.5,7.8292
41145.21,101.5,7.8292
41146.21,104.5,7.8292
41147.22,99.5,7.8292
41148.23,100.5,7.8295
41149.23,100.6,7.8295
41150.23,101.5,7.8295
41151.24,100.5,7.8295
41152.24,99.5,7.8295
41153.25,101.5,7.8295
41154.25,99.5,7.8295
41155.26,99.5,7.8295
41156.26,102.5,7.8295
41157.27,101.5,7.8295
41158.27,100.5,7.8295
41159.28,100.5,7.8295
41160.28,99.5,7.8295
41161.29,102.5,7.8295
41162.3,101.5,7.8295
41163.3,99.5,7.8295
41164.31,100.5,7.8295
41165.31,100.5,7.8295
41166.32,101.6,7.8295
41167.32,100.5,7.8295
41168.33,100.5,7.8295
41169.33,100.5,7.8295
41170.34,99.5,7.8295
41171.34,101.5,7.8295
41172.35,100.5,7.8295
41173.35,100.5,7.8295
41174.36,100.5,7.8295
41175.36,100.5,7.8295
41176.37,100.5,7.8295
41177.37,99.5,7.8295
41178.38,101.5,7.8295
41179.38,100.5,7.8295
41180.39,100.5,7.8295
41181.39,100.5,7.8295
41182.4,100.5,7.8295
41183.4,100.5,7.8295
41184.41,100.5,7.8295
41185.41,101.5,7.8295
41186.42,100.5,7.8295
41187.42,100.5,7.8295
41188.43,101.5,7.8295
41189.43,100.5,7.8295
41190.44,100.5,7.8295
41191.44,100.5,7.8295
41192.45,99.5,7.8295
41193.45,100.6,7.8295
41194.46,101.5,7.8295
41195.46,100.5,7.8295
41196.47,100.5,7.8295
41197.48,99.3,7.8297
41198.48,101.5,7.8297
41199.49,100.5,7.8297
41200.49,99.5,7.8297
41201.49,99.6,7.8297
41202.5,101.5,7.8298
41203.51,100.5,7.8298
41204.51,100.6,7.8298
41205.51,100.5,7.8298
41206.52,99.5,7.8298
41207.52,102.7,7.8298
41208.53,99.5,7.8298
41209.53,101.5,7.8298
41210.54,100.5,7.8298
41211.54,114.4,7.8859
41212.55,99.5,7.8859
41213.55,101.5,7.8859
41214.56,100.5,7.8859
41215.56,100.5,7.8859
41216.57,99.5,7.8859
41217.57,101.5,7.8859
41218.58,100.5,7.8859
41219.58,99.5,7.8859
41220.59,100.5,7.8859
41221.59,103.5,7.8859
41222.6,101.5,7.8859
41223.6,100.5,7.8859
41224.61,101.5,7.8859
41225.61,100.5,7.8859
41226.62,100.5,7.8859
41227.62,99.5,7.8859
41228.63,100.5,7.8859
41229.63,100.5,7.8859
41230.64,102.5,7.8859
41231.64,100.5,7.8859
41232.65,103.5,7.8859
41233.65,99.5,7.8859
41234.66,101.5,7.8859
41235.66,99.5,7.8859
41236.67,102.5,7.8859
41237.67,101.5,7.8859
41238.68,100.5,7.8859
41239.68,100.5,7.8859
41240.69,100.5,7.8859
41241.69,99.5,7.8859
41242.7,100.5,7.8861
41243.7,109.4,7.8861
41244.71,100.5,7.8861
41245.71,100.5,7.8861
41246.72,101.5,7.8861
41247.72,99.5,7.8861
41248.73,102.5,7.8861
41249.73,100.7,7.8861
41250.74,100.5,7.8861
41251.74,99.5,7.8861
41252.75,100.5,7.8861
41253.75,101.5,7.8861
41254.76,100.5,7.8861
41255.76,99.5,7.8861
41256.77,100.5,7.8861
41257.77,101.5,7.8861
41258.78,101.5,7.8861
41259.78,100.5,7.8861
41260.79,99.5,7.8861
41261.79,101.5,7.8861
41262.8,99.5,7.8861
41263.8,101.5,7.8861
41264.81,99.5,7.8861
41265.81,100.6,7.8861
41266.82,100.5,7.8864
41267.82,99.5,7.8864
41268.83,101.5,7.8864
41269.83,101.5,7.8864
41270.84,99.5,7.8864
41271.84,100.5,7.8864
41272.85,101.5,7.8864
41273.85,101.5,7.8864
41274.86,100.5,7.8864
41275.86,100.5,7.8864
41276.87,100.5,7.8864
41277.87,99.5,7.8864
41278.88,102.5,7.8864
41279.88,99.5,7.8864
41280.89,100.5,7.8864
41281.89,101.5,7.8864
41282.9,99.5,7.8864
41283.91,100.5,7.8864
41284.91,100.5,7.8864
41285.92,100.5,7.8864
41286.92,101.5,7.8864
41287.93,101.5,7.8866
41288.93,99.5,7.8866
41289.94,100.5,7.8866
41290.94,101.5,7.8866
41291.95,99.5,7.8866
41292.95,102.5,7.8866
41293.96,100.5,7.8866
41294.96,101.5,7.8866
41295.97,100.5,7.8866
41296.97,99.5,7.8866
41297.98,101.5,7.8866
41298.98,99.5,7.8866
41299.99,101.5,7.8866
41300.99,99.5,7.8866
41302.0,101.5,7.8866
41303.0,100.5,7.8866
41304.01,99.5,7.8866
41305.01,100.5,7.8866
41306.02,100.5,7.8866
41307.02,101.5,7.8866
41308.03,100.5,7.8866
41309.03,99.5,7.8866
41310.04,101.6,7.8866
41311.04,101.5,7.8866
41312.05,100.5,7.8866
41313.05,99.5,7.8866
41314.06,101.5,7.8866
41315.06,100.5,7.8866
41316.07,99.5,7.8866
41317.07,100.5,7.8866
41318.08,103.6,7.8866
41319.08,99.5,7.8866
41320.09,101.4,7.8866
41321.09,99.5,7.8866
41322.1,100.5,7.8866
41323.1,100.5,7.8866
41324.11,99.6,7.8866
41325.11,100.5,7.8866
41326.12,101.5,7.8866
41327.12,100.7,7.8866
41328.13,101.7,7.8866
41329.13,100.5,7.8866
41330.14,99.5,7.8866
41331.14,101.6,7.8866
41332.15,100.5,7.8866
41333.15,102.5,7.8869
41334.16,99.5,7.8869
41335.16,99.5,7.8869
41336.17,100.5,7.8869
41337.17,102.5,7.8869
41338.18,100.5,7.8869
41339.18,99.5,7.8869
41340.19,102.5,7.8869
41341.19,99.5,7.8869
41342.2,100.5,7.8869
41343.2,100.5,7.8869
41344.21,100.5,7.8869
41345.21,100.5,7.8869
41346.22,100.5,7.8869
41347.22,99.5,7.8869
41348.23,100.5,7.8869
41349.23,102.5,7.8869
41350.24,100.5,7.8869
41351.24,100.5,7.8869
41352.25,101.5,7.8869
41353.25,101.5,7.8869
41354.26,99.5,7.8869
41355.26,99.5,7.8869
41356.27,102.5,7.8869
41357.27,100.5,7.8869
41358.28,2996.0,2.6589
41359.28,316.1,2.8623
41360.29,361.4,3.0944
41361.29,329.1,3.335
41362.29,325.6,3.5611
41363.29,4.0,2.699
41364.3,291.5,2.8679
41365.3,351.6,3.0647
41366.31,325.5,3.3228
41367.31,321.8,3.5505
41368.32,237.8,3.8361
41369.32,132.3,4.1511
41370.33,194.2,4.4722
41371.33,233.8,4.7862
41372.34,301.4,5.1493
41373.34,295.8,5.6251
41374.35,111.4,6.1115
41375.35,130.3,6.5968
41376.36,102.5,7.0897
41377.36,121.3,7.5824
41378.37,121.4,7.8002
41379.37,101.5,7.8158
41380.38,102.5,7.8158
41381.38,101.5,7.8158
41382.39,100.5,7.8161
41383.39,103.5,7.8161
41384.4,102.5,7.8161
41385.4,104.4,7.8161
41386.41,115.4,7.8161
41387.41,112.5,7.9186
41388.42,100.5,7.9186
41389.42,100.5,7.9186
41390.43,100.7,7.9186
41391.43,102.5,7.9186
41392.44,99.5,7.9186
41393.44,101.5,7.9187
41394.45,102.5,7.9187
41395.45,110.6,7.9194
41396.46,103.5,7.9195
41397.46,99.5,7.9195
41398.47,100.5,7.9195
41399.47,100.5,7.9195
41400.48,100.5,7.9195
41401.48,100.5,7.9195
41402.49,101.5,7.9195
41403.49,99.5,7.9195
41404.5,110.4,7.9195
41405.5,100.5,7.9195
41406.51,100.5,7.9195
41407.51,101.5,7.9195
41408.52,100.5,7.9195
41409.52,100.5,7.9195
41410.53,99.5,7.9195
41411.53,101.5,7.9195
41412.54,100.5,7.9195
41413.55,110.4,7.9197
41414.55,101.6,7.9197
41415.55,100.5,7.9197
41416.56,100.5,7.9197
41417.57,99.5,7.9197
41418.57,102.5,7.9197
41419.58,100.5,7.9197
41420.58,100.5,7.9197
41421.59,101.5,7.9197
41422.59,113.4,7.9746
41423.6,100.5,7.9746
41424.6,100.5,7.9746
41425.61,101.5,7.9746
41426.61,99.5,7.9746
41427.62,101.5,7.9749
41428.62,101.5,7.9749
41429.63,99.5,7.9749
41430.63,99.5,8.0225
41431.64,100.5,8.5342
41432.64,101.5,8.9986
41433.65,122.4,9.4553
41434.66,100.5,9.4553
41435.66,102.5,9.4553
41436.67,100.5,9.4553
41437.67,100.6,9.4553
41438.67,101.5,9.4553
41439.68,99.5,9.4554
41440.69,101.5,9.4554
41441.69,100.5,9.4554
41442.69,100.5,9.4554
41443.7,100.5,9.4554
41444.71,100.5,9.4563
41445.71,101.6,9.4563
41446.71,100.5,9.4563
41447.72,100.5,9.4565
41448.72,101.5,9.4565
41449.73,100.5,9.4565
41450.73,99.5,9.4565
41451.74,100.5,9.4565
41452.75,101.5,9.4565
41453.75,100.6,9.4565
41454.75,106.4,9.4566
41455.76,99.5,9.4566
41456.77,100.5,9.4566
41457.77,114.4,9.4566
41458.78,100.5,9.4566
41459.78,99.5,9.4566
41460.79,101.5,9.4566
41461.79,100.5,9.4566
41462.8,100.5,9.4566
41463.8,100.6,9.4566
41464.81,101.5,9.4566
41465.81,102.5,9.457
41466.82,99.5,9.457
41467.82,100.6,9.457
41468.83,100.5,9.457
41469.83,103.5,9.457
41470.84,108.4,9.457
41471.84,102.6,9.457
41472.85,102.5,9.4573
41473.85,100.5,9.4573
41474.86,100.5,9.4573
41475.86,101.5,9.4575
41476.87,99.5,9.4575
41477.87,102.5,9.4575
41478.88,99.5,9.4575
41479.88,99.6,9.4575
41480.89,102.5,9.4575
41481.89,99.5,9.4575
41482.9,100.5,9.4575
41483.9,100.6,9.4575
41484.91,101.5,9.4575
41485.91,100.5,9.4575
41486.92,101.5,9.4577
41487.92,101.5,9.4577
41488.93,99.5,9.4577
41489.93,99.5,9.4577
41490.94,101.5,9.4577
41491.94,100.5,9.4577
41492.95,101.5,9.4577
41493.95,100.5,9.4577
41494.96,100.5,9.4577
41495.96,102.5,9.4577
41496.97,100.5,9.458
41497.97,100.5,9.458
41498.98,100.5,9.458
41499.99,100.5,9.458
41500.99,100.6,9.458
41501.99,100.5,9.458
41503.0,101.5,9.458
41504.0,100.5,9.458
41505.01,100.5,9.458
41506.02,101.5,9.458
41507.02,100.5,9.458
41508.03,101.5,9.4581
41509.03,101.5,9.4581
41510.04,100.5,9.4581
41511.04,100.5,9.4581
41512.05,100.5,9.4581
41513.05,100.5,9.4581
41514.06,101.5,9.4581
41515.06,100.5,9.4581
41516.07,101.5,9.4581
41517.07,99.5,9.4581
41518.08,100.5,9.4584
41519.08,101.5,9.4584
41520.09,99.5,9.4584
41521.09,100.5,9.4584
41522.1,101.5,9.4584
41523.11,99.5,9.4584
41524.11,100.5,9.4584
41525.12,101.5,9.4584
41526.12,100.5,9.4584
41527.13,100.5,9.4584
41528.13,100.5,9.4586
41529.14,101.5,9.4586
41530.14,99.7,9.4586
41531.15,101.5,9.4586
41532.15,99.7,9.4586
41533.15,100.5,9.4586
41534.16,102.6,9.4586
41535.16,101.5,9.4586
41536.17,99.5,9.4586
41537.17,101.5,9.4586
41538.18,99.5,9.4587
41539.18,100.5,9.4587
41540.19,100.5,9.4587
41541.19,101.5,9.4587
41542.2,100.5,9.4587
41543.21,101.5,9.4587
41544.21,100.5,9.4587
41545.21,100.5,9.4587
41546.22,99.6,9.4587
41547.22,99.5,9.4587
41548.23,102.5,9.4587
41549.24,100.5,9.4587
41550.24,100.5,9.4589
41551.25,100.5,9.4589
41552.25,101.5,9.4589
41553.26,99.5,9.4589
41554.26,101.5,9.4589
41555.27,102.5,9.4589
41556.27,99.6,9.4589
41557.28,99.5,9.4589
41558.28,101.5,9.4589
41559.29,100.5,9.4589
41560.29,100.5,9.4589
41561.3,101.2,9.4591
41562.3,100.5,9.4591
41563.31,103.5,9.4594
41564.31,104.6,9.4594
41565.32,174.1,9.4594
41566.33,157.0,2.5456
41567.33,0.0,2.8134
41568.33,300.1,2.9263
41569.34,329.3,3.1715
41570.34,313.4,3.4609
41571.35,3.0,2.6561
41572.36,322.9,2.8598
41573.36,345.1,3.0131
41574.36,320.3,3.2555
41575.37,320.3,3.5339
41576.38,262.9,3.8396
41577.38,133.3,4.0791
41578.39,111.4,4.2972
41579.39,152.4,4.4667
41580.4,101.5,4.567
41581.4,101.5,4.6647
41582.41,103.5,4.7635
41583.41,155.2,4.8098
41584.42,101.5,4.8573
41585.42,99.5,4.9008
41586.43,102.5,4.9394
41587.43,99.6,4.9919
41588.44,102.5,5.0327
41589.44,99.5,5.0841
41590.45,102.5,5.1305
41591.45,100.5,5.186
41592.46,103.5,5.2354
41593.46,100.5,5.2766
41594.47,100.5,5.3271
41595.47,99.5,5.3735
41596.48,101.5,5.4145
41597.48,101.5,5.4755
41598.49,99.5,5.5198
41599.49,102.5,5.5669
41600.5,100.5,5.6189
41601.5,104.5,5.6715
41602.51,100.5,5.72
41603.51,100.5,5.7752
41604.52,101.5,5.8153
41605.52,99.5,5.8725
41606.53,101.5,5.8974
41607.53,99.5,5.9351
41608.54,100.6,5.9749
41609.54,100.5,6.018
41610.55,101.5,6.0596
41611.55,100.5,6.0985
41612.56,102.5,6.1441
41613.56,100.5,6.1765
41614.57,100.5,6.2155
41615.57,100.6,6.2455
41616.58,100.5,6.2871
41617.58,100.5,6.3209
41618.59,100.5,6.3602
41619.59,102.5,6.4001
41620.6,98.5,6.4415
41621.6,102.5,6.472
41622.61,100.5,6.5074
41623.61,102.5,6.5431
41624.62,98.5,6.5762
41625.62,101.5,6.6149
41626.63,100.4,6.655
41627.63,100.5,6.6907
41628.64,101.5,6.7289
41629.64,100.5,6.7608
41630.65,100.5,6.7892
41631.65,101.5,6.8306
41632.66,99.5,6.863
41633.66,101.5,6.904
41634.67,99.5,6.9429
41635.67,101.5,6.9769
41636.68,101.5,7.0166
41637.68,99.5,7.0551
41638.69,101.5,7.0931
41639.69,100.5,7.1167
41640.7,100.5,7.1696
41641.7,100.5,7.2243
41642.71,101.5,7.2721
41643.72,100.5,7.3186
41644.72,100.5,7.3661
41645.73,100.5,7.419
41646.73,101.5,7.4661
41647.74,100.5,7.5137
41648.74,123.4,7.5801
41649.75,100.5,7.603
41650.75,99.5,7.6321
41651.76,100.5,7.6321
41652.76,101.5,7.6528
41653.77,100.5,7.7114
41654.77,101.5,7.7323
41655.78,100.5,7.7323
41656.78,100.5,7.7323
41657.79,100.5,7.7326
41658.79,101.5,7.7326
41659.8,99.5,7.7326
41660.8,100.5,7.7326
41661.81,101.5,7.7326
41662.81,101.5,7.7326
41663.82,101.5,7.7326
41664.82,101.5,7.7326
41665.83,99.7,7.7326
41666.83,100.6,7.7326
41667.84,99.5,7.7326
41668.84,101.5,7.7326
41669.85,100.5,7.7326
41670.85,99.5,7.7326
41671.86,100.5,7.7326
41672.86,101.5,7.7326
41673.87,100.5,7.7326
41674.87,101.5,7.7326
41675.88,100.5,7.7326
41676.88,99.5,7.7326
41677.89,101.5,7.7326
41678.89,100.5,7.7326
41679.9,99.5,7.7326
41680.9,100.5,7.7326
41681.91,100.5,7.7326
41682.91,101.5,7.7326
41683.92,100.5,7.7326
41684.92,100.5,7.7326
41685.93,101.5,7.7326
41686.93,101.5,7.7328
41687.94,99.5,7.7328
41688.94,100.5,7.7328
41689.95,100.5,7.7328
41690.95,101.5,7.7328
41691.96,99.5,7.7328
41692.96,100.5,7.7328
41693.97,102.5,7.7328
41694.97,102.5,7.7328
41695.98,100.5,7.7328
41696.98,100.5,7.7328
41697.99,100.5,7.7328
41698.99,99.5,7.7328
41700.0,100.5,7.7328
41701.0,100.5,7.7328
41702.01,101.5,7.7328
41703.01,99.5,7.733
41704.02,101.5,7.733
41705.02,101.5,7.733
41706.03,100.5,7.733
41707.03,100.5,7.733
41708.04,101.4,7.733
41709.04,100.5,7.733
41710.05,99.5,7.733
41711.05,100.4,7.733
41712.06,101.5,7.733
41713.06,99.5,7.733
41714.07,100.5,7.733
41715.07,100.5,7.733
41716.08,101.5,7.733
41717.08,100.5,7.733
41718.09,100.5,7.733
41719.09,101.6,7.733
41720.1,99.7,7.733
41721.1,101.5,7.733
41722.1,100.7,7.733
41723.11,100.5,7.733
41724.11,100.6,7.733
41725.12,99.5,7.733
41726.12,101.5,7.733
41727.13,99.5,7.733
41728.13,100.5,7.733
41729.14,100.5,7.733
41730.14,100.5,7.733
41731.15,100.5,7.733
41732.15,100.6,7.733
41733.16,101.5,7.733
41734.16,100.5,7.733
41735.17,102.5,7.733
41736.17,99.5,7.733
41737.18,101.5,7.733
41738.18,101.5,7.733
41739.19,99.5,7.733
41740.19,100.5,7.733
41741.2,99.5,7.733
41742.2,102.5,7.733
41743.21,99.5,7.733
41744.22,99.5,7.733
41745.22,100.5,7.733
41746.23,101.5,7.733
41747.23,99.5,7.733
41748.24,108.4,7.7333
41749.24,130.3,7.7333
41750.25,103.5,7.7333
41751.25,118.4,7.7333
41752.26,104.5,7.7334
41753.26,101.5,7.7334
41754.27,103.6,7.7334
41755.27,118.4,7.7334
41756.28,102.5,7.7334
41757.28,105.5,7.7334
41758.29,112.4,7.7334
41759.29,100.5,7.7334
41760.3,99.5,7.7335
41761.3,101.5,7.7335
41762.31,102.5,7.7335
41763.31,101.5,7.7335
41764.32,99.5,7.7335
41765.32,102.5,7.7335
41766.33,99.5,7.7335
41767.33,100.5,7.7335
41768.34,101.7,7.7335
41769.34,99.5,7.7335
41770.35,100.5,7.7335
41771.35,99.5,7.7335
41772.35,107.7,7.7335
41773.36,101.5,7.7335
41774.36,99.5,7.7335
41775.37,101.5,7.7335
41776.37,101.5,7.7335
41777.38,100.5,7.7335
41778.38,100.5,7.7335
41779.39,99.5,7.7335
41780.4,100.5,7.7335
41781.4,100.5,7.7335
41782.41,99.5,7.7335
41783.41,106.5,7.7335
41784.42,100.5,7.7335
41785.42,99.5,7.7335
41786.43,99.6,7.7335
41787.43,100.7,7.7335
41788.43,100.5,7.7335
41789.44,100.5,7.7335
41790.44,99.5,7.7335
41791.45,101.5,7.7335
41792.45,100.5,7.7335
41793.46,100.5,7.7335
41794.46,100.5,7.7335
41795.47,100.5,7.7335
41796.47,101.5,7.7335
41797.48,101.5,7.7337
41798.48,99.5,7.7337
41799.49,100.5,7.7337
41800.5,100.5,7.7337
41801.5,100.5,7.7337
41802.51,100.5,7.7337
41803.51,100.5,7.7337
41804.52,100.5,7.7337
41805.52,101.5,7.7337
41806.53,99.5,7.7337
41807.53,105.5,7.7337
41808.54,99.5,7.7337
41809.54,100.5,7.7337
41810.55,102.5,7.7337
41811.55,100.5,7.7337
41812.56,99.5,7.7337
41813.56,101.5,7.7337
41814.57,101.5,7.7337
41815.57,100.5,7.7337
41816.58,99.5,7.7337
41817.58,101.5,7.7337
41818.59,100.5,7.7337
41819.59,99.5,7.7337
41820.6,101.5,7.7337
41821.6,99.5,7.7337
41822.61,101.5,7.7337
41823.61,100.5,7.7337
41824.62,101.5,7.7337
41825.62,103.5,7.7337
41826.63,99.5,7.7337
41827.63,100.5,7.7337
41828.64,100.5,7.7337
41829.64,100.5,7.7337
41830.65,100.5,7.7337
41831.65,100.5,7.7337
41832.66,100.5,7.7337
41833.67,100.5,7.734
41834.67,100.5,7.734
41835.68,99.5,7.734
41836.68,100.5,7.734
41837.69,100.5,7.734
41838.69,100.5,7.734
41839.7,101.5,7.734
41840.7,100.5,7.734
41841.71,101.5,7.734
41842.71,101.5,7.7342
41843.72,100.5,7.7342
41844.72,100.5,7.7342
41845.73,100.5,7.7342
41846.73,99.5,7.7342
41847.74,100.5,7.7342
41848.74,100.5,7.7342
41849.75,101.5,7.7342
41850.75,99.5,7.7342
41851.76,100.5,7.7342
41852.76,101.6,7.7342
41853.77,100.5,7.7342
41854.77,100.5,7.7342
41855.78,100.5,7.7342
41856.78,101.5,7.7342
41857.79,100.5,7.7342
41858.79,100.5,7.7342
41859.8,99.5,7.7342
41860.8,100.5,7.7342
41861.81,102.5,7.7342
41862.81,100.5,7.7342
41863.82,100.5,7.7342
41864.82,101.5,7.7342
41865.83,99.5,7.7342
41866.83,100.5,7.7342
41867.84,99.5,7.7342
41868.84,102.6,7.7342
41869.85,100.5,7.7342
41870.85,99.6,7.7342
41871.85,2.0,2.7551
41872.86,311.2,2.8977
41873.86,351.2,3.135
41874.87,328.3,3.3868
41875.87,337.7,3.6717
41876.88,160.3,3.9458
41877.88,116.3,4.2598
41878.89,213.1,4.6125
41879.89,289.6,4.9398
41880.9,265.6,4.9795
41881.9,189.0,5.027
41882.91,100.4,5.0618
41883.91,100.5,5.1001
41884.92,101.5,5.1373
41885.92,123.3,5.1758
41886.93,105.5,5.1901
41887.93,106.5,5.2262
41888.94,100.6,5.2687
41889.94,102.5,5.2906
41890.95,100.5,5.3308
41891.95,101.5,5.36
41892.96,104.5,5.3948
41893.96,100.5,5.4345
41894.97,102.5,5.4759
41895.97,101.5,5.5116
41896.98,101.5,5.5485
41897.98,99.5,5.5798
41898.99,102.5,5.6154
41899.99,100.5,5.6468
41901.0,99.5,5.6811
41902.0,101.5,5.7165
41903.01,100.5,5.7569
41904.02,101.5,5.793
41905.02,100.6,5.8303
41906.03,100.5,5.8723
41907.03,101.6,5.9071
41908.03,101.5,5.9357
41909.04,99.5,5.9578
41910.05,100.5,5.9729
41911.05,100.5,5.9906
41912.06,99.5,6.0097
41913.06,101.5,6.0326
41914.07,99.5,6.0444
41915.07,100.5,6.0608
41916.08,102.5,6.079
41917.08,99.5,6.0972
41918.09,100.5,6.1118
41919.09,102.5,6.1292
41920.1,98.5,6.1482
41921.1,101.5,6.1708
41922.11,99.6,6.1819
41923.11,101.5,6.202
41924.12,101.5,6.2176
41925.12,101.5,6.2345
41926.13,99.6,6.2544
41927.13,100.5,6.2761
41928.14,99.5,6.2857
41929.14,101.5,6.3106
41930.15,99.5,6.3356
41931.15,101.5,6.3551
41932.16,102.5,6.3753
41933.16,101.5,6.3979
41934.17,100.5,6.426
41935.17,100.5,6.426
41936.18,100.5,6.4435
41937.18,101.5,6.4618
41938.19,100.5,6.4858
41939.19,100.5,6.503
41940.2,100.5,6.5217
41941.2,100.5,6.5403
41942.21,102.5,6.5566
41943.22,100.5,6.5723
41944.22,100.5,6.5939
41945.23,99.5,6.6158
41946.23,100.5,6.637
41947.24,100.5,6.6546
41948.24,101.5,6.6688
41949.25,99.5,6.6868
41950.25,101.5,6.7022
41951.26,101.5,6.7201
41952.26,100.5,6.7377
41953.27,99.5,6.7575
41954.27,99.5,6.7758
41955.28,101.5,6.7976
41956.28,100.5,6.8143
41957.29,100.5,6.8345
41958.29,101.5,6.8507
41959.3,99.5,6.8721
41960.31,101.5,6.8906
41961.31,100.6,6.9117
41962.31,101.5,6.9298
41963.32,101.5,6.9406
41964.33,99.5,6.9596
41965.33,100.5,6.9792
41966.34,101.5,6.9998
41967.34,101.5,7.0186
41968.35,99.5,7.0251
41969.35,101.5,7.0404
41970.36,100.5,7.0542
41971.36,99.6,7.067
41972.37,100.5,7.0835
41973.37,99.5,7.0971
41974.38,100.5,7.1139
41975.38,101.5,7.132
41976.39,100.5,7.146
41977.39,101.5,7.1639
41978.4,101.5,7.1789
41979.4,99.5,7.1957
41980.41,100.5,7.2116
41981.41,101.5,7.2254
41982.42,99.5,7.2432
41983.42,101.5,7.2593
41984.43,101.5,7.2786
41985.43,100.5,7.2939
41986.44,101.5,7.3017
41987.45,100.5,7.3171
41988.45,99.5,7.3308
41989.46,100.5,7.3487
41990.46,100.5,7.3611
41991.47,100.6,7.3746
41992.47,100.5,7.3854
41993.48,102.5,7.4008
41994.48,99.5,7.4178
41995.49,100.5,7.4297
41996.49,101.5,7.4459
41997.5,100.5,7.459
41998.5,99.6,7.4774
41999.51,100.5,7.491
42000.51,100.5,7.5067
42001.52,101.5,7.5227
42002.52,101.5,7.5373
42003.53,99.5,7.5548
42004.53,100.5,7.5731
42005.54,123.5,7.6376
42006.54,102.5,7.6376
42007.55,101.5,7.6376
42008.55,99.5,7.6376
42009.56,102.5,7.6376
42010.56,100.5,7.6376
42011.57,99.5,7.6545
42012.57,100.5,7.6762
42013.58,101.5,7.6896
42014.58,100.5,7.6896
42015.59,100.5,7.6896
42016.59,101.6,7.6896
42017.6,100.5,7.6896
42018.6,100.5,7.7004
42019.61,98.5,7.7175
42020.61,101.5,7.7333
42021.62,103.5,7.7516
42022.62,99.5,7.7647
42023.63,101.5,7.7896
42024.63,100.5,7.7896
42025.64,100.5,7.7896
42026.65,99.5,7.7896
42027.65,101.6,7.7899
42028.66,100.2,7.7899
42029.66,100.5,7.7899
42030.67,101.5,7.7899
42031.67,99.5,7.7899
42032.68,100.5,7.7899
42033.68,100.5,7.7899
42034.69,100.5,7.7899
42035.69,101.5,7.7899
42036.7,100.5,7.7899
42037.7,101.5,7.7899
42038.71,101.5,7.7899
42039.71,101.5,7.7899
42040.72,98.5,7.7899
42041.72,100.5,7.7899
42042.73,101.5,7.7899
42043.73,99.5,7.7899
42044.74,100.5,7.7901
42045.75,103.5,7.7901
42046.75,98.6,7.7901
42047.75,101.5,7.7901
42048.76,100.4,7.7901
42049.76,102.7,7.7901
42050.77,99.5,7.7901
42051.77,101.5,7.7901
42052.78,100.5,7.7901
42053.78,100.5,7.7901
42054.79,99.5,7.7901
42055.79,101.5,7.7901
42056.8,100.5,7.7901
42057.8,100.5,7.7901
42058.81,102.2,7.7901
42059.82,100.6,7.7901
42060.82,100.5,7.7901
42061.83,100.5,7.7901
42062.83,100.5,7.7901
42063.84,100.5,7.7901
42064.84,100.6,7.7901
42065.85,101.5,7.7901
42066.85,100.5,7.7901
42067.86,100.5,7.7901
42068.86,99.4,7.7901
42069.87,101.5,7.7901
42070.87,99.5,7.7901
42071.88,100.5,7.7901
42072.88,101.5,7.7903
42073.89,100.4,7.7903
42074.89,100.5,7.7903
42075.9,101.5,7.7903
42076.91,99.5,7.7903
42077.91,101.6,7.7903
42078.92,100.4,7.7903
42079.92,100.5,7.7903
42080.93,99.5,7.7903
42081.93,101.5,7.7903
42082.94,102.5,7.7903
42083.94,99.4,7.7903
42084.95,99.5,7.7903
42085.95,100.5,7.7903
42086.96,101.5,7.7903
42087.96,100.6,7.7903
42088.97,102.5,7.7903
42089.97,99.5,7.7903
42090.98,99.5,7.7903
42091.98,100.5,7.7903
42092.99,100.5,7.7903
42093.99,102.5,7.7903
42095.0,100.5,7.7903
42096.0,100.6,7.7903
42097.01,102.5,7.7903
42098.01,100.5,7.7903
42099.02,101.5,7.7903
42100.02,99.6,7.7903
42101.03,101.5,7.7903
42102.03,99.5,7.7903
42103.04,100.5,7.7903
42104.04,100.6,7.7903
42105.05,100.5,7.7903
42106.05,101.5,7.7903
42107.06,99.5,7.7903
42108.06,100.5,7.7903
42109.07,100.5,7.7903
42110.07,100.5,7.7903
42111.08,101.5,7.7905
42112.08,100.5,7.7905
42113.09,101.5,7.7905
42114.09,100.5,7.7905
42115.1,99.5,7.7905
42116.1,101.6,7.7905
42117.11,101.5,7.7905
42118.11,99.5,7.7908
42119.12,101.5,7.7908
42120.12,99.5,7.791
42121.13,100.5,7.791
42122.13,100.5,7.791
42123.14,101.5,7.791
42124.14,99.5,7.791
42125.15,100.5,7.791
42126.15,100.5,7.791
42127.16,101.5,7.791
42128.16,100.5,7.791
42129.17,100.5,7.791
42130.17,100.7,7.791
42131.18,99.5,7.791
42132.18,101.5,7.791
42133.19,100.5,7.791
42134.19,99.5,7.791
42135.2,101.5,7.791
42136.2,101.5,7.791
42137.21,99.5,7.791
42138.21,101.5,7.791
42139.22,100.5,7.791
42140.22,100.5,7.791
42141.23,101.5,7.791
42142.23,100.5,7.791
42143.24,99.6,7.791
42144.24,101.5,7.791
42145.25,100.5,7.791
42146.25,100.5,7.791
42147.26,100.5,7.791
42148.26,100.5,7.791
42149.27,100.5,7.791
42150.27,100.5,7.791
42151.28,101.5,7.791
42152.28,99.5,7.791
42153.29,100.5,7.791
42154.29,102.5,7.791
42155.3,100.6,7.791
42156.3,100.5,7.791
42157.31,99.5,7.791
42158.31,101.5,7.791
42159.32,99.6,7.791
42160.32,100.5,7.791
42161.33,100.5,7.791
42162.33,101.5,7.791
42163.34,100.6,7.791
42164.34,100.5,7.791
42165.35,100.5,7.791
42166.35,103.5,7.791
42167.36,103.5,7.791
42168.36,99.5,7.7913
42169.37,100.5,7.7913
42170.37,101.5,7.7913
42171.38,99.4,2.6592
42172.38,322.4,2.86
42173.39,332.7,3.0142
42174.39,320.4,3.2711
42175.4,321.3,3.5152
42176.4,325.3,3.8215
42177.41,161.2,4.265
42178.41,146.4,4.7015
42179.42,128.3,5.1576
42180.42,118.4,5.606
42181.43,104.5,6.0375
42182.43,100.5,6.4923
42183.44,105.5,6.9491
42184.44,99.5,7.4265
42185.45,121.4,7.7348
42186.45,102.5,7.7348
42187.46,101.5,7.7348
42188.47,99.5,7.7348
42189.47,103.5,7.7348
42190.48,99.5,7.7348
42191.48,101.5,7.7348
42192.49,100.5,7.7348
42193.49,101.6,7.7348
42194.5,112.4,7.8113
42195.5,99.5,7.839
42196.51,104.5,7.839
42197.51,101.6,7.839
42198.51,100.5,7.839
42199.52,101.5,7.8393
42200.52,104.5,7.8393
42201.53,99.5,7.8393
42202.53,104.5,7.8394
42203.54,103.5,7.8394
42204.54,115.4,7.8399
42205.55,100.5,7.8399
42206.55,106.5,7.8399
42207.56,100.5,7.8399
42208.56,101.5,7.8399
42209.57,108.5,7.8399
42210.57,100.5,7.8399
42211.58,100.5,7.8399
42212.58,100.5,7.8401
42213.59,112.4,7.8419
42214.59,99.6,7.8419
42215.6,101.5,7.8419
42216.6,101.5,7.8419
42217.61,100.5,7.8419
42218.61,100.6,7.8419
42219.62,100.5,7.8419
42220.62,99.5,7.8419
42221.63,112.4,7.8423
42222.63,101.5,7.8423
42223.64,99.5,7.8423
42224.64,100.5,7.8423
42225.65,100.5,7.8423
42226.65,99.5,7.8423
42227.66,101.5,7.8423
42228.67,100.5,7.8423
42229.67,100.5,7.8423
42230.67,111.7,7.8929
42231.68,103.5,7.9019
42232.68,100.5,7.9019
42233.69,102.5,7.9019
42234.69,100.5,7.9019
42235.7,100.5,7.9019
42236.71,100.5,7.9019
42237.71,101.5,7.9019
42238.72,101.5,7.9019
42239.72,101.4,7.9019
42240.73,99.5,8.1013
42241.73,100.5,8.5842
42242.74,100.5,9.0035
42243.74,124.4,9.3817
42244.75,100.5,9.3817
42245.75,104.4,9.3819
42246.76,100.5,9.3819
42247.76,102.5,9.3802
42248.77,100.5,9.3802
42249.77,100.5,9.3802
42250.78,100.5,9.3787
42251.79,100.5,9.3787
42252.79,101.5,9.378
42253.8,100.5,9.3767
42254.8,102.2,9.3812
42255.81,100.5,9.3812
42256.81,101.5,9.3812
42257.82,100.5,9.3814
42258.82,100.5,9.3796
42259.83,101.5,9.3796
42260.83,100.5,9.3796
42261.84,100.5,9.3796
42262.84,101.5,9.3796
42263.85,100.6,9.3796
42264.85,100.5,9.3796
42265.86,100.5,9.3796
42266.86,103.5,9.3811
42267.87,99.5,9.3811
42268.87,100.5,9.3811
42269.88,100.5,9.3811
42270.88,100.5,9.3811
42271.89,101.5,9.3811
42272.89,101.5,9.3811
42273.9,100.5,9.3811
42274.91,101.5,9.3811
42275.91,99.6,9.3811
42276.91,101.5,9.3811
42277.92,99.5,9.3811
42278.93,103.5,9.3839
42279.93,100.6,9.3839
42280.93,99.5,9.3839
42281.94,101.5,9.3839
42282.95,100.5,9.3839
42283.95,100.5,9.3839
42284.96,101.4,9.3839
42285.96,100.5,9.3839
42286.97,100.5,9.3839
42287.97,100.5,9.3839
42288.98,101.5,9.3839
42289.98,100.4,9.3853
42290.99,100.5,9.3853
42291.99,101.5,9.3853
42293.0,99.5,9.3853
42294.0,102.5,9.3853
42295.01,100.5,9.3853
42296.01,101.5,9.3853
42297.02,99.5,9.3853
42298.02,101.7,9.3853
42299.03,99.5,9.3853
42300.03,101.6,9.3853
42301.04,100.5,9.3853
42302.04,99.5,9.3853
42303.05,101.3,9.3863
42304.05,103.5,9.3863
42305.06,99.3,9.3863
42306.07,100.6,9.3863
42307.07,99.5,9.3863
42308.08,101.5,9.3866
42309.08,100.5,9.3866
42310.09,100.5,9.3866
42311.09,100.5,9.3866
42312.1,102.5,9.3866
42313.1,99.5,9.3866
42314.11,102.5,9.3876
42315.11,100.4,9.3878
42316.12,101.5,9.3878
42317.12,99.5,9.3878
42318.13,101.5,9.3878
42319.14,99.5,9.3878
42320.14,101.5,9.3877
42321.15,100.5,9.3862
42322.15,99.5,9.3862
42323.16,100.5,9.3862
42324.16,100.5,9.3862
42325.17,101.5,9.3862
42326.17,101.5,9.3868
42327.17,101.8,9.3868
42328.18,99.7,9.3868
42329.18,101.5,9.3868
42330.19,100.2,9.3868
42331.19,99.5,9.3868
42332.2,101.5,9.3868
42333.21,101.5,9.3868
42334.21,100.5,9.3868
42335.22,100.5,9.3868
42336.22,105.5,9.3868
42337.23,101.5,9.3868
42338.23,100.5,9.3878
42339.24,100.5,9.3878
42340.24,101.5,9.3878
42341.25,99.5,9.3878
42342.25,102.5,9.3878
42343.26,99.5,9.3878
42344.26,101.5,9.3861
42345.27,99.5,9.3861
42346.27,101.5,9.3861
42347.28,100.5,9.3861
42348.28,100.5,9.3861
42349.29,100.5,9.3861
42350.29,104.6,9.3877
42351.3,100.5,9.3877
42352.3,99.5,9.3864
42353.31,101.5,9.3866
42354.31,99.6,9.3866
42355.32,101.5,9.3866
42356.32,99.5,9.3866
42357.33,100.5,9.3866
42358.33,100.5,9.3866
42359.34,100.5,9.3866
42360.34,101.5,9.3866
42361.35,99.5,9.3866
42362.35,100.6,9.3844
42363.36,103.4,9.3853
42364.36,99.5,9.3853
42365.37,100.5,9.3853
42366.37,100.7,9.3853
42367.38,101.5,9.3853
42368.38,99.5,9.3846
42369.39,101.7,9.3833
42370.39,99.5,9.3833
42371.4,101.5,9.3833
42372.4,99.6,9.3833
42373.41,101.5,9.3833
42374.41,99.6,9.3833
42375.41,102.5,9.3849
42376.42,101.6,9.3849
42377.42,100.5,9.3849
42378.43,101.5,9.3849
42379.44,100.5,9.3849
42380.44,99.5,9.3849
42381.45,101.5,9.3829
42382.45,99.5,9.3829
42383.46,108.4,9.3829
42384.46,100.5,9.3829
42385.46,102.7,9.3829
42386.47,100.5,9.3843
42387.47,100.5,9.3845
42388.48,100.5,9.3845
42389.48,101.7,9.3845
42390.49,100.5,9.3845
42391.49,100.5,9.3845
42392.5,101.5,9.3845
42393.5,100.5,9.3845
42394.51,99.5,9.3845
42395.51,99.5,9.3845
42396.52,102.5,9.3845
42397.52,100.5,9.3848
42398.53,100.5,9.3856
42399.53,101.5,9.3856
42400.54,101.5,9.3856
42401.55,100.5,9.3856
42402.55,101.5,9.3856
42403.56,99.5,9.3856
42404.56,100.5,9.3856
42405.57,103.5,9.3856
42406.57,99.5,9.3856
42407.58,100.5,9.3856
42408.58,100.5,9.3856
42409.59,100.5,9.3863
42410.59,100.5,9.3863
42411.59,100.7,9.3863
42412.6,100.7,9.3863
42413.6,100.8,9.3863
42414.6,100.6,9.3863
42415.61,101.3,9.3863
42416.61,100.5,9.3863
42417.62,100.5,9.3863
42418.62,101.5,9.3863
42419.63,100.5,9.3863
42420.63,100.5,9.3863
42421.64,100.5,9.3863
42422.65,101.5,9.3873
42423.65,100.5,9.3873
42424.66,101.5,9.3873
42425.66,101.5,9.3873
42426.67,100.6,9.3873
42427.67,100.5,9.3873
42428.68,99.5,9.3873
42429.68,101.5,9.3873
42430.69,100.5,9.3873
42431.69,100.5,9.3873
42432.7,101.5,9.3873
42433.7,100.5,9.3873
42434.71,101.5,9.3882
42435.71,99.5,9.3882
42436.72,101.5,9.3882
42437.72,99.5,9.3882
42438.73,101.5,9.3882
42439.73,100.5,9.3882
42440.74,99.5,9.3882
42441.74,100.5,9.3882
42442.75,100.5,9.3885
42443.76,100.5,9.3885
42444.76,102.5,9.3885
42445.77,101.5,9.3885
42446.77,101.5,9.3891
42447.78,100.4,9.3891
42448.78,101.6,9.3891
42449.79,100.5,9.3891
42450.79,100.5,9.3891
42451.8,100.5,9.3891
42452.8,149.2,9.3892
42453.81,104.4,9.3892
42454.81,100.5,9.3892
42455.82,103.5,9.3894
42456.82,102.5,9.3894
42457.83,99.5,9.3894
42458.83,100.5,9.3894
42459.84,102.5,9.3894
42460.85,99.5,9.3894
42461.85,100.5,9.3894
42462.86,100.5,9.3894
42463.86,102.5,9.3894
42464.87,99.5,9.3894
42465.87,100.5,9.3894
42466.88,100.5,9.3894
42467.88,101.5,9.3894
42468.89,101.5,9.3894
42469.89,100.5,9.3894
42470.9,99.5,9.3894
42471.9,1.0,2.7122
42472.9,298.2,2.874
42473.91,347.2,3.0867
42474.91,322.4,3.3422
42475.92,332.4,3.6384
42476.92,179.0,4.0582
42477.93,123.4,4.4859
42478.93,126.4,4.9125
42479.94,119.4,5.369
42480.94,113.7,5.7925
42481.95,104.5,6.2394
42482.95,103.5,6.6865
42483.96,100.5,7.133
42484.96,121.5,7.5653
42485.97,100.5,7.7173
42486.97,103.5,7.7173
42487.98,101.5,7.7175
42488.98,100.5,7.7175
42489.99,104.5,7.7175
42490.99,100.6,7.7175
42492.0,103.5,7.7175
42493.0,101.5,7.7175
42494.01,99.5,7.7175
42495.01,112.5,7.8199
42496.02,100.5,7.8199
42497.02,102.5,7.8199
42498.03,100.5,7.8199
42499.03,101.5,7.8199
42500.04,100.5,7.8202
42501.04,100.5,7.8202
42502.05,101.5,7.8202
42503.05,100.5,7.8203
42504.06,102.4,7.8205
42505.07,112.4,7.8213
42506.07,102.5,7.8213
42507.08,101.5,7.8213
42508.08,99.5,7.8213
42509.09,109.5,7.8213
42510.09,109.4,7.8213
42511.1,99.5,7.8213
42512.1,100.5,7.8213
42513.11,110.4,7.8214
42514.11,101.5,7.8214
42515.12,100.5,7.8214
42516.12,99.5,7.8214
42517.13,101.5,7.8214
42518.13,100.5,7.8214
42519.14,100.5,7.8214
42520.14,100.5,7.8214
42521.15,100.5,7.8214
42522.15,112.5,7.8215
42523.16,99.5,7.8215
42524.16,100.5,7.8215
42525.17,100.5,7.8217
42526.18,101.4,7.8217
42527.18,101.5,7.8217
42528.19,99.5,7.8217
42529.19,101.5,7.8217
42530.2,101.5,7.8217
42531.2,112.4,7.8763
42532.21,100.5,7.8763
42533.21,100.5,7.8763
42534.22,100.5,7.8763
42535.22,99.5,7.8763
42536.23,101.5,7.8763
42537.23,101.5,7.8763
42538.24,101.5,7.8766
42539.24,99.5,7.8766
42540.25,99.5,8.2904
42541.25,102.5,8.7307
42542.26,99.5,9.2058
42543.27,122.3,9.3575
42544.27,101.5,9.3575
42545.28,99.5,9.3575
42546.28,100.5,9.3575
42547.29,100.5,9.3577
42548.29,101.5,9.3577
42549.3,99.5,9.3577
42550.3,101.5,9.3577
42551.31,101.5,9.3577
42552.31,106.4,9.3577
42553.32,99.5,9.3577
42554.32,101.5,9.3582
42555.33,100.5,9.3582
42556.33,101.5,9.3565
42557.34,100.5,9.3565
42558.35,100.5,9.3565
42559.35,100.5,9.3565
42560.36,101.5,9.3565
42561.36,99.5,9.3565
42562.37,99.5,9.3565
42563.37,100.5,9.3565
42564.38,102.5,9.3565
42565.38,100.5,9.3565
42566.39,98.5,9.3567
42567.39,101.5,9.3567
42568.4,100.5,9.3567
42569.4,101.5,9.3567
42570.41,101.5,9.3569
42571.41,102.5,9.3569
42572.42,99.5,9.3569
42573.42,100.5,9.3569
42574.43,99.5,9.3569
42575.43,101.5,9.3569
42576.44,100.5,9.3569
42577.44,101.5,9.3573
42578.45,99.5,9.3573
42579.45,101.5,9.3573
42580.46,100.5,9.3573
42581.47,100.5,9.3573
42582.47,102.5,9.3576
42583.48,98.5,9.3576
42584.48,101.5,9.3576
42585.49,100.5,9.3576
42586.49,101.5,9.3576
42587.5,100.5,9.3576
42588.5,101.5,9.3576
42589.51,100.5,9.3578
42590.51,99.5,9.3578
42591.52,100.5,9.3578
42592.52,100.5,9.3578
42593.53,100.5,9.3578
42594.53,100.6,9.3578
42595.54,100.5,9.3578
42596.54,102.5,9.358
42597.55,100.5,9.358
42598.55,101.5,9.358
42599.56,99.5,9.358
42600.56,102.5,9.358
42601.57,100.5,9.3581
42602.57,99.5,9.3581
42603.58,100.5,9.3581
42604.58,101.5,9.3581
42605.59,100.5,9.3581
42606.59,100.5,9.3581
42607.6,100.5,9.3581
42608.61,101.5,9.3581
42609.61,100.6,9.3581
42610.61,100.5,9.3581
42611.62,100.5,9.3581
42612.63,101.5,9.3584
42613.63,100.5,9.3584
42614.64,100.5,9.3584
42615.64,100.5,9.3584
42616.65,100.5,9.3584
42617.65,101.5,9.3584
42618.66,100.5,9.3584
42619.66,100.5,9.3584
42620.67,100.5,9.3584
42621.67,100.5,9.3584
42622.68,100.5,9.3584
42623.68,99.5,9.3586
42624.69,102.5,9.3586
42625.7,100.5,9.3586
42626.7,101.5,9.3586
42627.71,101.5,9.3588
42628.71,100.5,9.3588
42629.72,99.5,9.3588
42630.72,101.5,9.3588
42631.73,99.5,9.3588
42632.73,101.5,9.3588
42633.74,100.5,9.3588
42634.74,100.5,9.3588
42635.75,101.5,9.3589
42636.75,142.2,9.359
42637.76,99.5,9.359
42638.76,101.5,9.359
42639.77,98.5,9.359
42640.77,102.5,9.359
42641.78,99.5,9.359
42642.78,100.5,9.359
42643.79,100.5,9.359
42644.79,101.5,9.359
42645.8,100.5,9.359
42646.81,100.5,9.359
42647.81,102.5,9.359
42648.82,100.5,9.359
42649.82,101.3,9.359
42650.83,99.5,9.359
42651.83,101.5,9.359
42652.84,99.5,9.359
42653.84,99.5,9.359
42654.85,100.5,9.359
42655.85,101.5,9.359
42656.86,99.5,9.359
42657.87,101.5,9.359
42658.87,100.5,9.359
42659.88,104.5,9.359
42660.88,99.5,9.359
42661.89,100.5,9.359
42662.89,101.5,9.359
42663.9,104.5,9.359
42664.9,101.5,9.3592
42665.91,100.5,9.3592
42666.91,100.5,9.3592
42667.92,100.5,9.3592
42668.92,100.5,9.3592
42669.93,100.5,9.3592
42670.93,100.5,9.3592
42671.94,101.5,9.3592
42672.94,100.5,9.3594
42673.95,100.5,9.3594
42674.95,99.5,9.3594
42675.96,101.5,9.3594
42676.96,100.5,9.3594
42677.97,99.5,9.3594
42678.97,101.5,9.3594
42679.98,99.5,9.3594
42680.98,100.5,9.3594
42681.99,102.5,9.3594
42682.99,99.5,9.3594
42684.0,101.6,9.3594
42685.0,101.5,9.3594
42686.01,100.5,9.3594
42687.01,100.5,9.3594
42688.02,100.5,9.3594
42689.02,101.5,9.3594
42690.03,99.5,9.3594
42691.03,99.5,9.3594
42692.04,100.6,9.3594
42693.04,100.5,9.3594
42694.05,101.5,9.3594
42695.05,101.5,9.3594
42696.06,99.6,9.3594
42697.06,100.4,9.3594
42698.07,100.5,9.3594
42699.07,101.5,9.3594
42700.08,102.5,9.3594
42701.08,99.5,9.3594
42702.09,100.5,9.3594
42703.09,101.5,9.3594
42704.1,101.5,9.3594
42705.1,99.5,9.3594
42706.11,100.5,9.3594
42707.11,100.6,9.3594
42708.12,100.5,9.3594
42709.12,100.5,9.3594
42710.13,100.5,9.3594
42711.13,100.5,9.3594
42712.14,101.5,9.3594
42713.14,100.5,9.3594
42714.15,100.5,9.3594
42715.15,101.5,9.3594
42716.16,99.5,9.3594
42717.16,101.5,9.3594
42718.17,99.5,9.3594
42719.17,101.5,9.3594
42720.18,100.5,9.3594
42721.19,99.5,9.3594
42722.19,101.5,9.3594
42723.19,100.5,9.3597
42724.2,99.5,9.3597
42725.2,102.5,9.3597
42726.21,100.5,9.3597
42727.22,100.5,9.3597
42728.22,101.6,9.3597
42729.22,99.5,9.3597
42730.23,101.5,9.3597
42731.24,101.5,9.3597
42732.24,99.5,9.3597
42733.25,100.5,9.3599
42734.25,100.5,9.3599
42735.26,100.5,9.3599
42736.26,101.5,9.3599
42737.27,100.5,9.3599
42738.27,100.5,9.3599
42739.28,100.5,9.3599
42740.28,101.6,9.3599
42741.29,100.5,9.3599
42742.29,100.5,9.3599
42743.3,100.5,9.3599
42744.3,100.5,9.3599
42745.31,100.5,9.3599
42746.31,100.5,9.3599
42747.32,100.6,9.3599
42748.32,100.5,9.3599
42749.33,100.5,9.3599
42750.33,99.5,9.3599
42751.34,102.5,9.3599
42752.34,100.5,9.3599
42753.35,99.7,9.3599
42754.35,101.5,9.3599
42755.36,100.5,9.3599
42756.36,100.6,9.3599
42757.37,101.5,9.3599
42758.37,101.5,9.3599
42759.38,101.5,9.3599
42760.38,100.5,9.3599
42761.39,99.5,9.3599
42762.39,101.5,9.3599
42763.4,99.5,9.3599
42764.4,101.6,9.3599
42765.41,101.5,9.3599
42766.41,100.5,9.3599
42767.42,100.5,9.3601
42768.42,100.5,9.3601
42769.43,101.5,9.3601
42770.43,99.5,9.3601
42771.44,101.5,2.644
42772.44,305.4,2.8383
42773.45,368.9,2.9793
42774.45,341.3,3.3006
42775.46,334.2,3.6158
42776.46,1.0,2.7875
42777.46,353.1,2.9555
42778.47,350.6,3.2668
42779.47,329.3,3.5583
42780.47,3.0,2.6823
42781.48,350.1,2.8819
42782.48,364.7,3.0647
42783.49,319.6,3.3709
42784.49,313.4,2.5371
42785.5,6.0,2.8123
42786.5,10.9,2.6556
42787.5,319.1,2.8398
42788.51,354.1,2.9841
42789.51,3.0,2.7819
42790.51,289.2,2.9522
42791.52,348.2,3.1551
42792.52,320.3,3.3673
42793.53,314.3,3.5632
42794.53,1.0,2.6802
42795.54,344.1,2.9345
42796.54,357.0,3.0605
42797.54,322.3,3.2694
42798.55,309.3,3.486
42799.55,289.6,2.5527
42800.56,1.0,2.8825
42801.56,353.1,3.0535
42802.56,328.3,3.3182
42803.57,319.4,3.5785
42804.57,2.0,2.698
42805.58,313.4,2.9339
42806.58,351.0,3.1161
42807.58,334.1,3.3617
42808.59,313.2,3.5937
42809.59,1.0,2.6829
42810.59,341.1,2.941
42811.59,365.0,3.1631
42812.6,327.5,3.4236
42813.6,323.1,3.6558
42814.6,2.0,2.6631
42815.61,335.0,2.9276
42816.61,344.2,3.0889
42817.62,323.5,3.3528
42818.62,310.5,3.5964
42819.63,0.0,2.681
42820.63,327.2,2.922
42821.64,328.4,3.0452
42822.64,337.1,3.3005
42823.65,321.8,3.5542
42824.65,311.5,3.7075
42825.65,3.0,2.7388
42826.66,324.3,3.0504
42827.66,338.8,3.1795
42828.67,335.2,3.3913
42829.67,313.3,3.5897
42830.68,316.5,3.7915
42831.68,312.3,4.0855
42832.69,302.4,4.3867
42833.69,305.3,4.7342
42834.7,302.3,5.0387
42835.7,244.2,2.5548
42836.71,1.0,2.8394
42837.71,348.3,3.1227
42838.72,304.8,3.7033
42839.72,342.9,4.0038
42840.73,260.7,4.1116
42841.73,133.3,4.1797
42842.74,105.4,4.2356
42843.74,109.4,4.2818
42844.75,114.4,4.3195
42845.75,111.6,4.3511
42846.76,102.6,4.3777
42847.76,102.5,4.4018
42848.77,105.5,4.4251
42849.77,99.5,4.4486
42850.78,101.5,4.4697
42851.78,101.5,4.4873
42852.79,100.5,4.5045
42853.79,101.5,4.5231
42854.8,100.5,4.5407
42855.8,115.4,4.5584
42856.81,100.5,4.5741
42857.81,101.5,4.589
42858.82,102.5,4.6053
42859.82,98.5,4.6206
42860.83,103.5,4.6355
42861.83,114.4,4.6498
42862.84,99.5,4.6643
42863.84,100.6,4.6806
42864.85,101.5,4.6959
42865.85,100.5,4.7103
42866.86,103.5,4.7261
42867.86,99.5,4.7395
42868.87,100.5,4.7537
42869.88,100.5,4.7666
42870.88,100.5,4.7795
42871.89,100.5,4.7914
42872.89,100.2,4.8036
42873.9,102.5,4.8136
42874.9,99.5,4.8251
42875.91,100.5,4.8363
42876.91,101.5,4.8475
42877.92,100.5,4.858
42878.92,99.5,4.8683
42879.93,100.6,4.8787
42880.93,100.5,4.8877
42881.94,102.5,4.8976
42882.95,100.3,4.9078
42883.95,99.5,4.9182
42884.96,100.5,4.9281
42885.96,100.5,4.9377
42886.97,102.5,4.9467
42887.97,100.5,4.954
42888.98,101.5,4.9634
42889.98,109.4,4.9726
42890.99,100.5,4.9807
42891.99,99.5,4.9897
42893.0,100.5,4.9993
42894.0,100.5,5.008
42895.01,101.5,5.0178
42896.01,100.5,5.0269
42897.02,100.5,5.0358
42898.02,99.5,5.0431
42899.03,102.5,5.0526
42900.03,100.5,5.0616
42901.04,99.5,5.0692
42902.04,100.5,5.0766
42903.05,101.5,5.0837
42904.05,100.5,5.0916
42905.06,100.5,5.0993
42906.06,99.6,5.1072
42907.07,100.5,5.1137
42908.07,102.5,5.1202
42909.08,100.5,5.1271
42910.08,99.5,5.1342
42911.09,100.5,5.1419
42912.09,99.6,5.1484
42913.1,102.7,5.1554
42914.1,100.5,5.1629
42915.1,99.7,5.1693
42916.11,100.5,5.1758
42917.11,100.5,5.1832
42918.12,101.3,5.1899
42919.13,99.5,5.1965
42920.13,101.5,5.2027
42921.14,101.5,5.2082
42922.14,100.5,5.2153
42923.15,100.5,5.2226
42924.15,100.5,5.2288
42925.15,100.8,5.2352
42926.16,99.8,5.2417
42927.16,100.5,5.2476
42928.17,100.3,5.2537
42929.17,101.5,5.26
42930.18,100.6,5.2667
42931.18,100.5,5.2732
42932.19,99.5,5.2794
42933.19,100.3,5.2861
42934.2,101.5,5.293
42935.21,100.5,5.3001
42936.21,99.6,5.3064
42937.21,101.5,5.3124
42938.22,99.6,5.3187
42939.22,100.6,5.325
42940.23,100.7,5.3298
42941.23,101.5,5.3357
42942.24,100.5,5.3418
42943.24,101.3,5.3478
42944.25,102.5,5.354
42945.25,99.5,5.3611
42946.26,101.5,5.3676
42947.26,100.5,5.3736
42948.27,100.5,5.3796
42949.27,100.5,5.3861
42950.28,100.5,5.3918
42951.28,99.5,5.3968
42952.29,101.5,5.4022
42953.29,100.5,5.4085
42954.3,101.5,5.4143
42955.3,99.5,5.4204
42956.31,100.5,5.4269
42957.32,99.5,5.4325
42958.32,101.4,5.4384
42959.33,101.5,5.4441
42960.33,102.5,5.4506
42961.34,99.5,5.4559
42962.34,101.5,5.4604
42963.35,100.5,5.4659
42964.35,99.8,5.4717
42965.35,107.5,5.4773
42966.36,100.5,5.4831
42967.36,101.5,5.4891
42968.37,99.2,5.4944
42969.38,100.5,5.4997
42970.38,100.5,5.5055
42971.39,101.5,5.5115
42972.39,101.5,5.517
42973.4,100.5,5.5226
42974.4,99.5,5.5281
42975.41,99.5,5.5348
42976.41,101.5,5.5401
42977.42,100.5,5.5455
42978.42,100.5,5.5509
42979.43,101.7,5.5568
42980.43,99.5,5.5625
42981.44,100.5,5.5682
42982.44,101.5,5.5744
42983.45,100.5,5.5806
42984.45,100.5,5.5863
42985.46,100.5,5.592
42986.46,102.5,5.5981
42987.47,101.5,5.6042
42988.47,101.5,5.6102
42989.48,100.5,5.6157
42990.48,100.5,5.6212
42991.49,99.5,5.6272
42992.49,101.5,5.6323
42993.5,100.5,5.6382
42994.5,99.5,5.6424
42995.51,101.5,5.6473
42996.51,99.5,5.6532
42997.52,116.4,5.6587
42998.53,103.5,5.6635
42999.53,99.6,5.6683
43000.53,100.5,5.6719
43001.54,99.5,5.6762
43002.55,100.5,5.6824
43003.55,101.5,5.6874
43004.56,99.5,5.6927
43005.56,101.5,5.6978
43006.57,102.5,5.7028
43007.57,99.5,5.7079
43008.58,99.5,5.7131
43009.58,100.5,5.718
43010.59,100.5,5.7224
43011.59,102.5,5.7269
43012.6,99.5,5.7322
43013.6,101.5,5.7376
43014.61,99.6,5.7428
43015.61,100.5,5.7476
43016.62,99.5,5.7519
43017.62,101.5,5.7557
43018.63,101.4,5.7603
43019.63,100.5,5.7645
43020.64,101.5,5.7693
43021.64,101.5,5.7738
43022.65,101.5,5.7781
43023.65,100.4,5.7821
43024.66,100.5,5.7866
43025.66,99.5,5.7914
43026.67,101.5,5.7963
43027.67,100.5,5.8008
43028.68,100.5,5.8051
43029.68,100.5,5.8099
43030.69,100.5,5.8141
43031.69,100.5,5.8189
43032.7,100.5,5.8234
43033.7,100.5,5.8282
43034.71,102.5,5.8325
43035.72,100.5,5.8368
43036.72,100.5,5.8408
43037.73,99.5,5.8458
43038.73,102.5,5.8498
43039.74,99.5,5.8541
43040.74,99.5,5.8581
43041.75,100.5,5.8618
43042.75,102.5,5.866
43043.76,100.4,5.8708
43044.76,101.5,5.8747
43045.77,99.5,5.8786
43046.77,100.5,5.8824
43047.78,100.5,5.8863
43048.78,100.5,5.89
43049.79,100.5,5.8942
43050.79,100.5,5.8981
43051.8,100.5,5.9022
43052.8,101.5,5.9064
43053.81,100.4,5.9106
43054.81,99.5,5.9144
43055.82,102.6,5.9176
43056.82,101.5,5.9216
43057.83,100.5,5.9259
43058.83,100.5,5.9295
43059.84,100.5,5.9333
43060.85,99.5,5.9368
43061.85,100.5,5.9397
43062.86,100.5,5.9435
43063.86,102.3,5.9474
43064.87,99.5,5.9516
43065.87,100.5,5.9558
43066.88,100.5,5.9598
43067.88,99.5,5.9641
43068.89,100.4,5.9681
43069.89,102.5,5.9723
43070.9,99.5,5.9763
43071.9,100.5,5.9803
43072.91,101.5,5.9846
43073.92,100.4,5.9886
43074.92,101.5,5.9926
43075.93,100.6,5.9964
43076.93,99.5,6.0009
43077.93,101.5,6.0047
43078.94,101.4,6.0089
43079.95,100.5,6.0129
43080.95,99.5,6.0169
43081.96,100.5,6.0211
43082.96,100.5,6.0251
43083.97,100.5,6.0288
43084.97,102.5,6.0331
43085.98,100.5,6.0372
43086.98,100.5,6.0413
43087.99,99.5,6.0453
43088.99,100.3,6.049
43090.0,101.5,6.0535
43091.0,99.5,6.0568
43092.01,100.5,6.0603
43093.01,101.5,6.0638
43094.02,99.4,6.0683
43095.03,102.5,6.0725
43096.03,99.5,6.076
43097.04,100.5,6.0795
43098.04,99.5,6.0838
43099.05,100.4,6.0878
43100.05,101.5,6.0907
43101.06,104.5,6.0948
43102.06,100.5,6.0973
43103.07,100.5,6.1011
43104.07,100.4,6.1046
43105.08,100.5,6.1091
43106.08,99.5,6.1132
43107.09,101.5,6.1174
43108.09,100.5,6.1217
43109.1,100.5,6.1257
43110.1,100.5,6.13
43111.11,101.5,6.1345
43112.12,100.5,6.1385
43113.12,100.5,6.1428
43114.13,100.5,6.1473
43115.13,101.5,6.1513
43116.14,99.5,6.1556
43117.14,100.5,6.1591
43118.15,100.5,6.1631
43119.15,101.5,6.1661
43120.16,99.5,6.1691
43121.16,101.5,6.1729
43122.17,99.5,6.1763
43123.17,102.5,6.1801
43124.18,99.5,6.1837
43125.18,101.6,6.1875
43126.19,100.5,6.1911
43127.19,99.5,6.1943
43128.2,101.5,6.198
43129.2,101.5,6.2022
43130.21,99.5,6.2063
43131.21,101.5,6.2101
43132.22,100.5,6.2143
43133.22,101.5,6.2182
43134.23,99.5,6.222
43135.23,100.5,6.2253
43136.24,2.0,2.6885
43137.24,342.9,3.0135
43138.24,344.2,3.1663
43139.25,346.1,3.4293
43140.25,326.3,3.7205
43141.26,311.3,4.0309
43142.26,307.5,4.3466
43143.27,303.4,4.6909
43144.27,302.4,5.0251
43145.28,316.3,5.3936
43146.28,145.2,5.8084
43147.29,126.3,6.2471
43148.29,110.4,6.6962
43149.3,104.4,7.1489
43150.3,138.6,7.6732
43151.31,120.4,7.7521
43152.31,103.5,7.7521
43153.32,108.4,7.7522
43154.32,128.3,7.7522
43155.33,166.1,7.8524
43156.33,102.5,7.8524
43157.34,101.5,7.8524
43158.34,101.5,7.8524
43159.35,99.6,7.8524
43160.35,100.5,7.8524
43161.36,127.3,8.0424
43162.36,101.5,8.0424
43163.37,100.5,8.0424
43164.38,100.5,8.0424
43165.38,101.5,8.0424
43166.39,100.5,8.0424
43167.39,99.5,8.0424
43168.4,100.5,8.0424
43169.4,104.5,8.0425
43170.41,129.3,8.0431
43171.41,103.5,8.0432
43172.42,100.5,8.0432
43173.42,101.5,8.0432
43174.43,105.4,8.0432
43175.43,101.5,8.0432
43176.44,100.5,8.0432
43177.44,101.5,8.0432
43178.45,100.5,8.0432
43179.45,122.3,8.0435
43180.46,99.5,8.0435
43181.46,100.5,8.0435
43182.47,100.5,8.0437
43183.47,100.5,8.0437
43184.48,100.2,8.0437
43185.49,102.5,8.0437
43186.49,100.5,8.0437
43187.5,101.5,8.0437
43188.5,125.3,8.044
43189.51,99.4,8.044
43190.51,101.5,8.044
43191.52,101.5,8.044
43192.52,99.5,8.044
43193.53,100.5,8.044
43194.53,100.5,8.044
43195.54,101.5,8.044
43196.56,106.0,8.0589
43197.56,124.4,8.1854
43198.57,99.5,8.1854
43199.57,103.5,8.1854
43200.58,99.5,8.1854
43201.58,100.5,8.1854
43202.59,100.5,8.1854
43203.59,101.5,8.1854
43204.6,100.5,8.1854
43205.6,99.5,8.1854
43206.61,100.5,8.3658
43207.62,100.5,8.8646
43208.62,101.6,9.2362
43209.62,152.2,9.3916
43210.63,100.5,9.3916
43211.63,101.5,9.3918
43212.64,100.5,9.3918
43213.64,100.5,9.3918
43214.65,101.5,9.3918
43215.65,100.5,9.3918
43216.66,100.5,9.3918
43217.66,100.5,9.3906
43218.67,99.6,9.3906
43219.67,102.5,9.391
43220.68,101.5,9.391
43221.68,101.5,9.391
43222.69,100.5,9.391
43223.69,100.5,9.391
43224.7,101.5,9.391
43225.7,99.6,9.391
43226.71,102.5,9.391
43227.71,123.4,9.391
43228.72,100.5,9.391
43229.72,100.5,9.391
43230.73,100.5,9.391
43231.73,99.5,9.391
43232.74,101.5,9.3913
43233.74,100.5,9.3913
43234.75,101.5,9.3913
43235.75,100.5,9.3913
43236.76,100.5,9.3913
43237.76,101.5,9.3913
43238.77,101.5,9.3913
43239.77,99.5,9.3913
43240.78,100.5,9.3913
43241.78,102.5,9.3915
43242.79,99.5,9.3915
43243.79,103.5,9.3915
43244.8,99.5,9.3915
43245.8,99.5,9.3915
43246.81,100.5,9.3915
43247.81,101.5,9.3915
43248.82,100.5,9.3915
43249.83,100.5,9.3915
43250.83,100.5,9.3915
43251.83,101.6,9.3915
43252.84,100.5,9.3915
43253.85,99.5,9.3915
43254.85,100.6,9.3915
43255.85,102.5,9.3915
43256.86,101.5,9.3915
43257.86,99.6,9.3915
43258.87,100.5,9.3915
43259.87,101.6,9.3915
43260.88,99.5,9.3915
43261.88,102.5,9.3915
43262.89,99.5,9.3915
43263.89,100.5,9.3915
43264.9,101.5,9.3915
43265.9,99.5,9.3915
43266.91,101.5,9.3915
43267.91,100.5,9.3915
43268.92,100.6,9.3915
43269.92,100.5,9.3915
43270.93,100.5,9.3915
43271.93,101.5,9.3915
43272.94,100.5,9.3915
43273.95,99.5,9.3915
43274.95,101.5,9.3917
43275.96,101.5,9.3917
43276.96,100.5,9.3917
43277.97,101.5,9.392
43278.97,99.5,9.392
43279.98,100.5,9.392
43280.98,101.5,9.392
43281.99,99.5,9.392
43282.99,100.5,9.392
43284.0,100.6,9.392
43285.0,101.5,9.3921
43286.01,99.5,9.3921
43287.01,101.5,9.3921
43288.02,99.5,9.3921
43289.02,105.5,9.3921
43290.03,100.5,9.3921
43291.03,100.5,9.3921
43292.04,101.5,9.3921
43293.04,99.5,9.3921
43294.05,100.5,9.3921
43295.05,100.5,9.3921
43296.06,100.5,9.3921
43297.06,100.5,9.3921
43298.07,100.5,9.3921
43299.08,100.4,9.3921
43300.08,100.5,9.3921
43301.09,102.5,9.3921
43302.09,111.4,9.3921
43303.1,100.5,9.3921
43304.1,100.5,9.3921
43305.11,102.5,9.3921
43306.11,99.5,9.3921
43307.12,100.5,9.3921
43308.12,100.5,9.3921
43309.13,100.5,9.3921
43310.13,101.5,9.3921
43311.14,101.5,9.3921
43312.14,99.5,9.3921
43313.15,101.5,9.3921
43314.15,100.5,9.3921
43315.16,99.5,9.3921
43316.16,101.5,9.3921
43317.17,101.5,9.3921
43318.17,100.5,9.3921
43319.18,100.5,9.3921
43320.18,99.5,9.3921
43321.19,101.7,9.3921
43322.19,99.5,9.3921
43323.2,102.5,9.3924
43324.2,100.5,9.3924
43325.21,100.5,9.3924
43326.21,101.5,9.3924
43327.22,100.5,9.3924
43328.22,101.5,9.3924
43329.23,100.5,9.3924
43330.23,101.5,9.3924
43331.24,100.5,9.3924
43332.24,100.4,9.3924
43333.25,99.5,9.3924
43334.25,101.5,9.3924
43335.26,102.5,9.3924
43336.27,100.5,9.3924
43337.27,100.5,9.3924
43338.28,116.4,9.3924
43339.28,99.5,9.3925
43340.29,103.5,9.3925
43341.29,100.5,9.3925
43342.3,99.5,9.3925
43343.3,101.5,9.3925
43344.31,101.5,9.3925
43345.31,100.5,9.3925
43346.32,100.5,9.3925
43347.32,99.5,9.3925
43348.33,101.5,9.3925
43349.33,102.5,9.3925
43350.34,100.4,9.3926
43351.35,99.6,9.3926
43352.35,101.5,9.3926
43353.36,101.5,9.3926
43354.36,99.5,9.3926
43355.37,100.5,9.3926
43356.37,101.5,9.3926
43357.38,101.5,9.3926
43358.38,99.5,9.3926
43359.39,100.5,9.3926
43360.39,101.5,9.3926
43361.4,100.5,9.3926
43362.4,101.5,9.3926
43363.41,99.5,9.3926
43364.41,102.5,9.3926
43365.42,100.5,9.3926
43366.42,99.6,9.3926
43367.43,103.5,9.3929
43368.43,99.5,9.3929
43369.44,100.5,9.3929
43370.44,101.6,9.3929
43371.45,100.5,9.3929
43372.45,101.5,9.3929
43373.46,99.5,9.3929
43374.46,101.5,9.3929
43375.47,99.5,9.3929
43376.47,101.5,9.3929
43377.48,100.5,9.3929
43378.48,100.5,9.3929
43379.49,100.5,9.3929
43380.49,102.5,9.3929
43381.5,99.6,9.3929
43382.5,102.5,9.3929
43383.51,99.5,9.3929
43384.51,101.5,9.3929
43385.52,99.6,9.3929
43386.52,100.5,9.3929
43387.53,100.5,9.3929
43388.53,101.5,9.3929
43389.54,100.6,9.3929
43390.54,100.5,9.3929
43391.55,101.5,9.3929
43392.55,99.5,9.3929
43393.56,101.5,9.3931
43394.56,100.5,9.3931
43395.57,101.7,9.3931
43396.57,99.5,9.3931
43397.58,101.5,9.3931
43398.58,101.5,9.3931
43399.59,99.5,9.3931
43400.59,100.5,9.3931
43401.6,101.6,9.3931
43402.6,99.5,9.3931
43403.61,101.5,9.3931
43404.61,101.5,9.3931
43405.62,99.6,9.4246
43406.62,101.5,9.4246
43407.63,100.5,9.4246
43408.63,100.5,9.4246
43409.64,99.6,9.4246
43410.64,100.5,9.4246
43411.65,101.5,9.4247
43412.65,101.5,9.4247
43413.66,100.5,9.4247
43414.66,99.5,9.4247
43415.67,99.5,9.4247
43416.67,102.5,9.4248
43417.68,100.5,9.425
43418.68,100.5,9.425
43419.69,100.5,9.425
43420.7,101.3,9.425
43421.7,101.5,9.425
43422.71,100.5,9.425
43423.71,101.5,9.425
43424.72,99.5,9.425
43425.72,101.5,9.425
43426.73,99.5,9.425
43427.73,102.5,9.425
43428.74,100.5,9.4568
43429.74,99.5,9.4568
43430.75,101.5,9.4568
43431.75,101.6,9.4568
43432.76,101.5,9.4568
43433.76,99.7,9.4568
43434.77,100.5,9.4568
43435.77,101.6,2.6109
43436.78,269.6,2.83
43437.78,305.0,2.9382
43438.79,1.0,2.6678
43439.79,319.5,2.8529
43440.79,359.8,3.0208
43441.8,3.0,2.669
43442.8,315.0,2.8552
43443.8,348.6,3.0442
43444.81,318.5,3.3074
43445.81,2.0,2.7418
43446.82,321.1,2.9205
43447.82,351.2,3.1283
43448.82,2.0,2.7055
43449.83,340.9,2.8952
43450.83,363.1,3.0738
43451.84,1.0,2.6677
43452.84,290.4,2.826
43453.85,2.0,2.6015
43454.85,289.4,2.8352
43455.86,310.0,2.9309
43456.86,334.4,3.1914
43457.87,317.8,3.4443
43458.87,169.1,3.7535
43459.88,200.9,4.0188
43460.88,2.0,2.6694
43461.88,304.1,2.8463
43462.89,346.3,3.0043
43463.89,330.4,3.2565
43464.89,213.4,3.5647
43465.9,139.6,3.6695
43466.9,263.7,3.7939
43467.91,301.4,3.9957
43468.91,0.0,2.7274
43469.91,352.1,2.9215
43470.92,1468.0,2.6514
43471.92,298.0,2.8317
43472.92,342.2,2.9626
43473.93,244.8,3.2322
43474.93,1414.8,2.6661
43475.94,333.0,2.8556
43476.94,359.1,3.0226
43477.94,0.0,2.7539
43478.95,341.0,2.9029
43479.95,2.0,2.6551
43480.96,302.4,2.837
43481.96,325.7,2.9678
43482.96,1.0,2.7402
43483.96,333.1,2.9194
43484.97,338.3,3.1605
43485.98,171.1,3.267
43486.98,0.0,2.725
43487.98,327.2,2.9048
43488.98,2.0,2.6887
43489.99,340.1,2.8644
43490.99,363.3,3.0466
43491.99,0.0,2.6558
43492.99,296.7,2.8364
43494.0,336.2,3.0042
43495.0,0.0,2.764
43496.01,315.0,2.9045
43497.01,342.2,3.1315
43498.02,176.0,3.2518
43499.02,26.9,2.6946
43500.03,342.6,2.9708
43501.03,377.4,3.1427
43502.04,329.2,3.4092
43503.04,320.3,3.6749
43504.05,310.5,3.9609
43505.05,308.7,4.263
43506.06,308.4,4.6393
43507.06,304.4,5.0115
43508.07,329.3,5.3015
43509.07,169.1,5.6279
43510.08,162.0,2.5677
43511.08,35.9,2.7817
43512.08,314.7,3.0185
43513.09,181.1,3.0873
43514.09,248.3,3.2496
43515.1,343.3,3.5503
43516.1,316.4,3.8431
43517.11,313.4,4.1554
43518.11,309.4,4.3991
43519.12,300.5,4.5948
43520.12,304.6,4.7734
43521.13,301.4,4.9274
43522.13,308.4,5.1033
43523.14,304.4,5.4644
43524.14,147.2,5.9025
43525.15,169.1,6.3296
43526.15,99.5,6.767
43527.16,113.5,7.2055
43528.16,147.3,7.6832
43529.17,101.5,7.6832
43530.17,115.4,7.6833
43531.18,100.5,7.7833
43532.18,100.5,7.7833
43533.19,100.5,7.7833
43534.19,100.5,7.7833
43535.2,101.5,7.7833
43536.2,100.5,7.7833
43537.21,99.5,7.7833
43538.21,123.4,7.958
43539.22,101.5,7.9836
43540.22,99.5,7.9836
43541.23,102.5,7.9837
43542.23,101.5,7.9837
43543.24,101.5,7.9839
43544.24,101.5,7.9839
43545.25,102.5,7.9839
43546.25,123.7,7.9851
43547.26,101.5,7.9851
43548.26,107.5,7.9851
43549.27,113.4,7.9851
43550.27,99.5,7.9851
43551.28,100.7,7.9851
43552.28,100.5,7.9851
43553.29,104.5,7.9854
43554.29,101.5,7.9854
43555.3,100.5,7.9854
43556.3,118.4,7.9856
43557.31,100.5,7.9856
43558.31,101.6,7.9856
43559.32,99.5,7.9856
43560.32,101.6,7.9859
43561.32,100.5,7.9859
43562.33,100.5,7.9859
43563.33,101.5,7.9859
43564.34,119.4,7.986
43565.35,100.5,7.986
43566.35,101.5,7.986
43567.36,99.5,7.986
43568.36,101.5,7.986
43569.37,99.5,7.986
43570.37,99.7,7.986
43571.37,101.5,7.986
43572.38,100.6,7.986
43573.38,123.4,8.0843
43574.39,99.5,8.0843
43575.39,101.5,8.0843
43576.4,99.5,8.0843
43577.4,102.5,8.0843
43578.41,101.5,8.0843
43579.41,100.5,8.0843
43580.42,110.4,8.0834
43581.42,98.5,8.0834
43582.43,101.5,8.0822
43583.43,101.5,8.4924
43584.44,99.5,8.9225
43585.44,139.3,9.4178
43586.45,100.5,9.4178
43587.45,100.5,9.4162
43588.46,100.5,9.4162
43589.47,99.5,9.4156
43590.47,100.5,9.4156
43591.48,101.5,9.4156
43592.48,101.5,9.4136
43593.49,99.5,9.4136
43594.49,101.5,9.412
43595.5,99.5,9.412
43596.5,100.5,9.4126
43597.51,99.5,9.4103
43598.51,102.5,9.4086
43599.52,99.5,9.4086
43600.52,101.5,9.4086
43601.53,100.5,9.4086
43602.53,99.5,9.4088
43603.54,100.5,9.4071
43604.54,102.5,9.4071
43605.55,100.5,9.4071
43606.55,100.5,9.4071
43607.56,101.5,9.4072
43608.56,99.5,9.4075
43609.57,100.5,9.4075
43610.57,100.5,9.4075
43611.58,101.5,9.4075
43612.58,99.5,9.4075
43613.59,100.5,9.4075
43614.59,100.5,9.4075
43615.6,101.5,9.4075
43616.6,99.5,9.4075
43617.61,101.5,9.4075
43618.61,103.5,9.4075
43619.62,99.5,9.4075
43620.62,100.5,9.4065
43621.63,101.5,9.4065
43622.63,99.5,9.4065
43623.64,100.5,9.4065
43624.64,101.5,9.4065
43625.65,99.5,9.4065
43626.65,102.5,9.4065
43627.66,99.5,9.4065
43628.66,100.6,9.4066
43629.67,101.6,9.4066
43630.67,99.5,9.4066
43631.68,102.5,9.4066
43632.68,99.5,9.4066
43633.69,101.5,9.4066
43634.69,100.5,9.4066
43635.7,101.5,9.4066
43636.7,99.5,9.4066
43637.71,100.6,9.4066
43638.71,99.5,9.4066
43639.72,100.5,9.4066
43640.72,102.5,9.4066
43641.73,100.5,9.4066
43642.73,101.6,9.4066
43643.73,100.6,9.4066
43644.74,100.6,9.4066
43645.74,101.6,9.4066
43646.75,99.6,9.4066
43647.75,100.6,9.4069
43648.75,101.5,9.4069
43649.76,103.5,9.4069
43650.76,101.5,9.4072
43651.77,102.5,9.4072
43652.77,100.5,9.4072
43653.78,100.5,9.4072
43654.78,100.5,9.4072
43655.79,99.5,9.4072
43656.79,101.5,9.4072
43657.8,99.5,9.4072
43658.8,101.5,9.4072
43659.81,100.5,9.4072
43660.81,100.5,9.4073
43661.82,102.5,9.4073
43662.82,100.5,9.4073
43663.83,100.5,9.4073
43664.83,101.5,9.4073
43665.84,99.5,9.4073
43666.84,100.5,9.4073
43667.85,100.5,9.4073
43668.85,100.5,9.4073
43669.86,100.5,9.4073
43670.86,100.5,9.4073
43671.87,101.5,9.4073
43672.87,100.5,9.4073
43673.88,100.5,9.4073
43674.89,100.5,9.4073
43675.89,100.6,9.4073
43676.89,100.5,9.4073
43677.9,100.5,9.4073
43678.91,100.5,9.4073
43679.91,100.5,9.4073
43680.92,101.5,9.4073
43681.92,99.5,9.4073
43682.93,101.5,9.4074
43683.93,100.5,9.4074
43684.94,100.5,9.4074
43685.94,101.5,9.4074
43686.95,100.5,9.4074
43687.95,99.5,9.4074
43688.96,100.5,9.4074
43689.96,99.5,9.4074
43690.97,101.7,9.4074
43691.97,101.5,9.4074
43692.98,101.5,9.408
43693.98,99.5,9.408
43694.99,100.5,9.408
43695.99,99.5,9.408
43697.0,101.5,9.408
43698.0,100.5,9.408
43699.01,100.5,9.408
43700.01,99.5,9.408
43701.02,102.5,9.408
43702.02,99.5,9.408
43703.03,100.5,9.408
43704.03,100.5,9.4082
43705.04,100.5,9.4082
43706.04,101.5,9.4082
43707.05,99.5,9.4082
43708.05,100.5,9.4082
43709.06,99.5,9.4082
43710.06,101.5,9.4082
43711.07,101.5,9.4082
43712.07,100.6,9.4082
43713.08,100.5,9.4082
43714.08,100.5,9.4082
43715.09,101.5,9.4082
43716.09,100.5,9.4082
43717.1,99.5,9.4082
43718.1,100.5,9.4082
43719.11,99.5,9.4082
43720.11,102.6,9.4082
43721.12,100.5,9.4082
43722.12,100.5,9.4082
43723.13,100.5,9.4082
43724.13,101.5,9.4085
43725.14,101.5,9.4085
43726.14,100.5,9.4085
43727.15,100.4,9.4085
43728.16,99.5,9.4085
43729.16,100.5,9.4085
43730.17,100.5,9.4085
43731.17,101.5,9.4085
43732.18,99.5,9.4085
43733.18,101.5,9.4085
43734.19,102.5,9.4085
43735.19,99.5,9.4085
43736.2,99.5,9.4085
43737.2,100.5,9.4085
43738.21,101.5,9.4087
43739.21,99.5,9.4087
43740.22,100.5,9.4087
43741.22,100.5,9.4087
43742.23,101.5,9.4087
43743.23,101.5,9.4087
43744.24,100.5,9.4088
43745.24,101.5,9.4088
43746.25,99.5,9.4088
43747.25,101.6,9.4088
43748.26,99.6,9.4088
43749.26,100.5,9.4088
43750.27,99.5,9.4088
43751.27,100.5,9.4088
43752.28,101.5,9.4088
43753.28,100.5,9.4088
43754.29,101.6,9.4088
43755.29,99.7,9.4096
43756.29,101.5,9.4096
43757.3,100.5,9.4097
43758.3,99.5,9.4097
43759.31,101.5,9.4097
43760.32,99.5,9.4097
43761.32,100.5,9.4097
43762.33,101.5,9.4097
43763.33,101.6,9.4097
43764.34,100.5,9.4097
43765.34,99.5,9.4097
43766.35,100.6,9.4097
43767.35,101.5,9.4098
43768.36,101.5,9.4098
43769.36,100.5,9.4098
43770.37,101.5,9.4098
43771.37,99.5,9.4098
43772.38,101.5,9.4098
43773.38,100.5,9.4098
43774.39,101.5,9.4098
43775.39,100.5,9.4098
43776.4,100.5,9.4098
43777.4,102.5,9.4098
43778.41,99.5,9.4331
43779.41,99.5,9.4331
43780.42,101.6,9.4331
43781.42,100.5,9.4331
43782.43,99.5,9.4331
43783.43,101.5,9.4331
43784.44,99.5,9.4331
43785.44,101.5,9.4333
43786.45,100.5,9.4333
43787.45,101.5,9.4335
43788.46,101.5,9.4335
43789.46,99.5,9.4335
43790.47,100.5,9.4335
43791.47,100.5,9.4335
43792.48,100.5,9.4335
43793.48,101.5,9.4335
43794.49,101.5,9.4335
43795.49,100.5,9.4335
43796.5,101.6,9.4335
43797.5,100.5,9.4335
43798.51,101.5,9.4335
43799.51,100.6,9.4335
43800.52,100.5,9.4563
43801.52,100.5,9.4563
43802.53,100.5,9.4563
43803.53,99.6,9.4563
43804.54,102.5,9.4563
43805.54,100.5,9.4563
43806.55,101.5,9.4563
43807.55,100.6,9.4563
43808.56,100.5,9.4563
43809.56,100.5,9.4563
43810.57,103.4,2.6639
43811.57,266.2,2.8497
43812.58,340.8,2.9826
43813.58,334.3,3.2444
43814.59,311.4,3.5185
43815.59,308.4,3.8656
43816.6,325.2,4.1874
43817.6,281.5,4.6257
43818.61,140.4,5.1274
43819.61,182.0,5.633
43820.62,116.4,6.1282
43821.62,103.5,6.6242
43822.63,103.5,7.1238
43823.63,124.6,7.6336
43824.64,106.5,7.7856
43825.64,102.5,7.7856
43826.65,99.5,7.7856
43827.65,102.5,7.7856
43828.66,130.3,7.7856
43829.66,99.5,7.7856
43830.67,101.5,7.7856
43831.67,100.5,7.7856
43832.68,114.4,7.8942
43833.68,99.6,7.8942
43834.69,101.5,7.8942
43835.69,101.5,7.8942
43836.7,99.5,7.8943
43837.7,100.5,7.8943
43838.71,100.5,7.8943
43839.71,115.4,7.8948
43840.72,99.5,7.8948
43841.72,230.0,7.9089
43842.73,210.9,7.9126
43843.73,121.5,7.9126
43844.74,104.5,7.9128
43845.74,112.4,7.9129
43846.75,134.3,7.913
43847.75,124.5,7.9132
43848.76,101.5,7.9132
43849.76,101.5,7.9132
43850.77,99.5,7.906
43851.77,106.4,7.906
43852.78,100.5,7.906
43853.78,103.5,7.906
43854.79,100.5,7.906
43855.79,113.4,7.8958
43856.8,101.5,7.8958
43857.8,103.5,7.8958
43858.81,104.4,7.8958
43859.81,100.5,7.8958
43860.82,100.5,7.8958
43861.82,101.5,7.8958
43862.83,102.5,7.8958
43863.84,115.4,7.9566
43864.84,99.5,7.9566
43865.85,100.5,7.9566
43866.85,101.5,7.9566
43867.86,102.3,7.9566
43868.86,101.5,7.9566
43869.87,99.5,7.9566
43870.87,102.5,7.9566
43871.88,99.5,7.9566
43872.88,100.5,7.9566
43873.89,99.5,8.3359
43874.89,101.5,8.7362
43875.9,101.5,9.1902
43876.9,126.4,9.421
43877.91,100.5,9.4213
43878.91,101.5,9.4213
43879.92,99.6,9.4213
43880.92,101.5,9.4215
43881.93,99.6,9.4215
43882.93,102.5,9.4215
43883.94,100.5,9.4215
43884.94,100.5,9.4215
43885.95,100.5,9.4215
43886.95,101.5,9.4215
43887.96,99.5,9.4215
43888.96,100.5,9.4215
43889.97,100.5,9.4226
43890.98,106.5,9.4226
43891.98,101.6,9.4226
43892.98,100.5,9.4226
43893.99,99.5,9.4226
43894.99,101.5,9.4226
43896.0,102.5,9.4226
43897.01,100.5,9.4226
43898.01,1.0,2.676
43899.01,308.6,2.8761
43900.02,326.0,2.9976
43901.02,330.3,3.3202
43902.03,312.3,3.6872
43903.03,315.1,4.0277
43904.04,262.7,4.523
43905.04,161.2,5.0049
43906.05,130.4,5.5328
43907.05,0.0,2.6985
43908.05,318.6,2.8825
43909.06,340.8,3.0641
43910.06,311.2,3.3259
43911.06,305.9,3.6274
43912.07,309.4,3.961
43913.07,318.5,4.3607
43914.08,205.9,4.8179
43915.08,156.1,5.3094
43916.09,111.4,5.8098
43917.1,104.4,6.3352
43918.1,106.4,6.8747
43919.11,109.4,7.4128
43920.11,150.2,7.7805
43921.12,103.5,7.7805
43922.12,100.5,7.7805
43923.13,101.5,7.7808
43924.13,100.5,7.7808
43925.14,125.4,2.584
43926.14,1.0,2.8709
43927.15,365.6,3.0731
43928.15,329.3,3.3397
43929.16,308.4,3.6194
43930.16,324.3,3.8911
43931.17,326.4,4.1989
43932.17,202.9,4.5607
43933.18,137.1,5.0912
43934.18,141.3,5.6445
43935.19,129.3,6.2143
43936.19,100.5,6.7471
43937.2,100.5,7.307
43938.2,143.3,7.6847
43939.21,118.4,7.7847
43940.21,102.5,7.7847
43941.22,100.5,7.7847
43942.22,142.3,7.7848
43943.23,101.4,7.7848
43944.24,99.5,7.7848
43945.24,103.5,7.7848
43946.25,114.4,7.8913
43947.25,102.5,7.8913
43948.26,100.4,7.8913
43949.26,102.5,7.8916
43950.27,99.5,7.8916
43951.27,101.5,7.8916
43952.28,99.5,7.8916
43953.28,102.4,7.8916
43954.29,111.4,7.8921
43955.29,100.5,7.8921
43956.3,105.4,7.8922
43957.3,230.8,7.9042
43958.31,107.4,7.9042
43959.31,101.4,7.9042
43960.32,102.5,7.9042
43961.32,112.4,7.896
43962.33,102.5,7.896
43963.34,101.5,7.896
43964.34,100.5,7.896
43965.35,100.5,7.896
43966.35,100.5,7.896
43967.36,101.5,7.896
43968.36,102.5,7.896
43969.37,112.5,7.8961
43970.37,101.5,7.8961
43971.38,103.5,7.889
43972.38,100.5,7.8892
43973.39,100.5,7.8892
43974.39,103.5,7.8892
43975.4,99.5,7.8892
43976.4,135.3,7.8892
43977.41,121.5,7.9476
43978.41,138.6,2.5843
43979.41,1428.0,2.7026
43980.42,319.0,2.8794
43981.42,365.0,3.0459
43982.42,0.0,2.713
43983.43,300.2,2.8651
43984.43,1.0,2.6889
43985.44,303.5,2.8537
43986.44,1.0,2.6963
43987.45,309.6,2.8677
43988.45,0.0,2.6008
43989.46,285.5,2.8577
43990.46,334.8,3.0117
43991.46,2.0,2.7065
43992.47,303.4,2.8615
43993.47,1481.0,2.6811
43994.47,295.8,2.8535
43995.48,2.0,2.6821
43996.48,298.8,2.8488
43997.49,346.2,2.9866
43998.5,1.0,2.5859
43999.5,278.1,2.8379
44000.5,333.0,2.9377
44001.51,51.9,0.2224
