Time_Sec,CPU_Percent,Memory_GB
0.0,0.0,0.0009
1.01,206.1,0.1967
2.01,47.8,0.4231
3.01,245.4,0.6142
4.02,302.0,0.8171
5.02,273.0,0.901
6.02,317.1,0.9772
7.03,319.7,1.0572
8.03,334.9,1.2405
9.03,281.1,1.3047
10.04,206.4,1.3367
11.04,135.6,1.4486
12.04,346.1,1.5825
13.04,67.8,1.8433
14.05,323.0,1.9685
15.05,327.3,2.2186
16.06,7.0,1.5923
17.06,1550.4,1.8782
18.07,325.2,2.2446
19.07,344.1,2.3788
20.08,342.4,2.6602
21.08,329.1,2.954
22.09,313.4,3.222
23.09,315.4,3.5258
24.1,305.3,3.8436
25.1,313.2,4.1812
26.11,304.3,4.4615
27.11,305.2,4.6709
28.12,304.3,4.9792
29.12,300.4,5.1607
30.12,289.3,5.2675
31.13,290.5,5.4684
32.13,191.0,5.5886
33.14,211.9,5.7157
34.14,213.0,5.9097
35.15,190.0,6.0896
36.15,197.9,6.2004
37.16,242.7,6.284
38.17,170.1,6.4096
39.17,196.0,6.5033
40.18,127.3,6.6002
41.18,174.1,6.885
42.19,108.3,6.8978
43.19,117.4,6.8979
44.2,101.5,6.8979
45.2,111.4,6.8979
46.21,169.1,6.9981
47.22,139.3,6.9984
48.22,123.3,6.9984
49.23,184.1,6.9984
50.23,109.4,6.9984
51.24,104.4,6.9984
52.24,121.4,6.9984
53.25,109.4,6.9984
54.25,145.2,6.9984
55.26,118.4,6.9984
56.26,159.3,6.9984
57.27,111.4,6.9987
58.27,103.5,6.9987
59.28,110.4,6.9987
60.28,138.3,6.9987
61.29,203.9,6.9987
62.29,216.0,6.9997
63.3,127.3,6.9998
64.3,116.4,6.9998
65.31,162.1,7.2645
66.31,99.5,7.3125
67.32,104.4,7.3125
68.33,108.4,7.3126
69.33,111.4,7.3126
70.34,115.4,7.3126
71.34,101.5,7.3126
72.35,101.5,7.3126
73.35,102.5,7.3126
74.36,143.2,7.3281
75.36,102.3,7.3281
76.37,102.5,7.3281
77.37,101.5,7.3281
78.38,99.7,7.3281
79.38,102.5,7.3281
80.39,103.5,7.3281
81.39,99.5,7.3281
82.4,121.7,7.3281
83.4,126.4,7.3286
84.41,102.5,7.3286
85.41,149.2,7.3286
86.42,109.4,7.3286
87.42,101.5,7.3286
88.43,99.5,7.3286
89.43,102.5,7.3286
90.44,100.5,7.3286
91.44,155.2,7.3296
92.45,100.5,7.3296
93.45,101.5,7.3296
94.46,101.5,7.3296
95.46,102.5,7.3296
96.47,156.2,7.3296
97.47,110.4,7.3296
98.48,101.5,7.3296
99.49,155.2,7.5925
100.49,101.5,7.5925
101.5,100.5,7.5925
102.5,102.5,7.5925
103.51,100.3,7.5925
104.51,101.7,7.5925
105.52,100.5,7.5925
106.52,101.5,7.5925
107.53,100.5,7.7
108.53,100.5,8.1631
109.54,213.9,8.4566
110.54,100.5,8.4566
111.55,101.5,8.4566
112.55,102.5,8.4566
113.56,100.5,8.4566
114.56,100.5,8.4566
115.57,101.5,8.4566
116.57,101.5,8.4566
117.58,106.4,8.4566
118.59,99.5,8.4566
119.59,100.5,8.457
120.6,101.5,8.457
121.6,101.5,8.457
122.61,102.5,8.457
123.61,99.5,8.457
124.62,99.5,8.457
125.62,101.5,8.457
126.63,101.5,8.457
127.63,101.5,8.457
128.64,115.4,8.4572
129.64,102.5,8.4572
130.65,99.5,8.4572
131.65,100.5,8.4572
132.66,102.6,8.4572
133.66,100.5,8.4572
134.67,100.5,8.4572
135.67,99.5,8.4572
136.68,103.5,8.4572
137.68,101.5,8.4574
138.69,100.5,8.4574
139.69,101.5,8.4574
140.7,100.5,8.4574
141.7,100.5,8.4574
142.71,100.5,8.4574
143.72,102.5,8.4574
144.72,103.5,8.4574
145.73,102.5,8.4574
146.73,99.5,8.4574
147.74,103.5,8.4576
148.74,101.5,8.4576
149.75,101.5,8.4576
150.75,100.5,8.4576
151.76,100.5,8.4576
152.76,102.5,8.4576
153.77,100.5,8.4576
154.77,99.5,8.4576
155.78,101.5,8.4576
156.78,102.5,8.4578
157.79,101.4,8.4578
158.79,101.5,8.4578
159.8,99.4,8.4578
160.81,101.5,8.4578
161.81,99.5,8.4578
162.82,102.5,8.4578
163.82,102.5,8.4578
164.83,101.5,8.4578
165.83,100.5,8.4579
166.84,100.5,8.4579
167.84,101.5,8.4579
168.85,100.5,8.4579
169.85,101.5,8.4579
170.86,100.5,8.4579
171.86,102.5,8.458
172.87,101.5,8.458
173.87,100.6,8.458
174.88,100.5,8.458
175.88,101.5,8.458
176.89,101.5,8.458
177.89,100.5,8.458
178.9,101.5,8.458
179.91,99.5,8.458
180.91,102.5,8.458
181.92,102.5,8.458
182.92,101.5,8.458
183.93,99.5,8.458
184.93,102.5,8.458
185.94,100.5,8.458
186.94,101.5,8.458
187.95,100.5,8.458
188.95,101.5,8.458
189.96,100.6,8.458
190.96,100.5,8.458
191.97,100.5,8.458
192.97,102.5,8.458
193.98,100.5,8.458
194.98,99.5,8.458
195.99,102.5,8.458
196.99,99.5,8.458
198.0,101.5,8.458
199.01,100.5,8.458
200.01,101.5,8.458
201.02,100.5,8.458
202.02,101.5,8.458
203.03,100.5,8.4581
204.03,101.5,8.4581
205.04,100.5,8.4581
206.04,101.5,8.4581
207.05,101.5,8.4581
208.05,99.5,8.4581
209.06,101.5,8.4581
210.06,104.4,8.4581
211.07,100.5,8.4581
212.07,100.5,8.4581
213.08,101.7,8.4581
214.08,99.5,8.4581
215.09,103.6,8.4581
216.09,100.5,8.4581
217.1,100.5,8.4581
218.1,100.5,8.4581
219.11,101.5,8.4581
220.11,100.5,8.4581
221.12,100.5,8.4582
222.12,101.5,8.4582
223.13,100.5,8.4582
224.13,101.5,8.4582
225.14,100.5,8.4582
226.14,100.5,8.4582
227.15,99.6,8.4582
228.15,100.5,8.4582
229.16,101.5,8.4582
230.16,100.5,8.4582
231.17,100.5,8.4585
232.17,101.5,8.4585
233.18,101.5,8.4585
234.18,99.5,8.4585
235.19,101.5,8.4585
236.19,100.5,8.4585
237.2,101.6,8.4585
238.2,101.5,8.4585
239.21,100.5,8.4585
240.21,103.5,8.4587
241.22,99.5,8.4587
242.23,99.5,8.4587
243.23,102.5,8.4587
244.24,100.5,8.4587
245.24,100.3,8.4587
246.25,101.4,8.4587
247.25,99.5,8.4587
248.26,100.6,8.4587
249.26,102.5,8.4587
250.27,104.4,8.4587
251.27,101.5,8.4587
252.28,101.5,8.4587
253.28,100.5,8.4587
254.29,100.5,8.4587
255.29,101.5,8.4587
256.3,100.5,8.4587
257.31,101.5,8.4587
258.31,100.5,8.4587
259.32,102.5,8.4587
260.32,99.5,8.4587
261.33,100.5,8.4587
262.33,101.5,8.4587
263.34,99.5,8.4587
264.34,101.6,8.4587
265.35,101.5,8.4587
266.35,101.5,8.4587
267.36,100.5,8.4587
268.36,101.5,8.4587
269.37,101.5,8.4587
270.37,100.5,8.4587
271.38,100.5,8.4587
272.38,100.5,8.4587
273.39,101.5,8.4587
274.39,100.5,8.4587
275.4,101.5,8.4587
276.4,101.5,8.4587
277.41,100.5,8.4587
278.41,101.5,8.4587
279.42,100.5,8.4587
280.43,99.5,8.5038
281.43,102.5,8.5038
282.44,101.5,8.5038
283.44,100.5,8.5038
284.45,99.5,8.5039
285.45,100.5,8.5039
286.46,101.5,8.5039
287.46,102.5,8.5039
288.47,100.5,8.5039
289.47,100.5,8.5039
290.48,101.5,8.504
291.48,99.5,8.504
292.49,99.5,8.504
293.49,101.5,8.504
294.5,99.5,8.504
295.5,102.5,8.504
296.51,100.5,8.504
297.52,101.5,8.504
298.52,101.5,8.504
299.53,100.5,8.504
300.53,100.5,8.5611
301.54,102.5,8.5611
302.54,100.5,8.5611
303.55,101.5,8.5611
304.55,99.5,8.5611
305.56,101.5,8.5611
306.56,99.5,8.5611
307.57,101.5,8.5611
308.57,100.5,8.5611
309.58,100.5,8.5611
310.58,102.5,8.5611
311.59,99.5,8.5611
312.59,101.5,8.5611
313.6,102.5,8.5611
314.6,99.5,8.5611
315.61,99.6,8.5611
316.61,11.0,1.7276
317.61,352.1,1.9153
318.62,314.4,2.0723
319.62,226.3,2.1396
320.63,237.8,2.2161
321.63,15.0,1.7157
322.63,340.2,1.8952
323.64,3.0,1.6833
324.65,283.5,1.8621
325.65,321.3,1.9843
326.65,6.0,1.7631
327.66,358.9,1.9755
328.66,10.0,1.8079
329.66,311.4,1.9337
330.67,7.0,1.742
331.67,329.0,1.9165
332.68,364.1,2.1151
333.68,13.0,1.7396
334.68,349.9,1.9182
335.68,354.0,1.6021
336.69,1478.8,1.8462
337.69,311.3,2.1918
338.7,282.5,2.5358
339.71,331.3,2.6893
340.71,349.1,3.0013
341.72,320.5,3.2945
342.72,310.4,3.6546
343.73,318.4,4.0466
344.73,305.4,4.398
345.74,301.5,4.6895
346.74,305.4,5.0501
347.75,304.4,5.3254
348.75,303.4,5.6737
349.76,302.4,5.9422
350.76,310.7,6.3438
351.77,241.7,6.587
352.77,211.0,7.0272
353.78,148.2,7.0272
354.78,157.2,7.0398
355.79,224.8,7.1272
356.79,178.2,7.1272
357.8,230.9,7.1272
358.8,122.3,7.1272
359.81,103.5,7.1272
360.81,118.4,7.1272
361.82,162.1,7.1199
362.82,169.3,7.1199
363.83,130.3,7.1199
364.83,141.6,7.1199
365.84,131.3,7.1211
366.84,104.4,7.1213
367.85,113.4,7.1213
368.85,125.3,7.1213
369.86,106.4,7.1213
370.86,102.5,7.1213
371.87,119.4,7.1213
372.87,122.3,7.1213
373.88,172.1,7.1215
374.88,253.2,7.4879
375.89,153.2,7.505
376.89,100.5,7.505
377.9,116.4,7.505
378.9,111.4,7.505
379.91,133.3,7.505
380.91,107.4,7.505
381.92,105.5,7.505
382.93,99.5,7.505
383.93,100.5,7.505
384.94,102.5,7.505
385.94,101.5,7.505
386.95,103.5,7.505
387.95,102.5,7.505
388.96,123.3,7.505
389.96,100.5,7.505
390.97,121.3,7.505
391.97,102.5,7.505
392.98,101.5,7.505
393.98,104.4,7.505
394.99,100.5,7.505
396.0,100.5,7.505
397.0,102.5,7.505
398.01,101.5,7.505
399.01,124.3,7.505
400.02,113.4,7.505
401.02,115.2,7.505
402.03,101.5,7.505
403.03,102.5,7.505
404.04,101.5,7.505
405.04,101.5,7.505
406.05,245.7,7.6552
407.05,119.4,7.6553
408.06,154.2,7.6554
409.06,303.6,7.6564
410.07,184.1,7.6589
411.07,189.0,7.6589
412.08,298.4,7.6752
413.09,303.4,7.7123
414.09,269.5,7.715
415.1,116.4,7.7105
416.1,188.0,7.757
417.11,101.5,7.757
418.11,99.5,7.757
419.12,103.5,7.757
420.12,100.5,7.757
421.13,101.5,7.7347
422.13,101.5,7.7347
423.14,114.7,7.7347
424.14,162.2,7.7365
425.15,117.4,7.7365
426.15,100.5,7.7365
427.16,103.5,7.7365
428.16,101.5,7.7365
429.17,101.5,7.7365
430.17,121.4,7.7365
431.18,101.5,7.7365
432.18,185.0,8.0751
433.19,131.3,8.0753
434.19,104.5,8.0753
435.2,105.5,8.0753
436.2,101.5,8.0753
437.21,100.5,8.0753
438.21,100.5,8.0753
439.22,102.5,8.0753
440.22,234.8,8.7112
441.23,100.5,8.7113
442.23,100.5,8.7113
443.24,100.5,8.7113
444.25,102.5,8.7113
445.25,100.5,8.7113
446.26,100.5,8.7113
447.26,101.5,8.7113
448.27,101.5,8.7113
449.27,148.3,8.8172
450.28,100.5,8.8172
451.28,110.4,8.8172
452.29,101.5,8.8174
453.29,100.5,8.8174
454.3,102.5,8.8174
455.3,100.5,8.8174
456.31,101.5,8.8174
457.31,100.5,8.8174
458.32,102.5,8.8194
459.32,100.5,8.8194
460.33,101.5,8.8194
461.33,100.5,8.8194
462.34,101.5,8.8194
463.35,100.5,8.8194
464.35,101.5,8.8194
465.36,100.5,8.8194
466.36,100.5,8.8194
467.37,102.5,8.8194
468.37,100.6,8.8205
469.37,100.5,8.8205
470.38,100.5,8.8205
471.39,101.5,8.8205
472.39,99.5,8.8205
473.4,102.5,8.8205
474.4,99.5,8.8205
475.41,100.5,8.8205
476.41,101.5,8.8205
477.42,101.5,8.8207
478.42,100.6,8.8208
479.43,103.5,8.8208
480.43,99.5,8.8208
481.44,100.5,8.8208
482.44,101.5,8.8208
483.45,107.5,8.8225
484.45,100.5,8.8225
485.46,102.5,8.8226
486.46,101.5,8.8221
487.47,99.5,8.8221
488.47,101.6,8.8221
489.48,101.5,8.8221
490.48,99.5,8.8221
491.49,100.5,8.8221
492.49,102.5,8.8221
493.5,101.6,8.8221
494.5,100.5,8.8221
495.51,101.5,8.8221
496.51,99.5,8.8221
497.52,100.5,8.8221
498.52,101.6,8.8221
499.53,100.5,8.8221
500.53,101.5,8.8221
501.54,100.5,8.8221
502.55,101.5,8.8221
503.55,100.5,8.8221
504.56,101.5,8.8221
505.56,99.5,8.8221
506.57,100.5,8.8221
507.57,100.5,8.8221
508.58,101.5,8.8221
509.58,100.6,8.8221
510.59,100.5,8.8221
511.59,100.5,8.8221
512.6,101.5,8.8221
513.6,102.5,8.8221
514.61,99.5,8.8221
515.61,100.5,8.8221
516.62,101.5,8.8221
517.62,99.5,8.8221
518.63,101.5,8.8221
519.63,100.5,8.8221
520.64,101.5,8.8221
521.64,99.5,8.8221
522.65,101.5,8.8221
523.66,100.5,8.8221
524.66,101.5,8.8221
525.67,101.5,8.8221
526.67,100.5,8.8221
527.68,100.5,8.8221
528.68,101.5,8.8221
529.69,101.5,8.8221
530.69,100.5,8.8221
531.7,100.5,8.8221
532.7,102.5,8.8221
533.71,102.5,8.8224
534.71,98.5,8.8224
535.72,102.5,8.8224
536.72,101.5,8.8224
537.73,100.5,8.8224
538.73,105.5,8.8224
539.74,100.6,8.8224
540.74,102.5,8.8224
541.75,100.5,8.8224
542.75,100.5,8.8224
543.76,101.5,8.8224
544.76,99.5,8.8224
545.77,102.5,8.8224
546.77,100.5,8.8224
547.78,100.5,8.8224
548.78,100.5,8.8224
549.79,101.5,8.8224
550.79,99.5,8.8224
551.8,104.7,8.8224
552.8,101.5,8.8224
553.81,100.5,8.8224
554.81,102.5,8.8224
555.82,101.5,8.8224
556.82,100.5,8.8224
557.83,100.5,8.8224
558.83,102.5,8.8224
559.84,99.5,8.8224
560.84,100.5,8.8224
561.85,99.5,8.8224
562.85,101.5,8.8224
563.86,101.5,8.8224
564.86,102.5,8.8224
565.87,100.5,8.8224
566.88,100.5,8.8224
567.88,99.5,8.8224
568.89,102.5,8.8224
569.89,100.5,8.8224
570.9,100.5,8.8224
571.9,99.5,8.8224
572.91,102.5,8.8224
573.91,101.5,8.8224
574.92,100.5,8.8224
575.92,101.5,8.8224
576.93,99.4,8.8224
577.93,100.5,8.8224
578.94,103.5,8.8224
579.94,100.5,8.8224
580.95,100.5,8.8224
581.95,100.5,8.8225
582.96,102.5,8.8225
583.97,100.5,8.8225
584.97,101.5,8.8225
585.98,99.5,8.8225
586.98,99.5,8.8225
587.99,100.5,8.8225
588.99,101.5,8.8225
590.0,100.5,8.8225
591.0,101.4,8.8225
592.01,100.5,8.8225
593.01,101.5,8.8225
594.02,101.5,8.8225
595.02,101.5,8.8225
596.03,100.7,8.8225
597.03,100.5,8.8225
598.04,100.5,8.8225
599.04,100.5,8.8225
600.05,100.5,8.8741
601.05,101.5,8.8741
602.06,100.5,8.8741
603.06,100.5,8.8741
604.07,101.7,8.8741
605.07,100.5,8.8741
606.08,100.5,8.8741
607.08,101.7,8.8741
608.08,101.5,8.8741
609.09,100.7,8.8741
610.09,99.5,8.8741
611.1,101.5,8.8741
612.1,100.5,8.8741
613.11,103.5,8.8741
614.11,101.5,8.8741
615.12,99.5,8.8741
616.12,102.5,8.8741
617.13,100.5,8.8741
618.13,101.5,8.8741
619.14,101.5,8.8741
620.14,99.5,8.8741
621.15,101.5,8.8741
622.15,99.5,8.8741
623.16,101.5,8.8741
624.16,100.5,8.8741
625.17,100.5,8.8741
626.17,101.5,8.8741
627.18,100.5,8.8741
628.19,101.5,8.8741
629.19,100.5,8.8741
630.2,102.5,8.8742
631.2,101.5,8.8742
632.21,104.4,8.8742
633.21,101.5,8.8742
634.22,100.5,8.8742
635.22,101.5,8.8742
636.23,103.7,1.7349
637.23,322.3,2.0307
638.23,306.2,2.3705
639.24,277.2,2.5832
640.24,348.1,2.7433
641.24,344.2,3.1093
642.25,315.3,3.5071
643.25,312.5,3.9105
644.26,307.3,4.242
645.27,301.4,4.609
646.27,304.6,4.9374
647.27,304.4,5.2443
648.28,302.4,5.524
649.29,303.3,5.8628
650.29,304.2,6.1301
651.29,266.8,6.4869
652.3,223.0,6.9436
653.3,145.3,6.9456
654.31,147.2,6.9457
655.31,200.9,7.0457
656.32,199.9,7.0457
657.32,189.0,7.0457
658.33,180.0,7.0457
659.33,106.4,7.0457
660.34,101.5,7.0457
661.34,115.7,7.038
662.35,176.1,7.038
663.35,120.4,7.038
664.36,122.4,7.038
665.36,130.3,7.0381
666.37,108.4,7.0381
667.37,113.4,7.0383
668.38,107.4,7.0383
669.39,101.5,7.0383
670.39,106.4,7.0383
671.4,99.5,7.0383
672.4,116.4,7.0383
673.41,116.4,7.0383
674.41,165.1,7.0383
675.42,221.0,7.4213
676.42,231.0,7.5029
677.43,201.9,7.5192
678.43,113.4,7.5193
679.44,114.4,7.5193
680.44,107.4,7.5193
681.45,125.3,7.5193
682.45,106.4,7.5193
683.46,106.4,7.5193
684.46,101.5,7.5193
685.47,103.5,7.5193
686.48,99.5,7.5193
687.48,100.5,7.5193
688.49,100.5,7.5193
689.49,102.5,7.5193
690.5,100.5,7.5193
691.5,101.5,7.5193
692.51,118.3,7.5193
693.51,109.4,7.5193
694.52,102.5,7.5193
695.52,120.4,7.5193
696.53,101.5,7.5193
697.53,100.5,7.5193
698.54,102.5,7.5193
699.54,102.4,7.5193
700.55,102.5,7.5193
701.55,101.5,7.5193
702.56,100.5,7.5193
703.57,102.5,7.5193
704.57,99.5,7.5193
705.58,105.4,7.5193
706.58,103.4,7.5193
707.59,118.4,7.5193
708.59,99.5,7.5193
709.6,101.5,7.5193
710.61,101.0,7.5193
711.61,101.5,7.5193
712.62,102.5,7.5193
713.62,214.8,7.6692
714.63,209.9,7.6692
715.63,169.1,7.6693
716.64,273.5,7.6696
717.64,222.0,7.6699
718.65,107.4,7.6699
719.65,180.1,7.6699
720.66,284.5,7.6861
721.66,200.0,7.6934
722.67,233.8,7.7746
723.67,102.4,7.7746
724.68,99.5,7.7746
725.69,101.5,7.7746
726.69,115.4,7.7186
727.7,102.5,7.7186
728.7,102.4,7.7186
729.71,174.1,7.7189
730.71,100.5,7.7189
731.72,100.5,7.7189
732.72,101.5,7.7189
733.73,99.5,7.7189
734.73,103.5,7.7189
735.74,184.4,8.0582
736.74,101.5,8.0582
737.75,102.5,8.0582
738.75,99.5,8.0582
739.76,104.4,8.0583
740.76,105.5,8.0583
741.77,100.5,8.0583
742.77,100.5,8.0583
743.78,102.5,8.1614
744.78,230.8,8.6986
745.79,101.5,8.6986
746.79,101.5,8.6987
747.8,101.5,8.6987
748.8,100.5,8.6987
749.81,102.5,8.6987
750.82,99.5,8.6987
751.82,101.5,8.6987
752.83,149.2,8.8048
753.83,100.5,8.8048
754.84,99.5,8.8048
755.84,116.4,8.8048
756.85,135.3,8.8067
757.85,102.5,8.8067
758.86,108.4,8.8067
759.86,132.3,8.8067
760.87,103.5,8.8073
761.87,99.5,8.8073
762.88,105.4,8.8073
763.88,101.5,8.8073
764.89,99.5,8.8073
765.89,100.5,8.8073
766.9,103.5,8.8073
767.91,99.5,8.8073
768.91,103.6,8.8075
769.91,100.5,8.8075
770.92,100.5,8.8075
771.93,101.5,8.8075
772.93,100.5,8.8075
773.94,102.5,8.8075
774.94,101.5,8.8075
775.95,100.5,8.8075
776.95,104.5,8.8075
777.96,102.5,8.809
778.96,99.5,8.809
779.97,102.5,8.809
780.97,101.5,8.8092
781.98,100.5,8.8092
782.98,99.5,8.8092
783.99,101.5,8.8092
784.99,100.5,8.8092
786.0,102.5,8.8092
787.0,102.5,8.8107
788.01,100.5,8.8107
789.01,101.5,8.8107
790.02,101.5,8.8107
791.02,99.5,8.8107
792.03,100.5,8.8107
793.03,102.5,8.8107
794.04,100.5,8.8107
795.05,100.5,8.8107
796.05,102.5,8.8119
797.06,99.5,8.8119
798.06,102.5,8.8119
799.07,101.5,8.8119
800.07,99.5,8.8119
801.08,101.5,8.8119
802.08,99.5,8.8119
803.09,101.5,8.8119
804.09,101.5,8.8126
805.1,101.4,8.8126
806.1,100.5,8.8126
807.11,100.5,8.8126
808.11,102.5,8.8126
809.12,100.5,8.8126
810.13,101.5,8.8126
811.13,99.5,8.8126
812.14,101.5,8.8132
813.14,100.5,8.8132
814.15,102.5,8.8132
815.15,100.5,8.8132
816.16,100.5,8.8132
817.16,100.5,8.8132
818.17,100.5,8.8132
819.17,101.5,8.8132
820.18,100.5,8.8132
821.18,102.5,8.8141
822.19,102.5,8.8141
823.19,100.5,8.8141
824.2,100.5,8.8141
825.2,101.5,8.8141
826.21,100.5,8.8141
827.21,100.5,8.8141
828.22,100.5,8.8141
829.22,100.5,8.8141
830.23,101.5,8.815
831.23,101.5,8.815
832.24,100.5,8.815
833.24,102.5,8.815
834.25,99.5,8.815
835.25,100.5,8.815
836.26,101.5,8.815
837.27,100.5,8.815
838.27,100.5,8.815
839.28,103.5,8.8156
840.28,100.5,8.8156
841.29,101.5,8.8156
842.29,100.5,8.8156
843.3,102.5,8.8156
844.3,100.5,8.8156
845.31,100.5,8.8156
846.31,101.5,8.8156
847.32,100.5,8.8165
848.32,100.5,8.8165
849.33,99.5,8.8165
850.33,100.5,8.8165
851.34,101.5,8.8165
852.34,102.5,8.8165
853.35,99.5,8.8165
854.35,100.5,8.8165
855.36,102.5,8.8165
856.36,102.5,8.8171
857.37,100.5,8.8171
858.37,101.5,8.8171
859.38,99.5,8.8171
860.38,100.5,8.8171
861.39,100.5,8.8171
862.39,100.5,8.8171
863.4,103.5,8.8171
864.41,101.5,8.8174
865.41,100.5,8.8174
866.42,100.5,8.8174
867.42,101.5,8.8174
868.43,100.5,8.8174
869.43,100.5,8.8174
870.44,99.5,8.8174
871.44,100.5,8.8174
872.45,103.5,8.8179
873.45,101.5,8.8179
874.46,99.5,8.8179
875.46,101.5,8.8179
876.47,100.5,8.8179
877.47,99.5,8.8179
878.48,102.5,8.8179
879.48,100.5,8.818
880.49,102.5,8.8189
881.49,102.5,8.8189
882.5,101.5,8.8189
883.5,99.5,8.8189
884.51,100.5,8.8189
885.51,101.5,8.8189
886.52,100.5,8.8189
887.52,100.6,8.8189
888.53,100.5,8.8189
889.53,101.5,8.8192
890.54,100.5,8.8192
891.54,101.5,8.8192
892.55,100.5,8.8192
893.55,99.6,8.8192
894.56,101.5,8.8192
895.56,101.5,8.8192
896.57,101.5,8.8192
897.58,106.2,8.865
898.58,100.5,8.865
899.59,99.5,8.865
900.59,101.5,8.865
901.6,100.5,8.865
902.6,102.5,8.865
903.61,101.5,8.865
904.61,99.5,8.865
905.62,100.5,8.865
906.62,102.5,8.8656
907.63,99.5,8.8656
908.63,101.5,8.8656
909.64,101.5,8.8656
910.64,100.5,8.8656
911.65,100.5,8.8656
912.66,101.5,8.8656
913.66,101.5,8.8656
914.67,101.5,8.8656
915.67,101.5,8.866
916.68,99.5,8.866
917.68,100.5,8.866
918.69,100.5,8.866
919.69,102.5,8.866
920.7,99.5,8.866
921.7,100.6,8.866
922.71,100.5,8.866
923.71,102.5,8.866
924.72,100.5,8.866
925.72,102.5,8.8668
926.73,100.5,8.8668
927.73,101.5,8.8668
928.73,100.7,8.8668
929.74,101.5,8.8668
930.74,99.5,8.8668
931.75,101.5,8.8668
932.75,101.5,8.8668
933.76,102.4,8.8683
934.77,100.5,8.8683
935.77,100.5,8.8683
936.78,3.0,1.9276
937.78,306.4,2.4353
938.78,349.0,2.6805
939.79,360.1,3.0312
940.79,324.3,3.4124
941.8,307.4,3.7881
942.81,311.3,4.135
943.81,305.4,4.4687
944.82,304.6,4.7902
945.82,303.4,5.1375
946.83,303.4,5.3879
947.83,305.4,5.7325
948.83,306.1,5.9809
949.84,317.2,6.3697
950.84,233.6,6.6609
951.84,230.8,6.9342
952.85,268.6,6.9288
953.85,238.7,6.9834
954.86,226.8,7.0288
955.86,225.0,7.0288
956.87,121.4,7.0222
957.88,155.2,7.0224
958.88,112.4,7.0224
959.89,122.3,7.0226
960.89,121.5,7.0226
961.9,205.9,7.0226
962.9,195.1,7.0228
963.9,139.6,7.0229
964.91,195.0,7.0232
965.91,116.4,7.0233
966.92,124.4,7.0235
967.92,100.5,7.0235
968.93,104.4,7.0235
969.93,103.5,7.0235
970.94,106.4,7.0235
971.94,101.5,7.0235
972.95,110.4,7.0235
973.95,233.8,7.4048
974.96,191.0,7.5048
975.97,229.8,7.5048
976.97,103.5,7.5048
977.98,114.4,7.5048
978.98,108.4,7.5048
979.99,122.5,7.5048
980.99,140.2,7.5048
982.0,115.4,7.5048
983.0,102.5,7.5048
984.01,101.6,7.5048
985.01,100.5,7.5048
986.02,105.4,7.5048
987.02,102.5,7.5048
988.03,100.5,7.5048
989.03,99.5,7.5048
990.04,102.5,7.5048
991.04,114.4,7.5048
992.05,101.5,7.5048
993.05,101.5,7.5048
994.06,121.4,7.5048
995.06,98.5,7.5048
996.07,102.4,7.5048
997.07,101.5,7.5048
998.08,104.4,7.5048
999.08,100.5,7.5048
1000.09,101.5,7.5048
1001.09,101.5,7.5048
1002.1,101.5,7.5048
1003.11,102.5,7.5048
1004.11,99.5,7.5048
1005.12,120.4,7.5048
1006.12,109.4,7.5048
1007.13,111.4,7.5048
1008.13,100.5,7.5048
1009.14,101.5,7.5048
1010.14,99.6,7.5048
1011.15,109.7,7.5053
1012.16,196.0,7.6494
1013.17,101.5,7.6494
1014.17,236.9,7.6494
1015.17,219.8,7.6494
1016.18,264.6,7.6497
1017.18,171.5,7.6498
1018.19,124.4,7.6498
1019.19,133.4,7.6498
1020.2,104.5,7.6498
1021.2,102.5,7.6498
1022.21,207.9,7.6984
1023.21,217.8,7.7546
1024.22,267.8,7.756
1025.22,210.9,7.7604
1026.23,175.1,7.7545
1027.23,112.4,7.7545
1028.24,107.7,7.7545
1029.24,103.5,7.7545
1030.25,173.1,7.756
1031.25,106.5,7.756
1032.26,109.4,7.756
1033.26,104.5,7.756
1034.27,103.5,7.756
1035.27,108.4,7.756
1036.28,100.5,7.756
1037.28,106.5,7.756
1038.29,182.1,8.0988
1039.29,101.5,8.0988
1040.3,100.5,8.0988
1041.31,100.5,8.0988
1042.31,103.6,8.0988
1043.31,107.4,8.0988
1044.32,101.5,8.0988
1045.33,101.5,8.0988
1046.33,111.4,8.0988
1047.34,234.8,8.7434
1048.34,100.5,8.7434
1049.35,100.5,8.7434
1050.35,100.5,8.7436
1051.36,100.5,8.7436
1052.36,100.5,8.7436
1053.37,101.5,8.7436
1054.37,100.5,8.7436
1055.38,151.2,8.8514
1056.38,99.6,8.8514
1057.39,100.5,8.8514
1058.39,102.5,8.8514
1059.4,99.5,8.8514
1060.4,101.5,8.8514
1061.41,101.3,8.8514
1062.42,102.4,8.8514
1063.42,102.5,8.8533
1064.43,101.5,8.8533
1065.43,100.5,8.8533
1066.44,100.5,8.8533
1067.44,100.5,8.8533
1068.45,101.5,8.8533
1069.45,100.5,8.8533
1070.46,102.5,8.8547
1071.46,100.5,8.8547
1072.47,103.5,8.8547
1073.47,100.5,8.8547
1074.48,101.5,8.8547
1075.48,100.5,8.8547
1076.49,100.5,8.8547
1077.5,100.5,8.8548
1078.5,103.5,8.8558
1079.51,100.5,8.8558
1080.51,102.5,8.8558
1081.52,100.5,8.8558
1082.52,100.5,8.8558
1083.53,101.5,8.8558
1084.53,100.5,8.8558
1085.54,100.5,8.8558
1086.54,103.5,8.8568
1087.55,101.5,8.8568
1088.55,99.5,8.8568
1089.56,101.5,8.8568
1090.56,100.5,8.8568
1091.57,100.5,8.8568
1092.57,101.5,8.8568
1093.58,99.5,8.8568
1094.58,102.5,8.8571
1095.59,100.5,8.8571
1096.59,99.5,8.8571
1097.6,102.5,8.8571
1098.6,99.5,8.8571
1099.61,101.5,8.8571
1100.61,100.5,8.8571
1101.62,99.5,8.8571
1102.62,100.5,8.8577
1103.63,104.5,8.8577
1104.63,100.5,8.8577
1105.64,101.5,8.8577
1106.65,99.5,8.8577
1107.65,100.5,8.8577
1108.66,100.5,8.8577
1109.66,100.5,8.8577
1110.67,101.5,8.8577
1111.67,101.5,8.8578
1112.68,99.5,8.8578
1113.68,116.4,8.8578
1114.69,99.5,8.8578
1115.69,101.5,8.8578
1116.7,102.6,8.8578
1117.7,100.5,8.8578
1118.71,100.5,8.8578
1119.71,100.5,8.8578
1120.72,101.5,8.8579
1121.72,100.5,8.8579
1122.73,100.5,8.8579
1123.73,99.5,8.8579
1124.74,101.5,8.8579
1125.74,102.5,8.8579
1126.75,99.5,8.8579
1127.75,101.5,8.8579
1128.76,102.5,8.8579
1129.76,99.5,8.8579
1130.77,100.5,8.8579
1131.78,101.5,8.8579
1132.78,99.5,8.8579
1133.79,102.5,8.8579
1134.79,99.5,8.8579
1135.8,99.5,8.8579
1136.8,103.5,8.8579
1137.81,101.5,8.8581
1138.81,100.6,8.8581
1139.82,100.5,8.8581
1140.82,100.5,8.8581
1141.83,101.5,8.8581
1142.83,99.5,8.8581
1143.84,101.5,8.8581
1144.84,101.4,8.8581
1145.85,100.5,8.8581
1146.85,102.5,8.8582
1147.86,99.5,8.8582
1148.86,100.5,8.8582
1149.87,101.5,8.8582
1150.87,100.5,8.8582
1151.88,100.5,8.8582
1152.89,101.5,8.8582
1153.89,100.5,8.8582
1154.9,101.5,8.8582
1155.9,102.5,8.8586
1156.91,100.5,8.8586
1157.91,101.5,8.8586
1158.92,99.5,8.8586
1159.92,101.5,8.8586
1160.93,101.5,8.8586
1161.93,99.5,8.8586
1162.94,101.5,8.8586
1163.94,100.5,8.8586
1164.95,101.5,8.8587
1165.95,100.5,8.8587
1166.96,101.5,8.8587
1167.96,100.5,8.8587
1168.97,102.5,8.8587
1169.97,100.5,8.8587
1170.98,100.5,8.8587
1171.98,100.5,8.8587
1172.99,100.5,8.8587
1173.99,101.5,8.8588
1175.0,100.5,8.8588
1176.01,100.5,8.8588
1177.01,100.6,8.8588
1178.01,102.5,8.8588
1179.02,99.5,8.8588
1180.03,104.5,8.8588
1181.03,100.6,8.8588
1182.03,102.5,8.8588
1183.04,102.5,8.8595
1184.04,99.5,8.8595
1185.05,101.5,8.8595
1186.05,100.5,8.8595
1187.06,98.5,8.8595
1188.07,101.5,8.8595
1189.07,101.5,8.8595
1190.08,100.5,8.8595
1191.08,100.5,8.8595
1192.09,102.6,8.8608
1193.09,101.5,8.8608
1194.1,101.5,8.8608
1195.1,99.5,8.8608
1196.11,102.5,8.8608
1197.11,99.7,8.8608
1198.11,107.5,8.8608
1199.12,102.5,8.8608
1200.12,99.5,8.8608
1201.13,100.5,8.8608
1202.13,101.5,8.9042
1203.14,101.5,8.9042
1204.14,100.5,8.9042
1205.15,101.5,8.9042
1206.16,102.5,8.9042
1207.16,104.4,8.9042
1208.17,101.5,8.9042
1209.17,100.5,8.9042
1210.18,100.5,8.9042
1211.18,101.5,8.9057
1212.19,101.5,8.9057
1213.19,101.5,8.9057
1214.2,100.5,8.9057
1215.2,100.5,8.9057
1216.21,100.5,8.9057
1217.21,101.3,8.9057
1218.22,101.5,8.9057
1219.22,99.5,8.9057
1220.23,101.5,8.9057
1221.23,102.5,8.9078
1222.24,101.5,8.9078
1223.25,100.5,8.9078
1224.25,101.5,8.9078
1225.26,100.5,8.9078
1226.26,101.5,8.9078
1227.27,100.5,8.9078
1228.27,100.5,8.9078
1229.28,99.5,8.9078
1230.28,103.5,8.9078
1231.29,104.4,8.909
1232.29,101.5,8.909
1233.3,100.5,8.909
1234.3,100.5,8.909
1235.31,100.5,8.909
1236.31,103.7,1.741
1237.32,340.2,2.05
1238.32,315.6,2.4079
1239.32,305.0,2.6272
1240.33,351.7,2.944
1241.33,327.3,3.3465
1242.34,309.4,3.7257
1243.34,315.3,4.0914
1244.35,302.4,4.4297
1245.35,301.4,4.7459
1246.36,308.3,5.0955
1247.37,301.4,5.3766
1248.37,303.5,5.7339
1249.38,301.4,5.9849
1250.38,303.5,6.4032
1251.38,312.3,6.7827
1252.39,279.1,6.9853
1253.39,247.9,6.9862
1254.4,135.4,7.0863
1255.4,141.3,7.0863
1256.41,125.4,7.0863
1257.41,141.2,7.0863
1258.42,194.0,7.0863
1259.42,115.4,7.0863
1260.43,104.4,7.0863
1261.43,100.5,7.0863
1262.44,107.4,7.0863
1263.44,109.4,7.0865
1264.45,151.2,7.0865
1265.45,110.4,7.0865
1266.46,129.3,7.0866
1267.46,120.4,7.0866
1268.47,101.5,7.0866
1269.48,100.5,7.0866
1270.48,166.1,7.0866
1271.49,107.4,7.0866
1272.49,118.4,7.0866
1273.5,116.4,7.0866
1274.5,140.4,7.0866
1275.51,123.4,7.0866
1276.51,136.6,7.2716
1277.52,155.2,7.5212
1278.52,101.5,7.5212
1279.52,105.7,7.5212
1280.53,104.6,7.5212
1281.53,111.4,7.5212
1282.54,127.3,7.5212
1283.54,133.3,7.5212
1284.55,109.4,7.5212
1285.55,100.5,7.5212
1286.56,100.5,7.5212
1287.56,101.5,7.5212
1288.57,101.4,7.5212
1289.57,101.5,7.5212
1290.58,100.5,7.5212
1291.59,101.4,7.5212
1292.59,102.5,7.5212
1293.6,123.3,7.5212
1294.6,103.4,7.5212
1295.61,116.4,7.5212
1296.61,123.3,7.5212
1297.62,100.5,7.5212
1298.62,101.5,7.5212
1299.63,100.5,7.5212
1300.63,101.5,7.5212
1301.64,99.5,7.5212
1302.64,101.5,7.5212
1303.65,101.5,7.5212
1304.65,102.5,7.5212
1305.66,101.5,7.5212
1306.67,101.5,7.5212
1307.67,109.4,7.5212
1308.68,112.4,7.5212
1309.68,101.5,7.5212
1310.69,100.5,7.5212
1311.69,101.5,7.5212
1312.7,101.5,7.5212
1313.7,100.5,7.5212
1314.71,242.7,7.668
1315.71,147.2,7.668
1316.72,182.2,7.6681
1317.72,244.7,7.6685
1318.73,114.4,7.6685
1319.73,105.4,7.6685
1320.74,145.2,7.6685
1321.74,101.5,7.6685
1322.75,207.9,7.6685
1323.75,290.5,7.7067
1324.76,203.0,7.7132
1325.76,161.2,7.7106
1326.77,101.5,7.6671
1327.78,103.5,7.6671
1328.78,102.5,7.6671
1329.79,101.5,7.6671
1330.79,99.5,7.6671
1331.8,102.5,7.6671
1332.8,102.5,7.6671
1333.81,101.5,7.6671
1334.81,100.5,7.6671
1335.82,101.5,7.6671
1336.82,100.5,7.6671
1337.83,109.4,7.6672
1338.83,100.5,7.6672
1339.84,100.5,7.6672
1340.84,100.5,7.6672
1341.85,100.5,7.6672
1342.85,103.5,7.6672
1343.86,100.5,7.6672
1344.86,99.5,7.6672
1345.87,101.5,7.6672
1346.87,101.5,7.6672
1347.88,100.5,7.6672
1348.89,104.5,7.6672
1349.89,100.4,7.6672
1350.9,99.4,7.6672
1351.9,100.4,7.6672
1352.91,102.5,7.6672
1353.91,99.5,7.6672
1354.92,101.5,7.6672
1355.92,101.5,7.6672
1356.93,99.5,7.6672
1357.93,100.6,7.6672
1358.94,100.5,7.6672
1359.94,100.5,7.6672
1360.95,101.5,7.6672
1361.95,100.5,7.6672
1362.96,100.5,7.6672
1363.96,101.5,7.6672
1364.97,100.5,7.6672
1365.97,102.5,7.6672
1366.98,99.5,7.6672
1367.98,101.5,7.6672
1368.99,100.5,7.6672
1369.99,100.5,7.6672
1371.0,101.5,7.6672
1372.0,100.5,7.6672
1373.01,101.5,7.6672
1374.01,100.5,7.6672
1375.02,100.4,7.6672
1376.03,99.6,7.6672
1377.03,101.5,7.6672
1378.04,99.5,7.6672
1379.04,101.5,7.6672
1380.05,101.5,7.6672
1381.05,102.5,7.6672
1382.06,99.5,7.6672
1383.06,101.5,7.6672
1384.07,100.5,7.6672
1385.07,101.5,7.6672
1386.08,99.5,7.6672
1387.08,101.5,7.6672
1388.09,101.5,7.6672
1389.09,99.5,7.6672
1390.1,100.5,7.6672
1391.1,100.5,7.6672
1392.11,100.5,7.6672
1393.11,101.5,7.6672
1394.12,102.5,7.6672
1395.12,99.5,7.6672
1396.13,101.5,7.6672
1397.13,100.5,7.6672
1398.14,100.5,7.6672
1399.14,100.5,7.6672
1400.15,100.5,7.6672
1401.15,100.5,7.6672
1402.16,100.5,7.6672
1403.16,99.5,7.6672
1404.17,101.5,7.6672
1405.18,101.5,7.6672
1406.18,99.5,7.6672
1407.19,101.5,7.6672
1408.19,101.5,7.6672
1409.2,101.5,7.6672
1410.2,100.5,7.6672
1411.21,100.5,7.6672
1412.21,99.5,7.6672
1413.22,102.5,7.6672
1414.22,100.5,7.6672
1415.23,100.5,7.6672
1416.23,101.5,7.6672
1417.24,99.5,7.6672
1418.24,101.5,7.6672
1419.25,100.5,7.6672
1420.25,100.5,7.6672
1421.26,100.5,7.6672
1422.26,103.5,7.6672
1423.27,99.5,7.6672
1424.27,102.5,7.6672
1425.28,102.5,7.6672
1426.28,99.5,7.6672
1427.29,102.5,7.6672
1428.29,100.5,7.6672
1429.3,100.5,7.6672
1430.31,101.4,7.6672
1431.31,102.5,7.6672
1432.32,99.5,7.6672
1433.32,100.5,7.6672
1434.33,101.5,7.6672
1435.33,99.5,7.6672
1436.34,100.5,7.6672
1437.34,101.5,7.6672
1438.35,99.5,7.6672
1439.35,100.5,7.6672
1440.36,100.5,7.6672
1441.36,101.5,7.6672
1442.37,99.5,7.6672
1443.37,101.5,7.6672
1444.38,102.5,7.6672
1445.38,98.5,7.6672
1446.39,186.0,7.6672
1447.39,283.8,7.6766
1448.4,263.7,7.7231
1449.4,99.5,7.7231
1450.41,103.5,7.7231
1451.41,99.5,7.7076
1452.42,100.5,7.7076
1453.42,99.5,7.7076
1454.43,101.5,7.7076
1455.43,100.5,7.7076
1456.44,100.5,7.6831
1457.44,100.5,7.6831
1458.45,100.5,7.6831
1459.45,109.4,7.6831
1460.46,100.5,7.6831
1461.47,100.5,7.6645
1462.47,101.5,7.6645
1463.48,100.5,7.6645
1464.48,100.5,7.6645
1465.49,100.5,7.6645
1466.49,101.5,7.6645
1467.5,99.5,7.6645
1468.5,101.6,7.6645
1469.51,101.5,7.6645
1470.51,99.5,7.6645
1471.52,101.5,7.6645
1472.52,101.5,7.6645
1473.53,100.6,7.6645
1474.53,100.5,7.6645
1475.54,100.5,7.6645
1476.54,101.5,7.6645
1477.55,100.6,7.6645
1478.55,100.5,7.6645
1479.56,100.5,7.6645
1480.56,100.5,7.6645
1481.57,192.0,7.709
1482.57,101.5,7.709
1483.58,100.5,7.709
1484.58,102.5,7.709
1485.59,100.5,7.709
1486.59,99.5,7.709
1487.6,99.5,7.709
1488.6,102.5,7.709
1489.61,100.5,7.709
1490.61,99.5,7.709
1491.62,101.5,7.709
1492.62,101.5,7.709
1493.63,100.5,7.709
1494.63,100.5,7.709
1495.64,101.5,7.709
1496.64,102.5,7.709
1497.65,100.5,7.709
1498.65,100.5,7.709
1499.66,99.5,7.709
1500.66,101.5,7.709
1501.67,100.6,7.709
1502.67,101.5,7.709
1503.68,99.5,7.709
1504.68,99.5,7.709
1505.69,102.5,7.709
1506.69,100.5,7.709
1507.7,102.5,7.709
1508.7,99.5,7.709
1509.71,101.5,7.709
1510.71,100.5,7.709
1511.72,99.6,7.709
1512.72,102.5,7.709
1513.73,99.5,7.709
1514.73,101.5,7.709
1515.74,99.5,7.709
1516.74,101.5,7.709
1517.75,99.5,7.709
1518.75,100.5,7.709
1519.76,101.5,7.709
1520.76,100.6,7.709
1521.77,101.5,7.709
1522.77,100.5,7.709
1523.78,100.5,7.709
1524.78,100.5,7.709
1525.79,101.5,7.709
1526.79,99.5,7.709
1527.8,101.5,7.709
1528.81,100.5,7.709
1529.81,100.5,7.709
1530.82,100.5,7.709
1531.82,100.5,7.709
1532.83,101.5,7.709
1533.83,100.5,7.709
1534.84,100.5,7.709
1535.84,1319.0,1.6649
1536.85,270.1,1.8894
1537.85,316.4,2.2353
1538.85,293.8,2.5562
1539.86,349.1,2.7984
1540.86,342.5,3.1902
1541.86,312.4,3.5805
1542.87,313.3,3.9693
1543.87,303.3,4.2057
1544.88,301.4,4.4371
1545.89,294.4,4.6821
1546.89,304.4,4.9086
1547.9,303.4,5.2014
1548.9,303.4,5.4493
1549.91,302.3,5.8008
1550.91,300.4,6.016
1551.92,305.3,6.446
1552.92,290.1,6.9041
1553.92,205.4,6.9353
1554.93,202.9,6.9357
1555.93,137.6,7.036
1556.94,218.9,7.0361
1557.94,172.1,7.0361
1558.95,116.4,7.0361
1559.95,162.1,7.0361
1560.96,106.4,7.0361
1561.96,103.4,7.0361
1562.97,120.4,7.0361
1563.97,112.5,7.0361
1564.98,224.3,7.0361
1565.98,123.4,7.0363
1566.99,114.4,7.0363
1567.99,168.3,7.0363
1569.0,115.4,7.0363
1570.0,104.5,7.0363
1571.01,100.5,7.0363
1572.01,108.4,7.0363
1573.02,102.5,7.0363
1574.02,120.4,7.0363
1575.03,100.5,7.0363
1576.04,119.4,7.0363
1577.04,106.4,7.0363
1578.05,210.9,7.4195
1579.05,220.8,7.5195
1580.06,139.3,7.5195
1581.06,101.5,7.5195
1582.07,136.2,7.5195
1583.07,116.4,7.5195
1584.08,124.4,7.5195
1585.08,105.4,7.5195
1586.09,120.4,7.5195
1587.09,101.5,7.5195
1588.1,101.5,7.5195
1589.1,99.5,7.5195
1590.11,102.5,7.5195
1591.11,101.5,7.5195
1592.12,100.5,7.5195
1593.12,101.5,7.5195
1594.13,100.5,7.5195
1595.13,115.4,7.5195
1596.14,106.4,7.5195
1597.15,102.5,7.5195
1598.15,129.3,7.5195
1599.16,102.5,7.5195
1600.16,101.5,7.5195
1601.17,100.5,7.5195
1602.17,102.5,7.5195
1603.18,101.5,7.5195
1604.18,100.5,7.5195
1605.19,100.5,7.5195
1606.19,101.5,7.5195
1607.2,100.5,7.5195
1608.2,102.5,7.5195
1609.21,108.7,7.5195
1610.21,106.4,7.5195
1611.22,105.4,7.5195
1612.22,101.5,7.5195
1613.23,99.5,7.5195
1614.23,151.6,7.52
1615.24,168.1,7.6639
1616.24,192.0,7.6639
1617.25,144.2,7.6639
1618.25,253.2,7.6641
1619.26,314.4,7.6682
1620.26,182.3,7.6682
1621.26,122.4,7.6629
1622.27,102.5,7.6629
1623.27,109.4,7.6629
1624.28,101.5,7.6629
1625.28,134.3,7.6629
1626.29,99.6,7.6629
1627.29,149.2,7.6629
1628.3,99.5,7.6629
1629.31,101.5,7.6629
1630.31,103.6,7.6629
1631.31,100.5,7.6629
1632.32,101.5,7.6629
1633.33,99.5,7.6629
1634.33,101.5,7.6629
1635.34,101.5,7.6629
1636.34,99.5,7.6629
1637.35,102.5,7.6629
1638.35,101.5,7.6629
1639.36,99.5,7.6629
1640.36,101.5,7.6629
1641.37,101.5,7.6629
1642.37,100.5,7.6629
1643.38,100.5,7.6629
1644.38,99.5,7.6629
1645.39,101.5,7.6629
1646.39,100.5,7.6629
1647.4,100.5,7.6629
1648.4,100.5,7.6629
1649.41,102.5,7.6629
1650.41,99.5,7.6629
1651.42,100.6,7.6629
1652.42,100.5,7.6629
1653.43,101.5,7.6629
1654.43,99.5,7.6629
1655.44,101.6,7.6629
1656.44,100.5,7.6629
1657.45,102.5,7.6629
1658.45,104.5,7.6629
1659.46,100.5,7.6629
1660.46,100.5,7.6629
1661.47,100.5,7.6629
1662.48,102.2,7.6629
1663.48,99.6,7.6629
1664.49,102.5,7.6629
1665.49,100.5,7.6629
1666.5,101.5,7.6629
1667.5,100.5,7.6629
1668.51,100.5,7.6629
1669.51,100.5,7.6629
1670.52,100.5,7.6629
1671.52,100.5,7.6629
1672.53,99.5,7.6629
1673.53,100.5,7.6631
1674.54,101.6,7.6631
1675.54,100.5,7.6631
1676.55,99.5,7.6631
1677.55,101.5,7.6631
1678.56,100.5,7.6631
1679.56,101.5,7.6631
1680.57,101.5,7.6631
1681.57,100.5,7.6631
1682.58,100.5,7.6631
1683.58,100.5,7.6631
1684.59,100.5,7.6631
1685.59,101.5,7.6631
1686.6,99.5,7.6631
1687.61,100.5,7.6631
1688.61,100.6,7.6631
1689.61,102.5,7.6631
1690.62,100.5,7.6631
1691.62,100.5,7.6631
1692.63,100.6,7.6631
1693.63,100.5,7.6631
1694.64,101.5,7.6631
1695.64,99.5,7.6631
1696.65,102.6,7.6631
1697.65,99.5,7.6631
1698.66,102.5,7.6631
1699.66,101.5,7.6631
1700.67,99.6,7.6631
1701.67,100.5,7.6631
1702.68,100.5,7.6631
1703.68,99.5,7.6631
1704.69,101.5,7.6631
1705.7,100.5,7.6631
1706.7,100.5,7.6631
1707.71,102.5,7.6631
1708.71,100.5,7.6631
1709.72,100.5,7.6631
1710.72,100.5,7.6631
1711.73,100.5,7.6631
1712.73,100.5,7.6631
1713.74,100.5,7.6631
1714.74,100.5,7.6631
1715.75,101.5,7.6631
1716.75,100.4,7.6631
1717.76,100.5,7.6631
1718.76,99.5,7.6631
1719.77,101.5,7.6631
1720.77,101.5,7.6631
1721.78,100.5,7.6631
1722.78,99.5,7.6631
1723.79,101.5,7.6631
1724.79,99.5,7.6631
1725.8,101.6,7.6631
1726.8,100.5,7.6631
1727.81,101.5,7.6631
1728.81,100.5,7.6631
1729.82,101.5,7.6631
1730.82,101.5,7.6631
1731.83,100.5,7.6631
1732.83,99.5,7.6631
1733.84,101.5,7.6631
1734.84,101.5,7.6631
1735.85,101.5,7.6631
1736.85,100.5,7.6631
1737.86,99.5,7.6631
1738.87,101.5,7.6631
1739.87,100.5,7.6631
1740.88,99.5,7.6631
1741.88,100.5,7.6631
1742.89,100.5,7.6631
1743.89,101.5,7.6631
1744.9,99.5,7.6631
1745.9,101.5,7.6631
1746.9,101.6,7.6631
1747.91,99.5,7.6631
1748.91,103.5,7.6631
1749.92,99.5,7.6631
1750.93,99.5,7.6631
1751.93,101.5,7.6631
1752.94,99.5,7.6631
1753.94,101.5,7.6631
1754.95,100.6,7.6631
1755.95,100.6,7.6631
1756.95,114.4,7.6631
1757.96,99.5,7.6631
1758.97,100.5,7.6631
1759.97,100.5,7.6631
1760.98,101.5,7.6631
1761.98,100.5,7.6631
1762.99,100.5,7.6631
1763.99,101.5,7.6631
1765.0,99.5,7.6631
1766.0,101.5,7.6631
1767.01,100.5,7.6631
1768.01,100.5,7.6631
1769.02,100.5,7.6631
1770.02,99.6,7.6631
1771.03,101.5,7.6631
1772.03,100.5,7.6631
1773.04,102.5,7.6631
1774.04,188.0,7.7103
1775.05,100.5,7.7103
1776.05,101.5,7.7103
1777.06,100.5,7.7103
1778.06,100.5,7.7103
1779.07,100.5,7.7103
1780.07,101.5,7.7103
1781.08,101.5,7.7103
1782.08,102.5,7.7103
1783.09,101.5,7.7103
1784.09,100.5,7.7103
1785.1,101.5,7.7103
1786.1,99.6,7.7103
1787.11,100.5,7.7103
1788.11,100.5,7.7103
1789.12,100.5,7.7103
1790.12,100.5,7.7103
1791.13,101.5,7.7103
1792.13,99.5,7.7103
1793.14,103.5,7.7103
1794.14,100.5,7.7103
1795.15,99.5,7.7103
1796.15,101.5,7.7103
1797.16,99.5,7.7103
1798.16,102.5,7.7103
1799.17,100.5,7.7103
1800.17,101.5,7.7103
1801.18,99.5,7.7103
1802.18,100.5,7.7103
1803.19,100.5,7.7103
1804.19,101.5,7.7103
1805.2,100.5,7.7103
1806.21,101.5,7.7103
1807.21,100.5,7.7103
1808.22,100.5,7.7103
1809.22,99.5,7.7103
1810.23,100.5,7.7103
1811.23,101.5,7.7103
1812.24,100.5,7.7103
1813.24,100.5,7.7103
1814.25,100.5,7.7103
1815.25,101.5,7.7103
1816.26,100.5,7.7103
1817.26,101.5,7.7103
1818.27,100.5,7.7103
1819.27,101.5,7.7103
1820.28,99.6,7.7103
1821.28,101.5,7.7103
1822.29,100.5,7.7103
1823.29,100.5,7.7103
1824.3,100.6,7.7103
1825.3,101.4,7.7103
1826.31,99.6,7.7103
1827.31,100.5,7.7103
1828.32,100.5,7.7103
1829.32,100.5,7.7103
1830.33,100.5,7.7103
1831.33,99.6,7.7103
1832.34,101.5,7.7103
1833.34,101.5,7.7103
1834.35,101.5,7.7103
1835.35,102.5,7.7103
1836.36,103.8,1.75
1837.36,323.3,2.0633
1838.37,315.6,2.4059
1839.37,295.1,2.5964
1840.37,357.0,2.7902
1841.37,344.9,3.0522
1842.38,319.4,3.3408
1843.38,307.4,3.6501
1844.39,314.8,4.0311
1845.39,307.5,4.3921
1846.4,307.3,4.7019
1847.4,305.6,5.0613
1848.41,301.4,5.3347
1849.41,303.7,5.6756
1850.42,304.6,5.9285
1851.42,304.4,6.2668
1852.43,302.4,6.5404
1853.43,309.4,6.9821
1854.44,216.8,6.993
1855.44,190.0,6.9931
1856.45,134.6,7.0932
1857.45,206.9,7.0932
1858.46,131.3,7.0932
1859.46,167.1,7.0932
1860.47,199.1,7.0932
1861.47,105.7,7.0932
1862.48,101.5,7.0932
1863.48,106.4,7.0932
1864.49,211.9,7.0932
1865.49,136.5,7.0934
1866.49,128.3,7.0935
1867.5,105.4,7.0935
1868.5,126.6,7.0935
1869.51,101.5,7.0935
1870.51,101.5,7.0935
1871.52,155.2,7.0935
1872.52,123.3,7.0935
1873.53,114.4,7.0935
1874.53,109.6,7.0935
1875.54,123.4,7.0935
1876.54,191.1,7.0935
1877.55,247.2,7.4182
1878.55,120.4,7.5248
1879.56,99.5,7.5248
1880.56,105.4,7.5248
1881.57,141.3,7.5248
1882.57,134.3,7.5248
1883.58,129.3,7.5248
1884.58,153.2,7.5248
1885.59,100.5,7.5248
1886.59,104.4,7.5248
1887.6,102.5,7.5248
1888.6,100.5,7.5248
1889.61,101.5,7.5248
1890.62,104.5,7.5248
1891.62,99.5,7.5248
1892.63,102.5,7.5248
1893.63,100.5,7.5248
1894.64,108.4,7.5248
1895.64,116.4,7.5248
1896.65,100.5,7.5248
1897.65,120.4,7.5248
1898.66,102.5,7.5248
1899.66,100.5,7.5248
1900.67,100.5,7.5248
1901.67,101.5,7.5248
1902.68,101.5,7.5248
1903.68,101.5,7.5248
1904.69,101.5,7.5248
1905.69,99.5,7.5248
1906.7,101.6,7.5248
1907.7,101.5,7.5248
1908.71,100.5,7.5248
1909.71,108.4,7.5248
1910.72,100.5,7.5248
1911.73,100.5,7.5248
1912.73,103.5,7.5248
1913.74,101.5,7.5248
1914.74,113.4,7.5248
1915.75,100.5,7.5248
1916.75,278.5,7.675
1917.76,114.4,7.675
1918.76,197.0,7.675
1919.77,289.5,7.6777
1920.77,166.1,7.6777
1921.78,109.4,7.6777
1922.78,115.4,7.6777
1923.79,100.5,7.6777
1924.79,120.4,7.6777
1925.8,100.5,7.6777
1926.81,136.3,7.6777
1927.81,102.6,7.6777
1928.81,113.4,7.6779
1929.82,103.5,7.6779
1930.83,102.5,7.6779
1931.83,101.5,7.6779
1932.84,101.5,7.6779
1933.84,99.5,7.6779
1934.85,101.5,7.6779
1935.85,100.5,7.6779
1936.86,100.5,7.6779
1937.86,101.5,7.6779
1938.87,101.5,7.6779
1939.87,101.5,7.6779
1940.88,100.5,7.6779
1941.88,101.5,7.6779
1942.89,100.5,7.6779
1943.89,99.5,7.6779
1944.9,102.5,7.6779
1945.9,100.5,7.6779
1946.91,100.5,7.6779
1947.91,100.5,7.6779
1948.92,100.5,7.6779
1949.92,100.6,7.6779
1950.93,101.5,7.6779
1951.93,100.5,7.6779
1952.94,100.5,7.6779
1953.94,99.5,7.6779
1954.95,100.5,7.6779
1955.95,100.5,7.6779
1956.96,101.6,7.6779
1957.96,102.3,7.6779
1958.97,102.5,7.6779
1959.97,99.5,7.6779
1960.98,101.5,7.6779
1961.98,99.5,7.6779
1962.99,101.5,7.6779
1964.0,101.5,7.6779
1965.0,99.5,7.6779
1966.01,100.5,7.6779
1967.01,100.5,7.6779
1968.02,100.5,7.6779
1969.02,100.5,7.6779
1970.03,100.5,7.6779
1971.03,100.5,7.6779
1972.04,103.5,7.6779
1973.04,100.5,7.6779
1974.05,101.5,7.6779
1975.05,100.5,7.6779
1976.06,102.5,7.6779
1977.06,99.5,7.6779
1978.07,101.5,7.6779
1979.07,99.5,7.6779
1980.08,101.5,7.6779
1981.08,99.5,7.6779
1982.09,102.5,7.6779
1983.09,100.5,7.6779
1984.1,100.5,7.6779
1985.1,100.5,7.6779
1986.11,99.5,7.6779
1987.11,102.5,7.6779
1988.12,100.6,7.6779
1989.12,100.5,7.6779
1990.13,100.5,7.6779
1991.13,101.5,7.6779
1992.14,101.5,7.6779
1993.14,99.5,7.6779
1994.15,101.5,7.6779
1995.15,100.5,7.6779
1996.16,101.5,7.6779
1997.16,100.5,7.6779
1998.17,99.5,7.6779
1999.17,101.5,7.6779
2000.18,102.5,7.6779
2001.18,99.5,7.6779
2002.19,100.5,7.6779
2003.19,100.5,7.6779
2004.2,99.5,7.6779
2005.2,99.5,7.6779
2006.21,102.5,7.6779
2007.22,100.5,7.6779
2008.22,100.5,7.6779
2009.23,100.5,7.6779
2010.23,100.5,7.6779
2011.24,99.5,7.6779
2012.24,102.5,7.6779
2013.25,99.5,7.6779
2014.25,101.5,7.6779
2015.26,99.5,7.6779
2016.26,103.5,7.6779
2017.27,99.5,7.6779
2018.27,101.5,7.6779
2019.28,102.5,7.6779
2020.28,99.5,7.6779
2021.29,100.5,7.6779
2022.29,100.5,7.6779
2023.3,101.5,7.678
2024.3,102.5,7.678
2025.31,100.6,7.678
2026.31,100.5,7.678
2027.32,99.5,7.678
2028.32,100.3,7.678
2029.33,101.5,7.678
2030.33,99.6,7.678
2031.34,101.5,7.678
2032.34,101.5,7.678
2033.35,101.5,7.678
2034.35,100.5,7.678
2035.36,100.5,7.678
2036.36,102.5,7.678
2037.37,99.5,7.678
2038.37,100.5,7.678
2039.38,101.5,7.678
2040.39,99.5,7.678
2041.39,101.5,7.678
2042.4,100.5,7.678
2043.4,99.5,7.678
2044.41,100.5,7.678
2045.41,101.5,7.678
2046.42,101.5,7.678
2047.42,100.5,7.678
2048.43,100.5,7.678
2049.43,101.5,7.678
2050.44,100.5,7.678
2051.44,101.5,7.678
2052.45,101.5,7.6781
2053.45,102.5,7.6781
2054.46,99.5,7.6781
2055.46,101.6,7.6781
2056.47,108.4,7.6781
2057.47,106.4,7.6781
2058.48,100.5,7.6781
2059.48,100.5,7.6781
2060.49,100.5,7.6781
2061.49,100.5,7.6781
2062.5,100.5,7.6781
2063.5,100.5,7.6781
2064.51,100.5,7.6781
2065.51,102.5,7.6781
2066.52,100.5,7.6781
2067.52,100.5,7.6781
2068.53,100.5,7.6781
2069.53,100.5,7.6781
2070.54,100.5,7.6781
2071.54,99.6,7.6781
2072.55,102.5,7.6781
2073.55,101.5,7.6781
2074.56,101.5,7.6781
2075.56,99.5,7.6781
2076.57,100.5,7.6781
2077.57,101.5,7.6781
2078.58,100.5,7.6781
2079.58,99.5,7.6781
2080.59,102.5,7.6781
2081.59,100.5,7.6781
2082.6,121.6,7.6786
2083.6,170.1,7.7241
2084.61,99.5,7.7241
2085.61,101.5,7.7241
2086.62,101.5,7.7241
2087.62,100.5,7.7241
2088.63,101.5,7.7241
2089.63,101.5,7.7241
2090.64,100.5,7.7241
2091.64,99.5,7.7241
2092.65,101.6,7.7242
2093.65,99.5,7.7242
2094.66,101.5,7.7242
2095.66,99.5,7.7242
2096.67,100.5,7.7242
2097.67,101.5,7.7242
2098.68,101.5,7.7242
2099.68,100.5,7.7242
2100.69,101.5,7.7242
2101.7,99.5,7.7242
2102.7,101.5,7.7242
2103.71,99.5,7.7242
2104.71,100.5,7.7242
2105.72,100.5,7.7242
2106.72,101.5,7.7242
2107.73,100.5,7.7242
2108.73,102.5,7.7242
2109.74,99.5,7.7242
2110.74,101.5,7.7242
2111.75,99.6,7.7242
2112.75,101.5,7.7242
2113.76,100.5,7.7242
2114.76,100.5,7.7242
2115.77,100.6,7.7242
2116.77,101.5,7.7242
2117.78,99.5,7.7242
2118.78,102.5,7.7242
2119.79,100.5,7.7242
2120.79,99.5,7.7242
2121.8,101.5,7.7242
2122.8,99.5,7.7242
2123.81,101.5,7.7242
2124.81,101.5,7.7242
2125.82,100.5,7.7242
2126.82,100.5,7.7242
2127.83,101.5,7.7242
2128.83,101.5,7.7244
2129.84,99.5,7.7244
2130.84,101.5,7.7244
2131.85,100.5,7.7244
2132.85,102.5,7.7244
2133.86,99.5,7.7244
2134.86,99.5,7.7244
2135.87,3086.9,1.6509
2136.87,284.3,1.8952
2137.87,311.4,2.2246
2138.88,304.1,2.5554
2139.88,366.1,2.7966
2140.88,344.2,3.1619
2141.89,320.3,3.5569
2142.89,313.5,3.9522
2143.9,305.6,4.2718
2144.9,301.4,4.5973
2145.91,304.4,4.8745
2146.91,309.3,5.1874
2147.92,304.4,5.4206
2148.93,302.4,5.7526
2149.93,305.4,5.9853
2150.94,293.4,6.4055
2151.94,262.2,6.7001
2152.94,188.2,6.9804
2153.95,166.1,6.9807
2154.95,166.3,7.081
2155.96,225.8,7.081
2156.96,130.3,7.081
2157.97,146.2,7.081
2158.98,140.0,7.081
2159.99,121.0,7.081
2160.99,101.5,7.081
2162.0,170.1,7.081
2163.0,260.6,7.0835
2164.01,226.9,7.0849
2165.01,107.4,7.0849
2166.02,149.3,7.0853
2167.02,122.3,7.0853
2168.03,101.5,7.0853
2169.03,116.4,7.0853
2170.04,104.3,7.0853
2171.04,116.4,7.0853
2172.05,101.5,7.0853
2173.05,103.4,7.0853
2174.06,146.2,7.0853
2175.07,165.1,7.0853
2176.07,262.6,7.4703
2177.08,143.2,7.5182
2178.08,101.5,7.5182
2179.09,143.3,7.5182
2180.09,136.3,7.5182
2181.1,121.4,7.5182
2182.1,107.4,7.5182
2183.11,120.4,7.5182
2184.11,110.4,7.5182
2185.12,103.4,7.5182
2186.12,99.5,7.5182
2187.13,100.5,7.5182
2188.13,100.5,7.5182
2189.14,103.4,7.5182
2190.15,101.5,7.5182
2191.15,118.4,7.5182
2192.16,101.5,7.5182
2193.16,103.5,7.5182
2194.17,122.3,7.5182
2195.17,102.5,7.5183
2196.18,99.5,7.5183
2197.18,106.4,7.5183
2198.19,101.5,7.5183
2199.19,107.4,7.5183
2200.2,118.4,7.5183
2201.2,100.5,7.5183
2202.21,125.3,7.5183
2203.21,101.5,7.5183
2204.22,101.5,7.5183
2205.23,103.4,7.5183
2206.23,116.4,7.5183
2207.24,99.5,7.5183
2208.24,102.5,7.5183
2209.25,101.5,7.5183
2210.25,119.4,7.5183
2211.26,107.4,7.5183
2212.26,261.7,7.6681
2213.27,206.9,7.6681
2214.27,145.3,7.6681
2215.28,242.7,1.6082
2216.28,3555.2,1.8236
2217.28,325.3,2.3372
2218.29,319.2,2.6163
2219.29,358.6,2.9553
2220.3,326.3,3.3565
2221.3,311.5,3.7549
2222.31,311.3,4.1068
2223.31,303.6,4.4441
2224.32,303.4,4.7605
2225.32,303.5,5.107
2226.33,301.4,5.3693
2227.33,302.4,5.725
2228.34,304.4,5.9715
2229.34,303.5,6.3702
2230.35,303.5,6.6035
2231.35,318.3,6.9799
2232.36,304.5,6.9807
2233.36,168.4,6.9808
2234.37,212.9,7.0812
2235.37,184.0,7.0816
2236.38,174.1,7.0816
2237.38,186.0,7.0816
2238.39,153.2,7.0816
2239.39,105.5,7.0816
2240.4,107.4,7.0816
2241.4,135.3,7.0721
2242.41,165.1,7.0756
2243.41,134.3,7.0756
2244.42,113.4,7.0756
2245.42,110.5,7.0757
2246.43,131.3,7.0757
2247.43,104.5,7.0757
2248.44,106.4,7.0757
2249.45,131.3,7.0757
2250.45,109.4,7.0757
2251.46,112.4,7.0757
2252.46,114.4,7.0757
2253.47,135.3,7.0757
2254.47,117.4,7.0757
2255.48,187.4,7.0757
2256.48,154.2,7.0757
2257.49,246.8,7.4627
2258.49,178.0,7.5107
2259.5,168.1,7.5107
2260.5,220.8,7.5107
2261.5,156.5,7.5107
2262.51,155.3,7.5123
2263.51,145.2,7.5124
2264.52,109.5,7.5124
2265.52,100.5,7.5124
2266.53,100.5,7.5124
2267.54,101.5,7.5124
2268.54,101.5,7.5124
2269.55,101.5,7.5124
2270.55,100.5,7.5124
2271.56,99.5,7.5124
2272.56,102.5,7.5124
2273.57,113.4,7.5124
2274.57,108.4,7.5124
2275.58,101.5,7.5124
2276.58,120.4,7.5124
2277.59,101.5,7.5124
2278.59,100.5,7.5124
2279.6,100.5,7.5124
2280.6,102.5,7.5124
2281.61,101.5,7.5124
2282.61,103.4,7.5124
2283.62,103.5,7.5125
2284.63,101.5,7.5125
2285.63,102.5,7.5125
2286.64,100.5,7.5125
2287.64,104.4,7.5125
2288.65,105.4,7.5125
2289.65,100.5,7.5125
2290.66,101.5,7.5125
2291.66,101.5,7.5125
2292.67,112.4,7.5125
2293.67,105.4,7.5125
2294.68,247.7,7.6597
2295.68,155.2,7.6597
2296.69,202.9,7.6598
2297.69,224.8,7.6601
2298.7,111.4,7.6601
2299.71,104.5,7.6601
2300.71,152.2,7.6601
2301.72,101.5,7.6601
2302.72,200.8,7.6601
2303.73,294.5,7.6991
2304.73,199.0,7.7054
2305.74,173.1,7.7016
2306.74,102.6,7.6689
2307.75,101.5,7.6689
2308.75,100.5,7.6689
2309.76,101.5,7.6689
2310.76,101.5,7.6689
2311.77,99.5,7.6689
2312.77,103.5,7.6689
2313.78,100.5,7.6689
2314.78,100.5,7.6689
2315.79,103.5,7.6689
2316.79,100.5,7.6689
2317.8,108.5,7.6689
2318.8,101.6,7.6689
2319.81,99.5,7.6689
2320.81,101.5,7.6689
2321.82,100.5,7.6689
2322.82,102.5,7.6689
2323.83,99.5,7.6689
2324.83,101.5,7.6689
2325.84,100.7,7.6689
2326.84,101.5,7.6689
2327.85,101.5,7.6689
2328.85,102.5,7.6689
2329.86,99.5,7.6689
2330.86,100.5,7.6689
2331.87,102.5,7.6689
2332.87,101.5,7.6689
2333.88,100.5,7.6689
2334.88,100.5,7.6689
2335.89,101.5,7.6689
2336.89,102.5,7.6689
2337.9,100.5,7.6689
2338.9,99.5,7.6689
2339.91,100.3,7.6689
2340.92,101.5,7.6689
2341.92,100.4,7.6689
2342.93,101.5,7.6689
2343.93,100.5,7.6689
2344.93,99.7,7.6689
2345.94,100.5,7.6689
2346.94,100.5,7.6689
2347.95,99.5,7.6689
2348.96,103.5,7.6689
2349.96,99.5,7.6689
2350.97,100.5,7.6689
2351.97,100.5,7.6689
2352.98,100.5,7.6689
2353.98,100.5,7.6689
2354.99,102.5,7.6689
2355.99,100.5,7.6689
2357.0,99.5,7.6689
2358.0,101.5,7.6689
2359.01,101.5,7.6689
2360.01,99.5,7.6689
2361.02,101.4,7.6689
2362.02,100.5,7.6689
2363.03,100.5,7.6689
2364.03,100.5,7.6689
2365.04,99.5,7.6689
2366.04,101.5,7.6689
2367.05,100.5,7.6689
2368.05,100.5,7.6689
2369.06,99.5,7.6689
2370.06,102.7,7.6689
2371.07,100.5,7.6689
2372.07,101.5,7.6689
2373.07,99.7,7.6675
2374.08,100.5,7.6675
2375.08,101.5,7.6675
2376.09,99.5,7.6675
2377.09,101.6,7.6675
2378.1,100.5,7.6675
2379.1,100.7,7.6675
2380.1,99.8,7.6675
2381.11,101.6,7.6675
2382.11,99.6,7.6675
2383.12,101.5,7.6675
2384.12,100.5,7.6652
2385.13,99.5,7.6652
2386.13,101.5,7.6652
2387.14,101.5,7.6652
2388.14,101.5,7.6652
2389.15,101.5,7.6652
2390.15,100.6,7.6652
2391.16,99.5,7.6652
2392.16,101.5,7.6652
2393.17,99.5,7.6652
2394.17,101.5,7.6652
2395.18,102.5,7.6652
2396.18,100.5,7.6652
2397.19,100.5,7.6652
2398.19,99.5,7.6652
2399.2,100.5,7.6632
2400.2,99.5,7.6632
2401.21,101.6,7.6632
2402.21,99.5,7.6632
2403.22,102.5,7.6632
2404.22,103.5,7.6632
2405.23,100.5,7.6632
2406.23,100.5,7.6632
2407.24,101.5,7.6632
2408.24,101.5,7.6632
2409.25,100.5,7.6632
2410.26,99.5,7.6632
2411.26,102.5,7.6632
2412.27,100.5,7.6632
2413.27,100.5,7.6611
2414.28,100.5,7.6611
2415.28,100.5,7.6611
2416.29,102.2,7.6611
2417.29,99.5,7.6611
2418.3,100.5,7.6611
2419.3,100.5,7.6611
2420.31,101.5,7.6591
2421.32,100.4,7.6591
2422.32,99.5,7.6591
2423.33,101.5,7.6591
2424.33,103.5,7.6591
2425.34,101.5,7.6591
2426.34,99.6,7.6591
2427.35,101.5,7.6591
2428.35,99.5,7.6591
2429.36,214.0,7.6591
2430.36,300.4,7.6877
2431.37,217.7,7.671
2432.37,101.5,7.671
2433.38,100.5,7.671
2434.38,99.5,7.671
2435.39,101.5,7.671
2436.39,101.5,7.6475
2437.4,102.5,7.6475
2438.4,101.5,7.6475
2439.41,100.5,7.6476
2440.41,100.5,7.6476
2441.42,101.1,7.6476
2442.43,101.5,7.6476
2443.43,100.5,7.6476
2444.44,107.4,7.6476
2445.44,101.5,7.6476
2446.45,100.3,7.6476
2447.46,100.5,7.6476
2448.46,100.5,7.6476
2449.46,101.7,7.6476
2450.47,99.5,7.6476
2451.48,101.3,7.6476
2452.48,100.5,7.6476
2453.49,100.5,7.6476
2454.49,101.5,7.6476
2455.5,98.5,7.6476
2456.5,101.4,7.6476
2457.51,100.5,7.6476
2458.51,100.6,7.6476
2459.52,102.5,7.6476
2460.52,99.5,7.6476
2461.53,101.5,7.6476
2462.53,102.6,7.6476
2463.54,116.7,7.648
2464.54,176.1,7.6918
2465.55,99.5,7.6918
2466.55,101.6,7.6918
2467.55,100.5,7.6918
2468.56,102.5,7.6918
2469.57,101.5,7.6918
2470.57,100.5,7.6918
2471.58,100.5,7.6918
2472.58,100.5,7.6918
2473.59,101.5,7.6918
2474.59,100.5,7.6918
2475.6,99.5,7.6918
2476.6,101.5,7.6918
2477.61,99.5,7.6918
2478.61,101.5,7.6918
2479.62,100.5,7.6918
2480.62,101.6,7.6918
2481.63,100.5,7.6918
2482.63,100.5,7.6918
2483.64,99.5,7.6918
2484.64,101.6,7.6918
2485.65,100.5,7.6918
2486.65,100.5,7.6918
2487.66,101.5,7.6918
2488.66,100.5,7.6918
2489.67,101.5,7.6918
2490.67,99.5,7.6918
2491.68,101.5,7.6918
2492.68,100.5,7.6918
2493.69,101.5,7.6918
2494.69,100.5,7.6918
2495.7,99.5,7.6918
2496.7,100.5,7.6918
2497.71,100.5,7.6918
2498.71,101.5,7.6918
2499.72,101.5,7.6918
2500.72,100.5,7.6918
2501.73,100.5,7.6918
2502.73,103.5,7.6919
2503.74,101.5,7.6919
2504.74,101.5,7.6919
2505.75,99.5,7.6919
2506.75,102.5,7.6919
2507.76,99.5,7.6919
2508.76,99.5,7.6919
2509.77,101.5,7.6919
2510.77,100.5,7.6919
2511.78,101.5,7.6919
2512.78,100.5,7.6919
2513.79,101.5,7.6919
2514.79,101.5,7.6919
2515.8,102.7,1.6845
2516.8,291.3,1.8751
2517.8,1.0,1.7124
2518.81,305.3,1.8866
2519.81,5.0,1.7232
2520.81,302.1,1.8814
2521.82,6.0,1.7082
2522.82,307.4,1.8702
2523.83,2.0,1.7099
2524.83,335.0,1.9107
2525.83,3.0,1.7027
2526.84,294.5,1.8718
2527.84,348.1,2.0272
2528.84,4.0,1.74
2529.85,334.1,1.9424
2530.85,349.0,2.1724
2531.85,323.6,2.4406
2532.86,2.0,1.7212
2533.86,279.8,1.877
2534.87,363.9,2.0369
2535.87,3454.8,1.821
2536.87,302.1,1.9506
2537.88,6.0,1.7158
2538.88,321.8,1.9035
2539.88,349.2,2.103
2540.89,338.1,2.492
2541.89,3.0,1.7636
2542.9,305.0,1.9251
2543.9,343.3,2.1646
2544.91,314.3,2.4352
2545.91,3.0,1.7039
2546.92,322.3,1.9228
2547.92,354.8,2.0461
2548.92,328.7,1.603
2549.93,1515.1,1.8682
2550.93,347.9,1.9877
2551.94,341.4,2.2608
2552.94,325.8,2.634
2553.95,1491.0,1.8938
2554.95,341.9,2.0633
2555.95,12.0,1.7488
2556.95,359.1,1.9854
2557.96,1.0,1.6539
2558.96,290.5,1.9032
2559.96,320.0,2.0162
2560.97,331.3,2.2492
2561.97,157.2,2.4471
2562.98,4.0,1.8607
2563.98,307.3,1.9774
2564.99,348.4,2.2042
2565.99,188.0,2.3704
2566.99,4.0,1.7868
2568.0,311.1,1.9319
2569.0,325.0,2.1384
2570.0,10.0,1.7332
2571.01,304.4,1.9256
2572.01,351.1,2.07
2573.02,3.0,1.7127
2574.02,311.5,1.9213
2575.02,337.9,2.0302
2576.03,1552.0,1.7364
2577.03,333.8,1.9372
2578.04,355.2,2.0716
2579.04,227.8,2.2508
2580.04,5.0,1.809
2581.05,338.0,2.0421
2582.05,349.2,2.3111
2583.05,324.0,2.5209
2584.06,124.4,2.5816
2585.07,107.4,2.6288
2586.07,129.3,2.6887
2587.08,108.4,2.7378
2588.08,143.2,2.7854
2589.08,185.6,1.6206
2590.09,2.0,1.8417
2591.09,338.0,2.0073
2592.09,3.0,1.8865
2593.1,330.1,2.0257
2594.1,346.2,2.2692
2595.11,327.4,2.5407
2596.11,9.0,1.7562
2597.11,318.0,1.9467
2598.12,362.0,2.2052
2599.12,10.0,1.7991
2600.12,336.0,1.9994
2601.13,359.9,2.2935
2602.13,11.0,1.8372
2603.13,334.9,1.9873
2604.14,348.9,2.2346
2605.14,8.0,1.7792
2606.14,347.9,2.0027
2607.15,357.4,2.1687
2608.15,325.3,2.4294
2609.16,257.6,2.607
2610.16,128.3,2.6871
2611.17,153.2,2.7271
2612.17,159.5,2.7878
2613.18,103.5,2.8408
2614.18,118.4,2.9384
2615.19,114.5,3.0202
2616.19,116.4,3.14
2617.2,101.5,3.2243
2618.2,113.4,3.334
2619.21,101.5,3.4198
2620.21,101.5,3.5162
2621.22,104.5,3.6256
2622.22,106.5,3.7107
2623.23,103.5,3.8269
2624.23,100.5,3.9098
2625.24,102.5,4.0333
2626.24,100.5,4.1154
2627.25,100.5,4.2312
2628.25,101.5,4.3133
2629.26,101.5,4.4186
2630.26,102.5,4.5177
2631.27,100.5,4.6062
2632.27,112.4,4.7195
2633.28,3165.5,1.7412
2634.28,322.0,1.9747
2635.28,333.1,2.084
2636.29,332.3,2.337
2637.29,320.4,2.5458
2638.3,238.0,2.6893
2639.3,231.8,2.7419
2640.31,181.0,2.8032
2641.31,105.5,2.8729
2642.32,137.3,2.9299
2643.32,119.4,2.977
2644.33,101.5,3.0289
2645.33,99.6,3.0817
2646.34,102.5,3.1328
2647.34,101.5,3.1798
2648.35,104.5,3.2238
2649.35,101.5,3.2667
2650.36,100.5,3.3096
2651.36,106.5,3.3546
2652.37,116.4,3.3956
2653.37,109.5,3.4362
2654.38,102.5,3.4732
2655.38,105.5,3.5119
2656.39,101.5,3.5488
2657.39,104.5,3.5925
2658.4,100.5,3.6265
2659.4,99.5,3.6652
2660.41,106.4,3.6964
2661.41,101.5,3.7272
2662.42,101.5,3.7613
2663.42,100.5,3.7913
2664.43,101.5,3.8292
2665.44,100.5,3.8589
2666.44,101.5,3.8893
2667.44,107.7,3.921
2668.45,99.5,3.9488
2669.45,100.5,3.9756
2670.46,101.5,4.005
2671.46,100.5,4.0292
2672.47,99.5,4.0608
2673.47,101.5,4.0925
2674.48,99.6,4.1169
2675.48,102.5,4.142
2676.49,102.5,4.1702
2677.49,99.5,4.1957
2678.5,104.5,4.2186
2679.5,100.5,4.244
2680.51,100.5,4.2643
2681.51,100.5,4.2912
2682.52,101.5,4.3198
2683.52,99.5,4.3439
2684.53,100.5,4.3658
2685.53,101.5,4.3899
2686.54,106.5,4.4136
2687.54,102.5,4.4348
2688.55,99.5,4.4546
2689.56,101.5,4.4758
2690.56,99.5,4.4986
2691.57,100.5,4.5163
2692.57,100.5,4.5399
2693.58,101.5,4.5643
2694.58,101.5,4.5887
2695.59,99.5,4.6067
2696.59,100.5,4.626
2697.6,100.5,4.6503
2698.6,104.5,4.6692
2699.61,101.5,4.6877
2700.61,101.5,4.7047
2701.62,100.5,4.7219
2702.62,100.5,4.7417
2703.63,100.5,4.7579
2704.63,101.5,4.7717
2705.64,100.6,4.7904
2706.64,99.5,4.8108
2707.65,100.5,4.832
2708.65,100.5,4.8482
2709.66,101.5,4.8646
2710.66,101.5,4.8812
2711.67,101.5,4.9012
2712.67,100.5,4.9211
2713.68,102.6,4.9283
2714.68,102.5,4.9316
2715.69,100.5,4.9373
2716.69,101.5,4.9413
2717.7,100.5,4.9433
2718.7,100.5,4.948
2719.71,117.4,4.9647
2720.71,108.4,4.9712
2721.72,17.9,1.7567
2722.72,336.3,1.9946
2723.72,320.0,2.1006
2724.73,340.1,2.3516
2725.73,340.3,2.7463
2726.74,327.3,3.1964
2727.74,1.0,1.7361
2728.75,337.9,1.9662
2729.75,368.9,2.2166
2730.75,3.0,1.8756
2731.75,358.0,2.1024
2732.76,1.0,1.8086
2733.76,368.2,2.0547
2734.76,1.0,1.753
2735.77,287.4,1.9305
2736.77,354.9,2.1265
2737.78,336.3,2.373
2738.78,246.7,2.6642
2739.78,3.0,1.8065
2740.79,330.7,2.0499
2741.79,340.9,2.2535
2742.8,348.3,2.5178
2743.8,327.6,2.8136
2744.8,281.6,3.0458
2745.81,189.0,3.3308
2746.82,4.0,1.7107
2747.82,325.4,2.0197
2748.82,343.9,2.1703
2749.83,344.0,2.405
2750.83,351.2,2.6892
2751.83,323.1,2.9338
2752.84,220.9,3.2043
2753.84,301.6,3.6328
2754.85,207.9,1.649
2755.85,4256.4,2.002
2756.86,349.2,2.2476
2757.86,354.1,2.613
2758.86,332.2,2.9455
2759.87,260.7,3.1329
2760.87,149.2,3.3409
2761.88,149.2,3.5771
2762.88,3.0,1.7783
2763.89,349.6,2.0194
2764.89,353.0,2.1372
2765.89,336.9,2.3776
2766.9,348.2,2.6508
2767.9,328.8,2.9414
2768.91,219.9,3.1974
2769.91,152.3,3.4598
2770.92,2.0,1.8605
2771.92,330.3,2.0014
2772.92,5.0,1.78
2773.93,332.0,1.9518
2774.93,356.3,2.1438
2775.93,334.3,2.4072
2776.94,179.1,2.7764
2777.94,117.4,3.1573
2778.95,134.3,3.6749
2779.95,102.5,4.2644
2780.96,106.4,4.8208
2781.96,217.9,5.3492
2782.97,1.0,1.7615
2783.97,292.5,1.9416
2784.98,355.4,2.119
2785.98,0.0,1.7796
2786.98,318.2,1.9518
2787.99,353.5,2.213
2788.99,327.3,2.6649
2790.0,254.7,3.2395
2791.0,249.7,3.8419
2792.01,216.9,4.4497
2793.02,223.8,4.9916
2794.02,0.0,1.7528
2795.03,304.5,1.946
2796.03,335.4,2.1058
2797.04,1.0,1.6996
2798.04,289.5,1.9331
2799.05,355.3,2.0626
2800.05,343.2,2.2939
2801.05,208.5,2.6048
2802.06,170.3,2.9383
2803.06,156.2,3.3734
2804.07,3488.3,1.8022
2805.07,319.1,1.975
2806.07,352.3,2.1924
2807.08,261.8,2.4693
2808.08,193.3,2.945
2809.09,148.3,3.4504
2810.09,2.0,1.9026
2811.09,348.7,2.062
2812.1,5.0,1.7855
2813.1,326.2,1.958
2814.1,310.4,2.0988
2815.11,3.0,1.7698
2816.11,327.0,1.9532
2817.11,358.9,2.1273
2818.12,0.0,1.7785
2819.12,309.4,1.9576
2820.13,352.2,2.1151
2821.13,4.0,1.7741
2822.14,298.4,1.9552
2823.14,341.8,2.1068
2824.15,9.0,1.7754
2825.15,297.7,1.959
2826.16,342.5,2.1079
2827.16,4.0,1.772
2828.16,314.0,1.9727
2829.17,350.1,2.0964
2830.17,4.0,1.7745
2831.17,310.2,1.9705
2832.18,325.2,2.0954
2833.18,341.9,2.3056
2834.18,1.0,1.9662
2835.19,369.8,2.2085
2836.19,3.0,1.8346
2837.19,354.2,2.0049
2838.19,16.0,1.8588
2839.2,295.1,2.0017
2840.2,29.9,1.9442
2841.21,4.0,1.7779
2842.21,298.1,1.9746
2843.21,307.9,2.0929
2844.22,350.2,2.3338
2845.23,317.3,2.6614
2846.23,10.0,1.8592
2847.23,334.0,2.0262
2848.23,359.9,2.237
2849.24,331.3,2.5213
2850.25,2.0,1.8041
2851.25,310.3,2.0019
2852.25,346.9,2.1816
2853.26,9.0,1.815
2854.26,320.0,2.0015
2855.26,347.0,2.1597
2856.27,6.0,1.7907
2857.27,296.1,1.9693
2858.27,4.0,1.828
2859.28,316.6,2.0114
2860.28,356.8,2.1826
2861.29,308.5,2.427
2862.29,4.0,1.8943
2863.29,313.1,2.049
2864.3,355.5,2.2703
2865.3,2.0,1.8291
2866.3,307.4,1.9963
2867.31,362.8,1.7154
2868.31,4.0,1.9625
2869.32,335.8,2.1705
2870.32,1.0,1.8791
2871.32,334.3,2.1181
2872.33,6.0,1.9238
2873.33,300.5,1.7159
2874.34,1526.1,1.9679
2875.34,313.3,2.306
2876.35,344.7,2.4428
2877.35,345.9,2.8575
2878.35,322.3,3.2385
2879.36,312.4,3.574
2880.37,16.9,1.7242
2881.37,302.4,2.156
2882.37,341.0,2.4118
2883.38,348.2,2.8298
2884.38,320.6,3.2184
2885.39,318.3,3.5435
2886.39,287.6,1.717
2887.4,0.0,2.1084
2888.4,328.1,2.3983
2889.41,346.6,2.8291
2890.41,322.4,3.2138
2891.42,313.4,3.5368
2892.42,290.5,1.7172
2893.42,2.0,2.0568
2894.43,331.0,2.3499
2895.43,349.0,2.6288
2896.43,328.0,2.8825
2897.44,313.4,3.1608
2898.44,307.3,3.3991
2899.45,309.4,3.6723
2900.45,2.0,1.8499
2901.46,331.3,2.1805
2902.46,325.2,2.3623
2903.46,333.3,2.6133
2904.47,338.7,2.863
2905.47,313.4,3.2001
2906.48,315.2,3.5201
2907.48,317.0,3.853
2908.48,279.6,4.3442
2909.49,142.3,4.9197
2910.49,126.3,5.505
2911.5,121.4,6.1153
2912.5,135.6,6.7359
2913.51,133.3,6.9277
2914.51,102.5,6.9277
2915.52,100.5,7.0277
2916.52,126.3,7.0277
2917.53,2.0,1.8495
2918.53,340.2,2.174
2919.53,314.2,2.3705
2920.54,348.0,2.714
2921.54,336.5,3.0978
2922.54,311.0,3.3945
2923.55,308.5,3.628
2924.55,291.5,1.718
2925.56,0.0,1.9578
2926.57,316.9,2.3065
2927.57,356.9,2.4278
2928.57,349.3,2.8486
2929.58,327.3,3.2435
2930.58,319.5,3.5812
2931.59,10.0,1.8352
2932.59,331.0,2.0424
2933.59,5.0,1.8563
2934.6,348.9,2.0868
2935.6,327.3,2.3313
2936.61,265.6,2.553
2937.61,203.9,2.6895
2938.62,110.4,2.7342
2939.62,109.4,2.8014
2940.63,5.0,1.8515
2941.63,313.8,2.0342
2942.63,366.3,2.1914
2943.64,253.2,2.4246
2944.64,174.1,1.7469
2945.65,0.0,2.0791
2946.65,3.0,1.8761
2947.66,335.7,2.0842
2948.66,359.1,2.2425
2949.66,315.9,2.4041
2950.67,257.7,2.7684
2951.67,3.0,1.8389
2952.68,317.5,2.1119
2953.68,359.9,2.362
2954.69,332.3,2.6911
2955.69,3.0,1.9021
2956.69,326.0,2.0983
2957.7,346.0,2.3719
2958.7,1.0,1.9081
2959.7,11.0,1.8339
2960.71,281.5,2.0001
2961.71,1.0,1.8498
2962.72,302.2,2.0237
2963.72,2.0,1.9202
2964.72,324.0,2.0719
2965.72,1.0,1.9631
2966.73,337.0,2.1252
2967.73,353.2,2.3486
2968.74,2.0,1.91
2969.74,349.9,2.1191
2970.74,353.2,2.3326
2971.75,324.0,2.5133
2972.75,3450.0,1.9128
2973.75,322.1,2.0634
2974.76,348.1,2.2871
2975.76,3.0,1.9198
2976.76,344.2,2.0812
2977.76,355.1,2.3061
2978.77,7102.3,1.9522
2979.77,319.8,2.2849
2980.77,358.3,2.4215
2981.78,340.3,2.7673
2982.78,314.4,3.091
2983.79,309.4,3.4084
2984.79,303.4,3.6783
2985.8,303.4,4.0648
2986.8,304.4,4.2882
2987.81,311.4,4.5334
2988.81,301.6,4.7185
2989.82,259.2,4.918
2990.82,163.3,5.0771
2991.83,279.5,5.291
2992.83,223.8,5.5414
2993.84,118.4,5.6849
2994.84,168.1,5.8625
2995.85,143.2,6.0564
2996.85,104.5,6.2309
2997.86,115.5,6.3607
2998.86,299.1,6.6581
2999.86,290.5,6.9848
3000.87,145.3,6.9848
3001.87,120.4,7.0848
3002.88,100.7,7.0848
3003.88,137.3,7.0849
3004.89,98.7,7.0849
3005.89,101.5,7.0849
3006.9,102.5,7.0849
3007.9,99.5,7.0831
3008.91,102.5,7.0832
3009.91,134.3,7.299
3010.92,101.5,7.299
3011.92,100.5,7.299
3012.93,100.5,7.299
3013.93,111.4,7.2991
3014.94,99.5,7.2991
3015.94,107.6,7.2991
3016.95,99.6,7.2991
3017.95,100.6,7.2991
3018.95,129.3,7.2998
3019.96,100.6,7.2998
3020.96,110.4,7.2998
3021.97,100.5,7.2998
3022.97,99.5,7.2998
3023.98,101.5,7.2998
3024.98,100.5,7.2998
3025.99,100.5,7.2998
3026.99,129.3,7.2998
3028.0,100.5,7.2998
3029.0,99.5,7.2998
3030.01,103.5,7.2998
3031.01,100.4,7.2998
3032.02,101.5,7.2998
3033.03,100.5,7.2998
3034.03,100.5,7.2994
3035.04,128.3,7.2975
3036.04,100.5,7.2975
3037.05,101.5,7.2975
3038.05,100.5,7.2975
3039.06,100.5,7.2975
3040.06,102.5,7.2975
3041.07,100.5,7.2975
3042.07,99.6,7.2975
3043.07,101.7,7.2975
3044.08,109.6,7.3393
3045.08,124.4,7.4642
3046.09,100.5,7.4642
3047.09,100.5,7.4642
3048.1,100.5,7.4642
3049.1,101.6,7.4642
3050.11,99.5,7.4642
3051.11,102.5,7.4642
3052.12,100.5,7.4642
3053.12,100.5,7.4642
3054.13,101.5,7.9505
3055.13,99.5,8.3016
3056.14,168.1,8.5891
3057.14,100.5,8.5891
3058.15,99.5,8.5891
3059.15,103.5,8.5891
3060.16,99.7,8.5891
3061.16,101.5,8.5891
3062.17,102.5,8.5891
3063.17,99.5,8.5891
3064.18,101.5,8.5891
3065.18,99.5,8.5891
3066.19,101.5,8.5895
3067.19,101.5,8.5895
3068.2,100.5,8.5895
3069.2,100.5,8.5895
3070.21,101.5,8.5895
3071.21,101.5,8.5895
3072.22,100.5,8.5895
3073.22,99.4,8.5895
3074.23,102.5,8.5895
3075.23,101.5,8.5895
3076.24,99.5,8.5895
3077.24,104.5,8.5897
3078.25,101.5,8.5897
3079.26,102.3,8.5897
3080.26,100.5,8.5897
3081.27,101.5,8.5897
3082.27,101.5,8.5897
3083.28,99.5,8.5897
3084.28,101.5,8.5897
3085.29,99.5,8.5897
3086.29,101.5,8.5897
3087.3,101.5,8.5901
3088.3,100.5,8.5901
3089.31,100.5,8.5901
3090.31,99.5,8.5901
3091.32,101.5,8.5901
3092.32,101.5,8.5901
3093.33,100.5,8.5901
3094.33,101.5,8.5901
3095.34,99.5,8.5901
3096.34,101.5,8.5901
3097.35,100.5,8.5902
3098.35,101.5,8.5902
3099.36,100.5,8.5902
3100.36,99.5,8.5902
3101.37,102.5,8.5902
3102.38,100.5,8.5902
3103.38,101.5,8.5902
3104.39,100.5,8.5902
3105.39,100.5,8.5902
3106.4,100.5,8.5902
3107.4,101.5,8.5902
3108.41,99.5,8.5902
3109.41,100.5,8.5902
3110.42,100.5,8.5902
3111.42,102.5,8.5902
3112.43,100.5,8.5902
3113.43,100.5,8.5902
3114.44,101.5,8.5902
3115.44,100.5,8.5902
3116.45,101.5,8.5902
3117.45,100.5,8.5905
3118.46,101.5,8.5905
3119.46,101.6,8.5905
3120.47,100.5,8.5905
3121.47,101.5,8.5905
3122.48,100.6,8.5905
3123.48,100.5,8.5905
3124.49,99.5,8.5905
3125.49,100.5,8.5905
3126.5,100.6,8.5905
3127.5,101.5,8.5907
3128.51,101.5,8.5907
3129.51,100.5,8.5907
3130.52,101.5,8.5907
3131.52,101.5,8.5907
3132.53,101.5,8.5907
3133.53,100.5,8.5907
3134.54,99.5,8.5907
3135.54,102.8,8.5907
3136.55,101.5,8.5907
3137.55,99.5,8.5907
3138.56,100.5,8.5907
3139.56,101.5,8.5907
3140.57,99.5,8.5907
3141.57,101.5,8.5907
3142.58,100.5,8.5907
3143.58,101.5,8.5907
3144.59,99.5,8.5907
3145.59,101.5,8.5907
3146.6,101.5,8.591
3147.6,100.5,8.591
3148.61,100.5,8.591
3149.61,99.5,8.591
3150.62,101.6,8.591
3151.62,99.5,8.591
3152.63,100.5,8.591
3153.63,99.5,8.591
3154.64,103.5,8.591
3155.64,99.3,8.591
3156.65,100.5,8.591
3157.65,100.5,8.5911
3158.66,101.5,8.5911
3159.66,99.5,8.5911
3160.67,101.4,8.5911
3161.68,100.5,8.5911
3162.68,102.5,8.5911
3163.69,101.5,8.5911
3164.69,99.5,8.5911
3165.7,101.5,8.5911
3166.7,101.5,8.5911
3167.71,100.5,8.5912
3168.71,100.5,8.5912
3169.72,99.5,8.5912
3170.72,102.4,8.5912
3171.73,100.5,8.5912
3172.73,99.5,8.5912
3173.74,100.5,8.5912
3174.74,102.5,8.5912
3175.75,100.4,8.5912
3176.76,101.5,8.5912
3177.76,101.5,8.5913
3178.77,100.5,8.5913
3179.77,100.5,8.5913
3180.78,99.5,8.5913
3181.78,100.5,8.5913
3182.79,100.5,8.5913
3183.79,101.5,8.5913
3184.8,99.5,8.5913
3185.8,102.2,8.5913
3186.81,100.5,8.5913
3187.81,101.5,8.5915
3188.82,101.5,8.5916
3189.83,101.5,8.5916
3190.83,99.4,8.5916
3191.84,101.5,8.5916
3192.84,100.5,8.5916
3193.85,101.5,8.5916
3194.85,101.5,8.5916
3195.86,100.5,8.5916
3196.86,100.5,8.5916
3197.87,101.5,8.5919
3198.87,101.5,8.5919
3199.88,100.5,8.5919
3200.88,101.4,8.5919
3201.89,99.5,8.5919
3202.89,102.5,8.5919
3203.9,101.5,8.5919
3204.9,99.5,8.5919
3205.91,101.5,8.5919
3206.91,101.5,8.5919
3207.92,99.5,8.592
3208.93,101.5,8.592
3209.93,100.5,8.592
3210.94,100.5,8.592
3211.94,100.6,8.592
3212.95,99.5,8.592
3213.95,102.5,8.592
3214.96,100.5,8.592
3215.96,100.5,8.592
3216.97,101.5,8.592
3217.97,101.5,8.5922
3218.98,100.5,8.5922
3219.98,100.5,8.5922
3220.99,100.5,8.5922
3221.99,100.5,8.5922
3223.0,100.5,8.5922
3224.0,101.5,8.5922
3225.01,100.5,8.5922
3226.01,99.5,8.5922
3227.02,101.5,8.5922
3228.02,101.3,8.5922
3229.03,101.5,8.5922
3230.03,101.5,8.5922
3231.04,100.5,8.5922
3232.04,102.5,8.5922
3233.05,100.5,8.5922
3234.05,100.5,8.5922
3235.06,101.5,8.5922
3236.07,99.5,8.5922
3237.07,100.5,8.5922
3238.08,100.5,8.63
3239.08,100.5,8.63
3240.09,100.5,8.63
3241.09,100.5,8.63
3242.1,100.5,8.6302
3243.1,100.5,8.6302
3244.11,102.5,8.6302
3245.11,101.5,8.6302
3246.12,100.5,8.6302
3247.12,100.5,8.6302
3248.13,101.5,8.6302
3249.13,100.5,8.6303
3250.14,99.5,8.6303
3251.14,101.5,8.6303
3252.15,101.5,8.6303
3253.15,100.5,8.6303
3254.16,99.5,8.6303
3255.16,102.5,8.6303
3256.17,101.4,8.6303
3257.17,99.5,8.6303
3258.18,100.5,8.6303
3259.18,102.5,8.6673
3260.19,100.5,8.6673
3261.2,100.4,8.6673
3262.2,101.5,8.6673
3263.21,100.5,8.6673
3264.21,99.5,8.6673
3265.22,125.4,8.6674
3266.22,120.4,8.6674
3267.23,110.4,8.6674
3268.23,102.5,8.6674
3269.24,103.5,8.6674
3270.24,100.5,8.6674
3271.25,101.4,8.6674
3272.25,99.5,8.6674
3273.26,101.5,8.6674
3274.26,100.5,8.6674
3275.27,101.5,8.6674
3276.27,100.5,8.6674
3277.28,100.6,8.6674
3278.28,103.6,1.8563
3279.29,320.3,2.1243
3280.29,330.7,2.3199
3281.3,360.8,2.5118
3282.3,332.3,2.7785
3283.31,311.5,3.0116
3284.31,309.4,3.2589
3285.32,318.4,3.5415
3286.32,304.5,3.8994
3287.33,304.4,4.1808
3288.33,297.6,4.4243
3289.34,288.5,4.6202
3290.34,223.8,4.8236
3291.35,157.2,4.9976
3292.35,200.4,5.2103
3293.36,158.2,5.4571
3294.36,161.3,5.6404
3295.37,145.3,5.8019
3296.37,123.4,5.9918
3297.38,105.4,6.1673
3298.38,106.5,6.2804
3299.38,308.0,6.6823
3300.39,274.6,6.9844
3301.39,244.7,6.9844
3302.4,293.4,7.0303
3303.41,278.5,7.0366
3304.41,152.2,7.1366
3305.42,102.5,7.1366
3306.42,100.5,7.1366
3307.43,102.5,7.1366
3308.43,103.5,7.1367
3309.44,135.3,7.3087
3310.44,100.5,7.3482
3311.45,100.5,7.3483
3312.45,108.4,7.3483
3313.46,101.5,7.3483
3314.46,100.5,7.3483
3315.47,100.5,7.3483
3316.47,102.5,7.3483
3317.48,101.5,7.3483
3318.48,127.3,7.3488
3319.49,101.5,7.3488
3320.49,103.5,7.3488
3321.5,111.4,7.3488
3322.5,101.5,7.3488
3323.51,100.4,7.3488
3324.52,100.4,7.3488
3325.52,99.5,7.3488
3326.53,129.4,7.3488
3327.53,104.5,7.3488
3328.54,99.5,7.3488
3329.54,101.5,7.3488
3330.55,101.5,7.3488
3331.55,100.5,7.3488
3332.56,100.5,7.3488
3333.56,100.6,7.3488
3334.57,101.5,7.3488
3335.57,126.3,7.3493
3336.58,100.5,7.3493
3337.58,100.7,7.3493
3338.59,99.5,7.3493
3339.59,100.5,7.3493
3340.6,101.5,7.3493
3341.6,100.5,7.3493
3342.61,100.5,7.3493
3343.61,132.3,7.5117
3344.62,110.4,7.5117
3345.62,100.5,7.5117
3346.63,100.5,7.5117
3347.63,101.5,7.5117
3348.64,100.5,7.5117
3349.64,100.5,7.5117
3350.65,100.5,7.5117
3351.65,102.5,7.7523
3352.66,99.5,8.1677
3353.66,165.5,8.648
3354.67,100.5,8.6481
3355.67,100.5,8.6481
3356.68,100.5,8.6481
3357.68,99.5,8.6481
3358.69,101.5,8.6481
3359.69,100.5,8.6481
3360.7,102.5,8.6481
3361.7,99.5,8.6481
3362.71,103.5,8.6481
3363.71,100.5,8.6484
3364.72,101.5,8.6484
3365.73,100.5,8.6484
3366.73,101.5,8.6484
3367.74,101.5,8.6485
3368.74,101.5,8.6485
3369.75,101.5,8.6485
3370.75,99.5,8.6485
3371.76,101.5,8.6485
3372.76,100.5,8.6485
3373.77,100.5,8.6488
3374.77,100.5,8.6488
3375.78,100.5,8.6488
3376.78,100.5,8.6488
3377.79,102.5,8.6488
3378.79,99.5,8.6488
3379.8,100.5,8.6488
3380.8,100.5,8.6488
3381.81,100.5,8.6488
3382.81,101.5,8.6488
3383.82,99.5,8.6489
3384.82,101.5,8.6489
3385.83,100.6,8.6489
3386.83,102.5,8.6489
3387.84,99.5,8.6489
3388.84,101.5,8.6489
3389.85,100.5,8.6489
3390.85,100.5,8.6489
3391.86,99.5,8.6489
3392.87,102.5,8.6489
3393.87,101.5,8.6492
3394.88,100.5,8.6492
3395.88,100.5,8.6492
3396.89,100.5,8.6492
3397.89,99.5,8.6492
3398.9,103.5,8.6492
3399.9,100.6,8.6492
3400.91,100.5,8.6492
3401.91,100.4,8.6492
3402.92,100.5,8.6492
3403.92,100.5,8.6492
3404.93,100.7,8.6492
3405.93,100.5,8.6492
3406.94,100.5,8.6492
3407.94,100.5,8.6492
3408.95,100.6,8.6492
3409.95,106.4,8.6492
3410.96,100.5,8.6492
3411.96,101.5,8.6494
3412.97,100.5,8.6494
3413.97,100.5,8.6496
3414.98,100.5,8.6496
3415.98,102.5,8.6496
3416.99,100.5,8.6496
3417.99,101.5,8.6496
3419.0,99.5,8.6496
3420.0,101.5,8.6496
3421.01,100.5,8.6496
3422.01,101.5,8.6496
3423.02,101.6,8.6496
3424.02,101.5,8.6498
3425.03,100.5,8.6498
3426.03,100.6,8.6498
3427.04,101.5,8.6498
3428.04,100.5,8.6498
3429.05,99.5,8.6498
3430.05,101.5,8.6498
3431.06,101.5,8.6498
3432.06,100.5,8.6498
3433.07,99.5,8.65
3434.07,101.5,8.65
3435.08,101.5,8.65
3436.08,99.5,8.65
3437.09,100.5,8.65
3438.09,102.5,8.65
3439.1,101.5,8.65
3440.1,99.5,8.65
3441.11,100.5,8.65
3442.12,100.5,8.65
3443.12,103.5,8.65
3444.13,102.5,8.65
3445.13,100.5,8.65
3446.14,100.5,8.65
3447.14,99.5,8.65
3448.15,100.5,8.65
3449.15,113.4,8.65
3450.16,127.3,8.65
3451.16,106.5,8.65
3452.17,101.5,8.65
3453.17,100.5,8.65
3454.18,101.5,8.65
3455.18,100.5,8.65
3456.19,101.5,8.65
3457.19,99.5,8.65
3458.2,100.5,8.65
3459.2,100.5,8.65
3460.21,100.5,8.65
3461.21,101.5,8.6501
3462.22,102.5,8.6503
3463.22,114.4,8.6503
3464.23,100.6,8.6503
3465.23,101.5,8.6503
3466.24,99.5,8.6503
3467.24,102.5,8.6503
3468.25,100.5,8.6503
3469.25,100.5,8.6503
3470.26,101.5,8.6503
3471.27,100.5,8.6503
3472.27,101.5,8.6503
3473.28,100.5,8.6503
3474.28,101.5,8.6503
3475.29,100.5,8.6503
3476.29,100.5,8.6503
3477.3,100.5,8.6503
3478.3,99.5,8.6503
3479.31,101.5,8.6503
3480.31,101.5,8.6503
3481.32,100.5,8.6503
3482.32,100.6,8.6503
3483.33,102.5,8.6503
3484.33,100.5,8.6503
3485.34,99.5,8.6503
3486.34,99.5,8.6503
3487.35,103.5,8.6503
3488.35,100.5,8.6503
3489.36,99.5,8.6503
3490.36,101.5,8.6503
3491.37,99.5,8.6503
3492.37,101.5,8.6503
3493.38,101.5,8.6503
3494.38,99.5,8.6503
3495.39,101.5,8.6503
3496.39,99.5,8.6503
3497.4,101.5,8.6503
3498.4,100.5,8.6503
3499.41,101.5,8.6503
3500.41,101.5,8.6503
3501.42,100.5,8.6503
3502.42,100.5,8.6503
3503.43,101.5,8.6503
3504.43,100.5,8.6503
3505.44,99.5,8.6503
3506.44,102.5,8.6503
3507.45,100.5,8.6506
3508.46,100.5,8.6506
3509.46,100.5,8.6506
3510.47,102.5,8.6506
3511.47,99.5,8.6506
3512.48,100.5,8.6506
3513.48,100.5,8.6506
3514.49,100.6,8.6506
3515.49,100.5,8.6506
3516.5,100.5,8.6506
3517.5,101.5,8.6506
3518.51,99.6,8.6506
3519.51,101.5,8.6506
3520.52,99.5,8.6506
3521.52,101.5,8.6506
3522.53,101.5,8.6506
3523.53,100.5,8.6506
3524.54,101.5,8.6506
3525.54,100.5,8.6506
3526.55,100.5,8.6506
3527.55,101.5,8.6506
3528.56,100.5,8.6506
3529.56,101.5,8.6506
3530.57,99.5,8.6506
3531.57,100.5,8.6506
3532.58,102.5,8.6506
3533.58,99.5,8.6506
3534.59,100.5,8.6506
3535.6,102.2,8.6506
3536.6,99.5,8.6506
3537.61,101.6,8.6506
3538.61,99.5,8.6506
3539.62,101.5,8.6506
3540.62,101.5,8.6506
3541.63,101.3,8.6506
3542.63,100.7,8.6506
3543.63,100.8,8.6506
3544.64,99.6,8.6506
3545.64,100.5,8.6506
3546.65,100.4,8.6506
3547.66,101.4,8.6506
3548.66,100.7,8.6506
3549.66,100.5,8.6506
3550.67,99.5,8.6506
3551.67,100.5,8.6506
3552.68,99.5,8.6508
3553.68,102.5,8.6508
3554.69,101.5,8.6508
3555.69,99.5,8.6508
3556.7,101.5,8.6508
3557.71,100.5,8.6508
3558.71,100.5,8.6508
3559.72,99.4,8.6508
3560.72,101.6,8.6508
3561.72,101.6,8.6487
3562.73,99.5,8.6487
3563.73,101.5,8.6487
3564.74,100.5,8.6487
3565.74,100.5,8.6487
3566.75,101.5,8.6487
3567.76,101.5,8.6487
3568.76,99.7,8.6487
3569.76,100.5,8.6487
3570.77,99.5,8.6487
3571.77,101.7,8.6487
3572.78,100.5,8.6487
3573.78,102.7,8.649
3574.78,99.5,8.6481
3575.79,99.5,8.6448
3576.79,101.5,8.6448
3577.8,100.5,8.6448
3578.8,1.0,1.951
3579.81,346.0,2.3075
3580.81,370.1,2.5218
3581.82,329.2,2.7636
3582.82,316.3,2.9607
3583.83,309.3,3.1647
3584.83,310.2,3.3656
3585.83,301.7,3.7335
3586.84,311.4,4.0137
3587.84,307.6,4.2404
3588.85,307.5,4.4591
3589.85,306.1,4.6526
3590.85,191.5,4.8325
3591.86,171.6,5.0064
3592.86,147.3,5.2568
3593.86,189.5,5.4457
3594.87,140.3,5.6264
3595.87,139.3,5.7697
3596.88,132.3,5.9679
3597.89,115.4,6.1292
3598.89,219.3,6.3434
3599.89,267.6,6.7113
3600.9,184.0,6.9617
3601.9,156.2,6.9902
3602.91,99.5,7.0617
3603.91,103.5,7.0617
3604.92,124.4,7.0617
3605.93,100.5,7.0617
3606.93,102.3,7.0617
3607.94,101.5,7.0617
3608.94,100.5,7.0618
3609.95,100.5,7.0618
3610.95,137.3,7.2247
3611.96,99.5,7.2737
3612.96,102.5,7.2738
3613.97,101.6,7.2738
3614.97,99.5,7.2738
3615.98,99.5,7.2738
3616.98,105.5,7.2738
3617.99,99.5,7.2738
3618.99,100.5,7.2738
3620.0,129.7,7.2744
3621.0,101.5,7.2744
3622.01,99.5,7.2744
3623.01,101.5,7.2744
3624.02,101.5,7.2744
3625.02,100.5,7.2744
3626.03,100.5,7.2744
3627.03,101.5,7.2744
3628.04,101.5,7.2744
3629.04,126.4,7.2744
3630.05,100.5,7.2744
3631.05,102.5,7.2744
3632.06,100.5,7.2744
3633.06,101.6,7.2744
3634.07,118.4,7.2744
3635.07,101.3,7.2746
3636.08,100.5,7.2746
3637.08,101.6,7.2746
3638.09,126.4,7.2748
3639.09,100.5,7.2748
3640.1,99.6,7.2748
3641.1,102.5,7.2748
3642.11,101.5,7.2748
3643.11,99.5,7.2748
3644.12,100.6,7.2748
3645.12,102.5,7.2748
3646.13,99.2,7.2748
3647.14,133.3,7.437
3648.14,100.5,7.437
3649.15,101.5,7.437
3650.15,99.5,7.437
3651.16,101.5,7.437
3652.16,100.5,7.437
3653.17,101.6,7.437
3654.17,100.5,7.437
3655.18,101.5,7.437
3656.18,99.6,7.6881
3657.18,101.6,8.0938
3658.19,165.1,8.576
3659.19,99.6,8.576
3660.2,100.5,8.576
3661.2,100.5,8.576
3662.21,100.5,8.576
3663.21,100.5,8.576
3664.22,100.5,8.576
3665.22,99.5,8.576
3666.23,102.5,8.576
3667.24,101.5,8.576
3668.24,100.5,8.576
3669.25,101.5,8.5764
3670.25,100.5,8.5764
3671.26,99.5,8.5764
3672.26,100.5,8.5764
3673.27,100.5,8.5764
3674.27,101.5,8.5764
3675.28,101.5,8.5764
3676.28,102.5,8.5764
3677.29,100.5,8.5764
3678.29,100.5,8.5764
3679.3,100.6,8.5767
3680.3,100.5,8.5767
3681.31,100.5,8.5767
3682.31,100.5,8.5767
3683.32,101.5,8.5767
3684.32,100.5,8.5767
3685.33,99.5,8.5767
3686.33,100.5,8.5767
3687.34,101.5,8.5767
3688.34,100.5,8.5767
3689.35,100.5,8.5767
3690.35,100.5,8.5767
3691.36,102.5,8.5767
3692.36,99.5,8.577
3693.37,101.5,8.577
3694.37,101.5,8.577
3695.38,98.5,8.577
3696.38,101.5,8.577
3697.39,100.5,8.577
3698.4,100.5,8.577
3699.4,101.5,8.577
3700.41,101.5,8.577
3701.41,100.5,8.577
3702.42,99.5,8.577
3703.42,102.5,8.577
3704.43,99.6,8.577
3705.43,101.5,8.577
3706.44,99.5,8.577
3707.44,102.5,8.577
3708.45,100.5,8.577
3709.45,101.5,8.577
3710.46,102.5,8.577
3711.46,104.5,8.5771
3712.47,100.5,8.5771
3713.47,100.5,8.5771
3714.48,100.5,8.5771
3715.48,100.5,8.5771
3716.49,99.5,8.5771
3717.49,130.4,8.5772
3718.5,100.5,8.5772
3719.5,100.5,8.5772
3720.51,101.5,8.5772
3721.51,101.5,8.5775
3722.52,101.6,8.5775
3723.52,100.5,8.5775
3724.53,100.5,8.5775
3725.53,99.5,8.5775
3726.54,101.5,8.5775
3727.54,100.5,8.5775
3728.55,100.5,8.5775
3729.55,100.5,8.5775
3730.56,101.5,8.5775
3731.56,100.5,8.5776
3732.57,102.5,8.5776
3733.57,100.5,8.5776
3734.58,100.5,8.5776
3735.58,101.5,8.5776
3736.59,99.5,8.5776
3737.59,100.5,8.5779
3738.6,102.5,8.5779
3739.61,100.5,8.5779
3740.61,100.5,8.5779
3741.62,99.5,8.5779
3742.62,101.5,8.5779
3743.63,100.6,8.5779
3744.63,101.5,8.5779
3745.64,100.5,8.5779
3746.64,99.5,8.5779
3747.65,101.5,8.5779
3748.65,100.5,8.5779
3749.66,100.5,8.5779
3750.66,101.5,8.5779
3751.67,101.5,8.5779
3752.67,100.5,8.5781
3753.68,100.5,8.5781
3754.68,99.5,8.5781
3755.69,100.5,8.5781
3756.69,101.5,8.5781
3757.7,101.5,8.5781
3758.7,102.5,8.5781
3759.71,101.5,8.5781
3760.71,99.5,8.5781
3761.72,100.5,8.5781
3762.73,101.5,8.5781
3763.73,100.6,8.5781
3764.73,100.5,8.5781
3765.74,99.5,8.5781
3766.75,102.5,8.5781
3767.75,100.5,8.5781
3768.76,99.5,8.5781
3769.76,100.5,8.5781
3770.77,101.5,8.5781
3771.77,100.5,8.5781
3772.78,103.4,8.5781
3773.78,101.7,8.5781
3774.79,100.5,8.5781
3775.79,100.5,8.5781
3776.8,99.5,8.5781
3777.8,100.5,8.5781
3778.81,102.6,8.5781
3779.81,99.5,8.5781
3780.82,101.5,8.5781
3781.82,99.5,8.5781
3782.83,105.5,8.5784
3783.83,100.5,8.5785
3784.84,99.5,8.5785
3785.84,102.5,8.5785
3786.85,100.5,8.5785
3787.85,99.5,8.5785
3788.86,103.5,8.5785
3789.86,100.5,8.5785
3790.87,100.5,8.5785
3791.87,101.5,8.5785
3792.88,100.5,8.5785
3793.88,100.5,8.5785
3794.89,100.5,8.5786
3795.89,99.6,8.5786
3796.9,101.5,8.5786
3797.9,100.5,8.5786
3798.91,100.5,8.5786
3799.91,100.5,8.5786
3800.92,100.5,8.5786
3801.93,102.5,8.5786
3802.93,101.5,8.5786
3803.94,99.5,8.5786
3804.94,103.5,8.5788
3805.95,100.5,8.5788
3806.95,100.5,8.5788
3807.96,101.5,8.5788
3808.96,100.5,8.5788
3809.97,100.5,8.5788
3810.97,100.5,8.5788
3811.98,100.5,8.5788
3812.98,101.5,8.5788
3813.99,100.5,8.5788
3814.99,99.5,8.5788
3816.0,101.5,8.579
3817.0,102.5,8.579
3818.01,99.5,8.579
3819.01,101.5,8.579
3820.02,101.5,8.579
3821.02,100.5,8.579
3822.03,100.5,8.5792
3823.03,99.5,8.5792
3824.04,100.5,8.5792
3825.05,100.5,8.5792
3826.05,101.5,8.5792
3827.06,99.5,8.5792
3828.06,101.5,8.5792
3829.07,100.5,8.5792
3830.07,101.5,8.5792
3831.08,99.5,8.5792
3832.08,103.5,8.5792
3833.09,99.5,8.5792
3834.09,99.5,8.5792
3835.1,101.5,8.5792
3836.1,101.5,8.5792
3837.11,101.5,8.5792
3838.11,100.5,8.5792
3839.12,100.5,8.5792
3840.12,99.5,8.5792
3841.13,101.5,8.5792
3842.13,100.5,8.5792
3843.14,101.5,8.5792
3844.15,100.5,8.5792
3845.15,101.5,8.5792
3846.16,102.5,8.5792
3847.16,99.6,8.5824
3848.17,101.5,8.6164
3849.17,101.5,8.6164
3850.18,99.5,8.6164
3851.18,100.5,8.6164
3852.19,101.5,8.6164
3853.19,99.5,8.6164
3854.2,101.5,8.6164
3855.2,100.5,8.6164
3856.21,100.5,8.6166
3857.21,101.5,8.6166
3858.22,102.4,8.6167
3859.22,99.5,8.6167
3860.23,100.4,8.6167
3861.23,101.5,8.6167
3862.24,99.5,8.6167
3863.25,101.5,8.6167
3864.25,99.5,8.6167
3865.26,101.5,8.6167
3866.26,99.5,8.6167
3867.27,102.5,8.6167
3868.27,99.5,8.6167
3869.28,100.5,8.6524
3870.28,101.5,8.6524
3871.29,102.5,8.6524
3872.29,101.5,8.6526
3873.3,100.5,8.6526
3874.3,100.5,8.6526
3875.31,100.5,8.6526
3876.31,100.5,8.6526
3877.32,100.5,8.6526
3878.32,104.4,1.853
3879.33,320.1,2.0554
3880.33,1.0,1.8719
3881.33,313.4,2.0303
3882.33,3.0,1.8695
3883.34,371.9,2.0821
3884.34,2.0,1.925
3885.34,344.0,2.2893
3886.35,370.9,2.5239
3887.35,323.3,2.6891
3888.36,312.4,2.8837
3889.36,309.6,3.1152
3890.37,310.4,3.3471
3891.37,308.4,3.5704
3892.38,307.6,3.9199
3893.38,309.4,4.1605
3894.39,308.5,4.391
3895.39,262.6,4.5914
3896.4,179.1,4.7339
3897.4,219.9,4.8839
3898.41,267.0,5.1319
3899.41,203.0,5.2587
3900.42,193.0,5.4446
3901.42,214.4,5.6057
3902.42,142.3,5.8497
3903.43,104.5,6.0186
3904.43,233.4,6.2922
3905.44,193.0,6.7052
3906.44,239.8,6.9732
3907.45,301.6,7.0331
3908.45,220.8,7.0569
3909.46,102.5,7.014
3910.46,108.4,7.014
3911.47,101.5,7.114
3912.47,101.5,7.114
3913.48,102.5,7.114
3914.48,115.4,7.1142
3915.49,133.3,7.3214
3916.49,102.5,7.3214
3917.5,102.5,7.3217
3918.5,100.5,7.3217
3919.51,99.5,7.3217
3920.51,101.5,7.3217
3921.52,100.5,7.3217
3922.52,104.4,7.3217
3923.53,130.3,7.3219
3924.53,101.5,7.3219
3925.54,99.5,7.3219
3926.54,101.4,7.3219
3927.55,110.4,7.3219
3928.55,100.5,7.3219
3929.56,99.5,7.3219
3930.56,102.5,7.3219
3931.57,102.5,7.3219
3932.58,125.3,7.3223
3933.58,100.5,7.3223
3934.59,100.5,7.3223
3935.59,101.5,7.3223
3936.6,100.5,7.3223
3937.6,100.5,7.3223
3938.61,102.5,7.3223
3939.61,99.5,7.3223
3940.62,127.3,7.3223
3941.62,99.5,7.3223
3942.63,102.5,7.3223
3943.63,99.5,7.3223
3944.64,99.5,7.3223
3945.64,103.5,7.3223
3946.65,99.5,7.3223
3947.65,101.5,7.3223
3948.66,120.6,7.4349
3949.66,111.5,7.4798
3950.67,100.5,7.4798
3951.67,99.5,7.4798
3952.68,102.5,7.4798
3953.68,100.5,7.4798
3954.69,101.5,7.4798
3955.69,99.5,7.4798
3956.7,100.5,7.4798
3957.7,100.5,7.6964
3958.71,101.7,8.1408
3959.71,147.6,8.5935
3960.71,116.5,8.632
3961.72,101.5,8.632
3962.72,100.5,8.6322
3963.73,99.5,8.6322
3964.73,101.6,8.6322
3965.74,101.5,8.6322
3966.74,99.5,8.6322
3967.75,101.5,8.6322
3968.75,99.5,8.6322
3969.76,102.5,8.6322
3970.76,100.5,8.6326
3971.77,100.6,8.6326
3972.77,100.5,8.6326
3973.78,100.5,8.6326
3974.79,102.5,8.6326
3975.79,99.5,8.6326
3976.8,102.5,8.6326
3977.8,99.5,8.6326
3978.81,100.5,8.6326
3979.81,101.5,8.6326
3980.82,99.5,8.6328
3981.82,103.5,8.6328
3982.83,100.5,8.6328
3983.83,100.5,8.6328
3984.84,100.5,8.6328
3985.84,101.5,8.6328
3986.85,100.5,8.6328
3987.85,100.5,8.6328
3988.86,101.5,8.6328
3989.86,99.5,8.6328
3990.87,101.5,8.6329
3991.87,100.5,8.6329
3992.88,100.5,8.6329
3993.88,100.5,8.6329
3994.89,102.5,8.6329
3995.9,99.5,8.6329
3996.9,100.5,8.6329
3997.91,100.5,8.6329
3998.91,100.5,8.6329
3999.92,101.5,8.6329
4000.92,101.5,8.6329
4001.93,100.5,8.633
4002.93,100.5,8.633
4003.94,100.5,8.633
4004.94,100.5,8.633
4005.95,100.5,8.633
4006.95,101.6,8.6332
4007.96,100.5,8.6332
4008.96,103.5,8.6332
4009.97,98.5,8.6332
4010.97,100.5,8.6332
4011.98,101.5,8.6335
4012.98,101.5,8.6335
4013.99,100.5,8.6335
4014.99,100.5,8.6335
4016.0,100.5,8.6335
4017.0,100.5,8.6335
4018.01,101.5,8.6335
4019.01,101.5,8.6335
4020.02,100.5,8.6335
4021.02,100.5,8.6335
4022.03,101.5,8.6337
4023.03,99.5,8.6337
4024.04,101.5,8.6337
4025.05,100.5,8.6337
4026.05,101.5,8.6337
4027.06,99.5,8.6337
4028.06,100.5,8.6337
4029.07,101.5,8.6337
4030.07,100.5,8.6339
4031.08,100.5,8.6339
4032.08,101.6,8.6341
4033.09,100.5,8.6341
4034.09,101.5,8.6341
4035.1,101.5,8.6341
4036.1,100.5,8.6341
4037.11,100.5,8.6341
4038.11,100.5,8.6341
4039.12,99.5,8.6341
4040.12,101.5,8.6341
4041.13,99.5,8.6341
4042.13,100.6,8.6341
4043.14,101.5,8.6341
4044.14,101.5,8.6341
4045.15,102.5,8.6341
4046.15,100.5,8.6341
4047.16,99.5,8.6341
4048.16,100.5,8.6341
4049.17,100.5,8.6341
4050.18,101.5,8.6341
4051.18,100.5,8.6341
4052.19,100.5,8.6341
4053.19,100.5,8.6341
4054.2,102.5,8.6341
4055.2,101.5,8.6341
4056.21,99.5,8.6341
4057.21,101.5,8.6344
4058.22,99.5,8.6344
4059.22,101.5,8.6344
4060.23,101.5,8.6344
4061.23,100.5,8.6344
4062.24,101.5,8.6347
4063.24,99.5,8.6347
4064.25,100.5,8.6347
4065.25,102.5,8.6347
4066.26,99.5,8.6347
4067.26,102.5,8.6347
4068.27,100.6,8.6347
4069.27,99.5,8.6347
4070.28,105.4,8.6347
4071.28,101.5,8.6347
4072.29,101.5,8.6347
4073.3,99.5,8.6347
4074.3,99.5,8.6347
4075.31,102.5,8.6347
4076.31,100.5,8.6347
4077.32,101.5,8.6347
4078.32,100.5,8.6347
4079.33,101.5,8.6347
4080.33,100.5,8.6347
4081.34,100.5,8.6347
4082.34,100.5,8.6348
4083.35,102.5,8.6348
4084.35,99.5,8.6348
4085.36,100.5,8.6348
4086.36,99.5,8.6348
4087.37,101.5,8.6348
4088.37,102.5,8.6348
4089.38,101.5,8.6348
4090.38,100.5,8.6348
4091.39,99.5,8.6348
4092.39,100.5,8.6348
4093.4,102.5,8.6349
4094.41,100.5,8.6349
4095.41,101.5,8.6349
4096.42,99.5,8.6349
4097.42,100.5,8.6349
4098.43,100.5,8.6349
4099.43,100.5,8.6349
4100.44,101.5,8.6349
4101.44,100.5,8.6349
4102.45,101.5,8.6352
4103.45,101.5,8.6356
4104.46,100.5,8.6356
4105.46,100.5,8.6356
4106.47,99.5,8.6356
4107.47,101.5,8.6356
4108.48,102.5,8.6357
4109.48,100.5,8.6357
4110.49,101.5,8.6357
4111.49,101.6,8.6357
4112.5,102.4,8.6358
4113.5,99.5,8.6358
4114.51,100.5,8.6358
4115.51,101.5,8.6358
4116.52,102.5,8.6358
4117.53,99.5,8.6358
4118.53,101.5,8.6358
4119.54,99.5,8.6358
4120.54,100.5,8.6358
4121.55,100.6,8.6358
4122.55,102.5,8.6358
4123.56,102.5,8.636
4124.56,100.5,8.636
4125.57,101.5,8.636
4126.57,99.5,8.636
4127.58,101.5,8.636
4128.58,100.5,8.636
4129.59,101.5,8.636
4130.59,99.5,8.636
4131.6,100.5,8.636
4132.6,102.5,8.636
4133.61,100.5,8.6361
4134.61,101.5,8.6361
4135.62,101.5,8.6361
4136.62,99.5,8.6361
4137.63,103.5,8.6361
4138.63,100.5,8.6361
4139.64,105.5,8.6361
4140.65,99.5,8.6361
4141.65,101.5,8.6361
4142.66,101.5,8.6361
4143.66,100.5,8.6361
4144.67,100.6,8.6723
4145.67,101.5,8.6723
4146.68,100.5,8.6723
4147.68,100.5,8.6725
4148.69,100.5,8.6725
4149.69,101.5,8.6727
4150.7,99.5,8.6727
4151.7,101.5,8.6727
4152.71,101.5,8.6727
4153.71,101.5,8.6727
4154.72,101.5,8.6727
4155.72,100.5,8.6727
4156.73,100.5,8.6727
4157.73,100.5,8.6727
4158.74,101.6,8.6727
4159.74,101.5,8.6727
4160.75,99.5,8.6727
4161.75,101.5,8.6727
4162.76,100.5,8.6727
4163.76,100.5,8.6727
4164.77,100.5,8.6727
4165.77,99.5,8.6727
4166.78,102.5,8.7078
4167.78,100.5,8.7078
4168.79,101.5,8.7078
4169.79,100.5,8.7078
4170.8,101.5,8.7078
4171.81,99.5,8.7078
4172.81,101.5,8.7078
4173.82,99.5,8.7078
4174.82,101.5,8.7079
4175.83,99.5,8.7079
4176.83,102.5,8.708
4177.84,100.6,8.708
4178.84,100.5,8.7055
4179.85,100.5,8.7055
4180.85,99.5,8.7055
4181.86,100.5,8.7055
4182.86,100.5,8.7055
4183.87,103.5,1.8186
4184.87,278.0,2.0058
4185.88,2.0,1.8325
4186.88,260.6,2.0016
4187.88,333.2,2.1422
4188.89,2.0,1.8911
4189.89,328.3,2.0636
4190.89,1.0,1.8919
4191.9,335.3,2.2221
4192.9,318.0,2.3531
4193.9,341.3,2.575
4194.91,305.3,2.8212
4195.91,306.5,3.0559
4196.92,306.5,3.2864
4197.92,306.3,3.5762
4198.93,295.6,3.9299
4199.93,318.5,4.1724
4200.94,275.5,4.3966
4201.94,217.8,4.5921
4202.95,200.4,4.8029
4203.95,190.0,5.1028
4204.96,213.1,5.3112
4205.96,137.6,5.4728
4206.96,136.3,5.6756
4207.97,128.4,5.8949
4208.98,151.2,6.0415
4209.98,291.5,6.3992
4210.98,292.0,6.9241
4211.99,103.5,6.9761
4212.99,131.3,7.0761
4214.0,119.4,7.0761
4215.0,110.4,7.0761
4216.01,103.5,7.0761
4217.02,101.5,7.0761
4218.02,101.5,7.0761
4219.03,99.5,7.0761
4220.03,102.5,7.0761
4221.03,114.6,7.1305
4222.04,123.4,7.2825
4223.04,100.5,7.2827
4224.05,101.5,7.2827
4225.05,99.5,7.2827
4226.06,99.5,7.2827
4227.07,101.5,7.2827
4228.07,101.5,7.2827
4229.08,104.5,7.2827
4230.08,124.4,7.2827
4231.09,102.5,7.2827
4232.09,101.5,7.2827
4233.1,115.4,7.2827
4234.1,101.5,7.2827
4235.11,100.5,7.2827
4236.11,100.5,7.2827
4237.12,100.5,7.283
4238.12,129.3,7.2837
4239.13,99.5,7.2837
4240.13,100.5,7.2837
4241.14,100.5,7.2837
4242.14,102.5,7.2837
4243.15,102.5,7.2837
4244.15,99.5,7.2837
4245.16,102.5,7.2817
4246.16,99.5,7.2817
4247.17,130.3,7.2818
4248.17,100.5,7.2818
4249.18,100.5,7.2818
4250.18,100.5,7.2818
4251.19,99.5,7.2818
4252.19,101.5,7.2818
4253.2,99.5,7.2818
4254.2,100.5,7.2818
4255.21,100.5,7.2818
4256.21,133.4,7.439
4257.22,101.5,7.439
4258.22,101.5,7.439
4259.23,99.5,7.439
4260.23,99.6,7.439
4261.24,101.5,7.4386
4262.24,101.5,7.4358
4263.25,99.5,7.4358
4264.25,100.6,7.4358
4265.26,100.5,7.8841
4266.26,101.5,8.2177
4267.27,163.1,8.5892
4268.27,101.5,8.5892
4269.28,101.5,8.5892
4270.29,100.5,8.5892
4271.29,101.5,8.5892
4272.3,100.5,8.5892
4273.3,100.5,8.5892
4274.31,107.4,8.5892
4275.31,99.5,8.5892
4276.32,99.5,8.5892
4277.32,102.5,8.5896
4278.33,100.5,8.5896
4279.33,99.7,8.5896
4280.33,102.5,8.5896
4281.34,99.5,8.5896
4282.34,100.5,8.5896
4283.35,101.6,8.5896
4284.35,101.5,8.5896
4285.36,100.5,8.5896
4286.37,99.5,8.5896
4287.37,102.5,8.5898
4288.38,101.5,8.5904
4289.38,101.7,8.5904
4290.38,99.5,8.5904
4291.39,101.5,8.5904
4292.39,100.5,8.5904
4293.4,100.5,8.5905
4294.41,100.5,8.5905
4295.41,101.5,8.5905
4296.42,99.5,8.5905
4297.42,101.5,8.5905
4298.43,99.5,8.5905
4299.43,100.5,8.5907
4300.44,102.5,8.5907
4301.44,101.5,8.5907
4302.45,100.5,8.5907
4303.45,100.5,8.5907
4304.46,101.5,8.5907
4305.46,101.5,8.5907
4306.47,99.5,8.5907
4307.47,100.5,8.5907
4308.48,100.5,8.5907
4309.48,100.5,8.5909
4310.49,99.5,8.5909
4311.49,102.5,8.5909
4312.5,100.5,8.5909
4313.5,100.5,8.5909
4314.51,100.5,8.5909
4315.51,102.5,8.5909
4316.52,100.5,8.5909
4317.52,102.6,8.5909
4318.53,100.5,8.5909
4319.53,100.5,8.5909
4320.54,101.5,8.5909
4321.54,100.5,8.5911
4322.55,100.5,8.5911
4323.56,99.5,8.5911
4324.56,101.5,8.5911
4325.57,100.5,8.5911
4326.57,102.5,8.5911
4327.58,100.5,8.5911
4328.58,100.5,8.5911
4329.59,99.5,8.5911
4330.59,101.5,8.5911
4331.6,101.5,8.5914
4332.6,100.5,8.5917
4333.61,101.5,8.5917
4334.61,100.5,8.5917
4335.62,100.5,8.5917
4336.62,101.5,8.5917
4337.63,100.5,8.5917
4338.63,100.5,8.5917
4339.64,100.5,8.5917
4340.64,101.5,8.5917
4341.65,100.5,8.5917
4342.65,102.5,8.5917
4343.66,100.5,8.5917
4344.66,99.5,8.5917
4345.67,103.5,8.5917
4346.67,99.5,8.5917
4347.68,100.5,8.5917
4348.69,100.5,8.5917
4349.69,100.5,8.5917
4350.7,101.5,8.5917
4351.7,100.5,8.5919
4352.71,99.6,8.5921
4353.71,102.6,8.5921
4354.71,99.6,8.5921
4355.72,101.5,8.5921
4356.72,100.5,8.5921
4357.73,101.5,8.5921
4358.74,99.5,8.5921
4359.74,100.5,8.5921
4360.75,100.5,8.5921
4361.75,102.5,8.5922
4362.76,100.5,8.5922
4363.76,100.5,8.5922
4364.77,102.5,8.5922
4365.77,98.5,8.5922
4366.78,100.5,8.5922
4367.78,101.5,8.5922
4368.79,100.5,8.5922
4369.79,101.5,8.5922
4370.8,100.5,8.5922
4371.8,100.5,8.5922
4372.81,101.5,8.5923
4373.81,99.5,8.5923
4374.82,101.5,8.5923
4375.82,101.5,8.5923
4376.83,100.5,8.5923
4377.83,100.5,8.5925
4378.84,101.5,8.5925
4379.84,99.5,8.5925
4380.85,99.5,8.5925
4381.85,101.5,8.5925
4382.86,102.5,8.5926
4383.87,99.5,8.5926
4384.87,100.5,8.5926
4385.88,101.5,8.5926
4386.88,100.5,8.5926
4387.89,101.5,8.5926
4388.89,100.5,8.5926
4389.9,102.5,8.5926
4390.9,99.5,8.5926
4391.91,100.5,8.5926
4392.91,101.5,8.5926
4393.92,100.5,8.5929
4394.92,100.5,8.5929
4395.93,101.5,8.5929
4396.93,100.5,8.5929
4397.94,101.5,8.5929
4398.94,99.5,8.5929
4399.95,99.5,8.5929
4400.95,101.5,8.5929
4401.96,100.5,8.5929
4402.96,102.5,8.5929
4403.97,100.5,8.5929
4404.97,102.5,8.5932
4405.98,101.5,8.5932
4406.98,99.5,8.5932
4407.99,100.5,8.5932
4408.99,100.6,8.5932
4410.0,100.5,8.5932
4411.0,99.5,8.5932
4412.01,101.5,8.5932
4413.01,101.6,8.5934
4414.02,100.5,8.5934
4415.02,99.5,8.5934
4416.03,101.5,8.5934
4417.03,100.5,8.5934
4418.04,101.5,8.5937
4419.05,102.5,8.5937
4420.05,99.6,8.5937
4421.05,100.5,8.5937
4422.06,101.5,8.5939
4423.07,100.5,8.5939
4424.07,101.5,8.5939
4425.08,99.5,8.5939
4426.08,101.5,8.5941
4427.09,100.6,8.5941
4428.09,102.5,8.5941
4429.1,99.5,8.5941
4430.1,101.5,8.5941
4431.11,100.5,8.5941
4432.11,102.5,8.5941
4433.12,100.5,8.5941
4434.12,100.5,8.5941
4435.13,101.5,8.5941
4436.13,99.5,8.5941
4437.14,101.5,8.5943
4438.14,100.5,8.5943
4439.15,100.5,8.5943
4440.15,100.5,8.5943
4441.16,102.5,8.5943
4442.16,100.5,8.5943
4443.17,101.5,8.5943
4444.17,100.5,8.5943
4445.18,100.5,8.5943
4446.18,99.4,8.5943
4447.19,101.5,8.5943
4448.19,100.5,8.5943
4449.2,99.5,8.5943
4450.21,102.5,8.5943
4451.21,100.5,8.5943
4452.22,99.5,8.5943
4453.22,100.5,8.5943
4454.23,101.6,8.5943
4455.23,101.5,8.5943
4456.24,101.5,8.5943
4457.24,99.5,8.5943
4458.25,101.5,8.5943
4459.25,100.5,8.6309
4460.26,99.5,8.6309
4461.26,101.5,8.6309
4462.27,101.5,8.6309
4463.27,100.5,8.6309
4464.28,100.5,8.6309
4465.28,101.5,8.6309
4466.29,100.5,8.6309
4467.29,99.5,8.631
4468.3,100.5,8.631
4469.3,101.5,8.631
4470.31,100.5,8.6311
4471.31,100.5,8.6311
4472.32,99.7,8.6314
4473.32,100.5,8.6315
4474.33,101.5,8.6315
4475.33,101.5,8.6315
4476.34,99.5,8.6315
4477.34,103.5,8.6315
4478.35,100.5,8.6315
4479.35,100.5,8.6315
4480.36,100.5,8.6668
4481.36,101.5,8.6668
4482.37,99.5,8.6668
4483.37,101.5,8.6668
4484.38,99.6,8.6668
4485.38,101.5,8.6668
4486.39,99.5,8.6668
4487.39,101.5,8.6668
4488.4,102.5,8.6668
4489.4,99.5,8.6668
4490.41,101.4,1.8252
4491.41,262.9,1.9889
4492.42,1.0,1.7409
4493.42,2763.7,2.0033
4494.43,319.3,2.2755
4495.43,349.8,2.3996
4496.44,338.2,2.6559
4497.44,316.3,2.9791
4498.45,310.4,3.2902
4499.45,304.4,3.6741
4500.46,301.6,3.9363
4501.46,309.7,4.1777
4502.47,307.4,4.3915
4503.47,301.7,4.6003
4504.47,159.2,4.7987
4505.48,218.8,5.0537
4506.49,203.9,5.2964
4507.49,124.4,5.4605
4508.5,152.2,5.6888
4509.5,107.4,5.8898
4510.51,117.5,6.0308
4511.51,186.0,1.7409
4512.52,0.0,2.0057
4513.52,315.6,2.2544
4514.53,359.2,2.3986
4515.53,332.2,2.6334
4516.54,309.3,2.8622
4517.54,308.4,3.086
4518.55,309.3,3.3069
4519.55,305.4,3.6805
4520.56,301.5,3.9251
4521.56,306.5,4.1722
4522.57,307.0,4.3796
4523.57,181.1,4.5721
4524.58,197.0,4.7537
4525.58,237.0,4.9797
4526.59,226.8,5.2043
4527.59,106.4,5.3692
4528.6,131.3,5.5412
4529.6,131.3,5.7616
4530.61,128.3,5.9567
4531.61,250.7,6.2035
4532.62,233.8,6.5993
4533.62,172.1,6.9664
4534.63,268.6,6.9905
4535.63,277.5,7.0194
4536.64,126.3,7.0581
4537.64,99.5,7.1049
4538.65,112.4,7.1049
4539.65,101.5,7.1049
4540.66,101.5,7.1049
4541.66,102.5,7.1051
4542.67,100.5,7.1051
4543.67,137.3,7.3123
4544.68,100.5,7.3123
4545.68,99.5,7.3123
4546.69,100.5,7.3123
4547.7,101.5,7.3123
4548.7,102.5,7.3123
4549.71,102.5,7.3123
4550.71,102.5,7.3123
4551.72,128.3,7.3125
4552.72,101.5,7.3125
4553.73,99.5,7.3125
4554.73,100.5,7.3125
4555.74,119.4,7.3125
4556.74,99.5,7.3125
4557.75,101.5,7.3125
4558.75,99.5,7.3125
4559.75,116.6,7.3125
4560.76,111.4,7.3129
4561.76,101.5,7.3129
4562.77,99.5,7.3132
4563.77,101.5,7.3132
4564.78,100.5,7.3132
4565.79,101.5,7.3132
4566.79,101.5,7.3132
4567.8,100.5,7.3132
4568.8,127.3,7.3133
4569.81,100.5,7.3133
4570.81,100.5,7.3133
4571.82,103.5,7.3133
4572.82,104.5,7.3133
4573.83,100.5,7.3133
4574.83,99.5,7.3133
4575.84,101.5,7.3133
4576.84,103.5,7.3133
4577.84,120.6,7.4248
4578.85,110.5,7.4705
4579.85,100.5,7.4705
4580.86,99.5,7.4705
4581.86,103.5,7.4705
4582.87,99.5,7.4707
4583.87,102.5,7.4707
4584.88,100.5,7.4707
4585.88,100.5,7.4707
4586.89,100.5,7.7473
4587.89,101.5,8.1592
4588.9,163.1,8.6245
4589.91,100.5,8.6246
4590.91,99.5,8.6246
4591.92,101.5,8.6246
4592.92,99.5,8.6246
4593.93,102.5,8.6246
4594.93,99.5,8.6246
4595.94,101.5,8.6246
4596.94,101.5,8.6246
4597.95,99.5,8.6246
4598.95,102.5,8.625
4599.96,101.5,8.625
4600.96,99.5,8.625
4601.97,99.5,8.625
4602.97,101.5,8.625
4603.98,101.5,8.625
4604.98,100.5,8.625
4605.99,100.4,8.625
4606.99,100.5,8.6252
4608.0,100.5,8.6252
4609.0,101.5,8.6255
4610.01,99.5,8.6255
4611.01,101.6,8.6255
4612.02,100.5,8.6255
4613.02,100.4,8.6255
4614.03,101.5,8.6255
4615.04,100.5,8.6255
4616.04,126.3,8.6256
4617.05,154.2,8.6256
4618.05,115.4,8.6256
4619.06,100.5,8.6256
4620.06,107.4,8.6256
4621.07,100.5,8.6256
4622.07,100.5,8.6256
4623.08,100.5,8.6256
4624.08,101.5,8.6256
4625.09,101.5,8.6256
4626.09,100.5,8.6256
4627.1,100.5,8.6256
4628.1,100.5,8.6256
4629.11,100.5,8.6256
4630.11,100.5,8.6256
4631.12,102.5,8.6256
4632.12,100.5,8.6256
4633.13,100.5,8.6256
4634.13,100.5,8.6256
4635.14,99.5,8.6256
4636.15,101.5,8.6256
4637.15,100.5,8.6256
4638.16,99.5,8.6256
4639.16,100.5,8.6256
4640.17,100.5,8.6256
4641.17,102.5,8.6256
4642.18,101.5,8.6256
4643.18,99.6,8.6259
4644.19,101.5,8.6259
4645.19,100.5,8.6259
4646.2,100.5,8.6259
4647.2,100.5,8.6259
4648.21,100.5,8.6259
4649.21,99.5,8.6259
4650.22,101.5,8.6259
4651.22,99.5,8.6259
4652.23,100.5,8.6259
4653.23,101.5,8.6259
4654.24,101.5,8.6259
4655.24,99.5,8.6259
4656.25,101.5,8.6259
4657.25,101.5,8.6261
4658.26,100.5,8.6261
4659.26,99.5,8.6261
4660.27,102.5,8.6261
4661.28,100.5,8.6261
4662.28,100.5,8.6261
4663.29,100.5,8.6261
4664.29,100.5,8.6261
4665.3,101.5,8.6261
4666.3,98.5,8.6261
4667.31,101.5,8.6261
4668.31,100.5,8.6261
4669.32,100.5,8.6261
4670.32,103.5,8.6261
4671.33,99.5,8.6261
4672.33,100.5,8.6261
4673.34,102.5,8.6272
4674.34,101.5,8.6272
4675.35,101.5,8.6272
4676.35,98.5,8.6272
4677.36,101.5,8.6272
4678.36,101.5,8.6272
4679.37,100.5,8.6272
4680.37,99.5,8.6272
4681.38,102.6,8.6272
4682.38,99.5,8.6272
4683.39,101.5,8.6272
4684.39,106.4,8.6272
4685.4,100.5,8.6272
4686.4,100.5,8.6272
4687.41,101.5,8.6272
4688.41,101.5,8.6272
4689.42,100.5,8.6272
4690.42,99.5,8.6272
4691.43,100.5,8.6272
4692.43,101.5,8.6272
4693.44,100.5,8.6272
4694.44,101.5,8.6272
4695.45,98.6,8.6272
4696.45,102.5,8.6272
4697.46,100.5,8.6272
4698.46,99.7,8.6272
4699.47,102.8,8.6272
4700.47,99.6,8.6272
4701.47,100.5,8.6272
4702.48,101.5,8.6275
4703.49,99.5,8.6277
4704.49,101.6,8.6277
4705.5,100.4,8.6277
4706.5,101.5,8.6277
4707.51,100.6,8.6277
4708.51,101.5,8.6277
4709.52,101.5,8.6277
4710.52,99.5,8.6277
4711.53,101.5,8.6277
4712.53,99.5,8.6277
4713.54,102.6,8.6277
4714.54,99.5,8.6277
4715.55,100.5,8.6277
4716.55,100.5,8.6277
4717.56,102.5,8.6277
4718.56,100.5,8.6277
4719.57,100.5,8.6277
4720.57,99.5,8.6277
4721.58,100.5,8.6277
4722.58,101.5,8.6277
4723.59,101.5,8.6277
4724.59,99.5,8.6277
4725.6,100.6,8.6277
4726.6,100.6,8.6277
4727.61,101.5,8.6277
4728.61,101.5,8.6259
4729.62,100.5,8.6259
4730.62,100.5,8.6259
4731.63,100.5,8.6259
4732.63,100.5,8.6259
4733.64,103.5,8.6259
4734.64,102.5,8.6259
4735.65,100.5,8.6259
4736.65,100.5,8.6259
4737.66,101.4,8.6259
4738.66,101.5,8.6259
4739.67,99.5,8.6259
4740.67,101.5,8.6259
4741.68,99.5,8.6259
4742.68,101.5,8.6259
4743.69,101.5,8.6259
4744.69,99.5,8.6259
4745.7,100.6,8.6259
4746.7,100.5,8.6259
4747.71,100.5,8.6262
4748.71,100.5,8.6262
4749.72,101.5,8.6262
4750.73,99.5,8.6262
4751.73,102.5,8.6262
4752.74,99.5,8.6262
4753.74,101.5,8.6262
4754.75,101.6,8.6262
4755.75,99.5,8.6262
4756.76,101.5,8.6262
4757.76,100.5,8.6262
4758.77,100.5,8.6262
4759.77,101.5,8.6262
4760.78,99.5,8.6262
4761.78,101.5,8.6262
4762.79,100.3,8.6264
4763.79,101.5,8.6264
4764.8,101.5,8.6264
4765.8,99.5,8.6264
4766.81,100.5,8.6264
4767.81,100.6,8.6264
4768.82,101.5,8.6264
4769.82,101.5,8.6264
4770.83,99.5,8.6264
4771.83,102.5,8.6264
4772.84,100.5,8.6264
4773.84,99.5,8.6264
4774.85,101.5,8.6264
4775.86,100.5,8.6264
4776.86,100.5,8.6264
4777.87,101.5,8.6264
4778.87,100.5,8.6264
4779.88,99.5,8.6264
4780.88,101.5,8.6264
4781.89,100.5,8.6264
4782.89,100.5,8.6264
4783.89,100.7,8.6264
4784.9,99.5,8.6264
4785.9,101.5,8.6264
4786.91,101.5,8.6264
4787.91,99.5,8.6264
4788.92,101.5,8.6264
4789.93,100.5,8.6264
4790.93,101.5,8.6264
4791.94,102.5,8.6266
4792.94,100.5,8.6266
4793.95,100.5,8.6266
4794.95,99.5,8.6246
4795.96,100.5,8.6246
4796.96,100.6,8.624
4797.97,102.5,8.624
4798.97,100.5,8.624
4799.98,100.5,8.624
4800.98,101.5,8.624
4801.99,99.5,8.624
4802.99,99.6,8.624
4804.0,102.5,8.624
4805.0,101.5,8.624
4806.0,99.7,8.624
4807.01,99.5,8.624
4808.02,101.5,8.624
4809.02,100.5,8.624
4810.02,100.5,8.624
4811.03,99.8,8.624
4812.03,102.7,1.8705
4813.04,315.3,2.2504
4814.04,361.6,2.3933
4815.04,315.6,2.6183
4816.05,308.4,2.8559
4817.05,310.6,3.092
4818.06,305.3,3.3598
4819.06,302.4,3.7485
4820.07,310.4,4.0102
4821.07,247.7,4.2591
4822.08,240.7,4.4764
4823.09,198.0,4.6699
4824.09,192.7,4.9295
4825.1,158.2,5.1848
4826.1,135.3,5.3936
4827.11,131.3,5.6222
4828.11,135.3,5.8375
4829.12,228.8,6.0211
4830.12,272.1,6.3212
4831.13,132.3,6.6398
4832.13,280.5,6.939
4833.14,224.8,7.0453
4834.14,302.4,7.1007
4835.15,159.2,7.101
4836.15,102.5,7.101
4837.16,104.4,7.0555
4838.16,108.4,7.0555
4839.17,101.5,7.0557
4840.18,101.5,7.0557
4841.18,139.3,7.2799
4842.19,99.5,7.3104
4843.19,99.5,7.3104
4844.2,101.5,7.3104
4845.2,100.5,7.3104
4846.21,102.5,7.3105
4847.21,100.5,7.3105
4848.22,100.5,7.3105
4849.22,129.3,7.3111
4850.23,103.5,7.3111
4851.23,99.5,7.3111
4852.24,100.5,7.3111
4853.24,102.5,7.3111
4854.25,99.5,7.3111
4855.25,101.5,7.3111
4856.26,101.5,7.3111
4857.26,128.3,7.3111
4858.27,98.5,7.3111
4859.27,102.5,7.3111
4860.28,113.4,7.3111
4861.28,100.5,7.3111
4862.29,105.5,7.3111
4863.3,101.5,7.3111
4864.3,99.5,7.3111
4865.3,126.5,7.3112
4866.31,104.5,7.3112
4867.31,115.4,7.3112
4868.32,102.5,7.3112
4869.33,113.4,7.3113
4870.33,130.3,7.3113
4871.34,102.5,7.3113
4872.34,104.5,7.3113
4873.35,102.5,7.3115
4874.35,101.5,7.3115
4875.36,132.3,7.4665
4876.36,101.5,7.4665
4877.37,101.5,7.4665
4878.37,103.5,7.4665
4879.38,100.5,7.4665
4880.38,100.5,7.4665
4881.39,100.5,7.4665
4882.39,100.6,7.4665
4883.4,101.5,7.4665
4884.4,100.5,7.4665
4885.41,101.5,7.4665
4886.41,100.5,7.4665
4887.42,100.5,7.4668
4888.42,100.5,7.4668
4889.43,100.5,7.4668
4890.43,100.5,7.4668
4891.44,101.5,7.4668
4892.44,99.5,7.4668
4893.45,103.5,7.4668
4894.45,103.5,7.4668
4895.46,100.5,7.4668
4896.47,100.5,7.4668
4897.47,100.5,7.4668
4898.48,100.5,7.4668
4899.48,99.5,7.4668
4900.49,101.5,7.4668
4901.49,100.5,7.4668
4902.5,101.5,7.4668
4903.5,100.5,7.4668
4904.51,99.5,7.4668
4905.51,101.5,7.4668
4906.52,100.5,7.4668
4907.52,100.5,7.4668
4908.53,101.5,7.4668
4909.53,99.5,7.4668
4910.54,100.5,7.4668
4911.54,101.6,7.4668
4912.55,102.5,7.4668
4913.55,99.5,7.4668
4914.56,101.5,7.4668
4915.56,100.6,7.4668
4916.57,100.5,7.4668
4917.57,100.5,7.4668
4918.58,99.5,7.4668
4919.58,102.5,7.4668
4920.59,100.5,7.4668
4921.59,99.5,7.4668
4922.6,102.5,7.4668
4923.6,100.5,7.4668
4924.61,101.5,7.4668
4925.61,99.5,7.4668
4926.62,100.5,7.4668
4927.62,101.5,7.4668
4928.63,100.5,7.4668
4929.63,101.5,7.4668
4930.64,99.5,7.4668
4931.64,101.5,7.4668
4932.65,100.5,7.4672
4933.65,100.5,7.4672
4934.66,100.5,7.4672
4935.66,101.5,7.4672
4936.67,101.5,7.4672
4937.68,100.5,7.4672
4938.68,100.5,7.4672
4939.69,99.5,7.4672
4940.69,101.5,7.4672
4941.7,101.5,7.4672
4942.7,99.5,7.4672
4943.71,101.6,7.4672
4944.71,100.5,7.4672
4945.72,100.5,7.4672
4946.72,100.5,7.4672
4947.73,101.6,7.4672
4948.73,99.5,7.4672
4949.74,101.5,7.4672
4950.74,100.5,7.4672
4951.75,101.5,7.4672
4952.75,99.5,7.4672
4953.76,101.5,7.4672
4954.76,99.5,7.4672
4955.77,101.5,7.4672
4956.77,101.5,7.4672
4957.78,100.5,7.4672
4958.78,102.5,7.4672
4959.79,99.5,7.4672
4960.79,100.5,7.4672
4961.8,100.5,7.4672
4962.8,101.5,7.4672
4963.81,101.5,7.4672
4964.81,100.5,7.4672
4965.82,100.6,7.4672
4966.82,100.5,7.4672
4967.83,101.5,7.4672
4968.83,99.5,7.4672
4969.84,101.6,7.4672
4970.84,101.5,7.4672
4971.85,100.5,7.4672
4972.85,100.5,7.4672
4973.86,101.6,7.4672
4974.86,100.5,7.4672
4975.87,99.5,7.4672
4976.87,101.5,7.4675
4977.88,101.5,7.4675
4978.88,100.5,7.4675
4979.89,101.5,7.4675
4980.89,99.5,7.4678
4981.9,100.5,7.4986
4982.9,100.5,7.5222
4983.91,100.5,7.5526
4984.91,100.5,7.5954
4985.92,101.5,7.5954
4986.92,100.5,7.6227
4987.93,100.5,7.644
4988.93,101.5,7.6717
4989.94,99.5,7.6965
4990.94,101.5,7.7402
4991.95,99.5,7.7467
4992.96,101.5,7.7733
4993.96,99.6,7.8051
4994.96,101.5,7.8357
4995.97,101.5,7.8634
4996.97,101.6,7.8917
4997.98,100.5,7.9213
4998.98,102.5,7.9477
4999.99,100.5,7.9763
5000.99,99.5,8.0011
5002.0,101.5,8.0364
5003.0,100.5,8.0364
5004.01,101.5,8.066
5005.01,99.5,8.093
5006.02,100.5,8.1234
5007.02,100.5,8.1315
5008.03,101.5,8.1315
5009.03,101.5,8.1315
5010.04,99.5,8.1315
5011.04,100.5,8.1315
5012.05,101.5,8.1315
5013.05,101.5,8.1586
5014.06,100.5,8.1586
5015.06,99.5,8.1864
5016.07,101.5,8.1914
5017.07,99.5,8.2178
5018.08,102.5,8.2522
5019.08,101.5,8.2522
5020.09,100.5,8.2856
5021.09,101.5,8.2895
5022.1,99.5,8.2895
5023.1,101.5,8.3098
5024.11,99.5,8.3364
5025.11,101.5,8.361
5026.12,99.5,8.3742
5027.12,101.5,8.3949
5028.13,100.5,8.4334
5029.13,100.5,8.4334
5030.14,100.5,8.4582
5031.15,162.2,8.6298
5032.15,100.5,8.6298
5033.16,101.5,8.6298
5034.16,100.5,8.6298
5035.17,100.5,8.6298
5036.17,101.6,8.6298
5037.18,98.5,8.6298
5038.18,101.5,8.6298
5039.19,102.5,8.6298
5040.19,101.5,8.6298
5041.2,100.5,8.6298
5042.2,100.5,8.6298
5043.21,100.5,8.63
5044.21,99.5,8.63
5045.22,100.5,8.63
5046.22,101.5,8.63
5047.23,100.5,8.63
5048.23,99.5,8.63
5049.24,100.5,8.63
5050.24,100.5,8.63
5051.25,102.5,8.63
5052.25,102.5,8.63
5053.26,100.5,8.63
5054.26,99.5,8.63
5055.27,102.5,8.63
5056.27,99.5,8.63
5057.28,100.5,8.63
5058.28,100.5,8.63
5059.29,99.5,8.63
5060.29,103.5,8.63
5061.3,99.5,8.63
5062.3,101.5,8.63
5063.31,100.5,8.63
5064.31,100.5,8.63
5065.32,100.5,8.63
5066.32,100.5,8.63
5067.33,100.5,8.63
5068.33,101.5,8.63
5069.34,100.5,8.63
5070.34,100.6,8.63
5071.35,100.5,8.63
5072.35,102.5,8.6303
5073.36,99.5,8.6303
5074.36,101.5,8.6303
5075.37,101.5,8.6303
5076.38,100.5,8.6303
5077.38,100.5,8.6303
5078.39,100.5,8.6303
5079.39,100.5,8.6303
5080.4,102.5,8.6303
5081.4,99.5,8.6303
5082.41,100.5,8.6303
5083.41,101.5,8.6303
5084.42,99.5,8.6303
5085.42,102.5,8.6303
5086.43,99.5,8.6303
5087.43,100.5,8.6303
5088.44,100.5,8.6303
5089.44,101.5,8.6303
5090.45,100.5,8.6303
5091.45,100.5,8.6303
5092.46,100.5,8.6303
5093.46,100.5,8.6303
5094.47,101.5,8.6303
5095.47,100.5,8.6303
5096.48,101.5,8.6303
5097.48,100.5,8.6303
5098.49,100.5,8.6303
5099.49,100.5,8.6303
5100.5,100.5,8.6303
5101.5,101.5,8.6303
5102.51,100.5,8.6303
5103.51,101.5,8.6305
5104.52,100.5,8.6305
5105.52,101.5,8.6305
5106.53,99.5,8.6305
5107.54,101.5,8.6305
5108.54,100.5,8.6305
5109.55,101.5,8.6305
5110.55,101.5,8.6305
5111.56,99.5,8.6305
5112.56,1.0,1.9898
5113.56,315.0,2.1231
5114.57,332.9,2.4544
5115.57,320.4,2.8371
5116.58,226.8,3.4009
5117.58,147.3,3.9345
5118.59,208.1,4.4863
5119.59,101.5,5.0325
5120.6,116.4,5.6073
5121.6,107.5,6.2213
5122.61,139.3,6.786
5123.61,105.4,6.9381
5124.62,105.5,6.9381
5125.62,99.5,6.9381
5126.63,102.5,6.9381
5127.63,99.5,6.9381
5128.63,142.6,6.9382
5129.64,301.5,6.9537
5130.65,304.4,7.0692
5131.65,219.1,7.0992
5132.65,209.1,7.1509
5133.66,134.3,7.152
5134.66,100.5,7.152
5135.67,101.5,7.152
5136.67,100.5,7.152
5137.68,102.5,7.1131
5138.69,109.4,7.1133
5139.69,100.5,7.1133
5140.7,114.4,7.1135
5141.7,117.4,7.1137
5142.71,106.5,7.1137
5143.71,103.5,7.1137
5144.72,103.5,7.1137
5145.72,100.5,7.1137
5146.73,101.5,7.1137
5147.73,100.5,7.1137
5148.74,100.5,7.1137
5149.74,103.5,7.1137
5150.75,100.5,7.1137
5151.75,100.5,7.1137
5152.76,101.5,7.1139
5153.76,110.4,7.1139
5154.77,99.5,7.1139
5155.77,102.5,7.1139
5156.78,99.5,7.1139
5157.79,101.4,7.1139
5158.79,100.5,7.1139
5159.8,101.5,7.1139
5160.8,99.5,7.1139
5161.81,100.5,7.1139
5162.81,101.5,7.1142
5163.82,100.5,7.1142
5164.82,101.5,7.1142
5165.83,99.5,7.1142
5166.83,103.5,7.1142
5167.84,99.5,7.1142
5168.84,101.5,7.1142
5169.85,99.5,7.1142
5170.85,100.5,7.1142
5171.86,101.6,7.1142
5172.86,100.5,7.1142
5173.87,101.5,7.1142
5174.87,101.5,7.1142
5175.88,100.6,7.1142
5176.88,103.5,7.1142
5177.89,100.5,7.1142
5178.89,100.5,7.1142
5179.9,99.5,7.1142
5180.9,101.5,7.1142
5181.91,102.5,7.1142
5182.91,112.4,7.1142
5183.92,101.5,7.1142
5184.92,100.5,7.1142
5185.93,99.5,7.1142
5186.93,101.5,7.1142
5187.94,100.5,7.1142
5188.94,100.5,7.1142
5189.95,101.6,7.1142
5190.95,100.5,7.1142
5191.96,100.5,7.1142
5192.96,100.5,7.1142
5193.97,100.5,7.1142
5194.97,100.5,7.1142
5195.98,101.5,7.1142
5196.98,99.5,7.1142
5197.99,102.5,7.1142
5198.99,101.5,7.1142
5200.0,99.5,7.1142
5201.0,100.5,7.1142
5202.01,100.5,7.1142
5203.02,100.5,7.1142
5204.02,101.5,7.1142
5205.03,100.5,7.1142
5206.03,99.5,7.1142
5207.04,101.5,7.1142
5208.04,100.5,7.1142
5209.05,100.5,7.1142
5210.05,108.4,7.1142
5211.06,101.5,7.1142
5212.06,99.5,7.1144
5213.07,101.5,7.1146
5214.07,101.5,7.1146
5215.08,100.5,7.1146
5216.08,101.5,7.1146
5217.09,100.5,7.1146
5218.09,100.5,7.1146
5219.1,100.5,7.1146
5220.1,100.5,7.1146
5221.11,100.5,7.1146
5222.11,101.5,7.1146
5223.12,99.5,7.1146
5224.12,102.5,7.1146
5225.13,102.5,7.1146
5226.13,99.6,7.1146
5227.14,100.5,7.1146
5228.14,100.5,7.1146
5229.15,100.5,7.1146
5230.15,100.5,7.1146
5231.16,101.5,7.1146
5232.16,100.5,7.1146
5233.17,101.5,7.1146
5234.17,100.6,7.1146
5235.18,99.6,7.1146
5236.18,102.5,7.1146
5237.19,101.5,7.1146
5238.19,99.5,7.1146
5239.2,100.5,7.1146
5240.2,99.5,7.1146
5241.21,100.5,7.1146
5242.21,102.5,7.1146
5243.22,99.5,7.1146
5244.22,99.5,7.1146
5245.23,100.5,7.1146
5246.23,100.5,7.1146
5247.24,102.5,7.1146
5248.24,100.5,7.1146
5249.25,100.5,7.1146
5250.25,100.5,7.1146
5251.26,99.5,7.1146
5252.27,102.5,7.1146
5253.27,101.5,7.1146
5254.28,100.5,7.1146
5255.28,101.5,7.1146
5256.29,99.5,7.1146
5257.29,100.5,7.1149
5258.3,101.5,7.1149
5259.3,99.5,7.1149
5260.31,101.5,7.1149
5261.31,100.5,7.1149
5262.32,101.5,7.1149
5263.32,102.5,7.1149
5264.33,99.6,7.1149
5265.33,101.6,7.1149
5266.33,99.5,7.1149
5267.34,100.5,7.1149
5268.35,100.5,7.1149
5269.35,101.5,7.1149
5270.36,99.5,7.1149
5271.36,100.5,7.1149
5272.37,100.5,7.1149
5273.37,100.5,7.1151
5274.38,100.5,7.1151
5275.38,102.5,7.1151
5276.39,100.5,7.1151
5277.39,114.4,7.1195
5278.4,100.5,7.1195
5279.4,101.5,7.1195
5280.41,99.5,7.1195
5281.41,99.5,7.1195
5282.42,101.5,7.1198
5283.42,101.6,7.1198
5284.43,101.5,7.1198
5285.43,100.5,7.1198
5286.44,101.5,7.1198
5287.44,100.6,7.1198
5288.45,101.5,7.1198
5289.45,99.5,7.1198
5290.46,100.5,7.1198
5291.46,101.5,7.1198
5292.47,101.6,7.1198
5293.47,99.5,7.1198
5294.48,101.5,7.1198
5295.48,100.6,7.1198
5296.49,101.5,7.1198
5297.49,99.5,7.1198
5298.5,101.5,7.1198
5299.5,99.6,7.1198
5300.51,101.5,7.1198
5301.51,99.5,7.1198
5302.52,101.5,7.1201
5303.52,100.5,7.1201
5304.53,100.5,7.1201
5305.53,100.5,7.1201
5306.54,102.4,7.1201
5307.54,101.4,7.1201
5308.55,100.5,7.1201
5309.55,101.5,7.1201
5310.56,100.5,7.1201
5311.56,101.5,7.1201
5312.57,102.5,7.1201
5313.57,100.5,7.1201
5314.58,117.4,7.1201
5315.58,107.5,7.1201
5316.59,101.5,7.1201
5317.59,102.5,7.1201
5318.6,102.6,7.1201
5319.6,101.5,7.1201
5320.61,99.5,7.1201
5321.61,100.5,7.1201
5322.62,108.4,7.1203
5323.62,104.5,7.1203
5324.63,100.5,7.1203
5325.63,101.5,7.1203
5326.64,98.5,7.1203
5327.64,101.5,7.1203
5328.65,101.5,7.1203
5329.66,100.5,7.1203
5330.66,100.5,7.1203
5331.67,101.5,7.1203
5332.67,100.5,7.1203
5333.68,100.5,7.1203
5334.68,101.5,7.1203
5335.69,100.4,7.1203
5336.69,100.5,7.1203
5337.7,101.5,7.1203
5338.7,100.5,7.1203
5339.71,102.5,7.1203
5340.71,103.5,7.1203
5341.72,100.5,7.1203
5342.72,102.5,7.1203
5343.73,99.5,7.1203
5344.73,100.5,7.1203
5345.74,101.5,7.1203
5346.74,100.5,7.1203
5347.75,102.5,7.1205
5348.76,109.4,7.1205
5349.76,101.5,7.1205
5350.77,100.5,7.1205
5351.77,100.5,7.1205
5352.78,102.5,7.1205
5353.78,100.5,7.1205
5354.79,101.5,7.1205
5355.79,99.5,7.1205
5356.8,101.5,7.1205
5357.8,100.5,7.1205
5358.81,100.5,7.1205
5359.81,100.5,7.1205
5360.82,100.5,7.1205
5361.82,101.5,7.1205
5362.83,99.5,7.1205
5363.83,101.5,7.1205
5364.84,99.5,7.1205
5365.84,101.5,7.1205
5366.85,100.5,7.1205
5367.85,100.5,7.1205
5368.86,101.5,7.1205
5369.87,100.5,7.1205
5370.87,100.5,7.1205
5371.88,101.5,7.1205
5372.88,100.5,7.1207
5373.89,100.5,7.1207
5374.89,131.3,1.7451
5375.9,1.0,2.0014
5376.9,315.9,2.1326
5377.9,341.1,2.3787
5378.91,314.5,2.6484
5379.91,173.5,2.7761
5380.91,142.6,2.8936
5381.92,1.0,1.961
5382.92,349.1,2.1214
5383.92,334.3,2.3761
5384.93,317.3,2.645
5385.93,253.7,2.9167
5386.94,220.9,3.2485
5387.94,127.3,3.6303
5388.95,115.5,4.0296
5389.95,100.8,4.3834
5390.96,116.4,4.8688
5391.96,123.4,5.4842
5392.97,102.5,6.0999
5393.97,129.3,6.7349
5394.98,125.3,6.9661
5395.98,101.5,6.9661
5396.99,100.5,6.9663
5397.99,100.5,6.9663
5399.0,101.5,6.9663
5400.0,100.5,6.9663
5401.01,118.5,7.021
5402.01,252.7,7.0779
5403.02,300.6,7.0824
5404.02,222.8,7.0884
5405.03,105.4,7.0884
5406.03,102.4,7.0884
5407.04,101.5,7.083
5408.04,99.7,7.083
5409.05,111.4,7.083
5410.05,99.5,7.083
5411.06,100.5,7.083
5412.06,102.5,7.0831
5413.07,99.5,7.0831
5414.07,116.4,7.0833
5415.08,103.5,7.0833
5416.08,113.4,7.0833
5417.09,104.4,7.0833
5418.09,101.5,7.0833
5419.1,100.5,7.0833
5420.1,108.4,7.0833
5421.11,101.5,7.0833
5422.12,100.5,7.0833
5423.12,100.5,7.0833
5424.13,99.5,7.0833
5425.13,105.4,7.0833
5426.14,103.5,7.0833
5427.14,100.5,7.0833
5428.15,102.5,7.0833
5429.15,100.5,7.0833
5430.16,100.5,7.0833
5431.16,100.5,7.0833
5432.17,101.5,7.0833
5433.17,101.5,7.0835
5434.18,100.5,7.0835
5435.18,100.5,7.0835
5436.19,100.5,7.0835
5437.19,99.5,7.0835
5438.2,101.5,7.0835
5439.2,99.5,7.0835
5440.21,103.5,7.0835
5441.21,100.5,7.0835
5442.22,100.5,7.0838
5443.22,99.5,7.0838
5444.23,100.5,7.0838
5445.23,101.5,7.0838
5446.24,100.5,7.0838
5447.24,112.6,7.0856
5448.25,102.5,7.0856
5449.25,99.5,7.0856
5450.26,101.5,7.0856
5451.26,99.5,7.0856
5452.27,102.5,7.0856
5453.27,100.6,7.0856
5454.28,100.5,7.0856
5455.28,101.5,7.0856
5456.29,99.5,7.0856
5457.29,101.5,7.0856
5458.3,100.5,7.0856
5459.3,101.5,7.0856
5460.31,100.5,7.0856
5461.31,100.5,7.0856
5462.32,101.5,7.0856
5463.32,99.6,7.0856
5464.33,102.5,7.0856
5465.33,101.5,7.0856
5466.34,100.5,7.0856
5467.34,100.5,7.0856
5468.35,99.6,7.0856
5469.35,101.5,7.0856
5470.36,99.5,7.0856
5471.36,101.5,7.0856
5472.37,100.6,7.0856
5473.37,101.5,7.0856
5474.38,99.5,7.0856
5475.39,101.5,7.0856
5476.39,101.6,7.0856
5477.39,100.5,7.0856
5478.4,102.5,7.0856
5479.41,99.5,7.0856
5480.41,99.6,7.0856
5481.41,101.6,7.0856
5482.42,99.5,7.0856
5483.42,103.5,7.0858
5484.43,99.5,7.0858
5485.43,104.5,7.0858
5486.44,101.5,7.0858
5487.44,99.5,7.0861
5488.45,100.5,7.0861
5489.45,100.5,7.0861
5490.46,101.5,7.0861
5491.46,100.5,7.0861
5492.47,100.6,7.0861
5493.47,101.6,7.0861
5494.48,101.5,7.0861
5495.48,99.5,7.0861
5496.49,100.5,7.0861
5497.49,101.5,7.0861
5498.5,100.5,7.0861
5499.5,100.5,7.0861
5500.51,100.5,7.0861
5501.51,101.5,7.0861
5502.52,100.5,7.0861
5503.53,101.5,7.0861
5504.53,99.5,7.0861
5505.54,100.5,7.0861
5506.54,101.5,7.0861
5507.55,101.6,7.0861
5508.55,100.5,7.0861
5509.56,100.5,7.0861
5510.56,100.5,7.0861
5511.57,100.6,7.0861
5512.57,101.5,7.0861
5513.58,100.4,7.0861
5514.58,101.5,7.0861
5515.59,99.5,7.0861
5516.59,101.5,7.0861
5517.6,102.5,7.0861
5518.6,101.5,7.0861
5519.61,100.5,7.0861
5520.61,100.5,7.0861
5521.62,100.5,7.0861
5522.62,99.5,7.0861
5523.63,100.5,7.0861
5524.63,101.5,7.0861
5525.64,100.5,7.0861
5526.64,100.4,7.0861
5527.65,100.5,7.0861
5528.65,101.5,7.0861
5529.66,100.5,7.0861
5530.66,100.5,7.0861
5531.67,101.5,7.0861
5532.68,100.5,7.0865
5533.68,100.5,7.0865
5534.69,101.5,7.0865
5535.69,99.5,7.0865
5536.7,103.5,7.0865
5537.7,99.5,7.0865
5538.71,100.6,7.0865
5539.71,102.5,7.0865
5540.72,100.5,7.0865
5541.72,99.5,7.0865
5542.73,102.5,7.0865
5543.73,99.5,7.0865
5544.74,101.5,7.0865
5545.74,99.5,7.0865
5546.75,101.5,7.0865
5547.75,101.5,7.0865
5548.76,100.5,7.0865
5549.76,102.5,7.0865
5550.77,99.5,7.0865
5551.77,100.5,7.0865
5552.78,100.5,7.0865
5553.78,100.5,7.0865
5554.79,100.5,7.0865
5555.79,100.5,7.0865
5556.8,101.5,7.0865
5557.8,99.5,7.0865
5558.81,101.5,7.0865
5559.81,101.5,7.0865
5560.82,100.5,7.0865
5561.82,101.5,7.0865
5562.83,101.5,7.0865
5563.83,99.5,7.0865
5564.84,102.5,7.0865
5565.84,99.5,7.0865
5566.85,100.5,7.0865
5567.85,100.5,7.0865
5568.86,100.5,7.0865
5569.87,100.5,7.0865
5570.87,101.5,7.0865
5571.87,99.5,7.0865
5572.88,101.5,7.0865
5573.89,99.5,7.0865
5574.89,100.5,7.0865
5575.9,100.5,7.0865
5576.9,101.5,7.0867
5577.91,101.5,7.0867
5578.91,101.5,7.0867
5579.92,99.5,7.0867
5580.92,102.5,7.0867
5581.93,100.5,7.0867
5582.93,100.5,7.0867
5583.94,100.5,7.0867
5584.94,101.5,7.0867
5585.95,100.5,7.0867
5586.95,99.5,7.0867
5587.96,101.5,7.0867
5588.96,101.5,7.0867
5589.97,100.5,7.0867
5590.97,100.5,7.0867
5591.98,102.5,7.0867
5592.98,99.5,7.0869
5593.99,102.5,7.0869
5594.99,99.5,7.0869
5596.0,100.5,7.0869
5597.0,101.5,7.0869
5598.01,100.4,7.0869
5599.01,100.5,7.0869
5600.02,100.7,7.0869
5601.02,100.5,7.0869
5602.03,101.5,7.0869
5603.03,100.6,7.0869
5604.04,100.5,7.0869
5605.04,100.5,7.0869
5606.05,100.5,7.0869
5607.05,102.5,7.0869
5608.06,100.5,7.0869
5609.06,100.5,7.0869
5610.07,99.5,7.0869
5611.07,101.5,7.0869
5612.08,100.5,7.0869
5613.08,102.5,7.0869
5614.09,99.5,7.0869
5615.09,100.5,7.0869
5616.1,100.5,7.0869
5617.1,99.5,7.0869
5618.11,102.5,7.0869
5619.11,99.5,7.0869
5620.12,101.5,7.0869
5621.12,99.5,7.0869
5622.13,101.5,7.0872
5623.13,100.5,7.0872
5624.14,101.5,7.0872
5625.14,106.4,7.0872
5626.15,134.3,7.0872
5627.15,159.2,7.0872
5628.16,104.5,7.0872
5629.16,106.4,7.0872
5630.17,113.4,7.0872
5631.18,100.5,7.0872
5632.18,106.5,7.0872
5633.19,99.5,7.0872
5634.19,101.5,7.0872
5635.2,100.5,7.0872
5636.2,99.5,7.0872
5637.21,101.5,7.0872
5638.21,100.5,7.0872
5639.22,101.5,7.0872
5640.22,101.5,7.0872
5641.23,111.4,7.0875
5642.23,101.5,7.0875
5643.24,99.5,7.0875
5644.24,100.5,7.0875
5645.25,103.5,7.0875
5646.25,100.5,7.0875
5647.26,99.5,7.0875
5648.26,100.5,7.0875
5649.27,101.5,7.0875
5650.27,101.5,7.0875
5651.28,101.5,7.0875
5652.28,100.5,7.0875
5653.29,99.5,7.0878
5654.29,101.5,7.0878
5655.3,100.5,7.0878
5656.3,101.5,7.0878
5657.31,103.5,7.0878
5658.31,99.5,7.0878
5659.32,99.5,7.0878
5660.32,101.5,7.0878
5661.33,100.5,7.0878
5662.33,100.5,7.0878
5663.34,101.5,7.0878
5664.35,100.5,7.0878
5665.35,101.5,7.0878
5666.36,100.5,7.0878
5667.36,99.5,7.0879
5668.37,101.5,7.0879
5669.37,102.5,7.0879
5670.38,101.5,7.0879
5671.38,100.5,7.0879
5672.39,100.5,7.0879
5673.39,100.5,7.0879
5674.4,100.5,7.0879
5675.4,100.5,7.0879
5676.41,100.5,7.0879
5677.41,100.5,7.0879
5678.42,101.5,7.0879
5679.42,100.5,7.0879
5680.43,100.5,7.0879
5681.43,101.6,1.868
5682.43,324.0,2.0779
5683.44,357.4,2.2832
5684.44,317.3,2.5485
5685.45,1482.0,1.8497
5686.45,305.0,2.0477
5687.46,335.4,2.1846
5688.46,330.2,2.4456
5689.47,328.4,2.7147
5690.47,265.9,3.1256
5691.48,1.0,1.9668
5692.48,340.2,2.1259
5693.48,340.8,2.3742
5694.49,328.6,2.6442
5695.49,255.6,2.9677
5696.5,206.1,3.4926
5697.5,193.2,3.7384
5698.5,117.4,3.8359
5699.51,103.5,3.8885
5700.52,100.5,3.8932
5701.52,100.5,3.8976
5702.53,100.5,3.902
5703.53,99.5,3.907
5704.54,101.5,3.9112
5705.54,100.5,3.9158
5706.55,100.5,3.9196
5707.55,101.5,3.9246
5708.56,103.5,3.9285
5709.56,100.5,3.9331
5710.57,100.5,3.9373
5711.57,99.5,3.942
5712.58,101.5,3.946
5713.58,100.5,3.9508
5714.59,99.5,3.9553
5715.59,101.5,3.9603
5716.6,99.5,3.9646
5717.6,101.5,3.9686
5718.61,101.5,3.9723
5719.61,100.5,3.9768
5720.62,100.5,3.9806
5721.62,100.5,3.9848
5722.63,101.5,3.9891
5723.63,99.5,3.9946
5724.64,101.5,3.9987
5725.64,100.5,4.0025
5726.65,100.5,4.007
5727.66,100.5,4.014
5728.66,99.5,4.0215
5729.67,101.5,4.0296
5730.67,100.5,4.0385
5731.68,99.5,4.0459
5732.68,101.5,4.054
5733.69,100.5,4.0617
5734.69,99.5,4.0695
5735.7,100.5,4.0762
5736.7,102.5,4.0838
5737.71,100.5,4.0911
5738.71,101.5,4.099
5739.72,101.5,4.1061
5740.72,100.5,4.1138
5741.73,100.5,4.1211
5742.73,101.5,4.1279
5743.74,100.5,4.1351
5744.74,100.5,4.1427
5745.75,100.5,4.1491
5746.75,100.5,4.1557
5747.76,100.5,4.1627
5748.76,100.5,4.1697
5749.77,99.5,4.1764
5750.77,102.5,4.1836
5751.78,100.5,4.1903
5752.78,100.5,4.1954
5753.79,102.5,4.199
5754.8,99.5,4.2054
5755.8,99.5,4.212
5756.81,100.5,4.218
5757.81,101.5,4.2235
5758.82,100.5,4.2304
5759.82,99.5,4.2376
5760.83,102.5,4.2449
5761.83,99.5,4.2524
5762.84,101.5,4.2596
5763.84,100.6,4.2664
5764.85,100.5,4.2732
5765.85,100.5,4.2802
5766.86,100.5,4.2876
5767.86,102.5,4.2945
5768.87,99.5,4.2985
5769.87,101.5,4.3029
5770.88,100.5,4.3095
5771.88,100.6,4.3162
5772.89,100.5,4.3227
5773.89,100.5,4.3298
5774.9,101.5,4.3363
5775.9,100.5,4.3431
5776.91,100.5,4.347
5777.91,101.5,4.3502
5778.92,99.5,4.3543
5779.92,101.5,4.3578
5780.93,101.5,4.3615
5781.93,100.5,4.3678
5782.94,101.5,4.3743
5783.94,101.5,4.3808
5784.95,100.5,4.3871
5785.95,99.5,4.3936
5786.96,102.6,4.4005
5787.96,99.5,4.4061
5788.97,101.5,4.4099
5789.97,99.5,4.4133
5790.98,101.5,4.4171
5791.98,99.5,4.4239
5792.99,100.5,4.4304
5793.99,100.5,4.4371
5795.0,101.5,4.4433
5796.0,102.5,4.4498
5797.01,102.5,4.4569
5798.01,100.5,4.4616
5799.02,100.5,4.4653
5800.02,100.5,4.4723
5801.03,100.5,4.4791
5802.03,101.5,4.4859
5803.04,100.5,4.4924
5804.04,99.5,4.4992
5805.05,100.5,4.5058
5806.05,100.5,4.5127
5807.06,102.5,4.5198
5808.06,99.5,4.5268
5809.07,101.5,4.5343
5810.08,101.5,4.5418
5811.08,99.5,4.5498
5812.09,101.5,4.5573
5813.09,100.5,4.5651
5814.1,99.5,4.5726
5815.1,101.5,4.5798
5816.11,100.5,4.5881
5817.11,101.5,4.5956
5818.12,100.5,4.6036
5819.12,100.7,4.6109
5820.12,101.5,4.6184
5821.13,99.5,4.6257
5822.13,101.5,4.6332
5823.14,100.5,4.642
5824.14,100.5,4.6505
5825.15,99.5,4.6585
5826.15,101.5,4.6661
5827.16,101.5,4.6738
5828.17,100.4,4.6814
5829.17,99.5,4.6889
5830.18,105.5,4.6964
5831.18,101.5,4.704
5832.19,101.5,4.7113
5833.19,101.5,4.718
5834.2,100.6,4.725
5835.2,99.5,4.7323
5836.21,102.5,4.7392
5837.21,99.5,4.7462
5838.22,100.5,4.7533
5839.22,100.5,4.7603
5840.23,99.5,4.7671
5841.23,100.5,4.7737
5842.24,100.5,4.7809
5843.24,101.5,4.7877
5844.25,99.5,4.7949
5845.25,100.5,4.802
5846.26,101.5,4.8097
5847.26,104.5,4.8171
5848.27,101.5,4.8242
5849.27,101.5,4.8314
5850.28,100.5,4.8387
5851.28,101.5,4.8452
5852.29,99.5,4.852
5853.29,101.5,4.8583
5854.3,101.5,4.8649
5855.3,101.5,4.8719
5856.31,101.5,4.879
5857.31,100.5,4.8857
5858.32,99.5,4.893
5859.32,99.5,4.8998
5860.33,101.5,4.9063
5861.33,100.5,4.9128
5862.34,100.5,4.9194
5863.34,101.5,4.9259
5864.35,101.5,4.9316
5865.35,99.5,4.9374
5866.36,100.5,4.9432
5867.37,100.5,4.9486
5868.37,99.6,4.9515
5869.37,103.5,4.9579
5870.38,150.2,1.7509
5871.38,6.0,1.9371
5872.39,300.1,2.0794
5873.39,348.2,2.4307
5874.4,183.0,2.9266
5875.4,1554.9,1.8385
5876.41,288.5,2.0265
5877.41,329.4,2.1639
5878.41,324.0,1.7515
5879.42,2.0,1.9973
5880.42,335.0,2.1209
5881.43,330.4,2.3241
5882.43,2.0,2.0233
5883.44,370.5,2.2108
5884.44,1.0,1.8585
5885.44,304.2,2.0367
5886.45,332.4,2.215
5887.45,2182.0,1.8581
5888.45,299.8,2.0314
5889.46,355.5,2.1902
5890.46,298.5,1.7526
5891.47,2.0,2.0212
5892.47,340.5,2.1578
5893.48,2.0,1.8955
5894.48,329.0,2.0476
5895.48,350.0,2.2493
5896.49,2.0,1.8623
5897.49,312.1,2.024
5898.49,344.3,2.1869
5899.5,333.2,2.4517
5900.5,224.9,2.7806
5901.51,163.2,3.144
5902.51,139.4,3.6356
5903.52,290.5,3.8537
5904.52,273.6,3.9836
5905.53,201.0,4.0963
5906.53,201.0,4.1889
5907.54,202.0,4.268
5908.54,218.3,4.3565
5909.55,2358.9,1.9376
5910.55,321.0,2.1335
5911.55,1641.5,1.8653
5912.56,345.1,2.0833
5913.56,357.1,2.4246
5914.56,12.0,1.9904
5915.57,346.3,2.1803
5916.57,330.3,2.5271
5917.57,247.4,2.8751
5918.58,150.3,3.2148
5919.58,2.0,1.8579
5920.59,303.8,2.0396
5921.59,362.1,2.1975
5922.6,322.4,2.4042
5923.6,1.0,1.8527
5924.6,314.9,2.0409
5925.61,1484.3,1.8462
5926.61,330.0,2.0514
5927.62,0.0,1.9033
5928.62,311.1,2.0633
5929.62,330.3,2.3016
5930.63,245.7,2.7782
5931.63,2.0,1.9761
5932.63,321.3,2.131
5933.64,282.6,2.5503
5934.65,1533.5,1.8631
5935.65,355.9,2.0702
5936.65,344.7,2.2701
5937.66,267.7,2.4917
5938.66,135.4,2.702
5939.67,112.4,2.8916
5940.67,3.0,1.8618
5941.67,336.2,2.0553
5942.67,350.2,2.2683
5943.68,6.0,2.0113
5944.68,358.1,2.2297
5945.69,311.3,2.5592
5946.7,209.9,2.853
5947.7,2.0,1.8578
5948.7,346.1,2.0687
5949.71,311.4,2.442
5950.71,2.0,1.9203
5951.71,328.2,2.0898
5952.72,336.1,2.3198
5953.72,302.7,2.5427
5954.73,1.0,1.9454
5955.73,293.1,2.0917
5956.73,329.0,2.4488
5957.74,5.0,1.9155
5958.74,349.0,2.1037
5959.74,0.0,1.8844
5960.75,342.3,2.1271
5961.75,346.3,1.7577
5962.75,2.0,2.0877
5963.76,4.0,1.8388
5964.76,302.4,2.0552
5965.77,354.4,2.194
5966.77,341.2,2.4545
5967.78,317.3,2.7161
5968.79,293.4,3.1271
5969.79,150.2,3.6731
5970.8,129.3,4.2201
5971.8,121.4,4.7629
5972.81,100.5,5.3132
5973.81,101.5,5.8579
5974.82,101.5,6.4039
5975.82,123.4,6.8255
5976.83,101.6,6.9425
5977.83,103.5,6.9425
5978.84,99.5,6.9425
5979.84,102.5,6.9425
5980.85,101.5,6.9425
5981.85,100.5,6.9425
5982.86,102.5,6.9428
5983.86,100.5,6.9428
5984.87,114.4,7.0436
5985.87,119.4,7.0406
5986.88,99.5,7.0406
5987.88,100.5,7.0406
5988.89,101.5,7.0406
5989.89,103.5,7.0406
5990.9,100.4,7.0406
5991.9,111.4,7.04
5992.91,101.4,7.04
5993.92,99.5,7.04
5994.92,100.5,7.04
5995.93,101.5,7.04
5996.93,100.5,7.04
5997.93,195.3,7.0444
5998.94,101.5,7.0445
5999.94,111.4,7.0447
6000.95,100.5,7.0447
6001.96,100.5,7.0447
6002.96,100.5,7.045
6003.97,101.5,7.0406
6004.97,100.5,7.0406
6005.98,103.4,7.0406
6006.98,111.4,7.0406
6007.99,100.5,7.0406
6008.99,100.5,7.0406
6010.0,100.5,7.0406
6011.0,3.0,1.8629
6012.01,299.5,2.0346
6013.01,349.9,2.1921
6014.01,1.0,1.9742
6015.02,336.4,2.1313
6016.02,157.2,2.2211
6017.03,11.0,1.9284
6018.03,322.0,2.0755
6019.03,0.0,1.8876
6020.03,321.1,2.0498
6021.04,3.0,1.8675
6022.04,301.4,2.0285
6023.05,1.0,1.988
6024.05,326.0,2.1037
6025.05,2.0,1.9821
6026.05,1.0,1.7603
6027.06,3.0,2.0422
6028.06,328.0,2.321
6029.07,310.4,2.6498
6030.07,308.5,3.0155
6031.08,177.1,3.596
6032.08,249.2,3.8931
6033.09,357.6,4.2338
6034.09,338.2,4.5238
6035.1,313.4,4.7974
6036.1,310.4,5.0706
6037.11,307.4,5.3271
6038.11,309.4,5.5377
6039.12,303.5,5.8296
6040.12,302.7,6.1863
6041.13,304.4,6.5642
6042.13,331.1,7.3385
6043.13,305.7,7.5868
6044.14,304.4,7.5885
6045.14,303.2,7.5888
6046.15,306.7,7.5899
6047.15,305.4,7.5899
6048.16,302.6,7.5908
6049.16,310.4,7.5915
6050.17,244.8,7.5918
6051.17,203.9,7.5918
6052.18,242.7,7.5921
6053.18,231.8,8.2963
6054.19,144.2,8.2964
6055.19,158.2,8.2964
6056.2,164.1,8.2964
6057.2,223.8,8.2964
6058.21,121.4,8.2965
6059.21,129.3,8.2965
6060.22,121.5,8.2965
6061.22,211.8,8.2966
6062.23,133.3,8.2967
6063.23,124.4,8.2967
6064.24,105.4,8.2967
6065.24,115.4,8.2967
6066.25,105.5,8.2967
6067.26,105.4,8.2967
6068.26,110.5,8.2967
6069.26,102.6,8.2967
6070.27,216.4,8.2967
6071.27,102.5,8.2967
6072.28,243.8,8.3553
6073.28,102.5,8.3553
6074.29,129.3,8.3553
6075.29,101.5,8.3553
6076.3,101.7,8.3553
6077.3,102.5,8.3553
6078.31,102.5,8.3553
6079.31,104.4,8.3553
6080.32,105.4,8.3553
6081.32,101.5,8.3553
6082.33,105.4,8.3553
6083.33,107.5,8.3553
6084.34,101.5,8.3553
6085.34,126.3,8.3553
6086.35,102.5,8.3553
6087.35,100.5,8.3553
6088.36,102.5,8.3553
6089.36,101.5,8.3553
6090.37,108.4,8.3553
6091.37,101.5,8.3553
6092.38,119.4,8.3553
6093.39,118.4,8.3553
6094.39,121.3,8.3553
6095.4,100.5,8.3553
6096.4,101.5,8.3553
6097.41,100.5,8.3553
6098.41,102.5,8.3553
6099.42,101.5,8.3553
6100.42,114.4,8.3553
6101.43,112.4,8.3553
6102.43,101.5,8.3553
6103.44,102.4,8.3553
6104.44,99.5,8.3553
6105.45,101.5,8.3553
6106.45,133.3,8.3553
6107.46,100.5,8.3553
6108.47,101.5,8.3553
6109.47,102.5,8.3553
6110.48,99.5,8.3553
6111.48,100.5,8.3553
6112.49,118.4,8.3553
6113.49,115.4,8.3555
6114.5,100.5,8.3555
6115.5,102.5,8.3555
6116.51,102.5,8.3555
6117.51,107.4,8.3555
6118.52,101.5,8.3555
6119.52,101.5,8.3555
6120.53,100.5,8.3555
6121.53,101.5,8.3555
6122.54,99.5,8.3557
6123.55,144.2,8.3587
6124.55,120.5,8.3588
6125.55,100.5,8.3588
6126.56,100.5,8.3588
6127.57,101.5,8.3588
6128.57,260.6,8.5462
6129.58,100.5,8.5462
6130.58,101.5,8.5462
6131.59,99.5,8.5462
6132.59,101.5,8.5462
6133.6,102.5,8.5462
6134.6,100.5,8.5462
6135.61,100.5,8.5462
6136.61,101.4,8.5462
6137.62,99.5,8.5462
6138.62,102.5,8.5462
6139.63,100.5,8.5462
6140.64,99.5,8.5462
6141.64,99.5,8.5462
6142.65,101.5,8.5462
6143.65,101.5,8.5462
6144.66,99.5,8.5462
6145.66,102.5,8.5462
6146.67,99.5,8.5462
6147.67,101.6,8.5462
6148.68,100.5,8.5462
6149.68,101.5,8.5462
6150.69,99.5,8.5462
6151.69,102.5,8.5462
6152.7,100.5,8.5462
6153.7,100.5,8.5462
6154.71,100.5,8.5462
6155.71,100.5,8.5462
6156.72,100.5,8.5462
6157.72,104.4,8.5462
6158.73,101.5,8.5462
6159.73,100.6,8.5462
6160.74,101.5,8.5462
6161.74,100.5,8.5462
6162.75,100.5,8.5462
6163.75,99.5,8.5462
6164.76,101.5,8.5462
6165.76,100.5,8.5462
6166.77,100.5,8.5462
6167.77,101.5,8.5464
6168.78,99.5,8.5464
6169.78,101.5,8.5464
6170.79,99.5,8.5464
6171.8,104.5,8.5464
6172.8,99.5,8.5467
6173.8,100.5,8.5467
6174.81,101.5,8.5467
6175.82,100.5,8.5467
6176.82,100.5,8.5467
6177.83,103.5,8.5467
6178.83,100.5,8.5467
6179.84,101.5,8.5467
6180.84,100.5,8.5467
6181.85,101.5,8.5467
6182.85,100.5,8.5467
6183.86,100.5,8.5467
6184.86,101.5,8.5467
6185.87,99.5,8.5467
6186.87,101.5,8.5467
6187.88,99.5,8.5467
6188.88,101.5,8.5467
6189.89,106.4,8.5467
6190.9,101.5,8.5467
6191.9,100.5,8.5467
6192.91,101.5,8.5467
6193.91,101.4,8.5467
6194.92,100.5,8.5467
6195.92,100.5,8.5467
6196.93,100.5,8.5467
6197.93,99.5,8.5467
6198.94,101.5,8.5467
6199.94,122.4,8.5467
6200.95,101.5,8.5467
6201.95,142.2,8.5478
6202.96,101.5,8.5478
6203.96,126.3,8.5478
6204.97,103.5,8.5478
6205.97,100.5,8.5478
6206.98,101.5,8.5478
6207.99,105.4,8.5478
6208.99,133.3,8.5478
6210.0,111.4,8.5478
6211.0,100.5,8.5478
6212.01,100.5,8.5481
6213.01,102.5,8.5481
6214.02,99.5,8.5481
6215.02,101.5,8.5481
6216.03,99.5,8.5481
6217.03,102.5,8.5481
6218.04,100.5,8.5481
6219.04,101.5,8.5481
6220.05,101.5,8.5481
6221.05,100.5,8.5481
6222.06,101.5,8.5481
6223.06,100.5,8.5481
6224.07,102.5,8.5481
6225.08,101.5,8.5481
6226.08,101.5,8.5481
6227.09,99.5,8.5481
6228.09,134.3,8.5481
6229.1,100.5,8.5481
6230.1,107.4,8.5481
6231.11,99.5,8.5481
6232.11,102.5,8.5481
6233.12,99.5,8.5483
6234.12,100.5,8.5483
6235.13,101.5,8.5483
6236.13,101.5,8.5483
6237.14,100.5,8.5483
6238.14,101.5,8.5483
6239.15,102.5,8.5483
6240.15,100.5,8.5483
6241.16,101.5,8.5483
6242.17,101.5,8.5483
6243.17,100.5,8.5483
6244.18,100.5,8.5483
6245.18,99.5,8.5483
6246.19,101.5,8.5483
6247.19,101.5,8.5483
6248.2,100.5,8.5483
6249.2,100.5,8.5483
6250.21,101.5,8.5483
6251.21,100.5,8.5483
6252.22,104.5,8.5483
6253.22,103.5,8.5483
6254.23,100.5,8.5483
6255.23,100.5,8.5483
6256.24,101.5,8.5483
6257.24,99.5,8.5485
6258.25,101.5,8.5485
6259.26,100.5,8.5485
6260.26,101.5,8.5485
6261.27,101.5,8.5485
6262.27,101.5,8.5485
6263.28,101.5,8.5485
6264.28,102.5,8.5485
6265.29,99.5,8.5485
6266.29,99.5,8.5485
6267.3,101.5,8.5485
6268.3,101.5,8.5485
6269.31,100.5,8.5485
6270.31,101.5,8.5485
6271.32,99.5,8.5485
6272.32,101.5,8.5485
6273.33,101.5,8.5487
6274.33,99.6,8.5487
6275.34,100.5,8.5487
6276.34,101.5,8.5487
6277.35,101.5,8.5487
6278.35,101.5,8.5487
6279.36,100.5,8.5487
6280.36,107.5,8.5487
6281.37,100.5,8.5487
6282.38,100.5,8.5487
6283.38,102.5,8.5487
6284.38,99.6,8.5487
6285.39,99.5,8.5487
6286.39,102.5,8.5487
6287.4,100.5,8.5487
6288.41,99.5,8.5487
6289.41,101.5,8.5487
6290.42,101.5,8.5487
6291.42,100.5,8.5487
6292.43,106.5,8.5487
6293.43,168.3,8.5487
6294.43,103.5,8.5487
6295.44,99.5,8.5487
6296.45,100.5,8.5487
6297.45,102.5,8.5487
6298.46,109.4,8.5487
6299.46,101.5,8.5487
6300.47,101.5,8.5487
6301.47,100.5,8.5487
6302.48,100.5,8.5487
6303.48,100.5,8.5487
6304.49,100.5,8.5487
6305.49,100.5,8.5487
6306.5,109.6,8.5489
6307.5,307.4,8.7815
6308.51,101.6,8.7815
6309.51,100.6,8.7815
6310.51,101.5,8.7815
6311.52,100.5,8.7815
6312.53,99.5,8.7815
6313.53,103.5,8.7815
6314.54,102.5,8.7815
6315.54,101.5,8.7815
6316.55,101.5,8.7815
6317.55,100.5,8.7815
6318.56,103.5,8.7815
6319.56,101.6,8.7815
6320.57,101.5,8.7815
6321.57,101.5,8.7815
6322.58,100.5,8.7815
6323.58,101.5,8.7815
6324.59,103.5,8.7815
6325.59,100.5,8.7815
6326.6,123.6,1.9051
6327.6,339.0,2.3268
6328.6,311.4,2.7971
6329.61,274.5,3.3534
6330.61,215.3,3.7992
6331.62,368.0,4.0695
6332.62,350.9,4.3756
6333.62,324.3,4.6705
6334.63,312.3,4.9527
6335.63,308.5,5.2255
6336.64,308.4,5.5428
6337.64,310.5,5.8962
6338.65,303.4,6.2527
6339.65,304.5,6.6897
6340.66,329.2,7.4755
6341.67,305.4,7.4916
6342.67,302.5,7.4919
6343.68,306.4,7.4957
6344.68,309.6,7.4966
6345.69,295.4,7.4966
6346.69,172.1,7.5875
6347.7,179.1,7.5875
6348.7,140.3,7.5875
6349.71,121.4,7.5875
6350.71,216.0,8.2753
6351.72,105.4,8.2682
6352.72,112.4,8.2684
6353.73,145.2,8.2684
6354.73,124.3,8.2684
6355.74,106.4,8.2684
6356.74,112.4,8.2684
6357.75,164.3,8.2687
6358.75,204.9,8.2687
6359.76,213.9,8.2687
6360.76,121.4,8.2687
6361.77,109.4,8.2689
6362.77,162.2,8.2689
6363.78,107.5,8.2689
6364.78,100.5,8.2689
6365.79,107.4,8.2689
6366.79,103.5,8.2689
6367.8,150.2,8.2689
6368.8,102.5,8.2689
6369.81,104.4,8.2689
6370.81,102.5,8.2689
6371.82,232.7,8.3344
6372.83,100.5,8.3344
6373.83,108.4,8.3344
6374.84,101.5,8.3344
6375.84,103.4,8.3344
6376.85,101.5,8.3344
6377.85,126.3,8.3344
6378.86,102.5,8.3344
6379.86,102.4,8.3344
6380.87,99.5,8.3344
6381.87,100.5,8.3344
6382.88,104.4,8.3344
6383.88,100.5,8.3344
6384.89,105.4,8.3344
6385.9,124.3,8.3344
6386.9,103.5,8.3345
6387.91,100.5,8.3347
6388.91,107.4,8.3347
6389.92,101.5,8.3347
6390.92,110.4,8.3347
6391.93,121.4,8.3347
6392.93,123.4,8.3349
6393.94,101.5,8.3349
6394.94,100.5,8.3349
6395.95,99.5,8.3349
6396.95,115.5,8.3352
6397.96,103.5,8.3352
6398.96,100.5,8.3352
6399.97,102.5,8.3352
6400.97,109.4,8.3352
6401.98,99.5,8.3352
6402.99,100.5,8.3352
6403.99,102.5,8.3352
6405.0,99.5,8.3352
6406.0,100.5,8.3352
6407.01,101.5,8.3352
6408.01,101.5,8.3352
6409.02,102.5,8.3352
6410.02,106.4,8.3352
6411.03,113.4,8.3352
6412.03,101.5,8.3352
6413.04,106.5,8.3352
6414.04,102.5,8.3352
6415.05,100.5,8.3352
6416.05,103.5,8.3352
6417.06,100.5,8.3352
6418.06,101.5,8.3352
6419.07,100.6,8.3352
6420.07,101.5,8.3352
6421.08,100.5,8.3352
6422.08,99.5,8.3352
6423.09,100.5,8.3352
6424.09,120.4,8.3352
6425.1,100.5,8.3352
6426.1,122.4,8.3352
6427.11,105.5,8.3352
6428.11,101.5,8.3352
6429.12,99.5,8.3352
6430.13,102.5,8.3352
6431.13,99.5,8.3352
6432.14,100.5,8.3352
6433.14,100.5,8.3352
6434.15,100.5,8.3352
6435.15,101.5,8.3352
6436.16,101.5,8.3352
6437.16,101.5,8.3352
6438.17,100.5,8.3352
6439.17,101.5,8.3352
6440.18,100.5,8.3352
6441.18,100.5,8.3352
6442.19,101.5,8.3354
6443.19,100.5,8.3354
6444.2,99.5,8.3354
6445.2,103.5,8.3354
6446.21,100.5,8.3354
6447.21,101.5,8.3354
6448.22,99.5,8.3354
6449.22,101.5,8.3354
6450.23,101.5,8.3354
6451.23,101.5,8.3354
6452.24,163.5,8.3357
6453.24,201.9,8.524
6454.25,102.5,8.524
6455.25,100.5,8.524
6456.26,100.5,8.524
6457.26,101.7,8.524
6458.27,100.5,8.524
6459.27,100.5,8.524
6460.28,103.5,8.524
6461.29,99.4,8.524
6462.29,102.2,8.524
6463.3,101.5,8.524
6464.3,101.5,8.524
6465.31,99.5,8.524
6466.31,102.5,8.524
6467.32,100.5,8.524
6468.32,99.5,8.524
6469.33,100.5,8.524
6470.33,100.5,8.524
6471.34,100.5,8.524
6472.35,99.5,8.524
6473.35,102.6,8.524
6474.35,100.5,8.524
6475.36,102.5,8.524
6476.37,100.5,8.524
6477.37,100.5,8.524
6478.38,103.5,8.524
6479.38,99.6,8.524
6480.39,102.5,8.524
6481.39,101.5,8.524
6482.4,106.4,8.524
6483.4,101.5,8.524
6484.41,100.5,8.524
6485.41,100.5,8.524
6486.42,101.5,8.524
6487.42,101.4,8.524
6488.43,100.5,8.524
6489.43,99.5,8.524
6490.44,101.5,8.524
6491.44,99.7,8.524
6492.44,106.5,8.5242
6493.45,101.5,8.5242
6494.46,99.5,8.5242
6495.46,102.5,8.5242
6496.47,101.5,8.5242
6497.47,101.5,8.5242
6498.48,106.4,8.5242
6499.48,101.5,8.5242
6500.49,100.5,8.5242
6501.49,131.2,8.5242
6502.5,104.5,8.5242
6503.5,145.3,8.5242
6504.51,200.0,8.5249
6505.51,102.5,8.5249
6506.52,103.5,8.5249
6507.52,121.4,8.5249
6508.53,100.5,8.5249
6509.53,100.5,8.5249
6510.54,119.4,8.5249
6511.54,101.5,8.5249
6512.55,100.5,8.5249
6513.55,102.5,8.5249
6514.56,99.5,8.5249
6515.56,102.5,8.5249
6516.57,100.5,8.5249
6517.57,101.5,8.5249
6518.58,99.5,8.5249
6519.59,100.5,8.5249
6520.59,101.5,8.5249
6521.6,100.4,8.5249
6522.6,100.4,8.5249
6523.61,100.7,8.5249
6524.61,103.5,8.5249
6525.62,100.5,8.5249
6526.62,99.5,8.5249
6527.63,101.5,8.5249
6528.63,100.5,8.5249
6529.64,103.4,8.5249
6530.64,102.4,8.5249
6531.65,99.5,8.5249
6532.65,114.4,8.5249
6533.66,108.4,8.5249
6534.66,100.5,8.5249
6535.67,102.5,8.5249
6536.67,101.5,8.5249
6537.68,99.5,8.5251
6538.68,102.7,8.5252
6539.69,99.5,8.5252
6540.69,101.5,8.5252
6541.7,99.5,8.5252
6542.7,101.5,8.5252
6543.71,99.5,8.5252
6544.71,100.5,8.5252
6545.72,102.6,8.5252
6546.72,100.5,8.5252
6547.73,101.5,8.5252
6548.73,100.5,8.5252
6549.74,100.5,8.5252
6550.74,100.5,8.5252
6551.75,100.5,8.5252
6552.75,100.5,8.5252
6553.76,101.5,8.5252
6554.77,101.5,8.5252
6555.77,99.5,8.5252
6556.78,100.5,8.5252
6557.78,100.5,8.5252
6558.79,105.6,8.5252
6559.79,100.5,8.5252
6560.8,102.5,8.5252
6561.8,100.5,8.5252
6562.81,102.5,8.5252
6563.81,100.5,8.5252
6564.82,100.5,8.5252
6565.82,100.5,8.5252
6566.83,101.5,8.5252
6567.83,100.5,8.5252
6568.84,100.5,8.5252
6569.84,100.5,8.5252
6570.85,99.4,8.5252
6571.85,102.5,8.5252
6572.86,99.5,8.5252
6573.86,99.5,8.5252
6574.87,100.5,8.5252
6575.87,102.6,8.5252
6576.88,101.5,8.5252
6577.88,100.5,8.5252
6578.89,100.6,8.5252
6579.89,100.5,8.5252
6580.9,101.5,8.5252
6581.9,100.5,8.5254
6582.91,100.5,8.5254
6583.91,100.5,8.5254
6584.92,101.5,8.5254
6585.92,133.3,8.5254
6586.93,101.7,8.5254
6587.93,101.5,8.5254
6588.94,100.5,8.5254
6589.94,122.3,8.5254
6590.95,133.3,8.5295
6591.95,101.5,8.5295
6592.96,101.5,8.5295
6593.96,101.5,8.5295
6594.97,103.5,8.5295
6595.97,100.5,8.5295
6596.98,99.5,8.5295
6597.99,102.5,8.5295
6598.99,101.5,8.5295
6600.0,100.5,8.5295
6601.0,99.5,8.5295
6602.01,101.5,8.5295
6603.01,100.5,8.5295
6604.02,100.5,8.5295
6605.02,100.5,8.5295
6606.03,102.5,8.5295
6607.03,100.5,8.5295
6608.04,100.5,8.5295
6609.04,101.5,8.5295
6610.05,101.5,8.5295
6611.05,101.5,8.5295
6612.06,102.5,8.5295
6613.06,101.5,8.5295
6614.07,100.5,8.5295
6615.07,101.5,8.5295
6616.08,104.5,8.5295
6617.09,99.5,8.5295
6618.09,103.6,8.5295
6619.09,137.6,8.5296
6620.1,272.6,8.7533
6621.1,101.5,8.7533
6622.11,102.5,8.7533
6623.11,131.3,8.7533
6624.12,101.5,8.7533
6625.12,101.5,8.7533
6626.13,1307.0,1.8027
6627.14,271.6,2.0444
6628.14,316.3,2.3771
6629.15,302.6,2.7126
6630.15,257.6,3.1537
6631.16,169.1,3.7557
6632.16,316.6,3.9754
6633.16,357.9,4.3702
6634.17,329.3,4.808
6635.17,312.5,5.2149
6636.18,310.5,5.551
6637.18,303.4,5.8895
6638.19,301.4,6.2416
6639.19,306.6,6.6784
6640.2,329.4,7.5388
6641.2,309.4,7.5903
6642.21,302.5,7.5912
6643.21,314.7,7.5932
6644.22,310.4,7.5938
6645.22,218.8,7.5939
6646.23,150.2,7.5941
6647.23,152.2,7.5941
6648.24,132.3,7.5941
6649.24,122.4,7.5941
6650.25,253.7,8.2571
6651.25,102.5,8.2838
6652.26,113.4,8.2839
6653.26,125.5,8.2839
6654.27,149.2,8.2839
6655.27,161.1,8.2839
6656.28,125.3,8.2839
6657.29,155.2,8.2839
6658.29,164.2,8.2839
6659.3,137.3,8.2839
6660.3,111.4,8.2839
6661.31,100.5,8.2839
6662.31,105.5,8.2842
6663.32,106.4,8.2842
6664.32,107.4,8.2842
6665.33,99.5,8.2842
6666.33,102.5,8.2842
6667.34,145.3,8.2842
6668.34,105.4,8.2842
6669.35,100.5,8.2842
6670.35,102.5,8.2842
6671.36,186.4,8.2846
6672.36,159.2,8.3468
6673.37,107.4,8.3468
6674.37,101.5,8.3468
6675.38,100.5,8.3468
6676.38,102.5,8.3468
6677.39,100.5,8.3471
6678.39,102.5,8.3471
6679.4,105.4,8.3471
6680.4,101.5,8.3471
6681.41,103.5,8.3471
6682.41,116.4,8.3471
6683.42,100.5,8.3471
6684.43,101.5,8.3471
6685.43,100.6,8.3471
6686.43,104.5,8.3471
6687.44,107.4,8.3471
6688.45,140.3,8.3471
6689.45,99.5,8.3471
6690.46,102.5,8.3471
6691.46,100.5,8.3471
6692.47,101.5,8.3471
6693.47,102.5,8.3471
6694.48,100.5,8.3471
6695.48,108.5,8.3471
6696.49,100.5,8.3471
6697.49,102.5,8.3471
6698.5,99.5,8.3471
6699.5,101.5,8.3471
6700.51,100.5,8.3471
6701.51,103.5,8.3471
6702.52,104.4,8.3471
6703.52,103.4,8.3471
6704.53,106.4,8.3471
6705.53,119.4,8.3471
6706.54,103.5,8.3471
6707.55,103.5,8.3471
6708.55,102.5,8.3471
6709.56,101.5,8.3471
6710.56,101.5,8.3471
6711.57,101.5,8.3471
6712.57,100.5,8.3471
6713.58,100.5,8.3471
6714.58,101.6,8.3471
6715.59,109.5,8.3471
6716.59,109.4,8.3471
6717.6,131.3,8.3471
6718.6,102.5,8.3471
6719.61,101.5,8.3471
6720.61,100.5,8.3471
6721.62,101.5,8.3471
6722.62,101.5,8.3474
6723.63,100.5,8.3474
6724.63,101.5,8.3474
6725.64,100.5,8.3474
6726.64,99.6,8.3474
6727.65,100.5,8.3474
6728.65,102.5,8.3474
6729.66,100.4,8.3474
6730.66,101.5,8.3474
6731.67,101.5,8.3474
6732.67,99.5,8.3474
6733.68,101.5,8.3474
6734.68,99.5,8.3474
6735.69,102.5,8.3474
6736.7,101.5,8.3474
6737.7,100.5,8.3474
6738.71,101.5,8.3474
6739.71,101.5,8.3474
6740.71,272.1,8.536
6741.72,101.5,8.536
6742.73,99.5,8.536
6743.73,100.5,8.536
6744.74,102.5,8.536
6745.74,100.5,8.536
6746.75,101.5,8.536
6747.75,102.4,8.536
6748.76,100.5,8.536
6749.76,100.6,8.536
6750.77,100.5,8.536
6751.77,102.5,8.536
6752.78,100.5,8.536
6753.78,101.5,8.536
6754.79,99.5,8.536
6755.79,101.5,8.536
6756.8,101.5,8.536
6757.8,100.5,8.536
6758.81,101.5,8.536
6759.81,101.5,8.536
6760.82,101.5,8.536
6761.83,99.5,8.536
6762.83,102.4,8.536
6763.84,100.5,8.536
6764.84,100.5,8.536
6765.85,101.5,8.536
6766.85,136.3,8.536
6767.86,100.5,8.5362
6768.86,101.5,8.5362
6769.87,105.4,8.5362
6770.87,100.5,8.5362
6771.88,101.5,8.5362
6772.88,99.5,8.5362
6773.89,103.5,8.5362
6774.89,100.5,8.5362
6775.9,100.5,8.5362
6776.91,100.5,8.5362
6777.91,104.5,8.5362
6778.92,102.5,8.5362
6779.92,118.4,8.5362
6780.93,102.5,8.5362
6781.93,99.5,8.5362
6782.94,100.5,8.5362
6783.94,101.5,8.5362
6784.95,100.5,8.5362
6785.95,100.5,8.5362
6786.96,102.5,8.5362
6787.96,116.4,8.5362
6788.97,103.5,8.5362
6789.97,101.5,8.5362
6790.98,110.4,8.5362
6791.98,102.5,8.5362
6792.99,99.5,8.5362
6793.99,130.4,8.5362
6795.0,100.5,8.5362
6796.0,120.4,8.5362
6797.01,100.5,8.5362
6798.01,101.5,8.5362
6799.02,101.5,8.5362
6800.02,99.5,8.5362
6801.03,101.5,8.5362
6802.03,100.5,8.5364
6803.04,100.5,8.5364
6804.05,101.5,8.5364
6805.05,101.5,8.5364
6806.06,99.5,8.5364
6807.06,101.5,8.5364
6808.07,102.5,8.5364
6809.07,100.5,8.5364
6810.08,101.5,8.5364
6811.08,101.5,8.5364
6812.09,101.7,8.5364
6813.09,100.5,8.5364
6814.1,100.5,8.5364
6815.1,101.5,8.5364
6816.11,101.5,8.5364
6817.11,102.5,8.5364
6818.12,100.5,8.5364
6819.12,101.5,8.5364
6820.13,101.5,8.5364
6821.13,105.4,8.5364
6822.14,100.5,8.5364
6823.14,102.5,8.5364
6824.15,100.5,8.5364
6825.15,101.5,8.5364
6826.16,102.4,8.5364
6827.16,100.6,8.5364
6828.17,99.5,8.5364
6829.17,101.5,8.5364
6830.18,100.5,8.5364
6831.18,100.5,8.5364
6832.19,100.5,8.5364
6833.19,101.5,8.5364
6834.2,101.5,8.5364
6835.21,100.5,8.5364
6836.21,100.5,8.5364
6837.22,100.5,8.5364
6838.22,102.5,8.5364
6839.23,100.5,8.5364
6840.23,100.5,8.5364
6841.24,101.5,8.5364
6842.24,101.5,8.5364
6843.25,100.5,8.5364
6844.25,101.7,8.5364
6845.26,99.5,8.5364
6846.26,102.5,8.5364
6847.27,118.4,8.5364
6848.27,101.5,8.5364
6849.28,101.5,8.5364
6850.28,100.5,8.5364
6851.29,99.5,8.5364
6852.29,101.5,8.5367
6853.3,101.5,8.5367
6854.3,102.5,8.5367
6855.31,100.5,8.5367
6856.31,99.5,8.537
6857.32,108.4,8.537
6858.33,101.5,8.537
6859.33,101.5,8.537
6860.34,99.5,8.537
6861.34,100.5,8.537
6862.35,101.5,8.537
6863.35,100.5,8.537
6864.36,101.5,8.537
6865.36,100.5,8.537
6866.37,101.5,8.537
6867.37,104.5,8.537
6868.38,100.5,8.537
6869.38,100.5,8.537
6870.39,101.5,8.537
6871.39,100.5,8.537
6872.4,139.2,8.537
6873.41,101.5,8.537
6874.41,101.5,8.537
6875.42,102.5,8.537
6876.42,112.4,8.537
6877.43,103.4,8.537
6878.43,158.2,8.537
6879.44,101.5,8.537
6880.44,100.5,8.537
6881.45,101.5,8.537
6882.45,99.5,8.537
6883.46,100.5,8.537
6884.46,100.5,8.537
6885.47,104.4,8.537
6886.47,102.5,8.537
6887.48,99.5,8.537
6888.48,100.5,8.537
6889.49,102.5,8.537
6890.49,100.5,8.537
6891.5,100.5,8.537
6892.51,102.5,8.537
6893.51,102.5,8.537
6894.52,101.5,8.537
6895.52,100.5,8.537
6896.53,101.5,8.537
6897.53,128.3,8.5372
6898.54,99.5,8.5372
6899.54,100.5,8.5372
6900.55,102.5,8.5372
6901.55,102.5,8.5372
6902.56,100.5,8.5372
6903.56,104.5,8.5372
6904.57,101.5,8.5372
6905.57,100.5,8.5372
6906.58,103.5,8.5372
6907.58,101.5,8.5372
6908.59,101.5,8.5372
6909.59,289.1,8.7323
6910.6,145.3,8.7592
6911.6,106.4,8.7592
6912.61,99.5,8.7592
6913.61,102.5,8.7592
6914.62,99.5,8.7592
6915.62,100.5,8.7592
6916.63,100.5,8.7592
6917.63,101.5,8.7592
6918.64,100.5,8.7592
6919.64,99.5,8.7592
6920.65,103.5,8.7592
6921.66,100.5,8.7592
6922.66,100.5,8.7592
6923.67,105.4,8.7592
6924.67,100.5,8.7592
6925.68,100.5,8.7592
6926.68,100.7,1.9093
6927.68,330.3,2.1886
6928.69,355.1,2.336
6929.69,347.2,2.6282
6930.7,318.5,2.9894
6931.7,316.4,3.4273
6932.71,225.8,3.6087
6933.71,152.2,3.6565
6934.72,259.6,3.7719
6935.72,3234.0,1.9231
6936.72,342.0,2.3674
6937.73,322.4,2.8438
6938.73,199.1,3.4352
6939.74,189.4,3.7888
6940.74,346.3,4.0027
6941.75,339.5,4.305
6942.75,330.3,4.5969
6943.76,314.5,4.901
6944.76,312.4,5.3224
6945.77,305.4,5.7128
6946.77,311.4,6.0495
6947.78,302.4,6.4049
6948.78,307.4,6.7401
6949.79,329.5,7.4813
6950.79,303.4,7.4813
6951.8,307.4,7.4813
6952.8,300.4,7.4813
6953.81,299.4,7.482
6954.81,238.8,7.4827
6955.82,221.8,7.5833
6956.82,260.6,7.5836
6957.83,169.1,7.5837
6958.83,129.3,7.5837
6959.84,107.4,7.5837
6960.84,199.4,8.081
6961.85,211.9,8.2782
6962.85,138.3,8.2782
6963.86,108.4,8.2782
6964.86,187.0,8.2783
6965.87,179.0,8.2783
6966.88,117.4,8.2783
6967.88,116.4,8.2783
6968.89,116.4,8.2783
6969.89,121.3,8.2783
6970.9,102.4,8.2785
6971.9,180.2,8.2788
6972.91,102.5,8.2788
6973.91,111.4,8.2788
6974.92,107.5,8.2788
6975.92,105.4,8.2788
6976.93,102.4,8.2788
6977.93,104.5,8.2788
6978.94,105.5,8.2788
6979.94,106.4,8.2788
6980.95,130.3,8.2788
6981.95,121.7,8.2794
6982.96,221.8,8.3609
6983.96,122.5,8.3609
6984.97,101.5,8.3609
6985.97,99.5,8.3609
6986.98,119.4,8.3611
6987.98,100.5,8.3611
6988.99,112.4,8.3611
6989.99,99.5,8.3611
6991.0,99.5,8.3611
6992.0,101.5,8.3611
6993.01,100.5,8.3611
6994.01,102.5,8.3611
6995.02,100.5,8.3611
6996.02,101.5,8.3611
6997.03,100.5,8.3612
6998.04,101.5,8.3612
6999.04,102.5,8.3612
7000.05,100.5,8.3612
7001.05,100.5,8.3612
7002.06,100.5,8.3612
7003.06,102.5,8.3612
7004.07,100.5,8.3612
7005.07,100.5,8.3612
7006.08,101.5,8.3612
7007.08,101.5,8.3612
7008.09,104.4,8.3612
7009.09,100.5,8.3612
7010.1,101.5,8.3612
7011.1,99.5,8.3612
7012.11,102.5,8.3612
7013.11,100.5,8.3612
7014.12,100.5,8.3612
7015.13,100.5,8.3612
7016.13,100.5,8.3612
7017.14,101.5,8.3612
7018.14,101.5,8.3612
7019.15,101.5,8.3612
7020.15,121.4,8.3612
7021.16,102.5,8.3612
7022.16,101.5,8.3612
7023.17,101.5,8.3612
7024.17,102.5,8.3612
7025.18,101.5,8.3612
7026.18,99.5,8.3612
7027.19,109.4,8.3612
7028.2,100.5,8.3612
7029.2,101.5,8.3612
7030.21,102.5,8.3612
7031.21,99.5,8.3612
7032.22,101.5,8.3612
7033.22,103.5,8.3612
7034.23,100.5,8.3612
7035.23,102.5,8.3612
7036.24,100.4,8.3612
7037.24,101.5,8.3614
7038.25,101.5,8.3614
7039.25,101.5,8.3614
7040.26,100.5,8.3614
7041.26,100.5,8.3614
7042.27,101.5,8.3614
7043.27,100.5,8.3615
7044.28,101.5,8.3615
7045.29,101.5,8.3615
7046.29,100.5,8.3615
7047.3,100.5,8.3615
7048.3,104.4,8.3615
7049.31,271.7,8.5532
7050.31,99.6,8.5532
7051.31,100.5,8.5532
7052.32,99.5,8.5532
7053.33,103.5,8.5532
7054.33,100.5,8.5532
7055.34,109.4,8.5532
7056.34,113.4,8.5532
7057.35,101.5,8.5532
7058.35,100.5,8.5532
7059.36,102.5,8.5532
7060.36,113.4,8.5532
7061.37,124.3,8.5532
7062.37,119.4,8.5532
7063.38,100.5,8.5532
7064.38,99.5,8.5532
7065.39,101.5,8.5532
7066.39,100.8,8.5532
7067.4,101.5,8.5532
7068.4,100.5,8.5532
7069.4,101.7,8.5532
7070.41,100.5,8.5532
7071.41,100.5,8.5532
7072.42,100.7,8.5532
7073.42,102.5,8.5532
7074.43,100.7,8.5532
7075.43,100.5,8.5532
7076.44,100.5,8.5532
7077.44,100.5,8.5532
7078.44,100.7,8.5532
7079.45,100.5,8.5532
7080.45,112.4,8.5532
7081.46,100.5,8.5532
7082.47,100.5,8.5534
7083.47,101.5,8.5534
7084.48,102.5,8.5534
7085.48,102.2,8.5534
7086.49,106.4,8.5534
7087.49,106.5,8.5535
7088.5,99.5,8.5535
7089.5,101.5,8.5535
7090.51,100.5,8.5535
7091.51,103.4,8.5535
7092.52,101.5,8.5535
7093.53,101.5,8.5535
7094.53,100.5,8.5535
7095.54,100.5,8.5535
7096.54,147.3,8.5535
7097.54,101.8,8.5535
7098.55,128.3,8.5535
7099.55,101.5,8.5535
7100.56,109.4,8.5535
7101.56,101.5,8.5535
7102.57,101.5,8.5535
7103.57,104.4,8.5535
7104.58,99.5,8.5535
7105.59,101.5,8.5535
7106.59,100.5,8.5535
7107.6,99.5,8.5535
7108.6,101.5,8.5535
7109.61,101.5,8.5535
7110.61,102.5,8.5535
7111.62,99.5,8.5535
7112.62,101.5,8.5535
7113.63,101.5,8.5535
7114.63,99.5,8.5535
7115.64,101.5,8.5535
7116.64,100.5,8.5535
7117.65,107.4,8.5535
7118.65,102.5,8.5535
7119.66,100.5,8.5535
7120.67,101.5,8.5535
7121.67,100.5,8.5535
7122.68,101.5,8.5535
7123.68,100.5,8.5535
7124.69,100.5,8.5535
7125.69,101.4,8.5535
7126.7,101.5,8.5535
7127.7,101.5,8.5537
7128.71,100.5,8.5537
7129.71,100.5,8.5537
7130.72,99.5,8.5537
7131.72,103.4,8.5537
7132.73,100.5,8.5537
7133.74,101.4,8.5537
7134.74,100.5,8.5537
7135.75,102.5,8.5537
7136.75,101.4,8.5537
7137.76,101.4,8.5537
7138.76,102.5,8.5537
7139.77,100.5,8.5537
7140.77,100.5,8.5537
7141.78,99.5,8.5537
7142.78,101.5,8.5537
7143.79,100.5,8.5537
7144.79,100.5,8.5537
7145.8,100.5,8.5537
7146.81,100.5,8.5504
7147.81,100.5,8.5504
7148.82,101.5,8.5504
7149.82,100.5,8.5504
7150.83,102.5,8.5504
7151.83,101.5,8.5504
7152.84,99.5,8.5504
7153.84,107.7,8.5504
7154.84,100.5,8.5504
7155.85,100.5,8.5504
7156.86,100.5,8.5504
7157.86,101.5,8.5504
7158.87,100.5,8.5504
7159.87,99.5,8.5504
7160.88,101.5,8.5504
7161.88,101.5,8.5504
7162.89,100.5,8.5504
7163.89,101.5,8.5504
7164.9,101.5,8.5504
7165.9,99.5,8.5504
7166.91,101.5,8.5504
7167.91,101.5,8.5504
7168.92,99.5,8.5504
7169.92,100.5,8.5504
7170.93,101.6,8.5504
7171.93,100.5,8.5507
7172.94,102.5,8.5507
7173.94,101.5,8.5507
7174.95,102.5,8.5507
7175.95,102.5,8.5507
7176.96,100.5,8.5507
7177.96,115.4,8.5507
7178.97,102.5,8.5507
7179.98,99.5,8.5507
7180.98,101.5,8.5507
7181.99,100.5,8.5507
7182.99,156.2,8.5507
7184.0,118.4,8.5528
7185.0,100.5,8.5528
7186.01,101.5,8.5528
7187.01,111.4,8.5528
7188.02,101.5,8.5528
7189.02,102.5,8.5528
7190.03,101.5,8.5528
7191.03,102.5,8.5528
7192.04,115.4,8.5528
7193.04,102.5,8.5528
7194.05,99.5,8.5528
7195.05,100.5,8.5528
7196.06,102.5,8.5528
7197.07,100.5,8.5528
7198.07,101.5,8.5528
7199.08,100.5,8.5528
7200.08,101.6,8.5528
7201.09,100.5,8.5528
7202.09,100.5,8.5528
7203.1,115.4,8.5528
7204.1,102.5,8.5528
7205.11,101.5,8.5528
7206.11,99.5,8.5528
7207.12,101.5,8.5528
7208.12,100.5,8.5528
7209.13,101.5,8.5528
7210.13,100.5,8.5528
7211.14,101.5,8.5528
7212.14,100.5,8.5528
7213.15,101.5,8.5528
7214.15,100.5,8.5528
7215.16,101.5,8.5528
7216.16,100.6,8.5528
7217.17,100.5,8.5531
7218.17,99.5,8.5531
7219.18,101.5,8.5531
7220.18,99.5,8.5531
7221.19,101.5,8.5531
7222.19,101.5,8.5531
7223.2,99.5,8.5531
7224.2,102.5,8.5531
7225.21,100.5,8.5531
7226.22,101.5,8.5531
7227.22,100.5,8.5531
7228.23,101.5,8.5531
7229.23,99.6,8.5531
7230.24,102.5,8.5531
7231.24,99.5,8.5531
7232.25,100.5,8.5531
7233.25,100.5,8.5531
7234.26,102.5,8.5531
7235.26,100.5,8.5531
7236.27,270.0,8.8492
7237.27,269.6,2.1636
7238.28,322.8,2.5473
7239.28,315.3,3.0975
7240.29,280.6,3.6936
7241.29,311.0,3.8896
7242.29,355.0,4.3381
7243.3,329.3,4.7756
7244.3,310.4,5.2293
7245.31,311.4,5.6312
7246.31,310.6,5.9767
7247.32,305.4,6.3562
7248.32,303.1,6.6718
7249.33,331.3,7.4149
7250.33,302.3,7.468
7251.34,302.3,7.4702
7252.34,299.1,7.4771
7253.34,290.5,7.4784
7254.35,155.5,7.4784
7255.35,185.0,7.4786
7256.36,204.9,7.5697
7257.36,232.3,7.5697
7258.37,225.8,7.5697
7259.37,168.1,7.5697
7260.38,107.7,7.5697
7261.38,262.0,8.2105
7262.38,209.9,8.2583
7263.39,208.9,8.2583
7264.4,176.1,8.2583
7265.4,109.4,8.2583
7266.41,148.2,8.2585
7267.41,241.0,8.2623
7268.41,131.3,8.2623
7269.42,135.3,8.2624
7270.43,105.4,8.2624
7271.43,102.5,8.2569
7272.44,106.4,8.2571
7273.44,146.2,8.263
7274.45,108.4,8.263
7275.45,120.4,8.263
7276.46,100.5,8.2571
7277.46,101.4,8.2571
7278.47,139.3,8.2571
7279.47,212.9,8.2571
7280.48,211.9,8.2571
7281.48,124.3,8.2573
7282.49,131.3,8.2573
7283.49,106.4,8.2573
7284.5,100.5,8.2573
7285.51,102.4,8.2573
7286.51,132.6,8.2576
7287.51,215.1,8.3428
7288.52,101.5,8.3428
7289.52,100.5,8.3428
7290.53,101.5,8.3428
7291.53,100.5,8.3428
7292.54,105.4,8.3428
7293.55,99.5,8.3428
7294.55,101.6,8.3428
7295.55,100.5,8.3428
7296.56,104.5,8.3428
7297.56,101.6,8.3428
7298.57,101.5,8.3428
7299.57,101.5,8.3428
7300.58,99.5,8.3428
7301.58,117.4,8.3428
7302.59,101.5,8.3428
7303.6,102.5,8.3428
7304.6,104.5,8.3428
7305.61,116.4,8.3428
7306.61,100.5,8.3428
7307.62,102.5,8.3428
7308.62,103.5,8.3428
7309.63,103.5,8.3428
7310.63,132.3,8.3428
7311.64,156.2,8.3506
7312.64,100.5,8.3508
7313.65,102.5,8.3508
7314.65,101.5,8.3508
7315.66,101.4,8.3508
7316.66,100.5,8.343
7317.67,101.5,8.343
7318.68,121.3,8.3438
7319.68,101.5,8.3438
7320.69,101.5,8.3438
7321.69,100.5,8.3438
7322.7,100.5,8.3438
7323.7,104.4,8.3439
7324.71,99.5,8.3439
7325.71,101.5,8.3439
7326.72,118.4,8.3439
7327.72,100.5,8.3439
7328.73,100.5,8.3439
7329.73,101.5,8.3439
7330.74,101.4,8.3439
7331.75,101.5,8.3439
7332.75,101.5,8.3439
7333.76,101.5,8.3439
7334.76,100.5,8.3439
7335.77,101.5,8.3439
7336.77,103.5,8.3439
7337.78,100.5,8.3439
7338.78,113.4,8.3439
7339.79,99.5,8.3439
7340.79,102.5,8.3439
7341.8,102.5,8.3439
7342.8,100.5,8.3439
7343.81,100.5,8.3439
7344.81,100.5,8.3439
7345.82,101.5,8.3439
7346.82,99.5,8.3439
7347.83,101.5,8.3439
7348.84,100.5,8.3439
7349.84,100.5,8.3439
7350.85,100.5,8.3439
7351.85,100.5,8.3439
7352.86,103.5,8.3439
7353.86,100.5,8.3439
7354.87,101.5,8.3439
7355.87,100.5,8.3439
7356.88,100.5,8.3441
7357.88,100.5,8.3441
7358.89,101.5,8.3441
7359.89,99.5,8.3441
7360.9,100.5,8.3441
7361.9,101.5,8.3441
7362.91,102.5,8.3441
7363.91,99.5,8.3441
7364.92,101.5,8.3441
7365.92,100.5,8.3441
7366.93,101.5,8.3441
7367.93,101.5,8.3441
7368.94,100.5,8.3441
7369.94,100.5,8.3441
7370.95,102.5,8.3441
7371.95,99.5,8.3441
7372.96,101.5,8.3441
7373.97,100.5,8.3441
7374.97,101.5,8.3441
7375.98,101.5,8.3441
7376.98,193.4,8.3446
7377.98,184.0,8.5306
7378.99,100.6,8.5306
7379.99,101.5,8.5306
7381.0,100.5,8.5306
7382.0,100.5,8.5306
7383.01,101.5,8.5306
7384.02,100.5,8.5306
7385.02,117.4,8.5306
7386.03,102.5,8.5306
7387.03,101.5,8.5306
7388.04,99.5,8.5306
7389.04,101.5,8.5306
7390.05,101.5,8.5306
7391.05,100.5,8.5306
7392.06,101.5,8.5306
7393.06,101.5,8.5306
7394.07,99.5,8.5306
7395.07,102.5,8.5306
7396.08,100.5,8.5306
7397.08,100.5,8.5306
7398.09,101.6,8.5306
7399.09,103.5,8.5306
7400.1,103.5,8.5306
7401.1,99.5,8.5306
7402.11,100.5,8.5309
7403.11,101.5,8.5309
7404.12,102.5,8.5309
7405.12,100.5,8.5309
7406.13,100.5,8.5309
7407.14,100.5,8.5309
7408.14,100.5,8.5309
7409.15,100.5,8.5309
7410.15,101.5,8.5309
7411.16,102.5,8.5309
7412.16,101.5,8.5309
7413.17,99.5,8.5309
7414.17,101.5,8.5309
7415.18,100.5,8.5309
7416.18,101.5,8.5309
7417.19,102.5,8.5309
7418.19,102.5,8.5309
7419.2,99.5,8.5309
7420.2,100.5,8.5309
7421.21,101.5,8.5309
7422.21,100.5,8.5309
7423.22,102.5,8.5309
7424.23,101.5,8.5309
7425.23,100.5,8.5309
7426.24,100.5,8.5309
7427.24,102.5,8.5309
7428.25,99.5,8.5309
7429.25,114.4,8.5309
7430.26,100.5,8.5309
7431.26,101.5,8.5309
7432.27,100.5,8.5309
7433.27,130.3,8.5309
7434.28,102.5,8.5309
7435.28,99.5,8.5309
7436.29,102.5,8.5309
7437.29,120.4,8.5309
7438.3,100.5,8.5309
7439.31,100.5,8.5309
7440.31,102.5,8.5309
7441.32,100.5,8.5309
7442.32,100.5,8.5309
7443.33,103.4,8.5309
7444.33,145.2,8.531
7445.34,100.5,8.531
7446.34,101.5,8.531
7447.35,100.5,8.531
7448.35,101.5,8.531
7449.36,132.3,8.536
7450.36,101.5,8.536
7451.37,100.5,8.5301
7452.38,103.5,8.5303
7453.38,99.5,8.5303
7454.39,100.5,8.5303
7455.39,101.5,8.5303
7456.4,100.5,8.5303
7457.4,102.5,8.5303
7458.41,100.5,8.5303
7459.41,100.5,8.5303
7460.42,101.5,8.5303
7461.42,101.5,8.5303
7462.43,100.5,8.5303
7463.43,105.4,8.5304
7464.44,102.4,8.5304
7465.44,101.5,8.5304
7466.45,101.5,8.5304
7467.45,100.5,8.5304
7468.46,101.5,8.5304
7469.47,99.5,8.5304
7470.47,101.5,8.5304
7471.48,101.5,8.5304
7472.48,99.5,8.5304
7473.49,99.6,8.5304
7474.49,101.5,8.5304
7475.5,101.5,8.5304
7476.5,99.5,8.5304
7477.51,102.5,8.5304
7478.51,101.5,8.5304
7479.52,100.6,8.5304
7480.52,104.5,8.5304
7481.53,99.5,8.5304
7482.53,101.5,8.5304
7483.54,101.5,8.5304
7484.54,99.5,8.5304
7485.55,101.5,8.5304
7486.55,102.5,8.5304
7487.56,99.5,8.5304
7488.56,101.5,8.5304
7489.57,100.5,8.5304
7490.57,101.5,8.5304
7491.58,100.5,8.5304
7492.58,100.5,8.5304
7493.59,100.5,8.5304
7494.59,101.6,8.5304
7495.6,101.5,8.5304
7496.6,101.5,8.5304
7497.61,99.5,8.5306
7498.62,101.5,8.5306
7499.62,100.5,8.5306
7500.63,99.5,8.5306
7501.63,101.5,8.5306
7502.64,101.5,8.5306
7503.64,99.5,8.5306
7504.65,103.5,8.5306
7505.65,100.5,8.5306
7506.66,100.5,8.5306
7507.66,101.5,8.5306
7508.67,100.5,8.5307
7509.67,102.5,8.5307
7510.68,101.4,8.5307
7511.69,101.5,8.5307
7512.69,100.5,8.5307
7513.7,100.5,8.5307
7514.7,101.5,8.5307
7515.71,100.5,8.5307
7516.71,105.5,8.5307
7517.72,100.5,8.5307
7518.72,101.5,8.5307
7519.73,102.5,8.5307
7520.73,133.3,8.5307
7521.74,103.5,8.5307
7522.74,101.5,8.5307
7523.75,101.5,8.5307
7524.75,146.2,8.5341
7525.76,99.5,8.5341
7526.76,101.5,8.5341
7527.77,103.5,8.5341
7528.77,100.6,8.5341
7529.78,110.5,8.5341
7530.78,108.4,8.5341
7531.79,288.1,8.651
7532.79,159.2,8.7675
7533.8,100.5,8.7675
7534.8,102.7,8.7675
7535.8,123.6,1.9029
7536.81,321.0,2.1786
7537.81,317.0,2.5154
7538.81,314.7,2.8602
7539.82,166.4,3.2848
7540.82,232.6,3.7077
7541.82,364.1,3.9997
7542.83,344.6,4.4444
7543.83,314.3,4.8893
7544.84,310.4,5.3057
7545.84,308.5,5.6296
7546.85,306.4,6.0488
7547.85,302.4,6.3576
7548.86,303.4,6.6992
7549.86,336.3,7.4185
7550.87,303.4,7.4646
7551.87,303.4,7.4662
7552.88,300.5,7.4669
7553.88,302.6,7.4634
7554.89,299.5,7.4664
7555.89,270.5,7.4675
7556.9,238.8,7.5679
7557.9,251.6,7.5692
7558.91,185.0,7.5702
7559.91,120.4,7.5702
7560.92,208.3,8.0944
7561.92,135.3,8.2349
7562.93,142.2,8.2349
7563.93,136.5,8.2349
7564.94,162.2,8.235
7565.94,163.1,8.2373
7566.95,103.5,8.2373
7567.95,166.1,8.2373
7568.96,214.9,8.2388
7569.96,213.8,8.239
7570.97,113.4,8.2354
7571.97,117.4,8.2356
7572.98,123.3,8.2356
7573.98,111.4,8.2356
7574.99,123.3,8.2356
7575.99,104.5,8.2356
7577.0,113.4,8.2358
7578.0,141.3,8.2358
7579.01,121.3,8.2358
7580.01,101.5,8.2358
7581.02,101.5,8.2358
7582.03,136.3,8.2358
7583.03,128.3,8.2386
7584.04,105.4,8.2386
7585.04,101.4,8.2386
7586.04,111.6,8.2392
7587.05,227.9,8.3266
7588.06,99.5,8.3266
7589.06,101.5,8.3266
7590.07,101.5,8.3266
7591.07,111.4,8.3266
7592.08,104.4,8.3266
7593.08,123.4,8.3266
7594.09,101.5,8.3266
7595.09,99.5,8.3266
7596.1,104.5,8.3266
7597.1,100.5,8.3266
7598.11,103.4,8.3266
7599.11,104.3,8.3266
7600.12,100.5,8.3266
7601.12,101.5,8.3266
7602.13,100.5,8.3266
7603.13,101.5,8.3266
7604.14,101.5,8.3266
7605.15,105.4,8.3266
7606.15,101.5,8.3266
7607.16,102.5,8.3266
7608.16,101.5,8.3266
7609.17,99.5,8.3266
7610.17,101.5,8.3266
7611.18,102.5,8.3266
7612.18,99.5,8.3266
7613.19,122.3,8.3266
7614.2,101.1,8.3266
7615.2,101.5,8.3266
7616.21,113.4,8.3266
7617.21,100.5,8.3266
7618.22,101.4,8.3266
7619.22,102.5,8.3266
7620.23,99.5,8.3266
7621.23,104.5,8.3266
7622.24,101.5,8.3269
7623.24,102.4,8.3269
7624.25,100.5,8.3269
7625.26,101.5,8.3269
7626.26,100.5,8.3269
7627.27,101.5,8.3269
7628.27,101.5,8.3269
7629.28,99.5,8.3269
7630.28,104.4,8.3269
7631.29,111.4,8.3269
7632.29,133.3,8.3269
7633.3,103.5,8.3269
7634.3,102.5,8.3269
7635.31,100.6,8.3269
7636.31,99.5,8.3269
7637.32,100.5,8.3269
7638.32,100.5,8.3269
7639.33,102.5,8.3269
7640.33,100.7,8.3269
7641.34,99.4,8.3269
7642.34,101.5,8.3269
7643.35,100.5,8.3269
7644.35,101.5,8.3269
7645.36,99.5,8.3269
7646.36,101.5,8.3269
7647.37,100.5,8.3269
7648.37,100.5,8.3269
7649.38,102.5,8.3269
7650.38,101.5,8.3269
7651.39,100.5,8.3269
7652.39,99.5,8.3269
7653.4,101.5,8.3269
7654.41,100.5,8.3269
7655.41,101.5,8.3269
7656.42,101.5,8.3269
7657.42,102.5,8.3269
7658.43,100.5,8.3269
7659.43,100.5,8.3269
7660.44,100.5,8.3269
7661.44,100.5,8.3269
7662.45,100.5,8.3269
7663.45,100.6,8.3269
7664.45,100.7,8.3269
7665.46,99.6,8.3269
7666.46,101.5,8.3269
7667.47,100.5,8.3271
7668.47,101.5,8.3271
7669.48,102.5,8.3271
7670.48,99.5,8.3271
7671.49,102.7,8.3271
7672.49,99.5,8.3271
7673.5,100.5,8.3271
7674.5,101.5,8.3271
7675.51,101.5,8.3271
7676.51,99.7,8.3271
7677.52,102.4,8.3271
7678.52,99.5,8.3271
7679.53,100.5,8.3271
7680.53,101.7,8.3271
7681.53,100.5,8.3271
7682.54,100.5,8.3271
7683.55,100.5,8.3271
7684.55,100.5,8.3271
7685.56,101.5,8.3271
7686.56,100.5,8.3271
7687.57,100.5,8.3271
7688.57,100.5,8.3271
7689.58,121.5,8.3271
7690.58,101.5,8.3271
7691.59,101.5,8.3271
7692.59,103.5,8.3274
7693.6,99.5,8.3274
7694.6,103.5,8.3274
7695.61,100.5,8.3274
7696.61,203.4,8.3278
7697.62,160.2,8.5266
7698.62,100.5,8.5266
7699.63,101.5,8.5266
7700.63,116.4,8.5266
7701.64,108.4,8.5266
7702.64,101.5,8.5266
7703.65,101.5,8.5266
7704.65,102.5,8.5266
7705.66,99.5,8.5266
7706.66,104.4,8.5266
7707.67,100.5,8.5266
7708.67,99.5,8.5266
7709.68,102.5,8.5266
7710.68,100.4,8.5266
7711.69,101.5,8.5266
7712.7,101.5,8.5269
7713.7,121.4,8.5269
7714.71,100.2,8.5269
7715.71,101.5,8.5269
7716.72,100.5,8.5269
7717.72,100.5,8.5269
7718.73,100.5,8.5269
7719.73,101.5,8.5269
7720.74,100.6,8.5269
7721.74,101.5,8.5269
7722.75,112.4,8.5269
7723.75,103.5,8.5269
7724.76,102.4,8.5269
7725.77,101.5,8.5268
7726.77,99.5,8.5268
7727.78,104.5,8.5268
7728.78,103.5,8.5268
7729.79,144.2,8.5307
7730.79,125.3,8.5307
7731.8,101.5,8.5248
7732.8,100.5,8.5248
7733.81,119.5,8.5248
7734.81,100.4,8.5248
7735.82,101.5,8.5248
7736.82,100.5,8.5248
7737.83,102.5,8.5248
7738.83,100.5,8.5248
7739.84,99.5,8.5248
7740.84,100.5,8.5248
7741.85,102.5,8.5248
7742.85,100.5,8.5248
7743.86,100.5,8.5248
7744.86,101.5,8.5248
7745.87,102.5,8.5248
7746.88,99.5,8.5248
7747.88,100.5,8.5248
7748.89,101.5,8.5248
7749.89,99.5,8.5248
7750.9,100.5,8.5248
7751.9,112.4,8.5248
7752.91,100.5,8.5248
7753.91,101.5,8.5248
7754.92,101.5,8.5248
7755.92,100.5,8.5248
7756.93,101.5,8.5251
7757.93,99.5,8.5251
7758.94,100.5,8.5251
7759.94,102.5,8.5251
7760.95,100.5,8.5251
7761.95,101.5,8.5251
7762.96,100.5,8.5251
7763.96,100.5,8.5251
7764.97,100.5,8.5251
7765.97,101.5,8.5251
7766.98,100.5,8.5251
7767.98,99.5,8.5251
7768.99,100.5,8.5251
7769.99,100.5,8.5251
7771.0,100.5,8.5251
7772.01,103.5,8.5251
7773.01,99.5,8.5251
7774.02,101.5,8.5251
7775.02,100.5,8.5251
7776.03,101.5,8.5251
7777.03,99.5,8.5251
7778.04,101.5,8.5251
7779.04,101.5,8.5251
7780.05,99.5,8.5251
7781.05,101.5,8.5251
7782.06,101.5,8.5251
7783.06,101.5,8.5251
7784.07,101.5,8.5251
7785.07,101.5,8.5251
7786.08,100.5,8.5251
7787.09,101.5,8.5251
7788.09,100.5,8.5251
7789.1,101.5,8.5251
7790.1,104.5,8.5251
7791.11,100.5,8.5251
7792.11,101.5,8.5251
7793.11,99.7,8.5251
7794.12,102.5,8.5251
7795.13,100.5,8.5251
7796.13,100.5,8.5251
7797.14,100.5,8.5251
7798.14,100.5,8.5251
7799.15,100.5,8.5251
7800.15,100.5,8.5251
7801.16,103.4,8.5251
7802.16,101.5,8.5251
7803.17,100.5,8.5251
7804.17,100.5,8.5251
7805.18,102.5,8.5251
7806.18,107.6,8.5251
7807.19,118.4,8.5253
7808.19,99.5,8.5253
7809.2,102.5,8.5253
7810.2,100.5,8.5253
7811.21,101.5,8.5253
7812.21,99.5,8.5253
7813.22,100.5,8.5253
7814.22,100.5,8.5253
7815.23,101.5,8.5253
7816.23,100.6,8.5253
7817.24,101.5,8.5253
7818.24,101.5,8.5253
7819.25,127.3,8.5253
7820.25,99.5,8.5253
7821.26,101.5,8.5253
7822.26,100.5,8.5253
7823.27,102.5,8.5253
7824.27,99.5,8.5253
7825.28,105.4,8.5253
7826.29,102.5,8.5253
7827.29,100.5,8.5253
7828.3,102.5,8.5253
7829.3,100.5,8.5253
7830.31,103.5,8.5253
7831.31,101.5,8.5253
7832.32,138.3,8.5258
7833.32,101.5,8.5258
7834.33,99.5,8.5258
7835.33,101.5,8.5258
7836.34,4.0,2.0146
7837.34,322.3,2.3841
7838.35,317.3,2.9115
7839.35,239.7,3.4313
7840.36,348.1,3.6887
7841.36,358.1,4.1174
7842.37,321.3,4.5529
7843.37,312.3,4.9777
7844.38,306.3,5.3327
7845.39,308.2,5.7116
7846.39,301.4,6.0432
7847.4,303.6,6.4123
7848.4,305.4,6.7143
7849.41,319.3,7.3534
7850.41,301.6,7.4106
7851.42,301.6,7.4059
7852.42,302.4,7.4063
7853.43,304.4,7.4076
7854.43,301.5,7.5095
7855.44,300.4,7.5096
7856.44,303.6,7.5097
7857.45,304.4,7.5103
7858.45,300.6,7.5108
7859.46,301.7,7.5112
7860.46,329.3,8.0675
7861.47,304.4,8.116
7862.47,306.4,8.117
7863.48,273.8,8.1174
7864.48,200.1,8.1174
7865.49,134.4,8.1174
7866.49,127.3,8.1175
7867.5,105.5,8.1175
7868.5,109.4,8.1175
7869.51,143.2,8.1176
7870.51,99.5,8.1177
7871.52,138.3,8.1178
7872.52,132.4,8.1178
7873.53,105.5,8.1178
7874.53,103.5,8.1178
7875.54,116.4,8.1178
7876.54,153.2,8.1178
7877.55,113.4,8.1178
7878.55,102.5,8.1178
7879.56,110.5,8.1178
7880.56,103.5,8.1178
7881.57,136.3,8.1178
7882.57,102.5,8.1178
7883.58,101.5,8.1178
7884.58,103.5,8.1178
7885.59,102.5,8.1178
7886.59,181.4,8.1178
7887.6,99.5,8.1178
7888.6,109.4,8.1178
7889.61,104.4,8.1178
7890.61,100.5,8.1178
7891.62,105.4,8.1178
7892.62,111.4,8.1178
7893.63,101.5,8.1178
7894.63,101.5,8.1178
7895.64,127.3,8.1178
7896.65,103.5,8.1178
7897.65,100.5,8.118
7898.66,106.4,8.118
7899.66,99.5,8.118
7900.67,102.5,8.118
7901.67,240.7,8.2378
7902.68,103.5,8.2378
7903.68,100.5,8.2378
7904.69,100.5,8.2378
7905.69,104.5,8.2378
7906.7,101.5,8.2378
7907.7,102.4,8.2378
7908.71,101.5,8.2378
7909.71,100.5,8.2378
7910.72,100.5,8.2378
7911.72,101.5,8.2378
7912.73,101.5,8.2378
7913.73,99.5,8.2378
7914.74,101.5,8.2378
7915.74,100.5,8.2378
7916.75,100.5,8.2378
7917.76,103.5,8.2378
7918.76,100.5,8.2378
7919.77,102.5,8.2378
7920.77,101.5,8.2378
7921.78,99.4,8.2378
7922.78,101.5,8.2378
7923.79,99.5,8.2378
7924.79,101.5,8.2378
7925.8,101.5,8.2378
7926.8,100.5,8.2378
7927.81,100.5,8.2378
7928.81,101.5,8.2378
7929.82,101.5,8.2378
7930.82,101.5,8.2378
7931.83,100.5,8.2378
7932.83,100.5,8.2378
7933.84,100.5,8.2378
7934.84,99.5,8.2378
7935.85,101.5,8.2378
7936.85,101.5,8.2378
7937.86,133.3,8.2378
7938.86,100.5,8.2378
7939.87,101.5,8.2378
7940.88,108.4,8.2378
7941.88,99.5,8.238
7942.89,101.5,8.238
7943.89,100.5,8.238
7944.9,99.5,8.238
7945.9,103.5,8.238
7946.91,101.5,8.238
7947.91,100.5,8.238
7948.92,101.5,8.238
7949.92,100.5,8.238
7950.93,101.5,8.238
7951.93,103.4,8.238
7952.94,100.5,8.238
7953.94,100.5,8.238
7954.95,101.5,8.238
7955.96,100.5,8.238
7956.96,100.5,8.238
7957.97,134.3,8.238
7958.97,101.6,8.238
7959.97,106.4,8.238
7960.98,101.5,8.238
7961.99,101.5,8.238
7962.99,99.5,8.238
7964.0,113.4,8.238
7965.0,101.5,8.238
7966.01,100.5,8.238
7967.01,101.5,8.238
7968.02,100.5,8.238
7969.02,128.3,8.238
7970.03,117.4,8.238
7971.03,103.5,8.238
7972.04,103.5,8.238
7973.04,100.5,8.238
7974.05,100.5,8.238
7975.05,102.5,8.238
7976.06,123.4,8.238
7977.07,100.5,8.238
7978.07,104.4,8.238
7979.08,99.5,8.238
7980.08,101.5,8.238
7981.09,100.5,8.238
7982.09,100.5,8.238
7983.1,99.5,8.238
7984.1,101.5,8.238
7985.11,101.5,8.238
7986.11,99.5,8.238
7987.12,101.5,8.238
7988.12,101.5,8.238
7989.13,99.5,8.238
7990.13,104.4,8.238
7991.14,100.5,8.238
7992.14,101.5,8.2383
7993.15,101.5,8.2383
7994.15,100.5,8.2383
7995.16,101.5,8.2383
7996.17,100.5,8.2383
7997.17,100.5,8.2383
7998.18,100.5,8.2383
7999.18,101.5,8.2383
8000.19,261.9,8.4489
8001.19,99.5,8.4489
8002.2,102.5,8.4489
8003.2,100.5,8.4489
8004.21,100.5,8.4489
8005.21,102.5,8.4489
8006.22,101.5,8.4489
8007.22,100.5,8.4489
8008.23,100.5,8.4489
8009.23,101.5,8.4489
8010.24,99.7,8.4489
8011.24,105.5,8.4489
8012.25,107.4,8.4489
8013.25,102.5,8.4489
8014.26,100.5,8.4489
8015.26,101.5,8.4489
8016.27,101.5,8.4489
8017.27,100.5,8.4489
8018.28,105.4,8.4489
8019.28,100.5,8.4489
8020.29,102.5,8.4489
8021.29,100.5,8.4489
8022.3,101.5,8.4489
8023.3,132.3,8.4489
8024.31,204.0,8.4489
8025.31,132.3,8.4489
8026.32,100.5,8.4489
8027.32,119.4,8.4489
8028.33,101.5,8.4489
8029.33,104.5,8.4489
8030.34,98.5,8.4489
8031.35,103.5,8.4489
8032.35,101.6,8.4489
8033.35,100.5,8.4489
8034.36,101.5,8.4489
8035.37,101.5,8.4489
8036.37,101.5,8.4489
8037.38,101.5,8.4492
8038.38,99.5,8.4492
8039.39,101.5,8.4492
8040.39,101.5,8.4492
8041.4,99.5,8.4492
8042.4,101.5,8.4492
8043.41,99.5,8.4492
8044.41,101.5,8.4492
8045.42,100.5,8.4492
8046.42,105.4,8.4492
8047.43,100.5,8.4492
8048.43,101.5,8.4492
8049.44,100.5,8.4492
8050.44,99.5,8.4492
8051.45,100.5,8.4492
8052.46,101.5,8.4492
8053.46,117.4,8.4492
8054.47,100.5,8.4492
8055.47,100.5,8.4492
8056.48,100.5,8.4492
8057.48,100.5,8.4492
8058.49,101.5,8.4492
8059.49,101.5,8.4492
8060.5,101.5,8.4492
8061.5,98.5,8.4492
8062.51,100.5,8.4492
8063.51,102.5,8.4492
8064.52,100.5,8.4492
8065.53,100.5,8.4492
8066.53,102.5,8.4492
8067.54,99.5,8.4492
8068.54,101.5,8.4492
8069.55,101.5,8.4492
8070.55,100.5,8.4492
8071.56,101.5,8.4492
8072.56,99.5,8.4492
8073.57,102.5,8.4492
8074.57,99.5,8.4492
8075.58,100.5,8.4492
8076.58,100.5,8.4492
8077.59,101.5,8.4492
8078.59,101.6,8.4492
8079.6,99.5,8.4492
8080.6,102.5,8.4492
8081.61,100.5,8.4492
8082.61,101.5,8.4494
8083.62,116.4,8.4494
8084.63,100.5,8.4494
8085.63,101.5,8.4494
8086.64,103.5,8.4494
8087.64,101.5,8.4494
8088.65,99.5,8.4494
8089.65,100.5,8.4494
8090.66,100.5,8.4494
8091.66,101.5,8.4494
8092.67,99.5,8.4494
8093.67,103.5,8.4494
8094.68,99.5,8.4494
8095.68,101.5,8.4494
8096.69,101.5,8.4494
8097.69,100.5,8.4494
8098.7,100.5,8.4494
8099.71,100.5,8.4494
8100.71,101.5,8.4494
8101.72,99.5,8.4494
8102.72,102.5,8.4494
8103.73,101.4,8.4494
8104.73,99.5,8.4494
8105.74,100.5,8.4494
8106.74,122.4,8.4497
8107.75,103.5,8.4497
8108.75,106.5,8.4497
8109.76,100.5,8.4497
8110.76,123.3,8.4497
8111.77,117.4,8.4497
8112.77,107.5,8.4497
8113.78,101.5,8.4497
8114.78,99.5,8.4497
8115.79,102.5,8.4497
8116.8,100.5,8.4497
8117.8,107.4,8.4497
8118.81,103.5,8.4497
8119.81,100.5,8.4497
8120.82,157.2,8.4497
8121.82,100.5,8.4497
8122.83,101.5,8.4497
8123.83,100.5,8.4497
8124.84,100.5,8.4497
8125.84,101.5,8.4497
8126.85,101.5,8.4497
8127.85,101.5,8.4499
8128.86,101.5,8.4499
8129.86,98.5,8.4499
8130.87,101.5,8.4499
8131.87,102.5,8.4499
8132.88,99.5,8.4499
8133.88,101.5,8.4499
8134.89,100.5,8.4499
8135.89,105.7,1.9225
8136.9,306.4,2.1939
8137.9,319.1,2.549
8138.91,311.4,3.0668
8139.91,230.3,3.4696
8140.91,361.9,3.7769
8141.92,344.7,4.1409
8142.92,316.5,4.429
8143.93,309.3,4.7163
8144.93,306.4,4.9998
8145.94,308.2,5.2089
8146.94,307.4,5.5764
8147.95,304.4,5.9196
8148.95,302.4,6.2856
8149.96,306.4,6.629
8150.96,332.1,7.291
8151.97,298.6,7.4151
8152.97,301.4,7.4154
8153.98,309.9,7.4164
8154.98,316.3,7.4179
8155.99,239.0,7.5113
8156.99,254.5,7.5114
8158.0,131.3,7.5114
8159.0,157.2,7.5114
8160.01,146.2,7.5114
8161.01,169.1,7.5127
8162.02,215.6,8.0701
8163.02,123.3,8.1179
8164.03,183.1,8.1179
8165.03,130.4,8.1179
8166.04,145.2,8.1179
8167.04,119.4,8.1181
8168.05,110.4,8.1182
8169.05,104.4,8.1182
8170.06,152.2,8.1186
8171.07,105.5,8.1186
8172.07,109.1,8.1189
8173.08,159.2,8.1189
8174.08,109.4,8.1189
8175.09,101.5,8.1189
8176.09,102.5,8.1189
8177.1,108.4,8.1189
8178.11,103.5,8.1189
8179.11,107.4,8.1189
8180.12,103.5,8.1189
8181.12,100.5,8.1189
8182.13,101.5,8.1189
8183.13,107.4,8.1189
8184.14,99.5,8.1189
8185.14,101.5,8.1189
8186.15,102.5,8.1189
8187.15,102.5,8.1189
8188.16,101.5,8.1189
8189.16,99.5,8.1189
8190.17,107.4,8.1189
8191.18,133.3,8.1189
8192.18,102.5,8.1189
8193.19,107.4,8.119
8194.19,99.5,8.119
8195.2,101.5,8.119
8196.2,102.5,8.119
8197.21,115.4,8.119
8198.21,99.5,8.119
8199.22,101.5,8.119
8200.22,101.5,8.119
8201.23,101.5,8.119
8202.23,101.5,8.119
8203.24,100.5,8.119
8204.24,227.3,8.2081
8205.25,110.4,8.2371
8206.25,105.4,8.2371
8207.26,101.4,8.2371
8208.27,99.5,8.2371
8209.27,102.5,8.2371
8210.28,98.5,8.2371
8211.28,101.5,8.2371
8212.29,101.4,8.2371
8213.29,100.5,8.2371
8214.3,101.5,8.2371
8215.3,100.5,8.2371
8216.31,102.7,8.2371
8217.31,100.5,8.2371
8218.32,101.6,8.2371
8219.32,99.5,8.2371
8220.32,100.7,8.2371
8221.33,100.5,8.2371
8222.33,101.5,8.2373
8223.34,99.5,8.2373
8224.35,101.5,8.2373
8225.35,100.5,8.2373
8226.36,103.5,8.2373
8227.36,100.5,8.2373
8228.36,100.8,8.2373
8229.37,101.5,8.2373
8230.37,100.5,8.2373
8231.38,100.5,8.2373
8232.38,100.5,8.2373
8233.39,100.7,8.2373
8234.39,101.5,8.2373
8235.4,102.5,8.2373
8236.4,120.3,8.2373
8237.41,183.0,8.2373
8238.41,111.4,8.2373
8239.42,103.4,8.2373
8240.42,120.4,8.2373
8241.43,147.2,8.2373
8242.43,100.5,8.2373
8243.44,99.5,8.2373
8244.45,112.4,8.2373
8245.45,101.5,8.2373
8246.46,101.5,8.2373
8247.46,101.5,8.2373
8248.47,99.5,8.2373
8249.47,101.5,8.2373
8250.48,100.5,8.2373
8251.48,101.5,8.2373
8252.49,101.5,8.2373
8253.49,100.5,8.2373
8254.5,125.3,8.2373
8255.51,100.5,8.2373
8256.51,101.5,8.2373
8257.52,101.5,8.2373
8258.52,119.3,8.2373
8259.53,116.4,8.2373
8260.53,102.4,8.2373
8261.54,132.5,8.2386
8262.54,101.5,8.2386
8263.55,99.5,8.2386
8264.55,122.3,8.2386
8265.56,103.4,8.2386
8266.56,101.5,8.233
8267.57,102.4,8.2332
8268.57,103.4,8.2332
8269.58,100.5,8.2333
8270.59,124.3,8.2333
8271.59,101.5,8.2333
8272.6,101.5,8.2333
8273.6,100.5,8.2333
8274.61,121.3,8.2333
8275.61,100.5,8.2333
8276.62,100.5,8.2333
8277.62,103.4,8.2333
8278.63,103.4,8.2333
8279.63,124.4,8.2333
8280.64,100.4,8.2333
8281.64,101.5,8.2333
8282.65,100.5,8.2333
8283.65,99.5,8.2333
8284.66,110.4,8.2333
8285.67,101.5,8.2333
8286.67,100.5,8.2333
8287.68,100.5,8.2333
8288.68,100.5,8.2333
8289.69,100.5,8.2333
8290.69,101.5,8.2333
8291.7,101.5,8.2333
8292.7,100.3,8.2333
8293.71,99.5,8.2333
8294.71,100.5,8.2333
8295.72,100.5,8.2333
8296.73,105.4,8.2333
8297.73,102.5,8.2333
8298.74,102.5,8.2333
8299.74,99.5,8.2333
8300.75,100.5,8.2333
8301.75,101.5,8.2333
8302.76,100.5,8.2333
8303.76,101.5,8.2333
8304.77,105.4,8.2333
8305.77,100.5,8.2333
8306.78,112.4,8.2333
8307.78,100.5,8.2333
8308.79,197.5,8.2736
8309.79,148.2,8.4478
8310.8,100.4,8.4478
8311.8,101.5,8.4478
8312.81,100.5,8.448
8313.81,102.5,8.448
8314.82,99.5,8.448
8315.82,124.3,8.448
8316.83,100.5,8.448
8317.83,100.5,8.448
8318.84,100.5,8.448
8319.84,101.7,8.448
8320.85,99.5,8.448
8321.85,100.5,8.448
8322.86,103.5,8.448
8323.86,100.5,8.448
8324.87,100.5,8.448
8325.87,100.5,8.448
8326.88,100.5,8.448
8327.89,100.5,8.448
8328.89,101.5,8.448
8329.9,100.5,8.448
8330.9,102.5,8.448
8331.91,99.5,8.448
8332.91,101.5,8.448
8333.92,100.5,8.448
8334.92,104.4,8.448
8335.93,102.5,8.448
8336.93,100.6,8.448
8337.94,100.5,8.448
8338.94,100.5,8.448
8339.95,100.5,8.448
8340.95,101.5,8.448
8341.96,101.5,8.448
8342.96,149.1,8.448
8343.97,102.5,8.448
8344.98,99.5,8.448
8345.98,100.5,8.448
8346.99,100.5,8.448
8347.99,101.5,8.448
8349.0,114.5,8.448
8350.0,120.4,8.448
8351.01,102.5,8.448
8352.01,100.5,8.448
8353.02,101.3,8.448
8354.02,99.5,8.448
8355.03,101.5,8.448
8356.03,101.5,8.448
8357.04,101.5,8.448
8358.04,101.2,8.448
8359.05,99.5,8.448
8360.05,101.5,8.448
8361.06,100.5,8.448
8362.07,101.5,8.4482
8363.07,100.3,8.4482
8364.08,102.5,8.4482
8365.08,99.5,8.4482
8366.09,100.5,8.4482
8367.09,100.5,8.4482
8368.1,101.4,8.4482
8369.1,100.5,8.4482
8370.11,99.5,8.4482
8371.11,102.5,8.4482
8372.12,99.5,8.4482
8373.13,106.5,8.4482
8374.13,101.5,8.4482
8375.14,99.5,8.4482
8376.14,101.5,8.4482
8377.15,100.5,8.4482
8378.15,100.3,8.4482
8379.16,101.5,8.4482
8380.16,99.5,8.4482
8381.17,105.4,8.4482
8382.17,105.5,8.4482
8383.18,116.1,8.4482
8384.19,101.5,8.4482
8385.19,101.5,8.4482
8386.2,100.5,8.4482
8387.2,101.5,8.4482
8388.21,99.5,8.4482
8389.21,101.5,8.4482
8390.22,100.5,8.4482
8391.22,100.5,8.4482
8392.23,100.5,8.4482
8393.23,102.5,8.4482
8394.24,100.5,8.4482
8395.25,100.5,8.4482
8396.25,100.5,8.4482
8397.26,100.5,8.4482
8398.26,99.5,8.4482
8399.27,101.5,8.4482
8400.27,102.5,8.4482
8401.28,100.5,8.4482
8402.28,99.5,8.4482
8403.29,101.5,8.4482
8404.29,101.5,8.4482
8405.3,100.5,8.4482
8406.3,101.5,8.4482
8407.31,100.5,8.4485
8408.31,101.5,8.4485
8409.32,100.5,8.4485
8410.32,99.5,8.4485
8411.33,102.5,8.4485
8412.33,99.5,8.4485
8413.34,99.5,8.4485
8414.35,101.5,8.4485
8415.35,102.5,8.4485
8416.36,100.5,8.4485
8417.36,100.4,8.4485
8418.37,100.5,8.4485
8419.37,100.5,8.4485
8420.38,104.5,8.4485
8421.38,100.5,8.4485
8422.39,100.5,8.4485
8423.39,101.5,8.4485
8424.4,100.5,8.4485
8425.4,99.5,8.4485
8426.41,101.5,8.4485
8427.42,100.5,8.4485
8428.42,102.5,8.4485
8429.43,101.5,8.4485
8430.43,99.5,8.4485
8431.44,101.5,8.4485
8432.44,100.5,8.4485
8433.45,114.4,8.4485
8434.45,100.5,8.4485
8435.46,100.5,8.4485
8436.46,1.0,2.0936
8437.47,337.2,2.327
8438.47,347.5,2.8017
8439.48,326.4,3.2695
8440.48,307.4,3.9194
8441.49,308.6,4.3991
8442.49,303.4,5.0389
8443.5,308.3,5.568
8444.5,306.4,6.0816
8445.51,305.3,6.6581
8446.51,312.4,7.0469
8447.52,301.4,7.0474
8448.52,331.0,7.0488
8449.53,1.0,1.943
8450.53,368.9,2.2342
8451.53,358.8,2.62
8452.54,332.3,3.1255
8453.54,312.2,3.7528
8454.55,310.3,4.2888
8455.55,263.8,4.9779
8456.56,304.5,5.4952
8457.56,305.3,6.01
8458.57,301.6,6.5847
8459.57,311.4,7.0596
8460.58,303.4,7.0633
8461.58,325.0,7.0642
8462.58,2.0,1.9487
8463.59,327.8,2.2352
8464.59,350.3,2.4722
8465.59,347.2,2.8509
8466.6,316.7,3.1331
8467.6,293.4,3.4517
8468.61,3.0,1.9406
8469.61,337.9,2.1504
8470.62,350.2,2.353
8471.62,1.0,1.9239
8472.62,343.8,2.1502
8473.63,364.9,2.3412
8474.63,339.0,2.674
8475.64,324.3,2.985
8476.64,310.4,3.514
8477.65,308.6,4.0513
8478.65,304.4,4.5609
8479.66,302.4,5.1058
8480.66,304.4,5.6404
8481.67,302.4,6.2291
8482.67,311.3,6.8273
8483.68,303.7,6.9708
8484.68,307.5,7.071
8485.69,266.6,1.8067
8486.69,2.0,2.048
8487.7,364.1,2.2172
8488.7,218.8,2.3782
8489.71,1482.1,2.0978
8490.71,348.1,2.3333
8491.71,320.4,2.7713
8492.72,315.3,3.2043
8493.72,313.3,3.6181
8494.73,1.0,1.8697
8495.73,315.0,2.118
8496.74,360.9,2.3562
8497.74,316.4,2.6586
8498.75,309.4,2.9784
8499.75,316.8,3.2737
8500.75,304.4,3.5551
8501.76,320.9,1.8082
8502.76,3.0,2.0999
8503.76,344.1,2.3514
8504.77,322.7,2.7977
8505.77,314.4,3.2482
8506.78,312.4,3.6652
8507.78,1.0,1.8944
8508.79,313.2,2.1227
8509.79,345.2,2.4554
8510.8,311.3,2.9216
8511.8,323.3,3.3431
8512.81,317.3,3.7424
8513.81,1.0,1.9389
8514.81,350.9,2.1545
8515.82,342.2,2.3951
8516.82,306.4,2.7153
8517.83,306.4,3.0186
8518.84,314.3,3.3499
8519.84,316.5,3.754
8520.84,1.0,1.9344
8521.85,341.1,2.1719
8522.85,338.2,2.5508
8523.86,310.3,2.9928
8524.86,314.3,3.398
8525.87,315.3,3.7475
8526.87,2.0,1.9644
8527.87,337.4,2.2177
8528.88,331.3,2.6305
8529.88,312.4,3.0903
8530.89,318.3,3.5022
8531.89,313.4,1.8101
8532.89,4.0,2.1141
8533.9,350.9,2.3963
8534.9,313.4,2.8607
8535.91,316.6,3.2886
8536.91,312.7,3.7003
8537.92,1.0,1.9106
8538.92,319.2,2.1152
8539.93,343.2,2.3276
8540.93,316.3,2.7618
8541.94,315.7,3.2129
8542.94,313.3,3.6256
8543.95,315.8,3.8766
8544.95,0.0,2.1025
8545.95,370.1,2.3203
8546.96,325.3,2.6045
8547.97,310.4,2.9135
8548.97,314.3,3.2058
8549.98,311.4,3.4914
8550.98,322.0,3.8242
8551.98,4.0,1.9921
8552.98,346.1,2.1803
8553.99,343.2,2.4066
8554.99,310.4,2.7051
8556.0,303.6,3.0048
8557.0,313.3,3.4253
8558.01,315.4,3.8055
8559.01,1.0,2.0032
8560.02,350.1,2.2412
8561.02,324.3,2.6628
8562.03,312.5,3.1105
8563.03,316.3,3.536
8564.04,295.4,1.8113
8565.04,0.0,2.1133
8566.05,354.0,2.3973
8567.05,310.4,2.8537
8568.06,316.5,3.2857
8569.06,314.1,3.7112
8570.06,5.0,1.9407
8571.07,354.9,2.1674
8572.07,346.9,2.4074
8573.07,317.5,2.8239
8574.08,315.1,3.2475
8575.08,307.4,3.6645
8576.08,1.0,1.9258
8577.09,309.8,2.1154
8578.09,340.3,2.2999
8579.1,316.3,2.5947
8580.1,304.4,2.9079
8581.11,318.3,3.31
8582.11,319.2,3.7101
8583.12,2.0,1.9422
8584.12,343.1,2.1694
8585.13,338.3,2.3729
8586.13,316.4,2.6369
8587.13,325.0,2.8651
8588.14,0.0,2.0147
8589.14,346.2,2.1798
8590.14,320.1,1.8134
8591.15,3.0,2.065
8592.15,325.0,2.1893
8593.15,325.8,2.4198
8594.16,1480.3,2.0678
8595.16,306.0,2.1873
8596.16,1.0,1.9791
8597.17,338.1,2.1421
8598.17,0.0,1.8979
8599.18,301.4,2.086
8600.18,341.2,2.215
8601.18,1.0,2.0595
8602.19,352.5,2.1716
8603.19,3.0,1.9185
8604.2,340.2,2.2218
8605.2,330.1,2.4246
8606.2,349.3,2.6387
8607.21,313.6,2.8904
8608.21,310.3,3.1517
8609.22,304.6,3.4281
8610.22,302.4,3.737
8611.23,308.6,3.999
8612.23,304.4,4.4074
8613.24,303.4,4.8057
8614.24,303.5,5.2017
8615.25,303.7,5.6176
8616.25,300.4,6.0082
8617.26,303.4,6.3465
8618.27,302.5,6.6613
8619.27,317.3,7.1154
8620.28,319.3,7.1167
8621.28,214.9,7.1175
8622.28,149.4,7.1177
8623.29,301.7,7.1794
8624.29,212.9,7.1801
8625.3,103.6,7.1801
8626.3,101.5,7.1801
8627.31,100.5,7.1801
8628.31,101.5,7.1802
8629.32,105.5,7.1802
8630.32,140.3,7.1802
8631.33,128.3,7.1802
8632.33,99.5,7.1802
8633.34,100.5,7.1802
8634.35,102.5,7.1802
8635.35,100.5,7.1802
8636.36,99.5,7.1802
8637.36,100.5,7.1805
8638.37,103.5,7.1806
8639.37,100.5,7.1806
8640.38,100.5,7.1806
8641.38,99.5,7.1806
8642.39,100.5,7.1806
8643.39,100.5,7.1806
8644.4,101.5,7.1806
8645.4,101.6,7.1806
8646.41,100.5,7.1806
8647.41,103.5,7.1807
8648.42,101.5,7.1807
8649.42,100.5,7.1807
8650.43,100.5,7.1807
8651.43,101.5,7.1807
8652.44,100.5,7.1807
8653.44,102.5,7.1807
8654.45,99.5,7.1807
8655.45,100.5,7.1807
8656.46,101.5,7.1807
8657.46,100.5,7.1807
8658.47,100.5,7.1807
8659.47,99.5,7.1807
8660.48,102.5,7.1807
8661.48,101.5,7.1807
8662.49,100.5,7.1807
8663.49,100.5,7.1807
8664.5,101.5,7.1807
8665.5,100.5,7.1807
8666.51,100.5,7.1807
8667.51,100.5,7.1807
8668.52,100.5,7.1807
8669.52,100.5,7.1807
8670.53,107.5,7.1807
8671.53,99.5,7.1807
8672.54,101.5,7.1807
8673.54,101.5,7.1807
8674.55,100.5,7.1807
8675.55,99.5,7.1807
8676.56,101.5,7.1807
8677.56,100.5,7.1807
8678.57,100.5,7.1807
8679.57,102.5,7.1807
8680.58,101.5,7.1807
8681.58,99.5,7.1807
8682.59,99.5,7.181
8683.59,101.5,7.181
8684.6,101.5,7.181
8685.6,100.5,7.181
8686.61,98.5,7.181
8687.61,101.5,7.181
8688.62,101.5,7.181
8689.62,99.5,7.181
8690.63,100.5,7.181
8691.64,101.5,7.181
8692.64,101.5,7.181
8693.65,100.5,7.181
8694.65,100.5,7.181
8695.66,101.5,7.181
8696.66,99.5,7.181
8697.67,100.5,7.181
8698.67,100.5,7.181
8699.68,101.5,7.181
8700.68,101.5,7.181
8701.69,100.5,7.181
8702.69,105.5,7.181
8703.7,100.5,7.181
8704.7,99.5,7.181
8705.71,102.5,7.181
8706.71,102.5,7.181
8707.72,106.5,7.1812
8708.72,101.5,7.1812
8709.73,120.4,7.1812
8710.73,133.4,7.1812
8711.74,100.6,7.1812
8712.74,100.5,7.1812
8713.75,100.5,7.1812
8714.75,101.5,7.1812
8715.76,100.5,7.1812
8716.76,100.5,7.1812
8717.77,100.5,7.1812
8718.77,99.6,7.1812
8719.78,127.3,7.1812
8720.78,102.5,7.1812
8721.79,99.5,7.1812
8722.79,101.5,7.1812
8723.8,159.2,7.1812
8724.8,131.3,7.1812
8725.81,101.5,7.1812
8726.81,100.6,7.1812
8727.82,99.5,7.1814
8728.82,102.5,7.1814
8729.83,100.5,7.1814
8730.83,99.5,7.1814
8731.84,99.5,7.1814
8732.85,102.5,7.1814
8733.85,99.5,7.1814
8734.86,101.5,7.1814
8735.86,100.5,7.1814
8736.87,101.5,7.1814
8737.87,100.5,7.1814
8738.88,100.5,7.1814
8739.88,101.5,7.1814
8740.89,100.5,7.1814
8741.89,100.5,7.1814
8742.9,99.5,7.1814
8743.9,100.5,7.1814
8744.91,125.6,7.1814
8745.91,100.5,7.1814
8746.92,100.5,7.1814
8747.92,100.5,7.1814
8748.93,101.5,7.1814
8749.93,100.5,7.1814
8750.94,102.5,7.1814
8751.94,99.6,7.1814
8752.95,100.5,7.1814
8753.95,100.5,7.1814
8754.96,100.5,7.1814
8755.96,100.6,7.1814
8756.97,100.5,7.1814
8757.97,100.5,7.1814
8758.98,100.5,7.1814
8759.98,102.5,7.1814
8760.99,100.5,7.1814
8761.99,101.5,7.1814
8763.0,102.5,7.1814
8764.0,102.5,7.1814
8765.01,100.6,7.1814
8766.01,99.5,7.1814
8767.02,101.5,7.1814
8768.02,104.5,7.1814
8769.03,100.5,7.1814
8770.03,100.6,7.1814
8771.04,100.5,7.1814
8772.04,105.5,7.1814
8773.05,100.5,7.1814
8774.05,100.5,7.1814
8775.06,100.5,7.1814
8776.06,100.5,7.1814
8777.07,101.5,7.1817
8778.07,101.5,7.1817
8779.08,100.5,7.1817
8780.08,99.5,7.1817
8781.09,101.5,7.1817
8782.09,100.5,7.1817
8783.1,101.5,7.1817
8784.1,100.5,7.1817
8785.11,100.5,7.1817
8786.11,100.5,7.1817
8787.12,101.4,7.1817
8788.13,100.5,7.1817
8789.13,102.5,7.1817
8790.14,100.5,7.1817
8791.14,100.5,7.1817
8792.14,100.7,7.1817
8793.15,99.3,7.1817
8794.16,100.5,7.1817
8795.16,101.5,7.1817
8796.16,100.7,7.1817
8797.17,100.8,7.1817
8798.17,100.8,7.1817
8799.17,100.6,7.1817
8800.18,101.5,7.1817
8801.18,99.5,7.1817
8802.19,100.5,7.1817
8803.19,100.6,7.1817
8804.2,100.5,7.1817
8805.2,100.5,7.1817
8806.21,101.5,7.1817
8807.21,99.5,7.1817
8808.22,101.5,7.1817
8809.23,100.5,7.1817
8810.23,101.5,7.1817
8811.23,99.6,7.1817
8812.24,99.8,7.1817
8813.24,102.5,7.1817
8814.25,100.5,7.1817
8815.25,100.5,7.1817
8816.26,100.5,7.1817
8817.26,100.5,7.1817
8818.27,100.5,7.1817
8819.27,100.5,7.1817
8820.28,100.5,7.1817
8821.28,100.5,7.1817
8822.29,101.5,7.1819
8823.29,100.6,7.1819
8824.3,101.5,7.1819
8825.3,99.5,7.1819
8826.31,101.5,7.1819
8827.31,100.5,7.1819
8828.32,100.6,7.1819
8829.32,100.5,7.1819
8830.33,102.5,7.1816
8831.33,99.5,7.1809
8832.34,100.5,7.1809
8833.34,100.5,7.1809
8834.35,101.5,7.1809
8835.35,99.5,7.1809
8836.36,100.6,7.1809
8837.36,102.5,7.1809
8838.37,101.5,7.1809
8839.37,100.5,7.1809
8840.38,100.5,7.1809
8841.38,100.5,7.1806
8842.39,99.5,7.1793
8843.39,102.6,7.1793
8844.4,101.5,7.1793
8845.4,99.5,7.1793
8846.41,100.5,7.1793
8847.41,101.5,7.1793
8848.42,100.5,7.1793
8849.42,100.5,7.1793
8850.43,99.8,7.1783
8851.43,101.5,7.1783
8852.44,100.5,7.1783
8853.44,101.6,7.1783
8854.45,101.3,7.1783
8855.45,100.7,7.1783
8856.46,100.5,7.1783
8857.46,100.5,7.1783
8858.47,100.5,7.1783
8859.47,101.5,7.1783
8860.48,99.5,7.1783
8861.48,101.5,7.1783
8862.49,101.5,7.1783
8863.49,99.8,7.1783
8864.49,101.6,7.1783
8865.5,100.5,7.1783
8866.5,100.5,7.1783
8867.51,99.5,7.1785
8868.51,101.5,7.1785
8869.52,100.5,7.1785
8870.53,100.5,7.1785
8871.53,100.5,7.1785
8872.53,101.6,7.1785
8873.54,99.6,7.1785
8874.54,99.5,7.1785
8875.55,102.5,7.1775
8876.55,100.7,7.1764
8877.55,102.8,7.1764
8878.56,99.8,7.1764
8879.56,100.5,7.1764
8880.57,100.5,7.1764
8881.57,101.5,7.1764
8882.58,99.5,7.1764
8883.58,101.5,7.1764
8884.59,101.5,7.1767
8885.59,99.6,7.1767
8886.6,100.5,7.1767
8887.6,102.5,7.1767
8888.61,100.5,7.1767
8889.61,100.5,7.1767
8890.62,102.5,7.1767
8891.62,100.5,7.1767
8892.63,99.5,7.1767
8893.63,102.5,7.1767
8894.64,100.5,7.1767
8895.64,99.5,7.1767
8896.65,100.5,7.1767
8897.65,100.5,7.1767
8898.66,99.5,7.1767
8899.66,101.5,7.1767
8900.67,100.5,7.1767
8901.68,100.5,7.1767
8902.68,101.5,7.1767
8903.68,2.0,2.0118
8904.69,3.0,1.9004
8905.69,297.4,2.0863
8906.7,1486.9,1.9084
8907.7,304.9,2.1005
8908.7,1.0,1.9206
8909.71,308.4,2.09
8910.71,1.0,1.896
8911.72,286.2,2.0809
8912.72,2.0,1.8263
8913.73,288.4,2.0765
8914.73,331.9,2.1869
8915.73,2304.8,2.0794
8916.74,1.0,1.9138
8917.74,297.5,2.0733
8918.75,4.0,1.9106
8919.75,316.2,2.0879
8920.76,1.0,1.9085
8921.76,290.9,2.0718
8922.77,2.0,1.9278
8923.77,316.0,2.0898
8924.77,4.0,1.9986
8925.77,339.0,2.1528
8926.78,3416.9,1.9682
8927.78,323.0,2.1211
8928.78,2.0,1.9695
8929.79,334.0,2.1224
8930.79,0.0,2.075
8931.79,320.0,2.1828
8932.8,6.0,1.9252
8933.8,324.0,2.097
8934.8,355.9,2.2517
8935.81,14.9,2.041
8936.81,325.9,2.1771
8937.81,309.4,2.4192
8938.82,237.4,2.6728
8939.82,1.0,2.0014
8940.82,327.0,2.1453
8941.83,2.0,1.9472
8942.83,320.0,2.1205
8943.83,361.9,2.3073
8944.84,334.3,2.5852
8945.84,275.5,2.8975
8946.85,290.5,3.2576
8947.85,274.5,3.6473
8948.86,183.0,4.0059
8949.87,106.4,4.376
8950.87,122.4,4.7394
8951.87,241.2,5.2109
8952.88,1.0,1.9757
8953.88,349.0,2.1944
8954.88,349.3,2.4429
8955.89,334.2,2.712
8956.89,207.9,3.0295
8957.9,143.3,3.4568
8958.91,197.0,4.0016
8959.91,111.4,4.5403
8960.92,240.8,5.0253
8961.92,2.0,1.9299
8962.93,327.5,2.1745
8963.93,366.7,2.2872
8964.93,332.5,2.514
8965.94,319.3,2.8203
8966.94,297.4,3.1116
8967.95,1484.3,2.0638
8968.95,335.1,2.2376
8969.96,349.2,2.4387
8970.96,317.3,2.687
8971.97,313.6,2.9274
8972.97,271.6,1.8229
8973.98,3.0,2.0788
8974.98,341.1,2.2321
8975.98,352.2,2.4505
8976.99,327.4,2.6999
8977.99,317.3,3.0198
8979.0,223.8,3.4376
8980.01,146.2,3.9049
8981.01,111.4,4.4242
8982.02,223.8,4.9166
8983.02,224.8,5.4503
8984.03,200.9,5.9956
8985.03,111.4,6.5322
8986.04,125.3,6.9852
8987.04,100.5,6.9852
8988.05,102.5,7.0852
8989.05,100.5,7.0852
8990.06,99.5,7.0852
8991.06,102.5,7.0852
8992.07,103.5,7.0852
8993.07,100.5,7.0852
8994.08,115.4,7.2009
8995.08,100.5,7.2009
8996.09,102.5,7.2009
8997.1,99.5,7.2012
8998.1,101.5,7.2012
8999.11,100.5,7.2012
9000.11,99.5,7.2012
9001.12,101.5,7.2012
9002.12,113.4,7.2021
9003.13,102.5,7.2021
9004.13,100.5,7.2022
9005.14,101.5,7.2022
9006.14,101.5,7.2022
9007.15,99.5,7.2022
9008.15,102.5,7.2022
9009.16,102.5,7.2022
9010.16,112.4,7.2023
9011.17,100.5,7.2023
9012.17,100.5,7.2023
9013.18,101.5,7.2023
9014.18,99.5,7.2023
9015.19,100.5,7.2023
9016.2,100.5,7.2023
9017.2,107.6,7.2023
9018.2,105.4,7.2023
9019.21,102.5,7.2023
9020.22,101.5,7.2023
9021.22,99.5,7.2023
9022.23,100.5,7.2023
9023.23,101.5,7.2023
9024.24,99.5,7.2023
9025.24,102.5,7.2023
9026.25,115.4,7.2702
9027.25,100.5,7.2702
9028.26,100.5,7.2702
9029.26,102.5,7.2702
9030.27,99.5,7.2702
9031.27,100.5,7.2702
9032.28,101.5,7.2702
9033.28,100.5,7.2747
9034.29,100.5,7.8494
9035.29,100.5,8.3245
9036.3,125.3,8.7044
9037.3,101.5,8.7044
9038.31,101.5,8.7044
9039.32,100.5,8.7044
9040.32,102.5,8.7046
9041.33,100.5,8.7046
9042.33,101.5,8.7046
9043.34,100.5,8.7046
9044.34,101.5,8.7046
9045.35,99.5,8.7046
9046.35,102.5,8.7048
9047.36,138.3,8.705
9048.36,137.3,8.705
9049.37,99.5,8.705
9050.37,101.5,8.705
9051.38,101.6,8.705
9052.38,103.5,8.705
9053.39,100.5,8.705
9054.39,100.5,8.705
9055.4,100.5,8.705
9056.4,101.5,8.7056
9057.41,100.5,8.7056
9058.41,100.5,8.7056
9059.42,100.5,8.7056
9060.42,101.5,8.7056
9061.43,100.5,8.7056
9062.43,102.5,8.7056
9063.44,107.4,8.7056
9064.45,111.4,8.7056
9065.45,102.5,8.7056
9066.46,99.5,8.7056
9067.46,100.5,8.7056
9068.47,101.5,8.7056
9069.47,99.5,8.7056
9070.48,101.5,8.7056
9071.48,103.5,8.7056
9072.49,99.5,8.7056
9073.49,100.5,8.7056
9074.5,126.4,8.7058
9075.5,207.9,8.7058
9076.51,113.4,8.7058
9077.51,101.5,8.706
9078.52,134.3,1.8252
9079.52,17.9,1.9748
9080.52,335.0,2.2102
9081.53,373.7,2.3941
9082.53,328.3,2.6747
9083.54,316.3,3.0295
9084.54,309.5,3.5376
9085.55,303.4,3.945
9086.55,153.2,4.4384
9087.56,262.6,4.9466
9088.57,290.4,5.504
9089.57,191.0,6.0035
9090.58,103.5,6.5228
9091.58,124.3,7.01
9092.59,102.5,7.1174
9093.59,100.5,7.1174
9094.6,101.5,7.1174
9095.6,103.5,7.1174
9096.61,99.5,7.1174
9097.61,149.2,7.1174
9098.62,108.5,7.1174
9099.62,115.4,7.1969
9100.63,100.5,7.2447
9101.63,101.5,7.2447
9102.64,101.5,7.2447
9103.64,99.5,7.2449
9104.65,114.4,7.2449
9105.65,101.5,7.2449
9106.66,100.5,7.2449
9107.67,99.5,7.2449
9108.67,117.4,7.2458
9109.68,100.5,7.2458
9110.68,100.5,7.2458
9111.69,100.5,7.2458
9112.69,102.5,7.2458
9113.7,99.5,7.2458
9114.7,100.5,7.2458
9115.71,115.4,7.246
9116.71,101.5,7.246
9117.72,100.5,7.246
9118.72,100.5,7.246
9119.73,100.5,7.246
9120.73,100.5,7.246
9121.74,100.5,7.246
9122.74,101.5,7.2461
9123.75,113.4,7.2461
9124.75,100.5,7.2461
9125.76,100.5,7.2461
9126.76,100.5,7.2461
9127.77,99.5,7.2461
9128.77,101.5,7.2461
9129.78,101.5,7.2461
9130.78,99.5,7.2461
9131.79,117.4,7.3255
9132.79,101.5,7.3255
9133.8,100.5,7.3255
9134.8,99.5,7.3255
9135.81,100.5,7.3255
9136.81,102.5,7.3255
9137.82,99.5,7.3255
9138.83,101.5,7.3255
9139.83,99.6,7.417
9140.84,101.5,7.956
9141.84,101.5,8.4222
9142.85,133.3,8.7321
9143.85,99.5,8.7321
9144.86,101.3,8.7321
9145.86,100.5,8.7321
9146.87,100.5,8.7321
9147.87,101.5,8.7321
9148.88,100.5,8.7321
9149.88,101.5,8.7321
9150.89,99.5,8.7321
9151.89,101.5,8.7321
9152.9,101.5,8.7323
9153.9,100.5,8.7323
9154.91,100.5,8.7323
9155.91,100.5,8.7323
9156.92,100.5,8.7323
9157.93,101.5,8.7323
9158.93,100.5,8.7323
9159.94,100.5,8.7323
9160.94,100.5,8.7323
9161.95,101.5,8.7323
9162.95,100.5,8.7327
9163.96,101.5,8.7327
9164.96,100.5,8.7327
9165.97,101.5,8.733
9166.97,99.5,8.7332
9167.98,101.5,8.7332
9168.98,100.5,8.7332
9169.99,101.5,8.7332
9170.99,101.5,8.7332
9172.0,100.4,8.7332
9173.0,100.5,8.7332
9174.01,99.5,8.7332
9175.01,100.5,8.7332
9176.02,100.5,8.7332
9177.02,101.5,8.7332
9178.03,100.5,8.7332
9179.04,101.5,8.7332
9180.04,100.5,8.7332
9181.05,99.5,8.7332
9182.05,104.5,8.7332
9183.06,100.5,8.7332
9184.06,100.5,8.7332
9185.07,100.5,8.7332
9186.07,100.5,8.7332
9187.08,101.5,8.7332
9188.08,100.5,8.7332
9189.09,101.5,8.7332
9190.09,99.5,8.7332
9191.1,101.5,8.7332
9192.1,100.5,8.7333
9193.11,101.5,8.7333
9194.11,101.5,8.7333
9195.12,99.5,8.7333
9196.12,100.5,8.7333
9197.13,100.5,8.7333
9198.14,102.5,8.7333
9199.14,100.5,8.7333
9200.15,101.5,8.7333
9201.15,99.5,8.7333
9202.16,101.5,8.7333
9203.16,99.5,8.7333
9204.17,100.5,8.7333
9205.17,101.5,8.7333
9206.18,101.5,8.7333
9207.18,100.5,8.7333
9208.19,99.5,8.7333
9209.19,100.5,8.7333
9210.2,102.5,8.7333
9211.2,100.5,8.7333
9212.21,101.5,8.7335
9213.21,99.5,8.7335
9214.22,102.5,8.7335
9215.22,99.5,8.7335
9216.23,100.5,8.7335
9217.23,100.5,8.7335
9218.24,101.5,8.7335
9219.25,100.5,8.7335
9220.25,100.5,8.7335
9221.26,100.5,8.7337
9222.26,100.5,8.7337
9223.27,101.6,8.7337
9224.27,101.5,8.7337
9225.27,100.7,8.7337
9226.28,100.5,8.7337
9227.28,100.6,8.7337
9228.29,100.5,8.7337
9229.29,101.5,8.7337
9230.3,102.5,8.7337
9231.3,99.5,8.7337
9232.31,100.5,8.7337
9233.31,101.5,8.7337
9234.32,100.5,8.7337
9235.33,99.5,8.7337
9236.33,100.5,8.7337
9237.34,101.3,8.7337
9238.34,99.5,8.7337
9239.35,101.5,8.7337
9240.35,100.5,8.7337
9241.36,100.5,8.7337
9242.36,100.5,8.7337
9243.37,100.5,8.7337
9244.37,100.5,8.7337
9245.38,101.5,8.7337
9246.39,100.5,8.7337
9247.39,100.5,8.7337
9248.4,102.5,8.7337
9249.4,101.5,8.7337
9250.41,99.6,8.7337
9251.41,99.5,8.7337
9252.42,101.5,8.7339
9253.42,100.5,8.7339
9254.43,100.4,8.7339
9255.43,99.6,8.7339
9256.44,100.5,8.7339
9257.44,101.5,8.7339
9258.45,100.5,8.7339
9259.45,100.5,8.734
9260.46,101.5,8.734
9261.46,100.5,8.734
9262.47,100.5,8.734
9263.47,101.5,8.734
9264.48,101.5,8.734
9265.48,100.5,8.734
9266.49,100.5,8.734
9267.49,125.6,8.734
9268.5,101.5,8.734
9269.5,100.5,8.734
9270.51,100.5,8.734
9271.51,101.5,8.734
9272.52,99.6,8.734
9273.52,101.3,8.734
9274.53,101.5,8.734
9275.53,101.5,8.734
9276.54,101.5,8.734
9277.55,99.5,8.734
9278.55,100.5,8.734
9279.56,100.5,8.734
9280.56,100.5,8.734
9281.57,100.5,8.734
9282.57,101.5,8.734
9283.58,102.5,8.734
9284.58,101.5,8.734
9285.59,100.5,8.734
9286.59,99.5,8.734
9287.6,100.5,8.734
9288.6,99.5,8.734
9289.61,101.5,8.734
9290.61,101.5,8.734
9291.62,101.5,8.734
9292.63,100.5,8.734
9293.63,100.5,8.734
9294.64,100.5,8.734
9295.64,101.5,8.734
9296.64,99.7,8.734
9297.65,101.5,8.734
9298.65,100.5,8.734
9299.66,100.5,8.734
9300.66,101.5,8.734
9301.67,101.5,8.7342
9302.68,99.5,8.7345
9303.68,102.5,8.7345
9304.69,99.5,8.7345
9305.69,101.5,8.7345
9306.7,100.5,8.7345
9307.7,100.5,8.7345
9308.71,101.5,8.7345
9309.71,100.4,8.7345
9310.72,101.5,8.7345
9311.72,99.5,8.7345
9312.73,100.5,8.7345
9313.73,100.5,8.7345
9314.74,100.5,8.7345
9315.74,101.5,8.7345
9316.75,102.5,8.7345
9317.75,99.5,8.7345
9318.76,101.5,8.7345
9319.77,100.5,8.7345
9320.77,101.5,8.7345
9321.78,99.5,8.7345
9322.78,100.5,8.7525
9323.79,99.5,8.7525
9324.79,102.5,8.7525
9325.8,100.5,8.7525
9326.8,101.5,8.7525
9327.81,100.5,8.7525
9328.81,100.5,8.7525
9329.82,101.5,8.7525
9330.82,100.5,8.7525
9331.83,100.5,8.7525
9332.83,100.5,8.7525
9333.84,101.5,8.7525
9334.84,100.5,8.7525
9335.85,101.5,8.7525
9336.86,100.5,8.7525
9337.86,99.5,8.7525
9338.87,100.5,8.7525
9339.87,101.5,8.7525
9340.88,100.5,8.7525
9341.88,101.5,8.7525
9342.89,99.5,8.7525
9343.89,101.5,8.7704
9344.9,99.5,8.7704
9345.9,101.5,8.7704
9346.91,100.5,8.7707
9347.91,100.5,8.7707
9348.92,100.6,8.7708
9349.92,100.5,8.7708
9350.93,100.4,8.7708
9351.93,99.5,8.7708
9352.94,102.5,8.7708
9353.94,99.5,8.7708
9354.95,101.5,8.7686
9355.96,100.5,8.7686
9356.96,101.5,8.7686
9357.97,100.5,8.7686
9358.97,100.5,8.7686
9359.98,101.5,8.7686
9360.98,101.5,8.7686
9361.99,99.5,8.7686
9362.99,101.5,8.7686
9364.0,99.5,8.7686
9365.0,101.6,8.7666
9366.01,100.6,8.7825
9367.01,100.5,8.7825
9368.02,101.5,8.7825
9369.02,99.5,8.7827
9370.02,100.8,8.7827
9371.03,100.6,8.7827
9372.03,100.5,8.7827
9373.04,100.5,8.7827
9374.04,101.5,8.7827
9375.05,101.5,8.7805
9376.05,101.5,8.7807
9377.06,99.5,8.7807
9378.06,101.5,8.7807
9379.07,1334.3,1.9057
9380.07,278.7,2.1667
9381.08,366.8,2.3897
9382.08,339.1,2.7953
9383.08,308.1,3.3105
9384.09,315.4,3.6872
9385.09,321.4,4.1076
9386.1,158.2,4.5991
9387.1,142.3,5.1035
9388.11,132.3,5.6169
9389.12,102.4,6.1327
9390.12,101.5,6.6273
9391.13,122.4,6.9428
9392.13,104.4,6.9431
9393.14,104.5,7.0431
9394.14,126.3,7.0431
9395.15,103.5,7.0431
9396.15,110.7,7.0431
9397.15,103.5,7.0431
9398.16,114.4,7.0431
9399.17,129.3,7.171
9400.17,101.5,7.171
9401.18,100.3,7.171
9402.18,101.5,7.1712
9403.19,99.5,7.1712
9404.19,103.5,7.1713
9405.2,99.5,7.1713
9406.2,102.5,7.1713
9407.21,115.4,7.172
9408.21,102.5,7.172
9409.22,101.5,7.172
9410.22,100.5,7.172
9411.23,101.5,7.172
9412.23,100.5,7.172
9413.24,99.5,7.172
9414.25,102.5,7.172
9415.25,117.0,7.1723
9416.26,100.5,7.1723
9417.26,100.5,7.1723
9418.27,100.5,7.1723
9419.27,101.5,7.1723
9420.28,100.5,7.1723
9421.28,101.5,7.1723
9422.29,99.5,7.1723
9423.29,115.4,7.1723
9424.3,99.5,7.1723
9425.31,102.5,7.1723
9426.31,100.5,7.1723
9427.32,99.5,7.1723
9428.32,101.5,7.1723
9429.33,102.5,7.1723
9430.33,100.5,7.1723
9431.34,116.4,7.2521
9432.34,101.5,7.2521
9433.35,100.5,7.2521
9434.35,101.5,7.2521
9435.36,100.5,7.2521
9436.36,101.5,7.2521
9437.37,101.5,7.2524
9438.37,99.7,7.2524
9439.37,101.5,7.2524
9440.38,101.5,7.6554
9441.39,100.5,8.1351
9442.39,130.5,8.6582
9443.39,101.5,8.6582
9444.4,101.5,8.6582
9445.4,99.5,8.6582
9446.41,100.5,8.6582
9447.42,101.5,8.6583
9448.42,102.5,8.6583
9449.43,100.5,8.6583
9450.43,100.5,8.6583
9451.44,101.5,8.6583
9452.44,99.5,8.6583
9453.45,102.5,8.6585
9454.45,99.5,8.6585
9455.46,100.5,8.6585
9456.46,100.5,8.658
9457.47,100.5,8.658
9458.47,101.5,8.658
9459.48,99.5,8.658
9460.48,102.6,8.658
9461.49,99.6,8.658
9462.49,101.5,8.6586
9463.5,100.5,8.6586
9464.5,101.5,8.6586
9465.51,101.5,8.6586
9466.51,100.5,8.6586
9467.52,101.5,8.6586
9468.52,104.5,8.6586
9469.53,101.5,8.6586
9470.53,100.5,8.6586
9471.54,101.5,8.658
9472.54,101.5,8.658
9473.55,99.5,8.658
9474.55,99.7,8.658
9475.56,100.5,8.658
9476.56,99.5,8.658
9477.57,101.5,8.658
9478.57,102.5,8.658
9479.58,101.5,8.658
9480.58,99.5,8.658
9481.59,100.5,8.658
9482.59,100.5,8.6583
9483.6,101.5,8.6583
9484.6,99.5,8.6583
9485.61,100.5,8.6583
9486.61,133.5,8.6583
9487.62,171.1,8.6583
9488.62,116.4,8.6583
9489.63,100.5,8.6583
9490.63,103.5,8.6583
9491.64,99.5,8.6583
9492.64,101.5,8.6583
9493.65,101.5,8.6585
9494.65,101.5,8.6585
9495.66,99.5,8.6585
9496.66,101.5,8.6585
9497.67,100.5,8.6585
9498.67,99.5,8.6585
9499.68,101.5,8.6585
9500.68,100.5,8.6585
9501.69,100.5,8.6585
9502.69,101.5,8.6585
9503.7,100.5,8.6585
9504.7,99.5,8.6585
9505.71,101.5,8.6585
9506.71,101.5,8.6585
9507.72,99.5,8.6585
9508.72,101.5,8.6585
9509.73,99.5,8.6585
9510.73,102.5,8.6585
9511.74,100.5,8.6585
9512.75,101.5,8.6585
9513.75,100.5,8.6585
9514.76,100.5,8.6585
9515.76,100.5,8.6585
9516.77,102.5,8.6585
9517.77,100.5,8.6585
9518.78,100.5,8.6585
9519.78,99.5,8.6585
9520.79,103.5,8.6585
9521.79,101.5,8.6585
9522.8,100.5,8.6585
9523.8,126.3,8.6585
9524.81,104.5,8.6585
9525.81,100.5,8.6585
9526.82,101.5,8.6585
9527.82,100.5,8.6585
9528.83,101.5,8.6585
9529.83,101.5,8.6585
9530.84,100.5,8.6585
9531.84,100.5,8.6585
9532.85,102.5,8.6588
9533.85,100.5,8.6588
9534.86,101.5,8.6588
9535.86,99.5,8.6588
9536.87,99.6,8.6588
9537.87,101.5,8.6588
9538.88,100.5,8.6588
9539.88,100.5,8.6588
9540.89,102.5,8.6588
9541.89,99.5,8.6588
9542.9,101.5,8.6588
9543.9,99.5,8.6588
9544.91,102.5,8.6588
9545.91,99.5,8.6588
9546.92,101.5,8.6588
9547.92,103.5,8.6593
9548.93,100.5,8.6593
9549.94,99.5,8.6593
9550.94,100.5,8.6593
9551.95,100.5,8.6593
9552.95,100.5,8.6593
9553.96,100.5,8.6593
9554.96,99.5,8.6593
9555.97,100.5,8.6593
9556.97,103.5,8.6593
9557.98,99.5,8.6593
9558.98,99.6,8.6593
9559.99,100.5,8.6593
9560.99,102.5,8.6593
9562.0,100.5,8.6593
9563.0,101.5,8.6593
9564.01,99.5,8.6593
9565.01,100.4,8.6593
9566.02,100.5,8.6593
9567.02,100.5,8.6593
9568.03,100.5,8.6593
9569.03,100.5,8.6593
9570.04,102.5,8.6593
9571.04,99.5,8.6593
9572.05,103.5,8.6594
9573.05,100.5,8.6594
9574.06,100.5,8.6594
9575.06,100.5,8.6594
9576.07,101.5,8.6594
9577.07,100.5,8.6596
9578.08,100.5,8.6596
9579.08,101.5,8.6596
9580.09,99.5,8.6596
9581.09,101.5,8.6596
9582.1,99.5,8.6596
9583.11,101.5,8.6596
9584.11,100.6,8.6596
9585.11,102.5,8.6596
9586.12,100.5,8.6596
9587.13,100.5,8.6596
9588.13,101.5,8.6596
9589.14,99.5,8.6596
9590.14,99.5,8.6596
9591.15,102.5,8.6596
9592.15,100.5,8.6596
9593.16,99.5,8.6596
9594.16,101.5,8.6596
9595.17,101.5,8.6596
9596.17,100.5,8.6596
9597.18,100.5,8.6596
9598.18,100.6,8.6596
9599.19,99.5,8.6596
9600.19,103.5,8.6596
9601.2,100.5,8.6596
9602.2,100.5,8.6597
9603.21,101.5,8.6597
9604.21,99.5,8.6597
9605.22,100.5,8.6597
9606.22,101.5,8.6597
9607.23,102.5,8.6597
9608.23,99.5,8.6597
9609.24,100.5,8.6597
9610.24,102.5,8.6597
9611.25,100.5,8.6597
9612.25,99.5,8.6597
9613.26,102.6,8.6597
9614.26,99.5,8.6597
9615.27,100.5,8.6597
9616.27,99.5,8.6597
9617.28,100.6,8.6597
9618.28,101.5,8.6597
9619.29,101.5,8.6597
9620.29,99.5,8.6597
9621.3,101.5,8.6597
9622.3,99.5,8.66
9623.31,103.5,8.66
9624.31,100.5,8.6603
9625.32,99.5,8.6603
9626.32,100.5,8.6603
9627.33,100.5,8.6603
9628.33,100.5,8.6603
9629.34,100.5,8.6603
9630.34,100.5,8.6603
9631.35,99.5,8.6603
9632.35,103.5,8.6603
9633.36,99.5,8.6603
9634.37,100.5,8.6603
9635.37,99.5,8.6603
9636.37,102.6,8.6603
9637.38,99.5,8.6603
9638.38,101.5,8.6603
9639.39,101.5,8.6604
9640.4,99.5,8.6604
9641.4,100.5,8.6604
9642.41,102.5,8.6604
9643.41,100.5,8.6604
9644.42,100.5,8.6604
9645.42,100.5,8.6604
9646.43,100.5,8.6604
9647.43,101.5,8.6604
9648.44,99.5,8.6604
9649.44,101.5,8.6604
9650.45,103.5,8.6604
9651.45,99.5,8.6604
9652.46,100.5,8.6604
9653.46,100.5,8.6604
9654.47,100.5,8.6604
9655.47,100.5,8.6604
9656.48,100.5,8.6604
9657.48,100.6,8.6604
9658.49,101.5,8.6604
9659.49,100.5,8.6604
9660.5,100.5,8.6604
9661.5,99.6,8.6604
9662.51,100.5,8.6604
9663.51,100.4,8.6604
9664.52,101.5,8.6604
9665.52,101.5,8.6604
9666.53,99.5,8.6604
9667.53,101.5,8.6607
9668.54,100.5,8.6607
9669.54,101.5,8.6607
9670.55,100.5,8.6607
9671.55,100.5,8.6607
9672.56,101.5,8.6607
9673.56,101.5,8.6607
9674.57,99.5,8.6607
9675.58,100.5,8.6607
9676.58,101.5,8.6607
9677.59,101.5,8.6607
9678.59,100.5,8.6607
9679.59,102.7,1.9767
9680.6,338.0,2.2097
9681.6,369.1,2.3591
9682.61,314.4,2.5895
9683.61,309.4,2.8451
9684.62,302.6,3.07
9685.62,302.4,3.468
9686.63,177.1,3.9628
9687.63,151.2,4.5159
9688.64,244.9,5.1043
9689.64,100.5,5.6388
9690.65,121.4,6.2112
9691.65,216.8,6.791
9692.66,309.7,7.0747
9693.66,287.5,7.0973
9694.67,205.9,7.0846
9695.67,176.1,7.1014
9696.68,107.4,7.1014
9697.68,101.5,7.1014
9698.69,121.5,7.1703
9699.69,99.5,7.2182
9700.7,112.4,7.2182
9701.7,102.5,7.2183
9702.71,103.5,7.2185
9703.71,108.4,7.2185
9704.72,102.5,7.2185
9705.72,112.4,7.2188
9706.73,102.5,7.2188
9707.73,113.4,7.219
9708.74,109.4,7.219
9709.74,115.4,7.219
9710.75,107.4,7.2191
9711.76,102.5,7.2191
9712.76,116.4,7.2199
9713.77,102.5,7.2199
9714.77,108.3,7.2199
9715.78,102.5,7.2199
9716.78,100.5,7.2199
9717.79,101.5,7.2202
9718.79,112.4,7.2203
9719.8,100.5,7.2203
9720.8,100.5,7.2203
9721.81,102.5,7.2203
9722.81,102.5,7.2203
9723.82,100.5,7.2203
9724.82,114.4,7.2893
9725.83,102.5,7.2893
9726.83,99.5,7.2893
9727.84,101.5,7.2893
9728.84,100.5,7.2893
9729.85,101.5,7.2893
9730.85,102.5,7.2893
9731.86,155.2,7.5257
9732.86,105.5,8.0679
9733.87,106.6,8.6721
9734.87,153.2,8.7239
9735.88,211.9,8.7246
9736.88,101.5,8.7246
9737.89,101.5,8.7246
9738.89,101.6,8.7246
9739.9,100.5,8.7247
9740.9,100.5,8.7247
9741.91,101.5,8.7247
9742.91,100.5,8.7247
9743.92,101.5,8.7256
9744.92,99.5,8.7256
9745.93,101.5,8.7256
9746.93,101.5,8.7256
9747.94,99.5,8.7256
9748.95,101.5,8.7256
9749.95,101.5,8.7256
9750.96,100.5,8.7256
9751.96,100.5,8.7256
9752.97,102.5,8.7261
9753.97,100.5,8.7261
9754.98,101.5,8.7261
9755.98,99.5,8.7261
9756.99,102.5,8.7261
9757.99,99.5,8.7261
9759.0,102.5,8.7261
9760.0,99.5,8.7261
9761.01,101.5,8.7265
9762.01,101.5,8.7268
9763.02,100.5,8.7268
9764.02,100.5,8.7268
9765.03,99.5,8.7268
9766.03,101.5,8.7268
9767.04,100.5,8.7268
9768.04,100.5,8.7268
9769.05,101.5,8.7268
9770.05,100.5,8.7268
9771.06,101.6,8.7268
9772.06,101.5,8.7268
9773.07,100.5,8.7268
9774.07,100.5,8.7268
9775.08,100.5,8.7268
9776.08,100.5,8.7268
9777.09,100.5,8.7268
9778.09,101.5,8.7268
9779.1,100.5,8.7268
9780.1,100.5,8.7268
9781.11,100.5,8.7268
9782.11,101.5,8.7268
9783.12,106.5,8.7269
9784.12,110.4,8.7269
9785.13,160.2,8.7274
9786.13,100.5,8.7274
9787.14,100.5,8.7274
9788.14,111.4,8.7274
9789.15,101.5,8.7274
9790.15,99.5,8.7274
9791.16,101.5,8.7274
9792.16,100.5,8.7274
9793.17,102.5,8.7274
9794.18,100.5,8.7274
9795.18,102.5,8.7274
9796.19,101.5,8.7274
9797.19,100.5,8.7274
9798.2,99.5,8.7274
9799.2,103.5,8.7274
9800.21,100.6,8.7274
9801.21,101.5,8.7274
9802.22,100.5,8.7274
9803.22,100.5,8.7274
9804.23,101.6,8.7274
9805.23,101.5,8.7274
9806.24,99.5,8.7274
9807.24,101.5,8.7276
9808.25,100.5,8.7276
9809.25,100.5,8.7276
9810.26,99.5,8.7276
9811.26,101.5,8.7276
9812.27,102.5,8.7276
9813.27,99.5,8.7276
9814.28,101.5,8.7276
9815.28,101.5,8.7276
9816.29,100.5,8.7276
9817.29,100.5,8.7276
9818.3,100.5,8.7276
9819.3,100.5,8.7276
9820.31,99.5,8.7276
9821.31,101.6,8.7279
9822.32,101.5,8.7279
9823.32,99.5,8.7279
9824.33,100.5,8.7279
9825.33,101.5,8.7279
9826.34,100.5,8.7279
9827.34,100.5,8.7279
9828.35,100.5,8.7279
9829.36,104.5,8.7279
9830.36,100.5,8.7279
9831.37,101.5,8.7279
9832.37,101.5,8.7279
9833.38,105.4,8.7279
9834.38,139.3,8.7279
9835.39,100.5,8.7279
9836.39,100.5,8.7279
9837.4,100.5,8.7279
9838.4,101.5,8.7279
9839.41,100.5,8.7279
9840.41,99.5,8.7279
9841.42,103.5,8.7279
9842.42,99.4,8.7279
9843.43,101.5,8.7279
9844.43,101.5,8.7279
9845.44,99.5,8.7279
9846.45,99.5,8.7279
9847.45,101.5,8.7279
9848.46,100.5,8.7286
9849.46,101.5,8.7286
9850.47,100.6,8.7286
9851.47,101.5,8.7286
9852.48,100.5,8.7288
9853.48,99.5,8.7288
9854.49,100.6,8.7288
9855.49,103.5,8.7288
9856.5,99.5,8.7288
9857.5,100.5,8.7288
9858.51,102.6,8.7288
9859.51,99.5,8.7288
9860.52,101.5,8.7288
9861.52,100.7,8.7288
9862.52,100.3,8.7288
9863.53,100.5,8.7288
9864.54,100.5,8.7288
9865.54,101.5,8.7288
9866.55,100.5,8.7288
9867.55,100.5,8.7288
9868.56,102.5,8.7288
9869.56,100.5,8.7288
9870.57,99.6,8.7288
9871.57,101.5,8.7288
9872.58,100.2,8.7288
9873.58,101.5,8.7297
9874.59,99.5,8.7297
9875.59,101.6,8.7297
9876.6,99.5,8.7297
9877.6,100.3,8.7297
9878.61,103.5,8.7298
9879.61,100.5,8.7298
9880.62,99.5,8.7298
9881.63,102.5,8.7298
9882.63,100.4,8.7298
9883.64,99.5,8.7298
9884.64,101.5,8.7298
9885.65,100.5,8.7298
9886.65,101.5,8.7298
9887.66,100.5,8.7298
9888.66,99.6,8.7298
9889.67,101.5,8.7298
9890.67,101.7,8.7464
9891.67,101.5,8.7464
9892.68,108.5,8.7464
9893.68,101.5,8.7464
9894.69,99.5,8.7464
9895.69,101.5,8.7464
9896.7,99.5,8.7464
9897.71,102.5,8.7464
9898.71,100.5,8.7467
9899.71,100.7,8.7467
9900.72,101.6,8.7467
9901.72,101.5,8.7467
9902.73,100.5,8.7469
9903.73,99.5,8.7469
9904.74,101.5,8.7469
9905.74,100.5,8.7469
9906.75,101.5,8.7626
9907.75,100.5,8.7626
9908.76,99.5,8.7626
9909.76,101.5,8.7626
9910.77,100.6,8.7626
9911.77,100.5,8.7626
9912.78,102.5,8.7626
9913.79,99.5,8.7626
9914.79,101.5,8.7626
9915.8,100.5,8.7626
9916.8,101.5,8.7626
9917.81,99.6,8.7626
9918.81,101.5,8.7626
9919.82,99.5,8.7626
9920.82,100.5,8.7626
9921.83,100.5,8.7626
9922.83,103.5,8.7626
9923.84,100.5,8.7767
9924.84,99.5,8.7767
9925.85,101.5,8.7767
9926.85,101.5,8.7767
9927.86,99.5,8.7767
9928.86,100.5,8.7767
9929.87,101.6,8.7767
9930.87,99.5,8.7767
9931.88,101.5,8.7767
9932.88,100.5,8.7767
9933.89,99.5,8.7767
9934.89,100.5,8.7767
9935.9,101.5,8.7767
9936.9,102.6,8.7767
9937.91,99.5,8.7767
9938.91,100.5,8.7767
9939.92,100.6,8.7767
9940.92,101.5,8.7901
9941.93,101.5,8.7901
9942.94,101.1,8.7901
9943.94,99.5,8.7903
9944.95,100.5,8.7903
9945.95,101.5,8.7903
9946.96,100.5,8.7906
9947.97,101.2,8.7906
9948.97,100.5,8.7906
9949.98,101.5,8.7906
9950.98,100.5,8.7906
9951.99,100.6,8.7906
9952.99,100.6,8.7906
9953.99,99.5,8.7906
9955.0,102.5,8.7906
9956.01,99.5,8.7906
9957.01,100.5,8.7906
9958.02,101.5,8.8023
9959.02,100.5,8.8023
9960.03,101.6,8.8023
9961.03,99.4,8.8023
9962.04,101.5,8.8023
9963.04,102.5,8.8023
9964.05,99.5,8.8023
9965.05,99.5,8.8023
9966.06,100.5,8.8023
9967.06,101.5,8.8023
9968.07,101.5,8.8023
9969.07,100.5,8.8023
9970.08,101.5,8.8023
9971.08,99.5,8.8023
9972.09,101.5,8.8023
9973.09,99.4,8.8023
9974.1,101.5,8.8023
9975.1,101.5,8.8048
9976.11,99.8,8.8048
9977.11,101.6,8.8048
9978.12,109.4,8.8048
9979.12,102.4,1.9234
9980.13,274.2,2.1221
9981.13,352.3,2.2678
9982.13,348.0,2.4907
9983.13,327.2,2.8445
9984.14,318.4,3.1671
9985.14,167.1,3.6314
9986.15,121.7,4.1523
9987.15,206.9,4.6342
9988.16,1.0,2.1007
9989.16,371.9,2.3115
9990.16,328.3,2.6535
9991.17,319.5,3.0073
9992.17,254.7,3.3873
9993.18,148.2,3.7673
9994.19,197.0,4.1011
9995.19,111.5,4.3471
9996.19,105.4,4.5282
9997.2,103.5,4.7084
9998.21,103.5,4.8946
9999.21,100.5,5.0822
10000.22,103.5,5.2438
10001.22,111.4,5.4087
10002.23,231.8,5.5809
10003.23,220.8,5.7788
10004.24,272.5,6.0125
10005.24,256.7,6.28
10006.25,138.3,6.5379
10007.25,106.4,6.7258
10008.26,122.4,6.8765
10009.26,126.3,6.9696
10010.27,102.5,7.0193
10011.27,101.5,7.0303
10012.28,108.4,7.1193
10013.28,99.5,7.1193
10014.29,102.5,7.1193
10015.29,100.5,7.1193
10016.3,102.5,7.1193
10017.31,101.5,7.1193
10018.31,99.5,7.1193
10019.32,99.5,7.1193
10020.32,103.5,7.1194
10021.33,101.5,7.1194
10022.33,100.5,7.1194
10023.34,101.5,7.1194
10024.34,99.5,7.1194
10025.35,101.5,7.1194
10026.35,112.5,1.8297
10027.35,3.0,1.9593
10028.36,345.0,2.1919
10029.36,371.1,2.3224
10030.37,346.2,2.5794
10031.37,321.3,2.8298
10032.38,315.3,3.1625
10033.38,153.2,3.6753
10034.39,148.2,4.1678
10035.39,213.9,4.6562
10036.4,133.3,5.1522
10037.4,133.3,5.7339
10038.41,101.5,6.3762
10039.41,130.3,6.9126
10040.42,107.4,6.9749
10041.42,104.5,7.041
10042.43,102.5,7.041
10043.43,117.5,1.8276
10044.44,2.0,2.0149
10045.44,352.1,2.2243
10046.44,356.1,2.4853
10047.45,313.4,2.8223
10048.45,308.7,3.1134
10049.46,270.6,3.641
10050.46,137.3,4.2437
10051.47,125.3,4.7984
10052.47,121.4,5.3032
10053.48,112.4,5.8099
10054.48,103.5,6.3191
10055.49,114.4,6.8238
10056.49,283.2,6.9923
10057.5,123.4,6.9925
10058.5,110.5,6.9925
10059.5,107.7,6.9926
10060.51,102.5,6.9926
10061.51,100.7,6.9926
10062.52,99.5,6.9926
10063.52,116.4,7.1613
10064.53,102.5,7.1614
10065.53,100.5,7.1614
10066.54,101.5,7.1614
10067.54,101.5,7.1614
10068.55,120.4,7.1615
10069.55,136.5,7.1615
10070.56,113.4,7.1615
10071.56,113.4,7.1615
10072.57,101.5,7.1615
10073.57,101.5,7.1615
10074.58,113.4,7.1621
10075.58,101.5,7.1621
10076.59,100.5,7.1621
10077.59,113.4,7.1622
10078.6,105.5,7.1622
10079.6,107.4,7.1622
10080.61,101.5,7.1623
10081.61,100.5,7.1623
10082.62,100.5,7.1623
10083.62,101.5,7.1623
10084.63,103.5,7.1623
10085.63,100.5,7.1623
10086.64,100.5,7.1623
10087.65,100.5,7.1625
10088.65,100.5,7.1625
10089.66,100.5,7.1625
10090.66,100.5,7.1625
10091.67,102.5,7.1625
10092.67,99.6,7.1625
10093.68,101.5,7.1625
10094.68,99.5,7.1625
10095.69,101.5,7.1625
10096.69,99.5,7.1625
10097.7,104.5,7.1625
10098.7,101.5,7.1625
10099.71,113.4,7.1625
10100.71,101.5,7.1625
10101.72,100.5,7.1625
10102.72,100.5,7.1625
10103.73,101.5,7.1625
10104.73,101.5,7.1625
10105.74,99.5,7.1625
10106.74,100.5,7.1625
10107.75,100.5,7.1625
10108.75,102.5,7.1625
10109.76,99.5,7.1625
10110.76,100.5,7.1625
10111.77,102.5,7.1625
10112.78,100.5,7.1625
10113.78,100.5,7.1625
10114.79,102.5,7.1625
10115.79,100.5,7.1625
10116.8,101.5,7.1625
10117.8,100.5,7.1625
10118.81,100.5,7.1625
10119.81,99.5,7.1625
10120.82,102.5,7.1625
10121.82,100.5,7.1625
10122.83,115.4,7.1627
10123.83,101.5,7.1627
10124.84,101.5,7.1627
10125.84,103.5,7.1627
10126.85,100.5,7.1627
10127.85,100.6,7.1627
10128.86,101.5,7.1627
10129.86,101.5,7.1627
10130.87,99.5,7.1627
10131.87,117.5,1.8293
10132.88,3.0,2.0051
10133.88,311.1,2.1625
10134.88,1.0,1.9387
10135.89,301.4,2.1244
10136.89,345.5,2.2908
10137.9,335.4,2.5688
10138.9,321.3,2.9958
10139.91,1503.7,1.9328
10140.91,295.3,2.0944
10141.92,4.0,1.9814
10142.92,347.2,2.2782
10143.93,307.6,2.6018
10144.93,307.3,2.9784
10145.94,299.4,3.3782
10146.94,160.2,3.8882
10147.95,157.3,4.3734
10148.95,330.3,4.5218
10149.95,341.2,4.7939
10150.96,313.3,5.0579
10151.96,306.5,5.411
10152.97,308.3,5.8523
10153.97,305.5,6.1497
10154.98,301.6,6.3702
10155.98,301.4,6.6293
10156.99,309.0,7.0149
10157.99,319.3,7.7051
10159.0,306.4,7.7054
10160.0,308.4,7.706
10161.01,310.6,7.7066
10162.01,283.2,7.7069
10163.01,164.2,7.7069
10164.02,107.4,7.7069
10165.03,154.2,7.7069
10166.03,226.8,7.7069
10167.04,146.2,7.7069
10168.04,134.3,7.7069
10169.05,149.2,7.8069
10170.05,216.8,7.807
10171.06,185.0,7.807
10172.06,142.2,7.807
10173.07,101.5,7.807
10174.07,137.3,7.8073
10175.08,115.4,7.8073
10176.08,162.1,7.8074
10177.09,125.4,7.8076
10178.09,130.4,7.8076
10179.1,102.4,7.8076
10180.1,101.5,7.8076
10181.11,144.3,7.8077
10182.11,138.3,7.8078
10183.12,127.4,7.8078
10184.13,100.5,7.8078
10185.13,104.4,7.8078
10186.14,102.5,7.8078
10187.14,102.5,7.8078
10188.14,217.3,8.4375
10189.15,144.3,8.6752
10190.15,101.5,8.6752
10191.16,100.5,8.6752
10192.17,118.4,8.6752
10193.17,100.5,8.6752
10194.18,101.5,8.6752
10195.18,102.5,8.6752
10196.19,100.5,8.6752
10197.19,100.5,8.6752
10198.2,104.4,8.6752
10199.2,121.5,8.6752
10200.21,124.4,8.6752
10201.21,100.5,8.6752
10202.22,112.4,8.6752
10203.22,176.2,8.6753
10204.23,200.9,8.6753
10205.23,104.4,8.6753
10206.24,123.4,8.6753
10207.24,139.4,8.6753
10208.25,103.5,8.6753
10209.25,102.4,8.6753
10210.26,100.5,8.6753
10211.26,100.5,8.6753
10212.27,115.4,8.6753
10213.27,102.6,8.6753
10214.28,102.4,8.6753
10215.28,100.5,8.6753
10216.29,100.5,8.6753
10217.29,132.3,8.6753
10218.3,101.5,8.6753
10219.31,100.5,8.6753
10220.31,101.5,8.6753
10221.32,102.5,8.6753
10222.32,102.5,8.6755
10223.33,99.5,8.6755
10224.33,101.5,8.6755
10225.34,100.5,8.6755
10226.34,100.5,8.6755
10227.35,99.5,8.6755
10228.35,104.5,8.6755
10229.36,99.5,8.6755
10230.36,100.5,8.6755
10231.37,101.5,8.6755
10232.37,101.5,8.6755
10233.38,99.5,8.6755
10234.39,100.5,8.6755
10235.39,103.5,8.6755
10236.4,100.5,8.6755
10237.4,100.6,8.6755
10238.41,100.5,8.6755
10239.41,102.5,8.6755
10240.42,100.5,8.6755
10241.42,100.5,8.6755
10242.43,100.5,8.6755
10243.43,100.5,8.6755
10244.44,101.4,8.6755
10245.44,99.5,8.6755
10246.45,102.5,8.6755
10247.45,100.5,8.6755
10248.46,104.4,8.6755
10249.47,101.4,8.6755
10250.47,100.5,8.6755
10251.48,99.5,8.6755
10252.48,102.4,8.6755
10253.49,100.5,8.6755
10254.49,100.5,8.6755
10255.5,104.5,8.6755
10256.5,100.5,8.6755
10257.51,101.5,8.6755
10258.51,100.5,8.6755
10259.52,100.5,8.6755
10260.52,101.5,8.6755
10261.53,100.5,8.6755
10262.53,100.5,8.6755
10263.54,101.5,8.6755
10264.55,100.5,8.6755
10265.55,100.5,8.6755
10266.56,102.5,8.6755
10267.56,100.5,8.6758
10268.57,100.5,8.6758
10269.57,99.5,8.6758
10270.58,102.5,8.6758
10271.58,100.5,8.6758
10272.59,101.5,8.6758
10273.59,101.5,8.6758
10274.6,100.5,8.6758
10275.6,100.5,8.6758
10276.61,101.5,8.6758
10277.61,103.5,8.6758
10278.62,102.5,8.6758
10279.63,101.5,8.6758
10280.63,112.5,8.6758
10281.63,105.4,8.6758
10282.64,101.5,8.6758
10283.65,100.5,8.6758
10284.65,101.6,8.6758
10285.66,101.5,8.6758
10286.66,99.5,8.6758
10287.67,101.5,8.6758
10288.67,100.5,8.6758
10289.68,101.5,8.6758
10290.68,101.5,8.6758
10291.69,101.5,8.6758
10292.69,100.5,8.6758
10293.7,100.5,8.6758
10294.7,101.5,8.6758
10295.71,100.5,8.6758
10296.71,99.5,8.6758
10297.72,102.4,8.6758
10298.72,99.5,8.6758
10299.73,102.5,8.6758
10300.73,301.5,8.8314
10301.74,99.5,8.8314
10302.75,102.5,8.8314
10303.75,100.5,8.8314
10304.76,100.5,8.8314
10305.76,102.5,8.8314
10306.77,111.4,8.8317
10307.77,128.3,8.832
10308.78,101.5,8.832
10309.78,100.5,8.832
10310.79,99.5,8.832
10311.79,102.5,8.832
10312.8,100.5,8.832
10313.8,100.5,8.832
10314.81,101.5,8.832
10315.82,100.5,8.832
10316.82,100.6,8.832
10317.83,102.5,8.8323
10318.83,99.5,8.8323
10319.84,101.5,8.8323
10320.84,100.5,8.8323
10321.85,100.5,8.8323
10322.85,101.5,8.8323
10323.86,100.5,8.8323
10324.86,109.4,8.8323
10325.87,99.5,8.8323
10326.87,100.5,8.8323
10327.88,101.5,8.8323
10328.88,102.5,8.8323
10329.89,99.5,8.8323
10330.89,100.5,8.8323
10331.9,100.5,8.8323
10332.9,100.5,8.8323
10333.91,101.5,8.8323
10334.91,100.5,8.8323
10335.92,101.5,8.8323
10336.92,100.5,8.8323
10337.93,102.5,8.8323
10338.94,100.5,8.8323
10339.94,100.3,8.8323
10340.95,100.5,8.8323
10341.95,101.5,8.8323
10342.96,100.5,8.8323
10343.96,101.5,8.8323
10344.97,101.5,8.8323
10345.97,101.5,8.8323
10346.98,100.5,8.8323
10347.98,100.5,8.8323
10348.99,100.5,8.8323
10350.0,100.5,8.8323
10351.0,100.5,8.8323
10352.01,101.5,8.8323
10353.01,99.5,8.8323
10354.02,101.5,8.8323
10355.02,100.5,8.8323
10356.03,101.5,8.8323
10357.03,101.5,8.8323
10358.04,100.5,8.8323
10359.04,99.5,8.8323
10360.05,101.5,8.8323
10361.05,101.5,8.8323
10362.06,101.5,8.8325
10363.06,100.5,8.8325
10364.07,100.5,8.8325
10365.07,99.5,8.8325
10366.08,103.5,8.8325
10367.09,100.5,8.8325
10368.09,100.5,8.8325
10369.1,104.4,8.8325
10370.1,102.5,8.8325
10371.11,101.5,8.8325
10372.11,100.5,8.8325
10373.12,100.5,8.8325
10374.12,99.5,8.8325
10375.13,101.5,8.8325
10376.13,100.5,8.8325
10377.14,101.5,8.8325
10378.14,100.5,8.8325
10379.15,100.5,8.8325
10380.15,100.5,8.8325
10381.16,102.5,8.8325
10382.17,101.5,8.8325
10383.17,99.5,8.8325
10384.18,103.5,8.8325
10385.18,100.5,8.8325
10386.19,98.5,8.8325
10387.19,103.5,8.8325
10388.2,100.5,8.8325
10389.2,100.5,8.8325
10390.21,135.3,8.8325
10391.21,100.5,8.8325
10392.22,100.5,8.8325
10393.22,99.5,8.8325
10394.23,103.5,8.8325
10395.23,99.5,8.8325
10396.24,100.5,8.8325
10397.25,100.5,8.8325
10398.25,100.7,8.8325
10399.25,101.5,8.8325
10400.26,99.5,8.8325
10401.26,100.5,8.8325
10402.27,102.5,8.8325
10403.27,100.5,8.8325
10404.28,99.5,8.8325
10405.29,101.4,8.8325
10406.29,100.5,8.8325
10407.3,100.5,8.8328
10408.3,100.5,8.8328
10409.31,103.5,8.8328
10410.31,100.5,8.8328
10411.32,99.5,8.8328
10412.32,102.4,8.8328
10413.33,100.5,8.8328
10414.34,98.5,8.8328
10415.34,102.5,8.8328
10416.35,101.5,8.8328
10417.35,99.5,8.8328
10418.36,101.5,8.8328
10419.36,101.5,8.8328
10420.37,101.5,8.8328
10421.37,101.5,8.8328
10422.38,100.5,8.8328
10423.38,101.5,8.8328
10424.39,100.5,8.8328
10425.39,101.5,8.8328
10426.4,100.5,8.8328
10427.4,100.5,8.8328
10428.41,101.5,8.8328
10429.41,100.5,8.8328
10430.42,102.4,8.8328
10431.43,99.5,8.8328
10432.43,100.5,8.8328
10433.44,101.5,8.8328
10434.44,101.4,8.8328
10435.45,100.5,8.8328
10436.45,100.5,8.8328
10437.46,100.5,8.8328
10438.46,101.5,8.8328
10439.47,99.5,8.8328
10440.47,102.5,8.8328
10441.48,109.7,1.9626
10442.48,282.5,2.1533
10443.48,321.2,2.2539
10444.49,3.0,2.1092
10445.49,343.0,2.2397
10446.49,2569.9,2.0932
10447.5,289.1,2.2355
10448.5,338.1,2.4695
10449.5,307.4,2.7258
10450.51,319.4,2.9498
10451.51,3.0,2.012
10452.52,350.9,2.2261
10453.52,362.0,2.4294
10454.52,1.0,2.0075
10455.53,349.9,2.2322
10456.53,352.0,2.4218
10457.54,313.3,2.7423
10458.54,309.3,3.152
10459.55,307.5,3.5223
10460.55,311.6,3.8359
10461.56,322.5,4.1575
10462.56,296.6,4.4998
10463.57,175.1,4.7837
10464.57,107.5,5.0539
10465.58,111.4,5.3157
10466.58,102.5,5.5661
10467.59,127.3,5.7945
10468.59,101.5,6.0124
10469.6,100.5,6.2198
10470.61,105.4,6.4074
10471.61,103.5,6.5655
10472.61,102.5,6.766
10473.62,130.3,6.9757
10474.63,101.5,7.0277
10475.63,101.5,7.0277
10476.64,99.5,7.1277
10477.64,101.4,7.1277
10478.65,101.5,7.1277
10479.65,99.5,7.1277
10480.66,99.5,7.1277
10481.66,101.5,7.1277
10482.67,107.4,7.1277
10483.67,101.5,7.1277
10484.68,101.5,7.1277
10485.68,102.5,7.1278
10486.69,102.5,7.1279
10487.69,99.5,7.1279
10488.7,111.4,7.1279
10489.7,101.5,7.1279
10490.71,100.4,7.1279
10491.72,99.5,7.1279
10492.72,102.5,7.1279
10493.73,99.5,7.1279
10494.73,101.5,7.1279
10495.74,101.5,7.1279
10496.74,99.5,7.1279
10497.75,100.5,7.1279
10498.75,102.5,7.1279
10499.76,101.5,7.1279
10500.76,101.5,7.1279
10501.77,99.5,7.1279
10502.77,118.6,7.2025
10503.78,100.5,7.2025
10504.78,100.5,7.2505
10505.79,100.5,7.2505
10506.79,100.5,7.2505
10507.8,100.5,7.2505
10508.8,101.5,7.2505
10509.81,100.5,7.2505
10510.81,100.5,7.2505
10511.82,102.5,7.2505
10512.82,99.5,7.2505
10513.83,100.5,7.2505
10514.83,101.5,7.2505
10515.84,101.5,7.2505
10516.84,99.5,7.2505
10517.85,101.5,7.2505
10518.85,99.5,7.2505
10519.86,100.5,7.2505
10520.87,102.5,7.2505
10521.87,99.5,7.2505
10522.88,101.5,7.2505
10523.88,100.5,7.2505
10524.89,101.5,7.2505
10525.89,101.5,7.2505
10526.9,99.5,7.2505
10527.9,117.4,7.2515
10528.91,101.5,7.2515
10529.91,99.5,7.2515
10530.92,100.5,7.2515
10531.92,100.5,7.2515
10532.93,102.5,7.2515
10533.93,99.5,7.2515
10534.94,101.5,7.2515
10535.95,102.2,7.2515
10536.95,99.7,7.2515
10537.95,101.7,7.2515
10538.96,99.5,7.2515
10539.96,101.5,7.2515
10540.97,100.5,7.2515
10541.97,100.5,7.2515
10542.97,99.8,7.2515
10543.98,101.5,7.2515
10544.98,100.5,7.2515
10545.99,100.5,7.2515
10546.99,100.5,7.2518
10548.0,100.5,7.2518
10549.0,100.5,7.2518
10550.01,100.5,7.2518
10551.01,101.5,7.2518
10552.02,100.5,7.2518
10553.03,101.5,7.2518
10554.03,101.5,7.2518
10555.04,100.5,7.2518
10556.04,100.5,7.2518
10557.05,100.5,7.2518
10558.05,115.4,7.2519
10559.06,101.5,7.2519
10560.06,105.5,7.2519
10561.07,98.5,7.2519
10562.07,109.4,7.2519
10563.08,99.2,7.2519
10564.09,102.4,7.2519
10565.09,99.5,7.2519
10566.1,100.5,7.2499
10567.1,100.5,7.2499
10568.11,100.5,7.2499
10569.11,100.7,7.2499
10570.11,101.5,7.2499
10571.12,99.5,7.2499
10572.13,101.5,7.2499
10573.13,99.5,7.2499
10574.14,101.5,7.2499
10575.14,100.5,7.2499
10576.15,99.4,7.2483
10577.15,102.6,7.2483
10578.16,99.5,7.2483
10579.16,100.6,7.2483
10580.16,100.7,7.2468
10581.17,101.5,7.2468
10582.17,102.5,7.2468
10583.18,99.5,7.2468
10584.18,100.5,7.2468
10585.19,100.7,7.2468
10586.19,99.5,7.2468
10587.2,101.5,7.2468
10588.2,100.5,7.2468
10589.21,101.5,7.2468
10590.21,100.5,7.2468
10591.22,100.5,7.2468
10592.22,100.7,7.2454
10593.23,101.5,7.2454
10594.23,100.5,7.2454
10595.23,100.7,7.2454
10596.24,99.5,7.2454
10597.24,100.4,7.2454
10598.25,101.5,7.2454
10599.25,100.5,7.2454
10600.26,101.7,7.2434
10601.26,99.5,7.2434
10602.26,100.7,7.2434
10603.27,100.5,7.2434
10604.28,101.5,7.2434
10605.28,101.5,7.2434
10606.29,99.5,7.2434
10607.29,101.5,7.2434
10608.3,99.5,7.2434
10609.3,101.5,7.2434
10610.31,100.6,7.2434
10611.31,101.6,7.2434
10612.31,100.5,7.2434
10613.32,99.5,7.2434
10614.32,101.5,7.2434
10615.33,101.5,7.2385
10616.33,99.6,7.2385
10617.34,101.6,7.2385
10618.34,99.5,7.2385
10619.35,112.4,7.2385
10620.35,101.5,7.2385
10621.36,99.5,7.2385
10622.36,101.7,7.2385
10623.37,100.6,7.2385
10624.37,100.5,7.2385
10625.38,101.5,7.2385
10626.38,100.5,7.2385
10627.39,100.5,7.2385
10628.39,100.5,7.2385
10629.4,100.5,7.2385
10630.4,116.4,7.2391
10631.41,99.5,7.2391
10632.41,101.5,7.2391
10633.42,99.6,7.2391
10634.42,105.5,7.2391
10635.43,100.2,7.2391
10636.44,100.5,7.2391
10637.44,100.5,7.2394
10638.45,101.5,7.2394
10639.45,99.6,7.2394
10640.45,101.5,7.2394
10641.46,101.5,7.2394
10642.46,99.5,7.2394
10643.47,101.5,7.2394
10644.47,101.5,7.2394
10645.48,99.5,7.2394
10646.49,99.5,7.2394
10647.49,100.5,7.2381
10648.5,100.5,7.2381
10649.5,100.4,7.2381
10650.51,101.5,7.2381
10651.51,99.5,7.2381
10652.52,102.5,7.2381
10653.52,100.5,7.2381
10654.53,101.5,7.2381
10655.53,100.5,7.2381
10656.54,100.5,7.2337
10657.54,100.6,7.2337
10658.55,100.5,7.2337
10659.55,101.5,7.2339
10660.56,100.5,7.2339
10661.56,99.5,7.2339
10662.57,102.5,7.2339
10663.57,100.5,7.2339
10664.58,100.5,7.2339
10665.58,99.5,7.2339
10666.59,100.5,7.2339
10667.59,100.5,7.2339
10668.6,103.5,7.2339
10669.6,99.5,7.2339
10670.61,100.5,7.2339
10671.61,100.5,7.2339
10672.62,102.5,7.2339
10673.62,99.5,7.2339
10674.63,99.5,7.2339
10675.64,101.5,7.2339
10676.64,99.5,7.2339
10677.65,101.5,7.2339
10678.65,100.5,7.2339
10679.66,102.5,7.2339
10680.66,101.5,7.2339
10681.67,99.6,7.2339
10682.67,101.5,7.2339
10683.68,100.5,7.2339
10684.68,101.5,7.2339
10685.69,99.6,7.2339
10686.69,100.5,7.2339
10687.7,101.5,7.2342
10688.7,100.5,7.2342
10689.71,99.6,7.2342
10690.71,100.6,7.2342
10691.71,101.5,7.2342
10692.72,100.5,7.2342
10693.73,101.5,7.2342
10694.73,99.5,7.2342
10695.74,102.5,7.2342
10696.74,99.5,7.2342
10697.75,100.5,7.2342
10698.75,102.5,7.2342
10699.76,99.5,7.2342
10700.76,100.5,7.2342
10701.77,100.6,7.2342
10702.77,100.5,7.2342
10703.78,100.5,7.2342
10704.78,100.5,7.2342
10705.79,99.5,7.2342
10706.79,101.6,7.2342
10707.8,101.5,7.2342
10708.8,99.5,7.2342
10709.81,101.5,7.2342
10710.81,100.5,7.2342
10711.82,99.5,7.2342
10712.82,101.5,7.2342
10713.83,118.4,7.3095
10714.83,100.5,7.3095
10715.84,103.5,7.3095
10716.84,100.5,7.3095
10717.85,100.5,7.3095
10718.85,100.5,7.3095
10719.86,102.5,7.3095
10720.86,99.5,7.3095
10721.87,100.5,7.3095
10722.87,101.5,7.3095
10723.88,99.5,7.3095
10724.88,101.5,7.3095
10725.89,101.5,7.3095
10726.89,99.5,7.3095
10727.9,100.4,7.3095
10728.91,100.5,7.3095
10729.91,101.5,7.3095
10730.92,99.5,7.3095
10731.92,100.5,7.3097
10732.93,101.5,7.3097
10733.93,101.5,7.3097
10734.94,99.5,7.3097
10735.94,100.5,7.3309
10736.95,99.5,7.53
10737.95,101.5,7.7082
10738.96,102.5,7.9683
10739.96,99.5,8.1278
10740.97,102.5,8.3625
10741.97,99.5,8.5655
10742.98,130.3,8.7385
10743.98,100.5,8.7385
10744.99,100.5,8.7385
10745.99,99.5,8.7385
10747.0,102.5,8.7385
10748.0,99.5,8.7385
10749.01,101.5,8.7385
10750.02,100.5,8.7385
10751.02,100.5,8.7385
10752.03,101.5,8.7385
10753.03,100.5,8.7385
10754.04,100.5,8.7385
10755.04,1.0,2.0703
10756.04,312.1,2.1968
10757.05,1480.6,1.9909
10758.05,346.5,2.2039
10759.05,2.0,2.0139
10760.06,337.6,2.4349
10761.06,291.2,2.8077
10762.06,368.1,3.0788
10763.07,328.3,3.498
10764.07,311.3,3.9263
10765.08,326.4,4.3028
10766.08,304.4,4.6376
10767.09,307.5,4.9635
10768.09,302.6,5.2176
10769.1,304.6,5.4016
10770.1,303.4,5.5997
10771.11,303.5,5.7554
10772.11,299.4,5.9544
10773.12,296.2,6.1174
10774.12,240.8,6.2451
10775.12,203.3,6.3776
10776.13,184.0,6.5522
10777.13,166.1,6.6999
10778.14,152.2,6.8259
10779.15,198.9,7.2055
10780.15,175.1,7.2575
10781.16,122.3,7.2575
10782.16,111.6,7.2575
10783.16,124.4,7.2575
10784.17,110.4,7.2515
10785.18,118.4,7.2515
10786.18,104.4,7.2515
10787.19,140.2,7.2516
10788.19,129.3,7.2523
10789.2,106.4,7.2527
10790.2,103.4,7.2527
10791.21,142.3,7.2527
10792.21,102.5,7.2527
10793.22,102.5,7.2527
10794.22,105.4,7.2527
10795.23,133.3,7.2527
10796.23,188.3,7.2527
10797.24,100.5,7.2527
10798.24,182.0,7.2527
10799.25,127.3,7.2527
10800.25,101.4,7.3023
10801.26,115.4,7.3527
10802.26,104.4,7.3527
10803.27,107.5,7.3527
10804.27,101.5,7.3527
10805.28,100.4,7.3527
10806.29,103.5,7.3527
10807.29,101.5,7.3527
10808.3,108.4,7.3527
10809.3,138.3,7.3527
10810.31,106.4,7.3527
10811.31,138.3,7.3527
10812.32,106.4,7.3527
10813.32,156.2,7.3531
10814.33,104.4,7.3532
10815.33,101.5,7.3532
10816.34,102.5,7.3532
10817.34,101.5,7.3532
10818.35,101.5,7.3532
10819.35,102.4,7.3532
10820.36,106.4,7.3532
10821.37,150.2,7.3532
10822.37,109.4,7.3543
10823.38,102.4,7.3543
10824.38,103.5,7.3543
10825.39,100.5,7.3543
10826.39,101.5,7.3543
10827.4,108.4,7.3546
10828.4,104.4,7.3546
10829.41,115.4,7.3546
10830.41,101.5,7.3546
10831.42,102.5,7.3546
10832.42,99.5,7.3546
10833.43,103.5,7.3546
10834.43,197.0,7.7696
10835.44,99.5,7.7696
10836.45,101.5,7.7866
10837.45,100.5,7.8174
10838.46,102.5,7.8176
10839.46,100.5,7.8176
10840.47,113.4,7.8176
10841.47,100.5,7.8176
10842.48,101.5,7.8176
10843.48,100.5,7.8176
10844.49,100.7,7.8176
10845.49,100.5,7.8176
10846.5,101.5,7.8176
10847.5,102.5,7.8176
10848.51,100.5,7.8176
10849.51,101.5,7.8176
10850.52,101.5,7.8176
10851.52,113.4,7.8176
10852.53,104.4,7.8176
10853.53,101.5,7.8176
10854.54,100.5,7.8176
10855.54,101.5,7.8176
10856.55,102.5,7.8176
10857.55,101.5,7.8176
10858.56,101.5,7.8176
10859.57,99.5,7.8176
10860.57,111.5,7.8176
10861.58,122.4,7.8251
10862.58,102.5,7.8251
10863.59,102.5,7.8251
10864.59,103.4,7.819
10865.6,101.5,7.819
10866.6,100.5,7.819
10867.61,101.5,7.819
10868.61,103.5,7.819
10869.62,101.5,7.819
10870.62,101.5,7.819
10871.63,99.5,7.819
10872.63,106.4,7.8192
10873.64,102.5,7.8192
10874.64,101.5,7.8192
10875.65,103.5,7.8192
10876.65,167.1,7.8192
10877.66,309.3,7.8196
10878.67,171.1,7.8196
10879.67,103.5,7.8196
10880.68,144.2,7.8196
10881.68,130.3,7.8196
10882.69,110.4,7.8196
10883.69,189.0,7.8966
10884.7,100.5,7.8966
10885.7,100.5,7.8966
10886.71,101.5,7.8966
10887.71,102.5,7.8966
10888.72,102.5,7.8966
10889.72,101.5,7.8966
10890.73,101.5,7.8966
10891.73,99.5,7.8966
10892.74,138.6,7.8971
10893.74,145.3,7.9084
10894.75,100.5,7.9084
10895.75,103.5,7.9084
10896.76,101.5,7.9084
10897.76,101.5,7.9084
10898.77,100.5,7.9084
10899.77,101.5,7.9084
10900.78,102.5,7.9084
10901.78,173.1,7.9097
10902.79,100.6,7.9097
10903.79,100.5,7.9097
10904.8,100.5,7.9097
10905.8,100.5,7.9097
10906.81,101.5,7.9097
10907.82,101.5,7.9097
10908.82,100.5,7.9097
10909.83,182.0,8.2847
10910.83,100.5,8.2847
10911.84,100.5,8.2847
10912.84,99.5,8.2847
10913.85,101.5,8.2847
10914.85,102.5,8.2847
10915.86,100.5,8.2847
10916.86,100.5,8.285
10917.87,100.5,8.285
10918.87,100.5,8.5745
10919.88,249.7,9.036
10920.88,99.5,9.036
10921.89,101.5,9.036
10922.89,100.5,9.036
10923.9,99.5,9.036
10924.9,101.5,9.036
10925.91,100.5,9.036
10926.92,100.5,9.036
10927.92,100.5,9.036
10928.93,101.5,9.036
10929.93,123.3,9.0773
10930.94,99.5,9.0773
10931.94,101.5,9.0773
10932.95,101.5,9.0773
10933.95,109.4,9.0773
10934.96,101.5,9.0773
10935.96,100.5,9.0773
10936.97,100.5,9.0773
10937.97,100.5,9.0773
10938.98,101.5,9.0783
10939.98,102.5,9.0783
10940.99,100.5,9.0783
10941.99,102.5,9.0783
10943.0,100.5,9.0783
10944.01,100.5,9.0783
10945.01,101.5,9.0783
10946.02,101.5,9.0783
10947.02,100.5,9.0783
10948.03,103.5,9.0783
10949.03,99.5,9.0783
10950.04,100.5,9.0783
10951.04,100.5,9.0783
10952.05,101.5,9.0783
10953.05,108.4,9.0783
10954.06,101.5,9.0783
10955.06,99.5,9.0783
10956.07,100.5,9.0783
10957.07,100.5,9.0783
10958.08,102.5,9.079
10959.08,101.5,9.079
10960.09,100.5,9.079
10961.09,102.5,9.079
10962.1,100.5,9.0792
10963.1,100.5,9.0792
10964.11,102.5,9.0792
10965.12,101.5,9.0792
10966.12,101.5,9.0796
10967.13,100.5,9.0796
10968.13,99.5,9.0796
10969.14,100.5,9.0796
10970.14,102.5,9.0796
10971.15,103.5,9.0796
10972.15,100.5,9.0796
10973.16,102.5,9.0796
10974.16,100.5,9.0796
10975.17,102.5,9.0802
10976.17,99.5,9.0802
10977.18,100.5,9.0802
10978.19,100.3,9.0802
10979.19,100.5,9.0802
10980.2,102.5,9.0802
10981.2,99.5,9.0802
10982.21,100.5,9.0802
10983.21,106.2,9.0804
10984.22,100.5,9.0804
10985.22,100.5,9.0804
10986.23,101.5,9.0804
10987.23,100.5,9.0804
10988.24,99.5,9.0804
10989.25,101.5,9.0804
10990.25,100.5,9.0804
10991.26,100.5,9.0804
10992.26,102.5,9.0804
10993.27,100.5,9.0804
10994.27,101.5,9.0804
10995.28,101.5,9.0804
10996.28,100.5,9.0804
10997.29,100.5,9.0804
10998.29,100.5,9.0804
10999.3,101.5,9.0804
11000.3,101.5,9.0805
11001.31,99.5,9.0805
11002.31,100.5,9.0805
11003.32,101.5,9.0805
11004.32,101.5,9.0805
11005.33,99.5,9.0805
11006.33,100.5,9.0805
11007.34,100.5,9.0807
11008.34,101.5,9.0807
11009.35,101.5,9.0809
11010.35,105.5,9.0809
11011.36,99.5,9.0809
11012.36,101.5,9.0809
11013.37,100.5,9.0809
11014.38,101.5,9.0809
11015.38,100.5,9.0809
11016.39,101.5,9.0809
11017.39,100.5,9.0809
11018.4,102.4,9.081
11019.4,100.5,9.081
11020.41,103.5,9.081
11021.41,99.5,9.081
11022.42,101.5,9.081
11023.42,102.5,9.081
11024.43,100.5,9.081
11025.43,99.5,9.081
11026.44,102.5,9.081
11027.44,101.5,9.0811
11028.45,101.5,9.0811
11029.45,101.6,9.0811
11030.46,100.5,9.0811
11031.46,99.5,9.0811
11032.47,102.5,9.0811
11033.47,100.5,9.0811
11034.48,100.5,9.0811
11035.49,100.5,9.0811
11036.49,102.5,9.0811
11037.5,100.5,9.0811
11038.5,100.5,9.0811
11039.51,99.5,9.0811
11040.51,101.5,9.0811
11041.52,100.5,9.0811
11042.52,101.5,9.0811
11043.53,101.5,9.0811
11044.53,100.5,9.0811
11045.54,101.5,9.0813
11046.54,102.5,9.0813
11047.55,100.5,9.0813
11048.55,100.5,9.0813
11049.56,101.5,9.0813
11050.56,100.5,9.0813
11051.57,100.5,9.0813
11052.57,101.5,9.0813
11053.58,102.5,9.0813
11054.58,101.5,9.0813
11055.59,101.5,9.0813
11056.59,100.5,9.0813
11057.6,100.5,9.0816
11058.61,102.3,1.9522
11059.61,288.2,2.1645
11060.61,307.4,2.4945
11061.62,274.4,2.7967
11062.62,344.7,2.9946
11063.63,332.4,3.4011
11064.64,305.4,3.8581
11065.64,334.2,4.2279
11066.65,307.4,4.562
11067.65,309.4,4.8695
11068.66,303.6,5.1602
11069.66,305.4,5.3445
11070.67,300.4,5.5125
11071.67,303.4,5.6976
11072.68,302.4,5.8649
11073.69,302.1,6.0606
11074.69,239.7,6.1869
11075.69,248.2,6.3061
11076.7,182.2,6.491
11077.7,174.7,6.6419
11078.7,128.5,6.78
11079.71,165.7,6.9554
11080.71,161.2,7.2181
11081.72,136.3,7.2201
11082.72,119.4,7.2201
11083.73,104.4,7.2201
11084.73,104.4,7.2201
11085.74,132.3,7.2201
11086.74,129.3,7.2645
11087.75,114.4,7.3201
11088.75,125.4,7.3204
11089.76,127.3,7.3204
11090.76,105.4,7.3204
11091.77,101.5,7.3204
11092.77,138.3,7.3204
11093.78,102.4,7.3204
11094.79,100.5,7.3204
11095.79,120.5,7.3204
11096.8,117.4,7.3204
11097.8,115.4,7.3204
11098.81,105.5,7.3204
11099.81,101.5,7.3204
11100.82,112.4,7.3204
11101.82,101.5,7.3204
11102.83,100.5,7.3206
11103.83,122.4,7.3206
11104.84,131.3,7.3206
11105.84,116.4,7.3206
11106.85,100.5,7.3206
11107.85,101.5,7.3206
11108.86,111.4,7.3206
11109.86,102.4,7.3206
11110.87,113.4,7.3206
11111.88,109.4,7.3206
11112.88,102.4,7.3206
11113.89,134.3,7.3206
11114.89,120.3,7.3206
11115.9,164.1,7.3206
11116.9,138.3,7.3206
11117.91,123.3,7.3206
11118.91,101.5,7.3206
11119.92,100.5,7.3206
11120.92,119.4,7.3206
11121.93,102.5,7.3206
11122.93,119.3,7.3206
11123.94,101.5,7.3206
11124.95,100.5,7.3206
11125.95,102.5,7.3206
11126.96,99.5,7.3206
11127.96,102.5,7.3206
11128.97,102.5,7.3206
11129.97,109.4,7.3206
11130.98,155.2,7.3206
11131.98,102.5,7.3206
11132.99,101.5,7.3206
11133.99,102.5,7.3206
11135.0,102.5,7.3206
11136.0,195.0,7.7338
11137.01,101.5,7.7542
11138.01,101.5,7.8243
11139.02,101.5,7.8317
11140.02,100.5,7.8317
11141.03,101.5,7.8317
11142.03,124.3,7.8317
11143.04,101.5,7.8317
11144.05,100.5,7.8317
11145.05,100.5,7.8317
11146.06,105.4,7.8317
11147.06,100.5,7.832
11148.06,102.7,7.832
11149.07,119.7,7.832
11150.07,103.5,7.832
11151.08,100.5,7.832
11152.08,101.5,7.832
11153.09,99.5,7.832
11154.09,103.4,7.832
11155.1,100.5,7.832
11156.1,100.5,7.832
11157.11,101.5,7.832
11158.12,101.5,7.832
11159.12,101.5,7.832
11160.13,102.5,7.832
11161.13,99.5,7.832
11162.14,100.5,7.832
11163.14,111.4,7.832
11164.15,100.5,7.832
11165.15,101.5,7.832
11166.16,100.5,7.832
11167.16,106.4,7.832
11168.17,100.5,7.832
11169.17,100.5,7.832
11170.18,104.4,7.832
11171.18,100.5,7.832
11172.19,100.5,7.832
11173.19,100.5,7.832
11174.2,101.5,7.832
11175.21,100.5,7.832
11176.21,99.5,7.832
11177.22,101.5,7.832
11178.22,155.3,7.8321
11179.23,300.5,7.8324
11180.23,201.9,7.8324
11181.24,114.4,7.8324
11182.24,105.4,7.8324
11183.25,106.4,7.8324
11184.25,107.4,7.8324
11185.26,169.5,7.8538
11186.26,118.4,7.9077
11187.27,104.5,7.9077
11188.27,102.7,7.9077
11189.27,108.4,7.9077
11190.28,102.5,7.9077
11191.28,230.8,7.9186
11192.29,299.5,7.9813
11193.29,218.0,7.9965
11194.3,239.2,7.9965
11195.3,314.4,8.0075
11196.3,162.6,8.0077
11197.31,101.6,8.0079
11198.31,100.6,8.0079
11199.31,101.5,8.0079
11200.32,101.5,8.0079
11201.33,103.5,8.0079
11202.33,100.5,8.0079
11203.34,172.1,8.0088
11204.34,100.5,7.9931
11205.35,107.4,7.9931
11206.35,100.5,7.9931
11207.36,100.5,7.9931
11208.36,104.4,7.9931
11209.37,101.5,7.9931
11210.37,101.5,7.9931
11211.38,183.1,8.3705
11212.38,102.5,8.3705
11213.39,101.5,8.3705
11214.39,100.6,8.3705
11215.4,101.5,8.3705
11216.4,100.5,8.3705
11217.41,100.5,8.3705
11218.41,101.5,8.3705
11219.42,100.5,8.3705
11220.43,100.5,8.4988
11221.43,251.7,9.1234
11222.44,100.5,9.1234
11223.44,100.5,9.1236
11224.45,101.4,9.1236
11225.45,100.5,9.1236
11226.46,100.5,9.1236
11227.46,101.5,9.1236
11228.47,100.5,9.1236
11229.47,101.4,9.1236
11230.48,100.4,9.1236
11231.49,121.4,9.1705
11232.49,101.5,9.1705
11233.5,99.4,9.1705
11234.5,102.3,9.1705
11235.51,99.4,9.1705
11236.51,101.4,9.1705
11237.52,100.4,9.1705
11238.53,100.5,9.1705
11239.53,100.6,9.1705
11240.53,100.5,9.1705
11241.54,101.5,9.1709
11242.54,100.5,9.1711
11243.55,101.6,9.1711
11244.55,101.5,9.1711
11245.56,99.5,9.1711
11246.56,100.5,9.1711
11247.57,101.5,9.1711
11248.58,100.5,9.1711
11249.58,100.5,9.1711
11250.59,101.5,9.1711
11251.59,101.5,9.1711
11252.6,99.5,9.1711
11253.6,100.5,9.1711
11254.61,101.5,9.1711
11255.61,99.5,9.1711
11256.62,101.5,9.1711
11257.62,100.5,9.1711
11258.63,102.5,9.1711
11259.63,100.5,9.1713
11260.63,99.8,9.1713
11261.64,100.5,9.1713
11262.64,101.5,9.1713
11263.65,99.5,9.1713
11264.66,100.5,9.1713
11265.66,102.5,9.1713
11266.67,100.5,9.1713
11267.67,101.5,9.1713
11268.68,101.5,9.1717
11269.68,100.5,9.1717
11270.69,101.6,9.1717
11271.69,99.5,9.1717
11272.7,101.5,9.1717
11273.7,101.5,9.1717
11274.71,101.6,9.1717
11275.71,122.4,9.1717
11276.72,100.5,9.1717
11277.72,102.5,9.1717
11278.73,101.5,9.1717
11279.73,101.5,9.1717
11280.74,99.5,9.1717
11281.74,100.5,9.1717
11282.75,100.5,9.1717
11283.75,100.5,9.1717
11284.76,101.5,9.1717
11285.76,101.5,9.1717
11286.77,100.5,9.1717
11287.77,100.5,9.172
11288.78,102.6,9.172
11289.78,100.5,9.172
11290.79,101.5,9.172
11291.79,99.5,9.172
11292.8,100.5,9.172
11293.8,101.5,9.172
11294.81,100.5,9.172
11295.81,100.5,9.172
11296.82,102.5,9.172
11297.82,99.5,9.172
11298.83,101.5,9.172
11299.83,101.5,9.172
11300.84,100.5,9.172
11301.85,100.5,9.172
11302.85,101.5,9.172
11303.86,99.5,9.172
11304.86,101.5,9.1721
11305.87,101.5,9.1721
11306.87,100.5,9.1721
11307.88,101.5,9.1721
11308.88,101.5,9.1721
11309.89,100.5,9.1721
11310.89,101.5,9.1721
11311.9,99.5,9.1721
11312.9,100.5,9.1721
11313.91,99.5,9.1721
11314.91,101.5,9.1721
11315.92,101.5,9.1721
11316.92,100.5,9.1721
11317.93,100.5,9.1721
11318.93,101.5,9.1721
11319.94,101.5,9.1721
11320.94,99.5,9.1721
11321.95,100.5,9.1721
11322.95,100.5,9.1721
11323.96,100.5,9.1722
11324.97,99.5,9.1722
11325.97,102.5,9.1722
11326.98,101.5,9.1724
11327.98,99.5,9.1724
11328.99,101.5,9.1724
11329.99,100.5,9.1724
11331.0,99.5,9.1724
11332.0,102.5,9.1724
11333.01,100.5,9.1725
11334.01,100.5,9.1725
11335.02,101.5,9.1725
11336.02,100.5,9.1725
11337.03,101.5,9.1725
11338.03,100.5,9.1725
11339.04,101.5,9.1725
11340.04,100.5,9.1725
11341.05,99.5,9.1725
11342.05,100.5,9.1725
11343.06,101.5,9.1725
11344.06,117.4,9.1725
11345.07,101.5,9.1725
11346.07,101.5,9.1725
11347.08,99.5,9.1725
11348.09,100.5,9.1725
11349.09,103.5,9.1725
11350.1,99.5,9.1725
11351.1,106.4,9.1726
11352.11,100.5,9.1726
11353.11,101.5,9.1726
11354.12,99.5,9.1726
11355.12,100.5,9.1726
11356.13,100.5,9.1726
11357.13,100.5,9.1726
11358.14,100.5,9.1726
11359.14,99.8,2.0484
11360.14,2.0,1.8916
11361.14,284.2,2.1488
11362.15,2.0,2.0488
11363.15,344.9,2.2139
11364.16,1.0,1.9782
11365.16,350.9,2.183
11366.16,2.0,2.0277
11367.17,329.9,2.1986
11368.17,282.1,2.4352
11369.17,2.0,2.0542
11370.17,322.0,2.1969
11371.18,1.0,1.974
11372.19,321.3,2.2242
11373.19,309.3,2.5777
11374.2,319.6,3.0671
11375.2,361.0,3.2767
11376.2,350.7,3.5607
11377.21,324.4,3.9348
11378.21,312.3,4.3702
11379.22,305.5,4.6747
11380.22,304.4,4.9887
11381.23,304.4,5.2873
11382.23,310.6,5.5746
11383.24,305.6,5.8385
11384.24,296.5,6.0787
11385.25,241.9,6.2865
11386.25,181.0,6.4575
11387.26,163.1,6.6096
11388.26,157.2,6.7763
11389.27,241.9,7.3047
11390.27,118.4,7.3495
11391.28,140.3,7.3495
11392.28,124.3,7.3495
11393.29,125.3,7.3495
11394.29,163.2,7.3495
11395.3,184.0,7.4079
11396.3,110.4,7.4497
11397.31,108.4,7.4497
11398.31,101.4,7.4497
11399.32,101.5,7.4497
11400.33,102.4,7.4497
11401.33,110.5,7.4497
11402.34,148.2,7.4499
11403.34,101.5,7.4499
11404.35,100.5,7.4499
11405.35,102.4,7.4499
11406.36,102.5,7.4499
11407.36,103.5,7.4499
11408.37,159.2,7.4499
11409.37,194.9,7.4499
11410.38,168.8,7.45
11411.38,200.9,7.45
11412.39,108.4,7.451
11413.4,110.4,7.451
11414.4,101.5,7.451
11415.41,101.4,7.451
11416.41,101.5,7.451
11417.42,100.5,7.4512
11418.42,102.5,7.4512
11419.43,101.5,7.4512
11420.43,107.4,7.4512
11421.44,100.5,7.4512
11422.44,102.4,7.4513
11423.45,104.5,7.4513
11424.45,101.5,7.4513
11425.46,99.5,7.4513
11426.47,101.5,7.4513
11427.47,125.3,7.4513
11428.48,101.5,7.4513
11429.48,106.4,7.4513
11430.49,101.5,7.4513
11431.49,109.4,7.4513
11432.5,100.5,7.4513
11433.5,103.5,7.4513
11434.51,109.4,7.4513
11435.51,100.5,7.4513
11436.52,101.5,7.4513
11437.52,102.5,7.4513
11438.53,104.7,7.4513
11439.53,103.5,7.4513
11440.54,101.5,7.4513
11441.54,104.4,7.4513
11442.55,100.5,7.4513
11443.55,101.5,7.4513
11444.56,101.5,7.4513
11445.56,100.5,7.4513
11446.57,103.5,7.4513
11447.57,100.5,7.4513
11448.58,101.5,7.4513
11449.59,130.3,7.4513
11450.59,101.5,7.4513
11451.6,104.4,7.4513
11452.6,101.5,7.4513
11453.61,100.5,7.4513
11454.61,99.5,7.4513
11455.62,102.4,7.4513
11456.62,100.5,7.4513
11457.63,103.4,7.4513
11458.63,101.4,7.4513
11459.64,99.5,7.4513
11460.64,105.5,7.4513
11461.65,102.5,7.4513
11462.65,100.5,7.4516
11463.66,100.5,7.4516
11464.66,223.8,7.9829
11465.67,100.5,7.9829
11466.68,135.3,7.9829
11467.68,104.4,7.9829
11468.69,102.5,7.9829
11469.69,113.4,7.9876
11470.7,130.3,8.0062
11471.7,118.4,8.0309
11472.71,164.1,8.0311
11473.71,100.5,8.0311
11474.72,102.7,8.0311
11475.72,99.5,8.0311
11476.73,101.6,8.0311
11477.73,100.5,8.0311
11478.74,100.5,8.0311
11479.74,100.5,8.0311
11480.75,101.5,8.0311
11481.75,110.4,8.0311
11482.76,100.5,8.0311
11483.76,102.5,8.0311
11484.77,100.5,8.0311
11485.77,99.5,8.0311
11486.78,102.5,8.0311
11487.78,119.4,8.0311
11488.79,111.6,8.0311
11489.79,101.5,8.0311
11490.8,99.5,8.0311
11491.8,100.5,8.0311
11492.81,102.5,8.0311
11493.81,99.5,8.0311
11494.82,100.5,8.0311
11495.82,111.4,8.0311
11496.83,111.4,8.0311
11497.83,102.5,8.0311
11498.84,102.5,8.0311
11499.84,101.5,8.0311
11500.85,101.5,8.0311
11501.85,101.5,8.0311
11502.86,101.5,8.0311
11503.86,99.5,8.0311
11504.87,100.5,8.0311
11505.88,101.5,8.0311
11506.88,100.5,8.0313
11507.89,99.5,8.0313
11508.89,101.5,8.0313
11509.9,101.5,8.0313
11510.9,100.5,8.0313
11511.91,101.5,8.0313
11512.91,102.5,8.0313
11513.92,99.5,8.0313
11514.92,101.5,8.0313
11515.93,101.5,8.0313
11516.93,100.5,8.0313
11517.94,100.5,8.0313
11518.94,101.5,8.0313
11519.95,101.5,8.0313
11520.95,99.5,8.0313
11521.96,101.5,8.0313
11522.96,100.5,8.0313
11523.97,100.5,8.0313
11524.97,101.5,8.0313
11525.98,101.5,8.0313
11526.98,116.4,8.0314
11527.99,101.5,8.0314
11528.99,101.5,8.0314
11530.0,102.5,8.0314
11531.01,99.5,8.0314
11532.01,101.5,8.0314
11533.02,101.5,8.0314
11534.02,99.5,8.0314
11535.03,102.5,8.0314
11536.03,100.5,8.0314
11537.04,100.5,8.0314
11538.04,101.5,8.0314
11539.05,100.5,8.0314
11540.05,102.5,8.0314
11541.06,101.5,8.0314
11542.06,100.5,8.0314
11543.07,100.5,8.0314
11544.07,100.5,8.0314
11545.08,101.5,8.0314
11546.08,100.5,8.0314
11547.09,100.5,8.0314
11548.09,101.5,8.0314
11549.1,101.5,8.0314
11550.1,100.5,8.0314
11551.11,101.5,8.0314
11552.11,100.5,8.0314
11553.12,100.5,8.0314
11554.12,101.5,8.0314
11555.13,101.5,8.0314
11556.14,102.5,8.0314
11557.14,108.4,8.0316
11558.15,100.5,8.0316
11559.15,101.5,8.0316
11560.16,100.5,8.0316
11561.16,109.4,8.0316
11562.17,101.6,8.0316
11563.17,99.5,8.0316
11564.18,101.5,8.0316
11565.18,101.5,8.0316
11566.19,100.5,8.0316
11567.19,101.5,8.0316
11568.2,100.5,8.0316
11569.2,101.5,8.0316
11570.21,100.5,8.0316
11571.21,101.5,8.0316
11572.22,99.5,8.0316
11573.22,101.5,8.0316
11574.23,100.5,8.0316
11575.23,101.5,8.0316
11576.24,100.5,8.0316
11577.25,102.5,8.0316
11578.25,100.5,8.0316
11579.26,100.5,8.0316
11580.26,99.5,8.0316
11581.27,102.5,8.0316
11582.27,100.5,8.0316
11583.28,101.5,8.0316
11584.28,100.6,8.0316
11585.29,99.5,8.0316
11586.29,101.5,8.0316
11587.3,101.5,8.0316
11588.3,101.5,8.0316
11589.31,99.6,8.0316
11590.31,101.5,8.0316
11591.32,102.2,8.0316
11592.33,101.5,8.0316
11593.33,100.5,8.0316
11594.34,101.5,8.0316
11595.34,99.5,8.0316
11596.35,101.4,8.0316
11597.35,100.5,8.0316
11598.36,100.5,8.0316
11599.36,100.5,8.0316
11600.37,100.5,8.0316
11601.37,103.4,8.0316
11602.38,99.5,8.0319
11603.39,100.5,8.0319
11604.39,101.5,8.0319
11605.4,101.5,8.0319
11606.4,100.4,8.0319
11607.41,100.5,8.0319
11608.41,100.5,8.0319
11609.42,102.5,8.0319
11610.42,99.5,8.0319
11611.43,101.5,8.0319
11612.43,100.5,8.0319
11613.44,101.5,8.0319
11614.44,99.5,8.0319
11615.45,104.7,8.0319
11616.45,100.4,8.0319
11617.46,100.5,8.0319
11618.46,100.5,8.0319
11619.47,101.5,8.0319
11620.47,100.5,8.0319
11621.48,100.5,8.0319
11622.49,102.5,8.0319
11623.49,99.5,8.0319
11624.5,101.5,8.0319
11625.5,101.5,8.0319
11626.51,100.5,8.0319
11627.51,100.5,8.0319
11628.52,101.5,8.0319
11629.52,100.5,8.0319
11630.53,103.5,8.0319
11631.53,99.5,8.0319
11632.54,100.5,8.0319
11633.54,100.5,8.0319
11634.55,100.5,8.0319
11635.55,99.5,8.0319
11636.56,101.5,8.0319
11637.57,106.4,8.0319
11638.57,99.5,8.0319
11639.58,101.5,8.0319
11640.58,100.5,8.0319
11641.59,99.5,8.0319
11642.59,100.5,8.0319
11643.6,101.5,8.0319
11644.6,99.5,8.0319
11645.61,101.5,8.0319
11646.61,103.5,8.0319
11647.62,100.5,8.0321
11648.62,102.7,8.0321
11649.63,101.5,8.0321
11650.63,100.5,8.0321
11651.64,99.5,8.0321
11652.64,102.5,8.0321
11653.65,100.5,8.0321
11654.65,99.5,8.0321
11655.66,101.5,8.0321
11656.66,101.4,8.0321
11657.67,99.5,8.0321
11658.67,101.5,8.0321
11659.68,101.5,8.0321
11660.68,99.5,8.0321
11661.69,102.5,8.0321
11662.7,104.4,8.0321
11663.7,99.5,8.0321
11664.71,100.5,8.0321
11665.71,100.5,8.0321
11666.72,101.5,8.0321
11667.72,99.5,8.0321
11668.73,100.5,8.0321
11669.73,102.5,8.0321
11670.74,99.5,8.0321
11671.74,0.0,2.0747
11672.75,335.0,2.257
11673.75,2.0,2.0006
11674.75,354.1,2.2615
11675.75,1.0,2.0247
11676.75,355.3,2.2364
11677.76,4.0,2.0578
11678.76,354.9,2.2841
11679.77,353.5,2.6633
11680.77,331.5,3.034
11681.77,189.0,3.1414
11682.78,142.2,3.2128
11683.79,101.5,3.2616
11684.79,107.4,3.3634
11685.8,117.5,3.506
11686.8,115.4,3.594
11687.81,100.5,3.6643
11688.81,100.5,3.696
11689.82,107.5,3.7094
11690.82,1518.7,2.0029
11691.82,324.9,2.2183
11692.83,336.9,2.3495
11693.83,1.0,2.1566
11694.83,1.0,2.0039
11695.84,300.2,2.1747
11696.84,348.5,2.3494
11697.85,190.0,2.6474
11698.85,214.9,2.9505
11699.86,302.3,3.3027
11700.86,275.5,3.7149
11701.87,171.1,4.2204
11702.87,100.7,4.7388
11703.88,105.5,5.2518
11704.88,106.5,5.7498
11705.89,213.9,6.1243
11706.89,182.0,6.4813
11707.9,109.4,6.8657
11708.9,125.3,7.0268
11709.91,101.5,7.1143
11710.91,100.5,7.1143
11711.92,103.4,7.1143
11712.92,99.5,7.1143
11713.93,102.5,7.1143
11714.93,104.5,7.1143
11715.94,101.5,7.1143
11716.95,100.5,7.1143
11717.95,129.3,7.1143
11718.96,100.5,7.1143
11719.96,109.4,7.1979
11720.97,101.5,7.1979
11721.97,100.5,7.1979
11722.98,100.2,7.1981
11723.98,101.7,7.1981
11724.99,100.5,7.1982
11725.99,106.5,7.1982
11727.0,101.7,7.1983
11728.0,109.7,1.8985
11729.0,1.0,2.0479
11730.0,301.4,2.2034
11731.01,295.5,2.5532
11732.01,216.9,3.0101
11733.02,302.5,3.5097
11734.02,275.5,4.0514
11735.03,172.1,4.5675
11736.03,199.1,5.0028
11737.04,190.0,5.4513
11738.04,106.4,5.9187
11739.05,104.5,6.3938
11740.05,101.5,6.8668
11741.06,121.4,7.0811
11742.06,100.5,7.1543
11743.07,100.5,7.1543
11744.08,105.4,7.1543
11745.08,100.5,7.1543
11746.09,101.5,7.1543
11747.09,103.5,7.1543
11748.1,102.5,7.1543
11749.1,106.5,7.1543
11750.11,111.4,7.2378
11751.11,100.5,7.2378
11752.12,100.5,7.2378
11753.12,100.5,7.2378
11754.13,102.5,7.238
11755.13,100.5,7.238
11756.14,116.4,7.238
11757.14,143.2,7.238
11758.15,123.4,1.8992
11759.15,2.0,2.1428
11760.16,311.1,2.2664
11761.16,248.6,2.535
11762.17,212.1,2.8482
11763.17,277.3,3.2895
11764.17,262.7,3.7968
11765.18,225.0,4.2853
11766.18,219.3,4.7105
11767.19,112.4,5.152
11768.19,104.4,5.6243
11769.2,101.5,6.0806
11770.2,124.4,6.5626
11771.21,118.4,6.98
11772.21,101.5,7.101
11773.22,99.5,7.101
11774.22,105.5,7.101
11775.23,100.5,7.101
11776.23,101.6,7.101
11777.24,103.5,7.101
11778.24,101.5,7.101
11779.25,100.5,7.101
11780.25,100.5,7.101
11781.26,108.4,7.1846
11782.26,101.5,7.1849
11783.27,100.5,7.1849
11784.27,101.5,7.1849
11785.28,99.5,7.185
11786.29,137.3,7.1852
11787.29,132.6,1.8997
11788.29,3.0,2.0358
11789.29,314.1,2.2166
11790.3,0.0,2.0149
11791.3,333.8,2.2184
11792.31,345.5,2.3965
11793.31,328.1,2.6543
11794.31,242.4,2.7997
11795.32,161.2,3.0266
11796.32,165.1,3.2997
11797.32,1.0,2.0577
11798.33,359.9,2.2797
11799.33,0.0,2.0147
11800.34,318.4,2.2418
11801.34,345.1,2.3986
11802.35,324.4,2.7013
11803.35,316.5,3.0812
11804.35,7.0,2.0119
11805.36,318.3,2.2742
11806.36,305.1,2.4286
11807.37,361.5,2.7742
11808.37,2.0,2.1053
11809.37,353.1,2.413
11810.38,350.3,2.7549
11811.38,5.0,2.0791
11812.38,341.0,2.3869
11813.39,356.1,2.6965
11814.39,2.0,2.056
11815.39,357.9,2.3857
11816.4,358.4,2.5959
11817.4,329.6,2.8444
11818.4,6.0,2.1122
11819.41,323.5,2.3826
11820.41,363.4,2.5649
11821.42,345.5,2.8189
11822.42,3451.4,2.0974
11823.42,356.9,2.407
11824.43,366.2,2.6163
11825.43,326.1,2.8771
11826.44,1.0,2.2063
11827.44,365.9,2.3874
11828.44,335.2,2.6241
11829.45,320.0,2.8742
11830.45,167.1,3.2093
11831.46,227.9,3.5499
11832.46,286.5,4.0605
11833.47,215.9,4.5913
11834.47,102.6,5.1108
11835.48,107.5,5.6441
11836.48,101.5,6.1749
11837.49,100.5,6.7223
11838.49,119.4,7.0791
11839.5,99.5,7.1791
11840.5,102.5,7.1791
11841.51,102.5,7.1439
11842.51,100.5,7.1439
11843.52,101.5,7.1439
11844.52,103.5,7.1439
11845.53,117.4,7.1439
11846.53,111.4,7.2402
11847.54,101.5,7.2402
11848.54,101.5,7.2402
11849.55,102.5,7.2404
11850.55,101.5,7.2404
11851.56,125.3,7.2404
11852.57,148.2,7.2416
11853.57,196.0,7.2726
11854.58,100.5,7.2726
11855.58,103.5,7.2728
11856.59,102.5,7.2476
11857.59,120.4,7.2476
11858.6,101.5,7.2476
11859.6,101.5,7.2476
11860.61,100.5,7.2476
11861.61,100.5,7.2476
11862.62,105.5,7.2476
11863.62,99.5,7.2476
11864.63,100.5,7.2476
11865.63,101.5,7.2476
11866.64,99.5,7.2476
11867.64,101.5,7.2476
11868.65,100.5,7.2476
11869.65,100.5,7.2476
11870.66,100.5,7.2476
11871.67,100.5,7.2476
11872.67,102.6,7.2476
11873.67,114.4,7.2476
11874.68,100.5,7.2476
11875.69,100.5,7.2476
11876.69,101.5,7.2476
11877.7,99.5,7.2479
11878.7,101.5,7.2479
11879.71,99.6,7.2479
11880.71,101.5,7.2479
11881.72,99.5,7.2479
11882.72,101.5,7.2479
11883.73,101.5,7.2479
11884.73,112.4,7.2486
11885.74,101.5,7.2486
11886.74,100.5,7.2486
11887.75,101.5,7.2486
11888.75,105.4,7.2486
11889.76,99.5,7.2486
11890.76,101.5,7.2486
11891.77,99.5,7.2486
11892.77,101.5,7.2486
11893.78,99.5,7.2486
11894.78,103.6,7.2486
11895.79,99.5,7.2486
11896.79,100.5,7.2486
11897.8,101.5,7.2486
11898.8,100.5,7.2486
11899.81,102.5,7.2486
11900.81,99.5,7.2486
11901.82,101.5,7.2486
11902.82,100.5,7.2486
11903.83,100.5,7.2486
11904.83,102.5,7.2486
11905.84,101.5,7.2486
11906.84,100.5,7.2486
11907.85,100.5,7.2486
11908.85,105.5,7.2486
11909.86,101.4,7.2486
11910.87,101.4,7.2486
11911.87,99.5,7.2486
11912.88,101.5,7.2486
11913.88,99.5,7.2486
11914.89,101.5,7.2486
11915.89,102.5,7.2486
11916.9,100.5,7.2486
11917.9,100.5,7.2486
11918.91,101.5,7.2486
11919.91,99.5,7.2486
11920.92,101.5,7.2486
11921.92,101.6,7.2489
11922.93,100.5,7.2489
11923.93,99.5,7.2489
11924.94,102.5,7.2489
11925.94,101.5,7.2489
11926.95,101.5,7.2489
11927.95,99.5,7.2489
11928.96,100.5,7.2489
11929.96,101.5,7.2489
11930.97,100.5,7.2489
11931.97,99.5,7.2489
11932.98,100.5,7.2489
11933.98,101.5,7.2489
11934.99,99.5,7.2489
11935.99,100.5,7.2489
11937.0,101.5,7.2489
11938.0,99.5,7.2489
11939.01,101.5,7.2489
11940.01,99.5,7.2489
11941.02,100.5,7.2489
11942.03,101.5,7.2489
11943.03,102.5,7.2489
11944.04,101.5,7.2489
11945.04,99.5,7.2489
11946.05,100.5,7.2489
11947.05,101.5,7.2489
11948.06,100.5,7.2489
11949.06,100.5,7.2489
11950.07,99.5,7.2489
11951.07,101.5,7.2489
11952.08,99.5,7.2489
11953.08,103.5,7.2489
11954.09,101.5,7.2489
11955.09,100.5,7.2489
11956.1,99.5,7.2489
11957.1,101.5,7.2489
11958.11,100.5,7.2489
11959.11,100.5,7.2489
11960.12,100.5,7.2489
11961.12,100.5,7.2489
11962.13,99.5,7.2489
11963.13,100.5,7.2489
11964.14,101.5,7.2489
11965.14,101.5,7.2489
11966.15,100.5,7.2489
11967.15,99.5,7.2491
11968.16,101.5,7.2491
11969.17,101.5,7.2491
11970.17,100.5,7.2491
11971.18,100.5,7.2491
11972.18,101.6,7.2491
11973.18,100.5,7.2491
11974.19,100.6,7.2491
11975.19,102.5,7.2491
11976.2,99.5,7.2491
11977.21,100.5,7.2491
11978.21,100.5,7.2491
11979.22,101.5,7.2491
11980.22,99.5,7.2491
11981.23,102.5,7.2491
11982.23,99.5,7.2491
11983.24,103.5,7.2491
11984.24,100.5,7.2491
11985.25,99.5,7.2491
11986.25,102.5,7.2491
11987.26,100.5,7.2491
11988.26,100.5,7.2491
11989.27,101.5,7.2491
11990.27,99.5,7.2491
11991.28,100.5,7.2491
11992.28,101.5,7.2491
11993.29,100.5,7.2491
11994.29,99.5,7.2491
11995.3,100.5,7.2491
11996.3,102.5,7.2491
11997.31,99.5,7.2491
11998.31,100.5,7.2491
11999.32,101.5,7.2491
12000.32,99.5,7.2491
12001.33,101.5,7.2491
12002.33,102.5,7.2491
12003.34,99.5,7.2491
12004.34,100.5,7.2491
12005.35,102.5,7.2491
12006.35,101.5,7.2491
12007.36,99.5,7.2491
12008.37,100.5,7.2491
12009.37,100.5,7.2491
12010.38,99.5,7.2491
12011.38,100.5,7.2491
12012.38,101.7,7.2494
12013.39,101.5,7.2494
12014.39,100.5,7.2494
12015.4,102.5,7.2494
12016.4,99.5,7.2494
12017.41,100.5,7.2494
12018.42,100.5,7.2494
12019.42,100.5,7.2494
12020.43,99.5,7.2494
12021.43,101.5,7.2494
12022.44,99.5,7.2494
12023.44,101.5,7.2494
12024.45,99.5,7.2494
12025.45,101.5,7.2494
12026.46,100.5,7.2494
12027.46,101.5,7.2494
12028.47,102.5,7.2494
12029.47,101.5,7.2494
12030.48,100.5,7.2494
12031.48,99.5,7.2494
12032.49,101.5,7.2494
12033.49,100.5,7.2494
12034.5,101.5,7.2494
12035.5,99.5,7.2494
12036.51,101.5,7.2494
12037.51,100.5,7.2494
12038.52,101.5,7.2494
12039.53,99.5,7.2494
12040.53,101.5,7.2494
12041.54,99.5,7.2494
12042.54,101.5,7.2494
12043.55,100.5,7.2494
12044.55,102.5,7.2494
12045.56,100.5,7.2494
12046.56,99.5,7.2494
12047.57,100.5,7.2494
12048.57,102.4,7.2494
12049.58,102.5,7.2494
12050.58,100.6,7.2494
12051.59,100.5,7.2494
12052.59,101.5,7.2494
12053.6,100.5,7.2494
12054.6,99.5,7.2494
12055.61,100.5,7.2494
12056.61,101.5,7.2494
12057.62,100.5,7.2494
12058.62,100.5,7.2494
12059.63,100.5,7.2494
12060.63,102.5,7.2494
12061.64,99.5,7.2494
12062.64,100.5,7.2497
12063.65,101.5,7.2497
12064.65,100.5,7.2497
12065.66,100.5,7.2497
12066.66,102.5,7.2497
12067.67,100.5,7.2497
12068.67,100.5,7.2497
12069.68,99.6,7.2497
12070.68,101.5,7.2497
12071.69,100.5,7.2497
12072.69,101.6,7.2497
12073.7,100.5,7.2497
12074.7,100.5,7.2497
12075.71,100.5,7.2497
12076.71,101.5,7.2497
12077.72,100.5,7.2497
12078.72,100.5,7.2497
12079.73,100.5,7.2497
12080.73,100.5,7.2497
12081.74,99.5,7.2497
12082.74,101.5,7.2497
12083.75,100.5,7.2497
12084.75,100.5,7.2497
12085.76,102.5,7.2497
12086.76,99.5,7.2497
12087.77,102.5,7.2497
12088.78,99.4,7.2497
12089.78,99.5,7.2497
12090.79,101.5,7.2497
12091.79,101.5,7.2497
12092.8,100.5,7.2497
12093.8,101.5,7.2497
12094.81,100.5,7.2497
12095.81,102.5,7.2497
12096.82,99.5,7.2497
12097.82,100.5,7.2497
12098.83,100.5,7.2497
12099.83,101.6,7.2497
12100.84,99.5,7.2497
12101.84,101.5,7.2497
12102.85,101.5,7.2497
12103.85,100.5,7.2497
12104.86,99.5,7.2497
12105.86,100.5,7.2497
12106.87,100.5,7.2499
12107.87,101.5,7.2499
12108.88,100.5,7.2499
12109.88,101.5,7.2499
12110.89,99.5,7.2499
12111.89,100.5,7.2499
12112.9,101.5,7.2499
12113.9,100.5,7.2499
12114.91,100.5,7.2499
12115.91,99.5,7.2499
12116.92,102.5,7.2499
12117.92,100.5,7.2499
12118.93,101.5,7.2499
12119.93,100.5,7.2499
12120.94,100.5,7.2499
12121.94,102.5,7.2499
12122.95,99.5,7.2499
12123.95,101.5,7.2499
12124.96,99.5,7.2499
12125.97,103.4,2.0501
12126.97,280.9,2.2166
12127.97,337.9,2.3541
12128.98,3.0,2.1619
12129.98,326.1,2.3124
12130.98,1.0,2.0869
12131.99,336.8,2.3447
12132.99,343.9,2.4854
12133.99,353.2,2.7206
12135.0,2.0,2.0828
12136.0,325.0,2.2974
12137.01,361.9,2.5222
12138.01,1.0,1.9911
12139.02,296.8,2.2376
12140.02,332.9,2.3925
12141.02,359.1,2.6047
12142.03,3.0,2.1566
12143.03,341.9,2.3635
12144.04,356.2,2.6033
12145.04,320.3,2.8793
12146.04,1.0,2.0781
12147.05,337.0,2.285
12148.05,356.2,2.5377
12149.06,329.3,2.9291
12150.06,329.4,3.3459
12151.07,210.9,3.8372
12152.07,253.7,4.2289
12153.08,273.7,4.4243
12154.08,198.9,4.5338
12155.09,111.5,4.6227
12156.09,104.5,4.6978
12157.1,104.5,4.7595
12158.1,105.5,4.8115
12159.11,99.5,4.8681
12160.11,102.5,4.9234
12161.12,101.5,4.9575
12162.12,100.5,4.9936
12163.13,101.5,5.0267
12164.13,99.5,5.0586
12165.14,101.5,5.0877
12166.14,101.5,5.116
12167.15,100.5,5.1417
12168.15,100.5,5.1665
12169.16,101.5,5.1887
12170.16,100.5,5.2126
12171.17,100.5,5.2379
12172.17,102.5,5.2645
12173.18,99.5,5.2893
12174.18,101.5,5.3091
12175.19,100.5,5.3309
12176.19,100.5,5.3513
12177.2,101.5,5.3686
12178.2,100.5,5.3883
12179.21,99.5,5.4044
12180.21,102.5,5.422
12181.22,99.5,5.4372
12182.22,100.5,5.4552
12183.23,102.5,5.4722
12184.24,101.5,5.489
12185.24,101.5,5.5058
12186.25,99.5,5.5188
12187.25,100.5,5.5335
12188.26,101.5,5.5499
12189.26,99.5,5.5644
12190.27,100.5,5.5829
12191.27,101.5,5.6004
12192.28,100.5,5.6175
12193.28,100.5,5.6355
12194.29,100.5,5.6499
12195.29,102.5,5.6627
12196.3,100.5,5.6778
12197.3,99.5,5.6903
12198.31,101.5,5.704
12199.31,99.5,5.7165
12200.32,101.5,5.7301
12201.32,100.5,5.7435
12202.33,99.5,5.7566
12203.33,101.5,5.7679
12204.34,100.5,5.7797
12205.34,100.5,5.7905
12206.35,101.5,5.8023
12207.35,99.5,5.8128
12208.36,101.5,5.8264
12209.36,101.5,5.8394
12210.37,100.5,5.8525
12211.37,101.5,5.8668
12212.38,100.5,5.8796
12213.38,100.5,5.8922
12214.39,101.5,5.904
12215.39,99.5,5.9176
12216.4,101.5,5.9315
12217.4,102.5,5.9414
12218.41,100.5,5.9518
12219.42,102.5,5.9618
12220.42,99.5,5.973
12221.43,100.5,5.9839
12222.43,99.5,5.9954
12223.44,99.5,6.0069
12224.44,102.5,6.0141
12225.45,100.5,6.0245
12226.45,100.5,6.0348
12227.46,99.5,6.0458
12228.46,102.5,6.0554
12229.47,102.5,6.0668
12230.47,99.5,6.0775
12231.48,99.5,6.0875
12232.48,101.5,6.0985
12233.49,100.5,6.1091
12234.49,99.5,6.1203
12235.5,101.5,6.1285
12236.5,101.5,6.1383
12237.51,100.5,6.1456
12238.51,100.5,6.1556
12239.52,102.5,6.166
12240.52,99.5,6.175
12241.53,100.5,6.1845
12242.53,101.5,6.1921
12243.54,101.7,6.1996
12244.54,101.5,6.2084
12245.55,100.5,6.2187
12246.55,99.5,6.227
12247.56,101.5,6.2345
12248.56,99.5,6.2425
12249.57,101.5,6.2513
12250.57,99.5,6.2579
12251.58,100.5,6.2665
12252.58,100.5,6.276
12253.59,100.5,6.2845
12254.59,100.5,6.2916
12255.6,100.5,6.3004
12256.6,101.5,6.3061
12257.61,99.5,6.3127
12258.61,99.5,6.3202
12259.62,100.5,6.3289
12260.62,104.5,6.337
12261.63,99.5,6.3443
12262.63,103.5,6.3521
12263.64,99.5,6.361
12264.64,100.5,6.3689
12265.65,99.5,6.3781
12266.65,100.5,6.3855
12267.66,101.5,6.3946
12268.66,100.5,6.402
12269.67,100.5,6.4111
12270.67,100.5,6.418
12271.68,103.5,6.4235
12272.68,101.5,6.4306
12273.69,100.5,6.4363
12274.69,99.5,6.4428
12275.7,100.5,6.4496
12276.7,100.5,6.4559
12277.71,100.5,6.4615
12278.71,100.5,6.4689
12279.72,100.5,6.475
12280.73,101.5,6.4813
12281.73,100.5,6.4883
12282.74,101.5,6.4955
12283.74,99.5,6.5011
12284.75,100.5,6.5084
12285.75,101.5,6.515
12286.76,100.5,6.5224
12287.76,100.5,6.5297
12288.77,100.5,6.5356
12289.77,100.5,6.5428
12290.78,99.5,6.5488
12291.78,101.5,6.5563
12292.79,100.5,6.5625
12293.79,100.5,6.5701
12294.8,101.5,6.5764
12295.8,101.5,6.5845
12296.81,100.5,6.5885
12297.81,99.5,6.5955
12298.82,101.5,6.6002
12299.82,100.5,6.6076
12300.83,100.5,6.6124
12301.83,100.5,6.6184
12302.84,101.5,6.6239
12303.84,100.5,6.6314
12304.85,99.5,6.636
12305.85,100.6,6.6425
12306.86,100.5,6.6483
12307.86,101.5,6.6566
12308.87,99.5,6.6624
12309.87,101.7,6.6699
12310.88,99.4,6.6777
12311.88,101.5,6.683
12312.88,101.7,6.69
12313.89,100.5,6.6963
12314.89,99.5,6.7036
12315.9,101.5,6.7101
12316.9,100.5,6.7166
12317.91,101.5,6.7244
12318.91,100.5,6.7304
12319.92,102.4,6.7376
12320.93,99.5,6.7423
12321.93,102.5,6.7484
12322.94,99.5,6.7543
12323.94,100.5,6.7599
12324.95,100.5,6.766
12325.95,100.5,6.77
12326.96,100.5,6.7767
12327.96,99.5,6.782
12328.97,102.5,6.7884
12329.97,100.5,6.7941
12330.98,100.5,6.8009
12331.98,100.7,6.8056
12332.98,100.5,6.811
12333.99,100.5,6.8183
12334.99,101.5,6.822
12336.0,99.5,6.826
12337.0,100.5,6.8313
12338.01,100.6,6.8375
12339.01,102.5,6.842
12340.02,99.5,6.8482
12341.02,101.5,6.8534
12342.03,101.5,6.8605
12343.03,100.5,6.8647
12344.04,100.5,6.8705
12345.05,122.4,6.9356
12346.05,100.5,6.9356
12347.06,100.5,6.9356
12348.06,100.5,6.9356
12349.07,100.5,6.9356
12350.07,100.5,6.9356
12351.08,100.5,6.9356
12352.08,99.5,6.9356
12353.09,101.5,6.9356
12354.09,101.6,6.9356
12355.09,99.7,6.9356
12356.1,100.5,6.9356
12357.1,100.5,6.9356
12358.11,101.5,6.9356
12359.11,101.5,6.9356
12360.12,100.5,6.9405
12361.12,99.5,6.9465
12362.13,101.5,6.9521
12363.13,100.6,6.9576
12364.14,100.5,6.9644
12365.14,100.5,6.9696
12366.15,100.5,6.9759
12367.16,101.3,6.9842
12368.16,100.5,6.9885
12369.17,101.5,6.9886
12370.17,101.5,6.9886
12371.18,100.5,6.9886
12372.18,100.5,6.9886
12373.19,100.5,6.9886
12374.19,101.5,6.9886
12375.2,100.5,6.9886
12376.2,100.5,6.9886
12377.21,101.5,6.9886
12378.21,100.5,6.9886
12379.22,99.5,6.9886
12380.22,100.5,6.9886
12381.23,101.5,6.9888
12382.23,99.5,6.989
12383.24,103.5,6.989
12384.24,99.5,6.989
12385.25,99.5,6.989
12386.25,102.5,6.989
12387.26,100.5,6.989
12388.26,100.5,6.989
12389.27,100.5,6.989
12390.27,100.5,6.989
12391.28,100.5,6.989
12392.28,99.5,6.989
12393.29,102.5,6.989
12394.29,101.5,6.989
12395.3,101.5,6.989
12396.3,99.5,6.989
12397.31,101.5,6.989
12398.32,100.5,6.989
12399.32,100.5,6.989
12400.33,99.5,6.989
12401.33,100.5,6.989
12402.34,102.5,6.989
12403.34,99.5,6.989
12404.35,99.6,6.989
12405.35,101.5,6.989
12406.36,99.5,6.989
12407.36,101.5,6.989
12408.37,100.5,6.989
12409.37,100.5,6.989
12410.38,100.5,6.989
12411.38,100.7,6.989
12412.38,102.8,6.989
12413.39,100.5,6.989
12414.39,100.5,6.989
12415.4,100.5,6.989
12416.4,100.5,6.989
12417.41,101.5,6.989
12418.41,99.5,6.989
12419.42,100.5,6.989
12420.42,101.5,6.989
12421.43,100.5,6.989
12422.43,100.5,6.989
12423.44,100.5,6.989
12424.44,103.5,6.989
12425.45,101.5,6.989
12426.45,99.5,6.989
12427.46,101.5,6.9893
12428.46,100.5,6.9893
12429.47,101.5,6.9893
12430.47,100.5,6.9893
12431.48,99.5,6.9893
12432.48,101.5,6.9893
12433.49,101.5,6.9893
12434.49,100.6,6.9893
12435.5,100.5,6.9893
12436.5,99.5,6.9893
12437.51,101.5,6.9893
12438.51,100.5,6.9893
12439.52,100.5,6.9893
12440.52,101.5,6.9893
12441.53,100.5,6.9893
12442.53,100.5,6.9893
12443.54,99.5,6.9893
12444.54,101.5,6.9893
12445.55,99.5,6.9893
12446.55,2.0,2.1878
12447.56,318.3,2.334
12448.56,345.2,2.5724
12449.57,160.1,2.6737
12450.57,2.0,2.0799
12451.57,332.6,2.3211
12452.58,344.9,2.4531
12453.58,336.3,2.7138
12454.59,309.4,3.0748
12455.59,306.6,3.4887
12456.6,304.4,3.8835
12457.6,322.5,4.2605
12458.61,218.8,4.7484
12459.61,269.6,5.2782
12460.62,205.9,5.7956
12461.62,101.6,6.3124
12462.63,102.5,6.8335
12463.63,125.4,7.1386
12464.64,99.5,7.2386
12465.64,108.4,7.2386
12466.65,101.5,7.2386
12467.65,100.5,7.2386
12468.66,100.5,7.2386
12469.66,132.3,7.2386
12470.67,99.5,7.2148
12471.67,110.7,7.2148
12472.68,119.4,7.3413
12473.68,99.5,7.3413
12474.69,101.5,7.3413
12475.69,101.5,7.3413
12476.7,99.5,7.3413
12477.7,100.5,7.3416
12478.71,100.5,7.3416
12479.71,102.5,7.3416
12480.72,100.5,7.3416
12481.72,117.4,7.3423
12482.73,100.5,7.3423
12483.73,101.5,7.3423
12484.74,99.6,7.3423
12485.74,101.5,7.3423
12486.75,102.5,7.3424
12487.75,100.5,7.3424
12488.76,108.7,7.3425
12489.76,111.4,7.3425
12490.77,102.5,7.3425
12491.77,100.5,7.3425
12492.78,100.5,7.3425
12493.78,100.5,7.3425
12494.79,101.5,7.3425
12495.79,100.5,7.3425
12496.8,115.4,7.3428
12497.8,99.5,7.3428
12498.81,101.5,7.3428
12499.81,99.5,7.3428
12500.82,101.5,7.3428
12501.82,100.6,7.3428
12502.83,102.5,7.3428
12503.83,99.5,7.3428
12504.84,102.5,7.3428
12505.84,116.5,7.4214
12506.85,101.5,7.4214
12507.85,100.5,7.4214
12508.86,100.5,7.4214
12509.86,100.6,7.4214
12510.87,101.5,7.4214
12511.87,101.5,7.4214
12512.88,102.5,7.4214
12513.88,99.6,7.4214
12514.89,100.5,7.5863
12515.89,100.5,8.1263
12516.9,101.5,8.573
12517.9,131.3,8.8289
12518.91,99.5,8.8289
12519.91,101.5,8.8289
12520.92,99.5,8.8289
12521.92,102.5,8.8291
12522.93,100.5,8.8291
12523.93,101.5,8.8291
12524.94,100.6,8.8291
12525.94,100.5,8.8291
12526.95,99.5,8.8291
12527.95,101.5,8.8291
12528.96,100.5,8.8304
12529.96,100.5,8.8304
12530.97,101.7,8.8304
12531.97,100.5,8.8304
12532.98,100.5,8.8304
12533.98,100.5,8.8304
12534.99,101.5,8.8304
12535.99,100.5,8.8304
12537.0,99.5,8.8304
12538.0,101.5,8.8308
12539.01,100.5,8.8308
12540.01,101.5,8.8308
12541.02,99.5,8.8308
12542.02,102.5,8.8308
12543.03,101.5,8.8308
12544.03,99.5,8.8308
12545.04,101.5,8.8308
12546.04,99.5,8.8308
12547.05,101.5,8.8308
12548.05,101.5,8.8316
12549.06,100.5,8.8316
12550.06,100.5,8.8316
12551.07,101.5,8.8316
12552.07,99.5,8.8316
12553.08,101.5,8.8317
12554.08,101.5,8.8317
12555.09,102.5,8.8317
12556.09,103.5,8.8317
12557.1,100.5,8.8317
12558.1,101.5,8.8323
12559.11,100.5,8.8323
12560.11,99.5,8.8323
12561.12,101.5,8.8323
12562.12,100.4,8.8323
12563.13,99.6,8.8323
12564.13,101.5,8.8323
12565.14,101.5,8.8323
12566.14,101.5,8.8323
12567.15,99.6,8.8326
12568.15,101.5,8.8326
12569.16,100.5,8.8326
12570.16,100.5,8.833
12571.17,101.5,8.833
12572.18,99.5,8.833
12573.18,100.5,8.833
12574.19,101.5,8.833
12575.19,100.5,8.833
12576.2,99.5,8.833
12577.2,101.5,8.833
12578.21,101.5,8.833
12579.21,99.5,8.833
12580.22,101.5,8.8333
12581.22,101.5,8.8333
12582.23,101.5,8.8333
12583.23,100.5,8.8333
12584.24,100.5,8.8333
12585.24,100.5,8.8333
12586.25,101.5,8.8333
12587.25,100.5,8.8333
12588.26,100.5,8.8333
12589.26,101.5,8.8333
12590.27,100.5,8.8338
12591.27,100.5,8.8338
12592.28,101.5,8.8338
12593.28,100.5,8.8338
12594.29,100.5,8.8338
12595.29,101.5,8.8338
12596.3,99.5,8.8338
12597.3,100.6,8.8338
12598.31,100.5,8.8338
12599.31,104.5,8.8338
12600.32,99.5,8.8342
12601.32,100.5,8.8342
12602.33,100.5,8.8342
12603.34,102.5,8.8342
12604.34,99.5,8.8342
12605.35,100.5,8.8342
12606.35,101.5,8.8342
12607.36,100.5,8.8342
12608.36,101.5,8.8342
12609.37,102.5,8.8342
12610.37,102.5,8.8348
12611.38,101.5,8.8348
12612.38,101.5,8.835
12613.39,100.5,8.835
12614.39,100.5,8.835
12615.4,100.5,8.835
12616.4,100.5,8.835
12617.41,101.5,8.835
12618.41,100.5,8.835
12619.42,102.5,8.8352
12620.42,99.5,8.8352
12621.43,100.5,8.8352
12622.43,101.6,8.8352
12623.44,100.5,8.8352
12624.44,100.5,8.8352
12625.45,101.5,8.8352
12626.45,100.6,8.8352
12627.46,99.5,8.8352
12628.46,102.5,8.8352
12629.47,99.5,8.8354
12630.47,102.5,8.8354
12631.48,100.5,8.8354
12632.48,99.5,8.8354
12633.49,100.5,8.8354
12634.5,101.5,8.8354
12635.5,99.5,8.8354
12636.51,100.5,8.8356
12637.51,101.8,8.8356
12638.51,99.5,8.8356
12639.52,102.5,8.8358
12640.52,100.5,8.8358
12641.53,99.5,8.8358
12642.53,101.5,8.8358
12643.54,101.5,8.8358
12644.54,99.5,8.8358
12645.55,101.5,8.8358
12646.55,100.5,8.8358
12647.56,101.5,8.8358
12648.56,100.5,8.8358
12649.57,100.5,8.8365
12650.58,100.5,8.8365
12651.58,99.5,8.8365
12652.59,101.5,8.8365
12653.59,100.5,8.8365
12654.6,100.5,8.8365
12655.6,100.5,8.8365
12656.61,101.5,8.8365
12657.61,99.5,8.8365
12658.62,101.5,8.8365
12659.62,102.5,8.8372
12660.63,100.5,8.8372
12661.63,100.5,8.8372
12662.64,100.5,8.8374
12663.64,100.5,8.8374
12664.65,100.5,8.8374
12665.65,101.6,8.8374
12666.66,100.5,8.8374
12667.66,99.5,8.8374
12668.67,100.5,8.8374
12669.67,102.5,8.8375
12670.68,99.5,8.8375
12671.68,100.5,8.8375
12672.69,102.5,8.8375
12673.69,100.5,8.8375
12674.7,100.5,8.8375
12675.71,100.5,8.8375
12676.71,99.5,8.8375
12677.72,100.5,8.8375
12678.72,100.5,8.8375
12679.73,100.6,8.8379
12680.73,100.5,8.8379
12681.74,102.5,8.8379
12682.74,101.5,8.8379
12683.75,100.5,8.8379
12684.75,99.5,8.8379
12685.76,102.5,8.8379
12686.76,100.5,8.8379
12687.77,101.5,8.8379
12688.77,99.5,8.8379
12689.78,101.6,8.8384
12690.78,100.5,8.8385
12691.79,99.5,8.8385
12692.79,101.5,8.8385
12693.8,99.5,8.8385
12694.8,101.5,8.8385
12695.81,99.5,8.8385
12696.81,100.5,8.8385
12697.82,101.6,8.8385
12698.82,100.5,8.8385
12699.83,100.5,8.8545
12700.83,102.5,8.8567
12701.84,100.5,8.8567
12702.84,100.5,8.8567
12703.85,101.5,8.8568
12704.85,99.6,8.8568
12705.86,101.5,8.8568
12706.86,100.5,8.857
12707.87,100.5,8.857
12708.87,100.6,8.857
12709.88,103.5,8.8571
12710.88,100.5,8.8571
12711.89,99.5,8.8571
12712.89,100.5,8.8571
12713.9,100.5,8.8571
12714.91,100.5,8.8571
12715.91,101.5,8.8571
12716.92,99.5,8.8571
12717.92,101.6,8.8571
12718.93,100.5,8.8571
12719.93,99.5,8.859
12720.94,101.5,8.8748
12721.94,103.5,8.8748
12722.95,99.5,8.8748
12723.95,101.5,8.8748
12724.96,99.5,8.8748
12725.96,101.6,8.8748
12726.97,100.5,8.8748
12727.97,100.5,8.8748
12728.98,100.5,8.8748
12729.98,101.5,8.8748
12730.99,103.5,8.8754
12731.99,100.5,8.8754
12733.0,100.5,8.8754
12734.0,99.5,8.8754
12735.01,100.5,8.8754
12736.01,102.5,8.8754
12737.02,99.5,8.8754
12738.02,101.5,8.8754
12739.03,99.5,8.8754
12740.03,101.5,8.8754
12741.04,100.5,8.8913
12742.05,100.5,8.8915
12743.05,123.4,8.8915
12744.06,101.5,8.8915
12745.06,101.5,8.8915
12746.07,100.5,8.8915
12747.07,100.5,8.8915
12748.08,100.5,8.8915
12749.08,100.5,8.8915
12750.09,101.5,8.8915
12751.09,3.0,2.218
12752.09,346.0,2.5384
12753.1,360.3,2.8217
12754.1,332.3,3.1818
12755.11,318.4,3.5326
12756.11,308.6,3.8256
12757.12,302.4,4.0469
12758.12,301.9,4.3085
12759.13,303.6,4.4481
12760.13,308.6,4.6314
12761.14,251.7,5.0624
12762.14,121.4,5.3361
12763.15,102.4,5.5113
12764.15,152.2,5.7068
12765.16,270.7,5.9462
12766.16,185.0,6.1436
12767.17,102.5,6.3311
12768.17,101.5,6.5312
12769.18,101.5,6.7301
12770.18,100.5,6.9127
12771.19,142.2,7.1585
12772.19,102.5,7.2105
12773.2,106.4,7.2105
12774.2,100.5,7.2511
12775.21,103.5,7.3105
12776.22,101.5,7.2797
12777.22,100.5,7.2797
12778.23,101.5,7.2797
12779.23,100.5,7.2801
12780.23,100.7,7.2801
12781.24,100.5,7.2801
12782.24,99.5,7.2801
12783.25,101.5,7.2801
12784.25,100.5,7.2801
12785.26,101.5,7.2801
12786.26,101.5,7.2801
12787.27,101.5,7.2801
12788.28,101.5,7.2801
12789.28,100.5,7.2801
12790.29,99.5,7.2801
12791.29,99.5,7.2801
12792.3,101.5,7.2801
12793.3,100.5,7.2801
12794.31,129.3,7.4561
12795.31,100.5,7.4561
12796.32,101.5,7.4561
12797.32,111.4,7.4563
12798.33,101.5,7.4563
12799.33,100.5,7.4563
12800.34,100.5,7.4563
12801.34,100.5,7.4563
12802.35,100.5,7.4563
12803.35,101.5,7.4563
12804.36,101.6,7.4563
12805.36,100.5,7.4563
12806.37,99.5,7.4563
12807.37,101.5,7.4563
12808.38,100.6,7.4563
12809.38,100.5,7.4563
12810.39,101.5,7.4563
12811.39,100.5,7.4564
12812.4,99.6,7.4564
12813.4,101.5,7.4564
12814.41,101.5,7.4564
12815.41,99.5,7.4564
12816.42,101.5,7.4564
12817.42,100.5,7.4564
12818.43,100.5,7.4564
12819.43,111.4,7.4564
12820.44,99.5,7.4564
12821.44,102.5,7.4564
12822.45,100.5,7.4564
12823.45,99.5,7.4564
12824.46,101.5,7.4564
12825.46,100.5,7.4564
12826.47,99.5,7.4564
12827.47,102.6,7.4564
12828.48,101.5,7.4564
12829.48,101.5,7.4564
12830.49,100.5,7.4564
12831.49,101.5,7.4564
12832.5,100.5,7.4564
12833.5,100.5,7.4564
12834.51,99.5,7.4564
12835.51,100.5,7.4564
12836.52,100.5,7.4564
12837.52,105.5,7.4564
12838.53,99.5,7.4564
12839.53,102.5,7.4564
12840.54,99.5,7.4564
12841.54,99.5,7.4565
12842.55,101.5,7.4567
12843.56,101.5,7.4567
12844.56,100.5,7.4567
12845.57,99.5,7.4567
12846.57,103.5,7.4567
12847.58,99.5,7.4567
12848.58,101.5,7.4567
12849.59,100.6,7.4568
12850.59,101.6,7.4568
12851.59,99.5,7.4568
12852.6,99.5,7.4568
12853.61,100.5,7.4568
12854.61,125.3,7.4581
12855.62,101.5,7.4581
12856.62,102.5,7.4581
12857.63,99.5,7.4581
12858.63,101.5,7.4581
12859.64,99.5,7.4581
12860.64,102.5,7.4581
12861.65,101.5,7.4581
12862.65,102.5,7.4582
12863.66,99.5,7.4582
12864.66,100.5,7.4582
12865.67,101.5,7.4582
12866.67,100.5,7.4582
12867.68,101.5,7.4582
12868.68,102.6,7.4582
12869.69,100.5,7.4582
12870.69,100.5,7.4582
12871.7,101.5,7.4582
12872.7,100.5,7.4582
12873.71,100.5,7.4582
12874.71,100.5,7.4582
12875.72,120.4,7.4599
12876.72,102.5,7.4599
12877.73,100.5,7.4599
12878.73,100.5,7.4599
12879.74,99.6,7.4599
12880.74,102.5,7.4599
12881.75,100.5,7.4599
12882.75,102.5,7.4599
12883.76,100.5,7.4599
12884.76,99.6,7.4599
12885.77,101.5,7.4599
12886.77,100.5,7.4599
12887.78,101.5,7.4599
12888.78,100.5,7.4599
12889.79,100.5,7.4599
12890.79,104.5,7.4599
12891.8,100.5,7.4599
12892.8,100.5,7.4599
12893.81,100.7,7.4599
12894.81,121.4,7.4606
12895.82,100.5,7.4606
12896.82,100.5,7.4606
12897.83,100.5,7.4606
12898.83,100.5,7.4606
12899.84,101.5,7.4606
12900.84,99.5,7.4606
12901.85,100.5,7.4606
12902.85,100.5,7.4606
12903.86,100.5,7.4606
12904.87,100.5,7.4606
12905.87,103.5,7.4606
12906.88,100.4,7.4606
12907.88,101.5,7.4606
12908.89,101.5,7.4606
12909.89,99.5,7.4606
12910.9,99.5,7.4606
12911.9,100.5,7.4609
12912.91,101.5,7.4609
12913.91,99.5,7.4609
12914.92,101.5,7.4609
12915.92,99.5,7.4609
12916.93,101.5,7.4609
12917.93,101.5,7.4609
12918.94,100.5,7.4609
12919.94,99.5,7.4609
12920.95,101.5,7.4609
12921.95,101.5,7.4609
12922.96,100.5,7.4609
12923.96,100.5,7.4609
12924.97,100.5,7.4609
12925.97,100.5,7.4609
12926.98,99.5,7.4609
12927.98,101.5,7.4609
12928.99,100.5,7.4609
12929.99,100.5,7.4609
12931.0,99.5,7.4609
12932.0,101.5,7.4609
12933.01,102.6,7.4609
12934.01,100.5,7.4609
12935.02,99.5,7.4609
12936.02,101.6,7.4609
12937.03,99.5,7.4609
12938.03,102.5,7.4609
12939.04,99.5,7.4609
12940.04,101.6,7.4609
12941.05,99.5,7.4609
12942.05,100.5,7.4609
12943.06,100.5,7.4609
12944.06,101.5,7.4609
12945.07,101.5,7.4609
12946.08,100.3,7.4609
12947.08,100.7,7.4609
12948.08,101.5,7.4609
12949.09,100.5,7.4609
12950.09,100.5,7.4609
12951.1,99.5,7.4609
12952.11,111.4,7.4609
12953.11,131.6,7.5921
12954.11,106.5,7.5921
12955.12,100.5,7.5921
12956.12,108.4,7.5921
12957.13,103.5,7.5924
12958.13,103.6,7.5924
12959.14,100.5,7.5924
12960.15,101.3,7.5924
12961.15,100.5,7.5924
12962.16,103.5,7.5924
12963.16,100.5,7.5924
12964.17,102.5,7.5924
12965.17,100.7,7.5924
12966.17,103.6,7.5924
12967.18,101.4,7.5924
12968.18,99.5,7.5924
12969.19,101.5,7.5924
12970.2,100.5,7.5924
12971.2,101.5,7.5924
12972.21,99.5,7.5924
12973.21,100.5,7.5924
12974.22,100.5,7.5924
12975.22,101.5,7.5924
12976.23,100.5,7.5924
12977.23,103.4,7.5924
12978.24,101.5,7.5924
12979.24,99.5,7.5924
12980.25,101.5,7.5924
12981.25,99.6,7.5924
12982.26,103.5,7.5924
12983.26,99.5,7.5924
12984.27,101.5,7.5924
12985.27,100.5,7.5924
12986.28,99.5,7.5924
12987.28,101.7,7.5924
12988.28,99.7,7.5924
12989.29,100.5,7.5924
12990.29,100.5,7.5924
12991.3,101.5,7.5924
12992.3,99.5,7.5924
12993.31,101.5,7.5924
12994.31,100.5,7.5924
12995.32,102.5,7.5924
12996.32,100.5,7.5924
12997.33,100.5,7.5927
12998.33,101.5,7.5927
12999.34,100.5,7.5927
13000.34,100.5,7.5927
13001.35,99.5,7.5927
13002.35,100.5,7.5927
13003.36,101.5,7.5927
13004.36,100.5,7.5927
13005.37,101.5,7.5927
13006.38,99.5,7.5927
13007.38,99.5,7.5927
13008.39,101.5,7.5927
13009.39,101.5,7.5927
13010.4,99.5,7.5927
13011.4,102.5,7.5927
13012.41,99.5,7.5927
13013.41,101.5,7.5927
13014.42,99.5,7.5927
13015.42,101.5,7.5927
13016.43,100.5,7.5927
13017.43,100.5,7.5927
13018.44,101.5,7.5927
13019.44,100.5,7.5927
13020.45,100.5,7.5927
13021.45,101.5,7.5927
13022.46,100.5,7.6451
13023.46,100.5,7.7421
13024.47,101.5,7.8383
13025.47,101.6,7.9428
13026.47,100.8,8.0305
13027.48,99.5,8.134
13028.49,102.5,8.2294
13029.49,99.6,8.2799
13030.49,102.7,8.2829
13031.5,100.5,8.2829
13032.5,101.6,8.2991
13033.51,99.5,8.3561
13034.51,101.5,8.4669
13035.52,100.5,8.5617
13036.52,100.5,8.6649
13037.53,150.2,8.8366
13038.53,100.5,8.8366
13039.54,100.5,8.8366
13040.54,100.5,8.8366
13041.55,101.5,8.8366
13042.55,101.5,8.8368
13043.56,103.5,8.8368
13044.56,100.5,8.8368
13045.57,99.5,8.8368
13046.57,100.5,8.8368
13047.58,100.5,8.8368
13048.58,101.5,8.8368
13049.59,101.5,8.8368
13050.59,104.6,2.0851
13051.6,322.4,2.3339
13052.6,295.0,2.506
13053.61,364.3,2.7828
13054.61,332.3,3.1526
13055.62,319.3,3.5265
13056.62,303.6,3.8596
13057.63,302.4,4.1335
13058.63,301.7,4.377
13059.64,313.3,4.6158
13060.64,301.5,4.7882
13061.64,3.0,2.122
13062.65,351.9,2.3812
13063.65,5254.3,2.105
13064.65,353.2,2.3714
13065.65,1.0,2.1294
13066.66,329.2,2.3015
13067.66,347.4,2.532
13068.66,1.0,2.0996
13069.67,0.0,1.9906
13070.67,308.2,2.2743
13071.67,0.0,2.1039
13072.68,2896.4,2.0879
13073.68,1.0,2.0738
13074.69,312.2,2.2543
13075.69,331.5,2.4067
13076.7,236.7,2.7011
13077.7,4.0,2.0828
13078.7,312.1,2.2703
13079.71,340.4,2.4248
13080.71,323.2,2.6837
13081.72,292.5,2.9282
13082.72,0.0,2.1659
13083.72,343.9,2.4159
13084.73,342.4,2.746
13085.73,269.7,3.0419
13086.74,192.1,3.3775
13087.74,132.3,3.7318
13088.75,3.0,2.0588
13089.75,299.6,2.2606
13090.76,327.6,2.3709
13091.76,341.2,2.627
13092.77,1.0,2.0706
13093.77,305.0,2.2459
13094.77,2.0,2.0894
13095.78,341.2,2.3564
13096.78,365.8,2.4859
13097.79,2.0,2.0805
13098.79,331.1,2.3605
13099.79,364.5,2.5564
13100.8,2.0,2.109
13101.8,332.3,2.3703
13102.81,353.9,2.5034
13103.81,0.0,2.0903
13104.81,356.9,2.3615
13105.82,1.0,2.108
13106.82,317.3,2.2751
13107.82,5301.9,2.1217
13108.82,305.5,2.2789
13109.83,3915.0,2.1125
13110.83,322.2,2.2908
13111.83,1.0,2.1449
13112.83,351.0,2.3352
13113.84,2902.1,2.2291
13114.84,1.0,1.9799
13115.85,1.0,2.2365
13116.85,0.0,2.0473
13117.86,295.5,2.2412
13118.86,2.0,2.0453
13119.87,292.4,2.2457
13120.87,3.0,2.0729
13121.88,287.6,2.2365
13122.88,2.0,2.0858
13123.89,313.0,2.2572
13124.89,3.0,2.1269
13125.89,351.2,2.2875
13126.9,0.0,2.2151
13127.9,3.0,2.0868
13128.9,326.1,2.2688
13129.91,0.0,2.0866
13130.91,320.1,2.2607
13131.91,366.9,2.4236
13132.92,332.3,2.6843
13133.92,247.7,1.9821
13134.93,1472.6,2.2354
13135.93,1.0,2.0924
13136.94,290.5,2.2549
13137.94,1.0,2.1392
13138.94,350.8,2.3928
13139.95,263.4,2.5587
13140.95,129.3,2.6673
13141.96,204.0,2.7609
13142.96,259.6,2.901
13143.97,225.8,3.0014
13144.97,156.2,3.117
13145.98,101.5,3.227
13146.98,3479.7,2.124
13147.98,347.2,2.3184
13148.99,2.0,2.262
13149.99,1.0,2.1979
13150.99,3.0,2.0922
13152.0,333.0,2.2855
13153.0,1441.4,2.2528
13154.01,362.1,2.4748
13155.01,285.5,2.6233
13156.02,133.3,2.7398
13157.02,2.0,2.1586
13158.02,314.2,2.2989
13159.03,2.0,2.2024
13160.03,298.1,2.3285
13161.03,334.0,2.5818
13162.04,272.6,2.694
13163.04,117.4,2.752
13164.05,106.5,2.8096
13165.05,125.4,2.8858
13166.06,2.0,2.1324
13167.06,297.2,2.2999
13168.06,351.7,2.4897
13169.07,259.7,1.9841
13170.07,3.0,2.2268
13171.07,307.0,2.344
13172.08,1.0,2.1147
13173.08,336.3,2.2818
13174.08,13.9,2.054
13175.09,275.6,2.3316
13176.09,320.7,2.6751
13177.1,306.6,3.0011
13178.1,181.1,3.4956
13179.11,218.9,4.0526
13180.11,196.0,4.6092
13181.12,115.5,5.1999
13182.12,135.3,5.8065
13183.13,135.3,6.4121
13184.13,150.3,6.8857
13185.14,341.2,7.955
13186.14,259.7,8.5537
13187.14,194.4,8.5634
13188.15,369.9,8.5665
13189.15,336.6,8.5693
13190.16,312.4,8.576
13191.16,313.1,8.5771
13192.17,304.4,8.5779
13193.17,307.4,8.6358
13194.18,303.5,8.6779
13195.18,304.6,8.6788
13196.19,299.3,8.686
13197.19,298.4,8.6868
13198.2,191.5,9.084
13199.2,245.7,9.7861
13200.21,149.3,9.7861
13201.21,252.2,9.7861
13202.21,256.8,9.7861
13203.22,219.8,9.7861
13204.22,163.1,9.7861
13205.23,153.2,9.7861
13206.23,118.4,9.7861
13207.24,114.4,9.7861
13208.24,151.5,9.7861
13209.25,173.6,9.7861
13210.25,121.4,9.7864
13211.26,129.3,9.7864
13212.26,136.6,9.7866
13213.26,101.5,9.7866
13214.27,141.3,9.7866
13215.27,333.9,9.9095
13216.28,219.9,9.9095
13217.28,119.4,9.9095
13218.29,120.4,9.9095
13219.29,125.3,9.9095
13220.3,122.3,9.9095
13221.3,125.3,9.9095
13222.31,118.4,9.9095
13223.31,122.3,9.9095
13224.32,101.5,9.9095
13225.32,101.5,9.9095
13226.33,116.4,9.9095
13227.34,124.3,9.9095
13228.34,117.4,9.9095
13229.35,103.5,9.9095
13230.35,99.4,9.9095
13231.36,108.4,9.9095
13232.36,103.4,9.9095
13233.37,103.5,9.9095
13234.37,99.5,9.9095
13235.38,102.5,9.9095
13236.38,117.4,9.9095
13237.39,100.5,9.9095
13238.39,100.5,9.9095
13239.4,111.4,9.9095
13240.4,101.5,9.9095
13241.41,116.4,9.9095
13242.41,106.4,9.9095
13243.42,106.4,9.9095
13244.42,100.5,9.9095
13245.43,103.5,9.9095
13246.44,102.5,9.9095
13247.44,103.5,9.9095
13248.45,100.6,9.9095
13249.45,100.4,9.9095
13250.46,100.5,9.9095
13251.46,101.5,9.9095
13252.47,102.5,9.9095
13253.47,101.5,9.9095
13254.48,100.5,9.9095
13255.48,100.5,9.9095
13256.49,105.4,9.9095
13257.49,101.5,9.9097
13258.5,286.3,10.0234
13259.5,148.2,10.0873
13260.51,99.5,10.0873
13261.51,101.5,10.0873
13262.52,104.4,10.0873
13263.52,114.4,10.0873
13264.53,100.5,10.0873
13265.53,102.5,10.0873
13266.54,100.5,10.0873
13267.54,102.4,10.0874
13268.55,100.5,10.0874
13269.55,104.5,10.0874
13270.56,106.4,10.0874
13271.57,102.3,10.0874
13272.57,99.5,10.0874
13273.58,104.5,10.0874
13274.58,100.5,10.0874
13275.59,99.5,10.0874
13276.59,102.5,10.0874
13277.6,100.5,10.0874
13278.6,100.5,10.0874
13279.61,101.4,10.0874
13280.61,99.5,10.0874
13281.62,101.5,10.0874
13282.62,101.5,10.0874
13283.63,100.5,10.0874
13284.63,184.0,10.0874
13285.64,101.5,10.0874
13286.65,101.5,10.0874
13287.65,100.5,10.0874
13288.66,99.5,10.0874
13289.66,100.5,10.0874
13290.67,100.5,10.0874
13291.67,100.5,10.0874
13292.68,101.5,10.0874
13293.68,101.5,10.0874
13294.69,100.5,10.0874
13295.69,107.4,10.0874
13296.7,101.5,10.0874
13297.7,100.5,10.0874
13298.71,100.5,10.0874
13299.71,100.5,10.0874
13300.72,100.5,10.0874
13301.72,100.5,10.0874
13302.73,101.5,10.0874
13303.73,101.5,10.0874
13304.74,100.5,10.0874
13305.75,101.5,10.0874
13306.75,101.5,10.0874
13307.76,100.5,10.0874
13308.76,101.5,10.0874
13309.77,100.5,10.0874
13310.77,101.5,10.0874
13311.78,100.5,10.0874
13312.78,100.5,10.0874
13313.79,101.5,10.0874
13314.79,100.5,10.0874
13315.8,100.6,10.0874
13316.8,100.5,10.0874
13317.81,101.5,10.0874
13318.81,100.5,10.0874
13319.82,101.5,10.0874
13320.82,101.5,10.0874
13321.83,99.5,10.0874
13322.83,101.5,10.0877
13323.84,101.5,10.0877
13324.84,99.5,10.0877
13325.85,101.5,10.0877
13326.86,100.5,10.0877
13327.86,102.5,10.0877
13328.87,101.5,10.0877
13329.87,101.5,10.0877
13330.88,100.5,10.0877
13331.88,101.5,10.0877
13332.89,101.5,10.0877
13333.89,99.5,10.0877
13334.9,101.5,10.0877
13335.9,99.5,10.0877
13336.91,102.5,10.0877
13337.91,100.5,10.0877
13338.92,101.5,10.0877
13339.92,100.5,10.0877
13340.93,100.5,10.0877
13341.93,100.5,10.0877
13342.94,100.4,10.0877
13343.95,101.5,10.0877
13344.95,100.5,10.0877
13345.96,101.5,10.0877
13346.96,100.5,10.0877
13347.97,101.6,10.0877
13348.97,101.5,10.0877
13349.98,101.5,10.0877
13350.98,99.5,10.0877
13351.99,101.5,10.0877
13352.99,101.5,10.0877
13354.0,99.5,10.0877
13355.0,101.5,10.0877
13356.01,100.5,10.0877
13357.01,100.5,10.0877
13358.02,100.5,10.0877
13359.02,101.5,10.0877
13360.03,101.5,10.0877
13361.03,100.5,10.0877
13362.04,102.5,10.0877
13363.04,98.5,10.0877
13364.05,102.5,10.0877
13365.06,100.5,10.0877
13366.06,100.5,10.0877
13367.07,101.5,10.0877
13368.07,102.5,10.0877
13369.08,100.5,10.0877
13370.08,100.5,10.0877
13371.09,100.5,10.0877
13372.09,100.5,10.0879
13373.1,101.5,10.0879
13374.1,100.5,10.0879
13375.11,100.5,10.0879
13376.11,101.5,10.0879
13377.12,100.5,10.0879
13378.12,100.5,10.0879
13379.13,99.5,10.0879
13380.13,101.5,10.0879
13381.14,101.5,10.0879
13382.15,101.5,10.0879
13383.15,101.5,10.0879
13384.16,100.5,10.0879
13385.16,102.5,10.0879
13386.17,100.5,10.0879
13387.17,101.5,10.0879
13388.18,99.5,10.0879
13389.18,101.5,10.0879
13390.19,100.5,10.0879
13391.19,100.5,10.0879
13392.2,101.5,10.0879
13393.2,99.5,10.0879
13394.21,100.5,10.0879
13395.21,101.5,10.0879
13396.22,100.5,10.0879
13397.22,100.5,10.0879
13398.23,102.5,10.0879
13399.23,101.5,10.0879
13400.24,100.5,10.0879
13401.25,100.5,10.0879
13402.25,101.5,10.0879
13403.26,99.5,10.0879
13404.26,102.5,10.0879
13405.27,100.5,10.0879
13406.27,100.5,10.0879
13407.28,101.5,10.0879
13408.28,101.5,10.0879
13409.29,100.5,10.0879
13410.29,101.5,10.0879
13411.3,99.5,10.0879
13412.3,101.5,10.0879
13413.31,100.5,10.0879
13414.31,101.5,10.0879
13415.32,101.5,10.0879
13416.33,100.5,10.0879
13417.33,100.5,10.0882
13418.34,101.5,10.0882
13419.34,100.5,10.0882
13420.35,100.5,10.0882
13421.35,101.6,10.0882
13422.36,102.5,10.0882
13423.36,100.5,10.0882
13424.37,100.5,10.0882
13425.37,100.5,10.0882
13426.38,101.5,10.0882
13427.38,100.5,10.0882
13428.39,100.5,10.0882
13429.39,101.5,10.0882
13430.4,99.6,10.0882
13431.4,101.5,10.0882
13432.41,100.5,10.0882
13433.41,102.5,10.0882
13434.42,101.6,10.0882
13435.42,100.5,10.0881
13436.43,101.5,10.0881
13437.43,100.5,10.0881
13438.44,101.5,10.0881
13439.44,99.5,10.088
13440.45,101.5,10.0879
13441.45,101.5,10.0879
13442.46,100.5,10.0879
13443.47,104.5,10.0879
13444.47,101.5,10.0879
13445.48,100.5,10.0879
13446.48,100.5,10.0879
13447.49,101.5,10.0879
13448.49,100.5,10.0877
13449.5,100.5,10.0877
13450.5,100.6,10.0877
13451.51,100.5,10.0877
13452.51,99.5,10.0877
13453.52,102.5,10.0877
13454.52,100.5,10.0877
13455.53,99.5,10.0877
13456.53,101.5,10.0877
13457.54,101.5,10.0877
13458.54,101.5,10.0877
13459.55,100.5,10.0877
13460.55,100.5,10.0877
13461.56,102.5,10.0877
13462.57,100.5,10.0879
13463.57,100.5,10.0879
13464.58,101.6,10.0878
13465.58,227.3,10.0881
13466.58,246.7,10.2914
13467.59,101.5,10.2914
13468.59,99.5,10.2914
13469.6,101.5,10.2914
13470.6,102.5,10.2914
13471.61,99.5,10.2914
13472.62,101.5,10.2914
13473.62,99.5,10.2914
13474.62,120.7,2.2058
13475.63,299.4,2.4784
13476.63,313.6,2.8932
13477.64,272.8,3.455
13478.64,268.2,3.9764
13479.65,279.7,4.5039
13480.65,127.3,5.0864
13481.66,102.5,5.6925
13482.66,113.4,6.2917
13483.67,141.3,6.87
13484.67,273.1,8.0241
13485.68,305.4,8.723
13486.68,306.8,8.7553
13487.68,360.1,8.7599
13488.69,327.3,8.7634
13489.69,316.3,8.766
13490.7,304.4,8.7788
13491.71,308.4,8.7797
13492.71,304.4,8.7811
13493.72,306.7,8.7874
13494.72,317.3,8.7896
13495.73,201.0,8.7897
13496.73,250.2,9.6854
13497.73,206.0,9.7942
13498.74,224.4,9.7942
13499.74,229.9,9.7877
13500.74,289.1,9.7925
13501.75,148.3,9.7925
13502.75,147.2,9.7925
13503.76,175.1,9.7925
13504.76,115.5,9.7774
13505.77,127.3,9.7774
13506.77,157.5,9.7774
13507.78,212.9,9.7819
13508.78,146.2,9.7826
13509.79,134.3,9.7851
13510.79,121.4,9.7866
13511.8,170.9,9.7882
13512.81,108.4,9.7882
13513.81,105.4,9.7882
13514.81,170.5,9.7827
13515.82,232.8,9.9033
13516.82,104.5,9.9033
13517.83,111.4,9.9034
13518.84,151.2,9.9036
13519.84,112.4,9.9036
13520.85,102.5,9.9036
13521.85,138.3,9.9032
13522.86,111.4,9.9032
13523.86,101.5,9.9032
13524.87,133.3,9.9032
13525.87,118.4,9.9032
13526.88,100.5,9.9032
13527.88,100.5,9.9032
13528.89,100.5,9.9032
13529.89,99.6,9.9031
13530.9,101.5,9.9031
13531.9,100.5,9.9031
13532.91,104.4,9.9039
13533.91,101.5,9.9039
13534.92,112.4,9.9037
13535.92,100.5,9.9037
13536.93,120.4,9.9037
13537.93,102.5,9.9037
13538.94,116.4,9.9037
13539.95,109.4,9.9034
13540.95,100.5,9.9034
13541.96,102.5,9.9034
13542.96,101.3,9.9034
13543.97,100.4,9.9034
13544.97,101.5,9.9034
13545.98,102.5,9.9034
13546.98,102.5,9.9034
13547.99,99.5,9.9034
13548.99,132.3,9.904
13550.0,102.5,9.904
13551.01,102.5,9.904
13552.01,100.5,9.9043
13553.02,101.5,9.9043
13554.02,102.4,9.9039
13555.03,107.4,9.9039
13556.03,99.5,9.9039
13557.04,125.4,9.9039
13558.04,109.4,9.9041
13559.05,99.4,9.9041
13560.05,102.5,9.9041
13561.06,145.5,9.9046
13562.06,255.8,10.0756
13563.07,100.5,10.0756
13564.07,100.5,10.0756
13565.08,100.5,10.0756
13566.08,99.5,10.0756
13567.09,102.5,10.0756
13568.09,99.6,10.0756
13569.1,104.4,10.0756
13570.1,101.5,10.0756
13571.11,102.5,10.0756
13572.11,101.5,10.0754
13573.12,100.5,10.0754
13574.12,101.5,10.0754
13575.13,99.5,10.0754
13576.13,102.5,10.0754
13577.14,143.2,10.0776
13578.15,149.1,10.0869
13579.15,104.5,10.0869
13580.16,109.4,10.079
13581.16,99.5,10.079
13582.17,100.5,10.079
13583.17,102.5,10.0788
13584.18,99.5,10.0788
13585.18,101.5,10.0788
13586.19,101.5,10.0788
13587.19,99.5,10.0788
13588.2,101.5,10.0788
13589.2,100.5,10.0786
13590.21,99.5,10.0786
13591.21,101.5,10.0786
13592.22,100.5,10.0786
13593.22,101.5,10.0786
13594.23,102.5,10.0786
13595.23,101.5,10.0786
13596.24,99.5,10.0786
13597.25,101.5,10.0786
13598.25,101.5,10.0786
13599.26,100.5,10.0786
13600.26,100.5,10.0786
13601.27,101.5,10.0786
13602.27,101.5,10.0788
13603.28,99.5,10.0788
13604.28,101.5,10.0788
13605.29,100.5,10.0788
13606.29,100.5,10.0788
13607.3,101.5,10.0788
13608.3,98.5,10.0788
13609.31,104.4,10.0788
13610.31,101.5,10.0788
13611.32,101.5,10.0788
13612.32,100.5,10.0788
13613.33,100.5,10.0788
13614.33,102.5,10.0788
13615.34,100.5,10.0788
13616.35,102.5,10.0788
13617.35,99.5,10.0788
13618.36,100.5,10.0788
13619.36,101.5,10.0788
13620.37,100.5,10.0788
13621.37,100.5,10.0788
13622.38,100.5,10.0788
13623.38,100.5,10.0788
13624.39,100.5,10.0788
13625.39,101.5,10.0788
13626.4,100.5,10.0788
13627.4,101.5,10.0788
13628.41,99.5,10.0788
13629.41,101.5,10.0788
13630.42,107.5,10.0788
13631.42,100.5,10.0788
13632.43,99.5,10.079
13633.43,103.5,10.079
13634.44,99.5,10.079
13635.44,102.5,10.079
13636.45,100.5,10.079
13637.45,101.5,10.079
13638.46,100.5,10.079
13639.46,100.5,10.079
13640.47,100.5,10.079
13641.47,100.5,10.079
13642.48,101.5,10.079
13643.49,100.5,10.079
13644.49,100.5,10.079
13645.5,99.5,10.0788
13646.5,100.5,10.0788
13647.51,101.5,10.0788
13648.51,100.5,10.0788
13649.52,103.5,10.0788
13650.52,101.5,10.0788
13651.53,100.5,10.0788
13652.53,100.5,10.0788
13653.54,103.5,10.0788
13654.54,100.6,10.0788
13655.55,99.5,10.0788
13656.55,101.5,10.0788
13657.56,100.5,10.0788
13658.56,101.5,10.0788
13659.57,99.5,10.0788
13660.57,103.5,10.0788
13661.58,99.5,10.0788
13662.58,102.5,10.0788
13663.59,99.5,10.0788
13664.59,101.5,10.0788
13665.6,101.5,10.0788
13666.6,100.5,10.0788
13667.61,100.5,10.0788
13668.62,103.5,10.0788
13669.62,101.5,10.0788
13670.63,100.5,10.0788
13671.63,99.5,10.0788
13672.64,101.5,10.0788
13673.64,100.5,10.0788
13674.65,99.5,10.0788
13675.65,102.5,10.0788
13676.66,100.5,10.0788
13677.66,100.5,10.079
13678.67,101.5,10.079
13679.67,99.5,10.079
13680.68,100.5,10.079
13681.68,100.5,10.079
13682.69,101.5,10.079
13683.69,100.6,10.079
13684.7,101.5,10.079
13685.7,99.5,10.079
13686.71,100.5,10.079
13687.71,101.5,10.079
13688.72,100.5,10.079
13689.73,101.5,10.079
13690.73,100.5,10.079
13691.74,102.5,10.079
13692.74,100.5,10.079
13693.75,101.5,10.079
13694.75,102.5,10.079
13695.76,98.5,10.079
13696.76,101.5,10.079
13697.77,100.5,10.079
13698.77,100.5,10.079
13699.78,101.5,10.079
13700.78,101.5,10.079
13701.79,99.5,10.079
13702.79,100.5,10.079
13703.8,100.5,10.079
13704.8,101.5,10.079
13705.81,101.5,10.079
13706.81,101.5,10.079
13707.82,101.5,10.079
13708.82,99.5,10.079
13709.83,101.6,10.079
13710.83,101.5,10.079
13711.84,100.5,10.079
13712.84,100.5,10.079
13713.85,101.5,10.079
13714.86,100.5,10.079
13715.86,100.6,10.079
13716.86,100.5,10.079
13717.87,102.5,10.079
13718.88,99.5,10.079
13719.88,100.5,10.079
13720.89,101.4,10.079
13721.89,100.5,10.0793
13722.9,100.5,10.0793
13723.9,101.5,10.0793
13724.91,101.5,10.0793
13725.91,99.5,10.0793
13726.92,100.5,10.0793
13727.92,101.5,10.0793
13728.93,101.5,10.0793
13729.93,100.5,10.0793
13730.94,100.5,10.0793
13731.94,100.5,10.0793
13732.95,101.5,10.0793
13733.95,102.5,10.0793
13734.96,100.5,10.0793
13735.97,101.5,10.0793
13736.97,99.5,10.0793
13737.98,100.5,10.0793
13738.98,100.5,10.0793
13739.99,101.5,10.0793
13740.99,100.7,10.0793
13741.99,101.5,10.0793
13743.0,111.4,10.0793
13744.01,99.5,10.0793
13745.01,102.5,10.0793
13746.02,99.5,10.0793
13747.02,100.5,10.0793
13748.03,100.5,10.0793
13749.03,99.5,10.0793
13750.04,101.5,10.0793
13751.04,103.5,10.0793
13752.05,99.5,10.0793
13753.05,102.5,10.0793
13754.06,103.5,10.0793
13755.06,99.5,10.0793
13756.07,99.5,10.0793
13757.08,100.4,10.0793
13758.08,102.5,10.0793
13759.09,100.5,10.0793
13760.09,99.5,10.0793
13761.1,101.5,10.0793
13762.1,101.5,10.0793
13763.11,101.5,10.0793
13764.11,102.5,10.0793
13765.12,100.5,10.0793
13766.12,357.4,10.2864
13767.13,100.5,10.2864
13768.13,99.5,10.2864
13769.14,101.5,10.2864
13770.14,100.5,10.2864
13771.15,100.5,10.2864
13772.15,99.4,10.2867
13773.16,103.5,10.2867
13774.16,101.4,2.0631
13775.17,247.8,2.31
13776.17,2.0,2.1895
13777.18,344.5,2.452
13778.18,315.7,2.5921
13779.19,352.2,2.8438
13780.19,324.3,3.1904
13781.2,314.3,3.5243
13782.2,311.3,3.8122
13783.21,307.3,4.1807
13784.21,141.3,4.6407
13785.22,140.2,5.1063
13786.22,137.3,5.579
13787.23,107.4,6.0934
13788.23,108.4,6.5946
13789.24,137.6,7.1608
13790.24,104.5,7.2198
13791.25,107.4,7.2198
13792.25,99.5,7.2198
13793.26,103.2,7.3199
13794.27,99.5,7.3199
13795.27,101.5,7.3199
13796.28,100.5,7.3199
13797.28,101.5,7.3199
13798.29,100.5,7.3199
13799.29,125.4,7.4874
13800.3,100.6,7.4874
13801.3,101.5,7.4874
13802.31,102.5,7.4874
13803.31,100.5,7.4874
13804.32,103.5,7.4875
13805.32,100.5,7.4875
13806.33,99.5,7.4875
13807.33,100.5,7.4875
13808.34,125.4,7.4887
13809.34,100.5,7.4887
13810.35,114.4,7.4887
13811.35,102.5,7.4887
13812.36,100.5,7.4887
13813.36,101.5,7.4887
13814.37,100.5,7.4887
13815.37,101.5,7.4887
13816.38,99.5,7.4887
13817.38,120.4,7.4891
13818.39,101.5,7.4891
13819.39,100.5,7.4891
13820.4,100.5,7.4891
13821.41,99.5,7.4891
13822.41,101.5,7.4891
13823.42,101.5,7.4891
13824.42,101.5,7.4891
13825.43,120.4,7.4892
13826.43,99.5,7.4892
13827.44,102.5,7.4892
13828.44,99.5,7.4892
13829.45,100.5,7.4892
13830.45,101.5,7.4892
13831.46,100.5,7.4892
13832.46,100.5,7.4892
13833.47,102.5,7.4892
13834.47,122.4,7.6086
13835.48,100.5,7.6086
13836.48,100.5,7.6086
13837.49,101.5,7.6086
13838.49,100.6,7.6086
13839.5,100.5,7.6086
13840.5,100.5,7.6086
13841.51,101.5,7.6086
13842.51,100.5,7.6086
13843.52,100.6,7.7407
13844.52,101.4,8.2496
13845.53,100.5,8.6561
13846.53,146.2,8.8802
13847.54,99.5,8.8802
13848.54,101.6,8.8802
13849.55,101.5,8.8802
13850.55,101.5,8.8802
13851.56,100.5,8.8802
13852.56,100.5,8.8805
13853.57,100.5,8.8805
13854.57,100.5,8.8805
13855.58,100.5,8.8805
13856.58,100.5,8.8805
13857.59,101.5,8.881
13858.59,102.5,8.881
13859.6,99.5,8.881
13860.61,101.5,8.881
13861.61,99.5,8.881
13862.62,100.5,8.8812
13863.62,101.5,8.8812
13864.63,100.5,8.8812
13865.63,100.5,8.8812
13866.64,102.5,8.8812
13867.64,100.5,8.8814
13868.65,99.6,8.8814
13869.65,102.5,8.8814
13870.66,100.5,8.8814
13871.66,100.5,8.8814
13872.67,100.5,8.8814
13873.67,101.5,8.8814
13874.68,100.5,8.8814
13875.68,100.5,8.8814
13876.69,101.5,8.8814
13877.69,99.5,8.8814
13878.7,102.5,8.8814
13879.7,99.5,8.8814
13880.71,99.5,8.8814
13881.71,102.5,8.8814
13882.72,100.5,8.8814
13883.72,103.5,8.8815
13884.73,119.4,8.8815
13885.73,101.5,8.8815
13886.74,99.5,8.8815
13887.75,101.5,8.8815
13888.75,99.6,8.8815
13889.75,102.5,8.8815
13890.76,100.5,8.8815
13891.76,100.5,8.8815
13892.77,100.5,8.8815
13893.77,102.5,8.8815
13894.78,100.5,8.8815
13895.79,100.5,8.8815
13896.79,101.6,8.8815
13897.79,100.5,8.8815
13898.8,99.5,8.8815
13899.81,101.5,8.8815
13900.81,101.5,8.8815
13901.82,100.5,8.8815
13902.82,100.5,8.8815
13903.83,101.5,8.8815
13904.83,101.5,8.8815
13905.84,99.5,8.8815
13906.84,101.5,8.8815
13907.85,101.5,8.8819
13908.85,101.5,8.8819
13909.86,99.5,8.8819
13910.86,101.5,8.8819
13911.87,100.5,8.8819
13912.87,100.5,8.8819
13913.88,100.5,8.8819
13914.88,99.5,8.8819
13915.89,101.5,8.8819
13916.89,100.5,8.8819
13917.9,101.5,8.882
13918.9,100.5,8.882
13919.91,101.5,8.8822
13920.91,99.5,8.8822
13921.92,101.5,8.8822
13922.92,100.5,8.8822
13923.93,101.5,8.8822
13924.93,99.5,8.8822
13925.94,100.6,8.8822
13926.94,100.5,8.8822
13927.95,101.5,8.8824
13928.95,100.5,8.8824
13929.96,100.5,8.8824
13930.96,99.5,8.8824
13931.97,101.5,8.8824
13932.97,100.5,8.8824
13933.98,101.5,8.8824
13934.99,100.5,8.8824
13935.99,101.5,8.8824
13937.0,99.5,8.8824
13938.0,101.5,8.8824
13939.01,100.4,8.8824
13940.01,100.5,8.8824
13941.02,100.5,8.8824
13942.02,99.6,8.8824
13943.03,101.5,8.8824
13944.03,100.3,8.8824
13945.04,100.5,8.8824
13946.04,101.5,8.8824
13947.05,100.5,8.8824
13948.05,101.5,8.8824
13949.06,101.4,8.8824
13950.07,99.6,8.8824
13951.07,101.5,8.8824
13952.08,101.5,8.8826
13953.08,100.5,8.8826
13954.09,100.3,8.8826
13955.09,101.5,8.8826
13956.1,100.5,8.8826
13957.1,100.5,8.8826
13958.11,100.5,8.8826
13959.11,99.5,8.8827
13960.12,100.5,8.8827
13961.12,101.6,8.8827
13962.13,100.5,8.8827
13963.13,100.5,8.8827
13964.14,99.2,8.8827
13965.15,103.5,8.8827
13966.15,99.5,8.8827
13967.16,101.5,8.8827
13968.16,99.5,8.8827
13969.17,101.5,8.8827
13970.17,100.5,8.8827
13971.18,101.5,8.8827
13972.18,99.5,8.8827
13973.19,102.5,8.8827
13974.19,99.5,8.8827
13975.2,100.5,8.8827
13976.2,100.5,8.8827
13977.21,99.5,8.8827
13978.21,102.5,8.8827
13979.22,100.3,8.8827
13980.23,100.5,8.8827
13981.23,100.5,8.8827
13982.24,101.5,8.8827
13983.24,99.5,8.8827
13984.25,101.3,8.8827
13985.25,101.5,8.8827
13986.26,100.5,8.8827
13987.26,100.5,8.8827
13988.27,99.5,8.8827
13989.28,101.4,8.8827
13990.28,100.5,8.8827
13991.29,102.5,8.8827
13992.29,101.5,8.8827
13993.3,99.5,8.8827
13994.3,101.4,8.8827
13995.31,99.5,8.8827
13996.31,101.5,8.8827
13997.32,100.5,8.8827
13998.32,101.5,8.8827
13999.33,100.4,8.8827
14000.33,100.5,8.8829
14001.34,100.5,8.8829
14002.34,101.5,8.8831
14003.35,100.5,8.8831
14004.36,100.4,8.8831
14005.36,100.5,8.8831
14006.37,100.5,8.8831
14007.37,101.5,8.8831
14008.38,100.5,8.8831
14009.38,100.4,8.8831
14010.39,100.5,8.8845
14011.39,100.5,8.8845
14012.4,100.5,8.8845
14013.4,101.5,8.8845
14014.41,99.5,8.8845
14015.41,101.5,8.8845
14016.42,99.5,8.8845
14017.43,101.5,8.8845
14018.43,100.6,8.8845
14019.43,101.5,8.8845
14020.44,99.5,8.8845
14021.45,100.5,8.8845
14022.45,100.5,8.8845
14023.45,102.6,8.8845
14024.46,99.5,8.8845
14025.47,102.5,8.8845
14026.47,101.5,8.8845
14027.48,100.5,8.8845
14028.48,100.5,8.8845
14029.49,100.5,8.8845
14030.49,100.5,8.8845
14031.5,100.5,8.8845
14032.5,100.5,8.9128
14033.51,99.5,8.9128
14034.51,103.5,8.9128
14035.52,101.5,8.9128
14036.52,99.5,8.9128
14037.53,100.5,8.9128
14038.53,100.5,8.9128
14039.54,101.5,8.9128
14040.54,99.5,8.9128
14041.55,100.5,8.9128
14042.55,101.5,8.9128
14043.56,100.5,8.9128
14044.56,100.5,8.9128
14045.57,100.5,8.9128
14046.57,100.5,8.9128
14047.58,99.5,8.9131
14048.58,101.5,8.9131
14049.59,99.5,8.9131
14050.59,101.5,8.9131
14051.6,100.5,8.9131
14052.6,101.5,8.9131
14053.61,101.5,8.9396
14054.62,100.5,8.9396
14055.62,101.5,8.9396
14056.63,102.5,8.9399
14057.63,99.5,8.9399
14058.64,101.5,8.9399
14059.64,99.5,8.9399
14060.65,100.5,8.9399
14061.65,101.5,8.9399
14062.66,99.5,8.9399
14063.66,101.5,8.9399
14064.67,100.5,8.9399
14065.67,100.5,8.9399
14066.68,101.7,8.9399
14067.68,100.5,8.9399
14068.69,100.5,8.9399
14069.69,100.4,8.9399
14070.7,101.5,8.9399
14071.7,100.5,8.9399
14072.71,101.5,8.9399
14073.71,100.5,8.9399
14074.72,100.4,8.9649
14075.73,101.4,2.1046
14076.73,272.8,2.3499
14077.73,330.1,2.5719
14078.74,365.1,2.8091
14079.74,322.3,3.1285
14080.75,314.7,3.452
14081.75,307.4,3.7325
14082.76,318.3,4.0344
14083.76,229.6,4.4918
14084.77,209.4,4.9731
14085.77,174.1,5.4806
14086.78,105.5,5.9681
14087.78,118.4,6.4743
14088.79,100.5,6.9842
14089.79,139.0,7.2341
14090.8,101.5,7.3341
14091.8,115.4,7.3342
14092.81,99.5,7.3345
14093.81,105.4,7.3345
14094.82,102.5,7.3345
14095.82,100.5,7.3345
14096.83,100.5,7.3345
14097.84,126.4,7.5026
14098.84,105.5,7.5026
14099.85,100.5,7.5026
14100.85,113.4,7.5026
14101.86,100.5,7.5027
14102.86,101.5,7.5027
14103.87,101.5,7.5027
14104.87,100.5,7.5027
14105.88,131.4,7.5032
14106.88,101.5,7.5033
14107.89,100.5,7.5033
14108.89,99.5,7.5033
14109.9,101.5,7.5033
14110.9,99.6,7.5033
14111.91,101.5,7.5033
14112.91,103.5,7.5033
14113.92,121.4,7.5037
14114.92,99.6,7.5037
14115.92,101.7,7.5037
14116.93,100.5,7.5037
14117.93,102.5,7.5037
14118.94,99.8,7.5037
14119.94,99.5,7.5037
14120.95,101.5,7.5037
14121.95,119.4,7.5037
14122.96,100.5,7.5037
14123.96,100.5,7.5037
14124.97,99.3,7.5037
14125.97,109.5,2.0604
14126.98,1.0,2.321
14127.98,299.2,2.5769
14128.98,328.2,2.6889
14129.98,324.2,2.9341
14130.99,319.8,3.2309
14131.99,308.5,3.5234
14133.0,308.6,3.8023
14134.0,283.3,4.1196
14135.0,144.3,4.3802
14136.01,112.4,4.6013
14137.01,106.8,4.7816
14138.02,101.5,4.9547
14139.02,101.5,5.0767
14140.03,101.5,5.1257
14141.03,146.2,5.2121
14142.04,221.8,5.3231
14143.04,273.7,5.4298
14144.05,195.0,5.4984
14145.05,102.5,5.5618
14146.06,101.5,5.6343
14147.06,103.7,5.6369
14148.07,99.5,5.6894
14149.07,100.5,5.7431
14150.08,102.5,5.7925
14151.08,100.5,5.8393
14152.09,100.5,5.8868
14153.09,101.5,5.9324
14154.1,102.2,5.9769
14155.11,100.5,6.0229
14156.11,101.5,6.0686
14157.12,100.5,6.1165
14158.12,100.5,6.1565
14159.13,101.5,6.2
14160.13,101.3,6.2394
14161.14,101.3,6.2841
14162.14,99.7,6.3238
14163.15,101.5,6.3694
14164.15,103.4,6.405
14165.16,101.5,6.4492
14166.17,99.5,6.4881
14167.17,100.6,6.5311
14168.17,100.5,6.5717
14169.18,101.5,6.6134
14170.19,102.5,6.6508
14171.19,100.5,6.6891
14172.2,100.5,6.7304
14173.2,100.5,6.7682
14174.21,100.5,6.8068
14175.21,101.5,6.8484
14176.22,99.5,6.8922
14177.22,101.5,6.9308
14178.23,101.4,6.9712
14179.23,101.5,7.0083
14180.24,101.5,7.052
14181.24,143.2,7.1885
14182.25,99.7,7.1975
14183.25,101.5,7.233
14184.26,100.5,7.2405
14185.26,100.5,7.2405
14186.27,99.6,7.2405
14187.27,101.5,7.2407
14188.28,101.5,7.2407
14189.28,99.5,7.2407
14190.29,101.5,7.2407
14191.29,100.5,7.2407
14192.3,100.5,7.2407
14193.3,100.5,7.2407
14194.31,101.6,7.2407
14195.31,100.5,7.2407
14196.32,100.5,7.2407
14197.32,101.5,7.2407
14198.33,102.5,7.2407
14199.33,101.5,7.2407
14200.34,102.2,7.2407
14201.34,100.5,7.2407
14202.35,100.5,7.2407
14203.35,100.5,7.2407
14204.36,101.5,7.2407
14205.37,101.4,7.2407
14206.37,106.3,7.2407
14207.38,100.5,7.2407
14208.38,102.6,7.2407
14209.39,100.5,7.2407
14210.39,100.4,7.2407
14211.4,100.5,7.2407
14212.4,101.5,7.2407
14213.41,99.5,7.2407
14214.41,101.5,7.2407
14215.42,100.5,7.2407
14216.42,100.5,7.2407
14217.43,100.5,7.2407
14218.43,100.5,7.2407
14219.44,100.5,7.2407
14220.44,100.5,7.2407
14221.45,101.5,7.2407
14222.45,102.5,7.2407
14223.46,99.5,7.2407
14224.46,101.5,7.2407
14225.47,100.5,7.2407
14226.47,100.5,7.2407
14227.48,101.5,7.2407
14228.48,99.5,7.2407
14229.49,100.5,7.2407
14230.49,100.5,7.2407
14231.5,101.5,7.2407
14232.5,101.5,7.241
14233.51,102.5,7.241
14234.51,101.5,7.241
14235.52,99.5,7.241
14236.52,99.5,7.241
14237.53,101.5,7.241
14238.53,99.5,7.241
14239.54,100.5,7.241
14240.54,101.5,7.241
14241.55,100.5,7.241
14242.55,101.5,7.241
14243.56,100.5,7.241
14244.57,99.5,7.2518
14245.57,102.5,7.2737
14246.58,100.5,7.2942
14247.58,100.5,7.3163
14248.59,100.5,7.3396
14249.59,101.5,7.341
14250.6,100.5,7.341
14251.6,100.5,7.341
14252.61,100.5,7.341
14253.61,100.5,7.341
14254.62,99.5,7.341
14255.62,101.5,7.341
14256.63,102.5,7.341
14257.63,99.5,7.341
14258.64,99.5,7.341
14259.64,101.6,7.341
14260.65,101.5,7.341
14261.65,99.5,7.341
14262.66,100.5,7.341
14263.66,102.5,7.341
14264.66,99.6,7.341
14265.67,100.4,7.341
14266.68,101.5,7.341
14267.68,100.5,7.341
14268.69,100.5,7.341
14269.69,101.5,7.341
14270.7,100.4,7.341
14271.7,100.6,7.341
14272.71,100.5,7.341
14273.71,101.5,7.341
14274.72,100.5,7.341
14275.72,100.5,7.341
14276.73,101.5,7.341
14277.73,99.5,7.3413
14278.74,101.5,7.3413
14279.74,99.6,7.3413
14280.75,101.3,7.3413
14281.75,100.5,7.3413
14282.76,100.5,7.3413
14283.76,101.5,7.3413
14284.77,100.5,7.3413
14285.77,101.4,7.3413
14286.78,99.5,7.3413
14287.79,99.5,7.3413
14288.79,103.5,7.3413
14289.8,100.5,7.3413
14290.8,101.5,7.3413
14291.81,101.5,7.3413
14292.81,99.5,7.3413
14293.82,100.5,7.3413
14294.82,101.6,7.3413
14295.83,101.5,7.3413
14296.83,100.5,7.3413
14297.84,99.5,7.3413
14298.84,101.5,7.3413
14299.85,100.5,7.3413
14300.85,101.4,7.3413
14301.86,99.5,7.3413
14302.86,102.5,7.3413
14303.87,99.5,7.3413
14304.87,100.5,7.3413
14305.88,101.5,7.3413
14306.88,100.5,7.3413
14307.89,100.5,7.3413
14308.89,100.5,7.3413
14309.9,100.5,7.3413
14310.9,100.4,7.3413
14311.91,102.5,7.3413
14312.91,99.5,7.3413
14313.92,100.5,7.3413
14314.92,101.5,7.3413
14315.93,100.4,7.3413
14316.93,101.5,7.3413
14317.94,99.5,7.3413
14318.94,101.5,7.3413
14319.95,100.5,7.3413
14320.96,101.5,7.3413
14321.96,101.5,7.3413
14322.97,99.5,7.3413
14323.97,102.5,7.3413
14324.98,99.5,7.3413
14325.98,99.4,7.3413
14326.99,101.5,7.3415
14327.99,100.5,7.3415
14329.0,99.5,7.3415
14330.0,99.5,7.3415
14331.01,102.5,7.3415
14332.01,100.5,7.3415
14333.02,101.5,7.3415
14334.02,100.5,7.3415
14335.03,101.5,7.3415
14336.03,100.4,7.3415
14337.04,100.5,7.3415
14338.04,100.5,7.3415
14339.05,101.5,7.3415
14340.05,101.5,7.3415
14341.06,99.5,7.3415
14342.06,100.5,7.3415
14343.07,100.5,7.3415
14344.07,101.5,7.3415
14345.08,100.5,7.3415
14346.08,99.5,7.3415
14347.09,101.5,7.3415
14348.09,100.5,7.3415
14349.1,100.5,7.3415
14350.11,101.5,7.3415
14351.11,100.5,7.3415
14352.12,100.5,7.3415
14353.12,99.5,7.3415
14354.13,100.5,7.3415
14355.13,101.5,7.3415
14356.13,100.6,7.3415
14357.14,100.5,7.3415
14358.14,99.6,7.3415
14359.15,101.5,7.3415
14360.15,101.5,7.3415
14361.16,101.5,7.3415
14362.16,100.5,7.3415
14363.17,100.5,7.3415
14364.17,100.5,7.3415
14365.18,100.5,7.3418
14366.19,100.5,7.3418
14367.19,101.5,7.3418
14368.19,99.6,7.3418
14369.2,99.5,7.3418
14370.2,100.5,7.3418
14371.21,100.5,7.3418
14372.22,100.5,7.342
14373.22,100.5,7.342
14374.23,101.5,7.342
14375.23,103.5,7.342
14376.24,99.5,7.342
14377.24,99.5,7.342
14378.25,101.5,7.342
14379.25,99.5,7.342
14380.25,101.6,7.342
14381.26,100.5,7.342
14382.26,99.5,7.342
14383.27,100.5,7.342
14384.27,101.5,7.342
14385.28,100.5,7.342
14386.29,101.3,7.342
14387.29,99.5,7.342
14388.3,101.5,7.342
14389.3,101.5,7.342
14390.31,99.5,7.342
14391.31,100.5,7.342
14392.32,100.5,7.342
14393.32,101.5,7.342
14394.33,100.5,7.342
14395.33,100.5,7.342
14396.34,99.6,7.342
14397.34,102.5,7.342
14398.35,100.5,7.342
14399.35,100.5,7.342
14400.36,99.5,7.342
14401.36,101.3,7.342
14402.37,101.5,7.342
14403.37,100.5,7.342
14404.38,100.5,7.342
14405.38,101.5,7.342
14406.39,101.4,7.342
14407.4,100.5,7.342
14408.4,100.5,7.342
14409.41,101.6,7.342
14410.41,100.5,7.342
14411.42,99.4,7.342
14412.42,101.5,7.342
14413.43,101.5,7.342
14414.43,99.5,7.342
14415.44,100.5,7.342
14416.44,100.5,7.342
14417.45,100.5,7.3423
14418.45,101.5,7.3423
14419.46,100.5,7.3423
14420.46,101.5,7.3423
14421.47,100.5,7.3423
14422.47,100.5,7.3423
14423.48,100.5,7.3423
14424.48,100.5,7.3423
14425.49,100.5,7.3423
14426.49,129.6,2.1885
14427.5,336.3,2.4926
14428.5,350.1,2.6572
14429.5,329.3,2.958
14430.51,312.3,3.2834
14431.51,304.7,3.558
14432.52,310.4,3.8324
14433.52,276.6,4.211
14434.53,180.1,4.6831
14435.53,298.4,5.226
14436.54,225.8,5.7182
14437.54,111.4,6.239
14438.55,107.4,6.7577
14439.56,136.3,7.2424
14440.56,100.5,7.2944
14441.57,101.5,7.3661
14442.57,112.4,7.3661
14443.58,100.5,7.3661
14444.58,105.5,7.3661
14445.59,100.5,7.3661
14446.59,102.5,7.3317
14447.6,100.5,7.3317
14448.6,100.5,7.3317
14449.61,124.6,7.4996
14450.61,100.5,7.4996
14451.62,106.4,7.4996
14452.62,100.5,7.4999
14453.63,100.5,7.4999
14454.63,101.5,7.4999
14455.64,100.5,7.4999
14456.64,142.3,7.5007
14457.65,101.5,7.5007
14458.65,99.5,7.5007
14459.66,99.5,7.5007
14460.66,102.5,7.5007
14461.67,100.3,7.5007
14462.67,101.5,7.501
14463.68,102.5,7.501
14464.68,100.5,7.501
14465.69,120.5,7.5011
14466.69,104.5,7.5011
14467.7,101.5,7.5011
14468.7,100.5,7.5011
14469.71,104.5,7.5011
14470.71,144.3,7.5011
14471.72,101.4,7.5011
14472.73,117.4,7.5012
14473.73,102.5,7.5012
14474.74,107.4,7.5012
14475.74,100.5,7.5012
14476.75,102.5,7.5012
14477.75,100.5,7.5012
14478.76,99.5,7.5012
14479.76,102.5,7.5012
14480.77,123.4,7.6204
14481.77,101.5,7.6204
14482.78,103.5,7.6204
14483.78,100.5,7.6204
14484.79,100.5,7.6204
14485.79,100.5,7.6204
14486.8,99.5,7.6205
14487.8,102.5,7.6205
14488.81,100.5,7.6205
14489.81,101.5,8.0627
14490.82,100.5,8.501
14491.82,144.3,8.892
14492.83,101.5,8.892
14493.83,100.5,8.892
14494.84,100.5,8.892
14495.84,101.5,8.892
14496.85,100.5,8.8921
14497.85,101.5,8.8921
14498.86,100.5,8.8921
14499.86,100.5,8.8921
14500.87,100.6,8.8921
14501.87,103.5,8.8925
14502.88,100.5,8.8925
14503.88,100.5,8.8925
14504.89,99.6,8.8925
14505.89,101.5,8.8925
14506.9,100.4,8.8927
14507.91,100.5,8.8927
14508.91,100.5,8.8927
14509.92,100.5,8.8927
14510.92,101.5,8.8931
14511.93,101.4,8.8931
14512.93,101.5,8.8931
14513.94,99.5,8.8931
14514.94,100.5,8.8931
14515.95,102.5,8.8931
14516.95,100.5,8.8931
14517.96,100.5,8.8931
14518.96,101.5,8.8931
14519.97,100.7,8.8931
14520.97,100.5,8.8931
14521.98,100.2,8.8931
14522.98,100.5,8.8931
14523.99,101.5,8.8931
14525.0,99.5,8.8931
14526.0,102.5,8.8931
14527.01,99.5,8.8931
14528.01,103.5,8.8931
14529.02,100.5,8.8931
14530.02,99.5,8.8931
14531.03,100.5,8.8931
14532.03,101.5,8.8931
14533.04,99.5,8.8931
14534.04,101.5,8.8931
14535.05,99.5,8.8931
14536.05,101.5,8.8931
14537.06,102.5,8.8931
14538.06,100.5,8.8931
14539.07,101.5,8.8931
14540.07,99.5,8.8931
14541.08,101.5,8.8931
14542.08,99.5,8.8931
14543.09,100.5,8.8931
14544.09,102.5,8.8931
14545.1,100.5,8.8931
14546.1,100.5,8.8931
14547.11,100.5,8.8931
14548.11,100.5,8.8931
14549.12,100.5,8.8931
14550.12,100.5,8.8931
14551.13,101.5,8.8931
14552.13,100.6,8.8931
14553.14,102.5,8.8931
14554.14,99.5,8.8931
14555.15,101.5,8.8931
14556.15,101.6,8.8931
14557.16,100.5,8.8934
14558.16,100.5,8.8934
14559.17,100.5,8.8934
14560.17,100.5,8.8934
14561.18,101.5,8.8934
14562.18,100.5,8.8934
14563.19,100.5,8.8934
14564.19,101.5,8.8934
14565.2,99.5,8.8934
14566.2,101.5,8.8934
14567.21,99.6,8.8934
14568.21,102.5,8.8934
14569.22,100.5,8.8934
14570.22,99.5,8.8934
14571.23,102.5,8.8934
14572.24,101.5,8.8934
14573.24,101.5,8.8934
14574.25,100.5,8.8934
14575.25,100.5,8.8934
14576.26,100.5,8.8934
14577.26,101.5,8.8934
14578.27,100.5,8.8934
14579.27,101.5,8.8934
14580.28,101.5,8.8934
14581.28,101.5,8.8934
14582.29,101.5,8.8934
14583.29,99.5,8.8934
14584.3,101.5,8.8934
14585.3,100.5,8.8934
14586.31,100.5,8.8934
14587.31,100.5,8.8936
14588.32,102.5,8.8936
14589.32,99.5,8.8936
14590.33,100.5,8.8936
14591.33,102.5,8.8936
14592.34,100.5,8.8936
14593.34,100.5,8.8936
14594.35,101.3,8.8936
14595.36,100.5,8.8936
14596.36,100.5,8.8937
14597.37,102.6,8.8937
14598.37,101.5,8.8937
14599.38,99.5,8.8937
14600.38,99.6,8.8937
14601.39,101.5,8.8937
14602.39,101.5,8.894
14603.4,100.5,8.894
14604.4,100.5,8.894
14605.41,100.5,8.894
14606.41,102.5,8.894
14607.42,99.2,8.894
14608.43,102.5,8.894
14609.43,100.5,8.894
14610.44,100.5,8.894
14611.44,100.5,8.894
14612.45,100.2,8.894
14613.45,101.5,8.894
14614.46,100.5,8.894
14615.47,99.5,8.894
14616.47,101.5,8.894
14617.48,99.5,8.894
14618.48,102.5,8.894
14619.49,99.5,8.894
14620.49,100.5,8.894
14621.5,100.5,8.894
14622.5,101.2,8.894
14623.51,102.5,8.894
14624.51,100.5,8.894
14625.52,100.5,8.894
14626.53,100.5,8.8941
14627.53,102.2,8.8941
14628.54,100.4,8.8941
14629.54,100.5,8.8941
14630.55,100.5,8.8941
14631.55,100.5,8.8941
14632.56,102.5,8.8941
14633.57,100.4,8.8941
14634.57,99.5,8.8941
14635.58,102.5,8.8941
14636.58,99.5,8.8941
14637.59,101.2,8.8941
14638.59,101.5,8.8941
14639.6,100.5,8.8941
14640.6,99.5,8.8941
14641.61,101.5,8.8941
14642.62,100.5,8.8941
14643.62,99.5,8.8941
14644.63,102.5,8.8941
14645.63,99.5,8.8941
14646.64,102.5,8.8941
14647.64,100.5,8.8956
14648.65,99.5,8.8956
14649.65,100.5,8.8956
14650.66,101.5,8.8956
14651.66,100.5,8.8956
14652.67,99.4,8.8956
14653.67,101.6,8.8956
14654.68,100.5,8.8957
14655.68,100.5,8.8957
14656.69,101.5,8.8957
14657.69,101.5,8.8957
14658.7,100.5,8.8957
14659.7,101.5,8.8957
14660.71,100.5,8.8957
14661.72,101.5,8.8957
14662.72,99.5,8.8957
14663.73,101.5,8.8957
14664.73,101.5,8.8957
14665.74,99.5,8.8957
14666.74,101.5,8.8957
14667.75,100.5,8.9241
14668.75,100.5,8.9241
14669.76,100.5,8.9241
14670.76,100.5,8.9241
14671.77,101.5,8.9241
14672.77,101.5,8.9241
14673.78,100.5,8.9241
14674.78,101.5,8.9241
14675.79,99.5,8.9241
14676.79,100.5,8.9241
14677.8,105.5,8.9242
14678.8,100.5,8.9242
14679.81,100.5,8.9242
14680.81,101.5,8.9242
14681.82,99.6,8.9242
14682.82,100.5,8.9242
14683.83,101.5,8.9242
14684.83,100.5,8.9242
14685.84,100.6,8.9242
14686.84,102.5,8.9242
14687.85,100.5,8.951
14688.85,99.5,8.951
14689.86,102.5,8.951
14690.86,100.5,8.951
14691.87,100.5,8.951
14692.87,99.5,8.951
14693.88,101.5,8.951
14694.88,100.5,8.951
14695.89,100.7,8.951
14696.89,100.5,8.9513
14697.9,100.5,8.9513
14698.9,101.5,8.9513
14699.91,102.5,8.9513
14700.91,101.3,8.9513
14701.92,100.5,8.9513
14702.92,100.5,8.9513
14703.93,100.7,8.9513
14704.93,100.5,8.9513
14705.94,100.5,8.9513
14706.94,99.5,8.9513
14707.95,100.6,8.976
14708.95,101.5,8.976
14709.96,99.5,8.976
14710.96,100.5,8.976
14711.97,102.5,8.976
14712.97,100.7,8.976
14713.97,99.7,8.976
14714.98,99.8,8.976
14715.98,100.5,8.976
14716.99,99.5,8.976
14717.99,102.5,8.976
14719.0,101.5,8.976
14720.0,100.5,8.976
14721.01,101.6,8.976
14722.01,100.7,8.976
14723.01,101.5,8.976
14724.02,99.6,8.976
14725.02,102.5,8.976
14726.03,100.6,8.976
14727.03,1.0,2.3153
14728.03,314.3,2.5585
14729.04,368.4,2.8295
14730.04,332.6,3.1596
14731.05,316.3,3.4559
14732.05,309.4,3.6932
14733.06,313.5,3.9523
14734.06,256.7,4.3393
14735.07,148.2,4.798
14736.07,178.1,5.2605
14737.08,234.8,5.7517
14738.08,218.9,6.2619
14739.09,162.2,6.761
14740.09,141.3,7.2447
14741.1,106.5,7.2874
14742.1,102.6,7.2653
14743.11,100.5,7.3653
14744.11,101.5,7.3653
14745.12,100.5,7.3653
14746.12,102.5,7.3653
14747.13,102.5,7.3653
14748.13,100.5,7.3653
14749.14,124.4,7.5334
14750.14,99.5,7.5334
14751.15,104.5,7.5334
14752.15,105.5,7.5334
14753.16,100.5,7.5334
14754.16,100.5,7.5336
14755.17,110.4,7.5337
14756.17,103.5,7.5337
14757.18,100.7,7.5337
14758.18,130.4,7.5343
14759.19,100.5,7.5343
14760.19,100.5,7.5343
14761.19,101.7,7.5343
14762.2,100.5,7.5343
14763.2,101.5,7.5343
14764.21,102.5,7.5343
14765.21,99.5,7.5343
14766.23,104.5,7.5343
14767.23,116.4,7.5343
14768.24,99.5,7.5343
14769.24,100.5,7.5343
14770.25,100.5,7.5343
14771.25,101.4,7.5343
14772.26,100.5,7.5343
14773.27,102.5,7.5343
14774.27,119.4,7.5348
14775.27,102.7,7.5348
14776.28,103.5,7.5348
14777.28,100.5,7.5348
14778.29,101.2,7.5348
14779.3,100.5,7.5348
14780.3,100.5,7.5348
14781.31,100.5,7.5348
14782.31,100.5,7.5348
14783.32,124.4,7.6541
14784.32,100.5,7.6541
14785.33,101.5,7.6541
14786.33,99.5,7.6541
14787.34,101.5,7.6544
14788.34,101.4,7.6544
14789.35,100.5,7.6544
14790.35,102.5,7.6544
14791.36,101.5,7.6544
14792.37,101.5,7.9896
14793.37,102.5,8.3873
14794.37,147.5,8.925
14795.38,99.5,8.925
14796.38,99.5,8.925
14797.39,100.5,8.925
14798.39,101.6,8.925
14799.4,101.6,8.925
14800.4,103.5,8.925
14801.41,100.5,8.9251
14802.41,101.5,8.9251
14803.42,100.2,8.9251
14804.43,100.5,8.9251
14805.43,101.5,8.9259
14806.44,101.5,8.9259
14807.44,100.5,8.9259
14808.45,99.4,8.9259
14809.45,101.5,8.9259
14810.46,99.5,8.9259
14811.46,102.5,8.9259
14812.47,100.5,8.9259
14813.48,101.4,8.9259
14814.48,100.5,8.9261
14815.49,103.5,8.9263
14816.49,99.5,8.9263
14817.5,100.5,8.9263
14818.5,100.5,8.9263
14819.51,101.5,8.9263
14820.51,99.5,8.9263
14821.52,102.5,8.9263
14822.52,100.5,8.9263
14823.53,99.5,8.9263
14824.53,100.5,8.9263
14825.54,102.5,8.9263
14826.54,101.5,8.9263
14827.55,99.5,8.9263
14828.55,100.5,8.9263
14829.56,101.5,8.9263
14830.56,110.4,8.9263
14831.57,123.4,8.9263
14832.57,99.5,8.9265
14833.58,101.5,8.9265
14834.59,114.4,8.9265
14835.59,104.4,8.9266
14836.6,102.5,8.9266
14837.6,99.5,8.9266
14838.61,100.5,8.9266
14839.61,100.5,8.9266
14840.62,101.5,8.9266
14841.62,101.5,8.9266
14842.63,99.5,8.9266
14843.63,101.5,8.9266
14844.64,99.6,8.9266
14845.64,100.5,8.9266
14846.65,101.5,8.9266
14847.65,99.5,8.9266
14848.66,101.4,8.9266
14849.66,99.5,8.9266
14850.67,102.5,8.9266
14851.67,100.5,8.9266
14852.68,102.5,8.9266
14853.68,106.4,8.9266
14854.69,100.5,8.9266
14855.69,100.7,8.9266
14856.7,101.5,8.9266
14857.7,100.4,8.9266
14858.71,100.5,8.9267
14859.71,101.5,8.9267
14860.72,99.5,8.9267
14861.72,100.5,8.9267
14862.73,100.5,8.9267
14863.73,100.5,8.9267
14864.74,101.5,8.9267
14865.75,101.5,8.9267
14866.75,100.6,8.9267
14867.75,100.5,8.9267
14868.76,100.5,8.9267
14869.77,100.5,8.9267
14870.77,99.5,8.9267
14871.78,101.5,8.9267
14872.78,99.5,8.9267
14873.79,101.5,8.9267
14874.79,101.5,8.9267
14875.8,100.5,8.9267
14876.8,100.5,8.9267
14877.81,100.5,8.9267
14878.81,100.5,8.9267
14879.82,102.5,8.9267
14880.82,100.5,8.9267
14881.83,100.5,8.9267
14882.83,101.5,8.927
14883.84,99.5,8.927
14884.84,102.6,8.927
14885.85,100.5,8.927
14886.85,100.5,8.927
14887.86,99.5,8.927
14888.86,100.6,8.927
14889.87,100.5,8.927
14890.87,100.5,8.927
14891.88,101.5,8.9271
14892.88,101.5,8.9271
14893.89,100.5,8.9271
14894.89,100.5,8.9271
14895.9,101.5,8.9271
14896.9,101.5,8.9271
14897.91,99.5,8.9271
14898.91,100.5,8.9271
14899.92,100.5,8.9271
14900.92,101.5,8.9271
14901.93,101.5,8.9271
14902.93,99.5,8.9271
14903.94,103.5,8.9271
14904.94,106.5,8.9271
14905.95,144.3,8.9271
14906.95,162.2,8.9273
14907.96,99.5,8.9273
14908.96,100.5,8.9273
14909.97,101.6,8.9273
14910.97,101.6,8.9273
14911.98,101.5,8.9273
14912.98,100.5,8.9273
14913.99,102.5,8.9273
14914.99,101.5,8.9273
14916.0,99.5,8.9273
14917.01,101.5,8.9273
14918.01,99.6,8.9273
14919.01,103.5,8.9273
14920.02,102.5,8.9273
14921.03,100.5,8.9273
14922.03,100.6,8.9273
14923.03,104.5,8.9273
14924.04,100.5,8.9273
14925.04,100.5,8.9273
14926.05,100.6,8.9273
14927.05,100.5,8.9275
14928.06,100.5,8.9275
14929.06,101.5,8.9275
14930.07,99.5,8.9275
14931.07,100.5,8.9275
14932.08,100.5,8.9275
14933.08,100.5,8.9275
14934.09,102.5,8.9275
14935.1,99.5,8.9275
14936.1,102.5,8.9275
14937.11,101.5,8.9275
14938.11,100.5,8.9275
14939.12,108.4,8.9275
14940.12,100.5,8.9275
14941.13,99.5,8.9275
14942.13,101.5,8.9275
14943.14,99.5,8.9275
14944.14,101.5,8.9275
14945.15,99.5,8.9275
14946.15,103.5,8.9275
14947.16,100.5,8.9275
14948.16,99.5,8.9275
14949.17,102.5,8.9275
14950.17,100.5,8.9275
14951.18,99.5,8.9275
14952.18,100.5,8.9275
14953.19,101.5,8.9275
14954.19,100.5,8.9275
14955.2,101.5,8.9275
14956.2,99.5,8.9275
14957.21,101.5,8.9275
14958.22,99.5,8.9275
14959.22,101.5,8.9275
14960.23,101.5,8.9275
14961.23,101.5,8.9275
14962.24,99.5,8.9275
14963.24,100.5,8.9275
14964.25,100.6,8.9275
14965.25,102.5,8.9275
14966.26,99.5,8.9275
14967.26,101.5,8.9275
14968.27,101.5,8.929
14969.27,99.5,8.929
14970.28,102.5,8.9292
14971.28,100.5,8.9292
14972.29,100.5,8.9295
14973.29,100.5,8.9295
14974.3,100.3,8.9295
14975.3,100.5,8.9295
14976.31,99.5,8.9295
14977.31,101.5,8.9295
14978.32,101.5,8.9298
14979.33,101.5,8.9298
14980.33,100.5,8.9298
14981.34,101.5,8.9298
14982.34,100.5,8.9298
14983.35,100.5,8.9298
14984.35,100.5,8.9298
14985.36,99.6,8.9298
14986.36,101.5,8.9298
14987.37,100.5,8.9298
14988.37,101.5,8.9579
14989.38,101.5,8.958
14990.38,100.6,8.958
14991.39,100.5,8.958
14992.39,100.5,8.958
14993.4,100.5,8.958
14994.41,100.1,8.958
14995.41,102.5,8.958
14996.42,101.5,8.958
14997.42,100.5,8.958
14998.43,103.5,8.958
14999.43,100.5,8.958
15000.44,100.5,8.958
15001.44,100.5,8.958
15002.45,99.5,8.958
15003.45,100.5,8.958
15004.46,101.6,8.958
15005.46,101.4,8.958
15006.47,99.5,8.958
15007.47,101.5,8.958
15008.48,100.5,8.958
15009.48,101.5,8.9847
15010.49,100.5,8.9847
15011.49,101.5,8.9849
15012.5,100.5,8.9849
15013.51,99.5,8.9849
15014.51,100.5,8.9849
15015.52,102.5,8.9849
15016.52,99.5,8.9849
15017.53,101.5,8.9851
15018.53,100.5,8.9851
15019.54,101.5,8.9851
15020.54,101.5,8.9851
15021.55,99.5,8.9851
15022.55,101.5,8.9851
15023.56,100.5,8.9851
15024.56,101.5,8.9851
15025.57,99.5,8.9851
15026.57,103.7,2.2028
15027.58,329.3,2.5094
15028.58,342.0,2.6343
15029.58,344.2,2.9422
15030.59,320.4,3.2791
15031.59,304.4,3.6071
15032.6,309.4,3.9012
15033.61,303.4,4.3023
15034.61,173.2,4.7994
15035.61,114.4,5.3072
15036.62,107.4,5.7927
15037.63,114.4,6.2813
15038.63,103.5,6.7883
15039.64,137.3,7.234
15040.64,102.5,7.2482
15041.65,102.5,7.3482
15042.65,100.5,7.3482
15043.66,101.5,7.3482
15044.66,100.5,7.3482
15045.67,100.6,7.3482
15046.67,101.5,7.3482
15047.68,101.5,7.3482
15048.68,101.5,7.3482
15049.69,124.5,7.5165
15050.69,100.5,7.5165
15051.7,100.5,7.5165
15052.7,101.5,7.5165
15053.71,101.5,7.5165
15054.71,102.5,7.5167
15055.72,101.5,7.5167
15056.72,99.5,7.5167
15057.73,102.5,7.5167
15058.73,124.4,7.5171
15059.74,101.5,7.5171
15060.74,116.4,7.5172
15061.75,101.5,7.5172
15062.75,100.5,7.5172
15063.76,99.5,7.5172
15064.76,101.5,7.5172
15065.77,101.5,7.5172
15066.77,100.6,7.5172
15067.78,124.4,7.5174
15068.78,101.5,7.5174
15069.79,99.5,7.5174
15070.79,100.5,7.5174
15071.8,101.5,7.5174
15072.8,100.5,7.5174
15073.81,99.5,7.5174
15074.81,101.7,7.5174
15075.82,102.5,7.5174
15076.82,119.4,7.5175
15077.83,100.5,7.5175
15078.83,100.5,7.5175
15079.84,101.5,7.5175
15080.84,100.5,7.5175
15081.85,100.5,7.5175
15082.85,101.5,7.5175
15083.86,101.5,7.5175
15084.86,99.6,7.5175
15085.87,124.4,7.6368
15086.87,99.5,7.6368
15087.88,101.5,7.6368
15088.88,100.5,7.6368
15089.89,100.5,7.6368
15090.89,100.4,7.6368
15091.9,100.5,7.6368
15092.9,99.5,7.6368
15093.91,101.5,7.6368
15094.92,100.5,7.6627
15095.92,102.5,8.1451
15096.93,99.5,8.5295
15097.93,147.2,8.9079
15098.94,99.5,8.9079
15099.94,101.5,8.9079
15100.95,99.5,8.9079
15101.95,101.5,8.9079
15102.96,100.5,8.9079
15103.96,102.5,8.908
15104.97,100.5,8.908
15105.97,100.5,8.908
15106.98,100.5,8.908
15107.98,101.6,8.9085
15108.99,102.5,8.9085
15109.99,99.5,8.9085
15111.0,101.5,8.9085
15112.0,101.6,8.9087
15113.01,101.5,8.9087
15114.01,100.5,8.9087
15115.02,100.5,8.9087
15116.02,100.6,8.9087
15117.03,100.5,8.9087
15118.03,101.5,8.9087
15119.04,99.5,8.9087
15120.04,100.5,8.9087
15121.05,100.5,8.9087
15122.05,100.5,8.9087
15123.06,100.5,8.9087
15124.06,99.5,8.9087
15125.07,101.5,8.9087
15126.07,100.6,8.9087
15127.08,100.5,8.9087
15128.08,101.5,8.9087
15129.09,104.5,8.9087
15130.09,100.5,8.9087
15131.1,100.5,8.9087
15132.1,100.5,8.9087
15133.11,100.5,8.9087
15134.11,100.5,8.9087
15135.12,99.5,8.9087
15136.12,102.5,8.9087
15137.13,99.5,8.9087
15138.13,100.5,8.9087
15139.14,101.5,8.9087
15140.14,99.5,8.9087
15141.15,100.5,8.9087
15142.16,101.5,8.9087
15143.16,101.5,8.9087
15144.17,100.5,8.9087
15145.17,101.5,8.9087
15146.18,100.5,8.9087
15147.18,99.5,8.9087
15148.19,101.5,8.9089
15149.19,100.5,8.9089
15150.2,100.5,8.9089
15151.2,100.5,8.9089
15152.21,101.5,8.9089
15153.21,100.5,8.9089
15154.22,101.5,8.9089
15155.22,101.5,8.9089
15156.23,99.5,8.9089
15157.23,100.5,8.9091
15158.24,101.5,8.9091
15159.24,99.5,8.9091
15160.25,100.5,8.9091
15161.25,101.5,8.9091
15162.26,99.5,8.9091
15163.26,101.5,8.9091
15164.27,99.5,8.9091
15165.27,101.5,8.9091
15166.28,100.5,8.9091
15167.28,102.5,8.9091
15168.29,99.6,8.9091
15169.29,101.5,8.9094
15170.3,100.5,8.9094
15171.31,99.5,8.9094
15172.31,102.6,8.9094
15173.32,100.4,8.9094
15174.32,100.5,8.9094
15175.33,100.5,8.9094
15176.33,100.5,8.9094
15177.34,100.5,8.9094
15178.34,101.5,8.9094
15179.35,100.5,8.9094
15180.35,100.5,8.9094
15181.36,104.5,8.9094
15182.36,100.5,8.9094
15183.37,101.5,8.9094
15184.37,99.5,8.9094
15185.38,101.5,8.9094
15186.38,99.5,8.9094
15187.39,101.5,8.9094
15188.39,99.5,8.9094
15189.4,101.5,8.9094
15190.4,100.5,8.9094
15191.41,101.5,8.9094
15192.41,102.6,8.9094
15193.42,99.5,8.9094
15194.42,100.5,8.9094
15195.43,99.5,8.9094
15196.43,101.5,8.9094
15197.44,101.5,8.9096
15198.44,100.5,8.9096
15199.45,100.5,8.9096
15200.45,100.5,8.9096
15201.46,101.5,8.9096
15202.46,101.5,8.9096
15203.47,100.5,8.9096
15204.48,100.5,8.9096
15205.48,99.5,8.9096
15206.49,104.5,8.9096
15207.49,101.5,8.9096
15208.5,99.5,8.9096
15209.5,102.5,8.9096
15210.51,100.5,8.9096
15211.51,100.5,8.9096
15212.52,100.5,8.9096
15213.52,100.5,8.9096
15214.53,101.5,8.9096
15215.53,101.5,8.9096
15216.54,99.5,8.9096
15217.54,100.5,8.9096
15218.55,101.5,8.9096
15219.55,99.5,8.9096
15220.56,102.5,8.9096
15221.56,99.5,8.9096
15222.57,103.7,8.9096
15223.57,100.5,8.9096
15224.58,101.5,8.9096
15225.58,101.5,8.9096
15226.59,99.5,8.9096
15227.59,100.5,8.9096
15228.6,99.5,8.9096
15229.6,102.5,8.9096
15230.61,100.5,8.9096
15231.61,101.5,8.9096
15232.62,100.5,8.9096
15233.62,101.5,8.9096
15234.63,100.5,8.9096
15235.63,99.5,8.9096
15236.64,102.5,8.9096
15237.64,99.5,8.9096
15238.65,100.5,8.9096
15239.65,103.5,8.9096
15240.66,100.5,8.9096
15241.66,101.5,8.9099
15242.67,100.5,8.9101
15243.67,105.5,8.9101
15244.68,100.5,8.9101
15245.69,99.5,8.9101
15246.69,102.5,8.9101
15247.7,99.5,8.9101
15248.7,100.5,8.9101
15249.71,100.5,8.9101
15250.71,100.5,8.9101
15251.72,99.5,8.9101
15252.72,102.5,8.9101
15253.73,99.5,8.9101
15254.73,101.5,8.9101
15255.74,100.5,8.9101
15256.74,100.5,8.9101
15257.75,102.5,8.9101
15258.75,99.5,8.9101
15259.76,100.5,8.9101
15260.76,101.5,8.9101
15261.77,100.5,8.9101
15262.77,100.5,8.9125
15263.78,99.5,8.9125
15264.78,101.5,8.9125
15265.79,101.5,8.9125
15266.79,100.4,8.9125
15267.8,101.5,8.9125
15268.81,101.5,8.9125
15269.81,100.5,8.9125
15270.82,100.5,8.9125
15271.82,100.5,8.9125
15272.83,101.5,8.9125
15273.83,101.5,8.9125
15274.84,100.5,8.9125
15275.84,99.5,8.9125
15276.85,101.5,8.9125
15277.85,99.4,8.9125
15278.86,102.5,8.9125
15279.86,100.5,8.9125
15280.87,100.5,8.9125
15281.87,101.5,8.9128
15282.88,99.5,8.9128
15283.88,100.5,8.9128
15284.89,99.5,8.9406
15285.9,102.4,8.9406
15286.9,100.5,8.9406
15287.91,100.5,8.9406
15288.91,101.5,8.9406
15289.92,100.5,8.9406
15290.92,100.4,8.9406
15291.93,101.5,8.9409
15292.93,100.5,8.9409
15293.94,101.6,8.9409
15294.94,99.5,8.9409
15295.95,100.5,8.9409
15296.95,101.5,8.9409
15297.96,101.5,8.9409
15298.96,100.5,8.9409
15299.97,100.5,8.9409
15300.97,100.5,8.9409
15301.98,100.5,8.9409
15302.98,100.5,8.9409
15303.99,101.5,8.9409
15304.99,100.5,8.9409
15306.0,99.5,8.9677
15307.0,101.5,8.9677
15308.01,101.5,8.9677
15309.01,99.5,8.9677
15310.02,101.5,8.9677
15311.03,101.4,8.9677
15312.03,100.5,8.9677
15313.04,101.5,8.9678
15314.04,99.5,8.9678
15315.05,101.5,8.9678
15316.05,99.4,8.9679
15317.06,100.5,8.9679
15318.06,102.5,8.9679
15319.07,102.5,8.9679
15320.07,100.5,8.9679
15321.08,100.5,8.9679
15322.08,101.5,8.9679
15323.09,100.5,8.9679
15324.09,100.5,8.9679
15325.1,100.5,8.9679
15326.1,101.7,2.0758
15327.11,266.7,2.3366
15328.11,301.1,2.5722
15329.11,337.9,2.7029
15330.12,327.5,2.9358
15331.13,317.4,3.1874
15332.13,309.3,3.5046
15333.14,309.4,3.7892
15334.14,1.0,2.1751
15335.14,316.3,2.5595
15336.15,368.5,2.7723
15337.15,331.1,3.1152
15338.15,314.4,3.4341
15339.16,308.1,3.6973
15340.16,322.5,3.987
15341.17,195.1,4.4477
15342.17,143.2,4.9205
15343.18,232.8,5.3801
15344.18,286.5,5.9187
15345.18,120.7,6.4191
15346.19,107.5,6.9242
15347.19,137.7,7.3195
15348.2,107.5,7.4195
15349.2,100.5,7.4079
15350.21,104.4,7.4079
15351.21,102.5,7.4079
15352.22,116.4,7.408
15353.22,101.5,7.408
15354.23,105.4,7.408
15355.23,132.3,7.5277
15356.24,100.5,7.5755
15357.24,100.5,7.5755
15358.25,100.5,7.5755
15359.25,100.5,7.5755
15360.26,103.5,7.5758
15361.27,106.3,7.5758
15362.27,100.5,7.5758
15363.28,103.4,7.5758
15364.28,101.5,7.5758
15365.29,134.3,7.577
15366.29,101.5,7.577
15367.3,101.5,7.577
15368.3,100.5,7.577
15369.31,120.4,7.577
15370.31,100.5,7.577
15371.32,100.6,7.577
15372.32,101.5,7.577
15373.33,118.4,7.577
15374.33,101.5,7.577
15375.34,108.5,7.577
15376.35,99.3,7.577
15377.35,101.5,7.577
15378.36,101.5,7.577
15379.36,100.5,7.577
15380.37,100.5,7.577
15381.37,118.4,7.5771
15382.38,101.5,7.5773
15383.38,99.5,7.5773
15384.39,101.5,7.5773
15385.39,99.5,7.5773
15386.4,102.4,7.5773
15387.4,101.5,7.5773
15388.41,99.5,7.5773
15389.41,124.7,7.6967
15390.42,99.5,7.6967
15391.42,101.7,7.6967
15392.42,101.5,7.6967
15393.43,100.5,7.6967
15394.43,100.5,7.6967
15395.44,99.5,7.6967
15396.44,101.5,7.6967
15397.45,100.5,7.8594
15398.46,101.5,8.3835
15399.46,99.5,8.809
15400.47,145.2,8.9676
15401.47,101.5,8.9676
15402.48,99.5,8.9676
15403.48,103.5,8.9676
15404.49,99.5,8.9676
15405.49,101.5,8.9677
15406.5,99.5,8.9677
15407.5,107.4,8.9678
15408.51,116.4,8.9678
15409.51,99.5,8.9678
15410.52,101.5,8.9678
15411.53,100.2,8.9678
15412.53,100.5,8.9678
15413.54,100.5,8.9678
15414.54,99.5,8.9678
15415.55,101.5,8.9678
15416.55,101.4,8.9678
15417.56,100.5,8.9678
15418.56,99.5,8.9678
15419.57,103.5,8.9678
15420.58,99.5,8.9683
15421.58,99.5,8.9683
15422.59,101.5,8.9683
15423.59,100.5,8.9683
15424.6,99.5,8.9683
15425.6,101.6,8.9683
15426.6,99.5,8.9683
15427.61,101.5,8.9685
15428.61,99.5,8.9685
15429.62,101.4,8.9686
15430.63,102.5,8.9684
15431.63,101.5,8.9684
15432.64,101.5,8.9684
15433.64,100.5,8.9684
15434.65,100.5,8.9684
15435.65,101.5,8.9684
15436.66,99.5,8.9684
15437.66,100.5,8.9684
15438.67,101.5,8.9684
15439.67,99.5,8.9684
15440.68,101.5,8.9684
15441.68,102.5,8.9684
15442.69,100.5,8.9684
15443.69,100.5,8.9684
15444.7,101.5,8.9684
15445.7,100.5,8.9684
15446.71,99.5,8.9684
15447.71,102.5,8.9684
15448.72,100.5,8.9684
15449.73,101.5,8.9684
15450.73,99.5,8.9684
15451.73,102.6,8.9684
15452.74,100.5,8.9684
15453.74,100.5,8.9684
15454.75,100.5,8.9684
15455.76,101.5,8.9684
15456.76,99.5,8.9684
15457.77,101.5,8.9684
15458.77,101.5,8.9684
15459.78,99.5,8.9684
15460.78,100.5,8.9684
15461.79,101.5,8.9684
15462.79,100.6,8.9684
15463.8,100.5,8.9684
15464.8,101.5,8.9684
15465.81,99.5,8.9684
15466.81,101.5,8.9684
15467.82,100.5,8.9684
15468.82,101.5,8.9684
15469.83,100.5,8.9684
15470.83,100.5,8.9684
15471.84,100.5,8.9684
15472.84,101.5,8.9684
15473.85,101.5,8.9684
15474.85,99.5,8.9684
15475.86,100.5,8.9684
15476.87,100.5,8.9687
15477.87,102.5,8.9687
15478.88,100.5,8.9687
15479.88,100.5,8.9687
15480.89,100.5,8.9687
15481.89,99.5,8.9687
15482.9,101.5,8.9687
15483.9,100.5,8.9687
15484.91,101.5,8.9687
15485.91,100.5,8.9687
15486.92,100.5,8.9687
15487.92,102.4,8.9687
15488.93,100.5,8.9687
15489.93,101.5,8.9687
15490.94,100.5,8.9687
15491.94,101.5,8.9687
15492.95,100.5,8.9687
15493.95,100.5,8.9687
15494.96,99.5,8.9687
15495.97,100.5,8.9687
15496.97,103.5,8.9687
15497.98,99.5,8.9687
15498.98,100.5,8.9688
15499.99,101.6,8.9688
15500.99,101.5,8.9688
15502.0,99.5,8.9688
15503.0,100.5,8.9688
15504.01,100.5,8.9688
15505.01,101.5,8.9688
15506.02,100.5,8.9688
15507.02,101.5,8.9688
15508.03,99.5,8.9688
15509.03,100.5,8.9689
15510.04,102.5,8.9689
15511.04,100.5,8.9689
15512.05,99.5,8.9689
15513.05,100.5,8.9689
15514.06,102.5,8.9689
15515.06,99.5,8.9689
15516.07,100.5,8.9689
15517.07,100.5,8.9689
15518.08,101.5,8.9689
15519.08,99.5,8.9689
15520.09,101.5,8.9689
15521.09,100.6,8.9689
15522.1,102.5,8.9692
15523.11,100.5,8.9692
15524.11,99.5,8.9692
15525.12,101.5,8.9692
15526.12,100.5,8.9692
15527.13,101.5,8.9692
15528.13,99.5,8.9692
15529.14,101.5,8.9692
15530.14,102.5,8.9692
15531.15,99.5,8.9692
15532.15,102.5,8.9692
15533.16,99.6,8.9692
15534.16,101.5,8.9692
15535.17,100.5,8.9692
15536.17,101.5,8.9692
15537.18,99.4,8.9692
15538.19,100.5,8.9692
15539.19,100.5,8.9692
15540.2,100.5,8.9692
15541.2,99.5,8.9692
15542.21,103.5,8.9692
15543.21,100.5,8.9692
15544.22,99.5,8.9692
15545.22,101.5,8.9692
15546.23,100.5,8.9692
15547.23,100.5,8.9692
15548.24,101.5,8.9692
15549.24,99.5,8.9692
15550.25,100.5,8.9692
15551.25,101.5,8.9692
15552.26,99.5,8.9692
15553.26,100.5,8.9692
15554.27,104.5,8.9692
15555.27,103.5,8.9692
15556.28,101.5,8.9692
15557.28,100.5,8.9692
15558.29,100.5,8.9692
15559.3,101.5,8.9715
15560.3,100.5,8.9715
15561.31,100.5,8.9715
15562.31,100.2,8.9715
15563.32,100.6,8.9715
15564.32,100.5,8.9715
15565.33,101.5,8.9715
15566.33,101.5,8.9715
15567.34,100.4,8.9718
15568.34,101.5,8.9718
15569.35,100.5,8.9718
15570.35,101.5,8.9718
15571.36,100.5,8.9718
15572.37,101.4,8.9718
15573.37,100.5,8.9718
15574.38,100.5,8.9718
15575.38,101.5,8.9718
15576.39,99.5,8.9718
15577.39,100.5,8.9718
15578.4,101.5,8.9718
15579.4,100.5,8.9996
15580.41,102.5,8.9998
15581.41,99.5,8.9998
15582.42,101.5,8.9998
15583.42,99.6,8.9998
15584.43,101.5,8.9998
15585.43,101.5,8.9998
15586.44,100.5,8.9998
15587.44,99.5,8.9998
15588.45,102.5,8.9998
15589.45,99.5,8.9999
15590.46,101.5,8.9999
15591.47,99.4,8.9999
15592.47,101.5,8.9999
15593.48,100.5,8.9999
15594.48,100.5,8.9999
15595.49,101.5,8.9999
15596.49,99.5,8.9999
15597.5,99.5,8.9999
15598.5,102.5,8.9999
15599.51,100.5,9.0265
15600.51,100.5,9.0265
15601.52,99.5,9.0265
15602.52,101.5,9.0267
15603.53,99.5,9.0267
15604.53,103.5,9.0267
15605.54,99.5,9.0267
15606.54,101.5,9.0267
15607.55,100.4,9.0267
15608.55,99.5,9.0267
15609.56,102.5,9.0267
15610.57,100.5,9.0267
15611.57,100.3,9.0267
15612.58,102.5,9.027
15613.58,100.5,9.027
15614.59,101.5,9.027
15615.59,100.5,9.027
15616.6,100.5,9.027
15617.6,100.5,9.027
15618.61,101.5,9.027
15619.61,99.5,9.027
15620.62,101.5,9.052
15621.62,100.6,9.0522
15622.63,101.5,9.0522
15623.63,100.5,9.0522
15624.64,100.5,9.0522
15625.64,100.5,9.0522
15626.65,100.5,9.0522
15627.65,100.5,9.0522
15628.66,100.5,9.0522
15629.66,102.5,9.0522
15630.67,101.5,9.0523
15631.67,100.5,9.0523
15632.68,100.5,9.0523
15633.68,100.5,9.0523
15634.69,0.0,2.2463
15635.69,326.4,2.5588
15636.7,375.9,2.7446
15637.7,342.9,2.9862
15638.7,325.3,3.2263
15639.71,318.3,3.4713
15640.71,304.3,3.6758
15641.72,325.9,3.972
15642.72,193.8,4.2522
15643.73,112.4,4.4026
15644.73,120.4,4.5265
15645.74,131.3,4.6397
15646.75,205.9,4.6962
15647.75,200.9,4.7701
15648.76,281.5,4.8852
15649.76,201.9,4.9429
15650.77,177.2,5.004
15651.77,100.5,5.0597
15652.78,104.4,5.1184
15653.78,101.5,5.1694
15654.79,101.5,5.1995
15655.79,101.5,5.2341
15656.8,100.5,5.2959
15657.8,101.5,5.2959
15658.81,101.5,5.3253
15659.81,99.5,5.3507
15660.82,100.5,5.3668
15661.82,100.5,5.3935
15662.83,102.5,5.4269
15663.83,102.5,5.4579
15664.84,100.5,5.4872
15665.84,100.5,5.5194
15666.85,100.5,5.5554
15667.85,101.5,5.6132
15668.86,100.5,5.641
15669.86,101.6,5.6699
15670.87,100.5,5.7246
15671.87,101.5,5.7246
15672.88,100.5,5.7517
15673.88,100.5,5.7756
15674.89,100.5,5.8065
15675.9,101.5,5.8281
15676.9,99.5,5.8529
15677.91,101.5,5.872
15678.91,101.5,5.898
15679.92,101.5,5.9218
15680.92,100.5,5.9452
15681.93,102.5,5.9711
15682.93,101.5,5.9928
15683.94,100.5,6.0153
15684.94,99.5,6.0398
15685.95,101.5,6.0646
15686.95,101.5,6.0894
15687.96,99.5,6.1105
15688.96,101.5,6.1304
15689.97,101.5,6.1602
15690.97,100.5,6.1889
15691.98,102.5,6.218
15692.98,99.5,6.2646
15693.99,100.5,6.2669
15694.99,104.5,6.2928
15696.0,100.5,6.3185
15697.0,104.5,6.348
15698.01,102.5,6.3766
15699.01,99.5,6.4039
15700.02,99.5,6.4285
15701.02,100.5,6.4514
15702.03,100.5,6.4744
15703.03,101.5,6.5006
15704.04,100.5,6.5266
15705.04,101.5,6.5546
15706.05,100.6,6.5864
15707.05,101.5,6.6155
15708.06,101.5,6.6444
15709.06,99.5,6.7058
15710.07,99.5,6.7058
15711.08,103.5,6.7222
15712.08,102.5,6.7493
15713.09,100.5,6.777
15714.09,100.5,6.8025
15715.1,100.5,6.8288
15716.1,100.5,6.8518
15717.11,101.5,6.8762
15718.11,100.5,6.8999
15719.12,100.5,6.923
15720.12,99.5,6.9505
15721.13,100.6,6.9762
15722.13,100.5,6.9992
15723.14,101.5,7.0219
15724.14,100.5,7.0488
15725.15,101.5,7.0795
15726.15,100.5,7.1023
15727.16,101.5,7.1222
15728.16,101.5,7.1478
15729.17,144.3,7.33
15730.17,100.5,7.33
15731.18,101.5,7.33
15732.18,100.5,7.33
15733.19,100.5,7.33
15734.19,99.5,7.331
15735.2,100.5,7.331
15736.2,100.5,7.331
15737.21,100.5,7.331
15738.21,100.5,7.331
15739.22,100.5,7.331
15740.22,101.5,7.331
15741.23,100.5,7.331
15742.23,101.5,7.331
15743.24,100.5,7.331
15744.24,100.5,7.331
15745.25,101.5,7.331
15746.25,99.5,7.331
15747.26,100.6,7.331
15748.26,101.5,7.331
15749.27,100.5,7.331
15750.27,99.5,7.331
15751.28,101.5,7.331
15752.28,100.5,7.3313
15753.29,101.5,7.3313
15754.29,100.5,7.3313
15755.3,101.5,7.3313
15756.3,101.5,7.3313
15757.31,100.5,7.3313
15758.31,100.5,7.3313
15759.32,101.5,7.3313
15760.32,101.5,7.3313
15761.33,99.5,7.3313
15762.33,101.5,7.3313
15763.34,100.5,7.3313
15764.34,99.5,7.3313
15765.35,102.5,7.3313
15766.36,99.5,7.3313
15767.36,100.5,7.3313
15768.37,101.5,7.3313
15769.37,99.5,7.3313
15770.38,101.5,7.3313
15771.38,100.5,7.3313
15772.39,99.5,7.3313
15773.39,101.5,7.3313
15774.4,99.5,7.3313
15775.4,100.5,7.3313
15776.41,101.5,7.3313
15777.41,100.5,7.3313
15778.42,100.5,7.3313
15779.42,100.5,7.3313
15780.43,101.5,7.3313
15781.43,100.5,7.3313
15782.44,101.5,7.3313
15783.44,99.5,7.3313
15784.45,101.5,7.3313
15785.45,99.5,7.3313
15786.46,100.6,7.3313
15787.46,100.5,7.3313
15788.47,100.3,7.3313
15789.47,100.6,7.3313
15790.48,99.5,7.3313
15791.48,102.5,7.3313
15792.49,100.5,7.3313
15793.49,100.5,7.3313
15794.5,101.5,7.3313
15795.5,99.5,7.3313
15796.51,103.5,7.3313
15797.51,101.5,7.3315
15798.52,99.5,7.3315
15799.53,100.5,7.3315
15800.53,100.5,7.3315
15801.54,100.5,7.3315
15802.54,100.5,7.3315
15803.55,100.5,7.3315
15804.55,100.5,7.3315
15805.56,100.5,7.3315
15806.56,101.5,7.3315
15807.57,100.6,7.3315
15808.57,100.5,7.3315
15809.58,101.5,7.3315
15810.58,101.5,7.3315
15811.59,101.5,7.3315
15812.59,99.5,7.3315
15813.6,100.5,7.3315
15814.6,103.5,7.3315
15815.61,99.5,7.3315
15816.61,100.5,7.3315
15817.62,101.5,7.3315
15818.62,100.5,7.3315
15819.63,99.5,7.3315
15820.63,101.5,7.3315
15821.64,99.5,7.3315
15822.64,102.5,7.3315
15823.65,100.5,7.3315
15824.65,101.5,7.3315
15825.66,100.5,7.3315
15826.66,100.5,7.3315
15827.67,100.5,7.3315
15828.67,101.5,7.3315
15829.68,99.5,7.3315
15830.68,101.5,7.3315
15831.69,100.5,7.3315
15832.69,100.5,7.3315
15833.7,101.6,7.3315
15834.7,100.5,7.3315
15835.71,99.5,7.3315
15836.71,100.5,7.3315
15837.72,101.5,7.3315
15838.72,99.5,7.3315
15839.73,102.5,7.3315
15840.73,100.5,7.3315
15841.74,99.5,7.3315
15842.74,102.5,7.3315
15843.75,101.5,7.3315
15844.75,99.5,7.3315
15845.76,101.5,7.3315
15846.76,99.4,7.3315
15847.77,101.5,7.3318
15848.77,100.5,7.3318
15849.78,100.5,7.3318
15850.79,100.5,7.3318
15851.79,101.5,7.3318
15852.8,100.5,7.3318
15853.8,100.5,7.3318
15854.81,101.5,7.3318
15855.81,99.4,7.3318
15856.82,101.5,7.3318
15857.82,101.5,7.3318
15858.83,100.5,7.3318
15859.83,101.5,7.3318
15860.84,99.5,7.3318
15861.84,102.6,7.3318
15862.85,100.6,7.3318
15863.85,101.5,7.3318
15864.86,99.5,7.3318
15865.86,101.5,7.3318
15866.87,99.5,7.3318
15867.87,101.5,7.3318
15868.88,99.5,7.3318
15869.88,100.5,7.3318
15870.89,101.5,7.3318
15871.89,100.5,7.3318
15872.9,101.5,7.3318
15873.9,100.5,7.3318
15874.91,100.5,7.3318
15875.91,98.5,7.3318
15876.92,101.5,7.3318
15877.92,100.5,7.3318
15878.93,101.5,7.3318
15879.93,100.5,7.3318
15880.94,102.5,7.3318
15881.94,99.5,7.3318
15882.95,100.5,7.3318
15883.95,100.4,7.3318
15884.96,101.5,7.3318
15885.96,99.5,7.3318
15886.97,100.5,7.3318
15887.97,102.5,7.3318
15888.98,101.5,7.3318
15889.98,99.5,7.3318
15890.99,101.5,7.3318
15891.99,99.5,7.332
15893.0,100.5,7.332
15894.0,100.5,7.332
15895.01,100.6,7.332
15896.01,100.5,7.332
15897.02,101.5,7.332
15898.02,100.5,7.332
15899.03,100.5,7.332
15900.03,100.5,7.332
15901.04,102.5,7.332
15902.04,101.5,7.332
15903.05,99.6,7.332
15904.05,101.5,7.332
15905.06,101.5,7.332
15906.06,99.6,7.332
15907.07,100.5,7.332
15908.07,100.5,7.332
15909.08,100.5,7.332
15910.08,100.5,7.332
15911.09,100.5,7.332
15912.1,102.5,7.332
15913.1,99.5,7.332
15914.11,100.5,7.332
15915.11,101.5,7.332
15916.12,100.5,7.332
15917.12,100.5,7.332
15918.13,100.5,7.332
15919.13,101.6,7.332
15920.14,99.5,7.332
15921.14,101.5,7.332
15922.15,101.5,7.332
15923.15,101.5,7.332
15924.16,100.5,7.332
15925.16,101.5,7.332
15926.17,100.5,7.332
15927.17,100.5,7.332
15928.18,100.5,7.332
15929.18,100.5,7.332
15930.19,99.5,7.332
15931.19,101.7,7.332
15932.19,99.8,7.332
15933.2,100.6,7.332
15934.21,102.2,2.1785
15935.21,314.0,2.3893
15936.21,1.0,2.1827
15937.22,347.0,2.5134
15938.22,371.9,2.7335
15939.22,327.0,3.0226
15940.23,314.7,3.3384
15941.23,303.4,3.6665
15942.24,305.4,4.0159
15943.24,306.4,4.4203
15944.24,311.2,4.9081
15945.25,303.5,5.425
15946.25,311.9,5.8677
15947.26,1455.3,2.1686
15948.26,310.3,2.4141
15949.27,294.2,2.5719
15950.27,339.3,2.8345
15951.28,311.3,3.134
15952.28,305.6,3.5931
15953.29,307.5,4.064
15954.29,303.5,4.5508
15955.3,309.3,5.0555
15956.3,302.4,5.5715
15957.31,325.6,5.9838
15958.31,1.0,2.201
15959.31,338.3,2.5625
15960.32,361.0,2.8022
15961.32,325.9,3.1356
15962.33,307.5,3.4635
15963.33,307.4,3.7445
15964.33,326.7,4.0466
15965.34,194.4,4.4866
15966.34,122.4,4.9306
15967.35,136.3,5.3806
15968.35,107.4,5.8373
15969.36,101.5,6.3048
15970.36,100.5,6.7589
15971.37,138.3,7.1843
15972.37,102.5,7.2363
15973.38,100.5,7.3363
15974.39,101.5,7.3363
15975.39,102.5,7.3363
15976.4,101.5,7.3363
15977.4,101.5,7.3363
15978.41,103.5,7.3363
15979.41,100.2,7.3364
15980.42,101.5,7.3364
15981.42,146.2,7.4795
15982.43,101.5,7.5042
15983.43,103.7,7.5042
15984.44,105.4,7.5042
15985.44,100.5,7.5045
15986.45,101.7,7.5045
15987.45,101.6,7.5047
15988.46,100.4,7.5047
15989.46,110.5,7.5048
15990.47,124.4,7.5055
15991.47,100.5,7.5055
15992.48,100.5,7.5055
15993.48,101.5,7.5055
15994.49,101.5,7.5056
15995.49,100.5,7.5056
15996.5,101.5,7.5056
15997.5,101.5,7.5056
15998.51,119.4,7.5059
15999.51,100.5,7.5059
16000.52,127.3,7.5059
16001.52,100.3,7.5059
16002.53,100.5,7.5059
16003.53,100.6,7.5059
16004.54,101.5,7.5059
16005.54,101.5,7.5059
16006.55,100.5,7.5059
16007.55,119.4,7.5059
16008.56,101.5,7.5059
16009.57,100.5,7.5059
16010.57,101.5,7.5059
16011.58,101.5,7.5059
16012.58,99.6,7.5059
16013.58,101.5,7.5059
16014.59,100.5,7.5059
16015.6,100.5,7.5059
16016.6,123.4,7.625
16017.61,100.5,7.625
16018.61,104.5,7.625
16019.62,101.5,7.625
16020.62,100.5,7.625
16021.63,100.6,7.625
16022.63,101.5,7.625
16023.64,100.5,7.625
16024.64,101.5,7.625
16025.65,101.5,7.8325
16026.65,101.5,8.326
16027.66,101.5,8.7499
16028.66,142.4,8.8964
16029.67,101.5,8.8967
16030.67,100.5,8.8967
16031.68,100.5,8.8967
16032.68,100.5,8.8969
16033.69,100.5,8.8969
16034.69,100.5,8.8969
16035.7,100.5,8.8969
16036.7,101.5,8.8969
16037.71,100.5,8.8969
16038.71,100.5,8.8969
16039.72,100.5,8.8969
16040.72,3.0,2.2031
16041.72,350.3,2.4972
16042.73,332.0,2.6368
16043.73,344.6,2.8722
16044.73,322.5,3.1774
16045.74,309.4,3.521
16046.75,311.4,3.7942
16047.75,2.0,2.166
16048.75,304.2,2.42
16049.76,330.3,2.6143
16050.76,353.2,2.8708
16051.77,319.4,3.2236
16052.77,316.3,3.5529
16053.78,306.5,3.8379
16054.78,322.0,4.1073
16055.78,149.2,4.5893
16056.79,158.2,5.0604
16057.79,107.4,5.5565
16058.8,116.4,6.0727
16059.8,99.5,6.5886
16060.81,119.7,7.138
16061.81,117.4,7.2526
16062.82,103.5,7.2526
16063.82,100.5,7.2526
16064.83,105.4,7.2526
16065.83,100.5,7.3526
16066.84,99.6,7.3526
16067.84,101.5,7.3526
16068.85,100.5,7.3526
16069.85,100.5,7.3526
16070.86,125.3,7.5205
16071.86,100.5,7.5205
16072.87,103.5,7.5205
16073.87,103.5,7.5205
16074.88,101.5,7.5205
16075.88,100.5,7.5205
16076.89,102.5,7.5207
16077.9,99.5,7.5207
16078.9,123.4,7.5216
16079.91,101.5,7.5216
16080.91,101.5,7.5216
16081.92,99.5,7.5216
16082.92,100.5,7.5216
16083.93,101.5,7.5216
16084.93,100.5,7.5216
16085.94,100.5,7.5218
16086.94,121.4,7.522
16087.95,101.5,7.522
16088.95,99.5,7.522
16089.96,101.5,7.522
16090.96,102.5,7.522
16091.97,99.5,7.522
16092.97,102.5,7.522
16093.98,101.5,7.522
16094.99,114.1,7.522
16095.99,118.5,7.5221
16097.0,100.5,7.5221
16098.0,100.5,7.5221
16099.01,101.5,7.5221
16100.01,100.4,7.5221
16101.02,100.5,7.5221
16102.02,100.5,7.5221
16103.03,100.5,7.5221
16104.03,124.5,7.641
16105.04,101.2,7.641
16106.05,100.5,7.641
16107.05,100.5,7.641
16108.06,101.5,7.641
16109.06,100.5,7.641
16110.07,99.5,7.641
16111.07,102.5,7.641
16112.08,100.5,7.9394
16113.08,100.6,8.3444
16114.08,127.6,8.8625
16115.09,118.0,8.9131
16116.1,100.5,8.9131
16117.1,100.5,8.9131
16118.11,100.5,8.9131
16119.11,101.5,8.9131
16120.12,100.4,8.9131
16121.12,99.5,8.9131
16122.13,102.5,8.9134
16123.14,99.4,8.9134
16124.14,102.5,8.9134
16125.15,99.5,8.9136
16126.15,101.5,8.9136
16127.16,101.5,8.9136
16128.16,99.5,8.9136
16129.17,101.6,8.9136
16130.17,100.5,8.9136
16131.18,100.5,8.9136
16132.18,100.5,8.9136
16133.19,100.5,8.9136
16134.19,100.5,8.9136
16135.2,115.3,8.914
16136.2,106.4,8.914
16137.21,99.5,8.914
16138.21,101.5,8.914
16139.22,99.6,8.914
16140.22,101.3,8.914
16141.23,101.5,8.914
16142.23,100.6,8.914
16143.24,102.5,8.914
16144.24,100.5,8.9141
16145.25,101.5,8.9141
16146.25,100.5,8.9141
16147.26,100.5,8.9141
16148.26,99.5,8.9141
16149.27,100.5,8.9141
16150.28,101.5,8.9141
16151.28,99.5,8.9141
16152.29,101.5,8.9141
16153.29,99.5,8.9141
16154.3,101.5,8.9141
16155.3,100.5,8.9141
16156.31,101.5,8.9141
16157.31,100.5,8.9141
16158.32,99.5,8.9141
16159.32,101.5,8.9141
16160.33,99.4,8.9141
16161.33,100.5,8.9141
16162.34,101.5,8.9141
16163.34,100.5,8.9141
16164.35,101.5,8.9141
16165.35,99.5,8.9141
16166.36,101.5,8.9141
16167.36,99.5,8.9144
16168.37,101.5,8.9144
16169.37,102.5,8.9144
16170.38,100.5,8.9144
16171.38,99.5,8.9144
16172.39,102.5,8.9144
16173.39,99.5,8.9144
16174.4,101.5,8.9144
16175.41,99.4,8.9144
16176.41,102.5,8.9144
16177.41,100.5,8.9144
16178.42,99.5,8.9144
16179.43,101.5,8.9144
16180.43,100.5,8.9144
16181.44,100.5,8.9144
16182.44,101.4,8.9144
16183.45,100.5,8.9144
16184.45,99.5,8.9144
16185.46,100.5,8.9144
16186.46,101.5,8.9144
16187.47,99.5,8.9144
16188.47,102.5,8.9144
16189.48,100.5,8.9144
16190.49,100.3,8.9144
16191.49,100.5,8.9144
16192.5,99.5,8.9144
16193.5,101.5,8.9144
16194.51,100.5,8.9144
16195.51,101.5,8.9144
16196.52,99.5,8.9144
16197.52,102.5,8.9144
16198.53,99.5,8.9144
16199.53,101.5,8.9144
16200.54,101.5,8.9144
16201.54,99.5,8.9144
16202.55,102.6,8.9144
16203.55,99.5,8.9144
16204.56,100.5,8.9144
16205.56,100.4,8.9144
16206.57,100.5,8.9145
16207.57,102.5,8.9145
16208.58,100.5,8.9145
16209.58,100.5,8.9145
16210.59,102.5,8.9145
16211.59,100.5,8.9145
16212.6,99.5,8.9145
16213.6,101.5,8.9145
16214.61,99.5,8.9145
16215.61,100.5,8.9145
16216.62,100.5,8.9145
16217.62,103.5,8.915
16218.63,99.5,8.915
16219.63,101.5,8.915
16220.64,100.6,8.915
16221.64,101.4,8.915
16222.65,100.5,8.915
16223.65,99.6,8.915
16224.66,101.5,8.915
16225.66,101.5,8.915
16226.67,100.5,8.915
16227.67,101.6,8.915
16228.68,101.5,8.915
16229.68,100.5,8.915
16230.69,99.5,8.915
16231.69,100.5,8.915
16232.7,100.5,8.915
16233.7,102.5,8.915
16234.71,100.5,8.915
16235.72,99.4,8.915
16236.72,101.5,8.915
16237.73,101.5,8.915
16238.73,101.5,8.915
16239.74,99.5,8.915
16240.74,101.5,8.915
16241.75,100.5,8.915
16242.75,101.6,8.915
16243.76,99.5,8.915
16244.76,102.4,8.915
16245.77,100.5,8.915
16246.77,101.5,8.915
16247.78,99.5,8.915
16248.78,100.5,8.9151
16249.79,100.5,8.9151
16250.8,101.5,8.9151
16251.8,100.5,8.9151
16252.81,100.5,8.9151
16253.81,101.5,8.9151
16254.82,100.5,8.9151
16255.82,102.5,8.9151
16256.83,100.5,8.9151
16257.83,101.5,8.9151
16258.84,100.5,8.9151
16259.84,100.5,8.9151
16260.85,99.5,8.9151
16261.85,100.5,8.9153
16262.86,101.5,8.9153
16263.86,100.5,8.9153
16264.87,100.5,8.9153
16265.87,100.5,8.9153
16266.88,101.5,8.9153
16267.88,100.5,8.9153
16268.89,99.5,8.9153
16269.9,103.5,8.9153
16270.9,99.5,8.9153
16271.91,101.5,8.9153
16272.91,100.5,8.9153
16273.92,100.5,8.9153
16274.92,101.5,8.9153
16275.93,100.5,8.9153
16276.93,101.5,8.9153
16277.94,99.5,8.9153
16278.94,101.5,8.9153
16279.95,99.5,8.9153
16280.95,100.5,8.9166
16281.96,101.5,8.9166
16282.96,99.5,8.9166
16283.97,100.5,8.9166
16284.97,102.6,8.9167
16285.98,100.5,8.9167
16286.98,102.5,8.9167
16287.99,99.5,8.9167
16288.99,101.5,8.9167
16290.0,100.5,8.9167
16291.0,100.5,8.9169
16292.01,100.5,8.9169
16293.01,104.4,8.9169
16294.02,101.5,8.9169
16295.03,100.5,8.9169
16296.03,99.5,8.9169
16297.04,101.5,8.9169
16298.04,100.5,8.9169
16299.05,99.5,8.9169
16300.05,101.5,8.9169
16301.06,99.5,8.9169
16302.06,101.5,8.945
16303.07,99.5,8.945
16304.07,103.5,8.945
16305.08,100.5,8.945
16306.08,99.5,8.9452
16307.09,101.5,8.9454
16308.09,99.5,8.9454
16309.1,100.5,8.9454
16310.11,101.5,8.9454
16311.11,100.5,8.9454
16312.12,100.5,8.9454
16313.12,100.5,8.9454
16314.13,100.5,8.9454
16315.13,101.5,8.9454
16316.14,99.5,8.9454
16317.14,101.5,8.9454
16318.15,100.6,8.9454
16319.15,101.5,8.9454
16320.16,99.5,8.9454
16321.16,101.5,8.9454
16322.17,100.5,8.9454
16323.17,100.5,8.9723
16324.18,101.5,8.9723
16325.18,100.6,8.9723
16326.19,99.5,8.9723
16327.19,101.5,8.9723
16328.2,99.5,8.9723
16329.2,101.5,8.9723
16330.21,101.5,8.9723
16331.21,99.5,8.9723
16332.22,101.5,8.9723
16333.22,100.5,8.9723
16334.23,101.5,8.9723
16335.23,100.5,8.9723
16336.24,99.5,8.9723
16337.24,101.5,8.9723
16338.25,99.5,8.9723
16339.25,102.5,8.9723
16340.26,101.5,8.9723
16341.27,101.5,8.9723
16342.27,101.5,8.9723
16343.28,100.5,8.9723
16344.28,100.5,8.997
16345.29,100.5,8.997
16346.29,100.5,8.997
16347.3,100.5,8.997
16348.3,104.7,2.2631
16349.3,327.7,2.4872
16350.31,383.8,2.7318
16351.31,333.2,3.102
16352.32,316.9,3.4237
16353.32,322.3,3.7864
16354.33,166.2,4.2764
16355.33,143.6,4.7601
16356.33,108.4,5.2642
16357.34,111.4,5.7625
16358.34,101.5,6.248
16359.35,102.5,6.7532
16360.35,130.3,7.2252
16361.36,99.5,7.2252
16362.37,105.4,7.2252
16363.37,101.5,7.2684
16364.38,99.5,7.3252
16365.38,101.5,7.3252
16366.39,102.5,7.3252
16367.39,101.5,7.3252
16368.4,99.5,7.3252
16369.4,119.4,7.4677
16370.41,101.5,7.4677
16371.41,100.5,7.4677
16372.42,106.5,7.4677
16373.42,103.5,7.4679
16374.43,104.4,7.4679
16375.43,101.5,7.4679
16376.44,101.5,7.4679
16377.44,118.4,7.4685
16378.45,100.5,7.4685
16379.45,99.5,7.4685
16380.46,102.5,7.4685
16381.46,100.5,7.4685
16382.47,100.5,7.4685
16383.48,100.5,7.4685
16384.48,101.5,7.4685
16385.49,101.5,7.4685
16386.49,116.5,7.4687
16387.5,100.5,7.4687
16388.5,101.5,7.4687
16389.51,100.5,7.4687
16390.51,100.5,7.4687
16391.51,101.5,7.4687
16392.52,99.5,7.4687
16393.53,100.5,7.4687
16394.53,118.4,7.4688
16395.54,99.5,7.4688
16396.54,100.5,7.4688
16397.55,102.6,7.4688
16398.55,100.5,7.4688
16399.56,100.5,7.4688
16400.56,101.5,7.4688
16401.57,100.5,7.4688
16402.57,118.4,7.5631
16403.58,101.5,7.5631
16404.58,100.5,7.5631
16405.59,100.5,7.5631
16406.59,101.5,7.5631
16407.6,100.5,7.5631
16408.6,100.5,7.5631
16409.61,102.5,7.5631
16410.61,100.5,7.5631
16411.62,100.5,7.6671
16412.62,99.5,8.1528
16413.63,101.5,8.5576
16414.63,135.3,8.9194
16415.64,100.5,8.9194
16416.65,100.5,8.9194
16417.65,101.5,8.9194
16418.66,100.5,8.9194
16419.66,100.5,8.9194
16420.67,100.5,8.9194
16421.67,101.5,8.9195
16422.68,100.5,8.9195
16423.68,100.5,8.9195
16424.69,100.5,8.9195
16425.69,100.5,8.9195
16426.7,101.7,8.9197
16427.7,101.5,8.9197
16428.71,99.5,8.9197
16429.71,100.5,8.9197
16430.72,100.5,8.9197
16431.72,100.5,8.9197
16432.73,101.5,8.9197
16433.73,99.5,8.9197
16434.74,100.5,8.9197
16435.74,101.5,8.9197
16436.75,103.5,8.92
16437.75,99.5,8.92
16438.76,101.5,8.92
16439.76,100.5,8.92
16440.77,100.5,8.92
16441.77,100.5,8.92
16442.78,100.5,8.92
16443.78,101.5,8.92
16444.79,99.5,8.92
16445.79,101.6,8.92
16446.8,100.5,8.92
16447.8,100.5,8.9202
16448.81,101.5,8.9203
16449.81,100.5,8.9203
16450.82,100.5,8.9203
16451.82,100.5,8.9203
16452.83,101.5,8.9203
16453.83,99.5,8.9203
16454.84,100.5,8.9203
16455.85,100.5,8.9203
16456.85,101.5,8.9203
16457.86,99.5,8.9203
16458.86,101.5,8.9203
16459.87,99.5,8.9203
16460.87,101.5,8.9203
16461.88,100.5,8.9203
16462.88,103.5,8.9203
16463.89,101.5,8.9203
16464.89,101.5,8.9203
16465.89,100.7,8.9203
16466.9,100.5,8.9203
16467.9,100.5,8.9203
16468.91,100.5,8.9203
16469.92,101.5,8.9203
16470.92,99.5,8.9201
16471.93,100.5,8.9199
16472.93,102.5,8.9199
16473.94,99.5,8.9199
16474.94,99.5,8.9199
16475.95,100.5,8.9199
16476.95,101.5,8.9199
16477.96,100.5,8.9199
16478.96,101.5,8.9199
16479.97,100.6,8.9199
16480.97,100.6,8.9196
16481.97,101.5,8.9196
16482.98,100.5,8.9196
16483.98,100.7,8.9196
16484.99,100.5,8.9196
16485.99,100.5,8.9196
16487.0,100.5,8.9195
16488.0,101.5,8.9194
16489.01,99.5,8.9194
16490.01,101.5,8.9194
16491.02,101.5,8.9194
16492.02,100.5,8.9196
16493.03,100.5,8.9196
16494.03,101.5,8.9196
16495.04,101.5,8.9198
16496.04,100.5,8.9198
16497.05,101.5,8.9198
16498.06,100.5,8.9198
16499.06,99.5,8.9198
16500.07,101.5,8.9198
16501.07,101.5,8.9198
16502.08,101.5,8.9198
16503.08,101.5,8.9198
16504.09,99.5,8.9198
16505.09,100.5,8.9198
16506.1,102.5,8.9198
16507.11,100.2,8.9198
16508.11,100.5,8.9198
16509.12,99.5,8.9198
16510.12,99.5,8.9198
16511.13,102.2,8.9198
16512.14,101.4,8.9198
16513.14,100.5,8.9198
16514.15,99.5,8.9198
16515.15,101.5,8.9198
16516.16,99.5,8.9198
16517.16,100.5,8.9198
16518.17,102.5,8.9201
16519.17,100.5,8.9201
16520.18,100.5,8.9201
16521.18,100.5,8.9201
16522.19,100.5,8.9196
16523.19,101.5,8.9196
16524.2,100.5,8.9196
16525.2,100.5,8.9196
16526.21,101.5,8.9196
16527.21,99.5,8.9196
16528.22,100.5,8.9196
16529.22,101.5,8.9196
16530.23,99.5,8.9196
16531.23,100.5,8.9196
16532.24,101.5,8.9196
16533.24,100.6,8.9196
16534.25,99.5,8.9196
16535.25,101.5,8.9196
16536.26,100.5,8.9196
16537.26,100.5,8.9198
16538.27,100.5,8.9198
16539.27,101.5,8.9198
16540.28,101.5,8.9198
16541.28,99.5,8.9198
16542.29,102.7,8.9198
16543.29,99.5,8.9198
16544.3,101.5,8.9198
16545.3,99.7,8.9198
16546.3,102.5,8.9198
16547.31,100.3,8.9198
16548.32,100.5,8.9194
16549.32,100.5,8.9194
16550.33,101.5,8.9194
16551.33,99.5,8.9194
16552.34,101.5,8.9194
16553.34,100.5,8.9194
16554.35,100.5,8.9194
16555.35,99.5,8.9194
16556.36,101.5,8.9194
16557.36,99.5,8.9194
16558.37,101.7,8.9194
16559.37,101.8,8.9194
16560.37,99.5,8.9194
16561.38,100.4,8.919
16562.39,101.5,8.919
16563.39,99.6,8.919
16564.39,102.5,8.919
16565.4,101.5,8.919
16566.4,100.5,8.919
16567.41,100.6,8.919
16568.41,100.5,8.919
16569.42,100.5,8.919
16570.43,101.5,8.919
16571.43,100.5,8.919
16572.44,101.4,8.9182
16573.44,99.5,8.9182
16574.45,100.5,8.9182
16575.45,102.5,8.9182
16576.46,99.5,8.9182
16577.46,101.5,8.9182
16578.47,100.5,8.9182
16579.47,99.5,8.9182
16580.48,106.5,8.9182
16581.48,114.4,8.9182
16582.49,105.1,8.9182
16583.5,100.5,8.9182
16584.5,100.5,8.9188
16585.51,112.4,8.9188
16586.51,111.4,8.9188
16587.52,101.5,8.9191
16588.52,100.5,8.9191
16589.53,102.5,8.9191
16590.53,101.5,8.9193
16591.54,100.5,8.9193
16592.54,100.3,8.9193
16593.55,101.5,8.9193
16594.55,99.5,8.919
16595.56,101.5,8.919
16596.57,101.5,8.919
16597.57,101.3,8.919
16598.58,99.5,8.919
16599.58,100.5,8.919
16600.59,101.5,8.919
16601.59,103.5,8.919
16602.6,99.5,8.919
16603.6,100.5,8.919
16604.61,100.5,8.919
16605.61,100.5,8.919
16606.62,101.5,8.919
16607.62,100.5,8.919
16608.63,100.5,8.919
16609.63,100.5,8.919
16610.64,100.7,8.919
16611.64,101.5,8.919
16612.65,100.4,8.919
16613.65,99.5,8.919
16614.66,102.5,8.919
16615.66,101.5,8.919
16616.67,99.5,8.919
16617.68,101.4,8.919
16618.68,100.5,8.919
16619.69,101.5,8.919
16620.69,100.5,8.919
16621.7,100.5,8.919
16622.7,101.4,8.919
16623.71,99.5,8.919
16624.71,100.5,8.919
16625.72,101.5,8.919
16626.72,99.5,8.919
16627.73,101.5,8.919
16628.73,101.5,8.919
16629.74,100.5,8.919
16630.74,99.5,8.919
16631.75,101.5,8.919
16632.75,100.5,8.9193
16633.76,99.5,8.9193
16634.77,101.5,8.9193
16635.77,100.5,8.9193
16636.78,101.5,8.9193
16637.78,99.5,8.9193
16638.78,100.8,8.9193
16639.79,102.5,8.9193
16640.79,99.5,8.9193
16641.8,100.5,8.9193
16642.8,100.5,8.9193
16643.81,102.5,8.9193
16644.81,100.5,8.9193
16645.82,99.5,8.9193
16646.82,100.5,8.9193
16647.83,102.6,2.1726
16648.83,292.1,2.3519
16649.83,344.0,2.4868
16650.84,3498.7,2.2676
16651.84,328.0,2.4136
16652.85,2.0,2.2159
16653.85,348.2,2.4508
16654.85,1.0,2.216
16655.86,323.6,2.4232
16656.86,1.0,2.1679
16657.87,297.3,2.3887
16658.88,338.2,2.559
16659.88,367.9,2.8112
16660.88,328.3,3.2456
16661.89,309.4,3.7151
16662.9,305.4,4.1939
16663.9,303.4,4.7065
16664.91,305.4,5.2215
16665.91,309.3,5.7306
16666.92,312.4,2.0851
16667.92,2.0,2.409
16668.92,354.0,2.6733
16669.93,348.7,2.9714
16670.93,318.7,3.27
16671.93,310.7,3.5767
16672.94,305.4,4.0651
16673.94,303.6,4.5754
16674.95,304.6,5.1111
16675.95,307.4,5.6566
16676.96,329.9,6.0118
16677.96,3616.3,2.242
16678.96,341.0,2.536
16679.97,359.1,2.9095
16680.97,322.3,3.3837
16681.98,308.7,3.8593
16682.98,307.4,4.3772
16683.99,305.4,4.9087
16684.99,302.6,5.4534
16686.0,314.2,5.8793
16687.0,258.7,2.0895
16688.0,13.9,2.4526
16689.01,362.6,2.6717
16690.01,334.3,2.9519
16691.02,1491.9,2.2408
16692.02,302.0,2.4284
16693.02,338.1,2.5711
16694.03,290.5,2.8369
16695.03,165.3,3.167
16696.04,281.5,3.5364
16697.04,2.0,2.28
16698.05,340.2,2.5924
16699.05,343.9,2.7895
16700.06,337.3,3.2528
16701.06,313.3,3.7487
16702.07,311.5,4.272
16703.07,311.3,4.8181
16704.08,308.5,5.381
16705.08,315.0,5.9258
16706.08,277.7,2.1489
16707.09,0.0,2.4092
16708.09,335.0,2.5426
16709.09,326.6,2.7776
16710.1,137.3,2.8833
16711.1,109.4,2.9692
16712.11,0.0,2.2574
16713.11,337.8,2.457
16714.12,344.2,2.7284
16715.12,132.4,2.8561
16716.13,103.5,2.9473
16717.13,116.4,2.9948
16718.14,104.5,3.0746
16719.14,104.5,3.146
16720.15,110.4,3.2142
16721.15,101.5,3.272
16722.16,110.4,3.3283
16723.16,102.5,3.3809
16724.17,99.5,3.4297
16725.17,101.5,3.4696
16726.18,99.5,3.5033
16727.18,100.5,3.5494
16728.19,101.4,3.5763
16729.19,1.0,2.2496
16730.2,302.6,2.4368
16731.2,354.1,2.5872
16732.21,315.6,2.7943
16733.21,120.3,2.9129
16734.22,106.5,3.0146
16735.22,103.5,3.1012
16736.23,193.0,3.1845
16737.23,202.0,3.2507
16738.24,201.9,3.3606
16739.24,183.1,3.3968
16740.25,101.5,3.4416
16741.25,111.4,3.4856
16742.26,128.3,3.5118
16743.26,100.5,3.5399
16744.27,119.4,3.5436
16745.27,208.0,3.5787
16746.28,248.7,3.629
16747.28,105.5,3.6779
16748.29,100.5,3.7206
16749.29,104.5,3.7731
16750.3,99.5,3.8229
16751.31,101.5,3.8751
16752.31,101.5,3.9123
16753.32,100.5,3.9542
16754.32,101.5,3.9818
16755.33,100.5,4.0239
16756.33,101.5,4.0593
16757.34,105.5,4.1058
16758.34,108.4,4.1334
16759.35,101.5,4.1528
16760.35,102.5,4.1782
16761.36,105.5,4.2151
16762.36,109.4,4.2386
16763.37,101.5,4.2754
16764.37,101.5,4.3132
16765.38,100.5,4.335
16766.38,100.5,4.3649
16767.39,100.5,4.3953
16768.39,101.5,4.42
16769.4,99.5,4.4516
16770.4,101.6,4.4727
16771.41,100.5,4.4997
16772.41,100.5,4.5253
16773.42,122.4,4.5396
16774.42,101.5,4.6069
16775.43,1.0,2.3131
16776.43,351.9,2.5104
16777.43,329.0,2.749
16778.44,181.1,3.0435
16779.44,119.5,3.1929
16780.45,108.4,3.3427
16781.45,105.5,3.4512
16782.46,100.5,3.5199
16783.46,106.5,3.5906
16784.47,1.0,2.261
16785.47,303.1,2.4347
16786.48,355.2,2.6175
16787.48,259.7,2.8514
16788.48,2.0,2.2745
16789.49,337.3,2.5266
16790.49,353.2,2.6617
16791.5,321.4,2.9502
16792.5,308.5,3.2503
16793.51,309.5,3.5471
16794.51,303.4,3.8791
16795.52,308.4,4.2911
16796.52,307.4,4.8071
16797.53,323.3,5.21
16798.53,17.0,2.2639
16799.53,332.9,2.4493
16800.54,358.9,2.6257
16801.54,222.9,2.9457
16802.55,140.5,3.4607
16803.55,183.1,2.1519
16804.55,5076.6,2.4832
16805.56,328.3,2.6248
16806.56,4.0,2.2544
16807.57,320.0,2.4712
16808.57,355.9,2.5927
16809.58,2.0,2.3742
16810.58,354.9,2.534
16811.58,1.0,2.2855
16812.59,337.0,2.4523
16813.59,344.5,2.6894
16814.59,160.2,3.022
16815.6,132.3,3.3709
16816.61,130.3,3.7288
16817.61,118.4,4.147
16818.62,99.5,4.7025
16819.62,102.5,5.251
16820.63,104.5,5.8037
16821.63,101.5,6.3696
16822.64,105.4,6.948
16823.64,114.5,7.2231
16824.65,121.4,7.3155
16825.65,100.5,7.3155
16826.66,102.4,7.3155
16827.66,102.5,7.3155
16828.67,101.5,7.3155
16829.67,101.5,7.3155
16830.68,101.5,7.3155
16831.68,110.4,7.3996
16832.69,102.5,7.3996
16833.69,100.5,7.3996
16834.7,100.5,7.3996
16835.7,102.5,7.3998
16836.71,99.5,7.3998
16837.72,133.3,7.4
16838.72,102.5,7.4
16839.72,137.4,2.1524
16840.73,6.0,2.4018
16841.73,15.9,2.2647
16842.74,307.9,2.442
16843.74,1.0,2.2607
16844.74,323.3,2.4558
16845.75,344.9,2.6039
16846.75,323.0,2.8751
16847.75,317.3,3.1534
16848.76,312.4,3.4643
16849.77,334.2,3.8573
16850.77,269.6,4.3384
16851.77,3.0,2.3521
16852.78,346.9,2.5373
16853.78,356.1,2.7475
16854.78,345.9,3.0027
16855.79,331.3,3.2642
16856.79,208.0,3.751
16857.8,216.3,2.1561
16858.8,1.0,2.3993
16859.8,325.6,2.5487
16860.81,353.8,2.7641
16861.81,335.7,3.0208
16862.82,271.6,3.4268
16863.82,140.3,3.7823
16864.83,125.3,4.1318
16865.83,115.4,4.463
16866.84,189.0,4.6138
16867.84,151.3,4.7003
16868.85,166.1,4.9104
16869.85,101.5,5.2104
16870.86,105.4,2.1567
16871.86,1656.5,2.3661
16872.87,324.3,2.7059
16873.87,315.3,3.0609
16874.88,303.6,3.4818
16875.88,291.8,4.0494
16876.89,171.1,4.6287
16877.89,312.0,4.8253
16878.89,337.6,5.2286
16879.9,319.3,5.684
16880.9,308.4,6.0482
16881.91,309.5,6.4006
16882.91,307.3,6.7204
16883.92,300.6,6.9922
16884.92,340.9,7.7616
16885.93,292.5,7.9912
16886.93,304.4,7.9924
16887.94,302.5,7.9936
16888.94,308.3,7.9946
16889.95,203.1,7.9951
16890.95,150.3,7.9979
16891.96,117.5,8.0917
16892.96,128.3,8.0982
16893.97,133.3,8.0983
16894.97,116.6,8.0983
16895.97,160.5,8.0983
16896.98,109.5,8.0983
16897.98,107.5,8.0983
16898.99,131.3,8.0983
16899.99,207.0,8.0983
16901.0,180.0,8.0983
16902.0,101.5,8.0983
16903.01,105.4,8.0983
16904.01,118.4,8.0986
16905.02,203.9,8.0988
16906.02,191.0,8.0988
16907.03,103.5,8.099
16908.03,104.4,8.099
16909.04,108.4,8.099
16910.05,100.5,8.099
16911.05,100.5,8.099
16912.06,101.5,8.099
16913.06,127.3,8.099
16914.07,118.4,8.099
16915.07,104.4,8.099
16916.08,251.6,8.8965
16917.08,100.5,8.8965
16918.09,101.5,8.8965
16919.09,101.5,8.8965
16920.1,100.5,8.9179
16921.1,100.5,8.941
16922.11,102.5,8.9445
16923.11,100.5,8.9445
16924.12,107.4,8.9445
16925.12,102.5,8.9445
16926.13,102.5,8.9445
16927.13,100.5,8.9445
16928.14,101.5,8.9445
16929.15,100.5,8.9445
16930.15,100.5,8.9445
16931.16,101.5,8.9445
16932.16,102.5,8.9445
16933.17,99.5,8.9445
16934.17,101.5,8.9445
16935.18,106.5,8.9445
16936.18,117.3,8.9445
16937.19,100.5,8.9445
16938.19,124.5,8.9445
16939.2,109.4,8.9445
16940.2,101.5,8.9445
16941.21,101.5,8.9445
16942.21,100.5,8.9445
16943.22,100.5,8.9445
16944.22,102.5,8.9445
16945.23,128.3,8.9445
16946.24,185.0,8.9445
16947.24,107.5,8.9445
16948.25,108.4,8.9445
16949.25,102.5,8.9445
16950.26,100.5,8.9445
16951.26,101.5,8.9445
16952.27,99.5,8.9445
16953.27,100.5,8.9445
16954.28,101.5,8.9445
16955.28,106.4,8.9445
16956.29,100.5,8.9445
16957.29,102.4,8.9448
16958.3,99.5,8.9448
16959.31,101.5,8.9448
16960.31,100.6,8.9448
16961.31,101.5,8.9448
16962.32,102.5,8.9448
16963.32,101.5,8.9448
16964.33,104.5,8.9448
16965.34,100.5,8.9448
16966.34,101.5,8.9448
16967.35,105.4,8.9448
16968.35,117.4,8.9448
16969.36,101.5,8.9448
16970.36,105.4,8.9448
16971.37,99.5,8.9448
16972.37,100.5,8.9448
16973.38,101.6,8.9448
16974.38,100.4,8.9448
16975.39,100.5,8.9448
16976.39,102.5,8.9448
16977.4,103.5,8.9448
16978.4,99.5,8.9448
16979.41,101.5,8.9448
16980.41,102.5,8.9448
16981.42,103.4,8.9448
16982.42,100.5,8.9448
16983.43,102.5,8.9448
16984.43,100.5,8.9448
16985.44,101.5,8.9448
16986.44,100.5,8.9448
16987.45,100.5,8.9448
16988.46,101.5,8.9448
16989.46,101.5,8.9448
16990.47,101.5,8.9448
16991.47,100.5,8.9448
16992.48,100.5,8.9448
16993.48,101.5,8.9448
16994.49,101.5,8.9448
16995.49,100.5,8.9448
16996.5,101.5,8.9448
16997.5,99.5,8.9448
16998.51,100.5,8.9448
16999.52,100.3,8.9448
17000.52,100.4,8.9448
17001.53,100.5,8.9448
17002.53,101.5,8.945
17003.54,99.5,8.945
17004.54,103.5,8.945
17005.55,100.5,8.945
17006.55,99.5,8.945
17007.56,100.6,8.945
17008.56,102.5,8.945
17009.57,100.5,8.945
17010.57,100.5,8.945
17011.58,101.5,8.945
17012.58,100.5,8.945
17013.59,100.5,8.945
17014.59,100.5,8.945
17015.6,99.5,8.945
17016.61,101.5,8.945
17017.61,101.5,8.945
17018.62,101.5,8.945
17019.62,100.5,8.945
17020.63,101.5,8.945
17021.63,100.5,8.945
17022.64,99.5,8.945
17023.64,100.5,8.945
17024.65,117.4,8.945
17025.65,101.5,8.945
17026.66,99.5,8.945
17027.66,101.5,8.945
17028.67,99.5,8.945
17029.67,101.5,8.945
17030.68,100.5,8.945
17031.69,99.5,8.945
17032.69,101.5,8.945
17033.7,102.5,8.945
17034.7,99.5,8.945
17035.71,100.5,8.945
17036.71,100.5,8.945
17037.72,101.5,8.945
17038.72,101.5,8.945
17039.73,99.5,8.945
17040.73,102.5,8.945
17041.74,102.5,8.945
17042.74,99.5,8.945
17043.75,101.5,8.945
17044.75,99.5,8.945
17045.76,101.5,8.945
17046.76,101.5,8.945
17047.77,99.5,8.9451
17048.77,100.5,8.9451
17049.78,100.5,8.9451
17050.79,101.5,8.9451
17051.79,102.5,8.9451
17052.8,98.5,8.9451
17053.8,102.5,8.9451
17054.81,100.5,8.9451
17055.81,101.5,8.9451
17056.82,99.5,8.9451
17057.82,101.5,8.9451
17058.83,100.5,8.9451
17059.83,99.4,8.9451
17060.84,101.6,8.9451
17061.84,102.5,8.9451
17062.85,101.5,8.9451
17063.85,100.5,8.9451
17064.86,99.5,8.9451
17065.86,101.5,8.9451
17066.87,101.5,8.9451
17067.88,99.5,8.9451
17068.88,101.5,8.9451
17069.89,99.5,8.9451
17070.89,336.2,9.1975
17071.9,100.6,9.1975
17072.9,100.5,9.1975
17073.91,100.5,9.1975
17074.91,100.5,9.1975
17075.92,101.5,9.1975
17076.92,100.5,9.1975
17077.93,102.4,9.1975
17078.93,101.3,9.1975
17079.94,100.3,9.1975
17080.95,100.5,9.1975
17081.95,99.7,9.1975
17082.95,103.4,9.1975
17083.96,99.5,9.1975
17084.97,101.5,9.1975
17085.97,99.8,9.1975
17086.97,100.7,9.1975
17087.97,100.5,9.1975
17088.98,101.5,9.1975
17089.99,101.5,9.1975
17090.99,100.5,9.1975
17092.0,100.5,9.1975
17093.0,101.7,9.1975
17094.0,99.5,9.1975
17095.01,100.5,9.1975
17096.01,101.5,9.1975
17097.02,100.5,9.1975
17098.02,99.7,9.1975
17099.03,100.5,9.1975
17100.03,101.4,9.1975
17101.04,102.5,9.1975
17102.04,100.5,9.1975
17103.05,100.5,9.1975
17104.05,101.5,9.1975
17105.06,100.5,9.1975
17106.06,101.5,9.1975
17107.07,100.6,9.1975
17108.07,100.5,9.1975
17109.08,99.5,9.1975
17110.08,102.5,9.1975
17111.09,100.5,9.1975
17112.1,100.4,9.1975
17113.1,99.5,9.1975
17114.11,101.5,9.1975
17115.11,101.4,9.1975
17116.12,100.5,9.1975
17117.12,99.6,9.1975
17118.13,101.5,9.1975
17119.13,99.5,9.1975
17120.14,101.3,9.1975
17121.14,103.5,9.1975
17122.15,101.5,9.1975
17123.15,100.7,9.1975
17124.16,100.5,9.1975
17125.17,100.2,9.1975
17126.17,100.5,9.1975
17127.18,99.5,9.1975
17128.18,102.5,9.1975
17129.18,99.7,9.1975
17130.19,101.5,9.1975
17131.19,99.5,9.1975
17132.2,101.5,9.1975
17133.2,101.6,9.1975
17134.21,100.5,9.1975
17135.21,100.5,9.1975
17136.22,100.5,9.1975
17137.22,102.5,9.1975
17138.23,100.5,9.1975
17139.23,101.5,9.1975
17140.24,99.5,9.1975
17141.24,100.5,9.1975
17142.25,101.5,9.1975
17143.25,100.5,9.1975
17144.26,101.5,9.1975
17145.26,99.5,9.1975
17146.27,101.5,9.1975
17147.27,99.5,9.1975
17148.28,100.5,9.1975
17149.29,101.5,9.1975
17150.29,101.5,9.1975
17151.3,100.5,9.1975
17152.3,100.5,9.1975
17153.31,101.5,9.1975
17154.31,99.5,9.1975
17155.32,102.5,9.1975
17156.32,101.5,9.1975
17157.33,99.5,9.1975
17158.33,101.5,9.1975
17159.34,100.5,9.1975
17160.34,100.5,9.1975
17161.35,101.5,9.1975
17162.35,100.5,9.1975
17163.36,99.5,9.1975
17164.36,102.5,9.1975
17165.37,101.5,9.1975
17166.37,100.5,9.1975
17167.38,100.5,9.1975
17168.38,99.5,9.1975
17169.39,102.5,9.1975
17170.39,100.5,9.1975
17171.4,102.4,2.2708
17172.41,304.5,2.451
17173.41,337.2,2.6348
17174.41,359.9,2.8465
17175.42,322.3,3.1231
17176.42,220.9,3.6152
17177.43,128.3,4.1064
17178.43,132.4,2.1603
17179.44,0.0,2.4562
17180.44,363.8,2.7219
17181.45,346.2,3.0045
17182.45,269.6,3.3336
17183.46,166.3,3.7018
17184.46,241.7,4.0697
17185.47,298.0,4.4571
17186.47,179.1,4.9616
17187.48,133.3,5.4746
17188.48,1461.3,2.17
17189.49,278.6,2.4588
17190.49,325.3,2.8025
17191.5,310.4,3.1691
17192.5,308.4,3.7121
17193.51,301.4,4.3024
17194.51,253.9,4.7014
17195.52,366.1,4.9978
17196.52,324.1,5.3862
17197.53,310.5,5.7942
17198.53,307.6,6.122
17199.53,306.4,6.4343
17200.54,306.4,6.7237
17201.54,300.6,6.9565
17202.55,329.1,7.5618
17203.55,302.4,7.9991
17204.56,304.5,7.9997
17205.56,302.5,8.0011
17206.57,220.8,8.0016
17207.57,166.1,8.0019
17208.58,203.1,8.002
17209.58,213.9,8.002
17210.59,143.2,8.1022
17211.59,116.4,8.1023
17212.6,110.4,8.1023
17213.6,117.5,8.1023
17214.61,178.1,8.1023
17215.61,105.5,8.1023
17216.62,110.4,8.1023
17217.62,106.4,8.1023
17218.63,207.0,8.1023
17219.63,154.2,8.1023
17220.64,102.5,8.1023
17221.64,99.5,8.1023
17222.65,102.5,8.1028
17223.65,102.5,8.1028
17224.66,175.1,8.1028
17225.67,195.0,8.1028
17226.67,184.0,8.1028
17227.68,102.5,8.1028
17228.68,122.3,8.1028
17229.69,114.4,8.1028
17230.69,102.5,8.1028
17231.7,102.5,8.1028
17232.7,120.5,8.1028
17233.71,117.4,8.1028
17234.71,101.5,8.1028
17235.72,118.3,8.1028
17236.72,104.4,8.1028
17237.73,101.5,8.1028
17238.73,255.7,8.9032
17239.74,101.5,8.9032
17240.74,100.5,8.9032
17241.75,107.5,8.9258
17242.75,102.5,8.9512
17243.76,110.6,8.9512
17244.76,100.5,8.9512
17245.77,101.2,8.9512
17246.78,102.5,8.9512
17247.78,99.5,8.9512
17248.79,100.5,8.9512
17249.79,101.5,8.9512
17250.8,100.5,8.9512
17251.8,101.5,8.9512
17252.81,100.5,8.9512
17253.81,103.4,8.9512
17254.82,102.5,8.9512
17255.82,120.4,8.9512
17256.83,103.5,8.9512
17257.83,110.4,8.9512
17258.84,100.5,8.9512
17259.84,101.5,8.9512
17260.85,119.4,8.9512
17261.85,121.3,8.9512
17262.86,106.4,8.9512
17263.87,102.5,8.9512
17264.87,100.5,8.9512
17265.88,111.4,8.9512
17266.88,108.4,8.9512
17267.89,100.5,8.9512
17268.89,153.2,8.9512
17269.9,99.5,8.9512
17270.9,112.4,8.9512
17271.91,105.4,8.9512
17272.91,103.4,8.9512
17273.92,115.4,8.9512
17274.92,112.4,8.9512
17275.93,102.4,8.9512
17276.94,120.4,8.9512
17277.94,99.5,8.9512
17278.95,101.5,8.9512
17279.95,101.5,8.9512
17280.96,100.5,8.9512
17281.96,102.5,8.9512
17282.97,100.5,8.9512
17283.97,101.5,8.9512
17284.98,101.5,8.9512
17285.98,100.5,8.9512
17286.99,101.5,8.9512
17287.99,100.5,8.9512
17289.0,104.4,8.9512
17290.0,101.5,8.9512
17291.01,100.5,8.9512
17292.01,99.5,8.9512
17293.02,101.5,8.9512
17294.03,100.5,8.9512
17295.03,100.5,8.9512
17296.04,101.5,8.9512
17297.04,99.5,8.9512
17298.05,102.5,8.9512
17299.05,100.5,8.9512
17300.06,103.5,8.9512
17301.06,100.5,8.9512
17302.07,107.4,8.9512
17303.07,100.5,8.9512
17304.08,101.5,8.9512
17305.08,105.4,8.9512
17306.09,103.5,8.9512
17307.09,102.5,8.9512
17308.1,99.5,8.9512
17309.11,101.5,8.9512
17310.11,119.3,8.9512
17311.12,103.4,8.9512
17312.12,101.5,8.9512
17313.13,102.5,8.9512
17314.13,100.5,8.9512
17315.14,100.5,8.9512
17316.14,100.5,8.9512
17317.15,101.5,8.9512
17318.15,131.3,8.9512
17319.16,99.5,8.9512
17320.16,100.5,8.9512
17321.17,101.5,8.9512
17322.18,100.5,8.9512
17323.18,100.5,8.9512
17324.19,102.5,8.9512
17325.19,100.5,8.9512
17326.2,101.5,8.9512
17327.2,101.5,8.9512
17328.21,117.4,8.9512
17329.21,100.5,8.9512
17330.22,101.6,8.9512
17331.22,99.5,8.9512
17332.23,102.4,8.9512
17333.23,100.5,8.9512
17334.24,100.4,8.9512
17335.24,99.5,8.9512
17336.25,101.4,8.9512
17337.25,101.4,8.9512
17338.26,100.5,8.9512
17339.27,100.4,8.9512
17340.27,102.5,8.9512
17341.28,100.5,8.9512
17342.28,100.5,8.9512
17343.29,102.5,8.9512
17344.29,100.5,8.9512
17345.3,100.5,8.9512
17346.3,100.5,8.9512
17347.31,101.5,8.9512
17348.31,99.5,8.9512
17349.32,100.5,8.9512
17350.32,101.5,8.9512
17351.33,101.5,8.9512
17352.33,101.5,8.9512
17353.34,99.5,8.9512
17354.35,100.5,8.9512
17355.35,101.5,8.9512
17356.36,100.5,8.9512
17357.36,100.5,8.9512
17358.37,101.5,8.9512
17359.37,100.5,8.9512
17360.38,99.5,8.9512
17361.38,102.5,8.9512
17362.39,100.5,8.9512
17363.39,102.5,8.9512
17364.4,101.5,8.9512
17365.4,99.5,8.9512
17366.41,100.5,8.9512
17367.41,101.5,8.9512
17368.42,99.5,8.9512
17369.43,101.5,8.9512
17370.43,102.5,8.9512
17371.44,101.5,8.9512
17372.44,99.5,8.9512
17373.45,100.5,8.9512
17374.45,102.5,8.9512
17375.46,99.5,8.9512
17376.46,100.5,8.9512
17377.47,100.5,8.9512
17378.47,100.5,8.9512
17379.48,100.5,8.9512
17380.48,102.5,8.9512
17381.49,100.5,8.9512
17382.49,101.5,8.9512
17383.5,99.5,8.9512
17384.5,101.5,8.9512
17385.51,101.5,8.9512
17386.51,100.5,8.9512
17387.52,101.5,8.9512
17388.52,333.9,9.2015
17389.53,103.5,9.2032
17390.53,100.5,9.2032
17391.54,100.5,9.2032
17392.54,100.5,9.2032
17393.55,101.5,9.2032
17394.56,100.5,9.2032
17395.56,101.5,9.2032
17396.57,101.5,9.2032
17397.57,100.5,9.2032
17398.58,100.5,9.2032
17399.58,101.5,9.2032
17400.59,99.5,9.2032
17401.59,99.5,9.2032
17402.6,101.5,9.2032
17403.6,100.5,9.2032
17404.61,101.5,9.2032
17405.61,100.5,9.2032
17406.62,101.5,9.2032
17407.62,99.5,9.2032
17408.63,100.5,9.2032
17409.63,101.5,9.2032
17410.64,100.5,9.2032
17411.65,102.5,9.2032
17412.65,102.5,9.2032
17413.66,100.5,9.2032
17414.66,99.5,9.2032
17415.67,101.5,9.2032
17416.67,100.5,9.2032
17417.68,101.5,9.2032
17418.68,100.5,9.2032
17419.69,100.5,9.2032
17420.69,101.5,9.2032
17421.7,100.5,9.2032
17422.7,101.5,9.2032
17423.71,99.5,9.2032
17424.71,100.5,9.2032
17425.72,103.5,9.2032
17426.72,101.5,9.2032
17427.73,100.5,9.2032
17428.73,101.5,9.2032
17429.74,100.5,9.2032
17430.75,99.5,9.2032
17431.75,100.5,9.2032
17432.76,101.5,9.2032
17433.76,100.5,9.2032
17434.77,101.5,9.2032
17435.77,99.5,9.2032
17436.78,101.5,9.2032
17437.78,101.5,9.2032
17438.79,100.5,9.2032
17439.79,101.5,9.2032
17440.8,99.5,9.2032
17441.8,101.5,9.2032
17442.81,101.5,9.2032
17443.81,100.5,9.2032
17444.82,101.5,9.2032
17445.82,99.5,9.2032
17446.83,99.5,9.2032
17447.83,102.5,9.2032
17448.84,100.5,9.2032
17449.84,101.6,9.2032
17450.85,99.5,9.2032
17451.85,100.6,9.2032
17452.86,101.5,9.2032
17453.86,100.5,9.2032
17454.87,101.5,9.2032
17455.87,101.5,9.2032
17456.88,99.5,9.2032
17457.88,99.5,9.2032
17458.89,102.5,9.2032
17459.9,100.5,9.2032
17460.9,99.5,9.2032
17461.91,101.5,9.2032
17462.91,101.5,9.2032
17463.92,101.5,9.2032
17464.92,101.5,9.2032
17465.93,99.5,9.2032
17466.93,100.5,9.2032
17467.94,100.5,9.2032
17468.94,101.6,9.2032
17469.95,100.5,9.2032
17470.95,101.5,9.2032
17471.96,99.5,9.2032
17472.96,101.5,9.2032
17473.97,99.5,9.2032
17474.97,102.5,9.2032
17475.98,100.5,9.2032
17476.98,99.5,9.2032
17477.99,102.5,9.2032
17478.99,99.5,9.2032
17480.0,99.5,9.2032
17481.0,100.5,9.2032
17482.01,102.5,9.2032
17483.01,158.3,9.2032
17484.02,147.2,9.2032
17485.02,99.5,9.2032
17486.03,101.5,9.2032
17487.03,99.6,9.2032
17488.04,100.5,9.2032
17489.04,101.7,2.3028
17490.04,302.4,2.4736
17491.05,353.6,2.6829
17492.05,352.3,2.9172
17493.06,330.2,3.1764
17494.06,228.8,3.6545
17495.07,2.0,2.3512
17496.07,339.1,2.5853
17497.07,351.6,2.8084
17498.08,336.4,3.0507
17499.08,246.7,3.35
17500.09,140.3,3.7698
17501.09,116.5,4.2832
17502.1,171.1,4.7684
17503.1,3.0,2.178
17504.1,293.1,2.434
17505.11,290.2,2.5655
17506.11,349.2,2.7803
17507.12,338.3,3.0167
17508.12,293.3,3.299
17509.13,195.0,3.6283
17510.13,127.3,4.1175
17511.13,1.0,2.272
17512.14,334.6,2.5082
17513.14,350.1,2.7097
17514.15,334.2,2.9432
17515.15,311.3,3.2098
17516.16,301.4,3.5517
17517.16,299.4,4.0366
17518.17,237.7,4.5484
17519.17,194.0,5.0946
17520.18,3.0,2.2978
17521.18,347.9,2.5391
17522.18,359.9,2.7456
17523.19,336.3,2.9797
17524.19,248.7,3.2544
17525.2,143.2,3.5829
17526.2,1.0,2.3265
17527.21,313.5,2.4999
17528.21,356.9,2.7028
17529.21,352.1,2.9484
17530.21,267.2,3.2141
17531.22,165.1,3.5389
17532.22,119.4,3.9491
17533.23,111.4,2.1613
17534.23,3453.3,2.4181
17535.24,329.0,2.5614
17536.24,359.0,2.7705
17537.24,333.4,3.0076
17538.25,287.5,3.2864
17539.25,181.0,3.6152
17540.26,3.0,2.3079
17541.26,335.4,2.4893
17542.27,351.9,2.6953
17543.27,346.2,2.9272
17544.27,2.0,2.3704
17545.28,346.7,2.6369
17546.28,366.7,2.9773
17547.29,286.5,3.2499
17548.29,180.1,3.5883
17549.3,2927.7,2.2696
17550.3,317.7,2.4517
17551.3,337.0,2.6347
17552.31,359.1,2.8841
17553.31,333.3,3.1487
17554.32,260.6,3.4518
17555.32,279.5,3.7856
17556.33,285.5,4.2632
17557.33,247.7,4.8095
17558.34,162.1,5.2948
17559.34,139.3,5.3374
17560.35,103.5,5.3823
17561.35,101.5,5.4344
17562.36,105.5,5.4814
17563.37,101.5,5.5062
17564.37,101.6,5.5495
17565.37,100.5,5.5867
17566.38,100.5,5.6287
17567.38,100.5,5.6592
17568.39,100.6,5.6862
17569.39,99.5,5.7256
17570.4,102.5,5.7446
17571.41,104.5,5.7788
17572.41,100.5,5.8125
17573.42,100.5,5.8298
17574.42,100.5,5.8616
17575.43,101.5,5.8965
17576.43,100.5,5.9148
17577.44,100.5,5.9331
17578.44,139.3,5.9868
17579.45,170.3,6.0693
17580.45,107.5,6.1727
17581.46,103.5,6.32
17582.46,111.4,6.4854
17583.47,100.5,6.6388
17584.47,100.5,6.762
17585.48,3.0,2.2718
17586.48,337.9,2.463
17587.49,352.2,2.6454
17588.49,363.2,2.9376
17589.5,275.5,3.3169
17590.5,140.3,3.8086
17591.51,119.4,4.3199
17592.51,118.4,4.6365
17593.52,121.4,4.7016
17594.52,162.1,4.7616
17595.53,102.5,4.8112
17596.53,100.5,4.8571
17597.54,100.2,4.8844
17598.55,102.6,4.9264
17599.55,101.5,4.9687
17600.56,100.5,5.0104
17601.56,101.5,5.0305
17602.57,104.5,5.0738
17603.57,101.5,5.115
17604.58,99.5,5.1308
17605.58,100.5,5.1703
17606.59,102.5,5.2043
17607.59,100.5,5.2204
17608.6,99.5,5.2585
17609.6,100.5,5.2934
17610.61,100.5,5.3023
17611.61,121.4,5.3248
17612.62,2.0,2.3743
17613.62,343.0,2.6019
17614.62,365.9,2.873
17615.63,1425.7,2.2707
17616.63,315.3,2.4525
17617.64,346.4,2.6455
17618.64,347.9,2.8656
17619.64,2.0,2.2736
17620.65,317.7,2.4542
17621.65,349.5,2.6456
17622.65,359.1,2.867
17623.66,339.4,3.1995
17624.66,281.5,3.683
17625.67,138.3,4.1831
17626.67,168.1,4.5608
17627.68,103.5,4.6263
17628.69,200.0,4.6873
17629.69,207.9,4.7332
17630.69,201.1,4.7966
17631.7,260.6,4.8708
17632.71,161.7,4.9185
17633.71,101.5,4.9532
17634.72,102.6,4.9965
17635.72,101.5,5.0189
17636.73,99.5,5.0509
17637.73,102.5,5.0875
17638.74,100.6,5.1048
17639.74,101.5,5.0965
17640.75,102.4,5.1292
17641.75,100.5,5.1443
17642.76,99.4,5.1788
17643.76,101.5,5.2109
17644.77,98.5,5.2293
17645.77,101.5,5.2468
17646.78,183.1,5.3059
17647.79,135.3,5.3904
17648.79,112.5,5.489
17649.79,103.5,5.6263
17650.8,111.7,5.7891
17651.8,118.4,5.9299
17652.81,100.5,6.0749
17653.81,3.0,2.2739
17654.81,322.0,2.4732
17655.82,359.9,2.7009
17656.82,356.5,3.0243
17657.83,240.7,3.4674
17658.83,293.5,4.0021
17659.84,260.7,4.4881
17660.84,202.9,5.0508
17661.85,194.9,5.3519
17662.85,99.5,5.4104
17663.86,105.4,5.4476
17664.86,104.5,5.4944
17665.87,100.5,5.5383
17666.87,100.8,5.562
17667.88,102.5,5.6026
17668.88,100.7,5.6411
17669.88,101.5,5.6811
17670.89,99.5,5.7
17671.89,101.5,5.7395
17672.9,100.5,5.7754
17673.9,100.5,5.7905
17674.91,101.5,5.8273
17675.91,100.5,5.8623
17676.92,102.5,5.8752
17677.93,99.5,5.9099
17678.93,101.5,5.9414
17679.93,99.7,5.9552
17680.94,100.8,5.9777
17681.94,19.9,2.2631
17682.94,320.0,2.4532
17683.94,326.2,2.6288
17684.95,356.0,2.8488
17685.95,333.6,3.0947
17686.95,249.3,3.5129
17687.96,1.0,2.2886
17688.96,327.0,2.4659
17689.96,344.1,2.7112
17690.97,350.6,2.9647
17691.97,1.0,2.3745
17692.97,307.2,2.538
17693.98,356.2,2.7615
17694.98,331.7,3.0039
17695.99,233.8,3.4631
17696.99,2.0,2.2872
17697.99,366.9,2.5126
17699.0,354.1,2.8774
17700.0,1.0,2.4572
17701.0,357.1,2.6902
17702.01,350.6,2.9146
17703.01,294.7,3.0864
17704.02,211.9,3.1461
17705.02,141.3,3.1937
17706.03,205.0,3.2828
17707.03,119.5,3.3245
17708.04,113.4,3.3497
17709.04,120.4,3.3973
17710.05,102.5,3.4221
17711.05,105.5,3.4658
17712.06,99.5,3.497
17713.06,101.5,3.525
17714.07,103.5,3.5664
17715.07,102.5,3.5738
17716.08,101.5,3.6092
17717.08,101.5,3.645
17718.09,99.6,3.6625
17719.09,105.4,3.6997
17720.1,101.5,3.7334
17721.1,100.5,3.7504
17722.11,103.5,3.7753
17723.11,98.5,3.7994
17724.12,152.2,3.8423
17725.12,247.8,4.0476
17726.13,240.7,4.2147
17727.13,228.0,4.4092
17728.14,2.0,2.2768
17729.14,361.9,2.4968
17730.14,357.2,2.7466
17731.15,1.0,2.4274
17732.15,368.3,2.6372
17733.16,238.8,2.8923
17734.16,125.3,3.0447
17735.17,132.3,3.1759
17736.17,2.0,2.315
17737.18,330.4,2.6264
17738.18,342.9,2.7413
17739.19,332.4,2.9885
17740.19,311.3,3.3195
17741.19,310.0,3.68
17742.2,304.4,3.9888
17743.2,306.0,4.2825
17744.21,1.0,2.4328
17745.21,376.8,2.6476
17746.21,1.0,2.4258
17747.22,367.9,2.6982
17748.22,1.0,2.4363
17749.22,364.9,2.7323
17750.22,5.0,2.4371
17751.23,3.0,2.2704
17752.23,335.0,2.4847
17753.23,4.0,2.3706
17754.24,0.0,2.2357
17755.24,319.0,2.4563
17756.25,321.3,2.6404
17757.25,134.3,2.6928
17758.26,107.5,2.747
17759.26,112.4,2.7974
17760.27,106.4,2.8443
17761.27,103.5,2.8902
17762.28,220.8,3.0474
17763.28,152.2,3.2266
17764.29,3.0,2.3501
17765.29,327.0,2.5005
17766.29,294.1,2.6285
17767.3,157.2,2.7103
17768.3,130.3,2.7763
17769.31,213.9,2.8428
17770.31,302.7,2.9299
17771.32,1.0,2.4191
17772.32,1498.0,2.258
17773.33,293.9,2.4304
17774.33,329.5,2.5677
17775.33,2.0,2.2867
17776.33,312.4,2.4586
17777.34,366.1,2.6514
17778.34,3.0,2.3061
17779.34,300.1,2.4573
17780.35,2.0,2.3053
17781.35,336.1,2.4783
17782.35,358.9,2.6781
17783.36,4.0,2.278
17784.36,322.4,2.4898
17785.36,367.8,2.6373
17786.37,3.0,2.3978
17787.37,319.0,2.5333
17788.38,346.3,2.772
17789.38,329.3,3.0471
17790.38,3.0,2.3364
17791.39,300.1,2.5082
17792.39,350.4,2.7393
17793.4,325.3,3.0006
17794.4,1.0,2.3506
17795.4,326.0,2.5837
17796.41,369.4,2.8368
17797.41,336.4,3.2162
17798.42,326.3,3.5245
17799.42,134.3,3.6546
17800.43,123.3,3.8067
17801.43,101.5,3.9074
17802.44,141.3,3.9807
17803.44,107.4,4.0586
17804.45,100.5,4.1071
17805.45,102.5,4.1657
17806.46,100.5,4.2254
17807.46,102.5,4.2927
17808.47,102.5,4.3281
17809.47,100.6,4.3868
17810.48,101.5,4.4359
17811.48,102.5,4.4628
17812.49,100.5,4.4863
17813.49,100.5,4.5165
17814.5,102.5,4.5714
17815.51,103.5,4.6076
17816.51,100.5,4.6275
17817.52,102.5,4.6418
17818.52,99.5,4.6492
17819.53,100.5,4.6583
17820.53,100.5,4.6643
17821.54,103.5,4.7729
17822.54,113.4,4.9235
17823.55,105.5,5.0595
17824.55,100.5,5.1506
17825.56,103.5,5.2483
17826.56,102.5,5.2838
17827.57,100.5,5.3515
17828.57,101.5,5.4014
17829.58,100.5,5.4663
17830.58,109.4,5.5368
17831.59,101.5,5.5666
17832.59,100.5,5.6213
17833.6,100.5,5.6515
17834.6,100.5,5.6951
17835.61,101.5,5.7123
17836.61,118.4,5.7569
17837.62,101.5,5.8161
17838.62,99.5,5.8359
17839.63,100.5,5.8502
17840.63,102.5,5.8577
17841.64,99.5,5.8624
17842.64,101.5,5.8725
17843.65,106.5,2.1793
17844.65,0.0,2.4294
17845.66,4.0,2.3092
17846.66,336.6,2.5576
17847.66,329.0,2.6824
17848.67,330.5,2.9246
17849.67,310.6,3.1886
17850.68,320.9,3.4368
17851.68,267.6,3.7428
17852.69,258.7,4.1861
17853.69,257.7,4.6262
17854.7,303.6,5.1209
17855.7,283.5,5.6516
17856.71,0.0,2.3771
17857.71,334.9,2.5737
17858.71,324.5,2.8152
17859.72,319.9,3.0458
17860.72,1459.3,2.4052
17861.72,333.0,2.5193
17862.73,4.0,2.4019
17863.73,369.9,2.6499
17864.74,365.1,3.0108
17865.74,322.3,3.4352
17866.74,1.0,2.3818
17867.75,362.8,2.6306
17868.75,355.9,2.8626
17869.75,335.3,3.1558
17870.76,193.0,3.2516
17871.76,232.0,3.687
17872.77,1500.5,2.2844
17873.77,308.3,2.5485
17874.78,380.8,2.7786
17875.78,345.0,3.116
17876.79,248.9,3.2036
17877.79,119.4,3.2979
17878.8,153.2,3.6376
17879.8,1.0,2.193
17880.81,1486.9,2.4648
17881.81,353.9,2.6282
17882.81,345.4,2.8409
17883.82,324.7,3.1412
17884.82,2.0,2.4065
17885.82,315.1,2.5825
17886.83,355.3,2.7871
17887.83,319.3,3.0381
17888.84,314.3,3.4059
17889.84,232.8,3.9422
17890.85,2.0,2.3987
17891.85,350.0,2.6325
17892.85,345.4,2.871
17893.86,329.0,3.1164
17894.86,2.0,2.42
17895.87,333.0,2.6166
17896.87,358.5,2.8163
17897.88,342.2,3.1821
17898.88,1.0,2.3436
17899.88,361.9,2.6223
17900.89,365.1,2.9541
17901.89,0.0,2.313
17902.89,297.9,2.4904
17903.9,2.0,2.3379
17904.9,354.1,2.6051
17905.9,346.2,2.9331
17906.91,326.4,3.2986
17907.91,195.0,3.7486
17908.92,164.1,4.2242
17909.93,296.4,4.7325
17910.93,282.5,5.2647
17911.94,118.4,5.7403
17912.94,193.0,6.2375
17913.95,131.3,6.6961
17914.95,102.5,7.1912
17915.96,125.3,7.3867
17916.96,106.5,7.4641
17917.97,102.5,7.4641
17918.97,100.5,7.4641
17919.98,146.4,7.4643
17920.98,99.5,7.4643
17921.99,100.6,7.4643
17922.99,100.5,7.4643
17924.0,116.4,7.5833
17925.0,101.5,7.5833
17926.01,101.5,7.5833
17927.01,99.5,7.5833
17928.02,100.5,7.5833
17929.02,101.6,7.5833
17930.03,103.5,7.5833
17931.03,100.5,7.5833
17932.04,100.5,7.5833
17933.04,115.4,7.5839
17934.05,100.5,7.5839
17935.05,100.5,7.5839
17936.06,101.5,7.5839
17937.06,100.5,7.5839
17938.07,99.5,7.5839
17939.07,102.5,7.5839
17940.08,101.5,7.5839
17941.08,111.4,7.584
17942.09,101.5,7.584
17943.1,99.5,7.584
17944.1,111.4,7.584
17945.11,100.5,7.584
17946.11,100.5,7.584
17947.12,100.5,7.584
17948.12,103.5,7.584
17949.13,112.4,7.584
17950.13,101.5,7.584
17951.14,102.5,7.584
17952.14,100.5,7.584
17953.16,104.5,7.5841
17954.16,2.0,2.3638
17955.16,352.9,2.6196
17956.17,350.5,2.8698
17957.17,334.2,3.1121
17958.18,243.7,3.3388
17959.18,224.0,3.6306
17960.19,303.4,3.9377
17961.19,302.4,4.1176
17962.2,300.6,4.3314
17963.2,252.8,4.6134
17964.2,2.0,2.3282
17965.21,348.0,2.609
17966.21,365.1,2.9239
17967.22,330.3,3.292
17968.22,247.7,3.8001
17969.23,212.9,4.3429
17970.23,110.4,4.8855
17971.24,103.5,5.4313
17972.24,107.4,5.9761
17973.25,115.5,6.5043
17974.25,235.8,6.8205
17975.26,192.0,7.1145
17976.26,159.1,7.3163
17977.27,101.5,7.3163
17978.27,102.5,7.4163
17979.28,101.5,7.4121
17980.29,100.5,7.4121
17981.29,103.5,7.4121
17982.3,100.5,7.4121
17983.3,101.5,7.4121
17984.31,101.5,7.4121
17985.31,114.4,7.4826
17986.32,109.4,7.5305
17987.32,105.5,7.5305
17988.33,102.5,7.5305
17989.33,101.5,7.5306
17990.34,100.5,7.5306
17991.34,101.5,7.5306
17992.35,100.5,7.5308
17993.35,99.5,7.5308
17994.36,101.5,7.5308
17995.36,115.4,7.5312
17996.37,99.5,7.5312
17997.37,102.5,7.5312
17998.38,100.5,7.5312
17999.38,101.5,7.5312
18000.39,100.5,7.5312
18001.4,101.5,7.5312
18002.4,99.5,7.5312
18003.41,102.5,7.5312
18004.41,99.5,7.5312
18005.42,111.4,7.5313
18006.42,101.5,7.5313
18007.43,100.5,7.5313
18008.43,101.5,7.5313
18009.44,2.0,2.3368
18010.44,331.0,2.557
18011.44,354.6,2.8777
18012.45,3.0,2.3083
18013.45,313.0,2.5479
18014.45,349.0,2.7018
18015.46,354.5,3.0255
18016.46,309.7,3.3364
18017.47,3.0,2.5067
18018.47,358.6,2.7148
18019.48,3.0,2.3347
18020.48,336.9,2.5404
18021.48,349.9,2.7225
18022.49,337.3,2.9562
18023.49,2.0,2.3242
18024.5,357.9,2.5701
18025.5,356.2,2.8831
18026.5,214.4,3.1815
18027.51,1442.0,2.3044
18028.51,309.0,2.5206
18029.52,332.3,2.645
18030.52,320.4,2.8704
18031.53,165.2,3.0802
18032.53,286.5,3.4895
18033.54,229.9,3.9761
18034.54,149.3,2.2125
18035.54,2.0,2.5135
18036.55,360.5,2.7581
18037.55,247.7,3.2486
18038.56,3.0,2.4106
18039.56,370.1,2.6348
18040.56,332.3,2.8846
18041.57,312.4,3.1671
18042.57,305.4,3.4481
18043.58,324.4,3.7661
18044.58,165.3,4.2455
18045.59,167.1,4.4371
18046.59,221.0,4.563
18047.6,156.2,4.66
18048.6,104.5,4.7233
18049.61,99.5,4.7782
18050.61,101.5,4.8311
18051.62,101.5,4.8855
18052.62,99.5,4.9317
18053.63,102.5,4.9779
18054.63,102.5,5.0176
18055.64,99.5,5.0582
18056.64,107.4,5.0899
18057.65,169.3,5.2664
18058.65,145.2,5.6015
18059.66,104.5,5.9562
18060.66,128.3,6.1937
18061.67,160.3,6.3263
18062.67,182.1,6.4368
18063.68,109.4,6.5218
18064.68,120.4,6.7323
18065.69,2.0,2.2134
18066.69,284.1,2.4789
18067.7,350.3,2.6142
18068.7,344.3,2.8416
18069.71,309.4,3.0987
18070.71,303.4,3.3982
18071.72,299.6,3.747
18072.72,185.0,4.2246
18073.73,167.2,4.3896
18074.73,225.8,4.5139
18075.74,126.3,4.5809
18076.74,100.5,4.6383
18077.75,101.5,4.6901
18078.75,101.5,4.7387
18079.76,100.5,4.7906
18080.76,105.5,4.8356
18081.77,100.5,4.876
18082.77,102.5,4.9157
18083.78,99.5,4.9537
18084.78,140.6,5.0007
18085.79,190.1,5.2004
18086.79,110.4,5.527
18087.8,101.5,5.8437
18088.8,123.4,6.1533
18089.81,175.1,6.4597
18090.81,120.6,6.757
18091.81,102.5,7.0701
18092.82,121.4,7.2765
18093.82,2.0,2.3246
18094.83,306.0,2.497
18095.83,367.9,2.6478
18096.84,1.0,2.4635
18097.84,336.9,2.5765
18098.84,1.0,2.3177
18099.85,323.3,2.5283
18100.85,369.0,2.6837
18101.86,343.2,2.8942
18102.86,175.2,2.2141
18103.86,0.0,2.4776
18104.87,331.7,2.6202
18105.87,351.4,2.8637
18106.88,2.0,2.3248
18107.88,362.9,2.5446
18108.88,3.0,2.3278
18109.88,334.2,2.5799
18110.89,356.4,2.9038
18111.89,211.3,3.2802
18112.9,2.0,2.4077
18113.9,352.2,2.6026
18114.9,350.2,2.9725
18115.91,149.2,3.2028
18116.91,1.0,2.3432
18117.92,333.5,2.5452
18118.92,367.1,2.7415
18119.93,332.3,2.9997
18120.93,2.0,2.4126
18121.94,323.2,2.5737
18122.94,350.3,2.9188
18123.94,0.0,2.3932
18124.95,318.3,2.5721
18125.95,351.6,2.2154
18126.95,2.0,2.5225
18127.96,322.1,2.7035
18128.96,3.0,2.4217
18129.96,304.7,2.5567
18130.97,336.2,2.7645
18131.98,219.9,3.054
18132.98,276.6,3.5407
18133.99,204.0,4.0743
18134.99,1.0,2.4671
18135.99,368.8,2.6751
18137.0,249.7,2.9146
18138.0,1.0,2.4312
18139.0,315.2,2.563
18140.01,269.6,2.8373
18141.01,5.0,2.3925
18142.02,333.2,2.5415
18143.02,2.0,2.333
18144.02,329.1,2.5195
18145.03,357.2,2.7096
18146.03,331.0,2.9503
18147.04,325.3,3.2308
18148.04,2.0,2.342
18149.05,343.2,2.6323
18150.05,346.3,2.7438
18151.05,336.2,2.9774
18152.06,317.5,3.2215
18153.06,2.0,2.3393
18154.06,304.4,2.4977
18155.07,1.0,2.3238
18156.07,292.0,2.4999
18157.08,364.4,2.6627
18158.08,1.0,2.3973
18159.08,302.1,2.5407
18160.09,3.0,2.3508
18161.09,322.0,2.5217
18162.09,1480.7,2.3338
18163.1,316.7,2.5132
18164.1,366.7,2.685
18165.11,1.0,2.3251
18166.11,301.0,2.4888
18167.11,2.0,2.3514
18168.11,329.0,2.5175
18169.12,0.0,2.425
18170.12,335.9,2.5692
18171.13,343.2,2.7995
18172.13,323.3,3.0393
18173.14,2.0,2.3504
18174.14,349.6,2.5509
18175.15,376.1,2.7233
18176.15,321.3,2.9659
18177.16,1.0,2.3185
18178.16,330.1,2.552
18179.16,357.5,2.7715
18180.17,327.4,3.0176
18181.17,4.0,2.3493
18182.17,324.1,2.5073
18183.18,3094.9,2.3413
18184.18,313.6,2.5334
18185.19,354.2,2.7048
18186.19,329.2,2.9532
18187.2,1504.6,2.3452
18188.2,320.3,2.5142
18189.21,1.0,2.3292
18190.21,296.8,2.4918
18191.22,2.0,2.3573
18192.22,337.2,2.6271
18193.22,298.2,2.7631
18194.23,346.6,2.9968
18195.23,326.4,3.2421
18196.24,312.3,3.6044
18197.24,309.4,4.0038
18198.25,308.4,4.3658
18199.25,315.3,4.766
18200.26,305.4,5.1406
18201.26,301.8,5.5025
18202.27,303.4,5.8833
18203.27,304.4,6.2428
18204.28,219.8,6.5737
18205.28,163.1,6.9131
18206.29,258.3,7.2142
18207.29,330.3,7.4586
18208.3,221.9,7.5586
18209.3,118.2,7.5586
18210.31,109.4,7.5586
18211.31,109.4,7.5533
18212.32,113.4,7.5533
18213.32,114.4,7.5533
18214.33,104.5,7.5533
18215.34,104.5,7.5533
18216.34,101.5,7.5533
18217.35,148.3,7.5533
18218.35,100.5,7.5533
18219.36,100.5,7.5533
18220.36,100.5,7.5533
18221.37,100.5,7.5533
18222.37,155.2,7.7121
18223.38,102.5,7.76
18224.38,102.5,7.7602
18225.39,102.5,7.7602
18226.39,101.5,7.7602
18227.4,100.5,7.7602
18228.4,100.5,7.7602
18229.41,101.5,7.7602
18230.41,99.5,7.7602
18231.42,101.5,7.7602
18232.42,99.5,7.7602
18233.43,102.5,7.7602
18234.43,101.5,7.7602
18235.44,100.5,7.7602
18236.44,99.5,7.7602
18237.45,101.6,7.7602
18238.45,100.5,7.7602
18239.46,102.5,7.7602
18240.46,99.6,7.7602
18241.47,101.5,7.7602
18242.47,99.5,7.7602
18243.48,102.5,7.7602
18244.48,100.5,7.7602
18245.49,102.5,7.7602
18246.49,100.5,7.7602
18247.5,100.5,7.7602
18248.5,100.8,7.7602
18249.5,100.5,7.7602
18250.51,99.5,7.7602
18251.51,102.5,7.7602
18252.52,101.5,7.7602
18253.52,99.5,7.7602
18254.53,100.5,7.7602
18255.53,100.5,7.7602
18256.54,101.5,7.7602
18257.54,100.5,7.7602
18258.55,100.5,7.7602
18259.56,100.5,7.7602
18260.56,100.5,7.7602
18261.57,100.5,7.7602
18262.57,101.5,7.7602
18263.58,100.5,7.7602
18264.58,99.5,7.7602
18265.59,100.6,7.7602
18266.59,101.5,7.7602
18267.6,100.5,7.7602
18268.6,102.5,7.7602
18269.61,100.5,7.7602
18270.61,100.5,7.7602
18271.62,99.5,7.7602
18272.62,101.5,7.7602
18273.63,99.5,7.7602
18274.63,100.5,7.7602
18275.64,100.6,7.7602
18276.64,101.5,7.7602
18277.65,101.5,7.7602
18278.65,101.6,7.7602
18279.65,100.5,7.7602
18280.66,101.5,7.7602
18281.66,100.6,7.7602
18282.67,99.5,7.7602
18283.67,101.5,7.7602
18284.68,100.5,7.7602
18285.69,99.3,7.7602
18286.69,101.5,7.7602
18287.7,100.5,7.7602
18288.7,101.5,7.7602
18289.71,100.5,7.7602
18290.71,100.5,7.7602
18291.72,101.5,7.7602
18292.72,99.5,7.7602
18293.73,100.6,7.7602
18294.73,101.5,7.7602
18295.74,99.5,7.7602
18296.74,101.5,7.7602
18297.75,100.6,7.7602
18298.75,100.5,7.7602
18299.76,101.5,7.7602
18300.76,99.5,7.7602
18301.77,101.5,7.7602
18302.77,101.5,7.7602
18303.78,101.5,7.7602
18304.78,100.5,7.7602
18305.79,100.7,7.7602
18306.79,101.4,7.7602
18307.8,100.4,7.7602
18308.8,100.5,7.7602
18309.81,100.5,7.7602
18310.81,102.5,7.7602
18311.82,99.5,7.7602
18312.82,99.5,7.7602
18313.83,102.5,7.7602
18314.83,100.5,7.7602
18315.84,99.5,7.7602
18316.85,101.3,7.7602
18317.85,100.5,7.7602
18318.86,100.5,7.7602
18319.86,100.5,7.7602
18320.87,99.5,7.7602
18321.87,102.5,7.7602
18322.88,99.5,7.7602
18323.88,100.5,7.7602
18324.89,100.5,7.7602
18325.9,101.3,7.7602
18326.9,101.5,7.7602
18327.91,100.5,7.7602
18328.91,99.5,7.7602
18329.92,102.5,7.7602
18330.92,100.5,7.7602
18331.93,101.5,7.7602
18332.93,100.5,7.7602
18333.94,99.5,7.7602
18334.94,101.5,7.7602
18335.95,99.5,7.7602
18336.95,101.5,7.7602
18337.96,100.5,7.7602
18338.96,100.5,7.7602
18339.97,101.5,7.7602
18340.97,99.7,7.7602
18341.98,100.5,7.7602
18342.98,100.5,7.7602
18343.99,99.5,7.7602
18344.99,103.5,7.7602
18346.0,99.5,7.7602
18347.0,100.5,7.7602
18348.01,101.5,7.7602
18349.01,99.5,7.7602
18350.02,100.5,7.7602
18351.02,101.5,7.7602
18352.03,101.5,7.7602
18353.03,100.2,7.7602
18354.04,99.5,7.7602
18355.05,101.5,7.7602
18356.05,100.6,7.7602
18357.05,101.5,7.7602
18358.06,100.5,7.7602
18359.06,99.5,7.7602
18360.07,100.5,7.7602
18361.07,102.5,7.7602
18362.08,99.5,7.7602
18363.08,99.5,7.7602
18364.09,99.5,7.7602
18365.09,103.5,7.7602
18366.1,100.5,7.7602
18367.1,101.5,7.7602
18368.11,100.5,7.7602
18369.12,100.5,7.7602
18370.12,101.5,7.7602
18371.13,99.5,7.7602
18372.13,100.5,7.7602
18373.14,100.5,7.7602
18374.14,100.5,7.7602
18375.15,100.5,7.7602
18376.15,100.5,7.7602
18377.16,100.5,7.7602
18378.16,100.5,7.7602
18379.17,100.5,7.7602
18380.17,102.5,7.7602
18381.18,99.5,7.7602
18382.18,100.5,7.7602
18383.19,101.5,7.7602
18384.19,99.5,7.7602
18385.2,102.5,7.7602
18386.2,99.5,7.7602
18387.21,102.5,7.7602
18388.21,99.5,7.7602
18389.22,100.5,7.7602
18390.22,101.5,7.7602
18391.23,100.5,7.7602
18392.23,100.5,7.7602
18393.24,100.5,7.7602
18394.24,100.5,7.7602
18395.25,99.5,7.7602
18396.25,100.5,7.7602
18397.26,100.5,7.7602
18398.26,102.5,7.7602
18399.27,100.5,7.7602
18400.27,99.5,7.7602
18401.28,100.5,7.7602
18402.28,102.5,7.7602
18403.29,100.5,7.7602
18404.29,100.5,7.7602
18405.3,100.5,7.7602
18406.3,100.5,7.7602
18407.31,100.6,7.7602
18408.31,100.5,7.7602
18409.32,100.5,7.7602
18410.32,100.6,7.7602
18411.33,99.5,7.7602
18412.33,101.5,7.7602
18413.34,100.5,7.7602
18414.34,103.5,7.7602
18415.35,101.5,7.7602
18416.36,101.5,7.7602
18417.36,100.5,7.7602
18418.37,99.5,7.7602
18419.37,101.5,7.7602
18420.38,100.5,7.7602
18421.38,100.5,7.7602
18422.39,99.5,7.7602
18423.39,101.5,7.7602
18424.4,100.5,7.7602
18425.4,102.5,7.7602
18426.41,99.6,7.7602
18427.41,100.5,7.7602
18428.42,100.5,7.7602
18429.42,101.5,7.7604
18430.42,99.6,7.7604
18431.43,101.5,7.7604
18432.43,101.5,7.7604
18433.44,99.5,7.7604
18434.45,102.5,7.7604
18435.45,99.5,7.7604
18436.46,101.5,7.7604
18437.46,100.5,7.7604
18438.47,101.5,7.7604
18439.47,101.5,7.7604
18440.48,99.5,7.7604
18441.48,101.5,7.7604
18442.49,100.5,7.7604
18443.49,100.5,7.7604
18444.5,101.5,7.7604
18445.5,100.5,7.7604
18446.51,99.5,7.7604
18447.51,101.5,7.7604
18448.52,100.5,7.7604
18449.52,101.5,7.7604
18450.53,100.5,7.7604
18451.53,100.5,7.7604
18452.54,100.5,7.7604
18453.54,101.5,7.7604
18454.55,100.5,7.7604
18455.55,100.6,7.7604
18456.56,100.5,7.7604
18457.56,101.5,7.7604
18458.57,100.5,7.7604
18459.57,99.5,7.7604
18460.58,102.5,7.7604
18461.58,99.5,7.7604
18462.59,100.5,7.7604
18463.59,102.6,7.7604
18464.6,100.5,7.7604
18465.6,99.5,7.7604
18466.61,101.5,7.7604
18467.61,100.5,7.7604
18468.62,99.5,7.7604
18469.62,100.5,7.7604
18470.63,100.5,7.7604
18471.63,101.5,7.7604
18472.64,99.5,7.7604
18473.64,100.5,7.7604
18474.65,100.6,7.7604
18475.65,103.5,7.7604
18476.66,100.5,7.7604
18477.66,100.5,7.7604
18478.67,100.5,7.7604
18479.68,100.5,7.7604
18480.68,100.5,7.7604
18481.69,100.5,7.7604
18482.69,99.5,7.7604
18483.7,101.5,7.7604
18484.7,100.5,7.7604
18485.71,100.5,7.7604
18486.71,99.5,7.7604
18487.72,101.5,7.7604
18488.72,100.5,7.7604
18489.73,100.5,7.7604
18490.73,100.5,7.7604
18491.73,2.0,2.4841
18492.74,328.0,2.5977
18493.74,1.0,2.4321
18494.74,314.3,2.5675
18495.75,2.0,2.444
18496.75,327.0,2.5867
18497.75,342.6,2.8266
18498.76,330.2,3.0688
18499.76,268.2,2.2356
18500.76,2.0,2.52
18501.77,352.2,2.7565
18502.77,345.2,3.1256
18503.78,0.0,2.2698
18504.78,290.5,2.5091
18505.79,341.0,2.6261
18506.79,333.1,2.9178
18507.79,312.0,3.3651
18508.8,0.0,2.4646
18509.8,340.9,2.6042
18510.81,335.4,2.9596
18511.81,284.1,3.104
18512.82,228.8,3.1483
18513.82,148.2,3.1855
18514.83,105.5,3.2215
18515.83,105.6,3.2709
18516.84,103.5,3.3157
18517.84,101.5,3.3494
18518.85,100.4,3.3835
18519.85,103.5,3.4095
18520.86,101.5,3.4368
18521.86,101.5,3.4621
18522.87,197.9,3.4793
18523.87,134.4,3.5366
18524.88,120.4,3.6046
18525.88,104.5,3.6752
18526.89,99.5,3.7364
18527.89,110.4,3.804
18528.9,103.5,3.9018
18529.9,121.4,2.2359
18530.91,1.0,2.4847
18531.91,328.0,2.6159
18532.92,331.3,2.8598
18533.92,1.0,2.3373
18534.93,301.6,2.5111
18535.93,349.2,2.6649
18536.94,324.3,2.9232
18537.94,277.8,3.2186
18538.95,172.2,3.5501
18539.95,169.1,3.6285
18540.96,104.5,3.6674
18541.96,101.5,3.6947
18542.97,100.5,3.7248
18543.97,142.3,3.7545
18544.98,111.4,3.7821
18545.98,134.3,3.8116
18546.99,102.5,3.8298
18547.99,100.5,3.8557
18549.0,150.2,3.8819
18550.0,203.9,3.9237
18551.01,118.4,3.9505
18552.01,101.5,3.9725
18553.02,100.5,4.0015
18554.02,105.5,4.0192
18555.03,99.5,4.0404
18556.03,124.4,4.0656
18557.04,109.5,4.0849
18558.04,108.4,4.1081
18559.05,100.5,4.1207
18560.05,100.5,4.1425
18561.06,100.5,4.1693
18562.06,101.5,4.1957
18563.07,109.4,4.2171
18564.07,120.4,4.2445
18565.08,99.6,4.2754
18566.08,101.5,4.3036
18567.09,100.5,4.3319
18568.09,102.5,4.3557
18569.1,103.5,4.3822
18570.1,100.5,4.4106
18571.11,102.5,4.4335
18572.11,102.5,4.4616
18573.12,101.5,4.4806
18574.12,99.5,4.5043
18575.13,101.5,4.5266
18576.13,102.5,4.5509
18577.14,100.5,4.5715
18578.14,102.5,4.5895
18579.15,100.5,4.6177
18580.15,100.5,4.6267
18581.16,100.5,4.6508
18582.17,102.5,4.6676
18583.17,102.5,4.6877
18584.18,100.5,4.7026
18585.18,100.5,4.7129
18586.19,106.5,4.732
18587.19,101.5,4.7609
18588.2,99.5,4.7832
18589.2,100.5,4.801
18590.21,101.5,4.8169
18591.21,100.6,4.836
18592.22,101.5,4.8639
18593.22,101.5,4.9056
18594.23,103.5,4.9347
18595.23,100.5,4.966
18596.24,105.5,4.996
18597.24,126.3,2.2359
18598.24,1.0,2.4384
18599.25,351.1,2.6122
18600.25,350.1,2.9734
18601.25,296.1,3.1635
18602.26,153.2,3.4057
18603.26,2.0,2.3317
18604.27,308.2,2.5209
18605.27,367.4,2.7984
18606.28,2.0,2.354
18607.28,299.1,2.586
18608.28,1.0,2.3282
18609.29,336.2,2.6606
18610.29,378.0,2.8592
18611.3,338.3,3.1954
18612.3,312.6,3.45
18613.31,311.4,3.6908
18614.31,311.3,3.9348
18615.32,212.1,4.1439
18616.32,109.4,4.277
18617.33,121.4,4.477
18618.33,133.3,4.6672
18619.34,135.4,4.841
18620.34,131.4,5.0151
18621.35,230.8,5.1473
18622.35,201.9,5.1932
18623.36,211.9,5.2985
18624.36,107.4,5.3368
18625.37,104.5,5.4218
18626.37,103.5,5.487
18627.38,170.2,5.6259
18628.38,132.3,5.7188
18629.39,102.5,5.8087
18630.39,101.5,5.9114
18631.4,100.5,6.0312
18632.4,105.5,6.136
18633.41,101.7,6.2417
18634.41,100.5,6.3388
18635.42,100.5,6.4652
18636.42,106.5,6.5684
18637.43,100.5,6.6732
18638.43,100.5,6.8139
18639.44,100.5,6.899
18640.44,103.5,7.0034
18641.45,104.5,7.1388
18642.45,102.5,7.2479
18643.46,133.6,7.486
18644.46,101.5,7.486
18645.47,101.5,7.487
18646.47,105.7,7.487
18647.47,101.5,7.487
18648.48,101.5,7.487
18649.48,101.5,7.487
18650.49,100.5,7.487
18651.5,100.5,7.487
18652.5,102.5,7.487
18653.51,98.5,7.487
18654.51,102.5,7.487
18655.52,99.5,7.487
18656.52,101.5,7.487
18657.53,99.5,7.487
18658.53,101.5,7.487
18659.54,99.5,7.487
18660.54,100.5,7.487
18661.55,101.5,7.487
18662.55,101.5,7.487
18663.56,100.5,7.487
18664.56,101.5,7.487
18665.57,101.5,7.487
18666.57,100.5,7.487
18667.58,100.5,7.487
18668.58,101.5,7.487
18669.59,100.5,7.487
18670.59,100.5,7.487
18671.6,99.5,7.487
18672.6,104.5,7.487
18673.61,100.6,7.487
18674.61,100.5,7.487
18675.62,99.5,7.487
18676.62,102.5,7.487
18677.63,101.5,7.487
18678.63,100.5,7.487
18679.64,100.5,7.487
18680.64,99.5,7.487
18681.65,100.5,7.487
18682.65,103.5,7.487
18683.66,99.5,7.487
18684.66,99.5,7.487
18685.67,102.5,7.487
18686.67,99.5,7.487
18687.68,101.5,7.487
18688.69,101.5,7.487
18689.69,100.5,7.487
18690.7,101.5,7.487
18691.7,99.5,7.487
18692.71,104.6,7.487
18693.71,100.5,7.487
18694.72,101.5,7.487
18695.72,103.5,7.487
18696.73,101.5,7.487
18697.73,99.5,7.487
18698.74,102.5,7.487
18699.74,100.5,7.487
18700.75,100.5,7.487
18701.75,100.5,7.487
18702.76,104.5,7.487
18703.76,100.5,7.487
18704.77,99.5,7.487
18705.77,103.5,7.487
18706.78,100.6,7.487
18707.78,101.5,7.487
18708.79,100.5,7.487
18709.79,100.5,7.487
18710.8,101.5,7.487
18711.8,99.5,7.487
18712.81,101.5,7.487
18713.81,101.5,7.487
18714.82,99.5,7.487
18715.82,100.5,7.487
18716.83,101.6,7.487
18717.83,101.5,7.487
18718.84,100.6,7.487
18719.84,100.5,7.487
18720.85,99.5,7.487
18721.85,101.5,7.487
18722.86,99.5,7.487
18723.86,101.5,7.487
18724.87,101.5,7.487
18725.87,100.5,7.487
18726.88,100.5,7.487
18727.88,102.5,7.487
18728.89,99.5,7.487
18729.89,101.5,7.487
18730.9,104.5,7.487
18731.9,99.5,7.487
18732.91,100.5,7.487
18733.91,102.5,7.487
18734.92,99.5,7.487
18735.93,99.5,7.487
18736.93,102.5,7.487
18737.94,99.5,7.487
18738.94,100.5,7.487
18739.95,100.5,7.487
18740.95,100.5,7.487
18741.96,99.5,7.487
18742.96,101.4,7.487
18743.97,99.5,7.487
18744.97,101.5,7.487
18745.98,100.5,7.487
18746.98,101.6,7.487
18747.99,101.5,7.487
18748.99,99.5,7.487
18750.0,101.5,7.487
18751.0,100.5,7.487
18752.01,101.5,7.487
18753.01,100.5,7.487
18754.02,101.5,7.487
18755.02,99.5,7.487
18756.03,100.7,7.487
18757.03,101.5,7.487
18758.04,100.5,7.487
18759.04,99.5,7.487
18760.05,100.5,7.487
18761.05,104.5,7.487
18762.06,100.5,7.487
18763.06,100.5,7.487
18764.07,100.5,7.487
18765.07,100.5,7.487
18766.08,100.5,7.487
18767.08,100.5,7.487
18768.09,100.5,7.487
18769.09,102.5,7.487
18770.1,100.5,7.487
18771.1,99.5,7.487
18772.11,101.5,7.487
18773.11,100.5,7.487
18774.12,100.5,7.487
18775.12,100.5,7.487
18776.13,100.5,7.487
18777.13,101.5,7.487
18778.14,100.5,7.487
18779.14,99.5,7.487
18780.15,123.4,7.5884
18781.15,100.5,7.5884
18782.16,100.5,7.5884
18783.17,101.5,7.5884
18784.17,100.5,7.5884
18785.18,100.5,7.5884
18786.18,101.5,7.5884
18787.19,101.5,7.5884
18788.19,101.5,7.5884
18789.2,100.5,7.5884
18790.2,100.5,7.5884
18791.21,99.5,7.5989
18792.21,101.5,7.6072
18793.22,100.4,7.615
18794.22,100.5,7.6222
18795.23,99.5,7.628
18796.23,101.5,7.6356
18797.24,100.5,7.6418
18798.24,100.5,7.6514
18799.25,100.5,7.6597
18800.25,100.5,7.6665
18801.26,100.5,7.672
18802.27,99.5,7.6795
18803.27,101.5,7.6863
18804.28,101.5,7.6873
18805.28,101.8,7.6873
18806.28,99.5,7.6873
18807.29,102.5,7.6873
18808.29,99.8,7.6873
18809.3,101.5,7.6873
18810.3,101.5,7.6873
18811.31,100.5,7.6873
18812.31,99.5,7.6873
18813.32,100.4,7.6873
18814.32,101.5,7.6873
18815.33,101.5,7.6873
18816.33,99.5,7.6873
18817.34,101.5,7.6873
18818.34,100.4,7.6873
18819.35,100.5,7.6873
18820.35,100.7,7.6873
18821.36,100.5,7.6873
18822.36,101.5,7.6873
18823.37,101.2,7.6873
18824.38,99.5,7.6873
18825.38,99.6,7.6873
18826.39,102.5,7.6873
18827.39,100.5,7.6873
18828.4,100.5,7.6873
18829.4,100.5,7.6873
18830.41,99.6,7.6873
18831.41,101.6,7.6873
18832.41,100.5,7.6873
18833.42,101.3,7.6873
18834.43,99.5,7.6873
18835.43,100.5,7.6873
18836.44,100.5,7.6873
18837.45,100.2,7.6873
18838.45,102.5,7.6873
18839.46,100.5,7.6873
18840.46,100.5,7.6873
18841.47,102.5,7.6873
18842.47,99.5,7.6873
18843.48,99.5,7.6873
18844.48,101.5,7.6873
18845.49,99.5,7.6873
18846.49,100.5,7.6873
18847.5,100.6,7.6873
18848.5,100.5,7.6873
18849.51,100.6,7.6873
18850.51,99.8,7.6873
18851.51,101.5,7.6873
18852.52,99.5,7.6873
18853.52,100.5,7.6873
18854.53,101.5,7.6873
18855.53,101.4,7.6873
18856.54,100.5,7.6873
18857.54,101.5,7.6873
18858.55,101.5,7.6873
18859.55,100.5,7.6873
18860.56,99.5,7.6873
18861.56,100.5,7.6873
18862.57,102.5,7.6873
18863.57,100.5,7.6873
18864.58,98.7,7.6873
18865.58,100.6,7.6873
18866.58,100.7,7.6873
18867.59,100.5,7.6873
18868.59,100.5,7.6873
18869.6,101.5,7.6873
18870.6,99.5,7.6873
18871.61,101.5,7.6873
18872.61,99.7,7.6873
18873.62,101.5,7.6873
18874.62,100.5,7.6873
18875.63,99.5,7.6873
18876.63,100.5,7.6873
18877.64,101.5,7.6873
18878.64,100.5,7.6873
18879.65,100.5,7.6873
18880.65,100.5,7.6873
18881.66,100.2,7.6873
18882.67,102.5,7.6873
18883.67,99.5,7.6873
18884.68,102.5,7.6873
18885.68,100.5,7.6873
18886.69,100.6,7.6873
18887.69,99.7,7.6873
18888.69,100.8,7.6873
18889.7,100.5,7.6873
18890.7,101.5,7.6873
18891.71,103.5,7.6873
18892.71,99.5,7.6873
18893.72,100.5,7.6873
18894.72,100.5,7.6873
18895.73,100.5,7.6873
18896.73,101.5,7.6873
18897.74,99.5,7.6873
18898.74,100.5,7.6873
18899.75,101.5,7.6873
18900.75,102.5,7.6873
18901.76,100.5,7.6873
18902.76,99.5,7.6873
18903.77,101.5,7.6873
18904.77,100.5,7.6873
18905.78,101.5,7.6873
18906.78,100.5,7.6873
18907.79,100.5,7.6873
18908.79,0.0,2.3944
18909.8,334.0,2.6753
18910.8,362.6,2.9276
18911.8,330.3,3.2434
18912.81,313.7,3.523
18913.81,310.5,3.8369
18914.82,1.0,2.366
18915.82,357.1,2.7041
18916.82,347.2,2.9015
18917.83,318.6,3.1514
18918.83,307.4,3.4086
18919.84,307.6,3.6543
18920.84,306.4,3.9042
18921.84,321.6,4.3391
18922.85,267.8,4.8437
18923.85,217.0,5.3518
18924.86,289.5,5.8697
18925.86,299.4,6.4029
18926.87,229.0,6.9003
18927.87,293.5,7.3946
18928.88,299.5,7.5563
18929.88,299.6,7.5944
18930.89,269.6,7.6196
18931.9,201.9,7.6196
18932.9,202.9,7.6196
18933.91,150.3,7.6221
18934.91,101.5,7.5936
18935.92,142.3,7.7409
18936.92,103.5,7.7409
18937.93,104.6,7.7409
18938.93,104.5,7.7409
18939.94,103.5,7.741
18940.94,121.4,7.741
18941.95,108.5,7.741
18942.95,107.5,7.741
18943.96,99.5,7.741
18944.96,120.4,7.7417
18945.97,104.5,7.742
18946.97,164.2,7.742
18947.98,152.2,7.742
18948.98,108.5,7.742
18949.99,101.5,7.742
18950.99,101.5,7.742
18952.0,100.5,7.742
18953.0,101.5,7.742
18954.01,100.5,7.742
18955.01,100.6,7.742
18956.02,100.5,7.742
18957.02,101.5,7.742
18958.03,100.5,7.742
18959.03,100.5,7.742
18960.04,101.5,7.742
18961.04,100.5,7.742
18962.05,100.5,7.742
18963.05,101.5,7.742
18964.06,100.5,7.742
18965.06,101.5,7.742
18966.07,100.5,7.742
18967.07,100.5,7.742
18968.08,100.5,7.742
18969.08,101.5,7.742
18970.09,101.5,7.742
18971.09,100.5,7.742
18972.1,100.5,7.742
18973.11,101.5,7.742
18974.11,101.5,7.742
18975.12,99.5,7.742
18976.12,99.5,7.742
18977.13,101.5,7.742
18978.13,100.5,7.742
18979.14,100.5,7.742
18980.14,101.5,7.742
18981.15,100.5,7.742
18982.15,101.5,7.742
18983.16,100.5,7.742
18984.16,99.5,7.742
18985.17,101.5,7.742
18986.17,100.5,7.742
18987.18,102.6,7.742
18988.18,101.5,7.742
18989.19,100.5,7.742
18990.19,100.5,7.742
18991.2,99.5,7.742
18992.2,101.5,7.742
18993.21,100.7,7.742
18994.21,100.5,7.742
18995.22,99.5,7.742
18996.22,102.5,7.742
18997.23,100.5,7.742
18998.23,100.5,7.742
18999.24,101.5,7.742
19000.24,101.5,7.742
19001.25,100.5,7.742
19002.25,100.5,7.742
19003.26,99.5,7.742
19004.26,101.5,7.742
19005.27,100.5,7.742
19006.27,101.5,7.742
19007.28,99.6,7.742
19008.28,101.5,7.742
19009.29,100.5,7.742
19010.29,100.5,7.742
19011.3,100.5,7.742
19012.3,101.5,7.7423
19013.31,99.5,7.7423
19014.31,101.5,7.7423
19015.32,100.5,7.7423
19016.32,100.5,7.7423
19017.33,101.6,7.7423
19018.33,100.5,7.7423
19019.34,100.5,7.7423
19020.35,102.5,7.7423
19021.35,100.5,7.7423
19022.36,99.5,7.7423
19023.36,100.5,7.7423
19024.37,100.5,7.7423
19025.37,101.5,7.7423
19026.38,101.5,7.7423
19027.38,99.5,7.7423
19028.39,101.5,7.7423
19029.39,100.5,7.7423
19030.4,100.5,7.7423
19031.4,100.5,7.7423
19032.41,102.5,7.7423
19033.41,101.5,7.7423
19034.42,100.5,7.7423
19035.42,101.5,7.7423
19036.43,99.5,7.7423
19037.43,100.5,7.7423
19038.44,101.5,7.7423
19039.44,99.5,7.7423
19040.45,101.5,7.7423
19041.45,100.5,7.7423
19042.46,99.5,7.7423
19043.46,101.5,7.7423
19044.47,101.5,7.7423
19045.47,99.5,7.7423
19046.48,101.5,7.7423
19047.48,100.5,7.7423
19048.49,100.5,7.7423
19049.5,100.5,7.7423
19050.5,100.5,7.7423
19051.51,100.5,7.7423
19052.51,100.5,7.7423
19053.52,101.5,7.7423
19054.52,101.5,7.7423
19055.53,100.5,7.7423
19056.53,100.5,7.7423
19057.54,99.5,7.7423
19058.54,101.5,7.7423
19059.55,102.5,7.7423
19060.55,98.5,7.7423
19061.56,100.5,7.7423
19062.56,102.5,7.7423
19063.57,99.5,7.7423
19064.57,100.5,7.7423
19065.58,100.5,7.7423
19066.58,101.4,7.7423
19067.59,100.5,7.7423
19068.59,100.5,7.7423
19069.6,100.5,7.7423
19070.6,100.5,7.7423
19071.61,101.5,7.7423
19072.61,101.5,7.7423
19073.62,99.5,7.7423
19074.62,102.5,7.7423
19075.63,99.5,7.7423
19076.63,100.5,7.7423
19077.64,101.5,7.7423
19078.64,100.5,7.7423
19079.65,100.5,7.7423
19080.65,100.5,7.7423
19081.66,100.5,7.7423
19082.67,101.5,7.7423
19083.67,100.5,7.7423
19084.68,101.5,7.7423
19085.68,99.5,7.7423
19086.69,100.5,7.7423
19087.69,100.5,7.7423
19088.7,101.5,7.7423
19089.7,101.5,7.7423
19090.71,100.5,7.7423
19091.71,100.5,7.7423
19092.72,100.5,7.7423
19093.72,101.5,7.7423
19094.73,100.5,7.7423
19095.73,99.5,7.7423
19096.74,101.5,7.7423
19097.74,101.5,7.7423
19098.75,99.5,7.7423
19099.75,101.5,7.7423
19100.76,101.5,7.7423
19101.76,100.5,7.7423
19102.77,99.5,7.7423
19103.77,101.5,7.7423
19104.78,101.5,7.7423
19105.78,100.5,7.7423
19106.79,101.5,7.7423
19107.79,101.5,7.7423
19108.8,100.5,7.7423
19109.8,99.5,7.7423
19110.81,100.5,7.7423
19111.81,100.5,7.7423
19112.82,100.6,7.7423
19113.82,100.5,7.7423
19114.83,100.5,7.7423
19115.83,100.5,7.7423
19116.84,99.5,7.7423
19117.84,103.5,7.7423
19118.85,101.5,7.7423
19119.85,100.5,7.7423
19120.86,100.5,7.7423
19121.86,100.5,7.7423
19122.87,101.5,7.7423
19123.88,99.4,7.7423
19124.88,101.5,7.7423
19125.89,100.5,7.7423
19126.89,100.5,7.7423
19127.9,100.4,7.7423
19128.9,100.6,7.7423
19129.91,101.5,7.7423
19130.91,101.6,7.7423
19131.92,101.5,7.7423
19132.92,99.5,7.7423
19133.93,101.5,7.7423
19134.93,99.5,7.7423
19135.94,100.5,7.7423
19136.94,101.5,7.7423
19137.95,99.5,7.7423
19138.95,101.5,7.7423
19139.96,100.5,7.7423
19140.96,101.5,7.7424
19141.97,100.5,7.7424
19142.97,101.5,7.7424
19143.98,99.5,7.7424
19144.98,100.5,7.7424
19145.99,101.5,7.7424
19146.99,99.5,7.7424
19148.0,101.5,7.7424
19149.0,101.5,7.7424
19150.01,99.5,7.7424
19151.01,101.5,7.7424
19152.02,101.5,7.7424
19153.02,100.5,7.7424
19154.03,99.5,7.7424
19155.03,101.5,7.7424
19156.04,100.5,7.7424
19157.04,100.5,7.7424
19158.05,100.5,7.7424
19159.05,100.5,7.7424
19160.06,100.5,7.7424
19161.06,100.5,7.7424
19162.07,103.6,7.7424
19163.07,99.5,7.7424
19164.08,101.5,7.7424
19165.08,99.5,7.7424
19166.09,101.5,7.7424
19167.09,100.5,7.7424
19168.1,99.5,7.7424
19169.11,100.5,7.7424
19170.11,102.5,7.7424
19171.12,100.5,7.7424
19172.12,100.5,7.7424
19173.13,101.5,7.7424
19174.13,101.5,7.7424
19175.14,100.5,7.7424
19176.14,100.5,7.7424
19177.15,100.5,7.7424
19178.15,99.5,7.7424
19179.16,101.5,7.7424
19180.16,99.5,7.7424
19181.17,102.5,7.7424
19182.17,100.5,7.7424
19183.18,100.5,7.7424
19184.18,101.5,7.7424
19185.19,101.6,7.7424
19186.19,100.5,7.7424
19187.2,101.5,7.7424
19188.2,99.5,7.7424
19189.21,101.5,7.7424
19190.21,100.5,7.7424
19191.22,100.5,7.7424
19192.22,101.6,7.7424
19193.23,99.5,7.7424
19194.23,102.5,7.7424
19195.24,101.5,7.7424
19196.24,100.5,7.7424
19197.25,99.5,7.7424
19198.25,99.5,7.7424
19199.26,101.5,7.7424
19200.26,99.5,7.7424
19201.27,101.5,7.7424
19202.27,100.5,7.7424
19203.28,101.5,7.7424
19204.28,100.4,7.7424
19205.29,100.5,7.7424
19206.29,100.5,7.7424
19207.3,100.5,7.7424
19208.31,100.5,7.7424
19209.31,102.5,7.7424
19210.32,99.5,7.7424
19211.32,101.5,7.7424
19212.33,101.5,7.7424
19213.33,102.5,7.7424
19214.33,100.5,7.7424
19215.34,2.0,2.4776
19216.34,343.9,2.7239
19217.35,345.3,2.9402
19218.35,332.3,3.2038
19219.36,313.4,3.4624
19220.36,311.5,3.7272
19221.37,322.3,4.1072
19222.37,174.1,4.5727
19223.38,154.2,5.0775
19224.38,124.3,5.5893
19225.39,107.4,6.1108
19226.39,182.1,6.5481
19227.4,205.7,6.8935
19228.4,101.5,6.9696
19229.41,102.5,7.0083
19230.42,102.5,7.0521
19231.42,99.5,7.1075
19232.43,101.5,7.1661
19233.43,102.5,7.2056
19234.44,135.3,7.3284
19235.44,108.4,7.3284
19236.45,100.5,7.3804
19237.45,100.5,7.3804
19238.46,100.5,7.3804
19239.46,99.6,7.3804
19240.47,102.5,7.3804
19241.47,101.5,7.3804
19242.48,99.5,7.3804
19243.48,100.5,7.3804
19244.49,99.5,7.3804
19245.49,102.5,7.3804
19246.5,99.6,7.3804
19247.5,149.2,7.3808
19248.51,105.4,7.3808
19249.51,131.3,7.3808
19250.52,115.4,7.3808
19251.52,120.4,7.3808
19252.53,99.5,7.3808
19253.53,103.5,7.3808
19254.54,176.1,7.3808
19255.54,146.2,7.3809
19256.55,101.5,7.3809
19257.55,112.5,7.3809
19258.56,124.4,7.381
19259.56,100.5,7.381
19260.57,101.5,7.381
19261.57,101.5,7.4131
19262.58,101.5,7.481
19263.58,100.5,7.481
19264.59,100.5,7.481
19265.6,100.5,7.481
19266.6,100.5,7.481
19267.61,100.5,7.481
19268.61,101.5,7.481
19269.62,101.5,7.481
19270.62,99.5,7.481
19271.63,101.5,7.481
19272.63,101.5,7.481
19273.64,99.5,7.481
19274.64,101.5,7.481
19275.65,101.5,7.481
19276.65,105.5,7.481
19277.66,101.5,7.481
19278.66,99.5,7.481
19279.67,99.5,7.481
19280.67,101.5,7.481
19281.68,101.5,7.481
19282.68,100.5,7.481
19283.69,99.5,7.481
19284.69,102.6,7.481
19285.7,99.5,7.481
19286.7,101.5,7.481
19287.71,99.5,7.481
19288.71,101.6,7.481
19289.72,99.5,7.481
19290.72,101.5,7.481
19291.73,101.5,7.481
19292.73,99.5,7.481
19293.74,101.5,7.481
19294.74,100.5,7.481
19295.75,99.5,7.481
19296.75,101.5,7.481
19297.76,101.5,7.481
19298.76,100.5,7.481
19299.77,100.5,7.481
19300.77,100.5,7.481
19301.78,100.5,7.481
19302.78,101.5,7.481
19303.79,101.5,7.481
19304.79,99.5,7.481
19305.8,101.5,7.4811
19306.8,99.5,7.4811
19307.81,102.4,7.4811
19308.82,101.5,7.4811
19309.82,1.0,2.3327
19310.83,290.5,2.5047
19311.83,2.0,2.3313
19312.84,296.7,2.504
19313.84,339.2,2.6475
19314.84,0.0,2.4573
19315.85,299.3,2.58
19316.85,2.0,2.4969
19317.86,1.0,2.3339
19318.86,290.5,2.5068
19319.86,331.2,2.6638
19320.87,0.0,2.3683
19321.87,331.9,2.5378
19322.88,2.0,2.3494
19323.88,303.4,2.5137
19324.88,0.0,2.3488
19325.89,351.0,2.5524
19326.89,2.0,2.3515
19327.89,343.0,2.588
19328.9,362.4,2.9544
19329.9,322.8,3.3663
19330.91,327.6,3.6568
19331.91,221.8,3.7744
19332.92,113.4,3.8742
19333.92,105.5,3.9511
19334.93,108.4,4.0246
19335.93,106.4,4.094
19336.94,119.4,4.152
19337.94,165.2,4.2213
19338.95,202.0,4.3263
19339.95,108.4,4.3593
19340.96,104.5,4.4134
19341.96,101.5,4.4486
19342.97,100.5,4.5019
19343.97,103.5,4.5552
19344.98,100.5,4.6072
19345.98,101.5,4.6561
19346.99,100.5,4.7059
19347.99,101.5,4.7528
19349.0,99.5,4.7917
19350.0,100.5,4.8389
19351.01,103.5,4.881
19352.01,101.5,4.9177
19353.02,102.5,4.9435
19354.02,99.5,4.9875
19355.03,107.5,5.0251
19356.03,109.4,5.0676
19357.04,103.5,5.1088
19358.04,99.5,5.1475
19359.05,100.6,5.1901
19360.05,100.5,5.2296
19361.06,104.5,5.2686
19362.06,100.5,5.3112
19363.07,102.5,5.3466
19364.07,100.5,5.3934
19365.08,99.5,5.414
19366.08,101.6,5.4513
19367.09,99.5,5.4869
19368.09,102.5,5.524
19369.1,98.3,5.5456
19370.11,101.4,5.5794
19371.11,100.5,5.6124
19372.12,101.5,5.6482
19373.12,101.5,5.6831
19374.13,100.5,5.7188
19375.13,100.5,5.751
19376.14,101.5,5.7854
19377.14,100.4,5.8214
19378.15,100.5,5.8548
19379.15,99.6,5.8852
19380.16,101.5,5.92
19381.16,100.5,5.9517
19382.17,100.5,5.9826
19383.17,101.5,6.0061
19384.18,101.5,6.0367
19385.18,100.5,6.0688
19386.19,101.5,6.1015
19387.19,99.5,6.1194
19388.2,99.5,6.1388
19389.21,111.4,6.161
19390.21,272.8,6.2467
19391.21,301.4,6.3732
19392.22,164.2,6.4081
19393.22,105.5,6.4466
19394.23,102.5,6.4871
19395.23,101.5,6.5355
19396.24,99.6,6.5771
19397.24,102.5,6.5919
19398.25,102.5,6.6274
19399.25,99.5,6.6716
19400.26,101.5,6.7096
19401.26,100.5,6.7422
19402.27,100.8,6.775
19403.27,108.4,6.8147
19404.27,103.7,6.8498
19405.28,104.5,6.9049
19406.28,101.5,6.9582
19407.29,110.4,7.0079
19408.3,102.5,7.0597
19409.3,1.0,2.3393
19410.3,342.5,2.6665
19411.31,359.0,2.8342
19412.31,322.4,3.0853
19413.32,310.4,3.3845
19414.32,309.4,3.6209
19415.33,320.3,3.9335
19416.33,210.3,4.4125
19417.34,182.1,4.9241
19418.34,125.4,5.4521
19419.34,125.7,5.9671
19420.35,112.4,6.4779
19421.35,189.2,6.9875
19422.36,221.9,7.3249
19423.36,100.5,7.4248
19424.37,104.4,7.4248
19425.37,101.6,7.4248
19426.38,106.4,7.4248
19427.38,134.3,7.4248
19428.39,127.3,7.4248
19429.39,106.5,7.4244
19430.4,101.5,7.4244
19431.4,105.4,7.4244
19432.41,102.5,7.4244
19433.41,99.5,7.4244
19434.42,101.5,7.4244
19435.42,99.5,7.4244
19436.43,101.5,7.4244
19437.44,99.5,7.424
19438.44,100.5,7.424
19439.45,101.5,7.424
19440.45,100.5,7.424
19441.46,100.5,7.424
19442.46,101.5,7.424
19443.47,99.5,7.424
19444.47,100.5,7.424
19445.48,101.5,7.424
19446.48,122.5,7.5227
19447.49,102.5,7.5227
19448.49,100.5,7.5454
19449.5,100.5,7.6227
19450.5,100.5,7.6227
19451.51,114.4,7.6227
19452.51,101.5,7.6223
19453.52,99.5,7.6223
19454.52,100.7,7.6223
19455.52,100.5,7.6223
19456.53,101.6,7.6223
19457.53,99.5,7.6223
19458.54,109.4,7.6223
19459.54,100.5,7.6223
19460.55,100.5,7.6223
19461.55,100.5,7.6223
19462.56,101.5,7.6223
19463.56,101.7,7.6222
19464.57,159.3,7.6218
19465.57,101.5,7.6218
19466.58,108.4,7.6218
19467.58,112.4,7.6218
19468.59,113.5,7.6218
19469.59,135.4,7.6218
19470.6,99.5,7.6218
19471.6,101.5,7.6218
19472.61,100.5,7.6218
19473.61,101.5,7.6218
19474.62,99.5,7.6218
19475.62,101.5,7.6218
19476.63,101.5,7.6218
19477.63,100.5,7.6218
19478.64,99.5,7.6218
19479.64,104.5,7.6218
19480.65,101.5,7.6218
19481.65,99.5,7.6218
19482.66,104.5,7.6218
19483.66,101.5,7.6218
19484.67,101.5,7.6218
19485.67,100.5,7.6218
19486.68,99.5,7.6218
19487.68,101.5,7.6218
19488.69,104.5,7.6218
19489.69,101.5,7.6218
19490.7,99.5,7.6218
19491.71,101.5,7.6218
19492.71,102.5,7.6218
19493.72,100.5,7.6218
19494.72,101.5,7.6218
19495.73,100.5,7.6218
19496.73,100.5,7.6218
19497.74,101.5,7.6218
19498.74,99.5,7.6218
19499.75,101.5,7.6218
19500.75,100.5,7.6218
19501.76,99.5,7.6218
19502.76,101.6,7.6218
19503.77,101.5,7.6218
19504.77,99.5,7.6218
19505.78,103.5,7.6218
19506.78,100.5,7.6218
19507.79,100.5,7.6218
19508.79,100.5,7.6218
19509.8,100.5,7.6218
19510.8,101.5,7.6218
19511.81,101.5,7.6218
19512.81,100.5,7.6218
19513.82,101.5,7.6218
19514.82,100.5,7.6218
19515.83,100.5,7.6218
19516.83,100.5,7.6218
19517.84,101.5,7.6218
19518.84,101.5,7.6218
19519.85,99.5,7.6218
19520.85,101.5,7.6218
19521.86,101.5,7.6218
19522.86,104.5,7.6218
19523.87,100.6,7.6218
19524.87,100.5,7.6218
19525.88,100.5,7.6218
19526.88,99.5,7.6218
19527.89,102.5,7.6218
19528.9,101.5,7.6218
19529.9,99.5,7.6218
19530.91,101.5,7.6218
19531.91,99.5,7.6218
19532.92,100.5,7.6218
19533.92,102.5,7.6218
19534.93,102.5,7.6218
19535.93,107.5,7.6218
19536.94,101.5,7.6218
19537.94,100.5,7.6218
19538.95,100.5,7.6218
19539.95,101.5,7.6218
19540.96,101.5,7.6218
19541.96,102.5,7.6218
19542.97,100.5,7.6218
19543.97,100.5,7.6218
19544.98,101.5,7.6218
19545.98,100.5,7.6218
19546.99,101.5,7.6218
19547.99,101.5,7.6218
19549.0,101.5,7.6218
19550.0,99.5,7.6218
19551.01,99.5,7.6218
19552.01,102.5,7.6218
19553.02,101.5,7.6218
19554.02,99.5,7.6218
19555.03,101.5,7.6218
19556.03,101.6,7.6218
19557.04,101.4,7.6218
19558.04,101.5,7.6218
19559.05,100.5,7.6218
19560.05,100.5,7.6218
19561.06,102.5,7.6218
19562.06,100.5,7.6218
19563.07,100.5,7.6218
19564.08,99.5,7.6218
19565.08,100.5,7.6218
19566.09,100.5,7.6218
19567.09,101.5,7.6218
19568.1,100.5,7.6218
19569.1,100.5,7.6218
19570.11,100.6,7.6218
19571.11,100.5,7.6218
19572.12,101.5,7.6218
19573.12,101.5,7.6218
19574.13,100.5,7.6218
19575.13,100.5,7.6218
19576.14,100.5,7.6218
19577.14,101.5,7.6218
19578.15,100.6,7.6218
19579.15,101.5,7.6218
19580.16,100.5,7.6218
19581.16,101.5,7.6218
19582.17,99.5,7.6218
19583.18,107.2,7.6223
19584.19,113.4,7.6226
19585.19,100.5,7.6226
19586.2,100.5,7.6226
19587.2,102.5,7.6226
19588.21,99.5,7.6226
19589.21,100.5,7.6226
19590.22,100.5,7.6226
19591.22,103.5,7.6226
19592.23,101.5,7.6226
19593.23,102.5,7.6226
19594.24,99.5,7.6226
19595.24,104.5,7.6226
19596.25,100.5,7.6226
19597.25,101.5,7.6226
19598.26,100.5,7.6226
19599.26,100.5,7.6226
19600.27,101.5,7.6226
19601.28,100.5,7.6226
19602.28,101.5,7.6226
19603.29,100.5,7.6226
19604.29,99.5,7.6226
19605.3,101.5,7.6226
19606.3,100.5,7.6226
19607.31,99.5,7.6226
19608.31,101.5,7.6226
19609.32,100.5,7.6226
19610.32,100.5,7.6226
19611.33,100.5,7.6226
19612.33,100.5,7.6226
19613.34,102.5,7.6226
19614.34,100.5,7.6226
19615.35,99.5,7.6226
19616.35,99.5,7.6226
19617.36,101.5,7.6226
19618.36,101.5,7.6226
19619.37,100.5,7.6226
19620.37,100.5,7.6226
19621.38,101.5,7.6226
19622.38,100.5,7.6226
19623.39,99.6,7.6226
19624.39,101.5,7.6226
19625.4,100.5,7.6226
19626.4,101.5,7.6226
19627.41,101.5,7.6226
19628.41,100.5,7.6226
19629.42,99.5,7.6226
19630.42,99.5,7.6226
19631.43,102.5,7.6226
19632.43,99.5,7.6226
19633.44,100.5,7.6226
19634.45,100.5,7.6226
19635.45,101.5,7.6226
19636.46,100.5,7.6226
19637.46,98.5,7.6226
19638.47,101.4,7.6226
19639.47,101.5,7.6226
19640.48,100.5,7.6226
19641.48,100.5,7.6226
19642.49,101.5,7.6226
19643.49,100.5,7.6226
19644.5,99.5,7.6226
19645.5,101.5,7.6226
19646.51,101.5,7.6226
19647.51,99.5,7.6226
19648.52,100.5,7.6226
19649.52,101.5,7.6226
19650.53,100.5,7.6226
19651.53,100.5,7.6226
19652.54,100.6,7.6226
19653.54,101.5,7.6226
19654.55,101.5,7.6226
19655.55,100.5,7.6226
19656.56,102.5,7.6226
19657.56,102.5,7.6226
19658.57,99.5,7.6226
19659.57,100.5,7.6226
19660.58,101.5,7.6226
19661.58,100.5,7.6226
19662.59,99.5,7.6226
19663.59,100.5,7.6228
19664.6,100.5,7.6228
19665.6,102.5,7.6228
19666.61,100.5,7.6228
19667.61,100.6,7.6228
19668.62,100.5,7.6228
19669.62,101.5,7.6228
19670.63,100.5,7.6228
19671.63,99.5,7.6228
19672.64,101.5,7.6228
19673.64,100.5,7.6228
19674.65,99.5,7.6228
19675.65,102.5,7.6228
19676.66,99.5,7.6228
19677.66,101.5,7.6228
19678.67,99.6,7.6228
19679.67,101.5,7.6228
19680.68,99.5,7.6228
19681.68,102.5,7.6228
19682.69,100.5,7.6228
19683.7,99.5,7.6228
19684.7,100.5,7.6228
19685.71,101.5,7.6228
19686.71,101.5,7.6228
19687.72,100.5,7.6228
19688.72,99.5,7.6228
19689.73,102.5,7.6228
19690.73,100.5,7.6228
19691.74,99.5,7.6228
19692.74,102.5,7.6228
19693.75,99.5,7.6228
19694.75,100.5,7.6228
19695.76,101.5,7.6228
19696.76,102.5,7.6228
19697.77,99.6,7.6228
19698.77,100.5,7.6228
19699.78,100.5,7.6228
19700.78,100.5,7.6228
19701.79,100.5,7.6228
19702.79,100.5,7.6228
19703.8,101.5,7.6228
19704.8,99.5,7.6228
19705.81,100.5,7.6228
19706.81,101.5,7.6228
19707.82,100.5,7.6228
19708.82,100.5,7.6228
19709.83,1.0,2.4057
19710.83,347.1,2.6403
19711.83,358.2,2.8526
19712.84,2.0,2.4418
19713.84,342.1,2.6459
19714.85,0.0,2.3434
19715.85,321.1,2.5246
19716.86,17.9,2.5087
19717.86,317.5,2.8383
19718.87,311.6,3.2006
19719.87,255.3,3.3621
19720.87,344.2,3.5902
19721.88,325.3,3.956
19722.88,311.3,4.25
19723.89,305.4,4.5322
19724.89,304.4,4.7542
19725.9,301.4,5.0241
19726.9,304.6,5.2726
19727.91,303.4,5.46
19728.91,303.6,5.6227
19729.92,301.4,5.8138
19730.92,303.4,5.9851
19731.93,301.4,6.121
19732.93,303.5,6.3159
19733.94,300.6,6.4564
19734.94,303.9,6.5938
19735.95,250.6,6.7413
19736.96,184.0,6.8691
19737.96,149.3,7.0067
19738.97,100.5,7.0851
19739.97,126.5,7.1716
19740.97,251.7,7.7146
19741.98,130.3,7.7295
19742.99,107.4,7.7295
19743.99,178.1,7.7295
19745.0,100.5,7.7295
19746.0,144.3,7.7297
19747.01,214.9,7.7297
19748.01,109.4,7.7297
19749.02,101.5,7.7297
19750.02,105.4,7.7297
19751.03,114.4,7.7297
19752.03,103.4,7.7297
19753.04,169.1,7.7866
19754.04,102.5,7.8297
19755.05,134.3,7.8297
19756.05,196.0,7.8297
19757.06,153.2,7.8297
19758.06,181.4,7.8297
19759.07,131.3,7.8297
19760.07,101.5,7.8297
19761.08,100.5,7.8297
19762.08,103.4,7.8297
19763.09,102.5,7.8297
19764.09,109.4,7.8297
19765.1,103.4,7.8297
19766.11,118.4,7.8297
19767.11,102.5,7.8297
19768.12,101.5,7.8297
19769.12,101.5,7.8297
19770.13,124.3,7.8297
19771.13,103.5,7.8297
19772.14,140.3,7.8297
19773.14,102.4,7.8297
19774.15,102.5,7.8297
19775.15,117.5,7.8297
19776.16,101.5,7.8297
19777.16,100.5,7.8297
19778.17,101.5,7.8297
19779.17,100.5,7.8297
19780.18,98.5,7.8297
19781.18,102.5,7.8297
19782.19,100.5,7.8297
19783.2,100.5,7.8297
19784.2,120.4,7.8297
19785.21,104.4,7.8297
19786.21,100.5,7.8297
19787.22,101.5,7.8297
19788.22,102.5,7.8297
19789.23,100.5,7.8297
19790.23,108.4,7.8297
19791.24,100.5,7.8297
19792.24,100.5,7.8297
19793.25,103.5,7.8297
19794.25,100.5,7.8297
19795.26,102.5,7.8297
19796.26,100.5,7.8297
19797.27,100.5,7.8297
19798.27,103.5,7.8297
19799.28,100.5,7.8297
19800.28,101.5,7.8297
19801.29,101.5,7.8297
19802.3,99.5,7.8297
19803.3,103.5,7.8297
19804.31,103.5,7.8297
19805.31,108.4,7.8297
19806.32,104.4,7.8297
19807.32,101.5,7.8297
19808.33,100.5,7.8297
19809.33,100.5,7.8297
19810.34,102.5,7.8297
19811.34,100.5,7.8297
19812.35,101.5,7.8297
19813.35,100.5,7.8297
19814.36,111.4,7.8297
19815.36,103.4,7.8297
19816.37,103.5,7.8297
19817.37,129.4,7.8297
19818.38,116.4,7.8297
19819.38,116.4,7.8297
19820.39,103.5,7.8297
19821.4,100.5,7.8297
19822.4,103.5,7.8297
19823.41,124.3,7.8297
19824.41,117.4,7.8297
19825.42,103.5,7.8297
19826.42,101.5,7.8297
19827.43,101.4,7.8297
19828.43,114.4,7.8297
19829.44,256.3,8.2255
19830.44,221.9,8.3134
19831.45,103.5,8.3134
19832.45,108.4,8.3134
19833.46,100.5,8.3134
19834.46,99.5,8.3134
19835.47,102.4,8.3134
19836.47,99.5,8.3134
19837.48,100.5,8.3134
19838.48,131.4,8.3134
19839.49,101.5,8.3134
19840.49,100.5,8.3134
19841.5,101.5,8.3134
19842.5,103.5,8.3134
19843.51,101.5,8.3134
19844.51,167.2,8.3134
19845.52,199.0,8.3134
19846.52,100.5,8.3134
19847.53,100.5,8.3134
19848.53,100.6,8.3134
19849.54,100.5,8.3134
19850.54,100.5,8.3134
19851.55,102.5,8.3134
19852.55,101.5,8.3134
19853.56,100.5,8.3134
19854.56,105.5,8.3134
19855.57,100.5,8.3134
19856.57,99.5,8.3134
19857.58,143.2,8.3134
19858.59,111.4,8.3134
19859.59,100.5,8.3134
19860.6,100.5,8.3134
19861.6,100.5,8.3134
19862.61,101.5,8.3134
19863.61,100.5,8.3134
19864.62,100.5,8.3134
19865.62,101.5,8.3134
19866.63,99.5,8.3134
19867.63,100.5,8.3134
19868.64,99.5,8.3134
19869.64,101.5,8.3134
19870.65,101.5,8.3134
19871.65,99.5,8.3134
19872.66,101.5,8.3134
19873.66,101.5,8.3134
19874.67,99.5,8.3134
19875.67,102.5,8.3134
19876.68,100.5,8.3134
19877.69,101.5,8.3134
19878.69,99.5,8.3134
19879.7,102.5,8.3134
19880.7,100.5,8.3134
19881.71,100.5,8.3134
19882.71,102.5,8.3134
19883.72,100.5,8.3134
19884.72,99.5,8.3134
19885.73,107.5,8.3134
19886.73,100.5,8.3134
19887.74,100.5,8.3134
19888.74,101.5,8.3134
19889.75,100.5,8.3134
19890.75,100.5,8.3134
19891.76,101.5,8.3134
19892.76,119.4,8.3134
19893.77,181.0,8.3134
19894.77,196.0,8.3134
19895.78,100.5,8.3134
19896.78,101.5,8.3134
19897.79,111.4,8.3134
19898.79,115.5,8.3134
19899.8,101.5,8.3134
19900.8,100.5,8.3134
19901.81,101.5,8.3134
19902.81,124.3,8.3134
19903.82,170.1,8.3134
19904.82,100.5,8.3134
19905.83,99.5,8.3134
19906.83,104.5,8.3134
19907.84,101.5,8.3134
19908.85,100.5,8.3134
19909.85,103.5,8.3134
19910.86,99.5,8.3134
19911.86,101.5,8.3134
19912.87,100.5,8.3134
19913.87,99.5,8.3134
19914.88,100.5,8.3134
19915.88,102.5,8.3134
19916.89,99.5,8.3134
19917.89,101.5,8.3134
19918.9,100.5,8.3134
19919.9,103.5,8.3134
19920.91,100.5,8.3134
19921.91,100.5,8.3134
19922.92,102.5,8.3134
19923.92,100.5,8.3134
19924.93,100.5,8.3134
19925.93,100.5,8.3134
19926.94,101.5,8.3134
19927.94,100.5,8.3134
19928.95,118.4,8.3134
19929.95,99.5,8.3134
19930.96,99.5,8.3134
19931.96,102.5,8.3134
19932.97,101.5,8.3134
19933.98,100.5,8.3134
19934.98,100.5,8.3134
19935.99,101.5,8.3134
19936.99,101.5,8.3134
19938.0,101.5,8.3134
19939.0,99.5,8.3134
19940.01,101.5,8.3134
19941.01,99.5,8.3134
19942.02,101.5,8.3134
19943.02,100.5,8.3134
19944.03,101.5,8.3134
19945.03,99.5,8.3134
19946.04,99.5,8.3134
19947.04,106.5,8.3134
19948.05,99.5,8.3134
19949.05,102.5,8.3134
19950.06,101.5,8.3134
19951.06,99.5,8.3134
19952.07,100.5,8.3134
19953.07,101.5,8.3134
19954.08,101.5,8.3134
19955.08,100.5,8.3134
19956.09,101.5,8.3134
19957.09,101.5,8.3134
19958.1,100.5,8.3134
19959.1,99.5,8.3134
19960.11,101.5,8.3134
19961.12,100.5,8.3134
19962.12,99.5,8.3134
19963.13,102.5,8.3134
19964.13,99.5,8.3134
19965.14,102.5,8.3134
19966.14,99.5,8.3134
19967.15,102.5,8.3134
19968.15,101.5,8.3134
19969.16,99.5,8.3134
19970.16,101.5,8.3134
19971.17,99.5,8.3134
19972.17,101.5,8.3134
19973.18,99.5,8.3134
19974.18,101.6,8.3134
19975.19,101.5,8.3134
19976.19,100.5,8.3134
19977.2,100.5,8.3134
19978.2,103.5,8.3134
19979.21,99.5,8.3134
19980.21,100.5,8.3134
19981.22,100.5,8.3134
19982.22,102.5,8.3134
19983.23,99.5,8.3134
19984.23,100.5,8.3134
19985.24,101.5,8.3134
19986.24,100.5,8.3134
19987.25,100.5,8.3134
19988.25,101.5,8.3134
19989.26,100.5,8.3134
19990.26,99.5,8.3134
19991.27,100.5,8.3134
19992.27,101.5,8.3134
19993.28,100.5,8.3134
19994.28,100.5,8.3134
19995.29,101.5,8.3134
19996.3,100.5,8.3134
19997.3,103.5,8.3134
19998.31,99.5,8.3134
19999.31,101.5,8.3134
20000.32,101.5,8.3134
20001.32,100.5,8.3134
20002.33,99.6,8.3134
20003.33,104.5,8.3134
20004.34,102.5,8.3134
20005.34,207.4,8.388
20006.34,148.2,8.5019
20007.35,100.7,8.5019
20008.35,100.7,8.5019
20009.35,99.6,8.5019
20010.36,102.6,8.5019
20011.36,100.5,8.5019
20012.37,100.5,8.5019
20013.37,100.5,8.5019
20014.38,99.5,8.5019
20015.38,102.5,8.5019
20016.39,100.7,2.3667
20017.39,328.0,2.6005
20018.4,355.2,2.8161
20019.4,337.2,3.081
20020.41,312.5,3.3283
20021.41,311.3,3.6055
20022.42,318.5,3.9722
20023.42,296.4,4.456
20024.43,125.4,5.0322
20025.43,112.4,5.617
20026.44,104.5,6.1936
20027.44,115.4,6.7625
20028.45,164.9,7.3004
20029.45,136.4,7.3526
20030.46,127.3,7.3527
20031.46,106.4,7.3464
20032.47,102.5,7.3464
20033.47,117.4,7.4465
20034.48,101.5,7.4465
20035.48,101.5,7.4465
20036.49,118.4,7.4466
20037.49,101.6,7.4465
20038.5,131.3,7.5682
20039.5,99.5,7.5682
20040.51,99.5,7.5682
20041.51,101.5,7.5682
20042.52,101.5,7.5684
20043.52,100.5,7.5687
20044.53,101.5,7.5687
20045.54,117.4,7.5689
20046.54,101.5,7.5689
20047.55,101.5,7.5689
20048.55,100.5,7.5689
20049.56,100.5,7.5689
20050.56,101.5,7.5689
20051.57,100.5,7.5689
20052.57,100.5,7.5689
20053.58,114.4,7.569
20054.58,100.5,7.569
20055.59,101.5,7.569
20056.59,99.5,7.569
20057.6,101.5,7.569
20058.6,101.5,7.569
20059.61,99.5,7.569
20060.61,99.5,7.569
20061.62,117.4,7.5691
20062.62,99.5,7.5691
20063.63,100.5,7.5691
20064.63,100.8,7.5691
20065.64,100.5,7.5691
20066.64,100.5,7.5691
20067.65,101.6,7.5691
20068.65,118.4,7.642
20069.66,99.5,7.642
20070.66,101.5,7.642
20071.67,99.5,7.642
20072.67,102.5,7.642
20073.68,99.5,7.642
20074.68,101.5,7.642
20075.69,100.5,7.9754
20076.69,101.5,8.4624
20077.7,102.5,9.0009
20078.7,125.4,9.0638
20079.71,102.5,9.0638
20080.71,100.6,9.0638
20081.72,102.5,9.0638
20082.72,100.5,9.0638
20083.73,99.5,9.0638
20084.73,101.5,9.0638
20085.74,100.5,9.0638
20086.74,100.5,9.0638
20087.75,101.5,9.0641
20088.75,99.5,9.0641
20089.76,100.5,9.0641
20090.76,101.5,9.0641
20091.77,99.5,9.0641
20092.77,101.5,9.0641
20093.78,99.5,9.0641
20094.78,100.5,9.0641
20095.79,101.5,9.0641
20096.79,100.5,9.0641
20097.8,102.5,9.0641
20098.8,100.5,9.0641
20099.81,100.6,9.0641
20100.81,100.5,9.0641
20101.82,100.5,9.0641
20102.82,102.5,9.0641
20103.83,100.5,9.0641
20104.83,99.5,9.0641
20105.84,100.5,9.0641
20106.84,100.5,9.0641
20107.85,101.5,9.0641
20108.85,99.5,9.0641
20109.86,100.5,9.0641
20110.86,102.5,9.0641
20111.87,99.5,9.0641
20112.87,101.5,9.0641
20113.88,100.5,9.0641
20114.88,100.5,9.0641
20115.89,100.5,9.0641
20116.89,101.5,9.0643
20117.9,99.5,9.0643
20118.91,102.5,9.0643
20119.91,101.5,9.0643
20120.92,98.5,9.0643
20121.92,102.5,9.0643
20122.93,101.5,9.0643
20123.93,99.5,9.0643
20124.94,101.5,9.0643
20125.94,100.5,9.0646
20126.95,101.5,9.0646
20127.95,99.5,9.0646
20128.96,100.5,9.0646
20129.96,100.5,9.0646
20130.97,102.5,9.0646
20131.97,100.5,9.0646
20132.98,100.5,9.0646
20133.98,101.5,9.0646
20134.99,101.5,9.0646
20135.99,100.5,9.0646
20137.0,101.5,9.0646
20138.0,100.5,9.0646
20139.01,99.5,9.0646
20140.01,100.5,9.0646
20141.02,100.5,9.0646
20142.02,101.5,9.0646
20143.03,101.5,9.0646
20144.03,100.5,9.0646
20145.04,100.5,9.0646
20146.04,101.5,9.0646
20147.05,99.5,9.0646
20148.05,100.5,9.0646
20149.06,102.5,9.0646
20150.06,99.5,9.0646
20151.07,100.5,9.0646
20152.07,101.5,9.0646
20153.08,101.5,9.0646
20154.08,100.5,9.0646
20155.09,101.5,9.0646
20156.1,99.5,9.0646
20157.1,99.5,9.0646
20158.11,102.5,9.0646
20159.11,100.5,9.0646
20160.12,99.5,9.0646
20161.12,100.5,9.0646
20162.13,101.5,9.0646
20163.13,101.5,9.0646
20164.14,100.5,9.0647
20165.14,100.5,9.0647
20166.15,101.5,9.0647
20167.15,100.5,9.0647
20168.16,101.5,9.0647
20169.16,100.5,9.0647
20170.17,101.5,9.0647
20171.17,99.5,9.0647
20172.18,100.5,9.0647
20173.18,101.5,9.0647
20174.19,101.5,9.0647
20175.19,100.5,9.0647
20176.2,102.5,9.0647
20177.2,99.5,9.0647
20178.21,100.5,9.0647
20179.21,102.5,9.0647
20180.22,99.5,9.0647
20181.22,100.5,9.0647
20182.23,99.5,9.0647
20183.23,101.5,9.0647
20184.24,100.5,9.0647
20185.24,100.5,9.0647
20186.25,101.5,9.0647
20187.25,102.5,9.0647
20188.26,99.5,9.0647
20189.26,100.5,9.0647
20190.27,101.6,9.0647
20191.27,100.5,9.0647
20192.28,101.5,9.0647
20193.29,101.5,9.0647
20194.29,99.5,9.0647
20195.3,101.5,9.0647
20196.3,99.5,9.0647
20197.31,100.5,9.0647
20198.31,101.5,9.0647
20199.32,100.5,9.0647
20200.32,99.5,9.0647
20201.33,102.6,9.0649
20202.33,101.5,9.0649
20203.34,100.5,9.0649
20204.34,100.5,9.0649
20205.35,101.5,9.0649
20206.35,100.5,9.0649
20207.36,101.5,9.0649
20208.36,99.5,9.0649
20209.37,100.5,9.0649
20210.37,101.5,9.0649
20211.38,100.5,9.0649
20212.38,99.5,9.0649
20213.39,100.5,9.0649
20214.39,100.5,9.0649
20215.4,102.5,9.0649
20216.4,99.5,9.0649
20217.41,101.5,9.0649
20218.42,101.5,9.0649
20219.42,99.5,9.0649
20220.43,102.5,9.0649
20221.43,101.5,9.0649
20222.44,99.5,9.0649
20223.44,101.5,9.0649
20224.45,100.5,9.0649
20225.45,100.5,9.0649
20226.46,99.5,9.0649
20227.46,101.5,9.0649
20228.47,101.5,9.0671
20229.47,99.5,9.0673
20230.48,101.5,9.0673
20231.48,100.5,9.0673
20232.49,100.5,9.0673
20233.49,100.5,9.0673
20234.5,100.5,9.0673
20235.5,100.5,9.0673
20236.51,99.5,9.0673
20237.51,101.5,9.0673
20238.52,102.5,9.0673
20239.52,99.5,9.0673
20240.53,99.5,9.0673
20241.53,102.5,9.0673
20242.54,99.5,9.0673
20243.55,101.5,9.0673
20244.55,100.5,9.0673
20245.55,99.6,9.0673
20246.56,101.5,9.0673
20247.57,99.5,9.0838
20248.57,101.5,9.0838
20249.58,100.5,9.0838
20250.58,101.5,9.0838
20251.59,101.5,9.0838
20252.59,100.5,9.0839
20253.6,102.5,9.0839
20254.6,99.5,9.0839
20255.61,100.5,9.0839
20256.61,101.5,9.0839
20257.62,101.5,9.0839
20258.62,99.6,9.0839
20259.63,100.5,9.0839
20260.63,101.5,9.0839
20261.64,99.5,9.0839
20262.64,101.5,9.0839
20263.65,101.5,9.0839
20264.65,99.5,9.0839
20265.66,100.5,9.0839
20266.66,101.5,9.1007
20267.67,99.5,9.1007
20268.67,102.5,9.101
20269.68,100.5,9.101
20270.68,101.5,9.101
20271.69,100.5,9.101
20272.7,101.5,9.101
20273.7,101.5,9.1007
20274.71,101.5,9.1006
20275.71,99.5,9.1009
20276.72,101.5,9.1009
20277.72,99.5,9.1009
20278.73,101.5,9.1009
20279.73,100.5,9.1009
20280.74,101.5,9.1009
20281.74,100.5,9.1009
20282.75,101.5,9.1009
20283.75,101.5,9.1009
20284.76,101.5,9.1159
20285.76,99.5,9.1159
20286.77,100.5,9.1159
20287.77,100.5,9.1159
20288.78,101.5,9.1159
20289.78,100.5,9.1159
20290.79,101.5,9.1159
20291.79,169.1,9.116
20292.8,299.4,9.1282
20293.81,157.2,9.1285
20294.81,101.5,9.1285
20295.82,100.5,9.1285
20296.82,100.5,9.1285
20297.83,100.5,9.1285
20298.83,100.5,9.1285
20299.84,99.5,9.1285
20300.84,102.5,9.1285
20301.85,100.5,9.1285
20302.85,99.5,9.1285
20303.86,103.5,9.1425
20304.86,99.5,9.1425
20305.87,100.5,9.1425
20306.87,100.5,9.1425
20307.88,101.5,9.1425
20308.88,100.5,9.1425
20309.89,100.5,9.1425
20310.89,101.5,9.1425
20311.9,99.5,9.1425
20312.91,102.5,9.1425
20313.91,105.4,9.1425
20314.92,100.5,9.1425
20315.92,101.4,2.2387
20316.92,262.2,2.5041
20317.93,317.6,2.7061
20318.93,359.5,2.9169
20319.94,330.3,3.1511
20320.94,324.3,3.3894
20321.95,311.4,3.6364
20322.95,306.4,3.9211
20323.96,307.4,4.2487
20324.96,306.5,4.5629
20325.97,322.0,4.8792
20326.97,189.0,5.3525
20327.98,128.3,5.8486
20328.98,111.4,6.3499
20329.99,102.5,6.8618
20330.99,136.3,7.357
20332.0,115.4,7.5091
20333.0,102.5,7.5091
20334.01,99.6,7.5091
20335.01,100.5,7.5091
20336.02,101.4,7.5091
20337.03,101.5,7.5091
20338.03,99.5,7.5091
20339.04,103.5,7.5091
20340.04,123.4,7.6674
20341.05,100.5,7.6674
20342.05,100.5,7.6674
20343.06,101.5,7.6674
20344.06,100.5,7.6674
20345.07,101.5,7.6676
20346.07,99.5,7.6676
20347.08,102.5,7.6676
20348.08,122.3,7.6681
20349.09,101.5,7.6681
20350.1,100.5,7.6681
20351.1,101.5,7.6681
20352.11,101.5,7.6681
20353.11,99.5,7.6681
20354.12,101.5,7.6681
20355.12,100.4,7.6681
20356.13,100.5,7.6681
20357.13,118.4,7.6681
20358.14,100.5,7.6681
20359.14,101.5,7.6681
20360.15,101.5,7.6681
20361.15,100.5,7.6681
20362.16,101.5,7.6681
20363.16,100.5,7.6681
20364.17,101.5,7.6681
20365.17,100.5,7.6681
20366.18,118.4,7.6681
20367.18,100.5,7.6681
20368.19,102.5,7.6681
20369.2,99.5,7.6681
20370.2,99.5,7.6681
20371.21,104.5,7.6681
20372.21,99.5,7.6681
20373.21,100.7,7.6681
20374.22,100.5,7.6681
20375.22,123.4,7.7781
20376.23,100.5,7.7781
20377.23,102.5,7.7782
20378.24,99.5,7.7782
20379.25,100.5,7.7782
20380.25,100.5,7.7782
20381.26,100.5,7.7782
20382.26,99.5,7.7782
20383.27,101.6,7.7782
20384.27,102.5,7.8993
20385.28,101.5,8.3912
20386.28,101.5,8.7994
20387.29,143.2,9.0823
20388.29,99.5,9.0823
20389.3,101.5,9.0823
20390.3,100.5,9.0823
20391.31,100.5,9.0823
20392.31,101.5,9.0823
20393.32,100.5,9.0823
20394.32,100.5,9.0823
20395.33,100.5,9.0823
20396.33,101.5,9.0823
20397.34,102.5,9.0831
20398.34,100.5,9.0831
20399.35,100.5,9.0831
20400.36,100.5,9.0831
20401.36,101.5,9.0831
20402.37,99.5,9.0831
20403.37,100.5,9.0831
20404.38,100.5,9.0831
20405.38,100.5,9.0831
20406.39,101.5,9.0831
20407.39,118.4,9.0831
20408.4,100.5,9.0831
20409.4,101.5,9.0831
20410.41,100.5,9.0831
20411.41,101.5,9.0831
20412.42,99.5,9.0831
20413.42,100.5,9.0831
20414.43,101.5,9.0831
20415.43,100.5,9.0831
20416.44,99.5,9.0831
20417.44,100.5,9.0831
20418.45,101.5,9.0831
20419.45,100.5,9.0831
20420.46,101.5,9.0831
20421.47,100.5,9.0831
20422.47,100.5,9.0831
20423.48,100.5,9.0831
20424.48,100.5,9.0831
20425.49,99.5,9.0831
20426.49,101.6,9.0831
20427.5,99.5,9.0831
20428.5,101.5,9.0833
20429.51,101.5,9.0833
20430.51,101.5,9.0833
20431.52,99.5,9.0833
20432.52,102.6,9.0833
20433.53,100.5,9.0833
20434.53,99.5,9.0833
20435.54,100.5,9.0833
20436.54,101.5,9.0833
20437.55,101.5,9.0833
20438.55,100.5,9.0833
20439.56,100.5,9.0833
20440.56,99.5,9.0833
20441.57,100.5,9.0833
20442.57,102.5,9.0833
20443.58,99.5,9.0833
20444.58,100.5,9.0833
20445.59,101.5,9.0833
20446.59,99.5,9.0833
20447.6,100.5,9.0833
20448.61,100.5,9.0833
20449.61,100.5,9.0833
20450.62,101.5,9.0833
20451.62,99.5,9.0833
20452.63,102.5,9.0833
20453.63,101.5,9.0833
20454.64,101.5,9.0833
20455.64,100.5,9.0833
20456.65,100.5,9.0833
20457.65,100.5,9.0833
20458.66,100.5,9.0833
20459.66,100.5,9.0833
20460.67,101.5,9.0833
20461.67,101.5,9.0833
20462.68,100.5,9.0833
20463.68,100.5,9.0833
20464.69,100.5,9.0833
20465.69,100.5,9.0833
20466.7,102.5,9.0833
20467.71,100.5,9.0833
20468.71,99.5,9.0833
20469.72,101.5,9.0834
20470.72,101.5,9.0834
20471.73,101.5,9.0834
20472.73,99.5,9.0834
20473.74,100.5,9.0834
20474.74,100.5,9.0834
20475.75,99.5,9.0834
20476.75,101.5,9.0827
20477.76,101.5,9.0827
20478.76,101.5,9.0827
20479.77,101.5,9.0829
20480.77,100.4,9.0829
20481.78,100.5,9.0829
20482.78,100.5,9.0826
20483.79,99.5,9.0826
20484.79,101.5,9.0826
20485.8,100.5,9.0818
20486.8,100.5,9.0818
20487.81,106.5,9.0819
20488.81,114.4,9.0819
20489.82,99.5,9.0819
20490.83,100.4,9.0819
20491.83,102.5,9.0819
20492.84,100.5,9.0819
20493.84,100.5,9.0819
20494.85,100.5,9.0819
20495.85,102.5,9.0819
20496.86,100.5,9.0819
20497.86,100.5,9.0819
20498.87,101.5,9.0819
20499.87,99.5,9.082
20500.88,100.5,9.082
20501.88,100.5,9.082
20502.89,100.5,9.082
20503.89,101.5,9.082
20504.9,100.5,9.082
20505.9,99.5,9.082
20506.91,101.5,9.082
20507.91,102.5,9.082
20508.92,100.5,9.082
20509.92,101.5,9.0823
20510.93,100.5,9.0823
20511.93,100.5,9.0823
20512.94,99.5,9.0823
20513.94,101.5,9.0823
20514.95,100.5,9.0823
20515.96,100.5,9.0823
20516.96,100.5,9.0823
20517.97,100.5,9.0823
20518.97,102.5,9.0823
20519.98,100.5,9.0823
20520.98,100.5,9.0823
20521.99,101.5,9.0823
20522.99,99.5,9.0823
20524.0,100.5,9.0823
20525.0,100.5,9.0823
20526.01,101.5,9.0823
20527.01,99.5,9.0823
20528.02,100.5,9.0823
20529.02,100.5,9.0823
20530.03,100.5,9.0823
20531.03,101.5,9.0825
20532.04,100.5,9.0825
20533.04,100.5,9.0825
20534.05,101.5,9.0825
20535.05,101.5,9.0825
20536.06,101.5,9.0825
20537.07,101.5,9.0825
20538.07,101.5,9.0825
20539.08,99.5,9.0825
20540.08,101.5,9.0825
20541.09,100.4,9.0825
20542.09,99.5,9.0825
20543.1,101.5,9.0825
20544.1,100.5,9.0825
20545.11,100.5,9.0825
20546.11,101.5,9.0825
20547.12,101.5,9.0825
20548.12,100.5,9.0825
20549.13,100.5,9.0825
20550.13,100.5,9.0825
20551.14,100.5,9.0825
20552.14,100.5,9.0833
20553.15,101.5,9.0833
20554.15,100.5,9.0833
20555.16,99.5,9.0833
20556.16,101.5,9.0833
20557.17,100.5,9.0833
20558.17,100.5,9.0833
20559.18,101.5,9.0833
20560.18,99.5,9.0833
20561.19,99.8,9.0833
20562.19,102.5,9.0833
20563.2,100.5,9.0835
20564.2,102.5,9.0835
20565.21,99.5,9.0835
20566.21,100.5,9.0835
20567.22,100.5,9.0835
20568.22,100.5,9.0835
20569.23,99.5,9.0832
20570.23,101.5,9.0832
20571.24,99.5,9.0832
20572.24,101.5,9.0832
20573.25,101.5,9.1087
20574.26,102.5,9.1087
20575.26,99.5,9.1087
20576.27,100.5,9.1087
20577.27,101.5,9.1086
20578.27,99.6,9.1086
20579.28,100.7,9.1086
20580.28,101.5,9.1086
20581.29,100.5,9.1086
20582.29,100.5,9.1086
20583.3,102.5,9.1086
20584.3,99.5,9.1086
20585.31,101.3,9.1086
20586.32,99.5,9.1086
20587.32,100.5,9.1078
20588.33,100.5,9.1078
20589.33,100.5,9.1078
20590.34,101.5,9.1078
20591.34,100.5,9.1078
20592.35,100.5,9.1078
20593.35,100.5,9.1078
20594.36,102.5,9.1326
20595.36,99.3,9.1326
20596.37,100.5,9.1326
20597.38,101.5,9.1326
20598.38,100.5,9.1326
20599.39,100.5,9.1326
20600.39,99.5,9.1326
20601.4,101.5,9.1326
20602.4,100.7,9.1326
20603.4,100.5,9.1326
20604.41,101.5,9.1324
20605.41,103.5,9.1325
20606.42,101.5,9.1325
20607.43,100.5,9.1325
20608.43,100.5,9.1325
20609.44,99.5,9.1325
20610.44,101.5,9.1325
20611.45,99.6,9.1325
20612.45,100.5,9.1325
20613.45,101.7,9.132
20614.46,100.5,9.132
20615.46,100.5,9.132
20616.47,102.6,2.3769
20617.47,341.0,2.685
20618.48,372.2,2.8932
20619.48,322.3,3.1577
20620.49,314.3,3.3933
20621.49,307.4,3.6585
20622.5,305.6,3.9023
20623.5,300.5,4.1382
20624.51,306.5,4.4403
20625.51,308.7,4.759
20626.51,2.0,2.4155
20627.52,354.7,2.6602
20628.52,2.0,2.359
20629.52,336.1,2.5911
20630.53,342.3,2.8816
20631.53,2.0,2.5381
20632.53,343.7,2.7974
20633.54,326.2,3.1277
20634.54,314.4,3.4459
20635.55,314.5,3.7712
20636.55,304.4,4.1017
20637.56,304.4,4.4202
20638.56,303.4,4.7372
20639.57,318.3,4.9401
20640.57,267.6,5.1474
20641.58,139.3,5.3846
20642.58,103.5,5.5985
20643.59,126.3,5.9221
20644.59,105.5,6.2395
20645.6,106.5,6.588
20646.6,101.5,6.7902
20647.61,100.5,7.0049
20648.61,110.4,7.2128
20649.62,139.3,7.3439
20650.62,99.5,7.3439
20651.63,100.5,7.3959
20652.63,100.5,7.3959
20653.64,101.5,7.3959
20654.64,101.5,7.3959
20655.65,99.5,7.3959
20656.66,102.3,7.3959
20657.66,101.5,7.3959
20658.67,100.5,7.3959
20659.67,100.5,7.3959
20660.68,101.6,7.3959
20661.68,100.5,7.396
20662.69,100.5,7.396
20663.69,101.5,7.396
20664.7,100.5,7.396
20665.7,101.5,7.396
20666.71,100.5,7.396
20667.71,100.5,7.396
20668.71,99.7,7.396
20669.72,101.5,7.396
20670.72,102.5,7.396
20671.73,100.5,7.396
20672.74,102.5,7.396
20673.74,100.5,7.396
20674.75,100.5,7.396
20675.75,100.5,7.396
20676.76,103.5,7.396
20677.76,100.5,7.396
20678.77,101.5,7.396
20679.77,100.5,7.396
20680.78,101.5,7.396
20681.78,99.6,7.4544
20682.79,101.5,7.496
20683.79,99.5,7.496
20684.8,100.5,7.496
20685.8,100.5,7.4957
20686.81,103.5,7.4957
20687.81,100.5,7.4957
20688.82,100.5,7.4957
20689.82,101.5,7.4957
20690.83,99.5,7.4957
20691.83,100.6,7.4957
20692.84,101.5,7.4957
20693.84,101.5,7.4957
20694.85,100.5,7.4957
20695.85,101.5,7.4957
20696.86,100.5,7.4957
20697.86,100.5,7.4957
20698.87,100.5,7.4957
20699.87,100.5,7.4957
20700.88,102.5,7.4957
20701.88,101.5,7.4957
20702.89,101.5,7.4957
20703.9,100.5,7.4957
20704.9,100.5,7.4957
20705.91,99.5,7.4957
20706.91,101.5,7.4957
20707.92,100.5,7.4957
20708.92,100.5,7.4957
20709.93,102.6,7.4957
20710.93,125.3,7.6562
20711.94,100.5,7.6562
20712.94,101.5,7.6562
20713.95,100.5,7.6562
20714.95,100.5,7.6562
20715.96,101.5,7.6562
20716.96,99.5,7.6562
20717.97,101.5,7.6562
20718.97,101.5,7.6562
20719.98,100.5,7.6562
20720.98,100.5,7.6562
20721.99,101.5,7.6562
20722.99,99.5,7.6562
20724.0,100.5,7.6562
20725.0,101.5,7.6562
20726.01,101.5,7.6562
20727.01,102.5,7.6562
20728.02,98.5,7.6562
20729.02,102.5,7.6562
20730.03,100.5,7.6562
20731.03,99.5,7.6562
20732.04,100.5,7.6562
20733.04,100.5,7.6562
20734.05,102.5,7.6562
20735.05,100.5,7.6562
20736.06,99.5,7.6562
20737.07,101.5,7.6562
20738.07,100.5,7.6562
20739.07,101.6,7.6562
20740.08,100.5,7.6562
20741.08,101.5,7.6562
20742.09,101.5,7.6562
20743.09,99.6,7.6562
20744.1,101.5,7.6562
20745.1,120.6,7.657
20746.11,101.5,7.657
20747.11,99.5,7.657
20748.12,103.5,7.657
20749.12,99.4,7.657
20750.13,99.5,7.657
20751.13,100.5,7.657
20752.14,104.5,7.657
20753.14,99.5,7.657
20754.15,100.6,7.657
20755.15,101.5,7.657
20756.16,100.5,7.657
20757.17,106.4,7.657
20758.17,100.6,7.657
20759.17,100.5,7.657
20760.18,100.5,7.657
20761.19,101.5,7.657
20762.19,102.5,7.657
20763.2,99.5,7.657
20764.2,99.5,7.657
20765.21,101.5,7.657
20766.21,100.5,7.657
20767.22,102.5,7.657
20768.22,100.5,7.657
20769.23,102.5,7.657
20770.23,99.5,7.657
20771.24,101.5,7.657
20772.24,99.5,7.657
20773.25,101.5,7.657
20774.25,100.5,7.657
20775.26,101.5,7.657
20776.26,100.5,7.657
20777.27,100.5,7.657
20778.27,99.5,7.657
20779.28,100.5,7.657
20780.28,100.7,7.657
20781.29,101.5,7.657
20782.29,99.5,7.657
20783.3,101.5,7.657
20784.3,100.5,7.657
20785.31,100.5,7.657
20786.31,102.5,7.657
20787.32,100.5,7.657
20788.32,100.4,7.657
20789.33,99.5,7.657
20790.33,101.5,7.657
20791.34,102.5,7.657
20792.34,99.5,7.657
20793.35,101.5,7.657
20794.36,101.5,7.657
20795.36,100.5,7.657
20796.37,99.5,7.657
20797.37,102.5,7.657
20798.38,99.5,7.657
20799.38,99.5,7.657
20800.39,100.5,7.657
20801.39,101.5,7.657
20802.4,101.5,7.657
20803.4,101.5,7.657
20804.41,99.5,7.657
20805.41,100.5,7.657
20806.42,100.5,7.657
20807.42,101.5,7.657
20808.43,101.5,7.657
20809.43,100.5,7.657
20810.44,100.5,7.657
20811.44,100.5,7.657
20812.45,100.5,7.657
20813.45,100.5,7.657
20814.46,102.5,7.657
20815.46,100.5,7.657
20816.47,100.5,7.657
20817.47,100.5,7.657
20818.48,100.5,7.657
20819.48,100.5,7.657
20820.49,100.5,7.657
20821.49,101.5,7.657
20822.5,99.5,7.657
20823.5,100.5,7.657
20824.51,100.5,7.657
20825.52,101.5,7.657
20826.52,100.5,7.657
20827.53,101.5,7.657
20828.53,99.5,7.657
20829.54,101.5,7.657
20830.54,123.4,7.6593
20831.55,101.5,7.6593
20832.55,99.5,7.6593
20833.56,102.5,7.6593
20834.56,99.5,7.6593
20835.57,100.5,7.6593
20836.57,100.5,7.6593
20837.58,101.5,7.6593
20838.58,100.5,7.6593
20839.59,101.5,7.6593
20840.59,100.5,7.6593
20841.6,100.5,7.6593
20842.6,99.6,7.6593
20843.61,100.5,7.6593
20844.61,101.5,7.6593
20845.62,99.5,7.6593
20846.62,101.5,7.6593
20847.63,99.5,7.6593
20848.63,102.5,7.6593
20849.64,101.5,7.6593
20850.64,100.5,7.6593
20851.65,100.5,7.6593
20852.65,100.5,7.6593
20853.66,101.5,7.6593
20854.66,100.5,7.6595
20855.67,99.5,7.6595
20856.67,101.5,7.6595
20857.68,101.5,7.6595
20858.68,98.5,7.6595
20859.69,100.5,7.6595
20860.69,100.5,7.6595
20861.7,101.5,7.6595
20862.7,100.5,7.6595
20863.71,99.5,7.6595
20864.72,102.5,7.6595
20865.72,100.5,7.6595
20866.73,99.5,7.6595
20867.73,101.4,7.6595
20868.74,100.5,7.6595
20869.74,100.5,7.6595
20870.75,102.5,7.6595
20871.75,99.5,7.6595
20872.76,99.5,7.6595
20873.76,101.5,7.6595
20874.77,100.5,7.6595
20875.77,99.5,7.6595
20876.78,100.5,7.6595
20877.78,102.5,7.6595
20878.79,100.5,7.6595
20879.79,100.5,7.6595
20880.8,102.5,7.6595
20881.8,99.5,7.6595
20882.81,100.5,7.6595
20883.81,100.5,7.6595
20884.82,100.5,7.6595
20885.82,100.5,7.6595
20886.83,100.5,7.6595
20887.83,101.5,7.6595
20888.84,100.6,7.6595
20889.84,100.5,7.6595
20890.85,98.5,7.6595
20891.85,102.5,7.6595
20892.86,99.5,7.6595
20893.86,102.5,7.6595
20894.87,100.5,7.6595
20895.87,101.5,7.6595
20896.88,112.4,7.6595
20897.88,104.5,7.6595
20898.89,100.5,7.6595
20899.89,100.5,7.6595
20900.9,100.5,7.6595
20901.9,101.5,7.6595
20902.91,100.5,7.6595
20903.91,126.3,7.6598
20904.92,100.7,7.6598
20905.92,101.5,7.6598
20906.93,100.5,7.6598
20907.93,100.5,7.6598
20908.94,100.5,7.6598
20909.94,100.5,7.6598
20910.95,101.5,7.6598
20911.95,99.5,7.6598
20912.96,101.5,7.6598
20913.96,100.5,7.6598
20914.97,100.5,7.6598
20915.97,101.5,7.6598
20916.98,99.5,7.6598
20917.98,101.5,7.6598
20918.99,99.5,7.6598
20919.99,103.5,7.6598
20921.0,99.5,7.6598
20922.0,100.5,7.6598
20923.01,101.5,7.6598
20924.01,99.5,7.6598
20925.02,100.5,7.6598
20926.02,101.5,7.6598
20927.03,100.5,7.6598
20928.04,99.5,7.6598
20929.04,101.5,7.6598
20930.05,101.5,7.6598
20931.05,100.3,2.3449
20932.06,328.0,2.5971
20933.06,320.0,2.7456
20934.06,342.0,3.0167
20935.07,319.3,3.3732
20936.07,312.5,3.7296
20937.08,304.4,4.0731
20938.08,306.3,4.398
20939.09,304.7,4.7236
20940.09,1.0,2.3843
20941.09,349.0,2.7
20942.1,357.1,3.0283
20943.1,325.3,3.372
20944.11,312.5,3.7238
20945.11,309.6,4.0849
20946.12,306.4,4.429
20947.12,307.5,4.7543
20948.12,0.0,2.4171
20949.13,351.1,2.6773
20950.13,3.0,2.3634
20951.13,335.6,2.6622
20952.14,356.1,2.8054
20953.14,330.5,3.0456
20954.15,312.3,3.2853
20955.15,313.0,3.617
20956.16,305.4,3.9643
20957.16,303.4,4.2966
20958.17,301.6,4.614
20959.17,1.0,2.3151
20960.18,320.3,2.6585
20961.18,362.0,2.8889
20962.18,324.4,3.2542
20963.19,307.3,3.5997
20964.19,308.4,3.9299
20965.2,304.4,4.2532
20966.21,304.4,4.5748
20967.21,318.6,4.9136
20968.21,291.5,5.3306
20969.22,251.7,5.7932
20970.23,203.9,6.2648
20971.23,205.9,6.7349
20972.24,232.8,7.1814
20973.24,315.3,7.4466
20974.25,119.5,7.5268
20975.25,105.5,7.5268
20976.26,101.5,7.5268
20977.26,110.4,7.527
20978.27,101.5,7.527
20979.27,106.4,7.507
20980.28,101.5,7.507
20981.28,99.5,7.507
20982.29,121.4,7.6656
20983.29,103.4,7.6656
20984.3,128.3,7.6658
20985.3,103.5,7.6658
20986.31,101.5,7.6659
20987.31,105.5,7.6659
20988.32,101.5,7.6659
20989.32,105.5,7.6659
20990.33,123.3,7.6665
20991.34,100.5,7.6665
20992.34,100.5,7.6665
20993.35,100.5,7.6665
20994.35,128.3,7.6666
20995.36,101.5,7.6666
20996.36,101.5,7.6666
20997.37,103.5,7.6666
20998.37,117.4,7.6667
20999.38,101.5,7.6667
21000.38,100.5,7.6667
21001.39,100.5,7.6667
21002.39,100.5,7.6667
21003.4,102.5,7.6667
21004.4,99.6,7.6667
21005.41,100.5,7.6667
21006.41,118.4,7.6667
21007.42,99.5,7.6667
21008.42,100.5,7.6667
21009.43,102.5,7.6667
21010.43,100.5,7.6667
21011.44,101.5,7.6667
21012.44,101.5,7.6667
21013.45,100.5,7.6667
21014.46,123.4,7.7765
21015.46,100.5,7.7765
21016.47,101.5,7.7765
21017.47,99.5,7.7765
21018.48,101.5,7.7765
21019.48,100.5,7.7765
21020.49,100.5,7.7765
21021.49,100.5,7.7765
21022.5,101.5,7.7765
21023.5,100.7,8.0307
21024.5,100.5,8.4886
21025.51,100.5,8.9441
21026.52,144.2,9.0809
21027.52,99.5,9.0809
21028.53,101.5,9.0809
21029.53,99.5,9.0809
21030.54,100.5,9.0809
21031.54,101.5,9.0809
21032.55,99.5,9.081
21033.55,103.5,9.081
21034.56,99.5,9.081
21035.56,102.5,9.081
21036.57,99.5,9.081
21037.57,101.5,9.0814
21038.58,100.5,9.0814
21039.58,102.5,9.0814
21040.59,100.4,9.0814
21041.59,99.5,9.0814
21042.6,100.5,9.0814
21043.6,100.5,9.0814
21044.61,101.6,9.0814
21045.61,100.5,9.0814
21046.62,100.5,9.0818
21047.63,102.5,9.0818
21048.63,100.5,9.0818
21049.64,101.5,9.0818
21050.64,99.5,9.0818
21051.65,100.6,9.0818
21052.65,102.5,9.0818
21053.66,100.5,9.0818
21054.66,100.5,9.0818
21055.67,100.5,9.0818
21056.67,99.5,9.0818
21057.68,101.5,9.0818
21058.68,100.6,9.0818
21059.69,100.5,9.0818
21060.69,104.5,9.0818
21061.7,101.5,9.0818
21062.7,100.5,9.0818
21063.71,99.6,9.0818
21064.71,101.5,9.0818
21065.72,101.5,9.0818
21066.72,100.5,9.0818
21067.73,100.5,9.0818
21068.73,101.5,9.0818
21069.74,100.5,9.0818
21070.74,101.5,9.0818
21071.75,100.5,9.0818
21072.75,99.5,9.0818
21073.76,102.5,9.0818
21074.76,99.5,9.0818
21075.77,100.5,9.0818
21076.77,100.5,9.0818
21077.78,99.5,9.0818
21078.78,101.5,9.0819
21079.79,101.5,9.0819
21080.79,100.5,9.0819
21081.8,101.5,9.0819
21082.81,109.4,9.0819
21083.81,101.5,9.0819
21084.82,99.5,9.0819
21085.82,100.5,9.0819
21086.83,99.6,9.0819
21087.83,101.5,9.0819
21088.84,100.5,9.0819
21089.84,102.5,9.0819
21090.85,100.5,9.0819
21091.85,99.5,9.0819
21092.86,100.5,9.0819
21093.86,101.5,9.0819
21094.87,100.5,9.0819
21095.87,99.5,9.0819
21096.88,100.5,9.0819
21097.88,101.4,9.0819
21098.89,102.4,9.0819
21099.9,100.5,9.0819
21100.9,101.5,9.0819
21101.91,99.5,9.0819
21102.91,102.5,9.0819
21103.92,99.5,9.0819
21104.92,100.5,9.0819
21105.93,101.5,9.0819
21106.93,101.5,9.0819
21107.93,99.7,9.0819
21108.94,99.5,9.0819
21109.94,100.5,9.0819
21110.95,100.5,9.0819
21111.95,100.5,9.0819
21112.96,101.5,9.0819
21113.97,101.5,9.0819
21114.97,101.5,9.0819
21115.98,99.5,9.0819
21116.98,100.5,9.0819
21117.99,101.5,9.082
21118.99,100.5,9.082
21120.0,99.5,9.082
21121.0,101.5,9.082
21122.01,99.5,9.082
21123.01,101.5,9.082
21124.02,99.5,9.082
21125.02,100.6,9.082
21126.03,101.5,9.082
21127.03,100.5,9.082
21128.04,102.5,9.0824
21129.04,100.5,9.0824
21130.05,99.5,9.0824
21131.05,102.5,9.0824
21132.06,99.4,9.0824
21133.06,101.4,9.0824
21134.07,99.5,9.0824
21135.07,100.5,9.0824
21136.08,100.5,9.0824
21137.08,101.5,9.0824
21138.09,100.6,9.0824
21139.09,102.5,9.0824
21140.1,99.5,9.0824
21141.1,101.5,9.0824
21142.11,100.5,9.0824
21143.12,99.5,9.0824
21144.12,100.5,9.0824
21145.13,101.5,9.0824
21146.13,100.5,9.0824
21147.14,99.5,9.0824
21148.14,100.5,9.0824
21149.15,103.5,9.0824
21150.15,100.5,9.0824
21151.16,100.5,9.0824
21152.16,100.5,9.0824
21153.17,100.5,9.0824
21154.17,100.5,9.0824
21155.18,100.5,9.0824
21156.18,102.5,9.0824
21157.19,99.5,9.0824
21158.19,101.5,9.0824
21159.2,100.5,9.0824
21160.2,100.5,9.0824
21161.21,100.5,9.0824
21162.21,100.5,9.0824
21163.22,101.5,9.0824
21164.22,100.5,9.0824
21165.23,101.5,9.0824
21166.23,100.5,9.0824
21167.24,100.5,9.0824
21168.25,100.5,9.0824
21169.25,100.5,9.0824
21170.26,100.5,9.0824
21171.26,102.5,9.0824
21172.27,99.5,9.0824
21173.27,103.5,9.0824
21174.28,100.5,9.0824
21175.28,101.5,9.0824
21176.29,101.5,9.0824
21177.29,99.5,9.0824
21178.3,100.5,9.0825
21179.3,102.5,9.0825
21180.31,100.5,9.0825
21181.31,100.5,9.0825
21182.32,101.5,9.0825
21183.32,99.5,9.0825
21184.33,100.5,9.0825
21185.33,100.5,9.0825
21186.34,100.5,9.0825
21187.34,100.5,9.0825
21188.35,100.5,9.0831
21189.36,101.5,9.0832
21190.36,99.5,9.0832
21191.37,100.5,9.0832
21192.37,101.5,9.0832
21193.38,99.5,9.0832
21194.38,102.5,9.0832
21195.39,100.5,9.0832
21196.39,100.5,9.0832
21197.4,100.5,9.0832
21198.4,100.5,9.0833
21199.41,101.5,9.0833
21200.41,99.5,9.0833
21201.42,101.5,9.0833
21202.42,101.5,9.0833
21203.43,100.4,9.0833
21204.44,100.3,9.0833
21205.44,101.5,9.0833
21206.45,99.5,9.0833
21207.45,101.5,9.0833
21208.46,101.5,9.1093
21209.46,99.5,9.1093
21210.47,100.5,9.1093
21211.47,100.5,9.1093
21212.48,100.5,9.1093
21213.48,100.5,9.1093
21214.49,100.5,9.1093
21215.49,101.5,9.1093
21216.5,102.4,9.1093
21217.5,100.5,9.1093
21218.51,101.5,9.1093
21219.51,99.5,9.1093
21220.52,101.5,9.1093
21221.52,100.5,9.1093
21222.53,100.5,9.1093
21223.53,100.5,9.1093
21224.54,99.5,9.1093
21225.54,101.5,9.1093
21226.55,100.5,9.1093
21227.55,100.5,9.1093
21228.56,100.5,9.1341
21229.57,101.5,9.1341
21230.57,99.5,9.1343
21231.58,100.5,9.1343
21232.58,101.5,9.1343
21233.59,101.6,9.1343
21234.59,100.5,9.1343
21235.6,99.5,9.1343
21236.6,100.5,9.1343
21237.61,100.6,9.1343
21238.61,101.5,9.1345
21239.62,101.5,9.1345
21240.62,100.5,9.1345
21241.63,100.5,9.1345
21242.63,100.6,9.1345
21243.64,102.5,9.1345
21244.64,100.5,9.1346
21245.65,101.5,9.1346
21246.65,100.5,9.1346
21247.65,100.7,9.1346
21248.66,101.5,9.1575
21249.66,101.5,9.1575
21250.67,99.7,9.1575
21251.67,100.5,9.1575
21252.68,100.5,9.1575
21253.68,100.5,9.1575
21254.69,100.5,9.1575
21255.69,101.5,9.1575
21256.7,100.5,9.1575
21257.7,101.5,9.1575
21258.71,100.5,9.1576
21259.71,99.6,2.3777
21260.71,331.8,2.5909
21261.72,355.2,2.7629
21262.73,344.2,3.0154
21263.73,4.0,2.3346
21264.74,2.0,2.2656
21265.74,314.0,2.5401
21266.74,1.0,2.4414
21267.75,332.0,2.5861
21268.75,1.0,2.5119
21269.76,355.8,2.6228
21270.76,1.0,2.4559
21271.76,324.0,2.6173
21272.77,17.9,2.5378
21273.77,2.0,2.3895
21274.77,336.6,2.571
21275.78,2623.5,2.3781
21276.78,293.6,2.5472
21277.79,1255.4,2.3759
21278.79,304.4,2.5589
21279.8,1.0,2.3654
21280.8,308.4,2.5528
21281.81,0.0,2.3693
21282.81,295.5,2.5393
21283.82,1469.1,2.3778
21284.82,312.3,2.5582
21285.83,362.9,2.7091
21286.83,0.0,2.3801
21287.83,320.0,2.5584
21288.84,366.9,2.7055
21289.84,1.0,2.442
21290.84,320.1,2.5935
21291.85,2.0,2.4137
21292.85,316.3,2.5806
21293.85,362.0,2.7883
21294.85,2.0,2.4971
21295.86,310.1,2.6275
21296.86,2.0,2.4228
21297.86,314.1,2.5743
21298.87,347.4,2.8831
21299.87,2.0,2.4903
21300.88,311.2,2.6157
21301.88,1.0,2.4004
21302.88,305.1,2.5606
21303.88,362.0,2.7514
21304.89,2.0,2.5088
21305.89,324.0,2.6326
21306.89,343.7,2.8506
21307.9,2.0,2.5008
21308.9,310.0,2.6267
21309.91,2.0,2.3922
21310.91,325.9,2.5709
21311.91,1.0,2.2769
21312.92,1486.8,2.5434
21313.92,335.9,2.6527
21314.93,3.0,2.3923
21315.93,313.2,2.5549
21316.93,354.3,2.7404
21317.94,2.0,2.4247
21318.94,313.1,2.5774
21319.94,355.1,2.7841
21320.95,279.0,2.904
21321.95,128.3,2.987
21322.96,3.0,2.4127
21323.96,304.2,2.566
21324.96,316.2,2.7584
21325.96,1.0,2.5372
21326.97,325.0,2.6538
21327.97,2.0,2.5304
21328.98,363.9,2.6807
21329.98,0.0,2.5547
21330.98,349.0,2.7879
21331.98,2.0,2.4618
21332.99,1.0,2.3593
21333.99,277.8,2.5306
21335.0,1.0,2.443
21336.0,346.1,2.6011
21337.0,350.6,2.8206
21338.01,1.0,2.4455
21339.01,312.0,2.5951
21340.01,349.2,2.8165
21341.02,325.4,2.2779
21342.02,1.0,2.5329
21343.03,314.0,2.6793
21344.03,341.0,2.9981
21345.04,1486.1,2.4773
21346.04,303.0,2.6078
21347.04,331.3,2.2797
21348.05,2.0,2.5551
21349.05,375.2,2.7721
21350.06,2.0,2.3936
21351.06,330.9,2.5848
21352.07,350.4,2.7799
21353.07,288.5,2.2819
21354.08,2.0,2.5556
21355.08,361.9,2.6858
21356.08,337.3,3.0631
21357.09,0.0,2.3771
21358.09,308.4,2.5796
21359.1,343.7,2.8126
21360.1,336.0,3.1776
21361.11,2.0,2.5356
21362.11,356.8,2.7174
21363.11,234.8,3.0725
21364.12,211.9,3.163
21365.13,200.0,3.2491
21366.13,104.5,3.3067
21367.13,1.0,2.3969
21368.14,301.1,2.5752
21369.14,366.9,2.7483
21370.15,233.9,3.0062
21371.15,2.0,2.3706
21372.16,309.4,2.5698
21373.16,332.0,2.7123
21374.16,328.8,3.061
21375.17,0.0,2.5698
21376.17,2.0,2.3827
21377.18,308.0,2.5732
21378.18,304.8,2.2839
21379.19,1449.4,2.549
21380.19,309.0,2.6635
21381.19,3.0,2.5552
21382.2,0.0,2.4183
21383.2,370.9,2.6335
21384.2,1.0,2.497
21385.21,314.0,2.6252
21386.21,3554.3,2.446
21387.21,311.2,2.5972
21388.22,2.0,2.3997
21389.22,326.0,2.572
21390.22,2.0,2.3811
21391.23,294.1,2.5499
21392.23,336.0,2.2847
21393.24,0.0,2.5389
21394.24,328.0,2.6558
21395.24,3.0,2.3811
21396.25,307.4,2.571
21397.25,2.0,2.4143
21398.26,302.2,2.5644
21399.26,1.0,2.4509
21400.26,322.7,2.2881
21401.27,3409.9,2.5539
21402.27,358.9,2.7104
21403.27,0.0,2.4277
21404.28,352.1,2.6499
21405.28,1.0,2.3744
21406.28,299.2,2.5734
21407.29,326.0,2.6978
21408.29,3.0,2.445
21409.29,345.5,2.6681
21410.3,0.0,2.3937
21411.3,317.3,2.6084
21412.31,309.4,2.9274
21413.31,251.7,3.2651
21414.32,319.0,3.3763
21415.32,332.3,3.6013
21416.33,319.3,3.8233
21417.33,304.6,4.1139
21418.34,308.3,4.4254
21419.34,310.4,4.7012
21420.35,306.4,4.8704
21421.35,315.3,5.0469
21422.36,279.5,5.1915
21423.37,217.9,5.3914
21424.37,174.1,5.5953
21425.38,134.3,5.7229
21426.38,114.4,5.896
21427.39,128.3,6.0592
21428.39,103.4,6.1838
21429.4,237.7,6.3223
21430.4,145.2,6.3895
21431.41,109.4,6.518
21432.41,116.4,6.6073
21433.42,186.0,6.7321
21434.42,113.4,6.7871
21435.43,102.5,6.8886
21436.43,119.4,7.0007
21437.44,112.4,7.107
21438.45,107.5,7.2117
21439.45,147.5,7.4041
21440.45,174.2,7.6528
21441.46,109.5,7.6528
21442.46,101.5,7.6528
21443.47,114.4,7.6528
21444.47,107.5,7.6528
21445.48,134.3,7.6528
21446.48,152.2,7.7423
21447.49,105.4,7.7528
21448.49,108.4,7.7528
21449.5,128.4,7.7528
21450.5,101.5,7.7528
21451.51,109.4,7.7528
21452.52,119.4,7.7528
21453.52,100.5,7.7528
21454.53,104.5,7.7528
21455.53,105.4,7.7528
21456.54,100.5,7.7528
21457.54,101.5,7.7528
21458.55,103.4,7.7528
21459.55,106.4,7.7528
21460.56,99.5,7.7528
21461.56,101.5,7.7528
21462.57,117.4,7.7528
21463.57,121.3,7.7528
21464.58,100.5,7.7528
21465.58,101.5,7.7528
21466.59,101.4,7.7528
21467.6,118.4,7.7528
21468.6,101.5,7.7528
21469.61,103.5,7.7528
21470.61,100.5,7.7528
21471.62,99.5,7.7528
21472.62,101.5,7.7528
21473.63,103.4,7.7528
21474.63,101.5,7.7528
21475.64,103.4,7.7528
21476.64,101.5,7.7528
21477.65,100.5,7.7528
21478.65,100.5,7.7528
21479.66,115.4,7.7528
21480.66,107.4,7.7528
21481.67,102.5,7.7528
21482.68,101.5,7.7528
21483.68,105.4,7.7528
21484.69,100.5,7.7528
21485.69,106.4,7.7528
21486.7,99.5,7.7528
21487.7,102.5,7.7528
21488.71,101.5,7.7528
21489.71,100.5,7.7528
21490.72,101.5,7.7528
21491.72,101.6,7.7528
21492.73,101.5,7.7528
21493.73,102.5,7.7528
21494.74,99.5,7.7528
21495.74,101.5,7.7528
21496.75,106.4,7.7528
21497.75,102.4,7.7528
21498.76,100.5,7.7528
21499.76,110.5,7.7528
21500.77,108.4,7.7528
21501.77,125.3,7.7528
21502.78,100.5,7.7528
21503.78,99.5,7.7528
21504.79,102.5,7.7528
21505.8,101.5,7.7528
21506.8,100.5,7.7528
21507.81,101.5,7.7528
21508.81,100.5,7.7528
21509.82,106.4,7.7528
21510.82,102.5,7.7528
21511.83,100.5,7.7528
21512.83,101.5,7.7528
21513.84,116.5,7.7528
21514.84,101.5,7.7528
21515.85,99.5,7.7528
21516.85,102.5,7.7528
21517.86,100.5,7.7528
21518.86,99.5,7.7528
21519.87,101.5,7.7528
21520.87,100.5,7.7528
21521.88,101.5,7.7528
21522.89,101.5,7.7528
21523.89,100.5,7.7528
21524.9,101.5,7.7528
21525.9,105.5,7.7528
21526.91,99.5,7.7528
21527.91,103.5,7.7528
21528.92,105.4,7.7528
21529.92,101.5,7.7528
21530.93,102.5,7.7528
21531.93,166.5,8.0261
21532.94,145.3,8.1735
21533.94,101.5,8.1735
21534.95,100.5,8.1735
21535.95,103.5,8.1735
21536.96,101.5,8.1759
21537.96,101.5,8.2059
21538.97,102.5,8.2235
21539.97,100.5,8.2435
21540.98,131.3,8.2656
21541.98,109.4,8.2735
21542.99,100.5,8.2735
21543.99,100.6,8.2735
21545.0,100.5,8.2735
21546.0,114.4,8.2735
21547.01,102.5,8.2735
21548.01,100.5,8.2735
21549.02,101.5,8.2735
21550.02,100.5,8.2735
21551.03,100.5,8.2735
21552.03,103.5,8.2735
21553.04,100.5,8.2735
21554.05,99.5,8.2735
21555.05,102.5,8.2735
21556.06,100.5,8.2735
21557.06,100.5,8.2735
21558.07,100.5,8.2735
21559.07,102.5,8.2735
21560.08,99.5,8.2735
21561.08,104.5,8.2735
21562.09,99.5,8.2735
21563.09,100.5,8.2735
21564.1,101.5,8.2735
21565.1,101.5,8.2735
21566.11,114.4,8.2735
21567.11,101.5,8.2735
21568.12,101.5,8.2735
21569.12,100.5,8.2735
21570.13,101.5,8.2735
21571.13,101.5,8.2735
21572.14,100.5,8.2735
21573.14,100.5,8.2735
21574.15,101.5,8.2735
21575.16,99.5,8.2735
21576.16,100.5,8.2735
21577.17,100.5,8.2735
21578.17,182.4,8.2736
21579.17,211.1,8.274
21580.18,152.2,8.274
21581.18,104.4,8.274
21582.19,155.2,8.274
21583.19,108.4,8.274
21584.2,101.5,8.274
21585.21,117.4,8.274
21586.21,192.6,8.3267
21587.21,100.5,8.3267
21588.22,100.5,8.3267
21589.22,99.5,8.3267
21590.23,102.5,8.3267
21591.23,100.5,8.3267
21592.24,100.5,8.3267
21593.24,101.5,8.3267
21594.25,170.1,8.3274
21595.26,100.3,8.3274
21596.26,101.5,8.3274
21597.27,101.5,8.3274
21598.27,100.5,8.3274
21599.28,101.5,8.3274
21600.28,117.4,8.3274
21601.29,100.5,8.3274
21602.29,106.5,8.3274
21603.3,171.1,8.3274
21604.3,100.5,8.3274
21605.31,101.5,8.3274
21606.31,100.5,8.3274
21607.32,100.5,8.3274
21608.32,101.5,8.3274
21609.33,100.5,8.3274
21610.33,99.5,8.3274
21611.34,186.0,8.7181
21612.34,102.5,8.7181
21613.35,100.5,8.7181
21614.35,100.6,8.7181
21615.36,101.5,8.7181
21616.36,101.5,8.7181
21617.37,101.5,8.7181
21618.37,99.5,8.7181
21619.38,100.5,8.9868
21620.39,253.7,9.5256
21621.39,101.5,9.5256
21622.4,101.5,9.5259
21623.4,101.5,9.5259
21624.41,102.5,9.5259
21625.41,103.5,9.5259
21626.42,100.5,9.5259
21627.42,100.5,9.5259
21628.43,100.7,9.5259
21629.43,116.4,9.5525
21630.44,100.5,9.5525
21631.44,99.5,9.5525
21632.45,101.5,9.5525
21633.45,99.5,9.5525
21634.46,102.5,9.5525
21635.46,102.5,9.5525
21636.47,100.5,9.5525
21637.47,100.5,9.5525
21638.48,101.5,9.5527
21639.48,100.5,9.5527
21640.49,100.5,9.5527
21641.49,100.5,9.5527
21642.5,101.5,9.5527
21643.5,101.5,9.5527
21644.51,99.5,9.5527
21645.51,103.5,9.5531
21646.52,101.5,9.5531
21647.52,100.5,9.5531
21648.53,101.5,9.5531
21649.53,101.5,9.5531
21650.54,99.5,9.5531
21651.54,101.5,9.5531
21652.55,100.5,9.5531
21653.55,101.5,9.5531
21654.56,99.5,9.5531
21655.56,101.5,9.5531
21656.57,101.5,9.5531
21657.57,101.5,9.5531
21658.58,100.5,9.5531
21659.58,101.5,9.5531
21660.59,100.6,9.5531
21661.59,100.5,9.5531
21662.6,101.5,9.5531
21663.61,101.5,9.5531
21664.61,100.5,9.5531
21665.62,100.5,9.5531
21666.62,100.5,9.5531
21667.63,101.5,9.5531
21668.63,99.5,9.5531
21669.64,101.5,9.5531
21670.64,104.5,9.5531
21671.65,100.5,9.5531
21672.65,100.5,9.5531
21673.66,101.5,9.5531
21674.66,101.5,9.5531
21675.67,99.5,9.5531
21676.67,101.5,9.5531
21677.68,101.5,9.5531
21678.68,101.6,9.5531
21679.69,99.5,9.5531
21680.69,100.5,9.5531
21681.7,102.5,9.5531
21682.7,99.5,9.5531
21683.71,101.5,9.5531
21684.71,101.5,9.5531
21685.72,101.5,9.5531
21686.72,99.5,9.5531
21687.73,101.5,9.5531
21688.73,102.5,9.5531
21689.74,101.5,9.5531
21690.74,99.5,9.5531
21691.75,99.5,9.5531
21692.75,104.4,9.5531
21693.76,101.5,9.5531
21694.77,100.5,9.5531
21695.77,100.5,9.5531
21696.78,101.5,9.5531
21697.78,99.5,9.5531
21698.79,101.5,9.5531
21699.79,102.5,9.5531
21700.8,99.5,9.5531
21701.8,101.5,9.5531
21702.81,100.5,9.5532
21703.81,99.5,9.5532
21704.82,101.5,9.5532
21705.82,100.5,9.5532
21706.83,100.5,9.5532
21707.83,102.6,9.5532
21708.84,99.5,9.5532
21709.84,103.4,9.5532
21710.85,0.0,2.4587
21711.85,327.0,2.6415
21712.85,355.9,2.8474
21713.86,232.9,3.2848
21714.86,158.2,3.505
21715.87,300.4,3.6882
21716.87,244.7,3.7893
21717.88,191.0,3.8734
21718.88,105.4,3.9383
21719.89,100.5,4.0011
21720.89,103.5,4.0022
21721.9,101.5,4.0586
21722.91,100.5,4.1157
21723.91,126.5,4.1635
21724.91,114.4,4.2086
21725.92,102.5,4.2494
21726.93,103.5,4.2888
21727.93,109.4,4.3274
21728.94,102.5,4.3654
21729.94,100.5,4.4038
21730.95,100.5,4.4369
21731.95,101.5,4.4723
21732.96,104.5,4.5067
21733.96,100.5,4.5417
21734.97,103.5,4.5766
21735.97,99.5,4.6088
21736.98,99.5,4.6341
21737.98,110.4,4.6546
21738.99,1.0,2.4564
21739.99,318.0,2.6533
21740.99,1474.7,2.3999
21742.0,310.4,2.609
21743.0,329.3,2.7308
21744.01,0.0,2.512
21745.01,310.1,2.6311
21746.01,2.0,2.4707
21747.02,316.2,2.6175
21748.02,1.0,2.4516
21749.02,316.0,2.6085
21750.03,1.0,2.4981
21751.03,343.9,2.6582
21752.03,340.5,2.8902
21753.04,327.5,3.1295
21754.04,206.9,3.2855
21755.05,125.4,3.4582
21756.05,108.4,3.5854
21757.06,170.4,3.675
21758.06,200.5,3.7403
21759.06,2.0,2.4853
21760.07,314.8,2.6576
21761.07,340.7,2.9015
21762.08,331.3,3.1346
21763.08,223.8,3.5275
21764.09,295.7,4.0054
21765.09,294.2,4.5024
21766.09,271.8,4.864
21767.09,2.0,2.4418
21768.1,326.3,2.6156
21769.1,359.0,2.8086
21770.11,333.0,3.1558
21771.11,313.6,3.5415
21772.12,257.8,4.0108
21773.12,134.3,4.5168
21774.13,1.0,2.4062
21775.13,322.3,2.5878
21776.13,344.0,2.7287
21777.14,312.4,2.9834
21778.14,145.2,3.1825
21779.15,120.4,3.5309
21780.16,162.1,3.8112
21781.16,232.8,4.1272
21782.17,264.8,4.6613
21783.17,117.4,4.9182
21784.18,100.5,5.0134
21785.18,116.4,5.2917
21786.19,105.5,5.731
21787.19,102.7,5.9146
21788.19,100.8,6.3534
21789.2,101.5,6.7439
21790.2,108.4,7.1265
21791.21,117.5,7.3729
21792.21,100.5,7.4249
21793.22,101.5,7.4249
21794.22,101.5,7.5249
21795.23,102.5,7.525
21796.23,101.5,7.525
21797.24,100.5,7.525
21798.24,101.5,7.525
21799.25,100.5,7.525
21800.25,100.5,7.525
21801.26,103.4,7.525
21802.26,101.5,7.525
21803.27,101.5,7.525
21804.28,102.5,7.525
21805.28,99.5,7.525
21806.29,100.5,7.5252
21807.29,114.4,7.618
21808.3,99.5,7.618
21809.3,107.5,7.618
21810.31,100.5,7.618
21811.31,100.5,7.618
21812.32,102.5,7.618
21813.32,101.5,7.618
21814.33,100.5,7.618
21815.33,114.4,7.6182
21816.34,101.5,7.6182
21817.34,103.5,7.6182
21818.35,100.5,7.6182
21819.35,111.4,7.6184
21820.36,99.5,7.6184
21821.36,100.5,7.6184
21822.37,100.5,7.6184
21823.37,101.5,7.6184
21824.38,100.5,7.6184
21825.39,99.5,7.6184
21826.39,101.5,7.6184
21827.4,99.5,7.6184
21828.4,100.5,7.6184
21829.41,100.5,7.6184
21830.41,101.7,7.6184
21831.41,100.5,7.6184
21832.42,100.6,7.6184
21833.42,100.5,7.6184
21834.43,100.5,7.6184
21835.43,101.5,7.6184
21836.44,101.6,7.6184
21837.44,103.5,7.6184
21838.45,100.5,7.6184
21839.45,101.5,7.6184
21840.46,100.5,7.6184
21841.46,100.5,7.6184
21842.47,99.5,7.6184
21843.47,101.6,7.6184
21844.48,99.5,7.6184
21845.48,101.5,7.6184
21846.49,99.5,7.6184
21847.49,111.4,7.619
21848.5,99.5,7.619
21849.51,100.5,7.619
21850.51,101.5,7.619
21851.52,100.5,7.619
21852.52,101.5,7.619
21853.53,99.5,7.619
21854.53,101.5,7.619
21855.54,101.5,7.619
21856.54,102.6,7.619
21857.55,99.5,7.619
21858.55,101.5,7.619
21859.56,101.5,7.619
21860.56,100.5,7.619
21861.57,100.5,7.619
21862.57,99.5,7.619
21863.58,102.5,7.619
21864.58,117.5,7.6192
21865.59,100.5,7.6192
21866.59,102.5,7.6192
21867.6,99.5,7.6192
21868.6,105.4,7.6192
21869.61,100.5,7.6192
21870.61,99.5,7.6192
21871.62,101.6,7.6192
21872.62,101.5,7.6192
21873.63,100.5,7.6192
21874.63,100.5,7.6192
21875.64,101.6,7.6192
21876.64,100.5,7.6192
21877.65,100.5,7.6192
21878.65,112.4,7.6662
21879.66,101.5,7.6662
21880.66,100.5,7.6662
21881.67,99.5,7.6657
21882.67,100.5,7.665
21883.68,102.5,7.665
21884.68,99.5,7.665
21885.69,100.5,7.665
21886.69,101.5,7.665
21887.7,99.5,7.665
21888.7,101.5,7.665
21889.71,100.5,7.665
21890.71,101.5,7.665
21891.72,99.5,7.7643
21892.73,102.5,8.1737
21893.73,100.5,8.4373
21894.74,100.5,8.8026
21895.74,100.5,8.981
21896.75,118.5,9.1839
21897.75,101.5,9.1839
21898.76,100.5,9.1839
21899.76,100.5,9.1839
21900.77,101.5,9.1839
21901.77,101.5,9.1839
21902.78,100.5,9.1842
21903.78,100.5,9.1842
21904.79,100.5,9.1842
21905.79,100.5,9.1842
21906.8,103.5,9.1842
21907.8,99.5,9.1842
21908.81,100.5,9.1842
21909.81,100.5,9.1842
21910.82,100.5,9.1842
21911.82,100.5,9.1842
21912.83,101.5,9.1842
21913.83,103.5,9.1908
21914.84,105.4,9.1908
21915.84,99.5,9.1908
21916.85,99.5,9.1908
21917.85,101.5,9.1908
21918.86,100.5,9.1908
21919.86,100.5,9.1908
21920.87,101.5,9.1908
21921.88,100.5,9.1908
21922.88,101.5,9.1908
21923.89,100.5,9.1908
21924.89,100.5,9.1908
21925.9,100.5,9.1908
21926.9,100.5,9.1908
21927.91,100.5,9.1908
21928.91,101.5,9.1908
21929.92,100.5,9.1908
21930.92,102.5,9.1917
21931.93,100.5,9.1917
21932.93,101.5,9.1917
21933.94,99.5,9.1917
21934.94,101.5,9.1917
21935.95,102.5,9.1917
21936.95,101.5,9.1917
21937.96,99.5,9.1917
21938.97,100.5,9.1917
21939.97,100.5,9.1917
21940.98,100.5,9.1917
21941.98,100.5,9.1917
21942.99,100.5,9.1917
21943.99,100.5,9.1917
21945.0,100.5,9.1917
21946.0,101.5,9.1917
21947.01,102.5,9.1917
21948.01,100.5,9.1917
21949.02,99.5,9.1917
21950.02,101.5,9.1953
21951.03,102.5,9.1953
21952.03,99.5,9.1953
21953.04,100.5,9.1953
21954.04,100.5,9.1953
21955.05,99.5,9.1953
21956.05,100.5,9.1953
21957.06,101.5,9.1953
21958.06,99.5,9.1953
21959.07,100.5,9.1953
21960.07,101.5,9.1953
21961.08,102.5,9.1953
21962.08,99.5,9.1953
21963.09,100.5,9.1953
21964.1,101.5,9.1953
21965.1,100.5,9.1953
21966.11,101.5,9.1953
21967.11,100.5,9.1953
21968.12,102.5,9.1971
21969.12,101.5,9.1971
21970.13,99.5,9.1971
21971.13,101.5,9.1971
21972.14,99.5,9.1971
21973.14,101.5,9.1971
21974.15,100.5,9.1971
21975.15,101.5,9.1971
21976.16,100.5,9.1971
21977.16,99.5,9.1971
21978.17,100.5,9.1971
21979.17,100.5,9.1971
21980.18,101.5,9.1971
21981.18,99.5,9.1971
21982.19,101.5,9.1971
21983.19,100.6,9.1971
21984.2,101.5,9.1971
21985.2,100.5,9.1971
21986.21,101.5,9.1987
21987.21,100.5,9.1987
21988.22,102.5,9.1987
21989.22,99.5,9.1987
21990.23,100.5,9.1987
21991.23,100.5,9.1987
21992.24,102.5,9.1987
21993.24,99.5,9.1987
21994.25,100.5,9.1987
21995.25,100.5,9.1987
21996.26,100.5,9.1987
21997.27,102.5,9.1987
21998.27,100.5,9.1987
21999.28,100.5,9.1987
22000.28,100.6,9.1987
22001.29,101.5,9.1987
22002.29,103.4,9.1987
22003.3,100.5,9.1987
22004.3,100.5,9.1987
22005.31,101.5,9.1987
22006.31,99.5,9.1987
22007.32,102.5,9.1987
22008.32,99.5,9.1987
22009.33,100.5,9.1987
22010.33,100.5,9.1987
22011.34,101.5,9.1987
22012.34,100.5,9.1987
22013.35,101.5,9.1987
22014.35,99.5,9.1987
22015.36,102.5,9.1987
22016.36,101.5,9.2
22017.37,99.5,9.2
22018.37,101.5,9.2
22019.38,100.5,9.2
22020.38,101.5,9.2
22021.39,100.5,9.2
22022.39,100.5,9.2
22023.4,103.5,9.2
22024.41,99.5,9.2
22025.41,101.5,9.2
22026.42,100.5,9.2
22027.42,100.5,9.2
22028.43,99.6,9.2
22029.43,102.5,9.2
22030.44,100.5,9.2
22031.44,100.5,9.2
22032.45,99.5,9.2
22033.45,102.5,9.2
22034.46,100.5,9.2
22035.46,100.5,9.2
22036.47,100.5,9.2
22037.47,102.5,9.2023
22038.48,100.5,9.2023
22039.48,101.5,9.2023
22040.49,99.5,9.2023
22041.49,100.5,9.2023
22042.5,101.5,9.2023
22043.5,100.5,9.2023
22044.51,99.5,9.2023
22045.51,100.5,9.2023
22046.52,101.5,9.2023
22047.52,101.5,9.2023
22048.53,101.5,9.2023
22049.54,99.5,9.2023
22050.54,100.5,9.2023
22051.55,101.5,9.2023
22052.55,99.5,9.2023
22053.56,101.5,9.2023
22054.56,100.5,9.2023
22055.57,100.5,9.2023
22056.57,100.5,9.2023
22057.58,99.5,9.2023
22058.58,102.5,9.2023
22059.59,101.5,9.2023
22060.59,99.5,9.2023
22061.6,100.5,9.2023
22062.6,100.5,9.2023
22063.61,101.5,9.2029
22064.61,102.5,9.2029
22065.62,100.5,9.2029
22066.62,99.5,9.2029
22067.63,101.5,9.2029
22068.63,100.5,9.2029
22069.64,99.5,9.2029
22070.64,102.5,9.2029
22071.65,100.5,9.2024
22072.66,100.5,9.2016
22073.66,101.5,9.2016
22074.66,2.0,2.4798
22075.67,304.3,2.6227
22076.67,1.0,2.4072
22077.68,322.3,2.5917
22078.68,344.2,2.7609
22079.68,0.0,2.4948
22080.69,326.3,2.968
22081.69,296.4,3.5374
22082.7,256.7,4.1185
22083.7,192.3,4.6727
22084.71,338.1,4.8759
22085.71,353.9,5.1096
22086.71,332.3,5.3651
22087.72,312.4,5.6281
22088.72,312.4,5.8755
22089.73,311.6,6.1729
22090.73,306.4,6.4753
22091.74,302.4,6.8003
22092.75,305.3,7.1426
22093.75,321.3,8.0245
22094.76,284.5,8.157
22095.76,271.6,8.1576
22096.77,276.5,8.1578
22097.77,231.8,8.1579
22098.78,183.0,8.1579
22099.78,257.6,8.1579
22100.79,131.3,8.1579
22101.79,114.4,8.1579
22102.8,121.4,8.2506
22103.8,170.1,8.2579
22104.81,204.9,8.2579
22105.81,108.4,8.2579
22106.82,148.2,8.2579
22107.82,101.5,8.2581
22108.83,102.5,8.2581
22109.83,107.5,8.2581
22110.84,117.4,8.2581
22111.84,109.4,8.2581
22112.85,121.4,8.2581
22113.86,100.5,8.2585
22114.86,107.5,8.2585
22115.86,121.4,8.2585
22116.87,99.5,8.2585
22117.88,101.5,8.2585
22118.88,101.5,8.2585
22119.89,104.4,8.2585
22120.89,102.5,8.2585
22121.9,100.5,8.2585
22122.9,119.4,8.2585
22123.91,103.6,8.2585
22124.91,265.6,9.0256
22125.92,102.5,9.0256
22126.92,106.4,9.0256
22127.93,101.5,9.0256
22128.93,106.4,9.0256
22129.94,104.5,9.0256
22130.94,101.5,9.0256
22131.95,102.5,9.0256
22132.95,101.3,9.0256
22133.96,100.5,9.0256
22134.97,102.5,9.0256
22135.97,107.4,9.0256
22136.98,111.4,9.0256
22137.98,100.5,9.0256
22138.99,108.4,9.0256
22139.99,99.5,9.0256
22141.0,103.5,9.0256
22142.0,99.6,9.0256
22143.01,102.5,9.0256
22144.01,102.5,9.0256
22145.02,100.5,9.0256
22146.02,101.5,9.0256
22147.03,100.5,9.0256
22148.03,104.5,9.0256
22149.04,99.5,9.0256
22150.04,101.5,9.0256
22151.05,101.5,9.0256
22152.05,113.5,9.0256
22153.06,100.5,9.0256
22154.06,100.5,9.0256
22155.07,103.5,9.0256
22156.07,101.5,9.0256
22157.08,100.5,9.0256
22158.08,101.5,9.0256
22159.09,100.5,9.0256
22160.09,100.5,9.0256
22161.1,115.4,9.0256
22162.11,120.4,9.0256
22163.11,100.5,9.0256
22164.12,101.5,9.0256
22165.12,100.5,9.0256
22166.13,100.6,9.0256
22167.13,101.5,9.0256
22168.14,100.5,9.0256
22169.14,102.5,9.0256
22170.15,112.5,9.0256
22171.15,102.5,9.0256
22172.16,103.5,9.0256
22173.16,99.5,9.0256
22174.17,100.5,9.0256
22175.17,138.3,9.0256
22176.18,100.5,9.0256
22177.18,102.5,9.0256
22178.19,101.5,9.0256
22179.19,101.5,9.0256
22180.2,101.5,9.0256
22181.2,101.5,9.0256
22182.21,99.5,9.0257
22183.21,102.5,9.0257
22184.22,100.5,9.0257
22185.22,100.5,9.0257
22186.23,101.5,9.0257
22187.23,101.5,9.0257
22188.24,100.5,9.0257
22189.24,101.6,9.0257
22190.25,99.5,9.0257
22191.25,135.3,9.0257
22192.26,202.9,9.0293
22193.27,103.5,9.0329
22194.27,102.5,9.0329
22195.28,101.5,9.022
22196.28,106.4,9.022
22197.29,100.5,9.022
22198.29,102.5,9.022
22199.3,99.5,9.022
22200.3,101.5,9.022
22201.31,100.5,9.022
22202.31,101.5,9.022
22203.32,100.5,9.022
22204.32,100.5,9.022
22205.33,101.5,9.022
22206.33,102.5,9.022
22207.34,99.5,9.022
22208.34,101.5,9.022
22209.35,103.5,9.022
22210.36,100.5,9.022
22211.36,100.5,9.022
22212.37,101.4,9.022
22213.37,102.5,9.022
22214.38,102.5,9.022
22215.38,100.5,9.022
22216.39,102.5,9.022
22217.39,99.5,9.022
22218.4,100.5,9.022
22219.4,100.5,9.022
22220.41,101.5,9.022
22221.41,100.5,9.022
22222.42,101.5,9.022
22223.43,100.5,9.022
22224.43,101.5,9.022
22225.44,100.5,9.022
22226.44,273.1,9.1247
22227.44,99.5,9.1249
22228.45,101.5,9.1249
22229.45,99.5,9.1249
22230.46,101.5,9.1249
22231.47,100.5,9.1249
22232.47,100.5,9.1249
22233.48,101.5,9.1249
22234.48,101.7,9.1249
22235.48,103.5,9.1249
22236.49,99.5,9.1249
22237.49,102.5,9.1249
22238.5,99.5,9.1249
22239.51,101.5,9.1249
22240.51,100.5,9.1249
22241.52,101.5,9.1249
22242.52,115.4,9.1249
22243.53,101.5,9.1249
22244.53,100.5,9.1249
22245.54,101.5,9.1249
22246.54,100.5,9.1249
22247.55,101.5,9.1249
22248.55,100.5,9.1249
22249.56,100.5,9.1249
22250.56,102.5,9.1249
22251.57,100.5,9.1249
22252.57,100.5,9.1249
22253.58,102.5,9.1249
22254.58,99.5,9.1249
22255.59,100.5,9.1249
22256.59,101.5,9.1249
22257.6,100.5,9.1249
22258.6,102.5,9.1249
22259.61,99.5,9.1249
22260.61,100.5,9.1249
22261.62,101.5,9.1249
22262.62,101.5,9.1249
22263.63,101.5,9.1249
22264.63,100.5,9.1249
22265.64,100.5,9.1249
22266.65,101.5,9.1249
22267.65,102.5,9.1249
22268.66,99.5,9.1249
22269.66,99.5,9.1249
22270.66,100.7,9.1249
22271.67,100.5,9.1249
22272.67,101.5,9.1249
22273.68,101.5,9.1249
22274.69,99.5,9.1249
22275.69,102.5,9.1249
22276.7,100.5,9.1249
22277.7,100.5,9.1252
22278.71,98.5,9.1252
22279.71,101.5,9.1252
22280.72,103.5,9.1252
22281.72,100.5,9.1252
22282.73,103.5,9.1252
22283.73,100.5,9.1252
22284.74,100.5,9.1252
22285.74,99.6,9.1252
22286.75,100.5,9.1252
22287.75,101.5,9.1252
22288.76,99.5,9.1252
22289.76,190.2,9.1268
22290.77,110.4,9.1299
22291.77,100.5,9.1299
22292.78,100.5,9.1299
22293.78,100.5,9.1299
22294.79,101.3,9.124
22295.8,100.5,9.124
22296.8,99.5,9.124
22297.81,101.5,9.124
22298.81,99.5,9.124
22299.82,101.5,9.124
22300.82,101.5,9.124
22301.83,100.5,9.124
22302.83,100.5,9.124
22303.84,101.5,9.124
22304.84,99.5,9.124
22305.85,100.5,9.124
22306.85,101.5,9.124
22307.86,100.5,9.124
22308.86,100.5,9.124
22309.87,100.5,9.124
22310.87,100.5,9.124
22311.88,104.6,9.124
22312.88,100.5,9.124
22313.89,100.5,9.124
22314.89,100.5,9.124
22315.9,99.5,9.124
22316.9,102.5,9.124
22317.91,99.4,9.124
22318.91,100.5,9.124
22319.92,99.5,9.124
22320.92,102.5,9.124
22321.93,103.5,9.1242
22322.93,100.5,9.1242
22323.94,100.5,9.1242
22324.95,100.5,9.1242
22325.95,100.6,9.1242
22326.95,100.5,9.1242
22327.96,100.5,9.1242
22328.97,100.5,9.1242
22329.97,100.4,9.1242
22330.98,102.5,9.1242
22331.98,102.5,9.1242
22332.99,101.5,9.1242
22333.99,101.5,9.1242
22335.0,99.5,9.1242
22336.0,100.5,9.1242
22337.01,99.4,9.1242
22338.01,101.5,9.1242
22339.02,100.5,9.1242
22340.02,101.5,9.1242
22341.03,100.5,9.1242
22342.03,100.5,9.1242
22343.04,101.5,9.1242
22344.04,100.5,9.1242
22345.05,99.6,9.1242
22346.05,100.5,9.1242
22347.06,101.5,9.1242
22348.07,100.5,9.1242
22349.07,100.5,9.1242
22350.08,101.5,9.1242
22351.08,100.5,9.1242
22352.09,100.5,9.1242
22353.09,101.5,9.1242
22354.1,101.5,9.1242
22355.1,100.6,9.1242
22356.1,102.5,9.1242
22357.11,99.4,9.1242
22358.12,99.4,9.1242
22359.12,101.5,9.1242
22360.13,100.5,9.1242
22361.13,101.5,9.1242
22362.14,102.5,9.1242
22363.14,100.4,9.1242
22364.15,100.5,9.1242
22365.15,100.5,9.1242
22366.16,99.5,9.1242
22367.16,101.5,9.1245
22368.17,100.5,9.1245
22369.17,100.5,9.1245
22370.18,99.5,9.1245
22371.18,101.5,9.1245
22372.19,100.5,9.1245
22373.19,100.5,9.1245
22374.2,101.5,9.1245
22375.2,101.7,9.1245
22376.21,99.5,9.1245
22377.21,100.5,9.1245
22378.22,101.5,9.1245
22379.22,101.4,2.3881
22380.23,272.6,2.6338
22381.23,312.3,3.0419
22382.24,225.8,3.6087
22383.25,152.2,4.1862
22384.25,225.8,4.6819
22385.25,326.0,4.8781
22386.26,352.3,5.121
22387.26,320.3,5.3631
22388.27,309.6,5.6247
22389.27,313.5,5.866
22390.28,309.4,6.1439
22391.28,300.4,6.4519
22392.29,300.5,6.7677
22393.29,308.5,7.0867
22394.3,337.9,7.7696
22395.3,303.5,8.1143
22396.31,305.4,8.118
22397.31,304.5,8.1198
22398.32,301.4,8.1203
22399.32,234.9,8.1205
22400.33,191.0,8.1206
22401.33,139.3,8.1206
22402.34,139.3,8.1208
22403.34,132.3,8.2208
22404.35,157.2,8.2208
22405.35,163.1,8.2208
22406.36,121.4,8.2208
22407.36,126.3,8.2208
22408.37,109.7,8.2208
22409.37,145.3,8.2208
22410.38,102.5,8.2208
22411.38,119.4,8.2208
22412.39,127.3,8.2212
22413.39,101.5,8.2214
22414.4,107.4,8.2214
22415.4,129.3,8.2214
22416.41,106.5,8.2214
22417.41,100.5,8.2214
22418.42,107.4,8.2214
22419.43,104.5,8.2214
22420.43,101.5,8.2214
22421.44,120.4,8.2214
22422.44,110.4,8.2214
22423.45,262.8,8.9874
22424.45,102.5,9.0353
22425.46,102.5,9.0354
22426.46,108.4,9.0354
22427.47,100.5,9.0354
22428.47,103.5,9.0354
22429.48,100.5,9.0354
22430.48,124.3,9.0354
22431.49,105.4,9.0354
22432.49,105.4,9.0354
22433.5,102.5,9.0354
22434.5,108.4,9.0354
22435.51,108.6,9.0354
22436.51,100.5,9.0354
22437.52,101.5,9.0354
22438.52,100.5,9.0354
22439.53,101.5,9.0354
22440.53,100.5,9.0354
22441.54,107.4,9.0354
22442.54,104.4,9.0354
22443.55,101.5,9.0354
22444.55,103.5,9.0354
22445.56,101.5,9.0354
22446.57,100.5,9.0354
22447.57,102.4,9.0354
22448.58,104.4,9.0354
22449.58,100.5,9.0354
22450.59,101.5,9.0354
22451.59,100.5,9.0354
22452.6,121.3,9.0354
22453.6,120.4,9.0354
22454.61,101.5,9.0354
22455.61,101.5,9.0354
22456.62,101.5,9.0354
22457.62,105.5,9.0354
22458.63,101.5,9.0354
22459.63,101.5,9.0354
22460.64,108.4,9.0354
22461.65,106.4,9.0354
22462.65,110.7,9.0356
22463.65,102.5,9.0356
22464.66,101.5,9.0356
22465.66,101.5,9.0356
22466.67,100.5,9.0356
22467.67,101.5,9.0356
22468.68,103.5,9.0356
22469.69,101.5,9.0356
22470.69,100.5,9.0356
22471.7,101.5,9.0356
22472.7,102.5,9.0356
22473.71,102.5,9.0356
22474.71,100.5,9.0356
22475.72,112.4,9.0356
22476.72,109.5,9.0356
22477.73,195.0,9.0356
22478.73,105.4,9.0356
22479.74,100.5,9.0356
22480.74,100.5,9.0356
22481.75,102.5,9.0356
22482.75,99.5,9.0356
22483.76,101.5,9.0356
22484.76,101.5,9.0356
22485.77,100.5,9.0356
22486.77,101.5,9.0356
22487.78,100.5,9.0356
22488.78,100.5,9.0356
22489.79,102.5,9.0356
22490.79,99.5,9.0356
22491.8,102.5,9.0356
22492.81,99.5,9.0356
22493.81,100.5,9.0356
22494.82,100.5,9.0356
22495.82,100.5,9.0356
22496.83,100.5,9.0356
22497.83,100.5,9.0356
22498.84,101.5,9.0356
22499.84,101.5,9.0356
22500.85,100.5,9.0359
22501.85,101.5,9.0359
22502.86,122.3,9.0359
22503.86,101.5,9.0359
22504.87,278.1,9.137
22505.87,99.5,9.137
22506.88,100.5,9.1372
22507.88,100.5,9.1372
22508.89,100.5,9.1372
22509.89,102.5,9.1372
22510.9,99.5,9.1372
22511.9,100.5,9.1372
22512.91,101.5,9.1372
22513.91,103.5,9.1372
22514.92,100.5,9.1372
22515.92,100.5,9.1372
22516.93,99.5,9.1372
22517.93,102.5,9.1372
22518.94,100.5,9.1372
22519.95,99.5,9.1372
22520.95,101.5,9.1372
22521.96,100.5,9.1372
22522.96,100.5,9.1372
22523.97,102.5,9.1372
22524.97,100.5,9.1372
22525.98,101.5,9.1372
22526.98,101.5,9.1372
22527.99,100.6,9.1372
22528.99,101.5,9.1372
22530.0,100.5,9.1372
22531.0,100.5,9.1372
22532.01,101.5,9.1372
22533.01,101.5,9.1372
22534.02,100.5,9.1372
22535.02,101.4,9.1372
22536.03,100.5,9.1372
22537.03,101.5,9.1374
22538.04,101.5,9.1374
22539.04,104.5,9.1374
22540.05,100.5,9.1374
22541.05,100.6,9.1374
22542.06,100.5,9.1374
22543.06,101.5,9.1374
22544.07,100.5,9.1374
22545.07,100.5,9.1374
22546.08,100.5,9.1374
22547.08,101.5,9.1374
22548.09,100.6,9.1374
22549.09,102.5,9.1374
22550.1,99.5,9.1374
22551.11,100.5,9.1374
22552.11,100.5,9.1374
22553.12,100.5,9.1374
22554.12,102.5,9.1374
22555.13,101.5,9.1374
22556.13,100.5,9.1374
22557.14,101.5,9.1374
22558.14,158.2,9.1374
22559.15,100.5,9.1374
22560.15,100.5,9.1374
22561.16,100.5,9.1374
22562.16,100.6,9.1374
22563.17,100.5,9.1374
22564.17,101.5,9.1374
22565.18,102.5,9.1374
22566.18,100.5,9.1374
22567.19,101.5,9.1374
22568.19,100.5,9.1374
22569.2,99.5,9.1374
22570.2,100.5,9.1374
22571.21,100.5,9.1374
22572.21,102.5,9.1374
22573.22,101.5,9.1374
22574.23,100.5,9.1374
22575.23,100.5,9.1374
22576.24,101.5,9.1374
22577.24,100.7,9.1374
22578.24,100.5,9.1374
22579.25,100.5,9.1374
22580.25,100.5,9.1374
22581.26,101.5,9.1374
22582.26,100.5,9.1377
22583.27,100.5,9.1377
22584.28,100.5,9.1377
22585.28,100.5,9.1377
22586.28,101.6,9.1377
22587.29,101.5,9.1377
22588.29,100.5,9.1377
22589.3,100.5,9.1377
22590.31,102.5,9.1377
22591.31,100.5,9.1377
22592.32,100.5,9.1377
22593.32,100.5,9.1377
22594.33,101.5,9.1377
22595.33,99.5,9.1377
22596.34,102.5,9.1377
22597.34,100.5,9.1377
22598.35,100.5,9.1377
22599.35,100.5,9.1377
22600.36,101.5,9.1377
22601.36,101.5,9.1377
22602.37,101.5,9.1377
22603.37,104.4,9.1377
22604.38,100.5,9.1377
22605.39,101.5,9.1377
22606.39,101.5,9.1377
22607.4,101.5,9.1377
22608.4,100.5,9.1377
22609.41,103.5,9.1377
22610.41,99.5,9.1377
22611.42,100.5,9.1377
22612.42,101.5,9.1377
22613.43,99.5,9.1377
22614.43,100.5,9.1377
22615.44,101.7,9.1377
22616.44,100.5,9.1377
22617.45,101.5,9.1377
22618.45,99.5,9.1377
22619.46,103.5,9.1377
22620.46,98.5,9.1377
22621.47,102.5,9.1377
22622.47,101.5,9.1377
22623.48,101.5,9.1377
22624.48,99.4,9.1377
22625.49,101.5,9.1377
22626.5,100.5,9.1377
22627.5,102.5,9.1377
22628.51,100.5,9.1377
22629.51,99.7,9.1377
22630.51,101.5,9.1377
22631.52,99.5,9.1377
22632.52,101.5,9.1379
22633.53,101.5,9.1379
22634.53,113.4,9.1379
22635.54,101.5,9.1379
22636.55,102.5,9.1379
22637.55,99.5,9.1379
22638.56,100.5,9.1379
22639.56,103.5,9.1379
22640.57,105.4,9.1379
22641.57,101.5,9.1379
22642.58,101.5,9.1379
22643.58,101.5,9.1379
22644.59,103.5,9.1379
22645.59,102.5,9.1379
22646.6,103.5,9.1379
22647.6,100.5,9.1379
22648.61,99.5,9.1379
22649.61,99.5,9.1379
22650.62,101.5,9.1379
22651.62,101.5,9.1379
22652.63,100.5,9.1379
22653.63,103.5,9.1379
22654.64,99.5,9.1379
22655.65,101.5,9.1379
22656.65,101.5,9.1379
22657.66,99.5,9.1379
22658.66,100.5,9.1379
22659.67,100.4,9.1379
22660.67,101.5,9.1379
22661.68,102.5,9.1379
22662.68,98.5,9.1379
22663.69,102.5,9.1379
22664.69,100.5,9.1379
22665.7,102.5,9.1379
22666.7,100.5,9.1379
22667.71,101.5,9.1379
22668.71,99.5,9.1379
22669.72,101.5,9.1379
22670.72,101.5,9.1379
22671.73,99.5,9.1379
22672.73,101.5,9.1379
22673.74,100.5,9.1379
22674.75,101.5,9.1379
22675.75,101.5,9.1379
22676.76,100.5,9.1379
22677.76,101.5,9.1382
22678.77,99.5,9.1382
22679.77,101.7,2.4568
22680.77,331.3,2.6472
22681.78,371.1,2.8502
22682.78,343.0,3.1586
22683.78,271.8,3.5761
22684.79,0.0,2.6129
22685.79,372.9,2.8413
22686.79,349.0,3.2542
22687.8,196.1,3.7504
22688.8,172.1,4.2718
22689.81,154.2,4.7979
22690.81,106.5,5.3012
22691.82,101.5,5.8026
22692.82,100.5,6.3038
22693.83,101.5,6.7945
22694.83,100.5,7.2697
22695.84,120.4,7.3956
22696.85,105.5,7.4956
22697.85,104.6,7.4956
22698.85,101.5,7.4956
22699.86,100.5,7.4956
22700.86,175.1,7.4956
22701.87,101.5,7.4956
22702.88,101.5,7.4956
22703.88,114.4,7.5991
22704.89,101.5,7.5991
22705.89,118.5,7.5993
22706.9,100.5,7.5993
22707.9,102.5,7.5993
22708.91,102.5,7.5993
22709.91,100.5,7.5993
22710.92,118.4,7.5994
22711.92,119.4,7.5994
22712.93,101.5,7.5994
22713.93,101.5,7.5994
22714.94,111.4,7.5997
22715.94,116.4,7.5997
22716.95,102.5,7.5997
22717.95,100.5,7.5997
22718.96,100.5,7.5997
22719.97,114.4,7.6003
22720.97,100.5,7.6003
22721.98,100.5,7.6006
22722.98,100.5,7.6006
22723.99,101.6,7.6006
22724.99,141.2,7.6006
22726.0,127.3,7.6006
22727.0,102.5,7.6006
22728.01,101.5,7.6006
22729.01,101.5,7.6006
22730.02,101.5,7.6006
22731.02,101.5,7.6006
22732.03,99.5,7.6006
22733.03,100.5,7.6006
22734.04,101.5,7.6006
22735.04,100.5,7.6006
22736.05,106.4,7.6006
22737.05,100.5,7.6006
22738.06,100.5,7.6006
22739.06,100.5,7.6006
22740.07,100.5,7.6006
22741.07,100.5,7.6006
22742.08,100.5,7.6006
22743.08,101.5,7.6006
22744.09,113.4,7.6007
22745.09,99.5,7.6007
22746.1,101.5,7.6007
22747.11,101.5,7.6007
22748.11,102.5,7.6007
22749.12,99.5,7.6007
22750.12,101.5,7.6007
22751.13,135.3,7.6007
22752.13,101.5,7.6007
22753.13,110.7,7.6007
22754.14,103.5,7.6007
22755.14,100.5,7.6007
22756.15,101.5,7.6007
22757.16,105.4,7.6007
22758.16,101.5,7.6007
22759.17,100.5,7.6007
22760.17,102.5,7.6007
22761.18,100.5,7.6007
22762.18,100.5,7.6007
22763.19,113.5,7.6564
22764.19,101.5,7.6564
22765.2,100.5,7.6564
22766.2,101.5,7.6564
22767.21,99.5,7.6564
22768.21,121.6,7.6566
22769.21,1.0,2.4518
22770.21,326.0,2.6468
22771.22,366.6,2.9797
22772.22,296.5,3.3951
22773.23,184.0,3.8971
22774.23,199.1,4.3732
22775.24,112.5,4.8206
22776.24,104.4,5.272
22777.25,101.5,5.725
22778.25,101.5,6.1804
22779.26,101.5,6.6308
22780.26,102.5,7.065
22781.27,134.3,7.3778
22782.27,100.5,7.3778
22783.28,103.5,7.4778
22784.28,100.5,7.4778
22785.29,100.5,7.4778
22786.29,101.5,7.4778
22787.3,111.4,7.4778
22788.3,104.4,7.4778
22789.31,104.5,7.4778
22790.31,108.4,7.4778
22791.32,114.4,7.5807
22792.33,99.5,7.5807
22793.33,101.5,7.5807
22794.34,100.5,7.5807
22795.34,101.5,7.5807
22796.35,99.5,7.581
22797.35,102.5,7.581
22798.36,99.5,7.581
22799.36,103.5,7.581
22800.37,100.5,7.581
22801.37,111.6,7.5818
22802.38,103.5,7.5819
22803.38,100.5,7.5819
22804.39,116.4,7.5819
22805.39,103.4,7.5819
22806.4,132.3,7.5819
22807.4,100.5,7.5819
22808.41,101.5,7.5819
22809.41,100.5,7.5819
22810.42,101.5,7.5819
22811.42,99.5,7.5819
22812.43,101.5,7.5819
22813.43,100.5,7.5819
22814.44,101.5,7.5819
22815.44,100.5,7.5819
22816.45,100.5,7.5819
22817.45,102.5,7.5822
22818.46,100.5,7.5822
22819.46,100.6,7.5822
22820.47,101.5,7.5822
22821.47,101.5,7.5822
22822.48,104.5,7.5822
22823.48,100.6,7.5822
22824.49,101.5,7.5822
22825.49,101.5,7.5822
22826.5,99.5,7.5822
22827.5,100.5,7.5822
22828.51,100.5,7.5822
22829.51,100.5,7.5822
22830.52,100.5,7.5822
22831.52,100.5,7.5822
22832.53,100.5,7.5822
22833.53,103.5,7.5822
22834.54,100.5,7.5822
22835.55,100.5,7.5822
22836.55,100.6,7.5822
22837.55,102.5,7.5822
22838.56,100.5,7.5822
22839.57,101.5,7.5822
22840.57,100.5,7.5822
22841.58,103.5,7.5822
22842.58,106.4,7.5824
22843.59,103.4,7.5824
22844.59,99.5,7.5824
22845.6,101.5,7.5824
22846.6,100.6,7.5824
22847.61,101.5,7.5824
22848.61,100.5,7.5824
22849.62,101.5,7.5824
22850.62,101.6,7.5824
22851.63,110.4,7.5825
22852.63,105.5,7.5825
22853.64,101.5,7.5825
22854.64,99.5,7.5825
22855.65,101.5,7.5825
22856.65,101.5,7.5825
22857.66,102.5,7.5825
22858.66,100.5,7.5825
22859.67,102.5,7.5825
22860.67,100.5,7.5825
22861.68,120.4,7.5836
22862.69,124.3,7.5851
22863.69,106.4,7.5851
22864.7,103.5,7.5851
22865.7,100.5,7.5851
22866.71,113.5,7.5852
22867.71,3.0,2.4097
22868.72,302.7,2.5767
22869.72,346.2,2.7794
22870.73,1831.4,2.534
22871.73,309.3,2.8853
22872.73,335.9,3.0147
22873.74,346.0,3.2136
22874.74,319.2,3.4626
22875.74,310.4,3.7763
22876.75,305.5,4.0478
22877.75,302.5,4.3615
22878.76,302.4,4.5932
22879.76,303.6,4.7326
22880.77,310.4,4.8431
22881.77,302.8,4.9209
22882.78,285.5,4.9771
22883.78,265.6,5.0244
22884.79,267.6,5.0811
22885.79,198.9,5.115
22886.8,172.1,5.1603
22887.81,145.2,5.2208
22888.81,135.3,5.2792
22889.82,175.1,5.3644
22890.82,177.1,5.4106
22891.83,145.2,5.4597
22892.83,105.5,5.5082
22893.84,102.5,5.5611
22894.84,102.4,5.609
22895.85,104.4,5.6575
22896.85,99.5,5.7087
22897.86,133.3,5.8004
22898.86,186.0,5.9041
22899.87,140.3,6.0008
22900.87,133.3,6.0438
22901.88,152.2,6.0991
22902.89,126.3,6.1485
22903.89,105.5,6.2079
22904.9,108.4,6.2857
22905.9,103.5,6.4219
22906.91,121.4,6.5517
22907.91,101.5,6.6324
22908.92,102.5,6.6997
22909.92,99.5,6.7241
22910.93,101.5,6.7854
22911.93,111.4,6.8586
22912.94,105.4,6.9324
22913.94,113.4,7.0115
22914.95,101.4,7.0847
22915.95,106.5,7.1805
22916.96,100.4,7.2818
22917.97,188.0,7.5963
22918.97,100.6,7.5963
22919.97,102.4,7.6252
22920.98,101.5,7.6483
22921.99,106.4,7.6483
22922.99,145.2,7.6484
22924.0,141.3,7.6484
22925.0,105.4,7.6484
22926.01,119.4,7.6484
22927.01,135.3,7.6484
22928.02,112.4,7.6484
22929.02,102.5,7.6484
22930.03,124.3,7.6484
22931.03,99.5,7.6484
22932.04,100.5,7.6484
22933.04,106.4,7.6484
22934.05,134.3,7.6484
22935.05,100.5,7.6484
22936.06,100.5,7.6484
22937.06,101.5,7.6773
22938.07,100.5,7.7134
22939.07,102.4,7.7369
22940.08,101.5,7.7484
22941.09,101.5,7.7484
22942.09,100.5,7.7484
22943.1,101.5,7.7484
22944.1,100.5,7.7484
22945.11,102.5,7.7484
22946.11,124.3,7.7484
22947.12,99.5,7.7484
22948.12,101.5,7.7484
22949.13,120.6,7.7484
22950.13,101.4,7.7484
22951.14,99.6,7.7484
22952.14,101.4,7.7487
22953.15,100.5,7.7487
22954.15,100.5,7.7487
22955.16,101.5,7.7487
22956.16,101.5,7.7487
22957.17,101.5,7.7487
22958.17,101.5,7.7487
22959.18,101.4,7.7487
22960.19,99.5,7.7487
22961.19,100.5,7.7487
22962.2,100.4,7.7487
22963.2,100.5,7.7487
22964.21,101.5,7.7487
22965.21,99.4,7.7487
22966.22,100.5,7.7487
22967.22,147.2,7.7487
22968.23,116.4,7.7487
22969.23,123.4,7.7487
22970.24,147.4,7.7487
22971.24,102.5,7.7487
22972.25,99.5,7.7487
22973.25,100.5,7.7487
22974.26,101.5,7.7487
22975.26,99.5,7.7487
22976.27,101.5,7.7487
22977.28,102.5,7.7487
22978.28,99.5,7.7487
22979.29,100.5,7.7487
22980.29,100.5,7.7487
22981.3,102.5,7.7487
22982.3,100.5,7.7487
22983.31,100.5,7.7489
22984.31,100.5,7.7489
22985.32,109.4,7.7489
22986.32,99.5,7.7489
22987.33,101.5,7.7489
22988.33,99.5,7.7489
22989.34,103.5,7.7489
22990.34,99.5,7.7489
22991.35,101.5,7.7489
22992.35,102.5,7.7489
22993.36,100.5,7.7489
22994.36,100.5,7.7489
22995.37,100.6,7.7487
22996.37,100.5,7.7487
22997.38,100.5,7.7487
22998.38,100.5,7.7487
22999.39,100.5,7.7487
23000.4,99.5,7.7487
23001.4,102.5,7.7487
23002.41,100.5,7.749
23003.41,101.5,7.749
23004.42,99.5,7.749
23005.42,101.5,7.749
23006.43,102.5,7.749
23007.43,101.5,7.749
23008.44,99.5,7.749
23009.44,100.5,7.749
23010.45,99.7,7.749
23011.45,102.6,7.749
23012.45,101.5,7.749
23013.46,101.5,7.749
23014.47,101.5,7.749
23015.47,102.5,7.749
23016.48,101.5,7.7488
23017.48,102.5,7.7488
23018.49,100.5,7.7488
23019.49,101.5,7.7488
23020.5,104.5,7.7488
23021.5,102.5,7.7488
23022.51,105.4,7.7488
23023.51,110.4,7.7488
23024.52,139.3,7.7492
23025.52,102.5,7.7437
23026.53,99.5,7.7437
23027.53,100.5,7.7437
23028.54,226.2,7.744
23029.54,294.6,7.746
23030.55,176.1,7.7461
23031.55,139.2,7.7461
23032.56,101.5,7.746
23033.56,100.4,7.746
23034.57,104.4,7.746
23035.57,230.3,8.0392
23036.58,129.4,8.163
23037.58,101.5,8.163
23038.59,99.5,8.163
23039.59,101.5,8.163
23040.6,99.5,8.163
23041.6,101.5,8.163
23042.61,106.4,8.1632
23043.61,101.5,8.1632
23044.62,101.5,8.1632
23045.62,99.5,8.1632
23046.63,102.5,8.1632
23047.63,99.5,8.1635
23048.64,101.5,8.1635
23049.65,100.5,8.1635
23050.65,101.5,8.1635
23051.66,101.5,8.1635
23052.66,158.2,8.1711
23053.67,162.1,8.1959
23054.67,109.4,8.1959
23055.68,161.2,8.1637
23056.68,103.5,8.1637
23057.68,147.7,8.1687
23058.69,134.3,8.2243
23059.69,101.5,8.2243
23060.7,99.5,8.2243
23061.7,100.5,8.2243
23062.71,100.5,8.2243
23063.71,102.5,8.2243
23064.72,99.5,8.2243
23065.72,100.5,8.2243
23066.73,100.5,8.2243
23067.74,102.5,8.2243
23068.74,100.5,8.2243
23069.75,99.5,8.2243
23070.75,101.5,8.2243
23071.76,99.5,8.2243
23072.76,102.5,8.2243
23073.77,101.5,8.2243
23074.77,100.5,8.2243
23075.78,100.5,8.2243
23076.78,100.5,8.2243
23077.79,192.0,8.233
23078.79,100.5,8.233
23079.8,100.5,8.233
23080.8,100.5,8.233
23081.81,100.5,8.233
23082.81,101.5,8.233
23083.82,100.5,8.233
23084.82,102.5,8.233
23085.83,99.5,8.233
23086.84,100.5,8.233
23087.84,99.5,8.233
23088.85,102.5,8.233
23089.85,100.5,8.233
23090.86,99.5,8.233
23091.86,101.5,8.2332
23092.87,100.5,8.2332
23093.87,100.5,8.2332
23094.88,99.5,8.2332
23095.88,102.5,8.2332
23096.89,101.5,8.2332
23097.89,99.5,8.2332
23098.9,100.5,8.2332
23099.9,101.5,8.2332
23100.91,102.5,8.2332
23101.91,102.5,8.2333
23102.92,185.0,8.2336
23103.93,100.5,8.2336
23104.93,101.5,8.2336
23105.94,99.5,8.2336
23106.94,101.5,8.2336
23107.95,99.5,8.2336
23108.95,101.5,8.2336
23109.96,100.5,8.2336
23110.96,100.5,8.2336
23111.97,103.5,8.2336
23112.97,102.5,8.2338
23113.98,112.4,8.2338
23114.98,99.5,8.2338
23115.99,101.5,8.2338
23116.99,99.5,8.2338
23118.0,101.5,8.2338
23119.0,101.5,8.2338
23120.01,99.5,8.2338
23121.01,101.5,8.2338
23122.02,100.6,8.2338
23123.02,100.5,8.2338
23124.03,102.5,8.2338
23125.03,100.5,8.2338
23126.04,100.5,8.2338
23127.04,99.5,8.2338
23128.05,198.0,8.5906
23129.05,101.5,8.5906
23130.06,101.5,8.5906
23131.07,100.5,8.5906
23132.07,100.6,8.5906
23133.07,100.5,8.5906
23134.08,100.5,8.5906
23135.09,101.5,8.5906
23136.09,102.5,8.5906
23137.1,99.5,8.5906
23138.1,100.5,8.5906
23139.11,100.5,8.5906
23140.11,101.5,8.5906
23141.12,101.5,8.5906
23142.12,100.5,8.5908
23143.13,100.5,8.5908
23144.13,100.5,8.5908
23145.14,101.5,8.5908
23146.14,99.5,8.5908
23147.15,102.5,8.5908
23148.15,99.5,8.5908
23149.16,100.5,8.5908
23150.16,100.6,8.5908
23151.17,101.5,8.5908
23152.17,100.5,8.5908
23153.18,99.5,8.5908
23154.18,103.5,8.5908
23155.19,101.5,8.5908
23156.19,100.5,8.5908
23157.2,99.5,8.5908
23158.2,102.5,8.5908
23159.21,99.5,8.5908
23160.21,101.5,8.5908
23161.22,100.5,8.5908
23162.22,99.5,8.5908
23163.23,101.5,8.5908
23164.23,99.5,8.5908
23165.24,100.5,8.5908
23166.24,101.5,8.5908
23167.25,100.5,8.5908
23168.25,100.5,8.5908
23169.26,101.5,8.5909
23170.26,102.6,2.4283
23171.27,286.2,2.5779
23172.27,1.0,2.4371
23173.27,300.0,2.3077
23174.27,1.0,2.5828
23175.28,311.1,2.6925
23176.28,322.6,2.9447
23177.29,326.3,3.2019
23178.29,149.3,3.5517
23179.3,164.1,3.8197
23180.3,106.5,3.8608
23181.31,100.5,3.8887
23182.31,100.5,3.9156
23183.32,102.5,3.9526
23184.32,105.4,3.9913
23185.33,100.5,4.0206
23186.33,136.3,4.0473
23187.34,101.5,4.0795
23188.34,102.5,4.1118
23189.35,114.4,4.1324
23190.36,130.3,4.1557
23191.36,165.1,4.2193
23192.37,135.3,4.363
23193.37,105.5,4.4851
23194.38,103.5,4.6168
23195.38,102.5,4.7564
23196.38,2.0,2.4486
23197.39,310.6,2.605
23198.39,358.3,2.826
23199.4,245.7,3.2615
23200.4,287.5,3.8255
23201.41,1.0,2.3478
23202.41,313.2,2.5885
23203.41,1.0,2.4936
23204.42,307.2,2.6376
23205.42,339.8,2.8557
23206.42,1.0,2.5183
23207.43,328.0,2.6635
23208.43,2.0,2.4861
23209.43,349.0,2.6844
23210.44,351.2,2.8775
23211.44,314.6,3.2134
23212.45,314.4,3.6006
23213.45,311.9,3.9231
23214.46,319.4,4.212
23215.46,304.4,4.5869
23216.47,263.7,5.0227
23217.47,160.1,5.4461
23218.48,112.4,5.8708
23219.48,100.5,6.3401
23220.49,102.5,6.7987
23221.49,125.6,7.277
23222.49,102.5,7.43
23223.5,100.5,7.43
23224.5,100.5,7.43
23225.51,110.4,7.43
23226.52,101.5,7.53
23227.52,101.5,7.53
23228.53,101.5,7.53
23229.53,100.5,7.53
23230.54,100.5,7.53
23231.54,118.4,7.6561
23232.55,101.5,7.6564
23233.55,100.5,7.6564
23234.56,101.5,7.6564
23235.56,100.5,7.6564
23236.57,101.5,7.6566
23237.57,100.5,7.6566
23238.58,99.5,7.6566
23239.58,101.5,7.6566
23240.59,101.5,7.6566
23241.59,100.5,7.6566
23242.6,101.5,7.6566
23243.6,99.5,7.6566
23244.61,100.5,7.6566
23245.61,100.5,7.6566
23246.62,101.5,7.6566
23247.62,100.5,7.6566
23248.63,101.5,7.6566
23249.63,100.5,7.6566
23250.64,100.5,7.6566
23251.64,100.5,7.6566
23252.65,100.5,7.6568
23253.66,101.5,7.6568
23254.66,100.5,7.6568
23255.67,102.5,7.6568
23256.67,99.6,7.6568
23257.68,101.5,7.6568
23258.68,100.5,7.6568
23259.69,102.5,7.6568
23260.69,98.6,7.6568
23261.7,101.5,7.6568
23262.7,100.5,7.6568
23263.71,103.5,7.657
23264.71,99.5,7.657
23265.72,101.5,7.657
23266.72,117.4,7.6578
23267.73,99.5,7.6578
23268.73,101.5,7.6578
23269.74,101.5,7.6578
23270.74,101.5,7.6578
23271.75,98.5,7.6578
23272.75,101.5,7.6578
23273.76,101.5,7.6578
23274.76,99.5,7.6578
23275.77,100.5,7.6578
23276.77,101.5,7.6578
23277.78,99.6,7.6581
23278.78,102.6,7.6581
23279.79,100.5,7.6581
23280.79,100.5,7.6581
23281.8,100.5,7.6581
23282.8,101.6,7.6581
23283.81,101.5,7.6581
23284.81,100.5,7.6581
23285.82,101.5,7.6581
23286.82,102.5,7.6581
23287.83,102.5,7.6581
23288.83,100.5,7.6581
23289.84,99.5,7.6581
23290.84,114.4,7.6581
23291.85,100.5,7.6581
23292.85,99.5,7.6581
23293.86,101.5,7.6581
23294.86,99.5,7.6581
23295.87,101.5,7.6581
23296.87,99.5,7.6581
23297.88,101.5,7.6581
23298.88,100.5,7.6581
23299.89,101.5,7.6581
23300.89,100.5,7.6581
23301.9,101.5,7.6581
23302.9,100.5,7.6581
23303.91,100.5,7.6581
23304.91,101.5,7.6581
23305.92,117.4,7.6581
23306.92,100.5,7.6581
23307.93,102.5,7.6581
23308.94,99.5,7.6581
23309.94,99.5,7.6581
23310.95,101.5,7.6581
23311.95,100.4,7.6581
23312.96,101.5,7.6581
23313.96,99.5,7.6581
23314.97,101.5,7.6581
23315.97,99.5,7.6581
23316.98,100.5,7.6581
23317.98,101.5,7.6581
23318.99,101.5,7.6581
23319.99,99.5,7.6581
23321.0,101.5,7.6581
23322.0,100.5,7.6581
23323.01,101.5,7.6581
23324.01,99.5,7.6581
23325.02,101.5,7.6581
23326.02,100.5,7.6581
23327.03,99.5,7.6584
23328.03,102.6,7.6584
23329.04,101.5,7.6584
23330.04,99.5,7.6584
23331.05,99.5,7.6584
23332.05,103.5,7.6584
23333.06,99.5,7.6586
23334.06,100.5,7.6586
23335.07,100.5,7.6586
23336.07,101.5,7.6586
23337.08,100.5,7.6586
23338.09,100.5,7.6586
23339.09,102.5,7.6586
23340.1,99.5,7.6586
23341.1,100.5,7.6586
23342.11,101.5,7.6586
23343.11,100.5,7.6586
23344.12,99.5,7.6586
23345.12,101.5,7.6586
23346.13,99.5,7.6586
23347.13,100.5,7.6586
23348.14,121.4,7.6587
23349.14,99.5,7.6587
23350.15,100.5,7.6587
23351.15,100.5,7.6587
23352.16,101.5,7.6587
23353.16,100.5,7.6587
23354.17,98.5,7.6587
23355.17,102.5,7.6587
23356.18,99.5,7.6587
23357.18,101.5,7.6587
23358.19,99.5,7.6587
23359.19,102.5,7.6587
23360.2,100.5,7.6587
23361.2,101.5,7.6587
23362.21,99.5,7.6587
23363.21,101.5,7.6587
23364.22,99.5,7.6587
23365.22,101.5,7.6587
23366.23,102.5,7.6587
23367.23,101.5,7.6587
23368.24,99.5,7.6587
23369.24,100.5,7.6587
23370.25,99.5,7.6587
23371.25,101.5,7.6587
23372.26,100.5,7.6589
23373.26,100.5,7.6589
23374.27,101.5,7.6589
23375.28,99.5,7.6589
23376.28,100.5,7.6589
23377.29,101.5,7.6589
23378.29,99.5,7.6589
23379.3,100.5,7.6589
23380.3,102.5,7.6589
23381.31,99.5,7.6589
23382.31,101.5,7.6589
23383.32,100.5,7.6589
23384.32,100.5,7.6589
23385.33,100.5,7.6589
23386.33,102.5,7.6589
23387.34,99.5,7.6589
23388.34,101.5,7.6589
23389.35,100.5,7.6589
23390.35,101.5,7.6589
23391.36,99.6,7.6589
23392.36,101.5,7.6589
23393.37,100.5,7.6589
23394.37,118.4,7.7379
23395.38,100.5,7.7379
23396.38,100.5,7.7379
23397.39,101.5,7.7379
23398.39,101.5,7.7379
23399.4,100.5,7.7379
23400.4,100.5,7.7379
23401.41,101.5,7.7379
23402.41,100.5,7.7379
23403.42,99.5,7.7382
23404.42,100.5,7.7382
23405.43,100.5,7.7382
23406.44,101.5,7.7382
23407.44,100.5,7.7382
23408.45,102.5,7.7382
23409.45,102.5,7.7382
23410.46,118.4,7.7382
23411.46,100.5,7.7382
23412.47,104.5,7.7382
23413.47,101.5,7.7382
23414.48,100.5,7.7382
23415.48,100.6,7.7382
23416.49,100.5,7.7382
23417.49,102.5,7.7384
23418.5,99.5,7.7384
23419.5,100.5,7.7384
23420.51,99.5,7.7384
23421.51,100.5,7.7384
23422.52,101.4,7.7384
23423.52,100.5,7.7384
23424.53,100.5,7.7384
23425.53,103.5,7.7384
23426.54,100.5,7.7384
23427.54,100.5,7.7384
23428.55,100.5,7.7384
23429.55,101.6,7.7384
23430.56,101.6,7.7384
23431.56,99.5,7.7384
23432.57,100.5,7.7384
23433.57,99.5,7.7384
23434.58,100.5,7.7384
23435.58,101.5,7.7384
23436.59,100.8,7.7384
23437.59,100.5,7.7384
23438.6,102.5,7.7384
23439.6,100.5,7.7384
23440.61,101.5,7.7384
23441.61,99.5,7.7384
23442.62,100.5,7.7384
23443.62,101.5,7.7384
23444.63,100.5,7.7384
23445.63,101.5,7.7384
23446.64,100.5,7.7384
23447.64,99.5,7.7384
23448.65,100.5,7.7384
23449.65,101.5,7.7384
23450.66,99.5,7.7384
23451.66,101.5,7.7384
23452.67,100.5,7.7384
23453.67,100.5,7.7384
23454.68,101.5,7.7384
23455.68,99.5,7.7384
23456.69,99.5,7.7384
23457.69,102.5,7.7384
23458.7,99.5,7.7384
23459.71,102.5,7.7384
23460.71,100.5,7.7384
23461.72,100.5,7.7384
23462.72,101.5,7.7387
23463.73,99.6,7.7387
23464.73,102.5,7.7387
23465.74,100.5,7.7387
23466.74,100.5,7.7387
23467.75,100.5,7.7387
23468.75,100.5,7.7387
23469.76,101.5,7.7387
23470.76,99.5,7.7387
23471.77,101.5,7.7387
23472.77,101.5,7.7389
23473.78,100.5,7.7389
23474.78,99.5,7.7389
23475.79,101.5,7.7389
23476.79,100.5,7.7389
23477.8,100.5,7.7389
23478.8,100.5,7.7389
23479.81,100.5,7.7389
23480.81,100.5,7.7389
23481.82,100.5,7.7389
23482.82,100.5,7.7389
23483.83,102.6,7.7547
23484.83,99.5,7.8087
23485.84,100.5,7.8449
23486.84,102.5,7.8811
23487.85,99.5,7.9175
23488.85,99.5,7.9552
23489.86,101.5,7.9939
23490.86,100.5,8.0308
23491.87,100.5,8.0662
23492.87,102.5,8.1044
23493.88,100.5,8.1421
23494.88,101.5,8.1733
23495.89,99.5,8.2108
23496.89,102.5,8.2482
23497.9,100.5,8.2853
23498.9,100.5,8.3223
23499.91,99.5,8.3665
23500.91,101.7,8.4115
23501.92,99.5,8.4487
23502.92,101.5,8.4843
23503.93,100.5,8.4843
23504.93,100.5,8.4843
23505.94,100.5,8.5182
23506.94,101.5,8.5543
23507.95,101.7,2.4166
23508.95,286.8,2.5848
23509.95,348.9,2.7314
23510.96,1.0,2.5314
23511.96,342.1,2.7248
23512.97,344.3,2.9417
23513.97,311.4,3.203
23514.98,310.4,3.4788
23515.98,307.3,3.7245
23516.99,318.3,3.9573
23517.99,320.5,4.2236
23519.0,1.0,2.5452
23520.0,342.1,2.7387
23521.0,336.3,3.015
23522.01,314.3,3.2852
23523.01,313.6,3.6304
23524.02,311.9,3.9481
23525.02,321.0,4.1899
23526.02,305.4,4.3127
23527.03,231.9,4.3784
23528.03,105.5,4.472
23529.04,107.4,4.5585
23530.04,100.5,4.6585
23531.05,102.5,4.7591
23532.05,101.5,4.8666
23533.06,102.5,4.9628
23534.06,100.5,5.0654
23535.07,103.5,5.1277
23536.07,99.5,5.1754
23537.08,101.5,5.2036
23538.09,110.4,5.2488
23539.09,102.5,5.2905
23540.1,100.5,5.3297
23541.1,99.5,5.3631
23542.11,101.5,5.4498
23543.11,101.5,5.4556
23544.12,103.5,5.5395
23545.12,114.7,5.6061
23546.12,100.5,5.674
23547.13,101.5,5.7327
23548.13,100.5,5.8029
23549.14,101.5,5.863
23550.15,102.5,5.9174
23551.15,101.5,5.9589
23552.16,99.5,6.0134
23553.16,101.5,6.0633
23554.17,100.5,6.0978
23555.17,101.5,6.1296
23556.18,101.5,6.1523
23557.18,99.5,6.2009
23558.19,100.5,6.2302
23559.19,101.5,6.2588
23560.2,100.5,6.2795
23561.2,101.5,6.3116
23562.21,99.5,6.3438
23563.21,100.5,6.383
23564.22,100.5,6.4119
23565.22,101.5,6.4456
23566.23,101.5,6.4922
23567.23,100.5,6.507
23568.24,100.5,6.5383
23569.24,99.5,6.5763
23570.25,100.5,6.6052
23571.25,101.5,6.6392
23572.26,101.6,6.6755
23573.26,99.8,6.7064
23574.26,113.6,6.7326
23575.27,101.5,6.764
23576.27,99.5,6.7944
23577.28,101.5,6.8302
23578.28,100.5,6.8556
23579.29,112.4,6.8965
23580.3,146.2,6.926
23581.3,100.5,6.9586
23582.31,101.5,6.9794
23583.31,99.5,7.0158
23584.32,100.5,7.0404
23585.32,101.5,7.061
23586.33,100.5,7.075
23587.33,101.5,7.0903
23588.34,100.5,7.1056
23589.34,100.4,7.1393
23590.35,99.5,7.1613
23591.35,102.5,7.1841
23592.36,102.5,7.2018
23593.36,100.5,7.2281
23594.37,99.4,7.2488
23595.38,101.4,7.2765
23596.38,100.5,7.3043
23597.39,130.4,7.4056
23598.39,101.5,7.4056
23599.4,99.5,7.4056
23600.4,99.5,7.4056
23601.41,101.5,7.4056
23602.41,100.5,7.4058
23603.42,100.5,7.4058
23604.42,102.5,7.4058
23605.43,99.5,7.4214
23606.43,101.5,7.4574
23607.44,100.5,7.4835
23608.44,101.5,7.5059
23609.45,99.5,7.5059
23610.45,99.5,7.5059
23611.46,102.5,7.5059
23612.46,100.5,7.5059
23613.47,100.5,7.5059
23614.47,102.5,7.5059
23615.48,99.5,7.5059
23616.48,100.6,7.5059
23617.49,101.5,7.5059
23618.49,101.5,7.5059
23619.5,103.5,7.5059
23620.5,99.6,7.5059
23621.51,101.5,7.5059
23622.51,101.5,7.5059
23623.52,100.5,7.5061
23624.52,102.5,7.5061
23625.53,100.5,7.5061
23626.53,100.5,7.5061
23627.54,100.5,7.5061
23628.54,99.5,7.5061
23629.55,102.5,7.5061
23630.55,100.5,7.5061
23631.56,100.5,7.5061
23632.56,100.5,7.5061
23633.57,99.5,7.5061
23634.57,102.6,7.5061
23635.58,101.5,7.5061
23636.58,100.5,7.5061
23637.59,100.5,7.5061
23638.59,100.5,7.5061
23639.6,100.5,7.5061
23640.6,101.5,7.5061
23641.61,101.5,7.5061
23642.61,100.6,7.5061
23643.62,100.5,7.5061
23644.62,101.5,7.5061
23645.63,99.5,7.5061
23646.63,102.5,7.5061
23647.64,101.5,7.5064
23648.64,99.5,7.5064
23649.65,101.5,7.5064
23650.65,101.5,7.5064
23651.66,99.5,7.5064
23652.67,99.5,7.5064
23653.67,127.3,7.5064
23654.68,100.5,7.5064
23655.68,99.5,7.5064
23656.69,101.5,7.5064
23657.69,101.5,7.5064
23658.7,100.5,7.5064
23659.7,100.5,7.5064
23660.71,100.5,7.5064
23661.71,102.5,7.5064
23662.72,100.5,7.5064
23663.72,100.5,7.5064
23664.73,100.5,7.5064
23665.73,99.6,7.5064
23666.74,101.5,7.5064
23667.74,101.6,7.5064
23668.75,99.5,7.5064
23669.75,102.5,7.5064
23670.76,99.5,7.5064
23671.76,101.5,7.5064
23672.77,100.4,7.5064
23673.77,99.5,7.5064
23674.78,101.5,7.5064
23675.78,101.5,7.5064
23676.79,100.5,7.5064
23677.79,101.5,7.5064
23678.8,100.5,7.5064
23679.8,99.5,7.5064
23680.81,102.5,7.5064
23681.81,100.5,7.5064
23682.82,103.5,7.5064
23683.82,100.5,7.5064
23684.83,101.5,7.5064
23685.83,99.5,7.5064
23686.84,100.5,7.5064
23687.84,99.5,7.5064
23688.85,103.5,7.5064
23689.85,101.5,7.5064
23690.86,100.5,7.5064
23691.86,100.5,7.5064
23692.87,100.5,7.5064
23693.87,100.5,7.5064
23694.88,100.5,7.5064
23695.88,100.5,7.5064
23696.89,100.5,7.5067
23697.89,100.6,7.5067
23698.9,99.5,7.5067
23699.9,100.5,7.5067
23700.91,102.5,7.5067
23701.91,99.5,7.5067
23702.92,101.5,7.5069
23703.92,100.5,7.5069
23704.93,101.5,7.5069
23705.93,101.5,7.5069
23706.94,99.5,7.5069
23707.94,101.5,7.5069
23708.95,99.5,7.5069
23709.95,101.5,7.5069
23710.96,100.5,7.5069
23711.96,100.5,7.5069
23712.97,101.5,7.5069
23713.98,100.5,7.5069
23714.98,101.5,7.5069
23715.99,99.5,7.5069
23716.99,101.5,7.5069
23718.0,99.5,7.5069
23719.0,101.5,7.5069
23720.01,101.5,7.5069
23721.01,99.5,7.5069
23722.02,100.5,7.5069
23723.02,101.5,7.5069
23724.03,101.5,7.5069
23725.03,99.5,7.5069
23726.04,101.5,7.5069
23727.04,100.5,7.5069
23728.05,101.5,7.5069
23729.05,99.5,7.5069
23730.06,100.5,7.5069
23731.06,100.5,7.5069
23732.07,106.5,7.5069
23733.07,101.5,7.5069
23734.08,101.5,7.5069
23735.08,102.5,7.5069
23736.09,100.5,7.5069
23737.09,99.5,7.5069
23738.1,100.5,7.5069
23739.1,100.5,7.5069
23740.11,100.5,7.5069
23741.11,100.5,7.5069
23742.12,101.5,7.5072
23743.12,99.5,7.5072
23744.13,101.5,7.5072
23745.13,100.6,7.5072
23746.14,100.5,7.5072
23747.14,100.5,7.5072
23748.15,101.5,7.5072
23749.15,101.5,7.5072
23750.16,100.5,7.5072
23751.16,101.5,7.5072
23752.17,99.5,7.5072
23753.17,102.5,7.5072
23754.18,100.5,7.5072
23755.18,101.5,7.5072
23756.19,101.5,7.5072
23757.19,100.5,7.5072
23758.2,99.5,7.5072
23759.2,100.5,7.5072
23760.21,100.6,7.5072
23761.21,101.5,7.5072
23762.22,100.5,7.5072
23763.22,99.5,7.5072
23764.23,100.5,7.5072
23765.24,99.5,7.5072
23766.24,101.5,7.5072
23767.24,100.5,7.5072
23768.25,100.5,7.5072
23769.26,103.5,7.5072
23770.26,99.6,7.5072
23771.26,101.5,7.5072
23772.27,100.6,7.5072
23773.27,100.5,7.5074
23774.28,99.5,7.5074
23775.28,102.5,7.5074
23776.29,100.5,7.5074
23777.3,100.5,7.5074
23778.3,100.5,7.5074
23779.31,100.5,7.5074
23780.31,100.5,7.5074
23781.32,105.5,7.5074
23782.32,101.5,7.5074
23783.33,100.5,7.5074
23784.33,101.5,7.5074
23785.34,100.5,7.5074
23786.34,100.6,7.5074
23787.35,100.5,7.5077
23788.35,101.5,7.5077
23789.36,99.5,7.5077
23790.36,99.6,7.5077
23791.37,102.5,7.5077
23792.37,99.5,7.5077
23793.38,102.5,7.5077
23794.38,100.5,7.5077
23795.39,100.5,7.5077
23796.39,100.5,7.5077
23797.4,101.5,7.5077
23798.4,100.5,7.5077
23799.41,100.5,7.5077
23800.41,101.5,7.5077
23801.42,101.5,7.5077
23802.42,100.5,7.5077
23803.43,100.5,7.5077
23804.43,101.5,7.5077
23805.44,100.5,7.5077
23806.44,100.5,7.5077
23807.45,99.5,7.5077
23808.45,99.5,7.5077
23809.46,101.5,7.5077
23810.46,100.5,7.5077
23811.47,100.5,7.5077
23812.47,100.6,7.5077
23813.48,101.5,7.5077
23814.48,99.5,7.5077
23815.49,101.5,7.5077
23816.49,100.5,7.5077
23817.5,99.5,7.5077
23818.5,101.6,2.426
23819.51,299.5,2.6012
23820.51,1.0,2.3172
23821.52,1.0,2.5814
23822.52,351.9,2.7071
23823.52,1.0,2.505
23824.53,326.3,2.6525
23825.53,0.0,2.4585
23826.53,312.8,2.6703
23827.54,358.3,2.8476
23828.54,318.2,3.1213
23829.55,313.4,3.4477
23830.55,310.6,3.8004
23831.56,317.0,4.0885
23832.56,244.9,4.3376
23833.57,105.5,4.6655
23834.57,106.4,4.944
23835.58,107.4,5.1742
23836.58,109.5,5.4254
23837.59,245.7,5.72
23838.59,167.1,5.9643
23839.6,102.5,6.1763
23840.6,107.5,6.2785
23841.61,103.5,6.3065
23842.61,101.5,6.3357
23843.62,100.5,6.3647
23844.62,101.5,6.4202
23845.63,99.5,6.4681
23846.63,102.5,6.5188
23847.64,100.5,6.5589
23848.64,100.5,6.636
23849.65,100.5,6.682
23850.65,101.5,6.7301
23851.66,100.5,6.7991
23852.66,101.5,6.8579
23853.67,100.5,6.8953
23854.67,100.5,6.9605
23855.68,100.5,7.0206
23856.68,101.5,7.0559
23857.69,101.5,7.1144
23858.69,100.5,7.1641
23859.7,100.5,7.1829
23860.71,100.5,7.234
23861.71,102.5,7.272
23862.72,100.5,7.2928
23863.72,129.3,7.3972
23864.73,103.5,7.3972
23865.73,100.5,7.3972
23866.74,103.5,7.3972
23867.74,99.5,7.4485
23868.75,102.5,7.4492
23869.75,100.5,7.4492
23870.76,100.5,7.4492
23871.76,100.5,7.4815
23872.77,100.5,7.5492
23873.77,100.5,7.5492
23874.78,101.5,7.5492
23875.78,100.5,7.5492
23876.79,100.5,7.5492
23877.79,101.6,7.5492
23878.8,100.5,7.5492
23879.8,99.5,7.5492
23880.81,101.5,7.5492
23881.81,102.5,7.5492
23882.82,106.4,7.5495
23883.82,103.5,7.5495
23884.83,101.5,7.5495
23885.83,102.5,7.5495
23886.84,100.5,7.5495
23887.84,101.5,7.5495
23888.85,178.1,7.5495
23889.86,226.7,7.5611
23890.86,299.5,7.5656
23891.87,261.7,7.5937
23892.87,202.9,7.5953
23893.88,199.9,7.5921
23894.88,112.4,7.5921
23895.89,131.4,7.5921
23896.89,100.5,7.5921
23897.9,101.5,7.5921
23898.9,100.5,7.5921
23899.91,100.5,7.5921
23900.91,102.5,7.5921
23901.92,100.5,7.5921
23902.92,100.5,7.5921
23903.93,100.5,7.5921
23904.93,100.6,7.5921
23905.94,102.5,7.5921
23906.94,99.5,7.5921
23907.95,100.5,7.5921
23908.95,101.5,7.5921
23909.96,100.5,7.5921
23910.96,99.5,7.5921
23911.97,100.5,7.5921
23912.97,100.5,7.5921
23913.98,101.5,7.5921
23914.98,100.5,7.5921
23915.99,99.5,7.5921
23916.99,99.6,7.5921
23918.0,101.5,7.5921
23919.0,100.5,7.5921
23920.01,102.5,7.5921
23921.01,101.5,7.5921
23922.02,101.5,7.5921
23923.02,99.5,7.5924
23924.03,101.5,7.5924
23925.03,100.5,7.5924
23926.04,100.5,7.5924
23927.05,99.5,7.5926
23928.05,100.5,7.5926
23929.06,101.5,7.5926
23930.06,101.5,7.5926
23931.07,99.5,7.5929
23932.07,101.5,7.5929
23933.08,99.5,7.5929
23934.08,101.5,7.5929
23935.09,100.5,7.5929
23936.09,101.5,7.5929
23937.1,100.5,7.5929
23938.1,100.5,7.5929
23939.11,103.6,7.5929
23940.11,100.5,7.5929
23941.12,99.5,7.5929
23942.12,101.5,7.5929
23943.13,100.5,7.5929
23944.13,100.5,7.5929
23945.14,100.5,7.5929
23946.14,101.5,7.5929
23947.15,99.5,7.5929
23948.15,100.5,7.5929
23949.16,100.5,7.5929
23950.16,101.5,7.5929
23951.17,100.5,7.5929
23952.17,101.5,7.5929
23953.18,100.5,7.5929
23954.18,100.5,7.5929
23955.19,101.5,7.5929
23956.19,99.5,7.5929
23957.2,102.5,7.5929
23958.2,99.6,7.5929
23959.21,100.5,7.5929
23960.21,100.5,7.5929
23961.22,101.5,7.5929
23962.22,100.5,7.5929
23963.23,99.5,7.5929
23964.23,100.5,7.5929
23965.24,101.5,7.5929
23966.24,99.5,7.5929
23967.25,101.5,7.5929
23968.25,106.7,7.5929
23969.26,102.5,7.5929
23970.26,99.5,7.5929
23971.27,101.5,7.5929
23972.27,99.5,7.5931
23973.28,99.5,7.5931
23974.28,101.5,7.5931
23975.29,100.5,7.5931
23976.29,99.5,7.5931
23977.3,101.5,7.5931
23978.3,99.5,7.5931
23979.31,101.5,7.5931
23980.31,103.5,7.5931
23981.32,100.5,7.5931
23982.32,100.5,7.5931
23983.33,99.5,7.5931
23984.33,101.5,7.5931
23985.34,101.5,7.5931
23986.34,99.5,7.5931
23987.35,100.5,7.5931
23988.35,99.5,7.5931
23989.36,101.5,7.5931
23990.37,100.5,7.5931
23991.37,102.5,7.5931
23992.38,100.5,7.5931
23993.38,101.5,7.5934
23994.39,100.5,7.5934
23995.39,100.5,7.5934
23996.4,99.5,7.5934
23997.4,101.5,7.5934
23998.41,100.5,7.5934
23999.41,99.5,7.5934
24000.42,101.5,7.5934
24001.42,99.5,7.5934
24002.43,101.5,7.5934
24003.43,100.5,7.5934
24004.44,101.5,7.5934
24005.44,100.5,7.5934
24006.45,102.5,7.5934
24007.45,100.5,7.5934
24008.46,100.5,7.5934
24009.46,101.5,7.5934
24010.47,99.5,7.5934
24011.47,100.5,7.5934
24012.48,101.5,7.5934
24013.48,100.5,7.5934
24014.49,100.5,7.5934
24015.49,100.5,7.5934
24016.5,100.5,7.5934
24017.5,101.5,7.5936
24018.51,101.5,7.5936
24019.51,101.5,7.5936
24020.52,100.5,7.5936
24021.52,100.5,7.5936
24022.53,101.5,7.5936
24023.53,101.6,7.5936
24024.54,100.5,7.5936
24025.54,102.5,7.5936
24026.55,100.5,7.5936
24027.55,102.5,7.5936
24028.56,99.5,7.5936
24029.56,100.5,7.5936
24030.57,100.3,7.5936
24031.58,101.5,7.5936
24032.58,100.5,7.5936
24033.59,101.5,7.5936
24034.59,100.5,7.5936
24035.6,100.5,7.5936
24036.6,100.6,7.5936
24037.61,100.5,7.5936
24038.61,100.5,7.5936
24039.62,101.5,7.5937
24040.62,100.6,7.5937
24041.63,100.5,7.5937
24042.63,99.8,7.5937
24043.63,101.6,7.5937
24044.64,102.6,7.5937
24045.64,101.5,7.5937
24046.65,100.5,7.5937
24047.65,101.5,7.5937
24048.66,100.5,7.5937
24049.66,99.5,7.5937
24050.67,100.5,7.5937
24051.67,101.5,7.5937
24052.68,99.6,7.5937
24053.68,100.5,7.5937
24054.69,100.5,7.5937
24055.69,102.5,7.5937
24056.7,99.6,7.5937
24057.7,99.5,7.5937
24058.71,100.5,7.5937
24059.71,102.5,7.5937
24060.72,100.6,7.5937
24061.72,100.5,7.5937
24062.73,100.5,7.5937
24063.73,99.7,7.5937
24064.74,101.5,7.5937
24065.74,100.5,7.5937
24066.75,100.5,7.5937
24067.75,101.5,7.5939
24068.76,99.5,7.5939
24069.76,101.7,7.5939
24070.76,99.5,7.5939
24071.77,102.5,7.5939
24072.77,100.5,7.5942
24073.78,99.5,7.5942
24074.78,100.5,7.5942
24075.79,99.5,7.5942
24076.79,102.6,7.5942
24077.8,101.5,7.5942
24078.8,99.5,7.5942
24079.81,100.5,7.5942
24080.81,101.6,7.5942
24081.82,100.5,7.5942
24082.82,100.5,7.5942
24083.83,100.6,7.5942
24084.83,102.3,7.5942
24085.84,99.5,7.5942
24086.85,100.5,7.5942
24087.85,100.5,7.5942
24088.86,99.5,7.5942
24089.86,99.4,7.5942
24090.87,103.5,7.5942
24091.87,100.5,7.5942
24092.88,100.5,7.5942
24093.88,101.5,7.5942
24094.89,100.2,7.5942
24095.89,101.5,7.5942
24096.9,101.5,7.5942
24097.9,99.5,7.5942
24098.91,100.5,7.5942
24099.91,100.5,7.5942
24100.92,100.5,7.5942
24101.92,100.5,7.5942
24102.93,99.5,7.5942
24103.94,120.4,7.6752
24104.94,101.5,7.6752
24105.95,100.5,7.6752
24106.95,99.5,7.6752
24107.96,100.5,7.6752
24108.96,100.7,7.6752
24109.96,101.5,7.6752
24110.97,99.5,7.6752
24111.97,103.5,7.6943
24112.98,99.5,7.7009
24113.98,100.5,7.711
24114.99,101.5,7.72
24115.99,100.5,7.7234
24117.0,99.5,7.7234
24118.01,101.5,7.7234
24119.01,100.5,7.7234
24120.02,99.5,7.7234
24121.02,102.5,7.7234
24122.03,99.5,7.7234
24123.03,99.5,7.7234
24124.04,100.5,7.7234
24125.04,102.5,2.3707
24126.05,280.5,2.5876
24127.05,332.1,2.7144
24128.05,0.0,2.5586
24129.06,343.9,2.7338
24130.06,352.2,2.9309
24131.06,314.2,3.2135
24132.07,306.4,3.5548
24133.07,308.4,3.9018
24134.08,318.0,4.2187
24135.08,2.0,2.6189
24136.08,354.6,2.8511
24137.09,331.3,3.2045
24138.09,308.5,3.5504
24139.1,312.6,3.8647
24140.1,321.3,4.1752
24141.11,1.0,2.4903
24142.11,301.5,2.7036
24143.12,344.2,2.8788
24144.12,310.4,3.128
24145.12,308.2,3.4047
24146.13,308.5,3.7059
24147.13,304.7,3.9584
24148.14,314.1,4.0933
24149.14,318.4,4.3643
24150.15,139.3,4.6953
24151.15,104.4,5.1479
24152.16,112.4,5.5881
24153.16,101.5,6.0501
24154.17,100.5,6.5004
24155.17,113.5,6.9404
24156.18,129.4,7.4029
24157.18,106.4,7.4604
24158.19,101.5,7.5551
24159.19,109.4,7.5551
24160.2,100.5,7.5551
24161.2,107.4,7.5551
24162.21,100.5,7.5551
24163.21,100.5,7.5551
24164.22,101.5,7.5551
24165.22,100.5,7.5551
24166.23,100.5,7.5551
24167.23,100.5,7.5551
24168.24,118.4,7.6844
24169.24,102.5,7.6844
24170.25,100.5,7.6844
24171.25,101.5,7.6846
24172.26,115.4,7.6846
24173.27,109.4,7.6846
24174.27,100.5,7.6846
24175.28,101.5,7.6846
24176.28,99.5,7.6846
24177.29,101.6,7.6846
24178.29,101.5,7.6846
24179.3,100.5,7.6846
24180.3,99.5,7.6846
24181.31,101.5,7.6846
24182.31,101.5,7.6846
24183.32,100.5,7.6846
24184.32,99.5,7.6846
24185.33,101.5,7.6846
24186.33,99.5,7.6846
24187.34,102.5,7.6846
24188.34,100.5,7.6846
24189.35,101.5,7.6846
24190.35,100.5,7.6846
24191.36,100.5,7.6846
24192.36,101.5,7.6846
24193.37,99.5,7.6846
24194.37,101.5,7.6846
24195.38,99.5,7.6846
24196.38,102.5,7.6846
24197.39,100.5,7.6846
24198.39,101.5,7.6846
24199.4,101.5,7.6846
24200.4,99.5,7.6846
24201.41,101.5,7.6846
24202.41,100.5,7.6849
24203.42,100.5,7.6849
24204.42,101.5,7.6849
24205.43,99.8,7.6849
24206.43,100.6,7.6849
24207.43,99.7,7.6849
24208.44,100.6,7.6849
24209.44,100.5,7.6849
24210.45,101.5,7.6849
24211.45,99.5,7.6849
24212.46,120.4,7.6856
24213.46,100.5,7.6856
24214.47,101.5,7.6856
24215.47,100.5,7.6856
24216.48,99.5,7.6856
24217.48,99.5,7.6856
24218.49,102.5,7.6856
24219.49,100.5,7.6856
24220.5,100.5,7.6856
24221.5,101.5,7.6856
24222.51,99.4,7.6856
24223.52,107.5,7.6859
24224.52,100.5,7.6859
24225.53,99.5,7.6859
24226.53,100.5,7.6859
24227.54,102.5,7.6859
24228.54,99.5,7.6859
24229.55,101.5,7.6859
24230.55,100.6,7.6859
24231.56,101.5,7.6859
24232.56,99.5,7.6859
24233.57,101.5,7.6859
24234.57,99.5,7.6859
24235.58,101.5,7.6859
24236.58,100.6,7.6859
24237.59,101.5,7.6859
24238.59,99.5,7.6859
24239.6,101.5,7.6859
24240.6,100.5,7.6859
24241.61,99.5,7.6859
24242.61,104.5,7.6859
24243.62,100.5,7.6859
24244.62,100.5,7.6859
24245.63,100.5,7.6859
24246.63,101.5,7.6859
24247.64,99.5,7.6859
24248.64,101.5,7.6859
24249.65,99.5,7.6859
24250.65,100.5,7.6859
24251.66,101.5,7.6859
24252.66,99.5,7.6863
24253.67,103.5,7.6863
24254.67,99.6,7.6863
24255.68,100.5,7.6863
24256.68,100.5,7.6863
24257.69,100.5,7.6863
24258.69,99.6,7.6863
24259.7,102.6,7.6863
24260.7,100.5,7.6863
24261.71,100.5,7.6863
24262.71,100.5,7.6863
24263.72,102.5,7.6863
24264.72,100.5,7.6863
24265.73,100.5,7.6863
24266.73,100.5,7.6863
24267.74,101.5,7.6863
24268.74,100.5,7.6863
24269.75,100.5,7.6863
24270.75,100.5,7.6863
24271.76,100.5,7.6863
24272.77,99.5,7.6863
24273.77,101.5,7.6863
24274.78,101.5,7.6863
24275.78,99.5,7.6863
24276.79,100.5,7.6863
24277.79,101.5,7.6863
24278.8,104.5,7.6863
24279.8,105.5,7.6863
24280.81,100.5,7.6863
24281.81,101.5,7.6863
24282.82,100.5,7.6863
24283.82,101.5,7.6863
24284.83,101.5,7.6863
24285.83,104.5,7.6863
24286.84,100.4,7.6863
24287.84,99.5,7.6863
24288.85,100.5,7.6863
24289.85,101.5,7.6863
24290.86,102.5,7.6863
24291.86,99.5,7.6863
24292.87,100.5,7.6863
24293.87,119.4,7.6867
24294.88,99.5,7.6867
24295.88,99.5,7.6867
24296.89,102.5,7.6869
24297.89,101.5,7.6869
24298.9,99.5,7.6869
24299.91,99.4,7.6869
24300.91,101.5,7.6869
24301.92,101.5,7.6869
24302.92,100.5,7.6869
24303.93,99.5,7.6869
24304.93,100.5,7.6869
24305.94,100.5,7.6869
24306.94,101.5,7.6869
24307.95,100.5,7.6869
24308.95,101.5,7.6869
24309.96,101.5,7.6869
24310.96,100.5,7.6869
24311.97,98.5,7.6869
24312.97,101.5,7.6869
24313.98,100.5,7.6869
24314.98,99.5,7.6869
24315.99,99.5,7.6869
24316.99,103.5,7.6869
24318.0,99.5,7.6869
24319.0,99.7,7.6869
24320.01,100.5,7.6869
24321.01,101.5,7.6869
24322.02,100.5,7.6869
24323.02,100.5,7.6872
24324.03,101.5,7.6872
24325.03,99.5,7.6872
24326.04,101.5,7.6872
24327.04,100.5,7.6872
24328.05,100.5,7.6872
24329.05,102.5,7.6872
24330.06,100.5,7.6872
24331.06,101.5,7.6872
24332.07,100.5,7.6872
24333.07,100.5,7.6872
24334.08,100.5,7.6872
24335.08,99.5,7.6872
24336.09,102.5,7.6872
24337.1,99.5,7.6872
24338.1,100.5,7.6872
24339.11,101.5,7.6872
24340.11,100.5,7.6872
24341.12,100.5,7.6872
24342.12,100.5,7.6874
24343.13,100.5,7.6874
24344.13,99.5,7.6874
24345.14,101.5,7.6874
24346.14,100.5,7.6874
24347.15,100.5,7.6874
24348.15,102.5,7.6874
24349.16,99.5,7.6874
24350.16,100.5,7.6874
24351.17,100.5,7.6874
24352.17,100.5,7.6874
24353.18,101.5,7.6874
24354.18,100.5,7.6874
24355.19,102.5,7.6874
24356.19,101.5,7.6874
24357.2,99.5,7.6874
24358.2,101.5,7.6874
24359.21,100.5,7.6874
24360.21,101.6,7.6874
24361.22,100.5,7.6874
24362.22,101.5,7.6874
24363.23,99.5,7.6874
24364.23,101.6,7.6874
24365.24,99.5,7.6874
24366.24,101.5,7.6874
24367.25,99.5,7.6874
24368.25,100.5,7.6874
24369.26,102.5,7.6874
24370.26,99.5,7.6874
24371.27,101.5,7.6874
24372.27,100.5,7.6874
24373.28,100.5,7.6874
24374.28,100.5,7.6874
24375.29,101.5,7.6874
24376.29,100.5,7.6874
24377.3,102.5,7.6874
24378.3,98.5,7.6874
24379.31,103.5,7.6874
24380.32,98.5,7.6874
24381.32,102.5,7.6874
24382.33,100.5,7.6874
24383.33,100.5,7.6874
24384.34,100.5,7.6874
24385.34,101.5,7.6874
24386.35,99.5,7.6874
24387.35,100.5,7.6877
24388.36,100.5,7.6877
24389.36,100.5,7.6877
24390.37,100.5,7.6877
24391.37,99.5,7.6877
24392.38,101.5,7.6877
24393.38,101.5,7.6879
24394.39,99.5,7.6879
24395.39,99.5,7.6879
24396.4,101.5,7.6879
24397.4,101.5,7.6879
24398.41,100.5,7.6879
24399.41,117.4,7.6883
24400.42,101.5,7.6883
24401.42,103.5,7.6883
24402.43,100.5,7.6883
24403.43,100.5,7.6883
24404.44,100.5,7.6883
24405.44,101.5,7.6883
24406.45,99.5,7.6883
24407.45,100.5,7.6883
24408.46,101.5,7.6883
24409.46,99.5,7.6883
24410.47,101.5,7.6883
24411.47,100.5,7.6883
24412.48,100.5,7.6883
24413.49,101.5,7.6883
24414.49,101.5,7.6883
24415.5,99.5,7.6883
24416.5,100.5,7.6883
24417.51,102.6,7.6883
24418.51,100.5,7.6883
24419.52,100.5,7.6883
24420.52,101.5,7.6883
24421.53,100.5,7.6883
24422.53,100.5,7.6883
24423.54,99.5,7.6883
24424.54,100.5,7.6883
24425.55,100.5,7.6883
24426.55,100.5,7.6883
24427.56,102.5,7.6883
24428.56,100.5,7.6883
24429.57,100.5,7.6883
24430.57,100.5,7.6883
24431.58,100.5,7.6883
24432.58,101.5,7.6883
24433.59,99.5,7.6883
24434.59,100.5,7.6883
24435.6,101.5,7.6883
24436.6,99.5,7.6883
24437.61,100.5,7.6885
24438.61,101.5,7.6885
24439.62,100.5,7.6885
24440.62,100.6,2.4171
24441.63,305.7,2.6462
24442.63,343.9,2.7723
24443.63,332.3,3.012
24444.64,308.4,3.2742
24445.64,308.5,3.6423
24446.65,310.4,3.881
24447.65,316.6,4.079
24448.66,2.0,2.4418
24449.66,354.1,2.7282
24450.66,361.2,3.0283
24451.67,315.3,3.3157
24452.67,309.7,3.6507
24453.68,310.4,3.9634
24454.68,325.0,4.2383
24455.69,231.9,4.6832
24456.69,139.3,5.1169
24457.7,172.1,5.5759
24458.7,182.2,6.0337
24459.71,152.2,6.4872
24460.71,131.3,6.9592
24461.72,128.3,7.4123
24462.72,105.4,7.548
24463.73,113.4,7.5643
24464.73,107.4,7.5643
24465.74,113.4,7.5643
24466.74,100.5,7.5643
24467.75,110.4,7.5643
24468.75,101.5,7.5643
24469.76,100.5,7.5643
24470.76,100.5,7.5643
24471.77,118.4,7.6528
24472.77,101.5,7.6951
24473.78,101.5,7.6951
24474.79,100.5,7.6951
24475.79,100.6,7.6951
24476.79,101.5,7.6951
24477.8,100.5,7.6953
24478.81,100.5,7.6953
24479.81,101.5,7.6954
24480.82,101.5,7.6954
24481.82,129.3,7.6959
24482.83,101.5,7.6962
24483.83,100.5,7.6962
24484.84,102.5,7.6962
24485.84,99.5,7.6962
24486.85,100.5,7.6962
24487.85,101.5,7.6962
24488.86,132.3,7.6962
24489.86,100.5,7.6962
24490.87,118.4,7.6964
24491.87,100.5,7.6964
24492.88,101.5,7.6964
24493.88,102.5,7.6964
24494.89,100.5,7.6964
24495.89,100.5,7.6964
24496.9,99.6,7.6964
24497.9,115.4,7.6969
24498.91,102.5,7.6969
24499.91,103.5,7.6969
24500.92,112.4,7.6969
24501.92,100.5,7.6969
24502.93,100.5,7.6969
24503.93,101.5,7.6969
24504.94,101.5,7.6969
24505.94,117.4,7.7793
24506.95,100.5,7.7793
24507.95,101.5,7.7793
24508.96,100.5,7.7793
24509.96,100.5,7.7793
24510.97,99.5,7.7793
24511.97,100.5,7.7793
24512.98,101.5,7.7793
24513.99,101.5,8.2636
24514.99,101.5,8.732
24516.0,132.3,9.1719
24517.0,99.5,9.1719
24518.01,102.5,9.1719
24519.01,101.5,9.1721
24520.02,100.5,9.1721
24521.02,102.5,9.1721
24522.03,101.6,9.1721
24523.03,100.5,9.1721
24524.04,99.5,9.1721
24525.04,101.5,9.1721
24526.05,100.5,9.1721
24527.05,100.5,9.1728
24528.06,100.5,9.1728
24529.06,101.5,9.1728
24530.07,101.6,9.1728
24531.07,101.5,9.1728
24532.08,100.5,9.1728
24533.08,100.5,9.1728
24534.09,100.5,9.1728
24535.09,100.5,9.1728
24536.1,99.5,9.1728
24537.1,102.5,9.1728
24538.11,99.5,9.1728
24539.11,101.5,9.1728
24540.12,100.5,9.1728
24541.12,100.5,9.1728
24542.13,100.5,9.1728
24543.13,99.5,9.1731
24544.14,102.5,9.1731
24545.14,100.5,9.1731
24546.15,100.5,9.1731
24547.15,101.5,9.1731
24548.16,101.5,9.1733
24549.16,100.5,9.1733
24550.17,100.5,9.1733
24551.17,100.5,9.1733
24552.18,99.5,9.1733
24553.19,100.5,9.1733
24554.19,101.5,9.1733
24555.2,100.5,9.1733
24556.2,99.5,9.1733
24557.21,102.5,9.1733
24558.21,99.5,9.1733
24559.22,102.5,9.1737
24560.22,100.5,9.1737
24561.23,101.5,9.1737
24562.23,99.5,9.1737
24563.24,101.5,9.1737
24564.24,100.5,9.1737
24565.25,100.5,9.1737
24566.25,100.5,9.1737
24567.26,101.5,9.1737
24568.26,99.5,9.1737
24569.27,101.5,9.1737
24570.27,101.5,9.1737
24571.28,101.5,9.1737
24572.28,100.5,9.174
24573.29,101.5,9.174
24574.29,101.5,9.174
24575.3,100.5,9.174
24576.31,101.5,9.1742
24577.31,101.5,9.1742
24578.32,100.5,9.1742
24579.32,100.5,9.1742
24580.33,101.5,9.1742
24581.33,101.5,9.1742
24582.34,101.5,9.1742
24583.34,100.5,9.1742
24584.35,100.5,9.1742
24585.35,109.5,9.1742
24586.36,100.5,9.1742
24587.36,101.5,9.1742
24588.37,100.5,9.1742
24589.37,100.5,9.1742
24590.38,100.5,9.1742
24591.38,102.5,9.1743
24592.39,100.5,9.1743
24593.39,100.5,9.1743
24594.4,100.5,9.1743
24595.4,100.5,9.1743
24596.41,103.5,9.1743
24597.41,100.6,9.1743
24598.42,100.5,9.1743
24599.42,100.5,9.1743
24600.43,101.5,9.1743
24601.43,100.5,9.1743
24602.44,100.5,9.1743
24603.44,100.5,9.1743
24604.45,100.5,9.1743
24605.45,101.7,9.1743
24606.46,100.5,9.1743
24607.46,100.5,9.1743
24608.47,100.5,9.1743
24609.47,100.5,9.1743
24610.48,106.5,9.1743
24611.48,101.4,9.1743
24612.49,100.5,9.1743
24613.49,99.5,9.1745
24614.5,136.3,9.1745
24615.5,104.5,9.1745
24616.51,102.5,9.1745
24617.51,100.5,9.1745
24618.52,100.5,9.1745
24619.53,100.5,9.1745
24620.53,101.5,9.1745
24621.54,98.5,9.1745
24622.54,102.5,9.1748
24623.55,100.6,9.1748
24624.55,99.5,9.1748
24625.56,101.5,9.1748
24626.56,100.5,9.1748
24627.57,100.5,9.1748
24628.57,100.5,9.1748
24629.58,101.5,9.1748
24630.58,101.5,9.1748
24631.59,99.5,9.1748
24632.59,100.5,9.1748
24633.6,102.5,9.1748
24634.6,100.5,9.1748
24635.61,99.5,9.1748
24636.61,101.5,9.1751
24637.62,101.5,9.1751
24638.62,99.5,9.1751
24639.63,118.5,9.1751
24640.63,131.3,9.1751
24641.64,100.5,9.1751
24642.64,100.5,9.1751
24643.65,103.5,9.1751
24644.65,100.5,9.1751
24645.66,99.5,9.1751
24646.66,101.7,9.1751
24647.67,100.5,9.1751
24648.67,100.5,9.1751
24649.68,100.5,9.1751
24650.68,100.5,9.1751
24651.69,99.5,9.1751
24652.69,102.5,9.1751
24653.7,100.5,9.1751
24654.7,100.5,9.1751
24655.71,100.5,9.1751
24656.71,100.5,9.1751
24657.72,101.5,9.1751
24658.72,100.5,9.1751
24659.73,100.5,9.1751
24660.74,101.5,9.1751
24661.74,100.5,9.1751
24662.75,100.5,9.1751
24663.75,101.5,9.1751
24664.76,99.5,9.1751
24665.76,102.5,9.1751
24666.77,100.5,9.1751
24667.77,100.5,9.1754
24668.78,99.5,9.1754
24669.78,100.7,9.1754
24670.78,101.5,9.1754
24671.79,100.5,9.1754
24672.79,101.5,9.1754
24673.8,100.5,9.1754
24674.8,100.5,9.1754
24675.81,100.5,9.1754
24676.81,100.5,9.1754
24677.82,100.5,9.1754
24678.82,99.6,9.1754
24679.83,102.5,9.1754
24680.83,101.5,9.1754
24681.84,100.5,9.1754
24682.84,100.5,9.1754
24683.85,99.5,9.1754
24684.86,101.4,9.1754
24685.86,100.5,9.1754
24686.87,100.5,9.1754
24687.87,101.5,9.1754
24688.87,99.7,9.1754
24689.88,100.5,9.1754
24690.88,101.5,9.1754
24691.89,101.5,9.1754
24692.9,99.5,9.1756
24693.9,100.7,9.1756
24694.9,100.5,9.1756
24695.91,100.7,9.1756
24696.91,101.5,9.1756
24697.91,100.7,9.1756
24698.92,100.5,9.1756
24699.92,100.5,9.1756
24700.93,100.5,9.1756
24701.93,101.5,9.1756
24702.94,100.5,9.1756
24703.94,100.5,9.1756
24704.95,100.5,9.1756
24705.95,100.5,9.1756
24706.96,99.5,9.1756
24707.97,101.5,9.1756
24708.97,99.5,9.1756
24709.98,101.5,9.1756
24710.98,103.5,9.1756
24711.99,99.6,9.1759
24712.99,100.5,9.1759
24714.0,101.5,9.1759
24715.0,99.5,9.1759
24716.01,101.5,9.1759
24717.01,100.5,9.1759
24718.02,99.5,9.1759
24719.02,99.5,9.1759
24720.03,102.5,9.1759
24721.03,100.5,9.1759
24722.04,100.5,9.1759
24723.04,100.5,9.1759
24724.05,100.5,9.1759
24725.05,99.5,9.1759
24726.06,103.5,9.1759
24727.06,99.5,9.1759
24728.07,101.5,9.1759
24729.07,99.5,9.1759
24730.08,99.5,9.1759
24731.08,101.5,9.1759
24732.09,100.5,9.1759
24733.09,101.5,9.1759
24734.1,100.6,9.1759
24735.1,100.5,9.1759
24736.11,100.5,9.1759
24737.11,101.5,9.1759
24738.12,100.5,9.1759
24739.12,100.5,9.1759
24740.13,100.5,9.1759
24741.13,100.5,9.1759
24742.14,100.5,9.1759
24743.14,100.5,9.1759
24744.15,101.5,9.1759
24745.15,101.5,9.1759
24746.16,99.5,9.1759
24747.17,101.2,9.1759
24748.17,100.5,9.1759
24749.18,6.0,2.5241
24750.18,341.3,2.7446
24751.18,340.8,3.017
24752.19,242.8,3.1866
24753.19,110.4,3.2447
24754.2,102.5,3.296
24755.2,114.5,3.353
24756.21,100.5,3.3993
24757.21,102.5,3.4348
24758.22,102.6,3.4717
24759.22,101.5,3.5039
24760.23,101.5,3.5441
24761.23,102.5,3.5756
24762.24,102.5,3.5864
24763.24,99.5,3.6164
24764.25,101.5,3.6434
24765.25,111.4,3.6846
24766.26,101.5,3.6991
24767.27,103.5,3.7269
24768.27,100.5,3.7576
24769.28,101.5,3.7845
24770.28,102.4,3.814
24771.29,100.5,3.8414
24772.29,99.5,3.869
24773.3,105.5,3.9172
24774.3,99.6,3.9269
24775.31,100.5,3.9544
24776.31,105.5,3.9836
24777.32,99.5,4.0111
24778.32,100.5,4.0413
24779.33,100.5,4.0687
24780.33,104.5,4.0969
24781.34,101.5,4.1243
24782.34,102.5,4.1518
24783.35,100.5,4.1946
24784.35,101.5,4.2066
24785.36,101.6,4.2325
24786.36,102.5,4.2684
24787.37,101.5,4.2865
24788.37,100.6,4.3136
24789.38,99.5,4.317
24790.38,101.5,4.3321
24791.39,126.3,4.3478
24792.39,99.5,4.3639
24793.4,103.5,4.383
24794.4,105.4,4.4008
24795.41,100.5,4.4186
24796.41,112.5,4.4382
24797.42,100.5,4.4589
24798.42,105.5,4.4832
24799.43,100.5,4.4943
24800.43,100.6,4.5129
24801.44,100.5,4.5129
24802.44,191.1,4.5305
24803.45,2.0,2.4943
24804.45,301.2,2.6517
24805.45,350.6,2.8822
24806.46,284.5,3.0429
24807.46,138.3,3.1845
24808.47,187.0,3.2584
24809.47,1393.9,2.4469
24810.48,301.4,2.622
24811.48,357.2,2.8049
24812.49,2.0,2.4129
24813.49,301.3,2.6056
24814.5,326.6,2.7241
24815.5,1.0,2.4228
24816.51,308.7,2.6158
24817.51,354.1,2.7606
24818.51,335.7,3.0082
24819.52,2.0,2.4392
24820.52,309.4,2.6113
24821.53,2.0,2.4433
24822.53,302.6,2.6162
24823.54,348.2,2.3301
24824.54,3.0,2.6147
24825.55,315.4,2.9443
24826.55,294.5,3.3133
24827.56,172.1,3.8004
24828.56,146.3,4.3789
24829.57,230.8,4.7857
24830.57,365.8,5.0159
24831.57,344.8,5.3932
24832.58,322.6,5.7827
24833.58,308.4,6.1239
24834.59,305.4,6.4571
24835.59,301.4,6.7866
24836.6,305.4,7.1662
24837.6,319.0,7.6355
24838.61,318.4,8.2399
24839.61,303.4,8.2419
24840.62,308.7,8.2432
24841.62,318.8,8.2444
24842.62,253.2,8.2455
24843.63,228.0,8.2456
24844.63,160.2,8.2456
24845.64,116.4,8.2456
24846.64,118.4,8.2456
24847.65,193.0,8.2456
24848.65,110.5,8.2456
24849.66,115.4,8.2456
24850.66,110.4,8.2456
24851.67,103.5,8.2456
24852.67,165.3,8.2459
24853.68,105.4,8.2462
24854.68,103.5,8.2462
24855.69,183.0,8.2465
24856.69,110.5,8.2465
24857.7,107.4,8.2465
24858.7,120.4,8.2465
24859.71,150.2,8.2465
24860.71,107.5,8.2465
24861.72,102.5,8.2465
24862.72,108.4,8.2465
24863.73,101.5,8.2465
24864.74,117.4,8.2467
24865.74,149.5,8.4977
24866.74,213.9,9.0627
24867.75,101.5,9.0627
24868.75,106.4,9.0628
24869.76,107.4,9.0628
24870.76,101.5,9.0628
24871.77,100.5,9.0628
24872.78,101.5,9.0628
24873.78,102.5,9.0628
24874.79,100.5,9.0628
24875.79,122.6,9.0628
24876.79,101.5,9.0628
24877.8,108.4,9.0628
24878.8,101.5,9.0628
24879.81,105.5,9.0629
24880.82,103.5,9.0629
24881.82,109.4,9.0629
24882.83,100.5,9.0629
24883.83,101.5,9.0629
24884.84,101.5,9.0629
24885.84,104.4,9.0629
24886.85,100.5,9.0629
24887.85,106.4,9.0629
24888.86,105.4,9.0629
24889.86,103.5,9.0629
24890.87,102.5,9.0629
24891.87,100.5,9.0629
24892.88,110.4,9.0629
24893.88,100.5,9.0629
24894.89,102.5,9.0629
24895.9,100.5,9.0629
24896.9,99.5,9.0631
24897.91,106.4,9.0631
24898.91,102.5,9.0631
24899.92,99.5,9.0631
24900.92,102.5,9.0631
24901.93,100.5,9.0631
24902.93,142.2,9.0633
24903.94,173.1,9.0633
24904.94,163.1,9.0633
24905.95,164.1,9.0633
24906.95,157.2,9.0634
24907.96,106.4,9.0646
24908.96,100.5,9.0646
24909.97,103.5,9.0646
24910.97,100.5,9.0646
24911.98,109.4,9.0646
24912.99,104.4,9.0649
24913.99,102.7,9.0649
24914.99,103.5,9.0649
24916.0,129.3,9.0649
24917.0,104.4,9.0649
24918.01,101.5,9.0649
24919.01,101.5,9.0649
24920.02,101.5,9.0649
24921.02,101.5,9.0649
24922.03,101.5,9.0649
24923.04,102.5,9.0649
24924.04,99.5,9.0649
24925.05,101.5,9.0649
24926.05,103.5,9.0649
24927.06,99.5,9.0649
24928.06,100.5,9.0649
24929.07,100.5,9.0649
24930.07,101.5,9.0649
24931.08,122.4,9.0649
24932.08,102.5,9.0649
24933.09,105.5,9.0649
24934.09,157.2,9.0665
24935.1,135.3,9.0749
24936.1,101.5,9.0749
24937.11,110.5,9.0749
24938.11,101.5,9.0749
24939.12,101.5,9.0749
24940.12,101.7,9.0749
24941.13,101.5,9.0749
24942.13,101.5,9.0749
24943.14,101.5,9.0749
24944.14,101.6,9.0749
24945.15,99.5,9.0749
24946.15,101.5,9.0749
24947.16,100.5,9.0751
24948.16,100.5,9.0751
24949.17,100.5,9.0656
24950.17,101.5,9.0659
24951.18,101.5,9.0659
24952.18,99.5,9.0659
24953.19,101.5,9.0659
24954.19,102.5,9.0659
24955.2,100.5,9.0659
24956.21,99.5,9.0659
24957.21,101.4,9.0659
24958.22,100.5,9.0659
24959.22,101.5,9.0659
24960.23,101.5,9.0659
24961.23,101.5,9.0659
24962.24,102.5,9.0659
24963.24,122.6,9.0666
24964.25,243.8,9.1659
24965.25,101.5,9.1659
24966.26,102.5,9.1659
24967.26,100.5,9.1659
24968.27,100.5,9.1659
24969.27,100.5,9.1659
24970.28,100.5,9.1659
24971.28,103.4,9.1659
24972.29,99.5,9.1659
24973.29,102.5,9.1659
24974.3,100.5,9.1659
24975.3,100.5,9.1659
24976.31,100.5,9.1659
24977.31,114.4,9.1659
24978.32,100.5,9.1659
24979.32,101.5,9.1659
24980.33,100.5,9.1659
24981.33,100.5,9.1659
24982.34,99.5,9.1659
24983.34,103.5,9.1662
24984.35,100.5,9.1662
24985.35,100.5,9.1662
24986.36,100.5,9.1662
24987.37,99.5,9.1662
24988.37,102.5,9.1662
24989.38,100.5,9.1662
24990.38,102.6,9.1662
24991.39,101.5,9.1662
24992.39,99.5,9.1664
24993.4,100.5,9.1664
24994.4,100.5,9.1664
24995.41,100.5,9.1664
24996.41,101.5,9.1664
24997.42,100.5,9.1664
24998.42,101.5,9.1664
24999.43,100.5,9.1664
25000.43,102.5,9.1664
25001.44,99.4,9.1664
25002.44,101.5,9.1664
25003.45,100.5,9.1664
25004.45,100.5,9.1664
25005.46,101.5,9.1664
25006.46,99.5,9.1664
25007.47,102.5,9.1664
25008.47,101.5,9.1664
25009.48,99.5,9.1664
25010.48,100.5,9.1664
25011.49,128.4,9.1664
25012.49,176.1,9.1664
25013.5,100.5,9.1664
25014.51,101.5,9.1664
25015.51,102.5,9.1664
25016.52,100.5,9.1664
25017.52,100.4,9.1664
25018.53,100.5,9.1664
25019.53,100.5,9.1664
25020.54,99.5,9.1664
25021.54,100.5,9.1664
25022.55,102.5,9.1664
25023.55,100.5,9.1664
25024.56,100.5,9.1664
25025.56,101.5,9.1664
25026.57,101.5,9.1664
25027.57,102.5,9.1664
25028.58,99.5,9.1664
25029.58,101.5,9.1664
25030.59,107.4,9.1664
25031.6,101.5,9.1664
25032.6,107.5,9.1666
25033.61,117.4,9.1666
25034.61,99.5,9.1666
25035.62,101.5,9.1669
25036.62,100.5,9.1669
25037.63,101.5,9.1671
25038.63,100.5,9.1671
25039.64,101.5,9.1671
25040.64,100.5,9.1671
25041.65,100.5,9.1671
25042.65,101.5,9.1671
25043.66,102.6,9.1671
25044.66,100.5,9.1671
25045.67,100.5,9.1671
25046.67,100.5,9.1671
25047.68,102.5,9.1671
25048.68,101.5,9.1671
25049.69,99.5,9.1671
25050.69,99.6,9.1671
25051.7,105.5,9.1671
25052.7,99.5,9.1671
25053.71,101.5,9.1671
25054.71,102.5,9.1671
25055.72,100.5,9.1671
25056.73,98.5,9.1671
25057.73,102.5,9.1671
25058.74,100.5,9.1671
25059.74,101.5,9.1671
25060.75,100.4,9.1671
25061.75,101.4,9.1671
25062.76,101.5,9.1671
25063.76,100.5,9.1671
25064.77,101.5,9.1671
25065.77,99.5,9.1671
25066.78,100.5,9.1671
25067.78,100.5,9.1671
25068.79,102.5,9.1671
25069.79,100.5,9.1671
25070.8,100.5,9.1671
25071.8,101.5,9.1671
25072.81,99.5,9.1671
25073.81,101.5,9.1671
25074.82,100.6,9.1671
25075.82,100.5,9.1671
25076.83,100.5,9.1671
25077.83,101.5,9.1671
25078.84,101.5,9.1671
25079.84,99.5,9.1671
25080.85,100.5,9.1671
25081.85,100.5,9.1674
25082.86,102.5,9.1674
25083.87,101.5,9.1674
25084.87,100.6,9.1674
25085.87,103.5,9.1674
25086.88,105.4,9.1674
25087.89,100.5,9.1674
25088.89,101.5,9.1674
25089.9,107.4,9.1674
25090.9,100.4,9.1674
25091.91,100.5,9.1674
25092.91,99.5,9.1676
25093.92,101.5,9.1676
25094.92,102.5,9.1676
25095.93,99.5,9.1676
25096.93,100.5,9.1676
25097.94,101.5,9.1676
25098.94,101.5,9.1676
25099.95,99.5,9.1676
25100.95,100.5,9.1676
25101.96,101.5,9.1676
25102.96,100.5,9.1676
25103.97,101.5,9.1676
25104.97,101.5,9.1676
25105.98,99.5,9.1676
25106.98,100.5,9.1676
25107.99,101.5,9.1676
25108.99,101.6,9.1676
25110.0,100.5,9.1676
25111.0,101.5,9.1676
25112.01,101.5,9.1676
25113.01,100.5,9.1676
25114.02,100.6,9.1676
25115.02,100.5,9.1676
25116.03,100.5,9.1676
25117.03,100.5,9.1676
25118.04,99.5,9.1676
25119.04,102.5,9.1676
25120.05,101.5,9.1678
25121.05,100.5,9.1678
25122.06,100.5,9.1678
25123.06,103.5,9.1678
25124.07,105.7,2.4986
25125.07,328.3,2.9065
25126.08,269.9,3.466
25127.08,282.4,4.0347
25128.09,217.9,4.575
25129.09,290.1,4.8323
25130.1,355.2,5.0258
25131.1,328.4,5.259
25132.11,317.5,5.5453
25133.11,310.6,5.785
25134.12,305.4,6.0948
25135.12,308.4,6.4325
25136.13,304.4,6.767
25137.13,307.4,7.1022
25138.13,331.1,7.8075
25139.14,305.1,8.1452
25140.14,301.8,8.1542
25141.15,224.8,8.1547
25142.15,222.8,8.1549
25143.16,277.8,8.1554
25144.16,206.9,8.1507
25145.17,148.2,8.1507
25146.17,132.3,8.1507
25147.18,123.4,8.1507
25148.18,108.4,8.2507
25149.19,190.0,8.2456
25150.19,107.5,8.2456
25151.2,124.4,8.2456
25152.2,99.5,8.2456
25153.21,113.4,8.2456
25154.21,113.4,8.2456
25155.22,100.5,8.2456
25156.22,124.3,8.2458
25157.23,101.5,8.2459
25158.23,105.5,8.246
25159.24,118.4,8.246
25160.24,100.5,8.246
25161.25,103.4,8.246
25162.26,105.4,8.246
25163.26,110.4,8.2463
25164.27,114.4,8.2463
25165.27,218.3,8.8965
25166.27,130.3,9.0606
25167.28,104.4,9.0606
25168.28,113.4,9.0606
25169.29,107.4,9.0606
25170.3,99.5,9.0606
25171.3,102.5,9.0606
25172.31,102.5,9.0606
25173.31,101.5,9.0606
25174.32,108.4,9.0606
25175.32,109.4,9.0606
25176.33,102.5,9.0606
25177.33,115.4,9.0608
25178.34,101.5,9.0608
25179.34,100.6,9.0608
25180.35,100.5,9.0608
25181.35,99.5,9.0608
25182.36,101.5,9.0608
25183.36,101.5,9.0608
25184.37,100.5,9.0608
25185.37,102.5,9.0608
25186.38,101.5,9.0608
25187.38,105.5,9.0608
25188.39,111.4,9.0608
25189.39,106.5,9.0608
25190.4,102.5,9.0608
25191.4,102.5,9.0608
25192.41,101.4,9.0608
25193.41,99.5,9.0608
25194.42,101.5,9.0608
25195.42,101.5,9.0608
25196.43,99.5,9.0608
25197.43,173.1,9.0623
25198.44,150.2,9.0633
25199.44,101.5,9.0633
25200.45,103.5,9.0633
25201.45,100.5,9.0633
25202.46,101.5,9.0633
25203.47,100.5,9.0633
25204.47,101.5,9.0633
25205.48,108.4,9.0636
25206.48,101.5,9.0636
25207.49,118.4,9.0636
25208.49,103.5,9.0636
25209.5,102.5,9.0636
25210.5,102.5,9.0636
25211.51,100.5,9.0636
25212.51,100.5,9.0636
25213.52,101.5,9.0636
25214.52,106.4,9.0636
25215.53,99.5,9.0636
25216.53,100.5,9.0636
25217.54,101.5,9.0636
25218.54,100.5,9.0636
25219.55,101.5,9.0636
25220.55,100.5,9.0636
25221.56,100.5,9.0636
25222.57,100.5,9.0638
25223.57,132.3,9.0639
25224.58,146.2,9.0639
25225.58,100.5,9.0639
25226.59,101.5,9.0639
25227.59,100.5,9.0639
25228.6,100.5,9.0639
25229.6,100.5,9.0639
25230.61,101.5,9.0639
25231.61,100.5,9.0639
25232.62,101.2,9.0641
25233.62,114.5,9.0641
25234.63,102.5,9.0641
25235.63,100.5,9.0641
25236.64,99.5,9.0641
25237.65,102.5,9.0641
25238.65,101.5,9.0641
25239.66,100.5,9.0641
25240.66,100.5,9.0641
25241.67,101.5,9.0641
25242.67,100.5,9.0641
25243.68,101.5,9.0641
25244.68,101.5,9.0641
25245.69,100.5,9.0641
25246.69,101.5,9.0641
25247.7,101.5,9.0641
25248.7,101.5,9.0641
25249.71,99.5,9.0641
25250.71,103.5,9.0641
25251.72,101.5,9.0641
25252.72,265.6,9.1676
25253.73,100.5,9.1676
25254.73,102.5,9.1676
25255.74,101.5,9.1676
25256.74,99.5,9.1676
25257.75,102.5,9.1676
25258.75,100.5,9.1676
25259.76,101.5,9.1676
25260.77,100.5,9.1676
25261.77,100.7,9.1676
25262.77,111.4,9.1676
25263.78,101.4,9.1676
25264.78,99.5,9.1676
25265.79,101.5,9.1676
25266.79,101.5,9.1676
25267.8,99.5,9.1678
25268.81,100.5,9.1678
25269.81,104.5,9.1678
25270.82,101.5,9.1678
25271.82,99.5,9.1678
25272.83,101.5,9.1678
25273.83,100.5,9.1678
25274.84,100.5,9.1678
25275.84,100.6,9.1678
25276.85,101.5,9.1678
25277.85,100.5,9.1678
25278.86,100.4,9.1678
25279.86,100.5,9.1678
25280.87,100.5,9.1678
25281.87,99.5,9.1678
25282.88,101.5,9.1678
25283.88,101.5,9.1678
25284.89,101.5,9.1678
25285.89,100.6,9.1678
25286.9,100.5,9.1678
25287.9,102.5,9.1678
25288.91,99.5,9.1678
25289.91,100.5,9.1678
25290.92,101.5,9.1681
25291.92,99.5,9.1681
25292.93,118.4,9.1681
25293.94,164.1,9.1685
25294.94,100.5,9.1685
25295.95,100.5,9.1685
25296.95,101.5,9.1685
25297.96,100.5,9.1685
25298.96,100.5,9.1685
25299.97,100.5,9.1685
25300.97,100.5,9.1685
25301.98,102.5,9.1685
25302.98,111.4,9.1685
25303.99,99.5,9.1685
25304.99,100.5,9.1685
25306.0,100.5,9.1685
25307.0,102.7,9.1685
25308.0,101.7,9.1685
25309.01,98.5,9.1685
25310.01,101.5,9.1685
25311.02,106.5,9.1686
25312.02,101.5,9.1686
25313.03,100.5,9.1689
25314.03,100.5,9.1689
25315.04,101.5,9.1689
25316.04,101.5,9.1689
25317.05,101.5,9.1691
25318.05,100.5,9.1691
25319.06,101.5,9.1691
25320.06,100.5,9.1691
25321.07,100.5,9.1691
25322.07,103.5,9.1694
25323.08,100.5,9.1694
25324.08,99.5,9.1694
25325.09,101.5,9.1694
25326.09,101.5,9.1694
25327.1,101.5,9.1694
25328.1,100.5,9.1694
25329.11,100.5,9.1694
25330.12,100.5,9.1694
25331.12,100.5,9.1694
25332.13,101.5,9.1694
25333.13,99.5,9.1693
25334.14,100.4,9.1693
25335.14,101.5,9.1693
25336.15,100.5,9.1693
25337.15,103.5,9.1693
25338.16,101.5,9.1693
25339.16,103.5,9.1693
25340.17,100.5,9.1693
25341.17,99.5,9.1693
25342.18,101.5,9.1693
25343.18,101.5,9.1692
25344.19,101.5,9.1692
25345.19,99.5,9.1692
25346.2,101.5,9.1692
25347.2,100.5,9.1692
25348.21,99.5,9.1692
25349.22,106.4,9.1692
25350.22,101.5,9.1692
25351.23,101.5,9.1692
25352.23,99.7,9.1692
25353.23,105.5,9.1692
25354.24,102.5,9.1692
25355.24,99.5,9.1692
25356.25,100.5,9.1692
25357.25,101.5,9.1692
25358.26,100.5,9.1692
25359.26,99.5,9.1692
25360.27,156.3,9.1692
25361.27,166.1,9.1733
25362.28,99.5,9.1736
25363.29,106.5,9.1736
25364.29,102.3,9.1675
25365.3,106.5,9.1675
25366.3,99.5,9.1675
25367.31,101.5,9.1675
25368.31,101.5,9.1675
25369.32,101.5,9.1675
25370.32,103.5,9.1675
25371.33,101.5,9.1675
25372.33,99.5,9.1675
25373.34,102.5,9.1675
25374.34,100.5,9.1675
25375.35,100.5,9.1677
25376.35,100.5,9.1677
25377.36,101.5,9.1677
25378.36,99.5,9.1677
25379.37,102.5,9.1677
25380.37,101.5,9.1677
25381.38,99.5,9.1677
25382.39,101.5,9.1677
25383.39,100.5,9.168
25384.4,101.5,9.168
25385.4,99.5,9.168
25386.41,101.5,9.168
25387.41,99.5,9.168
25388.42,103.5,9.168
25389.42,100.5,9.168
25390.43,101.5,9.168
25391.43,99.5,9.168
25392.44,104.5,9.168
25393.44,100.5,9.168
25394.45,101.5,9.168
25395.45,100.5,9.168
25396.46,99.5,9.168
25397.46,100.4,9.168
25398.47,101.4,9.168
25399.47,100.5,9.168
25400.48,101.5,9.168
25401.49,100.5,9.168
25402.49,102.5,9.168
25403.49,114.5,9.168
25404.5,100.5,9.168
25405.51,102.5,9.168
25406.51,100.5,9.168
25407.52,99.5,9.1682
25408.52,99.6,9.1682
25409.53,101.5,9.1682
25410.53,102.5,9.1682
25411.54,100.5,9.1682
25412.54,191.4,9.1687
25413.54,229.8,9.3788
25414.55,101.5,9.3788
25415.55,101.5,9.3788
25416.56,99.4,9.3788
25417.57,102.5,9.3788
25418.57,99.5,9.3788
25419.58,101.5,9.3788
25420.58,101.5,9.3788
25421.59,101.5,9.3788
25422.59,101.5,9.3788
25423.6,101.4,2.3491
25424.6,282.1,2.6052
25425.6,337.0,2.7434
25426.61,337.9,3.0839
25427.61,311.6,3.5585
25428.62,200.0,3.8748
25429.62,104.4,3.894
25430.63,103.5,3.9225
25431.63,102.5,3.9487
25432.64,102.5,3.9843
25433.64,104.4,4.0253
25434.65,115.4,4.054
25435.65,101.4,4.0809
25436.66,99.5,4.1128
25437.67,104.5,4.1441
25438.67,100.5,4.1646
25439.68,130.3,4.1887
25440.68,186.4,4.2614
25441.68,116.4,4.4063
25442.69,110.4,4.5212
25443.7,111.4,4.6616
25444.7,117.4,4.7923
25445.7,2.0,2.4918
25446.71,330.0,2.6412
25447.71,3447.1,2.481
25448.71,312.0,2.6395
25449.72,354.3,2.8318
25450.72,2.0,2.5355
25451.72,313.2,2.7178
25452.73,362.9,3.0448
25453.73,326.3,3.4399
25454.74,309.3,3.7954
25455.74,315.6,4.0219
25456.75,317.5,4.3936
25457.75,194.0,4.8148
25458.76,132.3,5.2772
25459.76,115.5,5.7422
25460.77,99.5,6.2151
25461.77,101.5,6.6784
25462.78,100.5,7.1246
25463.78,129.3,7.4604
25464.79,99.5,7.5604
25465.79,107.4,7.5605
25466.8,114.6,7.5606
25467.8,100.5,7.5606
25468.81,101.5,7.5606
25469.81,101.5,7.5606
25470.82,100.5,7.5606
25471.82,100.5,7.5606
25472.83,119.4,7.6395
25473.83,101.5,7.6874
25474.84,99.5,7.6874
25475.84,100.5,7.6874
25476.85,101.5,7.6874
25477.85,99.5,7.6874
25478.86,100.5,7.6875
25479.86,100.5,7.6875
25480.87,100.5,7.6875
25481.87,102.5,7.6875
25482.88,100.5,7.6875
25483.89,100.5,7.6875
25484.89,101.5,7.6875
25485.9,101.5,7.6875
25486.9,99.5,7.6875
25487.91,102.5,7.6875
25488.91,99.5,7.6875
25489.92,100.5,7.6875
25490.92,99.5,7.6875
25491.93,102.5,7.6877
25492.93,100.5,7.6877
25493.94,99.5,7.6877
25494.94,101.5,7.6877
25495.95,99.5,7.6877
25496.95,101.5,7.6877
25497.96,100.6,7.6877
25498.96,103.5,7.6877
25499.97,99.5,7.6877
25500.97,100.7,7.6877
25501.98,100.5,7.6877
25502.98,101.5,7.6877
25503.99,103.5,7.6878
25504.99,100.5,7.6878
25506.0,101.5,7.6878
25507.0,100.5,7.6878
25508.01,117.4,7.6885
25509.01,100.5,7.6885
25510.02,100.5,7.6885
25511.02,100.5,7.6885
25512.03,102.5,7.6885
25513.03,99.5,7.6885
25514.04,100.5,7.6885
25515.04,101.5,7.6885
25516.05,100.5,7.6885
25517.05,99.5,7.6885
25518.06,101.5,7.6885
25519.06,100.5,7.6885
25520.07,101.5,7.6885
25521.07,100.5,7.6885
25522.08,100.5,7.6885
25523.08,101.5,7.6885
25524.09,99.5,7.6885
25525.09,102.5,7.6886
25526.1,101.5,7.6886
25527.1,111.4,7.6886
25528.11,101.5,7.6886
25529.12,99.5,7.6886
25530.12,112.4,7.6886
25531.13,101.5,7.6886
25532.13,100.5,7.6886
25533.14,102.5,7.6888
25534.14,99.5,7.6888
25535.15,99.5,7.6888
25536.15,102.5,7.6888
25537.16,99.5,7.6891
25538.16,99.5,7.6891
25539.17,102.5,7.6891
25540.17,99.5,7.6891
25541.18,101.5,7.6891
25542.18,101.5,7.6891
25543.19,100.5,7.6893
25544.19,100.5,7.6893
25545.2,117.6,7.6897
25546.2,101.5,7.6897
25547.21,100.3,7.6897
25548.21,101.5,7.6897
25549.22,100.6,7.6897
25550.22,101.5,7.6897
25551.23,99.5,7.6897
25552.23,99.5,7.6897
25553.24,101.5,7.6897
25554.24,100.5,7.6897
25555.25,100.5,7.6897
25556.25,101.5,7.6897
25557.26,100.5,7.6897
25558.27,101.5,7.6897
25559.27,99.5,7.6897
25560.28,102.5,7.6897
25561.28,99.5,7.6897
25562.29,101.5,7.6897
25563.29,100.5,7.6897
25564.3,99.5,7.6897
25565.3,101.5,7.6897
25566.31,100.5,7.6897
25567.31,100.5,7.6897
25568.32,99.5,7.6897
25569.32,101.5,7.6897
25570.33,100.5,7.6897
25571.33,100.5,7.6897
25572.34,101.5,7.6897
25573.34,101.5,7.6897
25574.35,99.7,7.6897
25575.35,101.5,7.6897
25576.36,99.5,7.6897
25577.36,100.5,7.6897
25578.37,101.5,7.6897
25579.37,101.5,7.6897
25580.38,100.5,7.6897
25581.38,101.5,7.6897
25582.39,101.5,7.6899
25583.39,100.5,7.6899
25584.4,99.6,7.6899
25585.4,101.5,7.6899
25586.41,117.4,7.69
25587.41,99.5,7.69
25588.42,101.5,7.69
25589.42,99.5,7.69
25590.43,101.5,7.69
25591.43,100.5,7.69
25592.44,100.5,7.69
25593.44,101.5,7.69
25594.45,100.5,7.69
25595.45,100.5,7.69
25596.46,100.5,7.69
25597.46,101.5,7.69
25598.47,99.5,7.69
25599.48,100.5,7.69
25600.48,100.5,7.69
25601.49,102.5,7.69
25602.49,100.5,7.69
25603.5,172.1,7.6863
25604.5,101.5,7.6863
25605.51,99.6,7.6863
25606.51,100.5,7.6863
25607.52,100.5,7.6863
25608.52,100.5,7.6863
25609.53,101.5,7.6863
25610.53,99.5,7.6863
25611.54,100.5,7.6863
25612.54,100.5,7.6863
25613.55,101.5,7.6863
25614.55,101.5,7.6863
25615.56,100.5,7.6863
25616.56,100.5,7.6863
25617.57,101.5,7.6863
25618.57,99.5,7.6863
25619.58,102.5,7.6863
25620.58,99.5,7.6863
25621.59,101.5,7.6863
25622.59,100.5,7.6863
25623.6,100.5,7.6863
25624.6,100.5,7.6863
25625.61,100.5,7.6863
25626.62,100.4,7.6863
25627.62,99.5,7.6868
25628.63,118.4,7.7654
25629.63,101.5,7.7654
25630.64,100.5,7.7654
25631.64,102.5,7.7654
25632.65,99.5,7.7654
25633.65,100.5,7.7654
25634.66,100.5,7.7654
25635.66,101.5,7.7654
25636.67,101.5,7.7654
25637.67,100.5,7.7654
25638.68,101.5,7.7654
25639.68,100.5,7.7654
25640.69,101.5,7.7654
25641.69,100.5,7.7654
25642.7,100.5,7.7656
25643.7,101.5,7.7656
25644.71,100.5,7.7656
25645.71,102.5,7.7656
25646.72,104.5,7.7656
25647.72,99.5,7.7656
25648.73,100.5,7.7656
25649.73,102.5,7.7656
25650.74,101.5,7.7656
25651.74,99.5,7.7656
25652.75,116.6,7.7656
25653.75,101.5,7.7656
25654.76,100.5,7.7656
25655.76,99.5,7.7656
25656.77,104.5,7.7656
25657.77,100.5,7.7656
25658.78,99.5,7.7656
25659.78,100.5,7.7656
25660.79,103.5,7.7656
25661.8,99.5,7.7656
25662.8,102.5,7.7656
25663.81,100.5,7.7656
25664.81,100.5,7.7656
25665.82,102.4,7.7656
25666.82,100.5,7.7656
25667.83,99.5,7.7656
25668.83,99.5,7.7656
25669.84,101.5,7.7656
25670.84,99.5,7.7656
25671.85,100.5,7.7656
25672.85,101.5,7.7656
25673.86,100.5,7.7656
25674.86,100.5,7.7656
25675.87,100.5,7.7656
25676.87,101.6,7.7658
25677.88,100.5,7.7658
25678.88,100.5,7.7658
25679.89,99.5,7.7658
25680.89,102.5,7.7658
25681.9,100.5,7.7658
25682.9,100.5,7.7658
25683.91,101.5,7.7658
25684.91,101.5,7.7658
25685.92,99.5,7.7658
25686.93,100.5,7.7658
25687.93,101.6,7.7658
25688.93,99.5,7.7658
25689.94,101.5,7.7658
25690.95,100.5,7.7658
25691.95,100.5,7.7658
25692.96,100.5,7.7658
25693.96,100.5,7.7658
25694.97,101.5,7.7658
25695.97,100.5,7.7658
25696.98,100.5,7.7658
25697.98,100.5,7.7658
25698.99,101.5,7.7658
25699.99,101.5,7.7658
25701.0,100.5,7.7658
25702.0,99.6,7.7658
25703.01,102.5,7.7658
25704.01,101.5,7.7658
25705.02,99.5,7.7658
25706.02,100.5,7.7658
25707.03,99.5,7.7658
25708.03,100.5,7.7658
25709.04,101.5,7.7658
25710.04,99.5,7.7658
25711.05,100.6,7.7658
25712.05,101.5,7.7661
25713.06,101.5,7.7661
25714.06,100.5,7.7661
25715.07,100.5,7.7661
25716.07,100.5,7.7661
25717.08,100.5,7.7661
25718.08,100.5,7.7661
25719.09,101.5,7.7661
25720.09,99.5,7.7661
25721.1,100.5,7.7661
25722.11,100.5,7.787
25723.11,101.5,7.8227
25724.12,100.5,7.8609
25725.12,101.5,7.8988
25726.13,101.5,7.9359
25727.13,99.5,7.9714
25728.14,101.5,8.0096
25729.14,101.5,8.0471
25730.15,99.5,8.0782
25731.15,99.5,8.1154
25732.16,101.5,8.1528
25733.16,102.5,8.1891
25734.17,99.5,8.2268
25735.17,100.5,8.27
25736.18,101.5,8.315
25737.18,100.5,8.3522
25738.19,101.5,8.3876
25739.19,100.5,8.4253
25740.2,101.5,8.4632
25741.2,99.5,8.5002
25742.21,101.5,8.5123
25743.21,100.6,8.5123
25744.22,101.5,8.5308
25745.22,99.5,8.5744
25746.23,101.5,8.6233
25747.23,100.6,8.676
25748.24,101.4,8.7144
25749.24,100.5,8.7534
25750.25,103.7,2.4535
25751.25,317.4,2.6876
25752.26,362.1,2.8247
25753.26,317.3,3.0854
25754.27,320.3,3.3307
25755.27,316.3,3.6474
25756.28,303.4,3.872
25757.28,315.3,4.0505
25758.29,285.5,2.3393
25759.29,2.0,2.6075
25760.3,316.1,2.761
25761.3,330.3,3.0083
25762.31,313.3,3.2716
25763.31,312.6,3.5348
25764.32,312.3,3.7732
25765.32,310.6,3.9952
25766.33,325.3,4.2453
25767.33,268.8,4.3599
25768.34,204.6,4.4264
25769.35,201.9,4.5261
25770.35,139.3,4.6356
25771.36,99.5,4.7346
25772.36,102.7,4.8466
25773.37,102.3,4.9336
25774.37,102.5,5.0344
25775.38,101.5,5.1059
25776.38,100.6,5.1533
25777.39,100.5,5.1827
25778.39,113.3,5.2321
25779.4,100.6,5.2772
25780.4,102.5,5.3334
25781.41,101.5,5.3477
25782.41,100.5,5.3963
25783.42,100.7,5.4537
25784.42,104.7,5.5018
25785.42,113.4,5.585
25786.43,100.5,5.6352
25787.43,100.7,5.6961
25788.44,101.5,5.7644
25789.44,99.5,5.8298
25790.45,103.5,5.88
25791.45,101.5,5.93
25792.46,99.5,5.9769
25793.46,101.5,6.0419
25794.47,102.5,6.0757
25795.47,100.5,6.1099
25796.48,102.5,6.1468
25797.48,98.5,6.1753
25798.49,100.5,6.2339
25799.49,100.5,6.2485
25800.5,101.5,6.2802
25801.51,99.5,6.3154
25802.51,101.5,6.3391
25803.52,100.5,6.3865
25804.52,101.5,6.4159
25805.53,100.5,6.4445
25806.53,100.5,6.4961
25807.53,100.7,6.5108
25808.54,101.5,6.5419
25809.54,100.5,6.5802
25810.55,100.5,6.6088
25811.56,101.5,6.6374
25812.56,100.5,6.6715
25813.57,100.6,6.7017
25814.57,113.4,6.7367
25815.58,99.5,6.7591
25816.58,101.5,6.7892
25817.59,102.5,6.8255
25818.59,99.5,6.8595
25819.6,108.4,6.8859
25820.6,134.4,6.9152
25821.61,110.4,6.9482
25822.61,103.5,6.9752
25823.62,99.2,7.0136
25824.62,100.5,7.0433
25825.63,101.5,7.0567
25826.63,101.5,7.0691
25827.64,100.5,7.0914
25828.65,100.4,7.1045
25829.65,101.5,7.118
25830.66,101.5,7.1439
25831.66,100.5,7.1678
25832.67,100.5,7.197
25833.67,99.5,7.2232
25834.68,101.5,7.2417
25835.68,101.5,7.2811
25836.69,100.5,7.3086
25837.69,113.7,7.3594
25838.7,118.4,7.4116
25839.7,99.5,7.4116
25840.71,99.5,7.4116
25841.71,101.5,7.4245
25842.72,100.5,7.4549
25843.72,100.5,7.4636
25844.73,99.5,7.4636
25845.73,100.5,7.4636
25846.74,101.5,7.4636
25847.74,101.5,7.4636
25848.75,100.5,7.4636
25849.75,101.5,7.4921
25850.76,99.5,7.5283
25851.76,100.5,7.5552
25852.77,102.5,7.5636
25853.77,99.5,7.5636
25854.78,100.5,7.5636
25855.78,112.4,7.5636
25856.79,100.5,7.5636
25857.79,101.5,7.5636
25858.8,99.5,7.5636
25859.8,102.5,7.5636
25860.81,102.5,7.5636
25861.81,101.5,7.5636
25862.82,102.5,7.5639
25863.82,100.5,7.5639
25864.83,101.5,7.5639
25865.83,100.5,7.5639
25866.84,100.5,7.5639
25867.85,100.5,7.5639
25868.85,102.5,7.5639
25869.86,99.5,7.5639
25870.86,100.5,7.5639
25871.87,100.5,7.5639
25872.87,100.5,7.5641
25873.88,100.5,7.5641
25874.88,100.8,7.5641
25875.88,102.5,7.5641
25876.89,102.5,7.5641
25877.89,99.5,7.5641
25878.9,100.5,7.5641
25879.9,103.5,7.5641
25880.91,100.5,7.5641
25881.91,99.5,7.5641
25882.92,101.5,7.5644
25883.93,101.2,7.5644
25884.93,100.5,7.5644
25885.94,102.5,7.5644
25886.94,99.5,7.5644
25887.95,100.5,7.5644
25888.95,101.5,7.5644
25889.96,101.5,7.5644
25890.96,99.5,7.5644
25891.97,100.5,7.5644
25892.97,101.5,7.5644
25893.98,99.5,7.5644
25894.98,116.4,7.5644
25895.99,101.5,7.5644
25896.99,99.5,7.5644
25898.0,100.5,7.5644
25899.01,99.5,7.5644
25900.01,101.5,7.5644
25901.02,100.5,7.5644
25902.02,100.5,7.5644
25903.03,100.5,7.5644
25904.03,101.5,7.5644
25905.03,101.7,7.5644
25906.04,100.5,7.5644
25907.04,101.5,7.5646
25908.05,101.5,7.5646
25909.05,99.5,7.5646
25910.06,100.5,7.5646
25911.06,100.5,7.5646
25912.07,101.5,7.5646
25913.07,99.5,7.5646
25914.08,102.5,7.5646
25915.08,100.5,7.5646
25916.09,99.5,7.5646
25917.1,101.5,7.5646
25918.1,99.5,7.5646
25919.1,101.6,7.5646
25920.11,101.5,7.5646
25921.11,100.5,7.5646
25922.12,100.5,7.5646
25923.12,100.5,7.5646
25924.13,100.5,7.5646
25925.14,111.4,7.5646
25926.14,99.5,7.5646
25927.14,102.6,7.5646
25928.15,99.5,7.5646
25929.15,100.5,7.5646
25930.16,103.5,7.5646
25931.16,100.5,7.5646
25932.17,99.5,7.5646
25933.18,103.5,7.5646
25934.18,99.5,7.5646
25935.19,101.5,7.5646
25936.19,101.5,7.5646
25937.2,99.5,7.5646
25938.2,102.5,7.5646
25939.21,99.5,7.5646
25940.21,102.5,7.5646
25941.22,99.5,7.5646
25942.22,100.5,7.5646
25943.23,99.5,7.5649
25944.23,102.5,7.5649
25945.24,99.5,7.5649
25946.24,100.5,7.5649
25947.25,101.6,7.5649
25948.25,101.5,7.5649
25949.26,98.5,7.5649
25950.26,102.5,7.5649
25951.27,100.5,7.5649
25952.27,100.5,7.5651
25953.28,99.5,7.5651
25954.28,101.5,7.5651
25955.29,99.5,7.5651
25956.29,101.5,7.5651
25957.3,100.5,7.5651
25958.3,100.5,7.5651
25959.31,101.5,7.5651
25960.31,100.5,7.5651
25961.32,99.5,7.5651
25962.32,100.5,7.5651
25963.33,102.5,7.5651
25964.33,100.5,7.5651
25965.34,100.5,7.5651
25966.34,99.5,7.5651
25967.35,99.6,7.5654
25968.35,102.5,7.5654
25969.36,100.5,7.5654
25970.36,99.5,7.5654
25971.37,101.5,7.5654
25972.37,101.5,7.5654
25973.38,99.5,7.5654
25974.38,100.5,7.5654
25975.39,105.5,7.5654
25976.39,102.5,7.5654
25977.4,100.5,7.5654
25978.4,100.5,7.5654
25979.41,99.5,7.5654
25980.41,101.5,7.5654
25981.42,101.5,7.5654
25982.42,100.5,7.5654
25983.43,100.5,7.5654
25984.43,100.5,7.5654
25985.44,100.5,7.5654
25986.44,100.5,7.5654
25987.45,100.5,7.5654
25988.45,100.5,7.5654
25989.46,100.5,7.5654
25990.46,101.6,7.5654
25991.47,101.5,7.5654
25992.47,101.5,7.5654
25993.48,99.6,7.5654
25994.48,102.5,7.5654
25995.49,100.5,7.5654
25996.49,99.5,7.5654
25997.5,100.5,7.5656
25998.5,100.5,7.5656
25999.51,101.5,7.5656
26000.51,100.5,7.5656
26001.52,100.5,7.5656
26002.52,101.5,7.5656
26003.53,99.5,7.5656
26004.53,101.5,7.5656
26005.54,100.5,7.5656
26006.54,101.5,7.5656
26007.55,99.5,7.5656
26008.55,100.5,7.5656
26009.56,100.5,7.5656
26010.56,101.5,7.5656
26011.57,99.5,7.5656
26012.57,101.5,7.5656
26013.58,100.5,7.5656
26014.58,101.5,7.5656
26015.59,100.5,7.5656
26016.59,100.5,7.5656
26017.6,99.5,7.5656
26018.6,101.5,7.5656
26019.61,100.5,7.5656
26020.61,100.5,7.5656
26021.62,101.5,7.5656
26022.62,101.5,7.5659
26023.63,102.5,7.5659
26024.63,99.5,7.5659
26025.64,104.5,7.5659
26026.64,100.5,7.5659
26027.65,100.6,7.5659
26028.65,100.5,7.5659
26029.66,100.5,7.5659
26030.66,100.5,7.5659
26031.67,100.5,7.5659
26032.68,101.5,7.5659
26033.68,100.5,7.5659
26034.69,100.5,7.5659
26035.69,101.5,7.5659
26036.7,99.5,7.5659
26037.7,100.5,7.5659
26038.71,101.5,7.5659
26039.71,100.5,7.5659
26040.72,101.5,7.5659
26041.72,99.5,7.5659
26042.73,101.5,7.5659
26043.73,100.5,7.5659
26044.74,100.5,7.5659
26045.74,102.5,7.5659
26046.75,99.5,7.5659
26047.75,99.5,7.5661
26048.76,101.5,7.5661
26049.76,100.5,7.5661
26050.77,101.5,7.5661
26051.77,99.5,7.5661
26052.78,99.5,7.5664
26053.78,102.5,7.5664
26054.79,99.5,7.5664
26055.79,100.6,7.5664
26056.8,100.5,7.5664
26057.8,101.5,7.5664
26058.81,102.7,2.4716
26059.81,311.4,2.6911
26060.82,344.2,2.8665
26061.82,329.4,3.1239
26062.82,319.9,3.4047
26063.83,310.6,3.7162
26064.83,316.0,3.9502
26065.84,315.5,4.1356
26066.84,253.7,4.3077
26067.85,106.5,4.5026
26068.85,102.5,4.7479
26069.86,107.4,5.0077
26070.86,107.4,5.2138
26071.87,106.5,5.4819
26072.87,156.2,5.7564
26073.88,100.5,5.9985
26074.88,106.5,6.1974
26075.89,107.5,6.2923
26076.89,102.5,6.3209
26077.9,101.5,6.3524
26078.9,99.5,6.3776
26079.91,102.5,6.4329
26080.92,100.5,6.4807
26081.92,101.5,6.5317
26082.93,100.5,6.5716
26083.93,101.5,6.6487
26084.94,100.5,6.6949
26085.94,100.5,6.7429
26086.95,101.5,6.7997
26087.95,101.5,6.8708
26088.96,99.5,6.9043
26089.96,101.5,6.9678
26090.97,100.5,7.0332
26091.97,100.5,7.0691
26092.98,102.5,7.0887
26093.98,100.5,7.1371
26094.99,100.5,7.1962
26095.99,100.5,7.2472
26097.0,101.5,7.2801
26098.0,113.4,7.3035
26099.01,130.3,7.4016
26100.01,100.5,7.4016
26101.02,102.5,7.4017
26102.02,107.5,7.4019
26103.03,99.5,7.4503
26104.03,101.5,7.4539
26105.04,101.5,7.4539
26106.04,99.5,7.4539
26107.05,100.5,7.4951
26108.05,101.5,7.5473
26109.06,101.5,7.5539
26110.06,101.5,7.5539
26111.07,100.5,7.5539
26112.07,100.5,7.5539
26113.08,101.5,7.5539
26114.08,100.5,7.5539
26115.09,100.5,7.5539
26116.09,100.5,7.5539
26117.1,100.5,7.5539
26118.11,104.5,7.5539
26119.11,99.5,7.5539
26120.12,100.5,7.5539
26121.12,101.5,7.5539
26122.13,100.5,7.5539
26123.13,101.5,7.5539
26124.14,169.1,7.5548
26125.14,117.4,7.5574
26126.15,102.5,7.5574
26127.15,100.5,7.5574
26128.16,100.5,7.5574
26129.16,101.5,7.5574
26130.17,142.3,7.5574
26131.17,104.5,7.5574
26132.18,100.5,7.5574
26133.18,100.5,7.5574
26134.19,100.5,7.5574
26135.19,100.5,7.5574
26136.2,102.5,7.5576
26137.2,99.5,7.5576
26138.21,102.5,7.5576
26139.21,99.5,7.5576
26140.22,101.5,7.5576
26141.22,101.5,7.5576
26142.23,99.5,7.5578
26143.23,100.5,7.5578
26144.24,100.5,7.5578
26145.24,100.5,7.5578
26146.25,101.5,7.5578
26147.25,100.5,7.5578
26148.26,100.5,7.5578
26149.26,100.5,7.5578
26150.27,101.5,7.5578
26151.28,100.5,7.5581
26152.28,100.5,7.5581
26153.29,102.5,7.5581
26154.29,100.5,7.5581
26155.3,99.5,7.5581
26156.3,101.5,7.5581
26157.31,100.5,7.5581
26158.31,99.5,7.5581
26159.32,101.5,7.5581
26160.32,100.5,7.5581
26161.33,100.5,7.5581
26162.33,102.5,7.5581
26163.34,101.5,7.5583
26164.34,100.5,7.5583
26165.35,101.5,7.5583
26166.35,99.5,7.5583
26167.36,100.5,7.5583
26168.36,100.5,7.5583
26169.37,100.5,7.5583
26170.37,100.5,7.5583
26171.38,100.5,7.5583
26172.38,100.6,7.5583
26173.39,100.6,7.5583
26174.39,102.5,7.5583
26175.4,100.5,7.5583
26176.4,101.5,7.5583
26177.41,99.5,7.5583
26178.41,99.5,7.5583
26179.42,101.5,7.5583
26180.42,100.5,7.5583
26181.43,102.5,7.5583
26182.43,99.5,7.5583
26183.44,100.5,7.5583
26184.44,100.5,7.5583
26185.45,101.5,7.5583
26186.45,100.5,7.5583
26187.46,100.5,7.5583
26188.46,99.5,7.5583
26189.47,101.5,7.5583
26190.47,102.5,7.5583
26191.48,99.5,7.5583
26192.48,101.5,7.5586
26193.49,101.5,7.5586
26194.49,99.5,7.5586
26195.5,102.5,7.5586
26196.5,100.5,7.5586
26197.51,101.5,7.5586
26198.51,99.5,7.5586
26199.52,101.5,7.5586
26200.52,100.6,7.5586
26201.53,100.5,7.5586
26202.53,100.5,7.5586
26203.54,99.5,7.5586
26204.54,101.5,7.5586
26205.55,100.5,7.5586
26206.55,99.5,7.5586
26207.56,102.5,7.5586
26208.56,100.5,7.5586
26209.57,101.5,7.5586
26210.57,99.5,7.5586
26211.58,100.6,7.5586
26212.58,101.5,7.5586
26213.59,101.5,7.5586
26214.59,99.5,7.5586
26215.6,100.5,7.5586
26216.6,101.5,7.5586
26217.61,100.5,7.5586
26218.61,101.5,7.5586
26219.62,99.5,7.5586
26220.62,100.4,7.5586
26221.63,100.5,7.5588
26222.63,101.5,7.5588
26223.64,99.5,7.5588
26224.64,101.5,7.5588
26225.65,101.5,7.5588
26226.66,101.5,7.5588
26227.66,100.5,7.5588
26228.67,101.5,7.5588
26229.67,102.5,7.5588
26230.68,99.5,7.5588
26231.68,99.5,7.5588
26232.69,101.5,7.5588
26233.69,99.5,7.5588
26234.7,101.5,7.5588
26235.7,99.5,7.5588
26236.71,100.6,7.5588
26237.71,101.5,7.5591
26238.72,101.5,7.5591
26239.72,100.5,7.5591
26240.72,99.8,7.5591
26241.73,100.5,7.5591
26242.73,101.5,7.5593
26243.74,100.5,7.5593
26244.74,101.5,7.5593
26245.75,99.5,7.5593
26246.75,101.5,7.5593
26247.76,100.5,7.5593
26248.76,100.5,7.5593
26249.77,100.5,7.5593
26250.77,101.5,7.5593
26251.78,100.5,7.5593
26252.78,99.5,7.5593
26253.79,100.5,7.5593
26254.79,100.5,7.5593
26255.8,101.5,7.5593
26256.81,100.5,7.5593
26257.81,101.5,7.5593
26258.82,100.5,7.5593
26259.82,102.5,7.5593
26260.83,100.5,7.5593
26261.83,100.5,7.5593
26262.84,100.5,7.5593
26263.84,99.5,7.5593
26264.85,102.5,7.5593
26265.85,98.5,7.5593
26266.86,101.5,7.5593
26267.86,100.5,7.5593
26268.87,101.6,7.5593
26269.87,102.5,7.5593
26270.88,99.6,7.5593
26271.88,101.5,7.5593
26272.89,99.5,7.5593
26273.89,100.5,7.5593
26274.9,100.5,7.5593
26275.9,100.5,7.5593
26276.91,100.6,7.5593
26277.91,100.5,7.5593
26278.92,101.5,7.5593
26279.92,101.5,7.5593
26280.93,99.5,7.5593
26281.93,101.5,7.5596
26282.94,100.5,7.5596
26283.94,100.3,7.5596
26284.95,101.5,7.5596
26285.95,100.5,7.5596
26286.96,101.5,7.5596
26287.96,99.5,7.5596
26288.97,100.5,7.5596
26289.97,100.5,7.5596
26290.98,101.5,7.5596
26291.98,100.5,7.5596
26292.99,100.5,7.5596
26293.99,102.5,7.5596
26295.0,99.5,7.5596
26296.01,99.5,7.5596
26297.01,102.5,7.5596
26298.02,99.5,7.5596
26299.02,99.5,7.5596
26300.03,101.5,7.5596
26301.03,100.6,7.5596
26302.03,101.5,7.5596
26303.04,101.5,7.5596
26304.05,100.5,7.5596
26305.05,100.5,7.5596
26306.05,102.5,7.5596
26307.06,98.5,7.5598
26308.07,100.5,7.5598
26309.07,101.5,7.5598
26310.08,99.5,7.5598
26311.08,101.5,7.5598
26312.09,102.5,7.5598
26313.09,100.5,7.5601
26314.1,100.5,7.5601
26315.1,100.5,7.5601
26316.11,100.5,7.5601
26317.11,101.5,7.5601
26318.12,99.5,7.5601
26319.12,101.5,7.5601
26320.13,102.5,7.5601
26321.13,99.5,7.5601
26322.14,101.5,7.5601
26323.14,100.5,7.5601
26324.15,100.5,7.5601
26325.15,99.5,7.5601
26326.16,100.5,7.5601
26327.16,101.6,7.5603
26328.17,100.6,7.5603
26329.17,100.5,7.5603
26330.18,100.5,7.5603
26331.18,101.5,7.5603
26332.19,101.5,7.5603
26333.19,101.5,7.5603
26334.2,99.5,7.5603
26335.2,101.5,7.5603
26336.21,99.5,7.5603
26337.21,100.5,7.5603
26338.22,100.5,7.5603
26339.22,101.5,7.5603
26340.23,99.5,7.5603
26341.23,119.4,7.641
26342.24,100.5,7.641
26343.24,101.5,7.641
26344.25,99.5,7.641
26345.25,100.5,7.641
26346.26,100.5,7.641
26347.26,100.5,7.641
26348.27,101.5,7.6465
26349.27,100.5,7.6651
26350.28,102.5,7.6862
26351.28,99.6,7.689
26352.29,102.5,7.689
26353.29,99.5,7.689
26354.3,101.5,7.689
26355.3,100.5,7.689
26356.31,99.5,7.689
26357.31,101.5,7.689
26358.32,100.5,7.689
26359.32,1.0,2.6006
26360.33,359.5,2.3473
26361.33,1.0,2.6332
26362.33,1.0,2.5066
26363.34,347.0,2.7032
26364.34,1.0,2.5281
26365.34,355.0,2.7562
26366.35,1.0,2.6154
26367.35,1449.1,2.4551
26368.35,294.0,2.6179
26369.36,1454.8,2.3898
26370.36,293.0,2.6368
26371.36,333.7,2.7728
26372.37,334.7,3.0058
26373.37,314.5,3.2539
26374.38,309.3,3.5499
26375.38,309.3,3.8491
26376.39,316.4,4.0927
26377.39,1.0,2.4302
26378.4,293.4,2.6602
26379.4,319.9,2.8115
26380.41,334.3,3.1499
26381.42,309.6,3.5035
26382.42,314.5,3.8144
26383.43,311.4,4.0791
26384.43,1.0,2.441
26385.43,315.1,2.7093
26386.44,351.2,2.9816
26387.45,319.3,3.2917
26388.45,315.7,3.6221
26389.45,310.4,3.946
26390.46,323.1,4.2439
26391.46,309.4,4.5742
26392.47,246.7,4.9822
26393.47,122.4,5.4246
26394.48,119.4,5.8764
26395.48,102.5,6.3146
26396.49,101.5,6.7431
26397.49,99.5,7.1869
26398.5,129.3,7.4725
26399.5,114.4,7.5725
26400.51,130.3,7.5725
26401.51,100.5,7.5725
26402.52,109.7,7.5725
26403.52,102.5,7.5725
26404.53,99.7,7.5725
26405.53,101.5,7.5725
26406.54,101.5,7.5725
26407.54,99.5,7.5725
26408.55,100.4,7.5725
26409.55,117.4,7.7024
26410.56,102.5,7.7024
26411.56,101.5,7.7024
26412.57,99.5,7.7024
26413.57,103.7,7.7025
26414.57,115.4,7.7027
26415.58,111.4,7.7027
26416.58,101.5,7.7027
26417.59,100.5,7.7027
26418.6,99.5,7.7027
26419.6,101.5,7.7027
26420.61,101.5,7.7027
26421.61,100.5,7.7027
26422.62,99.5,7.7029
26423.62,100.5,7.7029
26424.63,99.5,7.7029
26425.63,101.5,7.7029
26426.64,99.5,7.7029
26427.64,102.5,7.7029
26428.65,101.5,7.7029
26429.65,99.5,7.7029
26430.66,102.5,7.7029
26431.66,100.5,7.7029
26432.67,99.5,7.7029
26433.67,101.5,7.7029
26434.68,100.5,7.7032
26435.68,99.5,7.7032
26436.69,100.5,7.7032
26437.69,101.5,7.7032
26438.7,101.5,7.7032
26439.7,100.5,7.7032
26440.71,101.5,7.7032
26441.72,101.5,7.7032
26442.72,98.5,7.7032
26443.73,101.5,7.7032
26444.73,99.5,7.7032
26445.74,101.5,7.7032
26446.74,98.5,7.7032
26447.75,102.5,7.7032
26448.75,99.7,7.7032
26449.75,100.5,7.7032
26450.76,99.5,7.7032
26451.76,101.5,7.7032
26452.77,100.5,7.7032
26453.77,101.5,7.7032
26454.78,121.4,7.7045
26455.78,100.5,7.7045
26456.79,99.5,7.7045
26457.8,101.5,7.7045
26458.8,100.5,7.7045
26459.8,99.6,7.7045
26460.81,101.5,7.7045
26461.82,102.5,7.7045
26462.82,98.5,7.7047
26463.83,101.5,7.7047
26464.83,100.5,7.7047
26465.84,101.5,7.7047
26466.84,99.5,7.7047
26467.85,102.5,7.7049
26468.85,98.7,7.7049
26469.85,101.5,7.7049
26470.86,101.5,7.7049
26471.86,100.5,7.7049
26472.87,100.5,7.7049
26473.87,100.5,7.7049
26474.88,99.7,7.7049
26475.88,100.5,7.7052
26476.89,101.5,7.7052
26477.89,100.5,7.7052
26478.9,101.5,7.7052
26479.9,100.5,7.7052
26480.91,99.4,7.7052
26481.91,102.5,7.7052
26482.92,99.5,7.7052
26483.92,100.6,7.7052
26484.93,101.5,7.7052
26485.93,100.5,7.7052
26486.94,99.5,7.7052
26487.94,101.5,7.7052
26488.95,100.5,7.7052
26489.95,100.5,7.7052
26490.96,100.5,7.7052
26491.97,101.5,7.7052
26492.97,99.7,7.7052
26493.97,101.5,7.7052
26494.98,101.5,7.7052
26495.98,100.5,7.7052
26496.99,99.5,7.7052
26497.99,101.5,7.7052
26499.0,100.5,7.7052
26500.0,101.5,7.7052
26501.01,99.5,7.7052
26502.01,100.5,7.7052
26503.02,101.5,7.7052
26504.02,100.5,7.7052
26505.03,101.5,7.7052
26506.04,99.5,7.7052
26507.04,101.3,7.7052
26508.05,101.5,7.7052
26509.05,99.5,7.7052
26510.05,102.8,7.7052
26511.06,99.5,7.7052
26512.06,101.5,7.7054
26513.07,100.6,7.7054
26514.07,102.5,7.7054
26515.08,99.5,7.7054
26516.08,101.5,7.7054
26517.09,99.6,7.7054
26518.09,100.5,7.7054
26519.1,102.5,7.7054
26520.1,99.5,7.7054
26521.11,100.5,7.7054
26522.12,100.5,7.7054
26523.12,101.5,7.7054
26524.13,100.5,7.7054
26525.13,99.5,7.7054
26526.14,101.5,7.7054
26527.14,100.5,7.7054
26528.15,102.5,7.7054
26529.15,100.5,7.7054
26530.16,101.5,7.7054
26531.16,100.5,7.7054
26532.17,101.5,7.7054
26533.17,101.5,7.7057
26534.18,104.5,7.7057
26535.18,100.5,7.7057
26536.19,99.5,7.7057
26537.19,138.3,7.7057
26538.2,100.5,7.7057
26539.2,100.5,7.7057
26540.21,101.5,7.7057
26541.21,101.5,7.7057
26542.22,100.5,7.7057
26543.22,100.5,7.7057
26544.23,100.5,7.7057
26545.23,104.5,7.7057
26546.24,99.5,7.7057
26547.24,99.5,7.7057
26548.25,102.5,7.7057
26549.26,100.5,7.7057
26550.26,100.5,7.7057
26551.27,101.5,7.7057
26552.27,99.5,7.7057
26553.28,102.5,7.7057
26554.28,100.5,7.7057
26555.29,100.5,7.7057
26556.29,100.5,7.7057
26557.3,99.5,7.7057
26558.3,101.6,7.7057
26559.3,101.5,7.706
26560.31,100.5,7.706
26561.31,100.5,7.706
26562.32,99.5,7.7062
26563.32,101.5,7.7062
26564.33,101.5,7.7062
26565.33,101.5,7.7062
26566.34,99.5,7.7062
26567.34,101.5,7.7062
26568.35,99.6,7.7062
26569.35,102.5,7.7062
26570.36,99.5,7.7062
26571.36,99.5,7.7062
26572.37,102.5,7.7062
26573.38,100.5,7.7062
26574.38,100.5,7.7062
26575.38,100.5,7.7062
26576.39,100.6,7.7062
26577.39,101.5,7.7062
26578.4,100.5,7.7062
26579.4,101.5,7.7062
26580.41,99.6,7.7062
26581.41,100.5,7.7062
26582.42,100.5,7.7062
26583.42,100.5,7.7062
26584.43,101.5,7.7062
26585.43,101.5,7.7062
26586.44,101.5,7.7062
26587.45,99.5,7.7062
26588.45,101.6,7.7062
26589.45,99.5,7.7062
26590.46,100.5,7.7062
26591.46,100.5,7.7062
26592.47,100.5,7.7062
26593.47,103.5,7.7062
26594.48,100.5,7.7062
26595.48,99.5,7.7062
26596.49,101.5,7.7062
26597.5,100.5,7.7062
26598.5,99.5,7.7062
26599.51,100.5,7.7062
26600.51,101.5,7.7062
26601.52,100.5,7.7062
26602.52,100.5,7.7062
26603.53,100.5,7.7062
26604.53,102.5,7.7062
26605.54,99.5,7.7062
26606.54,100.5,7.7062
26607.55,101.5,7.7065
26608.55,100.5,7.7065
26609.56,99.5,7.7065
26610.56,101.5,7.7065
26611.57,101.6,7.7065
26612.57,99.5,7.7067
26613.58,102.5,7.7067
26614.58,99.5,7.7067
26615.59,101.5,7.7067
26616.59,99.5,7.7067
26617.6,101.5,7.7067
26618.6,100.5,7.7067
26619.61,99.5,7.7067
26620.61,99.5,7.7067
26621.62,102.5,7.7067
26622.62,101.5,7.7067
26623.63,99.5,7.7067
26624.63,101.5,7.7067
26625.64,99.5,7.7067
26626.64,101.5,7.7067
26627.65,101.5,7.7067
26628.65,100.5,7.7067
26629.66,100.5,7.7067
26630.66,100.5,7.7067
26631.67,101.5,7.7067
26632.67,99.5,7.7067
26633.68,101.5,7.7067
26634.68,100.5,7.7067
26635.69,100.5,7.7067
26636.69,102.5,7.7067
26637.7,99.6,7.7067
26638.7,101.5,7.7067
26639.71,100.5,7.7067
26640.71,100.5,7.7067
26641.72,99.5,7.7067
26642.72,100.5,7.7067
26643.73,100.5,7.7067
26644.73,118.4,7.7072
26645.74,101.5,7.7072
26646.74,101.5,7.7072
26647.75,100.5,7.7072
26648.76,100.5,7.7072
26649.76,100.5,7.7072
26650.77,100.5,7.7072
26651.77,100.5,7.7072
26652.78,100.5,7.7074
26653.78,100.5,7.7074
26654.79,102.5,7.7074
26655.79,99.5,7.7074
26656.8,99.5,7.7074
26657.8,101.5,7.7074
26658.81,100.5,7.7074
26659.81,101.5,7.7074
26660.82,99.5,7.7074
26661.82,101.5,7.7074
26662.83,100.5,7.7074
26663.83,100.5,7.7074
26664.84,102.5,7.7074
26665.84,99.5,7.7074
26666.85,100.5,7.7074
26667.85,100.5,7.7074
26668.86,101.5,7.7074
26669.86,100.5,7.7074
26670.87,99.5,7.7074
26671.87,101.5,7.7074
26672.88,100.5,7.7074
26673.88,100.5,7.7074
26674.89,101.5,7.7074
26675.89,100.5,7.7074
26676.9,102.5,7.7074
26677.91,101.5,7.7074
26678.91,101.5,7.7075
26679.92,99.5,7.7075
26680.92,102.5,7.7075
26681.93,99.5,7.7075
26682.93,100.5,7.7077
26683.94,100.5,7.7078
26684.94,2.0,2.5005
26685.94,356.9,2.7643
26686.95,360.9,3.0217
26687.95,326.6,3.4118
26688.95,315.3,3.729
26689.96,315.4,4.0316
26690.97,263.6,2.3535
26691.97,1.0,2.6266
26692.97,314.0,2.7978
26693.98,341.3,3.0204
26694.98,310.4,3.2742
26695.99,308.6,3.5814
26696.99,311.4,3.914
26697.99,315.8,4.1956
26699.0,229.8,4.4945
26700.01,104.5,4.7862
26701.01,124.3,5.065
26702.02,160.2,5.3454
26703.02,128.3,5.73
26704.03,200.0,6.1925
26705.03,104.5,6.6465
26706.04,116.4,7.1272
26707.04,182.1,7.4951
26708.05,104.5,7.5951
26709.05,115.4,7.5952
26710.06,108.4,7.5952
26711.06,99.5,7.5952
26712.07,120.4,7.5952
26713.07,125.3,7.5991
26714.08,100.5,7.5991
26715.08,100.5,7.5991
26716.09,100.5,7.5991
26717.09,116.4,7.7219
26718.1,101.5,7.7219
26719.1,99.5,7.7219
26720.11,101.5,7.7222
26721.11,101.6,7.7222
26722.12,101.5,7.7222
26723.12,103.5,7.7222
26724.13,100.5,7.7222
26725.13,99.6,7.7222
26726.14,117.4,7.7228
26727.14,109.5,7.7229
26728.15,99.5,7.7232
26729.15,100.5,7.7232
26730.16,99.5,7.7232
26731.16,102.5,7.7232
26732.17,100.5,7.7232
26733.17,100.5,7.7232
26734.18,116.5,7.7233
26735.18,101.6,7.7233
26736.19,100.5,7.7233
26737.19,100.5,7.7233
26738.2,102.4,7.7233
26739.2,100.5,7.7233
26740.21,99.5,7.7233
26741.22,107.2,7.7233
26742.22,111.4,7.7235
26743.23,102.5,7.7235
26744.23,103.5,7.7235
26745.24,99.5,7.7235
26746.24,101.5,7.7235
26747.25,100.5,7.7237
26748.25,100.5,7.7237
26749.26,118.5,7.806
26750.26,101.5,7.806
26751.27,99.5,7.806
26752.27,102.5,7.806
26753.28,101.5,7.8063
26754.28,100.5,7.8063
26755.29,99.5,7.8063
26756.29,100.5,7.8063
26757.3,101.5,8.2779
26758.3,99.5,8.7559
26759.31,133.3,9.1999
26760.31,100.5,9.1999
26761.32,100.5,9.1999
26762.32,100.6,9.1999
26763.33,100.6,9.1999
26764.33,100.5,9.1999
26765.34,101.5,9.1999
26766.34,101.5,9.1999
26767.35,101.5,9.1999
26768.35,99.5,9.1999
26769.36,101.5,9.2004
26770.36,101.5,9.2004
26771.37,100.5,9.2004
26772.37,101.5,9.2004
26773.38,99.5,9.2004
26774.38,101.5,9.2004
26775.39,101.5,9.2004
26776.39,100.5,9.2004
26777.4,101.5,9.2004
26778.41,99.5,9.2008
26779.41,101.5,9.2008
26780.42,102.5,9.2008
26781.42,100.5,9.2008
26782.43,100.5,9.2008
26783.43,99.5,9.2008
26784.44,102.5,9.2008
26785.44,99.5,9.2008
26786.45,100.5,9.2008
26787.45,100.5,9.2008
26788.46,101.4,9.2008
26789.46,100.5,9.2008
26790.47,101.5,9.2008
26791.47,99.5,9.2008
26792.48,101.5,9.2011
26793.48,100.5,9.2011
26794.49,100.5,9.2011
26795.49,100.5,9.2011
26796.5,99.5,9.2011
26797.5,100.6,9.2011
26798.51,101.5,9.2011
26799.51,99.5,9.2011
26800.52,101.5,9.2011
26801.53,100.5,9.2011
26802.53,102.5,9.2011
26803.54,102.5,9.2011
26804.54,99.5,9.2011
26805.55,101.5,9.2011
26806.55,99.5,9.2011
26807.56,101.5,9.2011
26808.56,100.5,9.2011
26809.57,99.5,9.2012
26810.57,101.5,9.2012
26811.58,100.5,9.2012
26812.58,100.5,9.2014
26813.59,102.5,9.2014
26814.59,99.4,9.2014
26815.6,100.5,9.2014
26816.6,101.5,9.2014
26817.61,100.5,9.2014
26818.61,99.5,9.2014
26819.62,101.5,9.2014
26820.62,101.5,9.2014
26821.63,99.5,9.2014
26822.63,102.5,9.2014
26823.64,102.5,9.2014
26824.64,100.5,9.2014
26825.65,103.5,9.2014
26826.65,99.5,9.2014
26827.66,100.5,9.2014
26828.67,100.5,9.2014
26829.67,99.5,9.2014
26830.68,101.5,9.2014
26831.68,101.5,9.2015
26832.68,100.7,9.202
26833.69,99.5,9.202
26834.69,103.5,9.202
26835.7,100.5,9.202
26836.7,100.5,9.202
26837.71,99.5,9.202
26838.71,99.5,9.202
26839.72,102.4,9.202
26840.73,100.5,9.202
26841.73,99.5,9.2022
26842.74,101.5,9.2022
26843.74,100.5,9.2022
26844.75,101.5,9.2022
26845.75,100.5,9.2022
26846.76,100.5,9.2022
26847.76,100.5,9.2022
26848.77,101.5,9.2022
26849.77,100.5,9.2022
26850.78,100.5,9.2022
26851.78,100.5,9.2022
26852.79,100.5,9.2024
26853.79,101.5,9.2024
26854.8,99.5,9.2024
26855.8,101.5,9.2024
26856.81,101.5,9.2024
26857.81,100.5,9.2024
26858.82,100.5,9.2024
26859.83,99.5,9.2024
26860.83,101.5,9.2024
26861.84,100.5,9.2024
26862.84,105.5,9.2024
26863.85,100.5,9.2025
26864.85,101.5,9.2025
26865.86,100.5,9.2025
26866.86,99.6,9.2026
26867.87,101.5,9.2026
26868.87,100.5,9.2026
26869.88,100.5,9.2026
26870.88,101.5,9.2026
26871.89,99.5,9.2026
26872.89,101.5,9.2026
26873.9,101.5,9.2027
26874.9,99.5,9.2027
26875.91,100.5,9.2027
26876.91,105.7,9.2027
26877.92,99.5,9.2027
26878.92,231.8,9.2091
26879.93,137.3,9.2091
26880.93,101.5,9.2091
26881.94,99.5,9.2091
26882.94,103.5,9.2091
26883.95,101.5,9.2091
26884.95,100.5,9.2091
26885.96,102.5,9.2091
26886.96,102.5,9.2091
26887.97,100.5,9.2091
26888.97,100.5,9.2091
26889.98,100.5,9.2091
26890.98,100.5,9.2091
26891.99,101.7,9.2091
26892.99,102.6,9.2091
26894.0,100.5,9.2091
26895.0,100.5,9.2091
26896.01,100.5,9.2091
26897.01,100.5,9.2093
26898.02,101.5,9.2093
26899.02,99.5,9.2093
26900.03,101.5,9.2093
26901.03,101.5,9.2093
26902.04,99.5,9.2093
26903.04,101.5,9.2095
26904.05,100.5,9.2095
26905.05,100.5,9.2095
26906.06,100.5,9.2095
26907.06,100.5,9.2098
26908.07,101.5,9.2098
26909.07,100.5,9.2098
26910.08,99.5,9.2098
26911.08,101.5,9.2098
26912.09,100.5,9.2098
26913.09,101.5,9.2098
26914.1,99.5,9.2098
26915.11,101.5,9.2098
26916.11,101.5,9.2098
26917.12,100.5,9.2098
26918.12,100.5,9.2098
26919.13,100.5,9.2098
26920.13,100.5,9.2098
26921.14,100.5,9.2098
26922.14,100.5,9.2098
26923.15,100.5,9.2098
26924.15,101.5,9.2098
26925.16,101.5,9.2098
26926.16,100.5,9.2098
26927.17,100.5,9.2098
26928.17,101.5,9.2098
26929.18,100.5,9.2098
26930.18,100.6,9.2098
26931.19,102.5,9.2098
26932.19,99.4,9.2098
26933.2,100.5,9.2098
26934.2,100.5,9.2098
26935.21,100.5,9.2098
26936.21,100.5,9.2098
26937.22,101.5,9.2098
26938.22,100.5,9.2098
26939.23,100.5,9.2098
26940.23,100.5,9.2098
26941.24,101.5,9.2098
26942.24,100.5,9.2098
26943.25,102.5,9.2098
26944.25,100.5,9.2098
26945.26,99.7,9.2098
26946.26,101.5,9.2098
26947.27,100.5,9.2098
26948.27,100.5,9.2098
26949.28,100.5,9.2098
26950.28,100.5,9.2098
26951.29,100.5,9.2098
26952.29,100.5,9.2098
26953.3,100.6,9.2098
26954.3,101.5,9.2098
26955.31,100.5,9.2098
26956.31,100.5,9.2098
26957.32,101.5,9.21
26958.32,101.5,9.21
26959.33,99.5,9.21
26960.33,100.5,9.21
26961.34,101.5,9.21
26962.34,100.5,9.21
26963.35,99.5,9.21
26964.35,102.5,9.21
26965.36,100.5,9.21
26966.36,99.5,9.21
26967.37,101.5,9.21
26968.37,100.5,9.21
26969.38,100.5,9.21
26970.38,100.5,9.21
26971.39,100.6,9.21
26972.39,101.5,9.21
26973.4,100.5,9.2103
26974.4,101.5,9.2103
26975.41,100.5,9.2103
26976.42,100.5,9.2103
26977.42,99.5,9.2103
26978.43,101.5,9.2103
26979.43,102.5,9.2103
26980.44,99.5,9.2103
26981.44,101.7,9.2103
26982.44,99.5,9.2105
26983.45,101.5,9.2106
26984.45,101.5,9.2106
26985.46,101.5,9.2106
26986.46,99.5,9.2106
26987.47,99.5,9.2106
26988.47,101.5,9.2106
26989.48,100.5,9.2106
26990.49,100.5,9.2106
26991.49,101.7,2.4828
26992.49,294.3,2.649
26993.49,356.7,2.9238
26994.5,282.5,3.1791
26995.51,114.4,3.2703
26996.51,119.4,3.3188
26997.52,100.5,3.3777
26998.52,100.5,3.4261
26999.53,101.5,3.4537
27000.53,105.5,3.4925
27001.54,100.5,3.5198
27002.54,102.5,3.5657
27003.55,101.5,3.5781
27004.55,101.5,3.6041
27005.56,101.5,3.6336
27006.56,102.6,3.6618
27007.57,115.4,3.706
27008.57,100.5,3.7167
27009.58,102.5,3.7445
27010.58,102.6,3.7755
27011.59,101.5,3.8026
27012.59,101.5,3.8316
27013.6,102.5,3.8593
27014.6,102.6,3.8877
27015.61,103.5,3.9179
27016.61,99.5,3.9451
27017.62,100.5,3.9736
27018.62,105.6,4.003
27019.62,99.6,4.0288
27020.63,100.6,4.0569
27021.63,101.5,4.0842
27022.64,100.5,4.1124
27023.65,101.5,4.1399
27024.65,103.5,4.1675
27025.65,100.5,4.1953
27026.66,100.5,4.2232
27027.67,100.5,4.25
27028.67,101.5,4.29
27029.68,101.5,4.3034
27030.68,100.5,4.3352
27031.69,102.5,4.3369
27032.69,101.4,4.3518
27033.7,116.4,4.3681
27034.7,101.6,4.3853
27035.71,103.5,4.4048
27036.71,100.5,4.4229
27037.72,101.5,4.4412
27038.72,115.5,4.4632
27039.73,101.5,4.4843
27040.73,104.5,4.5061
27041.74,100.5,4.5178
27042.74,100.5,4.5345
27043.75,100.5,4.5345
27044.75,203.4,2.3586
27045.76,1.0,2.6256
27046.76,313.0,2.7436
27047.76,332.3,3.0028
27048.77,235.8,3.1462
27049.77,124.5,3.2437
27050.78,194.0,3.3078
27051.78,2.0,2.5543
27052.79,307.0,2.696
27053.79,343.2,2.9317
27054.79,3.0,2.4892
27055.8,336.3,2.6786
27056.8,351.6,2.8998
27057.8,1.0,2.4889
27058.81,331.0,2.6576
27059.81,352.6,2.8587
27060.81,317.9,2.3595
27061.82,1.0,2.6101
27062.82,312.8,2.7562
27063.83,319.4,3.0306
27064.83,331.7,3.2595
27065.83,2.0,2.4893
27066.84,311.1,2.6448
27067.84,2.0,2.4919
27068.84,322.2,2.6642
27069.85,1.0,2.46
27070.85,317.9,2.7075
27071.86,305.4,3.05
27072.86,289.7,3.4366
27073.86,132.7,3.89
27074.87,112.4,4.2772
27075.87,241.8,4.7414
27076.88,305.3,4.9404
27077.88,350.2,5.2494
27078.89,338.4,5.6213
27079.89,316.3,5.9686
27080.9,306.4,6.2776
27081.9,304.4,6.608
27082.91,303.4,6.9317
27083.91,280.5,7.2359
27084.91,313.2,7.9083
27085.92,303.5,8.1771
27086.92,305.4,8.1776
27087.93,313.1,8.1786
27088.93,279.6,8.1787
27089.94,209.9,8.1788
27090.94,132.3,8.1788
27091.95,124.4,8.1791
27092.95,136.3,8.2543
27093.96,150.2,8.2791
27094.96,158.3,8.2791
27095.97,143.3,8.2791
27096.98,113.4,8.2791
27097.98,107.4,8.2791
27098.98,146.5,8.2791
27099.99,101.5,8.2791
27100.99,120.4,8.2791
27102.0,130.3,8.2793
27103.01,100.5,8.2793
27104.01,100.5,8.2793
27105.02,122.4,8.2794
27106.02,111.4,8.2794
27107.03,102.5,8.2794
27108.03,103.5,8.2794
27109.04,107.4,8.2794
27110.04,109.4,8.2794
27111.05,107.4,8.2794
27112.05,113.4,8.2794
27113.06,253.7,9.0449
27114.06,102.5,9.0929
27115.07,114.4,9.0929
27116.07,102.5,9.0929
27117.08,99.5,9.0929
27118.08,114.4,9.0929
27119.09,100.5,9.0929
27120.09,101.5,9.0929
27121.1,101.5,9.0929
27122.1,100.5,9.0929
27123.11,101.5,9.0931
27124.11,101.5,9.0931
27125.12,103.5,9.0931
27126.12,101.5,9.0931
27127.13,108.5,9.0931
27128.13,99.5,9.0931
27129.14,109.4,9.0931
27130.15,104.5,9.0931
27131.15,100.5,9.0931
27132.16,101.5,9.0931
27133.16,100.5,9.0931
27134.17,102.5,9.0931
27135.17,99.5,9.0931
27136.18,100.5,9.0921
27137.18,101.5,9.0921
27138.19,100.5,9.0921
27139.19,101.5,9.0921
27140.2,103.5,9.0921
27141.2,105.4,9.0921
27142.21,100.5,9.0924
27143.21,101.6,9.0924
27144.22,100.5,9.0924
27145.22,100.5,9.0924
27146.23,111.4,9.0924
27147.23,101.5,9.0924
27148.24,100.5,9.0924
27149.25,101.5,9.0924
27150.25,100.5,9.0924
27151.26,101.5,9.0924
27152.26,104.5,9.0924
27153.27,101.5,9.0926
27154.27,100.5,9.0926
27155.28,101.5,9.0926
27156.28,101.5,9.0926
27157.29,101.5,9.0926
27158.29,104.4,9.0926
27159.3,118.4,9.0926
27160.3,101.5,9.0926
27161.31,101.5,9.0926
27162.31,101.5,9.0926
27163.32,102.5,9.0926
27164.32,100.5,9.0926
27165.33,101.5,9.0926
27166.33,102.5,9.0927
27167.34,101.5,9.0927
27168.35,102.4,9.0927
27169.35,101.5,9.0927
27170.36,103.5,9.0927
27171.36,105.5,9.0927
27172.37,102.5,9.0927
27173.37,101.5,9.0927
27174.38,119.4,9.0927
27175.38,101.5,9.0927
27176.39,99.5,9.0927
27177.39,101.5,9.0927
27178.4,101.6,9.0927
27179.4,101.5,9.0927
27180.41,103.5,9.0927
27181.41,101.5,9.0927
27182.42,101.5,9.0927
27183.43,104.2,9.0927
27184.43,100.5,9.0927
27185.44,99.5,9.0927
27186.44,102.5,9.0927
27187.45,101.5,9.0929
27188.45,101.5,9.0929
27189.46,100.6,9.0929
27190.46,99.5,9.0929
27191.47,127.3,9.0929
27192.47,125.3,9.0929
27193.48,143.3,9.0932
27194.48,100.5,9.0932
27195.49,101.5,9.0932
27196.49,100.5,9.0932
27197.5,102.5,9.0932
27198.5,99.5,9.0932
27199.51,101.5,9.0932
27200.51,100.5,9.0932
27201.52,100.5,9.0932
27202.52,102.5,9.0932
27203.53,99.5,9.0932
27204.53,100.5,9.0932
27205.54,100.5,9.0932
27206.54,102.5,9.0932
27207.55,100.5,9.0932
27208.55,99.5,9.0932
27209.56,103.5,9.0932
27210.56,111.5,9.0932
27211.57,100.5,9.0932
27212.57,103.5,9.0932
27213.58,100.5,9.0932
27214.58,101.5,9.0932
27215.59,100.7,9.0932
27216.59,99.5,9.0932
27217.6,101.4,9.0932
27218.6,100.5,9.0922
27219.61,102.4,9.0922
27220.61,100.5,9.0922
27221.62,101.5,9.0922
27222.63,113.4,9.0922
27223.63,100.5,9.0922
27224.64,102.5,9.0922
27225.64,101.5,9.0922
27226.65,279.8,9.1981
27227.65,101.5,9.1972
27228.66,100.5,9.1972
27229.66,101.5,9.1965
27230.67,99.5,9.1965
27231.67,101.5,9.1965
27232.68,100.5,9.1967
27233.68,101.5,9.1967
27234.69,101.5,9.1967
27235.69,99.5,9.1967
27236.7,101.5,9.1967
27237.7,99.5,9.1961
27238.71,102.5,9.1954
27239.71,101.5,9.1954
27240.72,99.5,9.1954
27241.72,101.5,9.1954
27242.73,101.5,9.1954
27243.73,99.5,9.1954
27244.74,101.5,9.1954
27245.75,100.5,9.1954
27246.75,100.6,9.1954
27247.75,103.5,9.1954
27248.76,99.5,9.1954
27249.76,99.5,9.1954
27250.77,101.5,9.1954
27251.77,101.5,9.1954
27252.78,100.5,9.1954
27253.78,100.5,9.1954
27254.79,101.5,9.1954
27255.79,101.5,9.1954
27256.8,100.5,9.1954
27257.81,101.5,9.1954
27258.81,100.5,9.1954
27259.82,100.5,9.1954
27260.82,100.5,9.1954
27261.83,100.6,9.1954
27262.83,102.5,9.1956
27263.84,100.5,9.1956
27264.84,100.5,9.1956
27265.85,119.4,9.1956
27266.85,139.3,9.1956
27267.86,100.5,9.1956
27268.86,100.5,9.1956
27269.87,101.5,9.1956
27270.87,100.5,9.1956
27271.88,100.5,9.1956
27272.88,101.5,9.1956
27273.89,101.5,9.1956
27274.89,100.5,9.1956
27275.9,102.5,9.1956
27276.9,99.5,9.1959
27277.91,100.5,9.1959
27278.91,101.5,9.1959
27279.92,100.5,9.1959
27280.92,101.5,9.1959
27281.93,105.4,9.1959
27282.94,100.5,9.1959
27283.94,101.5,9.1959
27284.94,100.5,9.1959
27285.95,100.5,9.1959
27286.96,101.5,9.1959
27287.96,100.5,9.1959
27288.97,100.5,9.1959
27289.97,100.5,9.1959
27290.98,102.5,9.1959
27291.98,100.5,9.1959
27292.99,99.5,9.1959
27293.99,101.5,9.1959
27295.0,99.5,9.1959
27296.0,102.5,9.1959
27297.01,100.5,9.1959
27298.01,101.5,9.1959
27299.02,99.5,9.1959
27300.02,100.5,9.1959
27301.03,100.5,9.1959
27302.03,101.5,9.1959
27303.04,102.5,9.1959
27304.04,99.5,9.1959
27305.05,105.5,9.1959
27306.06,100.5,9.1959
27307.06,100.5,9.1959
27308.07,102.5,9.1959
27309.07,99.5,9.1959
27310.08,100.5,9.1959
27311.08,100.5,9.1959
27312.09,101.5,9.1959
27313.09,101.5,9.1959
27314.1,100.5,9.1959
27315.1,100.5,9.1959
27316.11,100.5,9.1959
27317.11,100.5,9.1959
27318.12,102.5,9.1959
27319.12,100.5,9.1959
27320.13,102.5,9.1959
27321.13,100.4,9.1959
27322.14,100.5,9.1959
27323.14,99.5,9.1962
27324.15,101.5,9.1962
27325.15,100.5,9.1962
27326.16,101.5,9.1962
27327.16,100.5,9.1964
27328.17,101.5,9.1964
27329.17,101.4,9.1964
27330.18,100.5,9.1964
27331.19,101.5,9.1964
27332.19,100.5,9.1964
27333.2,100.5,9.1964
27334.2,101.5,9.1964
27335.21,100.5,9.1964
27336.21,102.5,9.1964
27337.22,101.5,9.1964
27338.22,109.4,9.1964
27339.23,100.5,9.1964
27340.23,99.5,9.1964
27341.24,104.5,9.1964
27342.24,102.5,9.1964
27343.25,104.5,9.1967
27344.25,100.5,9.1967
27345.26,101.5,9.1967
27346.26,99.5,9.1967
27347.27,105.5,9.1967
27348.27,104.5,9.1967
27349.28,100.5,9.1967
27350.28,101.5,9.1967
27351.29,99.5,9.1967
27352.29,103.5,9.1967
27353.3,99.5,9.1967
27354.31,100.5,9.1967
27355.31,102.6,9.1967
27356.31,101.5,9.1967
27357.32,99.5,9.1967
27358.32,101.5,9.1967
27359.33,100.5,9.1967
27360.34,101.5,9.1967
27361.34,100.5,9.1967
27362.35,99.5,9.1967
27363.35,102.5,9.1967
27364.36,100.5,9.1967
27365.36,101.5,9.1967
27366.37,99.6,9.1967
27367.37,102.5,9.1967
27368.38,101.4,9.1967
27369.38,99.5,9.1967
27370.38,100.7,2.5425
27371.39,330.1,2.8565
27372.39,248.3,3.2191
27373.39,251.2,3.6857
27374.4,239.8,4.2632
27375.4,232.8,4.7429
27376.41,337.9,4.9412
27377.41,351.5,5.2663
27378.42,327.3,5.6533
27379.42,318.5,6.0049
27380.43,302.4,6.3137
27381.43,303.6,6.6207
27382.44,307.4,6.9372
27383.44,310.5,7.2518
27384.45,323.4,8.1147
27385.45,306.4,8.1672
27386.46,306.4,8.1673
27387.46,308.6,8.1689
27388.47,306.8,8.1694
27389.47,250.7,8.1694
27390.48,196.0,8.164
27391.48,136.3,8.164
27392.49,151.2,8.1768
27393.49,106.4,8.2642
27394.5,173.1,8.2644
27395.5,134.3,8.2644
27396.51,142.3,8.2644
27397.51,104.4,8.2644
27398.52,104.4,8.2644
27399.52,193.0,8.2644
27400.53,110.4,8.2645
27401.53,164.1,8.2645
27402.54,119.4,8.2645
27403.54,121.4,8.2646
27404.55,110.4,8.2648
27405.56,137.3,8.2648
27406.56,109.4,8.2648
27407.57,102.5,8.2648
27408.57,110.4,8.265
27409.58,108.4,8.265
27410.58,108.4,8.265
27411.59,115.4,8.2651
27412.59,258.6,9.031
27413.6,105.4,9.0789
27414.6,117.4,9.0789
27415.61,102.5,9.0789
27416.61,105.4,9.079
27417.62,105.5,9.0793
27418.62,100.5,9.0793
27419.63,100.5,9.0793
27420.63,104.5,9.0794
27421.64,102.5,9.0794
27422.64,102.5,9.0794
27423.65,100.5,9.0794
27424.65,107.4,9.0794
27425.66,108.4,9.0794
27426.67,101.5,9.0794
27427.67,101.6,9.0794
27428.67,105.4,9.0794
27429.68,105.5,9.0794
27430.68,103.5,9.0794
27431.69,100.5,9.0794
27432.7,103.5,9.0794
27433.7,99.5,9.0794
27434.7,106.6,9.0794
27435.71,100.6,9.0794
27436.71,100.5,9.0794
27437.72,100.5,9.0794
27438.73,105.5,9.0794
27439.73,101.6,9.0794
27440.73,100.5,9.0794
27441.74,103.5,9.0794
27442.75,99.5,9.0794
27443.75,112.4,9.0794
27444.76,100.5,9.0794
27445.76,104.5,9.0794
27446.77,101.5,9.0794
27447.77,102.5,9.0794
27448.78,101.5,9.0794
27449.78,101.5,9.0794
27450.79,100.5,9.0794
27451.79,100.5,9.0794
27452.8,102.5,9.0794
27453.8,99.5,9.0794
27454.81,108.4,9.0794
27455.81,136.3,9.0808
27456.82,101.5,9.0808
27457.82,103.5,9.0808
27458.83,102.5,9.0808
27459.84,100.4,9.0808
27460.84,100.5,9.0808
27461.85,102.5,9.0808
27462.85,100.5,9.0811
27463.86,101.5,9.0811
27464.86,101.5,9.0811
27465.87,112.4,9.0811
27466.87,101.6,9.0811
27467.88,101.5,9.0811
27468.88,121.4,9.0811
27469.89,100.5,9.0811
27470.89,102.5,9.0811
27471.9,102.5,9.0811
27472.9,100.5,9.0811
27473.91,101.5,9.0811
27474.91,101.5,9.0811
27475.92,100.5,9.0811
27476.92,103.5,9.0811
27477.93,106.4,9.0811
27478.93,99.6,9.0811
27479.94,101.5,9.0811
27480.94,101.5,9.0811
27481.95,101.5,9.0811
27482.95,100.5,9.0811
27483.96,100.5,9.0811
27484.97,101.5,9.0811
27485.97,99.5,9.0811
27486.98,100.5,9.0811
27487.98,101.5,9.0811
27488.99,153.2,9.0811
27489.99,140.3,9.0825
27491.0,103.4,9.0825
27492.0,101.5,9.0827
27493.01,100.5,9.083
27494.01,101.5,9.083
27495.02,101.5,9.083
27496.02,100.5,9.083
27497.03,100.5,9.083
27498.03,123.3,9.083
27499.04,101.5,9.083
27500.05,99.5,9.083
27501.05,112.4,9.083
27502.06,192.0,9.0913
27503.06,100.5,9.0913
27504.07,101.5,9.0913
27505.07,102.5,9.083
27506.08,100.5,9.083
27507.08,101.5,9.083
27508.09,101.5,9.083
27509.09,104.5,9.083
27510.1,100.5,9.083
27511.1,100.5,9.083
27512.11,100.5,9.0833
27513.11,102.5,9.0834
27514.12,100.5,9.0834
27515.12,101.5,9.0834
27516.13,100.5,9.0834
27517.13,101.5,9.0834
27518.14,101.5,9.0834
27519.15,99.5,9.0834
27520.15,118.4,9.0834
27521.16,101.5,9.0834
27522.16,101.5,9.0834
27523.17,102.5,9.0834
27524.17,146.5,9.0838
27525.18,240.8,9.1974
27526.18,99.5,9.1974
27527.19,101.5,9.1974
27528.19,101.5,9.1974
27529.2,99.5,9.1974
27530.2,101.5,9.1974
27531.21,100.5,9.1974
27532.21,101.5,9.1974
27533.22,101.4,9.1974
27534.22,100.5,9.1976
27535.23,100.5,9.1976
27536.23,101.5,9.1976
27537.24,100.5,9.1976
27538.25,100.5,9.1976
27539.25,101.5,9.1976
27540.26,101.5,9.1976
27541.26,99.5,9.1976
27542.27,100.6,9.1976
27543.27,101.5,9.1976
27544.28,101.5,9.1976
27545.28,101.5,9.1976
27546.29,99.5,9.1976
27547.29,101.5,9.1976
27548.3,101.5,9.1976
27549.3,100.5,9.1977
27550.31,101.5,9.1977
27551.31,101.5,9.1977
27552.32,101.5,9.1977
27553.32,101.5,9.1978
27554.33,99.5,9.1978
27555.33,99.5,9.1978
27556.34,101.5,9.1978
27557.34,100.5,9.198
27558.35,101.5,9.198
27559.35,99.5,9.198
27560.36,102.5,9.198
27561.37,100.5,9.198
27562.37,100.5,9.198
27563.38,100.5,9.198
27564.38,100.5,9.198
27565.39,101.5,9.198
27566.39,101.5,9.198
27567.4,101.5,9.198
27568.4,99.5,9.198
27569.41,101.7,9.198
27570.41,100.5,9.198
27571.42,99.5,9.198
27572.42,101.5,9.198
27573.43,101.5,9.198
27574.43,99.5,9.198
27575.44,101.5,9.198
27576.44,100.5,9.198
27577.45,100.5,9.1983
27578.45,100.5,9.1983
27579.46,100.5,9.1983
27580.46,100.6,9.1983
27581.47,101.5,9.1983
27582.47,100.5,9.1983
27583.48,101.5,9.1983
27584.48,100.5,9.1983
27585.49,176.1,9.1983
27586.5,100.5,9.1983
27587.5,99.5,9.1983
27588.51,100.5,9.1983
27589.51,100.5,9.1983
27590.52,100.5,9.1983
27591.52,100.5,9.1983
27592.52,102.7,9.1983
27593.53,99.5,9.1983
27594.53,103.5,9.1983
27595.54,99.5,9.1983
27596.54,101.5,9.1983
27597.55,99.5,9.1983
27598.55,102.5,9.1983
27599.56,99.6,9.1983
27600.56,100.5,9.1983
27601.57,102.5,9.1983
27602.58,99.5,9.1985
27603.58,100.5,9.1985
27604.59,101.5,9.1985
27605.59,99.6,9.1985
27606.59,100.6,9.1985
27607.6,101.5,9.1985
27608.6,100.5,9.1985
27609.61,107.5,9.1985
27610.61,99.5,9.1974
27611.62,101.5,9.1974
27612.63,101.5,9.1974
27613.63,99.5,9.1974
27614.64,101.5,9.1974
27615.64,102.5,9.1974
27616.65,100.5,9.1974
27617.65,99.5,9.1974
27618.65,101.7,9.1974
27619.66,100.5,9.1974
27620.66,100.7,9.1974
27621.67,100.5,9.1974
27622.67,102.5,9.1974
27623.68,99.5,9.1971
27624.68,100.5,9.1971
27625.69,101.5,9.1971
27626.69,101.6,9.1971
27627.7,100.5,9.1971
27628.7,101.5,9.1971
27629.71,100.7,9.1971
27630.71,99.5,9.1971
27631.72,103.4,9.1969
27632.72,104.5,9.1971
27633.73,100.5,9.1968
27634.73,101.5,9.1968
27635.74,99.5,9.1968
27636.74,100.5,9.1968
27637.75,101.5,9.1968
27638.75,100.5,9.1968
27639.76,101.5,9.1968
27640.76,99.5,9.1968
27641.77,100.5,9.1968
27642.77,101.5,9.1968
27643.78,100.5,9.1965
27644.79,100.5,9.1961
27645.79,102.5,9.1961
27646.8,99.5,9.1961
27647.8,101.5,9.1964
27648.8,100.7,9.1964
27649.81,100.5,9.1964
27650.81,101.5,9.1964
27651.82,101.5,9.1964
27652.83,100.5,9.1964
27653.83,99.5,9.1964
27654.84,102.5,9.1964
27655.84,101.5,9.1964
27656.85,100.5,9.1964
27657.85,100.5,9.1964
27658.86,101.5,9.1964
27659.86,100.5,9.1962
27660.87,102.5,9.1962
27661.87,99.5,9.1965
27662.88,101.5,9.1965
27663.88,100.5,9.1965
27664.89,100.5,9.1965
27665.89,101.5,9.1965
27666.9,101.5,9.1965
27667.9,99.5,9.1965
27668.91,101.5,9.1965
27669.91,102.7,2.471
27670.92,306.4,2.7371
27671.92,321.7,3.0231
27672.92,370.7,3.2301
27673.93,341.2,3.5706
27674.93,317.2,3.9225
27675.94,312.4,4.2159
27676.94,305.4,4.5135
27677.95,301.4,4.7193
27678.95,294.8,4.8161
27679.96,264.6,4.9007
27680.96,158.2,4.9609
27681.97,147.2,5.0047
27682.97,138.3,5.0418
27683.98,173.1,5.0815
27684.98,143.2,5.1291
27685.99,128.3,5.1678
27687.0,127.3,5.2047
27688.0,101.5,5.2414
27689.01,156.2,5.292
27690.01,118.4,5.3317
27691.02,125.3,5.4035
27692.02,108.4,5.454
27693.03,105.4,5.4879
27694.03,189.0,5.5271
27695.04,101.5,5.5626
27696.04,99.5,5.6069
27697.05,126.3,5.644
27698.05,100.5,5.6853
27699.06,103.5,5.7269
27700.06,101.5,5.7678
27701.07,110.4,5.8055
27702.07,120.4,5.8942
27703.08,121.4,5.9907
27704.08,154.1,6.0691
27705.09,138.3,6.1057
27706.09,121.5,6.1361
27707.1,162.2,6.1849
27708.1,138.3,6.2214
27709.11,101.5,6.2634
27710.11,125.3,6.3306
27711.12,127.4,6.4314
27712.12,108.4,6.5285
27713.13,118.4,6.6483
27714.14,113.4,6.6986
27715.14,164.1,6.7478
27716.15,172.1,6.7773
27717.15,152.2,6.8035
27718.16,121.4,6.8486
27719.16,108.4,6.9204
27720.17,104.4,6.9731
27721.17,136.3,7.0391
27722.18,117.4,7.1125
27723.18,112.5,7.1718
27724.19,109.4,7.2546
27725.19,105.4,7.3469
27726.2,195.0,7.6616
27727.2,100.5,7.6616
27728.21,100.5,7.6616
27729.21,100.5,7.6616
27730.22,101.5,7.6995
27731.22,175.1,7.7136
27732.23,109.4,7.7136
27733.24,102.5,7.7136
27734.24,125.5,7.7137
27735.24,131.3,7.7138
27736.25,100.5,7.7138
27737.26,134.3,7.7138
27738.26,99.5,7.7138
27739.27,107.4,7.7138
27740.27,102.5,7.7138
27741.28,101.5,7.7138
27742.28,100.5,7.714
27743.29,100.5,7.714
27744.29,104.5,7.7141
27745.3,122.4,7.7141
27746.3,100.5,7.7141
27747.31,99.5,7.7143
27748.31,101.5,7.7143
27749.32,100.5,7.7143
27750.32,100.5,7.7143
27751.33,113.5,7.7143
27752.33,100.5,7.7143
27753.34,103.4,7.7143
27754.35,101.5,7.7143
27755.35,100.5,7.7362
27756.36,113.4,7.7586
27757.36,103.5,7.7957
27758.37,100.5,7.8143
27759.37,99.4,7.8143
27760.38,102.5,7.8143
27761.38,101.5,7.8143
27762.39,101.5,7.8143
27763.39,99.5,7.8143
27764.4,102.5,7.8143
27765.4,101.5,7.8143
27766.41,100.5,7.8143
27767.41,102.4,7.8143
27768.42,99.5,7.8143
27769.43,100.5,7.8143
27770.43,100.5,7.8143
27771.44,101.5,7.8143
27772.44,101.5,7.8143
27773.45,103.5,7.8146
27774.45,100.5,7.8146
27775.46,101.5,7.8146
27776.46,101.5,7.8146
27777.47,100.5,7.8146
27778.47,100.5,7.8146
27779.48,104.5,7.8146
27780.48,102.5,7.8146
27781.49,100.5,7.8146
27782.49,103.5,7.8146
27783.5,99.5,7.8146
27784.5,101.5,7.8146
27785.51,101.5,7.8146
27786.52,104.5,7.8146
27787.52,116.4,7.8148
27788.53,100.5,7.8148
27789.53,101.5,7.8148
27790.54,99.5,7.8148
27791.54,101.5,7.8148
27792.55,102.5,7.8148
27793.55,100.5,7.8148
27794.56,100.5,7.8148
27795.56,102.5,7.8148
27796.57,103.5,7.8148
27797.57,101.5,7.8148
27798.58,99.5,7.8148
27799.58,100.5,7.8148
27800.59,101.5,7.8148
27801.59,100.6,7.8148
27802.6,100.5,7.8148
27803.6,101.5,7.8148
27804.61,100.6,7.8148
27805.61,100.5,7.8148
27806.62,100.5,7.8148
27807.62,100.5,7.8148
27808.63,100.5,7.8148
27809.63,102.5,7.8148
27810.64,100.5,7.8148
27811.65,100.5,7.8148
27812.65,101.5,7.8148
27813.66,99.5,7.8148
27814.66,101.5,7.8148
27815.67,101.5,7.8148
27816.67,102.5,7.8148
27817.68,99.5,7.8148
27818.68,101.5,7.8148
27819.69,99.5,7.8148
27820.69,100.5,7.8148
27821.7,101.5,7.8148
27822.7,100.5,7.8148
27823.71,100.5,7.8148
27824.71,135.3,7.8148
27825.72,101.5,7.8148
27826.72,99.5,7.8148
27827.73,101.5,7.8148
27828.73,102.5,7.8148
27829.74,99.5,7.8148
27830.74,103.5,7.8148
27831.75,100.5,7.8148
27832.75,101.5,7.8151
27833.76,99.5,7.8151
27834.77,101.5,7.8151
27835.77,101.5,7.8151
27836.78,101.5,7.8151
27837.78,101.5,7.8153
27838.79,100.5,7.8153
27839.79,101.5,7.8153
27840.8,102.4,7.8153
27841.8,102.5,7.8153
27842.81,101.5,7.8153
27843.81,100.5,7.8153
27844.82,100.5,7.8153
27845.82,211.9,7.8154
27846.83,291.4,7.8158
27847.83,195.1,7.8235
27848.84,149.3,7.8235
27849.84,99.5,7.8235
27850.85,101.5,7.8179
27851.85,105.4,7.8179
27852.86,210.9,8.1824
27853.86,175.2,8.2327
27854.87,156.2,8.2533
27855.87,100.5,8.2371
27856.88,101.5,8.2371
27857.88,100.5,8.2371
27858.89,101.4,8.2371
27859.9,102.4,8.2371
27860.9,104.5,8.2371
27861.91,100.5,8.2371
27862.91,187.0,8.2429
27863.92,172.1,8.2555
27864.92,101.5,8.2555
27865.93,99.5,8.2555
27866.93,100.5,8.2555
27867.94,100.5,8.2555
27868.94,102.5,8.2555
27869.95,100.5,8.2555
27870.95,101.5,8.2555
27871.96,101.5,8.2555
27872.96,100.5,8.2555
27873.97,103.5,8.2555
27874.97,99.5,8.2555
27875.98,188.0,8.3247
27876.99,99.5,8.3247
27877.99,101.5,8.3247
27879.0,101.5,8.3247
27880.0,100.5,8.3247
27881.01,104.4,8.3247
27882.01,101.5,8.3249
27883.02,100.5,8.3249
27884.02,100.5,8.3249
27885.03,100.5,8.3249
27886.03,105.5,8.3249
27887.04,100.5,8.3249
27888.04,101.5,8.3249
27889.05,99.5,8.3249
27890.05,101.5,8.3249
27891.06,100.5,8.3249
27892.07,101.4,8.3249
27893.07,100.5,8.3249
27894.08,99.5,8.3249
27895.08,99.5,8.3249
27896.09,101.5,8.3249
27897.09,104.4,8.3249
27898.1,140.3,8.3249
27899.1,300.7,8.3454
27900.11,238.7,8.3547
27901.11,118.4,8.3513
27902.12,123.6,8.3513
27903.12,161.2,8.3551
27904.13,101.5,8.3551
27905.13,100.5,8.3551
27906.14,101.5,8.3473
27907.14,100.5,8.3473
27908.15,100.5,8.3473
27909.15,101.5,8.3473
27910.16,100.5,8.3473
27911.16,100.5,8.3473
27912.17,100.5,8.3473
27913.17,101.5,8.3473
27914.18,99.5,8.3473
27915.18,100.5,8.3473
27916.19,102.5,8.3473
27917.19,99.5,8.3476
27918.2,102.5,8.3476
27919.2,102.5,8.3476
27920.21,99.5,8.3476
27921.22,100.5,8.3476
27922.22,100.5,8.3476
27923.23,101.5,8.3478
27924.23,100.5,8.3478
27925.24,100.5,8.3478
27926.24,179.4,8.3484
27927.24,108.4,8.3486
27928.25,101.5,8.3486
27929.25,100.5,8.3486
27930.26,102.5,8.3486
27931.27,99.5,8.3486
27932.27,101.5,8.3486
27933.28,100.6,8.3486
27934.28,100.4,8.3486
27935.29,100.5,8.3486
27936.29,100.5,8.3486
27937.3,100.5,8.3486
27938.3,100.5,8.3486
27939.31,102.5,8.3486
27940.31,100.5,8.3486
27941.32,101.5,8.3486
27942.32,99.5,8.3486
27943.33,101.5,8.3486
27944.33,99.5,8.3486
27945.34,101.5,8.3486
27946.34,101.5,8.3486
27947.35,99.5,8.3486
27948.35,100.5,8.3486
27949.36,100.5,8.3486
27950.36,100.5,8.3486
27951.37,101.5,8.3486
27952.37,100.5,8.3486
27953.38,100.5,8.3486
27954.38,101.5,8.3486
27955.39,100.5,8.3486
27956.39,100.5,8.3486
27957.4,99.5,8.3486
27958.41,102.5,8.3486
27959.41,100.5,8.3486
27960.42,100.5,8.3486
27961.42,101.5,8.3486
27962.43,101.5,8.3486
27963.43,99.5,8.3486
27964.44,100.6,8.3486
27965.44,194.0,8.7005
27966.45,101.5,8.7005
27967.45,99.5,8.7005
27968.46,100.5,8.7005
27969.46,101.5,8.7005
27970.46,2.0,2.6055
27971.47,348.7,2.8332
27972.47,350.5,3.2371
27973.48,278.7,2.3641
27974.48,2986.0,2.6076
27975.49,2.0,2.4619
27976.49,314.3,2.6666
27977.5,368.1,2.8004
27978.5,1.0,2.472
27979.51,331.2,2.7067
27980.51,362.1,2.8795
27981.51,328.1,3.2217
27982.52,317.3,3.5533
27983.52,303.3,3.8162
27984.53,312.0,4.0075
27985.53,312.9,4.1985
27986.54,308.4,4.4517
27987.54,199.0,4.7291
27988.54,148.5,5.1592
27989.55,122.5,5.6264
27990.55,101.5,6.0678
27991.56,101.4,6.5208
27992.57,101.5,6.9633
27993.57,130.4,7.3461
27994.58,101.5,7.4559
27995.58,99.5,7.4991
27996.59,101.5,7.4991
27997.59,106.4,7.4991
27998.6,106.4,7.5991
27999.6,100.5,7.5991
28000.61,100.5,7.5991
28001.61,102.5,7.5991
28002.62,101.5,7.5996
28003.62,99.5,7.5996
28004.63,120.4,7.7253
28005.63,100.5,7.7253
28006.64,101.4,7.7253
28007.64,100.5,7.7255
28008.65,101.5,7.7255
28009.65,101.5,7.7255
28010.66,99.5,7.7255
28011.66,99.5,7.7255
28012.67,101.5,7.7255
28013.68,100.5,7.7255
28014.68,100.7,7.7255
28015.68,101.5,7.7255
28016.69,100.5,7.7255
28017.69,100.5,7.7258
28018.7,99.5,7.7258
28019.71,101.5,7.7258
28020.71,100.5,7.7258
28021.72,99.5,7.7258
28022.72,103.5,7.7258
28023.73,99.5,7.7258
28024.73,100.5,7.7258
28025.74,100.6,7.7258
28026.74,101.5,7.7258
28027.75,101.5,7.7258
28028.75,100.5,7.7258
28029.76,99.5,7.7258
28030.76,102.5,7.7258
28031.77,100.5,7.7258
28032.77,100.5,7.7258
28033.78,100.6,7.7258
28034.78,100.5,7.7258
28035.79,101.5,7.7258
28036.79,100.6,7.7258
28037.8,118.6,7.7265
28038.8,100.5,7.7265
28039.81,101.5,7.7265
28040.81,100.5,7.7265
28041.82,100.5,7.7265
28042.82,101.5,7.7265
28043.83,101.5,7.7265
28044.83,99.5,7.7265
28045.84,101.5,7.7265
28046.84,100.5,7.7265
28047.85,100.5,7.7265
28048.85,101.5,7.7265
28049.86,99.5,7.7265
28050.86,101.5,7.7265
28051.87,99.5,7.7265
28052.87,100.4,7.7265
28053.88,100.5,7.7265
28054.89,101.5,7.7265
28055.89,101.5,7.7265
28056.9,101.5,7.7266
28057.9,100.5,7.7266
28058.91,108.4,7.7267
28059.91,100.5,7.7267
28060.92,100.5,7.7267
28061.92,100.5,7.7267
28062.93,101.5,7.7267
28063.93,100.5,7.7267
28064.94,100.5,7.7267
28065.94,100.5,7.7267
28066.95,101.5,7.727
28067.95,100.5,7.727
28068.96,100.5,7.727
28069.96,100.5,7.727
28070.97,100.5,7.727
28071.97,99.5,7.727
28072.98,102.5,7.7272
28073.98,99.5,7.7272
28074.99,100.6,7.7272
28075.99,100.5,7.7272
28077.0,120.4,7.7274
28078.0,100.5,7.7274
28079.01,101.5,7.7274
28080.01,100.5,7.7274
28081.02,101.5,7.7274
28082.02,100.5,7.7274
28083.03,101.5,7.7274
28084.03,99.6,7.7274
28085.04,100.5,7.7274
28086.04,101.5,7.7274
28087.05,99.5,7.7274
28088.05,102.6,7.7276
28089.06,99.5,7.7276
28090.06,100.5,7.7276
28091.07,100.5,7.7276
28092.07,101.5,7.7276
28093.08,101.5,7.7276
28094.08,100.5,7.7276
28095.09,100.5,7.7276
28096.09,99.5,7.7276
28097.1,101.5,7.7276
28098.1,100.5,7.7276
28099.11,99.5,7.7276
28100.11,101.5,7.7276
28101.12,101.5,7.7276
28102.13,100.5,7.7276
28103.13,101.5,7.7276
28104.14,100.5,7.7276
28105.14,99.5,7.7276
28106.15,103.5,7.7276
28107.15,100.5,7.7276
28108.16,100.5,7.7276
28109.16,102.5,7.7276
28110.17,100.5,7.7276
28111.17,99.5,7.7276
28112.18,100.5,7.7279
28113.18,101.5,7.7279
28114.19,100.5,7.7279
28115.19,99.5,7.7279
28116.2,101.5,7.7279
28117.2,115.4,7.728
28118.21,100.5,7.728
28119.21,99.5,7.728
28120.22,101.5,7.728
28121.22,100.5,7.728
28122.23,100.5,7.728
28123.23,101.5,7.728
28124.24,100.5,7.728
28125.24,100.5,7.728
28126.25,101.5,7.728
28127.25,101.5,7.728
28128.26,99.5,7.728
28129.26,100.5,7.728
28130.27,100.6,7.728
28131.27,99.5,7.728
28132.28,100.5,7.728
28133.28,100.5,7.728
28134.29,101.5,7.728
28135.29,99.5,7.728
28136.3,101.5,7.728
28137.3,100.5,7.728
28138.31,100.5,7.728
28139.31,100.5,7.728
28140.32,100.5,7.728
28141.33,100.5,7.728
28142.33,101.5,7.728
28143.34,100.5,7.728
28144.34,99.5,7.728
28145.35,102.5,7.728
28146.35,99.5,7.728
28147.36,99.5,7.728
28148.36,101.5,7.728
28149.37,100.5,7.728
28150.37,101.5,7.728
28151.38,100.5,7.728
28152.38,101.5,7.728
28153.39,101.5,7.7282
28154.39,99.5,7.7282
28155.4,101.5,7.7282
28156.4,100.5,7.7282
28157.41,100.5,7.7285
28158.41,101.5,7.7285
28159.42,99.5,7.7285
28160.42,99.5,7.7285
28161.43,121.4,7.8075
28162.43,101.5,7.8075
28163.44,113.4,7.8075
28164.44,101.5,7.8075
28165.45,101.5,7.8075
28166.45,99.5,7.8075
28167.46,101.5,7.8075
28168.47,99.5,7.8075
28169.47,100.5,7.8075
28170.48,100.5,7.8075
28171.48,101.5,7.8077
28172.49,100.5,7.8077
28173.49,100.5,7.8077
28174.5,101.5,7.8077
28175.5,101.5,7.8077
28176.51,100.5,7.8077
28177.51,104.5,7.8078
28178.52,111.4,7.8078
28179.52,101.5,7.8078
28180.53,103.5,7.8078
28181.53,101.5,7.8078
28182.54,100.5,7.8078
28183.54,104.5,7.8078
28184.55,99.5,7.8078
28185.55,100.5,7.8078
28186.56,99.5,7.8078
28187.56,101.5,7.8078
28188.57,100.5,7.8078
28189.57,100.5,7.8078
28190.58,100.5,7.8078
28191.58,103.5,7.8078
28192.59,99.5,7.8078
28193.59,112.4,7.8078
28194.6,100.5,7.8078
28195.6,99.5,7.8078
28196.61,101.5,7.8078
28197.62,100.5,7.8078
28198.62,99.5,7.8078
28199.63,102.5,7.8078
28200.63,101.5,7.8078
28201.64,100.5,7.8078
28202.64,101.5,7.8078
28203.65,99.5,7.8078
28204.65,101.5,7.8078
28205.66,99.5,7.8078
28206.66,101.3,7.8078
28207.67,99.5,7.8081
28208.67,100.5,7.8081
28209.68,100.5,7.8081
28210.68,99.7,7.8081
28211.69,101.5,7.8081
28212.69,100.8,7.8083
28213.69,101.8,7.8083
28214.69,100.6,7.8083
28215.7,100.5,7.8083
28216.7,99.7,7.8083
28217.71,101.5,7.8083
28218.71,99.5,7.8083
28219.72,101.5,7.8083
28220.72,100.6,7.8083
28221.73,101.5,7.8083
28222.73,101.5,7.8083
28223.74,100.5,7.8083
28224.74,100.5,7.8083
28225.75,99.7,7.8083
28226.75,100.5,7.8083
28227.76,101.5,7.8083
28228.76,100.5,7.8083
28229.77,99.5,7.8083
28230.77,100.5,7.8083
28231.78,102.5,7.8083
28232.78,100.5,7.8083
28233.79,100.5,7.8083
28234.79,100.5,7.8083
28235.8,101.5,7.8083
28236.8,100.5,7.8083
28237.81,99.5,7.8083
28238.81,100.5,7.8083
28239.82,100.5,7.8083
28240.83,100.3,7.8083
28241.83,100.5,7.8083
28242.84,100.5,7.8083
28243.84,101.5,7.8083
28244.85,99.5,7.8083
28245.85,101.7,7.8083
28246.86,100.5,7.8083
28247.86,100.5,7.8083
28248.87,101.5,7.8083
28249.87,101.5,7.8083
28250.88,100.5,7.8083
28251.88,100.5,7.8085
28252.89,99.5,7.8115
28253.89,102.5,7.866
28254.9,101.5,7.9022
28255.9,100.5,7.9389
28256.91,100.5,7.9743
28257.91,101.5,8.0125
28258.92,99.5,8.0502
28259.92,100.5,8.0874
28260.93,100.5,8.1232
28261.93,99.5,8.1609
28262.94,100.5,8.1998
28263.94,101.5,8.2306
28264.95,99.5,8.2675
28265.95,102.5,8.3054
28266.96,100.5,8.3413
28267.96,101.5,8.3785
28268.97,100.5,8.435
28269.97,99.5,8.469
28270.98,101.5,8.5056
28271.98,101.5,8.5418
28272.99,100.5,8.5543
28273.99,100.5,8.5543
28275.0,99.5,8.5762
28276.01,102.5,8.6114
28277.01,101.5,8.6509
28278.02,100.5,8.687
28279.02,1.0,2.5748
28280.02,345.9,2.8049
28281.03,339.3,3.1965
28282.03,315.5,3.5907
28283.03,308.0,3.9114
28284.04,320.5,4.1843
28285.04,2.0,2.511
28286.05,356.9,2.7696
28287.05,333.0,3.1342
28288.05,324.4,3.5069
28289.06,308.4,3.849
28290.06,317.6,4.0843
28291.07,304.2,4.3145
28292.07,122.5,4.4044
28293.08,101.5,4.4893
28294.08,101.5,4.5989
28295.09,101.5,4.7019
28296.1,101.3,4.8005
28297.1,101.5,4.9099
28298.11,104.5,5.0132
28299.11,99.5,5.1189
28300.12,111.4,5.1781
28301.12,99.5,5.234
28302.13,101.5,5.2682
28303.13,101.5,5.3146
28304.14,99.5,5.3522
28305.14,101.6,5.3972
28306.15,99.2,5.4315
28307.15,101.5,5.5203
28308.16,101.5,5.5203
28309.16,144.2,5.6095
28310.17,201.1,5.687
28311.17,135.3,5.754
28312.18,99.5,5.8256
28313.18,103.5,5.8905
28314.19,100.5,5.9524
28315.19,102.5,5.996
28316.2,101.5,6.0511
28317.2,101.5,6.1069
28318.21,100.5,6.1574
28319.21,102.5,6.1914
28320.22,99.5,6.2254
28321.23,101.5,6.2583
28322.23,100.5,6.2982
28323.24,100.5,6.3382
28324.24,100.5,6.372
28325.25,101.5,6.3967
28326.25,100.5,6.4345
28327.26,99.5,6.4838
28328.26,100.5,6.5138
28329.27,101.5,6.543
28330.27,101.5,6.596
28331.28,99.5,6.5982
28332.28,101.7,6.6337
28333.29,99.5,6.6817
28334.29,100.5,6.7113
28335.3,101.5,6.7402
28336.3,101.5,6.7748
28337.31,99.5,6.8059
28338.31,112.4,6.8418
28339.32,100.5,6.8738
28340.32,102.5,6.9049
28341.33,100.5,6.9413
28342.33,106.4,6.9825
28343.34,105.5,7.0095
28344.34,144.3,7.0399
28345.35,102.5,7.0728
28346.35,99.5,7.0942
28347.36,100.5,7.1381
28348.36,100.5,7.156
28349.37,99.5,7.1775
28350.37,102.5,7.1917
28351.38,100.5,7.2057
28352.38,100.5,7.2226
28353.39,101.5,7.2579
28354.39,99.5,7.2801
28355.4,100.5,7.291
28356.4,101.5,7.3218
28357.41,100.5,7.3486
28358.42,132.3,7.449
28359.42,99.5,7.4491
28360.43,101.5,7.4491
28361.43,100.5,7.4491
28362.44,100.5,7.4491
28363.44,100.5,7.4494
28364.45,102.5,7.4494
28365.45,99.5,7.4494
28366.46,101.5,7.4631
28367.46,100.5,7.5054
28368.47,100.6,7.5317
28369.47,101.5,7.5494
28370.48,100.5,7.5494
28371.48,98.5,7.5494
28372.49,100.5,7.5494
28373.49,102.5,7.5494
28374.5,102.5,7.5494
28375.5,99.5,7.5494
28376.51,99.5,7.5494
28377.51,100.5,7.5494
28378.52,101.5,7.5494
28379.52,101.5,7.5494
28380.53,100.5,7.5494
28381.53,99.5,7.5494
28382.54,101.5,7.5494
28383.54,102.5,7.5494
28384.55,103.5,7.5494
28385.55,100.5,7.5494
28386.56,100.5,7.5494
28387.56,101.5,7.5494
28388.57,100.5,7.5494
28389.57,100.5,7.5494
28390.58,101.5,7.5494
28391.58,100.5,7.5494
28392.59,101.5,7.5497
28393.59,101.5,7.5497
28394.6,100.5,7.5497
28395.6,99.5,7.5497
28396.61,100.5,7.5497
28397.61,102.5,7.5497
28398.62,100.5,7.5497
28399.63,102.5,7.5497
28400.63,101.6,7.5497
28401.63,100.5,7.5497
28402.64,119.4,7.5497
28403.65,99.5,7.5497
28404.65,100.5,7.5497
28405.66,102.5,7.5497
28406.66,100.5,7.5497
28407.67,100.5,7.5497
28408.67,100.5,7.5497
28409.68,99.5,7.5497
28410.68,101.5,7.5497
28411.69,101.5,7.5497
28412.69,100.5,7.5497
28413.7,99.5,7.5497
28414.7,102.5,7.5497
28415.71,100.5,7.5497
28416.71,102.5,7.5497
28417.72,99.5,7.5497
28418.72,100.5,7.5497
28419.73,100.5,7.5497
28420.73,104.5,7.5497
28421.74,101.5,7.5497
28422.74,101.5,7.5497
28423.75,99.5,7.5497
28424.75,100.5,7.5497
28425.76,101.5,7.5497
28426.76,101.5,7.55
28427.77,100.5,7.55
28428.77,100.5,7.55
28429.78,101.5,7.55
28430.78,100.5,7.55
28431.79,99.5,7.55
28432.79,100.5,7.5502
28433.8,102.5,7.5502
28434.8,99.5,7.5502
28435.81,100.5,7.5502
28436.81,100.5,7.5502
28437.82,100.5,7.5505
28438.83,100.5,7.5505
28439.83,103.5,7.5505
28440.84,99.5,7.5505
28441.84,100.5,7.5505
28442.85,101.5,7.5505
28443.85,100.5,7.5505
28444.86,99.5,7.5505
28445.86,101.5,7.5505
28446.87,103.5,7.5505
28447.87,100.5,7.5505
28448.88,99.5,7.5505
28449.88,103.5,7.5505
28450.89,99.5,7.5505
28451.89,101.5,7.5505
28452.9,117.4,7.5505
28453.9,199.1,7.5505
28454.91,138.3,7.5552
28455.91,99.5,7.5502
28456.92,101.5,7.5502
28457.92,100.5,7.5502
28458.93,101.5,7.5502
28459.93,101.5,7.5502
28460.94,100.5,7.5502
28461.94,99.5,7.5502
28462.95,99.5,7.5502
28463.95,101.5,7.5502
28464.96,99.5,7.5502
28465.96,101.5,7.5502
28466.97,101.5,7.5502
28467.97,100.5,7.5504
28468.98,101.5,7.5504
28469.98,100.5,7.5504
28470.99,100.5,7.5504
28471.99,100.5,7.5504
28473.0,102.5,7.5504
28474.0,100.5,7.5504
28475.01,100.6,7.5504
28476.01,100.5,7.5504
28477.02,101.5,7.5504
28478.02,99.5,7.5504
28479.03,100.5,7.5504
28480.03,101.5,7.5504
28481.04,99.5,7.5504
28482.04,101.5,7.5507
28483.05,101.5,7.5507
28484.05,101.5,7.5507
28485.06,100.5,7.5507
28486.06,100.5,7.5507
28487.07,99.5,7.5507
28488.07,100.5,7.5507
28489.08,100.5,7.5507
28490.08,101.5,7.5507
28491.09,100.5,7.5507
28492.1,100.5,7.5507
28493.1,102.5,7.5507
28494.11,99.5,7.5507
28495.11,100.5,7.5507
28496.12,101.5,7.5507
28497.12,99.5,7.5507
28498.13,102.5,7.5507
28499.13,100.5,7.5507
28500.14,99.5,7.5507
28501.14,100.5,7.5507
28502.15,101.5,7.5507
28503.15,99.5,7.5507
28504.16,101.5,7.5507
28505.16,101.5,7.5507
28506.17,100.5,7.5507
28507.17,100.5,7.5507
28508.18,101.5,7.5507
28509.18,99.5,7.5507
28510.19,101.5,7.5507
28511.19,99.5,7.5507
28512.2,101.5,7.5509
28513.2,101.5,7.5512
28514.21,99.5,7.5512
28515.21,99.6,7.5512
28516.22,102.5,7.5512
28517.22,100.5,7.5512
28518.23,100.5,7.5512
28519.23,102.5,7.5512
28520.24,99.5,7.5512
28521.24,100.5,7.5512
28522.25,100.5,7.5512
28523.25,101.6,7.5512
28524.26,101.5,7.5512
28525.26,99.5,7.5512
28526.27,100.5,7.5512
28527.27,100.6,7.5514
28528.28,102.5,7.5514
28529.28,99.5,7.5514
28530.29,100.5,7.5514
28531.29,101.5,7.5514
28532.3,100.5,7.5514
28533.3,100.5,7.5514
28534.31,100.5,7.5514
28535.31,101.5,7.5514
28536.32,100.5,7.5514
28537.32,100.5,7.5514
28538.33,100.5,7.5514
28539.33,100.5,7.5514
28540.34,101.5,7.5514
28541.35,100.3,7.5514
28542.35,100.5,7.5514
28543.36,100.5,7.5514
28544.36,101.4,7.5514
28545.37,100.5,7.5514
28546.37,103.5,7.5514
28547.38,100.5,7.5514
28548.38,101.5,7.5514
28549.39,100.5,7.5514
28550.39,100.5,7.5514
28551.4,101.5,7.5514
28552.4,100.5,7.5514
28553.41,102.5,7.5514
28554.41,100.5,7.5514
28555.42,99.5,7.5514
28556.42,100.5,7.5514
28557.43,101.5,7.5514
28558.43,100.5,7.5514
28559.44,100.5,7.5514
28560.44,101.5,7.5514
28561.45,100.6,7.5514
28562.45,101.5,7.5514
28563.46,99.5,7.5514
28564.46,100.5,7.5514
28565.47,100.5,7.5514
28566.47,100.5,7.5514
28567.48,100.5,7.5514
28568.48,101.5,7.5514
28569.49,100.5,7.5514
28570.49,101.5,7.5514
28571.5,98.7,7.5514
28572.5,102.5,7.5517
28573.51,100.5,7.5517
28574.51,100.5,7.5517
28575.52,99.5,7.5517
28576.52,101.5,7.5517
28577.53,102.5,7.5517
28578.53,99.5,7.5517
28579.54,101.5,7.5517
28580.54,99.5,7.5517
28581.55,101.5,7.5517
28582.55,99.5,7.5519
28583.56,101.5,7.5519
28584.56,100.5,7.5519
28585.57,2.0,2.6172
28586.57,313.1,2.7712
28587.57,350.2,3.0189
28588.58,334.2,3.2958
28589.59,318.3,3.6144
28590.59,318.0,3.9562
28591.59,326.2,4.2151
28592.6,156.2,4.3797
28593.6,105.5,4.5815
28594.61,100.5,4.7821
28595.61,103.5,4.9469
28596.62,119.4,5.1022
28597.62,118.4,5.2972
28598.63,126.3,5.5893
28599.63,131.3,5.8701
28600.64,101.6,6.088
28601.64,108.4,6.274
28602.65,103.5,6.3344
28603.65,101.5,6.3669
28604.66,100.5,6.3972
28605.66,102.6,6.4324
28606.67,100.5,6.4849
28607.67,101.5,6.5185
28608.68,99.5,6.5697
28609.68,101.6,6.6239
28610.69,100.5,6.6868
28611.69,101.5,6.7363
28612.7,100.5,6.8122
28613.7,99.5,6.85
28614.71,101.5,6.9087
28615.71,100.5,6.9459
28616.72,100.5,7.0059
28617.72,100.6,7.0716
28618.72,102.7,7.107
28619.73,100.5,7.1281
28620.73,99.6,7.1776
28621.74,101.5,7.2339
28622.74,100.5,7.2849
28623.75,100.5,7.3189
28624.75,114.4,7.3411
28625.76,129.3,7.4464
28626.76,103.5,7.4465
28627.77,102.5,7.4466
28628.77,101.5,7.4466
28629.78,100.5,7.4466
28630.79,100.5,7.4466
28631.79,102.5,7.481
28632.8,98.5,7.5466
28633.8,101.5,7.5466
28634.81,101.6,7.5466
28635.81,100.5,7.5466
28636.82,100.5,7.5466
28637.82,100.5,7.5466
28638.83,100.5,7.5466
28639.83,101.5,7.5466
28640.84,99.5,7.5466
28641.84,102.7,7.5466
28642.85,99.4,7.5466
28643.85,103.5,7.5466
28644.86,100.5,7.5466
28645.86,102.5,7.5466
28646.87,101.5,7.5466
28647.87,100.5,7.5466
28648.88,100.5,7.5466
28649.88,134.3,7.5467
28650.89,141.3,7.5467
28651.89,99.5,7.5467
28652.9,101.5,7.5469
28653.9,101.5,7.5469
28654.91,102.5,7.5469
28655.91,143.4,7.5469
28656.92,100.5,7.5469
28657.92,104.4,7.5469
28658.93,99.5,7.5469
28659.93,101.5,7.5469
28660.94,101.5,7.5469
28661.95,100.5,7.5472
28662.95,99.6,7.5472
28663.95,101.5,7.5472
28664.96,99.5,7.5472
28665.97,101.4,7.5472
28666.97,101.5,7.5472
28667.98,100.5,7.5472
28668.98,100.5,7.5472
28669.99,101.5,7.5472
28670.99,100.5,7.5472
28672.0,100.5,7.5472
28673.0,100.5,7.5472
28674.01,100.5,7.5472
28675.01,100.5,7.5472
28676.02,100.5,7.5472
28677.02,101.5,7.5472
28678.03,101.5,7.5472
28679.03,99.5,7.5472
28680.04,100.5,7.5472
28681.04,101.4,7.5472
28682.05,101.5,7.5474
28683.05,100.5,7.5474
28684.06,100.5,7.5474
28685.06,100.5,7.5474
28686.07,99.5,7.5474
28687.07,102.5,7.5474
28688.08,99.5,7.5474
28689.08,100.5,7.5474
28690.09,100.6,7.5474
28691.09,101.5,7.5474
28692.1,100.5,7.5474
28693.1,101.5,7.5474
28694.11,100.5,7.5474
28695.12,99.5,7.5474
28696.12,99.5,7.5474
28697.13,102.5,7.5474
28698.13,100.5,7.5474
28699.14,100.5,7.5474
28700.14,99.5,7.5474
28701.15,102.5,7.5474
28702.15,101.5,7.5474
28703.16,100.5,7.5474
28704.16,100.5,7.5474
28705.17,100.5,7.5474
28706.17,100.5,7.5474
28707.18,100.5,7.5474
28708.18,101.5,7.5474
28709.19,100.5,7.5474
28710.19,100.5,7.5474
28711.2,101.5,7.5474
28712.2,100.5,7.5477
28713.21,100.5,7.5477
28714.21,101.5,7.5477
28715.22,101.5,7.5477
28716.22,99.5,7.5477
28717.23,101.5,7.5477
28718.23,100.5,7.5477
28719.24,101.5,7.5477
28720.24,100.5,7.5477
28721.25,101.4,7.5477
28722.25,101.5,7.5477
28723.26,99.5,7.5477
28724.27,99.5,7.5477
28725.27,101.5,7.5477
28726.28,101.5,7.5477
28727.28,99.5,7.5477
28728.29,100.5,7.5477
28729.29,101.5,7.5477
28730.3,101.5,7.5477
28731.3,99.5,7.5477
28732.31,101.5,7.5477
28733.31,101.5,7.5479
28734.32,100.5,7.5479
28735.32,100.5,7.5479
28736.33,100.5,7.5479
28737.33,100.5,7.5479
28738.34,99.6,7.5479
28739.34,101.5,7.5479
28740.35,100.5,7.5479
28741.35,100.5,7.5479
28742.36,101.5,7.5479
28743.36,101.5,7.5479
28744.37,99.5,7.5479
28745.37,99.5,7.5479
28746.38,101.5,7.5479
28747.38,101.5,7.5479
28748.39,100.5,7.5479
28749.39,100.5,7.5479
28750.4,99.5,7.5479
28751.4,101.5,7.5479
28752.41,100.5,7.5479
28753.41,101.5,7.5479
28754.42,100.7,7.5479
28755.42,99.5,7.5479
28756.43,101.5,7.5479
28757.43,99.5,7.5482
28758.44,103.5,7.5482
28759.44,100.5,7.5482
28760.45,101.5,7.5482
28761.45,100.5,7.5482
28762.46,99.5,7.5482
28763.46,101.5,7.5482
28764.47,99.5,7.5482
28765.47,100.5,7.5482
28766.48,101.5,7.5484
28767.49,99.5,7.5484
28768.49,101.5,7.5484
28769.5,100.5,7.5484
28770.5,100.5,7.5484
28771.5,100.8,7.5484
28772.51,99.7,7.5484
28773.51,102.6,7.5484
28774.51,99.5,7.5484
28775.52,100.5,7.5484
28776.53,101.5,7.5484
28777.53,101.8,7.5484
28778.53,100.2,7.5484
28779.54,100.6,7.5484
28780.54,100.5,7.5484
28781.55,99.4,7.5484
28782.56,100.5,7.5484
28783.56,100.5,7.5484
28784.56,101.8,7.5484
28785.57,100.6,7.5484
28786.57,101.5,7.5484
28787.58,100.5,7.5484
28788.59,101.1,7.5484
28789.59,100.5,7.5484
28790.6,100.5,7.5484
28791.6,100.5,7.5484
28792.61,99.5,7.5484
28793.61,100.5,7.5484
28794.62,99.5,7.5484
28795.62,101.5,7.5484
28796.63,100.5,7.5484
28797.63,100.5,7.5484
28798.64,100.8,7.5484
28799.64,101.8,7.5484
28800.64,99.5,7.5484
28801.65,101.5,7.5484
28802.65,99.5,7.5489
28803.66,100.2,7.5489
28804.67,103.5,7.5489
28805.67,100.5,7.5489
28806.68,100.5,7.5489
28807.68,101.5,7.5489
28808.69,101.5,7.5489
28809.69,99.5,7.5489
28810.7,100.6,7.5489
28811.7,100.5,7.5489
28812.71,100.5,7.5489
28813.71,100.5,7.5489
28814.72,100.6,7.5489
28815.72,101.5,7.5489
28816.73,99.5,7.5489
28817.73,100.5,7.5492
28818.74,100.5,7.5492
28819.74,102.5,7.5492
28820.75,99.5,7.5492
28821.75,100.5,7.5492
28822.76,101.7,7.5492
28823.76,100.5,7.5492
28824.77,101.5,7.5492
28825.77,99.5,7.5492
28826.78,100.5,7.5492
28827.78,101.5,7.5492
28828.79,100.5,7.5492
28829.79,100.5,7.5492
28830.8,100.5,7.5492
28831.8,100.5,7.5492
28832.81,101.5,7.5492
28833.81,101.5,7.5492
28834.82,100.5,7.5492
28835.82,100.5,7.5492
28836.83,100.7,7.5492
28837.83,100.5,7.5492
28838.84,100.7,7.5492
28839.84,101.6,7.5492
28840.85,100.5,7.5492
28841.85,100.4,7.5492
28842.86,100.5,7.5492
28843.86,99.5,7.5492
28844.87,102.5,7.5492
28845.87,100.5,7.5492
28846.88,101.5,7.5494
28847.88,99.5,7.5494
28848.89,101.5,7.5494
28849.89,99.5,7.5494
28850.9,101.4,7.5497
28851.9,100.5,7.5497
28852.91,101.5,7.5497
28853.92,100.3,7.5497
28854.92,100.5,7.5497
28855.93,100.5,7.5497
28856.93,99.5,7.5497
28857.94,100.5,7.5497
28858.94,120.6,7.63
28859.94,99.5,7.63
28860.95,101.5,7.63
28861.96,99.5,7.63
28862.96,101.4,7.63
28863.97,100.5,7.63
28864.97,101.5,7.63
28865.98,101.5,7.63
28866.98,99.5,7.63
28867.99,101.5,7.6458
28868.99,100.7,7.6584
28870.0,99.5,7.6672
28871.0,101.5,7.679
28872.01,101.6,7.7109
28873.01,100.5,7.7175
28874.02,101.5,7.7288
28875.02,99.5,7.7299
28876.03,100.5,7.7299
28877.03,102.5,7.7299
28878.04,99.5,7.7299
28879.04,100.5,7.7299
28880.05,100.5,7.7299
28881.05,100.5,7.7299
28882.06,100.5,7.7299
28883.06,100.6,7.7302
28884.07,102.5,7.7302
28885.07,106.6,2.4971
28886.08,299.4,2.6636
28887.08,1.0,2.4794
28888.08,314.8,2.659
28889.09,2.0,2.4613
28890.09,294.4,2.6555
28891.1,0.0,2.4327
28892.1,316.0,2.6675
28893.11,2.0,2.4931
28894.11,299.0,2.6563
28895.12,0.0,2.3908
28896.12,277.5,2.6283
28897.12,322.0,2.755
28898.13,2.0,2.6006
28899.13,340.0,2.7864
28900.14,351.2,2.9936
28901.14,317.3,3.2416
28902.15,313.5,3.5409
28903.15,309.4,3.8032
28904.16,314.5,4.1036
28905.16,1.0,2.4897
28906.16,352.1,2.7766
28907.17,356.8,3.1044
28908.17,316.4,3.481
28909.18,311.4,3.8245
28910.18,319.6,4.1101
28911.18,3621.3,2.5181
28912.19,338.1,2.78
28913.19,353.1,3.121
28914.19,315.5,3.519
28915.2,310.4,3.8468
28916.21,313.3,4.1197
28917.21,326.2,4.4793
28918.22,300.4,4.8634
28919.22,239.6,5.2909
28920.23,107.4,5.7374
28921.23,118.4,6.216
28922.24,101.5,6.694
28923.24,101.5,7.164
28924.25,127.3,7.4072
28925.25,120.4,7.4989
28926.26,125.3,7.4989
28927.26,112.4,7.4989
28928.27,101.5,7.5177
28929.27,106.4,7.5989
28930.28,100.5,7.5989
28931.28,100.5,7.5989
28932.29,102.5,7.599
28933.29,118.6,7.6812
28934.3,99.5,7.728
28935.3,101.5,7.728
28936.31,100.5,7.7282
28937.31,102.5,7.7282
28938.32,104.5,7.7284
28939.32,119.4,7.7284
28940.33,110.4,7.7285
28941.33,101.5,7.7285
28942.34,100.4,7.7287
28943.35,100.4,7.7287
28944.35,103.5,7.7287
28945.36,99.5,7.7287
28946.36,99.5,7.7287
28947.37,102.5,7.7287
28948.37,100.5,7.7287
28949.38,99.5,7.7287
28950.38,101.5,7.7287
28951.39,100.5,7.7287
28952.39,99.5,7.7287
28953.4,101.5,7.729
28954.4,101.5,7.729
28955.41,99.5,7.729
28956.41,101.5,7.729
28957.42,99.5,7.729
28958.42,100.5,7.729
28959.43,102.5,7.729
28960.43,100.5,7.729
28961.44,100.5,7.729
28962.45,101.5,7.729
28963.45,99.5,7.729
28964.46,100.4,7.729
28965.46,100.6,7.729
28966.47,100.5,7.729
28967.47,100.5,7.729
28968.48,100.5,7.729
28969.48,101.5,7.729
28970.49,99.5,7.729
28971.49,100.5,7.729
28972.5,100.5,7.729
28973.5,103.4,7.729
28974.51,101.5,7.729
28975.51,101.5,7.729
28976.52,99.5,7.729
28977.52,99.5,7.729
28978.53,100.5,7.729
28979.53,101.5,7.729
28980.54,99.5,7.729
28981.55,100.5,7.729
28982.55,120.5,7.7297
28983.55,100.5,7.7297
28984.56,99.5,7.7297
28985.57,100.5,7.7297
28986.57,101.5,7.7297
28987.58,100.5,7.7299
28988.58,99.5,7.7299
28989.59,100.5,7.7299
28990.59,100.5,7.7299
28991.6,101.5,7.7299
28992.6,101.5,7.7299
28993.61,101.6,7.7299
28994.61,98.5,7.7299
28995.62,100.5,7.7299
28996.62,101.5,7.7299
28997.63,100.5,7.7299
28998.63,100.5,7.7299
28999.64,100.5,7.7299
29000.64,100.5,7.7299
29001.65,101.5,7.7299
29002.65,99.5,7.7299
29003.66,99.5,7.7299
29004.66,102.5,7.7299
29005.67,99.5,7.7299
29006.67,100.5,7.7299
29007.68,100.5,7.7299
29008.68,103.5,7.7299
29009.69,99.5,7.7299
29010.69,100.5,7.7299
29011.7,101.5,7.7299
29012.7,100.5,7.7299
29013.71,100.5,7.7299
29014.71,100.5,7.7299
29015.72,99.5,7.7299
29016.73,100.5,7.7299
29017.73,102.5,7.7299
29018.74,99.5,7.7299
29019.74,101.5,7.7299
29020.75,101.5,7.7299
29021.75,101.5,7.7302
29022.76,100.5,7.7302
29023.76,99.5,7.7302
29024.77,100.5,7.7302
29025.77,101.5,7.7302
29026.78,100.5,7.7302
29027.78,100.5,7.7302
29028.79,100.5,7.7302
29029.79,100.5,7.7302
29030.8,100.5,7.7302
29031.8,99.5,7.7302
29032.81,102.5,7.7307
29033.81,99.5,7.7307
29034.82,100.5,7.7307
29035.82,100.5,7.7307
29036.83,101.5,7.7307
29037.83,100.5,7.7307
29038.84,100.5,7.7307
29039.84,99.5,7.7307
29040.85,101.5,7.7307
29041.86,101.5,7.7307
29042.86,101.5,7.7307
29043.87,100.5,7.7307
29044.87,99.5,7.7307
29045.88,101.5,7.7307
29046.88,101.5,7.7307
29047.89,99.5,7.7307
29048.89,100.6,7.7307
29049.9,100.5,7.7307
29050.9,99.5,7.7307
29051.91,101.6,7.7307
29052.91,100.5,7.7307
29053.92,99.5,7.7307
29054.92,101.5,7.7307
29055.93,99.6,7.7307
29056.93,101.5,7.7307
29057.94,101.5,7.7307
29058.94,99.5,7.7307
29059.95,101.5,7.7307
29060.95,101.5,7.7307
29061.96,99.5,7.7307
29062.96,101.5,7.7307
29063.97,101.5,7.7307
29064.97,100.5,7.7307
29065.98,99.5,7.7307
29066.98,101.5,7.7307
29067.99,101.5,7.7307
29068.99,100.5,7.7307
29070.0,99.5,7.7307
29071.0,101.5,7.7307
29072.01,100.5,7.7307
29073.01,100.5,7.7307
29074.02,102.5,7.7307
29075.02,100.5,7.7307
29076.03,101.5,7.7307
29077.03,102.5,7.7307
29078.04,100.5,7.7307
29079.04,99.5,7.7307
29080.05,103.5,7.7307
29081.05,104.5,7.7307
29082.06,116.4,7.7311
29083.07,102.5,7.7311
29084.07,100.5,7.7311
29085.08,99.5,7.7311
29086.08,133.3,7.7311
29087.09,100.6,7.7311
29088.09,101.5,7.7311
29089.1,99.5,7.7311
29090.1,101.5,7.7311
29091.11,99.5,7.7311
29092.11,101.5,7.7311
29093.12,102.5,7.7311
29094.12,100.5,7.7311
29095.13,102.5,7.7311
29096.13,100.5,7.7311
29097.14,99.6,7.7311
29098.14,102.5,7.7311
29099.15,100.5,7.7311
29100.15,100.5,7.7311
29101.16,99.5,7.7311
29102.16,100.6,7.7311
29103.17,102.5,7.7314
29104.17,99.5,7.7314
29105.18,100.5,7.7314
29106.18,101.5,7.7314
29107.19,100.5,7.7319
29108.19,100.5,7.7319
29109.2,101.5,7.7319
29110.2,100.5,7.7319
29111.21,99.5,7.7319
29112.21,99.5,7.7319
29113.22,101.5,7.7319
29114.22,101.5,7.7319
29115.23,99.5,7.7319
29116.23,101.5,7.7319
29117.24,101.5,7.7319
29118.24,99.5,7.7319
29119.25,101.5,7.7319
29120.25,99.5,7.7319
29121.26,100.7,7.7319
29122.26,100.6,7.7319
29123.27,100.5,7.7319
29124.27,101.5,7.7319
29125.28,99.5,7.7319
29126.28,100.5,7.7319
29127.29,102.5,7.7321
29128.29,100.4,7.7321
29129.3,101.5,7.7321
29130.3,99.5,7.7321
29131.31,101.5,7.7321
29132.31,100.5,7.7321
29133.32,101.5,7.7321
29134.32,101.5,7.7321
29135.33,100.5,7.7321
29136.33,100.5,7.7321
29137.34,99.5,7.7321
29138.35,100.5,7.7321
29139.35,102.5,7.7321
29140.36,100.5,7.7321
29141.36,100.6,7.7321
29142.37,100.5,7.7321
29143.37,99.6,7.7321
29144.37,100.5,7.7321
29145.38,100.5,7.7321
29146.39,101.5,7.7321
29147.39,100.6,7.7321
29148.39,99.5,7.7321
29149.4,101.5,7.7321
29150.4,99.5,7.7321
29151.41,101.5,7.7321
29152.41,100.5,7.7321
29153.42,101.5,7.7321
29154.43,101.5,7.7321
29155.43,100.5,7.7321
29156.44,100.5,7.7321
29157.44,100.5,7.7321
29158.45,100.5,7.7321
29159.45,100.5,7.7321
29160.46,100.5,7.7321
29161.46,101.6,7.7321
29162.47,101.5,7.7321
29163.47,99.5,7.7321
29164.48,100.5,7.7321
29165.48,101.5,7.7321
29166.49,100.5,7.7321
29167.49,100.5,7.7321
29168.5,100.5,7.7321
29169.5,100.5,7.7321
29170.51,100.5,7.7321
29171.51,99.5,7.7321
29172.52,100.5,7.7324
29173.52,103.5,7.7324
29174.53,99.5,7.7324
29175.53,101.5,7.7324
29176.54,99.5,7.7324
29177.54,101.5,7.7324
29178.55,100.5,7.7324
29179.55,99.5,7.7324
29180.56,101.5,7.7324
29181.57,101.5,7.7324
29182.57,98.6,7.7326
29183.57,101.5,7.7326
29184.58,101.5,7.7326
29185.58,99.5,7.7326
29186.59,101.5,7.7326
29187.6,100.5,7.7326
29188.6,101.5,7.7326
29189.61,99.5,7.7326
29190.61,100.5,7.7326
29191.62,101.5,7.7329
29192.62,100.5,7.7329
29193.63,99.6,7.7329
29194.63,101.5,7.7329
29195.64,100.5,7.7329
29196.64,101.5,7.7329
29197.65,99.5,7.7329
29198.65,102.5,7.7329
29199.66,100.5,7.7329
29200.66,100.5,7.7329
29201.67,101.6,7.7329
29202.67,100.5,7.7329
29203.68,101.5,7.7329
29204.68,99.5,7.7329
29205.69,100.5,7.7329
29206.69,101.5,7.7329
29207.7,117.4,7.733
29208.7,99.5,7.733
29209.71,101.5,7.733
29210.71,101.5,7.733
29211.72,1.0,2.642
29212.72,327.4,2.7865
29213.72,343.3,3.1028
29214.73,315.4,3.4665
29215.73,306.5,3.7743
29216.74,319.3,4.0608
29217.74,0.0,2.4804
29218.75,303.4,2.7297
29219.75,309.7,2.8736
29220.76,330.5,3.2386
29221.76,308.2,3.6048
29222.77,314.5,3.9139
29223.77,316.3,4.1825
29224.78,291.5,4.6232
29225.78,194.0,5.0552
29226.79,167.1,5.5069
29227.79,164.1,5.9674
29228.8,158.2,6.42
29229.8,102.5,6.8806
29230.81,126.3,7.3464
29231.81,133.3,7.5098
29232.82,115.5,7.6015
29233.82,101.5,7.6015
29234.83,107.4,7.6015
29235.83,102.5,7.6015
29236.84,101.5,7.6015
29237.84,100.5,7.6015
29238.85,100.5,7.6015
29239.85,99.6,7.6015
29240.86,101.5,7.6015
29241.86,117.4,7.7315
29242.87,101.5,7.7315
29243.87,100.5,7.7315
29244.88,101.5,7.7315
29245.88,101.5,7.7315
29246.89,100.5,7.7318
29247.9,100.5,7.7318
29248.9,100.5,7.7318
29249.91,101.5,7.7318
29250.91,127.3,7.7328
29251.92,103.5,7.7328
29252.92,100.5,7.7331
29253.93,100.5,7.7331
29254.93,100.5,7.7331
29255.94,100.5,7.7331
29256.94,100.6,7.7331
29257.95,101.5,7.7331
29258.95,121.4,7.7332
29259.96,100.5,7.7332
29260.96,101.5,7.7332
29261.97,100.5,7.7332
29262.97,100.5,7.7332
29263.98,101.5,7.7332
29264.98,100.5,7.7332
29265.99,116.2,7.7334
29266.99,102.5,7.7337
29268.0,102.2,7.7337
29269.01,101.5,7.7337
29270.01,100.5,7.7337
29271.02,101.5,7.7337
29272.02,100.5,7.7337
29273.03,108.6,7.7651
29274.03,112.4,7.8161
29275.04,101.5,7.8161
29276.04,99.5,7.8161
29277.05,101.5,7.8164
29278.05,99.5,7.8164
29279.06,101.5,7.8164
29280.06,99.5,7.8164
29281.07,102.5,7.8164
29282.07,100.5,8.2217
29283.08,101.5,8.7009
29284.08,132.3,9.2091
29285.09,100.2,9.2091
29286.1,99.5,9.2092
29287.1,101.5,9.2092
29288.11,100.5,9.2092
29289.11,101.5,9.2092
29290.12,100.5,9.2092
29291.12,100.5,9.2092
29292.13,100.5,9.2092
29293.13,100.5,9.2092
29294.14,101.5,9.2099
29295.14,101.5,9.2099
29296.15,101.5,9.2099
29297.15,100.5,9.2099
29298.16,100.5,9.2099
29299.16,100.4,9.2099
29300.17,101.5,9.2099
29301.17,100.5,9.2099
29302.18,101.5,9.2099
29303.18,99.5,9.2099
29304.19,101.5,9.2099
29305.19,99.5,9.2099
29306.2,100.5,9.2099
29307.2,101.6,9.2099
29308.21,101.5,9.2099
29309.21,100.5,9.2099
29310.22,101.5,9.2099
29311.22,101.5,9.2099
29312.23,100.5,9.2101
29313.23,101.5,9.2101
29314.24,100.5,9.2101
29315.25,101.5,9.2101
29316.25,99.5,9.2101
29317.26,100.5,9.2101
29318.26,99.5,9.2101
29319.27,100.5,9.2101
29320.27,101.5,9.2101
29321.28,100.5,9.2101
29322.28,101.5,9.2101
29323.29,100.5,9.2101
29324.29,101.5,9.2101
29325.3,102.5,9.2108
29326.3,100.5,9.2108
29327.31,100.5,9.2108
29328.31,101.5,9.2108
29329.32,99.5,9.2108
29330.32,101.5,9.2108
29331.33,99.5,9.2108
29332.33,100.5,9.2108
29333.34,100.5,9.211
29334.34,101.5,9.211
29335.35,100.5,9.2111
29336.35,102.5,9.2111
29337.36,101.5,9.2111
29338.36,100.5,9.2111
29339.37,100.5,9.2111
29340.37,100.5,9.2111
29341.38,99.5,9.2111
29342.38,101.5,9.2111
29343.39,100.5,9.2111
29344.39,101.5,9.2111
29345.4,99.5,9.2111
29346.4,101.5,9.2111
29347.41,100.5,9.2111
29348.42,101.5,9.2111
29349.42,100.5,9.2111
29350.42,104.6,9.2111
29351.43,100.5,9.2111
29352.43,101.5,9.2111
29353.44,101.5,9.2111
29354.45,100.5,9.2111
29355.45,101.5,9.2111
29356.46,101.5,9.2111
29357.46,99.5,9.2114
29358.47,101.5,9.2114
29359.47,100.5,9.2114
29360.48,100.5,9.2114
29361.48,99.5,9.2114
29362.49,100.5,9.2117
29363.49,101.5,9.2117
29364.5,101.5,9.2117
29365.5,100.5,9.2117
29366.51,99.5,9.2117
29367.51,101.5,9.2117
29368.52,102.5,9.2117
29369.52,99.5,9.2117
29370.53,100.5,9.2117
29371.53,101.5,9.2117
29372.54,101.5,9.2117
29373.54,99.5,9.2117
29374.55,101.5,9.2117
29375.55,100.5,9.2117
29376.56,101.5,9.2117
29377.56,101.5,9.2117
29378.57,99.5,9.2117
29379.57,101.5,9.2117
29380.58,99.5,9.2117
29381.58,101.5,9.2117
29382.59,100.5,9.2117
29383.59,101.5,9.2117
29384.6,100.5,9.2117
29385.6,100.5,9.2117
29386.61,99.5,9.2117
29387.61,100.5,9.2117
29388.62,100.5,9.2117
29389.62,101.5,9.2117
29390.63,99.5,9.2117
29391.63,101.5,9.2117
29392.64,101.5,9.2117
29393.64,102.5,9.2117
29394.65,102.2,9.2117
29395.66,100.5,9.2117
29396.66,100.5,9.2117
29397.67,99.5,9.2117
29398.67,102.5,9.2117
29399.68,100.5,9.2117
29400.68,99.5,9.2117
29401.69,100.5,9.2119
29402.69,101.5,9.2124
29403.7,99.5,9.2124
29404.7,102.5,9.2124
29405.71,149.2,9.2125
29406.72,100.5,9.2125
29407.72,100.5,9.2125
29408.73,100.5,9.2125
29409.73,101.5,9.2125
29410.74,102.5,9.2125
29411.74,100.5,9.2125
29412.75,101.6,9.2125
29413.75,100.5,9.2125
29414.76,99.5,9.2125
29415.76,100.5,9.2125
29416.77,101.6,9.2125
29417.77,99.5,9.2125
29418.78,103.5,9.2125
29419.78,99.5,9.2125
29420.79,101.5,9.2125
29421.79,101.5,9.2125
29422.8,99.5,9.2125
29423.8,101.5,9.2125
29424.81,99.5,9.2125
29425.81,101.5,9.2125
29426.82,100.5,9.2125
29427.82,100.5,9.2125
29428.83,101.5,9.2125
29429.83,99.5,9.2125
29430.84,101.6,9.2125
29431.84,99.5,9.2125
29432.85,100.5,9.2125
29433.85,100.5,9.2125
29434.86,102.5,9.2125
29435.86,100.5,9.2125
29436.87,100.5,9.2125
29437.87,99.5,9.2125
29438.88,100.5,9.2125
29439.88,100.4,9.2125
29440.89,100.5,9.2119
29441.89,101.5,9.2119
29442.9,100.5,9.2119
29443.9,100.5,9.2119
29444.91,101.5,9.2119
29445.91,100.6,9.2121
29446.92,100.5,9.2121
29447.92,100.5,9.2121
29448.93,100.5,9.2121
29449.94,101.5,9.2115
29450.94,100.5,9.2115
29451.95,100.5,9.2117
29452.95,100.5,9.2117
29453.96,100.5,9.2117
29454.96,99.5,9.2111
29455.97,100.6,9.2111
29456.97,101.5,9.2111
29457.98,100.5,9.2111
29458.98,102.5,9.2111
29459.99,99.5,9.2111
29460.99,101.5,9.2111
29462.0,100.5,9.2111
29463.0,100.5,9.2111
29464.01,101.6,9.2111
29465.01,100.5,9.2111
29466.02,100.5,9.2111
29467.02,100.5,9.2111
29468.03,99.6,9.2111
29469.03,100.5,9.2111
29470.04,100.5,9.2111
29471.04,100.5,9.2111
29472.05,102.5,9.2111
29473.05,99.5,9.2111
29474.06,101.5,9.2111
29475.06,99.5,9.2111
29476.07,100.5,9.2111
29477.07,103.5,9.2111
29478.08,99.5,9.2111
29479.08,100.5,9.2111
29480.09,101.5,9.2111
29481.09,100.5,9.2111
29482.1,99.5,9.2111
29483.1,101.5,9.2113
29484.11,100.5,9.2113
29485.11,101.5,9.2113
29486.12,101.5,9.2113
29487.12,99.5,9.2113
29488.13,100.5,9.211
29489.13,101.5,9.211
29490.14,99.5,9.211
29491.14,100.5,9.211
29492.15,100.6,9.211
29493.15,101.5,9.211
29494.16,99.5,9.211
29495.16,101.5,9.211
29496.17,100.5,9.211
29497.17,101.5,9.2112
29498.18,100.5,9.2112
29499.18,100.5,9.2112
29500.19,99.5,9.2111
29501.19,102.5,9.2106
29502.2,100.5,9.2106
29503.2,100.5,9.2106
29504.21,100.5,9.2106
29505.21,100.5,9.2106
29506.22,101.5,9.2106
29507.22,100.5,9.2106
29508.23,100.5,9.2106
29509.23,100.5,9.2106
29510.24,101.5,9.2106
29511.25,99.5,9.2106
29512.25,101.5,9.2106
29513.26,101.5,9.2106
29514.26,99.5,9.2106
29515.27,101.5,9.2106
29516.27,100.6,9.2106
29517.28,100.5,9.2106
29518.28,1.0,2.5686
29519.28,326.0,2.7076
29520.28,345.0,2.9579
29521.29,274.3,3.193
29522.3,116.4,3.2663
29523.3,203.9,3.3529
29524.31,170.1,3.4194
29525.31,110.5,3.4705
29526.32,104.5,3.5094
29527.32,102.5,3.5501
29528.33,100.5,3.5607
29529.33,106.4,3.608
29530.34,104.3,3.6195
29531.34,101.5,3.6457
29532.35,101.5,3.6761
29533.35,102.5,3.6941
29534.36,103.5,3.7384
29535.36,99.5,3.7496
29536.37,101.5,3.7772
29537.38,101.5,3.8084
29538.38,99.5,3.8351
29539.39,101.5,3.8639
29540.39,101.5,3.8917
29541.4,100.5,3.9198
29542.4,101.5,3.9553
29543.41,99.5,3.9788
29544.41,100.5,4.0066
29545.42,106.5,4.0361
29546.42,98.5,4.0641
29547.43,104.5,4.0945
29548.43,100.5,4.1228
29549.44,100.5,4.1504
29550.44,103.4,4.1778
29551.45,201.0,4.2084
29552.45,200.0,4.25
29553.46,199.9,4.329
29554.46,129.5,4.35
29555.47,105.5,4.3819
29556.47,100.5,4.405
29557.48,99.6,4.4269
29558.48,101.5,4.4115
29559.49,100.5,4.4284
29560.49,101.5,4.4443
29561.5,101.5,4.4598
29562.5,101.5,4.486
29563.51,101.5,4.5066
29564.51,102.5,4.5261
29565.52,100.5,4.553
29566.52,100.5,4.5752
29567.53,99.5,4.5926
29568.53,100.5,4.6109
29569.54,100.5,4.6215
29570.54,130.4,4.6303
29571.55,2.0,2.4691
29572.55,301.1,2.6717
29573.55,320.5,2.8093
29574.56,335.0,3.0561
29575.56,223.9,3.2231
29576.57,193.0,3.3402
29577.57,1.0,2.58
29578.58,324.8,2.7382
29579.58,326.1,3.1723
29580.58,0.0,2.5828
29581.58,301.4,2.7143
29582.59,278.7,2.9964
29583.59,2.0,2.5772
29584.6,318.1,2.7296
29585.6,269.6,3.0194
29586.6,1.0,2.4987
29587.61,318.7,2.6814
29588.61,357.4,2.9426
29589.61,1.0,2.4981
29590.62,304.6,2.6802
29591.62,362.1,2.8489
29592.63,1.0,2.4775
29593.63,295.8,2.6629
29594.64,340.0,2.8014
29595.64,336.3,3.0551
29596.65,1.0,2.4922
29597.65,331.5,2.7441
29598.65,362.9,2.8796
29599.66,345.2,3.0914
29600.66,177.4,3.1725
29601.67,1.0,2.5624
29602.67,322.0,2.7198
29603.67,350.8,2.9463
29604.68,281.6,3.2555
29605.68,153.3,3.5806
29606.69,152.2,3.9517
29607.69,2.0,2.564
29608.7,331.3,2.8912
29609.7,305.3,3.2079
29610.7,361.1,3.3986
29611.71,338.3,3.7783
29612.71,324.0,4.1132
29613.72,308.4,4.4589
29614.72,302.5,4.7274
29615.73,303.6,5.0607
29616.73,305.4,5.3999
29617.74,224.8,5.7637
29618.74,185.0,5.9806
29619.74,170.6,6.2029
29620.75,195.0,6.4195
29621.75,127.3,6.7374
29622.76,124.3,6.9045
29623.77,132.3,7.0677
29624.77,188.0,7.3079
29625.78,259.6,7.6671
29626.78,211.9,7.6671
29627.78,254.2,7.7363
29628.79,213.0,7.7741
29629.79,156.2,7.7741
29630.8,123.4,7.7741
29631.8,111.5,7.7741
29632.81,101.5,7.7695
29633.82,103.5,7.7695
29634.82,115.4,7.7695
29635.83,102.5,7.7695
29636.83,116.4,7.7697
29637.84,118.4,7.77
29638.84,101.5,7.77
29639.85,153.2,7.7706
29640.85,111.4,7.7706
29641.86,102.5,7.7706
29642.86,108.4,7.7706
29643.87,101.5,7.7706
29644.87,101.5,7.7706
29645.88,101.5,7.7706
29646.88,100.5,7.7706
29647.89,101.5,7.7706
29648.89,137.4,7.7706
29649.9,101.5,7.7706
29650.9,105.4,7.7706
29651.91,102.5,7.7706
29652.91,102.5,7.7706
29653.92,102.4,7.7706
29654.93,100.5,7.7706
29655.93,102.5,7.7706
29656.94,110.4,7.7706
29657.94,110.6,7.7707
29658.95,281.5,8.1982
29659.95,252.9,8.1986
29660.95,140.3,8.1986
29661.96,102.5,8.1986
29662.96,115.4,8.1986
29663.97,101.5,8.1986
29664.98,108.4,8.1986
29665.98,100.5,8.1986
29666.99,101.5,8.1986
29667.99,113.4,8.1986
29669.0,125.4,8.1986
29670.0,100.5,8.1986
29671.01,103.5,8.1986
29672.01,103.5,8.1986
29673.02,100.5,8.1986
29674.02,102.5,8.1986
29675.03,100.5,8.1986
29676.03,100.5,8.1986
29677.04,99.5,8.1986
29678.04,100.5,8.1986
29679.05,101.5,8.1986
29680.05,103.5,8.1986
29681.06,99.5,8.1986
29682.06,101.5,8.1988
29683.07,100.5,8.1988
29684.07,100.5,8.1988
29685.08,101.5,8.1988
29686.08,99.5,8.1988
29687.09,99.7,8.1988
29688.09,101.5,8.1988
29689.1,103.4,8.1988
29690.1,100.5,8.1988
29691.11,101.5,8.1988
29692.11,100.5,8.1988
29693.12,103.5,8.1988
29694.12,99.5,8.1988
29695.13,100.5,8.1988
29696.13,100.5,8.1988
29697.14,101.5,8.1988
29698.14,99.5,8.1988
29699.15,101.5,8.1988
29700.15,100.5,8.1988
29701.16,100.5,8.1991
29702.16,102.5,8.1991
29703.17,99.5,8.1993
29704.18,100.5,8.1993
29705.18,101.5,8.1993
29706.19,101.5,8.1993
29707.19,100.5,8.1993
29708.2,99.5,8.1993
29709.2,101.5,8.1993
29710.21,100.5,8.1993
29711.21,101.5,8.1993
29712.22,100.5,8.1993
29713.22,101.5,8.1993
29714.23,100.5,8.1993
29715.23,101.5,8.1993
29716.24,99.6,8.1993
29717.24,101.6,8.1993
29718.24,99.5,8.1993
29719.25,101.5,8.1993
29720.25,100.5,8.1993
29721.26,101.5,8.1993
29722.26,115.4,8.1994
29723.27,100.5,8.1994
29724.27,100.5,8.1994
29725.28,99.5,8.1994
29726.29,101.5,8.1994
29727.29,101.5,8.1996
29728.3,100.5,8.1996
29729.3,99.5,8.1996
29730.31,101.5,8.1996
29731.31,101.5,8.1996
29732.32,100.5,8.1996
29733.32,99.5,8.1996
29734.33,100.5,8.1996
29735.33,101.5,8.1996
29736.34,99.5,8.1996
29737.34,101.5,8.1996
29738.35,102.5,8.1996
29739.35,99.5,8.1996
29740.36,101.5,8.1996
29741.36,100.5,8.1996
29742.37,99.5,8.1996
29743.37,101.5,8.1996
29744.38,101.5,8.1999
29745.38,101.5,8.1999
29746.39,99.5,8.1999
29747.39,100.5,8.1999
29748.4,100.5,8.1999
29749.4,99.5,8.1999
29750.41,102.5,8.1999
29751.41,100.5,8.1999
29752.42,100.5,8.1999
29753.42,99.5,8.1999
29754.43,101.5,8.1999
29755.43,100.5,8.1999
29756.44,102.5,8.1999
29757.44,99.5,8.1999
29758.45,101.5,8.1999
29759.45,101.5,8.1999
29760.46,99.5,8.1999
29761.47,99.5,8.1999
29762.47,100.5,8.1999
29763.48,100.5,8.1999
29764.48,101.5,8.1999
29765.49,100.5,8.1999
29766.49,101.5,8.1999
29767.5,100.5,8.1999
29768.5,100.5,8.1999
29769.51,101.5,8.1999
29770.51,100.5,8.1999
29771.52,101.5,8.1999
29772.52,100.5,8.1999
29773.53,100.5,8.2001
29774.53,100.5,8.2001
29775.54,100.5,8.2001
29776.54,100.5,8.2001
29777.55,100.5,8.2004
29778.55,100.5,8.2004
29779.56,101.5,8.2004
29780.56,101.5,8.2004
29781.57,99.5,8.2004
29782.57,99.5,8.2004
29783.58,101.5,8.2004
29784.58,101.5,8.2004
29785.59,100.5,8.2004
29786.59,100.5,8.2006
29787.6,100.5,8.2006
29788.6,101.5,8.2006
29789.61,99.5,8.2006
29790.61,101.5,8.2006
29791.62,100.5,8.2006
29792.62,100.5,8.2006
29793.63,100.5,8.2006
29794.63,100.5,8.2006
29795.64,100.5,8.2006
29796.65,101.5,8.2006
29797.65,100.5,8.2006
29798.66,101.5,8.2006
29799.66,99.5,8.2006
29800.67,100.5,8.2006
29801.67,100.5,8.2006
29802.68,100.5,8.2006
29803.68,100.5,8.2006
29804.69,102.5,8.2006
29805.69,99.5,8.2006
29806.7,101.5,8.2006
29807.7,100.5,8.2006
29808.71,99.5,8.2006
29809.71,100.5,8.2006
29810.72,100.5,8.2006
29811.72,100.5,8.2006
29812.73,102.5,8.2006
29813.73,99.5,8.2006
29814.74,100.5,8.2006
29815.74,100.5,8.2006
29816.75,101.5,8.2006
29817.75,100.5,8.2006
29818.76,99.5,8.2006
29819.76,101.5,8.2006
29820.77,100.5,8.2006
29821.77,101.6,8.2006
29822.78,100.5,8.2009
29823.78,101.5,8.2009
29824.79,100.5,8.2009
29825.79,100.5,8.2009
29826.8,100.5,8.2009
29827.8,101.5,8.2009
29828.81,100.5,8.2009
29829.81,100.5,8.2009
29830.82,100.5,8.2009
29831.82,100.5,8.2009
29832.83,99.5,8.2009
29833.83,101.5,8.2009
29834.84,101.5,8.2009
29835.84,100.5,8.2009
29836.85,101.7,8.2009
29837.85,99.5,8.2009
29838.86,101.5,8.2009
29839.86,101.5,8.2009
29840.87,98.5,8.2009
29841.87,100.5,8.2009
29842.88,101.5,8.2009
29843.88,101.5,8.2009
29844.89,100.5,8.2009
29845.89,100.5,8.2009
29846.9,99.5,8.2009
29847.9,101.5,8.2009
29848.91,102.5,8.2009
29849.91,100.7,8.2009
29850.92,100.5,8.2009
29851.92,101.4,8.2009
29852.93,100.5,8.2011
29853.93,100.5,8.2011
29854.94,100.5,8.2011
29855.94,100.5,8.2011
29856.95,100.5,8.2011
29857.95,100.5,8.2011
29858.96,101.5,8.2011
29859.96,99.5,8.2011
29860.97,100.5,8.2011
29861.97,100.5,8.2011
29862.98,101.5,8.2011
29863.98,99.5,8.2011
29864.99,101.5,8.2011
29865.99,102.5,8.2011
29867.0,100.5,8.2014
29868.0,101.5,8.2014
29869.01,100.5,8.2014
29870.01,99.5,8.2014
29871.02,100.5,8.2016
29872.03,100.5,8.2016
29873.03,102.5,8.2016
29874.04,99.5,8.2016
29875.04,99.5,8.2016
29876.05,101.5,8.2016
29877.05,101.5,8.2016
29878.06,99.5,8.2016
29879.06,101.5,8.2016
29880.07,101.5,8.2016
29881.07,99.5,8.2016
29882.08,101.5,8.2016
29883.08,99.5,8.2016
29884.09,101.5,8.2016
29885.09,101.5,8.2016
29886.1,99.5,8.2016
29887.1,100.5,8.2016
29888.11,101.5,8.2016
29889.11,100.5,8.2016
29890.12,99.5,8.2016
29891.12,102.5,8.2016
29892.13,100.5,8.2016
29893.13,100.6,8.2016
29894.14,100.5,8.2016
29895.14,101.5,8.2016
29896.15,100.5,8.2016
29897.15,99.5,8.2016
29898.16,101.5,8.2016
29899.16,99.5,8.2016
29900.17,101.5,8.2016
29901.17,101.5,8.2016
29902.18,100.5,8.2016
29903.18,102.5,8.2016
29904.19,99.5,8.2016
29905.19,101.5,8.2016
29906.2,99.5,8.2016
29907.2,101.5,2.4908
29908.21,293.6,2.6656
29909.21,0.0,2.4974
29910.22,338.3,2.6969
29911.22,1.0,2.5726
29912.22,314.0,2.7231
29913.23,2895.2,2.6503
29914.23,1514.0,2.4975
29915.23,355.9,2.7285
29916.24,2.0,2.6492
29917.24,1.0,2.515
29918.24,342.0,2.683
29919.25,0.0,2.5497
29920.25,1.0,2.4974
29921.25,319.0,2.6813
29922.26,2.0,2.6496
29923.26,348.9,2.966
29924.27,368.2,3.2719
29925.27,335.2,3.6358
29926.28,322.3,3.9756
29927.28,308.5,4.3036
29928.29,308.4,4.6491
29929.29,310.2,5.0262
29930.3,304.4,5.417
29931.3,301.4,5.7578
29932.31,315.3,6.1684
29933.31,304.3,6.493
29934.32,304.9,6.8223
29935.32,271.6,7.199
29936.33,258.2,7.5017
29937.33,330.3,7.7259
29938.34,173.1,7.7259
29939.34,110.4,7.7259
29940.35,113.4,7.7259
29941.35,99.5,7.7259
29942.36,102.5,7.7259
29943.36,101.5,7.7259
29944.37,101.5,7.7259
29945.37,107.5,7.7259
29946.38,99.5,7.7259
29947.38,104.5,7.7259
29948.39,111.4,7.7259
29949.39,101.5,7.7259
29950.4,100.5,7.7259
29951.41,103.5,7.7259
29952.41,101.5,7.726
29953.42,99.5,7.726
29954.42,100.5,7.726
29955.43,101.4,7.726
29956.43,99.5,7.7262
29957.44,104.5,7.7263
29958.44,100.5,7.7263
29959.45,99.5,7.7263
29960.45,102.7,7.7263
29961.46,100.5,7.7263
29962.46,101.5,7.7263
29963.47,101.5,7.7263
29964.47,105.4,7.7263
29965.48,99.5,7.7263
29966.48,101.5,7.7263
29967.49,101.2,7.7263
29968.49,100.6,7.7263
29969.5,101.5,7.7263
29970.5,100.5,7.7263
29971.51,99.5,7.7263
29972.51,100.6,7.7263
29973.52,100.5,7.7263
29974.52,100.5,7.7263
29975.53,102.4,7.7263
29976.53,99.4,7.7263
29977.54,119.5,7.7263
29978.54,101.6,7.7263
29979.55,99.5,7.7263
29980.55,101.5,7.7263
29981.56,100.5,7.7263
29982.56,100.5,7.7263
29983.57,101.3,7.7263
29984.58,100.5,7.7263
29985.58,100.5,7.7263
29986.59,100.4,7.7263
29987.59,100.5,7.7263
29988.6,100.5,7.7263
29989.6,101.5,7.7263
29990.61,100.5,7.7266
29991.61,100.5,7.7266
29992.62,101.5,7.7266
29993.62,101.5,7.7266
29994.63,101.5,7.7266
29995.63,101.5,7.7266
29996.64,101.5,7.7266
29997.64,101.5,7.7266
29998.65,98.5,7.7266
29999.65,101.5,7.7266
30000.66,101.5,7.7266
30001.67,100.3,7.7266
30002.67,100.7,7.7268
30003.67,100.5,7.7268
30004.68,100.5,7.7268
30005.68,100.5,7.7268
30006.69,171.1,7.7416
30007.69,99.5,7.7301
30008.7,100.5,7.7301
30009.7,101.6,7.7301
30010.71,100.5,7.7301
30011.71,100.5,7.7301
30012.72,100.5,7.7301
30013.72,101.4,7.7301
30014.73,100.4,7.7301
30015.73,100.6,7.7301
30016.74,101.5,7.7301
30017.74,100.5,7.7301
30018.75,100.5,7.7301
30019.75,101.5,7.7301
30020.76,99.8,7.7301
30021.76,101.5,7.7301
30022.77,99.5,7.7301
30023.77,100.5,7.7301
30024.78,100.5,7.7301
30025.78,99.5,7.7301
30026.79,100.6,7.7301
30027.79,102.5,7.7301
30028.8,101.5,7.7301
30029.8,99.5,7.7301
30030.8,100.8,7.7301
30031.81,101.6,7.7301
30032.81,99.5,7.7301
30033.82,101.5,7.7301
30034.82,100.5,7.7301
30035.83,99.5,7.7301
30036.83,101.5,7.7301
30037.84,99.5,7.7301
30038.84,100.5,7.7301
30039.85,100.5,7.7301
30040.85,100.5,7.7301
30041.86,100.5,7.7303
30042.86,102.5,7.7303
30043.87,100.5,7.7303
30044.87,105.5,7.7303
30045.88,100.5,7.7303
30046.88,103.5,7.7231
30047.89,99.6,7.7231
30048.89,100.6,7.7231
30049.9,100.5,7.7231
30050.9,100.5,7.7231
30051.91,100.5,7.7231
30052.91,100.5,7.7231
30053.92,101.5,7.7231
30054.92,101.5,7.7231
30055.93,100.5,7.7231
30056.93,101.5,7.7231
30057.94,100.5,7.7231
30058.95,100.5,7.7231
30059.95,101.5,7.7231
30060.96,99.5,7.7231
30061.96,99.5,7.7231
30062.97,101.5,7.7231
30063.97,104.5,7.7231
30064.98,99.5,7.7231
30065.98,99.5,7.7231
30066.99,101.5,7.7231
30067.99,102.5,7.7231
30069.0,99.5,7.7231
30070.0,100.5,7.7231
30071.01,101.5,7.7231
30072.01,100.5,7.7231
30073.02,101.5,7.7233
30074.02,101.5,7.7233
30075.03,100.5,7.7233
30076.03,99.5,7.7233
30077.04,101.5,7.7233
30078.04,101.5,7.7233
30079.05,100.5,7.7233
30080.05,101.5,7.7233
30081.06,99.5,7.7233
30082.07,100.4,7.7233
30083.07,102.5,7.7233
30084.08,99.5,7.7233
30085.08,100.5,7.7233
30086.09,100.5,7.7233
30087.09,101.5,7.7233
30088.1,99.5,7.7233
30089.1,101.5,7.7233
30090.11,102.6,7.7233
30091.11,100.5,7.7233
30092.12,101.5,7.7233
30093.12,99.5,7.7233
30094.13,101.5,7.7233
30095.13,101.5,7.7233
30096.14,100.5,7.7233
30097.14,102.5,7.7233
30098.15,101.5,7.7233
30099.15,99.5,7.7233
30100.16,99.5,7.7233
30101.16,100.5,7.7233
30102.17,100.5,7.7233
30103.17,99.5,7.7233
30104.18,100.5,7.7233
30105.18,100.5,7.7233
30106.19,101.5,7.7233
30107.19,99.5,7.7233
30108.2,100.5,7.7233
30109.2,101.5,7.7233
30110.21,100.5,7.7233
30111.22,102.3,7.7233
30112.22,100.5,7.7233
30113.23,100.5,7.7233
30114.23,100.5,7.7233
30115.24,101.5,7.7233
30116.24,99.5,7.7233
30117.25,102.5,7.7233
30118.25,100.5,7.7233
30119.26,101.5,7.7233
30120.26,100.5,7.7233
30121.27,99.5,7.7233
30122.27,101.5,7.7233
30123.28,99.5,7.7233
30124.28,101.5,7.7233
30125.29,101.5,7.7236
30126.29,100.5,7.7236
30127.3,100.4,7.7236
30128.3,100.5,7.7236
30129.31,100.5,7.7236
30130.31,101.5,7.7236
30131.32,99.5,7.7236
30132.32,101.5,7.7236
30133.33,101.5,7.7236
30134.33,100.5,7.7236
30135.34,101.5,7.7236
30136.34,99.5,7.7236
30137.35,99.5,7.7236
30138.35,101.5,7.7236
30139.36,100.5,7.7236
30140.37,102.5,7.7236
30141.37,100.5,7.7236
30142.38,99.5,7.7236
30143.38,101.5,7.7238
30144.39,100.5,7.7238
30145.39,100.5,7.7238
30146.4,100.5,7.7238
30147.4,102.5,7.7238
30148.41,100.6,7.7238
30149.41,100.6,7.7238
30150.41,100.5,7.7238
30151.42,102.5,7.7238
30152.43,100.5,7.7238
30153.43,101.5,7.7238
30154.44,99.5,7.7238
30155.44,101.5,7.7238
30156.45,99.5,7.7238
30157.45,100.5,7.7238
30158.46,101.5,7.7238
30159.46,100.5,7.7239
30160.47,99.5,7.7239
30161.47,102.5,7.7239
30162.48,101.5,7.7239
30163.48,100.5,7.7239
30164.49,99.5,7.7239
30165.49,102.5,7.7239
30166.5,99.5,7.7239
30167.5,100.5,7.7239
30168.51,101.5,7.7239
30169.51,99.5,7.7239
30170.52,101.5,7.7239
30171.52,100.5,7.7239
30172.53,101.5,7.7239
30173.53,101.6,7.7239
30174.54,99.5,7.7239
30175.54,100.5,7.7239
30176.55,101.5,7.7239
30177.55,99.5,7.7239
30178.56,100.5,7.7239
30179.56,101.5,7.7239
30180.57,99.5,7.7239
30181.57,100.5,7.7239
30182.58,100.5,7.7239
30183.58,101.5,7.7239
30184.59,99.5,7.7239
30185.59,103.5,7.7239
30186.6,99.5,7.7239
30187.6,101.5,7.7239
30188.61,100.5,7.7239
30189.61,100.5,7.7239
30190.62,101.5,7.7239
30191.62,99.5,7.7239
30192.63,99.5,7.7239
30193.63,100.5,7.7239
30194.64,100.5,7.7239
30195.64,101.5,7.7239
30196.65,99.6,7.7239
30197.65,100.5,7.7239
30198.66,102.5,7.7239
30199.66,100.5,7.7239
30200.67,100.5,7.7239
30201.67,100.5,7.7239
30202.68,101.5,7.7239
30203.69,100.5,7.7239
30204.69,101.5,7.7239
30205.7,100.5,7.7239
30206.7,100.5,7.7239
30207.71,102.5,7.7239
30208.71,99.5,7.7239
30209.72,99.5,7.7239
30210.72,100.5,7.7241
30211.73,101.5,7.7241
30212.73,101.5,7.7241
30213.74,101.5,7.7241
30214.74,100.5,7.7241
30215.75,99.5,7.7241
30216.75,101.5,7.7241
30217.76,99.5,7.7241
30218.76,101.5,7.7241
30219.77,100.5,7.7241
30220.77,100.5,7.7241
30221.78,101.5,2.4966
30222.78,324.3,2.8025
30223.78,352.0,3.0192
30224.79,339.2,3.2532
30225.79,317.3,3.5313
30226.8,312.4,3.7759
30227.8,313.7,4.0536
30228.81,306.4,4.3909
30229.81,307.4,4.7295
30230.82,309.5,5.19
30231.82,307.4,5.5537
30232.82,310.3,5.8694
30233.83,302.4,6.254
30234.83,306.4,6.606
30235.84,292.5,6.9588
30236.84,201.0,7.2921
30237.85,305.3,7.6302
30238.85,197.0,7.6305
30239.86,243.8,7.6544
30240.86,242.7,7.7044
30241.87,143.3,7.7818
30242.87,100.5,7.7818
30243.88,116.5,7.7818
30244.88,153.2,7.7818
30245.89,133.3,7.7818
30246.89,145.2,7.9493
30247.9,102.5,7.9972
30248.9,200.9,7.9972
30249.91,101.5,7.9972
30250.91,100.5,7.9972
30251.92,101.5,7.9973
30252.92,100.5,7.9973
30253.93,133.3,7.998
30254.93,100.5,7.998
30255.94,100.5,7.998
30256.94,101.5,7.998
30257.95,100.6,7.998
30258.95,100.5,7.998
30259.96,104.5,7.9983
30260.97,102.5,7.9983
30261.97,133.3,7.9984
30262.98,99.5,7.9984
30263.98,100.5,7.9984
30264.99,100.5,7.9984
30265.99,102.5,7.9984
30267.0,100.5,7.9984
30268.0,100.4,7.9984
30269.01,101.5,7.9984
30270.01,127.3,7.9984
30271.02,101.5,7.9984
30272.02,100.5,7.9984
30273.03,99.5,7.9984
30274.03,101.5,7.9984
30275.04,101.5,7.9984
30276.04,99.5,7.9984
30277.05,102.5,7.9984
30278.05,141.3,8.1657
30279.06,99.5,8.1657
30280.06,101.5,8.1657
30281.07,100.5,8.1657
30282.07,102.5,8.1657
30283.08,99.5,8.1657
30284.08,99.5,8.1657
30285.09,101.5,8.1657
30286.09,101.5,8.1657
30287.1,100.5,8.4275
30288.11,100.5,8.8348
30289.11,166.1,9.2926
30290.12,101.5,9.2926
30291.12,99.5,9.2926
30292.13,101.5,9.2926
30293.13,99.5,9.2929
30294.14,101.5,9.2929
30295.14,101.5,9.2929
30296.15,99.5,9.2932
30297.15,102.5,9.2932
30298.16,100.6,9.2932
30299.16,101.5,9.2941
30300.17,99.5,9.2941
30301.17,102.5,9.2941
30302.18,99.5,9.2941
30303.18,101.5,9.2941
30304.19,101.5,9.2941
30305.19,99.5,9.2941
30306.2,100.5,9.2941
30307.2,100.6,9.2941
30308.21,104.4,9.2952
30309.21,99.5,9.2952
30310.22,100.5,9.2952
30311.22,100.5,9.2952
30312.23,101.5,9.2952
30313.23,99.5,9.2952
30314.24,100.5,9.2952
30315.24,101.5,9.2952
30316.25,100.5,9.2952
30317.25,101.5,9.2952
30318.26,101.5,9.2952
30319.26,101.5,9.2952
30320.27,99.5,9.2952
30321.27,101.5,9.2952
30322.28,100.5,9.2952
30323.28,100.5,9.2952
30324.29,102.5,9.2952
30325.29,101.5,9.2952
30326.3,99.5,9.2952
30327.31,99.5,9.2952
30328.31,101.5,9.2952
30329.32,100.5,9.2952
30330.32,100.5,9.2952
30331.33,100.5,9.2952
30332.33,101.5,9.2952
30333.34,99.5,9.2952
30334.34,101.5,9.2952
30335.35,102.5,9.2952
30336.35,100.5,9.2952
30337.36,99.5,9.2952
30338.36,101.5,9.2952
30339.37,100.5,9.2952
30340.37,102.5,9.2952
30341.38,101.5,9.2952
30342.38,99.5,9.2952
30343.39,100.5,9.2953
30344.39,102.5,9.2953
30345.4,101.5,9.2953
30346.4,99.5,9.2953
30347.41,100.5,9.2953
30348.41,101.5,9.2953
30349.42,99.5,9.2953
30350.42,101.5,9.2953
30351.43,101.5,9.2953
30352.43,100.5,9.2953
30353.44,100.5,9.2953
30354.45,100.5,9.2953
30355.45,101.5,9.2953
30356.45,101.6,9.2953
30357.46,99.5,9.2953
30358.47,100.5,9.2953
30359.47,101.5,9.2953
30360.48,101.5,9.2953
30361.48,99.5,9.2953
30362.49,100.5,9.2953
30363.49,101.5,9.2953
30364.5,103.5,9.2953
30365.5,100.5,9.2953
30366.51,100.5,9.2953
30367.51,99.5,9.2953
30368.52,101.5,9.2953
30369.52,101.5,9.2953
30370.53,99.5,9.2953
30371.53,100.5,9.2953
30372.54,101.5,9.2956
30373.54,99.5,9.2956
30374.55,147.2,9.2956
30375.55,147.2,9.2956
30376.56,101.5,9.2956
30377.56,99.5,9.2956
30378.57,100.5,9.2956
30379.58,101.5,9.2956
30380.58,100.5,9.2958
30381.59,101.5,9.2958
30382.59,99.5,9.2958
30383.6,102.5,9.2958
30384.6,100.5,9.2958
30385.61,100.6,9.2958
30386.61,100.5,9.2958
30387.62,101.4,9.2958
30388.62,100.5,9.2958
30389.63,101.5,9.2958
30390.63,100.5,9.2958
30391.64,99.5,9.2958
30392.64,101.5,9.2958
30393.65,101.5,9.2958
30394.65,100.5,9.2958
30395.66,101.5,9.2958
30396.66,100.5,9.2958
30397.67,99.5,9.2958
30398.67,101.5,9.2958
30399.68,103.5,9.2958
30400.68,100.5,9.2958
30401.69,102.5,9.2958
30402.69,104.5,9.2958
30403.7,99.5,9.2958
30404.71,102.5,9.2958
30405.71,101.5,9.2958
30406.72,99.5,9.2958
30407.72,100.5,9.2958
30408.73,100.6,9.2958
30409.73,101.5,9.2958
30410.74,100.5,9.2958
30411.74,101.5,9.2958
30412.75,100.5,9.2958
30413.75,99.6,9.2958
30414.76,100.5,9.2958
30415.76,100.5,9.2958
30416.77,102.5,9.2958
30417.77,99.5,9.2958
30418.78,101.5,9.2958
30419.78,100.5,9.2958
30420.79,101.5,9.2958
30421.79,99.5,9.2958
30422.8,101.5,9.2958
30423.8,100.6,9.2958
30424.8,99.6,9.2958
30425.81,101.5,9.2958
30426.81,100.5,9.2958
30427.82,100.5,9.2958
30428.82,101.5,9.2958
30429.83,101.5,9.2958
30430.84,101.5,9.2958
30431.84,99.5,9.2958
30432.85,100.5,9.2958
30433.85,100.5,9.2958
30434.86,101.5,9.2958
30435.86,100.5,9.2958
30436.87,99.5,9.2958
30437.87,101.5,9.2958
30438.88,100.5,9.2958
30439.88,102.5,9.2958
30440.89,100.5,9.2958
30441.89,100.5,9.2958
30442.9,99.5,9.2961
30443.9,101.5,9.2961
30444.91,100.5,9.2961
30445.91,99.5,9.2961
30446.92,100.6,9.2961
30447.92,101.5,9.2961
30448.93,101.5,9.2961
30449.93,100.5,9.2961
30450.94,99.5,9.2961
30451.94,100.5,9.2961
30452.95,101.5,9.2961
30453.95,99.5,9.2961
30454.96,100.5,9.2961
30455.96,100.5,9.2961
30456.97,101.5,9.2963
30457.97,100.6,9.2963
30458.98,101.5,9.2963
30459.98,100.5,9.2963
30460.99,100.5,9.2963
30461.99,99.6,9.2963
30463.0,101.5,9.2963
30464.0,101.5,9.2963
30465.01,99.5,9.2963
30466.01,99.5,9.2966
30467.02,102.5,9.2966
30468.02,100.5,9.2966
30469.03,99.5,9.2966
30470.03,101.5,9.2966
30471.04,100.5,9.2966
30472.04,99.5,9.2966
30473.05,101.5,9.2966
30474.06,100.5,9.2966
30475.06,102.5,9.2966
30476.07,99.5,9.2966
30477.07,100.5,9.2966
30478.08,100.5,9.2966
30479.08,100.5,9.2966
30480.09,100.5,9.2966
30481.09,101.5,9.2966
30482.1,100.5,9.2966
30483.1,99.5,9.2966
30484.11,100.5,9.2966
30485.11,100.5,9.2966
30486.12,100.5,9.2966
30487.12,101.5,9.2966
30488.13,99.5,9.2966
30489.13,101.5,9.2966
30490.14,101.6,9.2966
30491.14,102.5,9.2966
30492.15,99.5,9.2966
30493.15,100.5,9.2966
30494.16,100.4,9.2966
30495.16,100.5,9.2966
30496.17,100.5,9.2966
30497.17,100.7,9.2966
30498.18,99.5,9.2966
30499.18,100.5,9.2966
30500.19,101.5,9.2966
30501.19,99.8,9.2966
30502.2,100.5,9.2966
30503.2,101.7,9.2966
30504.2,99.8,9.2966
30505.21,100.5,9.2966
30506.21,105.5,9.2966
30507.22,99.5,9.2966
30508.22,100.7,9.2966
30509.22,99.5,9.2966
30510.23,101.5,9.2966
30511.23,100.5,9.2966
30512.24,99.5,9.2966
30513.24,101.6,9.2966
30514.25,100.5,9.2966
30515.25,100.5,9.2966
30516.26,99.7,9.2966
30517.26,101.5,9.2966
30518.27,100.5,9.2966
30519.27,100.5,9.2966
30520.28,99.5,9.2966
30521.28,103.5,9.2966
30522.29,3451.7,2.5676
30523.29,338.2,2.9174
30524.3,331.5,3.0462
30525.3,330.2,3.3176
30526.3,321.3,3.6781
30527.31,317.3,4.0161
30528.31,304.6,4.3461
30529.32,310.6,4.6877
30530.32,307.4,5.0794
30531.33,306.4,5.4748
30532.33,303.5,5.7988
30533.34,312.6,6.1926
30534.34,301.4,6.5128
30535.35,309.4,6.821
30536.35,300.4,7.1745
30537.36,302.1,7.4742
30538.36,281.6,7.6336
30539.37,154.2,7.6337
30540.37,200.9,7.6755
30541.38,117.5,7.669
30542.38,103.5,7.669
30543.39,101.5,7.669
30544.39,100.5,7.669
30545.4,103.5,7.669
30546.4,101.5,7.669
30547.41,112.4,7.669
30548.41,100.5,7.669
30549.42,101.5,7.669
30550.42,99.5,7.669
30551.43,100.5,7.6692
30552.43,103.5,7.6693
30553.44,104.5,7.6694
30554.44,105.5,7.6695
30555.45,100.5,7.6695
30556.45,100.6,7.6695
30557.46,101.5,7.6695
30558.46,99.5,7.6695
30559.47,100.5,7.6695
30560.47,100.5,7.6695
30561.48,102.6,7.6695
30562.48,118.4,7.6695
30563.49,101.5,7.6695
30564.49,102.5,7.6695
30565.5,99.5,7.6695
30566.5,101.8,7.6695
30567.5,98.5,7.6695
30568.51,101.5,7.6695
30569.52,102.5,7.6695
30570.52,101.5,7.6695
30571.53,101.5,7.6695
30572.53,99.7,7.6695
30573.53,101.7,7.6695
30574.54,100.5,7.6695
30575.54,100.5,7.6695
30576.55,100.5,7.6695
30577.55,100.5,7.6695
30578.56,100.5,7.6695
30579.56,101.5,7.6695
30580.57,100.5,7.6695
30581.57,99.5,7.6695
30582.58,102.5,7.6695
30583.58,102.5,7.6695
30584.59,100.5,7.6695
30585.59,100.7,7.6695
30586.6,100.5,7.6695
30587.6,100.7,7.6695
30588.6,101.5,7.6695
30589.61,100.5,7.6695
30590.61,101.5,7.6695
30591.62,99.7,7.6695
30592.62,102.4,7.6697
30593.63,101.5,7.6697
30594.63,100.5,7.6697
30595.64,100.5,7.6697
30596.64,100.5,7.6697
30597.65,99.5,7.6697
30598.65,100.7,7.6697
30599.66,101.5,7.6697
30600.66,99.6,7.6697
30601.67,100.5,7.6697
30602.67,100.5,7.6697
30603.68,101.5,7.6697
30604.68,100.5,7.6697
30605.69,101.5,7.6697
30606.69,99.5,7.6697
30607.7,101.5,7.6697
30608.7,100.5,7.6697
30609.71,100.5,7.6697
30610.71,100.5,7.6696
30611.72,103.5,7.6694
30612.72,99.4,7.6692
30613.73,102.5,7.6692
30614.74,99.5,7.6692
30615.74,100.5,7.6692
30616.75,102.5,7.6692
30617.75,99.5,7.6692
30618.76,100.5,7.6692
30619.76,100.7,7.6692
30620.76,102.5,7.6692
30621.77,99.5,7.6692
30622.77,102.5,7.6692
30623.78,100.5,7.6692
30624.78,99.5,7.6692
30625.79,101.5,7.6692
30626.8,100.5,7.669
30627.8,100.5,7.669
30628.81,99.5,7.669
30629.81,101.5,7.669
30630.82,99.5,7.669
30631.82,100.5,7.669
30632.83,101.5,7.669
30633.83,99.5,7.669
30634.84,99.5,7.669
30635.84,102.5,7.6692
30636.85,101.5,7.6692
30637.85,114.3,7.6692
30638.86,169.1,7.6694
30639.86,100.5,7.6694
30640.87,99.5,7.6694
30641.87,102.5,7.6694
30642.88,99.5,7.6694
30643.88,100.5,7.6694
30644.89,100.5,7.6694
30645.9,102.5,7.6694
30646.9,99.5,7.6694
30647.91,101.5,7.6694
30648.91,100.5,7.6694
30649.92,101.5,7.6694
30650.92,99.5,7.6694
30651.93,100.5,7.6694
30652.93,101.5,7.6694
30653.94,101.5,7.6694
30654.94,101.5,7.6694
30655.95,99.5,7.6694
30656.95,100.5,7.6694
30657.96,102.5,7.6694
30658.96,99.5,7.6694
30659.97,101.5,7.6694
30660.97,99.5,7.6694
30661.98,100.5,7.6694
30662.98,100.5,7.6694
30663.99,100.5,7.6694
30664.99,99.6,7.6694
30666.0,101.5,7.6694
30667.0,101.5,7.6694
30668.01,99.5,7.6694
30669.01,100.5,7.6694
30670.02,100.5,7.6694
30671.02,100.5,7.6694
30672.03,104.5,7.6694
30673.03,100.5,7.6696
30674.04,101.5,7.6696
30675.05,99.5,7.6696
30676.05,102.5,7.6696
30677.06,100.5,7.6696
30678.06,101.5,7.6696
30679.07,100.5,7.6696
30680.07,99.5,7.6696
30681.08,101.5,7.6696
30682.08,101.5,7.6696
30683.09,99.5,7.6696
30684.09,102.5,7.6696
30685.1,99.4,7.6696
30686.1,101.6,7.6696
30687.11,99.5,7.6696
30688.11,100.5,7.6696
30689.12,103.5,7.6696
30690.12,100.5,7.6696
30691.13,101.5,7.6696
30692.13,104.5,7.6696
30693.14,100.5,7.6696
30694.14,101.5,7.6696
30695.15,100.5,7.6696
30696.15,100.5,7.6696
30697.16,100.5,7.6696
30698.16,99.5,7.6696
30699.17,101.5,7.6696
30700.17,100.5,7.6696
30701.18,101.5,7.6696
30702.18,100.5,7.6696
30703.19,100.6,7.6696
30704.19,102.6,7.6696
30705.2,100.5,7.6696
30706.2,99.5,7.6696
30707.21,101.5,7.6696
30708.21,100.5,7.6696
30709.22,100.5,7.6696
30710.22,100.7,7.6696
30711.23,100.5,7.6696
30712.23,99.5,7.6696
30713.24,100.5,7.6696
30714.24,101.5,7.6696
30715.25,100.5,7.6696
30716.25,101.5,7.6696
30717.26,102.5,7.6696
30718.26,99.5,7.6696
30719.27,99.5,7.6696
30720.27,101.5,7.6696
30721.28,99.5,7.6699
30722.28,100.5,7.6699
30723.29,100.5,7.6699
30724.29,100.6,7.6699
30725.3,102.5,7.6699
30726.3,99.5,7.6699
30727.31,100.5,7.6699
30728.31,99.5,7.6699
30729.32,102.5,7.6699
30730.32,101.5,7.6699
30731.33,100.5,7.6699
30732.34,101.5,7.6699
30733.34,101.5,7.6699
30734.35,100.5,7.6699
30735.35,101.5,7.6699
30736.36,99.5,7.6699
30737.36,100.5,7.6699
30738.37,101.5,7.6699
30739.37,100.5,7.6699
30740.38,100.5,7.6699
30741.38,101.6,7.6699
30742.39,100.5,7.6699
30743.39,100.5,7.6701
30744.4,100.5,7.6701
30745.4,100.5,7.6701
30746.41,100.5,7.6701
30747.41,100.5,7.6701
30748.42,101.5,7.6701
30749.42,100.5,7.6701
30750.43,100.5,7.6701
30751.43,100.5,7.6701
30752.44,100.6,7.6701
30753.44,101.5,7.6701
30754.45,100.5,7.6701
30755.45,100.5,7.6701
30756.46,102.5,7.6701
30757.46,100.5,7.6701
30758.47,99.5,7.6701
30759.47,100.5,7.6701
30760.48,100.6,7.6701
30761.48,100.5,7.6701
30762.49,102.5,7.6701
30763.49,100.5,7.6701
30764.5,100.5,7.6701
30765.5,101.5,7.6701
30766.51,100.5,7.6701
30767.51,100.5,7.6701
30768.52,100.5,7.6701
30769.52,101.5,7.6701
30770.53,101.5,7.6701
30771.53,99.5,7.6701
30772.54,100.5,7.6701
30773.54,100.5,7.6701
30774.55,101.5,7.6701
30775.55,100.5,7.6701
30776.56,100.5,7.6701
30777.56,100.5,7.6701
30778.57,100.5,7.6701
30779.57,101.5,7.6701
30780.58,100.5,7.6699
30781.58,100.5,7.6699
30782.59,101.4,7.6699
30783.6,101.5,7.6699
30784.6,100.5,7.6693
30785.61,100.5,7.6693
30786.61,102.5,7.6693
30787.62,99.5,7.6693
30788.62,104.5,7.6693
30789.63,100.5,7.6693
30790.63,100.5,7.6693
30791.64,99.5,7.6693
30792.64,101.5,7.6693
30793.65,99.5,7.6692
30794.65,101.5,7.6692
30795.66,100.5,7.6692
30796.66,100.5,7.6692
30797.67,102.5,7.6692
30798.67,100.5,7.6692
30799.68,100.5,7.6692
30800.68,101.5,7.6692
30801.69,99.5,7.6692
30802.69,99.5,7.6692
30803.7,101.5,7.6692
30804.7,100.5,7.6695
30805.71,101.5,7.6695
30806.71,101.5,7.6695
30807.72,100.5,7.6695
30808.72,100.5,7.6695
30809.73,100.5,7.6695
30810.74,100.5,7.6695
30811.74,101.5,7.6695
30812.75,100.5,7.6695
30813.75,100.5,7.6695
30814.76,100.5,7.6695
30815.76,99.5,7.6695
30816.77,101.5,7.6695
30817.77,99.5,7.6695
30818.78,99.5,7.6695
30819.78,103.5,7.6695
30820.79,100.5,7.6695
30821.79,100.4,2.4993
30822.8,304.0,2.7343
30823.8,316.1,2.95
30824.8,353.9,3.2372
30825.81,334.0,3.6075
30826.81,318.2,3.9629
30827.81,307.3,4.3008
30828.82,308.3,4.6368
30829.82,309.3,4.9928
30830.83,308.4,5.4329
30831.84,302.4,5.772
30832.84,313.6,6.1542
30833.85,302.3,6.5007
30834.85,308.5,6.8407
30835.86,301.3,7.1553
30836.86,324.1,7.5739
30837.86,1.0,2.5289
30838.87,335.5,2.87
30839.87,347.9,3.0078
30840.87,346.1,3.2317
30841.87,333.7,3.5044
30842.88,326.5,3.7466
30843.88,314.3,4.0319
30844.89,310.6,4.2686
30845.89,312.4,4.6023
30846.9,312.4,4.9553
30847.9,302.6,5.3389
30848.91,302.6,5.7343
30849.91,304.4,6.0747
30850.92,304.4,6.4329
30851.92,278.4,6.7934
30852.93,268.2,7.1089
30853.93,3.0,2.6615
30854.93,324.0,2.9399
30855.94,343.6,3.1475
30856.94,316.3,3.4068
30857.95,312.5,3.646
30858.95,314.5,3.907
30859.96,305.5,4.1613
30860.96,308.5,4.5169
30861.97,303.4,4.8396
30862.97,307.5,5.2188
30863.98,304.4,5.5578
30864.98,307.6,5.9221
30865.99,302.4,6.289
30866.99,305.9,6.5935
30867.99,2.0,2.5028
30869.0,336.4,2.899
30870.0,343.8,3.1158
30871.0,319.3,3.4904
30872.01,307.6,3.8604
30873.01,305.4,4.1743
30874.02,307.5,4.4959
30875.02,304.4,4.8243
30876.03,304.6,5.172
30877.03,309.3,5.5524
30878.04,303.6,5.8996
30879.04,307.6,6.181
30880.05,301.4,6.4823
30881.05,3.0,2.5098
30882.06,336.1,2.8638
30883.06,368.1,3.0817
30884.07,331.3,3.4719
30885.07,314.3,3.8387
30886.08,309.4,4.1861
30887.08,1.0,2.5025
30888.09,331.3,2.8652
30889.09,366.3,3.0935
30890.09,333.3,3.4748
30891.09,312.3,3.845
30892.1,305.4,4.1987
30893.11,317.3,4.5628
30894.11,200.9,5.0683
30895.12,198.0,2.4035
30896.12,2.0,2.7362
30897.12,351.7,2.9876
30898.13,344.3,3.3531
30899.14,313.3,3.7007
30900.14,307.4,4.0395
30901.15,316.4,4.3837
30902.15,276.5,4.728
30903.16,193.0,5.1013
30904.16,301.4,5.5257
30905.17,265.8,5.8951
30906.17,253.7,6.2767
30907.18,146.2,6.6767
30908.18,106.5,7.078
30909.19,106.4,7.3861
30910.19,133.3,7.7162
30911.2,102.5,7.738
30912.2,101.5,7.738
30913.21,154.2,7.738
30914.21,106.4,7.738
30915.22,100.5,7.738
30916.22,101.5,7.7126
30917.23,99.5,7.7126
30918.23,101.6,7.7126
30919.24,100.5,7.7126
30920.24,100.5,7.7126
30921.25,101.5,7.7126
30922.25,99.5,7.7126
30923.26,102.5,7.7126
30924.27,124.4,7.8318
30925.27,101.5,7.8791
30926.28,110.4,7.8793
30927.28,100.5,7.8793
30928.29,100.5,7.8793
30929.29,100.5,7.8793
30930.3,100.5,7.8793
30931.3,100.5,7.8793
30932.31,100.5,7.8793
30933.31,102.5,7.8793
30934.32,100.5,7.8793
30935.32,100.5,7.8793
30936.33,101.5,7.8793
30937.33,101.6,7.8793
30938.34,105.4,7.8793
30939.34,99.5,7.8793
30940.35,120.4,7.88
30941.35,102.5,7.88
30942.36,101.5,7.88
30943.37,121.4,7.88
30944.37,155.3,7.8801
30945.37,108.4,7.8801
30946.38,101.5,7.8801
30947.39,113.4,7.8801
30948.39,175.1,7.8801
30949.4,289.5,7.8827
30950.4,244.7,7.8831
30951.41,115.4,7.8833
30952.41,120.4,7.889
30953.42,101.5,7.889
30954.42,99.6,7.889
30955.43,101.5,7.889
30956.43,102.5,7.889
30957.44,99.5,7.889
30958.44,101.5,7.889
30959.45,201.9,7.8893
30960.45,152.2,2.4037
30961.45,1.0,2.6019
30962.46,340.2,2.9168
30963.46,353.7,3.1407
30964.46,336.7,3.4067
30965.47,314.5,3.6565
30966.48,312.3,3.8978
30967.48,306.6,4.214
30968.49,306.4,4.6031
30969.49,125.3,5.0924
30970.49,128.4,5.5726
30971.5,111.4,6.0942
30972.51,131.3,6.5933
30973.51,101.5,7.0466
30974.52,136.3,7.5107
30975.52,100.5,7.6056
30976.53,100.5,7.6629
30977.53,102.5,7.6629
30978.54,102.5,7.6629
30979.54,100.5,7.6629
30980.55,100.5,7.6629
30981.55,99.5,7.6629
30982.56,101.5,7.6629
30983.56,127.3,7.7715
30984.57,101.5,7.8193
30985.57,103.5,7.8193
30986.58,102.5,7.8193
30987.58,100.5,7.8193
30988.59,99.5,7.8195
30989.59,102.5,7.8195
30990.6,101.5,7.8195
30991.6,100.5,7.8195
30992.61,126.4,7.8202
30993.61,100.5,7.8202
30994.62,99.5,7.8202
30995.63,101.5,7.8202
30996.63,99.5,7.8202
30997.64,101.5,7.8203
30998.64,99.5,7.8203
30999.64,120.6,7.8204
31000.65,100.5,7.8204
31001.65,100.5,7.8204
31002.66,99.5,7.8204
31003.66,101.5,7.8204
31004.67,102.5,7.8204
31005.68,100.5,7.8204
31006.68,152.2,7.8204
31007.69,214.0,7.8205
31008.69,121.4,7.8207
31009.7,99.5,7.8207
31010.7,100.5,7.8207
31011.71,111.4,7.8207
31012.71,100.5,7.8207
31013.72,99.5,7.8207
31014.72,102.5,7.8207
31015.73,100.5,7.8207
31016.73,102.5,7.8207
31017.74,101.5,7.8207
31018.74,100.5,7.8207
31019.75,119.4,7.8208
31020.75,99.5,7.8208
31021.76,102.5,7.8208
31022.76,105.4,7.8208
31023.77,201.0,7.8209
31024.78,120.4,7.8277
31025.78,99.5,7.8277
31026.79,101.5,7.8179
31027.79,100.5,7.8179
31028.8,100.5,7.818
31029.8,101.5,7.818
31030.81,100.5,7.818
31031.81,103.5,7.818
31032.82,99.5,7.818
31033.82,102.5,7.818
31034.83,100.5,7.818
31035.83,99.5,7.818
31036.84,102.5,7.818
31037.84,99.5,7.818
31038.85,100.5,7.818
31039.85,101.5,7.818
31040.86,100.5,7.818
31041.86,99.5,7.818
31042.87,101.5,7.8182
31043.87,100.7,7.8182
31044.87,101.7,7.8182
31045.88,100.5,7.8182
31046.89,99.5,7.8182
31047.89,101.5,7.8182
31048.9,110.4,7.8182
31049.9,99.7,7.8182
31050.9,101.5,7.8182
31051.91,99.5,7.8182
31052.91,100.5,7.8182
31053.92,101.5,7.8182
31054.92,99.5,7.8182
31055.93,100.5,7.8182
31056.94,100.5,7.8182
31057.94,100.5,7.8182
31058.95,101.5,7.8182
31059.95,100.5,7.8182
31060.96,99.5,7.8185
31061.96,102.5,7.8185
31062.97,101.5,7.8186
31063.97,100.5,7.8186
31064.98,99.5,7.8186
31065.98,100.5,7.8186
31066.99,101.5,7.8186
31067.99,100.4,7.8186
31069.0,100.6,7.8186
31070.0,101.5,7.8186
31071.01,100.5,7.8186
31072.01,101.5,7.8186
31073.02,100.6,7.8186
31074.02,100.5,7.8186
31075.03,100.5,7.8186
31076.03,101.5,7.8186
31077.04,101.5,7.8186
31078.04,100.5,7.8186
31079.05,99.5,7.8186
31080.05,100.5,7.8186
31081.06,100.5,7.8186
31082.06,101.5,7.8186
31083.07,100.5,7.8186
31084.07,100.5,7.8186
31085.08,101.5,7.8186
31086.08,99.5,7.8186
31087.09,100.5,7.8186
31088.1,101.5,7.8186
31089.1,99.5,7.8186
31090.11,100.5,7.8186
31091.11,100.5,7.8186
31092.12,100.5,7.8186
31093.12,101.5,7.8186
31094.13,99.5,7.8186
31095.13,102.5,7.8186
31096.14,99.5,7.8186
31097.14,101.5,7.8186
31098.15,100.5,7.8186
31099.15,99.5,7.8188
31100.16,100.5,7.8188
31101.16,100.5,7.8188
31102.17,101.5,7.8188
31103.17,101.5,7.8188
31104.18,101.5,7.8188
31105.18,101.5,7.8188
31106.19,99.8,7.8188
31107.19,100.5,7.8188
31108.2,101.5,7.8188
31109.2,100.5,7.8188
31110.21,101.5,7.8188
31111.21,99.5,7.8188
31112.22,99.5,7.8188
31113.22,101.5,7.8188
31114.23,101.4,7.8188
31115.24,100.1,7.8188
31116.24,101.5,7.8188
31117.25,100.5,7.8188
31118.25,100.5,7.8188
31119.26,99.5,7.8188
31120.27,101.2,7.8188
31121.27,102.5,7.8188
31122.28,99.5,7.8188
31123.28,100.5,7.8191
31124.29,100.5,7.8191
31125.29,101.5,7.8191
31126.3,100.5,7.8191
31127.3,101.5,7.8191
31128.31,100.5,7.8191
31129.31,100.5,7.8191
31130.32,101.5,7.8191
31131.32,102.5,7.8191
31132.33,99.5,7.8191
31133.33,100.5,7.8191
31134.34,100.5,7.8191
31135.35,101.2,7.8191
31136.35,99.5,7.8191
31137.36,100.5,7.8191
31138.36,101.5,7.8191
31139.37,100.5,7.8191
31140.37,99.5,7.8191
31141.38,101.5,7.8191
31142.38,100.5,7.8191
31143.39,101.5,7.8191
31144.39,99.5,7.8191
31145.4,101.5,7.8193
31146.4,100.5,7.8193
31147.41,101.5,7.8193
31148.41,101.5,7.8193
31149.42,99.6,7.8193
31150.43,100.2,7.8193
31151.43,101.5,7.8193
31152.44,100.5,7.8193
31153.44,101.5,7.8193
31154.45,100.5,7.8193
31155.45,100.5,7.8193
31156.46,100.5,7.8193
31157.46,101.5,7.8193
31158.46,98.7,7.8193
31159.47,102.8,7.8193
31160.47,99.8,7.8193
31161.47,99.5,7.8193
31162.48,102.5,7.8193
31163.48,99.5,7.8193
31164.49,100.5,7.8193
31165.5,103.5,7.8193
31166.5,99.5,7.8193
31167.51,101.5,7.8193
31168.51,100.5,7.8193
31169.52,99.5,7.8193
31170.52,100.5,7.8193
31171.53,101.5,7.8193
31172.53,100.5,7.8193
31173.54,100.5,7.8193
31174.54,100.5,7.8193
31175.55,100.5,7.8193
31176.55,101.5,7.8193
31177.56,101.5,7.8193
31178.56,99.5,7.8193
31179.57,100.5,7.8193
31180.57,101.5,7.8193
31181.58,100.5,7.8193
31182.58,100.5,7.8193
31183.59,100.5,7.8193
31184.59,101.5,7.8193
31185.6,102.5,7.8193
31186.6,100.5,7.8193
31187.61,99.5,7.8193
31188.61,101.4,7.8193
31189.62,99.5,7.8193
31190.63,101.4,7.8193
31191.63,100.5,7.8193
31192.64,99.5,7.8196
31193.64,101.5,7.8196
31194.64,99.6,7.8196
31195.65,101.5,7.8196
31196.66,101.5,7.8196
31197.66,100.5,7.8196
31198.67,100.5,7.8196
31199.67,101.5,7.8196
31200.68,101.5,7.8196
31201.68,100.5,7.8196
31202.69,100.5,7.8196
31203.69,101.5,7.8196
31204.7,99.5,7.8196
31205.7,101.5,7.8196
31206.71,99.5,7.8196
31207.71,100.5,7.8196
31208.72,101.5,7.8196
31209.72,99.5,7.8196
31210.73,100.5,7.8196
31211.73,101.5,7.8196
31212.74,102.5,7.8196
31213.74,100.6,7.8196
31214.75,100.5,7.8196
31215.75,101.5,7.8196
31216.76,99.5,7.8196
31217.76,101.6,7.8196
31218.77,99.5,7.8196
31219.77,101.5,7.8196
31220.78,99.5,7.8196
31221.78,101.5,7.8196
31222.79,100.5,7.8196
31223.79,101.5,7.8196
31224.8,99.5,7.8196
31225.8,100.6,7.8196
31226.81,100.5,7.8196
31227.81,100.5,7.8196
31228.82,100.5,7.8196
31229.82,100.5,7.8196
31230.83,103.5,7.8198
31231.83,100.5,7.8198
31232.84,101.5,7.8198
31233.84,100.5,7.8198
31234.85,100.5,7.8198
31235.85,99.5,7.8198
31236.86,101.5,7.8198
31237.86,100.5,7.8198
31238.87,99.5,7.8198
31239.87,101.5,7.8198
31240.88,99.5,7.8198
31241.88,102.5,7.8198
31242.89,100.5,7.8198
31243.89,100.5,7.8198
31244.9,100.5,7.8198
31245.9,101.5,7.8198
31246.91,100.5,7.8198
31247.91,100.5,7.8198
31248.92,101.5,7.8198
31249.92,100.5,7.8198
31250.93,100.5,7.8198
31251.93,100.5,7.8198
31252.94,101.5,7.8198
31253.94,99.5,7.8198
31254.95,101.5,7.8198
31255.95,101.5,7.8198
31256.96,99.5,7.8198
31257.96,100.5,7.8198
31258.97,100.5,7.8198
31259.97,100.5,7.8198
31260.98,103.7,2.4947
31261.98,299.5,2.7021
31262.99,333.9,2.9063
31263.99,356.3,3.0988
31265.0,325.3,3.4559
31266.0,302.4,3.7876
31267.01,309.3,4.1049
31268.01,325.3,4.4404
31269.02,280.5,4.9178
31270.02,249.7,5.4229
31271.03,136.3,5.9412
31272.03,121.4,6.4783
31273.04,103.6,7.0312
31274.04,157.2,7.5556
31275.05,110.4,7.5556
31276.05,101.5,7.5819
31277.06,99.6,7.6556
31278.06,101.5,7.6556
31279.07,99.5,7.6556
31280.07,101.5,7.6556
31281.08,100.5,7.6556
31282.08,123.4,7.8118
31283.09,101.5,7.8118
31284.09,99.6,7.8118
31285.1,101.5,7.8119
31286.1,99.3,7.8119
31287.11,101.5,7.8119
31288.12,101.5,7.8119
31289.12,120.5,7.8126
31290.12,101.5,7.8126
31291.13,100.3,7.8126
31292.14,100.5,7.8126
31293.14,102.5,7.8126
31294.15,100.4,7.8126
31295.15,99.5,7.8126
31296.16,119.5,7.8127
31297.16,100.4,7.8127
31298.17,100.4,7.8127
31299.17,102.5,7.8127
31300.18,99.5,7.8127
31301.18,100.5,7.8127
31302.19,101.5,7.8127
31303.19,117.5,7.8129
31304.2,101.5,7.8129
31305.2,100.5,7.813
31306.21,101.5,7.813
31307.21,101.5,7.813
31308.22,100.5,7.813
31309.23,101.5,7.813
31310.23,100.5,7.813
31311.24,121.4,7.9211
31312.24,100.5,7.9211
31313.25,100.6,7.9211
31314.25,101.5,7.9211
31315.26,100.5,7.9211
31316.26,101.5,7.9213
31317.27,100.5,7.9213
31318.27,112.4,7.9214
31319.28,101.5,8.2945
31320.28,100.5,8.7322
31321.29,142.2,9.235
31322.29,101.5,9.235
31323.3,99.5,9.235
31324.3,101.5,9.235
31325.31,99.5,9.2352
31326.31,102.5,9.2352
31327.32,100.5,9.2352
31328.32,211.0,9.2374
31329.33,301.4,9.2802
31330.33,223.8,9.2815
31331.34,212.0,9.3127
31332.34,140.3,9.3139
31333.35,101.5,9.3139
31334.35,99.6,9.3139
31335.36,101.5,9.3139
31336.36,101.5,9.2461
31337.37,101.5,9.2461
31338.37,103.5,9.2461
31339.38,99.5,9.2461
31340.38,101.5,9.2461
31341.39,100.5,9.2461
31342.39,103.5,9.2461
31343.4,100.5,9.2469
31344.4,102.5,9.2469
31345.41,102.5,9.2469
31346.42,99.5,9.2469
31347.42,101.5,9.2469
31348.43,102.5,9.247
31349.43,100.5,9.247
31350.44,100.5,9.247
31351.44,100.5,9.247
31352.45,99.6,9.247
31353.45,102.5,9.2472
31354.46,100.5,9.2472
31355.46,103.5,9.2472
31356.47,100.5,9.2472
31357.47,100.5,9.2472
31358.48,101.5,9.2472
31359.48,100.5,9.2472
31360.49,101.5,9.2472
31361.49,99.5,9.2472
31362.5,102.5,9.2474
31363.5,100.5,9.2474
31364.51,101.5,9.2474
31365.51,115.4,9.2474
31366.52,104.5,9.2474
31367.52,101.5,9.2474
31368.53,100.5,9.2474
31369.53,112.4,9.2474
31370.54,99.5,9.2474
31371.54,100.5,9.2474
31372.55,103.5,9.2474
31373.55,101.5,9.2474
31374.56,100.5,9.2474
31375.56,100.5,9.2474
31376.57,100.5,9.2474
31377.57,100.5,9.2474
31378.58,101.5,9.2474
31379.58,99.5,9.2474
31380.59,101.5,9.2474
31381.59,101.5,9.2474
31382.6,99.5,9.2474
31383.61,101.5,9.2474
31384.61,99.5,9.2474
31385.62,101.5,9.2474
31386.62,100.5,9.2474
31387.63,101.5,9.2474
31388.63,100.5,9.2474
31389.64,99.5,9.2474
31390.64,101.5,9.2474
31391.65,100.5,9.2474
31392.65,102.5,9.2474
31393.66,100.5,9.2474
31394.66,101.5,9.2474
31395.67,101.5,9.2474
31396.67,99.5,9.2474
31397.68,101.5,9.2474
31398.68,100.5,9.2474
31399.69,100.5,9.2474
31400.69,101.5,9.2477
31401.7,99.5,9.2477
31402.7,100.5,9.2477
31403.71,100.5,9.2477
31404.71,100.5,9.2477
31405.72,101.5,9.2477
31406.72,101.5,9.2477
31407.73,99.5,9.2477
31408.73,101.5,9.2477
31409.74,99.5,9.2477
31410.74,101.5,9.2477
31411.75,100.6,9.2477
31412.75,100.5,9.2477
31413.76,100.5,9.2477
31414.77,102.5,9.2477
31415.77,100.5,9.2477
31416.78,100.5,9.2477
31417.78,101.5,9.2477
31418.79,101.5,9.2477
31419.79,99.5,9.2477
31420.8,101.5,9.2477
31421.8,100.7,9.2477
31422.8,100.5,9.2479
31423.81,100.5,9.2479
31424.81,100.5,9.2479
31425.82,101.5,9.2479
31426.82,100.5,9.2479
31427.83,99.5,9.2479
31428.84,101.5,9.2479
31429.84,99.5,9.2479
31430.85,103.5,9.2479
31431.85,100.5,9.2479
31432.86,100.5,9.2479
31433.86,102.5,9.2479
31434.87,99.6,9.2479
31435.87,100.6,9.2479
31436.87,99.5,9.2479
31437.88,102.5,9.2479
31438.89,99.5,9.2479
31439.89,101.6,9.2479
31440.89,100.5,9.2479
31441.9,100.5,9.2479
31442.91,100.5,9.2479
31443.91,102.5,9.2479
31444.92,100.5,9.2479
31445.92,101.5,9.2479
31446.93,100.5,9.2479
31447.93,99.5,9.2479
31448.94,101.5,9.2479
31449.94,101.5,9.2479
31450.95,99.5,9.2479
31451.95,100.5,9.2479
31452.96,100.5,9.2479
31453.96,100.5,9.2479
31454.97,101.5,9.2479
31455.97,100.5,9.2479
31456.98,100.6,9.2479
31457.98,101.5,9.2479
31458.99,99.5,9.2479
31459.99,101.5,9.2479
31461.0,101.5,9.2479
31462.0,100.5,9.2479
31463.01,100.5,9.2479
31464.01,100.5,9.2479
31465.02,100.5,9.2479
31466.02,100.5,9.2479
31467.03,100.5,9.2479
31468.03,99.5,9.2479
31469.04,101.5,9.2479
31470.04,102.5,9.2479
31471.05,99.5,9.2479
31472.06,101.5,9.2479
31473.06,100.5,9.2479
31474.07,100.5,9.2479
31475.07,99.5,9.2479
31476.08,101.5,9.2479
31477.08,100.5,9.2479
31478.09,100.5,9.2479
31479.09,99.5,9.2479
31480.1,103.5,9.2479
31481.1,100.5,9.2479
31482.11,99.5,9.2479
31483.11,101.5,9.2479
31484.12,99.5,9.2479
31485.12,100.5,9.2482
31486.13,101.5,9.2482
31487.13,100.5,9.2482
31488.14,101.5,9.2482
31489.14,99.5,9.2482
31490.15,100.5,9.2482
31491.15,100.4,9.2482
31492.16,101.5,9.2482
31493.16,101.5,9.2484
31494.17,100.5,9.2484
31495.18,101.5,9.2484
31496.18,99.5,9.2484
31497.19,102.5,9.2484
31498.19,99.5,9.2484
31499.2,101.5,9.2484
31500.2,100.5,9.2484
31501.21,100.5,9.2484
31502.21,101.5,9.2484
31503.22,99.5,9.2484
31504.22,100.5,9.2484
31505.23,101.5,9.2484
31506.23,101.5,9.2484
31507.24,99.5,9.2484
31508.24,100.5,9.2484
31509.25,100.5,9.2484
31510.25,101.5,9.2484
31511.26,100.5,9.2484
31512.26,100.6,9.2484
31513.27,101.5,9.2484
31514.27,99.5,9.2484
31515.28,101.5,9.2484
31516.28,100.5,9.2484
31517.29,101.5,9.2484
31518.29,100.5,9.2484
31519.3,100.5,9.2484
31520.3,101.5,9.2484
31521.31,100.5,9.2484
31522.31,101.7,9.2484
31523.32,100.5,9.2484
31524.32,100.5,9.2484
31525.33,100.5,9.2484
31526.33,101.5,9.2484
31527.34,99.5,9.2484
31528.34,101.5,9.2484
31529.35,99.5,9.2484
31530.35,101.5,9.2484
31531.36,99.5,9.2484
31532.36,100.6,9.2484
31533.37,102.5,9.2484
31534.37,100.5,9.2484
31535.38,99.5,9.2484
31536.38,101.6,9.2484
31537.39,102.6,9.2484
31538.39,99.5,9.2484
31539.4,101.5,9.2484
31540.4,100.5,9.2484
31541.41,100.5,9.2484
31542.41,100.5,9.2484
31543.42,99.5,9.2484
31544.42,102.5,9.2484
31545.43,101.5,9.2484
31546.43,99.5,9.2484
31547.44,100.5,9.2484
31548.44,100.5,9.2484
31549.45,100.5,9.2484
31550.45,101.5,9.2484
31551.46,99.5,9.2484
31552.46,100.5,9.2484
31553.47,101.5,9.2484
31554.47,100.5,9.2484
31555.48,99.5,9.2484
31556.48,101.5,9.2484
31557.49,99.5,9.2484
31558.49,100.5,9.2484
31559.5,102.5,9.2484
31560.5,100.5,9.2484
31561.51,100.7,2.5645
31562.51,325.3,2.8528
31563.51,339.9,3.0247
31564.52,339.3,3.3958
31565.53,319.3,3.7658
31566.53,318.0,4.0936
31567.53,243.8,4.2425
31568.54,143.3,4.334
31569.54,120.4,4.3846
31570.55,100.4,4.4287
31571.55,101.5,4.466
31572.56,104.5,4.5041
31573.57,101.5,4.5304
31574.57,104.5,4.5526
31575.58,99.5,4.5731
31576.58,102.5,4.5883
31577.59,100.5,4.6012
31578.59,100.5,4.6222
31579.6,99.5,4.6433
31580.6,100.5,4.6568
31581.61,102.5,4.6703
31582.61,104.5,4.6856
31583.62,103.5,4.7045
31584.62,101.5,4.7225
31585.63,99.5,4.7352
31586.63,119.4,4.7548
31587.64,101.5,4.7698
31588.64,102.5,4.7879
31589.65,99.5,4.804
31590.65,101.5,4.8205
31591.66,99.5,4.8368
31592.66,101.5,4.854
31593.67,102.5,4.8698
31594.67,101.5,4.8795
31595.68,105.4,4.8941
31596.68,111.4,4.9045
31597.69,100.5,4.9272
31598.69,101.6,4.9448
31599.7,101.5,4.9607
31600.7,111.4,4.9803
31601.71,100.5,5.0006
31602.71,100.5,5.0149
31603.72,100.5,5.03
31604.72,101.5,5.0517
31605.73,100.5,5.0713
31606.73,101.5,5.0897
31607.74,100.5,5.1026
31608.75,106.4,5.1177
31609.75,99.5,5.131
31610.75,100.6,5.1446
31611.76,101.5,5.1471
31612.77,99.5,5.1506
31613.77,102.6,5.1523
31614.77,101.5,5.1549
31615.78,99.5,5.1589
31616.78,101.5,5.1649
31617.79,100.5,5.1706
31618.79,101.5,5.1767
31619.8,100.5,5.1809
31620.8,100.5,5.1862
31621.81,100.5,5.1925
31622.81,100.5,5.199
31623.82,101.5,5.204
31624.82,100.5,5.2109
31625.83,100.6,5.2171
31626.83,100.5,5.2222
31627.84,100.5,5.2281
31628.84,101.5,5.2346
31629.85,100.5,5.2406
31630.85,99.5,5.2446
31631.86,101.5,5.2487
31632.87,100.5,5.2518
31633.87,101.5,5.2556
31634.88,99.5,5.2589
31635.88,100.5,5.2629
31636.89,100.6,5.2661
31637.89,103.5,5.2694
31638.9,99.5,5.2731
31639.9,101.5,5.2771
31640.91,100.5,5.2801
31641.91,100.5,5.2838
31642.92,101.5,5.2877
31643.92,99.5,5.2917
31644.93,100.5,5.2955
31645.93,100.5,5.2993
31646.94,101.5,5.3029
31647.94,101.5,5.309
31648.95,100.5,5.315
31649.95,99.5,5.3208
31650.96,100.5,5.3252
31651.96,101.5,5.3307
31652.97,101.5,5.3365
31653.97,100.5,5.342
31654.98,99.6,5.3457
31655.98,101.5,5.3492
31656.99,99.6,5.3527
31657.99,100.5,5.3572
31659.0,114.4,5.3618
31660.0,103.5,5.3667
31661.01,99.5,5.3707
31662.01,101.5,5.3739
31663.02,100.5,5.3773
31664.02,100.5,5.3821
31665.03,99.5,5.3873
31666.03,100.6,5.392
31667.04,100.5,5.3963
31668.04,100.5,5.4007
31669.05,102.5,5.4056
31670.05,99.5,5.4099
31671.06,100.5,5.4151
31672.06,102.6,5.419
31673.07,100.5,5.4237
31674.07,99.5,5.4283
31675.08,101.5,5.4331
31676.08,100.5,5.437
31677.09,100.5,5.4402
31678.09,99.5,5.4429
31679.1,100.7,5.4464
31680.1,101.5,5.4489
31681.11,101.5,5.4517
31682.11,100.5,5.4544
31683.12,102.5,5.4574
31684.12,99.5,5.4596
31685.13,99.6,5.4632
31686.13,100.5,5.4657
31687.14,100.5,5.4685
31688.14,100.5,5.4715
31689.15,100.5,5.474
31690.15,100.5,5.477
31691.16,101.5,5.4798
31692.16,99.4,5.483
31693.17,101.5,5.4856
31694.17,100.7,5.489
31695.18,99.5,5.4922
31696.18,100.5,5.4952
31697.19,99.5,5.4983
31698.19,102.5,5.5017
31699.2,101.5,5.506
31700.2,101.5,5.5111
31701.21,99.5,5.5161
31702.21,100.5,5.5201
31703.22,129.3,5.5231
31704.22,100.5,5.5284
31705.23,100.5,5.5331
31706.23,100.5,5.5379
31707.24,99.5,5.5415
31708.24,102.5,5.5436
31709.25,101.2,5.5459
31710.26,99.5,5.5502
31711.26,101.5,5.5532
31712.27,101.5,5.557
31713.27,99.5,5.5606
31714.28,100.5,5.5644
31715.28,100.5,5.5674
31716.29,101.5,5.5709
31717.29,100.5,5.5741
31718.3,99.5,5.5776
31719.3,101.5,5.5806
31720.31,100.5,5.5838
31721.31,100.5,5.5868
31722.32,100.5,5.5892
31723.33,100.5,5.5918
31724.33,100.5,5.594
31725.34,100.5,5.597
31726.34,99.5,5.5999
31727.35,101.5,5.6024
31728.35,101.5,5.604
31729.36,100.3,5.6062
31730.36,100.5,5.6084
31731.37,99.5,5.6106
31732.37,101.5,5.6126
31733.38,101.5,5.615
31734.38,100.5,5.6167
31735.39,100.7,5.6194
31736.39,101.5,5.6222
31737.4,100.5,5.6257
31738.4,100.5,5.629
31739.41,100.5,5.6327
31740.41,101.5,5.6363
31741.42,99.5,5.6398
31742.42,100.5,5.643
31743.43,101.5,5.6468
31744.43,100.5,5.6499
31745.44,100.5,5.6539
31746.44,100.5,5.6569
31747.45,101.5,5.6607
31748.45,100.4,5.6642
31749.46,100.5,5.6669
31750.46,101.5,5.6693
31751.47,100.5,5.6714
31752.47,100.5,5.6731
31753.48,101.6,5.6754
31754.48,100.5,5.6774
31755.49,99.5,5.6797
31756.49,101.5,5.6814
31757.5,99.5,5.6837
31758.5,102.5,5.6861
31759.51,100.5,5.688
31760.51,99.5,5.6902
31761.52,101.5,5.6917
31762.53,100.5,5.6944
31763.53,100.5,5.6961
31764.54,101.5,5.6986
31765.54,99.5,5.7009
31766.55,100.5,5.7026
31767.55,113.4,5.7057
31768.56,101.5,5.7076
31769.56,100.5,5.7103
31770.57,101.5,5.7133
31771.57,99.4,5.7161
31772.58,100.5,5.7186
31773.58,100.5,5.7218
31774.59,101.5,5.7243
31775.59,101.5,5.7268
31776.6,99.5,5.7293
31777.6,102.5,5.7338
31778.61,99.5,5.7379
31779.61,100.5,5.741
31780.62,99.5,5.7446
31781.62,101.5,5.7483
31782.63,101.5,5.751
31783.63,99.5,5.7547
31784.64,101.5,5.7592
31785.64,99.5,5.7617
31786.65,101.5,5.7642
31787.66,101.5,5.7669
31788.66,99.5,5.7694
31789.67,101.5,5.772
31790.67,100.5,5.7744
31791.68,100.5,5.7769
31792.68,100.5,5.782
31793.69,100.4,5.7857
31794.69,100.5,5.7895
31795.7,100.5,5.7924
31796.7,99.6,5.7961
31797.71,100.5,5.7994
31798.71,100.5,5.8029
31799.72,101.5,5.8071
31800.72,101.5,5.8096
31801.73,101.5,5.812
31802.73,100.5,5.8149
31803.74,101.5,5.8174
31804.74,99.5,5.8199
31805.75,100.5,5.824
31806.75,100.5,5.8289
31807.76,99.5,5.8321
31808.76,102.5,5.8358
31809.77,100.5,5.8381
31810.77,100.5,5.8417
31811.78,100.5,5.8457
31812.78,101.5,5.8494
31813.79,100.5,5.8521
31814.79,100.5,5.8551
31815.8,100.5,5.8571
31816.8,101.5,5.8596
31817.81,100.5,5.8641
31818.81,100.6,5.8686
31819.82,100.5,5.8715
31820.82,100.6,5.8752
31821.83,100.5,5.8774
31822.83,101.5,5.8805
31823.84,99.5,5.885
31824.84,102.5,5.8885
31825.85,99.5,5.8915
31826.85,101.5,5.8945
31827.86,100.5,5.898
31828.86,99.5,5.9023
31829.87,101.5,5.9057
31830.87,100.5,5.9095
31831.88,101.5,5.9125
31832.88,100.5,5.9147
31833.89,99.6,5.9187
31834.89,101.5,5.9225
31835.9,100.5,5.926
31836.9,99.5,5.9287
31837.91,101.5,5.9307
31838.91,100.5,5.9328
31839.92,100.5,5.9353
31840.92,99.5,5.9378
31841.93,102.5,5.9391
31842.94,100.5,5.9411
31843.94,100.5,5.9436
31844.95,100.5,5.9466
31845.95,101.5,5.9491
31846.96,100.5,5.9521
31847.96,100.5,5.9552
31848.97,100.5,5.9577
31849.97,100.5,5.9599
31850.98,102.5,5.9626
31851.98,99.5,5.9651
31852.99,100.5,5.9666
31853.99,100.5,5.9685
31855.0,99.5,5.9706
31856.0,100.6,5.9745
31857.01,101.5,5.9781
31858.01,99.5,5.9815
31859.02,101.5,5.9851
31860.02,100.5,5.9883
31861.03,106.5,2.5024
31862.03,310.4,2.7287
31863.04,305.1,2.9201
31864.04,357.2,3.1324
31865.05,328.3,3.3841
31866.05,315.3,3.6555
31867.06,314.3,3.9043
31868.06,1.0,2.4951
31869.07,293.4,2.7055
31870.07,320.2,2.8863
31871.07,351.6,3.0952
31872.08,329.3,3.3423
31873.08,310.4,3.6385
31874.09,308.4,3.9634
31875.09,323.6,4.3455
31876.1,199.0,4.831
31877.1,157.2,5.3273
31878.11,133.3,5.8515
31879.11,128.4,6.3864
31880.12,103.5,6.9112
31881.12,143.6,7.4835
31882.12,1.0,2.5215
31883.13,333.1,2.8282
31884.13,359.4,2.4123
31885.14,1.0,2.6736
31886.14,337.0,2.8666
31887.14,1.0,2.5347
31888.15,337.2,2.8333
31889.15,338.0,2.9468
31890.16,351.7,3.2109
31891.16,321.3,3.5889
31892.17,318.5,3.9148
31893.17,306.5,4.2616
31894.18,309.0,4.6465
31895.18,302.4,4.8861
31896.19,302.5,5.1833
31897.19,303.5,5.4319
31898.2,317.4,5.8083
31899.2,131.4,6.0597
31900.21,107.4,6.1992
31901.21,103.5,6.3237
31902.22,101.5,6.3977
31903.23,189.0,6.5264
31904.23,139.3,6.5987
31905.24,103.5,6.6433
31906.24,99.5,6.6682
31907.25,102.5,6.642
31908.25,99.5,6.6679
31909.26,101.3,6.7103
31910.26,102.4,6.7186
31911.27,104.4,6.7565
31912.28,101.5,6.767
31913.28,103.4,6.8002
31914.29,100.5,6.8296
31915.29,111.4,6.8662
31916.3,101.5,6.9002
31917.3,102.5,6.9343
31918.31,100.5,6.9591
31919.31,100.5,6.9705
31920.32,103.5,6.9855
31921.32,99.5,7.0081
31922.33,99.5,7.0203
31923.33,101.5,7.0203
31924.34,107.4,7.0349
31925.34,102.5,7.0531
31926.35,101.5,7.0544
31927.35,99.5,7.0799
31928.36,100.5,7.1352
31929.36,102.5,7.1355
31930.37,100.5,7.1444
31931.37,101.5,7.1866
31932.38,100.5,7.1866
31933.38,99.5,7.2193
31934.39,101.5,7.2193
31935.4,100.5,7.2516
31936.4,100.5,7.2516
31937.41,101.5,7.283
31938.41,101.5,7.284
31939.42,100.5,7.2996
31940.42,103.5,7.3225
31941.43,101.5,7.3765
31942.43,100.5,7.3767
31943.44,99.5,7.3789
31944.44,127.6,7.495
31945.45,114.4,7.5369
31946.45,103.5,7.5369
31947.46,99.5,7.5371
31948.46,99.5,7.5371
31949.47,101.5,7.5371
31950.47,102.5,7.562
31951.48,99.5,7.562
31952.48,101.5,7.5753
31953.49,105.5,7.5891
31954.49,99.5,7.5891
31955.5,100.5,7.5891
31956.5,99.6,7.5891
31957.51,101.5,7.5891
31958.51,101.5,7.5891
31959.52,99.5,7.5891
31960.52,100.5,7.5891
31961.53,101.5,7.5891
31962.53,100.5,7.5891
31963.54,103.5,7.5891
31964.54,116.4,7.5891
31965.55,100.5,7.5891
31966.55,99.5,7.5891
31967.56,102.5,7.5891
31968.56,99.5,7.5891
31969.57,100.5,7.5891
31970.57,101.5,7.5891
31971.58,101.5,7.5891
31972.59,100.4,7.5891
31973.59,100.5,7.5891
31974.6,101.5,7.5891
31975.6,101.5,7.5891
31976.61,100.5,7.5891
31977.61,100.5,7.5891
31978.61,100.5,7.5891
31979.62,100.5,7.5891
31980.63,101.5,7.5923
31981.63,101.5,7.6056
31982.64,100.5,7.6199
31983.64,99.5,7.6343
31984.65,101.5,7.6481
31985.65,101.5,7.6634
31986.66,100.5,7.6827
31987.66,100.5,7.6891
31988.67,100.5,7.6891
31989.67,99.7,7.6891
31990.67,101.5,7.6891
31991.68,99.5,7.6891
31992.69,102.5,7.6894
31993.69,100.5,7.6894
31994.7,101.5,7.6894
31995.7,99.5,7.6896
31996.71,100.5,7.6896
31997.71,102.5,7.6896
31998.72,99.5,7.6896
31999.72,101.5,7.6896
32000.73,101.5,7.6896
32001.73,99.5,7.6896
32002.74,101.5,7.6896
32003.74,101.5,7.6896
32004.75,100.5,7.6896
32005.75,109.4,7.6897
32006.76,182.1,7.7086
32007.76,199.0,7.7255
32008.77,106.5,7.7255
32009.77,100.5,7.7255
32010.78,99.5,7.7255
32011.78,106.5,7.7255
32012.79,113.4,7.7258
32013.79,132.3,7.7258
32014.8,103.5,7.7258
32015.8,100.5,7.7258
32016.81,100.5,7.7258
32017.81,101.5,7.7258
32018.82,101.5,7.7258
32019.82,100.5,7.7258
32020.83,100.5,7.7258
32021.83,101.5,7.7258
32022.84,100.5,7.7258
32023.84,101.5,7.7258
32024.85,100.5,7.7258
32025.85,106.5,7.7258
32026.86,104.5,7.7258
32027.87,99.4,7.7258
32028.87,101.5,7.7258
32029.88,101.5,7.7258
32030.88,112.5,7.7259
32031.89,101.5,7.7259
32032.89,102.5,7.7259
32033.9,99.5,7.7259
32034.9,100.5,7.7259
32035.91,100.5,7.7259
32036.91,102.5,7.7259
32037.92,101.5,7.7259
32038.92,100.5,7.7259
32039.93,99.4,7.7259
32040.93,102.5,7.7259
32041.94,104.5,7.7262
32042.94,102.5,7.7262
32043.95,100.5,7.7262
32044.95,100.5,7.7262
32045.96,100.5,7.7262
32046.96,101.5,7.7262
32047.97,100.5,7.7262
32048.97,99.5,7.7262
32049.98,101.5,7.7262
32050.98,101.5,7.7262
32051.99,0.0,2.5241
32052.99,330.3,2.8286
32054.0,364.1,3.0616
32055.0,354.2,3.4372
32056.0,316.6,3.838
32057.01,311.5,4.1736
32058.01,308.4,4.5512
32059.02,302.4,4.9084
32060.03,304.4,5.2562
32061.03,302.4,5.4775
32062.04,303.4,5.7369
32063.04,288.1,6.0522
32064.04,1.0,2.5223
32065.05,296.8,2.7137
32066.05,350.2,2.95
32067.06,341.2,3.312
32068.06,185.0,3.6923
32069.07,168.1,3.8009
32070.07,165.2,3.8928
32071.08,101.5,3.9763
32072.09,102.4,4.1103
32073.09,0.0,2.5236
32074.09,321.0,2.7369
32075.1,355.8,2.8841
32076.1,342.1,3.1163
32077.11,0.0,2.4984
32078.12,299.4,2.726
32079.12,330.9,2.8445
32080.12,346.0,3.1064
32081.13,329.3,3.4896
32082.13,312.4,3.9568
32083.14,304.4,4.4231
32084.14,306.6,4.9076
32085.15,310.1,5.3904
32086.15,318.3,5.817
32087.16,125.3,6.2861
32088.16,112.4,6.76
32089.17,117.4,7.2469
32090.17,129.3,7.5569
32091.18,107.4,7.5571
32092.19,120.3,7.5572
32093.19,103.5,7.5575
32094.2,115.4,7.5575
32095.2,100.5,7.6122
32096.21,101.5,7.6575
32097.21,144.2,7.6576
32098.22,119.4,7.801
32099.22,100.5,7.801
32100.23,102.5,7.801
32101.23,101.5,7.801
32102.24,103.5,7.8011
32103.24,101.5,7.8011
32104.25,102.5,7.8011
32105.25,101.7,7.8011
32106.26,121.4,7.8017
32107.26,134.3,7.8017
32108.27,109.4,7.8018
32109.27,102.5,7.8018
32110.28,100.5,7.8018
32111.28,99.5,7.8018
32112.29,107.4,7.8018
32113.29,99.5,7.8018
32114.3,102.5,7.8018
32115.3,116.4,7.8019
32116.31,100.5,7.8019
32117.31,102.5,7.8019
32118.32,102.5,7.8019
32119.32,99.5,7.8019
32120.33,100.5,7.8019
32121.33,100.5,7.8019
32122.34,102.5,7.8019
32123.35,118.4,7.8019
32124.35,101.5,7.8019
32125.36,99.5,7.8019
32126.36,100.5,7.8019
32127.37,102.5,7.8019
32128.37,101.5,7.8019
32129.38,99.5,7.8019
32130.38,101.5,7.8019
32131.39,99.5,7.8019
32132.39,119.4,7.897
32133.4,101.5,7.897
32134.4,101.5,7.897
32135.41,99.5,7.897
32136.41,100.5,7.897
32137.42,101.5,7.897
32138.42,100.5,7.897
32139.43,101.5,7.897
32140.43,100.5,8.0847
32141.44,100.5,8.5946
32142.44,100.5,9.0492
32143.45,140.3,9.2542
32144.45,100.5,9.2542
32145.46,100.5,9.2542
32146.47,100.5,9.2542
32147.47,101.5,9.2542
32148.48,98.5,9.2543
32149.48,102.5,9.2543
32150.49,100.5,9.2543
32151.49,102.4,9.2543
32152.5,100.5,9.2543
32153.5,100.5,9.2543
32154.51,103.5,9.2543
32155.51,99.5,9.2543
32156.52,102.5,9.2543
32157.52,101.5,9.2543
32158.53,99.5,9.2543
32159.53,101.5,9.2543
32160.54,100.5,9.2543
32161.54,99.5,9.2543
32162.55,102.5,9.2545
32163.55,101.5,9.2551
32164.56,99.6,9.2554
32165.56,100.5,9.2554
32166.57,101.5,9.2554
32167.57,100.5,9.2554
32168.58,99.6,9.2554
32169.58,100.5,9.2554
32170.59,100.5,9.2554
32171.59,101.5,9.2554
32172.6,102.5,9.2554
32173.6,99.5,9.2554
32174.61,101.5,9.2554
32175.61,100.5,9.2554
32176.62,100.5,9.2554
32177.62,100.5,9.2556
32178.63,100.5,9.2556
32179.64,102.5,9.2556
32180.64,99.5,9.2556
32181.65,101.5,9.2556
32182.65,100.5,9.2556
32183.66,100.5,9.2556
32184.66,101.5,9.2556
32185.67,100.5,9.2556
32186.67,100.5,9.2556
32187.68,100.5,9.2556
32188.68,100.6,9.2556
32189.69,100.6,9.2556
32190.69,102.5,9.2556
32191.7,99.5,9.2556
32192.7,99.5,9.2556
32193.71,102.5,9.2557
32194.71,99.5,9.2557
32195.72,101.5,9.2557
32196.72,102.5,9.2557
32197.73,100.5,9.2557
32198.73,99.5,9.2557
32199.74,101.5,9.2557
32200.74,101.6,9.2557
32201.75,100.5,9.2557
32202.75,99.5,9.2557
32203.76,101.5,9.2557
32204.76,100.5,9.2557
32205.77,101.5,9.2557
32206.77,100.5,9.2557
32207.78,99.5,9.2557
32208.78,101.5,9.2557
32209.79,100.5,9.2557
32210.79,101.5,9.2557
32211.8,100.5,9.2557
32212.8,118.4,9.2557
32213.81,101.5,9.2559
32214.81,100.5,9.2559
32215.82,100.5,9.2559
32216.82,100.5,9.2559
32217.83,100.5,9.2559
32218.83,101.5,9.2559
32219.84,99.5,9.2559
32220.85,102.5,9.2559
32221.85,99.5,9.2559
32222.86,100.5,9.2559
32223.86,102.5,9.2559
32224.87,100.5,9.2559
32225.87,99.5,9.2559
32226.88,101.5,9.2561
32227.88,101.5,9.2561
32228.89,100.5,9.2561
32229.89,101.5,9.2561
32230.9,100.5,9.2561
32231.9,100.5,9.2561
32232.91,100.5,9.2561
32233.91,100.6,9.2562
32234.92,101.5,9.2562
32235.92,100.4,9.2562
32236.93,101.5,9.2562
32237.94,100.5,9.2562
32238.94,100.5,9.2562
32239.95,101.5,9.2562
32240.95,100.4,9.2562
32241.96,101.5,9.2562
32242.96,100.5,9.2567
32243.97,101.5,9.2567
32244.97,99.5,9.2567
32245.98,100.5,9.2567
32246.98,101.5,9.2567
32247.99,101.5,9.2567
32248.99,100.5,9.2567
32250.0,100.5,9.2569
32251.0,100.5,9.2569
32252.01,100.5,9.2569
32253.01,101.5,9.2569
32254.02,102.5,9.2569
32255.02,99.6,9.2569
32256.03,100.5,9.2569
32257.03,101.5,9.2569
32258.04,100.5,9.2569
32259.05,99.5,9.2569
32260.05,100.5,9.257
32261.06,100.5,9.257
32262.06,100.5,9.257
32263.07,101.5,9.257
32264.07,100.5,9.257
32265.08,100.5,9.257
32266.08,101.5,9.257
32267.09,99.3,9.257
32268.1,102.2,9.257
32269.1,101.5,9.2572
32270.11,100.6,9.2572
32271.11,100.5,9.2572
32272.12,100.5,9.2574
32273.12,100.5,9.2574
32274.13,99.6,9.2574
32275.13,101.5,9.2574
32276.14,99.5,9.2574
32277.14,101.5,9.2574
32278.15,101.5,9.2574
32279.15,100.5,9.2574
32280.16,100.5,9.2574
32281.16,101.5,9.2574
32282.17,100.5,9.2574
32283.17,102.5,9.2574
32284.18,100.5,9.2574
32285.18,100.5,9.2577
32286.19,100.5,9.2577
32287.19,99.5,9.2577
32288.2,101.5,9.2577
32289.2,100.5,9.2578
32290.21,100.5,9.2578
32291.21,99.5,9.2578
32292.22,102.5,9.2578
32293.22,100.5,9.2578
32294.23,99.5,9.2578
32295.23,101.5,9.2578
32296.24,100.2,9.2578
32297.25,102.5,9.2578
32298.25,99.7,9.2578
32299.25,100.5,9.2578
32300.26,100.5,9.2578
32301.26,101.6,9.2578
32302.27,99.5,9.2578
32303.27,101.5,9.2578
32304.28,100.5,9.2578
32305.28,100.5,9.2578
32306.29,101.5,9.2578
32307.29,99.7,9.2578
32308.3,101.5,9.2578
32309.3,101.5,9.2578
32310.31,100.5,9.2578
32311.31,100.5,9.2578
32312.32,101.5,9.2578
32313.32,100.5,9.258
32314.33,100.5,9.258
32315.33,100.5,9.258
32316.34,99.3,9.258
32317.35,103.5,9.2583
32318.35,101.5,9.2798
32319.36,99.5,9.28
32320.36,132.3,9.28
32321.37,168.3,9.28
32322.37,102.5,9.28
32323.38,103.5,9.28
32324.38,101.5,9.28
32325.39,101.5,9.28
32326.39,105.4,9.28
32327.4,101.5,9.28
32328.4,100.5,9.28
32329.41,100.5,9.28
32330.41,104.4,9.28
32331.42,99.5,9.28
32332.42,101.5,9.28
32333.43,100.5,9.28
32334.43,100.5,9.2803
32335.44,99.5,9.2803
32336.45,102.5,9.2803
32337.45,100.5,9.2803
32338.46,99.5,9.2803
32339.46,100.6,9.2803
32340.47,101.5,9.2803
32341.47,100.4,9.2803
32342.47,100.6,9.2803
32343.48,100.5,9.2803
32344.48,102.5,9.2803
32345.49,99.5,9.2803
32346.5,100.5,9.2803
32347.5,100.5,9.2803
32348.51,113.4,9.2803
32349.51,103.5,9.2803
32350.52,110.4,9.2803
32351.52,106.4,9.2803
32352.53,99.5,9.2803
32353.53,103.5,9.2804
32354.54,102.5,9.2804
32355.54,99.7,9.2804
32356.55,113.4,9.2804
32357.55,102.5,9.2804
32358.56,99.5,9.2804
32359.56,100.5,9.2804
32360.57,100.5,9.2804
32361.57,108.4,9.2804
32362.58,101.5,9.2806
32363.58,99.7,9.2806
32364.59,100.5,9.2806
32365.59,102.5,9.2806
32366.59,99.7,9.2806
32367.6,100.8,9.2806
32368.6,100.5,9.2806
32369.61,101.5,9.2806
32370.61,100.5,9.2806
32371.62,99.5,9.2806
32372.62,102.5,9.2806
32373.63,128.4,9.2806
32374.63,114.4,9.2806
32375.64,101.5,9.2806
32376.64,99.5,9.2806
32377.64,102.7,2.5697
32378.65,321.0,2.7815
32379.65,349.1,2.9755
32380.65,330.3,3.3613
32381.66,313.3,3.7907
32382.67,308.4,4.2508
32383.67,305.3,4.7284
32384.68,303.4,5.2216
32385.68,323.3,5.6019
32386.69,282.5,5.6667
32387.69,159.2,5.7223
32388.7,105.5,5.7774
32389.7,110.4,5.8325
32390.71,105.5,5.8819
32391.71,105.5,5.9232
32392.72,103.5,5.9475
32393.72,102.5,5.9783
32394.73,101.5,6.0014
32395.73,102.5,6.0215
32396.74,102.5,6.0447
32397.74,102.5,6.0716
32398.75,100.5,6.0966
32399.75,101.5,6.1123
32400.76,101.5,6.1352
32401.76,102.5,6.1647
32402.77,102.5,6.1803
32403.78,100.5,6.2057
32404.78,100.5,6.2282
32405.78,103.5,6.2494
32406.79,101.5,6.2657
32407.8,114.4,6.2827
32408.8,102.5,6.3037
32409.81,101.5,6.3211
32410.81,100.5,6.335
32411.82,99.5,6.3476
32412.82,102.5,6.3636
32413.83,105.5,6.3776
32414.83,99.5,6.3913
32415.84,101.5,6.4114
32416.84,100.5,6.4207
32417.85,101.5,6.435
32418.85,100.5,6.4522
32419.86,100.5,6.4642
32420.86,99.5,6.4675
32421.87,101.5,6.482
32422.87,99.5,6.5004
32423.88,102.5,6.5187
32424.88,102.5,6.5332
32425.89,101.5,6.5461
32426.89,100.5,6.5573
32427.9,102.4,6.5708
32428.91,102.4,6.5842
32429.91,103.5,6.5985
32430.92,100.5,6.6118
32431.92,101.5,6.6274
32432.93,100.5,6.6338
32433.93,100.5,6.6447
32434.94,101.5,6.6565
32435.94,100.5,6.6661
32436.95,102.5,6.6773
32437.95,99.5,6.6905
32438.96,102.5,6.6948
32439.96,99.5,6.7048
32440.97,99.5,6.7146
32441.97,101.5,6.7239
32442.98,100.5,6.7339
32443.98,101.5,6.7425
32444.99,99.5,6.7537
32445.99,101.5,6.7613
32447.0,99.5,6.7713
32448.0,101.5,6.7811
32449.01,99.5,6.7914
32450.01,101.5,6.8036
32451.02,101.5,6.8091
32452.03,100.5,6.8185
32453.03,99.5,6.8291
32454.04,103.5,6.8389
32455.04,98.5,6.8497
32456.05,102.5,6.86
32457.05,99.5,6.8693
32458.06,101.5,6.8804
32459.06,100.5,6.8888
32460.07,100.5,6.8996
32461.07,100.5,6.9103
32462.08,101.5,6.9196
32463.08,105.5,6.9307
32464.09,101.5,6.9401
32465.09,101.5,6.9513
32466.1,99.5,6.9631
32467.1,99.5,6.9736
32468.11,101.5,6.9866
32469.11,102.5,6.9966
32470.12,99.5,7.0076
32471.12,100.5,7.0222
32472.13,99.5,7.0266
32473.13,103.5,7.0398
32474.14,100.5,7.0506
32475.14,102.5,7.0632
32476.15,100.5,7.0743
32477.16,100.5,7.0861
32478.16,100.5,7.0974
32479.17,99.5,7.1077
32480.17,101.5,7.1193
32481.18,99.5,7.1293
32482.18,100.5,7.1414
32483.19,103.5,7.1517
32484.19,99.5,7.164
32485.2,99.5,7.1733
32486.2,103.5,7.1848
32487.21,100.5,7.193
32488.21,100.5,7.2051
32489.22,100.5,7.2136
32490.22,101.5,7.2251
32491.23,101.5,7.2347
32492.23,101.5,7.2459
32493.24,99.5,7.2543
32494.24,100.5,7.2656
32495.25,100.5,7.2741
32496.25,102.5,7.2846
32497.26,98.5,7.2939
32498.26,101.5,7.3047
32499.27,99.5,7.3133
32500.27,101.5,7.3236
32501.28,100.5,7.3334
32502.28,103.5,7.3422
32503.29,99.6,7.353
32504.29,99.6,7.3595
32505.3,102.5,7.3694
32506.3,100.5,7.3764
32507.31,99.5,7.3861
32508.31,101.5,7.3936
32509.32,134.3,7.5007
32510.32,100.5,7.5007
32511.33,101.5,7.5007
32512.33,102.5,7.5007
32513.34,100.5,7.5007
32514.34,100.5,7.5007
32515.35,101.5,7.5007
32516.36,101.5,7.5007
32517.36,99.5,7.5007
32518.37,102.5,7.5076
32519.37,100.5,7.5177
32520.38,99.5,7.5268
32521.38,101.5,7.5368
32522.39,100.5,7.5473
32523.39,100.5,7.5527
32524.4,101.5,7.5527
32525.4,99.5,7.5527
32526.41,116.4,7.5527
32527.41,99.5,7.5527
32528.42,100.5,7.5527
32529.42,102.5,7.5527
32530.43,100.5,7.5527
32531.43,100.5,7.5527
32532.44,100.5,7.5527
32533.44,100.5,7.5527
32534.45,100.5,7.5527
32535.45,120.4,7.5527
32536.46,99.5,7.5527
32537.46,101.5,7.5527
32538.47,100.5,7.5527
32539.47,99.5,7.5527
32540.48,101.5,7.5527
32541.48,100.5,7.5527
32542.49,100.5,7.5527
32543.49,100.5,7.553
32544.5,100.5,7.553
32545.5,99.5,7.553
32546.51,100.5,7.553
32547.51,102.5,7.553
32548.52,100.5,7.553
32549.52,100.5,7.553
32550.53,99.5,7.553
32551.53,102.5,7.553
32552.54,101.5,7.5532
32553.55,99.5,7.5532
32554.55,101.5,7.5532
32555.56,100.5,7.5532
32556.56,100.7,7.5546
32557.56,99.5,7.5679
32558.57,101.5,7.5807
32559.57,99.5,7.5928
32560.58,101.5,7.6041
32561.58,100.5,7.6157
32562.59,99.5,7.6272
32563.59,101.5,7.6378
32564.6,102.5,7.6528
32565.6,99.5,7.6532
32566.61,100.5,7.6532
32567.61,100.5,7.6532
32568.62,101.5,7.6532
32569.62,100.5,7.6532
32570.63,101.6,7.6532
32571.63,100.5,7.6532
32572.64,100.5,7.6532
32573.64,101.5,7.6532
32574.65,101.5,7.6532
32575.66,100.5,7.6532
32576.66,99.5,7.6532
32577.67,100.5,7.6532
32578.67,101.5,7.6532
32579.68,100.5,7.6532
32580.68,101.5,7.6532
32581.69,100.5,7.6532
32582.69,100.5,7.6532
32583.7,100.5,7.6532
32584.7,101.5,7.6532
32585.71,101.5,7.6532
32586.71,99.5,7.6532
32587.72,100.5,7.6532
32588.72,101.5,7.6532
32589.73,101.3,7.6535
32590.73,99.5,7.6535
32591.74,101.5,7.6535
32592.74,100.5,7.6535
32593.75,101.5,7.6535
32594.76,100.5,7.6535
32595.76,100.5,7.6535
32596.77,100.5,7.6535
32597.77,100.5,7.6537
32598.78,100.5,7.6537
32599.78,100.5,7.6537
32600.79,101.5,7.6537
32601.79,99.5,7.6537
32602.8,100.5,7.6537
32603.8,100.5,7.6537
32604.81,100.5,7.6537
32605.81,100.6,7.6537
32606.82,100.5,7.6537
32607.82,100.5,7.6537
32608.83,102.5,7.6537
32609.83,100.5,7.6537
32610.84,100.5,7.6537
32611.84,100.5,7.6537
32612.85,100.5,7.654
32613.85,99.5,7.654
32614.86,101.5,7.654
32615.86,100.5,7.654
32616.87,102.5,7.654
32617.87,101.6,7.654
32618.88,100.5,7.654
32619.88,99.5,7.654
32620.89,100.5,7.654
32621.89,100.5,7.654
32622.9,101.5,7.654
32623.9,99.5,7.654
32624.91,101.5,7.654
32625.91,99.5,7.654
32626.92,101.5,7.654
32627.92,100.5,7.654
32628.93,100.5,7.654
32629.93,101.5,7.654
32630.94,100.5,7.654
32631.94,101.5,7.654
32632.95,99.5,7.654
32633.95,100.6,7.654
32634.96,100.5,7.654
32635.96,102.5,7.654
32636.97,100.5,7.654
32637.97,100.5,7.654
32638.98,101.5,7.654
32639.98,100.5,7.654
32640.99,100.5,7.654
32642.0,100.5,7.6542
32643.0,102.5,7.6542
32644.01,100.5,7.6542
32645.01,99.5,7.6542
32646.02,100.5,7.6542
32647.02,100.5,7.6542
32648.03,100.6,7.6542
32649.03,101.5,7.6542
32650.04,100.5,7.6542
32651.04,99.5,7.6542
32652.05,100.5,7.6542
32653.05,101.5,7.6542
32654.06,100.5,7.6542
32655.06,100.5,7.6542
32656.07,100.5,7.6542
32657.07,100.5,7.6542
32658.08,101.5,7.6542
32659.08,101.5,7.6542
32660.09,99.5,7.6542
32661.09,101.5,7.6542
32662.1,100.5,7.6542
32663.1,101.5,7.6542
32664.11,99.5,7.6542
32665.11,100.5,7.6542
32666.12,100.5,7.6542
32667.12,101.5,7.6542
32668.13,99.5,7.6542
32669.13,100.5,7.6542
32670.14,99.6,7.6542
32671.14,102.5,7.6542
32672.15,99.5,7.6542
32673.15,100.5,7.6542
32674.16,100.5,7.6542
32675.16,101.5,7.6545
32676.17,101.5,7.6545
32677.17,102.5,2.5144
32678.18,305.7,2.7333
32679.18,355.0,2.8705
32680.19,339.3,3.1332
32681.19,321.3,3.417
32682.2,317.4,3.8843
32683.2,303.4,4.3387
32684.21,324.3,4.7252
32685.21,221.8,5.0365
32686.22,124.4,5.3581
32687.22,111.5,5.6867
32688.23,109.4,6.0322
32689.23,151.3,6.4736
32690.24,105.5,7.0073
32691.24,129.4,7.5114
32692.25,123.4,7.5566
32693.25,134.3,7.557
32694.26,116.4,7.557
32695.26,101.5,7.657
32696.27,100.5,7.657
32697.27,100.5,7.657
32698.28,99.6,7.657
32699.28,119.4,7.7336
32700.29,102.5,7.7815
32701.29,99.5,7.7815
32702.3,105.5,7.7816
32703.3,105.4,7.7816
32704.31,101.5,7.7815
32705.31,102.5,7.7815
32706.32,100.5,7.7813
32707.32,100.5,7.7813
32708.33,119.3,7.7821
32709.33,101.5,7.7821
32710.34,99.6,7.7821
32711.34,101.5,7.7821
32712.35,100.5,7.7821
32713.35,101.5,7.7821
32714.36,99.5,7.7821
32715.36,110.6,7.7821
32716.37,105.6,7.7821
32717.37,100.5,7.7821
32718.38,100.5,7.7821
32719.38,99.5,7.7821
32720.39,101.5,7.7821
32721.39,106.5,7.7822
32722.4,100.4,7.7822
32723.4,114.4,7.7823
32724.41,102.5,7.7823
32725.42,101.5,7.7823
32726.42,99.5,7.7823
32727.43,100.4,7.7823
32728.43,101.5,7.7824
32729.44,101.5,7.7824
32730.44,101.5,7.7824
32731.45,117.4,7.859
32732.45,100.5,7.8593
32733.46,100.5,7.8593
32734.46,101.5,7.8593
32735.47,100.6,7.8595
32736.47,102.5,7.8595
32737.48,100.5,7.8595
32738.48,101.6,7.8595
32739.49,100.5,8.1695
32740.49,99.5,8.6082
32741.5,102.5,9.0817
32742.5,131.4,9.2724
32743.51,100.5,9.2726
32744.51,117.6,9.2727
32745.51,101.5,9.2727
32746.52,100.5,9.2727
32747.53,99.5,9.2727
32748.53,101.5,9.2727
32749.54,101.5,9.2727
32750.54,99.5,9.2727
32751.55,100.5,9.2727
32752.55,101.5,9.2727
32753.56,101.5,9.2731
32754.56,101.5,9.2731
32755.57,100.5,9.2731
32756.57,100.5,9.2731
32757.58,100.5,9.2731
32758.58,99.5,9.2734
32759.59,101.5,9.2734
32760.59,101.5,9.2734
32761.6,101.5,9.2734
32762.6,100.5,9.2736
32763.61,99.5,9.2736
32764.61,100.5,9.2736
32765.62,101.5,9.2736
32766.62,101.5,9.2736
32767.63,101.5,9.2736
32768.63,101.5,9.2736
32769.64,99.5,9.2737
32770.65,99.5,9.2737
32771.65,101.5,9.2737
32772.66,101.5,9.2737
32773.66,100.5,9.2737
32774.67,100.5,9.2737
32775.67,102.6,9.2737
32776.68,99.5,9.2737
32777.68,100.5,9.2737
32778.69,101.5,9.2737
32779.69,102.5,9.2737
32780.7,99.5,9.2737
32781.7,101.5,9.2737
32782.71,99.5,9.2739
32783.71,100.5,9.2744
32784.72,101.5,9.2741
32785.72,99.5,9.2741
32786.73,100.5,9.2741
32787.73,101.5,9.2741
32788.74,101.5,9.2741
32789.74,99.5,9.2741
32790.75,101.5,9.2741
32791.76,100.5,9.2741
32792.76,101.5,9.2741
32793.77,101.5,9.2742
32794.77,99.5,9.2742
32795.78,100.5,9.2742
32796.78,101.5,9.2742
32797.79,100.5,9.2742
32798.79,101.5,9.2742
32799.8,100.5,9.2742
32800.8,99.5,9.2742
32801.81,101.5,9.2742
32802.81,101.5,9.2742
32803.82,101.5,9.2742
32804.82,99.6,9.2742
32805.83,101.5,9.2742
32806.83,100.5,9.2742
32807.84,100.5,9.2742
32808.84,100.5,9.2742
32809.85,99.5,9.2742
32810.85,101.5,9.2742
32811.86,100.5,9.2742
32812.86,101.5,9.2742
32813.87,100.5,9.2742
32814.87,102.5,9.2742
32815.88,100.5,9.2742
32816.88,99.5,9.2742
32817.89,102.5,9.2737
32818.89,101.5,9.2737
32819.9,100.5,9.2737
32820.91,101.5,9.2737
32821.91,99.5,9.2737
32822.92,102.5,9.2737
32823.92,100.5,9.2737
32824.93,100.5,9.2737
32825.93,101.5,9.2737
32826.94,99.4,9.274
32827.94,100.5,9.274
32828.95,166.1,9.2741
32829.95,101.5,9.2741
32830.96,100.5,9.2739
32831.96,101.5,9.2739
32832.97,101.5,9.2739
32833.97,99.5,9.2739
32834.98,112.4,9.2739
32835.98,101.5,9.2739
32836.99,99.5,9.2737
32837.99,100.5,9.2737
32839.0,101.5,9.2737
32840.0,99.5,9.2737
32841.01,101.5,9.2737
32842.01,101.5,9.2737
32843.02,100.7,9.2735
32844.02,100.5,9.2738
32845.03,99.5,9.2738
32846.03,100.5,9.2738
32847.04,102.5,9.2738
32848.04,99.5,9.2733
32849.05,100.6,9.2733
32850.05,100.7,9.2733
32851.05,102.5,9.2733
32852.06,100.6,9.2733
32853.06,101.5,9.2733
32854.07,101.5,9.2735
32855.07,100.7,9.2735
32856.08,100.5,9.2735
32857.08,99.5,9.2735
32858.09,101.5,9.2735
32859.09,100.5,9.2735
32860.1,99.5,9.2735
32861.1,101.5,9.2735
32862.11,101.5,9.2735
32863.11,100.5,9.2732
32864.12,100.2,9.2732
32865.13,100.5,9.2732
32866.13,100.5,9.2732
32867.14,100.4,9.2732
32868.14,100.5,9.2732
32869.15,101.5,9.2732
32870.15,100.5,9.2732
32871.16,100.5,9.2732
32872.16,101.5,9.273
32873.17,100.5,9.273
32874.17,101.5,9.273
32875.18,100.5,9.273
32876.18,100.5,9.273
32877.19,100.5,9.273
32878.19,100.5,9.273
32879.2,101.5,9.273
32880.2,100.5,9.273
32881.21,101.5,9.273
32882.22,99.5,9.273
32883.22,101.5,9.273
32884.22,99.6,9.273
32885.23,99.5,9.273
32886.23,101.5,9.273
32887.24,101.5,9.273
32888.24,100.5,9.273
32889.25,100.5,9.273
32890.25,99.6,9.273
32891.26,101.5,9.273
32892.26,99.5,9.273
32893.27,100.5,9.273
32894.27,100.5,9.273
32895.28,101.5,9.273
32896.28,99.5,9.273
32897.29,102.5,9.273
32898.29,99.5,9.273
32899.3,101.5,9.273
32900.31,101.5,9.273
32901.31,99.5,9.273
32902.32,101.5,9.273
32903.32,101.5,9.273
32904.33,100.5,9.273
32905.33,100.5,9.273
32906.34,100.5,9.273
32907.34,101.5,9.273
32908.35,100.5,9.273
32909.35,99.5,9.273
32910.36,100.5,9.273
32911.36,101.5,9.273
32912.37,100.5,9.273
32913.37,100.5,9.2732
32914.38,98.7,9.2732
32915.38,101.5,9.2732
32916.39,100.5,9.2732
32917.39,101.5,9.2732
32918.39,99.8,9.2732
32919.4,101.5,9.2732
32920.4,100.5,9.2732
32921.41,102.5,9.2732
32922.41,100.6,9.2735
32923.42,103.5,9.2735
32924.42,108.4,9.2735
32925.43,100.5,9.2735
32926.43,100.5,9.2735
32927.44,101.5,9.2735
32928.44,99.5,9.2735
32929.45,101.5,9.2737
32930.45,99.5,9.2737
32931.46,101.5,9.2737
32932.46,100.5,9.2737
32933.47,100.5,9.2737
32934.47,100.5,9.2737
32935.48,101.5,9.2737
32936.48,99.5,9.2737
32937.49,100.5,9.2737
32938.5,102.5,9.2737
32939.5,98.5,9.2737
32940.51,100.5,9.2737
32941.51,100.5,9.2737
32942.52,100.5,9.2737
32943.52,101.5,9.2737
32944.53,101.5,9.2737
32945.53,99.5,9.2737
32946.54,100.5,9.2737
32947.54,99.5,9.2737
32948.55,101.5,9.2737
32949.55,100.5,9.2737
32950.56,100.5,9.2737
32951.56,100.5,9.2737
32952.57,101.5,9.2737
32953.57,100.5,9.2737
32954.58,100.6,9.2737
32955.58,101.5,9.2737
32956.59,105.5,9.2737
32957.59,99.6,9.2737
32958.6,101.5,9.2737
32959.6,99.5,9.2737
32960.61,103.5,9.2737
32961.61,100.5,9.2737
32962.62,100.5,9.2737
32963.62,100.5,9.2737
32964.63,100.5,9.2737
32965.63,101.5,9.2737
32966.64,99.5,9.2737
32967.64,100.5,9.274
32968.65,100.5,9.274
32969.65,100.5,9.274
32970.66,100.5,9.274
32971.66,101.5,9.274
32972.67,100.5,9.2742
32973.67,101.5,9.2742
32974.68,100.5,9.2742
32975.68,100.5,9.2742
32976.69,99.5,9.2742
32977.69,102.7,2.5755
32978.69,332.0,2.7634
32979.7,355.2,3.0312
32980.7,330.5,3.4274
32981.71,312.4,3.8747
32982.71,302.6,4.3217
32983.72,324.3,4.7235
32984.72,241.8,5.0525
32985.73,116.5,5.4139
32986.73,115.4,5.7504
32987.74,135.3,5.9615
32988.74,131.3,6.1647
32989.75,100.5,6.3664
32990.75,103.5,6.5707
32991.76,101.5,6.7753
32992.76,102.5,6.9717
32993.77,102.5,7.1622
32994.77,101.5,7.3484
32995.78,127.3,7.4821
32996.78,102.5,7.5341
32997.79,105.5,7.6341
32998.79,104.5,7.6341
32999.8,109.4,7.6341
33000.8,103.5,7.6341
33001.81,102.5,7.6341
33002.82,99.5,7.6341
33003.82,100.5,7.6341
33004.83,101.4,7.6341
33005.83,100.5,7.6341
33006.84,100.5,7.6341
33007.84,101.5,7.6343
33008.85,127.3,7.6375
33009.85,101.5,7.6375
33010.86,100.5,7.6375
33011.86,100.5,7.6375
33012.87,101.5,7.6314
33013.87,100.5,7.6314
33014.88,113.4,7.6315
33015.88,101.5,7.6315
33016.89,100.5,7.6317
33017.89,100.5,7.6317
33018.9,100.5,7.6317
33019.9,102.5,7.6317
33020.91,103.5,7.6317
33021.91,100.5,7.6317
33022.92,100.5,7.6319
33023.92,101.5,7.6319
33024.93,101.5,7.6319
33025.93,100.6,7.6319
33026.94,100.5,7.6319
33027.94,99.7,7.6319
33028.95,101.6,7.6319
33029.95,100.5,7.6319
33030.96,99.5,7.6319
33031.96,101.5,7.6319
33032.97,100.6,7.6319
33033.97,99.5,7.6319
33034.98,101.5,7.6319
33035.98,101.5,7.6319
33036.99,100.6,7.6319
33037.99,100.5,7.6319
33039.0,100.5,7.6319
33040.0,99.5,7.6319
33041.01,102.5,7.6319
33042.01,100.5,7.6319
33043.02,99.5,7.6319
33044.02,118.4,7.6319
33045.03,101.5,7.6319
33046.03,101.5,7.6319
33047.04,100.5,7.6319
33048.04,99.5,7.6319
33049.05,102.5,7.6319
33050.05,99.5,7.6319
33051.06,103.5,7.6319
33052.06,100.5,7.6319
33053.07,100.5,7.632
33054.07,100.5,7.632
33055.08,101.5,7.632
33056.08,102.5,7.632
33057.09,100.5,7.6322
33058.09,99.5,7.6322
33059.1,103.7,7.6322
33060.1,100.5,7.6322
33061.11,100.5,7.6322
33062.11,100.5,7.6322
33063.12,99.5,7.6322
33064.12,102.5,7.6322
33065.13,101.5,7.6322
33066.13,103.5,7.6322
33067.14,100.5,7.6322
33068.14,101.6,7.6322
33069.15,99.6,7.6322
33070.15,101.5,7.6322
33071.16,100.5,7.6322
33072.16,100.5,7.6322
33073.17,100.5,7.6322
33074.17,100.5,7.6322
33075.18,99.5,7.6322
33076.18,101.6,7.6322
33077.19,101.5,7.6322
33078.19,103.5,7.6322
33079.2,118.4,7.7091
33080.2,100.6,7.7093
33081.21,101.6,7.7573
33082.21,101.5,7.7573
33083.22,101.5,7.7573
33084.22,98.5,7.7573
33085.23,100.5,7.7573
33086.23,101.5,7.7573
33087.24,99.5,7.7573
33088.24,100.5,7.7573
33089.25,101.5,7.7573
33090.25,100.5,7.7573
33091.26,101.5,7.7573
33092.26,100.5,7.7573
33093.27,100.5,7.7573
33094.27,99.5,7.7573
33095.28,100.5,7.7573
33096.28,101.5,7.7573
33097.29,99.5,7.7573
33098.29,102.5,7.7573
33099.3,101.5,7.7573
33100.3,101.5,7.7573
33101.31,100.5,7.7573
33102.31,100.5,7.7576
33103.32,99.5,7.7576
33104.32,101.5,7.7576
33105.33,99.5,7.7576
33106.33,100.5,7.7576
33107.34,102.5,7.7576
33108.34,99.4,7.7576
33109.35,100.5,7.7576
33110.35,101.5,7.7576
33111.36,101.5,7.7576
33112.36,99.5,7.7576
33113.37,101.5,7.7576
33114.37,100.5,7.7576
33115.38,101.5,7.7576
33116.38,99.5,7.7576
33117.39,100.6,7.7576
33118.39,101.5,7.7576
33119.4,100.5,7.7576
33120.4,100.5,7.7576
33121.41,101.5,7.7576
33122.41,101.5,7.7576
33123.42,99.5,7.7576
33124.42,100.5,7.7576
33125.43,100.6,7.7576
33126.43,100.5,7.7576
33127.44,100.5,7.7576
33128.44,102.5,7.7576
33129.45,99.5,7.7576
33130.46,100.5,7.7576
33131.46,100.5,7.7576
33132.47,100.5,7.7576
33133.47,101.5,7.7578
33134.48,100.5,7.7578
33135.48,101.5,7.7578
33136.49,101.5,7.7578
33137.49,100.5,7.7578
33138.5,100.5,7.7578
33139.5,99.5,7.7578
33140.51,102.5,7.7578
33141.51,100.5,7.7578
33142.52,100.5,7.7578
33143.52,100.5,7.7578
33144.53,100.5,7.7578
33145.53,101.5,7.7578
33146.54,102.5,7.7578
33147.54,99.6,7.7581
33148.55,100.5,7.7581
33149.55,101.5,7.7581
33150.56,100.5,7.7581
33151.56,100.6,7.7581
33152.57,100.5,7.7581
33153.57,101.5,7.7581
33154.58,99.5,7.7581
33155.58,102.5,7.7581
33156.59,99.5,7.7581
33157.59,100.5,7.7581
33158.6,101.5,7.7581
33159.6,99.5,7.7581
33160.61,100.5,7.7581
33161.61,99.5,7.7581
33162.62,101.5,7.7581
33163.62,101.5,7.7581
33164.63,99.5,7.7581
33165.63,101.5,7.7583
33166.64,100.5,7.7583
33167.64,102.5,7.7583
33168.65,99.6,7.7583
33169.65,100.5,7.7583
33170.66,101.5,7.7583
33171.66,102.5,7.7583
33172.67,99.5,7.7583
33173.67,116.4,7.759
33174.68,101.5,7.759
33175.68,99.5,7.759
33176.69,114.6,7.759
33177.69,119.5,7.759
33178.7,112.4,7.7591
33179.7,100.5,7.7591
33180.71,100.5,7.7591
33181.71,105.5,7.7591
33182.72,100.5,7.7591
33183.72,100.5,7.7591
33184.73,101.5,7.7591
33185.73,102.5,7.7591
33186.74,102.5,7.7591
33187.75,101.4,7.7591
33188.75,99.5,7.7591
33189.76,101.5,7.7591
33190.76,99.5,7.7591
33191.77,101.5,7.7591
33192.77,100.5,7.7591
33193.78,101.5,7.7591
33194.78,100.5,7.7591
33195.79,99.5,7.7591
33196.79,101.5,7.7591
33197.8,100.5,7.7593
33198.8,100.5,7.7593
33199.81,100.5,7.7593
33200.81,100.5,7.7593
33201.82,101.5,7.7596
33202.82,101.5,7.7598
33203.83,100.5,7.7598
33204.83,99.5,7.7598
33205.84,101.5,7.7598
33206.84,100.5,7.7598
33207.85,100.5,7.7598
33208.85,100.5,7.7598
33209.86,99.5,7.7598
33210.86,103.5,7.7598
33211.87,100.6,7.7598
33212.87,99.5,7.7598
33213.88,101.5,7.7598
33214.88,100.5,7.7598
33215.89,100.5,7.7598
33216.89,101.5,7.7598
33217.9,100.5,7.7598
33218.9,99.5,7.7598
33219.91,100.5,7.7598
33220.92,100.5,7.7598
33221.92,101.5,7.7598
33222.93,101.4,7.7599
33223.93,99.5,7.7599
33224.94,100.5,7.7599
33225.94,102.5,7.7599
33226.95,99.5,7.7599
33227.95,99.5,7.7599
33228.96,100.5,7.7599
33229.96,102.5,7.7599
33230.97,101.5,7.7599
33231.97,101.5,7.7599
33232.98,100.5,7.7599
33233.98,100.5,7.7599
33234.99,101.5,7.7599
33235.99,99.5,7.7599
33237.0,101.5,7.7599
33238.0,99.5,7.7599
33239.01,100.5,7.7599
33240.01,101.5,7.7599
33241.02,99.5,7.7599
33242.02,100.5,7.7602
33243.03,102.5,7.7603
33244.03,99.5,7.7603
33245.04,101.5,7.7603
33246.04,99.6,7.7603
33247.05,100.5,7.7603
33248.05,100.5,7.7603
33249.06,100.5,7.7603
33250.07,101.5,7.7605
33251.07,102.5,7.7605
33252.08,99.5,7.7605
33253.08,100.5,7.7605
33254.09,101.5,7.7605
33255.09,100.5,7.7605
33256.1,100.5,7.7605
33257.1,100.5,7.7605
33258.11,100.5,7.7605
33259.11,99.5,7.7605
33260.12,101.5,7.7605
33261.12,99.5,7.7605
33262.13,101.5,7.7605
33263.13,101.5,7.7605
33264.14,101.5,7.7605
33265.14,99.5,7.7605
33266.15,100.5,7.7605
33267.15,101.5,7.7605
33268.16,101.5,7.7605
33269.16,100.5,7.7605
33270.17,100.5,7.7605
33271.17,100.5,7.7605
33272.18,99.4,7.7605
33273.19,110.4,7.7605
33274.19,100.5,7.7605
33275.2,99.5,7.7605
33276.2,100.5,7.7605
33277.21,101.5,2.5181
33278.21,301.5,2.7148
33279.22,324.4,2.8508
33280.22,324.3,3.2425
33281.23,319.6,3.6704
33282.23,2.0,2.5311
33283.24,324.3,2.7719
33284.24,308.4,3.0867
33285.24,327.0,3.2219
33286.25,356.2,3.4329
33287.25,330.2,3.6551
33288.26,318.3,3.8982
33289.27,306.4,4.0945
33290.27,310.4,4.4226
33291.28,306.4,4.6949
33292.28,312.5,4.9489
33293.29,307.5,5.1249
33294.29,288.1,5.3291
33295.29,206.5,5.4903
33296.29,168.6,5.6338
33297.3,155.2,5.8068
33298.3,198.0,5.9697
33299.31,229.8,6.1699
33300.31,143.2,6.3253
33301.32,134.3,6.4608
33302.33,126.3,6.5894
33303.33,108.5,6.7254
33304.33,118.4,6.838
33305.34,131.3,6.9559
33306.35,116.4,7.0689
33307.35,107.5,7.2072
33308.35,265.1,7.5637
33309.36,315.7,7.7232
33310.36,169.1,7.7233
33311.37,142.3,7.8233
33312.37,133.4,7.8189
33313.38,107.5,7.8189
33314.38,118.4,7.8189
33315.39,102.5,7.8189
33316.39,102.5,7.8189
33317.4,118.4,7.8189
33318.4,148.2,8.047
33319.41,100.5,8.095
33320.41,102.5,8.095
33321.42,100.5,8.095
33322.42,102.5,8.095
33323.43,99.5,8.095
33324.44,101.5,8.095
33325.44,100.5,8.095
33326.44,123.7,8.095
33327.45,115.4,8.0959
33328.45,100.5,8.0959
33329.46,99.5,8.0959
33330.46,100.5,8.0959
33331.47,102.5,8.0959
33332.47,100.5,8.0962
33333.48,102.5,8.0962
33334.48,99.5,8.0962
33335.49,138.3,8.0964
33336.5,100.5,8.0964
33337.5,100.5,8.0964
33338.51,101.5,8.0964
33339.51,100.5,8.0964
33340.52,101.5,8.0964
33341.52,99.5,8.0964
33342.53,101.5,8.0964
33343.53,137.3,8.0965
33344.54,101.4,8.0965
33345.54,100.5,8.0965
33346.55,102.5,8.0965
33347.55,100.5,8.0965
33348.56,100.5,8.0965
33349.56,99.5,8.0965
33350.57,101.5,8.0965
33351.57,100.5,8.0965
33352.58,101.5,8.0968
33353.59,150.2,8.3209
33354.59,100.5,8.3209
33355.6,101.5,8.3209
33356.6,99.6,8.3209
33357.6,101.5,8.3209
33358.61,101.5,8.3209
33359.61,100.5,8.3209
33360.62,100.5,8.3209
33361.63,104.5,8.5197
33362.63,102.5,8.9105
33363.64,188.0,9.2601
33364.64,99.5,9.2601
33365.65,100.5,9.2601
33366.65,100.5,9.2601
33367.66,102.5,9.2601
33368.66,101.5,9.2601
33369.67,99.5,9.2601
33370.67,101.5,9.2601
33371.68,99.5,9.2601
33372.68,101.5,9.2601
33373.69,100.5,9.2605
33374.69,101.5,9.2605
33375.7,100.5,9.2605
33376.7,102.5,9.2605
33377.71,100.5,9.2605
33378.71,100.5,9.2605
33379.72,101.5,9.2605
33380.72,99.5,9.2605
33381.73,100.5,9.2605
33382.73,100.6,9.2608
33383.74,100.5,9.2609
33384.74,101.5,9.2609
33385.75,99.5,9.2609
33386.75,101.5,9.2609
33387.76,100.5,9.2609
33388.76,100.5,9.2609
33389.77,99.5,9.2609
33390.77,101.5,9.2609
33391.78,100.5,9.2609
33392.78,102.6,9.2609
33393.79,99.5,9.2609
33394.79,101.6,9.2609
33395.8,101.5,9.2609
33396.8,100.6,9.2609
33397.81,101.5,9.2609
33398.81,100.5,9.2609
33399.82,101.5,9.2609
33400.82,99.5,9.2609
33401.83,100.5,9.2609
33402.83,101.8,9.2609
33403.84,100.5,9.2609
33404.84,100.5,9.261
33405.85,101.5,9.261
33406.85,100.5,9.261
33407.86,100.5,9.261
33408.86,101.5,9.261
33409.87,99.5,9.261
33410.87,102.5,9.261
33411.88,99.5,9.261
33412.88,101.5,9.261
33413.89,100.2,9.261
33414.9,101.5,9.2612
33415.9,100.5,9.2612
33416.91,100.5,9.2611
33417.91,99.5,9.2611
33418.92,101.5,9.2614
33419.92,100.5,9.2614
33420.93,102.5,9.2614
33421.93,99.5,9.2614
33422.94,99.7,9.2616
33423.94,101.7,9.2613
33424.94,102.5,9.2617
33425.95,100.5,9.2617
33426.95,99.5,9.2619
33427.96,100.5,9.2619
33428.97,101.4,9.2619
33429.97,100.5,9.2619
33430.98,101.5,9.2619
33431.98,99.5,9.2619
33432.99,102.5,9.2619
33433.99,104.5,9.2619
33435.0,100.5,9.2617
33436.0,101.5,9.2617
33437.01,99.5,9.2617
33438.01,101.5,9.2617
33439.02,100.5,9.2617
33440.02,100.5,9.2617
33441.03,100.5,9.2617
33442.03,101.5,9.2617
33443.04,101.5,9.2617
33444.04,99.5,9.2617
33445.05,102.5,9.2618
33446.05,98.7,9.2618
33447.06,102.5,9.2615
33448.06,99.5,9.2615
33449.07,102.5,9.2615
33450.07,99.7,9.2615
33451.08,100.6,9.2615
33452.08,100.5,9.2615
33453.09,101.5,9.2615
33454.09,99.5,9.2615
33455.1,101.5,9.2615
33456.1,101.5,9.2615
33457.11,99.5,9.2615
33458.11,101.5,9.2615
33459.12,100.5,9.2615
33460.12,100.5,9.2615
33461.13,100.5,9.2615
33462.13,100.5,9.2615
33463.14,100.5,9.2615
33464.14,100.5,9.2615
33465.15,101.5,9.2616
33466.15,99.5,9.2616
33467.16,102.5,9.2616
33468.16,101.5,9.2616
33469.17,99.7,9.2616
33470.17,101.5,9.2616
33471.18,101.5,9.2616
33472.18,99.5,9.2619
33473.19,101.5,9.2616
33474.19,99.5,9.2616
33475.2,101.5,9.2616
33476.2,100.5,9.2616
33477.21,99.5,9.2616
33478.21,101.5,9.2616
33479.22,101.5,9.2616
33480.22,99.5,9.2616
33481.23,100.5,9.2616
33482.23,100.5,9.2616
33483.24,100.5,9.2616
33484.24,101.5,9.2616
33485.25,99.5,9.2616
33486.25,101.5,9.2616
33487.26,101.5,9.2616
33488.27,99.5,9.2616
33489.27,101.5,9.2616
33490.28,101.5,9.2616
33491.28,99.5,9.2616
33492.29,100.5,9.2616
33493.29,101.5,9.2616
33494.3,99.5,9.2616
33495.3,101.5,9.2616
33496.31,102.5,9.2617
33497.31,101.5,9.2617
33498.32,100.5,9.2617
33499.32,100.5,9.2617
33500.33,102.5,9.2617
33501.33,99.7,9.2617
33502.34,101.5,9.2617
33503.34,99.5,9.2619
33504.35,100.5,9.2622
33505.35,105.5,9.2622
33506.36,100.5,9.2622
33507.36,100.5,9.2622
33508.37,100.5,9.2622
33509.37,100.5,9.2622
33510.38,100.5,9.2622
33511.38,100.5,9.2622
33512.39,100.5,9.2622
33513.39,100.5,9.2622
33514.4,101.5,9.2622
33515.4,99.5,9.2621
33516.41,100.5,9.2621
33517.41,101.5,9.2624
33518.42,99.5,9.2624
33519.42,101.5,9.2624
33520.43,101.5,9.2624
33521.44,101.5,9.2624
33522.44,99.5,9.2624
33523.45,100.5,9.2624
33524.45,102.5,9.2624
33525.46,99.5,9.2624
33526.46,101.5,9.2625
33527.47,100.5,9.2625
33528.47,102.5,9.2625
33529.48,99.5,9.2625
33530.48,100.6,9.2625
33531.49,101.5,9.2625
33532.49,99.5,9.2625
33533.5,101.5,9.2625
33534.5,99.6,9.2625
33535.51,101.5,9.2625
33536.51,101.5,9.2625
33537.52,100.5,9.2625
33538.52,100.4,9.2625
33539.53,101.5,9.2625
33540.53,99.5,9.2625
33541.54,101.5,9.2625
33542.54,99.5,9.2625
33543.55,102.5,9.2625
33544.55,100.5,9.2625
33545.56,100.5,9.2625
33546.56,99.5,9.2625
33547.57,100.5,9.3125
33548.57,100.5,9.3125
33549.58,101.5,9.3125
33550.58,100.5,9.3125
33551.59,100.5,9.3125
33552.59,101.5,9.3125
33553.6,99.5,9.3126
33554.61,100.5,9.3126
33555.61,99.5,9.3126
33556.62,103.5,9.3126
33557.62,99.5,9.3126
33558.63,100.5,9.3126
33559.63,101.5,9.3126
33560.64,100.5,9.3126
33561.64,101.5,9.3126
33562.65,100.5,9.3126
33563.65,100.5,9.3126
33564.66,99.5,9.3126
33565.66,100.5,9.3126
33566.67,101.5,9.3126
33567.67,102.5,9.3129
33568.68,99.5,9.3629
33569.68,100.5,9.3629
33570.69,100.5,9.363
33571.69,99.5,9.363
33572.7,101.5,9.3633
33573.7,101.5,9.3633
33574.71,101.5,9.3633
33575.71,100.5,9.3633
33576.72,100.5,9.3633
33577.72,100.5,9.3633
33578.73,100.5,9.3633
33579.73,102.5,9.3635
33580.74,100.5,9.3635
33581.74,100.5,9.3635
33582.75,2.0,2.6376
33583.75,365.9,2.8939
33584.75,337.7,3.3688
33585.76,2.0,2.6923
33586.76,0.0,2.5591
33587.76,375.1,2.7761
33588.77,333.1,2.4302
33589.77,2.0,2.7118
33590.77,0.0,2.5995
33591.77,357.0,2.8215
33592.78,2.0,2.7094
33593.78,0.0,2.6002
33594.79,1.0,2.4713
33595.79,298.1,2.724
33596.79,1.0,2.6088
33597.79,316.2,2.7669
33598.8,0.0,2.6884
33599.8,1466.6,2.5318
33600.8,0.0,2.51
33601.81,285.6,2.7086
33602.81,334.1,2.8676
33603.82,1.0,2.5609
33604.82,316.2,2.7364
33605.82,356.2,2.9289
33606.83,0.0,2.6432
33607.83,357.5,2.8671
33608.83,0.0,2.5595
33609.84,302.9,2.725
33610.84,2.0,2.628
33611.84,352.9,2.8448
33612.85,1.0,2.5972
33613.85,312.0,2.431
33614.85,2819.5,2.7066
33615.86,312.1,2.8363
33616.86,342.4,3.0747
33617.87,321.3,3.3381
33618.87,306.4,3.6905
33619.88,309.4,4.0358
33620.88,316.0,4.3669
33621.88,1.0,2.6385
33622.89,324.1,2.8331
33623.89,1.0,2.5383
33624.9,291.8,2.7189
33625.9,361.0,2.8902
33626.9,283.6,3.1986
33627.91,250.8,3.5791
33628.91,292.7,4.159
33629.92,168.5,4.64
33630.92,2.0,2.6492
33631.92,317.0,2.8211
33632.93,1.0,2.6798
33633.93,315.0,2.8013
33634.94,2.0,2.5294
33635.94,292.5,2.6994
33636.94,0.0,2.4579
33637.95,315.2,2.7278
33638.95,3400.0,2.5443
33639.95,348.0,2.7647
33640.96,348.3,3.2534
33641.96,318.3,3.808
33642.97,325.6,4.2374
33643.97,248.7,4.708
33644.98,126.4,5.2025
33645.98,194.0,5.6762
33646.99,244.7,6.1962
33647.99,131.3,6.721
33649.0,102.5,7.24
33650.0,118.4,7.535
33651.01,107.4,7.535
33652.01,99.6,7.535
33653.02,104.5,7.6351
33654.02,102.5,7.6351
33655.03,100.5,7.6351
33656.04,103.3,7.6351
33657.04,112.6,7.671
33658.04,103.5,7.7323
33659.05,100.5,7.7323
33660.05,104.5,7.7324
33661.06,101.5,7.7324
33662.06,103.5,7.7324
33663.07,99.5,7.7324
33664.07,100.5,7.7324
33665.08,101.5,7.7324
33666.09,110.4,7.7326
33667.09,101.5,7.7326
33668.1,125.3,7.7329
33669.1,99.5,7.7329
33670.11,101.5,7.7329
33671.11,100.5,7.7329
33672.12,104.5,7.733
33673.12,117.4,7.733
33674.13,112.4,7.7336
33675.13,101.5,7.7336
33676.14,101.5,7.7336
33677.14,100.5,7.7336
33678.15,102.5,7.7336
33679.15,101.5,7.7336
33680.16,101.5,7.7336
33681.16,109.5,7.7338
33682.17,101.5,7.7338
33683.17,99.5,7.7338
33684.18,101.5,7.7338
33685.18,104.4,7.7338
33686.19,101.5,7.7338
33687.19,99.5,7.7338
33688.2,110.4,7.7338
33689.21,102.5,7.7338
33690.21,107.4,7.7338
33691.22,100.5,7.7338
33692.22,100.5,7.7338
33693.23,100.6,7.7338
33694.23,101.5,7.7338
33695.24,113.4,7.7831
33696.24,102.5,7.7831
33697.25,100.5,7.7831
33698.25,101.5,7.7831
33699.26,101.5,7.7831
33700.26,101.5,7.7831
33701.27,100.5,7.7831
33702.27,101.5,7.7831
33703.28,100.5,7.7831
33704.28,100.5,7.7831
33705.29,100.5,7.7831
33706.29,100.5,7.7831
33707.3,101.5,7.7831
33708.3,99.5,7.7831
33709.31,101.5,7.7831
33710.31,99.5,7.7831
33711.32,100.5,7.7831
33712.32,102.5,7.7831
33713.33,100.5,7.7831
33714.33,102.6,7.7831
33715.34,99.5,7.7831
33716.34,100.5,7.7831
33717.35,100.6,7.7831
33718.35,100.5,7.7831
33719.36,101.5,7.7831
33720.36,100.5,7.7831
33721.37,101.5,7.7831
33722.37,101.5,7.7831
33723.38,99.5,7.7833
33724.39,101.5,7.7833
33725.39,100.5,7.7833
33726.4,100.5,7.7833
33727.4,100.5,7.7833
33728.41,99.5,7.7833
33729.41,102.5,7.7833
33730.42,100.5,7.7833
33731.42,100.4,7.7833
33732.43,100.5,7.7833
33733.43,102.4,7.7833
33734.44,99.5,7.7833
33735.44,101.5,7.7833
33736.45,100.5,7.7833
33737.45,100.5,7.7833
33738.46,100.5,7.7833
33739.46,101.5,7.7833
33740.47,99.5,7.7833
33741.48,100.5,7.7833
33742.48,102.5,7.7833
33743.49,100.5,7.7833
33744.49,101.5,7.7833
33745.5,101.5,7.7833
33746.5,99.5,7.7833
33747.51,102.5,7.7833
33748.51,99.5,7.7833
33749.52,105.5,7.7833
33750.52,101.5,7.7833
33751.53,100.5,7.7833
33752.53,99.5,7.7833
33753.54,101.5,7.7833
33754.54,100.5,7.7833
33755.55,101.5,7.7833
33756.55,99.5,7.7833
33757.56,101.6,7.7833
33758.56,100.5,7.7833
33759.57,100.5,7.7836
33760.57,100.5,7.7836
33761.58,99.5,7.7836
33762.58,101.5,7.7836
33763.59,100.5,7.7836
33764.59,99.5,7.7836
33765.6,100.5,7.7836
33766.6,102.5,7.7836
33767.61,100.5,7.7836
33768.61,99.5,7.7836
33769.62,102.5,7.7836
33770.62,100.5,7.7836
33771.63,100.5,7.7836
33772.64,100.5,7.7838
33773.64,100.5,7.7838
33774.65,101.5,7.7838
33775.65,99.5,7.7838
33776.66,99.5,7.7838
33777.66,101.5,7.7838
33778.67,100.5,7.7838
33779.67,100.5,7.7838
33780.68,100.5,7.7838
33781.68,101.5,7.7838
33782.69,100.5,7.7838
33783.69,101.5,7.7838
33784.7,100.5,7.7838
33785.7,100.5,7.7838
33786.71,99.5,7.7838
33787.71,102.5,7.7838
33788.72,101.5,7.7838
33789.72,99.5,7.7838
33790.73,102.5,7.7838
33791.73,100.5,7.7838
33792.74,101.5,7.7838
33793.74,99.5,7.7838
33794.75,100.5,7.7838
33795.76,100.5,7.7838
33796.76,100.5,7.7838
33797.77,100.5,7.7838
33798.77,101.5,7.7838
33799.78,100.5,7.7838
33800.78,101.5,7.7838
33801.79,99.5,7.7838
33802.79,101.6,7.7838
33803.8,101.4,7.7838
33804.8,100.5,7.7838
33805.81,100.5,7.7838
33806.81,99.5,7.7838
33807.82,101.5,7.7838
33808.82,99.5,7.7838
33809.83,100.6,7.7838
33810.83,101.5,7.7838
33811.84,100.5,7.7838
33812.84,101.5,7.7838
33813.85,100.5,7.7838
33814.85,99.5,7.7838
33815.86,100.5,7.7838
33816.86,100.5,7.7838
33817.87,100.5,7.7838
33818.87,100.5,7.7838
33819.88,101.5,7.7838
33820.88,100.5,7.7838
33821.89,99.5,7.7838
33822.89,101.5,7.7838
33823.9,101.5,7.7838
33824.9,101.5,7.7838
33825.91,100.5,7.7838
33826.91,100.5,7.7838
33827.92,100.5,7.7838
33828.92,101.5,7.7838
33829.93,100.5,7.7838
33830.93,100.6,7.7838
33831.94,101.5,7.7838
33832.94,101.5,7.7838
33833.95,99.5,7.7838
33834.95,100.5,7.7838
33835.96,100.5,7.7838
33836.96,100.5,7.7838
33837.97,101.5,7.7838
33838.97,100.6,7.7838
33839.98,101.5,7.7838
33840.98,99.5,7.7839
33841.99,99.5,7.7839
33842.99,102.5,7.7842
33844.0,99.5,7.7842
33845.0,100.5,7.7842
33846.01,101.5,7.7842
33847.02,103.5,7.7842
33848.02,99.5,7.7842
33849.03,102.5,7.7842
33850.03,99.5,7.7842
33851.04,99.5,7.7842
33852.04,101.5,7.7842
33853.05,100.5,7.7842
33854.05,101.5,7.7842
33855.06,99.5,7.7842
33856.06,100.5,7.7842
33857.07,100.5,7.7842
33858.07,100.5,7.7842
33859.08,100.5,7.7842
33860.08,101.5,7.7842
33861.09,99.5,7.7842
33862.09,101.5,7.7842
33863.1,101.5,7.7842
33864.1,100.5,7.7842
33865.11,100.5,7.7842
33866.11,101.5,7.7842
33867.12,100.5,7.7842
33868.12,101.5,7.7842
33869.13,100.6,7.7842
33870.13,100.5,7.7842
33871.14,100.5,7.7842
33872.14,100.5,7.7842
33873.15,100.5,7.7842
33874.15,101.5,7.7842
33875.16,99.5,7.7842
33876.17,100.5,7.7842
33877.17,100.5,7.7842
33878.18,100.5,7.7842
33879.18,101.5,7.7842
33880.19,100.5,7.7842
33881.19,101.5,7.7842
33882.2,102.5,7.7842
33883.2,101.5,7.7842
33884.21,99.5,7.7842
33885.21,100.5,7.7842
33886.22,100.5,7.7842
33887.22,101.5,7.7842
33888.23,100.5,7.7842
33889.23,99.6,7.7842
33890.24,100.5,7.7842
33891.24,100.6,7.7842
33892.25,101.5,7.7842
33893.25,101.5,7.7842
33894.26,100.5,7.7842
33895.26,99.6,7.7842
33896.27,101.5,7.7842
33897.27,99.5,7.7842
33898.28,101.5,7.7842
33899.28,100.5,7.7842
33900.29,101.5,7.7842
33901.29,99.5,7.7842
33902.3,102.5,7.7842
33903.3,99.5,7.7842
33904.31,100.5,7.7842
33905.31,101.5,7.7842
33906.32,99.5,7.7842
33907.32,100.5,7.7842
33908.33,101.5,7.7842
33909.33,100.5,7.7842
33910.34,99.5,7.7842
33911.34,101.5,7.7842
33912.35,102.5,7.7842
33913.35,99.6,7.7842
33914.36,100.5,7.7842
33915.36,100.5,7.7842
33916.37,101.5,7.7842
33917.37,101.5,7.7842
33918.38,101.5,7.7842
33919.38,99.5,7.7842
33920.39,100.5,7.7842
33921.4,101.5,7.7842
33922.4,100.5,7.7842
33923.41,100.5,7.7844
33924.41,101.5,7.7844
33925.42,99.5,7.7844
33926.42,102.5,7.7844
33927.43,100.5,7.7844
33928.43,101.5,7.7844
33929.44,100.4,7.7844
33930.44,100.5,7.7844
33931.45,99.5,7.7844
33932.45,101.5,7.7844
33933.46,100.5,7.7844
33934.46,101.5,7.7844
33935.47,99.5,7.7844
33936.47,101.5,7.7844
33937.48,100.5,7.7844
33938.48,101.5,7.7844
33939.49,1.0,2.6398
33940.49,309.9,2.7771
33941.49,343.0,3.2035
33942.5,317.4,3.7529
33943.5,1.0,2.5359
33944.51,302.7,2.7151
33945.51,342.7,2.8691
33946.52,330.3,3.2476
33947.52,318.5,3.6189
33948.53,322.5,4.0514
33949.53,210.4,4.5431
33950.53,148.2,5.0382
33951.54,113.4,5.5663
33952.55,101.5,6.0992
33953.55,102.5,6.6312
33954.56,107.4,7.1673
33955.56,118.4,7.5149
33956.57,100.5,7.6149
33957.57,101.5,7.6149
33958.58,101.5,7.6097
33959.58,120.4,7.6097
33960.59,105.4,7.6097
33961.59,100.5,7.6097
33962.6,99.6,7.6097
33963.6,101.5,7.6097
33964.61,111.4,7.7067
33965.61,100.5,7.7067
33966.62,101.5,7.7067
33967.62,100.5,7.7067
33968.63,100.4,7.7069
33969.64,101.5,7.7069
33970.64,102.5,7.7069
33971.65,99.5,7.7069
33972.65,112.4,7.7075
33973.66,100.5,7.7075
33974.66,100.5,7.7075
33975.67,99.5,7.7075
33976.67,101.5,7.7075
33977.68,101.5,7.7075
33978.68,100.5,7.7075
33979.69,99.5,7.7075
33980.69,111.4,7.7075
33981.7,100.5,7.7075
33982.7,103.5,7.7075
33983.71,99.5,7.7075
33984.71,104.5,7.7076
33985.72,100.5,7.7076
33986.72,100.5,7.7076
33987.73,100.5,7.7076
33988.73,101.5,7.7076
33989.74,109.4,7.7077
33990.74,100.5,7.7077
33991.75,99.8,7.7077
33992.75,102.5,7.708
33993.76,100.5,7.708
33994.76,100.5,7.708
33995.77,100.5,7.708
33996.77,100.5,7.708
33997.78,112.4,7.757
33998.78,101.5,7.757
33999.79,100.5,7.757
34000.79,101.5,7.757
34001.8,100.5,7.757
34002.8,99.5,7.757
34003.81,102.5,7.757
34004.81,100.5,7.757
34005.82,101.5,8.132
34006.82,99.5,8.6263
34007.83,101.5,9.162
34008.83,120.4,9.2583
34009.84,99.3,9.2583
34010.85,100.5,9.2583
34011.85,100.5,9.2583
34012.86,100.5,9.2583
34013.86,100.5,9.2583
34014.87,100.4,9.2583
34015.87,101.5,9.2583
34016.88,100.5,9.2583
34017.88,100.5,9.2583
34018.89,101.5,9.2592
34019.89,99.5,9.2592
34020.9,101.5,9.2592
34021.9,101.5,9.2592
34022.91,99.5,9.2592
34023.91,99.5,9.2592
34024.92,100.4,9.2592
34025.92,101.5,9.2592
34026.93,103.5,9.2592
34027.93,100.5,9.2592
34028.94,100.5,9.2596
34029.95,99.5,9.2596
34030.95,101.5,9.2596
34031.95,101.5,9.2596
34032.96,99.5,9.2596
34033.97,100.5,9.2596
34034.97,99.4,9.2596
34035.98,101.5,9.2596
34036.98,101.5,9.2596
34037.99,99.5,9.2596
34038.99,100.5,9.2598
34040.0,101.5,9.2598
34041.0,100.4,9.2598
34042.01,101.5,9.2598
34043.01,101.5,9.2598
34044.02,100.5,9.2598
34045.02,100.5,9.2598
34046.03,100.5,9.2598
34047.03,101.6,9.2598
34048.04,100.5,9.2598
34049.04,101.5,9.2599
34050.05,100.5,9.2599
34051.05,100.5,9.2599
34052.06,101.5,9.2599
34053.06,100.5,9.2599
34054.07,100.5,9.2599
34055.07,100.5,9.2599
34056.08,100.5,9.2599
34057.08,102.5,9.2599
34058.09,100.5,9.2599
34059.1,101.5,9.2603
34060.1,101.3,9.2603
34061.1,99.7,9.2603
34062.11,100.5,9.2603
34063.11,100.7,9.2603
34064.12,100.5,9.2603
34065.12,100.5,9.2603
34066.13,100.5,9.2603
34067.13,99.5,9.2603
34068.14,102.5,9.2603
34069.14,99.5,9.2603
34070.15,100.5,9.2603
34071.15,101.5,9.2603
34072.16,100.5,9.2603
34073.16,100.5,9.2606
34074.17,102.5,9.2605
34075.17,100.5,9.2605
34076.18,99.5,9.2605
34077.18,101.5,9.2605
34078.19,101.5,9.2605
34079.2,101.5,9.2605
34080.2,100.3,9.2605
34081.21,99.5,9.2605
34082.21,131.3,9.2608
34083.22,102.5,9.2608
34084.22,102.5,9.2608
34085.23,121.4,9.2608
34086.23,100.5,9.2608
34087.24,100.5,9.2608
34088.24,100.5,9.2608
34089.25,101.5,9.2608
34090.25,99.5,9.261
34091.26,100.5,9.261
34092.27,100.5,9.261
34093.27,101.5,9.261
34094.28,100.5,9.261
34095.28,100.5,9.261
34096.29,101.5,9.261
34097.29,101.5,9.261
34098.3,100.5,9.261
34099.3,102.5,9.261
34100.31,102.5,9.2612
34101.31,100.5,9.2612
34102.32,101.5,9.2612
34103.32,101.5,9.2612
34104.33,104.5,9.2612
34105.33,100.5,9.2612
34106.34,99.4,9.2612
34107.34,100.5,9.2612
34108.35,100.5,9.2612
34109.35,101.5,9.2612
34110.36,100.5,9.2615
34111.37,101.5,9.2615
34112.37,100.5,9.2615
34113.38,100.5,9.2615
34114.38,101.5,9.2615
34115.39,100.5,9.2615
34116.39,100.5,9.2615
34117.4,100.5,9.2615
34118.4,101.5,9.2615
34119.41,100.5,9.2615
34120.41,99.5,9.2615
34121.42,101.5,9.2615
34122.42,101.5,9.2615
34123.43,99.5,9.2615
34124.43,100.5,9.2615
34125.44,100.5,9.2615
34126.44,101.6,9.2615
34127.45,100.5,9.2615
34128.45,104.5,9.2615
34129.46,99.5,9.2615
34130.46,101.5,9.2615
34131.47,99.5,9.2616
34132.47,100.5,9.2616
34133.48,101.5,9.2616
34134.48,99.5,9.2616
34135.49,100.5,9.2616
34136.49,101.5,9.2616
34137.5,99.5,9.2616
34138.5,101.5,9.2616
34139.51,99.5,9.2616
34140.52,101.5,9.2616
34141.52,99.4,9.2618
34142.53,100.5,9.2618
34143.53,100.5,9.2621
34144.54,101.5,9.2621
34145.54,99.5,9.2621
34146.55,103.5,9.2621
34147.55,100.5,9.2621
34148.56,99.5,9.2621
34149.56,101.5,9.2621
34150.57,101.5,9.2621
34151.57,100.5,9.2623
34152.58,101.5,9.2623
34153.58,101.6,9.2623
34154.59,100.5,9.2623
34155.59,99.5,9.2623
34156.6,101.5,9.2623
34157.6,99.5,9.2623
34158.61,101.5,9.2623
34159.61,100.5,9.2623
34160.62,100.5,9.2623
34161.62,100.5,9.2624
34162.63,100.5,9.2624
34163.64,102.5,9.2624
34164.64,100.5,9.2624
34165.65,100.5,9.2624
34166.65,102.5,9.2624
34167.66,100.5,9.2624
34168.66,99.5,9.2624
34169.67,100.5,9.2624
34170.67,102.5,9.2624
34171.68,101.6,9.2633
34172.68,101.6,9.2633
34173.69,99.5,9.2633
34174.69,101.5,9.2633
34175.7,100.5,9.2633
34176.7,100.5,9.2633
34177.71,100.5,9.2634
34178.71,99.5,9.2634
34179.71,103.6,9.2634
34180.72,100.5,9.2634
34181.73,99.5,9.2637
34182.73,101.5,9.2637
34183.73,100.6,9.2637
34184.74,101.5,9.2637
34185.75,102.5,9.2637
34186.75,100.5,9.2637
34187.76,101.5,9.2637
34188.76,101.5,9.2637
34189.77,100.5,9.2637
34190.77,100.5,9.2637
34191.78,101.5,9.2754
34192.78,100.5,9.2754
34193.79,100.5,9.2754
34194.79,100.5,9.2754
34195.8,102.4,9.2754
34196.8,99.5,9.2754
34197.81,104.5,9.2755
34198.81,216.9,9.2755
34199.82,165.1,9.279
34200.83,103.5,9.279
34201.83,100.5,9.279
34202.84,101.5,9.279
34203.84,106.4,9.279
34204.85,102.5,9.279
34205.85,101.5,9.279
34206.86,101.5,9.279
34207.86,99.5,9.279
34208.87,102.5,9.279
34209.87,100.5,9.279
34210.88,100.5,9.279
34211.88,101.6,9.279
34212.89,100.5,9.279
34213.89,100.5,9.279
34214.9,99.5,9.279
34215.9,101.5,9.279
34216.91,99.5,9.279
34217.91,101.5,9.279
34218.92,100.5,9.279
34219.92,103.5,9.279
34220.93,100.4,9.279
34221.93,100.5,9.279
34222.94,101.4,9.2792
34223.94,99.5,9.2792
34224.95,100.5,9.2792
34225.95,101.5,9.2792
34226.96,99.5,9.2792
34227.96,100.5,9.2792
34228.97,100.5,9.2792
34229.98,102.5,9.2792
34230.98,100.5,9.2792
34231.99,100.5,9.2792
34232.99,101.5,9.2792
34234.0,99.5,9.2792
34235.0,101.5,9.2792
34236.01,99.5,9.2792
34237.01,101.5,9.2792
34238.02,101.5,9.2792
34239.02,101.5,9.2792
34240.03,100.5,9.2792
34241.03,99.5,9.2792
34242.04,101.5,9.2792
34243.04,100.5,9.2792
34244.05,2.0,2.6324
34245.05,338.0,2.7931
34246.05,3.0,2.489
34247.06,296.0,2.7181
34248.06,366.1,2.8384
34249.06,0.0,2.6265
34250.07,345.0,2.8085
34251.07,332.3,3.0306
34252.08,135.3,3.2165
34253.08,108.4,3.2964
34254.09,1.0,2.4979
34255.09,294.4,2.7213
34256.09,334.9,2.8384
34257.1,328.3,3.0785
34258.1,317.5,3.3738
34259.11,1.0,2.5235
34260.11,310.6,2.7267
34261.12,344.9,2.8748
34262.12,327.2,3.1691
34263.12,260.7,3.5857
34264.13,157.2,4.0784
34265.13,116.4,4.5968
34266.14,100.5,5.1059
34267.14,102.5,5.6296
34268.15,125.5,2.4355
34269.15,2337.5,2.7336
34270.16,342.2,2.9394
34271.16,3.0,2.6018
34272.16,308.3,2.7564
34273.17,339.6,2.9883
34274.17,2.0,2.5521
34275.18,305.4,2.7317
34276.18,366.8,2.8873
34277.19,0.0,2.5299
34278.19,312.0,2.7582
34279.19,362.1,2.8898
34280.19,353.0,3.1258
34281.2,263.7,3.2772
34282.2,115.4,3.3194
34283.21,108.4,3.37
34284.21,104.5,3.4198
34285.22,120.4,3.4651
34286.23,101.5,3.5106
34287.23,107.4,3.545
34288.24,105.5,3.5769
34289.24,100.5,3.6058
34290.25,101.5,3.6333
34291.25,101.5,3.6564
34292.26,104.5,3.6785
34293.26,102.5,3.7054
34294.27,103.5,3.7306
34295.27,104.5,3.7545
34296.28,105.5,3.7725
34297.28,105.4,3.7875
34298.29,101.5,3.813
34299.29,125.4,3.8399
34300.3,102.5,3.8649
34301.3,101.5,3.8915
34302.31,101.5,3.9164
34303.31,99.5,3.9418
34304.32,108.4,3.9669
34305.32,101.4,3.984
34306.33,100.5,3.9991
34307.33,107.4,4.0162
34308.34,101.5,4.0321
34309.34,99.5,4.0436
34310.35,101.5,4.0559
34311.36,101.5,4.0729
34312.36,101.5,4.0921
34313.37,99.5,4.1144
34314.37,117.4,4.1337
34315.38,103.5,4.1535
34316.38,100.5,4.1708
34317.39,100.5,4.1846
34318.39,108.4,4.2009
34319.4,106.5,4.2167
34320.4,99.5,4.2305
34321.41,100.5,4.2458
34322.41,100.5,4.2599
34323.42,100.5,4.2718
34324.42,101.5,4.2849
34325.43,99.5,4.2947
34326.43,107.5,4.2995
34327.44,104.5,4.3031
34328.44,112.4,4.307
34329.45,108.4,4.3248
34330.45,106.5,4.3556
34331.46,109.4,4.388
34332.46,104.4,4.4215
34333.47,104.5,4.4781
34334.47,187.0,4.5413
34335.48,106.5,4.6125
34336.48,101.5,4.6825
34337.49,102.5,4.7537
34338.5,101.5,4.8227
34339.5,100.5,4.8881
34340.51,102.5,4.9562
34341.51,99.5,5.0206
34342.52,100.5,5.0897
34343.52,102.5,5.153
34344.53,127.3,5.2208
34345.53,100.7,5.2923
34346.53,3.0,2.4429
34347.54,1.0,2.7046
34348.54,349.9,2.8802
34349.54,357.1,3.1437
34350.55,265.5,3.3692
34351.55,114.4,3.4459
34352.56,111.5,3.5093
34353.56,105.5,3.5765
34354.57,110.4,3.6281
34355.57,103.5,3.672
34356.58,100.5,3.7108
34357.58,106.5,3.7473
34358.59,99.5,3.7846
34359.59,104.5,3.8195
34360.6,112.4,3.8472
34361.6,118.4,3.8884
34362.61,109.4,3.927
34363.61,103.4,3.966
34364.62,100.5,4.0044
34365.62,103.5,4.0343
34366.63,100.6,4.0595
34367.63,112.4,4.0825
34368.64,101.5,4.1013
34369.64,101.5,4.1291
34370.65,107.4,4.1602
34371.65,114.4,4.1912
34372.66,103.5,4.2182
34373.67,98.5,4.2401
34374.67,100.6,4.2643
34375.67,102.5,4.2852
34376.68,101.5,4.3068
34377.68,101.5,4.3249
34378.69,99.6,4.3372
34379.69,114.4,4.3437
34380.7,111.4,4.3598
34381.7,110.4,4.403
34382.71,111.5,4.45
34383.71,122.6,4.5204
34384.72,112.4,4.6128
34385.72,101.5,4.7163
34386.73,101.5,4.8229
34387.73,103.5,4.9189
34388.74,101.5,5.0166
34389.74,130.3,5.1197
34390.75,99.8,5.2129
34391.75,102.5,5.3173
34392.76,2.0,2.5428
34393.76,314.3,2.7841
34394.76,315.0,2.9054
34395.77,346.2,3.217
34396.77,2.0,2.5641
34397.78,321.2,2.7509
34398.78,368.2,3.0347
34399.78,316.4,3.4442
34400.79,182.2,3.9477
34401.79,290.5,4.5083
34402.8,220.9,5.0475
34403.8,2.0,2.5912
34404.8,327.9,2.8359
34405.81,343.3,3.0185
34406.81,160.3,3.1156
34407.82,1.0,2.6351
34408.82,304.2,2.8458
34409.82,360.4,3.0994
34410.83,0.0,2.5449
34411.83,323.1,2.8144
34412.83,336.0,2.9318
34413.84,342.3,3.223
34414.84,0.0,2.5563
34415.85,292.1,2.7148
34416.85,0.0,2.5579
34417.85,333.2,2.7464
34418.85,2.0,2.5975
34419.86,311.1,2.7807
34420.86,360.0,2.9873
34421.87,250.7,3.2726
34422.87,261.6,3.6143
34423.87,1.0,2.6137
34424.88,318.3,2.7565
34425.88,1.0,2.6264
34426.88,324.0,2.7652
34427.89,2255.9,2.6454
34428.89,327.0,2.775
34429.89,1468.1,2.6464
34430.9,1.0,2.5433
34431.9,308.4,2.7325
34432.91,345.2,2.8867
34433.91,323.3,3.1382
34434.92,1.0,2.584
34435.92,352.0,2.7543
34436.92,0.0,2.571
34437.93,305.1,2.7187
34438.93,1.0,2.5545
34439.94,303.0,2.7278
34440.94,367.9,2.881
34441.94,4.0,2.5706
34442.95,340.2,2.8366
34443.95,304.5,3.1835
34444.96,215.8,3.5771
34445.96,111.4,3.9783
34446.97,110.5,4.5108
34447.97,149.2,5.0822
34448.98,320.9,5.2066
34449.98,338.2,5.3904
34450.99,317.7,5.5761
34451.99,277.8,5.7812
34453.0,311.4,6.0215
34454.0,313.5,6.3347
34455.01,305.4,6.6361
34456.01,305.4,6.8571
34457.02,275.9,7.2293
34458.02,254.9,8.3142
34459.03,212.9,8.3162
34460.03,130.3,8.3162
34461.04,201.0,8.3184
34462.04,107.4,8.3184
34463.05,124.5,8.3184
34464.05,100.5,8.3185
34465.06,101.5,8.3185
34466.06,104.5,8.3185
34467.07,104.5,8.3185
34468.07,121.4,8.3185
34469.08,103.5,8.3185
34470.08,105.5,8.3185
34471.09,99.5,8.4185
34472.09,101.5,8.4185
34473.1,101.5,8.4185
34474.1,106.4,8.4188
34475.11,101.5,8.4188
34476.11,107.6,8.4189
34477.12,99.5,8.4189
34478.12,101.5,8.4189
34479.13,201.4,9.0406
34480.13,130.3,9.2137
34481.14,100.5,9.2919
34482.14,100.6,9.3115
34483.15,109.4,9.3115
34484.15,120.4,2.4466
34485.15,1.0,2.5952
34486.16,356.2,2.879
34487.16,1.0,2.5571
34488.16,311.9,2.7214
34489.17,358.0,2.8836
34490.17,1.0,2.5973
34491.17,315.1,2.7747
34492.18,1.0,2.5779
34493.18,358.9,2.8581
34494.18,360.1,3.0678
34495.19,342.3,3.3319
34496.19,323.5,3.5803
34497.2,248.8,3.8737
34498.2,2.0,2.579
34499.2,354.1,2.8581
34500.21,358.6,3.0638
34501.21,6.0,2.5344
34502.22,306.0,2.7331
34503.22,2.0,2.563
34504.22,303.4,2.7322
34505.23,2.0,2.5941
34506.23,322.4,2.7616
34507.23,355.2,2.9993
34508.24,343.0,3.2805
34509.24,2.0,2.5632
34510.24,355.0,2.7822
34511.25,275.8,3.2136
34512.25,158.2,3.7354
34513.25,1.0,2.566
34514.26,325.0,2.7357
34515.26,341.2,2.9298
34516.26,181.1,3.2388
34517.27,149.2,3.5899
34518.28,2.0,2.5457
34519.28,337.9,2.7593
34520.28,2.0,2.7029
34521.29,314.6,2.9631
34522.29,354.1,3.1171
34523.3,327.2,3.3723
34524.3,315.8,3.7139
34525.31,309.4,4.1055
34526.31,312.4,4.4908
34527.32,301.4,4.8807
34528.32,302.5,5.2262
34529.33,310.6,5.6005
34530.33,305.4,6.0048
34531.34,303.7,6.3798
34532.34,286.5,6.8101
34533.35,175.1,7.2224
34534.35,183.0,7.6798
34535.36,129.3,7.6958
34536.36,129.3,7.7798
34537.37,237.8,7.7805
34538.37,192.0,7.7805
34539.38,299.4,7.8021
34540.38,247.7,7.8268
34541.39,225.8,7.8363
34542.39,103.5,7.8363
34543.4,134.4,8.007
34544.4,100.5,8.0549
34545.41,101.5,8.0549
34546.41,100.5,8.0549
34547.42,102.5,8.0549
34548.42,99.5,8.0549
34549.43,101.5,8.055
34550.43,100.5,8.055
34551.44,102.5,8.055
34552.44,133.3,8.0554
34553.45,101.5,8.0554
34554.45,101.5,8.0554
34555.46,101.5,8.0554
34556.47,100.5,8.0554
34557.47,104.4,8.0555
34558.48,114.4,8.0555
34559.48,101.5,8.0555
34560.49,100.5,8.0555
34561.49,131.3,8.0557
34562.5,100.5,8.0557
34563.5,100.5,8.0557
34564.51,101.5,8.0557
34565.51,100.5,8.0557
34566.52,100.5,8.0557
34567.52,99.5,8.0557
34568.53,101.5,8.0557
34569.53,129.3,8.0557
34570.54,99.5,8.0557
34571.54,101.5,8.0557
34572.55,102.5,8.0557
34573.56,99.5,8.0557
34574.56,100.5,8.0557
34575.57,100.5,8.0557
34576.57,100.5,8.0557
34577.58,100.5,8.0557
34578.58,134.4,8.2245
34579.59,100.5,8.2245
34580.59,101.5,8.2245
34581.6,100.5,8.2245
34582.6,101.5,8.2247
34583.61,100.5,8.2247
34584.61,100.5,8.2247
34585.62,100.5,8.2247
34586.62,99.5,8.2247
34587.63,101.5,8.4832
34588.63,101.5,8.8731
34589.64,168.1,9.3385
34590.64,101.5,9.3385
34591.65,99.5,9.3385
34592.65,101.5,9.3388
34593.66,100.5,9.3388
34594.67,100.5,9.3388
34595.67,101.5,9.3388
34596.67,99.5,9.3389
34597.68,100.5,9.3389
34598.69,101.5,9.3389
34599.69,100.5,9.3389
34600.7,102.5,9.3395
34601.7,99.5,9.3395
34602.71,101.5,9.3395
34603.71,100.5,9.3395
34604.72,99.5,9.3395
34605.72,101.6,9.3398
34606.73,100.5,9.3398
34607.73,100.4,9.3398
34608.74,100.5,9.3398
34609.74,102.5,9.3399
34610.75,100.5,9.3399
34611.75,101.5,9.3399
34612.76,100.5,9.3399
34613.76,99.7,9.3399
34614.77,100.5,9.3399
34615.77,100.5,9.3399
34616.78,100.5,9.3399
34617.78,100.5,9.3399
34618.79,101.5,9.3399
34619.79,100.5,9.3399
34620.8,101.5,9.3399
34621.8,100.5,9.3399
34622.81,99.5,9.3399
34623.81,101.5,9.3399
34624.82,99.5,9.3399
34625.82,100.5,9.3399
34626.83,101.5,9.3399
34627.83,99.5,9.3399
34628.84,101.5,9.3399
34629.84,100.5,9.3399
34630.85,100.5,9.3399
34631.85,101.6,9.3402
34632.86,101.5,9.3402
34633.86,100.5,9.3402
34634.87,100.5,9.3402
34635.87,100.5,9.3402
34636.88,100.5,9.3402
34637.88,101.5,9.3402
34638.89,101.5,9.3402
34639.89,100.5,9.3402
34640.9,101.5,9.3402
34641.9,99.5,9.3402
34642.91,101.5,9.3402
34643.92,99.5,9.3402
34644.92,103.5,9.3402
34645.93,99.5,9.3402
34646.93,101.5,9.3402
34647.94,100.5,9.3402
34648.94,101.5,9.3402
34649.95,99.5,9.3402
34650.95,101.5,9.3402
34651.96,101.5,9.3402
34652.96,100.5,9.3402
34653.97,101.5,9.3402
34654.97,103.5,9.3402
34655.98,100.5,9.3402
34656.98,101.5,9.3402
34657.99,100.5,9.3402
34658.99,100.5,9.3402
34660.0,101.5,9.3402
34661.01,101.5,9.3404
34662.01,99.6,9.3404
34663.01,101.5,9.3407
34664.02,99.5,9.3407
34665.02,100.5,9.3407
34666.03,100.6,9.3407
34667.03,100.5,9.3407
34668.04,102.5,9.3407
34669.05,100.5,9.3407
34670.05,102.5,9.3407
34671.06,100.5,9.3407
34672.06,99.5,9.3407
34673.07,100.6,9.3407
34674.07,101.5,9.3407
34675.08,100.5,9.3407
34676.08,103.5,9.3407
34677.09,99.5,9.3409
34678.09,101.6,9.3409
34679.1,100.5,9.3409
34680.1,100.5,9.3409
34681.11,100.5,9.3411
34682.11,101.5,9.3411
34683.12,99.5,9.3411
34684.12,101.5,9.3411
34685.13,100.5,9.3411
34686.13,100.5,9.3411
34687.14,101.5,9.3411
34688.14,99.5,9.3411
34689.15,100.5,9.3413
34690.15,101.5,9.3413
34691.16,100.5,9.3418
34692.16,101.5,9.3418
34693.17,99.5,9.3418
34694.17,101.5,9.3418
34695.18,102.5,9.3418
34696.19,99.5,9.3418
34697.19,99.6,9.3418
34698.19,101.5,9.3418
34699.2,99.7,9.3418
34700.2,100.5,9.3418
34701.21,102.5,9.3418
34702.21,100.5,9.3418
34703.22,100.5,9.3418
34704.22,99.5,9.3418
34705.23,103.6,9.3418
34706.23,100.5,9.3418
34707.24,100.5,9.3418
34708.24,100.5,9.3418
34709.25,100.5,9.3418
34710.25,100.5,9.3418
34711.26,100.6,9.3418
34712.26,100.5,9.3418
34713.27,100.5,9.3418
34714.27,100.5,9.3418
34715.28,100.5,9.3418
34716.28,99.5,9.3418
34717.29,101.5,9.3418
34718.29,100.6,9.3418
34719.3,101.5,9.3418
34720.3,99.5,9.3418
34721.31,100.5,9.3418
34722.31,101.5,9.3421
34723.32,99.5,9.3421
34724.32,100.5,9.3421
34725.33,101.5,9.3421
34726.34,102.5,9.3421
34727.34,100.5,9.3421
34728.35,100.5,9.3421
34729.35,100.5,9.3421
34730.36,100.5,9.3421
34731.36,99.5,9.3421
34732.37,101.5,9.3421
34733.37,101.5,9.3421
34734.38,101.5,9.3421
34735.38,99.5,9.3421
34736.39,101.5,9.3421
34737.39,100.5,9.3421
34738.4,101.5,9.3421
34739.4,101.5,9.3421
34740.41,100.5,9.3421
34741.41,100.5,9.3421
34742.42,100.5,9.3423
34743.42,99.5,9.3425
34744.43,101.5,9.3425
34745.43,99.5,9.3425
34746.44,101.5,9.3425
34747.45,99.5,9.3425
34748.45,100.5,9.3425
34749.46,101.5,9.3425
34750.46,100.5,9.3425
34751.47,101.5,9.3425
34752.47,99.5,9.3425
34753.48,101.5,9.3425
34754.48,101.5,9.3425
34755.49,100.5,9.3425
34756.49,100.5,9.3425
34757.5,101.5,9.3425
34758.5,100.5,9.3425
34759.51,100.5,9.3425
34760.51,100.5,9.3425
34761.52,101.5,9.3427
34762.52,100.5,9.3427
34763.53,100.5,9.3427
34764.53,101.5,9.3427
34765.54,100.5,9.3427
34766.54,100.5,9.3427
34767.55,101.5,9.3429
34768.55,99.5,9.3429
34769.56,101.5,9.3429
34770.57,101.5,9.3429
34771.57,100.5,9.3829
34772.58,100.5,9.3829
34773.58,101.5,9.3829
34774.59,100.5,9.3829
34775.59,101.5,9.3829
34776.6,99.5,9.3831
34777.6,101.5,9.3831
34778.61,100.5,9.3831
34779.61,100.5,9.3831
34780.62,100.5,9.3832
34781.62,99.5,9.3832
34782.63,100.5,9.3832
34783.63,100.5,9.3832
34784.64,101.5,9.3832
34785.64,100.5,9.3832
34786.65,101.5,9.3832
34787.65,101.5,9.3832
34788.66,100.5,9.3832
34789.66,100.5,9.3832
34790.67,102.5,9.4208
34791.67,100.5,9.4208
34792.68,100.6,9.4208
34793.68,99.5,9.4208
34794.69,101.5,9.4208
34795.7,100.5,9.4208
34796.7,100.5,9.4208
34797.71,102.5,9.4208
34798.71,100.5,9.4208
34799.72,100.5,9.4208
34800.72,99.5,9.4208
34801.73,101.5,9.4208
34802.73,99.5,9.4208
34803.74,102.5,9.4208
34804.74,100.5,9.4208
34805.75,101.6,9.4208
34806.75,100.5,9.4208
34807.76,99.5,9.4208
34808.76,101.5,9.4208
34809.77,100.5,9.4538
34810.77,100.5,9.4557
34811.78,100.5,9.4557
34812.78,100.5,9.4562
34813.79,100.5,9.4562
34814.79,100.5,9.4562
34815.8,99.7,9.4562
34816.8,103.5,9.4562
34817.81,99.5,9.4562
34818.81,101.5,9.4562
34819.82,100.7,2.6073
34820.82,340.1,2.964
34821.82,366.1,3.1541
34822.83,327.4,3.4183
34823.83,310.4,3.8159
34824.84,312.3,4.1873
34825.85,307.4,4.5573
34826.85,304.7,4.9367
34827.85,302.4,5.2947
34828.86,306.4,5.6633
34829.87,308.4,6.0328
34830.87,310.5,6.4137
34831.88,308.4,6.8408
34832.88,260.6,7.2434
34833.89,255.6,7.7095
34834.89,188.2,7.8383
34835.9,212.9,7.8383
34836.9,304.4,7.8388
34837.91,166.2,7.8388
34838.91,138.3,7.8388
34839.92,114.4,7.8388
34840.92,101.5,7.8388
34841.93,117.4,7.8388
34842.93,136.3,8.009
34843.94,101.5,8.009
34844.94,101.5,8.009
34845.95,99.5,8.009
34846.95,102.5,8.009
34847.96,100.5,8.009
34848.96,100.5,8.009
34849.97,100.5,8.009
34850.97,134.4,8.0105
34851.98,102.5,8.0105
34852.98,100.5,8.0105
34853.99,100.5,8.0105
34854.99,100.5,8.0105
34856.0,100.5,8.0105
34857.01,99.5,8.0105
34858.01,101.5,8.0105
34859.02,130.3,8.0107
34860.02,100.4,8.0107
34861.03,100.5,8.011
34862.03,100.5,8.0113
34863.04,100.5,8.0113
34864.04,103.5,8.0113
34865.05,99.5,8.0113
34866.05,100.5,8.0113
34867.06,130.3,8.0116
34868.06,99.5,8.0116
34869.07,101.4,8.0116
34870.07,100.5,8.0116
34871.08,102.5,8.0116
34872.09,100.5,8.0116
34873.09,101.5,8.0116
34874.1,99.2,8.0116
34875.1,136.3,8.1804
34876.11,100.5,8.1805
34877.11,119.4,8.1805
34878.12,99.5,8.1805
34879.12,101.5,8.1805
34880.13,100.5,8.1805
34881.13,99.7,8.1805
34882.14,100.6,8.1805
34883.14,100.5,8.286
34884.15,101.5,8.82
34885.15,157.5,9.2621
34886.16,112.4,9.2945
34887.16,100.5,9.2945
34888.17,100.5,9.2945
34889.17,101.5,9.2945
34890.18,99.5,9.2946
34891.18,99.6,9.2946
34892.19,102.5,9.2947
34893.19,100.5,9.295
34894.2,100.5,9.295
34895.2,101.5,9.2952
34896.21,102.5,9.2952
34897.21,99.5,9.2952
34898.22,100.6,9.2952
34899.22,100.5,9.2952
34900.23,101.5,9.2952
34901.23,99.5,9.2952
34902.24,101.5,9.2952
34903.24,100.5,9.2952
34904.25,101.5,9.2952
34905.25,102.5,9.2961
34906.26,100.5,9.2961
34907.26,99.5,9.2961
34908.27,102.5,9.2961
34909.28,99.5,9.2961
34910.28,101.5,9.2961
34911.29,100.5,9.2961
34912.29,99.5,9.2961
34913.3,101.5,9.2962
34914.3,100.5,9.2962
34915.31,100.5,9.2962
34916.31,100.5,9.2962
34917.32,100.5,9.2962
34918.32,99.5,9.2962
34919.33,100.5,9.2962
34920.33,103.5,9.2962
34921.34,99.5,9.2962
34922.34,100.5,9.2962
34923.35,99.5,9.2962
34924.36,101.2,9.2962
34925.36,100.5,9.2962
34926.37,99.5,9.2962
34927.37,101.5,9.2962
34928.38,101.6,9.2962
34929.38,100.4,9.2962
34930.39,101.5,9.2962
34931.39,101.5,9.2962
34932.4,99.5,9.2962
34933.4,100.5,9.2962
34934.41,102.4,9.2962
34935.42,100.5,9.2962
34936.42,99.5,9.2962
34937.43,101.5,9.2962
34938.43,100.5,9.2962
34939.44,102.5,9.2962
34940.44,100.5,9.2962
34941.45,102.5,9.2962
34942.45,101.5,9.2967
34943.46,99.5,9.2967
34944.46,101.5,9.2967
34945.47,100.5,9.2968
34946.47,100.5,9.2968
34947.48,100.5,9.2968
34948.48,100.5,9.2968
34949.49,100.5,9.2968
34950.49,100.5,9.2968
34951.5,100.5,9.2968
34952.5,99.5,9.2968
34953.51,100.5,9.2968
34954.51,100.5,9.2968
34955.52,101.5,9.2968
34956.52,100.5,9.2968
34957.53,101.5,9.2968
34958.54,99.5,9.2968
34959.54,100.5,9.2968
34960.55,100.5,9.2968
34961.55,102.5,9.2968
34962.56,100.5,9.2968
34963.56,100.5,9.2968
34964.57,101.5,9.2968
34965.57,99.5,9.2968
34966.58,101.5,9.297
34967.58,99.5,9.297
34968.59,102.5,9.297
34969.59,99.5,9.297
34970.6,102.5,9.297
34971.6,101.5,9.297
34972.61,100.5,9.297
34973.61,100.5,9.297
34974.62,101.5,9.297
34975.62,101.5,9.297
34976.63,99.5,9.297
34977.63,101.5,9.297
34978.64,99.5,9.297
34979.64,100.5,9.297
34980.65,100.5,9.297
34981.65,100.5,9.297
34982.66,100.5,9.2973
34983.66,100.5,9.2973
34984.67,101.5,9.2973
34985.67,101.5,9.2973
34986.68,101.5,9.2973
34987.68,99.5,9.2976
34988.69,101.5,9.2976
34989.69,100.5,9.2976
34990.7,100.5,9.2976
34991.71,99.5,9.2976
34992.71,100.5,9.2976
34993.72,102.5,9.2976
34994.72,99.5,9.2977
34995.73,101.5,9.2977
34996.73,100.5,9.2977
34997.74,100.5,9.2977
34998.74,100.5,9.2977
34999.75,101.5,9.2977
35000.75,99.5,9.2977
35001.76,102.5,9.2977
35002.76,99.6,9.2977
35003.77,100.4,9.2977
35004.77,100.5,9.2977
35005.78,99.5,9.2977
35006.78,101.6,9.2977
35007.79,99.5,9.2977
35008.79,102.5,9.2977
35009.8,100.5,9.2977
35010.8,101.5,9.2977
35011.81,100.5,9.2977
35012.81,100.5,9.2977
35013.82,100.5,9.2977
35014.82,101.5,9.2977
35015.83,101.5,9.2977
35016.83,100.5,9.2977
35017.84,100.5,9.2977
35018.84,100.5,9.2977
35019.85,99.5,9.2977
35020.85,101.5,9.2977
35021.86,101.5,9.2977
35022.86,101.5,9.2977
35023.87,100.5,9.2977
35024.88,100.5,9.2977
35025.88,99.5,9.2977
35026.89,100.5,9.2977
35027.89,100.5,9.2979
35028.9,100.5,9.2979
35029.9,101.5,9.2979
35030.91,101.5,9.2979
35031.91,100.5,9.2982
35032.92,100.5,9.2982
35033.92,101.5,9.2982
35034.93,99.5,9.2982
35035.93,100.5,9.2982
35036.94,100.5,9.2982
35037.94,100.5,9.2982
35038.95,101.5,9.2982
35039.95,100.7,9.2982
35040.96,100.5,9.2982
35041.96,102.5,9.2985
35042.97,100.5,9.2985
35043.97,101.5,9.2985
35044.98,100.5,9.2985
35045.98,101.5,9.2985
35046.99,103.5,9.2985
35047.99,102.5,9.2985
35049.0,99.5,9.2985
35050.0,101.5,9.2985
35051.01,100.5,9.2985
35052.01,99.5,9.2985
35053.02,101.5,9.2985
35054.02,100.5,9.2985
35055.03,101.6,9.2985
35056.03,101.5,9.2985
35057.04,99.5,9.2985
35058.04,101.5,9.2985
35059.05,100.5,9.2985
35060.05,101.5,9.2985
35061.06,100.5,9.3372
35062.07,101.5,9.3372
35063.07,99.6,9.3374
35064.07,102.5,9.3374
35065.08,99.4,9.3374
35066.09,100.5,9.3374
35067.09,100.5,9.3374
35068.1,99.5,9.3374
35069.1,101.5,9.3374
35070.11,101.5,9.3374
35071.11,99.5,9.3374
35072.12,101.5,9.3374
35073.12,99.5,9.3374
35074.13,102.5,9.3374
35075.13,99.5,9.3374
35076.14,101.5,9.3374
35077.14,100.5,9.3377
35078.15,100.5,9.3377
35079.15,100.5,9.3377
35080.16,101.5,9.3756
35081.16,99.5,9.3756
35082.17,101.5,9.3756
35083.18,101.5,9.3756
35084.18,100.5,9.3757
35085.19,101.5,9.3757
35086.19,99.5,9.3757
35087.2,100.5,9.3757
35088.2,101.5,9.3757
35089.21,100.5,9.3757
35090.21,100.5,9.3758
35091.22,100.5,9.3758
35092.22,100.5,9.3758
35093.23,100.6,9.3758
35094.23,100.5,9.3758
35095.24,100.5,9.3758
35096.24,100.5,9.3758
35097.25,101.5,9.3758
35098.25,100.5,9.3758
35099.26,99.5,9.3758
35100.26,100.5,9.4114
35101.27,103.5,9.4114
35102.27,100.5,9.4114
35103.28,99.5,9.4114
35104.28,99.5,9.4114
35105.29,102.5,9.4114
35106.29,101.5,9.4114
35107.3,98.5,9.4114
35108.31,101.5,9.4114
35109.31,101.5,9.4114
35110.32,99.5,9.4114
35111.32,101.5,9.4117
35112.33,101.5,9.4117
35113.33,99.5,9.4117
35114.34,100.5,9.4117
35115.34,102.5,9.4117
35116.35,101.5,9.4117
35117.35,100.5,9.4117
35118.36,99.5,9.4117
35119.36,102.5,2.4759
35120.37,271.1,2.7183
35121.37,317.0,2.9962
35122.37,375.0,3.1359
35123.38,329.6,3.3701
35124.38,318.5,3.6432
35125.39,315.3,4.0228
35126.39,309.4,4.4157
35127.4,306.4,4.8361
35128.4,306.9,5.1848
35129.41,304.4,5.527
35130.41,307.4,5.8984
35131.42,308.5,6.2422
35132.42,317.3,6.6036
35133.43,268.6,6.9598
35134.43,166.5,7.3707
35135.43,183.1,7.7135
35136.44,185.0,7.8135
35137.44,134.3,7.8135
35138.45,103.5,7.8138
35139.45,198.9,2.4556
35140.46,8.0,2.6913
35141.46,2.0,2.6139
35142.46,322.2,2.7793
35143.47,2.0,2.4556
35144.47,0.0,2.7145
35145.47,1.0,2.6716
35146.48,310.2,2.8298
35147.48,349.0,3.0872
35148.48,313.7,3.4703
35149.49,205.0,3.9336
35150.49,138.6,4.4168
35151.5,105.5,4.9058
35152.5,103.5,5.3991
35153.51,101.5,5.9199
35154.51,101.5,6.2443
35155.52,100.5,6.5705
35156.52,101.5,6.8937
35157.53,102.5,7.4029
35158.53,116.4,7.5255
35159.54,101.7,7.6255
35160.54,134.3,7.6293
35161.55,107.4,7.6293
35162.55,100.6,7.6293
35163.56,103.5,7.6293
35164.56,101.5,7.6293
35165.57,101.5,7.6293
35166.57,157.2,7.6293
35167.58,248.7,7.7306
35168.58,121.4,7.7264
35169.59,101.5,7.7264
35170.59,101.5,7.7219
35171.6,104.5,7.7219
35172.6,99.5,7.7224
35173.61,101.5,7.7224
35174.62,102.5,7.7224
35175.62,101.5,7.7224
35176.63,116.4,7.7232
35177.63,100.5,7.7232
35178.64,100.5,7.7232
35179.64,101.5,7.7232
35180.65,101.5,7.7232
35181.65,100.4,7.7232
35182.66,102.5,7.7232
35183.66,133.3,7.7234
35184.67,125.7,7.7238
35185.67,100.8,7.7238
35186.67,101.5,7.7238
35187.68,106.6,7.7238
35188.68,102.5,7.7238
35189.69,100.5,7.7238
35190.69,100.5,7.7238
35191.7,99.5,7.7238
35192.7,101.5,7.7238
35193.71,100.7,7.7238
35194.71,100.5,7.7238
35195.72,99.5,7.7238
35196.72,100.7,7.7241
35197.72,100.5,7.7241
35198.73,102.5,7.7241
35199.73,99.5,7.7241
35200.74,100.5,7.7241
35201.75,100.5,7.7241
35202.75,100.5,7.7241
35203.76,101.5,7.7241
35204.76,99.6,7.7241
35205.77,101.5,7.7241
35206.77,100.5,7.7241
35207.78,101.5,7.7241
35208.78,99.5,7.7241
35209.79,102.5,7.7241
35210.79,100.7,7.7241
35211.79,99.5,7.7241
35212.8,99.5,7.7243
35213.8,101.5,7.7243
35214.81,100.5,7.7243
35215.82,100.5,7.7243
35216.82,100.5,7.7243
35217.83,99.5,7.7246
35218.83,101.5,7.7246
35219.84,100.5,7.7246
35220.84,100.7,7.7246
35221.84,101.5,7.7246
35222.85,100.5,7.7246
35223.85,100.6,7.7246
35224.86,99.7,7.7246
35225.86,101.5,7.7246
35226.87,100.5,7.7246
35227.87,100.5,7.7246
35228.88,100.5,7.7246
35229.88,100.5,7.7246
35230.89,99.5,7.7246
35231.89,103.5,7.7246
35232.9,99.5,7.7246
35233.9,102.5,7.7246
35234.91,100.7,7.7246
35235.91,99.5,7.7246
35236.92,101.5,7.7246
35237.92,100.7,7.7246
35238.92,99.6,7.7246
35239.93,101.5,7.7246
35240.93,99.5,7.7246
35241.94,100.5,7.7246
35242.94,100.5,7.7246
35243.95,99.5,7.7246
35244.95,100.6,7.7246
35245.96,100.5,7.7246
35246.96,103.5,7.7246
35247.97,100.5,7.7246
35248.97,99.5,7.7246
35249.98,99.5,7.7246
35250.98,102.5,7.7246
35251.99,101.5,7.7246
35252.99,101.5,7.7246
35254.0,99.5,7.7246
35255.01,101.5,7.7246
35256.01,99.5,7.7246
35257.02,100.5,7.7246
35258.02,101.5,7.7246
35259.03,100.5,7.7246
35260.03,101.5,7.7246
35261.04,99.5,7.7246
35262.04,110.5,7.7251
35263.05,100.5,7.7251
35264.05,100.5,7.7251
35265.06,101.5,7.7251
35266.06,102.5,7.7251
35267.07,99.5,7.7251
35268.07,100.5,7.7251
35269.08,100.5,7.7251
35270.08,100.4,7.7251
35271.09,153.2,7.7252
35272.09,143.3,7.7252
35273.1,107.4,7.7252
35274.1,101.5,7.7252
35275.11,102.5,7.7252
35276.11,101.6,7.7252
35277.12,100.5,7.7252
35278.12,101.5,7.7252
35279.13,101.5,7.7252
35280.13,100.6,7.7252
35281.14,101.5,7.7252
35282.14,100.5,7.7254
35283.15,110.4,7.7674
35284.15,100.6,7.7674
35285.16,100.5,7.7674
35286.16,101.5,7.7674
35287.17,124.6,7.7675
35288.17,4739.2,2.5851
35289.17,370.9,2.8332
35290.18,354.4,3.191
35291.18,201.9,3.6783
35292.19,242.7,3.8411
35293.19,251.8,4.0018
35294.2,143.2,4.1036
35295.2,154.2,4.2186
35296.21,129.3,4.3786
35297.21,120.4,4.5228
35298.22,125.3,4.6373
35299.22,102.5,4.7246
35300.23,99.5,4.8089
35301.23,101.5,4.8956
35302.24,103.5,4.9848
35303.24,100.5,5.0572
35304.25,101.5,5.128
35305.26,100.5,5.2018
35306.26,101.5,5.2792
35307.27,103.5,5.3458
35308.27,105.5,5.4121
35309.28,99.6,5.477
35310.28,101.5,5.5399
35311.29,100.5,5.6076
35312.29,101.5,5.6752
35313.3,99.5,5.7402
35314.3,103.5,5.8127
35315.31,100.5,5.8692
35316.31,100.5,5.927
35317.32,99.7,5.9802
35318.32,102.5,6.031
35319.33,99.5,6.0852
35320.33,100.5,6.1348
35321.34,100.5,6.1846
35322.34,101.5,6.2388
35323.35,101.5,6.2873
35324.35,100.5,6.3366
35325.36,100.5,6.3839
35326.36,102.5,6.4273
35327.37,100.5,6.4742
35328.37,105.3,6.5696
35329.38,99.5,6.6636
35330.39,101.5,6.7531
35331.39,100.5,6.8422
35332.39,100.6,6.9228
35333.4,100.5,6.9973
35334.41,102.5,7.0685
35335.41,100.5,7.1233
35336.42,100.5,7.1846
35337.42,100.5,7.2474
35338.43,101.5,7.3071
35339.43,102.5,7.3672
35340.44,100.5,7.4258
35341.44,119.4,7.5091
35342.45,99.5,7.5346
35343.45,101.5,7.5966
35344.46,101.5,7.6091
35345.46,100.5,7.6091
35346.47,101.5,7.6091
35347.47,100.5,7.6091
35348.48,100.5,7.6091
35349.48,124.3,7.6091
35350.49,100.5,7.6091
35351.49,100.5,7.6091
35352.5,102.5,7.6091
35353.51,102.5,7.6421
35354.51,101.5,7.681
35355.52,101.5,7.7091
35356.52,100.5,7.7091
35357.53,101.5,7.7094
35358.53,101.5,7.7094
35359.54,100.5,7.7094
35360.54,100.5,7.7094
35361.55,99.5,7.7094
35362.55,102.5,7.7096
35363.56,99.5,7.7096
35364.56,100.5,7.7096
35365.57,101.5,7.7096
35366.57,99.5,7.7099
35367.58,100.5,7.7099
35368.58,102.4,7.7099
35369.59,99.5,7.7099
35370.59,102.5,7.7099
35371.6,100.5,7.7099
35372.6,100.5,7.7099
35373.61,100.5,7.7099
35374.61,101.5,7.7099
35375.62,101.5,7.7099
35376.62,100.5,7.7099
35377.63,103.5,7.7099
35378.63,101.5,7.7099
35379.64,100.5,7.7099
35380.64,100.5,7.7099
35381.65,101.5,7.7099
35382.66,99.5,7.7099
35383.66,106.4,7.7099
35384.67,101.5,7.7099
35385.67,99.5,7.7099
35386.68,100.5,7.7099
35387.68,101.5,7.7099
35388.69,101.5,7.7099
35389.69,100.5,7.7099
35390.7,100.5,7.7099
35391.7,101.5,7.7099
35392.71,100.5,7.7099
35393.71,99.5,7.7099
35394.72,100.5,7.7099
35395.72,101.5,7.7099
35396.73,100.5,7.7099
35397.73,101.5,7.7099
35398.74,106.4,7.7099
35399.74,100.5,7.7099
35400.75,101.5,7.7099
35401.75,101.5,7.7099
35402.76,100.5,7.7101
35403.76,99.5,7.7101
35404.77,102.5,7.7101
35405.77,99.5,7.7101
35406.78,100.5,7.7101
35407.78,101.6,7.7101
35408.79,99.5,7.7101
35409.79,100.5,7.7101
35410.8,101.5,7.7101
35411.8,101.5,7.7101
35412.81,103.5,7.7101
35413.81,100.5,7.7101
35414.82,100.5,7.7101
35415.83,99.5,7.7101
35416.83,101.5,7.7101
35417.84,101.5,7.7101
35418.84,100.6,7.7101
35419.85,98.5,7.7101
35420.85,101.5,7.7101
35421.86,100.5,7.7101
35422.86,100.5,7.7101
35423.87,102.5,7.7101
35424.87,100.5,7.7101
35425.88,101.5,7.7101
35426.88,101.5,7.7101
35427.89,103.5,7.7101
35428.89,100.5,7.7101
35429.9,100.5,7.7101
35430.9,99.5,7.7101
35431.91,101.5,7.7101
35432.91,100.5,7.7104
35433.92,100.5,7.7104
35434.92,102.5,7.7104
35435.93,99.5,7.7104
35436.93,100.5,7.7104
35437.94,101.5,7.7104
35438.94,105.4,7.7104
35439.95,102.5,7.7104
35440.95,101.5,7.7104
35441.96,100.5,7.7104
35442.96,101.5,7.7104
35443.97,101.5,7.7104
35444.98,99.5,7.7104
35445.98,100.5,7.7104
35446.99,101.5,7.7106
35447.99,99.5,7.7106
35449.0,100.5,7.7106
35450.0,100.5,7.7106
35451.01,100.5,7.7106
35452.01,102.5,7.7109
35453.02,99.6,7.7109
35454.02,100.5,7.7109
35455.03,106.4,7.7109
35456.03,100.5,7.7109
35457.04,99.5,7.7109
35458.04,101.5,7.7109
35459.05,102.5,7.7109
35460.05,101.5,7.7109
35461.06,100.5,7.7109
35462.06,99.5,7.7109
35463.07,102.5,7.7109
35464.07,98.5,7.7109
35465.08,100.5,7.7109
35466.08,100.5,7.7109
35467.09,101.5,7.7109
35468.09,103.5,7.7109
35469.1,99.5,7.7109
35470.1,100.5,7.7109
35471.11,100.5,7.7109
35472.11,101.6,7.7109
35473.12,100.5,7.7109
35474.12,101.5,7.7109
35475.13,100.5,7.7109
35476.13,99.5,7.7109
35477.14,101.5,7.7109
35478.14,99.5,7.7109
35479.15,100.5,7.7109
35480.15,101.6,7.7109
35481.16,100.5,7.7109
35482.16,103.5,7.7109
35483.17,99.5,7.7109
35484.17,100.5,7.7109
35485.18,100.5,7.7109
35486.18,100.5,7.7109
35487.19,107.5,7.7109
35488.19,100.5,7.7109
35489.2,100.5,7.7109
35490.2,100.5,7.7109
35491.21,100.5,7.7109
35492.22,100.5,7.7109
35493.22,101.5,7.7111
35494.23,100.5,7.7111
35495.23,102.5,7.7111
35496.24,100.5,7.7111
35497.24,99.5,7.7114
35498.25,100.5,7.7114
35499.25,101.5,7.7114
35500.26,100.5,7.7114
35501.26,99.6,7.7114
35502.27,103.5,7.7114
35503.27,100.5,7.7116
35504.28,100.5,7.7116
35505.28,99.6,7.7116
35506.29,101.5,7.7116
35507.29,100.5,7.7116
35508.3,99.5,7.7116
35509.3,102.6,7.7116
35510.31,99.5,7.7116
35511.31,101.5,7.7116
35512.32,111.4,7.753
35513.32,117.5,7.753
35514.33,196.0,7.753
35515.33,104.5,7.753
35516.34,101.5,7.753
35517.34,99.5,7.753
35518.35,101.5,7.753
35519.35,100.5,7.753
35520.36,102.6,7.753
35521.36,99.6,7.753
35522.37,100.5,7.753
35523.37,101.5,7.753
35524.38,102.5,7.753
35525.38,99.5,7.753
35526.39,100.5,7.753
35527.39,101.4,7.753
35528.4,100.5,7.753
35529.4,101.5,7.753
35530.41,101.5,7.753
35531.41,108.4,7.753
35532.42,101.5,7.753
35533.42,99.5,7.753
35534.43,100.5,7.753
35535.43,100.5,7.753
35536.44,101.5,7.753
35537.45,99.5,7.7533
35538.45,102.5,7.7533
35539.46,99.5,7.7533
35540.46,100.5,7.7533
35541.47,102.5,7.7533
35542.47,100.5,7.7535
35543.48,100.6,7.7535
35544.48,101.5,7.7535
35545.49,100.5,7.7535
35546.49,99.5,7.7535
35547.5,101.5,7.7535
35548.5,99.5,7.7535
35549.51,102.5,7.7535
35550.51,99.5,7.7535
35551.52,101.5,7.7535
35552.52,101.5,7.7535
35553.53,101.5,7.7535
35554.53,100.5,7.7535
35555.54,103.5,7.7535
35556.54,101.5,7.7535
35557.55,99.5,7.7535
35558.55,101.5,7.7535
35559.56,111.4,7.7537
35560.56,99.5,7.7537
35561.57,102.5,7.7537
35562.58,100.5,7.7539
35563.58,101.7,7.7539
35564.58,99.5,7.7539
35565.59,101.5,7.7539
35566.59,100.5,7.7539
35567.6,100.5,7.7539
35568.6,101.5,7.7539
35569.61,101.5,7.7539
35570.61,100.5,7.7539
35571.62,99.5,7.7539
35572.62,101.5,7.7539
35573.63,101.5,7.7539
35574.64,100.5,7.7539
35575.64,100.5,7.7539
35576.65,99.5,7.7539
35577.65,101.5,7.7539
35578.66,99.5,7.7539
35579.66,101.5,7.7539
35580.67,100.5,7.7539
35581.67,101.5,7.7539
35582.68,101.5,7.7539
35583.68,99.5,7.7539
35584.69,101.6,7.7539
35585.69,100.6,7.7539
35586.69,101.5,7.7539
35587.7,99.5,7.7542
35588.7,1.0,2.6826
35589.71,335.3,2.9052
35590.71,355.1,3.1393
35591.72,272.6,3.2369
35592.73,122.4,3.3004
35593.73,116.4,3.3603
35594.74,100.5,3.4348
35595.74,116.4,3.5133
35596.75,101.6,3.5872
35597.75,105.4,3.6621
35598.76,133.3,3.732
35599.76,101.5,3.8002
35600.77,102.5,3.8686
35601.77,100.5,3.9351
35602.78,101.5,3.9993
35603.78,102.5,4.0543
35604.79,101.5,4.1062
35605.79,101.5,4.1584
35606.8,189.0,4.2129
35607.8,110.4,4.2636
35608.81,105.5,4.3096
35609.81,104.5,4.3604
35610.82,100.5,4.4124
35611.82,100.5,4.4647
35612.83,104.5,4.5203
35613.83,100.5,4.5741
35614.84,101.5,4.6241
35615.84,102.5,4.6759
35616.85,100.5,4.733
35617.85,100.5,4.791
35618.86,101.5,4.844
35619.86,102.5,4.8947
35620.87,102.5,4.9506
35621.87,100.6,5.0096
35622.88,101.5,5.0612
35623.88,99.5,5.1136
35624.89,100.5,5.1665
35625.89,103.5,5.2189
35626.9,100.5,5.2733
35627.91,100.5,5.3305
35628.91,100.5,5.3881
35629.92,104.5,5.4484
35630.92,101.5,5.5035
35631.93,100.5,5.5553
35632.93,100.5,5.6083
35633.94,103.5,5.6602
35634.94,100.5,5.7121
35635.95,101.5,5.7649
35636.95,99.5,5.8149
35637.96,107.4,5.8649
35638.96,102.5,5.9135
35639.97,100.6,5.9674
35640.97,101.5,6.0225
35641.98,99.5,6.0732
35642.98,100.5,6.1245
35643.99,101.5,6.1777
35644.99,101.5,6.2307
35646.0,100.5,6.2805
35647.0,100.5,6.33
35648.01,101.5,6.3836
35649.01,100.5,6.4334
35650.02,100.5,6.4846
35651.02,101.5,6.5351
35652.03,100.6,6.5846
35653.03,100.5,6.6343
35654.04,103.5,6.6868
35655.04,99.5,6.733
35656.05,100.5,6.7815
35657.05,105.4,6.8272
35658.06,100.5,6.8761
35659.06,99.6,6.9257
35660.07,102.5,6.9726
35661.07,99.5,7.0246
35662.08,100.5,7.0721
35663.08,112.5,7.1153
35664.09,118.4,7.1611
35665.09,102.5,7.2
35666.1,100.5,7.2339
35667.1,100.5,7.2693
35668.11,101.5,7.2963
35669.11,101.5,7.3304
35670.12,100.5,7.3625
35671.12,100.6,7.3954
35672.13,117.4,7.4681
35673.13,101.5,7.4681
35674.14,100.5,7.4681
35675.14,100.5,7.4891
35676.15,100.5,7.5201
35677.15,100.5,7.5201
35678.16,100.5,7.5201
35679.16,101.5,7.5201
35680.17,99.5,7.5201
35681.17,100.5,7.5201
35682.18,100.5,7.5203
35683.18,100.5,7.5203
35684.19,102.5,7.5203
35685.19,101.5,7.5203
35686.2,100.5,7.5203
35687.2,101.5,7.5203
35688.21,103.5,7.5203
35689.22,100.5,7.5203
35690.22,100.5,7.5203
35691.23,106.4,7.5233
35692.23,99.5,7.558
35693.24,101.5,7.5929
35694.24,100.5,7.6203
35695.25,100.5,7.6203
35696.25,102.3,7.6203
35697.26,99.5,7.6203
35698.26,101.5,7.6203
35699.27,100.5,7.6203
35700.27,108.4,7.6203
35701.28,107.5,7.6203
35702.28,99.5,7.6203
35703.29,101.5,7.6203
35704.29,99.5,7.6203
35705.3,100.4,7.6203
35706.31,100.5,7.6203
35707.31,102.5,7.6206
35708.32,99.5,7.6206
35709.32,99.5,7.6206
35710.33,100.5,7.6206
35711.33,119.7,7.6206
35712.33,100.5,7.6206
35713.34,100.5,7.6208
35714.34,100.5,7.6208
35715.35,100.5,7.6208
35716.35,100.5,7.6208
35717.36,102.5,7.6208
35718.36,101.5,7.6208
35719.37,99.5,7.6208
35720.37,101.5,7.6208
35721.38,99.5,7.6208
35722.38,100.5,7.6208
35723.39,101.5,7.6208
35724.4,102.3,7.6208
35725.4,100.5,7.6208
35726.41,101.5,7.6208
35727.41,100.5,7.6211
35728.42,100.5,7.6211
35729.42,99.5,7.6211
35730.43,102.5,7.6211
35731.43,100.5,7.6211
35732.44,102.5,7.6211
35733.44,98.6,7.6211
35734.45,101.5,7.6211
35735.45,100.5,7.6211
35736.46,101.5,7.6211
35737.46,100.8,7.6211
35738.46,100.5,7.6211
35739.47,99.5,7.6211
35740.47,101.5,7.6211
35741.48,100.5,7.6211
35742.48,100.5,7.6211
35743.49,103.4,7.6211
35744.5,99.5,7.6211
35745.5,101.5,7.6211
35746.51,99.5,7.6211
35747.51,101.6,7.6211
35748.51,100.5,7.6211
35749.52,100.5,7.6211
35750.53,101.5,7.6211
35751.53,102.6,7.6211
35752.53,100.5,7.6211
35753.54,101.5,7.6211
35754.54,99.5,7.6211
35755.55,101.5,7.6211
35756.56,99.5,7.6211
35757.56,102.5,7.6211
35758.57,101.5,7.6211
35759.57,100.5,7.6211
35760.58,101.5,7.6211
35761.58,99.5,7.6211
35762.59,100.5,7.6211
35763.59,100.5,7.6211
35764.6,100.5,7.6211
35765.6,101.5,7.6211
35766.61,101.5,7.6211
35767.61,99.5,7.6211
35768.62,102.5,7.6211
35769.62,101.6,7.6211
35770.63,100.5,7.6211
35771.63,100.5,7.6211
35772.64,100.5,7.6213
35773.64,101.6,7.6213
35774.65,100.5,7.6213
35775.65,101.5,7.6213
35776.66,100.5,7.6213
35777.66,101.5,7.6213
35778.67,99.5,7.6213
35779.67,100.5,7.6213
35780.68,101.5,7.6213
35781.68,100.5,7.6213
35782.69,99.5,7.6213
35783.69,100.5,7.6213
35784.7,101.5,7.6213
35785.7,100.5,7.6213
35786.71,99.5,7.6213
35787.71,101.5,7.6213
35788.72,101.5,7.6213
35789.72,100.5,7.6213
35790.73,100.5,7.6213
35791.73,102.5,7.6216
35792.74,100.5,7.6218
35793.74,100.5,7.6218
35794.75,105.5,7.6218
35795.75,100.5,7.6218
35796.76,100.7,7.6218
35797.76,100.6,7.6218
35798.77,100.5,7.6218
35799.77,101.5,7.6218
35800.78,99.5,7.6218
35801.78,100.6,7.6218
35802.79,100.5,7.6218
35803.79,101.5,7.6218
35804.8,99.5,7.6218
35805.8,100.5,7.6218
35806.81,101.5,7.6218
35807.81,99.5,7.6218
35808.82,103.5,7.6218
35809.82,101.5,7.6218
35810.83,100.5,7.6218
35811.83,100.5,7.6218
35812.84,100.5,7.6218
35813.84,99.5,7.6218
35814.85,102.5,7.6218
35815.85,99.6,7.6218
35816.86,101.5,7.6218
35817.86,99.5,7.6218
35818.87,100.5,7.6218
35819.87,102.5,7.6218
35820.88,99.5,7.6218
35821.88,100.5,7.6221
35822.89,101.5,7.6221
35823.89,100.5,7.6221
35824.9,100.5,7.6221
35825.9,100.5,7.6221
35826.91,100.5,7.6221
35827.92,100.5,7.6221
35828.92,101.5,7.6221
35829.93,100.5,7.6221
35830.93,99.7,7.6221
35831.93,100.5,7.6221
35832.94,101.5,7.6221
35833.94,99.5,7.6221
35834.95,100.5,7.6221
35835.95,100.5,7.6221
35836.96,101.5,7.6221
35837.96,100.5,7.6221
35838.97,100.5,7.6221
35839.97,100.5,7.6221
35840.98,102.5,7.6221
35841.98,100.5,7.6221
35842.99,101.5,7.6221
35843.99,99.5,7.6221
35845.0,99.6,7.6221
35846.0,101.6,7.6221
35847.01,100.5,7.6221
35848.01,99.5,7.6221
35849.02,101.5,7.6221
35850.02,99.5,7.6221
35851.03,102.5,7.6221
35852.03,99.5,7.6221
35853.04,100.5,7.6221
35854.04,99.5,7.6221
35855.05,101.5,7.6221
35856.05,101.5,7.6221
35857.06,100.5,7.6221
35858.06,102.5,7.6221
35859.07,100.5,7.6221
35860.07,99.5,7.6221
35861.08,101.5,7.6221
35862.08,99.5,7.6221
35863.09,101.5,7.6223
35864.09,99.5,7.6223
35865.1,102.5,7.6223
35866.1,100.5,7.6223
35867.11,100.5,7.6226
35868.11,101.5,7.6226
35869.12,99.5,7.6226
35870.12,101.5,7.6226
35871.13,99.5,7.6226
35872.13,100.5,7.6226
35873.14,112.4,7.6643
35874.14,100.5,7.6643
35875.15,99.5,7.6643
35876.15,101.5,7.6646
35877.16,101.5,7.6646
35878.16,99.5,7.6646
35879.17,101.3,7.6682
35880.18,100.5,7.6838
35881.18,102.5,7.7023
35882.19,99.5,7.7126
35883.19,99.5,7.7126
35884.2,101.5,7.7126
35885.2,101.5,7.7126
35886.21,100.5,7.7126
35887.21,100.5,7.7126
35888.22,103.4,2.5898
35889.22,306.2,2.7452
35890.23,337.4,2.9225
35891.23,314.4,3.0698
35892.24,0.0,2.4648
35893.24,5617.9,2.7525
35894.24,1.0,2.5415
35895.25,287.5,2.7369
35896.25,322.2,2.8791
35897.26,334.3,3.1204
35898.26,285.7,3.3597
35899.27,304.4,3.554
35900.27,237.8,3.6856
35901.28,109.4,3.9411
35902.28,114.4,4.0175
35903.29,135.3,4.0862
35904.29,101.5,4.1623
35905.3,100.5,4.2249
35906.3,104.4,4.4374
35907.31,0.0,2.554
35908.31,299.1,2.7329
35909.31,341.2,2.8815
35910.32,2.0,2.5888
35911.32,331.1,2.7604
35912.32,366.1,3.0316
35913.33,305.8,3.2449
35914.33,221.2,3.7061
35915.34,138.3,4.1828
35916.34,115.4,4.6615
35917.35,114.4,5.1519
35918.35,105.5,5.6456
35919.36,117.4,6.119
35920.36,131.3,6.2156
35921.37,161.2,6.2913
35922.37,103.5,6.3545
35923.38,101.5,6.4189
35924.38,112.4,6.7081
35925.39,101.5,7.0086
35926.39,103.5,7.3048
35927.4,119.4,7.4834
35928.41,101.5,7.5354
35929.41,102.5,7.6354
35930.42,107.4,7.6354
35931.42,99.5,7.6354
35932.43,105.5,7.6354
35933.43,186.0,7.6333
35934.44,101.5,7.6333
35935.44,101.5,7.6333
35936.45,100.5,7.6333
35937.45,101.5,7.6333
35938.46,99.5,7.6333
35939.46,102.5,7.6333
35940.47,99.5,7.6333
35941.47,101.5,7.6333
35942.48,101.5,7.6333
35943.48,101.5,7.6333
35944.49,101.5,7.6333
35945.49,126.7,7.6335
35946.49,0.0,2.5942
35947.5,322.1,2.7711
35948.5,352.2,2.9606
35949.5,292.8,3.3823
35950.51,4.0,2.6707
35951.51,305.4,2.8145
35952.52,346.2,3.0323
35953.52,2.0,2.738
35954.53,349.2,2.9158
35955.53,253.6,3.1945
35956.54,123.4,3.5264
35957.54,118.4,3.8669
35958.55,102.5,4.382
35959.55,104.5,4.92
35960.56,101.5,5.4612
35961.56,102.5,5.9785
35962.57,102.5,6.3188
35963.57,102.5,6.6391
35964.58,106.4,7.081
35965.58,117.4,7.5179
35966.59,119.4,7.6179
35967.59,113.4,7.6184
35968.6,106.4,7.6184
35969.6,100.5,7.6184
35970.61,101.5,7.6184
35971.62,100.5,7.6184
35972.62,100.5,7.6184
35973.63,111.5,7.7046
35974.63,106.4,7.7046
35975.64,99.5,7.7046
35976.64,115.4,7.7046
35977.65,100.5,7.7048
35978.65,100.5,7.7048
35979.66,163.2,7.7114
35980.66,108.4,7.7114
35981.67,112.4,7.7116
35982.67,101.5,7.7116
35983.68,103.5,7.7063
35984.68,101.5,7.7063
35985.69,101.5,7.7064
35986.69,99.5,7.7064
35987.7,103.6,7.7064
35988.7,99.5,7.7064
35989.71,100.5,7.7064
35990.71,100.5,7.7064
35991.72,111.5,7.707
35992.72,100.5,7.707
35993.73,100.5,7.707
35994.73,102.5,7.707
35995.74,101.6,7.707
35996.74,101.5,7.707
35997.75,99.5,7.707
35998.75,102.5,7.707
35999.76,100.6,7.707
36000.76,100.5,7.707
36001.77,101.5,7.707
36002.77,100.5,7.7072
36003.78,102.5,7.7072
36004.78,100.5,7.7072
36005.79,99.5,7.7072
36006.79,99.5,7.7072
36007.8,102.5,7.7072
36008.8,99.5,7.7072
36009.81,101.5,7.7072
36010.81,99.5,7.7072
36011.82,103.5,7.7072
36012.82,101.5,7.7072
36013.83,100.5,7.7072
36014.83,101.5,7.7072
36015.84,100.5,7.7072
36016.84,101.5,7.7072
36017.85,100.5,7.7072
36018.85,100.5,7.7072
36019.86,100.5,7.7072
36020.86,101.4,7.7072
36021.87,99.5,7.7072
36022.87,100.5,7.7072
36023.88,101.5,7.7072
36024.88,100.7,7.7072
36025.89,100.5,7.7072
36026.89,100.5,7.7072
36027.9,100.6,7.7072
36028.9,100.6,7.7072
36029.91,101.5,7.7072
36030.91,99.5,7.7072
36031.92,101.5,7.7072
36032.92,100.6,7.7072
36033.93,101.5,7.7072
36034.93,101.5,7.7072
36035.94,100.5,7.7072
36036.94,101.5,7.7072
36037.95,99.5,7.7072
36038.95,100.5,7.7072
36039.96,101.5,7.7072
36040.96,100.5,7.7072
36041.97,99.5,7.7072
36042.97,101.5,7.7072
36043.98,100.5,7.7072
36044.98,100.5,7.7072
36045.99,100.5,7.7072
36046.99,99.5,7.7075
36048.0,101.5,7.7075
36049.0,99.5,7.7075
36050.01,100.5,7.7075
36051.01,102.5,7.7075
36052.02,100.5,7.7077
36053.02,101.5,7.7077
36054.03,100.5,7.7077
36055.03,100.5,7.7077
36056.04,100.5,7.7077
36057.04,101.5,7.7077
36058.05,101.5,7.7077
36059.05,99.5,7.7077
36060.06,101.3,7.7077
36061.07,99.5,7.7077
36062.07,101.5,7.7077
36063.08,99.5,7.7077
36064.08,101.5,7.7077
36065.09,100.5,7.7077
36066.09,99.5,7.7077
36067.1,102.5,7.7077
36068.1,101.5,7.7077
36069.11,100.5,7.7077
36070.11,99.5,7.7077
36071.12,102.5,7.7077
36072.12,99.5,7.7077
36073.13,101.6,7.7077
36074.13,99.5,7.7077
36075.14,160.2,2.4674
36076.14,1.0,2.6969
36077.14,318.1,2.8361
36078.15,346.2,3.066
36079.15,1.0,2.6506
36080.15,358.0,2.8811
36081.16,1.0,2.5971
36082.16,342.0,2.7929
36083.16,348.2,3.007
36084.17,0.0,2.483
36085.17,284.5,2.7336
36086.18,334.9,2.8483
36087.18,0.0,2.5995
36088.18,326.0,2.7585
36089.19,321.6,2.8988
36090.19,4.0,2.7135
36091.19,301.1,2.837
36092.2,343.4,3.1164
36093.2,329.3,3.3867
36094.21,328.4,3.6714
36095.21,213.3,4.0326
36096.22,120.4,4.4068
36097.22,153.2,4.7695
36098.23,114.4,5.2988
36099.23,115.4,5.9222
36100.24,111.4,6.5487
36101.24,99.6,7.1819
36102.25,124.3,7.5475
36103.25,103.5,7.6475
36104.26,110.4,7.6475
36105.26,114.4,7.6475
36106.27,101.5,7.6475
36107.27,100.5,7.6475
36108.28,102.5,7.6475
36109.28,112.4,7.7003
36110.29,100.5,7.7469
36111.29,101.5,7.7469
36112.3,101.5,7.7469
36113.3,98.5,7.7469
36114.31,101.5,7.7469
36115.31,101.5,7.7469
36116.32,113.4,7.7471
36117.32,99.5,7.7471
36118.33,101.6,7.7471
36119.33,100.5,7.7471
36120.34,101.5,7.7471
36121.34,100.5,7.7471
36122.35,112.4,7.7486
36123.35,101.5,7.7486
36124.36,100.5,7.7486
36125.36,100.5,7.7486
36126.37,100.5,7.7486
36127.37,100.5,7.7487
36128.38,109.4,7.7491
36129.39,100.5,7.7491
36130.39,100.5,7.7491
36131.4,102.5,7.7494
36132.4,100.5,7.7494
36133.41,101.5,7.7494
36134.43,104.8,7.7692
36135.43,106.5,7.803
36136.44,101.5,7.803
36137.44,100.5,7.803
36138.45,99.5,7.803
36139.45,100.5,7.803
36140.46,101.5,7.803
36141.46,101.5,7.803
36142.47,100.5,8.3429
36143.47,101.5,8.9005
36144.48,119.4,9.3014
36145.48,101.5,9.3014
36146.49,100.5,9.3015
36147.49,101.5,9.3015
36148.5,100.5,9.3015
36149.5,101.5,9.3015
36150.51,99.5,9.3015
36151.51,101.5,9.3015
36152.52,99.5,9.3015
36153.52,104.4,9.3062
36154.53,103.5,9.3062
36155.54,99.5,9.3062
36156.54,101.5,9.3062
36157.55,100.5,9.3062
36158.55,99.5,9.3062
36159.56,149.2,9.3068
36160.56,310.4,9.3181
36161.57,300.4,9.352
36162.57,240.7,2.4707
36163.58,2.0,2.7411
36164.58,350.0,2.9696
36165.59,341.2,3.3812
36166.59,3.0,2.615
36167.59,315.3,2.8061
36168.59,349.0,3.0395
36169.6,327.0,3.3457
36170.6,3.0,2.5536
36171.61,291.6,2.7589
36172.61,313.9,2.8807
36173.61,339.3,3.1709
36174.62,325.5,3.449
36175.62,8.0,2.634
36176.62,352.9,2.8889
36177.63,341.4,3.2932
36178.63,308.6,2.4772
36179.63,0.0,2.765
36180.64,357.2,2.9621
36181.64,332.3,3.2652
36182.65,336.5,3.5407
36183.65,3.0,2.6718
36184.65,316.1,2.8285
36185.66,352.5,3.0741
36186.66,333.0,3.3386
36187.67,206.0,3.6775
36188.67,120.4,4.0244
36189.68,184.0,4.177
36190.68,184.2,4.2473
36191.69,112.4,4.2898
36192.69,102.5,4.3443
36193.7,100.5,4.3763
36194.7,105.5,4.4175
36195.71,100.5,4.4481
36196.71,100.5,4.4749
36197.72,113.4,4.5014
36198.72,100.5,4.5182
36199.73,116.5,4.5474
36200.73,101.5,4.568
36201.74,100.5,4.6008
36202.74,100.5,4.6285
36203.75,107.4,4.6586
36204.75,100.5,4.6829
36205.76,101.5,4.7065
36206.76,100.5,4.7309
36207.77,100.5,4.753
36208.77,101.5,4.7741
36209.78,100.5,4.795
36210.78,99.5,4.8171
36211.79,101.5,4.8369
36212.79,101.5,4.8506
36213.8,99.5,4.8644
36214.8,101.5,4.8808
36215.81,100.5,4.8961
36216.82,101.5,4.9087
36217.82,100.5,4.9241
36218.82,137.6,4.9433
36219.83,4.0,2.6529
36220.83,295.2,2.8095
36221.83,352.5,3.0379
36222.84,335.2,3.4011
36223.84,2.0,2.5802
36224.85,336.1,2.8092
36225.85,350.0,3.0797
36226.85,298.5,3.3575
36227.86,195.0,3.7056
36228.87,104.5,4.189
36229.87,123.4,4.7847
36230.88,116.4,5.3784
36231.88,103.5,5.9799
36232.89,111.5,6.5822
36233.89,121.4,7.132
36234.9,129.3,7.5384
36235.9,101.5,7.6564
36236.91,107.5,7.6567
36237.91,99.5,7.6567
36238.92,181.0,7.6684
36239.92,300.5,7.702
36240.93,302.4,7.7397
36241.93,279.5,7.7464
36242.94,134.3,7.8373
36243.94,111.5,7.8373
36244.95,100.5,7.8375
36245.95,99.5,7.8375
36246.96,102.5,7.8375
36247.96,101.5,7.8375
36248.97,104.5,7.8375
36249.97,104.5,7.8375
36250.98,108.5,7.8378
36251.98,101.5,7.8378
36252.99,100.5,7.8378
36253.99,99.5,7.8378
36255.0,101.6,7.8378
36256.0,100.5,7.8378
36257.01,100.5,7.8378
36258.01,100.5,7.8378
36259.02,261.8,7.8417
36260.02,1.0,2.6999
36261.03,1464.2,2.5864
36262.03,298.4,2.7742
36263.04,335.4,2.9254
36264.04,339.0,3.1673
36265.04,3480.3,2.6578
36266.04,318.1,2.8173
36267.05,294.6,3.1036
36268.05,239.7,3.5288
36269.06,263.6,3.9383
36270.06,4.0,2.6116
36271.07,305.9,2.7841
36272.07,2.0,2.5963
36273.07,290.1,2.7701
36274.08,336.0,2.9153
36275.08,319.6,3.2199
36276.09,177.1,3.5965
36277.09,4.0,2.6538
36278.09,332.0,2.815
36279.1,2.0,2.6749
36280.1,326.1,2.8229
36281.1,3.0,2.6567
36282.1,333.5,2.8228
36283.11,13.0,2.6536
36284.11,346.5,2.9299
36285.11,322.0,3.0696
36286.12,354.3,3.3571
36287.12,326.3,3.623
36288.12,310.5,3.8974
36289.13,307.4,4.2774
36290.13,303.4,4.6312
36291.14,303.6,4.9869
36292.14,308.4,5.3212
36293.15,309.5,5.687
36294.15,294.5,6.0101
36295.16,274.5,6.3298
36296.18,312.0,6.5987
36297.18,298.9,6.9802
36298.19,189.5,7.439
36299.19,145.3,7.7602
36300.2,185.1,7.8602
36301.2,100.5,7.8602
36302.21,100.5,7.8605
36303.21,115.4,7.8531
36304.22,104.5,7.8531
36305.22,100.5,7.8531
36306.23,101.5,7.8531
36307.23,102.5,7.8531
36308.24,99.5,7.8531
36309.24,136.3,8.0626
36310.25,101.5,8.0626
36311.25,158.2,8.0626
36312.26,120.4,8.0626
36313.26,100.5,8.0627
36314.27,101.5,8.0627
36315.27,101.5,8.0627
36316.28,101.5,8.0627
36317.28,103.5,8.0628
36318.29,135.3,8.0634
36319.29,101.5,8.0634
36320.3,99.7,8.0634
36321.3,101.8,8.0634
36322.3,100.5,8.0634
36323.31,100.5,8.0634
36324.31,101.5,8.0634
36325.32,100.5,8.0635
36326.33,101.5,8.0635
36327.33,132.3,8.064
36328.34,100.5,8.064
36329.34,100.5,8.064
36330.35,101.5,8.064
36331.35,99.5,8.064
36332.36,100.5,8.064
36333.36,100.5,8.064
36334.36,99.7,8.064
36335.39,108.1,8.064
36336.4,124.4,8.0642
36337.4,103.5,8.0642
36338.41,100.5,8.0642
36339.41,101.5,8.0642
36340.42,101.5,8.0642
36341.42,100.5,8.0642
36342.43,100.5,8.0642
36343.43,100.6,8.0642
36344.44,100.5,8.0642
36345.44,135.3,8.2238
36346.45,100.5,8.2238
36347.45,99.5,8.2238
36348.46,100.5,8.2238
36349.46,101.5,8.2238
36350.47,99.5,8.2238
36351.47,102.5,8.2238
36352.48,100.5,8.2238
36353.48,100.5,8.2238
36354.49,100.5,8.2624
36355.49,102.5,8.729
36356.5,102.5,9.0515
36357.51,164.2,9.3705
36358.51,102.5,9.3706
36359.52,100.5,9.3706
36360.52,101.5,9.3706
36361.53,99.4,9.3706
36362.53,101.5,9.3706
36363.54,99.5,9.3706
36364.54,102.5,9.3706
36365.55,100.5,9.3706
36366.55,99.5,9.3706
36367.56,100.5,9.3706
36368.56,100.5,9.3706
36369.57,102.5,9.3714
36370.57,100.5,9.3714
36371.58,100.5,9.3714
36372.58,100.5,9.3714
36373.59,102.5,9.3714
36374.59,100.5,9.3714
36375.6,101.5,9.3714
36376.6,100.5,9.3714
36377.61,100.5,9.3717
36378.61,101.5,9.3717
36379.62,99.5,9.3717
36380.62,100.5,9.3717
36381.63,100.6,9.3717
36382.63,101.5,9.3717
36383.64,99.5,9.3717
36384.64,102.5,9.3717
36385.65,100.5,9.3717
36386.65,100.5,9.3717
36387.66,100.5,9.3719
36388.67,99.5,9.3719
36389.67,100.5,9.3719
36390.68,101.5,9.372
36391.68,99.5,9.372
36392.69,102.5,9.372
36393.69,99.5,9.372
36394.7,102.5,9.372
36395.7,101.5,9.372
36396.71,100.5,9.372
36397.71,100.5,9.372
36398.72,100.5,9.372
36399.72,100.5,9.372
36400.73,99.5,9.372
36401.73,101.5,9.372
36402.74,100.5,9.372
36403.74,100.5,9.372
36404.75,100.5,9.372
36405.75,101.5,9.372
36406.76,101.6,9.372
36407.76,100.5,9.372
36408.77,99.5,9.372
36409.77,101.5,9.372
36410.78,100.5,9.372
36411.78,100.5,9.3722
36412.79,100.5,9.3722
36413.79,100.5,9.3722
36414.8,101.5,9.3722
36415.8,101.5,9.3722
36416.81,100.5,9.3722
36417.81,100.5,9.3722
36418.82,101.5,9.3722
36419.82,100.5,9.3722
36420.83,99.8,9.3722
36421.83,100.5,9.3722
36422.84,100.5,9.3724
36423.84,100.5,9.3724
36424.85,101.5,9.3724
36425.85,99.5,9.3724
36426.86,100.5,9.3724
36427.86,100.5,9.3724
36428.87,101.5,9.3724
36429.87,101.6,9.3724
36430.88,98.6,9.3724
36431.88,102.5,9.3724
36432.89,102.5,9.3726
36433.89,99.5,9.3726
36434.9,101.5,9.3726
36435.9,100.5,9.3726
36436.91,100.5,9.3726
36437.91,101.5,9.3726
36438.92,99.5,9.3726
36439.92,101.5,9.3726
36440.93,100.5,9.3726
36441.93,100.5,9.3726
36442.94,101.5,9.3726
36443.94,102.5,9.3729
36444.95,99.5,9.3729
36445.95,101.5,9.3729
36446.96,99.5,9.3729
36447.96,100.5,9.3729
36448.97,100.6,9.3729
36449.97,100.5,9.3729
36450.98,100.5,9.3729
36451.98,100.5,9.3729
36452.99,100.5,9.3729
36453.99,103.5,9.3731
36455.0,100.5,9.3731
36456.0,100.5,9.3731
36457.01,100.5,9.3731
36458.02,100.5,9.3731
36459.02,101.5,9.3731
36460.03,99.5,9.3731
36461.03,100.5,9.3731
36462.04,101.5,9.3731
36463.04,101.5,9.3731
36464.05,100.5,9.3731
36465.05,100.5,9.3731
36466.06,100.5,9.3731
36467.06,101.5,9.3734
36468.07,99.5,9.3734
36469.07,100.5,9.3734
36470.08,102.5,9.3734
36471.08,99.5,9.3736
36472.09,101.6,9.3736
36473.09,99.5,9.3736
36474.1,100.5,9.3736
36475.1,100.5,9.3736
36476.11,100.5,9.3736
36477.11,102.5,9.3736
36478.12,100.5,9.3736
36479.12,101.5,9.3736
36480.13,100.5,9.3736
36481.13,99.5,9.3736
36482.14,101.5,9.3736
36483.14,100.5,9.3736
36484.15,101.5,9.3736
36485.15,100.5,9.3736
36486.16,100.5,9.3736
36487.17,101.5,9.3736
36488.17,101.5,9.3736
36489.18,101.5,9.3736
36490.18,99.5,9.3736
36491.19,100.5,9.3736
36492.19,100.5,9.3736
36493.19,100.6,9.3736
36494.2,101.5,9.3736
36495.2,100.5,9.3736
36496.21,99.5,9.3736
36497.22,101.5,9.3737
36498.22,100.5,9.3737
36499.23,100.5,9.3737
36500.23,100.5,9.3737
36501.24,102.5,9.3737
36502.24,100.5,9.3737
36503.25,101.5,9.3737
36504.25,100.5,9.3737
36505.26,100.5,9.3737
36506.26,100.6,9.3737
36507.27,100.5,9.3737
36508.27,100.5,9.3738
36509.28,100.5,9.3738
36510.28,99.6,9.3738
36511.29,102.5,9.3738
36512.29,101.5,9.374
36513.3,102.5,9.374
36514.3,100.5,9.374
36515.31,99.5,9.374
36516.31,100.5,9.374
36517.32,101.5,9.374
36518.32,100.5,9.374
36519.33,100.5,9.374
36520.33,101.5,9.3743
36521.34,99.5,9.3743
36522.34,102.5,9.3743
36523.35,100.5,9.3743
36524.35,101.5,9.3743
36525.36,99.5,9.3743
36526.36,101.5,9.3743
36527.37,99.5,9.3743
36528.37,103.5,9.3743
36529.38,99.5,9.3743
36530.38,100.5,9.3743
36531.39,100.5,9.3744
36532.39,101.5,9.3744
36533.4,99.5,9.3744
36534.41,101.5,9.3744
36535.41,101.5,9.3744
36536.42,100.5,9.3744
36537.42,99.5,9.3744
36538.43,101.5,9.3744
36539.43,99.5,9.3744
36540.44,101.5,9.3744
36541.44,100.5,9.3744
36542.45,100.5,9.3744
36543.45,100.5,9.3744
36544.46,100.5,9.3744
36545.46,101.5,9.3746
36546.47,100.5,9.3746
36547.47,100.5,9.3746
36548.48,100.5,9.3746
36549.48,102.5,9.3746
36550.49,100.5,9.3746
36551.49,101.5,9.3746
36552.5,100.5,9.4107
36553.5,101.5,9.4107
36554.51,100.5,9.4107
36555.51,100.5,9.4107
36556.52,100.5,9.4109
36557.52,100.5,9.4112
36558.53,100.5,9.4112
36559.53,100.5,9.4112
36560.54,100.5,9.4112
36561.54,100.5,9.4112
36562.55,100.5,9.4112
36563.55,101.5,9.4112
36564.56,99.5,9.4112
36565.56,101.5,9.4112
36566.57,103.5,9.4112
36567.57,101.5,9.4112
36568.58,100.5,9.4112
36569.59,99.5,9.4112
36570.59,101.5,9.4112
36571.6,100.5,9.4112
36572.6,100.5,9.4112
36573.61,101.5,9.4112
36574.61,100.5,9.4112
36575.62,101.5,9.4468
36576.62,101.5,9.4468
36577.63,99.5,9.4468
36578.63,100.5,9.4468
36579.64,100.5,9.4468
36580.64,100.5,9.4469
36581.65,102.5,9.4469
36582.65,100.4,2.5415
36583.66,259.2,2.7828
36584.66,311.1,2.9471
36585.66,359.9,3.1247
36586.67,329.3,3.3726
36587.67,328.3,3.7036
36588.68,311.6,4.0845
36589.68,294.4,2.5267
36590.69,0.0,2.9049
36591.69,351.9,3.1215
36592.7,334.3,3.4836
36593.7,324.5,3.846
36594.71,310.3,4.2216
36595.71,2.0,2.6344
36596.71,339.1,2.9555
36597.72,361.1,3.2253
36598.72,319.3,3.5929
36599.73,317.5,3.9644
36600.73,306.4,4.341
36601.74,1.0,2.7417
36602.74,349.2,3.0046
36603.74,351.0,3.2426
36604.75,328.4,3.4964
36605.75,321.5,3.7591
36606.76,316.4,4.0399
36607.76,310.4,4.381
36608.76,2.0,2.7414
36609.77,0.0,2.6176
36610.77,281.6,2.8066
36611.77,319.0,2.9657
36612.78,344.8,3.2181
36613.78,184.1,3.53
36614.79,115.4,3.8485
36615.79,115.4,4.1784
36616.8,105.5,4.5061
36617.8,103.5,4.9518
36618.81,115.4,5.4797
36619.81,105.4,6.0118
36620.82,101.5,6.5466
36621.82,102.5,7.0796
36622.83,119.5,7.5626
36623.83,102.5,7.7146
36624.84,101.5,7.7146
36625.84,102.5,7.7146
36626.85,100.5,7.7146
36627.86,102.4,7.7146
36628.86,141.3,7.715
36629.87,111.4,7.715
36630.87,108.4,7.715
36631.88,118.4,7.7748
36632.88,102.5,7.8055
36633.89,100.5,7.8055
36634.89,100.5,7.8055
36635.9,136.4,7.8059
36636.9,101.5,7.8059
36637.91,99.5,7.8059
36638.91,103.5,7.8059
36639.92,111.5,7.8064
36640.92,101.5,7.8067
36641.93,100.5,7.8067
36642.93,114.4,7.8068
36643.94,128.4,7.8069
36644.94,116.5,7.8069
36645.95,109.4,7.8069
36646.95,101.5,7.8069
36647.96,111.4,7.8069
36648.96,101.3,7.8069
36649.97,99.5,7.8069
36650.97,100.5,7.8069
36651.98,108.4,7.8071
36652.98,104.4,7.8071
36653.99,99.5,7.8071
36655.0,102.5,7.8071
36656.0,116.5,7.8071
36657.0,108.4,7.8072
36658.01,132.3,7.8072
36659.02,110.4,7.8072
36660.02,1.0,2.6289
36661.02,334.0,2.8332
36662.03,4.0,2.6488
36663.03,342.3,2.9203
36664.04,354.1,3.0458
36665.04,324.4,3.3262
36666.05,317.6,3.6738
36667.05,324.0,3.9933
36668.05,316.5,4.4386
36669.06,255.6,4.9386
36670.06,282.5,5.4494
36671.07,292.5,5.7242
36672.07,166.1,5.8047
36673.08,111.4,5.8641
36674.08,100.5,5.9332
36675.09,102.5,5.9938
36676.1,101.5,6.0554
36677.1,99.5,6.0985
36678.11,101.5,6.1395
36679.11,101.5,6.1632
36680.12,99.5,6.1866
36681.12,110.4,6.4572
36682.13,107.4,6.6763
36683.13,110.4,6.9075
36684.14,100.5,7.0462
36685.14,103.5,7.1098
36686.15,99.5,7.1161
36687.15,100.5,7.1228
36688.16,100.5,7.1311
36689.16,100.6,7.1364
36690.17,101.5,7.145
36691.17,99.5,7.1488
36692.18,101.5,7.1573
36693.18,100.5,7.1593
36694.19,100.5,7.1643
36695.19,102.5,7.1726
36696.2,100.5,7.1796
36697.2,101.5,7.1869
36698.21,101.5,7.1967
36699.21,100.5,7.202
36700.22,100.5,7.21
36701.22,100.5,7.2185
36702.23,100.5,7.2265
36703.23,100.5,7.2267
36704.24,100.5,7.23
36705.24,101.5,7.2356
36706.25,100.5,7.2416
36707.25,100.5,7.2477
36708.26,100.5,7.2535
36709.26,101.5,7.26
36710.27,99.5,7.2666
36711.27,101.5,7.2699
36712.28,100.5,7.2736
36713.28,101.5,7.2785
36714.29,101.5,7.284
36715.29,99.7,7.2896
36716.3,101.5,7.2962
36717.3,101.5,7.3015
36718.31,100.5,7.3069
36719.31,99.5,7.3134
36720.32,100.5,7.3247
36721.32,101.5,7.3247
36722.33,101.5,7.3393
36723.33,99.5,7.3393
36724.34,101.6,7.3393
36725.34,100.5,7.3393
36726.35,99.5,7.3435
36727.35,101.5,7.3499
36728.36,100.5,7.359
36729.36,100.5,7.3655
36730.37,101.5,7.3748
36731.37,100.5,7.3797
36732.38,99.5,7.3874
36733.38,101.5,7.3968
36734.39,100.5,7.4035
36735.39,100.6,7.4035
36736.4,102.5,7.4067
36737.4,100.5,7.4088
36738.41,99.5,7.4146
36739.41,100.5,7.4204
36740.42,101.5,7.4271
36741.42,100.5,7.4346
36742.43,101.5,7.4392
36743.43,100.5,7.4474
36744.44,100.5,7.4546
36745.44,100.5,7.4576
36746.45,101.5,7.4624
36747.46,100.5,7.4688
36748.46,100.5,7.4749
36749.47,100.5,7.4827
36750.47,101.5,7.4863
36751.48,99.5,7.4903
36752.48,101.5,7.4964
36753.49,100.6,7.5015
36754.49,100.5,7.5084
36755.5,101.5,7.5141
36756.5,99.5,7.5212
36757.51,102.5,7.5338
36758.51,100.5,7.5338
36759.52,100.5,7.5504
36760.52,101.5,7.5505
36761.53,100.5,7.5505
36762.53,100.5,7.5505
36763.54,100.5,7.5536
36764.54,101.5,7.5621
36765.55,100.5,7.5696
36766.55,100.5,7.5726
36767.56,100.5,7.5733
36768.56,100.6,7.5788
36769.57,121.4,7.5822
36770.57,106.5,7.5858
36771.58,115.4,7.5936
36772.58,132.3,7.6895
36773.59,101.4,7.6895
36774.59,99.5,7.6895
36775.6,105.5,7.6895
36776.6,103.4,7.6895
36777.61,102.5,7.6895
36778.61,105.5,7.6895
36779.62,102.5,7.6895
36780.62,102.5,7.6895
36781.63,101.5,7.7196
36782.63,101.5,7.7895
36783.64,106.4,7.7895
36784.64,114.7,7.7895
36785.65,103.5,7.7895
36786.65,117.5,7.7895
36787.66,114.4,7.7895
36788.66,106.4,7.7895
36789.67,101.4,7.7895
36790.67,100.5,7.7895
36791.68,101.4,7.7895
36792.68,99.5,7.7898
36793.69,101.5,7.7898
36794.69,101.5,7.7898
36795.7,99.5,7.7898
36796.7,100.5,7.7898
36797.71,101.5,7.7898
36798.72,99.5,7.7898
36799.72,102.5,7.7898
36800.73,100.5,7.7898
36801.73,100.5,7.7898
36802.74,100.5,7.7898
36803.74,100.5,7.7898
36804.75,100.5,7.79
36805.75,101.3,7.79
36806.76,99.5,7.79
36807.76,100.5,7.79
36808.77,101.5,7.79
36809.77,101.5,7.79
36810.78,100.5,7.79
36811.79,101.5,7.7903
36812.79,101.5,7.7903
36813.8,99.5,7.7903
36814.8,100.5,7.7903
36815.81,100.5,7.7903
36816.81,101.5,7.7903
36817.82,99.5,7.7903
36818.82,101.5,7.7903
36819.83,101.5,7.7903
36820.83,103.5,7.7903
36821.83,103.6,7.7903
36822.84,100.5,7.7903
36823.84,100.5,7.7903
36824.85,100.5,7.7903
36825.85,100.5,7.7903
36826.86,99.5,7.7903
36827.86,105.5,7.7903
36828.87,99.5,7.7903
36829.87,100.5,7.7903
36830.88,100.5,7.7903
36831.89,100.5,7.7903
36832.89,102.5,7.7903
36833.9,99.5,7.7903
36834.9,101.5,7.7903
36835.91,100.5,7.7903
36836.91,103.6,7.7905
36837.91,99.5,7.7905
36838.92,100.5,7.7905
36839.92,100.5,7.7905
36840.93,99.5,7.7905
36841.93,100.5,7.7905
36842.94,101.5,7.7905
36843.94,100.5,7.7905
36844.95,101.5,7.7905
36845.95,100.5,7.7905
36846.96,99.5,7.7905
36847.97,99.5,7.7905
36848.97,101.5,7.7905
36849.98,100.5,7.7905
36850.98,100.5,7.7905
36851.99,100.5,7.7905
36852.99,99.6,7.7905
36853.99,101.5,7.7905
36855.0,101.5,7.7905
36856.01,100.5,7.7905
36857.01,101.5,7.7905
36858.01,99.7,7.7905
36859.02,100.6,7.7905
36860.02,101.5,7.7905
36861.03,101.5,7.7905
36862.03,101.5,7.7905
36863.04,100.5,7.7905
36864.04,99.5,7.7905
36865.05,100.5,7.7905
36866.05,100.5,7.7905
36867.06,100.5,7.7905
36868.06,101.5,7.7905
36869.07,99.5,7.7905
36870.07,99.5,7.7905
36871.08,101.5,7.7905
36872.08,101.5,7.7905
36873.09,102.5,7.7905
36874.09,99.6,7.7905
36875.1,101.5,7.7905
36876.1,100.5,7.7905
36877.11,100.5,7.7905
36878.11,100.5,7.7905
36879.12,101.5,7.7905
36880.12,100.5,7.7905
36881.13,99.5,7.7905
36882.13,100.5,7.7908
36883.14,100.5,7.7908
36884.14,100.5,7.7908
36885.15,100.5,7.7908
36886.15,101.5,7.7908
36887.16,100.5,7.7908
36888.16,101.5,7.7908
36889.17,99.5,7.7908
36890.17,100.5,7.7908
36891.18,101.5,7.7908
36892.18,99.5,7.7908
36893.19,100.5,7.7908
36894.19,100.5,7.7908
36895.2,101.5,7.7908
36896.2,99.5,7.791
36897.21,100.5,7.791
36898.21,101.5,7.791
36899.22,100.5,7.791
36900.22,100.5,7.791
36901.23,99.5,7.791
36902.23,102.5,7.791
36903.24,100.5,7.791
36904.24,101.5,7.791
36905.25,99.6,7.791
36906.25,100.6,7.791
36907.26,103.5,7.791
36908.26,99.5,7.791
36909.27,100.5,7.791
36910.27,101.5,7.791
36911.28,99.5,7.791
36912.28,101.5,7.791
36913.29,101.3,7.791
36914.3,100.5,7.791
36915.3,98.5,7.791
36916.31,100.5,7.791
36917.31,102.5,7.791
36918.32,99.5,7.791
36919.32,100.5,7.791
36920.33,101.5,7.791
36921.33,99.5,7.791
36922.34,102.5,7.791
36923.34,100.5,7.791
36924.35,100.5,7.791
36925.35,101.5,7.791
36926.36,100.6,7.791
36927.36,100.5,7.791
36928.37,100.5,7.791
36929.37,101.7,7.791
36930.37,99.5,7.791
36931.38,100.2,7.791
36932.39,99.6,7.7913
36933.39,101.5,7.7913
36934.4,99.5,7.7913
36935.4,101.5,7.7913
36936.41,100.5,7.7913
36937.41,100.5,7.7913
36938.42,100.5,7.7913
36939.42,101.6,7.7913
36940.43,101.5,7.7913
36941.43,99.7,7.7913
36942.43,100.6,7.7913
36943.44,102.4,7.7913
36944.44,100.4,7.7913
36945.45,100.5,7.7913
36946.45,99.5,7.7913
36947.46,99.5,7.7913
36948.47,101.5,7.7913
36949.47,101.5,7.7913
36950.48,99.5,7.7913
36951.48,100.5,7.7913
36952.49,100.5,7.7913
36953.49,100.5,7.7913
36954.5,101.5,7.7913
36955.5,100.5,7.7913
36956.51,101.5,7.7913
36957.51,99.5,7.7913
36958.52,101.5,7.7913
36959.52,100.5,7.7913
36960.53,100.5,7.7913
36961.53,100.5,7.7913
36962.54,2.0,2.7757
36963.54,5.0,2.6337
36964.54,343.0,2.9139
36965.55,366.9,3.0701
36966.55,321.4,3.2894
36967.56,310.4,3.5308
36968.56,302.5,3.7846
36969.57,323.3,4.0137
36970.57,215.0,4.3522
36971.57,28.9,2.6305
36972.58,317.4,2.9138
36973.58,352.4,3.1064
36974.59,333.5,3.443
36975.59,315.4,3.7753
36976.6,329.2,4.0267
36977.6,263.6,4.3459
36978.61,216.9,4.749
36979.61,159.8,5.0955
36980.61,109.6,5.5514
36981.62,106.5,6.0537
36982.62,137.3,6.6084
36983.63,103.5,7.1718
36984.63,193.1,7.6139
36985.64,107.5,7.6193
36986.65,100.5,7.6603
36987.65,101.5,7.6651
36988.65,100.7,7.6651
36989.66,102.5,7.6651
36990.66,100.5,7.6647
36991.67,100.5,7.6601
36992.67,102.6,7.6594
36993.68,99.7,7.7165
36994.68,104.5,7.7523
36995.69,107.5,7.7589
36996.69,100.5,7.7589
36997.7,100.5,7.7589
36998.7,107.5,7.7592
36999.71,100.5,7.7589
37000.71,101.5,7.7589
37001.72,113.5,7.7589
37002.72,100.5,7.7589
37003.73,101.5,7.7589
37004.73,100.5,7.7589
37005.74,100.5,7.7589
37006.74,100.5,7.7589
37007.75,100.6,7.759
37008.75,100.7,7.759
37009.75,101.8,7.759
37010.75,100.8,7.759
37011.76,99.5,7.759
37012.76,101.7,7.759
37013.77,99.5,7.759
37014.77,102.5,7.759
37015.78,99.5,7.759
37016.78,101.5,7.759
37017.79,100.5,7.759
37018.79,100.5,7.759
37019.8,100.5,7.759
37020.8,101.5,7.759
37021.81,103.5,7.759
37022.81,99.5,7.7593
37023.82,101.5,7.7593
37024.82,100.6,7.7593
37025.82,99.7,7.7593
37026.83,100.5,7.7593
37027.83,100.5,7.7593
37028.84,100.5,7.7593
37029.84,100.5,7.7593
37030.85,99.5,7.7593
37031.85,101.5,7.7593
37032.86,100.5,7.7593
37033.86,100.5,7.7593
37034.87,100.5,7.7593
37035.87,101.5,7.7593
37036.88,99.5,7.7593
37037.88,101.5,7.7593
37038.89,101.5,7.7593
37039.89,101.5,7.7593
37040.9,100.5,7.7593
37041.9,99.5,7.7593
37042.91,108.4,7.7593
37043.91,105.5,7.7593
37044.92,101.5,7.7593
37045.92,99.5,7.7593
37046.93,99.6,7.7593
37047.93,101.5,7.7593
37048.94,102.5,7.7593
37049.94,103.5,7.7593
37050.95,102.5,7.7593
37051.95,100.5,7.7593
37052.96,101.5,7.7593
37053.96,101.5,7.7593
37054.97,99.6,7.7593
37055.97,101.5,7.7593
37056.98,99.5,7.7593
37057.98,101.5,7.7593
37058.99,99.5,7.7593
37059.99,101.5,7.7593
37061.0,102.5,7.7593
37062.0,99.5,7.7593
37063.01,101.5,7.7593
37064.02,99.5,7.7593
37065.02,100.5,7.7593
37066.03,100.5,7.7593
37067.03,101.5,7.7598
37068.04,101.5,7.7598
37069.04,100.5,7.7598
37070.05,100.5,7.7598
37071.05,101.5,7.7598
37072.06,100.5,7.7598
37073.06,100.5,7.7598
37074.07,100.5,7.7598
37075.07,101.5,7.7598
37076.08,100.5,7.7598
37077.08,100.6,7.7598
37078.09,101.5,7.7598
37079.09,100.5,7.7598
37080.1,101.6,7.7598
37081.1,99.5,7.7598
37082.11,100.6,7.7598
37083.11,100.5,7.7598
37084.12,99.5,7.7598
37085.12,101.5,7.7598
37086.12,100.7,7.7598
37087.13,100.3,7.7598
37088.14,100.5,7.7598
37089.14,102.5,7.7598
37090.15,100.5,7.7598
37091.15,101.5,7.7598
37092.16,99.5,7.7598
37093.16,102.5,7.7598
37094.17,100.5,7.7598
37095.17,100.5,7.7598
37096.18,99.5,7.7598
37097.18,100.5,7.7598
37098.19,105.5,7.7598
37099.19,99.5,7.7598
37100.2,100.5,7.7598
37101.2,100.5,7.7598
37102.21,101.5,7.7598
37103.21,99.5,7.7598
37104.22,100.5,7.7598
37105.22,99.5,7.7598
37106.23,101.5,7.7598
37107.23,102.5,7.7598
37108.24,99.5,7.7598
37109.24,101.5,7.7598
37110.25,101.5,7.7598
37111.25,101.5,7.7598
37112.26,99.5,7.7598
37113.26,100.5,7.7598
37114.27,101.6,7.7598
37115.27,100.5,7.7598
37116.28,100.5,7.7598
37117.28,101.5,7.76
37118.29,99.5,7.76
37119.29,101.5,7.76
37120.3,101.5,7.76
37121.3,100.5,7.76
37122.31,99.5,7.76
37123.31,101.5,7.76
37124.32,100.5,7.76
37125.32,99.5,7.76
37126.33,101.6,7.76
37127.33,100.5,7.76
37128.34,100.5,7.76
37129.34,101.5,7.76
37130.35,99.5,7.76
37131.35,112.4,7.76
37132.36,187.0,7.7601
37133.36,110.4,7.7601
37134.37,105.5,7.7601
37135.38,103.5,7.7601
37136.38,101.5,7.7601
37137.39,100.5,7.7601
37138.39,102.5,7.7601
37139.4,101.4,7.7601
37140.4,100.5,7.7601
37141.4,102.7,7.7601
37142.41,100.5,7.7601
37143.41,101.5,7.7601
37144.42,100.5,7.7601
37145.42,101.5,7.7601
37146.43,99.5,7.7601
37147.43,100.5,7.7601
37148.44,101.5,7.7601
37149.44,99.5,7.7601
37150.45,101.6,7.7603
37151.45,101.5,7.7603
37152.46,100.5,7.7603
37153.46,100.5,7.7603
37154.47,100.6,7.7603
37155.47,102.5,7.7603
37156.48,100.5,7.7603
37157.48,101.5,7.7603
37158.49,101.6,7.7603
37159.49,100.6,7.7603
37160.5,99.5,7.7603
37161.5,100.5,7.7603
37162.51,100.5,7.7606
37163.51,100.5,7.7606
37164.52,101.5,7.7606
37165.52,101.5,7.7606
37166.53,100.5,7.7606
37167.53,100.5,7.7606
37168.54,99.5,7.7606
37169.54,101.5,7.7606
37170.55,101.5,7.7606
37171.56,99.5,7.7606
37172.56,99.5,7.7606
37173.57,101.5,7.7606
37174.57,100.5,7.7606
37175.58,102.5,7.7606
37176.58,99.5,7.7606
37177.59,101.6,7.7606
37178.59,101.5,7.7606
37179.6,100.5,7.7606
37180.6,99.5,7.7606
37181.61,102.4,7.7606
37182.61,99.5,7.7606
37183.62,100.5,7.7606
37184.62,101.5,7.7606
37185.63,98.5,7.7606
37186.63,100.5,7.7606
37187.64,122.4,7.8454
37188.64,101.5,7.8454
37189.65,101.5,7.866
37190.65,99.5,7.8934
37191.66,102.5,7.8934
37192.66,100.5,7.8934
37193.67,99.5,7.8934
37194.67,101.5,7.8934
37195.68,101.5,7.8934
37196.68,100.5,7.8934
37197.69,99.5,7.8934
37198.69,101.5,7.8934
37199.7,100.5,7.8934
37200.71,101.5,7.8934
37201.71,99.5,7.8934
37202.72,102.5,7.8934
37203.72,99.5,7.8934
37204.73,101.5,7.8934
37205.73,100.5,7.8934
37206.74,99.5,7.8934
37207.74,100.5,7.8937
37208.75,100.6,7.8937
37209.75,112.4,7.8937
37210.76,99.5,7.8937
37211.76,102.5,7.8937
37212.77,100.5,7.8937
37213.77,100.5,7.8937
37214.78,100.5,7.8937
37215.78,100.5,7.8937
37216.79,102.5,7.8937
37217.79,100.5,7.8937
37218.8,99.5,7.8937
37219.8,100.5,7.8937
37220.81,99.5,7.8937
37221.81,102.5,7.8937
37222.82,100.5,7.8937
37223.82,102.6,7.8937
37224.83,99.5,7.8937
37225.83,100.5,7.8937
37226.84,100.5,7.8937
37227.84,102.5,7.8939
37228.85,100.5,7.8939
37229.85,99.6,7.8939
37230.86,101.5,7.8939
37231.86,99.6,7.8939
37232.87,100.5,7.8939
37233.87,102.5,7.8939
37234.88,99.5,7.8939
37235.88,100.5,7.8942
37236.89,100.5,7.8942
37237.89,100.5,7.8942
37238.9,101.5,7.8942
37239.9,100.5,7.8942
37240.91,100.5,7.8942
37241.91,101.5,7.8942
37242.92,101.5,7.8942
37243.92,0.0,2.6227
37244.93,290.5,2.8124
37245.93,1537.5,2.6547
37246.94,333.2,2.8832
37247.94,356.5,3.0109
37248.95,275.7,3.2956
37249.95,3.0,2.6753
37250.95,334.9,2.8685
37251.95,350.9,3.0371
37252.96,318.4,3.2869
37253.96,320.0,3.5363
37254.97,315.0,3.8315
37255.97,200.9,4.094
37256.98,105.5,4.1944
37257.99,115.4,4.2749
37258.99,100.5,4.3704
37260.0,109.4,4.5281
37261.0,101.5,4.6571
37262.01,102.5,4.7578
37263.01,2.0,2.6429
37264.01,300.2,2.8289
37265.02,350.4,2.9653
37266.02,334.1,3.2041
37267.03,315.4,3.4714
37268.03,2.0,2.6976
37269.03,326.0,2.8637
37270.04,356.1,3.0621
37271.04,314.4,3.3349
37272.04,257.4,3.6017
37273.05,151.2,3.7168
37274.05,122.4,3.8659
37275.06,115.4,3.998
37276.06,124.3,4.1654
37277.07,104.5,4.3853
37278.07,101.5,4.5996
37279.08,104.4,4.8156
37280.08,104.5,5.0289
37281.09,114.4,5.2492
37282.09,104.5,5.4841
37283.1,105.5,5.693
37284.1,109.4,5.8661
37285.11,100.5,6.0873
37286.12,4.0,2.6584
37287.12,323.3,2.8856
37288.13,337.1,3.0679
37289.13,348.2,3.4043
37290.14,309.5,3.7539
37291.14,315.7,4.1134
37292.15,321.4,4.5216
37293.15,309.5,4.9313
37294.15,323.7,5.5011
37295.16,230.8,5.9926
37296.16,119.4,6.5076
37297.17,102.5,7.0167
37298.18,154.2,7.5028
37299.18,292.4,7.7253
37300.19,176.0,7.8243
37301.19,101.5,7.8026
37302.2,102.5,7.8028
37303.2,100.5,7.8028
37304.21,100.5,7.8028
37305.21,101.5,7.8028
37306.22,102.5,7.7871
37307.22,118.4,7.9181
37308.23,100.5,7.9181
37309.23,103.5,7.9181
37310.24,100.5,7.9181
37311.24,101.5,7.9183
37312.25,100.5,7.9183
37313.25,102.5,7.9183
37314.26,99.5,7.9183
37315.26,101.5,7.9183
37316.27,125.4,7.9191
37317.27,100.5,7.9191
37318.28,114.4,7.9191
37319.29,100.5,7.9193
37320.29,99.5,7.9193
37321.3,101.5,7.9195
37322.3,99.5,7.9195
37323.31,101.5,7.9195
37324.31,117.4,7.9195
37325.32,100.5,7.9195
37326.32,102.5,7.9197
37327.33,101.5,7.9197
37328.33,99.5,7.9197
37329.34,100.5,7.9197
37330.34,101.5,7.9197
37331.35,99.5,7.9197
37332.35,116.4,7.92
37333.36,100.5,7.92
37334.36,99.6,7.92
37335.37,102.5,7.92
37336.37,99.5,7.92
37337.38,101.6,7.92
37338.38,100.6,7.92
37339.39,101.5,7.92
37340.39,123.4,8.0025
37341.4,99.5,8.0025
37342.4,101.5,8.0025
37343.41,102.5,8.0025
37344.41,99.5,8.0025
37345.42,101.5,8.0025
37346.42,99.5,8.0025
37347.43,100.5,8.0027
37348.43,101.5,8.4024
37349.44,101.5,8.8758
37350.44,135.3,9.3941
37351.45,100.5,9.3941
37352.45,100.5,9.3941
37353.46,100.5,9.3941
37354.46,100.5,9.3941
37355.47,99.5,9.3942
37356.47,101.5,9.3942
37357.48,100.5,9.3942
37358.48,100.5,9.3942
37359.49,103.5,9.3942
37360.49,99.5,9.3942
37361.5,100.5,9.3945
37362.5,101.5,9.3945
37363.51,100.5,9.3945
37364.51,100.5,9.3945
37365.52,99.5,9.3945
37366.52,100.5,9.3945
37367.53,103.5,9.3945
37368.53,105.5,9.3945
37369.54,102.5,9.3945
37370.54,101.5,9.3945
37371.55,99.5,9.3949
37372.55,100.5,9.3949
37373.56,99.6,9.3949
37374.56,100.4,9.3949
37375.57,102.5,9.3949
37376.58,100.5,9.3949
37377.58,100.5,9.3949
37378.59,101.5,9.3949
37379.59,100.5,9.3949
37380.6,100.5,9.3949
37381.6,102.5,9.3949
37382.61,100.5,9.3949
37383.61,100.5,9.3949
37384.62,100.5,9.3949
37385.62,100.5,9.3949
37386.63,99.5,9.3949
37387.63,101.5,9.3949
37388.64,100.5,9.3949
37389.64,99.5,9.3949
37390.65,102.5,9.395
37391.65,101.5,9.395
37392.66,99.5,9.3952
37393.66,101.5,9.3952
37394.67,100.5,9.3952
37395.67,99.5,9.3952
37396.68,101.5,9.3952
37397.68,101.5,9.3952
37398.69,99.5,9.3952
37399.69,100.5,9.3953
37400.7,100.5,9.3953
37401.7,101.5,9.3953
37402.71,99.5,9.3953
37403.71,100.5,9.3953
37404.72,100.6,9.3953
37405.72,101.5,9.3955
37406.73,100.5,9.3955
37407.73,102.5,9.3955
37408.74,100.5,9.3955
37409.74,99.5,9.3956
37410.75,100.5,9.3956
37411.75,102.5,9.3956
37412.76,99.5,9.3956
37413.76,100.5,9.3956
37414.77,102.5,9.3956
37415.77,100.5,9.3956
37416.78,100.5,9.3956
37417.79,100.5,9.3956
37418.79,100.5,9.3956
37419.8,100.5,9.3956
37420.8,99.5,9.3956
37421.81,102.5,9.3956
37422.81,100.6,9.3956
37423.82,100.5,9.3956
37424.82,100.5,9.3956
37425.83,99.5,9.3956
37426.83,101.5,9.3956
37427.84,100.5,9.3956
37428.84,100.5,9.3956
37429.85,100.5,9.3957
37430.85,100.5,9.3957
37431.86,101.5,9.3957
37432.86,101.5,9.3957
37433.87,100.5,9.3957
37434.87,99.5,9.3957
37435.88,101.5,9.3957
37436.88,100.5,9.396
37437.89,102.5,9.396
37438.89,100.4,9.396
37439.9,101.4,9.396
37440.91,100.5,9.396
37441.91,100.5,9.396
37442.92,101.5,9.396
37443.92,100.5,9.396
37444.93,101.5,9.396
37445.93,100.5,9.396
37446.94,100.5,9.396
37447.94,100.5,9.396
37448.95,102.5,9.396
37449.95,100.5,9.3964
37450.96,100.5,9.3964
37451.96,101.5,9.3964
37452.97,99.5,9.3964
37453.97,102.4,9.3964
37454.98,99.5,9.3964
37455.98,100.5,9.3964
37456.99,100.5,9.3964
37457.99,101.5,9.3964
37459.0,100.5,9.3965
37460.0,99.5,9.3965
37461.01,103.5,9.3965
37462.01,100.5,9.3965
37463.02,100.5,9.3965
37464.03,99.5,9.3965
37465.03,101.5,9.3965
37466.04,100.5,9.3965
37467.04,100.5,9.3965
37468.05,101.5,9.3966
37469.05,101.5,9.3966
37470.06,99.5,9.3966
37471.06,101.5,9.3966
37472.07,100.5,9.3966
37473.07,100.5,9.3966
37474.08,100.5,9.3966
37475.08,101.5,9.3966
37476.09,100.5,9.3966
37477.09,101.5,9.3967
37478.1,99.5,9.3967
37479.1,100.6,9.3967
37480.11,102.5,9.3967
37481.11,100.5,9.3967
37482.12,99.5,9.3967
37483.12,101.5,9.3967
37484.13,100.5,9.3967
37485.13,100.5,9.3967
37486.14,101.5,9.3967
37487.14,100.5,9.3969
37488.15,100.5,9.3971
37489.15,100.5,9.3971
37490.16,100.5,9.3971
37491.16,101.5,9.3974
37492.17,99.5,9.3974
37493.17,102.5,9.3974
37494.18,100.5,9.3974
37495.18,101.5,9.3974
37496.19,99.5,9.3974
37497.19,100.5,9.3974
37498.2,100.5,9.3974
37499.2,101.5,9.3974
37500.21,101.5,9.3974
37501.22,100.5,9.3974
37502.22,99.5,9.3974
37503.23,100.5,9.3974
37504.23,101.5,9.3974
37505.24,100.5,9.3974
37506.24,100.5,9.3974
37507.25,101.5,9.3987
37508.25,100.5,9.3987
37509.26,101.5,9.3987
37510.26,101.5,9.3987
37511.27,101.5,9.3987
37512.27,99.5,9.3987
37513.28,100.5,9.3987
37514.28,100.5,9.3989
37515.29,99.5,9.3989
37516.29,101.5,9.3989
37517.3,101.5,9.3991
37518.3,100.5,9.3991
37519.31,99.5,9.3991
37520.31,103.5,9.3991
37521.32,100.5,9.3991
37522.32,100.5,9.3991
37523.33,100.5,9.3991
37524.33,100.5,9.3991
37525.34,101.5,9.3991
37526.34,100.5,9.3991
37527.35,101.5,9.4187
37528.35,99.5,9.4187
37529.36,101.5,9.4187
37530.36,100.5,9.4187
37531.37,100.5,9.4187
37532.37,100.5,9.4189
37533.38,101.5,9.4189
37534.38,101.5,9.4189
37535.39,100.5,9.4189
37536.4,100.5,9.4189
37537.4,100.5,9.4191
37538.41,99.5,9.4191
37539.41,101.5,9.4191
37540.42,100.5,9.4191
37541.42,99.5,9.4191
37542.43,102.5,9.4191
37543.43,102.5,9.4191
37544.44,99.5,9.4191
37545.44,100.5,9.4191
37546.45,100.5,9.4191
37547.45,102.5,9.4375
37548.46,100.5,9.4375
37549.46,99.5,9.4375
37550.47,100.5,9.4375
37551.47,101.4,9.4375
37552.48,99.5,9.4375
37553.48,102.5,9.4375
37554.49,99.5,9.4375
37555.49,100.5,9.4375
37556.5,101.5,9.4375
37557.51,100.5,9.4376
37558.51,101.5,9.4376
37559.52,100.5,9.4376
37560.52,100.5,9.4376
37561.52,99.7,9.4376
37562.53,100.5,9.4376
37563.53,101.5,9.4376
37564.54,100.5,9.4379
37565.54,99.5,9.4379
37566.55,100.5,9.4554
37567.55,100.5,9.4554
37568.56,100.5,9.4554
37569.56,102.5,9.4554
37570.57,100.5,9.4554
37571.57,100.5,9.4554
37572.58,99.5,9.4554
37573.59,101.5,9.4554
37574.59,101.5,9.4554
37575.6,100.5,9.4554
37576.6,100.5,9.4557
37577.61,100.5,9.456
37578.61,100.5,9.456
37579.62,100.5,9.456
37580.62,99.5,9.456
37581.63,100.5,9.456
37582.63,102.5,9.456
37583.64,100.5,9.456
37584.64,100.5,9.456
37585.65,100.5,9.456
37586.65,3.0,2.7462
37587.65,320.2,2.9729
37588.65,372.4,3.149
37589.66,336.3,3.4043
37590.67,317.3,3.775
37591.67,309.3,4.2603
37592.68,303.4,4.6787
37593.68,2.0,2.7304
37594.68,343.3,2.9765
37595.68,1.0,2.8533
37596.69,317.1,3.1791
37597.69,356.1,3.4789
37598.69,319.4,3.8703
37599.7,310.4,4.1858
37600.71,305.3,4.5345
37601.71,302.4,4.817
37602.72,303.4,5.1171
37603.72,306.4,5.4009
37604.73,304.4,5.7545
37605.73,306.4,5.9947
37606.74,301.4,6.3018
37607.74,307.4,6.5803
37608.75,302.6,6.8285
37609.75,308.3,7.093
37610.76,305.6,7.2905
37611.76,126.5,7.4047
37612.77,111.4,7.4765
37613.77,101.5,7.5454
37614.78,153.2,7.7371
37615.78,114.4,7.7399
37616.79,118.5,7.7894
37617.79,100.5,7.7894
37618.8,102.5,7.7894
37619.8,109.4,7.7894
37620.81,99.5,7.7894
37621.81,122.4,7.7895
37622.82,100.5,7.7897
37623.82,101.5,7.7897
37624.83,100.5,7.7897
37625.83,99.5,7.8115
37626.84,102.5,7.8459
37627.84,99.5,7.8459
37628.85,101.5,7.877
37629.85,101.5,7.8897
37630.86,100.5,7.8897
37631.86,100.5,7.8897
37632.87,100.5,7.8897
37633.88,101.5,7.8897
37634.88,101.5,7.8897
37635.89,99.5,7.8897
37636.89,100.5,7.8897
37637.9,101.5,7.8897
37638.9,99.6,7.8897
37639.91,99.5,7.8897
37640.91,100.5,7.8897
37641.92,102.5,7.8897
37642.92,99.5,7.8897
37643.93,101.5,7.8897
37644.93,100.5,7.8897
37645.94,100.5,7.8897
37646.94,100.5,7.8897
37647.95,102.5,7.8897
37648.95,99.5,7.8897
37649.96,100.5,7.8897
37650.96,100.6,7.8897
37651.97,122.3,7.8898
37652.97,100.5,7.8898
37653.98,101.5,7.8898
37654.98,101.5,7.8898
37655.99,100.5,7.8898
37656.99,100.5,7.8898
37658.0,100.5,7.8898
37659.0,100.5,7.8898
37660.01,101.5,7.8898
37661.01,102.5,7.8901
37662.02,102.5,7.8901
37663.02,99.5,7.8901
37664.03,101.5,7.8901
37665.03,100.5,7.8901
37666.04,102.5,7.8901
37667.04,99.5,7.8901
37668.05,100.5,7.8901
37669.05,101.5,7.8901
37670.06,99.5,7.8901
37671.07,100.5,7.8901
37672.07,101.5,7.8904
37673.08,99.5,7.8904
37674.08,101.5,7.8904
37675.09,99.5,7.8904
37676.09,101.5,7.8904
37677.1,100.5,7.8904
37678.1,101.5,7.8904
37679.11,100.6,7.8904
37680.11,100.5,7.8904
37681.12,101.5,7.8904
37682.12,101.5,7.8904
37683.13,100.5,7.8904
37684.13,114.4,7.8904
37685.14,101.5,7.8904
37686.14,100.5,7.8904
37687.15,101.5,7.8904
37688.15,99.5,7.8904
37689.16,100.5,7.8904
37690.16,102.5,7.8904
37691.17,99.5,7.8904
37692.17,101.5,7.8904
37693.18,99.5,7.8904
37694.18,102.5,7.8904
37695.19,100.5,7.8904
37696.19,100.5,7.8904
37697.2,100.5,7.8904
37698.2,100.5,7.8904
37699.21,100.5,7.8904
37700.21,100.5,7.8904
37701.22,99.5,7.8904
37702.22,102.5,7.8904
37703.23,99.5,7.8904
37704.23,100.5,7.8904
37705.24,101.5,7.8904
37706.24,103.5,7.8904
37707.25,99.5,7.8904
37708.25,100.5,7.8904
37709.26,101.5,7.8904
37710.26,100.5,7.8904
37711.27,100.5,7.8904
37712.27,100.5,7.8904
37713.28,100.5,7.8904
37714.29,100.9,7.8904
37715.3,99.5,7.8904
37716.3,101.5,7.8904
37717.31,101.5,7.8906
37718.31,100.5,7.8906
37719.32,99.5,7.8906
37720.32,101.5,7.8906
37721.33,100.5,7.8906
37722.33,99.5,7.8906
37723.34,101.5,7.8906
37724.34,102.5,7.8906
37725.35,99.5,7.8906
37726.35,101.6,7.8906
37727.36,99.5,7.8906
37728.36,102.5,7.8906
37729.37,100.5,7.8906
37730.37,100.5,7.8906
37731.38,100.5,7.8906
37732.38,99.5,7.8906
37733.39,101.5,7.8906
37734.39,99.5,7.8906
37735.4,102.5,7.8906
37736.4,101.5,7.8906
37737.41,102.5,7.8906
37738.41,99.5,7.8906
37739.42,101.5,7.8906
37740.42,99.5,7.8906
37741.43,101.5,7.8906
37742.43,99.6,7.8906
37743.44,101.5,7.8906
37744.44,100.5,7.8906
37745.45,99.5,7.8909
37746.45,101.5,7.8909
37747.46,99.5,7.8909
37748.46,102.5,7.8909
37749.47,100.5,7.8909
37750.47,101.6,7.8909
37751.48,99.5,7.8909
37752.48,101.5,7.8909
37753.49,102.5,7.8909
37754.49,100.5,7.8909
37755.5,99.5,7.8909
37756.5,101.5,7.8909
37757.51,100.5,7.8909
37758.51,99.5,7.8909
37759.52,102.5,7.8909
37760.52,100.6,7.8909
37761.53,100.5,7.8909
37762.53,100.5,7.8911
37763.54,99.5,7.8911
37764.54,101.6,7.8911
37765.55,99.5,7.8911
37766.55,100.5,7.8911
37767.56,100.5,7.8911
37768.56,102.5,7.8911
37769.57,100.5,7.8911
37770.57,100.5,7.8911
37771.58,100.5,7.8911
37772.58,100.5,7.8911
37773.59,101.5,7.8911
37774.59,100.5,7.8911
37775.6,100.5,7.8911
37776.6,99.5,7.8911
37777.61,101.5,7.8911
37778.61,100.5,7.8911
37779.62,101.5,7.8911
37780.62,101.5,7.8911
37781.63,100.5,7.8911
37782.63,99.5,7.8911
37783.64,101.5,7.8911
37784.64,99.5,7.8911
37785.65,100.5,7.8911
37786.65,100.5,7.8911
37787.66,101.5,7.8911
37788.66,99.5,7.8911
37789.67,100.5,7.8911
37790.67,101.5,7.8911
37791.68,101.5,7.8911
37792.68,100.5,7.8911
37793.69,101.5,7.8911
37794.7,99.5,7.8911
37795.7,101.5,7.8911
37796.71,100.5,7.8911
37797.71,101.5,7.8911
37798.72,101.5,7.8911
37799.72,101.5,7.8911
37800.73,102.5,7.8911
37801.73,101.5,7.8911
37802.74,99.5,7.8911
37803.74,100.5,7.8911
37804.75,100.5,7.8911
37805.75,100.6,7.8911
37806.75,100.5,7.8911
37807.76,101.5,7.8914
37808.77,99.5,7.8914
37809.77,101.5,7.8914
37810.78,101.5,7.8914
37811.78,98.5,7.8914
37812.79,100.5,7.8914
37813.79,100.5,7.8914
37814.8,100.5,7.8914
37815.8,100.5,7.8914
37816.81,100.5,7.8914
37817.81,101.5,7.8914
37818.82,102.5,7.8914
37819.82,100.5,7.8914
37820.83,100.6,7.8914
37821.83,101.6,7.8914
37822.83,99.5,7.8914
37823.84,101.5,7.8914
37824.85,99.5,7.8914
37825.85,100.5,7.8914
37826.86,100.5,7.8914
37827.86,99.5,7.8914
37828.87,101.5,7.8914
37829.87,101.4,7.8916
37830.88,99.5,7.8916
37831.88,100.5,7.8916
37832.89,102.5,7.8916
37833.89,99.5,7.8916
37834.9,100.5,7.8916
37835.9,100.5,7.8916
37836.91,101.5,7.8916
37837.91,99.5,7.8916
37838.92,103.5,7.8917
37839.92,100.5,7.8917
37840.93,101.5,7.8917
37841.93,100.5,7.8917
37842.94,99.6,7.8917
37843.94,99.5,7.8917
37844.95,101.5,7.8917
37845.95,99.5,7.8917
37846.96,101.5,7.8917
37847.96,100.5,7.8917
37848.97,100.5,7.8917
37849.97,101.5,7.8917
37850.98,100.5,7.8917
37851.98,101.5,7.8917
37852.99,101.5,7.8917
37853.99,100.5,7.8917
37855.0,100.5,7.8917
37856.0,100.5,7.8917
37857.01,100.5,7.8919
37858.01,100.5,7.8919
37859.02,101.5,7.8919
37860.02,100.5,7.8919
37861.03,100.5,7.8919
37862.03,101.5,7.8919
37863.04,99.5,7.8919
37864.04,102.5,7.8919
37865.05,100.6,7.8919
37866.05,99.6,7.8919
37867.06,101.5,7.8919
37868.06,100.5,7.8919
37869.07,99.5,7.8919
37870.07,102.4,7.8919
37871.08,99.5,7.8919
37872.08,100.5,7.8919
37873.09,101.5,7.8919
37874.1,100.5,7.8919
37875.1,99.5,7.8919
37876.11,101.5,7.8919
37877.11,100.5,7.8919
37878.12,100.5,7.8919
37879.12,100.5,7.8919
37880.13,100.5,7.8919
37881.13,99.5,7.8919
37882.14,101.5,7.8919
37883.14,100.5,7.8919
37884.15,101.5,7.8919
37885.15,99.5,7.8919
37886.16,101.5,7.8919
37887.16,100.5,7.8919
37888.17,100.5,7.8919
37889.17,100.5,7.8919
37890.18,100.5,7.8919
37891.18,100.5,7.8919
37892.19,101.5,7.8919
37893.19,100.5,7.8919
37894.2,100.5,7.8919
37895.2,101.7,2.6609
37896.2,331.0,2.9423
37897.21,331.1,3.1922
37898.21,353.6,3.4018
37899.22,328.3,3.7626
37900.22,318.4,4.102
37901.23,313.6,4.4703
37902.23,302.4,4.7493
37903.24,304.3,5.0817
37904.24,310.6,5.3853
37905.25,305.3,5.7669
37906.25,306.4,6.0712
37907.26,304.4,6.3668
37908.26,307.3,6.6262
37909.27,309.8,6.8609
37910.27,276.6,2.5566
37911.28,7.0,2.8101
37912.28,363.1,3.0165
37913.28,2.0,2.7892
37914.29,309.7,3.1399
37915.29,235.4,3.3478
37916.29,351.5,3.562
37917.3,336.5,3.9987
37918.3,315.3,4.4687
37919.31,308.4,4.8622
37920.31,306.5,5.245
37921.32,305.6,5.6491
37922.32,308.4,6.0459
37923.33,301.4,6.3756
37924.33,305.5,6.7309
37925.34,302.6,7.0204
37926.34,304.4,7.3203
37927.35,320.0,7.7856
37928.35,298.5,7.9208
37929.36,305.4,7.941
37930.36,298.5,8.0194
37931.37,231.7,8.02
37932.37,118.4,8.02
37933.38,121.5,8.02
37934.38,123.4,8.02
37935.39,208.9,8.02
37936.39,133.3,8.02
37937.4,123.4,8.02
37938.4,117.4,8.02
37939.41,111.4,8.02
37940.41,112.4,8.02
37941.42,194.0,8.02
37942.42,106.4,8.0201
37943.43,117.4,8.0203
37944.43,242.9,8.0203
37945.44,108.5,8.0203
37946.44,102.5,8.0203
37947.46,121.0,8.0366
37948.47,178.1,8.361
37949.47,106.4,8.361
37950.48,112.4,8.361
37951.48,133.3,8.361
37952.49,100.5,8.361
37953.49,159.2,8.361
37954.5,100.5,8.361
37955.5,102.4,8.361
37956.51,100.5,8.361
37957.51,100.5,8.361
37958.52,102.5,8.361
37959.52,99.5,8.361
37960.53,102.5,8.361
37961.53,101.4,8.361
37962.54,104.5,8.361
37963.54,102.5,8.361
37964.55,103.5,8.361
37965.55,100.5,8.361
37966.56,100.5,8.361
37967.57,100.5,8.361
37968.57,101.5,8.361
37969.58,99.5,8.361
37970.58,100.5,8.361
37971.59,102.5,8.361
37972.59,100.5,8.361
37973.6,143.2,8.361
37974.6,277.5,8.3614
37975.61,147.2,8.3614
37976.61,121.4,8.3614
37977.62,108.4,8.3614
37978.62,127.3,8.3614
37979.63,118.4,8.3614
37980.63,101.5,8.3614
37981.64,99.5,8.3614
37982.66,106.2,8.3617
37983.66,175.1,8.4629
37984.67,100.5,8.4629
37985.67,99.5,8.4629
37986.68,101.5,8.4629
37987.68,100.5,8.4629
37988.69,101.5,8.4629
37989.69,101.5,8.4629
37990.7,101.5,8.4629
37991.7,100.5,8.4629
37992.71,102.5,8.4631
37993.71,105.5,8.4631
37994.72,99.5,8.4631
37995.72,101.5,8.4631
37996.73,100.5,8.4631
37997.73,101.5,8.4631
37998.74,99.5,8.4631
37999.75,100.5,8.4631
38000.75,107.4,8.4634
38001.76,100.5,8.4634
38002.76,100.5,8.4634
38003.77,100.5,8.4634
38004.77,102.5,8.4634
38005.78,99.5,8.4634
38006.78,101.5,8.4634
38007.79,101.5,8.4634
38008.79,99.5,8.4634
38009.8,100.5,8.4634
38010.8,101.5,8.4634
38011.81,99.5,8.4634
38012.81,101.5,8.4634
38013.82,99.5,8.4634
38014.82,101.5,8.4634
38015.83,100.5,8.4634
38016.83,102.5,8.4634
38017.84,100.5,8.4634
38018.85,100.5,8.4634
38019.85,101.5,8.4634
38020.86,100.5,8.4634
38021.86,101.5,8.4634
38022.87,100.5,8.4634
38023.87,100.5,8.4634
38024.88,99.5,8.4634
38025.88,101.5,8.4634
38026.89,100.5,8.4634
38027.89,99.5,8.4634
38028.9,101.5,8.4634
38029.9,101.5,8.4634
38030.91,99.5,8.4634
38031.91,101.5,8.4634
38032.92,101.5,8.4634
38033.92,99.5,8.4634
38034.93,101.5,8.4634
38035.93,99.5,8.4634
38036.94,102.5,8.4634
38037.94,100.5,8.4634
38038.95,99.5,8.4634
38039.95,101.5,8.4634
38040.96,101.5,8.4634
38041.96,99.5,8.4636
38042.97,101.5,8.4636
38043.97,100.5,8.4636
38044.98,99.4,8.4636
38045.98,101.4,8.4636
38046.99,99.5,8.4636
38047.99,101.5,8.4636
38049.0,101.5,8.4636
38050.01,99.5,8.4636
38051.01,101.5,8.4636
38052.02,100.5,8.4636
38053.02,99.5,8.4636
38054.03,101.5,8.4636
38055.03,101.5,8.4636
38056.04,100.5,8.4636
38057.04,100.5,8.4636
38058.05,100.6,8.4636
38059.05,100.6,8.4636
38060.05,101.5,8.4636
38061.06,100.5,8.4636
38062.07,101.4,8.4636
38063.07,100.5,8.4636
38064.08,99.5,8.4636
38065.08,101.5,8.4636
38066.09,100.5,8.4636
38067.09,99.5,8.4636
38068.1,100.5,8.4636
38069.1,100.5,8.4636
38070.11,100.5,8.4636
38071.11,101.6,8.4636
38072.12,100.5,8.4636
38073.12,101.5,8.4636
38074.13,99.6,8.4636
38075.13,101.4,8.4636
38076.14,101.5,8.4636
38077.14,100.5,8.4636
38078.15,100.5,8.4636
38079.15,100.5,8.4636
38080.16,101.5,8.4636
38081.16,99.5,8.4636
38082.17,101.5,8.4636
38083.17,100.5,8.4636
38084.18,100.5,8.4636
38085.18,101.5,8.4636
38086.19,99.8,8.4639
38087.19,100.5,8.4641
38088.2,100.5,8.4641
38089.2,100.5,8.4641
38090.21,100.5,8.4641
38091.21,101.5,8.4641
38092.22,99.5,8.4641
38093.22,102.5,8.4641
38094.23,100.5,8.4641
38095.23,99.5,8.4641
38096.23,100.7,8.4641
38097.24,99.8,8.4641
38098.24,100.3,8.4641
38099.25,101.5,8.4641
38100.25,99.5,8.4641
38101.26,101.5,8.4641
38102.26,100.5,8.4641
38103.27,99.5,8.4641
38104.27,103.7,8.4641
38105.28,99.5,8.4641
38106.28,100.5,8.4641
38107.29,101.5,8.4641
38108.29,98.5,8.4641
38109.3,101.5,8.4641
38110.3,99.5,8.4641
38111.31,101.5,8.4641
38112.31,99.5,8.4641
38113.32,100.6,8.4641
38114.32,101.5,8.4641
38115.33,100.5,8.4641
38116.33,101.5,8.4641
38117.34,100.5,8.4641
38118.34,101.5,8.4641
38119.35,100.5,8.4641
38120.35,100.5,8.4641
38121.36,100.5,8.4641
38122.36,99.5,8.4641
38123.37,101.5,8.4641
38124.37,101.6,8.4641
38125.38,99.5,8.4641
38126.38,100.7,8.4641
38127.38,100.8,8.4641
38128.39,100.5,8.464
38129.39,100.5,8.464
38130.4,104.5,8.464
38131.4,99.5,8.464
38132.41,102.5,8.4643
38133.41,101.5,8.4643
38134.42,100.5,8.4643
38135.42,101.5,8.4643
38136.43,100.5,8.4643
38137.43,99.5,8.4643
38138.44,100.5,8.4643
38139.45,100.5,8.4643
38140.45,101.5,8.4643
38141.46,99.5,8.4643
38142.46,101.5,8.4643
38143.47,101.5,8.4643
38144.47,100.5,8.4643
38145.48,101.5,8.4643
38146.48,99.5,8.4643
38147.49,102.5,8.4643
38148.49,99.5,8.4643
38149.5,100.5,8.4643
38150.5,100.5,8.4643
38151.51,100.5,8.4643
38152.51,101.5,8.4643
38153.52,99.5,8.4643
38154.52,100.5,8.4643
38155.53,101.5,8.4643
38156.53,99.5,8.4643
38157.54,100.5,8.4643
38158.54,102.5,8.4643
38159.55,99.5,8.4643
38160.55,102.5,8.4643
38161.56,100.5,8.4643
38162.56,100.5,8.4643
38163.57,99.5,8.4643
38164.57,101.5,8.4643
38165.58,100.5,8.4643
38166.58,101.5,8.4643
38167.59,99.5,8.4643
38168.59,101.5,8.4643
38169.6,100.5,8.4643
38170.61,100.5,8.4645
38171.61,99.6,8.4645
38172.61,101.5,8.4645
38173.62,100.5,8.4645
38174.62,100.5,8.4645
38175.63,100.5,8.4645
38176.64,99.5,8.4645
38177.64,102.5,8.4645
38178.65,99.5,8.4645
38179.65,101.5,8.4645
38180.66,101.5,8.4645
38181.66,100.5,8.4645
38182.67,100.6,8.4648
38183.67,100.5,8.4648
38184.68,100.5,8.4648
38185.68,100.5,8.4648
38186.69,100.5,8.4648
38187.69,101.5,8.4648
38188.7,100.5,8.4648
38189.7,102.5,8.4648
38190.71,99.5,8.4648
38191.71,100.5,8.4648
38192.72,101.5,8.4648
38193.72,99.5,8.4648
38194.73,101.5,8.4648
38195.73,100.5,8.4648
38196.74,100.5,8.4648
38197.74,100.5,8.4648
38198.75,101.5,8.4648
38199.75,99.5,8.4648
38200.76,102.6,8.4648
38201.76,99.5,8.4648
38202.77,101.6,8.4648
38203.77,100.5,8.4648
38204.78,101.5,8.4648
38205.78,99.5,8.4648
38206.79,100.5,8.4648
38207.79,100.5,8.4648
38208.8,100.5,8.4648
38209.8,100.5,8.4648
38210.81,100.5,8.4648
38211.81,101.5,8.4648
38212.82,1318.5,2.6752
38213.82,315.4,2.9407
38214.83,308.4,3.3072
38215.83,317.7,3.4244
38216.84,350.2,3.666
38217.84,329.4,4.1366
38218.85,316.3,4.6003
38219.85,309.4,5.0076
38220.86,310.5,5.3635
38221.86,307.4,5.7977
38222.87,305.4,6.1862
38223.87,305.7,6.5123
38224.88,307.4,6.8363
38225.88,306.3,7.1112
38226.89,305.7,7.4032
38227.89,239.8,7.8262
38228.9,152.2,7.8263
38229.9,127.3,7.8517
38230.91,128.3,7.9263
38231.91,107.4,7.9263
38232.92,175.1,7.921
38233.92,113.4,7.921
38234.93,104.4,7.921
38235.93,136.3,7.921
38236.94,188.0,7.921
38237.94,235.9,7.921
38238.95,104.5,7.921
38239.95,118.4,7.921
38240.96,156.2,7.9211
38241.97,109.4,7.9212
38242.97,156.2,7.9214
38243.98,104.5,7.9214
38244.98,103.4,7.9214
38245.99,104.4,7.9214
38246.99,99.5,7.9214
38248.0,101.5,7.9214
38249.0,146.6,8.1407
38250.0,131.3,8.3614
38251.01,102.5,8.3614
38252.01,108.4,8.3614
38253.02,124.4,8.3614
38254.03,101.5,8.3614
38255.03,125.3,8.3614
38256.04,101.5,8.3616
38257.04,103.5,8.3616
38258.05,100.5,8.3616
38259.05,102.5,8.3616
38260.06,101.5,8.3616
38261.06,104.4,8.3616
38262.07,104.4,8.3616
38263.07,105.4,8.3616
38264.08,102.5,8.3616
38265.08,99.5,8.3616
38266.09,101.5,8.3616
38267.09,100.5,8.3616
38268.1,100.5,8.3616
38269.1,100.5,8.3616
38270.11,101.5,8.3616
38271.12,175.1,8.3616
38272.12,273.5,8.3622
38273.12,305.2,8.461
38274.13,104.5,8.461
38275.13,103.6,8.461
38276.14,111.4,8.461
38277.14,102.6,8.461
38278.15,107.4,8.461
38279.15,99.5,8.461
38280.16,100.5,8.461
38281.16,102.5,8.461
38282.17,101.5,8.461
38283.17,125.6,8.4617
38284.18,141.3,8.4923
38285.18,102.5,8.4923
38286.19,100.5,8.4923
38287.19,100.5,8.4923
38288.2,101.5,8.4923
38289.2,101.5,8.4923
38290.21,100.5,8.4923
38291.21,144.5,8.4926
38292.22,131.3,8.493
38293.22,100.5,8.493
38294.23,103.5,8.493
38295.23,103.4,8.493
38296.24,100.5,8.493
38297.24,101.5,8.493
38298.25,100.5,8.493
38299.25,173.4,8.8419
38300.26,107.4,8.8585
38301.26,101.5,8.8585
38302.27,99.5,8.8585
38303.27,99.5,8.8585
38304.28,103.5,8.8585
38305.28,99.5,8.8585
38306.29,100.5,8.8585
38307.29,101.5,8.8585
38308.3,101.5,8.9208
38309.3,170.5,9.4944
38310.31,155.4,9.6064
38311.31,99.5,9.6064
38312.32,100.5,9.6064
38313.32,100.5,9.6064
38314.33,100.5,9.6064
38315.33,100.5,9.6064
38316.34,100.5,9.6064
38317.34,101.5,9.6066
38318.35,99.4,9.6066
38319.35,144.3,9.6944
38320.36,101.5,9.6944
38321.36,101.5,9.6944
38322.37,100.5,9.6944
38323.37,101.6,9.6944
38324.38,100.5,9.6944
38325.38,100.5,9.6944
38326.39,100.5,9.6944
38327.39,100.6,9.6944
38328.4,102.5,9.6946
38329.4,100.5,9.6946
38330.41,100.5,9.6946
38331.41,100.5,9.6946
38332.42,100.5,9.6946
38333.42,101.5,9.6946
38334.43,99.5,9.6946
38335.43,101.5,9.6946
38336.44,100.5,9.6946
38337.44,102.5,9.6947
38338.45,100.5,9.6947
38339.46,99.5,9.6947
38340.46,100.5,9.6947
38341.47,101.5,9.6949
38342.47,101.5,9.6949
38343.48,100.5,9.6949
38344.48,120.4,9.6949
38345.49,100.5,9.6949
38346.49,100.5,9.695
38347.5,100.5,9.695
38348.5,101.5,9.695
38349.51,100.7,9.695
38350.51,100.5,9.695
38351.52,100.5,9.695
38352.52,100.5,9.695
38353.53,101.5,9.695
38354.53,99.5,9.695
38355.54,100.5,9.695
38356.54,102.5,9.695
38357.55,100.5,9.695
38358.55,100.5,9.695
38359.56,99.5,9.695
38360.56,101.5,9.695
38361.57,100.5,9.695
38362.57,101.5,9.6953
38363.58,100.5,9.6953
38364.58,101.6,9.6953
38365.59,101.5,9.6953
38366.59,99.5,9.6953
38367.6,102.5,9.6953
38368.6,100.5,9.6953
38369.61,99.5,9.6953
38370.61,100.5,9.6953
38371.62,100.5,9.6953
38372.62,100.5,9.6953
38373.63,101.5,9.6956
38374.63,100.5,9.6956
38375.64,99.5,9.6956
38376.64,101.5,9.6956
38377.65,100.5,9.6956
38378.65,101.5,9.6956
38379.66,101.5,9.6956
38380.66,100.5,9.6956
38381.67,100.5,9.6957
38382.67,100.5,9.6957
38383.68,101.5,9.6957
38384.68,100.5,9.6957
38385.69,100.5,9.6957
38386.69,100.5,9.6957
38387.7,102.5,9.6957
38388.7,99.5,9.6957
38389.71,101.6,9.6957
38390.71,102.5,9.6958
38391.72,100.5,9.6958
38392.72,100.5,9.6958
38393.73,101.5,9.6958
38394.74,100.5,9.6961
38395.74,100.5,9.6961
38396.75,101.5,9.6961
38397.75,100.5,9.6961
38398.76,99.5,9.6961
38399.76,101.5,9.6961
38400.77,101.5,9.6961
38401.77,99.5,9.6961
38402.78,102.5,9.6961
38403.78,101.5,9.6961
38404.79,99.5,9.6961
38405.79,100.5,9.6961
38406.8,100.5,9.6961
38407.8,101.6,9.6961
38408.81,101.5,9.6961
38409.81,99.5,9.6961
38410.82,100.5,9.6961
38411.82,101.5,9.6961
38412.83,100.5,9.6964
38413.83,101.5,9.6964
38414.84,101.5,9.6964
38415.84,100.5,9.6964
38416.85,101.5,9.6964
38417.85,99.5,9.6964
38418.86,101.6,9.6964
38419.86,100.5,9.6964
38420.87,100.5,9.6964
38421.87,99.5,9.6964
38422.88,102.5,9.6964
38423.88,100.5,9.6964
38424.89,101.5,9.6967
38425.89,100.5,9.6968
38426.9,100.5,9.6968
38427.9,100.5,9.6968
38428.91,100.6,9.6968
38429.91,101.5,9.6968
38430.92,99.5,9.6968
38431.92,101.5,9.6968
38432.93,100.5,9.6968
38433.93,101.6,9.6968
38434.94,100.5,9.6968
38435.94,101.5,9.6968
38436.95,99.5,9.6968
38437.95,100.5,9.6968
38438.96,100.5,9.6968
38439.96,101.5,9.6968
38440.97,100.5,9.6968
38441.97,100.5,9.6968
38442.98,100.5,9.6968
38443.98,100.5,9.6968
38444.99,103.5,9.6968
38446.0,100.5,9.6968
38447.0,101.5,9.6968
38448.01,99.5,9.6968
38449.01,101.5,9.6968
38450.02,101.5,9.6968
38451.02,100.5,9.6968
38452.03,100.5,9.6968
38453.03,100.5,9.6968
38454.04,100.5,9.6968
38455.04,101.5,9.6968
38456.05,100.5,9.6968
38457.05,99.5,9.6971
38458.06,101.5,9.6971
38459.06,100.5,9.6971
38460.07,99.5,9.6971
38461.07,101.5,9.6971
38462.08,100.5,9.6971
38463.08,99.5,9.6971
38464.09,102.5,9.6972
38465.09,99.5,9.6972
38466.1,101.5,9.6972
38467.1,99.5,9.6972
38468.11,101.5,9.6972
38469.11,101.5,9.6972
38470.12,101.5,9.6972
38471.12,100.5,9.6972
38472.13,100.5,9.6972
38473.13,103.5,9.6973
38474.14,99.5,9.6973
38475.14,100.5,9.6973
38476.15,100.5,9.6973
38477.15,100.5,9.6973
38478.16,100.5,9.6973
38479.16,102.5,9.6973
38480.17,100.5,9.6973
38481.17,101.5,9.6973
38482.18,100.5,9.6973
38483.19,100.5,9.6973
38484.19,105.4,9.6973
38485.2,100.5,9.6973
38486.2,100.5,9.6973
38487.21,102.5,9.6973
38488.21,100.5,9.6973
38489.22,100.5,9.6973
38490.22,99.5,9.6973
38491.23,101.5,9.6973
38492.23,100.5,9.6973
38493.24,100.5,9.6973
38494.24,102.5,9.6973
38495.25,99.5,9.6973
38496.25,100.5,9.6973
38497.26,101.5,9.6973
38498.26,99.5,9.6973
38499.27,99.5,9.6973
38500.27,101.5,9.6973
38501.28,103.5,9.6973
38502.28,100.5,9.6976
38503.29,100.5,9.6976
38504.29,100.5,9.6976
38505.3,101.5,9.6976
38506.31,101.5,9.6976
38507.31,100.5,9.6976
38508.32,100.5,9.6976
38509.32,99.5,9.6976
38510.33,101.5,9.6978
38511.33,100.7,9.6978
38512.33,100.6,9.6978
38513.34,2.0,2.767
38514.34,307.8,2.9148
38515.35,345.3,3.1461
38516.35,321.3,3.4151
38517.36,314.3,3.6762
38518.36,3.0,2.6824
38519.36,344.0,2.9002
38520.37,346.2,3.1317
38521.37,310.5,3.4016
38522.38,312.6,3.6524
38523.38,0.0,2.6971
38524.38,337.1,2.9461
38525.39,314.9,3.3176
38526.39,180.1,3.8039
38527.4,2.0,2.833
38528.4,335.7,3.0058
38529.4,292.5,3.2645
38530.41,156.6,3.5765
38531.41,0.0,2.8463
38532.41,353.9,3.0281
38533.42,324.7,3.3167
38534.42,4.0,2.6554
38535.43,294.4,2.844
38536.43,335.2,2.974
38537.43,351.2,3.2281
38538.44,1.0,2.7631
38539.44,324.2,2.9061
38540.44,346.2,3.1295
38541.45,322.4,3.487
38542.45,2.0,2.6866
38543.46,326.1,2.8861
38544.46,352.2,3.0589
38545.47,328.4,3.3806
38546.47,331.2,3.7408
38547.48,283.6,4.196
38548.48,234.8,4.6726
38549.49,288.5,5.1557
38550.49,299.4,5.6938
38551.5,225.8,6.2222
38552.5,111.4,6.7275
38553.51,100.5,7.2596
38554.51,121.5,7.7123
38555.52,104.5,7.8123
38556.52,100.5,7.8123
38557.53,103.5,7.8123
38558.53,103.5,7.8123
38559.54,101.5,7.8123
38560.54,102.5,7.8123
38561.55,117.4,7.8123
38562.55,113.5,7.9148
38563.56,101.5,7.9148
38564.56,99.5,7.9148
38565.57,101.5,7.9148
38566.57,100.5,7.9148
38567.58,101.5,7.9148
38568.59,100.5,7.9148
38569.59,103.5,7.9148
38570.59,117.6,7.9156
38571.6,110.4,7.9157
38572.6,102.5,7.9157
38573.61,100.5,7.9157
38574.61,100.5,7.9157
38575.62,100.5,7.9157
38576.63,101.5,7.9157
38577.63,100.5,7.9157
38578.64,100.5,7.9157
38579.64,105.5,7.9158
38580.65,106.4,7.9159
38581.65,99.5,7.9159
38582.66,102.5,7.9159
38583.66,99.5,7.9159
38584.67,100.5,7.9159
38585.67,100.5,7.9159
38586.68,100.5,7.9159
38587.68,101.5,7.9159
38588.69,109.4,7.916
38589.69,100.5,7.916
38590.7,102.5,7.916
38591.7,99.5,7.916
38592.71,100.5,7.916
38593.71,101.5,7.916
38594.72,100.5,7.9162
38595.72,113.4,7.971
38596.73,101.5,7.971
38597.73,100.5,7.9712
38598.74,101.5,7.9712
38599.75,100.5,7.9712
38600.75,100.5,7.9712
38601.76,100.5,7.9712
38602.76,100.5,7.9712
38603.77,100.5,8.0903
38604.77,102.5,8.6284
38605.78,100.6,9.1184
38606.78,121.4,9.4522
38607.79,102.5,9.4522
38608.79,101.5,9.4522
38609.8,99.5,9.4524
38610.8,101.5,9.4524
38611.81,101.5,9.4524
38612.81,99.5,9.4524
38613.82,100.5,9.4524
38614.82,101.5,9.4524
38615.83,101.5,9.4524
38616.83,101.5,9.4528
38617.84,100.5,9.4528
38618.84,106.5,9.4528
38619.85,99.5,9.4528
38620.85,99.5,9.4528
38621.86,102.5,9.4528
38622.86,100.5,9.4528
38623.87,100.5,9.4528
38624.87,100.5,9.4528
38625.88,100.5,9.4528
38626.88,101.5,9.4531
38627.89,101.5,9.4531
38628.89,101.5,9.4531
38629.9,100.5,9.4531
38630.9,99.5,9.4531
38631.91,101.5,9.4531
38632.92,101.5,9.4531
38633.92,99.5,9.4531
38634.93,100.5,9.4531
38635.93,101.5,9.4532
38636.94,101.5,9.4532
38637.94,100.5,9.4532
38638.95,101.5,9.4532
38639.95,99.5,9.4532
38640.96,100.5,9.4532
38641.96,100.5,9.4535
38642.97,102.5,9.4535
38643.97,100.5,9.4535
38644.98,99.7,9.4535
38645.98,101.5,9.4539
38646.99,99.5,9.4539
38647.99,100.5,9.4539
38649.0,101.5,9.4539
38650.0,100.5,9.4539
38651.01,100.5,9.4539
38652.01,100.5,9.4539
38653.02,101.5,9.4539
38654.02,99.7,9.4539
38655.02,100.6,9.4541
38656.03,100.5,9.4541
38657.04,100.5,9.4541
38658.04,100.5,9.4541
38659.05,101.5,9.4541
38660.05,101.5,9.4541
38661.06,99.4,9.4541
38662.06,106.5,9.4541
38663.07,101.4,9.4541
38664.07,100.5,9.4541
38665.08,100.5,9.4542
38666.08,100.5,9.4542
38667.09,100.5,9.4542
38668.09,100.5,9.4542
38669.1,100.5,9.4542
38670.1,100.5,9.4542
38671.11,100.5,9.4542
38672.11,100.5,9.4542
38673.12,101.5,9.4542
38674.12,100.5,9.4542
38675.13,101.5,9.4542
38676.13,101.5,9.4542
38677.14,99.6,9.4542
38678.14,99.7,9.4542
38679.15,101.5,9.4542
38680.15,101.7,9.4545
38681.15,99.5,9.4545
38682.16,101.5,9.4545
38683.16,100.5,9.4545
38684.17,137.3,9.4545
38685.17,121.5,9.4547
38686.18,101.5,9.4547
38687.18,99.5,9.4549
38688.19,100.5,9.4549
38689.19,101.5,9.4549
38690.2,99.5,9.4549
38691.2,101.5,9.4549
38692.21,100.5,9.4549
38693.21,101.5,9.4549
38694.22,100.5,9.4549
38695.23,100.5,9.4549
38696.23,99.6,9.4549
38697.23,101.5,9.4549
38698.24,101.5,9.4549
38699.25,99.5,9.4549
38700.25,101.5,9.4549
38701.25,100.7,9.4549
38702.26,100.5,9.4549
38703.26,100.5,9.4549
38704.27,100.5,9.4549
38705.27,105.5,9.4549
38706.28,99.5,9.4549
38707.28,99.7,9.4549
38708.29,101.5,9.4549
38709.29,103.5,9.4549
38710.3,100.5,9.4552
38711.3,101.5,9.4552
38712.31,100.5,9.4552
38713.31,102.5,9.4552
38714.32,101.6,9.4552
38715.32,100.5,9.4552
38716.33,101.5,9.4552
38717.33,101.5,9.4552
38718.34,100.5,9.4552
38719.34,99.5,9.4552
38720.35,100.5,9.4552
38721.35,100.4,9.4552
38722.36,101.5,9.4552
38723.37,100.5,9.4552
38724.37,101.5,9.4552
38725.38,99.5,9.4552
38726.38,100.5,9.4552
38727.39,100.5,9.4552
38728.39,101.5,9.4552
38729.4,100.5,9.4552
38730.4,100.5,9.4552
38731.41,100.5,9.4552
38732.41,101.5,9.4552
38733.42,99.5,9.4552
38734.42,100.5,9.4552
38735.43,100.5,9.4552
38736.43,101.5,9.4552
38737.44,102.5,9.4554
38738.44,100.5,9.4554
38739.45,99.5,9.4554
38740.45,102.5,9.4554
38741.46,100.5,9.4554
38742.46,101.5,9.4554
38743.47,100.5,9.4554
38744.47,100.5,9.4554
38745.48,99.5,9.4554
38746.49,99.5,9.4554
38747.49,103.7,9.4554
38748.49,99.5,9.4554
38749.5,102.5,9.4554
38750.5,98.5,9.4554
38751.51,100.5,9.4554
38752.51,101.5,9.4554
38753.52,100.5,9.4554
38754.52,100.5,9.4554
38755.53,100.5,9.4554
38756.53,102.5,9.4554
38757.54,100.5,9.4554
38758.54,99.5,9.4554
38759.55,101.5,9.4554
38760.55,99.5,9.4554
38761.56,101.5,9.4554
38762.57,100.5,9.4554
38763.57,102.5,9.4555
38764.57,100.6,9.4555
38765.58,99.5,9.4557
38766.58,100.5,9.4557
38767.59,101.5,9.4557
38768.59,101.5,9.4557
38769.6,99.5,9.4557
38770.61,100.5,9.4557
38771.61,100.6,9.4557
38772.61,101.5,9.4557
38773.62,100.5,9.4557
38774.62,99.5,9.4557
38775.63,100.5,9.4557
38776.64,101.5,9.4557
38777.64,100.5,9.4557
38778.65,100.5,9.4557
38779.65,101.5,9.4557
38780.66,99.5,9.4557
38781.66,103.5,9.4557
38782.67,100.5,9.456
38783.67,100.5,9.456
38784.68,99.5,9.456
38785.68,102.5,9.456
38786.69,99.5,9.456
38787.69,100.5,9.456
38788.7,100.5,9.456
38789.7,101.5,9.456
38790.71,99.5,9.456
38791.71,100.5,9.456
38792.72,101.6,9.456
38793.72,100.5,9.456
38794.73,101.5,9.456
38795.73,99.5,9.456
38796.74,100.5,9.456
38797.74,100.5,9.456
38798.75,100.5,9.456
38799.75,101.5,9.456
38800.76,101.5,9.456
38801.76,100.5,9.456
38802.77,101.5,9.456
38803.77,100.6,9.456
38804.78,100.5,9.456
38805.78,101.5,9.456
38806.79,99.5,9.456
38807.79,99.5,9.456
38808.8,101.5,9.456
38809.8,100.5,9.456
38810.81,99.5,9.456
38811.81,103.5,9.456
38812.82,100.5,9.456
38813.82,101.5,9.456
38814.83,100.5,9.456
38815.83,100.5,9.456
38816.84,100.5,9.456
38817.84,100.5,9.456
38818.85,100.5,9.456
38819.86,100.5,9.456
38820.86,100.5,9.456
38821.87,100.5,9.456
38822.87,101.5,9.456
38823.88,100.5,9.456
38824.88,100.5,9.456
38825.89,100.5,9.456
38826.89,100.5,9.4562
38827.9,99.5,9.4562
38828.9,102.5,9.4562
38829.91,100.5,9.4562
38830.91,100.5,9.4562
38831.92,101.5,9.4562
38832.92,101.5,9.4562
38833.93,100.5,9.4562
38834.93,99.5,9.4562
38835.94,100.5,9.4562
38836.94,102.5,9.4562
38837.95,99.5,9.4562
38838.95,100.5,9.4562
38839.96,100.5,9.4562
38840.96,101.5,9.4562
38841.97,99.5,9.4562
38842.97,2.0,2.8322
38843.98,345.7,3.042
38844.98,339.2,3.4127
38845.99,1473.5,2.6701
38846.99,311.3,2.8648
38848.0,341.5,2.9897
38849.0,324.4,3.2316
38850.0,319.0,3.5226
38851.01,329.0,3.9304
38852.01,165.1,4.4118
38853.02,142.3,4.9105
38854.02,116.4,5.4115
38855.03,101.5,5.9189
38856.03,114.5,6.4056
38857.04,100.5,6.9067
38858.04,102.5,7.4068
38859.05,121.4,7.7658
38860.05,103.5,7.7658
38861.06,103.5,7.7659
38862.06,103.4,7.7659
38863.07,105.4,7.7659
38864.07,143.2,7.7661
38865.08,153.2,7.7773
38866.08,101.5,7.7706
38867.09,101.5,7.7706
38868.09,102.5,7.7706
38869.1,103.5,7.7706
38870.1,104.4,7.7706
38871.11,100.6,7.7662
38872.11,101.5,7.7665
38873.12,103.5,7.7665
38874.13,114.4,7.8701
38875.13,100.4,7.8703
38876.14,100.5,7.8703
38877.14,110.4,7.8704
38878.15,102.5,7.8705
38879.15,100.5,7.8705
38880.16,100.5,7.8705
38881.16,100.5,7.8705
38882.17,101.5,7.8705
38883.17,100.5,7.8705
38884.18,101.5,7.8705
38885.18,99.5,7.8705
38886.19,101.5,7.8705
38887.19,99.5,7.8705
38888.2,100.5,7.8705
38889.2,101.5,7.8705
38890.21,100.5,7.8705
38891.22,100.5,7.8705
38892.22,100.5,7.8705
38893.23,100.5,7.8705
38894.23,100.6,7.8705
38895.24,99.5,7.8705
38896.24,100.5,7.8705
38897.25,101.4,7.8705
38898.25,101.5,7.8705
38899.26,100.5,7.8705
38900.26,100.5,7.8705
38901.27,100.5,7.8705
38902.27,101.5,7.8705
38903.28,100.5,7.8705
38904.28,101.5,7.8705
38905.29,100.5,7.8705
38906.29,100.5,7.8705
38907.3,102.5,7.8705
38908.3,99.5,7.8705
38909.31,100.5,7.8705
38910.31,101.4,7.8705
38911.32,100.6,7.8705
38912.32,100.6,7.8705
38913.33,100.7,7.8705
38914.33,100.5,7.8705
38915.34,99.5,7.8705
38916.34,100.5,7.8705
38917.35,100.5,7.8705
38918.35,100.5,7.8705
38919.36,101.5,7.8705
38920.36,100.5,7.8705
38921.37,100.5,7.8705
38922.37,101.5,7.8707
38923.38,101.6,7.8707
38924.38,99.5,7.8707
38925.39,100.5,7.8707
38926.39,101.5,7.8707
38927.4,100.5,7.8707
38928.4,100.5,7.8707
38929.41,101.5,7.8707
38930.42,102.5,7.8707
38931.42,99.5,7.8707
38932.43,99.5,7.8707
38933.43,101.5,7.8707
38934.44,100.5,7.8707
38935.44,99.5,7.8707
38936.45,100.5,7.8707
38937.45,101.5,7.8707
38938.46,99.5,7.8707
38939.46,100.5,7.8707
38940.47,101.5,7.8707
38941.47,99.5,7.8707
38942.48,101.5,7.8707
38943.48,102.5,7.8707
38944.49,100.5,7.8707
38945.49,101.5,7.8707
38946.5,100.5,7.8707
38947.5,99.5,7.8707
38948.51,100.5,7.8707
38949.51,100.5,7.8707
38950.52,101.5,7.8707
38951.52,100.5,7.8707
38952.53,100.5,7.8707
38953.53,101.5,7.8707
38954.54,99.7,7.8707
38955.54,102.5,7.8707
38956.55,99.5,7.8707
38957.55,103.5,7.8707
38958.56,99.5,7.8707
38959.56,100.5,7.8707
38960.57,101.5,7.8707
38961.57,99.5,7.8707
38962.58,101.6,7.8707
38963.58,99.5,7.8707
38964.59,100.5,7.8707
38965.59,101.5,7.8707
38966.6,98.5,7.8707
38967.6,102.5,7.871
38968.61,100.5,7.871
38969.61,99.5,7.871
38970.62,101.5,7.871
38971.62,101.5,7.871
38972.63,102.5,7.871
38973.63,100.5,7.871
38974.64,100.5,7.871
38975.64,100.5,7.871
38976.65,101.5,7.871
38977.65,100.5,7.871
38978.66,100.5,7.871
38979.66,101.6,7.871
38980.67,98.5,7.871
38981.67,102.5,7.871
38982.68,100.5,7.871
38983.68,100.5,7.871
38984.69,100.6,7.871
38985.69,101.5,7.871
38986.7,100.5,7.871
38987.7,100.5,7.871
38988.71,101.6,7.871
38989.71,99.5,7.871
38990.72,99.5,7.871
38991.72,102.5,7.871
38992.73,100.5,7.871
38993.74,99.5,7.871
38994.74,100.5,7.871
38995.75,101.5,7.871
38996.75,100.5,7.871
38997.76,99.5,7.871
38998.76,100.5,7.871
38999.77,102.5,7.871
39000.77,99.5,7.871
39001.78,101.5,7.871
39002.78,99.5,7.871
39003.79,101.5,7.871
39004.79,101.5,7.871
39005.8,101.5,7.871
39006.8,99.5,7.871
39007.81,99.5,7.871
39008.81,100.5,7.871
39009.82,99.5,7.871
39010.82,101.5,7.871
39011.83,99.5,7.871
39012.83,103.5,7.8712
39013.84,100.5,7.8712
39014.84,99.5,7.8712
39015.85,102.5,7.8712
39016.86,100.5,7.8712
39017.86,101.5,7.8712
39018.87,100.5,7.8712
39019.87,101.5,7.8712
39020.88,100.5,7.8712
39021.88,100.5,7.8712
39022.89,101.5,7.8712
39023.89,99.5,7.8712
39024.9,100.5,7.8712
39025.9,100.5,7.8712
39026.91,101.5,7.8712
39027.91,100.5,7.8712
39028.92,99.5,7.8712
39029.92,102.5,7.8712
39030.93,99.5,7.8712
39031.93,100.5,7.8712
39032.94,100.5,7.8712
39033.94,100.5,7.8712
39034.95,100.5,7.8712
39035.95,102.5,7.8712
39036.96,100.5,7.8712
39037.96,99.5,7.8712
39038.97,101.5,7.8712
39039.97,101.5,7.8712
39040.98,99.5,7.8712
39041.98,99.5,7.8712
39042.99,101.5,7.8712
39043.99,100.5,7.8712
39045.0,99.5,7.8712
39046.0,101.5,7.8712
39047.01,100.5,7.8712
39048.01,100.5,7.8712
39049.02,100.5,7.8712
39050.02,101.6,7.8712
39051.03,100.5,7.8712
39052.03,102.5,7.8712
39053.04,100.5,7.8712
39054.04,100.5,7.8712
39055.05,100.5,7.8712
39056.06,102.5,7.8712
39057.06,99.5,7.8715
39058.07,101.5,7.8715
39059.07,99.5,7.8715
39060.08,101.5,7.8715
39061.08,99.5,7.8715
39062.09,101.5,7.8715
39063.09,100.5,7.8715
39064.1,99.5,7.8715
39065.1,100.5,7.8715
39066.11,101.5,7.8715
39067.11,101.5,7.8715
39068.12,101.5,7.8715
39069.12,99.5,7.8715
39070.13,101.5,7.8715
39071.13,100.5,7.8715
39072.14,101.5,7.8715
39073.14,99.5,7.8715
39074.15,111.4,7.8715
39075.15,100.5,7.8715
39076.16,100.5,7.8715
39077.16,101.5,7.8715
39078.17,100.5,7.8715
39079.17,101.5,7.8715
39080.18,100.5,7.8715
39081.18,100.5,7.8715
39082.19,100.5,7.8715
39083.19,100.5,7.8715
39084.2,101.5,7.8715
39085.2,100.5,7.8715
39086.21,99.5,7.8715
39087.21,102.5,7.8715
39088.22,99.5,7.8715
39089.22,100.5,7.8715
39090.23,100.5,7.8715
39091.23,100.5,7.8715
39092.24,100.5,7.8715
39093.25,100.5,7.8715
39094.25,100.5,7.8715
39095.26,100.5,7.8715
39096.26,101.5,7.8715
39097.27,100.5,7.8715
39098.27,101.5,7.8715
39099.28,101.5,7.8715
39100.28,100.5,7.8715
39101.29,100.5,7.8715
39102.29,100.5,7.8715
39103.3,100.5,7.8715
39104.3,102.5,7.8715
39105.31,99.5,7.8715
39106.31,100.5,7.8715
39107.32,100.5,7.8717
39108.32,99.5,7.8717
39109.33,103.5,7.8717
39110.33,100.5,7.8717
39111.34,100.5,7.8717
39112.34,101.5,7.8717
39113.35,101.5,7.8717
39114.35,100.5,7.8717
39115.36,112.5,7.8722
39116.36,101.5,7.8722
39117.37,99.5,7.8722
39118.37,101.5,7.8722
39119.38,99.5,7.8722
39120.38,102.5,7.8722
39121.39,100.5,7.8722
39122.4,100.5,7.8722
39123.4,100.5,7.8722
39124.41,101.5,7.8722
39125.41,101.5,7.8722
39126.42,100.5,7.8722
39127.42,100.5,7.8722
39128.43,101.5,7.8722
39129.43,99.5,7.8722
39130.44,99.5,7.8722
39131.44,101.5,7.8722
39132.45,100.5,7.8722
39133.45,101.5,7.8722
39134.46,100.5,7.8722
39135.46,100.5,7.8722
39136.47,100.5,7.8722
39137.47,100.5,7.8722
39138.48,100.6,7.8722
39139.48,101.5,7.8722
39140.49,99.5,7.8722
39141.49,100.5,7.8722
39142.5,100.5,7.8722
39143.5,101.5,7.8722
39144.51,99.5,7.8722
39145.51,101.5,7.8722
39146.52,5.0,2.7317
39147.52,355.0,2.9255
39148.52,358.2,3.1208
39149.53,320.4,3.3619
39150.53,315.3,3.5901
39151.54,2.0,2.7092
39152.54,343.0,2.953
39153.55,345.3,3.3012
39154.55,332.7,3.6258
39155.55,303.4,4.059
39156.56,135.4,4.5275
39157.56,207.9,5.0099
39158.57,301.4,5.5336
39159.57,257.6,6.0639
39160.58,182.0,6.5854
39161.59,103.5,7.0905
39162.59,103.0,7.6075
39163.6,118.4,7.7323
39164.61,102.5,7.8174
39165.61,99.5,7.8174
39166.62,103.5,7.8174
39167.62,104.4,7.8174
39168.63,102.5,7.8174
39169.63,103.5,7.8174
39170.64,115.4,7.8174
39171.64,113.5,7.9204
39172.65,101.5,7.9204
39173.65,99.5,7.9204
39174.66,100.5,7.9204
39175.66,100.5,7.9204
39176.67,99.5,7.9204
39177.67,102.5,7.9204
39178.68,99.5,7.9204
39179.68,102.5,7.9204
39180.69,111.4,7.9209
39181.69,102.6,7.9209
39182.7,100.5,7.9209
39183.7,101.5,7.9209
39184.71,99.5,7.9209
39185.71,101.6,7.9209
39186.72,99.5,7.9209
39187.72,101.5,7.9209
39188.73,111.4,7.921
39189.73,101.5,7.921
39190.74,100.5,7.921
39191.74,100.5,7.921
39192.75,101.5,7.921
39193.75,99.5,7.921
39194.76,101.5,7.921
39195.77,109.4,7.9211
39196.77,102.5,7.9211
39197.78,100.5,7.9214
39198.78,99.5,7.9214
39199.79,100.5,7.9214
39200.79,101.5,7.9214
39201.8,99.5,7.9214
39202.8,101.5,7.9214
39203.81,113.4,7.976
39204.81,100.5,7.976
39205.82,100.5,7.976
39206.82,100.5,7.976
39207.83,100.5,7.976
39208.83,99.5,7.976
39209.84,101.5,7.976
39210.84,100.5,7.976
39211.85,100.5,8.3605
39212.85,102.5,8.8389
39213.86,100.5,9.3832
39214.86,120.4,9.457
39215.87,100.5,9.457
39216.87,100.5,9.457
39217.88,99.5,9.457
39218.88,101.5,9.4571
39219.89,100.5,9.4571
39220.89,110.5,9.4572
39221.9,99.6,9.4572
39222.9,102.5,9.4572
39223.91,102.5,9.4572
39224.91,101.5,9.4573
39225.92,99.5,9.4573
39226.92,100.5,9.4573
39227.93,99.5,9.4573
39228.93,101.5,9.4573
39229.94,100.5,9.4573
39230.94,101.5,9.4573
39231.95,100.5,9.4573
39232.95,100.5,9.4573
39233.96,103.5,9.4578
39234.96,99.5,9.4578
39235.97,101.5,9.4578
39236.97,102.5,9.4578
39237.98,99.5,9.4578
39238.99,100.5,9.4578
39239.99,101.6,9.4578
39240.99,100.5,9.4578
39242.0,99.5,9.4581
39243.01,101.5,9.4581
39244.01,100.5,9.4583
39245.02,99.5,9.4583
39246.02,101.5,9.4583
39247.03,102.5,9.4583
39248.03,99.5,9.4583
39249.04,100.5,9.4583
39250.04,101.5,9.4583
39251.05,100.5,9.4583
39252.05,100.5,9.4583
39253.06,101.5,9.4584
39254.06,100.5,9.4584
39255.07,106.5,9.4584
39256.07,100.5,9.4584
39257.08,101.2,9.4584
39258.09,101.5,9.4584
39259.09,100.5,9.4584
39260.1,99.5,9.4584
39261.1,101.5,9.4584
39262.11,99.6,9.4584
39263.11,101.5,9.4585
39264.12,100.5,9.4585
39265.12,100.5,9.4585
39266.13,100.5,9.4585
39267.13,100.5,9.4585
39268.14,102.5,9.4585
39269.14,99.5,9.4585
39270.15,100.6,9.4585
39271.15,100.5,9.4585
39272.16,102.5,9.4588
39273.16,101.5,9.4588
39274.17,99.6,9.4588
39275.17,100.5,9.4588
39276.18,100.5,9.4588
39277.18,101.5,9.4588
39278.19,101.5,9.4588
39279.19,99.5,9.4588
39280.2,101.5,9.4588
39281.2,101.5,9.4588
39282.21,99.5,9.4592
39283.21,101.5,9.4592
39284.22,99.6,9.4593
39285.22,101.5,9.4593
39286.23,100.5,9.4593
39287.23,100.5,9.4595
39288.24,102.5,9.4595
39289.24,99.5,9.4595
39290.25,100.5,9.4595
39291.25,101.5,9.4595
39292.26,101.5,9.4596
39293.26,99.5,9.4596
39294.27,169.1,9.4596
39295.27,103.5,9.4596
39296.28,99.5,9.4596
39297.29,101.5,9.4596
39298.29,100.5,9.4596
39299.3,100.5,9.4596
39300.3,101.5,9.4596
39301.31,100.5,9.4596
39302.31,101.5,9.4596
39303.32,101.5,9.4596
39304.32,99.5,9.4596
39305.33,99.6,9.4596
39306.33,102.5,9.4596
39307.34,99.5,9.4596
39308.34,101.5,9.4596
39309.35,100.5,9.4596
39310.35,100.5,9.4596
39311.36,101.5,9.4596
39312.36,100.5,9.4596
39313.37,100.5,9.4596
39314.37,100.5,9.4596
39315.38,100.5,9.4596
39316.38,104.5,9.4596
39317.39,101.5,9.4596
39318.39,102.5,9.4596
39319.4,103.5,9.4596
39320.4,99.5,9.4596
39321.41,99.5,9.4596
39322.41,103.5,9.4596
39323.42,99.5,9.4596
39324.42,100.5,9.4596
39325.43,102.5,9.4596
39326.43,101.5,9.4596
39327.44,100.5,9.4596
39328.44,99.5,9.4596
39329.45,100.5,9.4596
39330.45,100.6,9.4596
39331.46,101.5,9.4596
39332.46,99.5,9.4596
39333.47,102.5,9.4596
39334.47,100.5,9.4596
39335.48,100.5,9.4596
39336.48,100.5,9.4596
39337.49,99.5,9.4598
39338.49,101.6,9.4598
39339.5,99.6,9.4598
39340.5,101.5,9.4598
39341.51,100.5,9.4598
39342.51,101.5,9.4598
39343.52,101.5,9.4598
39344.52,100.5,9.4598
39345.53,99.5,9.4598
39346.53,100.6,9.4598
39347.54,100.8,9.4598
39348.54,101.5,9.4598
39349.55,100.5,9.4598
39350.55,100.5,9.4598
39351.56,100.5,9.4598
39352.56,101.5,9.4598
39353.57,100.6,9.4598
39354.57,100.5,9.4598
39355.58,101.5,9.4598
39356.58,99.5,9.4598
39357.59,101.6,9.4598
39358.59,99.5,9.4598
39359.6,102.5,9.4598
39360.6,100.5,9.4598
39361.61,100.5,9.4598
39362.61,101.5,9.4598
39363.62,105.5,9.4598
39364.62,100.5,9.4598
39365.63,100.5,9.4598
39366.63,100.5,9.4598
39367.64,99.5,9.4598
39368.64,102.5,9.4598
39369.65,99.5,9.4598
39370.65,100.5,9.4598
39371.66,101.5,9.4598
39372.66,100.6,9.4598
39373.67,99.5,9.4598
39374.67,101.5,9.4598
39375.68,100.5,9.4598
39376.68,101.5,9.4598
39377.69,101.5,9.4598
39378.69,99.5,9.4598
39379.7,101.5,9.4598
39380.7,99.5,9.4598
39381.71,101.5,9.4598
39382.71,101.5,9.4601
39383.72,99.6,9.4601
39384.72,100.5,9.4601
39385.73,100.5,9.4601
39386.73,100.5,9.4601
39387.74,101.5,9.4601
39388.74,102.5,9.4601
39389.75,99.5,9.4601
39390.75,100.5,9.4601
39391.76,100.5,9.4601
39392.76,101.5,9.4601
39393.77,100.5,9.4601
39394.77,101.4,9.4601
39395.78,99.5,9.4601
39396.78,99.5,9.4601
39397.79,101.5,9.4601
39398.8,101.5,9.4601
39399.8,100.5,9.4601
39400.81,99.5,9.4601
39401.81,100.5,9.4601
39402.82,101.5,9.4601
39403.82,101.5,9.4601
39404.83,100.5,9.4601
39405.83,101.5,9.4601
39406.84,102.5,9.4601
39407.84,99.5,9.4601
39408.85,100.5,9.4601
39409.85,100.5,9.4601
39410.86,100.5,9.4601
39411.86,100.6,9.4601
39412.87,100.5,9.4601
39413.87,101.5,9.4601
39414.88,100.5,9.4601
39415.88,101.5,9.4601
39416.89,99.5,9.4601
39417.89,99.5,9.4601
39418.9,102.5,9.4601
39419.9,99.5,9.4601
39420.91,99.5,9.4601
39421.91,101.5,9.4601
39422.92,101.6,9.4601
39423.92,101.5,9.4601
39424.93,100.5,9.4601
39425.93,101.5,9.4601
39426.94,101.5,9.4603
39427.94,99.5,9.4603
39428.95,100.5,9.4603
39429.95,101.5,9.4603
39430.96,100.5,9.4603
39431.96,100.5,9.4603
39432.97,102.5,9.4603
39433.97,99.5,9.4603
39434.98,100.5,9.4603
39435.99,101.5,9.4603
39436.99,100.5,9.4603
39438.0,100.5,9.4603
39439.0,99.5,9.4603
39440.01,101.5,9.4603
39441.01,99.5,9.4603
39442.02,101.5,9.4603
39443.02,99.5,9.4603
39444.03,101.5,9.4603
39445.03,100.5,9.4603
39446.04,101.5,9.4603
39447.04,100.5,9.4603
39448.05,100.5,9.4603
39449.05,101.5,9.4603
39450.06,100.5,9.4603
39451.06,100.5,9.4603
39452.07,1.0,2.8357
39453.07,330.0,2.9742
39454.08,340.4,3.2192
39455.08,321.3,3.486
39456.09,1458.8,2.675
39457.09,338.9,2.9006
39458.09,365.1,3.1996
39459.1,336.3,3.562
39460.1,1.0,2.7281
39461.1,327.0,2.9226
39462.11,349.0,3.1276
39463.11,324.6,3.4781
39464.11,314.4,3.8152
39465.12,139.3,4.1765
39466.13,108.4,4.3344
39467.13,109.4,4.4628
39468.14,110.4,4.5292
39469.14,106.4,4.6064
39470.15,121.5,4.6811
39471.15,106.4,4.7547
39472.16,100.5,4.8276
39473.16,114.4,4.894
39474.17,100.6,4.9582
39475.17,101.5,5.0234
39476.18,99.5,5.0882
39477.18,101.5,5.1539
39478.19,129.4,5.2354
39479.19,108.5,5.3152
39480.2,101.5,5.384
39481.2,99.5,5.4621
39482.21,111.4,5.5401
39483.21,100.5,5.6185
39484.22,101.5,5.6952
39485.22,101.5,5.7675
39486.23,99.5,5.8236
39487.23,100.5,5.8373
39488.24,100.5,5.85
39489.24,101.5,5.8625
39490.25,99.5,5.8823
39491.25,102.5,5.9051
39492.26,100.5,5.9427
39493.26,101.5,5.9585
39494.27,100.5,5.9822
39495.27,101.5,6.0086
39496.28,101.6,6.0327
39497.28,100.5,6.054
39498.29,100.5,6.0787
39499.29,100.5,6.101
39500.3,99.5,6.1255
39501.3,102.6,6.1552
39502.31,99.5,6.1785
39503.31,99.5,6.1964
39504.32,99.5,6.212
39505.32,102.5,6.2429
39506.33,100.5,6.2693
39507.33,100.5,6.297
39508.34,102.5,6.3192
39509.34,99.5,6.338
39510.35,100.5,6.3565
39511.35,101.5,6.3741
39512.36,99.5,6.3889
39513.36,100.5,6.4225
39514.37,103.5,6.4329
39515.37,100.5,6.4452
39516.38,100.5,6.4585
39517.39,100.5,6.4775
39518.39,100.5,6.5047
39519.4,101.5,6.5153
39520.4,99.5,6.5373
39521.41,102.5,6.5567
39522.41,101.5,6.577
39523.42,99.5,6.5934
39524.42,100.6,6.6081
39525.43,99.5,6.6287
39526.43,101.5,6.6448
39527.44,100.5,6.6626
39528.44,100.5,6.6777
39529.45,101.5,6.7124
39530.45,100.5,6.7204
39531.46,100.5,6.7401
39532.46,100.5,6.7566
39533.47,101.6,6.7684
39534.47,100.5,6.7914
39535.48,101.5,6.805
39536.48,99.5,6.8352
39537.49,100.5,6.8628
39538.49,100.5,6.8883
39539.5,100.5,6.9133
39540.5,100.5,6.9329
39541.51,101.5,6.9502
39542.51,100.7,6.9735
39543.51,101.6,6.998
39544.52,100.5,7.02
39545.52,100.6,7.0409
39546.53,100.5,7.0563
39547.53,99.5,7.0802
39548.54,101.5,7.1052
39549.54,104.5,7.1243
39550.55,99.5,7.1533
39551.55,101.5,7.1748
39552.56,102.5,7.1981
39553.56,101.5,7.2233
39554.57,99.5,7.2508
39555.57,100.5,7.2755
39556.58,100.5,7.3039
39557.59,99.5,7.3236
39558.59,102.5,7.3512
39559.6,99.5,7.3738
39560.6,100.5,7.3977
39561.61,101.6,7.4248
39562.61,100.5,7.4488
39563.62,100.5,7.4739
39564.62,100.5,7.4975
39565.63,99.5,7.5211
39566.63,101.5,7.5422
39567.63,124.5,7.6191
39568.64,100.5,7.6191
39569.65,100.5,7.6191
39570.65,99.5,7.6191
39571.66,101.5,7.6191
39572.66,101.5,7.6191
39573.67,99.5,7.6191
39574.67,100.5,7.6191
39575.68,102.5,7.6191
39576.68,100.5,7.6497
39577.69,101.5,7.6763
39578.69,100.5,7.7042
39579.7,102.5,7.7191
39580.7,100.5,7.7191
39581.71,103.5,7.7191
39582.71,100.5,7.7191
39583.72,99.5,7.7191
39584.72,102.5,7.7191
39585.73,100.5,7.7191
39586.73,100.5,7.7191
39587.74,101.5,7.7191
39588.74,99.5,7.7191
39589.75,100.5,7.7191
39590.75,100.5,7.7191
39591.76,100.5,7.7191
39592.76,101.5,7.7191
39593.77,99.5,7.7191
39594.77,101.5,7.7191
39595.78,100.5,7.7191
39596.78,100.5,7.7191
39597.79,101.5,7.7191
39598.79,100.5,7.7191
39599.8,100.5,7.7191
39600.81,100.5,7.7191
39601.81,100.5,7.7191
39602.82,100.5,7.7191
39603.82,100.5,7.7191
39604.83,100.5,7.7191
39605.83,101.5,7.7191
39606.84,100.5,7.7191
39607.84,101.5,7.7191
39608.85,100.5,7.7191
39609.85,101.5,7.7191
39610.86,99.5,7.7191
39611.86,100.5,7.7194
39612.87,99.5,7.7194
39613.87,101.5,7.7194
39614.88,102.5,7.7194
39615.88,100.5,7.7194
39616.89,101.5,7.7194
39617.89,100.6,7.7194
39618.9,100.5,7.7194
39619.9,99.5,7.7194
39620.91,100.5,7.7194
39621.91,101.5,7.7194
39622.92,101.5,7.7194
39623.92,104.5,7.7194
39624.93,101.5,7.7194
39625.93,100.5,7.7194
39626.94,100.5,7.7194
39627.94,100.5,7.7194
39628.95,101.5,7.7194
39629.95,100.5,7.7194
39630.96,102.5,7.7194
39631.97,99.5,7.7194
39632.97,100.5,7.7194
39633.98,99.5,7.7194
39634.98,101.5,7.7194
39635.99,101.5,7.7194
39636.99,99.5,7.7194
39638.0,100.5,7.7194
39639.0,100.5,7.7194
39640.01,102.5,7.7194
39641.01,100.5,7.7194
39642.02,99.5,7.7194
39643.02,101.5,7.7194
39644.03,100.5,7.7194
39645.03,101.5,7.7194
39646.04,100.5,7.7194
39647.04,100.5,7.7194
39648.05,100.5,7.7194
39649.05,100.5,7.7194
39650.06,101.5,7.7194
39651.06,100.5,7.7194
39652.07,99.5,7.7194
39653.07,100.5,7.7195
39654.08,101.5,7.7195
39655.08,100.5,7.7195
39656.09,101.5,7.7195
39657.09,100.5,7.7195
39658.1,100.5,7.7195
39659.1,101.5,7.7195
39660.11,100.5,7.7195
39661.11,100.5,7.7195
39662.12,100.5,7.7197
39663.13,99.5,7.7197
39664.13,101.5,7.7197
39665.14,100.5,7.7197
39666.14,101.4,7.7197
39667.15,100.5,7.7197
39668.15,99.5,7.7197
39669.16,100.5,7.7197
39670.16,101.5,7.7197
39671.17,100.5,7.7197
39672.17,100.5,7.7197
39673.18,102.5,7.7197
39674.18,98.5,7.7197
39675.19,100.5,7.7197
39676.19,101.5,7.7197
39677.2,101.5,7.7197
39678.2,100.5,7.7197
39679.21,100.5,7.7197
39680.21,99.5,7.7197
39681.22,101.5,7.7197
39682.22,100.5,7.7197
39683.23,101.5,7.7197
39684.23,101.5,7.7197
39685.24,99.5,7.7197
39686.24,99.5,7.7197
39687.25,102.5,7.7197
39688.25,100.5,7.7197
39689.26,100.5,7.7197
39690.27,100.5,7.7197
39691.27,101.5,7.7197
39692.28,99.5,7.7197
39693.28,100.5,7.7197
39694.29,102.5,7.7197
39695.29,100.5,7.7197
39696.3,100.5,7.7197
39697.3,100.5,7.7197
39698.31,100.5,7.7197
39699.31,103.5,7.7197
39700.32,101.5,7.7197
39701.32,101.5,7.7197
39702.33,100.5,7.7197
39703.33,101.5,7.7197
39704.34,100.6,7.7197
39705.34,99.5,7.7197
39706.35,99.5,7.7197
39707.35,101.5,7.72
39708.36,100.5,7.72
39709.36,100.5,7.72
39710.37,101.5,7.72
39711.37,101.5,7.72
39712.38,100.5,7.72
39713.38,101.5,7.72
39714.39,100.5,7.72
39715.39,102.5,7.72
39716.4,100.5,7.72
39717.41,99.5,7.72
39718.41,102.5,7.72
39719.41,99.6,7.72
39720.42,100.5,7.72
39721.42,99.5,7.72
39722.43,100.5,7.72
39723.43,101.7,7.7202
39724.44,101.5,7.7202
39725.44,100.5,7.7202
39726.45,100.5,7.7202
39727.45,100.5,7.7202
39728.46,99.6,7.7202
39729.46,102.5,7.7202
39730.47,100.5,7.7202
39731.47,101.5,7.7202
39732.48,100.5,7.7202
39733.48,100.4,7.7202
39734.49,99.5,7.7202
39735.49,102.6,7.7202
39736.5,100.5,7.7202
39737.5,100.5,7.7202
39738.51,99.5,7.7202
39739.51,100.5,7.7202
39740.52,101.5,7.7202
39741.52,99.5,7.7202
39742.53,101.5,7.7202
39743.53,99.5,7.7202
39744.54,101.5,7.7202
39745.55,99.5,7.7202
39746.55,100.5,7.7202
39747.56,101.5,7.7202
39748.56,102.5,7.7202
39749.57,100.5,7.7202
39750.57,100.5,7.7202
39751.58,99.5,7.7202
39752.58,101.5,7.7205
39753.59,99.5,7.7205
39754.59,101.5,7.7205
39755.6,100.5,7.7205
39756.6,100.5,7.7205
39757.61,100.5,7.7205
39758.61,101.5,7.7205
39759.62,1301.5,2.6547
39760.62,282.1,2.8546
39761.62,324.2,3.0456
39762.63,3.0,2.7162
39763.63,321.2,2.8818
39764.63,355.3,3.0946
39765.64,1.0,2.6848
39766.64,317.1,2.8843
39767.65,342.5,3.024
39768.65,335.2,3.269
39769.66,315.5,3.5239
39770.66,4.0,2.6932
39771.66,326.9,2.9152
39772.67,358.2,3.1199
39773.67,317.4,3.3798
39774.68,328.4,3.6409
39775.68,203.9,3.9362
39776.69,122.4,4.1827
39777.69,129.4,4.4364
39778.7,217.0,4.5735
39779.7,203.0,4.7056
39780.71,204.9,4.8564
39781.71,218.0,4.9157
39782.72,203.9,4.9748
39783.72,168.1,5.0308
39784.73,103.5,5.081
39785.73,103.5,5.1389
39786.74,101.5,5.1903
39787.74,100.5,5.2449
39788.75,102.5,5.3074
39789.75,99.5,5.3625
39790.76,101.5,5.406
39791.76,100.7,5.4619
39792.77,100.5,5.5115
39793.77,100.5,5.5638
39794.78,100.5,5.621
39795.78,99.5,5.672
39796.79,101.5,5.7292
39797.79,101.5,5.7863
39798.8,102.5,5.8423
39799.8,102.5,5.905
39800.81,99.5,5.9505
39801.81,100.5,6.0033
39802.82,100.5,6.0317
39803.82,100.5,6.074
39804.83,102.5,6.1194
39805.84,100.3,6.1651
39806.84,100.4,6.2085
39807.85,99.5,6.257
39808.85,106.4,6.2976
39809.86,100.5,6.3386
39810.86,102.5,6.3785
39811.86,100.7,6.4185
39812.87,100.8,6.4571
39813.87,101.5,6.4993
39814.88,102.5,6.5429
39815.88,100.6,6.5867
39816.89,100.5,6.6163
39817.89,101.5,6.6608
39818.89,102.7,6.6918
39819.9,99.5,6.7329
39820.91,105.4,6.7767
39821.91,127.7,6.8149
39822.91,102.5,6.8559
39823.92,101.5,6.8904
39824.92,100.5,6.9245
39825.92,98.8,6.9674
39826.93,102.5,7.0034
39827.93,100.5,7.0465
39828.94,99.5,7.0867
39829.95,101.5,7.1261
39830.95,99.5,7.1653
39831.95,100.6,7.2085
39832.96,100.5,7.2453
39833.97,102.5,7.2856
39834.97,101.5,7.3419
39835.98,99.5,7.3938
39836.98,101.5,7.4418
39837.99,100.5,7.4913
39838.99,100.5,7.5463
39840.0,100.5,7.5972
39841.0,123.5,7.6892
39842.01,100.5,7.6892
39843.01,99.5,7.7044
39844.02,101.5,7.7412
39845.02,100.5,7.7412
39846.03,100.5,7.7412
39847.03,99.5,7.7415
39848.04,101.5,7.7415
39849.04,100.5,7.7517
39850.05,101.5,7.7992
39851.05,100.5,7.8415
39852.06,100.5,7.8415
39853.06,101.5,7.8415
39854.07,100.5,7.8415
39855.07,102.5,7.8415
39856.08,100.5,7.8415
39857.08,102.5,7.8415
39858.09,99.5,7.8415
39859.09,100.5,7.8415
39860.1,100.5,7.8415
39861.1,101.5,7.8415
39862.11,99.5,7.8415
39863.11,100.6,7.8415
39864.12,101.6,7.8415
39865.12,101.5,7.8415
39866.13,101.5,7.8415
39867.13,100.5,7.8415
39868.14,99.5,7.8415
39869.14,100.5,7.8415
39870.15,102.5,7.8415
39871.15,99.5,7.8415
39872.16,101.5,7.8415
39873.16,99.5,7.8417
39874.17,100.5,7.8417
39875.17,99.5,7.8417
39876.18,103.5,7.8417
39877.18,99.6,7.8417
39878.19,100.5,7.8417
39879.19,99.5,7.8417
39880.2,100.5,7.8417
39881.2,102.5,7.8417
39882.21,99.6,7.8417
39883.21,101.5,7.8417
39884.22,103.5,7.8417
39885.23,100.5,7.8417
39886.23,101.6,7.8417
39887.23,100.5,7.8417
39888.24,100.5,7.8417
39889.25,100.5,7.8417
39890.25,101.5,7.8417
39891.26,100.5,7.8417
39892.26,101.5,7.842
39893.27,101.5,7.842
39894.27,100.5,7.842
39895.28,99.5,7.842
39896.28,102.5,7.842
39897.29,99.5,7.842
39898.29,100.5,7.842
39899.3,100.5,7.842
39900.3,101.5,7.842
39901.31,100.5,7.842
39902.31,100.5,7.842
39903.32,101.5,7.842
39904.32,99.5,7.842
39905.33,101.5,7.842
39906.33,99.5,7.842
39907.34,102.6,7.842
39908.34,100.5,7.842
39909.35,100.5,7.842
39910.35,100.5,7.842
39911.36,100.5,7.842
39912.36,100.5,7.842
39913.37,100.5,7.842
39914.37,101.5,7.842
39915.38,100.5,7.842
39916.38,99.5,7.842
39917.39,100.5,7.842
39918.4,101.5,7.842
39919.4,100.5,7.842
39920.41,102.5,7.842
39921.41,99.5,7.842
39922.42,100.5,7.842
39923.42,100.5,7.842
39924.43,100.5,7.8419
39925.43,100.5,7.8422
39926.44,101.5,7.8422
39927.44,101.5,7.8422
39928.45,99.5,7.8422
39929.45,100.5,7.8422
39930.46,102.5,7.8422
39931.46,99.6,7.8422
39932.46,100.7,7.8422
39933.47,130.7,7.8422
39934.47,118.7,7.8422
39935.47,105.5,7.8423
39936.48,103.5,7.8423
39937.48,100.5,7.8425
39938.49,116.4,7.8425
39939.49,107.5,7.8425
39940.5,106.4,7.8425
39941.51,113.4,7.8425
39942.51,100.6,7.8425
39943.51,100.5,7.8425
39944.52,101.5,7.8425
39945.52,104.5,7.8425
39946.53,100.5,7.8425
39947.53,100.5,7.8425
39948.54,100.5,7.8425
39949.55,99.5,7.8425
39950.55,101.5,7.8425
39951.56,101.5,7.8425
39952.56,99.5,7.8428
39953.57,101.5,7.8428
39954.57,106.5,7.8428
39955.58,102.5,7.8428
39956.58,99.5,7.8428
39957.59,102.5,7.8428
39958.59,101.5,7.8428
39959.6,99.5,7.8428
39960.6,100.5,7.8428
39961.61,101.5,7.8428
39962.61,100.5,7.8428
39963.62,100.5,7.8428
39964.62,103.5,7.8428
39965.63,102.5,7.8428
39966.63,99.5,7.8428
39967.64,101.5,7.8428
39968.64,101.5,7.8428
39969.65,99.5,7.8428
39970.65,101.5,7.8428
39971.66,102.5,7.8428
39972.66,102.5,7.8428
39973.67,100.5,7.8428
39974.67,100.5,7.8428
39975.68,101.5,7.8428
39976.68,99.5,7.8428
39977.69,101.5,7.8428
39978.69,100.6,7.8428
39979.7,100.5,7.8428
39980.7,99.5,7.8428
39981.71,101.5,7.8428
39982.71,100.7,7.843
39983.72,100.5,7.843
39984.72,101.5,7.843
39985.73,100.5,7.843
39986.73,105.5,7.843
39987.74,99.5,7.843
39988.74,101.5,7.843
39989.75,100.5,7.843
39990.75,100.5,7.843
39991.76,103.5,7.843
39992.76,99.5,7.843
39993.77,102.5,7.843
39994.77,98.5,7.843
39995.78,102.5,7.843
39996.78,100.5,7.843
39997.79,99.5,7.843
39998.79,100.5,7.843
39999.8,100.5,7.843
40000.8,101.5,7.843
40001.81,100.5,7.843
40002.81,102.5,7.843
40003.82,99.5,7.843
40004.83,100.5,7.843
40005.83,101.5,7.843
40006.83,101.6,7.843
40007.84,99.5,7.843
40008.84,101.5,7.843
40009.85,101.5,7.843
40010.85,100.5,7.843
40011.86,100.5,7.843
40012.86,99.5,7.843
40013.87,103.5,7.843
40014.88,100.5,7.843
40015.88,100.5,7.843
40016.89,99.5,7.843
40017.89,100.5,7.843
40018.9,100.5,7.843
40019.9,100.5,7.843
40020.91,100.5,7.843
40021.91,100.5,7.843
40022.92,100.5,7.8433
40023.92,101.3,7.8433
40024.93,100.3,7.8433
40025.94,100.5,7.8433
40026.94,100.5,7.8433
40027.95,100.5,7.8433
40028.95,101.5,7.8433
40029.96,99.5,7.8433
40030.96,101.5,7.8433
40031.97,100.5,7.8435
40032.97,99.5,7.8435
40033.98,101.5,7.8435
40034.98,102.5,7.8435
40035.99,100.5,7.8435
40036.99,102.5,7.8435
40038.0,100.5,7.8435
40039.0,99.5,7.8435
40040.01,100.5,7.8435
40041.01,101.5,7.8435
40042.02,99.5,7.8435
40043.02,100.5,7.8435
40044.03,100.5,7.8435
40045.03,100.5,7.8435
40046.04,100.5,7.8435
40047.04,100.5,7.8435
40048.05,101.5,7.8435
40049.05,104.5,7.8435
40050.06,103.5,7.8435
40051.06,100.6,7.8435
40052.07,99.5,7.8435
40053.07,156.2,7.8439
40054.08,99.6,7.8439
40055.08,100.5,7.8439
40056.09,102.6,7.8439
40057.09,99.5,7.8439
40058.1,100.5,7.8439
40059.1,100.5,7.8439
40060.11,101.5,7.8439
40061.11,99.5,7.8439
40062.12,101.5,7.8439
40063.12,100.5,7.8439
40064.13,100.6,7.8439
40065.13,101.5,7.8439
40066.14,99.5,7.8439
40067.14,101.5,7.8439
40068.15,100.5,7.8439
40069.15,101.5,7.8439
40070.16,100.5,7.8439
40071.16,6881.3,2.7491
40072.16,334.0,2.9293
40073.17,358.2,3.2508
40074.17,336.7,3.6056
40075.18,317.3,3.8623
40076.18,155.2,4.1693
40077.19,144.2,4.5424
40078.19,126.3,4.9038
40079.2,101.5,4.974
40080.2,100.6,5.0109
40081.21,101.5,5.0501
40082.21,100.5,5.0914
40083.22,101.5,5.1334
40084.22,100.5,5.1749
40085.23,101.5,5.2186
40086.24,100.5,5.2536
40087.24,100.5,5.2869
40088.25,99.5,5.3317
40089.25,101.5,5.3652
40090.26,100.5,5.4024
40091.26,101.5,5.4451
40092.27,102.6,5.4878
40093.27,101.5,5.5239
40094.28,99.5,5.5627
40095.28,102.5,5.596
40096.29,100.6,5.6284
40097.29,100.5,5.6691
40098.3,100.5,5.7067
40099.3,114.4,5.7465
40100.3,100.7,5.7892
40101.31,99.5,5.8278
40102.31,101.5,5.8682
40103.32,100.5,5.9067
40104.32,100.5,5.9371
40105.33,101.5,5.9592
40106.33,100.5,5.9755
40107.34,100.5,5.9938
40108.34,102.5,6.015
40109.35,99.5,6.0363
40110.35,101.5,6.0498
40111.36,101.5,6.0675
40112.37,99.5,6.0836
40113.37,100.5,6.1061
40114.38,101.5,6.121
40115.38,100.5,6.1385
40116.39,101.5,6.1598
40117.39,100.5,6.1793
40118.4,100.5,6.1963
40119.4,101.5,6.213
40120.41,99.6,6.2299
40121.41,102.5,6.2496
40122.42,99.5,6.2734
40123.42,101.5,6.2845
40124.43,99.6,6.3084
40125.43,101.5,6.3332
40126.44,100.5,6.354
40127.44,100.5,6.3762
40128.45,102.6,6.3979
40129.45,100.6,6.4283
40130.45,100.5,6.4283
40131.46,100.5,6.4474
40132.47,99.5,6.4661
40133.47,102.5,6.4889
40134.48,99.5,6.5066
40135.48,100.5,6.527
40136.49,100.5,6.5437
40137.49,101.5,6.5624
40138.5,100.5,6.5776
40139.5,101.5,6.5999
40140.51,100.5,6.6233
40141.51,99.5,6.6573
40142.52,103.5,6.6582
40143.52,99.5,6.6777
40144.53,101.5,6.6951
40145.53,100.5,6.7112
40146.54,101.5,6.7291
40147.54,101.5,6.7502
40148.55,100.5,6.7731
40149.55,99.5,6.7906
40150.56,101.5,6.8104
40151.56,99.5,6.8308
40152.57,102.5,6.8498
40153.58,99.5,6.868
40154.58,99.5,6.8889
40155.59,100.5,6.9107
40156.59,100.5,6.9313
40157.6,102.5,6.942
40158.6,100.5,6.9623
40159.61,100.5,6.9811
40160.61,101.5,7.003
40161.62,99.5,7.0213
40162.62,102.5,7.0283
40163.63,99.5,7.0447
40164.63,101.5,7.0595
40165.64,100.5,7.0717
40166.64,100.5,7.088
40167.65,100.5,7.1047
40168.65,100.5,7.1222
40169.66,103.5,7.1411
40170.66,99.4,7.1565
40171.67,99.5,7.1727
40172.67,100.5,7.1897
40173.68,101.5,7.208
40174.68,101.5,7.2208
40175.69,100.5,7.2394
40176.7,100.5,7.2562
40177.7,101.5,7.275
40178.71,100.5,7.2948
40179.71,100.5,7.303
40180.72,99.5,7.3175
40181.72,101.5,7.3308
40182.73,101.6,7.3501
40183.73,99.5,7.3636
40184.74,101.5,7.3774
40185.74,99.5,7.3883
40186.75,102.5,7.4063
40187.75,99.5,7.4237
40188.76,100.5,7.4372
40189.76,101.5,7.4523
40190.77,99.5,7.4672
40191.77,99.5,7.485
40192.78,101.5,7.5005
40193.78,99.6,7.5175
40194.79,102.5,7.5319
40195.79,100.5,7.5486
40196.8,100.5,7.5679
40197.8,123.4,7.6339
40198.81,101.5,7.6339
40199.81,101.5,7.6339
40200.82,99.5,7.6339
40201.82,102.5,7.6339
40202.83,100.5,7.6487
40203.83,100.5,7.6685
40204.84,100.5,7.6859
40205.84,101.5,7.6859
40206.85,100.5,7.6859
40207.85,101.7,7.6859
40208.86,99.5,7.6859
40209.86,101.5,7.6991
40210.87,99.5,7.7172
40211.87,102.5,7.7348
40212.88,100.5,7.7549
40213.88,101.5,7.769
40214.89,100.5,7.7859
40215.89,99.5,7.7859
40216.9,102.5,7.7862
40217.9,99.5,7.7862
40218.91,100.5,7.7862
40219.91,99.5,7.7862
40220.92,101.5,7.7862
40221.92,100.5,7.7862
40222.93,101.5,7.7862
40223.93,99.5,7.7862
40224.94,100.5,7.7862
40225.94,100.5,7.7862
40226.95,101.5,7.7862
40227.95,101.5,7.7862
40228.96,100.5,7.7862
40229.96,100.5,7.7862
40230.97,100.5,7.7862
40231.97,101.5,7.7862
40232.98,100.5,7.7862
40233.98,99.5,7.7862
40234.99,101.5,7.7862
40235.99,104.5,7.7862
40237.0,101.5,7.7863
40238.0,100.5,7.7863
40239.01,100.5,7.7863
40240.01,100.5,7.7863
40241.02,100.5,7.7863
40242.02,102.5,7.7863
40243.03,100.5,7.7863
40244.03,102.5,7.7863
40245.04,99.5,7.7863
40246.04,100.5,7.7863
40247.05,100.5,7.7863
40248.05,100.5,7.7863
40249.06,101.5,7.7863
40250.06,100.5,7.7863
40251.07,101.5,7.7863
40252.07,99.5,7.7863
40253.08,100.5,7.7865
40254.08,101.5,7.7865
40255.09,99.5,7.7865
40256.1,102.5,7.7865
40257.1,100.5,7.7865
40258.11,101.5,7.7865
40259.11,99.5,7.7865
40260.12,102.5,7.7865
40261.12,99.5,7.7865
40262.13,101.5,7.7868
40263.13,99.5,7.7868
40264.14,102.5,7.7868
40265.14,99.5,7.7868
40266.15,100.5,7.7868
40267.15,101.5,7.7868
40268.16,100.6,7.7868
40269.16,100.5,7.7868
40270.17,100.5,7.7868
40271.17,100.5,7.7868
40272.18,101.5,7.7868
40273.18,100.5,7.7868
40274.19,101.5,7.7868
40275.19,99.5,7.7868
40276.2,101.5,7.7868
40277.2,100.5,7.7868
40278.21,101.5,7.7868
40279.21,100.5,7.7868
40280.22,100.5,7.7868
40281.22,100.5,7.7868
40282.23,100.6,7.7868
40283.23,101.5,7.7868
40284.24,101.5,7.7868
40285.24,102.5,7.7868
40286.25,99.5,7.7868
40287.25,100.5,7.7868
40288.26,102.5,7.7868
40289.26,99.5,7.7868
40290.27,100.5,7.7868
40291.27,101.5,7.7868
40292.28,101.5,7.7868
40293.28,99.5,7.7868
40294.29,100.5,7.7868
40295.29,100.5,7.7868
40296.3,99.6,7.7868
40297.3,100.5,7.7868
40298.31,100.5,7.7868
40299.31,100.5,7.7868
40300.32,100.5,7.7868
40301.32,102.5,7.7868
40302.33,99.5,7.7868
40303.33,101.5,7.7868
40304.34,100.5,7.7868
40305.34,100.5,7.7868
40306.35,100.5,7.7868
40307.35,100.5,7.7871
40308.36,99.5,7.7871
40309.36,101.5,7.7871
40310.37,101.5,7.7871
40311.38,99.5,7.7871
40312.38,101.5,7.7871
40313.39,101.5,7.7871
40314.39,100.6,7.7871
40315.4,99.5,7.7871
40316.4,100.5,7.7871
40317.41,100.5,7.7871
40318.41,102.5,7.7871
40319.42,99.6,7.7871
40320.42,100.5,7.7871
40321.43,99.5,7.7871
40322.43,102.5,7.7871
40323.44,99.5,7.7873
40324.44,102.5,7.7873
40325.45,100.5,7.7873
40326.45,99.5,7.7873
40327.46,101.5,7.7873
40328.46,100.5,7.7873
40329.47,99.5,7.7873
40330.47,101.5,7.7873
40331.48,99.5,7.7873
40332.48,101.5,7.7873
40333.49,102.5,7.7873
40334.49,99.5,7.7873
40335.5,100.5,7.7873
40336.5,101.5,7.7873
40337.51,100.5,7.7873
40338.51,102.5,7.7873
40339.52,99.5,7.7873
40340.52,100.5,7.7873
40341.53,100.5,7.7873
40342.53,101.5,7.7873
40343.54,99.5,7.7873
40344.54,101.5,7.7873
40345.55,99.5,7.7873
40346.55,100.5,7.7873
40347.56,100.5,7.7873
40348.56,104.5,7.7873
40349.57,101.5,7.7873
40350.57,99.5,7.7873
40351.58,101.5,7.7873
40352.58,101.5,7.7876
40353.59,99.5,7.7876
40354.59,99.5,7.7876
40355.6,102.5,7.7876
40356.6,100.5,7.7876
40357.61,101.5,7.7876
40358.61,100.5,7.7876
40359.62,100.5,7.7876
40360.62,99.5,7.7876
40361.63,102.5,7.7876
40362.63,101.5,7.7876
40363.64,100.5,7.7876
40364.64,99.5,7.7876
40365.65,100.6,7.7876
40366.65,102.5,7.7876
40367.66,99.5,7.7876
40368.66,100.5,7.7876
40369.67,101.5,7.7876
40370.68,1228.8,2.6851
40371.68,290.0,2.8968
40372.68,360.1,3.1623
40373.69,329.6,3.5193
40374.69,3.0,2.7056
40375.7,318.5,2.9052
40376.7,330.4,3.0663
40377.7,321.1,3.3852
40378.71,330.2,3.7151
40379.71,305.2,4.151
40380.71,198.5,4.6127
40381.72,161.2,5.0598
40382.72,256.8,5.5368
40383.73,301.4,6.0757
40384.73,239.9,6.5761
40385.74,101.5,7.0709
40386.74,102.5,7.5725
40387.75,119.4,7.868
40388.75,102.5,7.868
40389.76,101.5,7.8384
40390.76,105.5,7.8384
40391.77,99.5,7.8384
40392.77,100.5,7.8384
40393.78,101.5,7.8386
40394.78,119.4,7.8161
40395.79,111.4,7.9195
40396.79,102.5,7.9195
40397.8,101.5,7.9195
40398.8,100.5,7.9195
40399.81,102.5,7.9196
40400.81,101.5,7.9196
40401.82,100.6,7.9196
40402.82,101.5,7.9201
40403.83,112.4,7.9206
40404.83,101.5,7.9206
40405.84,100.5,7.9206
40406.84,101.5,7.9206
40407.85,100.5,7.9206
40408.85,100.5,7.9206
40409.86,100.5,7.9206
40410.86,100.5,7.9206
40411.87,112.4,7.9206
40412.87,99.5,7.9206
40413.88,102.5,7.9206
40414.89,100.5,7.9206
40415.89,99.5,7.9206
40416.9,100.5,7.9206
40417.9,101.5,7.9207
40418.91,111.4,7.9209
40419.91,220.8,7.9216
40420.92,102.5,7.9216
40421.92,102.5,7.9216
40422.93,99.5,7.9216
40423.93,101.5,7.9217
40424.94,100.5,7.9217
40425.94,100.5,7.9217
40426.95,102.5,7.9217
40427.95,100.5,7.9217
40428.96,99.5,7.9217
40429.96,101.8,7.9217
40430.97,100.5,7.9217
40431.97,104.7,7.9217
40432.97,99.5,7.9217
40433.98,103.5,7.9217
40434.98,100.5,7.9217
40435.99,99.5,7.9217
40436.99,99.5,7.9217
40438.0,101.5,7.9217
40439.0,100.5,7.9217
40440.01,99.5,7.9217
40441.01,101.5,7.9217
40442.02,100.5,7.9217
40443.02,100.5,7.9217
40444.03,102.5,7.9217
40445.04,100.5,7.9217
40446.04,100.5,7.9217
40447.05,100.5,7.9219
40448.05,102.5,7.9219
40449.06,99.5,7.9219
40450.06,100.5,7.9219
40451.07,101.5,7.9219
40452.07,100.6,7.9219
40453.07,100.7,7.9219
40454.08,100.5,7.9219
40455.08,100.5,7.9219
40456.09,101.7,7.9219
40457.09,102.5,7.9219
40458.1,100.5,7.9219
40459.1,101.5,7.9219
40460.11,103.5,7.9219
40461.11,100.5,7.9219
40462.12,101.5,7.9219
40463.12,101.5,7.9219
40464.13,99.5,7.9219
40465.13,100.5,7.9219
40466.14,101.5,7.9219
40467.14,100.5,7.9219
40468.15,101.8,7.9219
40469.15,99.5,7.9219
40470.16,100.5,7.9219
40471.16,101.5,7.9219
40472.17,101.5,7.9219
40473.17,100.5,7.9222
40474.18,101.5,7.9222
40475.18,101.5,7.9222
40476.19,100.5,7.9222
40477.19,100.7,7.9222
40478.19,99.5,7.9222
40479.2,101.5,7.9222
40480.2,100.5,7.9222
40481.21,100.5,7.9222
40482.21,100.5,7.9222
40483.22,99.5,7.9222
40484.23,101.5,7.9222
40485.23,100.5,7.9222
40486.24,100.5,7.9222
40487.24,99.5,7.9222
40488.25,100.5,7.9222
40489.25,101.5,7.9222
40490.26,100.5,7.9222
40491.26,100.5,7.9222
40492.27,101.5,7.9225
40493.27,99.5,7.9225
40494.28,102.5,7.9225
40495.28,100.5,7.9225
40496.29,100.5,7.9225
40497.29,99.5,7.9225
40498.3,101.5,7.9225
40499.3,100.7,7.9225
40500.31,100.5,7.9225
40501.31,100.5,7.9225
40502.32,100.5,7.9225
40503.32,100.5,7.9225
40504.33,101.5,7.9225
40505.33,101.5,7.9225
40506.34,101.5,7.9225
40507.34,100.5,7.9225
40508.35,99.5,7.9225
40509.35,100.5,7.9225
40510.36,101.5,7.9225
40511.36,101.5,7.9225
40512.37,99.5,7.9225
40513.37,100.5,7.9225
40514.38,101.5,7.9225
40515.38,112.4,7.9786
40516.39,102.5,7.9786
40517.39,100.5,7.9786
40518.4,100.5,7.9786
40519.4,100.5,7.9786
40520.41,101.6,7.9786
40521.41,100.5,7.9786
40522.42,100.5,7.9786
40523.42,99.5,7.9786
40524.43,101.5,7.9786
40525.44,99.5,7.9786
40526.44,100.5,7.9786
40527.45,101.5,7.9786
40528.45,101.5,7.9786
40529.45,100.6,7.9786
40530.46,102.5,7.9786
40531.46,101.5,7.9786
40532.47,101.5,7.9786
40533.48,101.5,7.9786
40534.48,101.5,7.9786
40535.49,100.5,7.9786
40536.49,101.5,7.9786
40537.5,99.5,7.9788
40538.5,100.5,7.9788
40539.51,100.5,7.9788
40540.51,100.5,7.9788
40541.52,99.5,7.9788
40542.52,102.5,7.9788
40543.53,100.5,7.9788
40544.53,99.5,7.9788
40545.54,100.5,7.9788
40546.54,100.5,7.9788
40547.55,100.5,7.9788
40548.55,100.5,7.9788
40549.56,102.5,7.9788
40550.56,100.5,7.9788
40551.57,100.5,7.9788
40552.57,99.5,7.9791
40553.58,100.5,7.9791
40554.58,101.5,7.9791
40555.59,100.5,7.9791
40556.59,100.5,7.9791
40557.6,100.5,7.9791
40558.6,101.5,7.9791
40559.61,100.5,7.9791
40560.61,101.5,7.9791
40561.62,100.5,7.9791
40562.62,101.5,7.9791
40563.63,101.5,7.9791
40564.64,99.5,7.9791
40565.64,101.5,7.9791
40566.65,99.5,7.9791
40567.65,100.5,7.9791
40568.66,101.5,7.9791
40569.66,100.5,7.9791
40570.67,99.5,7.9791
40571.67,100.5,7.9791
40572.68,101.5,7.9791
40573.68,102.5,7.9791
40574.69,99.5,7.9791
40575.69,101.5,7.9791
40576.7,100.6,7.9791
40577.7,100.5,7.9791
40578.71,101.5,7.9791
40579.71,99.5,7.9791
40580.72,100.5,7.9791
40581.72,101.5,7.9791
40582.73,99.5,7.9791
40583.73,100.5,7.9791
40584.74,101.5,7.9791
40585.74,101.5,7.9791
40586.75,100.5,7.9791
40587.75,100.6,7.9793
40588.76,101.5,7.9793
40589.76,100.5,7.9793
40590.77,101.5,7.9793
40591.77,99.6,7.9793
40592.78,100.5,7.9793
40593.78,101.7,7.9793
40594.79,101.5,7.9793
40595.79,101.5,7.9793
40596.8,100.5,7.9793
40597.8,100.5,7.9793
40598.81,99.5,7.9793
40599.81,101.5,7.9793
40600.82,100.5,7.9793
40601.82,100.5,7.9793
40602.83,101.5,7.9793
40603.83,101.5,7.9793
40604.84,101.5,7.9793
40605.84,100.5,7.9793
40606.85,100.5,7.9793
40607.85,100.5,7.9793
40608.86,100.5,7.9793
40609.86,100.5,7.9793
40610.87,101.5,7.9793
40611.87,99.5,7.9793
40612.88,101.5,7.9793
40613.88,99.5,7.9793
40614.89,100.6,7.9793
40615.89,102.5,7.9793
40616.9,101.5,7.9793
40617.9,99.5,7.9793
40618.91,101.5,7.9793
40619.91,99.5,7.9793
40620.92,100.5,7.9793
40621.93,100.5,7.9793
40622.93,101.5,7.9796
40623.94,99.5,7.9796
40624.94,101.5,7.9796
40625.95,100.5,7.9796
40626.95,100.5,7.9796
40627.96,101.5,7.9796
40628.96,100.5,7.9796
40629.97,100.5,7.9796
40630.97,99.5,7.9796
40631.98,101.5,7.9798
40632.98,100.5,7.9798
40633.99,100.5,7.9798
40634.99,100.5,7.9798
40636.0,100.5,7.9798
40637.0,101.5,7.9798
40638.01,100.5,7.9798
40639.01,102.5,7.9798
40640.02,99.5,7.9798
40641.02,102.5,7.9798
40642.03,100.5,7.9798
40643.03,101.5,7.9798
40644.04,100.5,7.9798
40645.04,100.5,7.9798
40646.05,99.5,7.9798
40647.05,100.5,7.9798
40648.06,100.6,7.9798
40649.06,101.5,7.9798
40650.07,101.5,7.9798
40651.07,100.5,7.9798
40652.08,100.5,7.9798
40653.08,102.5,7.9798
40654.09,100.5,7.9798
40655.09,99.5,7.9798
40656.1,100.5,7.9798
40657.1,100.5,7.9798
40658.11,102.5,7.9798
40659.11,100.5,7.9798
40660.12,101.5,7.9798
40661.12,100.5,7.9798
40662.13,110.4,7.9798
40663.13,100.5,7.9798
40664.14,101.5,7.9798
40665.15,100.5,7.9798
40666.15,100.5,7.9798
40667.16,102.5,7.9798
40668.16,99.6,7.9798
40669.16,100.5,7.9798
40670.17,100.5,7.9798
40671.18,100.5,7.9798
40672.18,99.7,7.9798
40673.18,101.5,7.9798
40674.19,99.7,7.9798
40675.19,1.0,2.824
40676.19,346.8,3.0461
40677.2,341.2,3.4239
40678.2,3.0,2.6906
40679.21,304.4,2.9021
40680.21,359.9,3.0268
40681.22,333.3,3.2655
40682.22,309.4,3.5174
40683.22,328.1,3.7834
40684.23,146.3,4.1263
40685.23,201.1,4.6157
40686.24,271.6,5.0951
40687.24,299.4,5.6158
40688.25,273.6,6.1562
40689.25,108.4,6.6659
40690.26,107.4,7.1858
40691.26,118.6,7.7127
40692.27,108.5,7.8919
40693.27,101.5,7.8822
40694.28,107.4,7.8822
40695.28,99.5,7.8822
40696.29,106.5,7.8822
40697.29,102.5,7.8822
40698.3,116.4,7.8822
40699.32,109.5,7.9129
40700.33,104.5,7.9845
40701.33,101.5,7.9845
40702.34,100.5,7.9845
40703.34,101.5,7.9845
40704.35,101.5,7.9845
40705.35,99.5,7.9845
40706.36,101.5,7.9845
40707.36,100.5,7.9845
40708.37,114.4,7.9854
40709.37,101.5,7.9854
40710.38,99.5,7.9854
40711.38,101.5,7.9854
40712.39,99.5,7.9854
40713.39,101.5,7.9854
40714.4,100.5,7.9854
40715.4,110.4,7.9855
40716.41,100.5,7.9855
40717.42,99.5,7.9855
40718.42,101.5,7.9855
40719.43,100.5,7.9855
40720.43,100.5,7.9855
40721.44,101.5,7.9855
40722.44,100.5,7.9855
40723.45,110.4,7.9856
40724.45,102.5,7.9856
40725.46,99.5,7.9856
40726.46,100.5,7.9856
40727.47,102.5,7.9859
40728.47,99.5,7.9859
40729.48,101.7,7.9859
40730.48,99.5,7.9859
40731.49,113.4,8.0409
40732.49,99.5,8.0409
40733.5,101.6,8.0409
40734.5,102.5,8.0409
40735.51,103.5,8.0409
40736.51,100.5,8.0409
40737.52,99.5,8.0409
40738.52,100.5,8.0409
40739.53,101.5,8.0687
40740.53,101.5,8.62
40741.54,99.5,9.1095
40742.54,122.4,9.5214
40743.55,100.5,9.5214
40744.55,100.5,9.5214
40745.56,101.5,9.5214
40746.56,99.5,9.5214
40747.57,102.5,9.5216
40748.57,99.5,9.5216
40749.58,100.5,9.5216
40750.58,99.6,9.5216
40751.59,101.5,9.5216
40752.59,101.5,9.5216
40753.6,99.5,9.5224
40754.6,101.5,9.5224
40755.61,100.5,9.5224
40756.62,99.5,9.5224
40757.62,102.5,9.5224
40758.63,100.5,9.5224
40759.63,100.5,9.5224
40760.64,103.5,9.5224
40761.64,100.5,9.5224
40762.65,102.5,9.5227
40763.65,115.4,9.5227
40764.66,100.5,9.5227
40765.66,100.5,9.5227
40766.67,100.5,9.5227
40767.67,101.5,9.5227
40768.68,100.5,9.5227
40769.68,100.5,9.5227
40770.69,100.5,9.5227
40771.69,100.5,9.5227
40772.7,101.5,9.5232
40773.7,102.5,9.5232
40774.71,100.5,9.5232
40775.71,109.5,9.5232
40776.72,104.5,9.5232
40777.72,100.5,9.5232
40778.73,100.5,9.5232
40779.73,101.5,9.5232
40780.74,99.5,9.5232
40781.74,103.5,9.5232
40782.75,99.5,9.5236
40783.75,100.5,9.5236
40784.76,101.5,9.5236
40785.76,99.5,9.5236
40786.77,100.6,9.5236
40787.77,101.5,9.5236
40788.78,102.5,9.5236
40789.79,100.5,9.5236
40790.79,100.5,9.5236
40791.8,101.5,9.5236
40792.8,101.5,9.5238
40793.81,100.6,9.5238
40794.81,100.5,9.5238
40795.82,100.5,9.5238
40796.82,100.5,9.5238
40797.83,101.5,9.5238
40798.83,99.5,9.5238
40799.84,100.5,9.5241
40800.84,101.5,9.5241
40801.85,99.5,9.5241
40802.85,101.6,9.5243
40803.86,101.5,9.5243
40804.86,101.5,9.5243
40805.87,99.5,9.5243
40806.87,101.5,9.5243
40807.88,100.5,9.5243
40808.88,99.6,9.5243
40809.89,101.5,9.5243
40810.89,99.5,9.5243
40811.9,102.5,9.5243
40812.9,100.5,9.5244
40813.91,102.5,9.5244
40814.91,99.5,9.5244
40815.92,99.6,9.5244
40816.92,102.5,9.5246
40817.93,100.5,9.5246
40818.93,100.5,9.5246
40819.94,100.5,9.5246
40820.94,99.5,9.5246
40821.95,102.5,9.5246
40822.95,101.5,9.5246
40823.96,100.5,9.5246
40824.96,101.5,9.5246
40825.97,100.5,9.5246
40826.97,101.6,9.5246
40827.98,100.5,9.5246
40828.98,99.5,9.5246
40829.99,100.5,9.5246
40830.99,100.5,9.5246
40832.0,100.5,9.5246
40833.01,101.5,9.5249
40834.01,100.5,9.5249
40835.02,102.5,9.5249
40836.02,99.5,9.5249
40837.03,100.6,9.5249
40838.03,100.5,9.5249
40839.04,102.5,9.525
40840.04,99.5,9.525
40841.05,101.6,9.525
40842.05,101.5,9.5251
40843.06,99.5,9.5254
40844.06,101.5,9.5254
40845.07,100.6,9.5254
40846.07,100.5,9.5254
40847.08,101.5,9.5254
40848.08,99.5,9.5254
40849.09,101.5,9.5254
40850.09,102.5,9.5254
40851.1,99.5,9.5254
40852.1,101.5,9.5254
40853.11,101.5,9.5254
40854.11,100.5,9.5254
40855.12,100.5,9.5254
40856.12,99.5,9.5254
40857.13,103.5,9.5254
40858.13,99.5,9.5254
40859.14,101.5,9.5254
40860.14,175.1,9.5254
40861.15,159.2,2.602
40862.15,1480.6,2.8781
40863.16,298.1,2.9875
40864.16,331.4,3.2393
40865.17,323.5,3.5761
40866.17,2.0,2.7401
40867.17,330.0,2.9169
40868.18,341.2,3.1715
40869.18,318.3,3.535
40870.19,323.0,3.8616
40871.19,145.3,4.1313
40872.2,116.4,4.3712
40873.2,114.4,4.5542
40874.21,105.4,4.6702
40875.21,101.5,4.7891
40876.22,131.3,4.8624
40877.22,108.4,4.9213
40878.23,101.5,4.9668
40879.23,100.5,5.0198
40880.24,101.5,5.0755
40881.24,113.4,5.1261
40882.25,101.5,5.1809
40883.25,101.5,5.2378
40884.26,104.5,5.2938
40885.26,101.5,5.3376
40886.27,100.5,5.395
40887.28,99.5,5.4453
40888.28,104.5,5.4903
40889.29,101.5,5.5687
40890.29,101.5,5.6059
40891.3,99.5,5.6579
40892.3,103.5,5.7148
40893.31,100.5,5.7714
40894.31,100.5,5.8281
40895.32,102.5,5.8773
40896.32,100.5,5.9329
40897.33,100.5,5.9718
40898.33,100.5,6.0143
40899.34,100.5,6.0587
40900.34,100.5,6.1067
40901.35,100.5,6.1526
40902.35,114.4,6.1988
40903.36,101.5,6.2435
40904.36,101.5,6.2794
40905.37,102.5,6.3211
40906.37,99.5,6.3556
40907.38,101.5,6.3974
40908.38,100.5,6.4392
40909.39,101.5,6.4817
40910.39,101.6,6.5254
40911.4,100.5,6.5574
40912.4,99.5,6.5992
40913.41,100.5,6.6343
40914.41,102.5,6.6719
40915.42,100.5,6.7141
40916.42,100.5,6.7545
40917.43,100.5,6.796
40918.43,102.5,6.8331
40919.44,100.5,6.8674
40920.45,101.5,6.906
40921.45,99.5,6.9429
40922.46,100.5,6.9846
40923.46,99.5,7.0269
40924.47,102.5,7.0639
40925.47,99.5,7.1053
40926.48,102.5,7.1503
40927.48,99.5,7.1876
40928.49,101.5,7.2228
40929.49,99.5,7.278
40930.5,100.4,7.3319
40931.5,101.5,7.3841
40932.51,101.5,7.4324
40933.51,100.5,7.4891
40934.52,99.5,7.5408
40935.52,123.4,7.6362
40936.53,101.5,7.6362
40937.53,100.5,7.6469
40938.54,100.5,7.6882
40939.54,100.5,7.6882
40940.55,100.6,7.711
40941.55,100.5,7.7745
40942.56,100.5,7.7882
40943.56,100.5,7.7882
40944.57,100.6,7.7882
40945.57,100.5,7.7882
40946.58,101.5,7.7882
40947.58,101.5,7.7882
40948.59,101.4,7.7882
40949.59,102.7,7.7882
40950.6,99.5,7.7882
40951.6,100.5,7.7882
40952.61,101.5,7.7882
40953.61,101.5,7.7882
40954.62,100.5,7.7882
40955.63,101.5,7.7882
40956.63,100.5,7.7882
40957.64,100.5,7.7885
40958.64,100.5,7.7885
40959.65,101.5,7.7885
40960.65,100.5,7.7885
40961.66,99.5,7.7885
40962.66,100.5,7.7885
40963.67,101.5,7.7885
40964.67,101.5,7.7885
40965.68,99.5,7.7885
40966.68,100.6,7.7885
40967.69,101.5,7.7885
40968.69,99.5,7.7885
40969.7,101.5,7.7885
40970.7,101.6,7.7885
40971.71,100.5,7.7885
40972.71,100.5,7.7885
40973.72,100.5,7.7885
40974.72,100.5,7.7885
40975.73,101.5,7.7885
40976.73,100.5,7.7885
40977.74,99.5,7.7885
40978.74,104.5,7.7885
40979.75,100.5,7.7885
40980.75,101.5,7.7885
40981.76,101.5,7.7885
40982.76,100.5,7.7885
40983.77,99.5,7.7885
40984.77,100.5,7.7885
40985.78,101.5,7.7885
40986.78,100.5,7.7885
40987.79,101.5,7.7885
40988.79,101.5,7.7885
40989.8,100.5,7.7885
40990.8,100.5,7.7885
40991.81,100.5,7.7885
40992.81,100.5,7.7887
40993.82,101.5,7.7887
40994.82,100.5,7.7887
40995.83,100.5,7.7887
40996.84,100.5,7.7887
40997.84,100.5,7.7887
40998.85,102.5,7.7887
40999.85,99.5,7.7887
41000.86,100.5,7.7887
41001.86,100.5,7.789
41002.87,100.5,7.789
41003.87,100.5,7.789
41004.88,99.5,7.789
41005.88,102.5,7.789
41006.89,100.5,7.789
41007.89,101.5,7.789
41008.9,99.5,7.789
41009.9,100.5,7.789
41010.91,100.5,7.789
41011.91,100.7,7.789
41012.92,100.5,7.789
41013.92,100.5,7.789
41014.93,102.5,7.789
41015.93,100.5,7.789
41016.94,100.5,7.789
41017.94,99.5,7.789
41018.95,101.5,7.789
41019.95,99.5,7.789
41020.96,101.5,7.789
41021.96,101.5,7.789
41022.97,100.5,7.789
41023.97,100.5,7.789
41024.98,100.5,7.789
41025.98,101.5,7.789
41026.99,116.4,7.789
41027.99,131.3,7.789
41029.0,101.5,7.789
41030.0,122.4,7.789
41031.01,101.5,7.789
41032.01,101.5,7.7891
41033.02,103.5,7.7891
41034.02,102.5,7.7891
41035.03,112.6,7.7891
41036.03,106.5,7.7891
41037.04,105.5,7.7891
41038.04,103.5,7.7891
41039.05,112.4,7.7891
41040.05,101.5,7.7891
41041.06,100.5,7.7891
41042.06,100.5,7.7891
41043.07,99.5,7.7891
41044.07,101.7,7.7891
41045.08,104.5,7.7891
41046.08,101.5,7.7891
41047.09,100.5,7.7893
41048.09,101.5,7.7893
41049.1,99.5,7.7893
41050.1,101.5,7.7893
41051.11,100.5,7.7893
41052.11,99.5,7.7893
41053.12,101.6,7.7893
41054.12,100.5,7.7893
41055.13,101.5,7.7893
41056.13,100.5,7.7893
41057.14,107.4,7.7893
41058.14,100.5,7.7893
41059.15,99.5,7.7893
41060.15,101.5,7.7893
41061.16,100.5,7.7893
41062.16,99.5,7.7893
41063.17,101.6,7.7896
41064.17,100.5,7.7896
41065.18,101.5,7.7896
41066.18,101.5,7.7896
41067.19,99.5,7.7896
41068.19,101.6,7.7896
41069.2,101.5,7.7896
41070.2,104.5,7.7896
41071.21,100.5,7.7896
41072.21,100.5,7.7896
41073.22,100.5,7.7896
41074.22,101.7,7.7896
41075.23,99.5,7.7896
41076.23,100.5,7.7896
41077.24,101.5,7.7896
41078.24,100.5,7.7896
41079.25,101.5,7.7896
41080.25,100.5,7.7896
41081.26,101.7,7.7896
41082.26,100.5,7.7896
41083.26,100.7,7.7896
41084.27,100.4,7.7896
41085.27,100.5,7.7896
41086.28,101.5,7.7896
41087.28,99.6,7.7896
41088.29,100.5,7.7896
41089.29,99.5,7.7896
41090.3,104.5,7.7896
41091.3,99.5,7.7896
41092.31,101.5,7.7898
41093.31,99.5,7.7898
41094.32,101.5,7.7898
41095.32,101.7,7.7898
41096.33,101.7,7.7898
41097.33,99.5,7.7898
41098.34,101.5,7.7898
41099.34,100.7,7.7898
41100.34,100.5,7.7898
41101.35,99.5,7.7898
41102.35,101.5,7.7898
41103.36,101.5,7.7898
41104.36,100.5,7.7898
41105.37,101.5,7.7898
41106.37,103.5,7.7898
41107.38,100.5,7.7898
41108.38,99.5,7.7898
41109.39,102.5,7.7898
41110.4,99.5,7.7898
41111.4,99.5,7.7898
41112.41,101.5,7.7898
41113.41,100.5,7.7898
41114.42,100.5,7.7898
41115.42,100.5,7.7898
41116.43,101.5,7.7898
41117.43,103.5,7.7898
41118.44,99.5,7.7898
41119.44,99.5,7.7898
41120.45,101.5,7.7898
41121.45,99.5,7.7898
41122.46,101.5,7.7898
41123.46,100.5,7.7898
41124.47,102.5,7.7898
41125.47,99.5,7.7898
41126.48,100.5,7.7898
41127.48,102.5,7.7898
41128.49,99.5,7.7898
41129.49,101.5,7.7898
41130.5,99.5,7.7898
41131.5,101.5,7.7898
41132.51,101.5,7.7898
41133.51,99.5,7.7898
41134.52,101.5,7.7898
41135.52,100.5,7.7898
41136.53,100.5,7.7898
41137.53,101.5,7.7898
41138.54,100.5,7.7898
41139.54,99.5,7.7898
41140.55,101.5,7.7898
41141.55,101.5,7.7898
41142.56,99.5,7.7903
41143.56,99.5,7.7903
41144.57,102.5,7.7903
41145.57,100.5,7.7903
41146.58,101.5,7.7903
41147.59,100.5,7.7903
41148.59,101.5,7.7903
41149.6,99.5,7.7903
41150.6,100.5,7.7903
41151.61,101.5,7.7903
41152.61,100.5,7.7903
41153.62,100.5,7.7903
41154.62,100.5,7.7903
41155.63,99.5,7.7903
41156.63,100.6,7.7903
41157.64,100.5,7.7903
41158.64,100.5,7.7903
41159.65,102.5,7.7903
41160.65,99.5,7.7903
41161.66,101.5,7.7903
41162.66,101.5,7.7903
41163.67,101.5,7.7903
41164.67,99.5,7.7903
41165.68,101.4,2.6255
41166.68,272.9,2.9013
41167.69,354.3,3.1479
41168.69,338.4,3.5273
41169.7,327.3,3.8334
41170.7,174.1,4.1227
41171.71,146.2,4.4704
41172.71,139.3,4.8506
41173.72,103.5,4.999
41174.72,101.5,5.0413
41175.73,99.5,5.0776
41176.73,101.5,5.1208
41177.73,99.8,5.1642
41178.74,101.5,5.208
41179.74,102.5,5.2501
41180.75,100.5,5.2861
41181.76,100.5,5.325
41182.76,100.5,5.3651
41183.77,100.5,5.4015
41184.77,101.3,5.4409
41185.78,101.5,5.4798
41186.78,99.5,5.525
41187.79,101.5,5.5642
41188.79,101.5,5.6019
41189.8,99.7,5.6348
41190.8,100.5,5.6729
41191.81,101.5,5.7103
41192.81,101.5,5.7464
41193.82,98.5,5.79
41194.82,114.4,5.8326
41195.83,103.6,5.8741
41196.83,100.5,5.915
41197.84,100.5,5.9583
41198.84,100.5,5.994
41199.85,100.5,6.0196
41200.85,100.5,6.0363
41201.86,100.5,6.0569
41202.86,100.5,6.0791
41203.87,100.5,6.1017
41204.87,99.5,6.1178
41205.88,101.5,6.1371
41206.88,100.5,6.1567
41207.89,99.5,6.1776
41208.89,100.5,6.1969
41209.9,103.5,6.2149
41210.9,100.5,6.2406
41211.91,99.5,6.2542
41212.91,101.6,6.2775
41213.92,98.6,6.2962
41214.92,101.5,6.313
41215.93,99.6,6.3382
41216.93,102.5,6.3553
41217.94,99.5,6.3767
41218.94,101.5,6.4039
41219.95,98.6,6.4252
41220.95,103.5,6.4491
41221.96,99.5,6.4728
41222.96,101.5,6.4924
41223.97,99.5,6.5045
41224.97,101.5,6.5225
41225.98,100.5,6.5432
41226.98,101.5,6.567
41227.99,100.5,6.5854
41228.99,99.5,6.6076
41230.0,101.5,6.624
41231.0,99.5,6.6428
41232.01,101.5,6.661
41233.01,101.5,6.6852
41234.02,101.5,6.7103
41235.02,101.5,6.7392
41236.03,101.5,6.7457
41237.03,99.5,6.7641
41238.04,101.5,6.7842
41239.04,99.5,6.8007
41240.05,102.5,6.8195
41241.05,101.5,6.8408
41242.06,100.5,6.8631
41243.06,100.5,6.8837
41244.07,101.5,6.9032
41245.07,100.5,6.9246
41246.08,100.6,6.9428
41247.08,101.6,6.9642
41248.09,100.5,6.985
41249.09,100.5,7.0096
41250.1,100.5,7.0271
41251.1,100.5,7.0438
41252.11,100.5,7.0653
41253.11,101.5,7.0879
41254.12,100.5,7.1138
41255.12,99.5,7.1174
41256.13,100.5,7.1359
41257.13,100.5,7.1529
41258.14,102.5,7.1649
41259.14,99.5,7.183
41260.15,100.5,7.2004
41261.15,101.5,7.2196
41262.16,100.5,7.2375
41263.16,99.5,7.2569
41264.17,99.5,7.2739
41265.17,101.5,7.2932
41266.18,100.5,7.3119
41267.18,101.5,7.3276
41268.19,99.6,7.3474
41269.19,101.5,7.3664
41270.2,99.5,7.3872
41271.2,101.5,7.4007
41272.21,99.5,7.4141
41273.21,101.5,7.4297
41274.22,100.5,7.4467
41275.22,102.5,7.4621
41276.23,99.5,7.4779
41277.23,100.5,7.4905
41278.24,99.5,7.5088
41279.24,102.5,7.5273
41280.25,101.5,7.5416
41281.26,99.5,7.5575
41282.26,104.4,7.5862
41283.27,117.4,7.6388
41284.27,99.5,7.6388
41285.28,101.5,7.6388
41286.28,99.6,7.6388
41287.29,101.6,7.6397
41288.29,100.5,7.6606
41289.3,102.5,7.6744
41290.3,98.5,7.6908
41291.31,100.5,7.6908
41292.31,100.5,7.6908
41293.32,101.5,7.691
41294.32,100.5,7.691
41295.33,100.5,7.7041
41296.33,100.5,7.7284
41297.34,99.5,7.7499
41298.34,101.5,7.7714
41299.35,99.5,7.791
41300.35,102.5,7.791
41301.36,99.5,7.791
41302.36,101.6,7.791
41303.37,100.5,7.791
41304.37,99.5,7.791
41305.38,101.5,7.791
41306.38,101.5,7.791
41307.39,100.5,7.791
41308.39,100.5,7.791
41309.4,101.5,7.791
41310.4,99.5,7.791
41311.41,101.5,7.791
41312.41,101.5,7.791
41313.42,98.5,7.791
41314.42,100.5,7.791
41315.43,102.5,7.791
41316.43,100.5,7.791
41317.44,99.5,7.791
41318.44,100.5,7.791
41319.45,100.5,7.791
41320.45,100.5,7.791
41321.46,100.5,7.791
41322.46,102.5,7.791
41323.47,101.5,7.791
41324.47,99.5,7.791
41325.48,102.5,7.791
41326.48,102.5,7.791
41327.49,102.5,7.7913
41328.49,100.5,7.7913
41329.5,100.5,7.7913
41330.5,100.5,7.7913
41331.51,100.5,7.7913
41332.51,99.5,7.7913
41333.52,101.5,7.7913
41334.52,101.5,7.7913
41335.53,100.5,7.7913
41336.53,100.5,7.7913
41337.54,100.5,7.7913
41338.55,100.5,7.7913
41339.55,101.5,7.7913
41340.56,100.5,7.7913
41341.56,99.5,7.7913
41342.57,101.6,7.7913
41343.57,101.5,7.7913
41344.57,100.6,7.7913
41345.58,99.5,7.7913
41346.59,100.5,7.7913
41347.59,100.5,7.7913
41348.6,100.3,7.7913
41349.6,101.5,7.7913
41350.61,99.5,7.7913
41351.61,101.5,7.7913
41352.62,100.5,7.7913
41353.62,101.5,7.7913
41354.63,99.5,7.7913
41355.63,101.5,7.7913
41356.64,100.5,7.7913
41357.64,101.5,7.7913
41358.65,99.5,7.7913
41359.65,102.5,7.7913
41360.66,99.5,7.7913
41361.66,99.5,7.7913
41362.67,101.5,7.7915
41363.67,100.5,7.7915
41364.68,101.5,7.7915
41365.68,100.6,7.7915
41366.69,100.5,7.7915
41367.69,99.5,7.7915
41368.7,99.5,7.7915
41369.7,101.5,7.7915
41370.71,101.5,7.7915
41371.71,100.5,7.7915
41372.72,101.5,7.7918
41373.72,100.5,7.7918
41374.73,100.6,7.7918
41375.73,102.5,7.7918
41376.74,99.5,7.7918
41377.74,101.5,7.7918
41378.75,100.6,7.7918
41379.76,99.4,7.7918
41380.76,102.5,7.7918
41381.77,99.5,7.7918
41382.77,101.5,7.7918
41383.78,99.5,7.7918
41384.78,99.5,7.7918
41385.79,100.6,7.7918
41386.79,101.5,7.7918
41387.8,101.5,7.7918
41388.8,99.5,7.7918
41389.81,100.5,7.7918
41390.81,102.5,7.7918
41391.81,100.6,7.7918
41392.82,99.5,7.7918
41393.82,101.5,7.7918
41394.83,99.5,7.7918
41395.83,101.5,7.7918
41396.84,101.5,7.7918
41397.85,99.5,7.7918
41398.85,100.5,7.7918
41399.86,102.5,7.7918
41400.86,99.5,7.7918
41401.87,100.5,7.7918
41402.87,101.5,7.7918
41403.88,99.5,7.7918
41404.88,100.5,7.7918
41405.89,100.5,7.7918
41406.89,101.5,7.7918
41407.9,100.5,7.7918
41408.9,100.5,7.7918
41409.91,101.5,7.7918
41410.91,99.5,7.7918
41411.92,102.5,7.7918
41412.92,100.5,7.7918
41413.93,99.5,7.7918
41414.93,101.5,7.7918
41415.94,100.5,7.7918
41416.94,100.6,7.792
41417.95,100.5,7.792
41418.95,99.5,7.792
41419.96,101.5,7.792
41420.96,100.5,7.792
41421.97,99.4,7.792
41422.97,101.5,7.792
41423.98,101.5,7.792
41424.98,99.5,7.792
41425.99,101.5,7.792
41426.99,99.7,7.792
41428.0,102.5,7.792
41429.0,99.5,7.792
41430.01,100.5,7.792
41431.01,102.5,7.792
41432.02,100.5,7.792
41433.02,100.5,7.792
41434.03,101.5,7.792
41435.03,99.5,7.792
41436.04,100.5,7.792
41437.04,102.5,7.792
41438.05,99.5,7.792
41439.05,103.6,7.792
41440.06,100.5,7.792
41441.06,102.5,7.792
41442.07,99.5,7.792
41443.07,100.5,7.7923
41444.08,100.5,7.7923
41445.08,100.6,7.7923
41446.09,101.5,7.7923
41447.09,100.5,7.7923
41448.1,100.5,7.7923
41449.1,101.5,7.7923
41450.11,100.5,7.7923
41451.11,100.5,7.7923
41452.12,101.5,7.7923
41453.12,101.5,7.7923
41454.13,100.5,7.7923
41455.13,100.5,7.7923
41456.14,100.5,7.7923
41457.14,101.5,7.7923
41458.15,101.5,7.7923
41459.15,102.5,7.7923
41460.16,100.5,7.7923
41461.16,100.5,7.7923
41462.17,99.5,7.7925
41463.17,101.5,7.7925
41464.18,100.5,7.7925
41465.18,100.5,7.7925
41466.19,101.7,2.7414
41467.19,347.0,2.9339
41468.19,355.2,3.1869
41469.2,330.3,3.549
41470.2,332.7,3.9595
41471.21,146.3,4.4187
41472.21,148.4,4.9159
41473.22,111.5,5.4104
41474.22,119.4,5.9158
41475.23,100.5,6.4305
41476.23,102.5,6.954
41477.24,104.5,7.4764
41478.24,120.4,7.7008
41479.25,100.5,7.8008
41480.25,101.5,7.8008
41481.26,100.5,7.8008
41482.26,103.5,7.8008
41483.27,100.5,7.8008
41484.27,101.5,7.8008
41485.28,102.5,7.8008
41486.28,99.5,7.8008
41487.29,113.5,7.9054
41488.29,101.5,7.9054
41489.3,104.5,7.9054
41490.3,103.5,7.9054
41491.31,100.5,7.9056
41492.32,104.5,7.9056
41493.32,101.5,7.9056
41494.33,107.5,7.9056
41495.33,101.5,7.9056
41496.34,115.4,7.9063
41497.34,99.5,7.9063
41498.35,109.5,7.9063
41499.35,101.5,7.9063
41500.36,101.5,7.9063
41501.36,99.5,7.9063
41502.37,100.5,7.9063
41503.37,103.5,7.9063
41504.38,110.4,7.908
41505.38,101.5,7.908
41506.39,101.5,7.908
41507.39,99.5,7.908
41508.4,101.5,7.908
41509.4,100.5,7.908
41510.41,100.5,7.908
41511.41,100.5,7.908
41512.42,100.5,7.9083
41513.42,112.4,7.9089
41514.43,101.5,7.9089
41515.43,101.5,7.9089
41516.44,100.5,7.9089
41517.44,100.5,7.9089
41518.45,100.5,7.9089
41519.45,100.5,7.9089
41520.46,114.4,7.9681
41521.46,100.5,7.9681
41522.47,100.5,7.9681
41523.47,106.5,7.9681
41524.48,99.5,7.9681
41525.49,100.5,7.9681
41526.49,100.5,7.9681
41527.5,101.5,7.9681
41528.5,100.5,7.9681
41529.51,102.5,8.1002
41530.51,101.5,8.6095
41531.52,99.5,9.0613
41532.52,123.4,9.4483
41533.53,100.5,9.4483
41534.53,100.5,9.4483
41535.54,101.6,9.4483
41536.54,101.5,9.4483
41537.55,104.5,9.4483
41538.55,100.5,9.4483
41539.56,102.5,9.4483
41540.56,99.5,9.4483
41541.57,100.5,9.4483
41542.57,100.5,9.4483
41543.58,101.5,9.4483
41544.58,102.5,9.4528
41545.59,100.5,9.4528
41546.59,100.5,9.4528
41547.6,100.6,9.4528
41548.6,101.5,9.4528
41549.61,101.5,9.4528
41550.61,99.5,9.4528
41551.62,101.5,9.4528
41552.62,102.5,9.4528
41553.63,99.5,9.4528
41554.63,99.5,9.4528
41555.64,102.5,9.4539
41556.64,100.5,9.4539
41557.65,101.5,9.4541
41558.65,101.5,9.4541
41559.66,99.5,9.4541
41560.66,99.5,9.4541
41561.67,102.5,9.4541
41562.67,101.5,9.4541
41563.68,102.5,9.4541
41564.69,99.5,9.4541
41565.69,100.6,9.4541
41566.69,102.5,9.4568
41567.7,100.5,9.4568
41568.7,99.5,9.4568
41569.71,101.5,9.4568
41570.72,100.5,9.4568
41571.72,100.5,9.4568
41572.73,101.5,9.4568
41573.73,99.5,9.4568
41574.74,100.5,9.4568
41575.74,102.5,9.4568
41576.75,100.5,9.4568
41577.75,102.5,9.4587
41578.76,101.5,9.4587
41579.76,100.6,9.4587
41580.77,101.5,9.4587
41581.77,100.5,9.4587
41582.78,100.5,9.4587
41583.78,100.6,9.4587
41584.79,101.5,9.4587
41585.79,100.5,9.4587
41586.8,99.5,9.4587
41587.8,102.5,9.4596
41588.81,101.5,9.4596
41589.81,100.5,9.4596
41590.82,101.5,9.4596
41591.82,100.5,9.4596
41592.83,100.5,9.4598
41593.83,100.5,9.4598
41594.84,101.5,9.4598
41595.84,100.5,9.4598
41596.85,100.5,9.4598
41597.85,102.6,9.4608
41598.86,99.5,9.4608
41599.86,103.5,9.4608
41600.87,99.7,9.4608
41601.87,99.5,9.461
41602.88,101.5,9.461
41603.88,101.5,9.461
41604.89,100.5,9.461
41605.89,100.5,9.461
41606.9,101.5,9.461
41607.9,101.5,9.461
41608.91,100.5,9.461
41609.91,100.5,9.462
41610.92,101.5,9.462
41611.92,100.5,9.462
41612.93,100.5,9.462
41613.93,100.5,9.462
41614.94,101.5,9.462
41615.94,99.5,9.462
41616.95,100.5,9.462
41617.95,105.5,9.462
41618.96,101.5,9.462
41619.96,100.5,9.4629
41620.97,101.5,9.4629
41621.98,101.5,9.4629
41622.98,99.5,9.4629
41623.99,101.5,9.4629
41624.99,101.5,9.4629
41626.0,99.5,9.4629
41627.0,100.5,9.4629
41628.01,101.5,9.4629
41629.01,101.5,9.4629
41630.02,100.5,9.4629
41631.02,101.5,9.4629
41632.03,101.5,9.4645
41633.03,99.5,9.4645
41634.04,101.5,9.4645
41635.04,99.5,9.4645
41636.05,101.5,9.4645
41637.05,100.5,9.4645
41638.06,100.5,9.4645
41639.06,101.5,9.4645
41640.07,100.5,9.4645
41641.07,100.5,9.4645
41642.08,101.5,9.4645
41643.08,100.5,9.4651
41644.09,101.5,9.4651
41645.09,102.5,9.4651
41646.1,99.5,9.4651
41647.1,100.5,9.4651
41648.11,100.5,9.4651
41649.11,100.5,9.4651
41650.12,101.5,9.4651
41651.12,99.5,9.4651
41652.13,99.6,9.4653
41653.13,102.5,9.4653
41654.14,101.5,9.4672
41655.15,101.5,9.4672
41656.15,100.5,9.4672
41657.16,101.5,9.4672
41658.16,101.5,9.4672
41659.17,101.5,9.4672
41660.17,99.5,9.4672
41661.18,102.5,9.4672
41662.18,106.4,9.4672
41663.19,101.5,9.4675
41664.19,100.5,9.4688
41665.2,100.5,9.4688
41666.2,101.6,9.4688
41667.21,99.6,9.4688
41668.21,102.6,9.4688
41669.21,100.5,9.4688
41670.22,100.5,9.4688
41671.23,100.5,9.4688
41672.23,101.5,9.4688
41673.24,102.5,9.4688
41674.24,99.5,9.4688
41675.25,101.6,9.4696
41676.25,100.5,9.4696
41677.26,101.5,9.4696
41678.26,99.5,9.4696
41679.27,101.5,9.4696
41680.27,99.5,9.4696
41681.28,100.5,9.4696
41682.28,102.5,9.4696
41683.29,100.5,9.4696
41684.29,101.5,9.4696
41685.3,99.5,9.4696
41686.3,102.5,9.4703
41687.31,100.5,9.4703
41688.31,100.5,9.4703
41689.32,101.6,9.4706
41690.32,101.5,9.4706
41691.33,99.5,9.4706
41692.33,101.5,9.4706
41693.34,101.5,9.4706
41694.34,100.5,9.4706
41695.35,99.5,9.4706
41696.35,100.6,9.4706
41697.36,100.5,9.4708
41698.36,102.5,9.4717
41699.37,100.5,9.4717
41700.37,99.5,9.4717
41701.38,102.5,9.4717
41702.38,102.5,9.4717
41703.39,100.5,9.4717
41704.4,100.5,9.4717
41705.4,98.5,9.4717
41706.41,102.5,9.4717
41707.41,99.7,9.4717
41708.41,100.5,9.4717
41709.42,102.5,9.4726
41710.42,101.5,9.4726
41711.43,100.5,9.4726
41712.43,101.5,9.4726
41713.44,99.5,9.4726
41714.45,100.5,9.4726
41715.45,101.5,9.4726
41716.46,99.5,9.4726
41717.46,101.5,9.4726
41718.47,100.5,9.4726
41719.47,100.5,9.4726
41720.48,102.5,9.4734
41721.48,101.5,9.4734
41722.49,100.5,9.4734
41723.49,100.5,9.4734
41724.5,101.5,9.4734
41725.5,155.2,9.4795
41726.51,102.5,9.473
41727.51,101.5,9.473
41728.52,100.5,9.473
41729.52,100.5,9.473
41730.53,101.5,9.473
41731.53,99.6,9.473
41732.54,100.5,9.473
41733.54,100.7,9.473
41734.55,99.6,9.473
41735.55,101.5,9.473
41736.56,104.4,9.473
41737.56,99.5,9.473
41738.57,102.5,9.473
41739.57,102.5,9.473
41740.58,99.5,9.473
41741.58,101.5,9.473
41742.59,101.5,9.4735
41743.59,100.5,9.4735
41744.6,99.5,9.4735
41745.6,101.5,9.4735
41746.61,99.5,9.4735
41747.61,101.5,9.4735
41748.62,101.5,9.4735
41749.62,99.7,9.4735
41750.63,101.5,9.4735
41751.63,100.7,9.4735
41752.63,101.5,9.4735
41753.64,100.5,9.4735
41754.64,101.5,9.4735
41755.65,101.5,9.4735
41756.65,99.5,9.4735
41757.66,101.5,9.4735
41758.66,100.5,9.4735
41759.67,100.5,9.4735
41760.67,102.5,9.4735
41761.68,100.5,9.4735
41762.69,100.5,9.4735
41763.69,101.5,9.4735
41764.7,100.5,9.4735
41765.7,1297.4,2.6281
41766.71,256.6,2.8753
41767.71,355.9,3.0134
41768.72,332.3,3.315
41769.72,321.3,3.6128
41770.73,273.7,4.0247
41771.73,139.3,4.4757
41772.74,137.3,4.9513
41773.74,112.4,5.4472
41774.75,113.4,5.9382
41775.75,101.5,6.4276
41776.76,106.4,6.9142
41777.76,101.4,7.3906
41778.77,119.3,7.7109
41779.77,100.5,7.7109
41780.78,101.5,7.8112
41781.78,104.5,7.8112
41782.79,102.5,7.8112
41783.79,101.5,7.8112
41784.8,101.5,7.8112
41785.8,101.5,7.8112
41786.81,101.5,7.8112
41787.82,113.4,7.8662
41788.82,99.5,7.9139
41789.83,102.5,7.9139
41790.83,100.5,7.9139
41791.84,101.5,7.9139
41792.84,100.5,7.9141
41793.85,101.5,7.9141
41794.85,100.5,7.9141
41795.86,100.5,7.9141
41796.86,101.6,7.9141
41797.87,113.4,7.915
41798.87,106.5,7.9151
41799.87,101.7,7.9151
41800.88,100.8,7.9151
41801.88,118.4,7.9151
41802.89,101.5,7.9151
41803.89,99.5,7.9151
41804.9,100.5,7.9151
41805.9,111.5,7.9151
41806.91,100.5,7.9151
41807.91,100.5,7.9151
41808.92,100.5,7.9151
41809.92,100.6,7.9151
41810.93,100.6,7.9151
41811.93,101.5,7.9151
41812.94,100.5,7.9154
41813.94,110.4,7.9155
41814.95,101.5,7.9155
41815.95,100.5,7.9155
41816.96,100.5,7.9155
41817.96,102.5,7.9155
41818.97,99.5,7.9155
41819.97,100.5,7.9155
41820.98,100.5,7.9155
41821.98,101.5,7.9155
41822.99,113.4,7.97
41823.99,100.5,7.97
41825.0,100.5,7.97
41826.0,99.4,7.97
41827.01,101.5,7.97
41828.02,100.5,7.97
41829.02,101.3,7.97
41830.03,100.5,7.97
41831.03,103.5,8.1352
41832.04,99.5,8.6172
41833.04,101.5,9.062
41834.05,121.4,9.451
41835.05,100.5,9.451
41836.06,100.5,9.4512
41837.06,100.5,9.4514
41838.07,100.5,9.4514
41839.07,100.5,9.4514
41840.08,100.5,9.4514
41841.09,100.5,9.4514
41842.09,101.5,9.4514
41843.1,99.5,9.4514
41844.1,103.5,9.4514
41845.11,100.5,9.4518
41846.11,103.5,9.4518
41847.12,100.5,9.4518
41848.12,99.5,9.4518
41849.13,102.5,9.4518
41850.13,99.5,9.4518
41851.14,100.5,9.4518
41852.14,101.5,9.4518
41853.15,99.5,9.4518
41854.15,100.5,9.4518
41855.16,100.5,9.4518
41856.16,100.5,9.4519
41857.17,100.5,9.4519
41858.17,102.5,9.4519
41859.18,101.5,9.4519
41860.18,100.5,9.4519
41861.19,99.5,9.4519
41862.19,102.5,9.4519
41863.2,99.5,9.4519
41864.2,100.5,9.4519
41865.21,99.5,9.4519
41866.21,103.5,9.4519
41867.22,99.5,9.4523
41868.22,101.5,9.4523
41869.23,99.6,9.4523
41870.23,100.5,9.4523
41871.24,100.5,9.4523
41872.24,100.5,9.4523
41873.25,100.5,9.4523
41874.25,100.5,9.4523
41875.26,99.5,9.4523
41876.27,101.5,9.4523
41877.27,102.5,9.4523
41878.28,100.5,9.4527
41879.28,101.5,9.4527
41880.29,100.5,9.4527
41881.29,100.5,9.4527
41882.3,100.5,9.4529
41883.3,102.5,9.4529
41884.31,99.5,9.4529
41885.31,99.5,9.4529
41886.32,101.5,9.4529
41887.32,100.5,9.4529
41888.33,101.5,9.4531
41889.33,100.5,9.4531
41890.34,101.5,9.4531
41891.34,100.5,9.4531
41892.35,101.5,9.4531
41893.35,101.5,9.4534
41894.36,99.5,9.4534
41895.36,100.5,9.4534
41896.37,100.5,9.4534
41897.38,99.5,9.4534
41898.38,101.5,9.4534
41899.39,99.5,9.4534
41900.39,101.5,9.4537
41901.4,100.5,9.4537
41902.4,100.5,9.4537
41903.41,101.6,9.4537
41904.41,100.5,9.4537
41905.42,101.5,9.4537
41906.42,101.5,9.4537
41907.43,99.6,9.4537
41908.43,101.5,9.4537
41909.44,100.5,9.4537
41910.44,100.5,9.4537
41911.45,101.6,9.4537
41912.45,99.5,9.4537
41913.46,101.5,9.4537
41914.46,99.5,9.4537
41915.47,102.5,9.4537
41916.47,101.5,9.4537
41917.48,100.5,9.4537
41918.48,100.6,9.4537
41919.49,101.5,9.4537
41920.49,100.6,9.4537
41921.5,100.5,9.4538
41922.5,143.3,9.4538
41923.51,100.6,9.4538
41924.51,101.5,9.4538
41925.52,100.5,9.4538
41926.52,100.5,9.4538
41927.53,101.6,9.454
41928.53,100.5,9.454
41929.54,101.5,9.454
41930.54,99.5,9.454
41931.55,101.6,9.454
41932.55,100.5,9.454
41933.56,99.5,9.454
41934.56,103.5,9.454
41935.57,99.5,9.454
41936.57,99.5,9.454
41937.58,100.5,9.454
41938.58,101.5,9.454
41939.59,100.5,9.454
41940.59,100.5,9.454
41941.6,99.5,9.454
41942.6,102.5,9.454
41943.61,104.5,9.454
41944.61,99.5,9.454
41945.62,101.5,9.454
41946.62,99.5,9.454
41947.63,104.5,9.454
41948.63,99.5,9.454
41949.64,101.5,9.454
41950.64,101.5,9.454
41951.65,101.5,9.454
41952.65,100.5,9.454
41953.66,101.5,9.454
41954.66,100.5,9.454
41955.67,101.5,9.454
41956.67,99.6,9.454
41957.68,102.5,9.454
41958.68,99.5,9.454
41959.69,101.5,9.454
41960.69,100.5,9.454
41961.7,99.5,9.454
41962.7,101.5,9.4543
41963.71,101.5,9.4543
41964.71,100.5,9.4543
41965.72,100.5,9.4543
41966.73,100.5,9.4543
41967.73,101.5,9.4543
41968.74,101.5,9.4543
41969.74,99.5,9.4543
41970.75,100.5,9.4543
41971.75,101.5,9.4543
41972.76,100.5,9.4545
41973.76,100.5,9.4545
41974.77,101.5,9.4545
41975.77,101.5,9.4545
41976.78,99.5,9.4545
41977.78,100.5,9.4545
41978.79,100.5,9.4545
41979.79,100.5,9.4545
41980.8,103.6,9.4545
41981.8,100.5,9.4545
41982.81,100.5,9.4545
41983.81,99.5,9.4545
41984.82,101.5,9.4545
41985.82,100.6,9.4545
41986.83,99.5,9.4545
41987.83,100.5,9.4545
41988.84,101.5,9.4545
41989.84,100.5,9.4545
41990.85,100.5,9.4545
41991.85,101.5,9.4545
41992.86,101.5,9.4545
41993.86,100.5,9.4545
41994.87,100.5,9.4545
41995.87,100.5,9.4545
41996.88,101.5,9.4545
41997.88,100.5,9.4545
41998.89,100.5,9.4545
41999.89,100.5,9.4545
42000.9,102.5,9.4545
42001.9,99.5,9.4545
42002.91,100.5,9.4545
42003.91,100.5,9.4545
42004.92,100.5,9.4545
42005.92,101.5,9.4545
42006.93,101.5,9.4545
42007.93,100.5,9.4545
42008.94,100.5,9.4545
42009.95,100.5,9.4545
42010.95,101.5,9.4545
42011.96,102.5,9.4545
42012.96,99.5,9.4545
42013.97,99.5,9.4545
42014.97,102.5,9.4545
42015.98,99.5,9.4545
42016.98,101.5,9.4545
42017.99,99.6,9.4545
42018.99,101.5,9.4545
42020.0,100.5,9.4545
42021.0,100.5,9.4545
42022.01,100.5,9.4548
42023.01,101.5,9.4548
42024.02,101.5,9.4548
42025.02,99.5,9.4548
42026.03,101.5,9.4548
42027.03,100.5,9.4548
42028.04,99.5,9.4548
42029.04,101.5,9.4548
42030.05,99.5,9.4548
42031.05,100.5,9.4548
42032.06,100.5,9.4548
42033.06,100.5,9.4548
42034.07,100.5,9.4548
42035.07,102.5,9.4548
42036.08,99.5,9.4548
42037.08,102.5,9.4548
42038.09,99.5,9.4548
42039.09,100.6,9.4548
42040.1,103.5,9.4548
42041.1,99.5,9.4548
42042.11,100.5,9.4548
42043.11,99.6,9.4551
42044.12,102.5,9.4551
42045.12,99.5,9.4551
42046.13,100.5,9.4551
42047.13,100.5,9.4551
42048.14,100.5,9.4551
42049.14,100.5,9.4551
42050.15,100.5,9.4551
42051.16,100.5,9.4551
42052.16,99.5,9.4551
42053.17,102.5,9.4551
42054.17,100.5,9.4551
42055.18,100.5,9.4551
42056.18,99.5,9.4551
42057.19,100.6,9.4551
42058.19,101.5,9.4551
42059.2,100.5,9.4551
42060.2,100.5,9.4551
42061.21,101.5,9.4551
42062.21,101.5,9.4551
42063.22,99.5,9.4551
42064.22,101.5,9.4551
42065.23,100.5,9.4551
42066.23,100.7,2.7472
42067.23,322.9,2.9332
42068.24,350.2,3.1787
42069.24,320.4,3.5222
42070.25,0.0,2.7193
42071.25,317.7,2.9248
42072.25,344.7,3.1333
42073.26,323.3,3.4806
42074.26,2.0,2.6256
42075.27,308.2,2.933
42076.27,371.7,3.2015
42077.27,327.0,3.5794
42078.27,5.0,2.7426
42079.28,294.2,2.9004
42080.28,2.0,2.8561
42081.28,349.0,3.0263
42082.29,3.0,2.9227
42083.29,349.2,3.1533
42084.3,325.4,3.5015
42085.3,3.0,2.7132
42086.31,309.4,2.9502
42087.31,331.9,3.0898
42088.32,335.3,3.3697
42089.32,314.5,3.6762
42090.32,2.0,2.8973
42091.33,364.3,3.1166
42092.33,344.2,3.3743
42093.33,320.7,3.6742
42094.34,11.0,2.8921
42095.34,357.0,3.1351
42096.34,344.2,3.4294
42097.35,326.1,3.7323
42098.35,3.0,2.8996
42099.35,352.9,3.1107
42100.36,327.4,3.3415
42101.36,315.4,3.5823
42102.37,313.8,3.8167
42103.37,0.0,2.7747
42104.38,317.4,3.0363
42105.38,352.0,3.1947
42106.38,321.3,3.4193
42107.39,307.4,3.6455
42108.39,1.0,2.7539
42109.39,334.1,2.9945
42110.4,348.2,3.1875
42111.4,330.2,3.4133
42112.41,314.5,3.639
42113.41,280.1,3.7719
42114.42,1.0,2.8602
42115.42,315.4,3.1575
42116.42,360.9,3.2943
42117.43,335.3,3.5135
42118.43,320.6,3.7508
42119.44,313.3,4.1009
42120.44,316.9,4.5052
42121.45,307.4,4.9164
42122.45,303.4,2.6268
42123.46,1.0,2.9017
42124.46,338.2,3.2384
42125.47,258.8,3.8793
42126.47,337.3,4.146
42127.48,248.7,4.2554
42128.48,129.3,4.3136
42129.49,121.5,4.3706
42130.49,103.5,4.4159
42131.5,113.4,4.4542
42132.5,100.5,4.485
42133.51,105.5,4.5133
42134.51,102.5,4.5413
42135.52,99.5,4.5668
42136.52,101.5,4.5881
42137.53,100.5,4.6099
42138.53,102.5,4.6305
42139.54,115.4,4.6509
42140.54,99.5,4.6697
42141.55,101.5,4.6874
42142.55,103.5,4.7055
42143.56,101.5,4.7238
42144.56,101.5,4.7414
42145.57,101.5,4.7579
42146.57,100.6,4.777
42147.58,102.5,4.7956
42148.58,99.5,4.8121
42149.59,102.5,4.8295
42150.59,100.5,4.8458
42151.6,101.5,4.8626
42152.6,100.5,4.8771
42153.61,101.5,4.8917
42154.62,100.5,4.9051
42155.62,100.5,4.9197
42156.63,100.5,4.9326
42157.63,101.5,4.946
42158.64,101.5,4.9599
42159.64,100.5,4.972
42160.65,99.5,4.985
42161.65,100.5,4.9952
42162.66,100.5,5.0072
42163.66,101.3,5.0192
42164.67,100.5,5.0308
42165.67,100.5,5.042
42166.68,99.5,5.0528
42167.69,101.5,5.0623
42168.69,101.5,5.0724
42169.7,109.4,5.0835
42170.7,106.4,5.0915
42171.71,101.5,5.1023
42172.71,99.5,5.1136
42173.72,101.5,5.1235
42174.72,100.5,5.1344
42175.73,99.5,5.145
42176.73,101.5,5.1538
42177.74,99.5,5.1638
42178.74,100.5,5.1746
42179.75,100.5,5.1842
42180.75,101.3,5.1924
42181.76,100.6,5.2005
42182.76,100.5,5.2084
42183.77,100.5,5.2175
42184.77,100.5,5.2264
42185.78,102.4,5.2337
42186.79,100.5,5.2411
42187.79,100.5,5.2493
42188.8,100.5,5.2579
42189.8,99.5,5.2657
42190.81,101.5,5.2734
42191.81,100.5,5.2818
42192.82,99.5,5.2897
42193.82,102.6,5.2971
42194.83,100.5,5.3056
42195.83,100.5,5.3134
42196.84,100.5,5.3205
42197.84,101.6,5.3268
42198.85,99.5,5.3345
42199.85,99.5,5.3422
42200.86,101.5,5.3499
42201.86,100.6,5.3573
42202.87,100.5,5.3647
42203.87,100.5,5.3713
42204.88,101.5,5.3781
42205.88,101.5,5.3854
42206.89,98.5,5.3937
42207.89,101.5,5.4007
42208.9,100.5,5.4077
42209.9,100.5,5.4155
42210.91,101.2,5.4232
42211.92,101.6,5.4308
42212.92,99.6,5.4378
42213.92,101.5,5.4451
42214.93,99.6,5.4516
42215.93,100.5,5.4578
42216.94,101.5,5.4646
42217.94,99.5,5.4714
42218.95,102.5,5.4783
42219.96,100.5,5.4858
42220.96,101.2,5.4932
42221.97,100.5,5.5007
42222.97,100.5,5.5071
42223.98,100.5,5.5146
42224.98,100.5,5.5212
42225.99,100.5,5.5265
42226.99,100.4,5.5333
42228.0,101.5,5.5402
42229.01,102.5,5.5467
42230.01,99.5,5.5535
42231.02,99.5,5.5608
42232.02,101.5,5.5671
42233.03,101.5,5.5738
42234.03,99.5,5.581
42235.04,100.5,5.5874
42236.04,100.6,5.5923
42237.05,100.5,5.5988
42238.05,103.5,5.6051
42239.06,110.5,5.6111
42240.06,100.5,5.6181
42241.07,101.2,5.6246
42242.07,100.5,5.6308
42243.08,100.5,5.6371
42244.09,99.5,5.6438
42245.09,101.6,5.6501
42246.1,101.4,5.6564
42247.1,99.5,5.6629
42248.11,101.5,5.6702
42249.11,99.5,5.6768
42250.12,101.5,5.6815
42251.12,102.5,5.6877
42252.13,101.5,5.6949
42253.13,100.5,5.7016
42254.14,99.5,5.7088
42255.14,100.5,5.7153
42256.15,101.5,5.7216
42257.15,100.5,5.7284
42258.16,103.5,5.7353
42259.16,100.5,5.7421
42260.17,100.5,5.7481
42261.17,100.5,5.7546
42262.18,100.4,5.7609
42263.18,100.5,5.7679
42264.19,101.5,5.7747
42265.2,100.5,5.779
42266.2,100.6,5.785
42267.2,99.5,5.7916
42268.21,99.5,5.7972
42269.21,102.5,5.8027
42270.22,101.5,5.8083
42271.22,100.5,5.8139
42272.23,99.6,5.8203
42273.23,101.5,5.8256
42274.24,101.5,5.8311
42275.24,99.5,5.8366
42276.25,101.3,5.8418
42277.26,100.5,5.8481
42278.26,101.6,5.8536
42279.27,99.5,5.8583
42280.27,102.5,5.8629
42281.28,99.3,5.8687
42282.28,100.5,5.8744
42283.29,100.5,5.8794
42284.29,100.5,5.8854
42285.3,100.5,5.8904
42286.3,101.4,5.8946
42287.31,100.5,5.899
42288.31,100.5,5.9043
42289.32,101.5,5.9093
42290.33,100.5,5.9145
42291.33,101.5,5.9192
42292.34,101.5,5.9238
42293.34,99.5,5.9287
42294.35,101.5,5.9345
42295.35,99.5,5.94
42296.36,100.4,5.9445
42297.36,99.5,5.9499
42298.37,102.5,5.9549
42299.37,100.5,5.9599
42300.38,100.5,5.9655
42301.38,100.5,5.9707
42302.39,100.5,5.9752
42303.39,100.5,5.9798
42304.4,100.5,5.9846
42305.41,101.5,5.9898
42306.41,100.5,5.9945
42307.42,101.5,5.9991
42308.42,100.5,6.003
42309.43,100.6,6.0076
42310.43,100.5,6.0128
42311.43,99.7,6.0171
42312.44,104.5,6.0215
42313.44,101.5,6.0259
42314.45,100.5,6.0301
42315.45,100.5,6.0345
42316.46,103.5,6.0386
42317.46,99.5,6.0433
42318.47,100.7,6.0482
42319.47,99.5,6.0529
42320.48,100.5,6.0569
42321.48,100.5,6.0607
42322.49,100.5,6.0649
42323.49,100.5,6.0697
42324.5,101.5,6.0736
42325.5,100.6,6.0783
42326.51,100.5,6.0815
42327.51,102.5,6.085
42328.52,99.5,6.0888
42329.52,101.5,6.0938
42330.53,99.5,6.0983
42331.53,100.5,6.1031
42332.54,101.5,6.1079
42333.54,100.5,6.1124
42334.55,100.5,6.1172
42335.55,102.5,6.122
42336.56,99.4,6.1265
42337.57,100.5,6.131
42338.57,100.5,6.1354
42339.58,100.5,6.1401
42340.58,100.5,6.1447
42341.59,100.4,6.1491
42342.59,100.5,6.1543
42343.6,101.5,6.159
42344.6,99.6,6.1633
42345.61,101.5,6.1682
42346.61,101.2,6.1726
42347.62,99.5,6.1772
42348.63,101.5,6.1819
42349.63,100.6,6.1862
42350.63,99.7,6.1908
42351.64,101.5,6.1955
42352.64,101.5,6.2
42353.65,99.5,6.2041
42354.65,99.5,6.2075
42355.66,101.5,6.2115
42356.66,100.5,6.2157
42357.67,100.5,6.2206
42358.67,100.5,6.2246
42359.68,101.5,6.2286
42360.68,99.5,6.2331
42361.69,101.4,6.2378
42362.69,101.5,6.2413
42363.7,100.5,6.2453
42364.7,101.5,6.248
42365.71,99.5,6.2528
42366.72,100.4,6.2565
42367.72,101.5,6.2607
42368.73,100.5,6.2652
42369.73,101.5,6.2699
42370.74,100.5,6.2741
42371.74,101.5,6.2788
42372.75,100.5,6.2835
42373.75,101.5,6.2875
42374.76,99.5,6.2926
42375.76,101.5,6.297
42376.77,99.5,6.3016
42377.77,101.5,6.3061
42378.78,101.5,6.3109
42379.78,99.5,6.3144
42380.79,101.5,6.3182
42381.79,101.5,6.3211
42382.8,100.5,6.3253
42383.81,100.5,6.3295
42384.81,101.5,6.3335
42385.82,101.5,6.3377
42386.82,99.5,6.3414
42387.83,101.5,6.3451
42388.83,101.7,6.3489
42389.83,99.5,6.3531
42390.84,101.5,6.3581
42391.85,100.5,6.3626
42392.85,100.5,6.3671
42393.86,101.5,6.3716
42394.86,99.5,6.3756
42395.87,100.5,6.3794
42396.87,100.5,6.3834
42397.88,101.5,6.3872
42398.88,100.5,6.3909
42399.89,99.5,6.3945
42400.89,101.5,6.3978
42401.9,101.5,6.4012
42402.9,100.5,6.4054
42403.91,100.5,6.4096
42404.91,100.5,6.4134
42405.92,101.5,6.4174
42406.92,102.5,6.4209
42407.93,99.5,6.4247
42408.93,99.5,6.4283
42409.94,102.5,6.4318
42410.95,99.5,6.4349
42411.95,102.5,6.4382
42412.96,100.5,6.4421
42413.96,100.5,6.4459
42414.97,100.5,6.4499
42415.97,100.5,6.4534
42416.98,100.5,6.4575
42417.98,100.5,6.4612
42418.99,102.5,6.465
42419.99,99.5,6.4682
42421.0,99.5,6.4717
42422.0,100.5,6.4749
42423.01,102.7,2.742
42424.01,326.3,3.0228
42425.01,334.9,3.2215
42426.02,345.2,3.4242
42427.02,315.3,3.6789
42428.03,319.5,4.0084
42429.03,314.3,4.374
42430.04,307.3,4.7743
42431.04,302.6,5.1666
42432.05,318.6,5.5959
42433.05,267.6,6.0859
42434.06,152.2,6.5903
42435.07,125.4,7.1112
42436.07,107.4,7.6344
42437.08,139.3,7.8382
42438.08,103.5,7.8382
42439.09,106.4,7.8382
42440.09,156.3,7.8383
42441.1,133.3,7.8384
42442.1,113.4,7.881
42443.11,105.4,7.9384
42444.11,104.4,7.9384
42445.12,99.5,7.9384
42446.12,131.3,8.0818
42447.13,100.5,8.1281
42448.13,100.5,8.1281
42449.14,100.5,8.1281
42450.14,101.5,8.1281
42451.15,101.5,8.1281
42452.15,100.5,8.1281
42453.16,101.5,8.1281
42454.17,103.5,8.1282
42455.17,131.3,8.1289
42456.18,106.4,8.129
42457.18,99.5,8.129
42458.19,101.5,8.129
42459.19,100.5,8.129
42460.2,100.5,8.129
42461.2,100.5,8.129
42462.21,101.5,8.129
42463.21,125.3,8.1292
42464.22,101.5,8.1292
42465.22,100.5,8.1292
42466.23,101.5,8.1292
42467.23,101.5,8.1292
42468.24,102.5,8.1292
42469.24,99.5,8.1292
42470.25,99.5,8.1292
42471.26,126.3,8.1292
42472.26,99.5,8.1292
42473.27,102.5,8.1292
42474.27,101.5,8.1292
42475.28,100.5,8.1292
42476.28,101.5,8.1292
42477.29,99.5,8.1292
42478.29,101.5,8.1292
42479.3,128.3,8.2709
42480.3,100.5,8.2709
42481.31,100.5,8.2709
42482.31,100.5,8.2711
42483.32,101.5,8.2711
42484.32,99.5,8.2711
42485.33,101.5,8.2711
42486.33,101.5,8.2711
42487.34,100.5,8.5203
42488.34,100.5,8.9502
42489.35,154.6,9.4771
42490.35,101.6,9.4771
42491.36,99.5,9.4773
42492.36,100.5,9.4773
42493.37,101.5,9.4776
42494.37,101.5,9.4776
42495.38,99.5,9.4776
42496.38,102.5,9.4776
42497.39,100.6,9.4776
42498.39,100.5,9.4776
42499.4,102.5,9.4777
42500.4,99.5,9.4777
42501.41,100.5,9.4777
42502.41,101.5,9.4777
42503.42,99.5,9.4777
42504.42,101.5,9.4777
42505.43,101.5,9.4777
42506.43,101.5,9.4777
42507.44,120.4,9.4777
42508.44,100.5,9.4777
42509.45,102.5,9.4777
42510.45,100.5,9.4777
42511.46,101.5,9.4777
42512.46,100.5,9.4777
42513.47,101.5,9.4777
42514.47,99.5,9.4777
42515.48,100.5,9.4777
42516.48,101.5,9.4777
42517.49,99.5,9.4777
42518.49,101.5,9.4777
42519.5,101.5,9.478
42520.5,99.5,9.478
42521.51,101.5,9.478
42522.52,100.5,9.478
42523.52,100.5,9.478
42524.53,100.5,9.478
42525.53,102.5,9.478
42526.54,99.5,9.478
42527.54,101.5,9.4782
42528.55,99.6,9.4782
42529.55,101.5,9.4784
42530.56,100.5,9.4784
42531.56,101.5,9.4784
42532.57,101.5,9.4784
42533.57,99.5,9.4784
42534.58,101.5,9.4784
42535.58,100.5,9.4784
42536.59,100.5,9.4784
42537.59,99.5,9.4784
42538.6,102.5,9.4784
42539.6,100.5,9.4787
42540.61,101.5,9.4787
42541.61,101.5,9.4787
42542.62,99.5,9.4787
42543.62,101.5,9.4787
42544.63,99.5,9.4787
42545.63,101.5,9.4787
42546.64,100.5,9.4787
42547.65,101.5,9.4787
42548.65,100.5,9.4787
42549.66,100.5,9.4787
42550.66,100.5,9.4787
42551.67,99.5,9.4787
42552.67,101.5,9.4787
42553.68,99.5,9.4787
42554.68,101.5,9.4787
42555.69,100.5,9.4787
42556.69,100.5,9.4787
42557.7,101.5,9.4785
42558.7,102.5,9.4782
42559.71,99.5,9.4782
42560.71,100.5,9.4782
42561.72,100.5,9.4782
42562.72,101.5,9.4785
42563.73,100.5,9.4785
42564.73,100.5,9.4785
42565.74,100.5,9.4785
42566.74,99.5,9.4785
42567.75,100.5,9.4785
42568.75,101.5,9.4785
42569.76,100.5,9.4785
42570.76,101.5,9.4785
42571.77,99.5,9.4785
42572.77,101.5,9.4785
42573.78,99.5,9.4785
42574.79,102.5,9.4785
42575.79,101.5,9.4785
42576.8,100.5,9.4785
42577.8,100.5,9.4788
42578.81,100.6,9.4789
42579.81,111.4,9.4789
42580.82,100.5,9.4789
42581.82,99.5,9.4789
42582.83,103.5,9.4789
42583.83,100.5,9.4789
42584.84,99.5,9.4789
42585.84,101.5,9.4789
42586.85,100.5,9.4789
42587.85,101.5,9.4789
42588.86,100.5,9.4789
42589.86,100.5,9.4789
42590.87,100.5,9.4789
42591.87,100.5,9.4789
42592.88,103.5,9.4789
42593.88,99.5,9.4789
42594.89,100.5,9.4789
42595.89,101.7,9.4789
42596.9,98.5,9.4789
42597.9,101.5,9.4789
42598.91,100.5,9.4789
42599.91,100.5,9.4789
42600.92,102.5,9.4789
42601.92,100.5,9.4789
42602.93,100.5,9.4789
42603.93,100.5,9.4789
42604.94,100.5,9.4789
42605.94,100.5,9.4789
42606.95,100.5,9.4789
42607.95,101.5,9.4789
42608.96,100.5,9.4789
42609.96,100.5,9.4789
42610.97,102.5,9.4789
42611.98,99.5,9.4789
42612.98,101.5,9.4789
42613.99,101.5,9.4789
42614.99,99.5,9.4789
42616.0,101.5,9.4789
42617.0,100.5,9.4789
42618.01,100.5,9.4789
42619.01,101.5,9.4791
42620.02,99.5,9.4791
42621.02,101.5,9.4791
42622.03,101.5,9.4794
42623.03,99.5,9.4794
42624.04,101.5,9.4794
42625.04,99.5,9.4794
42626.05,101.5,9.4794
42627.05,101.5,9.4794
42628.06,99.5,9.4794
42629.06,101.5,9.4795
42630.07,99.5,9.4795
42631.07,101.5,9.4795
42632.08,100.5,9.4795
42633.08,102.5,9.4795
42634.09,101.5,9.4795
42635.09,99.5,9.4795
42636.1,101.5,9.4795
42637.1,102.5,9.4795
42638.11,100.5,9.4795
42639.11,101.5,9.4795
42640.12,100.5,9.4795
42641.12,100.5,9.4795
42642.13,100.5,9.4795
42643.14,100.5,9.4797
42644.14,100.5,9.4797
42645.15,100.5,9.4797
42646.15,100.5,9.4797
42647.16,101.5,9.4797
42648.16,100.5,9.4797
42649.17,100.5,9.4797
42650.17,101.5,9.4797
42651.18,100.5,9.4797
42652.18,100.6,9.4797
42653.19,101.5,9.4797
42654.19,100.5,9.4797
42655.2,101.5,9.4797
42656.2,100.5,9.4797
42657.21,100.5,9.4797
42658.21,100.5,9.4797
42659.22,101.5,9.4799
42660.22,101.5,9.4799
42661.23,100.5,9.4799
42662.23,100.5,9.4799
42663.24,99.5,9.4799
42664.25,101.5,9.4799
42665.25,100.5,9.4799
42666.26,101.5,9.4799
42667.26,100.5,9.4801
42668.27,100.5,9.4801
42669.27,101.5,9.4801
42670.28,102.5,9.5116
42671.28,100.5,9.5116
42672.29,100.5,9.5116
42673.29,100.5,9.5116
42674.3,100.5,9.5116
42675.3,101.5,9.5117
42676.31,99.5,9.5117
42677.31,100.5,9.5117
42678.32,100.5,9.5117
42679.32,101.5,9.5117
42680.33,100.5,9.5117
42681.33,99.5,9.5117
42682.34,101.5,9.5117
42683.35,100.5,9.5117
42684.35,101.5,9.5117
42685.36,100.5,9.5117
42686.36,102.5,9.5117
42687.37,100.5,9.5117
42688.37,100.5,9.5117
42689.38,101.5,9.5117
42690.38,100.5,9.5117
42691.39,100.5,9.5432
42692.39,100.5,9.5432
42693.4,100.5,9.5432
42694.4,101.5,9.5432
42695.41,100.5,9.5434
42696.41,101.5,9.5434
42697.42,100.5,9.5434
42698.42,101.5,9.5434
42699.43,100.5,9.5434
42700.43,100.5,9.5434
42701.44,100.5,9.5435
42702.45,100.5,9.5435
42703.45,101.5,9.5435
42704.46,100.5,9.5435
42705.46,99.5,9.5435
42706.47,101.5,9.5435
42707.47,100.5,9.5435
42708.48,100.5,9.5435
42709.48,101.5,9.5435
42710.49,100.5,9.573
42711.49,101.5,9.5733
42712.5,100.5,9.5735
42713.5,101.5,9.5738
42714.51,100.6,9.5738
42715.51,99.5,9.5738
42716.52,101.5,9.5738
42717.52,100.5,9.5738
42718.53,100.5,9.5738
42719.53,100.5,9.5738
42720.54,101.5,9.5738
42721.54,101.5,9.5738
42722.55,100.5,9.5738
42723.55,2.0,2.8396
42724.56,297.3,2.9688
42725.56,339.0,3.1845
42726.56,1.0,2.88
42727.57,296.1,3.0006
42728.57,0.0,2.7354
42729.58,312.0,2.9298
42730.58,365.7,3.099
42731.58,327.3,3.3444
42732.59,2.0,2.7633
42733.59,334.7,2.9677
42734.59,364.8,3.2117
42735.6,0.0,2.8803
42736.6,360.9,3.0787
42737.6,1.0,2.6491
42738.61,322.0,2.9163
42739.61,0.0,2.7578
42740.61,305.0,2.9413
42741.62,355.4,3.1414
42742.62,323.3,3.395
42743.63,322.5,3.7342
42744.63,203.9,4.1252
42745.64,0.0,2.8369
42746.64,338.0,3.0075
42747.64,352.9,3.3772
42748.65,193.0,3.7286
42749.65,254.8,3.9191
42750.66,1.0,2.7331
42751.66,285.9,2.902
42752.67,345.5,3.0546
42753.67,1.0,2.7831
42754.67,315.2,2.9485
42755.68,328.3,3.1848
42756.68,174.4,3.4915
42757.68,1.0,2.876
42758.69,314.0,2.9932
42759.69,0.0,2.7452
42760.69,295.7,2.9176
42761.7,369.5,3.0866
42762.7,2.0,2.8355
42763.7,322.0,2.9673
42764.71,3486.1,2.7784
42765.71,365.9,2.9965
42766.71,299.5,3.2372
42767.72,166.1,3.3511
42768.72,2.0,2.7934
42769.72,302.1,2.9485
42770.73,2.0,2.7307
42771.73,305.9,2.9087
42772.73,351.0,3.0638
42773.74,311.4,3.3197
42774.74,0.0,2.8564
42775.75,308.1,2.9791
42776.75,3.0,2.7434
42777.75,317.0,2.9185
42778.76,349.9,3.0688
42779.76,272.6,3.2752
42780.77,28.9,2.7303
42781.77,304.4,2.9508
42782.77,342.9,3.0973
42783.78,348.8,3.3258
42784.78,320.4,3.6064
42785.79,309.4,3.8832
42786.79,305.5,4.1878
42787.8,315.4,4.4936
42788.8,305.4,4.8118
42789.81,305.5,5.0938
42790.81,329.4,5.4516
42791.82,260.6,5.9365
42792.82,36.8,2.7928
42793.83,328.3,3.0931
42794.83,265.6,3.1505
42795.84,120.4,3.2072
42796.84,256.4,3.3462
42797.85,337.2,3.6063
42798.85,316.3,3.8419
42799.86,310.5,4.1282
42800.86,310.3,4.3849
42801.87,302.4,4.645
42802.87,309.5,4.9001
42803.88,303.5,5.0765
42804.88,323.3,5.4029
42805.89,183.0,5.8788
42806.89,168.1,6.3668
42807.9,107.4,6.8583
42808.91,114.4,7.3568
42809.91,139.4,7.8123
42810.91,110.5,7.9067
42811.92,104.5,8.0067
42812.92,102.5,7.9969
42813.93,101.5,7.9969
42814.93,100.5,7.9969
42815.94,102.5,7.9969
42816.95,100.5,7.9969
42817.95,100.5,7.9969
42818.96,120.4,8.0973
42819.96,102.5,8.0973
42820.97,100.5,8.0973
42821.97,100.5,8.0973
42822.98,105.5,8.0973
42823.98,100.5,8.0974
42824.99,102.5,8.0975
42825.99,102.5,8.0975
42827.0,125.4,8.099
42828.0,105.5,8.099
42829.01,115.4,8.099
42830.01,99.5,8.099
42831.02,101.5,8.099
42832.02,99.5,8.099
42833.03,104.4,8.099
42834.03,101.5,8.099
42835.05,104.2,8.099
42836.06,119.4,8.099
42837.06,100.5,8.099
42838.07,100.5,8.099
42839.07,100.5,8.099
42840.08,100.5,8.099
42841.08,101.5,8.099
42842.09,100.5,8.099
42843.09,101.4,8.099
42844.1,117.4,8.0991
42845.11,100.5,8.0991
42846.11,100.6,8.0991
42847.11,100.5,8.0991
42848.12,100.5,8.0991
42849.12,100.5,8.0991
42850.13,102.6,8.0991
42851.13,101.5,8.0991
42852.14,99.5,8.0993
42853.14,123.4,8.1995
42854.15,99.5,8.1995
42855.16,102.5,8.1995
42856.16,99.5,8.1995
42857.17,100.5,8.1995
42858.17,101.5,8.1995
42859.18,104.5,8.1995
42860.18,100.5,8.1995
42861.19,102.5,8.1995
42862.19,101.3,8.4716
42863.2,100.5,8.9385
42864.2,109.6,9.4578
42865.21,129.5,9.5366
42866.21,100.5,9.5366
42867.22,101.5,9.5366
42868.22,99.5,9.5366
42869.23,100.5,9.5366
42870.23,100.5,9.5366
42871.24,103.5,9.5366
42872.24,100.5,9.5366
42873.25,99.5,9.5366
42874.25,100.5,9.5366
42875.26,101.5,9.5374
42876.26,100.5,9.5374
42877.27,99.5,9.5374
42878.27,103.5,9.5374
42879.28,99.5,9.5374
42880.28,101.5,9.5374
42881.29,100.5,9.5374
42882.29,99.6,9.5374
42883.3,103.5,9.5374
42884.3,100.5,9.5374
42885.31,100.5,9.5374
42886.31,100.6,9.5374
42887.32,100.5,9.5374
42888.32,100.5,9.5374
42889.33,99.5,9.5374
42890.33,101.5,9.5374
42891.34,100.5,9.5374
42892.34,101.5,9.5374
42893.35,101.5,9.5374
42894.35,100.5,9.5374
42895.36,101.5,9.5375
42896.36,101.5,9.5375
42897.37,100.5,9.5377
42898.37,100.7,9.5377
42899.38,99.5,9.5377
42900.38,100.5,9.5377
42901.39,99.5,9.5377
42902.39,102.5,9.5377
42903.4,101.5,9.5377
42904.4,99.5,9.538
42905.41,100.5,9.538
42906.41,100.5,9.538
42907.42,101.5,9.538
42908.42,99.5,9.538
42909.43,100.5,9.538
42910.43,101.5,9.538
42911.44,100.5,9.538
42912.44,102.5,9.538
42913.45,99.5,9.538
42914.45,101.5,9.5382
42915.46,100.5,9.5382
42916.46,99.6,9.5382
42917.47,101.5,9.5382
42918.47,100.5,9.5382
42919.48,100.5,9.5382
42920.49,100.5,9.5382
42921.49,100.5,9.5382
42922.5,100.5,9.5382
42923.5,100.5,9.5382
42924.51,100.5,9.5382
42925.51,104.5,9.5382
42926.52,100.5,9.5382
42927.52,100.5,9.5382
42928.53,100.5,9.5382
42929.53,100.5,9.5382
42930.54,100.5,9.5382
42931.54,101.5,9.5382
42932.55,101.5,9.5384
42933.55,99.5,9.5384
42934.56,101.5,9.5385
42935.56,99.5,9.5385
42936.57,100.5,9.5385
42937.57,100.5,9.5385
42938.58,102.5,9.5385
42939.58,100.5,9.5385
42940.59,99.5,9.5385
42941.59,101.8,9.5385
42942.6,100.5,9.5387
42943.6,99.5,9.5387
42944.61,102.5,9.5387
42945.61,99.5,9.5387
42946.62,102.5,9.5387
42947.62,100.5,9.5387
42948.63,100.5,9.5387
42949.63,100.5,9.5387
42950.64,99.5,9.5387
42951.64,102.5,9.5387
42952.65,100.5,9.5387
42953.65,102.5,9.5392
42954.66,99.5,9.5392
42955.66,101.5,9.5392
42956.67,99.5,9.5392
42957.67,100.5,9.5392
42958.68,100.3,9.5392
42959.69,101.5,9.5392
42960.69,100.5,9.5392
42961.69,100.7,9.5392
42962.7,101.3,9.5392
42963.71,100.5,9.5392
42964.71,99.5,9.5392
42965.72,100.5,9.5392
42966.72,101.5,9.5392
42967.73,101.5,9.5392
42968.73,100.4,9.5392
42969.74,99.5,9.5392
42970.75,101.2,9.5392
42971.75,100.5,9.5392
42972.76,101.5,9.5395
42973.76,100.5,9.5395
42974.77,100.5,9.5395
42975.77,100.5,9.5395
42976.78,99.5,9.5395
42977.78,101.5,9.5395
42978.79,99.5,9.5395
42979.79,102.5,9.5395
42980.8,100.5,9.5395
42981.8,99.5,9.5395
42982.81,101.4,9.5395
42983.82,100.4,9.5395
42984.82,100.5,9.5395
42985.82,100.8,9.5395
42986.83,99.5,9.5395
42987.83,100.5,9.5397
42988.84,102.5,9.5397
42989.84,100.7,9.5397
42990.85,101.5,9.5397
42991.85,101.5,9.5397
42992.86,100.5,9.5398
42993.86,99.5,9.5398
42994.87,101.5,9.5398
42995.87,100.5,9.5398
42996.87,100.7,9.5398
42997.88,100.5,9.5398
42998.88,100.5,9.5398
42999.89,100.7,9.5398
43000.89,99.5,9.5398
43001.9,101.5,9.5401
43002.9,99.5,9.5401
43003.91,102.7,9.5401
43004.91,100.5,9.5401
43005.92,100.5,9.5401
43006.92,99.5,9.5401
43007.93,102.5,9.5401
43008.93,100.5,9.5401
43009.94,99.5,9.5401
43010.94,101.5,9.5401
43011.95,101.5,9.5401
43012.95,100.5,9.5404
43013.96,100.5,9.5404
43014.96,100.5,9.5404
43015.97,102.5,9.5404
43016.97,101.5,9.5404
43017.98,100.5,9.5404
43018.98,100.5,9.5404
43019.99,100.5,9.5404
43021.0,99.5,9.5404
43022.0,101.5,9.5411
43023.01,99.5,9.5411
43024.01,101.5,9.5411
43025.02,101.5,9.5411
43026.02,99.5,9.5411
43027.03,100.5,9.5411
43028.03,100.5,9.5411
43029.04,100.5,9.5411
43030.04,100.5,9.5411
43031.05,99.5,9.5411
43032.05,102.5,9.5416
43033.06,102.5,9.5416
43034.06,101.4,9.5416
43035.07,99.5,9.5416
43036.07,101.5,9.5416
43037.08,100.5,9.5416
43038.08,100.5,9.5416
43039.09,100.5,9.5416
43040.09,101.5,9.5416
43041.1,99.5,9.5416
43042.11,99.5,9.5651
43043.11,101.5,9.5653
43044.12,100.5,9.5653
43045.12,101.5,9.5653
43046.13,100.5,9.5653
43047.13,100.5,9.5653
43048.14,100.5,9.5653
43049.14,100.5,9.5653
43050.15,101.5,9.5653
43051.15,101.5,9.5653
43052.16,100.5,9.5654
43053.16,100.5,9.5654
43054.17,102.5,9.5654
43055.17,99.5,9.5654
43056.18,100.5,9.5654
43057.18,101.5,9.5654
43058.19,100.5,9.5654
43059.19,99.5,9.5654
43060.2,100.5,9.5654
43061.2,100.5,9.5654
43062.21,101.5,9.5876
43063.21,101.5,9.5876
43064.22,100.5,9.5876
43065.22,100.5,9.5876
43066.23,101.5,9.5876
43067.23,100.5,9.5876
43068.24,100.5,9.5876
43069.25,99.5,9.5876
43070.25,101.5,9.5876
43071.26,101.5,9.5876
43072.26,99.5,9.5876
43073.27,102.5,9.5878
43074.27,99.5,9.5878
43075.28,101.5,9.5878
43076.28,102.5,9.5878
43077.29,99.5,9.5878
43078.29,101.5,9.5878
43079.3,100.5,9.5878
43080.3,100.5,9.5878
43081.31,100.5,9.5878
43082.31,100.5,9.5881
43083.32,101.5,9.6089
43084.32,101.5,9.6089
43085.33,99.5,9.6091
43086.33,101.5,9.6091
43087.34,100.4,9.6091
43088.35,100.5,9.6091
43089.35,101.5,9.6091
43090.36,102.5,9.6091
43091.36,100.5,9.6091
43092.37,101.6,9.6091
43093.37,2.0,2.9272
43094.37,322.1,3.0534
43095.38,344.2,3.3044
43096.38,313.4,3.6168
43097.39,311.6,4.0342
43098.39,326.3,4.4214
43099.4,209.9,4.9362
43100.4,116.4,5.4808
43101.41,152.3,6.0315
43102.41,102.5,6.6059
43103.42,105.5,7.1795
43104.42,122.4,7.7335
43105.43,109.4,7.8855
43106.43,99.5,7.8855
43107.43,130.6,7.8855
43108.44,104.5,7.8855
43109.45,100.5,7.8855
43110.45,101.5,7.8855
43111.46,113.4,7.9944
43112.46,101.5,7.9944
43113.47,100.5,7.9944
43114.47,101.5,7.9944
43115.48,100.5,7.9944
43116.48,111.4,7.9945
43117.49,100.5,7.9945
43118.49,113.6,7.9947
43119.5,100.5,7.9947
43120.5,244.8,7.9971
43121.51,257.6,8.0112
43122.51,143.2,8.0085
43123.52,107.4,7.9984
43124.52,111.4,7.9985
43125.53,148.2,7.9985
43126.53,124.3,7.9991
43127.54,102.5,7.9994
43128.54,100.5,7.9994
43129.55,103.5,7.9994
43130.55,106.4,7.9994
43131.56,101.5,7.9994
43132.56,103.5,7.9994
43133.57,100.5,7.9994
43134.58,112.4,7.9996
43135.58,100.5,7.9996
43136.59,104.5,7.9996
43137.59,105.5,7.9996
43138.6,100.5,7.9996
43139.6,99.5,7.9996
43140.61,104.5,7.9996
43141.61,113.4,8.06
43142.62,101.5,8.06
43143.62,100.5,8.06
43144.63,100.5,8.06
43145.63,102.5,8.06
43146.64,101.5,8.06
43147.64,100.5,8.06
43148.65,101.5,8.06
43149.65,99.6,8.06
43150.66,100.5,8.06
43151.66,100.5,8.382
43152.67,101.5,8.8253
43153.67,99.5,9.2746
43154.68,124.3,9.5246
43155.68,100.5,9.5246
43156.69,100.5,9.5246
43157.69,101.5,9.5248
43158.7,102.5,9.5248
43159.7,100.5,9.5248
43160.71,101.5,9.5248
43161.72,100.5,9.5248
43162.72,100.5,9.525
43163.73,99.5,9.525
43164.73,102.5,9.525
43165.74,106.4,9.5259
43166.74,100.5,9.5259
43167.75,100.5,9.5259
43168.75,102.5,9.5259
43169.76,100.5,9.5259
43170.76,100.5,9.5262
43171.77,142.2,2.6803
43172.77,0.0,2.8421
43173.77,352.1,3.029
43174.78,352.2,3.2648
43175.78,328.0,3.5451
43176.79,315.4,3.8125
43177.79,317.3,4.0823
43178.8,251.8,4.4546
43179.8,164.1,4.8748
43180.81,170.1,5.2707
43181.81,208.9,2.6805
43182.82,0.0,2.8695
43183.82,340.1,3.0407
43184.82,344.2,3.2847
43185.83,315.1,3.672
43186.84,316.3,4.0345
43187.84,260.6,4.5104
43188.85,125.3,5.0804
43189.85,115.4,5.6705
43190.86,117.4,6.2643
43191.86,127.3,6.8799
43192.87,104.4,7.5117
43193.87,131.3,7.8031
43194.88,102.5,7.8826
43195.88,100.5,7.8826
43196.89,101.5,7.8826
43197.89,112.6,7.8826
43198.9,2882.3,2.8084
43199.9,320.3,2.9961
43200.91,355.7,3.1974
43201.91,319.3,3.4759
43202.92,306.4,3.7491
43203.92,317.4,4.0171
43204.93,310.4,4.357
43205.94,138.8,4.7164
43206.94,127.3,5.1272
43207.95,119.4,5.5307
43208.95,134.5,5.9678
43209.96,118.4,6.4821
43210.96,100.3,7.0876
43211.97,115.6,7.6783
43212.97,148.2,7.8722
43213.98,101.5,7.8722
43214.98,111.4,7.8722
43215.99,100.2,7.8722
43217.0,136.3,7.8723
43218.0,100.4,7.8723
43219.01,100.5,7.8718
43220.01,114.6,7.9304
43221.02,102.5,7.9783
43222.02,100.5,7.9785
43223.03,100.5,7.9785
43224.03,102.5,7.9787
43225.04,100.5,7.9787
43226.04,101.5,7.9787
43227.05,100.5,7.9787
43228.05,119.4,7.9792
43229.06,100.5,7.9792
43230.06,103.4,7.9793
43231.07,221.8,7.9867
43232.07,133.3,7.9868
43233.08,101.5,7.987
43234.08,100.5,7.9804
43235.09,112.4,7.9804
43236.09,100.5,7.9804
43237.1,102.5,7.9804
43238.11,100.5,7.9804
43239.11,100.5,7.9804
43240.12,101.5,7.9804
43241.12,102.5,7.9804
43242.13,113.4,7.9806
43243.13,100.5,7.9806
43244.14,104.5,7.9806
43245.14,100.6,7.9806
43246.15,110.4,7.9806
43247.15,101.5,7.9806
43248.16,117.4,7.9807
43249.16,121.3,8.0393
43250.17,132.3,2.6805
43251.17,2.0,2.9334
43252.17,315.1,3.082
43253.18,2.0,2.7931
43254.18,336.1,2.9865
43255.19,2.0,2.7725
43256.19,300.4,2.9442
43257.19,2.0,2.7892
43258.2,313.0,2.9625
43259.2,346.2,2.6808
43260.21,0.0,2.9453
43261.21,334.4,3.0615
43262.22,1481.7,2.7864
43263.22,305.0,2.9529
43264.23,341.5,2.681
43265.23,1.0,2.9269
43266.23,313.4,3.0374
43267.24,0.0,2.9324
43268.24,324.5,3.0376
43269.24,222.3,3.3091
43270.25,0.0,2.836
43271.25,316.0,2.9775
43272.25,44.8,0.2668
