Time_Sec,CPU_Percent,Memory_GB
0.0,0.0,0.0009
1.0,223.6,0.2196
2.01,16.0,0.475
3.01,263.9,0.6854
4.01,300.6,0.8296
5.02,314.2,0.9461
6.02,337.2,1.0549
7.02,340.8,1.1828
8.03,303.0,1.2832
9.03,172.4,1.4543
10.03,362.2,1.6577
11.04,300.5,1.8526
12.04,318.0,1.9698
13.05,325.4,2.2103
14.05,25.9,1.5847
15.05,293.7,1.8432
16.06,318.4,2.1803
17.06,338.9,2.2929
18.07,343.3,2.5497
19.07,325.0,2.8277
20.07,330.4,2.9786
21.08,313.4,3.149
22.08,310.4,3.3283
23.09,316.5,3.5515
24.09,306.4,3.849
25.1,308.4,4.1284
26.1,304.4,4.4561
27.11,310.4,4.7467
28.11,305.7,4.9734
29.12,307.4,5.1973
30.12,316.4,5.462
31.13,245.7,5.768
32.13,258.8,5.8857
33.14,156.2,5.9887
34.14,135.3,6.0937
35.15,295.5,6.3306
36.15,279.8,6.8541
37.16,129.3,6.9541
38.16,130.3,6.9541
39.17,5.0,1.5782
40.17,285.8,1.8368
41.18,347.0,1.9486
42.18,234.8,2.0617
43.18,15.0,1.7086
44.19,351.9,1.8821
45.19,4.0,1.6528
46.2,305.1,1.843
47.2,335.1,1.9491
48.2,6.0,1.6788
49.21,310.0,1.8451
50.21,358.2,1.9728
51.22,12.0,1.781
52.22,314.1,1.9113
53.22,1530.0,1.687
54.23,303.8,1.8452
55.23,362.8,1.9843
56.23,8.0,1.681
57.24,310.1,1.8598
58.24,357.2,1.9787
59.25,8.0,1.7022
60.25,344.4,1.9849
61.25,306.6,2.3329
62.26,304.2,2.5337
63.26,359.8,2.6951
64.27,349.2,2.8616
65.27,317.6,2.9959
66.28,320.3,3.1441
67.28,294.5,3.3468
68.29,270.6,3.505
69.29,308.6,3.6595
70.3,309.4,3.823
71.3,303.4,3.9813
72.3,264.9,4.2582
73.31,311.4,4.4285
74.32,305.4,4.6862
75.32,301.4,4.9751
76.33,300.5,5.1907
77.33,309.6,5.4854
78.34,308.4,5.686
79.34,304.4,5.9207
80.35,215.9,6.1365
81.35,229.0,6.322
82.35,223.3,6.8148
83.36,153.4,6.8678
84.36,177.2,6.8601
85.37,192.0,6.8601
86.37,145.3,6.9016
87.38,158.2,6.9602
88.38,134.4,6.9602
89.39,153.2,6.9604
90.39,202.0,7.0604
91.4,138.3,7.0604
92.4,124.4,7.0604
93.41,106.5,7.0604
94.41,109.4,7.0604
95.42,129.3,7.0604
96.42,105.5,7.0604
97.43,102.5,7.0604
98.43,141.5,7.0604
99.44,131.4,7.0604
100.44,141.3,7.0604
101.45,128.4,7.0604
102.45,106.5,7.0604
103.45,169.5,7.3328
104.46,149.2,7.5966
105.46,105.5,7.5966
106.47,107.5,7.5966
107.48,113.4,7.5966
108.48,122.4,7.5966
109.49,114.4,7.5966
110.49,227.3,7.597
111.49,3.0,1.6593
112.5,306.6,1.8641
113.5,311.4,2.2038
114.51,254.8,2.5052
115.51,329.5,2.6598
116.52,354.2,2.856
117.52,319.4,2.9776
118.53,313.4,3.1164
119.53,317.3,3.3228
120.54,298.5,3.5023
121.54,307.4,3.6508
122.55,309.4,3.8124
123.55,303.4,3.9844
124.56,276.5,4.2373
125.56,305.4,4.4241
126.57,306.4,4.671
127.57,301.6,4.9402
128.58,303.3,5.1299
129.58,306.1,5.4378
130.59,306.4,5.6178
131.59,305.4,5.8254
132.6,303.4,6.0567
133.6,302.4,6.25
134.61,303.4,6.4608
135.61,312.0,6.6926
136.62,313.4,6.9849
137.62,307.4,6.9854
138.63,307.4,6.9854
139.63,304.4,6.9859
140.64,297.5,7.0631
141.64,255.9,7.0823
142.65,174.1,7.0826
143.65,186.0,7.0827
144.66,147.2,7.0828
145.66,206.1,7.0828
146.67,196.0,7.0828
147.67,132.3,7.0828
148.68,105.5,7.0828
149.68,123.4,7.0828
150.69,107.4,7.0828
151.69,123.4,7.0828
152.7,134.3,7.0828
153.7,118.4,7.0828
154.71,110.4,7.0828
155.71,140.3,7.0828
156.72,136.4,7.0828
157.72,128.3,7.0828
158.73,216.9,7.5749
159.73,109.4,7.6229
160.74,115.4,7.6229
161.74,101.5,7.6229
162.75,104.5,7.6229
163.75,152.6,7.6229
164.76,102.5,7.6229
165.76,260.3,7.6232
166.77,249.8,1.5734
167.77,4.0,1.7332
168.77,332.3,2.0276
169.78,310.4,2.4213
170.78,306.3,2.5989
171.78,354.9,2.7891
172.79,329.3,2.8797
173.79,314.8,2.9736
174.8,289.5,3.0976
175.8,315.5,3.261
176.81,270.7,3.4517
177.81,311.4,3.6176
178.82,310.4,3.7944
179.82,304.6,3.9642
180.83,285.5,4.2289
181.83,309.4,4.4293
182.84,304.4,4.7127
183.84,305.7,5.002
184.85,262.6,5.2599
185.85,312.4,5.5176
186.86,307.4,5.7342
187.86,304.3,5.9724
188.87,279.5,6.1868
189.87,289.5,6.3977
190.88,204.9,6.5633
191.88,220.9,6.926
192.89,176.1,6.926
193.89,190.2,6.926
194.9,141.3,7.014
195.9,166.1,7.0262
196.91,116.5,7.0264
197.91,206.9,7.0264
198.92,134.4,7.0264
199.92,120.4,7.0264
200.93,136.3,7.0264
201.93,108.4,7.0267
202.94,123.5,7.0267
203.94,102.5,7.0267
204.95,105.5,7.0267
205.95,105.4,7.0267
206.96,123.4,7.0267
207.96,103.5,7.0267
208.97,129.3,7.0267
209.97,103.5,7.0267
210.98,124.6,7.1029
211.98,191.0,7.5823
212.99,150.2,7.6163
213.99,103.5,7.6163
215.0,117.4,7.6163
216.0,123.4,7.6163
217.01,119.4,7.6163
218.01,181.1,7.6163
219.02,2.0,1.5766
220.02,301.1,1.8883
221.02,318.8,2.2853
222.03,281.1,2.5404
223.03,348.2,2.7225
224.04,344.3,2.8629
225.04,317.3,2.9572
226.05,318.3,3.0905
227.05,316.3,3.2405
228.06,289.5,3.43
229.07,314.0,3.6039
230.07,290.7,3.7863
231.08,306.4,3.965
232.08,286.1,4.2302
233.08,302.7,4.4244
234.09,307.4,4.7084
235.09,301.4,5.0081
236.1,301.5,5.2583
237.1,313.3,5.5163
238.11,306.4,5.7323
239.11,306.4,5.9568
240.12,302.4,6.1785
241.12,304.4,6.3568
242.13,296.5,6.8257
243.13,292.8,6.9257
244.14,290.5,6.9257
245.14,229.0,6.9257
246.15,200.0,7.0294
247.15,176.1,7.0294
248.16,148.2,7.1294
249.16,143.3,7.1298
250.17,131.3,7.1154
251.17,129.3,7.1154
252.18,134.3,7.1154
253.19,119.4,7.1154
254.19,137.3,7.1154
255.19,104.5,7.1154
256.2,156.2,7.1154
257.21,127.4,7.1154
258.21,105.5,7.1154
259.22,116.4,7.1154
260.22,118.4,7.1154
261.23,115.4,7.1154
262.23,111.4,7.1154
263.24,205.9,7.6051
264.24,101.5,7.6051
265.25,107.4,7.6051
266.25,135.2,7.6051
267.26,129.3,7.6051
268.26,126.3,7.6051
269.27,162.2,7.6051
270.27,212.9,1.5746
271.28,4.0,1.7685
272.28,321.4,2.103
273.29,314.5,2.4201
274.29,262.2,2.5655
275.29,355.0,2.7837
276.3,331.3,2.928
277.3,318.4,3.0993
278.31,318.3,3.2972
279.31,307.4,3.4877
280.32,308.4,3.6375
281.32,308.4,3.8245
282.33,303.6,4.0073
283.33,268.6,4.2876
284.34,307.4,4.4931
285.34,305.4,4.7825
286.35,303.4,5.0258
287.35,301.4,5.294
288.36,309.3,5.5469
289.36,307.3,5.7608
290.37,306.5,6.0096
291.37,305.7,6.2219
292.38,303.2,6.4386
293.38,313.0,6.7061
294.39,316.8,6.9735
295.39,248.7,6.9735
296.4,231.9,6.9742
297.4,182.1,7.0742
298.41,138.3,7.0742
299.41,136.3,7.0743
300.42,155.2,7.0743
301.42,132.3,7.0695
302.43,129.3,7.0695
303.43,160.2,7.0696
304.44,105.5,7.0696
305.44,133.3,7.0696
306.45,106.5,7.0696
307.45,129.3,7.0697
308.46,113.4,7.0699
309.46,135.3,7.0699
310.47,139.5,7.07
311.47,141.7,7.0736
312.48,102.5,7.0737
313.48,103.5,7.0738
314.49,210.9,7.5643
315.49,109.5,7.6123
316.5,108.4,7.6123
317.5,102.5,7.6123
318.51,121.4,7.6123
319.51,113.4,7.6123
320.52,138.3,7.6123
321.52,231.8,1.5759
322.52,5.0,1.7535
323.53,330.3,2.0886
324.53,316.4,2.4429
325.54,322.0,2.609
326.54,360.0,2.8223
327.54,325.5,2.9694
328.55,309.6,3.1402
329.55,317.1,3.2983
330.56,290.5,3.4722
331.56,308.5,3.6314
332.57,308.4,3.7959
333.57,303.4,3.953
334.58,273.6,4.1894
335.58,304.7,4.4087
336.59,307.4,4.6877
337.59,301.4,4.9687
338.6,301.4,5.2035
339.6,307.7,5.5043
340.61,308.4,5.7189
341.61,301.6,5.9502
342.62,305.4,6.1582
343.62,308.5,6.3469
344.63,278.9,6.8223
345.63,194.2,6.9226
346.64,200.0,6.9226
347.64,160.2,6.9226
348.65,180.1,6.9226
349.65,107.4,7.0226
350.66,165.2,7.0226
351.66,148.3,7.0226
352.67,163.2,7.0184
353.67,157.2,7.0184
354.68,200.0,7.1184
355.68,208.9,7.1184
356.69,108.5,7.1184
357.69,120.4,7.1184
358.7,102.5,7.1187
359.7,125.4,7.1187
360.71,103.5,7.1187
361.71,116.4,7.1187
362.72,118.4,7.1187
363.72,108.4,7.1187
364.73,127.4,7.1187
365.73,102.5,7.1187
366.74,197.4,7.5736
367.74,118.6,7.6083
368.74,103.5,7.6083
369.75,103.5,7.6083
370.75,113.4,7.6083
371.76,124.4,7.6083
372.76,101.5,7.6083
373.77,268.2,7.6095
374.77,10.0,1.691
375.78,326.3,1.9459
376.78,307.3,2.3031
377.78,302.4,2.5652
378.78,354.9,2.7039
379.79,353.2,2.8697
380.79,316.4,2.9908
381.8,294.6,3.1245
382.8,305.1,3.286
383.81,291.6,3.4487
384.81,311.5,3.59
385.82,306.4,3.7368
386.82,307.4,3.8907
387.83,304.5,4.0771
388.83,304.4,4.3203
389.84,306.4,4.5131
390.84,305.4,4.7969
391.85,302.6,5.0682
392.85,309.4,5.3503
393.86,310.5,5.6057
394.86,298.0,5.8344
395.87,306.0,6.0727
396.87,305.5,6.2844
397.88,305.5,6.4995
398.88,334.2,6.8603
399.88,305.9,7.0133
400.89,221.8,7.0133
401.89,197.0,7.0134
402.9,117.4,7.0134
403.9,143.3,7.0134
404.91,153.2,7.0137
405.91,139.3,7.0137
406.92,172.1,7.1138
407.92,126.3,7.1138
408.93,149.2,7.1138
409.93,116.4,7.1138
410.94,127.4,7.1138
411.94,112.4,7.1138
412.95,106.5,7.1138
413.95,121.4,7.1138
414.96,106.6,7.1138
415.96,118.4,7.1138
416.97,134.3,7.1138
417.97,103.5,7.1138
418.98,101.5,7.1138
419.98,213.9,7.6079
420.99,101.5,7.6558
421.99,107.5,7.6558
423.0,110.4,7.6558
424.0,130.3,7.6558
425.01,122.6,7.6558
426.01,189.1,7.6559
427.02,2.0,1.6677
428.02,311.2,1.9417
429.03,312.4,2.3466
430.03,307.1,2.5665
431.04,364.9,2.7865
432.04,325.3,2.9306
433.05,318.3,3.1039
434.05,322.3,3.3034
435.06,308.4,3.5149
436.06,308.4,3.7142
437.07,308.5,3.9093
438.07,302.5,4.1347
439.07,304.1,4.4022
440.08,308.5,4.7005
441.08,301.4,5.008
442.09,302.4,5.2911
443.09,309.7,5.5533
444.1,310.7,5.7919
445.1,269.6,6.0488
446.11,188.0,6.2649
447.11,199.4,6.5621
448.12,207.9,6.8748
449.12,187.0,6.8748
450.13,202.0,6.8748
451.13,133.3,6.9748
452.14,131.3,6.9748
453.14,147.5,6.9748
454.15,128.3,6.9748
455.15,131.3,6.9749
456.16,132.3,6.9749
457.16,146.2,6.9752
458.17,127.3,6.9752
459.17,119.4,6.9752
460.18,102.5,6.9752
461.18,104.5,6.9752
462.19,108.4,6.9752
463.19,107.4,6.9752
464.2,115.4,7.0752
465.2,133.3,7.0752
466.21,111.4,7.0752
467.21,100.5,7.0752
468.22,211.0,7.5743
469.22,102.5,7.6118
470.23,103.5,7.6118
471.23,120.4,7.6118
472.24,130.3,7.6118
473.24,119.4,7.6118
474.25,213.9,7.6118
475.25,5.0,1.6064
476.26,286.5,1.8486
477.26,319.0,1.9545
478.27,2.0,1.7892
479.27,313.0,1.9106
480.27,7.0,1.7645
481.28,348.0,1.9306
482.28,6.0,1.7481
483.28,356.9,1.9288
484.29,3226.6,1.7726
485.29,301.1,1.9019
486.29,362.0,2.0652
487.3,2.0,1.7775
488.3,310.1,1.9152
489.3,337.4,1.5824
490.31,6.0,1.83
491.31,314.2,1.9474
492.31,340.6,2.1744
493.32,327.0,2.4228
494.32,2.0,1.6787
495.33,287.5,1.839
496.33,328.0,1.9687
497.33,3393.4,1.7342
498.34,310.6,1.894
499.34,7.0,1.6735
500.35,310.8,1.8658
501.35,314.0,1.9781
502.35,337.0,2.224
503.36,330.2,2.4633
504.36,2.0,1.6829
505.37,314.5,1.8815
506.37,321.4,2.0159
507.38,335.2,2.318
508.38,325.4,2.5514
509.38,2.0,1.7949
510.39,298.2,1.9459
511.39,360.0,2.1139
512.39,8.0,1.7613
513.39,321.2,1.9214
514.4,350.2,2.128
515.41,316.3,2.393
516.41,331.2,2.5971
517.41,5.0,1.7085
518.42,324.2,1.8927
519.42,369.1,2.1164
520.42,2.0,1.7735
521.42,332.2,1.9319
522.43,362.9,2.1155
523.43,2.0,1.7967
524.43,318.2,1.9298
525.44,358.2,2.1339
526.44,3.0,1.7182
527.44,329.0,1.8855
528.45,378.9,2.0846
529.45,2.0,1.8063
530.45,324.0,1.9357
531.46,2232.1,1.7143
532.46,337.0,1.9213
533.46,376.9,2.0675
534.47,2.0,1.8406
535.47,299.1,1.9615
536.48,3.0,1.7016
537.48,315.4,1.9023
538.48,351.0,2.0137
539.49,272.6,2.1346
540.49,3.0,1.7778
541.49,311.2,1.961
542.5,352.5,2.1517
543.5,325.6,2.3892
544.51,319.4,2.5149
545.51,5.0,1.6736
546.52,293.1,1.8571
547.52,324.0,1.9543
548.52,3.0,1.835
549.53,345.9,1.9898
550.53,355.9,2.1915
551.53,326.1,2.4093
552.54,13.9,1.693
553.54,304.1,1.8764
554.54,323.0,1.9954
555.55,347.0,2.2274
556.55,15.0,1.7503
557.55,294.4,1.9026
558.56,365.9,2.0997
559.56,348.5,2.2646
560.56,13.0,1.8048
561.57,302.1,1.9404
562.57,358.1,2.1729
563.57,2.0,1.7149
564.58,325.4,1.9426
565.58,349.0,2.0711
566.59,330.4,2.3341
567.59,346.5,2.5354
568.6,271.6,2.6292
569.6,218.0,2.7089
570.61,107.5,2.7912
571.61,138.3,2.8778
572.62,134.3,2.958
573.62,117.4,3.0436
574.63,110.4,3.1284
575.63,276.7,3.4443
576.64,146.2,1.6107
577.64,11.0,1.8495
578.64,347.1,2.009
579.65,352.5,2.224
580.65,333.9,2.4526
581.65,273.6,2.5839
582.66,148.2,2.6297
583.66,133.3,2.6848
584.67,110.4,2.7399
585.68,103.4,2.7858
586.68,103.5,2.8296
587.69,112.4,2.8683
588.69,111.6,2.9047
589.69,103.5,2.9428
590.7,136.3,2.9768
591.7,102.5,3.0107
592.71,99.5,3.0341
593.72,109.4,3.0628
594.72,105.5,3.0908
595.73,116.4,3.1147
596.73,108.5,3.1409
597.74,100.5,3.1663
598.74,104.5,3.1865
599.75,112.4,3.1954
600.75,100.5,3.1994
601.76,128.4,3.2162
602.76,275.5,3.6555
603.77,108.5,4.2117
604.77,16.0,1.7469
605.77,344.0,1.9796
606.78,347.9,2.1025
607.78,337.0,2.33
608.78,347.2,2.558
609.79,325.5,2.7884
610.79,330.3,2.9904
611.8,2.0,1.7513
612.8,347.0,1.9396
613.8,361.0,2.1571
614.81,1457.7,1.7425
615.81,288.0,1.9091
616.81,361.7,2.0961
617.82,2.0,1.7199
618.82,301.5,1.892
619.83,340.9,2.035
620.83,355.0,1.6181
621.83,2920.2,1.886
622.84,315.0,2.0114
623.84,349.0,2.2124
624.84,4.0,1.7513
625.85,319.6,1.9886
626.85,337.9,2.1157
627.86,335.7,2.3412
628.86,352.7,2.6056
629.86,331.0,2.8683
630.86,316.4,3.0745
631.87,236.8,1.6195
632.87,2.0,1.9211
633.88,344.0,2.0709
634.88,338.3,2.2903
635.88,349.1,2.5305
636.89,321.4,2.7982
637.89,343.7,2.9848
638.9,264.8,3.1968
639.9,5.0,1.7346
640.9,333.1,1.9815
641.91,341.0,2.1343
642.91,351.0,2.4192
643.92,337.3,2.7069
644.92,329.3,2.9049
645.93,322.3,3.1075
646.93,236.9,1.6218
647.93,1990.0,1.8595
648.94,328.1,2.0285
649.94,345.0,2.2568
650.94,354.1,2.5583
651.95,332.0,2.8488
652.95,337.1,3.0593
653.95,250.8,1.6231
654.96,1487.6,1.8808
655.96,342.3,2.0366
656.97,2.0,1.906
657.97,367.1,2.0828
658.97,356.4,2.3359
659.98,2.0,1.7203
660.98,284.7,1.9041
661.99,340.9,2.0674
662.99,1.0,1.7307
663.99,313.0,1.9248
665.0,356.4,2.1684
666.0,339.6,2.4716
667.0,1.0,1.7687
668.01,335.0,1.9595
669.01,357.9,2.2206
670.01,5.0,1.753
671.02,315.1,1.9268
672.02,358.2,2.1155
673.03,0.0,1.7407
674.03,297.8,1.9138
675.04,358.1,2.0878
676.04,4.0,1.7325
677.04,315.4,1.9108
678.05,360.8,2.0619
679.05,1.0,1.7505
680.05,312.1,1.9136
681.06,362.9,2.0201
682.06,3.0,1.7494
683.06,312.2,1.9364
684.07,3411.5,1.8031
685.07,336.1,1.9653
686.07,17.9,1.8353
687.08,2.0,1.7402
688.08,306.0,1.9265
689.09,7.0,1.7626
690.09,344.9,1.9523
691.09,28.9,1.7829
692.1,306.7,1.9534
693.1,12.0,1.7649
694.11,303.4,1.9444
695.11,5.0,1.7593
696.12,293.7,1.9253
697.12,13.0,1.7653
698.13,312.0,1.9315
699.13,5.0,1.7777
700.13,332.0,1.9513
701.14,5.0,1.7877
702.14,302.0,1.9634
703.14,16.0,1.7757
704.15,329.4,1.9694
705.15,3.0,1.772
706.16,300.4,1.9535
707.16,7.0,1.7841
708.17,298.9,1.9639
709.17,5.0,1.7861
710.18,302.9,1.9574
711.18,3.0,1.8072
712.18,313.0,1.9832
713.18,5.0,1.8097
714.19,303.1,1.9813
715.19,2.0,1.8176
716.19,312.1,1.9764
717.2,356.9,1.682
718.2,3.0,1.9301
719.2,304.0,2.0911
720.21,11.0,1.8121
721.21,346.3,2.0731
722.22,1.0,1.8054
723.22,348.2,2.071
724.23,4.0,1.8114
725.23,339.2,2.1079
726.23,313.2,2.3217
727.24,370.1,2.478
728.24,341.3,2.7191
729.25,322.4,3.0699
730.25,314.4,3.2853
731.25,3.0,1.8299
732.26,336.4,2.1068
733.26,290.1,2.3193
734.27,369.6,2.4834
735.27,328.3,2.711
736.28,319.8,3.0687
737.28,314.0,3.2952
738.28,0.0,1.8668
739.29,336.4,2.274
740.29,336.9,2.3892
741.29,349.3,2.6178
742.3,329.0,2.9725
743.3,315.4,3.2195
744.31,0.0,1.8149
745.31,332.5,2.2025
746.31,343.0,2.373
747.32,355.2,2.5846
748.32,330.5,2.9157
749.33,309.4,3.1744
750.33,3.0,1.7807
751.34,308.5,1.997
752.34,307.5,2.3072
753.35,349.9,2.4043
754.35,351.3,2.5867
755.35,321.4,2.8175
756.36,317.0,3.0811
757.36,294.5,3.2614
758.37,299.5,3.5588
759.37,3.0,1.7826
760.38,317.4,2.0172
761.38,299.1,2.2949
762.38,356.3,2.4117
763.39,345.2,2.6092
764.39,324.3,2.8948
765.4,323.4,3.1261
766.4,309.4,3.3197
767.41,2.0,1.8947
768.41,321.4,2.2941
769.42,350.9,2.4024
770.42,343.3,2.5878
771.43,320.4,2.8417
772.43,320.6,3.1067
773.43,303.7,1.6849
774.44,2.0,1.8963
775.44,315.2,2.0163
776.44,0.0,1.7828
777.45,314.4,1.9785
778.45,377.8,2.1352
779.46,3.0,1.7953
780.46,321.2,1.9662
781.46,359.8,2.103
782.47,3.0,1.8023
783.47,341.3,2.0528
784.48,2.0,1.7653
785.48,308.4,2.0078
786.49,371.0,2.17
787.49,0.0,1.9155
788.49,324.0,2.0961
789.5,350.4,2.2632
790.5,318.4,2.4655
791.5,2.0,1.818
792.51,332.0,2.0407
793.51,362.5,2.2641
794.52,2.0,1.7995
795.52,334.0,1.9744
796.53,11.0,1.9631
797.53,2.0,1.7536
798.53,283.7,1.9833
799.54,1.0,1.848
800.54,306.3,1.9999
801.54,2.0,1.8781
802.55,333.0,2.0723
803.55,359.9,2.279
804.55,0.0,1.8481
805.56,322.0,2.0693
806.56,363.4,2.2325
807.56,348.2,2.3764
808.57,4.0,1.9056
809.57,304.1,2.0457
810.57,357.9,2.2832
811.58,1.0,1.889
812.58,310.1,2.0367
813.58,368.9,2.2559
814.59,2.0,1.947
815.59,315.9,2.2526
816.59,331.2,2.3562
817.6,349.2,2.5138
818.6,320.3,2.7067
819.61,322.3,2.8826
820.61,6735.4,1.8641
821.62,336.3,2.1617
822.62,345.9,2.3022
823.62,360.2,2.4631
824.63,327.3,2.642
825.63,322.4,2.8411
826.64,2.0,1.8274
827.64,316.3,2.0815
828.65,319.1,2.288
829.65,362.0,2.4361
830.65,336.1,2.6607
831.66,335.1,2.8902
832.66,4.0,1.8696
833.66,317.9,2.0217
834.66,3.0,1.8341
835.67,328.0,2.0296
836.67,2.0,1.8745
837.67,334.0,2.0555
838.68,2.0,1.9544
839.68,319.4,2.2528
840.68,367.2,2.4196
841.69,333.3,2.6454
842.69,1.0,1.8244
843.7,292.7,1.9941
844.7,323.4,1.7208
845.71,2.0,1.989
846.71,2.0,1.8274
847.72,303.9,1.992
848.72,3.0,1.824
849.73,319.1,2.0548
850.73,329.1,2.2494
851.73,375.2,2.4015
852.74,340.5,2.6207
853.74,2.0,1.8207
854.74,315.1,2.0095
855.75,2.0,1.8577
856.75,334.3,2.1943
857.75,342.0,2.3299
858.76,342.0,2.5249
859.76,0.0,1.8033
860.77,301.0,2.0004
861.77,307.2,2.2595
862.77,353.9,2.3714
863.77,312.2,2.5255
864.78,333.5,2.7453
865.78,4.0,1.8221
866.79,327.3,2.1136
867.79,337.0,2.2943
868.8,350.2,2.4567
869.8,328.5,2.6315
870.8,334.1,2.7956
871.81,0.0,1.8366
872.81,317.2,2.03
873.81,344.3,2.284
874.82,333.3,2.528
875.82,324.6,2.8491
876.83,287.5,2.984
877.83,143.3,3.1528
878.84,131.4,3.212
879.84,117.4,3.2505
880.85,163.2,3.3255
881.85,112.4,3.3644
882.86,113.4,3.4377
883.86,115.4,3.5191
884.87,104.5,3.6003
885.87,175.1,3.8515
886.88,169.3,1.7217
887.88,1.0,1.964
888.89,321.0,2.0752
889.89,342.3,2.3136
890.89,344.8,2.5331
891.9,2.0,1.8166
892.9,309.6,2.034
893.91,361.6,2.2298
894.91,326.3,2.537
895.92,349.1,2.7652
896.92,244.8,3.2137
897.92,264.3,3.2943
898.93,122.4,3.332
899.93,112.4,3.3963
900.94,103.6,3.4437
901.94,237.8,3.5411
902.95,220.9,3.6656
903.95,131.3,3.7698
904.96,182.2,4.1971
905.96,1.0,1.8292
906.97,309.4,2.024
907.97,342.2,2.1677
908.98,327.3,2.417
909.98,334.8,2.6426
910.98,1.0,1.8506
911.99,326.0,2.0555
912.99,355.3,2.2534
914.0,315.4,2.5243
915.0,352.0,2.7146
916.0,3.0,1.876
917.01,328.0,2.0701
918.01,351.0,2.3705
919.01,342.7,2.6468
920.02,3.0,1.8162
921.02,303.5,2.0093
922.03,350.8,2.1383
923.03,339.0,2.3584
924.03,10.0,1.9059
925.04,313.1,2.0421
926.04,345.3,2.2491
927.04,1.0,1.8369
928.05,339.1,2.0279
929.05,371.4,2.1876
930.06,2.0,1.8268
931.06,323.0,2.0211
932.06,367.9,2.2443
933.06,1.0,1.9074
934.07,325.1,2.0664
935.07,349.2,2.2736
936.08,6.0,1.9166
937.08,312.1,2.0607
938.08,355.8,2.2589
939.09,0.0,1.863
940.09,307.0,2.0319
941.09,368.9,1.7251
942.1,5.0,1.9735
943.1,310.1,2.0773
944.1,349.9,2.2791
945.1,2.0,1.9132
946.11,313.1,2.0581
947.11,356.9,2.2599
948.12,2.0,1.8188
949.12,307.0,1.996
950.12,320.0,2.1197
951.13,2.0,1.8179
952.13,311.4,2.0038
953.13,324.4,2.1315
954.14,342.4,2.3235
955.14,3.0,1.9039
956.14,298.1,2.0404
957.15,347.7,2.2276
958.15,1.0,1.8353
959.15,320.0,2.0173
960.16,348.6,2.1655
961.16,5.0,1.8138
962.17,309.4,2.0022
963.17,2.0,1.8092
964.18,294.7,2.0057
965.18,2.0,1.7619
966.19,285.5,1.99
967.19,310.1,2.0865
968.19,3385.4,1.8797
969.2,316.0,2.0266
970.2,2.0,1.8112
971.21,296.5,1.9975
972.21,342.9,2.1078
973.22,1.0,1.8462
974.22,318.6,2.0168
975.22,366.9,2.1589
976.23,4.0,1.9092
977.23,307.1,2.0498
978.23,6.0,1.8174
979.24,288.5,1.9833
980.24,334.9,2.0988
981.25,0.0,1.9374
982.25,289.3,2.0673
983.25,335.1,2.2973
984.25,335.6,2.5155
985.26,3.0,1.9035
986.26,327.3,2.0522
987.26,350.6,2.2598
988.27,322.4,2.4767
989.27,3.0,1.872
990.28,311.1,2.0302
991.28,0.0,1.8409
992.29,330.3,2.0849
993.29,357.1,2.1815
994.29,2.0,1.9702
995.3,329.0,2.1213
996.3,11.0,1.8673
997.3,336.0,2.0492
998.31,350.0,2.202
999.31,337.3,2.4107
1000.31,315.1,2.6599
1001.32,290.6,1.7333
1002.32,1.0,2.0014
1003.33,347.2,2.1449
1004.33,6.0,1.8587
1005.34,313.0,2.0193
1006.34,1.0,1.8019
1007.34,282.1,1.9892
1008.35,320.0,1.7345
1009.35,2.0,2.0005
1010.35,316.0,2.0989
1011.36,1494.2,1.9759
1012.36,3.0,1.8474
1013.37,289.7,2.0005
1014.37,6.0,1.8327
1015.37,295.8,1.9996
1016.38,3.0,1.8305
1017.38,299.4,2.0508
1018.39,328.8,2.3336
1019.39,312.4,2.6718
1020.4,218.0,3.052
1021.4,177.1,3.5476
1022.41,238.2,3.8163
1023.41,358.6,4.099
1024.42,351.2,4.4499
1025.42,315.7,4.7929
1026.43,328.3,4.9086
1027.43,294.6,4.9847
1028.44,283.5,5.1382
1029.44,304.6,5.424
1030.45,143.2,5.445
1031.45,110.4,5.4451
1032.46,103.5,5.4451
1033.46,101.5,5.4451
1034.47,102.1,5.448
1035.48,280.6,5.5691
1036.48,271.0,5.668
1037.49,263.7,5.7698
1038.49,270.6,5.8333
1039.5,301.6,5.952
1040.5,296.5,6.089
1041.51,236.0,6.1727
1042.51,292.7,6.2898
1043.51,204.2,6.4093
1044.52,235.8,6.5026
1045.52,247.7,6.6164
1046.53,282.5,7.3369
1047.53,175.3,7.3369
1048.54,141.4,7.3369
1049.54,197.2,7.3372
1050.55,229.8,7.3373
1051.55,176.1,7.3373
1052.56,206.4,7.3375
1053.56,191.6,7.3396
1054.56,209.0,7.3397
1055.57,148.2,7.3397
1056.57,162.2,7.3397
1057.58,129.3,7.3399
1058.58,116.4,7.34
1059.59,155.2,7.3401
1060.59,157.2,7.3401
1061.6,125.2,7.3352
1062.61,113.4,7.3352
1063.61,147.2,7.3352
1064.62,105.5,7.3352
1065.62,134.3,7.3352
1066.63,104.5,7.3352
1067.63,104.5,7.3352
1068.64,108.4,7.3352
1069.64,114.4,7.3352
1070.65,134.4,7.3352
1071.65,148.2,7.3352
1072.66,108.5,7.4354
1073.66,104.5,7.4354
1074.67,149.3,7.4354
1075.67,120.5,7.4354
1076.68,116.4,7.4442
1077.68,106.5,7.5354
1078.69,163.2,7.5354
1079.69,101.5,7.5354
1080.7,110.4,7.5354
1081.7,106.5,7.5354
1082.71,264.6,8.2771
1083.71,110.7,8.3476
1084.71,125.5,8.377
1085.72,113.4,8.3771
1086.73,153.2,8.3771
1087.73,170.1,8.3771
1088.74,102.5,8.3771
1089.74,104.5,8.3771
1090.75,102.5,8.3771
1091.75,110.5,8.3771
1092.76,105.5,8.3771
1093.76,102.5,8.3771
1094.77,104.5,8.3771
1095.77,102.5,8.3771
1096.78,100.5,8.3771
1097.78,104.5,8.3771
1098.79,102.5,8.3771
1099.79,123.4,8.3771
1100.8,100.5,8.3771
1101.8,102.5,8.3771
1102.81,101.5,8.3771
1103.81,100.5,8.3771
1104.82,100.5,8.3771
1105.82,100.5,8.3771
1106.83,102.5,8.3771
1107.83,99.5,8.3771
1108.84,111.4,8.3771
1109.84,101.5,8.3771
1110.85,102.5,8.3771
1111.85,102.5,8.3771
1112.86,142.5,8.3771
1113.86,183.1,8.3785
1114.87,100.6,8.3785
1115.87,105.5,8.3785
1116.88,102.5,8.3785
1117.88,103.5,8.3785
1118.89,106.5,8.3785
1119.89,109.4,8.3785
1120.9,102.5,8.3785
1121.9,101.5,8.3785
1122.91,102.5,8.3785
1123.91,106.5,8.3785
1124.92,114.5,8.3788
1125.92,268.6,8.5409
1126.93,101.6,8.5409
1127.93,106.4,8.5409
1128.94,100.5,8.5409
1129.94,141.3,8.5409
1130.95,101.5,8.5409
1131.95,105.5,8.5409
1132.96,110.4,8.5409
1133.96,106.4,8.5412
1134.97,120.4,8.5412
1135.97,101.5,8.5412
1136.98,100.5,8.5412
1137.98,106.5,8.5412
1138.99,107.4,8.5412
1139.99,100.5,8.5412
1141.0,162.2,8.5412
1142.0,102.6,8.5412
1143.01,102.5,8.5412
1144.01,106.4,8.5412
1145.02,109.4,8.5412
1146.02,153.7,8.5412
1147.03,157.2,8.5412
1148.03,118.4,8.5412
1149.04,103.5,8.5412
1150.04,99.5,8.5412
1151.05,103.5,8.5412
1152.05,100.5,8.5412
1153.06,124.4,8.5412
1154.06,136.3,8.5413
1155.06,234.0,8.5415
1156.07,352.9,8.5428
1157.07,348.2,8.8837
1158.08,114.4,1.7385
1159.08,2.0,2.0495
1160.09,324.3,2.4619
1161.09,308.4,2.8996
1162.1,253.7,3.3871
1163.1,204.2,3.7656
1164.11,351.5,3.9224
1165.11,344.7,4.16
1166.12,337.4,4.4292
1167.12,315.4,4.703
1168.13,330.5,4.8554
1169.13,305.7,4.9317
1170.13,310.5,5.039
1171.14,304.4,5.3741
1172.15,194.0,5.4012
1173.15,132.4,5.4015
1174.16,112.4,5.3952
1175.16,100.5,5.3952
1176.17,168.1,5.4421
1177.17,275.8,5.5646
1178.18,269.6,5.687
1179.18,283.5,5.8018
1180.19,203.9,5.905
1181.19,289.5,6.0303
1182.2,277.6,6.1604
1183.2,229.8,6.2888
1184.21,284.5,6.3862
1185.21,293.5,6.4958
1186.22,249.2,6.6102
1187.22,314.4,7.3426
1188.23,233.8,7.3428
1189.23,207.9,7.3429
1190.24,156.2,7.3431
1191.24,143.3,7.3431
1192.25,129.3,7.3431
1193.25,141.3,7.3431
1194.26,129.3,7.3432
1195.26,106.5,7.3432
1196.27,153.2,7.3432
1197.27,151.2,7.3432
1198.28,122.4,7.3432
1199.28,125.4,7.3432
1200.29,105.5,7.4252
1201.29,108.4,7.4432
1202.3,125.4,7.4432
1203.3,112.4,7.4432
1204.31,105.5,7.4432
1205.31,108.4,7.4432
1206.32,105.5,7.4432
1207.32,107.4,7.4432
1208.33,129.6,7.4434
1209.33,127.4,7.4434
1210.34,199.0,7.4434
1211.34,128.3,7.4434
1212.35,118.4,7.4434
1213.35,143.3,7.4434
1214.36,114.4,7.5434
1215.36,118.5,7.5434
1216.37,113.4,7.5434
1217.37,120.4,7.5434
1218.38,122.4,7.5434
1219.38,122.6,7.5434
1220.39,149.2,7.5434
1221.39,183.1,7.5435
1222.39,133.6,7.6022
1223.4,229.8,8.279
1224.4,141.3,8.3721
1225.41,106.4,8.3791
1226.42,108.4,8.3791
1227.42,104.5,8.3791
1228.42,107.5,8.3791
1229.43,117.4,8.3791
1230.44,109.4,8.3791
1231.44,102.5,8.3791
1232.45,102.5,8.3791
1233.45,101.5,8.3791
1234.46,100.5,8.3791
1235.46,99.5,8.3791
1236.47,101.5,8.3791
1237.47,102.6,8.3791
1238.48,102.5,8.3792
1239.48,99.5,8.3793
1240.49,100.5,8.3794
1241.49,105.4,8.3794
1242.5,101.5,8.3794
1243.5,100.5,8.3794
1244.51,101.5,8.3794
1245.51,254.9,8.3794
1246.52,183.1,8.3794
1247.52,101.5,8.3796
1248.53,108.4,8.3796
1249.53,111.4,8.3796
1250.54,136.3,8.3796
1251.54,100.5,8.3796
1252.55,102.5,8.3796
1253.55,100.5,8.3796
1254.56,102.5,8.3796
1255.56,104.5,8.3796
1256.57,104.5,8.3796
1257.57,103.5,8.3796
1258.58,103.5,8.3796
1259.58,101.4,8.3796
1260.59,105.4,8.3796
1261.59,122.4,8.3796
1262.6,113.4,8.3797
1263.6,271.7,8.5661
1264.61,123.4,8.5661
1265.61,122.4,8.5661
1266.62,215.0,8.5695
1267.62,108.4,8.5695
1268.63,102.5,8.5624
1269.63,108.4,8.5624
1270.64,155.3,8.5624
1271.64,115.4,8.5624
1272.65,99.5,8.5624
1273.65,103.5,8.5624
1274.66,110.4,8.5624
1275.66,119.4,8.5624
1276.67,134.3,8.5624
1277.67,195.4,8.5624
1278.68,119.4,8.5624
1279.68,103.5,8.5624
1280.69,99.5,8.5624
1281.69,101.5,8.5624
1282.7,112.6,8.5625
1283.7,231.9,8.5625
1284.71,265.7,8.5629
1285.71,245.7,8.57
1286.72,241.7,8.578
1287.72,189.0,8.578
1288.73,166.1,8.5712
1289.73,136.3,8.5716
1290.74,230.3,8.5722
1291.74,255.6,1.7434
1292.74,2.0,1.8939
1293.75,338.3,2.2245
1294.75,312.4,2.5613
1295.76,312.4,2.9494
1296.76,301.4,3.4384
1297.77,196.0,3.7863
1298.77,355.4,4.0369
1299.78,353.6,4.3418
1300.78,321.7,4.7027
1301.79,336.2,4.8756
1302.79,308.4,4.9526
1303.8,298.5,5.1289
1304.8,284.8,5.3962
1305.81,111.4,5.4119
1306.81,108.4,5.412
1307.82,100.5,5.4039
1308.82,101.5,5.4039
1309.83,128.3,5.4376
1310.83,260.7,5.58
1311.84,303.7,5.6941
1312.84,274.0,5.8081
1313.85,251.7,5.911
1314.85,205.9,6.0373
1315.86,309.4,6.1694
1316.86,256.7,6.2948
1317.87,281.5,6.399
1318.87,298.4,6.517
1319.88,265.6,6.63
1320.88,260.3,6.9153
1321.89,256.7,7.4494
1322.89,193.0,7.5008
1323.9,150.2,7.501
1324.9,150.2,7.501
1325.91,166.2,7.501
1326.91,141.3,7.501
1327.91,141.6,7.5012
1328.92,135.3,7.5012
1329.92,166.1,7.5012
1330.93,146.2,7.5012
1331.94,117.4,7.5012
1332.94,111.4,7.5012
1333.95,134.3,7.5742
1334.95,117.4,7.6012
1335.96,224.8,7.6012
1336.96,155.2,7.6012
1337.97,112.4,7.6012
1338.97,103.6,7.6012
1339.98,120.4,7.6014
1340.98,146.2,7.6014
1341.99,202.9,7.6014
1342.99,119.5,7.6014
1344.0,133.3,7.6014
1345.0,101.5,7.6014
1346.01,105.5,7.6014
1347.01,114.4,7.6014
1348.02,113.4,7.6014
1349.02,125.4,7.6014
1350.03,127.3,7.6015
1351.03,174.1,7.6015
1352.04,113.5,7.6015
1353.04,113.5,7.6015
1354.04,152.6,7.666
1355.05,293.5,8.3438
1356.05,106.4,8.3928
1357.06,111.4,8.3928
1358.06,108.5,8.393
1359.07,105.5,8.393
1360.08,120.4,8.393
1361.08,101.5,8.393
1362.09,103.5,8.393
1363.09,105.5,8.393
1364.1,100.5,8.393
1365.1,99.5,8.393
1366.11,102.5,8.393
1367.11,101.5,8.393
1368.12,100.5,8.393
1369.12,99.6,8.3932
1370.13,133.3,8.3933
1371.13,162.1,8.3933
1372.14,103.5,8.3933
1373.14,100.5,8.3933
1374.15,107.5,8.3933
1375.15,207.9,8.3933
1376.16,101.5,8.3933
1377.16,105.5,8.3933
1378.17,104.5,8.3933
1379.17,115.4,8.3933
1380.18,141.3,8.3933
1381.18,106.5,8.3933
1382.19,100.5,8.3933
1383.19,102.5,8.3933
1384.2,103.6,8.3933
1385.2,103.5,8.3933
1386.21,101.5,8.3933
1387.21,103.5,8.3933
1388.22,101.5,8.3933
1389.22,101.5,8.3933
1390.23,121.4,8.3933
1391.23,111.4,8.3933
1392.24,113.4,8.3933
1393.24,122.4,8.3933
1394.25,276.6,8.5843
1395.25,171.1,8.5856
1396.26,104.5,8.5856
1397.26,100.5,8.5856
1398.27,109.4,8.5856
1399.27,202.0,8.5856
1400.28,113.4,8.5856
1401.28,102.5,8.5856
1402.29,107.4,8.5856
1403.29,105.4,8.5856
1404.3,114.4,8.5856
1405.3,140.6,8.5856
1406.31,176.1,8.5856
1407.31,112.4,8.5856
1408.32,101.5,8.5856
1409.32,103.5,8.5856
1410.33,100.5,8.5856
1411.33,136.3,8.5857
1412.34,229.8,8.5857
1413.34,271.6,8.5863
1414.35,285.5,8.5923
1415.35,285.7,8.5929
1416.36,158.2,1.7461
1417.36,3082.5,1.9291
1418.37,340.0,2.1881
1419.37,376.8,2.3733
1420.37,343.5,2.6074
1421.38,323.4,2.9734
1422.38,286.5,3.1417
1423.39,224.8,3.2187
1424.39,304.1,3.3539
1425.4,5.0,1.8565
1426.4,317.1,2.1045
1427.4,319.4,2.4376
1428.41,311.4,2.8672
1429.42,170.1,3.3678
1430.42,172.3,3.7359
1431.42,351.9,3.9098
1432.43,347.9,4.1741
1433.43,327.6,4.4844
1434.44,322.2,4.7498
1435.44,305.6,5.0576
1436.45,320.3,5.2681
1437.45,307.6,5.3751
1438.46,221.8,5.4635
1439.46,283.5,5.5744
1440.47,284.7,5.6616
1441.47,302.4,5.7782
1442.48,284.5,5.8743
1443.48,239.8,5.9678
1444.49,296.5,6.0686
1445.49,256.6,6.1684
1446.5,243.7,6.2957
1447.5,153.2,6.3744
1448.5,233.4,6.4909
1449.51,227.3,6.5823
1450.51,278.3,7.231
1451.51,164.2,7.3176
1452.52,156.2,7.3203
1453.52,182.1,7.3206
1454.53,157.2,7.3206
1455.54,147.2,7.3206
1456.54,123.4,7.3206
1457.55,131.3,7.3208
1458.55,127.3,7.3208
1459.56,114.4,7.3208
1460.56,148.2,7.3208
1461.57,106.5,7.3208
1462.57,140.3,7.321
1463.57,111.7,7.321
1464.58,135.3,7.321
1465.58,111.4,7.421
1466.59,102.5,7.421
1467.6,142.3,7.421
1468.6,133.3,7.421
1469.61,137.3,7.421
1470.61,104.5,7.421
1471.62,113.4,7.421
1472.62,161.2,7.421
1473.63,122.4,7.421
1474.63,103.4,7.421
1475.64,104.5,7.421
1476.64,104.5,7.421
1477.65,127.3,7.421
1478.65,101.5,7.421
1479.66,124.3,7.421
1480.66,115.4,7.421
1481.67,116.4,7.421
1482.67,137.3,7.421
1483.68,150.3,7.421
1484.68,111.4,7.421
1485.69,101.5,7.521
1486.69,104.5,7.521
1487.7,114.4,7.521
1488.7,102.5,7.521
1489.71,255.7,8.2483
1490.71,123.4,8.2569
1491.72,101.5,8.3401
1492.72,108.4,8.3463
1493.73,101.4,8.3463
1494.73,108.4,8.3463
1495.74,106.5,8.3463
1496.75,109.4,8.3465
1497.75,100.4,8.3465
1498.76,101.5,8.3465
1499.76,106.4,8.3465
1500.77,110.5,8.3465
1501.77,103.6,8.3465
1502.78,103.5,8.3465
1503.78,101.5,8.3466
1504.79,116.4,8.3467
1505.79,102.5,8.3467
1506.8,102.5,8.3467
1507.8,106.5,8.3467
1508.81,100.6,8.3467
1509.81,102.5,8.3467
1510.82,100.5,8.3467
1511.82,100.5,8.3467
1512.83,100.5,8.3467
1513.83,102.5,8.3467
1514.84,108.4,8.3467
1515.84,160.5,8.3467
1516.85,107.5,8.3468
1517.85,154.2,8.3468
1518.86,130.3,8.3468
1519.86,99.5,8.3468
1520.87,112.4,8.347
1521.87,99.5,8.347
1522.88,102.5,8.347
1523.88,102.5,8.347
1524.89,100.5,8.347
1525.89,110.4,8.347
1526.9,100.5,8.347
1527.9,100.5,8.347
1528.91,99.5,8.347
1529.91,103.5,8.347
1530.92,101.5,8.347
1531.92,99.5,8.347
1532.93,102.5,8.3472
1533.93,101.5,8.3472
1534.94,101.5,8.3472
1535.94,278.5,8.5429
1536.95,101.5,8.5429
1537.95,100.5,8.5429
1538.96,101.5,8.5429
1539.96,110.5,8.5429
1540.97,129.3,8.5429
1541.97,100.5,8.5429
1542.98,102.5,8.5429
1543.98,118.4,8.5429
1544.99,102.5,8.5429
1545.99,100.6,8.5429
1547.0,100.5,8.5429
1548.0,101.8,8.5429
1549.01,135.3,8.5429
1550.01,100.5,8.5429
1551.02,100.5,8.5429
1552.02,114.4,8.5431
1553.03,100.5,8.5431
1554.03,104.5,8.5431
1555.04,100.4,8.5431
1556.04,115.6,8.5431
1557.05,101.5,8.5431
1558.05,101.5,8.5431
1559.06,101.5,8.5431
1560.06,103.5,8.5431
1561.07,100.5,8.5431
1562.07,102.7,8.5431
1563.08,101.5,8.5431
1564.08,100.5,8.5431
1565.08,121.7,8.5431
1566.09,100.5,8.5431
1567.09,104.5,8.5431
1568.1,102.5,8.5431
1569.1,103.5,8.5431
1570.11,100.5,8.5431
1571.11,283.2,8.5436
1572.12,291.1,8.8504
1573.12,298.5,8.8561
1574.12,291.8,8.8785
1575.13,9.0,1.8365
1576.13,290.2,2.0462
1577.14,306.4,2.3802
1578.14,309.5,2.6775
1579.15,304.4,3.0342
1580.15,183.0,3.5193
1581.16,275.1,3.7464
1582.16,355.9,3.9528
1583.16,337.3,4.2344
1584.17,332.3,4.5108
1585.17,311.4,4.766
1586.18,309.4,5.0908
1587.19,322.3,5.2446
1588.19,266.6,5.3197
1589.2,290.5,5.4158
1590.2,268.6,5.5227
1591.21,300.6,5.6167
1592.21,273.6,5.732
1593.22,294.4,5.8527
1594.22,290.3,5.9286
1595.22,236.8,6.0091
1596.23,252.7,6.1299
1597.23,183.2,6.2283
1598.24,169.1,6.3048
1599.24,279.8,6.4087
1600.25,253.7,6.5092
1601.25,279.6,6.6297
1602.26,135.3,6.7232
1603.26,261.2,7.3953
1604.27,189.1,7.4293
1605.27,164.1,7.4293
1606.28,187.0,7.4294
1607.28,165.1,7.4297
1608.29,157.2,7.4297
1609.29,146.3,7.4297
1610.3,106.4,7.4297
1611.3,169.1,7.4297
1612.31,124.4,7.4299
1613.31,127.3,7.4299
1614.32,133.3,7.4299
1615.32,125.3,7.4523
1616.33,100.5,7.5299
1617.33,137.5,7.5299
1618.34,149.2,7.5299
1619.34,153.2,7.5299
1620.35,125.4,7.5299
1621.35,152.2,7.5299
1622.36,103.5,7.5299
1623.36,101.5,7.5299
1624.37,107.5,7.5299
1625.37,106.5,7.5299
1626.38,121.4,7.5299
1627.38,123.4,7.5301
1628.39,108.4,7.5301
1629.39,131.3,7.5301
1630.4,100.5,7.5301
1631.4,115.4,7.5301
1632.41,154.3,7.5301
1633.41,107.4,7.5301
1634.42,108.4,7.5301
1635.42,101.5,7.5301
1636.43,100.5,7.5301
1637.43,106.5,7.5301
1638.44,129.3,7.5301
1639.44,259.6,8.2475
1640.45,103.6,8.3454
1641.45,101.5,8.3454
1642.46,102.5,8.3454
1643.46,103.5,8.3454
1644.47,99.5,8.3454
1645.47,121.4,8.3454
1646.48,101.5,8.3454
1647.48,101.5,8.3454
1648.49,101.5,8.3454
1649.5,110.4,8.3454
1650.5,107.4,8.3454
1651.51,100.5,8.3454
1652.51,111.4,8.3454
1653.52,100.5,8.3454
1654.52,100.5,8.3454
1655.53,103.5,8.3454
1656.53,100.5,8.3454
1657.54,100.5,8.3454
1658.54,105.4,8.3454
1659.55,108.4,8.3454
1660.55,178.1,8.3454
1661.56,103.5,8.3454
1662.56,164.1,8.3454
1663.57,120.4,8.3454
1664.57,153.2,8.3457
1665.58,103.5,8.3457
1666.58,102.5,8.3457
1667.59,100.5,8.3457
1668.59,105.5,8.3457
1669.6,101.5,8.3457
1670.6,107.4,8.3457
1671.61,102.5,8.3457
1672.61,101.5,8.3457
1673.62,101.5,8.3457
1674.62,132.3,8.3457
1675.63,100.5,8.3457
1676.63,101.5,8.3457
1677.64,104.5,8.3457
1678.65,101.5,8.3457
1679.65,100.5,8.3457
1680.65,280.1,8.5471
1681.66,101.5,8.5471
1682.66,100.5,8.5471
1683.67,127.3,8.5471
1684.67,118.4,8.5471
1685.68,105.5,8.5471
1686.68,100.5,8.5471
1687.69,101.5,8.5471
1688.69,100.5,8.5471
1689.7,101.5,8.5471
1690.7,106.4,8.5471
1691.71,137.3,8.5471
1692.71,99.6,8.5471
1693.72,119.4,8.5471
1694.72,104.5,8.5471
1695.73,101.5,8.5471
1696.73,101.5,8.5471
1697.74,103.5,8.5471
1698.75,106.5,8.5471
1699.75,127.3,8.5471
1700.76,100.5,8.5471
1701.76,102.5,8.5471
1702.77,102.5,8.5471
1703.77,102.5,8.5471
1704.78,100.5,8.5471
1705.78,101.5,8.5471
1706.79,117.5,8.5472
1707.79,106.5,8.5472
1708.8,99.5,8.5472
1709.8,102.5,8.5472
1710.81,100.5,8.5472
1711.81,108.4,8.5472
1712.82,195.0,8.5472
1713.82,254.9,8.5475
1714.82,374.8,8.8242
1715.83,250.7,8.8608
1716.83,5.0,1.7779
1717.84,314.3,2.0808
1718.84,317.3,2.4233
1719.85,317.2,2.8328
1720.85,221.9,3.306
1721.86,225.0,3.6627
1722.86,352.3,3.8705
1723.87,355.7,4.1965
1724.87,324.4,4.5383
1725.88,310.4,4.8941
1726.88,328.6,5.03
1727.89,304.4,5.1125
1728.89,302.4,5.2384
1729.9,299.4,5.3252
1730.9,298.5,5.4516
1731.91,292.6,5.5516
1732.91,276.6,5.642
1733.92,302.4,5.734
1734.92,310.4,5.9297
1735.93,164.1,5.9756
1736.93,190.2,6.0602
1737.94,252.7,6.1703
1738.94,262.6,6.2855
1739.95,241.7,6.4067
1740.95,278.8,6.5186
1741.96,233.8,6.6457
1742.96,151.2,6.7556
1743.97,265.6,7.4112
1744.97,168.4,7.4635
1745.97,130.3,7.4635
1746.98,129.3,7.4636
1747.98,208.9,7.4637
1748.99,157.2,7.4637
1750.0,122.4,7.4642
1751.0,103.5,7.4642
1752.01,140.3,7.4642
1753.01,129.4,7.4642
1754.02,141.3,7.4642
1755.02,161.2,7.4642
1756.03,189.0,7.4644
1757.03,216.1,7.4644
1758.04,102.5,7.4644
1759.04,109.4,7.5626
1760.05,106.4,7.5644
1761.05,146.3,7.5644
1762.06,118.4,7.5644
1763.06,110.4,7.5644
1764.07,248.8,7.5644
1765.07,201.9,7.5644
1766.08,109.4,7.5644
1767.08,102.5,7.5644
1768.09,105.5,7.5644
1769.09,120.4,7.5644
1770.1,114.4,7.5644
1771.1,144.3,7.566
1772.11,105.5,7.566
1773.11,172.1,7.5661
1774.12,104.5,7.5661
1775.12,158.3,7.5664
1776.13,107.5,7.5664
1777.13,127.6,7.5664
1778.14,154.2,7.5666
1779.14,150.2,7.5668
1780.15,108.4,7.5668
1781.15,254.7,8.2729
1782.16,100.5,8.3209
1783.16,119.4,8.3209
1784.17,117.5,8.3209
1785.17,130.3,8.3209
1786.18,101.5,8.3209
1787.18,107.5,8.3209
1788.19,100.5,8.3209
1789.19,101.5,8.3209
1790.2,100.5,8.3209
1791.2,116.4,8.3209
1792.21,100.5,8.3209
1793.21,121.4,8.3209
1794.22,180.1,8.3209
1795.22,109.5,8.3209
1796.23,139.3,8.3209
1797.23,105.5,8.3209
1798.24,103.5,8.3209
1799.24,109.4,8.3209
1800.25,101.5,8.3209
1801.25,102.5,8.3209
1802.26,112.5,8.3209
1803.26,103.5,8.3209
1804.27,146.2,8.3209
1805.27,100.5,8.3209
1806.28,104.5,8.3209
1807.28,102.5,8.3209
1808.29,106.4,8.3209
1809.29,101.5,8.3209
1810.3,102.5,8.3209
1811.3,102.5,8.3209
1812.31,99.5,8.3209
1813.31,129.4,8.3209
1814.32,114.4,8.3209
1815.32,120.4,8.3209
1816.33,107.5,8.3209
1817.34,129.3,8.3209
1818.34,101.5,8.3209
1819.35,100.5,8.3209
1820.35,102.6,8.3209
1821.36,100.5,8.3209
1822.36,115.4,8.3209
1823.36,121.6,8.3214
1824.37,246.8,8.5173
1825.37,101.5,8.5173
1826.38,104.5,8.5173
1827.38,106.5,8.5173
1828.39,100.5,8.5173
1829.39,101.5,8.5173
1830.4,104.5,8.5173
1831.4,129.4,8.5173
1832.41,99.5,8.5173
1833.41,106.4,8.5175
1834.42,100.5,8.5175
1835.42,102.5,8.5175
1836.43,101.5,8.5175
1837.44,125.3,8.5175
1838.44,99.5,8.5175
1839.45,103.5,8.5175
1840.45,101.5,8.5175
1841.46,101.5,8.5175
1842.46,210.3,8.5176
1843.46,239.8,8.5179
1844.47,256.8,8.518
1845.47,279.6,8.518
1846.48,273.8,1.7638
1847.48,5.0,1.8898
1848.49,343.4,2.2433
1849.49,313.3,2.6609
1850.5,308.4,3.124
1851.5,245.2,3.4329
1852.5,347.0,3.6103
1853.51,343.0,3.891
1854.51,334.6,4.1669
1855.51,314.6,4.4421
1856.52,322.3,4.6321
1857.53,315.4,4.7252
1858.53,302.5,4.8369
1859.54,301.4,4.9497
1860.54,306.4,5.0837
1861.55,306.4,5.2079
1862.55,285.5,5.3088
1863.56,295.5,5.4514
1864.56,291.7,5.627
1865.57,172.1,5.7036
1866.57,282.8,5.8418
1867.58,304.4,5.9494
1868.58,307.4,6.1008
1869.59,263.6,6.2001
1870.59,273.9,6.2981
1871.6,250.7,6.3998
1872.6,205.3,6.5423
1873.6,184.1,6.6501
1874.61,172.1,6.7428
1875.61,280.6,7.3464
1876.62,166.1,7.3984
1877.62,189.0,7.3984
1878.63,155.4,7.3989
1879.63,108.5,7.3989
1880.64,133.4,7.3989
1881.64,128.3,7.3989
1882.65,130.3,7.3989
1883.65,174.1,7.3989
1884.66,157.2,7.3989
1885.66,106.5,7.3989
1886.67,123.4,7.4989
1887.67,106.5,7.4989
1888.68,137.3,7.4989
1889.68,102.5,7.4989
1890.69,140.3,7.4989
1891.7,109.4,7.4989
1892.7,130.3,7.499
1893.71,149.2,7.499
1894.71,115.4,7.499
1895.72,109.4,7.499
1896.72,143.3,7.499
1897.73,140.4,7.499
1898.73,114.4,7.499
1899.74,116.4,7.499
1900.74,100.5,7.499
1901.75,100.5,7.499
1902.75,105.5,7.499
1903.76,155.2,7.499
1904.76,189.0,7.499
1905.77,179.1,7.499
1906.77,121.4,7.499
1907.78,113.6,7.5415
1908.78,236.8,8.1847
1909.78,118.6,8.2047
1910.79,101.5,8.2047
1911.79,136.3,8.2047
1912.8,111.4,8.2048
1913.8,116.4,8.2048
1914.81,103.5,8.2048
1915.82,102.5,8.2048
1916.82,102.5,8.2048
1917.83,104.5,8.2048
1918.83,110.4,8.2051
1919.84,100.5,8.2051
1920.84,172.1,8.2051
1921.85,107.5,8.2051
1922.85,200.4,8.2076
1923.85,106.5,8.2076
1924.86,100.6,8.2076
1925.86,106.5,8.2076
1926.87,111.4,8.2076
1927.87,110.4,8.2023
1928.88,108.4,8.2024
1929.88,112.4,8.2024
1930.89,100.5,8.2024
1931.89,101.5,8.2027
1932.9,109.4,8.2027
1933.9,120.4,8.2027
1934.91,101.5,8.2027
1935.92,101.5,8.2027
1936.92,102.5,8.2027
1937.93,101.5,8.2027
1938.93,124.4,8.2027
1939.94,102.5,8.2027
1940.94,103.5,8.2027
1941.94,121.6,8.2031
1942.95,252.7,8.4906
1943.95,278.6,8.4909
1944.96,235.8,8.4839
1945.96,149.2,8.4839
1946.97,107.4,8.4839
1947.97,142.3,8.4839
1948.98,274.6,8.4866
1949.99,139.3,8.4866
1950.99,174.1,8.4878
1952.0,101.5,8.4878
1953.0,127.4,8.4878
1954.01,100.5,8.4878
1955.01,103.5,8.4878
1956.02,100.5,8.4878
1957.02,101.5,8.4878
1958.03,100.5,8.4878
1959.03,102.5,8.4878
1960.04,100.5,8.4878
1961.04,216.0,8.4883
1962.05,167.1,1.7682
1963.05,4.0,1.8951
1964.05,338.5,2.17
1965.06,313.4,2.5233
1966.06,312.4,2.8733
1967.07,302.4,3.2379
1968.07,268.4,3.4503
1969.08,347.9,3.6466
1970.08,351.2,3.9946
1971.08,326.5,4.3381
1972.09,319.3,4.6369
1973.09,320.4,4.7397
1974.1,302.4,4.8557
1975.1,303.4,4.974
1976.11,303.4,5.1013
1977.11,304.4,5.2298
1978.12,302.5,5.3271
1979.12,309.4,5.4642
1980.13,305.4,5.6414
1981.13,197.0,5.7171
1982.14,282.7,5.8306
1983.14,251.7,5.9292
1984.15,297.5,6.0467
1985.15,292.5,6.1525
1986.16,247.9,6.2446
1987.16,259.0,6.3572
1988.17,170.1,6.4436
1989.17,195.1,6.5681
1990.18,178.0,6.6657
1991.18,113.4,6.7357
1992.19,282.5,7.3661
1993.19,238.1,7.3685
1994.2,156.2,7.3685
1995.2,164.2,7.3685
1996.21,125.4,7.3685
1997.21,112.4,7.3685
1998.22,114.4,7.3685
1999.22,142.3,7.3685
2000.23,132.3,7.3685
2001.23,117.4,7.4685
2002.24,139.3,7.4688
2003.24,117.5,7.4688
2004.25,111.4,7.4688
2005.25,109.4,7.4688
2006.26,132.3,7.4688
2007.26,122.5,7.4688
2008.27,132.3,7.4689
2009.27,147.1,7.4693
2010.28,163.1,7.4694
2011.28,107.4,7.4694
2012.29,101.5,7.4694
2013.29,162.2,7.4694
2014.3,158.2,7.4694
2015.3,104.5,7.4694
2016.31,112.4,7.4694
2017.31,100.5,7.4694
2018.32,102.5,7.4694
2019.32,120.4,7.4694
2020.33,150.2,7.4694
2021.34,123.4,7.4694
2022.34,122.4,7.4694
2023.34,191.4,7.9114
2024.35,153.3,8.225
2025.35,116.4,8.225
2026.36,133.3,8.225
2027.36,113.6,8.225
2028.37,149.3,8.225
2029.37,102.5,8.2251
2030.38,106.5,8.2251
2031.38,101.4,8.2251
2032.39,113.6,8.2251
2033.39,100.5,8.2251
2034.4,151.2,8.2251
2035.4,121.6,8.2251
2036.4,115.6,8.2251
2037.41,104.5,8.2251
2038.41,106.5,8.2251
2039.42,101.5,8.2251
2040.42,101.5,8.2251
2041.43,128.3,8.2252
2042.43,113.4,8.2252
2043.44,106.5,8.2252
2044.44,99.5,8.2252
2045.45,102.5,8.2252
2046.45,101.5,8.2252
2047.46,128.7,8.2252
2048.46,100.5,8.2252
2049.47,104.5,8.2252
2050.47,128.5,8.2252
2051.48,100.5,8.2252
2052.48,114.4,8.2252
2053.49,113.4,8.2252
2054.49,102.5,8.2252
2055.5,107.4,8.2252
2056.5,274.6,8.512
2057.5,252.2,8.5123
2058.51,2.0,1.8549
2059.51,308.2,2.0957
2060.52,336.8,2.2163
2061.52,346.2,2.4928
2062.53,333.3,2.9304
2063.53,314.4,3.3588
2064.54,307.5,3.8953
2065.54,312.4,4.3065
2066.55,293.6,4.8913
2067.55,303.6,5.3084
2068.56,303.3,5.7131
2069.56,303.4,6.1422
2070.57,295.7,6.6244
2071.57,304.4,6.993
2072.58,303.4,7.0192
2073.58,310.4,7.0199
2074.59,341.6,7.0263
2075.59,219.9,1.7715
2076.6,1.0,2.0467
2077.6,353.3,2.2414
2078.61,347.5,2.5916
2079.61,334.5,3.0117
2080.61,314.6,3.4333
2081.62,308.4,3.9728
2082.63,304.2,4.391
2083.63,260.9,4.9746
2084.64,305.2,5.3812
2085.64,304.2,5.7834
2086.65,302.7,6.216
2087.65,303.4,6.7011
2088.66,310.4,7.0179
2089.66,304.4,7.0184
2090.66,313.1,7.019
2091.67,328.9,7.0216
2092.67,2.0,1.8894
2093.67,329.1,2.1596
2094.68,329.2,2.2718
2095.68,346.3,2.4817
2096.69,336.6,2.6986
2097.69,321.0,3.0445
2098.69,3.0,1.9847
2099.7,346.9,2.1708
2100.7,341.5,1.7721
2101.7,1.0,2.0297
2102.71,318.1,2.1631
2103.71,337.3,2.4171
2104.72,340.5,2.7611
2105.72,330.3,3.1363
2106.73,306.7,3.7086
2107.73,315.3,4.1094
2108.74,303.4,4.5152
2109.74,301.6,4.9638
2110.75,302.5,5.3937
2111.75,301.4,5.8772
2112.76,312.3,6.2757
2113.76,311.0,6.8584
2114.76,303.1,7.0387
2115.77,301.5,7.0392
2116.77,328.0,7.0411
2117.78,290.5,1.7721
2118.78,1.0,1.9556
2119.78,315.1,2.1064
2120.79,1459.7,1.8979
2121.79,308.9,2.0886
2122.79,340.7,2.2567
2123.8,319.9,2.5261
2124.81,306.4,2.8241
2125.81,311.6,3.172
2126.82,312.4,3.5076
2127.82,330.9,3.7758
2128.82,3.0,1.9007
2129.83,320.0,2.1004
2130.83,356.2,2.3513
2131.84,313.4,2.7
2132.84,314.4,3.0527
2133.85,307.1,3.3823
2134.85,310.1,3.706
2135.85,1.0,1.8508
2136.86,314.1,2.0821
2137.86,356.3,2.2558
2138.86,321.7,2.5049
2139.87,307.4,2.8095
2140.87,306.4,3.0981
2141.88,320.3,3.364
2142.88,303.7,3.6525
2143.89,341.2,3.8311
2144.89,4027.7,1.9009
2145.89,335.1,2.1015
2146.9,361.2,2.3704
2147.9,324.7,2.7271
2148.91,314.4,3.0947
2149.91,317.4,3.434
2150.91,330.2,3.7301
2151.92,1.0,1.8827
2152.93,288.5,2.0683
2153.93,330.4,2.249
2154.94,332.3,2.576
2155.94,307.4,2.9176
2156.94,318.1,3.2565
2157.95,308.5,3.5792
2158.96,339.7,3.8246
2159.96,1.0,1.9455
2160.96,326.1,2.1446
2161.97,340.3,2.4389
2162.97,307.4,2.8035
2163.98,311.4,3.1575
2164.98,304.7,3.4694
2165.98,327.0,3.7368
2166.99,3.0,1.8856
2167.99,335.3,2.0882
2169.0,358.8,2.2943
2170.0,316.4,2.644
2171.01,306.4,3.0073
2172.01,313.4,3.3393
2173.01,307.1,3.6739
2174.02,3.0,1.8551
2175.02,290.6,2.0663
2176.03,341.2,2.2701
2177.03,315.9,2.6084
2178.04,306.4,2.9868
2179.04,311.4,3.3157
2180.05,307.9,3.6472
2181.05,306.5,1.7735
2182.06,3.0,2.0285
2183.06,337.1,2.1781
2184.07,352.2,2.4879
2185.07,315.4,2.8634
2186.07,319.9,3.22
2187.08,312.4,3.574
2188.08,342.2,3.8278
2189.09,4.0,1.9352
2190.09,321.2,2.0945
2191.09,340.5,2.2976
2192.1,315.3,2.5729
2193.1,304.4,2.8699
2194.11,310.5,3.1581
2195.11,310.6,3.4962
2196.12,336.3,3.7652
2197.12,1.0,1.901
2198.12,329.4,2.1058
2199.13,350.3,2.3746
2200.13,312.4,2.7481
2201.14,312.3,3.1118
2202.14,310.5,3.4376
2203.15,321.0,3.7164
2204.15,2.0,1.8789
2205.16,325.0,2.0901
2206.16,357.9,2.3222
2207.16,323.4,2.6807
2208.17,314.4,3.0508
2209.17,312.4,3.3799
2210.18,320.3,3.7068
2211.19,1.0,1.8361
2212.19,293.5,2.0708
2213.19,342.0,2.2673
2214.2,315.4,2.613
2215.2,308.9,2.9852
2216.21,319.5,3.3156
2217.21,303.4,3.6514
2218.22,298.4,1.7739
2219.22,0.0,1.9932
2220.22,347.9,2.1618
2221.23,349.9,2.3791
2222.23,315.4,2.7478
2223.24,312.4,3.1283
2224.24,313.5,3.4649
2225.25,327.6,3.752
2226.25,2.0,1.9047
2227.25,351.1,2.1211
2228.26,358.9,2.409
2229.26,321.4,2.7907
2230.27,314.4,3.1516
2231.27,313.5,3.507
2232.27,345.5,3.7841
2233.28,4.0,2.025
2234.28,339.1,2.1952
2235.29,332.9,2.505
2236.29,315.7,2.7513
2237.3,2.0,1.8856
2238.3,322.6,2.0676
2239.3,1.0,1.7752
2240.31,295.7,2.0562
2241.31,363.9,2.2157
2242.32,3.0,2.0081
2243.32,326.1,2.1459
2244.32,2.0,1.9516
2245.32,303.2,2.0883
2246.33,1.0,1.783
2247.33,298.5,2.0551
2248.34,1.0,1.8711
2249.34,304.2,2.0522
2250.34,1.0,1.8565
2251.35,311.4,2.0971
2252.35,306.8,2.3365
2253.36,368.0,2.4738
2254.36,327.3,2.6976
2255.37,316.3,3.0095
2256.37,311.4,3.4036
2257.38,314.3,3.6794
2258.38,322.3,3.96
2259.39,307.4,4.2456
2260.39,308.4,4.5643
2261.4,325.5,4.8196
2262.4,3.0,1.7902
2263.41,279.7,2.0553
2264.41,5.0,1.8868
2265.41,338.9,2.0705
2266.42,2.0,1.9533
2267.42,333.2,2.108
2268.42,4129.3,1.9288
2269.42,309.3,2.0799
2270.43,2.0,1.8961
2271.43,333.1,2.086
2272.43,1.0,1.911
2273.43,326.1,2.0963
2274.44,2.0,1.9856
2275.44,338.0,2.1273
2276.45,5.0,2.0228
2277.45,338.3,1.7768
2278.46,1.0,2.0471
2279.46,4.0,1.8696
2280.46,292.2,2.0387
2281.47,1.0,1.8918
2282.48,322.1,2.0692
2283.48,17.0,2.05
2284.49,1.0,1.8802
2285.49,309.1,2.0605
2286.49,2.0,1.9092
2287.49,323.1,1.7822
2288.5,2.0,2.0578
2289.5,351.1,2.2512
2290.5,2.0,1.9318
2291.5,300.2,2.0824
2292.51,3.0,1.8819
2293.51,313.1,2.0766
2294.51,361.8,2.2871
2295.52,0.0,2.0092
2296.52,2.0,1.7859
2297.52,304.5,2.0698
2298.53,339.2,2.1937
2299.54,357.1,2.4028
2300.54,342.3,2.6398
2301.54,2.0,1.9359
2302.55,331.0,2.1082
2303.55,363.8,2.2702
2304.55,345.7,2.5141
2305.56,4.0,1.8741
2306.56,306.1,2.0948
2307.56,351.1,2.2254
2308.57,3.0,1.9182
2309.57,343.1,2.16
2310.57,1.0,1.8845
2311.58,309.1,2.1049
2312.58,331.1,2.2149
2313.58,341.3,2.4244
2314.59,1.0,1.9653
2315.59,304.0,2.1683
2316.59,356.9,2.4159
2317.6,324.1,2.7732
2318.6,310.7,3.1817
2319.61,298.5,3.5621
2320.61,346.8,3.7949
2321.61,314.4,3.9798
2322.62,194.0,4.0896
2323.62,141.3,4.1835
2324.63,124.4,4.2725
2325.64,133.2,4.3553
2326.64,105.4,4.423
2327.65,105.5,4.4921
2328.65,216.9,4.9081
2329.66,2.0,1.8899
2330.66,317.5,2.1239
2331.66,354.1,2.2551
2332.67,331.3,2.5129
2333.67,314.8,2.8525
2334.68,307.4,3.2786
2335.69,315.7,3.6323
2336.69,345.0,3.8851
2337.69,5.0,1.9936
2338.69,326.1,2.1771
2339.7,362.2,2.3348
2340.7,4.0,2.0308
2341.7,360.4,2.2207
2342.71,2.0,1.9421
2343.71,351.1,2.1873
2344.71,356.2,2.3307
2345.72,1474.4,2.0449
2346.72,354.7,2.2057
2347.73,3.0,1.9029
2348.73,347.9,2.1493
2349.73,366.7,2.3034
2350.74,2.0,2.0635
2351.74,343.2,2.1938
2352.74,1.0,1.9953
2353.75,322.1,2.1727
2354.75,340.3,2.4908
2355.76,313.5,2.8418
2356.76,349.9,3.1008
2357.76,4.0,1.9895
2358.77,2.0,1.7995
2359.77,292.8,2.1282
2360.78,316.4,2.4736
2361.78,262.7,2.8349
2362.79,178.1,3.2255
2363.79,170.2,3.6339
2364.8,105.5,4.1227
2365.8,199.0,4.3302
2366.81,358.1,4.5259
2367.81,330.4,4.7695
2368.82,324.3,4.9378
2369.82,316.6,5.0167
2370.83,269.6,5.0678
2371.83,305.4,5.3416
2372.84,306.5,5.5147
2373.84,169.1,5.5117
2374.85,233.8,5.6125
2375.85,302.5,5.6547
2376.86,268.6,5.7224
2377.86,237.8,5.7894
2378.87,218.9,5.8585
2379.87,287.8,5.922
2380.88,302.7,6.0382
2381.88,278.6,6.1014
2382.89,297.5,6.1946
2383.89,272.6,6.2774
2384.9,206.1,6.3231
2385.9,260.6,6.3951
2386.91,258.7,6.5317
2387.91,260.7,6.6369
2388.92,335.2,7.1081
2389.92,258.7,7.5379
2390.93,99.5,7.5379
2391.93,125.3,7.5528
2392.94,195.1,7.591
2393.94,150.2,7.5816
2394.95,189.0,7.5818
2395.95,238.8,7.582
2396.96,230.8,7.582
2397.96,187.0,7.5821
2398.97,234.8,7.5823
2399.97,147.2,7.5825
2400.98,129.3,7.5825
2401.98,112.4,7.5825
2402.99,122.4,7.5825
2403.99,130.3,7.5827
2405.0,107.5,7.5827
2406.0,126.3,7.5827
2407.01,116.4,7.5829
2408.01,213.9,7.5829
2409.02,101.5,7.5829
2410.02,140.3,7.5831
2411.03,249.9,7.5831
2412.03,159.2,7.5833
2413.04,101.5,7.5834
2414.04,130.3,7.5834
2415.05,203.0,7.5834
2416.05,169.2,7.6421
2417.06,112.4,7.6834
2418.06,159.4,7.6834
2419.07,122.4,7.6834
2420.07,185.0,7.6834
2421.07,133.6,7.6836
2422.08,127.5,7.6836
2423.08,108.5,7.6836
2424.09,100.5,7.6836
2425.09,135.3,7.6836
2426.1,128.3,7.6836
2427.1,101.5,7.6836
2428.11,125.4,7.6837
2429.11,139.3,7.6837
2430.12,142.3,7.6837
2431.12,155.2,7.6837
2432.13,123.4,7.7603
2433.13,104.5,7.7837
2434.14,106.5,7.7837
2435.15,100.5,7.7837
2436.15,100.5,7.7837
2437.15,184.4,8.112
2438.16,212.9,8.6803
2439.16,100.5,8.6803
2440.17,100.5,8.6803
2441.17,100.5,8.6803
2442.18,114.4,8.6803
2443.18,101.5,8.6803
2444.19,198.0,8.6804
2445.19,224.9,8.6804
2446.2,142.3,8.6804
2447.2,116.4,8.6804
2448.21,108.4,8.6804
2449.21,104.5,8.6804
2450.22,106.4,8.6804
2451.22,178.1,8.6804
2452.23,137.3,8.6804
2453.23,139.4,8.6804
2454.24,102.5,8.6804
2455.24,101.5,8.6804
2456.25,99.6,8.6807
2457.25,121.4,8.6807
2458.26,198.0,8.6807
2459.26,101.5,8.6807
2460.27,99.6,8.6807
2461.27,102.5,8.6807
2462.28,111.4,8.6807
2463.28,108.4,8.6807
2464.29,113.4,8.6807
2465.29,133.6,8.6807
2466.3,103.5,8.6807
2467.3,102.5,8.6807
2468.31,101.5,8.6807
2469.31,104.5,8.6807
2470.32,122.5,8.6807
2471.32,101.5,8.6807
2472.32,176.4,8.6812
2473.33,220.9,8.8622
2474.33,100.6,8.8622
2475.34,101.5,8.8622
2476.34,105.5,8.8622
2477.35,100.5,8.8622
2478.35,100.5,8.8622
2479.36,101.5,8.8622
2480.36,101.5,8.8622
2481.37,99.5,8.8622
2482.37,100.5,8.8622
2483.38,104.5,8.8622
2484.38,101.5,8.8622
2485.39,101.5,8.8622
2486.39,100.5,8.8622
2487.4,101.6,8.8622
2488.4,99.5,8.8622
2489.41,102.5,8.8622
2490.41,100.5,8.8622
2491.42,99.5,8.8622
2492.42,102.5,8.8622
2493.43,244.1,8.8624
2494.43,1.0,1.9036
2495.44,294.5,2.0787
2496.44,2.0,1.8828
2497.45,296.5,2.066
2498.45,324.0,2.1645
2499.46,3.0,2.0372
2500.46,325.0,2.1607
2501.46,341.3,2.381
2502.47,315.4,2.6194
2503.47,325.1,2.8533
2504.48,0.0,1.903
2505.48,324.4,2.1062
2506.49,349.9,2.2536
2507.49,362.3,2.4078
2508.49,1.0,1.9864
2509.5,344.1,2.1495
2510.5,343.0,2.4199
2511.5,322.8,2.8211
2512.51,316.4,3.1822
2513.51,305.4,3.5006
2514.52,323.9,3.7757
2515.52,2.0,1.8785
2516.52,287.2,2.0762
2517.53,1.0,1.8868
2518.53,303.3,2.0886
2519.53,3.0,1.8875
2520.54,290.5,2.1069
2521.54,308.4,2.4416
2522.55,306.5,2.7391
2523.55,337.2,2.8962
2524.56,326.3,3.2316
2525.56,313.4,3.6305
2526.57,330.3,3.8902
2527.57,320.4,3.9973
2528.58,311.7,4.1453
2529.58,267.6,4.2552
2530.59,309.6,4.4706
2531.59,304.4,4.7202
2532.6,295.5,5.2261
2533.6,177.1,5.6499
2534.61,302.7,5.8191
2535.61,309.4,5.9833
2536.62,304.4,6.171
2537.62,302.6,6.4299
2538.63,304.5,6.5963
2539.63,300.4,6.7508
2540.63,303.0,7.1458
2541.64,279.6,7.1466
2542.64,287.5,7.1466
2543.65,221.9,7.1467
2544.66,164.1,7.1467
2545.66,159.2,7.1467
2546.67,184.0,7.147
2547.67,118.4,7.1699
2548.68,104.5,7.247
2549.68,249.2,7.2478
2550.68,3.0,1.9203
2551.69,331.3,2.2532
2552.69,304.4,2.6929
2553.7,356.9,2.8611
2554.7,351.2,3.1474
2555.71,316.3,3.5214
2556.71,321.1,3.8531
2557.71,324.4,3.959
2558.72,314.6,4.1233
2559.72,304.4,4.2426
2560.73,314.9,4.4495
2561.73,302.5,4.6775
2562.74,309.4,5.1265
2563.74,141.3,5.6318
2564.75,308.4,5.8228
2565.75,303.4,5.9833
2566.76,307.6,6.1745
2567.76,302.5,6.4201
2568.77,244.2,6.5806
2569.77,305.5,6.7422
2570.78,331.2,7.1514
2571.78,305.4,7.2037
2572.78,296.1,7.204
2573.79,264.9,7.2053
2574.79,247.3,7.2063
2575.8,207.0,7.3066
2576.8,193.0,7.3066
2577.81,143.3,7.3068
2578.81,137.4,7.3069
2579.82,325.3,7.3073
2580.82,3.0,1.9067
2581.83,294.6,2.0795
2582.83,2.0,1.9361
2583.83,1.0,1.8088
2584.84,0.0,2.0747
2585.84,360.9,2.2117
2586.85,2.0,2.0361
2587.85,318.3,2.158
2588.85,2.0,1.9539
2589.85,341.0,2.1201
2590.86,1.0,1.9083
2591.86,322.0,2.0978
2592.87,356.9,2.2647
2593.87,3.0,2.0354
2594.87,318.4,2.3379
2595.88,306.5,2.7095
2596.88,264.7,3.0246
2597.89,296.4,3.176
2598.89,359.8,3.4334
2599.9,333.8,3.5744
2600.9,283.6,3.7059
2601.9,297.8,3.8901
2602.91,267.6,4.0426
2603.91,307.5,4.2067
2604.92,284.5,4.347
2605.92,274.3,4.4793
2606.93,287.8,4.6356
2607.93,302.2,4.7916
2608.93,294.5,4.9499
2609.94,300.4,5.0895
2610.94,305.9,5.2598
2611.95,296.5,5.4102
2612.95,304.9,5.5484
2613.96,207.0,5.6655
2614.96,206.9,5.8248
2615.97,285.5,5.9714
2616.97,188.0,6.1321
2617.98,149.2,6.312
2618.98,114.4,6.4722
2619.99,117.4,6.6838
2620.99,191.4,7.1252
2622.0,168.2,7.2692
2623.0,130.3,7.2692
2624.01,133.4,7.2692
2625.01,114.4,7.2695
2626.02,114.4,7.2857
2627.02,160.1,7.3695
2628.03,108.4,7.3695
2629.03,135.5,7.3695
2630.04,141.4,7.3695
2631.04,122.4,7.3695
2632.05,107.5,7.3695
2633.05,140.3,7.3695
2634.06,124.4,7.3695
2635.06,106.5,7.3695
2636.07,118.4,7.3695
2637.07,169.2,7.3695
2638.08,102.5,7.3695
2639.08,236.3,7.3698
2640.08,257.7,7.3702
2641.09,254.7,7.3709
2642.09,201.0,1.814
2643.1,3.0,1.9439
2644.1,344.0,2.182
2645.11,1.0,1.8933
2646.11,296.6,2.0946
2647.11,346.8,2.2352
2648.12,1.0,1.9617
2649.12,319.1,2.1281
2650.12,1.0,1.9247
2651.13,334.2,2.1508
2652.13,351.9,2.2833
2653.14,332.6,2.5533
2654.14,314.0,2.8474
2655.15,344.3,3.0121
2656.15,11.0,1.9446
2657.16,322.3,2.1796
2658.16,365.0,2.3035
2659.16,1.0,2.0292
2660.16,351.1,2.1881
2661.17,2.0,2.0396
2662.17,301.2,2.1779
2663.17,326.0,2.4526
2664.18,296.8,2.8999
2665.18,2.0,1.9326
2666.19,299.5,2.1213
2667.19,356.2,2.2611
2668.2,261.4,2.6033
2669.2,152.2,2.9704
2670.2,12.0,2.0135
2671.21,360.9,2.1995
2672.21,361.9,2.4344
2673.22,237.8,2.9147
2674.22,4.0,2.0021
2675.23,303.5,2.1742
2676.23,0.0,1.9912
2677.23,302.2,2.1931
2678.23,316.2,2.3214
2679.24,329.2,2.5761
2680.24,340.7,2.7137
2681.25,236.8,1.8986
2682.25,2.0,2.1832
2683.26,367.7,2.3924
2684.26,2.0,2.0187
2685.26,334.4,2.2464
2686.27,340.2,2.3957
2687.27,313.2,2.6658
2688.27,304.2,2.9793
2689.28,329.5,3.2259
2690.28,5.0,2.0574
2691.29,322.4,2.3513
2692.29,344.3,2.4725
2693.29,4559.0,2.0282
2694.29,328.2,2.3186
2695.3,320.1,2.4252
2696.3,3.0,1.9977
2697.3,316.1,2.2279
2698.31,338.0,2.3979
2699.31,369.7,2.5658
2700.31,3.0,2.1476
2701.32,340.0,2.3758
2702.32,355.9,2.5435
2703.32,8.0,2.1087
2704.33,306.0,2.3554
2705.33,365.9,2.5185
2706.33,4.0,2.0672
2707.34,316.8,2.3467
2708.34,355.7,2.4741
2709.34,3.0,2.03
2710.35,309.0,2.2072
2711.35,1.0,1.9771
2712.36,289.5,2.1746
2713.36,322.7,2.2971
2714.36,2.0,2.0431
2715.37,318.3,2.2065
2716.37,368.9,2.3452
2717.37,2961.2,2.1043
2718.38,335.8,2.3124
2719.38,359.2,2.4584
2720.38,1.0,1.9199
2721.39,284.1,2.1544
2722.39,328.0,2.2825
2723.39,360.3,2.4445
2724.4,0.0,1.9084
2725.4,301.0,2.2353
2726.4,360.0,2.4282
2727.41,6.0,2.0175
2728.42,302.3,2.2098
2729.42,324.0,2.3473
2730.42,354.2,2.5368
2731.43,3.0,2.0599
2732.43,307.1,2.2394
2733.43,352.2,2.3942
2734.44,340.0,2.701
2735.44,3.0,2.1072
2736.44,341.0,2.2735
2737.45,361.1,2.4661
2738.45,0.0,2.0909
2739.45,348.1,2.3152
2740.45,364.1,2.4887
2741.46,340.3,2.665
2742.46,318.4,2.8943
2743.47,312.4,3.1531
2744.47,312.8,3.4437
2745.48,1.0,1.9736
2746.48,306.5,2.2799
2747.49,327.0,2.4863
2748.49,359.0,2.6875
2749.49,342.3,2.9416
2750.5,318.4,3.179
2751.5,313.4,3.4238
2752.51,3027.0,2.0312
2753.51,336.3,2.4133
2754.51,331.1,2.5596
2755.52,353.4,2.7424
2756.52,328.9,2.9564
2757.53,314.6,3.1462
2758.53,313.7,3.3937
2759.54,311.4,3.6944
2760.54,4.0,2.0351
2761.54,323.0,2.2358
2762.55,354.2,2.5035
2763.55,2.0,2.1665
2764.56,334.9,2.2815
2765.56,1.0,2.0253
2766.57,299.6,2.2029
2767.57,324.0,2.3521
2768.57,2.0,2.0348
2769.58,300.6,2.2061
2770.58,1.0,2.0789
2771.58,340.1,2.2467
2772.59,2.0,2.1119
2773.59,1.0,2.0165
2774.6,302.5,2.1902
2775.6,3.0,2.0629
2776.6,329.0,2.2167
2777.61,2.0,2.046
2778.61,320.0,2.2215
2779.62,355.5,2.3867
2780.62,333.0,2.6356
2781.62,2.0,2.0177
2782.63,313.0,2.2006
2783.63,326.5,2.3261
2784.64,342.2,2.5763
2785.64,351.5,1.9216
2786.64,3.0,2.1505
2787.65,291.4,2.2598
2788.65,352.6,2.4948
2789.65,327.5,2.7214
2790.66,1.0,2.1173
2791.66,321.3,2.2457
2792.66,1.0,2.1786
2793.67,325.0,2.342
2794.67,371.7,2.5208
2795.67,0.0,2.0777
2796.68,335.1,2.3332
2797.68,364.9,2.4638
2798.68,2.0,2.0288
2799.69,318.3,2.2818
2800.69,346.1,2.4067
2801.7,351.0,2.5726
2802.7,1.0,2.0977
2803.7,325.7,2.3195
2804.71,2.0,1.9476
2805.71,286.7,2.1893
2806.72,1.0,2.0193
2807.72,296.5,2.1922
2808.73,1.0,1.9832
2809.73,288.7,2.1739
2810.73,315.0,2.2832
2811.74,2644.1,2.1529
2812.74,315.1,2.2642
2813.74,1.0,2.1023
2814.75,316.0,2.2712
2815.75,3424.9,2.1028
2816.75,315.1,2.2453
2817.76,1.0,2.0897
2818.76,312.1,2.2237
2819.76,1.0,2.0741
2820.76,317.4,2.2274
2821.77,1.0,2.0786
2822.77,321.1,2.2245
2823.77,1.0,2.0781
2824.78,316.0,2.2311
2825.78,1.0,2.144
2826.79,1514.3,2.0169
2827.79,292.7,2.1756
2828.8,0.0,2.0367
2829.8,309.0,2.2021
2830.8,2.0,2.0271
2831.81,298.5,2.1975
2832.81,345.6,2.3369
2833.82,1.0,2.0237
2834.82,302.7,2.1947
2835.82,2.0,2.0248
2836.83,313.0,2.1874
2837.83,0.0,2.0377
2838.84,307.0,2.2167
2839.84,348.9,2.3765
2840.84,1.0,2.0797
2841.84,321.2,2.2348
2842.85,2.0,2.0813
2843.85,317.0,2.2344
2844.85,1.0,2.1143
2845.86,331.0,2.2495
2846.86,1.0,2.1162
2847.86,349.0,2.2532
2848.86,0.0,2.1183
2849.87,305.2,2.2496
2850.87,355.9,2.4476
2851.87,2.0,2.0565
2852.88,325.0,2.2204
2853.88,2.0,2.061
2854.88,317.1,2.2301
2855.89,356.5,2.4249
2856.89,340.4,2.6079
2857.89,2.0,2.0679
2858.9,312.1,2.2392
2859.9,348.0,2.4186
2860.9,256.7,2.7037
2861.91,0.0,2.19
2862.91,348.9,2.3293
2863.92,1.0,2.1512
2864.92,366.9,2.3128
2865.92,16.0,2.1499
2866.93,331.3,2.5521
2867.93,312.6,2.9785
2868.94,270.6,3.4375
2869.94,251.7,3.8739
2870.95,186.1,4.3332
2871.95,128.3,4.8293
2872.96,123.4,5.3321
2873.96,108.5,5.8694
2874.97,102.5,6.3944
2875.97,137.3,6.897
2876.97,325.0,8.0398
2877.98,263.7,8.6028
2878.98,232.3,8.6136
2879.99,354.6,8.6165
2880.99,345.3,8.6217
2882.0,326.3,8.6241
2883.0,313.4,8.6302
2884.01,231.8,8.6349
2885.01,101.5,8.6349
2886.02,113.4,8.6349
2887.02,214.1,8.635
2888.02,260.4,8.6425
2889.03,266.7,8.6542
2890.03,223.9,8.6545
2891.04,234.9,8.6546
2892.04,180.1,8.6546
2893.05,191.0,8.655
2894.05,272.6,8.6552
2895.06,112.4,8.6554
2896.06,111.4,8.6425
2897.07,158.2,8.6425
2898.07,273.8,8.6427
2899.08,248.7,8.6432
2900.08,236.8,8.6455
2901.09,244.7,8.6481
2902.09,126.5,8.6481
2903.1,205.9,8.651
2904.1,124.4,8.6511
2905.11,201.0,8.6511
2906.11,205.0,8.6511
2907.12,162.3,8.6514
2908.12,135.3,8.6514
2909.13,152.2,8.6515
2910.13,150.5,8.6515
2911.14,106.5,8.645
2912.14,109.5,8.645
2913.15,102.6,8.645
2914.15,113.4,8.645
2915.16,100.5,8.645
2916.16,135.3,8.6452
2917.17,139.3,8.6452
2918.17,173.1,8.6459
2919.18,101.5,8.6459
2920.18,106.5,8.6462
2921.19,101.5,8.6462
2922.19,114.4,8.6462
2923.2,101.5,8.6463
2924.2,101.5,8.6463
2925.21,100.5,8.6463
2926.21,270.1,9.4834
2927.22,177.1,9.6199
2928.22,100.5,9.6484
2929.23,100.5,9.706
2930.23,101.5,9.7199
2931.24,103.5,9.7199
2932.24,116.4,9.7199
2933.25,101.5,9.7199
2934.25,101.5,9.7199
2935.26,98.5,9.7199
2936.26,102.5,9.7199
2937.27,102.5,9.7199
2938.27,120.4,9.7199
2939.28,104.5,9.7199
2940.28,111.4,9.7199
2941.29,105.5,9.7199
2942.29,102.5,9.7199
2943.3,99.5,9.7199
2944.3,106.5,9.7199
2945.31,104.5,9.7199
2946.31,99.5,9.7199
2947.32,100.5,9.7199
2948.32,102.5,9.7199
2949.33,100.5,9.7199
2950.33,103.5,9.7199
2951.34,99.5,9.7199
2952.34,103.6,9.72
2953.35,104.5,9.72
2954.35,101.5,9.72
2955.36,100.5,9.72
2956.36,109.4,9.72
2957.37,101.5,9.72
2958.37,101.6,9.72
2959.38,102.5,9.72
2960.38,101.5,9.72
2961.39,100.5,9.72
2962.39,100.5,9.72
2963.4,103.5,9.72
2964.4,117.4,9.72
2965.41,101.5,9.72
2966.41,102.5,9.72
2967.42,109.4,9.72
2968.42,102.5,9.72
2969.43,140.3,9.7202
2970.43,101.5,9.7202
2971.44,101.5,9.7205
2972.44,99.5,9.7205
2973.45,101.5,9.7205
2974.46,101.5,9.7205
2975.46,99.6,9.7205
2976.46,101.5,9.7205
2977.47,99.5,9.7205
2978.47,102.5,9.7205
2979.48,111.4,9.7205
2980.49,103.5,9.7205
2981.49,113.4,9.7205
2982.5,101.5,9.7205
2983.5,100.5,9.7205
2984.51,135.3,9.7205
2985.51,166.3,9.7205
2986.52,188.0,9.7257
2987.52,179.1,9.7257
2988.53,171.1,9.7257
2989.53,115.4,9.7257
2990.54,100.5,9.7257
2991.54,252.2,9.726
2992.54,151.2,9.7931
2993.55,125.4,9.7931
2994.55,117.4,9.7931
2995.56,101.5,9.7931
2996.56,100.5,9.7931
2997.57,99.5,9.7931
2998.57,103.5,9.7933
2999.58,100.5,9.7933
3000.59,100.5,9.7933
3001.59,151.5,9.7933
3002.59,105.5,9.7933
3003.6,125.5,9.7933
3004.6,101.5,9.7933
3005.61,114.4,9.7936
3006.61,142.4,9.7936
3007.62,104.5,9.7936
3008.62,101.5,9.7936
3009.63,101.3,9.7936
3010.63,111.4,9.7936
3011.64,101.5,9.7938
3012.65,99.5,9.7938
3013.65,102.5,9.7938
3014.66,107.4,9.7938
3015.66,147.2,9.7938
3016.67,138.3,9.7938
3017.67,99.6,9.7938
3018.68,102.5,9.7938
3019.68,102.5,9.7938
3020.69,106.5,9.7938
3021.69,120.4,9.7938
3022.7,104.5,9.7938
3023.7,100.5,9.7938
3024.71,102.5,9.7938
3025.71,106.5,9.7938
3026.72,100.5,9.7938
3027.72,101.5,9.7938
3028.73,101.5,9.7938
3029.73,128.4,9.7938
3030.74,102.5,9.7938
3031.74,99.5,9.7938
3032.75,101.5,9.7938
3033.75,104.5,9.7938
3034.76,100.5,9.7938
3035.76,312.4,9.8557
3036.77,119.4,9.8557
3037.77,102.5,9.8557
3038.78,100.5,9.8557
3039.78,100.5,9.8557
3040.79,99.6,9.8557
3041.79,102.5,9.8557
3042.8,103.5,9.8557
3043.8,130.3,9.8557
3044.81,100.5,9.8557
3045.81,103.5,9.8557
3046.82,101.5,9.8557
3047.82,100.5,9.8557
3048.83,99.5,9.8557
3049.83,101.5,9.8557
3050.84,99.5,9.8557
3051.84,103.5,9.8557
3052.85,99.5,9.8557
3053.85,100.5,9.8557
3054.86,120.4,9.8557
3055.86,101.5,9.8557
3056.87,122.4,9.8559
3057.87,102.5,9.8559
3058.88,104.5,9.8559
3059.88,100.5,9.8559
3060.89,103.5,9.8559
3061.89,140.3,9.8559
3062.9,100.5,9.8559
3063.9,140.3,9.8559
3064.91,99.5,9.8559
3065.91,101.5,9.8559
3066.92,100.5,9.8559
3067.92,100.5,9.8559
3068.93,104.5,9.8559
3069.93,102.5,9.8559
3070.94,101.5,9.8559
3071.94,100.5,9.8559
3072.95,100.5,9.8559
3073.95,100.5,9.8559
3074.96,103.6,9.8559
3075.96,103.5,9.8559
3076.97,100.5,9.8559
3077.97,107.6,9.8559
3078.98,99.5,9.8559
3079.98,101.5,9.8559
3080.99,101.5,9.8559
3081.99,99.5,9.8559
3083.0,101.5,9.8561
3084.0,100.5,9.8561
3085.01,100.5,9.8561
3086.01,101.5,9.8561
3087.02,101.5,9.8561
3088.02,101.5,9.8561
3089.03,99.5,9.8561
3090.03,100.5,9.8561
3091.04,164.2,9.8561
3092.04,153.3,9.8561
3093.05,100.5,9.8561
3094.05,99.5,9.8561
3095.06,100.5,9.8561
3096.06,295.1,9.921
3097.07,135.3,9.9463
3098.07,99.5,9.9463
3099.08,101.5,9.9463
3100.08,100.5,9.9463
3101.09,101.5,9.9463
3102.09,101.5,9.9463
3103.1,101.5,9.9463
3104.1,99.5,9.9463
3105.11,106.5,9.9463
3106.11,103.5,9.9463
3107.12,101.5,9.9463
3108.12,100.5,9.9463
3109.13,101.5,9.9463
3110.13,99.5,9.9463
3111.14,101.5,9.9463
3112.14,101.5,9.9463
3113.15,100.5,9.9463
3114.15,102.5,9.9463
3115.16,102.5,9.9463
3116.16,100.5,9.9463
3117.17,99.5,9.9463
3118.17,103.5,9.9463
3119.18,100.5,9.9463
3120.18,101.5,9.9463
3121.19,99.5,9.9463
3122.19,100.5,9.9463
3123.2,103.5,9.9463
3124.2,99.5,9.9463
3125.21,100.5,9.9463
3126.21,100.5,9.9463
3127.22,101.5,9.9463
3128.23,100.5,9.9463
3129.23,100.5,9.9463
3130.24,103.5,9.9463
3131.24,101.5,9.9463
3132.25,104.5,9.9463
3133.25,100.5,9.9463
3134.26,101.5,9.9463
3135.26,100.5,9.9463
3136.27,101.5,9.9463
3137.27,100.5,9.9463
3138.28,100.5,9.9463
3139.28,100.5,9.9463
3140.29,138.3,9.9463
3141.29,113.4,9.9463
3142.3,102.5,9.9463
3143.3,103.5,9.9463
3144.31,100.5,9.9463
3145.31,102.5,9.9463
3146.32,103.5,9.9466
3147.32,100.5,9.9466
3148.33,100.5,9.9466
3149.33,100.5,9.9466
3150.34,100.6,9.9466
3151.34,102.5,9.9466
3152.35,101.5,9.9466
3153.35,100.5,9.9466
3154.36,101.5,9.9466
3155.36,100.5,9.9466
3156.37,101.5,9.9466
3157.37,105.5,9.9466
3158.38,101.5,9.9466
3159.38,162.5,9.9469
3160.39,253.7,10.124
3161.39,101.5,10.124
3162.4,101.5,10.124
3163.4,100.5,10.124
3164.42,103.7,10.124
3165.42,110.5,1.9997
3166.43,11.0,2.2491
3167.43,317.7,2.6019
3168.43,315.5,2.9284
3169.44,296.5,3.3075
3170.44,297.5,3.7001
3171.45,243.8,4.1847
3172.45,136.3,4.6761
3173.46,108.5,5.1941
3174.46,104.5,5.7404
3175.47,109.4,6.266
3176.47,138.4,6.7613
3177.48,227.3,7.698
3178.48,336.4,8.6499
3179.49,198.3,8.6594
3180.49,349.2,8.6628
3181.49,355.2,8.6662
3182.5,328.3,8.6679
3183.5,315.5,8.6734
3184.51,269.6,8.6764
3185.51,104.5,8.6764
3186.52,99.5,8.6651
3187.52,188.1,8.6711
3188.53,171.2,8.6712
3189.53,235.8,8.6712
3190.54,258.7,8.6774
3191.54,175.1,8.6803
3192.55,271.6,8.6803
3193.55,275.6,8.6768
3194.56,263.6,8.6806
3195.56,152.2,8.6812
3196.57,106.5,8.6712
3197.57,110.5,8.6712
3198.58,217.9,8.6715
3199.58,258.9,8.6732
3200.59,254.7,8.684
3201.59,251.0,8.6844
3202.6,236.8,8.6861
3203.6,144.3,8.6862
3204.61,146.2,8.6862
3205.61,134.3,8.6863
3206.62,131.4,8.6865
3207.62,186.1,8.6867
3208.63,168.1,8.6869
3209.63,202.0,8.6874
3210.64,105.5,8.68
3211.64,164.3,8.6802
3212.65,121.4,8.6803
3213.65,118.4,8.6803
3214.66,118.4,8.6803
3215.66,188.2,8.6805
3216.67,164.2,8.6805
3217.67,102.5,8.6805
3218.68,176.1,8.6805
3219.68,115.5,8.6805
3220.69,100.5,8.6805
3221.69,105.5,8.6805
3222.7,101.5,8.6805
3223.7,113.4,8.6805
3224.71,101.5,8.6805
3225.71,100.5,8.6805
3226.72,100.5,8.6806
3227.72,138.3,8.684
3228.73,347.2,9.6448
3229.73,102.5,9.6448
3230.74,100.5,9.6656
3231.74,100.5,9.7234
3232.75,104.5,9.7367
3233.75,119.4,9.7367
3234.76,100.5,9.7367
3235.76,100.5,9.7367
3236.77,101.5,9.737
3237.77,103.5,9.737
3238.78,106.4,9.737
3239.79,117.4,9.737
3240.79,104.5,9.737
3241.8,109.4,9.737
3242.8,101.5,9.737
3243.81,101.5,9.737
3244.81,117.5,9.737
3245.82,104.5,9.737
3246.82,103.5,9.737
3247.83,101.5,9.737
3248.83,102.5,9.737
3249.84,106.5,9.737
3250.84,102.5,9.737
3251.85,99.6,9.7372
3252.85,102.5,9.7372
3253.86,100.5,9.7372
3254.86,105.5,9.7372
3255.87,100.5,9.7372
3256.87,101.5,9.7372
3257.88,100.6,9.7372
3258.88,100.5,9.7372
3259.89,107.5,9.7372
3260.89,100.5,9.7372
3261.9,101.5,9.7372
3262.9,100.5,9.7372
3263.91,101.5,9.7372
3264.91,101.5,9.7372
3265.92,103.5,9.7372
3266.92,115.4,9.7372
3267.93,99.5,9.7372
3268.93,101.5,9.7373
3269.94,114.5,9.7373
3270.94,105.5,9.7373
3271.95,102.6,9.7373
3272.95,101.5,9.7373
3273.96,100.5,9.7373
3274.96,100.5,9.7373
3275.97,101.5,9.7373
3276.97,100.5,9.7373
3277.98,106.5,9.7373
3278.98,100.5,9.7373
3279.99,99.5,9.7373
3280.99,101.5,9.7373
3282.0,107.7,9.7375
3283.0,107.5,9.7375
3284.01,108.5,9.7375
3285.01,121.4,9.7375
3286.02,123.4,9.7375
3287.02,128.3,9.7375
3288.03,186.1,9.7375
3289.03,117.4,9.7375
3290.04,127.4,9.7375
3291.04,133.3,9.7375
3292.04,107.7,9.7375
3293.05,100.5,9.7375
3294.05,101.5,9.7375
3295.06,99.6,9.7375
3296.06,219.3,9.7378
3297.07,217.9,9.8031
3298.07,116.4,9.8031
3299.08,99.5,9.8031
3300.08,101.5,9.8031
3301.09,102.5,9.8031
3302.09,100.5,9.8031
3303.1,100.5,9.8031
3304.1,102.5,9.8031
3305.11,123.4,9.8031
3306.11,135.3,9.8031
3307.12,128.3,9.8031
3308.12,134.3,9.8031
3309.13,102.5,9.8031
3310.13,119.4,9.8031
3311.14,101.5,9.8032
3312.14,103.5,9.8032
3313.15,100.5,9.8032
3314.15,104.5,9.8032
3315.16,100.5,9.8032
3316.16,101.5,9.8032
3317.17,115.4,9.8032
3318.17,124.4,9.8032
3319.18,147.2,9.8032
3320.18,145.3,9.8035
3321.19,100.5,9.8035
3322.19,103.5,9.8035
3323.2,108.5,9.8035
3324.2,114.4,9.8035
3325.21,104.5,9.8035
3326.21,173.2,9.8038
3327.22,101.5,9.8038
3328.22,102.5,9.8038
3329.23,155.2,9.8038
3330.23,103.5,9.8038
3331.24,101.5,9.8038
3332.24,100.5,9.8038
3333.25,100.5,9.8038
3334.25,119.4,9.8038
3335.26,99.6,9.8038
3336.26,100.5,9.8038
3337.27,102.6,9.8041
3338.27,99.5,9.8041
3339.28,112.4,9.8041
3340.28,315.4,9.8673
3341.29,120.4,9.8673
3342.29,100.5,9.8673
3343.3,100.5,9.8673
3344.31,100.5,9.8673
3345.31,103.5,9.8673
3346.32,121.4,9.8673
3347.32,105.5,9.8673
3348.32,101.6,9.8673
3349.33,102.5,9.8673
3350.33,101.5,9.8673
3351.34,101.5,9.8673
3352.34,99.5,9.8673
3353.35,101.5,9.8673
3354.35,100.5,9.8673
3355.36,100.5,9.8673
3356.37,101.5,9.8673
3357.37,100.5,9.8673
3358.38,100.5,9.8673
3359.38,100.5,9.8673
3360.39,123.4,9.8673
3361.39,99.6,9.8673
3362.39,102.6,9.8673
3363.4,116.4,9.8673
3364.4,104.5,9.8673
3365.41,101.5,9.8673
3366.41,99.5,9.8673
3367.42,130.3,9.8673
3368.43,163.2,9.8748
3369.43,101.5,9.8748
3370.44,100.5,9.8748
3371.44,102.5,9.8666
3372.45,100.5,9.8666
3373.45,102.6,9.8666
3374.46,101.5,9.8666
3375.46,100.5,9.8666
3376.47,103.5,9.8666
3377.47,102.5,9.8666
3378.48,123.4,9.8666
3379.48,99.5,9.8666
3380.49,100.5,9.8666
3381.49,100.5,9.8666
3382.5,104.5,9.8666
3383.5,100.5,9.8666
3384.51,109.4,9.8666
3385.51,103.5,9.8666
3386.52,100.5,9.8666
3387.52,100.5,9.8666
3388.53,101.5,9.8666
3389.53,100.5,9.8666
3390.54,99.5,9.8666
3391.54,102.5,9.8666
3392.55,109.4,9.8666
3393.55,116.4,9.8666
3394.56,101.5,9.8666
3395.56,99.5,9.8666
3396.57,99.5,9.8666
3397.57,104.5,9.8666
3398.58,169.1,9.8683
3399.58,174.1,9.8777
3400.59,100.5,9.8777
3401.6,103.5,9.8718
3402.6,110.4,9.8718
3403.61,99.5,9.8718
3404.61,229.5,9.872
3405.61,191.0,9.9599
3406.62,101.5,9.9599
3407.62,102.5,9.9599
3408.63,101.5,9.9599
3409.63,100.5,9.9599
3410.64,102.5,9.9599
3411.64,101.5,9.9599
3412.65,106.4,9.9599
3413.65,105.5,9.9599
3414.66,103.5,9.9599
3415.67,99.5,9.9599
3416.67,101.5,9.9599
3417.68,101.5,9.9599
3418.68,104.5,9.9599
3419.69,100.5,9.9599
3420.69,101.5,9.9602
3421.7,101.5,9.9604
3422.7,120.4,9.9604
3423.71,101.5,9.9604
3424.71,108.4,9.9604
3425.72,102.5,9.9604
3426.72,101.5,9.9604
3427.73,99.5,9.9604
3428.73,101.5,9.9604
3429.74,100.4,9.9604
3430.74,101.5,9.9604
3431.75,100.5,9.9604
3432.75,102.5,9.9604
3433.76,104.4,9.9604
3434.76,100.5,9.9604
3435.77,100.5,9.9604
3436.78,100.5,9.9604
3437.78,101.5,9.9604
3438.79,103.5,9.9604
3439.79,104.1,9.9604
3440.8,102.5,9.9604
3441.8,99.5,9.9604
3442.81,101.5,9.9604
3443.81,99.5,9.9604
3444.82,101.5,9.9604
3445.82,99.5,9.9604
3446.83,102.5,9.9604
3447.84,138.3,9.9604
3448.84,100.5,9.9604
3449.85,114.4,9.9604
3450.85,102.5,9.9604
3451.86,101.5,9.9604
3452.86,102.5,9.9604
3453.87,99.5,9.9604
3454.87,111.4,9.9604
3455.88,102.5,9.9604
3456.88,100.5,9.9604
3457.89,103.5,9.9604
3458.89,100.5,9.9604
3459.9,101.5,9.9604
3460.9,100.5,9.9604
3461.91,101.5,9.9604
3462.91,101.5,9.9604
3463.92,99.5,9.9604
3464.92,112.4,9.9604
3465.93,102.7,2.1366
3466.93,256.9,2.2731
3467.93,3301.7,2.1665
3468.94,336.3,2.4717
3469.94,346.9,2.5692
3470.95,1.0,2.1247
3471.95,343.3,2.402
3472.95,325.0,2.5461
3473.96,326.4,2.0102
3474.96,2.0,2.3269
3475.97,342.0,2.5452
3476.97,1.0,2.06
3477.98,287.5,2.2937
3478.98,335.0,2.5507
3479.98,365.8,2.7681
3480.98,3.0,2.2143
3481.99,322.4,2.4971
3482.99,350.0,2.6611
3484.0,2.0,2.2891
3485.0,328.0,2.5369
3486.0,0.0,2.1077
3487.01,334.4,2.4001
3488.01,316.0,2.5541
3489.02,2.0,2.1232
3490.02,337.0,2.389
3491.02,331.0,2.5312
3492.03,351.9,2.0114
3493.03,2.0,2.2915
3494.04,321.3,2.5368
3495.04,352.1,2.6592
3496.04,6595.4,2.181
3497.05,325.0,2.3496
3498.05,0.0,2.1585
3499.05,332.3,2.4392
3500.06,365.1,2.5784
3501.06,325.7,2.8516
3502.06,308.4,3.1371
3503.07,309.4,3.4309
3504.08,303.4,3.8219
3505.08,302.4,4.2319
3506.09,304.4,4.6494
3507.09,302.6,5.0665
3508.1,300.4,5.4934
3509.1,313.4,5.8431
3510.11,334.3,5.9596
3511.11,255.7,2.013
3512.12,2.0,2.3032
3513.12,333.0,2.5014
3514.12,352.2,2.8404
3515.13,321.3,3.2232
3516.13,305.5,3.635
3517.14,303.9,4.0495
3518.15,302.5,4.4619
3519.15,309.5,4.874
3520.16,300.4,5.304
3521.16,311.0,5.7188
3522.16,327.0,5.9128
3523.17,326.0,6.1767
3524.17,1.0,2.1594
3525.17,336.6,2.467
3526.18,343.1,2.5765
3527.18,8.0,2.134
3528.18,340.2,2.5116
3529.19,347.5,2.6203
3530.19,2.0,2.1844
3531.2,330.3,2.5227
3532.2,342.9,2.6355
3533.2,1.0,2.1712
3534.21,343.1,2.4611
3535.21,367.0,2.6538
3536.21,7.0,2.1284
3537.22,306.5,2.2943
3538.22,353.1,2.4357
3539.23,4.0,2.2895
3540.23,342.5,2.0199
3541.24,1.0,2.2759
3542.24,347.0,2.437
3543.24,1.0,2.2596
3544.25,345.0,2.4139
3545.25,1.0,2.2043
3546.25,317.7,2.4473
3547.26,352.9,2.5931
3548.26,348.3,2.8923
3549.27,320.3,3.2002
3550.27,308.4,3.579
3551.28,307.4,4.0126
3552.28,303.4,4.4513
3553.29,308.4,4.9091
3554.29,304.4,5.3582
3555.3,312.5,5.7549
3556.3,320.6,5.8958
3557.31,269.6,2.0236
3558.31,1.0,2.2521
3559.32,303.1,2.4564
3560.32,366.2,2.7095
3561.32,333.6,3.0911
3562.33,311.4,3.475
3563.34,303.4,3.8729
3564.34,304.4,4.2772
3565.35,303.4,4.7021
3566.35,303.4,5.1352
3567.36,300.5,5.5867
3568.36,325.3,5.8102
3569.37,328.3,6.0057
3570.37,1.0,2.1225
3571.37,327.3,2.4308
3572.38,358.1,2.6094
3573.38,347.4,2.9612
3574.39,321.3,3.3123
3575.39,307.5,3.6799
3576.4,307.4,4.088
3577.4,306.4,4.4934
3578.41,304.4,4.9065
3579.41,313.6,5.2484
3580.42,318.0,5.5862
3581.42,279.7,5.9055
3582.43,309.0,6.0225
3583.43,320.3,6.277
3584.43,10.0,2.1697
3585.44,328.3,2.3736
3586.44,357.1,2.6091
3587.44,345.0,2.869
3588.44,1.0,2.2276
3589.45,314.1,2.3666
3590.45,2.0,2.2333
3591.46,327.1,2.4703
3592.46,374.8,2.7513
3593.46,329.0,3.1354
3594.47,311.5,3.5459
3595.47,305.4,3.9831
3596.48,305.6,4.4246
3597.48,313.4,4.8646
3598.49,302.4,5.3148
3599.49,308.0,5.7721
3600.49,339.1,5.966
3601.5,324.6,6.2094
3602.5,2.0,2.1404
3603.5,330.0,2.3241
3604.51,0.0,2.1743
3605.51,346.2,2.3605
3606.51,1.0,2.1407
3607.51,333.1,2.3274
3608.52,336.1,2.0278
3609.52,3.0,2.2935
3610.52,339.9,2.0285
3611.53,2.0,2.314
3612.53,2.0,2.1175
3613.54,308.4,2.3424
3614.54,315.2,2.4678
3615.55,343.3,2.758
3616.55,313.5,3.13
3617.56,309.4,3.5277
3618.56,308.7,3.9345
3619.56,302.4,4.3588
3620.57,304.4,4.7853
3621.57,326.4,5.0738
3622.58,332.5,5.2991
3623.58,11.0,2.2486
3624.58,346.2,2.4298
3625.59,0.0,2.1792
3626.59,343.0,2.434
3627.59,364.0,2.5757
3628.6,2.0,2.1852
3629.6,332.1,2.3926
3630.6,343.3,2.0633
3631.61,4.0,2.364
3632.61,368.8,2.5106
3633.62,2.0,2.3159
3634.62,342.0,2.4724
3635.62,325.0,2.9126
3636.63,3.0,2.1668
3637.63,318.4,2.3591
3638.64,4.0,2.2152
3639.64,293.1,2.374
3640.64,3391.9,2.2018
3641.65,330.0,2.3951
3642.65,372.2,2.5666
3643.65,326.5,2.8708
3644.66,306.6,3.2192
3645.66,312.4,3.5525
3646.67,348.9,3.7928
3647.67,2.0,2.2967
3648.67,335.0,2.5001
3649.68,355.4,2.7402
3650.68,342.9,2.9862
3651.69,331.7,3.222
3652.69,3.0,2.2243
3653.69,345.0,2.458
3654.69,372.8,2.679
3655.7,340.5,2.9387
3656.7,16.9,2.1944
3657.71,322.3,2.4842
3658.71,316.4,2.8214
3659.72,305.5,3.2373
3660.72,200.0,3.7269
3661.73,152.2,4.2309
3662.73,148.4,4.5765
3663.74,344.2,4.7227
3664.74,326.5,4.9823
3665.74,312.0,5.2341
3666.75,324.4,5.3612
3667.75,236.8,5.4129
3668.76,128.4,5.4777
3669.76,254.7,5.5509
3670.77,270.8,5.6425
3671.77,278.6,5.7519
3672.78,304.6,5.8359
3673.78,271.6,5.9076
3674.79,168.3,5.9844
3675.79,100.5,6.0294
3676.8,101.5,6.0639
3677.8,101.5,6.1079
3678.81,232.6,6.1859
3679.81,285.6,6.2913
3680.82,162.2,6.3561
3681.83,295.4,6.4395
3682.83,270.6,6.5357
3683.84,280.5,6.6066
3684.84,275.6,6.6767
3685.85,145.2,6.7383
3686.85,236.4,6.8258
3687.85,123.4,6.8888
3688.86,165.1,6.9651
3689.86,176.1,7.0558
3690.87,312.5,7.8737
3691.87,152.2,7.8759
3692.88,125.4,7.876
3693.88,108.4,7.876
3694.89,113.4,7.876
3695.89,101.5,7.876
3696.9,103.6,7.876
3697.9,122.4,7.876
3698.91,165.2,7.876
3699.91,143.3,7.876
3700.92,105.5,7.876
3701.92,107.4,7.876
3702.93,151.2,7.876
3703.93,118.4,7.876
3704.94,105.4,7.876
3705.94,110.4,7.8762
3706.95,112.4,7.8762
3707.95,110.5,7.8762
3708.96,102.5,7.8762
3709.96,121.4,7.8763
3710.97,126.3,7.8763
3711.97,151.3,7.8763
3712.98,106.4,7.8815
3713.98,107.4,7.9518
3714.99,99.5,7.9763
3715.99,105.5,7.9763
3717.0,133.3,7.9764
3718.0,129.3,7.9764
3719.01,138.3,7.9764
3720.02,106.5,7.9764
3721.02,162.2,7.9765
3722.03,127.3,7.9767
3723.03,100.6,7.9767
3724.03,138.5,7.9767
3725.04,131.3,7.9767
3726.04,131.3,7.9768
3727.05,117.4,7.9769
3728.05,107.5,7.977
3729.06,109.7,7.9771
3730.06,111.4,7.9771
3731.07,106.5,7.9771
3732.07,153.2,7.9771
3733.08,137.3,7.9773
3734.08,122.4,7.9774
3735.09,104.5,7.9774
3736.09,111.5,7.9774
3737.1,262.6,8.7705
3738.1,128.3,8.7954
3739.11,121.4,8.8685
3740.11,111.4,8.8685
3741.12,107.4,8.8685
3742.12,109.4,8.8685
3743.13,115.5,8.8685
3744.13,153.2,8.8685
3745.14,205.9,8.8686
3746.14,136.3,8.8686
3747.15,101.5,8.8686
3748.15,100.6,8.8686
3749.16,101.5,8.8686
3750.16,107.5,8.8686
3751.17,109.5,8.8686
3752.17,114.4,8.8686
3753.18,102.5,8.8686
3754.18,102.5,8.8686
3755.19,104.5,8.8686
3756.19,173.1,8.8687
3757.2,165.3,8.8689
3758.2,148.2,8.869
3759.21,102.5,8.869
3760.21,104.6,8.869
3761.22,101.5,8.8692
3762.22,128.3,8.8692
3763.23,108.4,8.8692
3764.23,102.5,8.8692
3765.24,102.5,8.8692
3766.24,101.5,8.8692
3767.25,101.5,8.8692
3768.25,107.5,8.8692
3769.26,101.5,8.8692
3770.26,104.5,8.8692
3771.27,101.5,8.8692
3772.27,99.5,8.8692
3773.28,102.5,8.8692
3774.28,109.5,8.8692
3775.29,104.5,8.8692
3776.29,101.5,8.8692
3777.3,99.5,8.8692
3778.3,102.5,8.8692
3779.31,102.5,8.8692
3780.31,110.4,8.8692
3781.32,106.5,8.8693
3782.32,100.6,8.8693
3783.33,100.5,8.8693
3784.33,123.4,8.8693
3785.34,100.5,8.8693
3786.34,150.5,8.8695
3787.35,240.8,8.9985
3788.35,119.4,8.992
3789.36,101.5,8.992
3790.36,100.5,8.992
3791.37,101.6,8.9922
3792.37,101.5,8.9922
3793.38,99.5,8.9922
3794.38,107.4,8.9922
3795.39,99.6,8.9922
3796.39,105.6,8.9922
3797.39,101.5,8.9922
3798.4,102.5,8.9922
3799.4,101.5,8.9922
3800.41,101.5,8.9922
3801.41,100.5,8.9922
3802.42,101.5,8.9922
3803.42,100.5,8.9922
3804.43,121.5,8.9922
3805.43,109.4,8.9922
3806.44,115.4,8.9922
3807.44,103.5,8.9922
3808.45,100.5,8.9922
3809.45,120.4,8.9922
3810.46,103.5,8.9922
3811.46,101.5,8.9922
3812.47,100.5,8.9922
3813.47,100.5,8.9922
3814.48,106.4,8.9922
3815.49,99.5,8.9922
3816.49,103.5,8.9922
3817.5,100.5,8.9922
3818.5,101.5,8.9922
3819.51,101.5,8.9922
3820.51,101.5,8.9922
3821.52,104.5,8.9922
3822.52,99.5,8.9922
3823.53,102.5,8.9922
3824.53,100.5,8.9922
3825.54,99.5,8.9922
3826.54,101.7,8.9922
3827.54,101.7,8.9922
3828.55,100.5,8.9922
3829.55,100.3,8.9922
3830.56,100.5,8.9922
3831.56,230.3,9.0626
3832.57,169.3,9.2487
3833.57,107.5,9.2487
3834.58,101.5,9.2487
3835.58,102.5,9.2487
3836.59,99.5,9.2489
3837.59,103.5,9.2489
3838.6,131.3,9.2489
3839.6,136.4,9.2493
3840.61,100.5,9.2493
3841.61,105.5,9.2496
3842.62,103.5,9.2496
3843.62,100.5,9.2496
3844.63,100.5,9.2496
3845.63,104.5,9.2496
3846.64,143.3,9.2496
3847.64,101.6,9.2496
3848.65,127.3,9.2496
3849.65,99.5,9.2496
3850.66,102.5,9.2496
3851.66,99.6,9.2496
3852.67,105.5,9.2496
3853.67,107.5,9.2496
3854.68,101.5,9.2496
3855.68,100.5,9.2496
3856.69,103.6,9.2496
3857.69,101.5,9.2496
3858.7,99.5,9.2496
3859.7,101.5,9.2496
3860.71,100.5,9.2496
3861.71,99.5,9.2496
3862.72,106.5,9.2496
3863.72,100.5,9.2496
3864.73,100.5,9.2496
3865.73,310.0,9.5233
3866.74,116.4,9.5443
3867.74,102.5,9.5443
3868.74,99.7,9.5443
3869.75,100.5,9.5443
3870.75,101.5,9.5443
3871.76,99.5,9.5443
3872.76,184.0,9.5443
3873.77,297.5,9.5447
3874.77,303.4,9.5745
3875.78,291.2,9.5854
3876.78,135.3,9.5854
3877.79,217.9,9.5724
3878.79,128.3,2.0782
3879.8,3.0,2.3057
3880.8,326.0,2.4752
3881.8,359.2,2.6589
3882.81,338.3,2.8885
3883.81,1.0,2.2103
3884.81,355.9,2.4106
3885.81,352.0,2.6247
3886.82,354.9,2.802
3887.82,5.0,2.1691
3888.83,312.4,2.456
3889.83,315.4,2.89
3890.84,287.5,3.3163
3891.84,205.9,3.7871
3892.85,149.2,4.2691
3893.85,169.5,4.5882
3894.86,352.2,4.7523
3895.86,322.3,5.0169
3896.87,316.7,5.2525
3897.87,320.6,5.3858
3898.88,246.7,5.4261
3899.88,213.9,5.4841
3900.89,282.5,5.5541
3901.89,272.6,5.6253
3902.9,278.8,5.724
3903.9,303.4,5.8228
3904.91,237.8,5.8931
3905.91,281.5,5.9759
3906.92,155.2,6.0196
3907.92,101.5,6.0597
3908.93,100.5,6.104
3909.93,158.2,6.1607
3910.94,281.8,6.2425
3911.94,301.5,6.3218
3912.95,300.5,6.408
3913.95,303.4,6.506
3914.96,272.8,6.5841
3915.96,258.2,6.6489
3916.96,147.3,6.716
3917.97,175.1,6.792
3918.97,128.5,6.8661
3919.98,102.5,6.9205
3920.98,175.1,7.0095
3921.99,231.3,7.4526
3922.99,270.6,7.8725
3924.0,119.4,7.8726
3925.0,105.5,7.8727
3926.01,102.5,7.8727
3927.01,105.5,7.873
3928.02,99.5,7.873
3929.02,117.4,7.873
3930.03,113.4,7.873
3931.03,119.4,7.873
3932.04,169.1,7.8732
3933.04,102.5,7.8732
3934.05,104.5,7.8732
3935.05,141.3,7.8732
3936.06,117.4,7.8732
3937.06,101.5,7.8732
3938.07,114.4,7.8734
3939.07,114.4,7.8734
3940.08,104.5,7.8734
3941.08,108.4,7.8734
3942.09,122.4,7.8736
3943.09,160.2,7.8736
3944.1,117.5,7.8736
3945.1,142.3,7.932
3946.11,120.4,7.9736
3947.11,99.5,7.9736
3948.12,124.4,7.9736
3949.12,102.5,7.9736
3950.13,124.4,7.9737
3951.13,156.2,7.9737
3952.14,198.0,7.9737
3953.14,118.4,7.9738
3954.15,137.3,7.9741
3955.15,124.4,7.9741
3956.16,133.3,7.9741
3957.16,144.3,7.9743
3958.17,106.5,7.9743
3959.17,151.3,7.9743
3960.18,108.4,7.9743
3961.18,112.4,7.9743
3962.19,108.4,7.9743
3963.19,107.5,7.9743
3964.2,129.7,7.9743
3965.2,118.4,7.9743
3966.2,120.7,7.9744
3967.21,112.4,7.9745
3968.21,134.3,7.9745
3969.22,315.0,8.7649
3970.22,201.1,8.7649
3971.23,260.7,8.8287
3972.23,160.2,8.8668
3973.24,116.4,8.8668
3974.24,113.5,8.8669
3975.25,159.2,8.8669
3976.25,113.4,8.8671
3977.26,101.5,8.8671
3978.26,186.2,8.8671
3979.27,228.8,8.8672
3980.27,100.5,8.8672
3981.28,107.4,8.8673
3982.28,101.6,8.8673
3983.28,109.7,8.8673
3984.29,101.5,8.8673
3985.29,100.6,8.8673
3986.3,187.0,8.8674
3987.3,200.0,8.8674
3988.31,121.4,8.8674
3989.31,102.5,8.8674
3990.32,170.1,8.8678
3991.32,141.3,8.8678
3992.33,173.1,8.8708
3993.34,111.4,8.8644
3994.34,104.5,8.8644
3995.35,104.5,8.8644
3996.35,123.6,8.8644
3997.35,103.5,8.8644
3998.36,106.5,8.8645
3999.36,100.5,8.8645
4000.37,102.5,8.8645
4001.37,101.5,8.8645
4002.38,108.4,8.8645
4003.38,101.5,8.8645
4004.39,105.5,8.8645
4005.4,100.5,8.8645
4006.4,102.5,8.8645
4007.41,100.5,8.8645
4008.41,101.5,8.8645
4009.42,107.5,8.8645
4010.42,100.5,8.8645
4011.43,100.5,8.8648
4012.43,101.5,8.8648
4013.44,100.5,8.8648
4014.44,103.5,8.8648
4015.45,102.5,8.8648
4016.45,121.4,8.8648
4017.46,100.5,8.8648
4018.46,165.2,8.8648
4019.46,150.6,8.8652
4020.47,243.8,8.99
4021.47,101.5,8.9903
4022.48,122.4,8.9903
4023.48,102.5,8.9903
4024.49,100.5,8.9903
4025.49,99.6,8.9903
4026.5,102.5,8.9903
4027.5,105.5,8.9903
4028.51,100.5,8.9903
4029.51,101.5,8.9903
4030.52,103.5,8.9903
4031.52,101.5,8.9903
4032.53,102.5,8.9903
4033.53,101.6,8.9903
4034.54,102.5,8.9903
4035.54,99.5,8.9903
4036.55,100.5,8.9903
4037.55,101.5,8.9903
4038.56,133.4,8.9903
4039.56,118.4,8.9903
4040.57,106.5,8.9903
4041.57,102.5,8.9905
4042.58,99.5,8.9905
4043.58,122.4,8.9905
4044.59,110.4,8.9905
4045.59,106.5,8.9905
4046.6,99.5,8.9905
4047.6,104.5,8.9905
4048.61,100.5,8.9905
4049.61,101.5,8.9905
4050.62,105.6,8.9905
4051.62,100.5,8.9905
4052.63,101.5,8.9905
4053.63,99.5,8.9905
4054.64,102.5,8.9905
4055.64,101.6,8.9905
4056.65,100.6,8.9905
4057.65,101.5,8.9905
4058.66,99.5,8.9905
4059.66,102.5,8.9905
4060.67,103.5,8.9905
4061.67,100.5,8.9905
4062.68,99.5,8.9905
4063.68,100.7,8.9905
4064.69,101.5,8.9905
4065.69,294.5,9.2251
4066.7,101.5,9.2253
4067.7,107.5,9.2253
4068.71,101.5,9.2253
4069.71,101.5,9.2253
4070.72,99.5,9.2253
4071.72,104.5,9.2253
4072.73,131.4,9.2253
4073.73,114.4,9.2253
4074.74,100.5,9.2253
4075.74,102.5,9.2253
4076.75,104.5,9.2253
4077.75,101.5,9.2253
4078.76,100.6,9.2253
4079.76,103.5,9.2253
4080.77,100.5,9.2253
4081.77,100.5,9.2253
4082.78,128.3,9.2253
4083.78,99.5,9.2253
4084.79,101.5,9.2253
4085.79,99.5,9.2253
4086.8,100.6,9.2253
4087.8,99.5,9.2253
4088.81,103.5,9.2253
4089.81,102.5,9.2253
4090.82,108.5,9.2253
4091.82,100.5,9.2253
4092.83,102.5,9.2253
4093.83,100.5,9.2253
4094.84,103.5,9.2253
4095.84,99.5,9.2253
4096.85,104.5,9.2256
4097.85,101.5,9.2256
4098.86,101.5,9.2256
4099.86,200.5,9.2259
4100.87,218.9,9.5353
4101.87,100.5,9.5353
4102.88,101.5,9.5353
4103.88,100.5,9.5353
4104.89,102.5,9.5353
4105.89,100.6,9.5353
4106.89,109.6,9.5353
4107.9,297.6,9.5357
4108.9,206.9,2.0857
4109.91,2.0,2.2494
4110.91,305.1,2.4153
4111.91,352.0,2.6168
4112.92,352.5,2.8156
4113.92,0.0,2.1094
4114.93,283.5,2.3503
4115.93,291.7,2.4761
4116.94,366.4,2.6597
4117.94,342.4,2.8834
4118.94,1.0,2.1836
4119.95,312.1,2.3687
4120.95,322.0,2.5058
4121.95,367.6,2.6992
4122.96,341.8,2.9217
4123.96,2.0,2.2342
4124.96,337.2,2.4446
4125.97,358.9,2.6282
4126.97,353.9,2.8315
4127.97,322.7,2.0876
4128.98,2.0,2.3337
4129.98,301.2,2.4671
4130.98,369.8,2.6758
4131.99,344.0,2.9354
4132.99,2.0,2.3327
4133.99,345.1,2.519
4135.0,369.6,2.7673
4136.0,0.0,2.1097
4137.01,289.8,2.3617
4138.01,320.1,2.5098
4139.01,369.9,2.6971
4140.01,340.0,2.9411
4141.02,1.0,2.2569
4142.02,332.3,2.44
4143.02,343.0,2.6346
4144.03,354.2,2.8276
4145.03,1.0,2.1851
4146.04,309.4,2.373
4147.04,336.9,2.5154
4148.05,355.5,2.7038
4149.05,341.2,2.9748
4150.06,3517.1,2.2593
4151.06,322.4,2.4333
4152.06,365.0,2.6394
4153.07,355.1,2.9106
4154.07,17.0,2.2287
4155.07,293.2,2.4338
4156.07,351.1,2.6421
4157.08,356.2,2.8488
4158.08,342.2,3.0804
4159.09,3425.6,2.3076
4160.09,317.1,2.523
4161.09,359.8,2.7291
4162.1,351.9,3.0023
4163.1,2.0,2.3307
4164.1,316.6,2.511
4165.11,371.1,2.7243
4166.11,345.8,2.9919
4167.11,2.0,2.3498
4168.12,298.1,2.5131
4169.12,356.9,2.6951
4170.12,344.2,2.9056
4171.13,338.2,3.1401
4172.13,3.0,2.2787
4173.13,342.1,2.4567
4174.14,354.4,2.6503
4175.14,352.5,2.8351
4176.15,333.3,3.0572
4177.15,34.9,2.3013
4178.15,309.1,2.4692
4179.15,349.0,2.6689
4180.16,356.3,2.8489
4181.16,342.2,3.0579
4182.17,1.0,2.3461
4183.17,292.6,2.5157
4184.18,355.9,2.693
4185.18,358.3,2.947
4186.18,1.0,2.301
4187.19,305.8,2.469
4188.19,352.8,2.6703
4189.19,353.6,2.8712
4190.2,324.4,2.151
4191.2,1.0,2.421
4192.21,345.9,2.5339
4193.21,2.0,2.297
4194.21,334.0,2.4648
4195.22,357.3,2.7027
4196.22,358.4,2.9537
4197.22,2.0,2.2811
4198.23,336.0,2.463
4199.23,2.0,2.2611
4200.24,319.4,2.4424
4201.24,348.0,2.5601
4202.25,2.0,2.2348
4203.25,314.1,2.4998
4204.25,340.0,2.6738
4205.25,356.9,2.8368
4206.26,332.6,3.0384
4207.26,319.4,3.2481
4208.27,288.6,2.1515
4209.27,1.0,2.4087
4210.28,317.1,2.5322
4211.28,2.0,2.269
4212.28,323.2,2.4339
4213.28,370.9,2.5887
4214.29,6598.2,2.3205
4215.29,301.1,2.4653
4216.29,353.4,2.152
4217.3,7.0,2.3888
4218.3,356.0,2.525
4219.3,3.0,2.3305
4220.3,323.3,2.476
4221.31,2.0,2.2809
4222.31,316.0,2.4436
4223.31,1.0,2.2881
4224.32,316.4,2.4473
4225.32,342.3,2.5669
4226.33,160.2,2.6118
4227.33,256.6,2.7305
4228.33,3070.5,2.3382
4229.34,302.1,2.4788
4230.34,323.5,2.5984
4231.35,260.2,2.1577
4232.35,0.0,2.394
4233.35,324.0,2.5123
4234.35,3191.9,2.3247
4235.36,308.1,2.4606
4236.36,1399.6,2.2536
4237.37,296.5,2.4276
4238.37,345.9,2.5672
4239.37,0.0,2.2888
4240.38,306.2,2.4375
4241.38,4.0,2.2851
4242.38,311.1,2.4423
4243.39,369.9,2.6069
4244.39,1.0,2.2861
4245.39,305.6,2.4819
4246.4,344.5,2.1592
4247.4,1.0,2.4184
4248.4,299.1,2.5259
4249.41,340.5,2.7563
4250.41,328.9,2.9948
4251.41,5.0,2.2909
4252.42,289.9,2.4681
4253.42,353.0,2.6512
4254.43,314.5,2.8931
4255.43,3.0,2.1661
4256.43,283.6,2.4262
4257.44,321.0,2.5881
4258.44,360.7,2.7375
4259.45,341.3,2.9529
4260.45,1.0,2.2567
4261.46,299.4,2.4282
4262.46,4.0,2.2818
4263.46,344.2,2.5306
4264.47,325.0,2.6202
4265.47,346.0,2.7995
4266.47,337.0,3.0275
4267.48,1492.0,2.2752
4268.48,303.9,2.4574
4269.48,322.3,2.5848
4270.49,322.4,2.8241
4271.49,339.7,2.1687
4272.5,0.0,2.3924
4273.5,319.0,2.5016
4274.5,3.0,2.3013
4275.5,348.1,2.5554
4276.51,367.9,2.6547
4277.51,341.3,2.8461
4278.52,3.0,2.2749
4279.52,325.1,2.514
4280.52,363.0,2.6553
4281.53,358.1,2.8386
4282.53,1.0,2.189
4283.54,285.3,2.4465
4284.54,343.0,2.6006
4285.54,363.8,2.7776
4286.54,333.3,2.1755
4287.55,2.0,2.4178
4288.55,339.1,2.5941
4289.56,366.6,2.7755
4290.56,2.0,2.2279
4291.56,295.1,2.4554
4292.57,346.0,2.6143
4293.57,356.2,2.7569
4294.58,328.9,2.1819
4295.58,1.0,2.4202
4296.58,336.0,2.5963
4297.58,365.8,2.7294
4298.59,328.8,2.9148
4299.59,3.0,2.4014
4300.6,329.1,2.5811
4301.6,363.4,2.7442
4302.6,341.1,2.9527
4303.6,3.0,2.3892
4304.61,330.0,2.6016
4305.61,367.9,2.7281
4306.61,342.0,2.928
4307.62,3511.8,2.4126
4308.62,316.0,2.5413
4309.62,3393.8,2.34
4310.63,352.9,2.5891
4311.63,365.0,2.7346
4312.63,327.8,2.9374
4313.64,3.0,2.3096
4314.64,332.3,2.5581
4315.65,336.8,2.6521
4316.65,345.4,2.8475
4317.66,2.0,2.2982
4318.66,318.0,2.532
4319.66,333.0,2.6351
4320.67,344.5,2.8203
4321.67,292.5,3.2509
4322.68,251.7,3.6795
4323.68,214.1,4.1696
4324.69,115.4,4.6543
4325.69,104.5,5.1447
4326.7,196.0,2.196
4327.7,1.0,2.3829
4328.7,325.0,2.5628
4329.71,359.6,2.7474
4330.71,3.0,2.3508
4331.71,323.5,2.5669
4332.72,340.9,2.6735
4333.72,332.4,2.8882
4334.73,1.0,2.4687
4335.73,328.1,2.5822
4336.73,357.9,2.7632
4337.74,1.0,2.4034
4338.74,326.0,2.5513
4339.74,362.9,2.7341
4340.75,4.0,2.3175
4341.75,325.9,2.5236
4342.75,370.9,2.707
4343.76,331.7,2.2005
4344.76,1.0,2.4267
4345.76,318.1,2.5531
4346.77,355.9,2.7392
4347.77,3.0,2.2526
4348.78,293.5,2.4804
4349.78,352.9,2.6115
4350.78,359.3,2.8013
4351.79,2.0,2.3708
4352.79,328.0,2.5619
4353.8,370.1,2.7368
4354.8,325.4,2.973
4355.81,1426.2,2.307
4356.81,323.3,2.5139
4357.81,362.9,2.6461
4358.82,341.2,2.9376
4359.82,1.0,2.2993
4360.83,310.5,2.4811
4361.83,2.0,2.2954
4362.84,307.1,2.4854
4363.84,2.0,2.3048
4364.84,314.7,2.527
4365.85,368.8,2.7219
4366.85,3465.4,2.342
4367.85,314.1,2.5376
4368.86,359.0,2.7317
4369.86,1.0,2.3657
4370.86,348.0,2.5472
4371.87,2.0,2.3618
4372.87,312.1,2.5323
4373.87,360.9,2.7089
4374.87,3.0,2.325
4375.88,325.3,2.5332
4376.88,371.9,2.7472
4377.88,1.0,2.2199
4378.89,283.5,2.4845
4379.89,341.1,2.6268
4380.9,363.9,2.8124
4381.9,3.0,2.4334
4382.9,337.0,2.5788
4383.91,359.9,2.7697
4384.91,2.0,2.3962
4385.91,305.2,2.5597
4386.92,0.0,2.2628
4387.92,291.5,2.4871
4388.93,327.9,2.6103
4389.93,1455.2,2.3142
4390.94,315.5,2.4821
4391.94,360.9,2.6684
4392.94,1605.1,2.3218
4393.94,351.2,2.5176
4394.95,365.6,2.6958
4395.95,1.0,2.376
4396.95,345.0,2.5449
4397.96,2.0,2.4046
4398.96,346.1,2.5678
4399.96,1.0,2.4825
4400.97,319.0,2.5913
4401.97,327.3,2.8293
4402.97,345.8,3.0137
4403.98,1.0,2.4276
4404.98,336.9,2.6391
4405.99,361.2,2.8594
4406.99,302.4,2.2034
4408.0,2.0,2.4719
4409.0,2.0,2.2758
4410.0,290.2,2.4723
4411.01,324.0,2.573
4412.01,0.0,2.3329
4413.01,313.1,2.5021
4414.02,2.0,2.3347
4415.02,345.9,2.516
4416.02,2.0,2.3571
4417.02,334.2,2.5113
4418.03,360.9,2.6674
4419.03,0.0,2.3489
4420.04,299.5,2.5023
4421.04,2.0,2.4144
4422.04,0.0,2.2964
4423.05,300.4,2.4985
4424.05,347.7,2.6816
4425.06,342.5,2.9881
4426.06,1.0,2.3109
4427.07,318.3,2.504
4428.07,334.6,2.6412
4429.08,325.3,2.8889
4430.08,342.2,3.1076
4431.09,1.0,2.4009
4432.09,349.1,2.5744
4433.1,337.2,2.7966
4434.1,328.9,3.0305
4435.1,6.0,2.3504
4436.1,340.1,2.5271
4437.11,1.0,2.4799
4438.11,333.0,2.6335
4439.12,334.3,2.9484
4440.12,2.0,2.3209
4441.13,280.5,2.4813
4442.13,2.0,2.3147
4443.14,292.2,2.4916
4444.14,2.0,2.4025
4445.14,304.1,2.7136
4446.14,342.1,2.9221
4447.15,335.3,3.1805
4448.15,313.5,3.4557
4449.16,309.4,3.7085
4450.16,308.7,3.9838
4451.17,317.4,4.2411
4452.17,308.4,4.5729
4453.18,311.5,4.8772
4454.18,302.4,5.2134
4455.19,302.4,5.5095
4456.19,306.6,5.82
4457.2,303.6,6.1202
4458.2,212.9,6.4057
4459.21,144.6,6.6825
4460.21,148.2,6.9613
4461.22,277.1,7.3156
4462.22,326.3,7.4741
4463.22,293.8,7.4777
4464.23,270.4,7.5789
4465.23,2.0,2.307
4466.23,295.1,2.4918
4467.24,1.0,2.3071
4468.24,284.8,2.4931
4469.25,2.0,2.3271
4470.25,326.2,2.5404
4471.26,363.2,2.741
4472.26,338.9,2.9703
4473.27,0.0,2.3233
4474.27,309.5,2.5272
4475.27,348.9,2.7133
4476.28,321.9,2.9583
4477.28,2.0,2.2372
4478.28,285.4,2.496
4479.29,325.0,2.6175
4480.29,325.4,2.8185
4481.3,2.0,2.4573
4482.3,304.1,2.5691
4483.3,352.0,2.7571
4484.31,1506.2,2.3247
4485.31,295.7,2.5007
4486.31,342.0,2.6362
4487.32,315.9,2.2227
4488.32,0.0,2.4659
4489.33,306.1,2.5752
4490.33,348.6,2.7504
4491.33,280.2,2.8427
4492.34,1.0,2.3649
4493.34,333.0,2.5407
4494.34,369.2,2.7197
4495.35,316.9,2.8484
4496.35,0.0,2.4584
4497.35,315.1,2.5795
4498.36,343.3,2.7801
4499.36,1956.5,2.4305
4500.37,335.0,2.6309
4501.37,2.0,2.3281
4502.37,323.5,2.5651
4503.38,329.3,2.7072
4504.38,348.3,2.8814
4505.39,319.5,3.0884
4506.39,303.2,3.3129
4507.39,324.4,3.5761
4508.4,0.0,2.3315
4509.4,335.3,2.6386
4510.4,339.0,2.759
4511.41,336.3,2.939
4512.41,317.0,3.1632
4513.42,309.3,3.3765
4514.42,1.0,2.4018
4515.42,339.3,2.7015
4516.43,373.6,2.8873
4517.43,336.1,3.1657
4518.43,315.1,3.4203
4519.44,2.0,2.3098
4520.44,309.9,2.5788
4521.44,351.3,2.7744
4522.45,358.2,3.0078
4523.45,334.7,3.2719
4524.46,319.0,3.52
4525.46,0.0,2.3398
4526.46,339.0,2.529
4527.47,1.0,2.331
4528.47,322.5,2.5222
4529.47,353.5,2.2286
4530.48,5.0,2.4996
4531.48,341.7,2.2287
4532.49,1.0,2.4928
4533.49,303.1,2.5936
4534.49,2302.3,2.4792
4535.5,345.9,2.6103
4536.5,2.0,2.4222
4537.5,301.2,2.5502
4538.51,1.0,2.3789
4539.51,345.3,2.5494
4540.51,4327.4,2.3905
4541.51,336.1,2.5753
4542.52,2.0,2.3814
4543.52,301.4,2.5677
4544.52,358.4,2.7607
4545.53,317.4,3.0345
4546.53,315.0,3.355
4547.54,314.4,2.2298
4548.54,1.0,2.5226
4549.54,338.9,2.715
4550.55,353.0,2.9357
4551.55,330.6,3.1966
4552.56,333.3,3.4096
4553.56,315.4,3.7433
4554.57,153.2,4.3212
4555.57,2.0,2.3116
4556.58,312.3,2.5718
4557.58,374.9,2.7316
4558.58,0.0,2.3776
4559.58,326.4,2.5869
4560.59,348.1,2.7272
4561.59,2.0,2.402
4562.59,5.0,2.2536
4563.6,305.2,2.5607
4564.6,314.4,2.9715
4565.61,304.4,3.318
4566.61,343.1,3.4612
4567.61,327.2,3.7048
4568.62,328.5,3.8059
4569.62,307.4,3.9245
4570.63,294.5,4.0671
4571.63,286.6,4.1945
4572.64,291.8,4.3026
4573.64,262.8,4.4329
4574.65,309.5,4.596
4575.65,303.4,4.7238
4576.66,298.1,4.8646
4577.66,293.4,4.9798
4578.67,302.4,5.1311
4579.67,305.4,5.2479
4580.68,303.4,5.3734
4581.68,298.4,5.5219
4582.69,299.4,5.6507
4583.7,256.6,5.7748
4584.7,102.5,5.8505
4585.71,108.4,5.9431
4586.71,192.0,6.0575
4587.72,235.8,6.1981
4588.72,258.7,6.3264
4589.73,296.6,6.4348
4590.73,134.3,6.5493
4591.74,181.1,6.6783
4592.74,135.3,6.8055
4593.75,137.3,6.9425
4594.75,141.2,7.0681
4595.76,138.2,7.1931
4596.76,231.8,7.6347
4597.77,127.4,7.6867
4598.77,147.2,7.6867
4599.78,157.2,7.6867
4600.78,173.1,7.6911
4601.79,127.3,7.6913
4602.8,120.4,7.7913
4603.8,173.1,7.7915
4604.81,115.4,7.7915
4605.81,112.4,7.7915
4606.82,156.2,7.7915
4607.82,1.0,2.3329
4608.82,314.7,2.5583
4609.83,309.0,2.6452
4610.83,353.7,2.8469
4611.84,327.3,3.0546
4612.84,319.3,3.2931
4613.85,309.5,3.5077
4614.85,327.1,3.7635
4615.85,0.0,2.4294
4616.85,311.1,2.6592
4617.86,348.0,2.8106
4618.86,337.2,2.9996
4619.86,323.4,3.2436
4620.87,323.9,2.2317
4621.87,1.0,2.4594
4622.87,303.8,2.6689
4623.88,360.0,2.8203
4624.88,329.1,2.99
4625.89,318.4,3.209
4626.89,4.0,2.3813
4627.89,337.1,2.5753
4628.89,359.0,2.8329
4629.9,0.0,2.4305
4630.9,306.2,2.5672
4631.9,346.1,2.7721
4632.91,2.0,2.3447
4633.91,330.6,2.6033
4634.91,333.9,2.7192
4635.92,348.3,2.8846
4636.92,318.3,3.0611
4637.93,315.5,3.2806
4638.93,1.0,2.3818
4639.94,325.4,2.655
4640.94,347.9,2.8255
4641.94,339.5,3.0358
4642.95,331.5,3.2994
4643.95,2.0,2.4273
4644.96,300.5,2.6667
4645.96,345.2,2.7959
4646.96,337.2,2.9798
4647.97,317.4,3.191
4648.97,1.0,2.3424
4649.98,337.9,2.5336
4650.98,369.0,2.7613
4651.98,1.0,2.4082
4652.99,332.0,2.6809
4653.99,364.0,2.848
4654.99,325.4,3.0074
4656.0,328.4,3.2144
4657.0,3.0,2.3327
4658.01,319.6,2.5479
4659.01,295.4,2.6928
4660.02,355.2,2.8973
4661.02,335.6,3.1408
4662.03,2.0,2.3291
4663.03,315.1,2.555
4664.03,330.1,2.6671
4665.03,355.7,2.8872
4666.04,339.2,3.175
4667.04,3.0,2.3595
4668.05,334.8,2.2331
4669.05,2.0,2.5104
4670.06,1472.5,2.3393
4671.06,299.7,2.5133
4672.07,2.0,2.3404
4673.07,319.0,2.5277
4674.07,1.0,2.3351
4675.08,298.5,2.5108
4676.08,342.0,2.62
4677.09,2924.2,2.4729
4678.09,328.0,2.574
4679.09,1.0,2.4062
4680.1,318.1,2.554
4681.1,1.0,2.3481
4682.1,299.5,2.5293
4683.11,1.0,2.3303
4684.11,302.9,2.5066
4685.11,349.0,2.6135
4686.12,4.0,2.4831
4687.12,313.1,2.576
4688.12,0.0,2.4907
4689.13,1.0,2.3235
4690.13,297.2,2.5076
4691.14,325.7,2.6324
4692.14,1.0,2.33
4693.15,302.4,2.5016
4694.15,332.0,2.6171
4695.15,3530.0,2.3906
4696.16,330.0,2.5456
4697.16,1.0,2.3441
4698.16,329.0,2.5271
4699.17,359.9,2.6576
4700.17,24.9,2.4499
4701.17,351.9,2.6072
4702.17,2.0,2.4134
4703.18,334.0,2.5962
4704.18,2.0,2.4232
4705.18,345.0,2.6029
4706.19,2.0,2.3759
4707.19,329.0,2.5628
4708.2,2.0,2.3732
4709.2,275.6,2.5366
4710.2,338.1,2.6892
4711.21,1.0,2.3711
4712.21,322.3,2.5636
4713.22,2.0,2.3717
4714.22,316.1,2.5541
4715.22,350.5,2.2686
4716.23,1.0,2.5102
4717.23,304.3,2.6044
4718.24,2.0,2.4753
4719.24,309.0,2.6116
4720.24,352.9,2.8075
4721.25,1.0,2.4688
4722.25,325.0,2.6027
4723.25,358.9,2.7975
4724.26,3226.7,2.4012
4725.26,325.0,2.5573
4726.26,2.0,2.381
4727.27,297.5,2.5345
4728.27,1.0,2.3559
4729.28,303.4,2.5372
4730.28,342.1,2.6431
4731.28,2.0,2.497
4732.29,323.0,2.6169
4733.29,343.0,2.2718
4734.29,0.0,2.511
4735.3,3.0,2.3722
4736.3,311.7,2.5439
4737.31,0.0,2.4465
4738.31,312.2,2.5912
4739.31,362.9,2.78
4740.31,1.0,2.4322
4741.32,307.4,2.5776
4742.32,358.9,2.7782
4743.32,344.3,2.2719
4744.33,1.0,2.5151
4745.33,318.3,2.629
4746.33,353.7,2.8376
4747.34,0.0,2.3876
4748.35,317.4,2.5616
4749.35,349.9,2.7258
4750.35,1.0,2.4124
4751.35,321.0,2.5657
4752.36,361.9,2.7137
4753.36,2.0,2.4958
4754.36,308.1,2.6203
4755.37,337.0,2.8671
4756.37,2.0,2.4244
4757.37,318.0,2.596
4758.38,352.2,2.8059
4759.38,340.6,3.0966
4760.39,3.0,2.4239
4761.39,325.1,2.5947
4762.39,351.2,2.8659
4763.4,344.0,3.1357
4764.4,6861.5,2.5141
4765.4,341.0,2.6554
4766.4,2.0,2.4177
4767.41,338.0,2.5971
4768.41,372.9,2.7495
4769.41,2.0,2.4271
4770.42,299.1,2.5856
4771.42,358.8,2.7897
4772.42,1.0,2.4519
4773.43,336.0,2.6363
4774.43,0.0,2.4679
4775.43,326.9,2.6613
4776.43,3413.2,2.4667
4777.44,307.1,2.6047
4778.44,2.0,2.4993
4779.45,0.0,2.3255
4780.45,286.6,2.5365
4781.45,337.1,2.6404
4782.46,1.0,2.5038
4783.46,308.2,2.6063
4784.46,3.0,2.4436
4785.46,334.0,2.5996
4786.47,1.0,2.4158
4787.47,323.0,2.5734
4788.47,3.0,2.4009
4789.48,342.0,2.587
4790.48,3.0,2.4069
4791.48,328.1,2.5749
4792.48,361.9,2.7384
4793.49,3.0,2.4299
4794.49,325.0,2.5896
4795.5,1.0,2.4782
4796.5,1.0,2.335
4797.51,286.6,2.5613
4798.51,3617.6,2.433
4799.51,335.3,2.6374
4800.52,2.0,2.3604
4801.53,296.4,2.5681
4802.53,299.1,2.6945
4803.53,1.0,2.4237
4804.53,331.9,2.6275
4805.54,1.0,2.3033
4806.54,288.0,2.5429
4807.55,327.0,2.6619
4808.55,1.0,2.4095
4809.55,329.6,2.6979
4810.56,308.4,3.0026
4811.56,286.5,3.2488
4812.57,360.1,3.3589
4813.57,329.8,3.4878
4814.58,333.1,3.6964
4815.58,294.5,3.8656
4816.59,2.0,2.3755
4817.59,311.5,2.613
4818.59,363.9,2.7723
4819.6,2.0,2.4087
4820.6,344.1,2.6256
4821.61,3.0,2.333
4822.61,289.6,2.5685
4823.61,314.0,2.6709
4824.62,1.0,2.4279
4825.62,323.8,2.5864
4826.62,0.0,2.3988
4827.63,309.0,2.5628
4828.63,1.0,2.3937
4829.64,302.9,2.5563
4830.64,2.0,2.4134
4831.64,325.3,2.5826
4832.65,355.6,2.743
4833.65,323.2,2.9714
4834.65,3.0,2.3883
4835.66,295.5,2.5654
4836.66,339.2,2.7385
4837.67,336.0,2.9574
4838.67,333.5,3.1581
4839.68,3.0,2.3885
4840.68,308.4,2.5703
4841.69,345.2,2.7018
4842.69,336.2,2.9428
4843.7,344.2,3.1834
4844.7,2.0,2.4137
4845.71,303.5,2.5881
4846.71,355.5,2.7619
4847.71,3067.0,2.4107
4848.72,326.0,2.5859
4849.72,376.1,2.7284
4850.72,1.0,2.5128
4851.73,305.1,2.6368
4852.73,351.1,2.8174
4853.73,3.0,2.4739
4854.74,325.4,2.7918
4855.74,303.4,3.1317
4856.75,297.9,3.5008
4857.75,164.1,3.9791
4858.76,152.2,4.4638
4859.76,239.0,4.773
4860.77,359.6,4.9336
4861.77,343.4,5.1108
4862.78,293.1,5.2008
4863.78,297.5,5.2818
4864.79,279.5,5.4322
4865.79,139.4,5.4804
4866.8,193.0,5.5618
4867.8,152.2,5.6488
4868.81,198.0,5.7458
4869.81,196.1,5.8289
4870.82,292.4,5.9488
4871.82,178.1,6.0016
4872.82,179.5,6.0678
4873.83,279.8,6.1542
4874.83,219.9,6.2369
4875.84,230.8,6.3575
4876.84,250.7,6.4628
4877.85,280.5,6.5729
4878.85,217.9,6.659
4879.86,302.7,6.8915
4880.86,211.9,6.9454
4881.87,246.2,7.0303
4882.87,222.9,7.113
4883.88,173.1,7.1926
4884.88,200.1,7.2666
4885.89,298.6,8.0702
4886.89,174.3,8.0724
4887.9,141.3,8.0724
4888.9,119.4,8.0724
4889.91,107.4,8.0724
4890.91,126.4,8.0724
4891.92,118.4,8.0724
4892.92,137.3,8.0725
4893.93,146.2,8.0725
4894.93,111.4,8.0725
4895.94,99.5,8.0725
4896.94,100.5,8.0725
4897.95,179.1,8.0725
4898.95,144.2,8.0725
4899.96,105.5,8.0725
4900.96,130.3,8.0725
4901.97,108.4,8.0725
4902.97,123.4,8.1522
4903.98,111.4,8.1726
4904.98,130.5,8.1726
4905.99,120.4,8.1727
4906.99,104.5,8.1727
4908.0,114.4,8.1727
4909.0,100.5,8.1727
4910.01,112.4,8.1727
4911.01,101.5,8.1727
4912.02,104.5,8.1728
4913.02,100.5,8.1728
4914.03,100.5,8.1728
4915.03,107.5,8.1728
4916.04,100.5,8.1728
4917.04,170.1,8.1728
4918.05,104.4,8.1729
4919.05,143.3,8.1729
4920.06,118.4,8.1729
4921.06,101.5,8.1729
4922.07,100.5,8.1729
4923.07,102.5,8.1729
4924.08,256.7,8.9265
4925.08,110.4,8.9371
4926.09,101.6,8.9984
4927.09,101.5,9.0245
4928.1,127.3,9.0246
4929.1,101.5,9.0246
4930.11,126.4,9.0246
4931.11,125.4,9.0246
4932.12,124.4,9.0249
4933.13,105.2,9.0249
4934.13,116.4,9.0249
4935.14,102.5,9.0249
4936.14,102.6,9.0249
4937.15,100.5,9.0249
4938.15,99.5,9.0249
4939.16,100.5,9.0249
4940.16,123.5,9.0249
4941.17,101.5,9.0249
4942.17,101.5,9.0251
4943.18,101.5,9.0251
4944.18,99.5,9.0251
4945.19,101.5,9.0251
4946.19,100.5,9.0251
4947.2,100.5,9.0251
4948.2,102.5,9.0251
4949.21,102.5,9.0251
4950.21,105.5,9.0251
4951.22,110.4,9.0251
4952.22,102.5,9.0251
4953.23,124.4,9.0251
4954.23,100.5,9.0251
4955.24,103.5,9.0251
4956.24,100.5,9.0251
4957.25,120.5,9.0251
4958.25,102.5,9.0251
4959.26,99.5,9.0251
4960.26,102.5,9.0251
4961.27,103.5,9.0251
4962.27,102.5,9.0251
4963.28,111.4,9.0251
4964.28,106.4,9.0251
4965.29,103.5,9.0251
4966.29,101.5,9.0251
4967.3,104.5,9.0251
4968.3,113.4,9.0251
4969.31,236.2,9.0819
4970.31,103.5,9.0819
4971.32,101.5,9.0819
4972.32,102.5,9.0819
4973.33,102.5,9.0819
4974.33,99.5,9.0819
4975.34,134.3,9.0819
4976.34,127.4,9.0819
4977.35,99.5,9.0819
4978.35,101.5,9.0819
4979.36,126.4,9.0819
4980.36,125.4,9.0819
4981.37,101.5,9.0822
4982.37,101.5,9.0822
4983.38,126.4,9.0822
4984.38,102.5,9.0822
4985.39,99.5,9.0822
4986.39,101.5,9.0822
4987.4,103.5,9.0822
4988.4,100.5,9.0822
4989.41,107.6,9.0822
4990.41,112.4,9.0822
4991.42,101.5,9.0822
4992.42,107.4,9.0822
4993.43,101.5,9.0822
4994.43,100.5,9.0822
4995.44,101.5,9.0822
4996.44,105.4,9.0822
4997.45,104.5,9.0822
4998.45,110.4,9.0822
4999.46,118.4,9.0822
5000.46,99.5,9.0822
5001.47,99.5,9.0822
5002.47,101.6,9.0822
5003.48,102.5,9.0822
5004.48,101.5,9.0822
5005.49,100.5,9.0822
5006.49,118.5,9.0822
5007.5,105.4,9.0822
5008.5,109.4,9.0822
5009.51,102.5,9.0822
5010.51,103.5,9.0822
5011.52,116.4,9.0822
5012.52,108.4,9.0822
5013.53,106.5,9.0822
5014.53,100.5,9.0822
5015.54,306.0,9.2851
5016.54,101.5,9.2851
5017.55,101.5,9.2851
5018.55,100.5,9.2851
5019.56,103.5,9.2851
5020.56,100.5,9.2851
5021.57,102.5,9.2851
5022.57,111.4,9.2851
5023.58,261.9,2.29
5024.58,0.0,2.4307
5025.59,331.3,2.7028
5026.59,307.4,3.0174
5027.6,189.3,3.3916
5028.6,173.3,3.8859
5029.61,145.2,4.3629
5030.61,230.8,4.7524
5031.62,307.0,4.8633
5032.62,340.3,5.0807
5033.63,329.3,5.1546
5034.63,287.7,5.2336
5035.64,228.8,5.3114
5036.64,273.6,5.4434
5037.65,121.4,5.4875
5038.65,224.8,5.6057
5039.66,124.4,5.6507
5040.66,186.0,5.7455
5041.66,222.4,5.8252
5042.67,265.7,5.9423
5043.67,238.8,5.9972
5044.68,247.8,6.0626
5045.68,260.8,6.1513
5046.69,282.6,6.234
5047.69,276.7,6.3551
5048.7,251.8,6.4601
5049.7,191.0,6.5696
5050.71,152.3,6.6467
5051.71,290.5,6.8719
5052.72,145.3,6.9214
5053.72,139.4,6.9911
5054.73,218.9,7.0854
5055.73,132.3,7.1555
5056.74,136.3,7.2467
5057.74,286.1,8.0676
5058.75,163.2,8.0676
5059.75,127.4,8.0676
5060.76,131.3,8.0676
5061.76,121.4,8.0676
5062.77,134.3,8.0677
5063.77,124.4,8.0677
5064.78,151.2,8.0677
5065.78,179.1,8.0677
5066.79,112.4,8.0677
5067.79,103.5,8.0677
5068.8,100.5,8.0677
5069.8,209.3,8.0677
5070.8,99.7,8.0677
5071.81,109.5,8.0679
5072.81,124.3,8.0679
5073.82,121.4,8.1281
5074.82,173.1,8.168
5075.83,110.4,8.168
5076.83,134.3,8.168
5077.84,162.7,8.168
5078.84,134.3,8.168
5079.84,121.7,8.168
5080.85,112.7,8.168
5081.85,118.7,8.1681
5082.85,106.5,8.1681
5083.86,108.4,8.1681
5084.86,102.5,8.1681
5085.87,100.5,8.1681
5086.87,102.5,8.1681
5087.88,113.4,8.1681
5088.88,158.2,8.1682
5089.89,104.5,8.1683
5090.9,101.5,8.1683
5091.9,99.6,8.1683
5092.9,102.5,8.1683
5093.91,100.5,8.1683
5094.92,100.5,8.1683
5095.93,114.5,8.1883
5096.93,252.7,8.9421
5097.94,108.4,9.0137
5098.94,99.5,9.0175
5099.95,100.5,9.0175
5100.95,101.5,9.0175
5101.96,112.4,9.0175
5102.96,100.5,9.0175
5103.97,121.4,9.0175
5104.97,158.2,9.0175
5105.98,143.3,9.0175
5106.99,171.1,9.0175
5107.99,100.5,9.0175
5108.99,113.5,9.0175
5110.0,101.5,9.0175
5111.0,101.7,9.0178
5112.01,101.5,9.0178
5113.01,99.5,9.0178
5114.02,100.5,9.0178
5115.02,100.5,9.0178
5116.03,121.4,9.0178
5117.03,102.5,9.018
5118.04,101.5,9.018
5119.04,100.5,9.018
5120.05,99.7,9.018
5121.05,100.5,9.018
5122.06,101.5,9.018
5123.06,100.5,9.0181
5124.07,102.5,9.0181
5125.07,104.5,9.0181
5126.08,100.5,9.0181
5127.08,180.3,9.0181
5128.09,152.2,9.0181
5129.09,100.5,9.0181
5130.1,108.4,9.0181
5131.1,115.4,9.0181
5132.11,100.5,9.0181
5133.11,102.7,9.0181
5134.12,99.5,9.0181
5135.12,123.4,9.0181
5136.13,100.5,9.0181
5137.13,102.5,9.0181
5138.14,100.5,9.0181
5139.14,99.5,9.0181
5140.14,100.7,9.0181
5141.15,101.5,9.0181
5142.15,125.4,9.0181
5143.16,103.5,9.0181
5144.16,100.7,9.0181
5145.17,100.5,9.0181
5146.17,100.5,9.0181
5147.18,101.5,9.0181
5148.18,240.8,9.0753
5149.19,104.5,9.0753
5150.19,103.5,9.0814
5151.2,99.5,9.0814
5152.2,100.7,9.0814
5153.21,100.5,9.0814
5154.21,122.4,9.0814
5155.22,130.3,9.0829
5156.22,100.5,9.0829
5157.23,100.5,9.083
5158.23,115.4,9.083
5159.24,136.3,9.083
5160.24,103.5,9.083
5161.25,102.5,9.0833
5162.25,101.5,9.0833
5163.26,113.4,9.0833
5164.26,110.4,9.0833
5165.27,100.5,9.0833
5166.27,102.5,9.0833
5167.28,101.5,9.0833
5168.28,104.5,9.0833
5169.29,105.5,9.0833
5170.29,113.4,9.0833
5171.3,110.5,9.0833
5172.3,100.5,9.0833
5173.31,101.5,9.0833
5174.31,100.5,9.0833
5175.32,146.2,9.0833
5176.32,100.5,9.0833
5177.33,111.4,9.0833
5178.33,161.2,9.0833
5179.34,173.2,9.0833
5180.34,100.5,9.0833
5181.35,100.5,9.0833
5182.35,153.2,9.0833
5183.36,100.5,9.0833
5184.36,103.5,9.0833
5185.37,112.4,9.0833
5186.37,103.5,9.0833
5187.38,104.5,9.0833
5188.38,107.4,9.0833
5189.39,99.5,9.0833
5190.4,121.4,9.0833
5191.4,100.5,9.0833
5192.41,104.5,9.0833
5193.41,106.5,9.0833
5194.41,194.4,9.0848
5195.42,223.9,9.2853
5196.42,100.5,9.2853
5197.43,102.5,9.2853
5198.43,101.5,9.2853
5199.44,100.5,9.2853
5200.44,101.5,9.2853
5201.45,120.5,9.2853
5202.45,115.4,9.2853
5203.46,283.1,9.2859
5204.46,2.0,2.4049
5205.46,306.5,2.612
5206.47,354.7,2.7682
5207.47,1.0,2.4562
5208.47,319.0,2.6296
5209.48,349.2,2.7907
5210.48,338.2,3.0481
5211.49,305.4,3.3202
5212.49,302.1,3.7219
5213.5,0.0,2.4245
5214.5,345.6,2.6258
5215.5,368.0,2.7709
5216.51,347.0,3.0035
5217.51,307.5,3.3522
5218.52,299.4,2.2924
5219.52,0.0,2.5235
5220.52,294.1,2.6404
5221.53,0.0,2.3738
5222.53,306.1,2.6255
5223.53,317.0,2.9501
5224.53,355.9,3.0918
5225.54,340.3,3.2423
5226.55,338.3,3.4513
5227.55,313.4,3.6647
5228.56,312.4,3.8528
5229.56,305.4,4.1015
5230.57,303.4,4.3486
5231.57,316.7,4.5497
5232.58,308.4,4.7006
5233.58,301.4,4.8497
5234.59,302.4,4.9869
5235.59,300.6,5.1194
5236.6,302.4,5.2554
5237.6,304.8,5.4075
5238.6,301.7,5.5376
5239.61,272.6,5.6704
5240.61,296.5,5.8028
5241.62,212.9,5.9357
5242.62,213.9,6.1025
5243.63,185.0,6.2685
5244.63,172.2,6.3439
5245.64,157.2,6.3884
5246.64,142.3,6.4479
5247.65,161.2,6.5564
5248.66,220.9,6.6552
5249.66,173.3,6.7324
5250.66,116.4,6.843
5251.67,158.2,6.9515
5252.67,148.4,7.0648
5253.68,136.3,7.1431
5254.68,161.2,7.2099
5255.69,108.4,7.2944
5256.69,200.0,7.6802
5257.7,205.9,7.7103
5258.7,293.7,7.8107
5259.71,199.0,7.8108
5260.71,140.3,7.8108
5261.72,116.4,7.8108
5262.73,101.5,7.8108
5263.73,100.5,7.8108
5264.74,100.5,7.8108
5265.74,101.6,7.8108
5266.75,100.5,7.8108
5267.75,102.5,7.8108
5268.76,100.5,7.8108
5269.76,101.5,7.8108
5270.77,99.5,7.8108
5271.77,113.5,7.8108
5272.78,104.5,7.8108
5273.78,104.5,7.8108
5274.79,126.4,7.8108
5275.79,154.2,7.8109
5276.8,100.5,7.8109
5277.8,101.5,7.8109
5278.81,101.5,7.8109
5279.81,101.5,7.8111
5280.82,101.5,7.8111
5281.82,101.5,7.8111
5282.83,101.5,7.8111
5283.83,100.5,7.8111
5284.84,101.5,7.8111
5285.84,99.5,7.8111
5286.85,102.5,7.8111
5287.85,101.5,7.8111
5288.86,101.5,7.8111
5289.86,119.4,7.8111
5290.87,135.3,7.8114
5291.87,103.5,7.8115
5292.88,101.5,7.8115
5293.88,102.5,7.8116
5294.89,101.5,7.8116
5295.89,99.5,7.8116
5296.9,100.5,7.8116
5297.9,101.5,7.8116
5298.91,101.5,7.8116
5299.91,101.5,7.8116
5300.92,144.6,8.0287
5301.92,133.3,8.165
5302.93,100.5,8.2121
5303.93,100.5,8.213
5304.94,165.3,8.2132
5305.94,3.0,2.3878
5306.95,308.4,2.5638
5307.95,4.0,2.394
5308.96,308.4,2.5644
5309.96,2.0,2.4549
5310.96,300.0,2.6266
5311.97,351.2,2.8403
5312.97,342.1,3.0529
5313.98,2.0,2.5029
5314.98,314.1,2.6415
5315.98,354.3,2.8396
5316.99,1.0,2.5019
5317.99,321.0,2.6165
5319.0,2.0,2.4962
5320.0,337.1,2.6379
5321.0,1.0,2.3967
5322.01,302.4,2.5773
5323.01,1.0,2.3823
5324.02,305.1,2.5955
5325.02,355.0,2.7271
5326.02,337.3,2.9586
5327.03,309.4,3.2067
5328.04,310.4,3.4352
5329.04,306.6,3.7073
5330.04,320.2,3.9819
5331.05,2.0,2.3111
5332.05,295.2,2.5785
5333.06,1.0,2.3807
5334.06,300.0,2.5805
5335.06,338.0,2.7284
5336.07,339.3,2.9491
5337.07,316.3,3.1993
5338.08,312.4,3.5228
5339.08,306.4,3.8055
5340.09,335.9,4.0379
5341.09,1438.7,2.383
5342.09,298.2,2.5825
5343.1,320.2,2.7329
5344.1,330.3,3.0565
5345.1,326.1,3.378
5346.11,310.4,3.6941
5347.11,323.0,3.976
5348.12,339.3,4.1676
5349.12,3.0,2.4241
5350.12,345.1,2.6206
5351.13,0.0,2.4275
5352.13,341.2,2.5962
5353.13,1.0,2.4035
5354.14,323.0,2.5923
5355.14,1.0,2.4105
5356.15,327.4,2.6514
5357.15,346.8,2.7757
5358.15,341.4,3.0555
5359.16,323.3,3.3158
5360.16,315.4,3.6197
5361.17,331.0,3.9258
5362.17,341.6,4.1342
5363.17,1.0,2.4477
5364.18,300.1,2.6052
5365.18,2.0,2.4464
5366.18,339.0,2.6844
5367.19,343.3,2.8357
5368.19,324.3,3.0751
5369.2,307.6,3.3894
5370.2,310.7,3.675
5371.21,309.4,3.8959
5372.21,330.3,4.0696
5373.22,258.7,2.3018
5374.22,2.0,2.6105
5375.22,364.8,2.7829
5376.23,334.3,3.0813
5377.23,309.4,3.4097
5378.24,308.4,3.688
5379.24,314.6,3.9947
5380.25,302.5,2.3023
5381.25,1.0,2.6055
5382.26,351.5,2.7697
5383.26,332.3,3.0697
5384.27,310.4,3.4051
5385.27,314.5,3.7014
5386.28,318.6,3.9952
5387.28,339.2,4.1937
5388.28,3.0,2.4946
5389.29,347.0,2.7211
5390.29,343.3,2.9242
5391.3,310.5,3.1672
5392.3,302.7,3.4253
5393.3,305.2,3.6446
5394.31,306.5,3.9334
5395.31,343.2,4.1584
5396.32,0.0,2.4911
5397.32,344.4,2.6963
5398.32,350.6,2.8835
5399.33,317.3,3.1198
5400.33,308.7,3.372
5401.34,303.5,3.5937
5402.34,316.4,3.8733
5403.35,339.2,4.0965
5404.35,1.0,2.4062
5405.36,304.1,2.6066
5406.36,358.4,2.8566
5407.36,1.0,2.4154
5408.37,331.1,2.6184
5409.37,356.3,2.8744
5410.37,313.5,3.0372
5411.38,3.0,2.4932
5412.38,355.0,2.6641
5413.38,357.1,2.8743
5414.38,2.0,2.4165
5415.39,329.7,2.5972
5416.39,342.6,2.7605
5417.4,0.0,2.4026
5418.4,311.1,2.5929
5419.4,364.9,2.8355
5420.41,1.0,2.4147
5421.41,278.6,2.5769
5422.41,1.0,2.433
5423.42,332.0,2.6163
5424.42,3.0,2.3891
5425.43,293.4,2.6496
5426.43,306.4,3.0618
5427.44,303.6,3.5294
5428.44,190.4,4.0142
5429.45,214.9,4.4711
5430.45,242.3,4.7856
5431.45,355.9,4.9836
5432.45,346.1,5.1661
5433.46,263.8,5.2527
5434.46,268.9,5.3583
5435.47,222.9,5.4702
5436.47,133.3,5.5413
5437.48,238.0,5.6358
5438.48,141.3,5.7128
5439.49,208.9,5.7904
5440.49,213.9,5.8758
5441.5,271.6,5.9888
5442.5,169.1,6.0481
5443.51,207.5,6.1101
5444.51,287.9,6.2203
5445.51,288.8,6.3557
5446.52,207.9,6.4078
5447.52,282.5,6.5714
5448.53,161.2,6.6226
5449.53,283.5,6.7804
5450.54,271.9,6.9263
5451.54,203.0,6.9751
5452.55,283.5,7.0588
5453.55,246.7,7.139
5454.56,247.7,7.2374
5455.56,318.0,7.5304
5456.57,297.7,8.093
5457.57,260.7,8.0949
5458.58,161.2,8.0951
5459.58,168.1,8.0952
5460.59,136.4,8.0952
5461.59,142.3,8.0952
5462.6,187.0,8.0954
5463.6,168.1,8.0955
5464.61,228.8,8.0956
5465.61,120.4,8.0957
5466.62,102.5,8.0957
5467.62,100.5,8.0957
5468.63,143.6,8.0957
5469.63,194.0,8.0832
5470.64,101.5,8.0832
5471.64,128.3,8.0836
5472.65,133.3,8.0837
5473.65,101.5,8.1182
5474.66,147.2,8.1845
5475.66,130.3,8.1845
5476.67,182.1,8.1847
5477.67,148.2,8.1847
5478.68,178.1,8.1847
5479.68,101.5,8.1847
5480.69,121.4,8.1847
5481.69,101.5,8.1847
5482.7,116.4,8.1847
5483.7,102.5,8.1847
5484.71,111.4,8.1847
5485.71,99.5,8.1847
5486.72,101.5,8.185
5487.72,102.5,8.185
5488.73,110.4,8.185
5489.73,130.3,8.185
5490.74,132.3,8.185
5491.74,106.4,8.1851
5492.75,100.5,8.1851
5493.75,110.4,8.1851
5494.76,100.5,8.1851
5495.76,100.5,8.1851
5496.77,103.6,8.1851
5497.77,187.4,8.5884
5498.78,170.2,8.9378
5499.78,101.5,8.9773
5500.79,100.5,9.0309
5501.79,102.5,9.0378
5502.79,156.6,9.0378
5503.8,103.5,9.0378
5504.81,100.5,9.0378
5505.81,102.5,9.0378
5506.82,112.4,9.0378
5507.82,102.5,9.0378
5508.83,101.5,9.0378
5509.83,117.5,9.0378
5510.84,102.5,9.0378
5511.84,100.5,9.0378
5512.85,100.5,9.0378
5513.85,101.5,9.0378
5514.86,101.5,9.0378
5515.86,117.4,9.0378
5516.87,116.4,9.0378
5517.87,101.5,9.0378
5518.88,99.5,9.0378
5519.88,100.5,9.0378
5520.89,100.5,9.0378
5521.89,101.7,9.0378
5522.89,101.5,9.0378
5523.9,100.5,9.0378
5524.9,100.5,9.0378
5525.91,100.5,9.0378
5526.91,101.5,9.0378
5527.92,120.5,9.0378
5528.92,102.5,9.0378
5529.93,130.3,9.0378
5530.93,115.4,9.0378
5531.94,101.5,9.038
5532.94,101.5,9.038
5533.95,131.4,9.0383
5534.95,99.5,9.0383
5535.96,102.5,9.0383
5536.96,102.5,9.0383
5537.97,104.5,9.0383
5538.97,107.4,9.0383
5539.98,124.5,9.0383
5540.98,110.4,9.0383
5541.99,102.5,9.0383
5542.99,101.5,9.0383
5544.0,100.6,9.0383
5545.0,103.5,9.0383
5546.01,133.6,9.0384
5547.01,205.0,9.093
5548.02,101.5,9.093
5549.02,103.5,9.093
5550.03,101.5,9.093
5551.03,103.5,9.093
5552.04,122.4,9.093
5553.04,128.4,9.093
5554.05,108.4,9.093
5555.05,101.5,9.093
5556.06,115.4,9.093
5557.06,163.3,9.093
5558.07,107.4,9.093
5559.07,101.5,9.093
5560.08,102.5,9.093
5561.08,121.6,9.093
5562.09,104.5,9.093
5563.09,100.5,9.093
5564.1,105.5,9.093
5565.1,101.5,9.093
5566.11,100.6,9.093
5567.11,111.4,9.093
5568.12,109.4,9.093
5569.12,106.5,9.093
5570.13,101.5,9.093
5571.13,100.5,9.093
5572.14,101.5,9.093
5573.14,99.6,9.093
5574.15,101.5,9.093
5575.15,109.4,9.093
5576.16,118.4,9.093
5577.16,107.4,9.093
5578.17,101.5,9.093
5579.17,101.6,9.093
5580.18,100.5,9.093
5581.18,102.5,9.0933
5582.19,101.5,9.0933
5583.19,101.5,9.0933
5584.2,121.4,9.0933
5585.2,100.5,9.0933
5586.21,112.4,9.0933
5587.21,101.5,9.0933
5588.22,100.5,9.0933
5589.22,122.4,9.0933
5590.23,102.5,9.0933
5591.23,108.4,9.0933
5592.24,100.5,9.0933
5593.24,186.4,9.0947
5594.25,216.1,9.2977
5595.25,101.5,9.2977
5596.26,100.5,9.2977
5597.26,100.5,9.2977
5598.27,100.5,9.2977
5599.27,102.7,9.2977
5600.27,114.8,9.2977
5601.27,218.4,9.2977
5602.28,2.0,2.3984
5603.28,288.5,2.6254
5604.29,306.4,2.9446
5605.3,306.4,3.2754
5606.3,300.4,3.7263
5607.3,198.3,4.2062
5608.31,257.1,4.6855
5609.31,282.2,4.8534
5610.31,352.9,5.1145
5611.32,311.4,5.1884
5612.32,261.7,5.2919
5613.32,280.2,5.4228
5614.33,230.9,5.491
5615.33,202.0,5.5557
5616.34,207.9,5.6476
5617.34,153.2,5.719
5618.35,264.6,5.7855
5619.35,271.7,5.8803
5620.36,268.1,5.9869
5621.36,147.3,6.032
5622.37,149.6,6.0874
5623.37,291.6,6.1672
5624.37,273.2,6.2499
5625.38,248.8,6.3683
5626.38,147.6,6.4427
5627.39,298.5,6.5756
5628.39,204.1,6.6286
5629.39,275.8,6.7618
5630.4,306.4,6.9243
5631.41,171.1,6.978
5632.41,224.9,7.0579
5633.42,268.6,7.1354
5634.42,197.0,7.2106
5635.43,262.6,7.2872
5636.43,311.9,8.0888
5637.43,236.9,8.0908
5638.44,195.0,8.0909
5639.44,205.9,8.091
5640.45,131.4,8.0912
5641.45,110.4,8.0912
5642.46,121.4,8.0913
5643.46,117.4,8.0913
5644.47,154.2,8.0915
5645.47,156.3,8.0915
5646.48,128.3,8.0915
5647.48,138.3,8.0915
5648.49,101.8,8.0915
5649.49,99.5,8.0915
5650.5,124.4,8.0915
5651.5,101.5,8.0915
5652.51,101.5,8.0915
5653.51,110.4,8.092
5654.52,119.4,8.092
5655.52,103.5,8.0922
5656.53,127.3,8.1922
5657.53,113.8,8.1922
5658.54,119.4,8.1922
5659.54,112.4,8.1922
5660.55,130.3,8.1922
5661.55,103.5,8.1922
5662.56,113.4,8.1922
5663.56,99.5,8.1922
5664.57,101.5,8.1922
5665.57,110.6,8.1922
5666.58,104.5,8.1922
5667.58,100.5,8.1922
5668.59,100.5,8.1922
5669.59,100.7,8.1922
5670.59,103.5,8.1922
5671.6,109.4,8.1925
5672.6,154.2,8.1926
5673.61,100.5,8.1926
5674.61,116.4,8.1927
5675.62,102.5,8.1927
5676.62,110.7,8.1927
5677.62,99.7,8.1927
5678.63,99.5,8.1927
5679.63,112.5,8.1927
5680.64,104.5,8.1927
5681.64,255.7,8.9462
5682.65,103.5,8.9607
5683.66,100.5,8.9991
5684.66,99.8,9.0385
5685.66,100.5,9.0442
5686.67,102.5,9.0442
5687.67,168.1,9.0443
5688.68,99.5,9.0443
5689.68,100.6,9.0443
5690.69,109.4,9.0445
5691.69,106.4,9.0445
5692.7,113.7,9.0445
5693.7,103.5,9.0445
5694.71,113.4,9.0445
5695.71,111.4,9.0445
5696.72,100.5,9.0445
5697.72,101.5,9.0445
5698.73,100.5,9.0445
5699.73,101.6,9.0445
5700.73,100.6,9.0445
5701.74,102.5,9.0445
5702.74,174.1,9.0445
5703.75,101.7,9.0445
5704.75,100.5,9.0448
5705.75,101.7,9.0448
5706.76,99.5,9.0448
5707.77,100.5,9.0448
5708.77,100.5,9.0448
5709.77,103.6,9.0448
5710.78,99.7,9.0448
5711.78,100.7,9.0448
5712.78,102.5,9.0448
5713.79,107.4,9.0448
5714.79,139.3,9.0448
5715.8,107.5,9.0448
5716.8,103.5,9.045
5717.81,118.4,9.045
5718.81,105.5,9.0453
5719.82,101.5,9.0453
5720.82,100.5,9.0453
5721.83,99.5,9.0453
5722.83,122.6,9.0453
5723.84,101.5,9.0453
5724.84,101.5,9.0453
5725.85,101.5,9.0453
5726.85,107.5,9.0453
5727.86,102.5,9.0453
5728.86,99.5,9.0453
5729.87,127.6,9.0453
5730.87,101.6,9.0453
5731.88,102.5,9.0453
5732.88,100.5,9.0453
5733.89,99.5,9.0453
5734.89,103.5,9.0453
5735.9,100.5,9.0453
5736.9,216.3,9.0466
5737.9,146.3,9.1048
5738.91,102.5,9.1048
5739.91,105.4,9.1048
5740.92,99.5,9.1048
5741.93,100.5,9.1048
5742.93,102.5,9.1048
5743.93,121.5,9.1048
5744.94,107.4,9.1048
5745.94,101.5,9.1048
5746.95,100.5,9.1048
5747.95,121.5,9.1048
5748.96,113.4,9.1048
5749.96,103.5,9.1048
5750.97,102.5,9.1048
5751.97,103.5,9.1048
5752.98,121.4,9.1048
5753.99,102.5,9.1048
5754.99,101.5,9.1048
5756.0,100.5,9.1048
5757.0,101.5,9.1048
5758.01,101.5,9.1048
5759.01,109.4,9.1048
5760.02,125.3,9.1048
5761.02,107.5,9.1048
5762.03,108.4,9.1048
5763.03,100.5,9.1048
5764.04,100.5,9.1048
5765.04,100.4,9.1048
5766.05,100.4,9.1048
5767.05,105.5,9.105
5768.06,101.5,9.105
5769.06,123.4,9.105
5770.07,152.2,9.105
5771.07,156.2,9.105
5772.08,100.5,9.105
5773.09,105.5,9.105
5774.09,122.4,9.105
5775.1,100.5,9.105
5776.1,102.5,9.105
5777.11,118.4,9.105
5778.11,102.6,9.105
5779.12,109.4,9.105
5780.12,102.5,9.105
5781.12,100.6,9.105
5782.13,116.4,9.105
5783.13,101.5,9.105
5784.14,108.4,9.105
5785.14,101.5,9.105
5786.15,281.6,9.3068
5787.15,101.5,9.3068
5788.16,100.5,9.307
5789.16,101.5,9.307
5790.17,100.5,9.307
5791.17,101.5,9.307
5792.18,101.5,9.307
5793.19,101.5,9.307
5794.19,171.2,9.307
5795.2,197.0,2.3077
5796.2,6445.8,2.4742
5797.2,311.2,2.638
5798.21,341.3,2.8854
5799.21,0.0,2.3989
5800.21,302.0,2.5792
5801.22,2.0,2.4064
5802.22,280.6,2.5763
5803.23,345.0,2.6943
5804.23,4589.4,2.4471
5805.23,345.1,2.6621
5806.24,370.4,2.8301
5807.24,316.4,3.1023
5808.25,316.9,3.3872
5809.25,306.6,3.6526
5810.26,308.5,3.8988
5811.26,338.4,4.1202
5812.26,2.0,2.4885
5813.27,347.0,2.7109
5814.27,347.3,3.0091
5815.27,319.1,3.3369
5816.28,317.5,3.6535
5817.28,309.8,3.9228
5818.29,345.4,4.1448
5819.29,0.0,2.5107
5820.29,359.2,2.7377
5821.3,352.5,3.0769
5822.3,326.3,3.4081
5823.31,311.4,3.7476
5824.31,327.3,4.0078
5825.32,336.4,4.1779
5826.32,0.0,2.4552
5827.32,340.2,2.6943
5828.33,345.3,2.8674
5829.33,327.4,3.1333
5830.34,318.4,3.4046
5831.35,313.8,3.673
5832.35,311.3,3.9648
5833.36,342.2,4.1571
5834.36,2.0,2.4995
5835.36,345.0,2.6727
5836.37,1.0,2.4938
5837.37,332.1,2.6591
5838.37,2.0,2.5659
5839.38,1.0,2.3223
5840.38,281.9,2.5808
5841.39,1377.3,2.4048
5842.39,298.0,2.5866
5843.39,0.0,2.3941
5844.4,302.0,2.5894
5845.4,1.0,2.4196
5846.41,324.3,2.6525
5847.41,326.2,2.7613
5848.42,324.3,2.9943
5849.42,303.4,3.2559
5850.43,303.5,3.5868
5851.43,313.3,3.8752
5852.44,337.2,4.0954
5853.44,1.0,2.443
5854.44,342.0,2.6855
5855.45,357.6,2.8991
5856.45,329.3,3.2038
5857.46,310.4,3.5438
5858.46,316.4,3.8693
5859.47,337.2,4.1054
5860.47,3.0,2.438
5861.48,328.9,2.6772
5862.48,349.9,2.9147
5863.48,321.0,3.2349
5864.49,307.6,3.5542
5865.49,310.4,3.8354
5866.5,328.3,4.0591
5867.5,2.0,2.4075
5868.5,313.4,2.6591
5869.51,357.2,2.8329
5870.51,323.8,3.1334
5871.52,311.4,3.4682
5872.52,305.6,3.7501
5873.53,321.0,4.0229
5874.53,2.0,2.3123
5875.53,0.0,2.6514
5876.54,337.9,2.8091
5877.54,335.7,3.1275
5878.54,310.4,3.4628
5879.55,309.3,3.7507
5880.55,319.0,4.0179
5881.56,338.4,4.2233
5882.56,2.0,2.5474
5883.56,340.9,2.7285
5884.57,349.2,2.9637
5885.58,2.0,2.5643
5886.58,370.8,2.7698
5887.58,354.9,3.0074
5888.59,8.0,2.439
5889.59,307.7,2.6261
5890.59,355.6,2.8121
5891.6,1.0,2.3702
5892.6,273.7,2.5877
5893.61,347.2,2.8209
5894.61,2.0,2.451
5895.61,328.0,2.6427
5896.62,360.2,2.9056
5897.62,2.0,2.504
5898.62,330.0,2.6989
5899.63,325.3,3.0335
5900.63,343.2,3.2254
5901.63,3.0,2.4625
5902.64,296.1,2.6171
5903.64,2966.4,2.4828
5904.64,313.2,2.6333
5905.64,0.0,2.4124
5906.65,311.2,2.6422
5907.66,306.4,2.9666
5908.66,305.4,3.3214
5909.67,213.9,3.7314
5910.67,132.3,4.2241
5911.68,202.9,4.7049
5912.68,324.0,4.8545
5913.68,356.9,5.0828
5914.69,326.3,5.1729
5915.69,229.8,5.2556
5916.7,274.6,5.3537
5917.7,242.7,5.46
5918.71,103.5,5.5031
5919.71,257.6,5.624
5920.72,128.3,5.6642
5921.72,242.7,5.7587
5922.73,194.0,5.838
5923.73,261.9,5.9423
5924.74,253.8,6.0139
5925.74,133.3,6.0612
5926.75,289.5,6.153
5927.75,278.6,6.2282
5928.76,253.8,6.3628
5929.76,142.3,6.4408
5930.77,289.5,6.5683
5931.77,240.9,6.6252
5932.78,255.9,6.8429
5933.78,256.7,6.9221
5934.79,100.5,6.9716
5935.79,279.6,7.0805
5936.8,103.5,7.1285
5937.8,284.1,7.5111
5938.81,290.6,7.9784
5939.81,230.8,7.9823
5940.82,275.6,7.9914
5941.82,210.1,7.9883
5942.83,177.1,7.9886
5943.83,149.2,7.9899
5944.84,143.3,7.9903
5945.84,156.4,7.9908
5946.85,131.3,7.9911
5947.85,167.1,7.9911
5948.86,198.0,7.9966
5949.86,116.4,7.9967
5950.87,101.5,7.9887
5951.87,101.5,7.9887
5952.88,203.3,7.9902
5953.88,110.4,7.9902
5954.89,103.5,7.9902
5955.89,113.5,7.9903
5956.9,125.4,7.9906
5957.9,99.5,7.9906
5958.9,132.6,7.991
5959.91,109.5,7.991
5960.91,106.4,8.0802
5961.92,124.3,8.091
5962.92,105.5,8.1487
5963.93,101.5,8.191
5964.93,112.4,8.191
5965.94,99.5,8.191
5966.94,118.4,8.191
5967.95,117.4,8.191
5968.95,107.5,8.191
5969.96,109.4,8.191
5970.96,100.5,8.191
5971.97,99.5,8.191
5972.97,101.5,8.191
5973.98,106.5,8.191
5974.98,101.5,8.191
5975.99,182.1,8.1912
5977.0,99.5,8.1912
5978.0,103.5,8.1912
5979.01,100.5,8.1912
5980.01,114.4,8.1912
5981.02,100.5,8.1912
5982.02,103.5,8.1912
5983.02,103.6,8.1912
5984.03,220.3,8.7681
5985.03,140.3,8.9987
5986.04,101.5,9.04
5987.04,100.5,9.04
5988.05,101.5,9.04
5989.05,104.5,9.04
5990.06,160.2,9.04
5991.06,102.5,9.04
5992.07,102.5,9.0402
5993.07,130.3,9.0402
5994.08,121.4,9.0402
5995.08,106.5,9.0402
5996.09,101.5,9.0402
5997.09,119.4,9.0402
5998.1,100.6,9.0403
5999.1,101.5,9.0403
6000.11,100.5,9.0403
6001.11,99.5,9.0403
6002.12,102.6,9.0403
6003.12,101.5,9.0403
6004.13,105.5,9.0403
6005.13,120.4,9.0403
6006.14,104.5,9.0403
6007.14,99.5,9.0403
6008.15,102.5,9.0403
6009.15,99.5,9.0403
6010.16,101.5,9.0403
6011.16,101.5,9.0403
6012.17,100.5,9.0403
6013.17,101.5,9.0403
6014.18,99.5,9.0403
6015.18,103.5,9.0403
6016.19,106.4,9.0403
6017.2,103.5,9.0403
6018.2,101.5,9.0403
6019.21,135.3,9.0403
6020.21,102.5,9.0403
6021.22,101.5,9.0403
6022.22,101.5,9.0403
6023.23,107.3,9.0403
6024.23,119.4,9.0403
6025.24,100.5,9.0403
6026.24,99.5,9.0403
6027.25,106.5,9.0403
6028.25,104.5,9.0403
6029.26,100.5,9.0403
6030.26,102.5,9.0403
6031.27,129.3,9.0403
6032.27,103.5,9.0403
6033.28,99.5,9.0403
6034.28,100.5,9.0403
6035.29,100.5,9.0403
6036.29,101.5,9.0403
6037.3,217.3,9.0415
6038.3,148.3,9.0964
6039.31,100.5,9.0964
6040.31,101.5,9.0964
6041.32,101.5,9.0966
6042.32,99.5,9.0966
6043.33,103.5,9.0969
6044.33,122.4,9.0969
6045.34,112.4,9.0969
6046.34,126.4,9.0969
6047.35,102.6,9.0969
6048.35,101.5,9.0969
6049.36,144.3,9.098
6050.36,116.4,9.098
6051.37,104.5,9.098
6052.37,103.7,9.098
6053.37,102.5,9.098
6054.38,121.4,9.098
6055.38,100.5,9.098
6056.39,101.5,9.098
6057.39,101.5,9.098
6058.4,104.5,9.098
6059.4,103.5,9.098
6060.41,102.5,9.098
6061.41,108.5,9.098
6062.42,116.5,9.098
6063.42,109.4,9.098
6064.43,99.5,9.098
6065.43,100.5,9.098
6066.44,103.5,9.098
6067.44,100.5,9.098
6068.45,100.5,9.098
6069.45,107.4,9.098
6070.46,103.5,9.098
6071.46,123.4,9.098
6072.47,101.5,9.098
6073.47,100.5,9.098
6074.48,101.5,9.098
6075.49,101.5,9.098
6076.49,103.5,9.098
6077.5,101.5,9.098
6078.5,125.4,9.098
6079.51,102.5,9.098
6080.51,101.5,9.098
6081.52,115.4,9.098
6082.52,107.5,9.0981
6083.53,103.5,9.0981
6084.53,121.4,9.0981
6085.54,100.5,9.0981
6086.54,102.5,9.0983
6087.55,248.2,9.2537
6088.55,123.4,9.3032
6089.56,108.4,9.3032
6090.56,101.5,9.3032
6091.57,99.5,9.3032
6092.57,104.5,9.3032
6093.58,100.5,9.3032
6094.58,101.5,9.3032
6095.59,103.5,9.3032
6096.59,262.8,9.3033
6097.6,1480.7,2.4124
6098.6,309.0,2.6345
6099.6,306.5,2.9774
6100.61,303.4,3.3384
6101.61,155.2,3.7258
6102.62,114.4,4.1002
6103.62,143.3,4.4733
6104.63,267.2,4.7841
6105.63,364.9,4.964
6106.63,351.0,5.1619
6107.64,305.6,5.237
6108.64,235.3,5.3035
6109.65,313.4,5.4503
6110.65,204.0,5.5046
6111.66,216.0,5.5758
6112.66,238.8,5.6693
6113.67,192.0,5.7618
6114.67,243.7,5.8489
6115.67,281.0,5.9287
6116.68,236.8,6.0241
6117.68,163.2,6.0848
6118.69,271.6,6.175
6119.69,302.8,6.2647
6120.7,199.0,6.3877
6121.7,190.4,6.4895
6122.71,302.4,6.6049
6123.71,187.0,6.6859
6124.72,289.5,6.9138
6125.72,297.4,6.9625
6126.73,175.1,7.0453
6127.73,221.9,7.1251
6128.74,156.2,7.1938
6129.74,224.8,7.2845
6130.75,295.1,8.0994
6131.75,153.2,8.1017
6132.76,136.3,8.1017
6133.76,151.2,8.1017
6134.77,115.4,8.1017
6135.77,117.5,8.1017
6136.78,137.6,8.1017
6137.78,128.4,8.1018
6138.79,135.3,8.1018
6139.79,143.3,8.1019
6140.8,121.4,8.1019
6141.8,100.5,8.1019
6142.81,100.5,8.1019
6143.81,195.0,8.102
6144.82,149.2,8.1021
6145.82,100.5,8.1021
6146.83,121.6,8.1023
6147.83,181.1,8.1023
6148.84,114.4,8.1141
6149.84,137.3,8.2025
6150.85,107.5,8.2025
6151.85,156.2,8.2025
6152.86,102.5,8.2025
6153.86,107.4,8.2025
6154.87,105.5,8.2025
6155.87,116.4,8.2025
6156.88,105.4,8.2025
6157.88,126.3,8.2027
6158.89,104.5,8.2027
6159.89,111.4,8.2027
6160.9,101.5,8.2027
6161.9,100.5,8.2027
6162.91,106.4,8.2027
6163.91,100.5,8.2027
6164.92,168.2,8.2027
6165.92,114.4,8.2027
6166.93,105.5,8.2027
6167.93,113.4,8.2027
6168.94,114.4,8.2027
6169.94,99.5,8.2027
6170.95,104.5,8.2027
6171.95,105.5,8.2027
6172.96,225.3,8.7971
6173.96,154.3,8.9568
6174.97,102.5,8.9908
6175.97,99.5,9.0247
6176.98,101.5,9.0249
6177.98,176.2,9.0249
6178.99,108.4,9.0249
6179.99,99.5,9.0249
6181.0,157.2,9.0249
6182.0,155.3,9.0249
6183.01,101.5,9.0249
6184.01,107.4,9.0249
6185.02,100.5,9.0249
6186.02,110.4,9.0249
6187.03,101.5,9.0249
6188.03,101.5,9.0249
6189.04,102.5,9.0249
6190.04,100.5,9.0249
6191.05,100.5,9.0249
6192.05,102.5,9.0249
6193.06,113.5,9.0249
6194.06,104.5,9.025
6195.07,100.5,9.025
6196.07,100.5,9.025
6197.08,100.5,9.025
6198.08,101.5,9.025
6199.09,99.5,9.025
6200.09,101.5,9.025
6201.1,101.5,9.025
6202.11,101.5,9.025
6203.11,109.5,9.025
6204.12,100.5,9.025
6205.12,104.5,9.025
6206.13,102.5,9.025
6207.13,105.5,9.025
6208.14,146.2,9.025
6209.14,100.5,9.025
6210.15,110.4,9.025
6211.15,100.6,9.025
6212.16,132.3,9.025
6213.16,100.5,9.0252
6214.17,100.5,9.0252
6215.17,100.5,9.0252
6216.18,107.5,9.0252
6217.18,98.5,9.0252
6218.19,104.5,9.0252
6219.19,125.4,9.0252
6220.2,104.5,9.0252
6221.2,102.5,9.0255
6222.21,99.6,9.0255
6223.21,102.5,9.0255
6224.22,101.5,9.0255
6225.22,188.4,9.0273
6226.22,167.2,9.082
6227.23,104.5,9.1121
6228.24,100.5,9.1121
6229.24,100.5,9.1121
6230.25,101.5,9.1121
6231.25,121.4,9.1121
6232.26,107.4,9.1121
6233.26,101.5,9.1121
6234.27,103.5,9.1121
6235.27,124.4,9.1121
6236.28,103.5,9.1121
6237.28,101.7,9.1121
6238.28,102.7,9.1121
6239.28,122.7,9.1121
6240.29,101.5,9.1121
6241.29,99.5,9.1121
6242.3,104.5,9.1121
6243.3,100.5,9.1121
6244.31,101.5,9.1121
6245.31,128.4,9.1121
6246.32,110.5,9.1121
6247.32,99.5,9.1121
6248.33,100.3,9.1121
6249.34,101.5,9.1121
6250.34,153.2,9.1121
6251.35,100.5,9.1121
6252.35,109.4,9.1121
6253.36,122.4,9.1121
6254.36,100.5,9.1121
6255.37,102.5,9.1121
6256.37,100.5,9.1121
6257.38,104.5,9.1121
6258.38,100.5,9.1121
6259.39,102.5,9.1121
6260.39,113.4,9.1121
6261.4,101.5,9.1121
6262.4,112.4,9.1121
6263.41,101.5,9.1121
6264.41,114.4,9.1121
6265.42,100.5,9.1121
6266.42,104.5,9.1122
6267.43,104.5,9.1122
6268.43,133.6,9.1127
6269.44,252.8,9.3151
6270.44,101.5,9.3151
6271.45,100.5,9.3151
6272.45,103.5,9.3151
6273.46,102.5,9.3151
6274.46,118.4,9.3151
6275.47,112.4,9.3151
6276.47,228.3,9.3152
6277.47,156.3,2.3176
6278.48,2860.7,2.5551
6279.48,305.4,2.9029
6280.49,316.5,3.0207
6281.49,356.5,3.1629
6282.5,335.6,3.3679
6283.5,324.3,3.6439
6284.51,310.1,3.8843
6285.51,305.4,4.1182
6286.52,303.4,4.3569
6287.52,315.4,4.5674
6288.53,303.5,4.7319
6289.53,304.4,4.8849
6290.54,301.4,5.0304
6291.54,302.4,5.1585
6292.55,302.6,5.3043
6293.55,269.6,5.4446
6294.56,215.1,5.5738
6295.56,172.1,5.6896
6296.57,207.9,5.8251
6297.57,164.3,5.9664
6298.58,108.4,6.0969
6299.58,185.2,6.2641
6300.59,180.2,6.3386
6301.59,150.2,6.3735
6302.6,111.4,6.4202
6303.6,107.5,6.4846
6304.61,226.1,6.5914
6305.61,139.3,6.6815
6306.62,158.2,6.77
6307.62,103.5,6.885
6308.63,155.2,7.0048
6309.63,131.3,7.0808
6310.64,101.5,7.1418
6311.64,177.1,7.203
6312.65,202.1,7.2734
6313.65,214.9,7.6718
6314.66,122.4,7.7239
6315.66,269.6,7.7481
6316.67,230.9,7.8248
6317.67,303.4,7.8721
6318.68,253.9,7.8772
6319.68,230.9,7.8821
6320.69,128.3,7.8826
6321.69,144.6,7.8827
6322.69,3.0,2.4143
6323.7,315.4,2.621
6324.7,347.9,2.7343
6325.71,0.0,2.3508
6326.71,287.5,2.5756
6327.72,2.0,2.4037
6328.72,288.5,2.5811
6329.72,320.3,2.699
6330.73,2.0,2.4865
6331.73,343.1,2.7149
6332.73,351.3,2.9334
6333.74,328.5,3.2375
6334.74,313.4,3.589
6335.75,306.4,3.865
6336.75,336.0,4.0617
6337.75,3.0,2.45
6338.76,336.0,2.6779
6339.76,346.0,2.9389
6340.76,325.4,3.2716
6341.77,313.1,3.6089
6342.77,304.8,3.8874
6343.77,342.6,4.1056
6344.78,3.0,2.4422
6345.78,328.1,2.679
6346.78,347.4,2.9245
6347.79,322.4,3.2349
6348.79,309.4,3.5399
6349.8,305.6,3.7663
6350.8,321.3,3.9898
6351.81,339.4,4.1757
6352.81,0.0,2.417
6353.82,328.2,2.6634
6354.82,361.0,2.8598
6355.82,331.5,3.1828
6356.83,314.8,3.5186
6357.83,309.4,3.8171
6358.84,335.3,4.0616
6359.84,2.0,2.4081
6360.84,293.9,2.5949
6361.85,1.0,2.4063
6362.85,296.9,2.6026
6363.85,3.0,2.4359
6364.86,302.2,2.6056
6365.86,1.0,2.4125
6366.87,298.1,2.595
6367.87,1.0,2.4191
6368.87,316.2,2.6134
6369.88,2.0,2.4229
6370.88,311.1,2.6063
6371.88,2.0,2.4368
6372.89,335.0,2.6745
6373.89,318.2,2.8002
6374.89,322.6,3.0835
6375.9,306.4,3.4069
6376.9,307.4,3.6808
6377.91,309.4,3.9059
6378.91,331.5,4.0888
6379.92,2.0,2.4184
6380.92,328.3,2.6693
6381.93,370.8,2.8104
6382.93,336.3,3.0399
6383.94,302.6,3.2792
6384.94,306.6,3.5297
6385.95,311.4,3.763
6386.95,317.0,4.0316
6387.96,295.5,2.3224
6388.96,2.0,2.6198
6389.96,340.9,2.775
6390.97,338.1,3.0607
6391.97,317.5,3.389
6392.98,314.3,3.6693
6393.98,305.4,3.9504
6394.99,340.3,4.1328
6395.99,8.0,2.4332
6397.0,329.3,2.6776
6398.0,362.1,2.8232
6399.01,330.3,3.1233
6400.01,314.3,3.4408
6401.02,312.5,3.7209
6402.02,311.4,4.0171
6403.03,325.4,2.3236
6404.03,2.0,2.5704
6405.03,348.0,2.7642
6406.04,351.3,3.0515
6407.04,319.4,3.3887
6408.05,316.0,3.6688
6409.05,305.5,3.9155
6410.05,339.0,4.1092
6411.06,2.0,2.4184
6412.06,302.4,2.6105
6413.07,328.3,2.7352
6414.07,341.3,2.9404
6415.08,2.0,2.455
6416.08,309.1,2.6316
6417.08,351.9,2.8103
6418.09,334.0,2.9848
6419.09,1.0,2.4151
6420.09,316.0,2.6096
6421.1,367.0,2.8348
6422.1,2.0,2.5332
6423.1,316.9,2.6687
6424.11,4.0,2.4391
6425.11,306.3,2.6163
6426.11,358.9,2.7892
6427.11,1.0,2.4855
6428.12,317.1,2.6372
6429.12,349.2,2.8493
6430.13,2.0,2.4265
6431.13,308.0,2.6162
6432.14,342.3,2.7487
6433.14,308.4,2.3252
6434.14,1.0,2.5818
6435.15,290.1,2.6836
6436.15,349.0,2.8943
6437.15,1442.0,2.4535
6438.16,342.3,2.7048
6439.16,343.9,2.8007
6440.17,330.0,2.9649
6441.17,0.0,2.4474
6442.17,335.4,2.6173
6443.18,366.0,2.7837
6444.18,3.0,2.4427
6445.19,325.3,2.7222
6446.19,305.7,3.0543
6447.19,310.0,3.1966
6448.2,358.3,3.3487
6449.2,322.3,3.5759
6450.21,301.9,3.8159
6451.21,308.7,4.051
6452.22,303.5,4.3162
6453.22,313.4,4.5586
6454.23,303.5,4.8006
6455.23,305.4,5.0257
6456.24,279.6,5.2831
6457.24,296.6,5.5633
6458.25,302.4,5.8109
6459.25,301.5,6.0647
6460.26,300.5,6.328
6461.26,303.5,6.5479
6462.27,306.9,6.8108
6463.27,316.5,7.0474
6464.28,285.5,2.3265
6465.28,2.0,2.5412
6466.28,331.9,2.3271
6467.29,0.0,2.6047
6468.29,0.0,2.427
6469.3,296.5,2.6012
6470.3,3.0,2.4119
6471.31,290.5,2.5998
6472.31,356.2,2.7082
6473.31,0.0,2.582
6474.32,1.0,2.3281
6475.32,1.0,2.5913
6476.32,2.0,2.391
6477.33,276.6,2.584
6478.33,1.0,2.3699
6479.34,286.5,2.6076
6480.34,1.0,2.4781
6481.35,297.2,2.3283
6482.35,2.0,2.6279
6483.35,332.0,2.9012
6484.36,355.2,3.0316
6485.36,346.9,3.2512
6486.36,320.6,3.3705
6487.37,297.4,3.5966
6488.37,286.5,3.8799
6489.38,303.7,4.3961
6490.38,138.3,4.9735
6491.39,105.5,2.3299
6492.39,3.0,2.5088
6493.4,327.6,2.8336
6494.4,338.0,2.944
6495.4,346.1,3.0791
6496.41,343.3,3.3152
6497.41,243.7,3.6687
6498.42,271.8,4.0621
6499.42,3.0,2.4825
6500.42,330.3,2.8648
6501.43,363.8,2.9808
6502.43,351.0,3.1846
6503.44,329.3,3.4867
6504.44,307.1,3.8949
6505.44,274.9,4.298
6506.45,202.0,4.8415
6507.45,105.5,5.4577
6508.46,101.5,6.0776
6509.46,100.5,6.7093
6510.47,104.5,7.3064
6511.47,147.2,2.3301
6512.48,2.0,2.5007
6513.48,324.4,2.8443
6514.48,345.0,2.9566
6515.49,344.0,3.1224
6516.49,6.0,2.4415
6517.5,330.3,2.6929
6518.5,322.0,2.8843
6519.5,363.4,3.0514
6520.51,2.0,2.4627
6521.51,340.2,2.7392
6522.52,317.2,2.8886
6523.52,337.0,3.0418
6524.52,2.0,2.4646
6525.53,344.4,2.7806
6526.53,353.0,2.9002
6527.53,354.0,3.0788
6528.54,2.0,2.5775
6529.54,306.1,2.8189
6530.54,359.2,2.9492
6531.55,2.0,2.4926
6532.55,332.3,2.8072
6533.55,352.9,2.9104
6534.56,2.0,2.4055
6535.56,291.8,2.6168
6536.57,324.0,2.8426
6537.57,360.2,2.9721
6538.58,326.3,3.1792
6539.58,2.0,2.5892
6540.58,344.3,2.8408
6541.59,356.0,2.9875
6542.59,333.3,3.2076
6543.59,262.3,3.3989
6544.6,2.0,2.4381
6545.6,323.3,2.682
6546.61,335.9,2.8351
6547.61,354.8,2.9656
6548.61,322.9,3.2381
6549.62,205.3,3.3544
6550.62,201.0,3.7089
6551.63,3.0,2.5352
6552.63,320.7,2.8076
6553.63,348.0,2.9283
6554.64,330.1,3.0351
6555.64,282.6,3.1584
6556.65,241.7,3.547
6557.65,1.0,2.4434
6558.66,332.3,2.7001
6559.66,310.1,2.8406
6560.66,3.0,2.4339
6561.67,335.2,2.7427
6562.67,355.9,2.8844
6563.67,1.0,2.4963
6564.68,345.0,2.7747
6565.68,358.4,2.3324
6566.69,3.0,2.5573
6567.69,314.2,2.7865
6568.69,1.0,2.4294
6569.7,313.5,2.6464
6570.7,310.0,2.8223
6571.7,369.6,2.9714
6572.71,326.4,3.2351
6573.71,329.3,3.4646
6574.72,2.0,2.3403
6575.72,304.0,2.674
6576.72,351.0,2.8628
6577.73,346.2,3.1075
6578.73,331.3,3.3607
6579.74,305.4,3.5723
6580.74,2.0,2.5298
6581.75,335.0,2.7197
6582.75,360.1,2.9822
6583.75,1.0,2.4965
6584.76,310.0,2.6743
6585.76,357.0,2.8705
6586.76,1.0,2.4355
6587.77,331.7,2.6799
6588.77,362.0,2.8527
6589.78,343.3,3.109
6590.78,312.0,3.3776
6591.78,311.4,3.6858
6592.79,311.4,3.9883
6593.79,302.6,4.3029
6594.8,304.5,4.6896
6595.8,305.5,5.0904
6596.81,326.0,5.3657
6597.81,319.7,5.5704
6598.82,306.4,2.3333
6599.82,1.0,2.4952
6600.82,340.0,2.727
6601.82,358.1,2.944
6602.83,328.0,3.2601
6603.83,317.4,3.5963
6604.84,306.4,3.9732
6605.84,301.6,4.3647
6606.85,306.4,4.7658
6607.85,303.4,5.1741
6608.86,338.8,5.41
6609.86,318.8,5.6307
6610.86,321.0,5.8468
6611.87,269.9,2.3336
6612.87,2.0,2.492
6613.87,338.2,2.7093
6614.88,349.3,3.0009
6615.88,324.3,3.3396
6616.89,314.7,3.7162
6617.89,304.6,4.0953
6618.89,316.0,4.4393
6619.9,331.8,4.6724
6620.9,220.9,4.8572
6621.91,177.1,4.9203
6622.91,183.1,4.9992
6623.92,158.3,2.3336
6624.92,0.0,2.5378
6625.92,349.2,2.7279
6626.93,351.2,2.9303
6627.93,312.4,3.1818
6628.94,311.4,3.466
6629.94,310.4,3.8441
6630.95,304.7,4.2351
6631.95,328.5,4.5094
6632.96,324.7,4.7532
6633.96,224.8,2.3336
6634.97,0.0,2.593
6635.97,346.0,2.7353
6636.97,324.6,3.033
6637.98,316.4,3.3982
6638.98,2.0,2.4322
6639.99,320.6,2.729
6641.0,315.3,3.0123
6642.0,349.2,3.179
6643.0,279.1,3.3187
6644.01,348.9,3.5626
6645.01,326.4,3.7947
6646.02,4.0,2.4238
6647.02,285.7,2.625
6648.03,359.3,2.7952
6649.03,334.2,3.1238
6650.04,2.0,2.3891
6651.04,289.9,2.609
6652.05,1.0,2.4152
6653.05,298.3,2.6058
6654.05,317.0,2.6943
6655.06,3.0,2.4524
6656.06,329.9,2.6379
6657.06,1.0,2.4593
6658.07,306.2,2.6205
6659.07,0.0,2.4536
6660.07,332.9,2.6343
6661.08,2.0,2.475
6662.08,307.4,2.6379
6663.08,0.0,2.4443
6664.09,315.4,2.6147
6665.09,0.0,2.4176
6666.1,287.7,2.5904
6667.1,326.0,2.6846
6668.1,2.0,2.5575
6669.11,293.1,2.674
6670.11,2.0,2.4852
6671.11,298.1,2.3351
6672.12,1432.4,2.5846
6673.12,322.0,2.695
6674.13,1.0,2.4193
6675.13,297.1,2.602
6676.13,330.4,2.7106
6677.14,1480.8,2.4279
6678.14,306.0,2.6119
6679.14,329.1,2.7297
6680.15,1.0,2.4341
6681.15,298.6,2.6049
6682.16,0.0,2.4738
6683.16,308.1,2.6332
6684.17,1.0,2.4038
6685.17,291.6,2.5929
6686.18,0.0,2.4414
6687.18,326.3,2.6786
6688.18,334.0,2.7904
6689.19,323.4,3.0306
6690.19,315.4,3.2722
6691.2,315.4,3.505
6692.2,307.5,3.736
6693.21,305.4,4.0255
6694.21,314.4,4.2871
6695.22,329.3,4.3993
6696.22,3.0,2.505
6697.22,339.4,2.7336
6698.23,2.0,2.5509
6699.23,350.9,2.7107
6700.24,342.3,3.0598
6701.24,1.0,2.4635
6702.24,337.0,2.6568
6703.25,1500.0,2.5884
6704.25,342.2,2.7121
6705.26,4.0,2.5465
6706.26,340.9,2.6937
6707.26,2.0,2.5471
6708.27,314.1,2.6732
6709.27,2.0,2.5217
6710.27,329.0,2.6681
6711.28,350.3,3.0331
6712.28,332.3,3.4114
6713.29,318.5,3.8614
6714.29,329.3,4.2169
6715.3,295.7,4.6746
6716.3,302.5,5.121
6717.31,254.9,2.3376
6718.31,0.0,2.6174
6719.31,363.8,2.8343
6720.32,339.8,3.1989
6721.32,317.4,3.6465
6722.33,2.0,2.4258
6723.33,292.2,2.6284
6724.34,360.2,2.8696
6725.34,331.5,3.1781
6726.34,317.4,3.5004
6727.35,316.4,3.8503
6728.35,239.9,4.1674
6729.36,161.2,4.584
6730.36,160.2,5.0848
6731.37,147.2,5.5809
6732.37,100.5,6.072
6733.38,107.5,6.57
6734.39,175.1,6.7846
6735.39,101.5,6.8349
6736.4,105.5,6.8687
6737.4,101.5,6.8885
6738.41,100.5,6.9178
6739.41,101.5,6.9474
6740.42,104.5,6.9713
6741.42,104.5,6.9901
6742.43,130.4,7.0201
6743.43,173.5,7.0977
6744.43,131.4,7.2179
6745.44,104.5,7.3123
6746.44,125.4,7.3867
6747.45,107.5,7.4359
6748.45,105.5,7.5359
6749.46,218.9,2.3382
6750.46,3457.7,2.5559
6751.46,331.1,2.6958
6752.47,3.0,2.4548
6753.47,334.3,2.6708
6754.48,3.0,2.4438
6755.48,319.8,2.6448
6756.49,0.0,2.429
6757.49,310.4,2.6441
6758.49,325.0,2.7402
6759.5,334.0,2.9681
6760.5,309.8,3.1843
6761.51,303.7,3.4144
6762.51,337.0,2.3406
6763.51,1.0,2.5543
6764.51,306.1,2.7001
6765.52,341.3,2.9239
6766.52,333.5,3.1086
6767.53,2.0,2.4723
6768.53,346.6,2.678
6769.53,4.0,2.4605
6770.54,314.1,2.6402
6771.54,1.0,2.4138
6772.55,307.4,2.6282
6773.55,369.8,2.7701
6774.55,4.0,2.5498
6775.56,315.2,2.7158
6776.56,360.1,2.8686
6777.57,2.0,2.5335
6778.57,344.9,2.7358
6779.57,366.6,2.8834
6780.58,0.0,2.4971
6781.58,333.0,2.742
6782.58,363.2,2.8758
6783.58,346.0,3.0888
6784.59,1.0,2.3636
6785.59,284.7,2.6218
6786.6,318.1,2.7363
6787.6,359.1,3.0295
6788.6,0.0,2.4633
6789.61,326.3,2.7092
6790.61,346.4,2.8796
6791.62,3.0,2.5016
6792.62,324.0,2.7416
6793.62,355.9,2.8775
6794.62,336.3,3.1005
6795.63,1.0,2.4398
6796.63,327.3,2.7135
6797.64,371.1,2.8525
6798.64,354.2,3.0972
6799.65,1.0,2.4583
6800.65,308.8,2.6275
6801.66,3.0,2.4585
6802.66,303.0,2.6311
6803.66,2.0,2.4576
6804.67,291.1,2.6334
6805.67,360.3,2.7848
6806.68,346.9,3.0982
6807.68,3358.9,2.5843
6808.68,0.0,2.4443
6809.69,285.5,2.5998
6810.69,2.0,2.4514
6811.7,315.1,2.6196
6812.7,3.0,2.4599
6813.7,296.2,2.6245
6814.71,1.0,2.4992
6815.71,296.3,2.6519
6816.71,357.0,2.8684
6817.71,351.3,3.0509
6818.72,1.0,2.5033
6819.72,331.0,2.6602
6820.72,2.0,2.4832
6821.72,287.3,2.6296
6822.73,2.0,2.4814
6823.73,302.1,2.6356
6824.73,366.9,2.7942
6825.74,2.0,2.5117
6826.74,329.6,2.8728
6827.75,301.5,3.247
6828.75,273.7,3.6289
6829.76,162.2,4.0191
6830.76,104.5,4.3965
6831.77,106.5,4.8354
6832.77,246.4,5.0215
6833.77,327.4,5.1258
6834.78,327.4,5.288
6835.78,329.3,5.4856
6836.79,315.5,5.6557
6837.79,296.5,5.8099
6838.8,1476.0,2.439
6839.8,306.8,2.625
6840.81,318.0,2.7922
6841.81,1481.8,2.4332
6842.82,290.5,2.6228
6843.82,325.3,2.7407
6844.82,2.0,2.4626
6845.83,301.5,2.6289
6846.83,352.2,2.7889
6847.84,1.0,2.4916
6848.84,333.4,2.7435
6849.84,375.8,2.8648
6850.85,335.3,3.0237
6851.85,337.3,3.2269
6852.86,331.0,3.413
6853.86,2.0,2.6219
6854.86,350.1,2.8201
6855.87,346.1,3.0424
6856.87,6.0,2.6262
6857.87,1.0,2.4712
6858.88,288.4,2.6328
6859.88,2.0,2.4901
6860.88,337.1,2.6889
6861.88,350.1,2.9829
6862.89,341.3,3.2824
6863.89,3.0,2.5125
6864.89,302.2,2.6624
6865.9,0.0,2.4568
6866.9,279.6,2.6205
6867.91,351.9,2.7289
6868.91,2.0,2.5283
6869.91,324.0,2.6782
6870.92,1.0,2.5967
6871.92,322.3,2.8618
6872.92,370.8,2.9872
6873.93,344.6,3.2295
6874.93,333.3,3.498
6875.94,322.3,3.7818
6876.94,320.3,4.0797
6877.95,300.7,4.3382
6878.95,306.4,4.6123
6879.96,307.5,4.908
6880.96,304.1,5.1701
6881.97,302.7,5.383
6882.97,307.4,5.6634
6883.98,308.6,5.9857
6884.98,305.4,6.3127
6885.98,310.1,6.5967
6886.99,287.6,2.3625
6887.99,1.0,2.4946
6889.0,339.3,2.7889
6890.0,308.1,2.922
6891.0,343.7,3.0769
6892.01,306.4,3.2744
6893.01,311.4,3.5116
6894.02,309.7,3.7831
6895.02,307.4,4.0782
6896.03,306.4,4.3388
6897.03,309.4,4.6166
6898.04,304.6,4.9079
6899.04,306.4,5.172
6900.05,300.6,5.3899
6901.05,306.5,5.6857
6902.06,309.4,6.0123
6903.06,302.7,6.3451
6904.07,310.4,6.6338
6905.07,2.0,2.448
6906.08,301.4,2.6528
6907.08,301.1,2.9164
6908.08,346.7,3.0318
6909.09,301.5,3.2031
6910.09,312.6,3.4359
6911.1,313.4,3.7068
6912.1,305.4,3.9826
6913.11,307.4,4.2841
6914.11,305.6,4.5523
6915.12,304.4,4.7817
6916.12,304.4,5.0533
6917.13,303.4,5.375
6918.13,300.7,5.6065
6919.14,303.4,5.8061
6920.14,319.8,6.1582
6921.15,301.5,6.4622
6922.15,308.5,6.81
6923.16,309.4,7.1051
6924.16,2607.4,2.4794
6925.17,1509.1,2.4728
6926.17,318.0,2.6757
6927.17,353.0,2.3647
6928.18,1.0,2.6303
6929.18,1.0,2.6327
6930.19,334.2,2.8155
6931.19,348.4,3.1026
6932.19,307.0,3.4822
6933.2,229.4,3.856
6934.2,165.2,4.2347
6935.21,138.4,4.6263
6936.21,184.1,4.8026
6937.22,105.5,4.874
6938.22,101.5,4.9339
6939.23,114.4,4.9928
6940.23,166.1,5.0438
6941.24,231.8,5.1856
6942.24,115.4,5.326
6943.25,135.4,5.6036
6944.25,233.8,2.3651
6945.25,1.0,2.5187
6946.26,298.1,2.6797
6947.26,352.0,2.8724
6948.26,312.0,3.0684
6949.27,205.0,3.1651
6950.27,141.4,3.2431
6951.28,118.6,3.3056
6952.28,107.5,3.3638
6953.29,103.5,3.4219
6954.29,104.5,3.4807
6955.3,121.4,3.5451
6956.3,116.4,3.5974
6957.31,153.3,3.6378
6958.31,138.3,3.6826
6959.32,107.5,3.729
6960.32,102.5,3.7683
6961.33,102.5,3.8065
6962.33,154.2,3.8464
6963.34,189.0,3.8911
6964.34,102.5,3.9241
6965.35,101.5,3.9535
6966.35,102.5,3.9858
6967.36,118.4,4.028
6968.36,107.4,4.0832
6969.37,127.3,4.1398
6970.37,101.5,4.1953
6971.38,102.5,4.253
6972.38,103.5,4.3132
6973.39,99.5,4.3814
6974.39,102.5,4.4487
6975.4,100.5,4.5198
6976.4,101.5,4.5884
6977.41,100.5,4.6581
6978.41,100.5,4.7284
6979.42,100.5,4.7964
6980.42,99.5,4.8648
6981.43,104.5,4.9327
6982.43,102.5,4.9783
6983.44,99.5,5.017
6984.45,101.5,5.0555
6985.45,101.5,5.1067
6986.46,111.4,5.1576
6987.46,101.5,5.1976
6988.47,115.4,5.2545
6989.47,128.3,5.3115
6990.48,103.5,5.3636
6991.48,101.5,5.4023
6992.49,101.5,5.4379
6993.49,102.5,5.4669
6994.5,98.5,5.4925
6995.5,101.5,5.5176
6996.51,102.5,5.5392
6997.51,100.5,5.562
6998.52,102.5,5.5861
6999.52,100.5,5.6109
7000.53,100.5,5.6345
7001.53,101.5,5.6566
7002.54,115.4,5.6792
7003.54,100.5,5.7005
7004.55,105.5,5.7172
7005.55,101.5,5.7333
7006.56,102.5,5.7532
7007.56,100.5,5.7814
7008.57,102.5,5.8127
7009.57,100.5,5.8469
7010.58,102.5,5.8852
7011.58,111.4,5.9319
7012.59,100.5,5.9781
7013.59,100.5,6.027
7014.6,100.5,6.0801
7015.61,99.5,6.1514
7016.61,100.5,6.2
7017.62,102.5,6.244
7018.62,99.5,6.287
7019.62,111.7,6.3226
7020.63,204.0,6.8911
7021.63,147.3,7.3512
7022.64,2.0,2.4909
7023.64,323.0,2.6663
7024.64,344.0,2.8525
7025.65,342.3,3.0035
7026.65,136.6,3.0564
7027.65,125.7,3.1121
7028.66,137.4,3.1568
7029.66,207.9,3.1943
7030.67,202.0,3.2282
7031.67,210.9,3.2634
7032.68,205.1,3.2946
7033.68,202.1,3.3229
7034.69,134.3,3.3554
7035.69,102.5,3.3811
7036.7,101.5,3.4028
7037.7,106.5,3.4172
7038.71,103.5,3.4398
7039.71,102.5,3.4595
7040.72,100.5,3.4787
7041.72,100.5,3.4968
7042.73,101.5,3.5144
7043.73,100.5,3.5304
7044.74,100.5,3.5465
7045.74,100.5,3.5608
7046.75,121.4,3.5745
7047.75,115.4,3.5884
7048.76,119.5,3.6028
7049.76,140.3,3.6215
7050.77,105.5,3.6348
7051.77,99.5,3.6512
7052.78,102.5,3.6658
7053.78,100.5,3.679
7054.79,102.5,3.6918
7055.79,101.5,3.7044
7056.8,101.5,3.7164
7057.8,113.6,3.7277
7058.81,101.5,3.7391
7059.81,108.4,3.7518
7060.82,115.4,3.762
7061.82,100.5,3.7713
7062.83,102.5,3.7805
7063.83,100.5,3.79
7064.84,101.5,3.7998
7065.84,99.5,3.8088
7066.85,101.5,3.8181
7067.85,102.5,3.8272
7068.86,100.5,3.8365
7069.86,100.5,3.8453
7070.87,101.5,3.8542
7071.87,100.5,3.8629
7072.88,100.5,3.8711
7073.88,102.5,3.8795
7074.89,102.5,3.8875
7075.89,100.5,3.8978
7076.9,101.5,3.905
7077.9,99.5,3.9127
7078.91,99.5,3.9201
7079.92,101.5,3.9283
7080.92,100.5,3.9356
7081.93,101.5,3.9426
7082.93,100.5,3.9498
7083.94,100.5,3.9566
7084.94,102.5,3.9636
7085.95,99.5,3.9717
7086.95,101.5,3.9797
7087.96,120.4,3.9864
7088.96,101.5,3.9928
7089.97,99.5,3.9996
7090.97,170.1,2.3667
7091.98,1.0,2.6244
7092.98,333.0,2.7461
7093.98,350.0,2.8858
7094.98,1.0,2.4976
7095.99,322.0,2.6651
7096.99,350.9,2.8358
7097.99,3.0,2.561
7099.0,318.0,2.7046
7100.0,353.9,2.8932
7101.0,271.6,3.0552
7102.01,165.4,3.1357
7103.01,250.8,3.1913
7104.02,210.9,3.2541
7105.02,2.0,2.4972
7106.02,312.1,2.6582
7107.03,356.9,2.8147
7108.03,1.0,2.5509
7109.03,297.2,2.6875
7110.04,356.9,2.8721
7111.04,311.4,3.0705
7112.05,295.5,3.2251
7113.05,252.8,3.3516
7114.05,154.3,3.4779
7115.06,135.3,3.5541
7116.06,206.4,4.0316
7117.07,124.4,4.7595
7118.07,1.0,2.4842
7119.08,315.1,2.6507
7120.08,361.0,2.8018
7121.08,1.0,2.4689
7122.09,292.5,2.6367
7123.09,346.9,2.7754
7124.1,2.0,2.4881
7125.1,327.0,2.6624
7126.1,365.4,2.8456
7127.1,291.9,3.1946
7128.11,238.1,3.6012
7129.11,223.9,3.9654
7130.12,224.8,4.0438
7131.12,124.4,4.1055
7132.13,113.4,4.1607
7133.13,170.1,4.2831
7134.14,0.0,2.5547
7135.14,306.2,2.6903
7136.14,356.7,2.8705
7137.15,1.0,2.5885
7138.15,305.9,2.7098
7139.16,2.0,2.4499
7140.16,297.5,2.6392
7141.17,314.4,2.7595
7142.17,338.3,2.8892
7143.17,1.0,2.5861
7144.18,305.1,2.692
7145.18,2.0,2.4814
7146.18,296.0,2.6456
7147.19,361.2,2.7586
7148.19,9.0,2.5818
7149.2,327.0,2.7135
7150.2,354.5,2.938
7151.2,325.4,3.2202
7152.21,343.2,3.4302
7153.21,270.8,3.7977
7154.22,282.1,4.1342
7155.22,1.0,2.5316
7156.22,308.1,2.69
7157.23,356.9,2.899
7158.23,328.3,3.1734
7159.23,3.0,2.3688
7160.24,1364.5,2.6311
7161.24,332.0,2.7483
7162.25,347.5,3.0133
7163.25,330.9,3.2632
7164.25,1496.8,2.4668
7165.26,310.0,2.6549
7166.26,305.3,2.7699
7167.26,338.3,3.0309
7168.27,330.0,3.2637
7169.27,6.0,2.4453
7170.28,291.1,2.6476
7171.28,329.8,2.7554
7172.29,342.2,3.0228
7173.29,336.8,3.2608
7174.29,0.0,2.4727
7175.3,315.2,2.6639
7176.3,339.9,2.8126
7177.3,339.3,3.1638
7178.31,323.3,3.3827
7179.31,2.0,2.5597
7180.32,333.0,2.725
7181.32,353.2,2.9532
7182.32,348.1,3.1595
7183.33,309.4,3.3874
7184.33,1.0,2.6383
7185.34,333.3,2.7921
7186.34,362.0,3.0773
7187.34,4.0,2.4935
7188.35,310.0,2.6827
7189.35,346.3,2.8589
7190.36,338.9,3.0651
7191.36,6.0,2.3952
7192.37,272.6,2.6342
7193.37,336.2,2.7367
7194.37,2.0,2.6568
7195.38,347.6,2.8369
7196.38,329.3,3.0506
7197.39,2.0,2.6117
7198.39,342.7,2.7811
7199.39,1.0,2.4874
7200.4,283.8,2.6461
7201.4,323.0,2.7549
7202.4,3.0,2.6635
7203.41,348.9,2.8259
7204.41,3.0,2.5206
7205.42,321.0,2.6952
7206.42,2.0,2.4875
7207.43,297.4,2.6779
7208.43,333.2,2.405
7209.43,8.0,2.6455
7210.43,312.1,2.7546
7211.44,13.0,2.5881
7212.44,332.5,2.8863
7213.45,341.2,3.005
7214.45,351.3,3.23
7215.46,319.9,3.4764
7216.46,307.6,3.7392
7217.47,301.5,4.0287
7218.47,309.5,4.2995
7219.48,301.4,4.5649
7220.48,305.5,4.8423
7221.49,307.4,5.121
7222.49,301.5,5.3981
7223.5,309.4,5.6679
7224.5,270.6,5.9129
7225.5,226.2,6.1632
7226.51,318.8,6.4417
7227.51,316.4,6.6029
7228.52,286.6,6.8325
7229.52,268.6,7.1291
7230.53,239.9,2.4279
7231.53,2.0,2.6467
7232.53,290.1,2.8377
7233.54,360.0,2.9794
7234.54,330.3,3.2045
7235.55,2.0,2.534
7236.55,335.2,2.7895
7237.56,317.7,2.8966
7238.56,343.1,3.0494
7239.56,340.1,3.3416
7240.56,1.0,2.6639
7241.57,345.9,2.8921
7242.57,359.9,3.0346
7243.57,346.9,3.2482
7244.58,1.0,2.5385
7245.58,332.3,2.8072
7246.59,346.8,2.9179
7247.59,345.0,3.0788
7248.59,345.5,3.3212
7249.6,2.0,2.5615
7250.6,313.1,2.7256
7251.6,2.0,2.5937
7252.61,293.1,2.7452
7253.61,351.2,2.9635
7254.62,353.5,3.1896
7255.62,283.6,3.385
7256.63,269.6,3.5942
7257.63,296.5,3.7415
7258.63,3.0,2.5578
7259.64,301.2,2.7174
7260.64,4.0,2.4652
7261.65,287.8,2.7081
7262.65,309.0,2.848
7263.65,350.3,3.0508
7264.66,315.4,3.3251
7265.66,308.4,3.6077
7266.67,326.0,3.8241
7267.67,0.0,2.5334
7268.68,319.0,2.7065
7269.68,7.0,2.6433
7270.68,326.0,2.8441
7271.69,353.6,3.092
7272.69,325.7,3.3842
7273.69,310.5,3.681
7274.7,339.0,3.8881
7275.7,28.9,2.5794
7276.7,331.4,2.8215
7277.71,359.1,3.0378
7278.71,324.7,3.3287
7279.72,316.4,3.5858
7280.72,323.6,3.8076
7281.73,343.9,4.0144
7282.73,2.0,2.633
7283.73,297.2,2.7533
7284.74,1.0,2.6911
7285.74,325.0,2.811
7286.74,1.0,2.442
7287.75,1433.2,2.7108
7288.75,345.9,2.8224
7289.76,343.8,3.0459
7290.76,318.0,3.293
7291.76,343.5,3.4786
7292.77,2.0,2.552
7293.77,299.7,2.7312
7294.78,356.1,2.875
7295.78,333.5,3.11
7296.79,323.7,3.3235
7297.79,2.0,2.5574
7298.79,304.8,2.7411
7299.8,358.9,2.8728
7300.8,330.4,3.0973
7301.81,330.3,3.3095
7302.81,292.3,2.4431
7303.81,5.0,2.6522
7304.82,345.0,2.831
7305.82,355.9,3.0191
7306.82,333.3,3.2613
7307.83,303.4,3.5769
7308.83,312.5,3.8961
7309.84,316.6,4.1992
7310.84,306.4,4.5104
7311.85,317.6,4.8222
7312.85,336.3,4.9776
7313.86,2.0,2.5384
7314.86,301.1,2.7429
7315.86,282.3,2.892
7316.87,346.2,3.0478
7317.87,317.6,3.2843
7318.88,313.4,3.5812
7319.88,311.4,3.8936
7320.89,3.0,2.5559
7321.89,330.1,2.7535
7322.9,341.3,2.4539
7323.9,2.0,2.7182
7324.91,321.3,3.0201
7325.91,334.9,3.1262
7326.92,346.3,3.2556
7327.92,326.3,3.429
7328.93,321.6,3.618
7329.93,301.6,3.8795
7330.94,308.4,4.0987
7331.94,306.4,4.2943
7332.95,2.0,2.4744
7333.95,295.1,2.7776
7334.95,322.7,3.0579
7335.96,362.2,3.2115
7336.96,326.3,3.4057
7337.97,316.1,3.6217
7338.97,307.7,3.9521
7339.98,308.8,4.2079
7340.98,279.7,2.4543
7341.99,5.0,2.7148
7342.99,340.2,2.8715
7344.0,3.0,2.6486
7345.0,328.1,3.0765
7346.0,321.1,3.2839
7347.0,363.0,3.5068
7348.01,336.8,3.674
7349.01,330.3,3.8676
7350.02,308.5,4.032
7351.02,313.4,4.2425
7352.03,306.4,4.5149
7353.03,305.5,4.7579
7354.04,300.4,5.0409
7355.04,305.4,5.2773
7356.05,303.4,5.5147
7357.05,305.4,5.7417
7358.06,301.7,5.9825
7359.06,306.4,6.256
7360.07,305.4,6.4521
7361.07,304.4,6.6588
7362.08,310.7,6.871
7363.08,303.4,7.1385
7364.09,299.4,7.3523
7365.09,319.3,7.7671
7366.1,305.4,7.82
7367.1,255.3,7.8203
7368.11,230.8,2.4574
7369.11,3.0,2.7669
7370.11,311.7,3.1657
7371.12,304.0,3.3369
7372.12,359.6,3.5446
7373.13,332.4,3.7886
7374.13,318.4,3.9943
7375.14,315.4,4.2232
7376.14,308.5,4.4965
7377.15,306.6,4.7399
7378.15,304.4,5.0413
7379.16,297.4,5.2811
7380.16,302.6,5.5273
7381.17,307.5,5.7624
7382.17,302.4,6.0015
7383.18,304.4,6.2777
7384.18,303.4,6.4839
7385.19,301.4,6.7235
7386.19,307.4,6.9308
7387.2,258.7,7.2188
7388.2,235.9,7.6604
7389.21,205.9,7.7084
7390.21,174.1,7.7087
7391.22,271.6,7.7095
7392.22,2.0,2.6096
7393.22,333.1,2.8077
7394.23,347.3,3.0998
7395.23,316.4,3.4207
7396.24,340.2,3.6465
7397.24,2.0,2.6027
7398.24,332.1,2.788
7399.25,346.7,3.0055
7400.25,316.4,3.2658
7401.26,316.4,3.5082
7402.26,341.9,3.6631
7403.26,2.0,2.6511
7404.27,360.9,2.8656
7405.27,2.0,2.5724
7406.27,345.9,2.7682
7407.28,359.9,2.9452
7408.28,0.0,2.6168
7409.28,336.2,2.8122
7410.28,2.0,2.5418
7411.29,306.1,2.7467
7412.29,361.0,2.9275
7413.29,351.0,3.1324
7414.29,1.0,2.7025
7415.3,305.2,2.8165
7416.3,336.4,3.0492
7417.31,322.3,3.2938
7418.31,341.3,3.482
7419.32,2.0,2.5765
7420.32,316.5,2.7689
7421.33,347.2,2.934
7422.33,313.3,3.2346
7423.34,337.3,3.4827
7424.34,301.4,2.4598
7425.35,3.0,2.712
7426.35,347.9,2.8389
7427.36,351.2,3.0621
7428.36,315.7,3.3731
7429.37,329.3,2.4598
7430.37,1441.4,2.7597
7431.38,341.2,2.9153
7432.38,336.4,3.2005
7433.38,335.9,3.4406
7434.39,2.0,2.5733
7435.39,337.0,2.789
7436.39,377.1,3.0366
7437.4,334.3,3.3328
7438.4,340.3,3.5466
7439.41,1.0,2.6566
7440.41,318.1,2.8184
7441.41,347.5,3.0291
7442.42,319.6,3.2689
7443.42,336.3,3.4734
7444.43,2.0,2.5444
7445.43,295.6,2.7583
7446.44,344.2,2.9618
7447.44,333.3,3.2754
7448.45,337.2,3.504
7449.45,3.0,2.5946
7450.45,337.0,2.7867
7451.46,345.4,2.9677
7452.46,315.5,3.2026
7453.47,323.9,3.435
7454.47,1.0,2.5471
7455.48,301.4,2.7592
7456.48,347.2,2.9649
7457.49,337.9,3.2834
7458.49,342.3,3.4994
7459.49,12.0,2.5689
7460.5,283.6,2.7357
7461.5,330.9,2.9141
7462.51,3.0,2.5764
7463.51,300.4,2.7472
7464.51,350.0,2.902
7465.52,352.1,3.1186
7466.52,1.0,2.6732
7467.52,348.9,2.8279
7468.53,353.2,3.0497
7469.53,331.2,3.2966
7470.54,347.2,3.4867
7471.54,3.0,2.583
7472.55,294.7,2.7701
7473.55,341.3,2.912
7474.56,327.3,3.164
7475.56,318.1,3.3928
7476.56,341.2,3.566
7477.57,2.0,2.5894
7478.57,323.1,2.774
7479.58,352.6,2.9526
7480.58,328.5,3.2623
7481.58,339.9,3.499
7482.59,1.0,2.5642
7483.59,314.4,2.7618
7484.6,341.2,2.8714
7485.6,331.3,3.1131
7486.61,307.5,3.3315
7487.61,343.5,3.5006
7488.61,1.0,2.5804
7489.62,313.4,2.7768
7490.62,330.6,2.9143
7491.63,320.3,3.1492
7492.63,321.4,3.3881
7493.64,346.4,3.5865
7494.64,1.0,2.6025
7495.65,318.7,2.7912
7496.65,349.0,2.9916
7497.65,321.4,3.2304
7498.66,332.8,3.4432
7499.66,2.0,2.5685
7500.67,309.4,2.7727
7501.67,351.2,2.9334
7502.68,331.3,3.2365
7503.68,336.3,3.4922
7504.69,0.0,2.5698
7505.69,307.7,2.7878
7506.7,350.3,3.0149
7507.7,331.3,3.3169
7508.71,343.2,3.5346
7509.71,1.0,2.679
7510.71,318.1,2.8551
7511.71,348.1,3.172
7512.72,335.3,3.4494
7513.72,1.0,2.5103
7514.73,299.5,2.7789
7515.73,355.3,2.9424
7516.74,329.3,3.1824
7517.74,322.9,3.42
7518.74,340.9,3.5812
7519.75,1.0,2.6014
7520.75,330.4,2.7866
7521.75,342.3,2.9605
7522.76,327.3,3.2029
7523.76,325.9,3.4298
7524.77,341.4,3.5965
7525.77,3.0,2.6124
7526.77,320.1,2.8061
7527.78,359.6,3.0727
7528.78,322.7,3.3923
7529.78,352.5,3.6177
7530.79,1.0,2.6218
7531.79,350.9,2.8175
7532.8,364.3,3.0029
7533.8,326.3,3.2522
7534.8,348.6,3.5169
7535.81,1.0,2.6023
7536.81,342.1,2.7942
7537.82,341.3,2.9657
7538.82,320.4,3.2089
7539.82,334.2,3.4377
7540.83,1.0,2.5241
7541.83,290.5,2.7551
7542.84,302.3,2.8521
7543.84,330.3,3.0918
7544.85,315.4,3.3287
7545.85,343.3,3.5144
7546.85,6.0,2.6016
7547.86,311.4,2.7647
7548.86,0.0,2.6046
7549.86,301.1,2.7712
7550.87,1.0,2.5182
7551.87,290.5,2.7589
7552.88,341.9,2.9035
7553.88,1.0,2.6662
7554.88,348.0,2.8975
7555.88,0.0,2.7121
7556.89,316.9,2.8834
7557.89,1.0,2.6946
7558.89,341.1,2.8934
7559.9,1.0,2.6947
7560.9,300.1,2.8799
7561.9,3298.4,2.5896
7562.91,338.3,2.8453
7563.91,1.0,2.5729
7564.92,318.0,2.7975
7565.92,349.0,2.9326
7566.92,3.0,2.6209
7567.93,340.5,2.893
7568.93,328.0,3.0437
7569.93,3.0,2.6705
7570.94,330.1,2.8529
7571.94,311.4,3.3789
7572.94,334.9,3.754
7573.95,3046.6,2.6471
7574.95,333.3,2.9269
7575.95,288.1,3.0443
7576.96,0.0,2.6879
7577.96,315.2,2.8188
7578.96,350.9,2.9967
7579.97,1.0,2.658
7580.97,310.1,2.7942
7581.97,358.7,2.976
7582.98,0.0,2.6405
7583.98,297.5,2.7918
7584.98,362.9,2.9691
7585.99,2.0,2.6059
7586.99,333.4,2.8005
7588.0,358.9,2.9215
7589.0,329.4,2.4791
7590.01,1783.7,2.7392
7591.01,305.1,2.8541
7592.01,355.4,3.02
7593.02,1.0,2.6277
7594.02,322.1,2.7673
7595.02,0.0,2.5943
7596.03,318.3,2.77
7597.03,348.6,2.9276
7598.04,340.1,3.1814
7599.04,339.9,3.4765
7600.04,2.0,2.6817
7601.05,310.1,2.8261
7602.05,348.5,3.0618
7603.06,323.3,3.2459
7604.06,252.3,3.3739
7605.06,4.0,2.6739
7606.07,344.9,2.8297
7607.07,2.0,2.5772
7608.08,305.4,2.7608
7609.08,344.9,2.875
7610.08,2.0,2.5924
7611.09,315.0,2.7741
7612.09,348.9,2.91
7613.1,3.0,2.6577
7614.1,302.2,2.8014
7615.1,1.0,2.5642
7616.11,295.5,2.7535
7617.11,317.9,2.8554
7618.11,3390.4,2.5932
7619.12,296.1,2.7593
7620.12,353.0,2.8912
7621.12,317.6,3.0307
7622.13,1.0,2.6639
7623.13,305.1,2.8032
7624.14,1.0,2.5782
7625.14,310.7,2.7489
7626.14,344.1,2.9
7627.15,337.3,2.4814
7628.15,1.0,2.739
7629.15,299.1,2.843
7630.16,2.0,2.5932
7631.16,288.1,2.7613
7632.16,364.9,2.8989
7633.17,287.6,2.4817
7634.17,27.9,2.7381
7635.17,322.0,2.9415
7636.18,376.1,3.1199
7637.18,327.3,3.3965
7638.19,319.3,3.6964
7639.19,306.6,4.0626
7640.2,313.4,4.4253
7641.2,306.7,4.8092
7642.21,321.5,5.1379
7643.21,330.8,5.4085
7644.21,37.9,2.6479
7645.22,336.0,2.9302
7646.22,353.3,3.0681
7647.22,338.8,3.3088
7648.23,310.4,3.453
7649.23,221.8,3.5535
7650.24,5.0,2.653
7651.24,311.4,2.8545
7652.24,338.7,3.0199
7653.25,335.3,3.278
7654.25,313.7,3.5511
7655.26,311.4,3.9027
7656.26,341.4,4.0845
7657.27,244.8,4.4317
7658.27,159.2,4.8224
7659.28,124.4,5.2159
7660.28,203.0,5.581
7661.29,274.6,5.971
7662.3,235.8,6.4861
7663.3,224.9,2.5404
7664.31,2.0,2.751
7665.31,329.1,2.9361
7666.31,342.3,3.2798
7667.32,317.3,3.6261
7668.32,332.9,3.9176
7669.33,336.4,4.193
7670.33,4.0,2.7094
7671.33,309.1,2.9077
7672.34,340.3,3.1597
7673.34,310.4,3.4455
7674.35,304.4,3.718
7675.35,336.2,3.9147
7676.36,3.0,2.6051
7677.36,290.7,2.8317
7678.36,336.0,3.0332
7679.37,323.4,3.3651
7680.38,310.4,3.7307
7681.38,346.5,3.9617
7682.38,302.0,4.4225
7683.39,0.0,2.6372
7684.39,290.5,2.8178
7685.4,323.1,2.9405
7686.4,2.0,2.6614
7687.4,342.0,2.835
7688.41,2.0,2.6425
7689.41,304.6,2.8088
7690.42,3.0,2.6333
7691.42,300.2,2.8125
7692.42,339.0,2.926
7693.43,5889.3,2.7424
7694.43,340.6,2.9021
7695.44,2.0,2.8101
7696.44,1.0,2.6459
7697.45,284.6,2.8041
7698.45,2112.2,2.6531
7699.45,342.9,2.8266
7700.46,2.0,2.6514
7701.46,306.0,2.8191
7702.46,1.0,1.4523
