Time_Sec,CPU_Percent,Memory_GB
0.0,0.0,0.0009
1.0,193.5,0.337
2.01,254.4,0.5547
3.01,287.3,0.8104
4.01,274.0,0.8993
5.02,332.1,1.0236
6.02,344.2,1.1491
7.02,301.3,1.3024
8.02,197.2,1.46
9.03,328.4,1.6689
10.03,306.5,1.8591
11.04,324.3,2.0114
12.04,333.1,2.2444
13.05,27.9,1.6706
14.05,317.6,1.8874
15.06,316.5,2.2152
16.06,347.2,2.3391
17.07,341.5,2.6155
18.07,341.9,2.866
19.08,327.5,3.1041
20.08,313.3,3.3526
21.09,314.4,3.7186
22.09,309.4,4.0481
23.1,305.4,4.4028
24.1,308.4,4.7335
25.11,307.4,4.9921
26.11,307.4,5.2505
27.11,318.1,5.5788
28.12,139.3,6.0081
29.13,135.3,6.4475
30.13,194.9,6.852
31.14,103.5,6.9522
32.14,109.4,6.9522
33.15,102.5,6.9522
34.15,163.2,6.9523
35.16,100.5,6.9523
36.16,214.0,6.9525
37.17,300.4,6.956
38.17,202.9,6.957
39.18,102.5,6.9571
40.18,103.5,6.9571
41.19,103.5,6.9571
42.19,101.5,6.9571
43.2,139.3,6.9572
44.2,100.5,6.9573
45.21,107.4,6.9574
46.21,163.1,6.9575
47.22,134.3,6.9575
48.22,100.5,6.9575
49.23,183.1,6.9576
50.23,181.0,7.1988
51.24,115.4,7.1988
52.24,103.5,7.1988
53.25,141.3,7.1989
54.25,100.5,1.5759
55.26,5.0,1.7633
56.26,302.2,1.8991
57.27,231.9,1.9718
58.27,220.2,2.0462
59.28,10.0,1.74
60.28,316.2,1.9021
61.28,8.0,1.6663
62.29,305.5,1.8478
63.29,335.9,1.9494
64.3,5.0,1.6811
65.3,303.0,1.8508
66.3,361.9,1.9695
67.31,5.0,1.7682
68.31,313.1,1.9039
69.31,9.0,1.6832
70.32,302.8,1.8576
71.32,354.9,1.9825
72.33,8.0,1.6704
73.33,301.4,1.8504
74.34,316.0,1.9524
75.34,12.0,1.5879
76.34,275.6,1.8232
77.35,311.3,2.1689
78.35,300.6,2.5173
79.36,346.9,2.6427
80.36,359.3,2.8423
81.37,318.3,2.9678
82.37,317.3,3.1438
83.38,316.3,3.3715
84.38,290.5,3.5807
85.39,319.3,3.7906
86.39,305.4,4.0043
87.4,286.4,4.3027
88.4,308.6,4.5396
89.41,308.4,4.8738
90.41,260.6,5.1351
91.42,307.4,5.4786
92.42,302.4,5.7288
93.43,306.5,5.9955
94.43,302.4,6.2411
95.44,309.3,6.4822
96.45,269.6,6.9392
97.45,271.2,6.9412
98.45,247.0,6.9412
99.46,181.1,6.9412
100.46,208.9,6.9412
101.47,128.6,6.9412
102.47,161.2,6.9412
103.48,140.2,7.0412
104.48,123.3,7.0412
105.49,146.2,7.0415
106.49,109.4,7.0415
107.5,126.3,7.0415
108.5,117.4,7.0416
109.51,118.4,7.0416
110.51,144.2,7.0416
111.52,114.4,7.0416
112.52,139.3,7.0416
113.53,102.5,7.0416
114.53,151.5,7.2287
115.54,178.1,7.6082
116.54,108.4,7.6279
117.55,102.5,7.6279
118.55,122.4,7.6279
119.56,134.4,7.6279
120.56,101.5,7.6279
121.57,290.5,7.6283
122.57,189.0,7.6284
123.58,113.4,7.6284
124.58,117.4,7.6284
125.59,105.5,7.6284
126.59,103.5,7.6284
127.6,116.5,7.6284
128.6,239.7,7.8386
129.61,99.5,7.8386
130.61,102.5,7.8386
131.62,100.5,7.8386
132.63,100.5,7.8386
133.63,101.5,7.8386
134.64,120.4,7.8386
135.64,104.5,7.8386
136.65,101.5,7.8386
137.65,100.5,7.8386
138.66,101.5,7.8386
139.66,101.5,7.8386
140.67,139.6,7.8388
141.67,139.3,7.9081
142.68,103.5,7.9081
143.68,100.5,7.9081
144.69,102.5,7.9081
145.69,99.5,7.9081
146.7,101.5,7.9081
147.7,100.5,7.9081
148.71,101.5,7.9081
149.71,101.5,7.9081
150.72,99.5,7.9081
151.72,101.5,7.9081
152.73,192.3,7.9089
153.73,100.5,7.9089
154.74,101.5,7.9089
155.74,103.5,7.9089
156.75,99.5,7.9089
157.75,104.5,7.909
158.76,99.5,7.909
159.76,102.5,7.909
160.77,101.5,7.909
161.77,99.5,7.909
162.78,101.5,7.909
163.79,187.0,8.0695
164.79,101.5,8.0695
165.8,119.4,8.0695
166.8,100.5,8.0695
167.81,102.5,8.0695
168.81,100.5,8.0695
169.82,100.5,8.0695
170.82,101.5,8.0695
171.83,103.5,8.0695
172.83,100.5,8.0695
173.84,102.5,8.0695
174.84,193.4,8.3123
175.84,209.5,8.5094
176.85,102.7,8.5094
177.85,101.5,8.5094
178.86,99.5,8.5094
179.86,100.5,8.5094
180.87,101.5,8.5094
181.87,102.5,8.5094
182.88,100.5,8.5094
183.88,102.5,8.5094
184.89,99.5,8.5094
185.89,100.5,8.5094
186.9,124.4,8.6402
187.9,101.5,8.6402
188.91,100.5,8.6402
189.91,100.5,8.6402
190.92,101.5,8.6402
191.92,100.5,8.6402
192.93,101.5,8.6402
193.93,99.5,8.6402
194.94,102.5,8.6402
195.94,101.5,8.6402
196.95,99.5,8.6402
197.95,111.4,8.6402
198.96,101.5,8.6404
199.96,100.5,8.6404
200.97,100.5,8.6404
201.97,101.5,8.6404
202.98,100.5,8.6404
203.98,101.5,8.6404
204.99,100.5,8.6404
206.0,100.5,8.6404
207.0,101.5,8.6404
208.01,100.5,8.6404
209.01,99.5,8.6404
210.02,101.5,8.6408
211.02,120.4,8.6408
212.03,103.5,8.6408
213.03,99.5,8.6408
214.04,100.5,8.6408
215.04,101.5,8.6408
216.05,100.5,8.6408
217.05,101.5,8.6408
218.06,101.5,8.6408
219.06,99.5,8.6408
220.07,101.5,8.6408
221.07,102.5,8.6413
222.08,100.6,8.6413
223.08,101.5,8.6413
224.09,102.5,8.6413
225.09,99.5,8.6413
226.1,101.5,8.6413
227.1,99.5,8.6413
228.11,101.5,8.6413
229.11,99.5,8.6413
230.12,101.5,8.6413
231.12,101.5,8.6413
232.13,103.5,8.6416
233.13,99.5,8.6416
234.14,101.5,8.6416
235.14,101.5,8.6416
236.15,100.5,8.6418
237.15,101.5,8.6418
238.16,100.5,8.6418
239.16,102.5,8.6418
240.17,99.5,8.6418
241.17,101.5,8.6418
242.18,101.5,8.6418
243.18,100.5,8.6418
244.19,102.5,8.6418
245.19,99.5,8.6418
246.2,101.5,8.6418
247.21,101.5,8.6418
248.21,101.5,8.6418
249.22,99.5,8.6418
250.22,100.5,8.6418
251.23,101.5,8.6418
252.23,101.5,8.6418
253.24,101.5,8.6418
254.24,101.5,8.6421
255.25,100.5,8.6421
256.25,101.5,8.6421
257.26,101.4,8.6421
258.26,100.5,8.6421
259.27,101.5,8.6421
260.27,100.5,8.6421
261.28,102.5,8.6421
262.28,99.5,8.6421
263.29,101.5,8.6421
264.29,101.6,8.6421
265.3,101.5,8.6422
266.3,101.5,8.6422
267.31,100.5,8.6422
268.31,101.5,8.6422
269.32,99.6,8.6422
270.32,99.5,8.6422
271.33,100.5,8.6422
272.33,100.5,8.6422
273.34,100.5,8.6422
274.34,102.5,8.6422
275.35,99.5,8.6422
276.35,101.5,8.6422
277.36,102.5,8.6423
278.36,99.5,8.6423
279.37,100.5,8.6423
280.37,100.6,8.6423
281.38,101.5,8.6423
282.38,99.5,8.6423
283.39,102.5,8.6423
284.39,102.5,8.6423
285.4,102.5,8.6423
286.4,99.5,8.6423
287.41,99.5,8.6423
288.41,102.5,8.6424
289.42,101.5,8.6425
290.42,100.5,8.6425
291.43,100.5,8.6425
292.44,102.5,8.6425
293.44,99.5,8.6425
294.45,101.5,8.6425
295.45,100.5,8.6425
296.46,101.5,8.6425
297.46,101.5,8.6425
298.47,101.5,8.6425
299.47,102.5,8.6425
300.48,101.5,8.6425
301.48,100.5,8.6425
302.49,101.5,8.6425
303.49,99.5,8.6425
304.5,102.5,8.6425
305.5,99.6,8.6425
306.51,101.5,8.6425
307.51,99.5,8.6425
308.52,102.5,8.6425
309.52,102.5,8.6425
310.53,99.5,8.6425
311.53,100.5,8.6425
312.54,102.5,8.6425
313.54,99.5,8.6425
314.55,102.5,8.6425
315.55,99.5,8.6425
316.56,101.5,8.6425
317.56,99.5,8.6425
318.57,101.5,8.6425
319.57,101.5,8.6425
320.58,101.5,8.6425
321.58,100.5,8.6425
322.59,103.5,8.6426
323.59,100.5,8.6426
324.6,100.5,8.6426
325.6,100.5,8.6426
326.61,101.5,8.6426
327.61,100.5,8.6426
328.62,100.5,8.6426
329.62,100.5,8.6429
330.63,100.5,8.6429
331.64,100.5,8.6429
332.64,101.5,8.6429
333.65,100.5,8.6429
334.65,102.5,8.6431
335.66,100.5,8.6431
336.66,100.5,8.6431
337.67,101.5,8.6431
338.67,102.5,8.6431
339.68,100.5,8.6431
340.68,101.5,8.6431
341.69,100.5,8.6431
342.69,101.5,8.6431
343.7,101.5,8.6431
344.7,100.5,8.6431
345.71,101.5,8.6431
346.71,101.5,8.6432
347.72,101.5,8.6432
348.72,101.5,8.6432
349.73,100.5,8.6432
350.73,100.5,8.6432
351.74,100.5,8.6432
352.74,100.5,8.6432
353.75,101.5,8.6432
354.75,100.5,8.6432
355.76,101.5,8.6432
356.76,100.5,8.6432
357.77,101.5,8.6432
358.77,101.5,8.6432
359.78,100.5,8.6432
360.78,101.5,8.6432
361.79,99.5,8.6432
362.79,101.5,8.6432
363.8,101.5,8.6432
364.8,100.5,8.6432
365.81,101.5,8.6432
366.81,100.5,8.6432
367.82,101.5,8.6432
368.82,99.5,8.6432
369.83,104.5,8.6434
370.84,101.5,8.6434
371.84,100.5,8.6434
372.85,102.5,8.6434
373.85,101.5,8.6434
374.86,100.5,8.6434
375.86,102.7,1.7154
376.86,323.3,2.0726
377.87,304.5,2.5278
378.87,354.1,2.6673
379.88,351.4,2.8443
380.88,321.5,2.9949
381.89,311.4,3.1626
382.89,311.6,3.4132
383.9,303.4,3.6301
384.9,307.4,3.8516
385.91,308.4,4.0955
386.91,298.4,4.3737
387.92,310.4,4.6654
388.92,301.5,5.0126
389.93,304.6,5.316
390.93,310.4,5.605
391.94,304.4,5.8846
392.94,289.7,6.1482
393.95,260.7,6.3669
394.95,211.3,6.6278
395.96,199.1,6.9453
396.96,206.9,6.9459
397.97,160.6,6.9459
398.97,164.2,6.9459
399.98,137.3,6.9459
400.98,144.3,6.9459
401.98,157.5,6.9459
402.99,151.2,6.9459
403.99,138.3,7.046
405.0,155.2,7.046
406.01,107.4,7.0461
407.01,122.4,7.0461
408.02,105.5,7.0461
409.02,105.4,7.0461
410.03,115.4,7.0461
411.03,133.3,7.0461
412.04,139.3,7.0462
413.04,101.5,7.0462
414.05,205.9,7.5357
415.05,101.5,7.6357
416.06,101.5,7.6357
417.06,121.4,7.6358
418.07,119.4,7.6358
419.07,176.1,7.6359
420.08,291.5,7.6364
421.08,220.9,7.6368
422.09,166.1,7.6384
423.09,205.9,7.6385
424.1,172.3,7.6501
425.1,104.5,7.6501
426.11,120.9,7.6434
427.12,186.0,7.8526
428.12,102.5,7.8526
429.13,100.5,7.8526
430.13,126.3,7.8526
431.14,105.5,7.8526
432.14,185.0,7.8526
433.15,199.9,7.8526
434.15,129.3,7.8604
435.16,112.4,7.8604
436.16,101.5,7.8604
437.17,102.5,7.8604
438.17,125.6,7.8604
439.18,149.3,7.9304
440.18,101.5,7.9304
441.19,100.5,7.9304
442.19,101.5,7.9304
443.2,100.5,7.9304
444.2,100.5,7.9304
445.21,108.5,7.9304
446.21,111.4,7.9304
447.22,101.5,7.9304
448.22,100.5,7.9304
449.23,100.5,7.9304
450.23,192.0,7.9317
451.24,100.5,7.9317
452.25,101.5,7.9317
453.25,100.5,7.9317
454.26,100.5,7.9317
455.26,101.5,7.9317
456.27,102.5,7.9317
457.27,99.5,7.9317
458.28,102.5,7.9317
459.28,102.5,7.9317
460.29,99.5,7.9317
461.29,189.0,8.0914
462.3,102.5,8.0914
463.3,100.5,8.0914
464.31,100.5,8.0914
465.31,100.5,8.0914
466.32,102.5,8.0914
467.32,100.5,8.0914
468.33,101.6,8.0914
469.33,100.5,8.0914
470.34,101.5,8.0914
471.35,100.5,8.0914
472.35,262.6,8.5321
473.36,99.5,8.5321
474.36,101.5,8.5321
475.37,101.6,8.5321
476.37,102.5,8.5321
477.38,100.5,8.5321
478.38,102.5,8.5321
479.39,101.5,8.5321
480.39,101.5,8.5321
481.4,100.5,8.5321
482.4,102.5,8.5321
483.41,106.5,8.5336
484.41,121.4,8.664
485.42,100.5,8.664
486.42,101.5,8.6634
487.43,100.5,8.6634
488.43,101.5,8.6636
489.44,118.4,8.6636
490.44,102.5,8.6636
491.45,100.5,8.6636
492.45,103.5,8.6636
493.46,100.5,8.6636
494.46,100.5,8.6636
495.47,102.5,8.6637
496.47,101.5,8.6637
497.48,99.5,8.6637
498.49,101.5,8.6637
499.49,100.5,8.6637
500.5,100.5,8.6637
501.5,100.5,8.6637
502.51,100.5,8.6637
503.51,99.5,8.6637
504.52,101.5,8.6637
505.52,100.5,8.6637
506.53,100.5,8.6643
507.53,101.5,8.6643
508.54,100.5,8.6643
509.54,102.5,8.6643
510.55,100.5,8.6643
511.55,99.5,8.6643
512.56,103.5,8.6643
513.56,99.5,8.6643
514.57,101.5,8.6643
515.57,99.5,8.6643
516.58,103.5,8.6645
517.58,100.5,8.6645
518.59,99.5,8.6645
519.59,102.5,8.6645
520.6,99.5,8.6645
521.6,101.5,8.6645
522.61,100.5,8.6645
523.61,101.5,8.6645
524.62,101.5,8.6645
525.62,100.5,8.6645
526.63,103.5,8.6648
527.64,102.5,8.6648
528.64,100.5,8.6648
529.65,99.5,8.6648
530.65,102.5,8.6648
531.66,101.5,8.6648
532.66,101.5,8.6648
533.67,102.5,8.6648
534.67,99.4,8.6648
535.68,100.5,8.6648
536.68,100.5,8.6648
537.69,104.6,8.6648
538.69,104.5,8.6648
539.7,99.5,8.6648
540.7,101.5,8.6648
541.7,99.7,8.6648
542.71,101.6,8.6648
543.71,100.4,8.6648
544.72,101.5,8.6648
545.72,100.5,8.6648
546.73,100.5,8.6648
547.73,102.5,8.6651
548.74,100.6,8.6651
549.74,100.5,8.6651
550.75,100.8,8.6658
551.75,103.5,8.6658
552.76,99.5,8.6658
553.76,101.5,8.6658
554.77,100.5,8.6658
555.77,100.4,8.6658
556.78,99.7,8.6658
557.78,101.5,8.6658
558.79,101.5,8.6658
559.79,102.5,8.6658
560.8,99.5,8.6658
561.8,101.5,8.6658
562.81,99.6,8.6658
563.81,101.5,8.6658
564.82,100.5,8.6658
565.82,99.5,8.6658
566.83,101.6,8.6658
567.83,100.7,8.6658
568.83,101.5,8.6658
569.84,101.5,8.666
570.84,99.7,8.666
571.85,101.5,8.666
572.85,101.5,8.666
573.85,99.6,8.666
574.86,99.6,8.666
575.86,101.4,8.666
576.87,99.7,8.666
577.87,100.5,8.666
578.88,101.5,8.666
579.88,102.5,8.666
580.89,101.5,8.666
581.89,101.5,8.666
582.9,100.5,8.666
583.9,100.5,8.6662
584.91,100.6,8.6662
585.91,100.6,8.6662
586.92,100.5,8.6662
587.92,100.5,8.6662
588.93,100.5,8.6662
589.93,101.5,8.6662
590.94,103.5,8.6665
591.94,101.5,8.6665
592.95,100.5,8.6665
593.95,100.5,8.6665
594.96,101.5,8.6665
595.96,101.5,8.6665
596.97,99.5,8.6665
597.97,101.5,8.6665
598.98,100.5,8.6665
599.98,100.7,8.6665
600.99,100.5,8.6665
601.99,101.5,8.6665
603.0,100.5,8.6665
604.0,101.5,8.6665
605.01,103.6,8.6665
606.01,99.5,8.6665
607.02,101.5,8.6665
608.02,99.5,8.6665
609.03,101.5,8.6665
610.03,100.5,8.6665
611.04,100.5,8.6665
612.04,101.5,8.6667
613.05,101.5,8.667
614.05,101.5,8.667
615.06,100.5,8.667
616.06,100.5,8.667
617.07,100.5,8.667
618.07,101.5,8.667
619.08,100.5,8.667
620.08,101.5,8.667
621.09,99.5,8.667
622.09,101.5,8.667
623.1,101.5,8.667
624.1,102.5,8.667
625.11,100.5,8.667
626.11,100.5,8.667
627.12,101.5,8.667
628.12,100.6,8.667
629.13,101.5,8.667
630.13,101.5,8.667
631.14,99.5,8.667
632.14,100.5,8.667
633.15,100.5,8.667
634.16,100.5,8.667
635.16,101.5,8.667
636.17,101.5,8.6672
637.17,100.5,8.6674
638.18,102.5,8.6674
639.18,99.5,8.6674
640.19,100.5,8.6674
641.19,105.5,8.6676
642.2,101.5,8.6667
643.2,99.5,8.6667
644.21,101.5,8.6667
645.21,100.5,8.6667
646.22,101.5,8.6667
647.22,100.5,8.6667
648.23,101.5,8.6668
649.23,100.5,8.6668
650.24,102.5,8.6668
651.24,101.5,8.6668
652.25,100.5,8.6668
653.25,100.5,8.6668
654.26,101.5,8.6668
655.26,99.5,8.6668
656.27,100.5,8.6668
657.27,100.5,8.6668
658.28,101.5,8.6668
659.28,101.5,8.6669
660.29,99.5,8.6669
661.29,102.5,8.6669
662.3,102.5,8.6669
663.3,99.5,8.6669
664.31,101.6,8.6669
665.31,100.5,8.6669
666.32,100.5,8.6669
667.32,101.5,8.6669
668.33,100.5,8.6669
669.33,100.5,8.6669
670.34,100.5,8.6674
671.34,104.5,8.7456
672.35,102.5,8.7456
673.35,101.5,8.7456
674.36,100.5,8.7456
675.36,101.5,1.5933
676.37,264.3,1.8421
677.37,319.3,2.1792
678.38,302.4,2.5311
679.38,347.6,2.6504
680.39,354.8,2.8611
681.39,323.5,3.0485
682.39,318.4,3.2594
683.4,292.4,3.4787
684.4,308.6,3.692
685.41,310.3,3.8994
686.41,292.5,4.1339
687.42,285.7,4.3966
688.42,310.3,4.7127
689.43,302.4,5.0274
690.43,270.8,5.3142
691.44,310.5,5.5631
692.44,305.4,5.7698
693.45,301.4,5.9654
694.45,297.4,6.1669
695.46,273.1,6.4151
696.46,287.2,6.8128
697.46,204.1,6.9856
698.47,154.6,6.9859
699.47,163.2,6.9859
700.48,142.2,6.9859
701.48,154.3,7.0859
702.49,165.2,7.0859
703.49,132.6,7.0859
704.49,133.4,7.0859
705.5,122.4,7.0861
706.5,157.2,7.0862
707.51,104.5,7.0862
708.51,130.3,7.0862
709.52,105.4,7.0862
710.53,108.4,7.0862
711.53,130.3,7.0862
712.54,121.4,7.0862
713.54,130.3,7.0862
714.55,101.5,7.0862
715.55,184.4,7.4847
716.55,123.4,7.6261
717.56,103.5,7.6263
718.57,120.4,7.6263
719.57,137.3,7.6263
720.58,102.5,7.6263
721.58,319.4,7.6267
722.59,267.7,7.6274
723.59,210.1,7.6275
724.6,254.7,7.6381
725.6,108.4,7.6324
726.61,101.5,7.6324
727.61,103.5,7.6324
728.62,202.9,7.8425
729.62,100.5,7.8425
730.63,102.5,7.8425
731.63,107.5,7.8425
732.64,101.5,7.8427
733.64,100.5,7.8427
734.65,100.5,7.8427
735.65,100.5,7.8427
736.66,102.5,7.8428
737.66,100.5,7.8428
738.67,101.5,7.8428
739.67,102.5,7.8428
740.68,181.0,7.9091
741.68,99.5,7.9091
742.69,101.5,7.9091
743.69,101.5,7.9091
744.7,99.6,7.9091
745.7,103.5,7.9091
746.71,101.5,7.9091
747.72,104.4,7.9091
748.72,100.5,7.9091
749.73,104.5,7.9092
750.73,99.5,7.9092
751.74,195.0,7.9115
752.74,101.5,7.9115
753.75,121.5,7.9118
754.75,100.5,7.9118
755.76,100.5,7.9118
756.76,103.5,7.9118
757.77,99.5,7.9118
758.77,100.5,7.9118
759.78,102.5,7.9118
760.78,100.5,7.9118
761.79,102.5,7.9118
762.79,184.1,8.0727
763.8,100.5,8.0727
764.8,100.5,8.0727
765.81,101.5,8.0727
766.81,100.5,8.0727
767.82,101.5,8.0727
768.82,99.5,8.0727
769.83,102.5,8.0727
770.83,100.5,8.0727
771.84,100.5,8.0727
772.85,101.5,8.0727
773.85,257.7,8.5163
774.86,100.5,8.5163
775.86,101.5,8.5163
776.87,100.5,8.5163
777.87,99.5,8.5163
778.88,101.5,8.5163
779.88,101.5,8.5163
780.89,100.5,8.5163
781.89,101.5,8.5163
782.9,100.5,8.5163
783.9,101.5,8.5163
784.91,124.4,8.6444
785.91,100.5,8.6444
786.92,101.5,8.6444
787.92,100.5,8.6444
788.93,100.5,8.6444
789.93,99.5,8.6444
790.94,101.6,8.6444
791.94,101.5,8.6444
792.95,102.5,8.6444
793.95,100.5,8.6444
794.96,101.5,8.6444
795.96,99.5,8.6444
796.97,103.5,8.6458
797.97,101.5,8.6458
798.98,99.5,8.6458
799.98,101.5,8.6458
800.99,99.5,8.6458
801.99,103.6,8.6458
803.0,117.6,8.6458
804.0,277.7,1.5841
805.01,2.0,1.6936
806.01,331.2,1.9495
807.02,304.4,2.3069
808.02,310.3,2.5554
809.02,351.9,2.7527
810.03,337.8,2.8939
811.03,314.4,3.0471
812.03,310.0,3.213
813.04,308.4,3.4343
814.04,311.4,3.6505
815.05,304.4,3.8657
816.06,303.4,4.0944
817.06,301.5,4.311
818.07,311.4,4.5801
819.07,301.4,4.9164
820.08,303.4,5.1569
821.08,311.3,5.4898
822.09,303.4,5.7234
823.09,305.5,5.9837
824.1,305.4,6.2077
825.1,304.4,6.4488
826.11,322.0,6.8449
827.11,295.5,6.9866
828.12,288.5,6.9866
829.12,300.4,6.9869
830.13,195.1,7.0869
831.13,141.3,7.0869
832.14,130.3,7.0869
833.14,136.3,7.0869
834.15,166.1,7.0869
835.15,146.2,7.077
836.16,125.3,7.077
837.16,114.4,7.077
838.17,119.4,7.077
839.17,124.3,7.077
840.18,119.4,7.077
841.18,125.4,7.077
842.19,157.2,7.077
843.19,109.4,7.077
844.2,209.9,7.6137
845.2,112.4,7.6139
846.21,116.4,7.6139
847.21,110.4,7.6139
848.22,122.4,7.6139
849.22,216.3,7.6142
850.23,203.0,7.6143
851.23,101.5,7.6143
852.24,131.3,7.6143
853.24,205.0,7.6163
854.25,120.4,7.6165
855.25,101.5,7.6165
856.26,102.5,7.6165
857.26,101.6,7.6165
858.27,100.5,7.6165
859.27,116.4,7.6165
860.28,100.5,7.6165
861.28,100.5,7.6165
862.29,102.5,7.6165
863.29,102.5,7.6165
864.3,100.5,7.6165
865.3,101.5,7.6165
866.31,100.5,7.6165
867.32,101.5,7.6166
868.32,101.5,7.6166
869.33,100.5,7.6166
870.33,100.5,7.6166
871.34,100.6,7.6166
872.34,101.5,7.6166
873.35,101.5,7.6166
874.35,100.5,7.6166
875.36,101.5,7.6166
876.36,101.5,7.6166
877.37,102.5,7.6166
878.37,99.5,7.6166
879.38,100.5,7.6166
880.38,101.5,7.6166
881.39,101.5,7.6167
882.39,101.5,7.6167
883.4,101.5,7.6167
884.4,101.5,7.6167
885.41,101.5,7.6167
886.41,100.5,7.6167
887.42,111.4,7.6167
888.42,99.5,7.6167
889.43,101.5,7.6167
890.44,213.9,7.8268
891.44,100.5,7.8268
892.45,101.5,7.8268
893.45,102.5,7.8268
894.46,100.5,7.8268
895.46,101.5,7.8268
896.47,101.5,7.8268
897.47,100.5,7.8268
898.48,100.5,7.8268
899.48,100.5,7.8268
900.49,102.5,7.8268
901.49,100.5,7.8268
902.5,100.5,7.8268
903.5,101.6,7.8268
904.51,101.5,7.8268
905.51,99.5,7.8268
906.52,101.5,7.8268
907.52,100.6,7.8268
908.53,101.5,7.8268
909.53,100.5,7.8268
910.54,99.5,7.8268
911.54,101.5,7.8268
912.55,108.5,7.8268
913.55,99.6,7.8268
914.56,100.5,7.8268
915.56,100.5,7.8268
916.57,101.5,7.8268
917.57,100.5,7.8268
918.58,100.5,7.8268
919.58,100.5,7.8268
920.59,100.5,7.8268
921.59,101.5,7.8268
922.6,99.5,7.8268
923.6,99.5,7.8268
924.61,100.5,7.8268
925.61,100.5,7.8268
926.62,101.5,7.8268
927.62,101.5,7.8268
928.63,99.7,7.8268
929.63,101.5,7.8268
930.64,101.5,7.8268
931.64,102.5,7.8268
932.65,101.5,7.8268
933.65,100.5,7.8268
934.66,100.5,7.8268
935.66,100.4,7.8268
936.67,99.5,7.8268
937.67,100.5,7.8268
938.68,100.5,7.8268
939.68,100.5,7.8268
940.69,101.5,7.8268
941.69,101.5,7.8268
942.7,101.5,7.8268
943.7,101.5,7.8268
944.71,100.5,7.8268
945.71,100.5,7.8268
946.72,100.5,7.8268
947.72,101.5,7.8268
948.73,100.5,7.8268
949.73,101.5,7.8268
950.74,100.5,7.8268
951.74,100.5,7.8268
952.75,100.5,7.8268
953.75,101.5,7.8268
954.76,99.5,7.8268
955.76,100.5,7.8268
956.77,100.5,7.8268
957.77,100.5,7.8268
958.78,99.5,7.8268
959.78,99.5,7.8268
960.79,102.5,7.8268
961.79,100.5,7.8268
962.8,104.3,7.8268
963.8,100.5,7.8268
964.81,99.6,7.8268
965.81,104.5,7.8268
966.82,100.5,7.8268
967.82,99.5,7.8268
968.83,101.5,7.8268
969.83,100.5,7.8268
970.84,101.5,7.8268
971.84,99.5,7.8268
972.85,101.5,7.8268
973.85,101.5,7.8268
974.86,100.5,7.8268
975.86,100.5,7.8268
976.87,100.5,7.8268
977.87,101.5,7.8268
978.88,100.6,7.8268
979.88,101.5,7.8268
980.89,99.5,7.8268
981.89,101.5,7.8268
982.9,100.5,7.8268
983.9,100.5,7.8268
984.91,101.5,7.8268
985.91,99.5,7.8268
986.92,100.5,7.8268
987.92,102.5,7.8268
988.93,100.5,7.8268
989.93,100.5,7.8268
990.94,99.5,7.8268
991.94,102.5,7.8268
992.95,99.5,7.8268
993.95,101.5,7.8268
994.96,100.6,7.8268
995.96,99.5,7.8268
996.97,101.5,7.8268
997.97,99.5,7.8268
998.98,102.5,7.8268
999.98,100.5,7.8268
1000.99,100.5,7.8268
1001.99,100.5,7.8268
1003.0,101.5,7.8268
1004.01,100.5,7.8268
1005.01,100.5,7.8268
1006.02,100.5,7.8268
1007.02,101.5,7.8268
1008.03,100.5,7.8268
1009.03,100.5,7.8268
1010.04,101.5,7.8271
1011.04,100.5,7.8271
1012.05,101.5,7.8271
1013.05,105.5,7.8271
1014.06,101.5,7.8271
1015.06,99.5,7.8271
1016.07,102.5,7.8271
1017.07,99.5,7.8271
1018.08,100.5,7.8271
1019.08,102.5,7.8272
1020.09,101.6,7.8272
1021.09,100.5,7.8272
1022.1,100.5,7.8272
1023.1,101.5,7.8272
1024.11,99.5,7.8272
1025.11,105.5,7.8272
1026.12,99.5,7.8272
1027.12,101.5,7.8272
1028.13,101.5,7.8272
1029.13,99.5,7.8272
1030.14,101.5,7.8272
1031.14,99.5,7.8272
1032.15,101.5,7.8272
1033.15,118.4,7.8272
1034.16,101.5,7.8272
1035.16,100.5,7.8272
1036.17,101.5,7.8272
1037.17,100.5,7.8272
1038.18,99.5,7.8272
1039.18,99.5,7.8272
1040.19,102.5,7.8272
1041.19,100.5,7.8272
1042.2,100.5,7.8272
1043.2,100.5,7.8272
1044.21,101.5,7.8272
1045.21,100.3,7.8272
1046.22,101.5,7.8272
1047.22,100.5,7.8272
1048.23,196.0,7.8994
1049.23,101.5,7.8994
1050.24,100.5,7.8994
1051.24,100.5,7.8994
1052.25,101.5,7.8994
1053.25,101.5,7.8994
1054.26,100.5,7.8994
1055.26,101.5,7.8994
1056.27,100.5,7.8994
1057.27,100.5,7.8994
1058.28,101.5,7.8994
1059.28,100.5,7.8994
1060.29,100.5,7.8994
1061.29,101.5,7.8994
1062.3,101.6,7.8994
1063.3,99.5,7.8994
1064.31,99.5,7.8994
1065.31,101.5,7.8994
1066.32,101.5,7.8994
1067.32,100.5,7.8994
1068.33,100.5,7.8994
1069.33,99.5,7.8994
1070.34,101.5,7.8994
1071.34,100.5,7.8994
1072.35,101.5,7.8994
1073.35,99.5,7.8994
1074.36,101.5,7.8994
1075.36,99.5,7.8994
1076.37,101.5,7.8994
1077.37,100.5,7.8994
1078.38,100.5,7.8994
1079.39,102.5,7.8994
1080.39,100.5,7.8994
1081.4,100.5,7.8994
1082.4,121.4,7.8994
1083.41,102.5,7.8994
1084.41,100.5,7.8994
1085.42,99.5,7.8994
1086.42,101.5,7.8994
1087.43,101.5,7.8994
1088.43,100.5,7.8994
1089.44,101.5,7.8994
1090.44,100.5,7.8994
1091.45,101.5,7.8994
1092.45,101.5,7.8994
1093.46,99.5,7.8994
1094.46,100.5,7.8994
1095.47,101.5,7.8994
1096.47,99.5,7.8994
1097.48,101.5,7.8994
1098.48,101.5,7.8994
1099.49,100.5,7.8994
1100.49,100.5,7.8994
1101.5,102.5,7.8994
1102.5,100.5,7.8994
1103.51,101.5,7.8994
1104.51,100.5,7.8994
1105.52,3.0,1.7752
1106.52,327.3,2.2179
1107.52,281.2,2.5367
1108.53,361.5,2.7484
1109.53,343.2,2.933
1110.54,319.4,3.1229
1111.54,318.0,3.3315
1112.55,307.4,3.5004
1113.55,310.3,3.6939
1114.56,303.4,3.8884
1115.56,291.4,4.1186
1116.57,271.6,4.3733
1117.57,310.3,4.6585
1118.58,301.4,4.9792
1119.58,296.4,5.2514
1120.59,311.4,5.5317
1121.59,307.4,5.7762
1122.6,305.6,6.0457
1123.6,302.4,6.2743
1124.61,304.6,6.5009
1125.61,324.2,6.9335
1126.62,310.4,6.985
1127.62,293.6,6.9856
1128.63,227.3,7.029
1129.63,176.1,7.0859
1130.64,143.3,7.0866
1131.64,144.2,7.0867
1132.65,141.4,7.0867
1133.65,163.1,7.0867
1134.66,138.3,7.087
1135.66,124.3,7.087
1136.67,113.4,7.087
1137.67,124.7,7.087
1138.68,109.4,7.087
1139.68,117.5,7.087
1140.68,133.6,7.087
1141.69,104.5,7.087
1142.69,139.6,7.2549
1143.7,164.3,7.6284
1144.7,109.4,7.6285
1145.71,108.4,7.6285
1146.71,140.3,7.6285
1147.72,163.1,7.6286
1148.72,242.7,7.629
1149.73,120.4,7.629
1150.73,110.5,7.629
1151.74,192.0,7.629
1152.74,139.3,7.6329
1153.75,101.5,7.6329
1154.75,102.5,7.6329
1155.76,100.5,7.6243
1156.76,100.5,7.6243
1157.77,101.5,7.6243
1158.77,119.4,7.6243
1159.78,101.5,7.6243
1160.79,100.5,7.6243
1161.79,104.5,7.6243
1162.8,100.5,7.6243
1163.8,99.5,7.6243
1164.81,101.5,7.6243
1165.81,101.5,7.6243
1166.82,99.5,7.6243
1167.82,101.5,7.6243
1168.83,100.5,7.6243
1169.83,100.5,7.6243
1170.84,100.5,7.6243
1171.84,100.5,7.6243
1172.85,101.5,7.6243
1173.85,101.5,7.6243
1174.86,99.5,7.6243
1175.87,102.5,7.6243
1176.87,102.5,7.6243
1177.88,99.5,7.6243
1178.88,101.5,7.6243
1179.89,101.5,7.6243
1180.89,100.5,7.6243
1181.9,99.5,7.6243
1182.9,102.6,7.6243
1183.91,100.5,7.6243
1184.91,101.5,7.6243
1185.91,111.7,7.6243
1186.92,100.5,7.6243
1187.93,100.5,7.6243
1188.93,99.7,7.6243
1189.93,102.5,7.6243
1190.94,101.5,7.6243
1191.94,211.9,7.8344
1192.95,101.5,7.8344
1193.95,99.5,7.8344
1194.96,101.5,7.8344
1195.96,100.5,7.8344
1196.97,101.5,7.8344
1197.98,100.5,7.8344
1198.98,100.5,7.8344
1199.99,101.5,7.8344
1200.99,99.5,7.8344
1202.0,101.5,7.8344
1203.0,103.5,7.8344
1204.01,99.5,7.8344
1205.01,102.5,7.8344
1206.02,99.5,7.8344
1207.02,100.6,7.8345
1208.03,102.5,7.8345
1209.03,100.5,7.8345
1210.04,99.5,7.8345
1211.04,107.5,7.8345
1212.05,99.5,7.8345
1213.05,101.7,7.8345
1214.05,100.5,7.8345
1215.06,100.5,7.8345
1216.07,101.5,7.8345
1217.07,100.5,7.8345
1218.08,101.5,7.8345
1219.08,100.5,7.8345
1220.09,100.5,7.8345
1221.09,100.5,7.8345
1222.1,100.5,7.8345
1223.1,100.5,7.8345
1224.11,102.5,7.8345
1225.11,100.5,7.8345
1226.12,100.5,7.8345
1227.12,99.5,7.8345
1228.13,102.5,7.8345
1229.13,100.5,7.8345
1230.14,99.5,7.8345
1231.14,101.5,7.8345
1232.15,100.5,7.8345
1233.15,100.5,7.8345
1234.16,99.5,7.8345
1235.16,100.6,7.8345
1236.17,100.5,7.8345
1237.17,101.5,7.8345
1238.18,101.5,7.8345
1239.18,100.5,7.8345
1240.19,100.5,7.8345
1241.19,100.5,7.8345
1242.2,101.5,7.8345
1243.2,100.5,7.8345
1244.21,100.5,7.8345
1245.21,103.5,7.8345
1246.22,99.5,7.8345
1247.22,101.5,7.8345
1248.23,100.5,7.8345
1249.23,100.5,7.8345
1250.24,99.5,7.8345
1251.24,102.5,7.8345
1252.25,101.5,7.8345
1253.25,99.5,7.8345
1254.26,101.6,7.8345
1255.26,100.5,7.8345
1256.27,100.5,7.8345
1257.27,101.5,7.8345
1258.28,102.5,7.8345
1259.28,100.5,7.8345
1260.29,100.5,7.8345
1261.29,103.5,7.8345
1262.3,100.5,7.8345
1263.3,101.5,7.8345
1264.31,102.5,7.8345
1265.31,99.5,7.8345
1266.32,101.5,7.8345
1267.32,101.5,7.8345
1268.33,100.5,7.8345
1269.33,100.5,7.8345
1270.34,100.5,7.8345
1271.34,101.5,7.8345
1272.35,101.5,7.8345
1273.35,101.5,7.8345
1274.36,100.5,7.8345
1275.36,100.5,7.8345
1276.37,100.5,7.8345
1277.37,101.5,7.8345
1278.38,100.5,7.8345
1279.38,101.5,7.8345
1280.39,99.5,7.8345
1281.39,101.5,7.8345
1282.4,100.5,7.8345
1283.4,100.5,7.8345
1284.41,99.5,7.8345
1285.41,102.6,7.8345
1286.42,101.5,7.8345
1287.42,100.5,7.8345
1288.43,101.5,7.8345
1289.43,100.5,7.8345
1290.44,100.5,7.8345
1291.44,100.5,7.8345
1292.45,100.5,7.8345
1293.45,101.5,7.8345
1294.46,100.5,7.8345
1295.46,102.5,7.8345
1296.47,99.5,7.8345
1297.47,102.5,7.8345
1298.48,98.5,7.8345
1299.48,100.5,7.8345
1300.49,102.5,7.8345
1301.49,101.5,7.8345
1302.5,99.5,7.8345
1303.5,100.5,7.8345
1304.51,101.5,7.8345
1305.51,100.5,7.8345
1306.52,101.5,7.8345
1307.52,100.5,7.8345
1308.53,101.5,7.8345
1309.53,100.5,7.8345
1310.54,105.5,7.8345
1311.54,101.5,7.8345
1312.55,101.5,7.8345
1313.55,100.5,7.8345
1314.56,100.5,7.8345
1315.56,100.5,7.8345
1316.57,100.5,7.8345
1317.58,99.5,7.8345
1318.58,101.5,7.8345
1319.59,100.5,7.8345
1320.59,102.5,7.8345
1321.6,99.5,7.8345
1322.6,100.5,7.8345
1323.61,102.5,7.8345
1324.61,100.5,7.8345
1325.62,99.5,7.8345
1326.62,102.5,7.8345
1327.63,100.5,7.8345
1328.63,100.5,7.8345
1329.64,101.5,7.8345
1330.64,120.5,7.8345
1331.64,99.5,7.8345
1332.65,102.5,7.8346
1333.65,99.5,7.8346
1334.66,99.5,7.8346
1335.66,101.5,7.8346
1336.67,101.5,7.8346
1337.68,99.5,7.8346
1338.68,101.5,7.8346
1339.69,99.5,7.8346
1340.69,101.6,7.8346
1341.69,100.5,7.8346
1342.7,101.6,7.8346
1343.7,101.5,7.8346
1344.71,101.5,7.8346
1345.71,99.5,7.8346
1346.72,100.5,7.8346
1347.72,100.5,7.8346
1348.73,100.5,7.8346
1349.73,100.5,7.8346
1350.74,99.5,7.8346
1351.74,101.5,7.8346
1352.75,162.6,7.8359
1353.75,135.3,7.9026
1354.76,100.5,7.9026
1355.76,101.5,7.9026
1356.77,101.6,7.9026
1357.77,99.5,7.9026
1358.78,101.5,7.9026
1359.78,99.5,7.9026
1360.79,104.5,7.9026
1361.79,98.5,7.9026
1362.8,101.5,7.9026
1363.8,99.5,7.9026
1364.81,100.5,7.9026
1365.81,101.5,7.9026
1366.81,100.7,7.9026
1367.82,100.5,7.9026
1368.82,100.5,7.9026
1369.83,101.5,7.9026
1370.83,100.5,7.9026
1371.84,100.5,7.9026
1372.84,100.6,7.9026
1373.85,100.5,7.9026
1374.85,101.5,7.9026
1375.86,99.5,7.9026
1376.86,101.5,7.9026
1377.87,99.5,7.9026
1378.87,100.5,7.9026
1379.88,123.4,7.9026
1380.88,101.5,7.9026
1381.89,102.5,7.9026
1382.89,100.5,7.9026
1383.9,100.5,7.9026
1384.9,100.5,7.9026
1385.91,100.5,7.9026
1386.91,101.5,7.9026
1387.92,100.5,7.9026
1388.92,100.5,7.9026
1389.93,100.5,7.9026
1390.93,100.5,7.9026
1391.94,100.5,7.9026
1392.94,99.6,7.9026
1393.95,102.5,7.9026
1394.95,101.5,7.9026
1395.96,99.5,7.9026
1396.96,100.5,7.9026
1397.97,101.5,7.9026
1398.97,101.5,7.9026
1399.98,99.5,7.9026
1400.99,100.5,7.9026
1401.99,101.5,7.9026
1403.0,101.5,7.9026
1404.0,101.5,7.9026
1405.01,1316.9,1.6907
1406.01,319.3,1.9196
1407.02,311.5,2.2717
1408.02,322.1,2.5661
1409.02,368.9,2.8018
1410.02,334.0,2.9906
1411.03,301.7,3.2037
1412.03,298.4,3.4308
1413.04,309.4,3.6527
1414.05,309.4,3.863
1415.05,310.3,4.1003
1416.05,282.8,4.3689
1417.06,311.3,4.6621
1418.07,303.4,4.9972
1419.07,290.4,5.2929
1420.08,308.6,5.5577
1421.08,303.4,5.8078
1422.09,304.4,6.0709
1423.09,304.5,6.2939
1424.1,272.6,6.5327
1425.1,230.8,6.9292
1426.11,163.0,6.9292
1427.11,167.1,6.9292
1428.12,191.0,6.9292
1429.12,147.2,7.0292
1430.13,153.2,7.0292
1431.13,134.3,7.0292
1432.14,172.1,7.0294
1433.15,124.3,7.0294
1434.15,144.3,7.0296
1435.16,130.3,7.0297
1436.16,117.4,7.0297
1437.17,116.5,7.0297
1438.17,106.4,7.0297
1439.18,107.4,7.0297
1440.18,136.3,7.0297
1441.19,138.3,7.0298
1442.19,102.5,7.0298
1443.2,202.9,7.5363
1444.2,102.5,7.6186
1445.21,103.5,7.6186
1446.21,132.5,7.6186
1447.22,142.3,7.6186
1448.22,137.3,7.6186
1449.23,323.3,7.619
1450.23,198.1,7.6207
1451.24,135.3,7.6207
1452.24,175.2,7.6207
1453.25,101.5,7.6207
1454.25,101.5,7.6207
1455.26,100.5,7.6207
1456.26,102.5,7.6207
1457.27,102.5,7.6207
1458.27,100.5,7.6207
1459.28,101.5,7.6207
1460.28,100.5,7.6207
1461.29,102.5,7.6207
1462.29,101.5,7.6207
1463.3,102.5,7.6207
1464.3,100.5,7.6207
1465.31,100.5,7.6207
1466.31,100.5,7.6207
1467.32,101.5,7.6207
1468.32,102.5,7.6207
1469.33,100.5,7.6207
1470.33,100.5,7.6207
1471.34,100.5,7.6207
1472.35,101.5,7.6207
1473.35,100.5,7.6207
1474.36,100.5,7.6207
1475.36,102.5,7.6207
1476.37,101.4,7.6207
1477.37,99.5,7.6207
1478.38,101.5,7.6207
1479.38,101.5,7.6207
1480.39,99.5,7.6207
1481.39,101.5,7.6207
1482.4,101.5,7.6207
1483.4,100.5,7.6207
1484.41,101.5,7.6207
1485.41,101.5,7.6207
1486.42,100.5,7.6207
1487.42,100.5,7.6207
1488.43,99.5,7.6207
1489.44,100.5,7.6207
1490.44,101.5,7.6207
1491.45,100.5,7.6207
1492.45,101.5,7.6207
1493.46,212.0,7.8314
1494.46,102.5,7.8314
1495.47,101.5,7.8314
1496.47,100.5,7.8314
1497.48,101.5,7.8314
1498.48,101.5,7.8314
1499.49,99.5,7.8314
1500.49,101.5,7.8314
1501.5,101.5,7.8314
1502.5,99.5,7.8314
1503.51,101.5,7.8314
1504.51,100.5,7.8314
1505.52,102.5,7.8314
1506.52,99.5,7.8314
1507.53,101.5,7.8314
1508.53,102.5,7.8314
1509.54,101.5,7.8314
1510.54,99.5,7.8314
1511.55,100.5,7.8314
1512.55,100.5,7.8314
1513.56,101.5,7.8314
1514.56,100.5,7.8314
1515.57,100.5,7.8314
1516.57,102.5,7.8314
1517.58,101.5,7.8314
1518.58,100.5,7.8314
1519.59,100.5,7.8314
1520.59,101.5,7.8314
1521.6,100.5,7.8314
1522.6,100.5,7.8314
1523.61,100.5,7.8314
1524.61,100.5,7.8314
1525.62,100.5,7.8314
1526.62,99.5,7.8314
1527.63,100.5,7.8314
1528.63,100.5,7.8314
1529.64,101.5,7.8314
1530.64,100.5,7.8314
1531.65,101.5,7.8314
1532.66,102.5,7.8314
1533.66,100.5,7.8314
1534.67,100.5,7.8314
1535.67,102.5,7.8314
1536.68,100.5,7.8314
1537.68,100.5,7.8314
1538.69,100.5,7.8314
1539.69,102.5,7.8314
1540.7,99.5,7.8314
1541.7,101.5,7.8314
1542.71,100.5,7.8314
1543.71,100.5,7.8314
1544.72,101.5,7.8314
1545.72,100.5,7.8314
1546.73,100.5,7.8314
1547.73,100.5,7.8314
1548.74,102.5,7.8314
1549.74,100.5,7.8314
1550.75,100.5,7.8314
1551.75,99.5,7.8314
1552.76,101.5,7.8314
1553.76,99.5,7.8314
1554.77,101.5,7.8314
1555.77,100.5,7.8314
1556.78,99.5,7.8314
1557.78,101.5,7.8314
1558.79,101.5,7.8314
1559.79,99.5,7.8314
1560.8,101.5,7.8314
1561.8,101.5,7.8314
1562.81,101.5,7.8314
1563.81,101.5,7.8315
1564.82,99.5,7.8315
1565.82,102.5,7.8315
1566.83,99.5,7.8315
1567.83,100.5,7.8315
1568.84,101.5,7.8315
1569.84,100.5,7.8315
1570.85,100.7,7.8315
1571.85,99.5,7.8315
1572.85,102.7,7.8315
1573.86,99.7,7.8315
1574.86,100.5,7.8315
1575.87,102.5,7.8315
1576.87,100.5,7.8315
1577.88,99.5,7.8315
1578.88,101.5,7.8315
1579.89,101.5,7.8315
1580.89,100.7,7.8315
1581.89,100.5,7.8315
1582.9,99.5,7.8315
1583.9,100.5,7.8315
1584.91,102.5,7.8315
1585.91,101.5,7.8317
1586.92,99.5,7.8317
1587.92,101.5,7.8317
1588.93,99.6,7.8317
1589.93,100.6,7.8317
1590.94,101.5,7.8317
1591.94,99.5,7.8317
1592.95,101.6,7.8317
1593.95,98.5,7.8317
1594.96,102.6,7.8317
1595.96,101.5,7.8317
1596.97,100.5,7.8317
1597.97,100.5,7.8317
1598.98,100.5,7.8317
1599.98,101.5,7.8317
1600.99,101.5,7.8317
1601.99,99.5,7.8317
1603.0,101.6,7.8317
1604.0,100.5,7.8317
1605.01,99.5,7.8317
1606.01,101.5,7.8317
1607.02,102.6,7.8317
1608.02,102.5,7.8317
1609.03,101.5,7.8317
1610.03,100.5,7.8317
1611.04,101.5,7.8317
1612.04,100.5,7.8317
1613.05,100.5,7.8317
1614.05,100.5,7.8317
1615.06,101.5,7.8317
1616.06,101.5,7.8317
1617.07,100.5,7.8317
1618.07,100.6,7.8317
1619.08,99.5,7.8317
1620.08,102.5,7.8317
1621.09,101.5,7.8317
1622.09,99.5,7.8317
1623.1,100.5,7.8317
1624.1,101.5,7.8317
1625.11,101.6,7.8317
1626.11,100.5,7.8317
1627.12,99.5,7.8317
1628.12,101.5,7.8317
1629.13,100.5,7.8317
1630.13,101.5,7.8317
1631.14,99.5,7.8317
1632.14,101.5,7.8317
1633.15,100.5,7.8317
1634.15,100.5,7.8317
1635.16,101.5,7.8317
1636.16,100.5,7.8317
1637.17,100.5,7.8317
1638.17,100.5,7.8317
1639.18,100.5,7.8317
1640.18,103.5,7.8317
1641.19,99.5,7.8317
1642.19,100.5,7.8317
1643.2,101.5,7.8317
1644.2,100.5,7.8317
1645.21,99.5,7.8317
1646.21,99.5,7.8317
1647.22,101.5,7.8317
1648.22,101.5,7.8317
1649.23,99.5,7.8317
1650.23,100.5,7.8317
1651.24,100.5,7.8317
1652.24,101.5,7.8317
1653.25,100.5,7.8317
1654.25,100.5,7.8317
1655.26,100.5,7.8317
1656.26,99.5,7.8317
1657.27,102.5,7.8317
1658.27,100.5,7.8317
1659.28,100.5,7.8317
1660.28,100.5,7.8317
1661.29,100.5,7.8317
1662.29,101.5,7.8317
1663.3,100.5,7.8317
1664.3,99.5,7.8317
1665.31,101.5,7.8317
1666.31,102.5,7.8317
1667.32,99.5,7.8317
1668.33,199.0,7.9025
1669.33,102.5,7.9025
1670.34,101.5,7.9025
1671.34,99.5,7.9025
1672.35,101.5,7.9025
1673.35,100.5,7.9025
1674.36,100.5,7.9025
1675.36,99.5,7.9025
1676.37,100.5,7.9025
1677.37,101.5,7.9025
1678.38,100.5,7.9025
1679.38,99.5,7.9025
1680.39,100.5,7.9025
1681.39,102.5,7.9025
1682.4,100.5,7.9025
1683.4,99.5,7.9025
1684.41,101.5,7.9025
1685.41,99.5,7.9025
1686.42,101.5,7.9025
1687.42,100.5,7.9025
1688.43,99.5,7.9025
1689.43,101.5,7.9025
1690.44,100.5,7.9025
1691.44,102.5,7.9025
1692.45,101.5,7.9025
1693.45,101.5,7.9025
1694.46,99.5,7.9025
1695.46,100.5,7.9025
1696.47,100.5,7.9025
1697.47,101.5,7.9025
1698.48,100.5,7.9025
1699.48,98.5,7.9025
1700.49,101.5,7.9025
1701.49,103.5,7.9025
1702.5,100.5,7.9025
1703.5,100.5,7.9025
1704.51,100.5,7.9025
1705.51,4.0,1.7653
1706.51,330.0,2.1217
1707.52,304.4,2.521
1708.52,343.0,2.6934
1709.53,350.4,2.8795
1710.53,327.4,3.029
1711.54,295.4,3.1827
1712.54,314.3,3.3832
1713.55,307.5,3.5865
1714.55,309.3,3.8157
1715.56,303.7,4.0264
1716.56,287.5,4.3006
1717.57,309.4,4.5447
1718.57,303.6,4.8948
1719.58,302.6,5.1609
1720.58,308.4,5.4962
1721.59,310.4,5.7568
1722.59,273.5,5.9957
1723.6,173.1,6.1861
1724.6,147.2,6.3582
1725.61,140.6,6.5478
1726.61,206.9,6.9455
1727.62,169.1,6.9826
1728.62,209.9,7.0826
1729.63,127.3,7.0826
1730.63,143.3,7.0744
1731.64,113.4,7.0744
1732.64,136.3,7.0744
1733.65,138.3,7.0744
1734.65,126.3,7.0747
1735.66,126.3,7.0747
1736.66,123.3,7.0747
1737.67,103.5,7.0747
1738.67,102.5,7.0747
1739.68,126.7,7.0747
1740.68,115.4,7.0747
1741.69,131.3,7.0747
1742.69,101.5,7.0747
1743.7,123.6,7.1355
1744.7,185.1,7.6164
1745.71,102.5,7.6165
1746.71,132.3,7.6165
1747.72,123.3,7.6165
1748.72,107.5,7.6165
1749.72,203.5,1.5863
1750.73,3.0,1.8022
1751.73,313.4,2.1435
1752.74,293.5,2.519
1753.74,326.3,2.672
1754.75,353.5,2.8498
1755.75,331.3,3.0273
1756.76,296.5,3.2199
1757.76,314.3,3.4317
1758.77,310.3,3.6368
1759.77,306.4,3.8223
1760.78,309.3,4.0025
1761.78,269.8,4.2793
1762.79,308.6,4.4649
1763.79,304.4,4.7302
1764.8,301.3,4.997
1765.8,215.8,5.1816
1766.81,311.4,5.4846
1767.81,305.3,5.6642
1768.82,302.6,5.8911
1769.82,302.5,6.1046
1770.83,303.5,6.2834
1771.84,302.1,6.4945
1772.84,320.3,6.8373
1773.85,307.5,6.8373
1774.85,303.4,6.8373
1775.86,313.4,6.8373
1776.86,232.4,6.9373
1777.86,219.8,6.9374
1778.87,174.1,7.0052
1779.87,118.4,7.0379
1780.88,145.9,7.038
1781.89,179.0,7.038
1782.89,224.8,7.038
1783.9,127.4,7.038
1784.9,109.4,7.038
1785.91,124.3,7.0324
1786.91,106.5,7.0324
1787.92,123.3,7.0324
1788.92,124.3,7.0324
1789.93,125.3,7.0324
1790.93,125.3,7.0324
1791.94,122.4,7.0324
1792.95,116.4,7.0324
1793.95,209.0,7.6071
1794.96,101.5,7.6163
1795.96,102.5,7.6163
1796.97,103.4,7.6163
1797.97,134.3,7.6163
1798.98,123.4,7.6163
1799.98,277.4,7.6166
1800.98,169.6,7.6166
1801.99,191.1,7.6167
1802.99,208.9,7.6467
1804.0,117.4,7.6433
1805.0,101.6,7.6433
1806.01,101.5,7.621
1807.01,100.5,7.621
1808.02,102.5,7.621
1809.02,99.5,7.621
1810.03,101.5,7.621
1811.03,102.5,7.621
1812.04,100.5,7.621
1813.04,101.5,7.621
1814.05,102.5,7.621
1815.05,109.4,7.621
1816.06,101.5,7.621
1817.06,101.5,7.621
1818.07,101.5,7.621
1819.07,112.4,7.621
1820.08,100.5,7.621
1821.08,101.5,7.621
1822.09,100.5,7.621
1823.09,99.5,7.621
1824.1,102.5,7.621
1825.11,100.5,7.621
1826.11,99.5,7.621
1827.12,103.5,7.621
1828.12,101.5,7.621
1829.13,101.5,7.621
1830.13,100.5,7.621
1831.14,101.5,7.621
1832.14,100.5,7.621
1833.15,100.5,7.621
1834.15,100.5,7.621
1835.16,102.5,7.621
1836.16,100.5,7.621
1837.17,101.5,7.6211
1838.17,100.6,7.6211
1839.18,101.5,7.6211
1840.18,209.9,7.8356
1841.19,102.5,7.8356
1842.19,100.5,7.8356
1843.2,100.5,7.8356
1844.2,100.5,7.8356
1845.21,100.5,7.8356
1846.22,101.5,7.8356
1847.22,100.5,7.8356
1848.23,100.5,7.8356
1849.23,100.5,7.8356
1850.24,99.5,7.8356
1851.24,102.5,7.8356
1852.25,100.5,7.8356
1853.25,101.5,7.8356
1854.26,99.5,7.8356
1855.26,101.5,7.8356
1856.27,99.5,7.8356
1857.27,101.5,7.8356
1858.28,101.5,7.8356
1859.28,99.5,7.8356
1860.29,100.5,7.8356
1861.29,100.5,7.8356
1862.3,103.5,7.8356
1863.3,101.5,7.8356
1864.31,101.5,7.8356
1865.31,99.5,7.8356
1866.32,100.5,7.8356
1867.32,101.5,7.8356
1868.33,99.5,7.8356
1869.33,101.5,7.8356
1870.34,101.5,7.8356
1871.34,99.5,7.8356
1872.35,128.3,7.8356
1873.35,100.5,7.8356
1874.36,100.5,7.8356
1875.36,100.5,7.8356
1876.37,102.5,7.8356
1877.37,99.5,7.8356
1878.38,102.5,7.8356
1879.38,101.5,7.8356
1880.39,100.6,7.8356
1881.39,99.5,7.8356
1882.4,101.5,7.8356
1883.4,99.5,7.8356
1884.41,99.6,7.8356
1885.41,102.5,7.8356
1886.42,102.5,7.8356
1887.42,99.5,7.8356
1888.43,100.5,7.8356
1889.43,100.5,7.8356
1890.44,101.5,7.8356
1891.44,100.5,7.8356
1892.45,100.5,7.8356
1893.45,101.5,7.8356
1894.46,99.5,7.8356
1895.46,101.5,7.8357
1896.47,101.5,7.8357
1897.47,99.5,7.8357
1898.48,100.5,7.8357
1899.48,101.5,7.8357
1900.49,100.5,7.8357
1901.49,101.5,7.8357
1902.5,101.5,7.8357
1903.51,101.5,7.8357
1904.51,100.5,7.8357
1905.52,100.5,7.8357
1906.52,101.5,7.8359
1907.53,100.5,7.8359
1908.53,99.5,7.8359
1909.54,100.5,7.8359
1910.54,110.4,7.8359
1911.55,101.5,7.8359
1912.55,101.5,7.8359
1913.56,111.5,7.8359
1914.56,100.5,7.8359
1915.57,101.5,7.8359
1916.57,101.5,7.8359
1917.58,99.5,7.8359
1918.58,101.5,7.8359
1919.59,99.5,7.8359
1920.59,101.5,7.8359
1921.6,100.5,7.8359
1922.6,103.5,7.8359
1923.61,100.5,7.8359
1924.61,100.5,7.8359
1925.62,100.5,7.836
1926.62,100.5,7.836
1927.63,101.5,7.836
1928.63,99.5,7.836
1929.64,101.5,7.836
1930.64,100.5,7.836
1931.65,99.5,7.836
1932.65,102.5,7.836
1933.66,100.5,7.836
1934.66,100.5,7.836
1935.67,100.5,7.836
1936.67,100.5,7.836
1937.68,100.5,7.836
1938.68,101.5,7.836
1939.69,100.5,7.836
1940.69,99.5,7.836
1941.7,101.5,7.836
1942.7,100.5,7.836
1943.71,100.5,7.836
1944.71,101.5,7.836
1945.72,102.5,7.836
1946.72,99.5,7.836
1947.73,99.5,7.836
1948.73,101.5,7.836
1949.74,101.5,7.836
1950.74,101.5,7.836
1951.75,100.5,7.836
1952.75,99.5,7.836
1953.76,100.5,7.836
1954.76,100.5,7.836
1955.77,102.5,7.836
1956.77,100.5,7.836
1957.78,100.5,7.836
1958.78,100.5,7.836
1959.79,100.5,7.836
1960.79,101.5,7.836
1961.8,101.5,7.836
1962.8,100.5,7.836
1963.81,103.5,7.836
1964.81,101.5,7.836
1965.82,101.5,7.836
1966.82,100.5,7.836
1967.83,101.5,7.836
1968.83,101.5,7.836
1969.84,100.5,7.836
1970.84,99.5,7.836
1971.85,101.5,7.836
1972.85,100.5,7.836
1973.86,100.5,7.836
1974.87,100.5,7.836
1975.87,100.5,7.836
1976.88,101.5,7.836
1977.88,101.5,7.836
1978.89,99.5,7.836
1979.89,101.3,7.836
1980.9,100.5,7.836
1981.9,100.6,7.836
1982.91,119.4,7.836
1983.91,100.5,7.836
1984.92,101.5,7.836
1985.92,100.5,7.836
1986.93,101.5,7.836
1987.93,99.5,7.836
1988.94,101.5,7.836
1989.94,100.5,7.836
1990.95,101.5,7.836
1991.95,99.5,7.836
1992.96,100.5,7.836
1993.96,101.5,7.836
1994.97,100.5,7.836
1995.97,100.5,7.836
1996.98,101.5,7.836
1997.98,197.0,7.9086
1998.99,100.5,7.9086
1999.99,101.5,7.9086
2001.0,101.5,7.9086
2002.0,100.5,7.9086
2003.01,99.5,7.9086
2004.01,100.5,7.9086
2005.02,100.6,7.9086
2006.02,101.5,7.9086
2007.03,101.5,7.9086
2008.03,99.5,7.9086
2009.04,101.5,7.9086
2010.04,100.5,7.9086
2011.05,101.5,7.9086
2012.05,100.5,7.9086
2013.06,99.5,7.9086
2014.06,100.5,7.9086
2015.07,102.5,7.9086
2016.07,100.5,7.9089
2017.08,101.5,7.9089
2018.08,99.5,7.9089
2019.09,101.5,7.9089
2020.09,100.5,7.9089
2021.1,100.5,7.9089
2022.1,100.6,7.9089
2023.11,101.5,7.9089
2024.11,100.5,7.9089
2025.12,100.5,7.9089
2026.12,101.5,7.9089
2027.13,101.5,7.9089
2028.13,101.5,7.9089
2029.14,99.5,7.9089
2030.14,101.5,7.9089
2031.15,100.5,7.9089
2032.15,101.5,7.9089
2033.16,100.5,7.9089
2034.16,101.5,7.9089
2035.17,99.5,7.9089
2036.17,110.4,7.9089
2037.18,101.5,7.9089
2038.18,100.5,7.9089
2039.19,100.5,7.9089
2040.19,100.5,7.9089
2041.2,100.5,7.9089
2042.2,101.6,7.9089
2043.21,100.5,7.9089
2044.21,100.5,7.9089
2045.22,101.5,7.9089
2046.22,100.5,7.9089
2047.23,99.5,7.9089
2048.23,99.5,7.9089
2049.24,101.5,7.9089
2050.24,1936.1,1.6997
2051.24,280.3,1.8621
2052.25,1476.3,1.6864
2053.25,330.0,1.8859
2054.26,5.0,1.7193
2055.26,316.1,1.8901
2056.27,2.0,1.6808
2057.27,294.5,1.8519
2058.28,2.0,1.6654
2059.28,289.2,1.856
2060.28,315.1,1.9819
2061.29,4.0,1.7039
2062.29,294.2,1.8687
2063.29,360.0,2.0361
2064.29,3.0,1.758
2065.3,334.0,1.9207
2066.3,354.2,2.1295
2067.3,322.4,2.4049
2068.31,2.0,1.686
2069.31,297.2,1.8572
2070.32,326.2,1.9908
2071.32,10.0,1.7767
2072.32,335.2,1.9696
2073.33,3.0,1.7471
2074.33,333.0,1.9454
2075.33,348.2,2.1883
2076.34,321.3,2.4445
2077.34,4.0,1.6968
2078.35,325.0,1.8915
2079.35,333.0,2.0471
2080.36,326.3,2.2929
2081.36,331.6,2.5107
2082.36,2.0,1.7615
2083.37,323.1,1.9431
2084.37,353.1,2.1114
2085.37,7.0,1.7211
2086.38,325.1,1.9143
2087.38,353.8,2.0917
2088.38,329.3,2.3663
2089.39,340.5,2.6158
2090.39,9.0,1.7385
2091.39,331.0,1.9141
2092.4,356.9,2.0967
2093.4,2.0,1.7413
2094.4,344.0,1.9254
2095.41,361.9,2.1081
2096.41,2.0,1.8459
2097.41,338.2,2.0256
2098.42,341.2,2.2066
2099.42,217.2,1.5939
2100.43,2817.7,1.8393
2101.43,326.8,1.9588
2102.43,358.2,2.1318
2103.44,2.0,1.7381
2104.44,319.0,1.9022
2105.45,1462.5,1.704
2106.45,308.1,1.9255
2107.45,370.2,2.0956
2108.46,4.0,1.7042
2109.46,301.4,1.9044
2110.47,338.6,2.0219
2111.47,3.0,1.715
2112.48,325.0,1.9151
2113.48,355.0,2.044
2114.48,274.6,2.1449
2115.49,177.1,2.2323
2116.49,3.0,1.5975
2117.5,3.0,1.9021
2118.5,365.8,2.0704
2119.51,350.9,2.3827
2120.51,337.3,2.5462
2121.52,182.1,2.6062
2122.52,113.4,2.6685
2123.53,121.4,2.7139
2124.53,116.5,2.7507
2125.54,193.0,2.8288
2126.54,4.0,1.7383
2127.54,340.0,1.92
2128.55,3510.3,1.7904
2129.55,331.0,2.0017
2130.55,354.2,2.2619
2131.56,337.9,2.4929
2132.56,5.0,1.7337
2133.56,352.1,1.9189
2134.57,361.3,2.1034
2135.57,4.0,1.6086
2136.57,9.0,1.8743
2137.57,308.1,1.9805
2138.58,357.9,2.2128
2139.58,14.0,1.7641
2140.59,308.5,1.9336
2141.59,363.8,2.1398
2142.59,9.0,1.7012
2143.6,320.7,1.9489
2144.6,365.5,2.1264
2145.6,342.9,2.4246
2146.61,291.5,2.6056
2147.61,192.2,2.6847
2148.62,173.1,2.765
2149.62,116.4,2.8462
2150.63,104.5,2.9371
2151.63,103.5,3.0114
2152.64,123.4,3.0971
2153.64,110.4,3.1844
2154.65,115.4,3.2693
2155.66,104.4,3.3603
2156.66,99.5,3.4373
2157.67,104.5,3.5245
2158.67,100.5,3.6147
2159.68,121.4,3.6975
2160.68,105.5,3.7876
2161.69,103.5,3.8786
2162.69,133.3,3.9468
2163.7,211.9,4.2714
2164.7,140.3,4.9043
2165.71,117.4,5.6258
2166.71,105.4,1.6163
2167.72,13.0,1.8326
2168.72,332.0,2.0112
2169.72,359.2,2.2383
2170.73,345.6,2.4947
2171.73,275.6,2.6477
2172.74,134.3,2.709
2173.74,104.5,2.7737
2174.75,133.4,2.8308
2175.75,113.4,2.8833
2176.76,103.5,2.934
2177.76,109.4,2.9812
2178.77,108.4,3.0207
2179.77,100.5,3.0624
2180.78,100.5,3.1031
2181.78,103.5,3.1443
2182.79,104.5,3.1791
2183.8,99.5,3.2177
2184.8,104.4,3.2558
2185.81,100.1,3.2887
2186.82,120.4,3.3257
2187.82,106.5,3.3568
2188.83,100.5,3.3899
2189.83,103.5,3.4215
2190.84,100.1,3.4499
2191.84,101.5,3.4828
2192.85,102.5,3.5078
2193.85,102.5,3.5344
2194.86,100.5,3.5638
2195.87,100.5,3.5902
2196.87,101.5,3.6161
2197.88,104.5,3.6411
2198.88,104.5,3.6664
2199.89,100.5,3.6903
2200.89,100.5,3.7163
2201.9,99.5,3.7377
2202.9,102.5,3.764
2203.91,100.5,3.7833
2204.91,102.5,3.8068
2205.92,109.4,3.8304
2206.92,102.6,3.8503
2207.93,101.5,3.8704
2208.93,101.5,3.8935
2209.94,99.5,3.9125
2210.94,99.5,3.9364
2211.95,103.5,3.9552
2212.95,101.5,3.9743
2213.96,101.5,3.9998
2214.96,111.4,4.0146
2215.97,100.5,4.0332
2216.97,100.5,4.0497
2217.98,100.5,4.0706
2218.98,100.6,4.0871
2219.99,100.5,4.1062
2220.99,102.5,4.1235
2222.0,100.5,4.1391
2223.0,99.5,4.1577
2224.01,102.5,4.1794
2225.01,106.5,4.1865
2226.02,102.5,4.1886
2227.02,102.5,4.1956
2228.03,101.5,4.198
2229.03,100.5,4.1998
2230.04,104.5,4.202
2231.04,119.4,4.2148
2232.05,237.9,4.248
2233.05,131.3,4.2522
2234.06,252.7,4.7172
2235.06,106.4,5.3289
2236.07,127.4,6.0004
2237.07,5.0,1.66
2238.08,299.5,1.9078
2239.08,326.5,2.0576
2240.09,337.5,2.2632
2241.09,347.2,2.4915
2242.1,320.4,2.7041
2243.1,332.4,2.877
2244.11,314.4,3.1854
2245.11,293.9,3.3977
2246.11,2.0,1.8154
2247.11,311.1,1.9722
2248.12,356.1,2.211
2249.12,1545.8,1.8881
2250.12,335.8,2.0917
2251.13,4.0,1.7509
2252.13,354.1,1.9577
2253.13,348.1,2.1859
2254.13,4.0,1.7833
2255.14,350.1,1.9919
2256.14,359.2,2.2712
2257.15,1.0,1.7171
2258.15,311.4,1.9557
2259.16,324.7,2.0971
2260.16,339.3,2.3078
2261.17,345.2,2.5523
2262.17,334.0,2.8328
2263.18,341.4,3.0274
2264.18,253.7,3.3795
2265.18,3.0,1.7366
2266.19,345.8,1.9956
2267.19,350.8,2.2221
2268.19,352.0,2.5472
2269.2,325.2,2.8178
2270.2,339.6,3.0446
2271.21,261.6,3.3501
2272.21,226.2,3.7218
2273.21,2.0,1.8471
2274.22,340.4,2.0595
2275.22,341.2,2.3109
2276.23,347.2,2.5574
2277.23,321.6,2.7972
2278.24,339.9,2.9687
2279.24,258.8,3.1996
2280.25,231.8,3.4378
2281.25,192.2,3.7045
2282.25,3.0,1.7844
2283.26,335.6,2.008
2284.26,349.6,2.1649
2285.27,345.0,2.4256
2286.27,336.2,2.7651
2287.28,350.2,2.9855
2288.28,309.4,3.3117
2289.29,2.0,1.7241
2290.29,320.0,1.9247
2291.29,2.0,1.7365
2292.3,331.1,1.9354
2293.3,358.2,2.2165
2294.31,338.3,2.4748
2295.31,187.0,2.8716
2296.32,231.1,3.1855
2297.32,2.0,1.7967
2298.32,327.0,1.9669
2299.33,326.3,2.1693
2300.33,2.0,1.8457
2301.33,299.1,1.9675
2302.34,343.8,2.1965
2303.34,339.3,2.44
2304.35,270.8,2.8099
2305.35,303.4,3.0864
2306.36,2.0,1.7613
2307.36,331.0,1.9524
2308.36,349.3,2.1911
2309.37,2.0,1.7534
2310.37,308.0,1.9189
2311.38,349.3,2.1097
2312.38,3.0,1.753
2313.38,299.2,1.9175
2314.39,357.1,2.1307
2315.39,3.0,1.7884
2316.39,354.4,1.9746
2317.4,3.0,1.7386
2318.4,301.0,1.9012
2319.4,353.2,2.0251
2320.41,2.0,1.6436
2321.41,282.5,1.9088
2322.42,5.0,1.7301
2323.42,302.0,1.9154
2324.43,1449.1,1.7473
2325.43,300.4,1.9269
2326.43,4.0,1.7811
2327.44,321.0,1.9579
2328.44,11.0,1.7997
2329.44,305.2,1.9644
2330.45,3.0,1.8308
2331.45,305.1,1.9788
2332.45,3.0,1.797
2333.46,300.1,1.9618
2334.46,9.0,1.7886
2335.46,313.9,1.9477
2336.46,3.0,1.8038
2337.47,307.3,1.9468
2338.47,16.0,1.8253
2339.47,298.1,1.9624
2340.48,4.0,1.8405
2341.48,313.1,1.9925
2342.48,10.0,1.8172
2343.48,325.2,1.9895
2344.49,3594.1,1.822
2345.49,326.0,1.9921
2346.49,3216.3,1.8481
2347.5,311.1,1.9959
2348.5,10.0,1.8479
2349.5,306.1,1.9884
2350.51,3345.8,1.9202
2351.51,336.0,2.0265
2352.51,4.0,1.919
2353.52,307.9,2.0358
2354.52,1511.8,1.876
2355.52,317.0,2.0241
2356.53,3.0,1.7866
2357.53,332.0,2.0134
2358.54,309.2,2.1338
2359.54,3.0,1.9034
2360.54,326.9,2.0958
2361.55,1.0,1.8895
2362.55,322.3,2.096
2363.55,5.0,1.8949
2364.56,315.4,2.2521
2365.56,333.1,2.3652
2366.57,357.9,2.5297
2367.57,334.3,2.7431
2368.58,317.3,3.0455
2369.58,298.1,3.2418
2370.58,4.0,1.8072
2371.58,342.1,2.1478
2372.59,339.3,2.382
2373.59,358.7,2.5825
2374.6,333.3,2.8769
2375.6,326.3,3.1734
2376.61,288.7,1.6865
2377.61,2.0,1.954
2378.61,307.5,2.2887
2379.62,347.0,2.3829
2380.62,349.2,2.5668
2381.63,338.2,2.7891
2382.63,321.4,3.0717
2383.64,312.3,3.2908
2384.64,3.0,1.8942
2385.65,317.4,2.3197
2386.65,362.0,2.4584
2387.65,338.1,2.6993
2388.66,336.3,3.0604
2389.66,311.4,3.2911
2390.66,2.0,1.8304
2391.67,332.1,2.1473
2392.67,302.1,2.3222
2393.67,351.9,2.4882
2394.68,329.3,2.7432
2395.68,318.3,3.0966
2396.69,316.1,3.336
2397.69,249.7,3.7815
2398.7,125.3,4.2711
2399.7,135.4,4.7748
2400.71,138.3,5.2897
2401.71,102.5,5.8074
2402.72,109.4,6.3232
2403.72,151.2,6.8432
2404.73,122.3,6.9189
2405.73,166.2,1.6871
2406.74,1.0,1.9371
2407.74,316.3,2.3021
2408.75,356.1,2.4004
2409.75,360.3,2.6085
2410.76,325.3,2.9428
2411.76,315.3,3.2065
2412.77,5.0,1.7297
2413.77,307.4,2.0444
2414.77,321.0,2.3354
2415.78,370.3,2.5066
2416.78,336.6,2.7425
2417.79,322.3,3.0962
2418.79,312.5,3.3255
2419.8,1.0,1.949
2420.8,346.0,2.1014
2421.8,4.0,1.8571
2422.81,330.0,2.0469
2423.81,323.4,2.2167
2424.81,220.4,2.3535
2425.82,257.7,2.4737
2426.82,118.4,2.5566
2427.83,109.4,2.6342
2428.83,13.9,1.8074
2429.84,298.4,1.9894
2430.84,342.0,2.1275
2431.85,307.4,2.2915
2432.85,181.4,2.4705
2433.86,1.0,1.9186
2434.86,344.0,2.1288
2435.86,2.0,1.8479
2436.87,346.5,2.0797
2437.87,368.8,2.2043
2438.87,202.1,2.4117
2439.88,163.1,2.5592
2440.88,203.8,2.6887
2441.89,140.3,2.7562
2442.89,287.5,2.8438
2443.9,213.1,2.9011
2444.9,177.1,2.9358
2445.91,260.6,3.1033
2446.92,264.6,3.3623
2447.92,234.8,3.6434
2448.92,212.4,3.9977
2449.93,159.2,4.3664
2450.93,119.4,4.7361
2451.94,114.4,5.1276
2452.94,101.5,5.5373
2453.95,104.5,5.9471
2454.95,122.4,6.3628
2455.96,119.5,6.7851
2456.96,102.5,6.9371
2457.97,101.5,6.9371
2458.97,187.0,6.9372
2459.98,168.1,6.9375
2460.98,157.2,6.9375
2461.99,127.4,6.9379
2462.99,211.9,6.938
2464.0,103.5,6.9382
2465.0,115.4,7.044
2466.01,107.5,7.0441
2467.01,97.5,1.7183
2468.02,3.0,1.9489
2469.02,336.0,2.1253
2470.03,364.1,2.3198
2471.03,315.3,1.7183
2472.04,3.0,1.9743
2473.04,352.9,2.1377
2474.04,346.0,2.3601
2475.05,2.0,1.8287
2476.05,328.1,2.009
2477.05,5.0,1.936
2478.06,313.7,1.7186
2479.06,7.0,1.9786
2480.06,0.0,1.8304
2481.07,316.7,2.0019
2482.07,1.0,1.8477
2483.07,344.0,2.079
2484.08,363.9,2.2293
2485.08,324.4,2.375
2486.09,1.0,1.9319
2487.09,311.0,2.1012
2488.09,355.9,2.3023
2489.1,321.5,2.4221
2490.1,4.0,1.8768
2491.1,342.1,2.0742
2492.11,344.5,2.3044
2493.11,2.0,1.9213
2494.11,305.2,2.0552
2495.12,353.0,2.2523
2496.12,1.0,1.9714
2497.12,319.1,2.2911
2498.12,383.0,2.4558
2499.13,333.1,2.6055
2500.13,330.1,2.792
2501.13,320.4,2.9579
2502.13,3.0,1.9222
2503.14,330.9,2.2325
2504.14,322.0,2.3366
2505.14,343.6,2.5002
2506.15,311.7,2.6928
2507.15,327.5,2.8852
2508.16,4.0,1.886
2509.16,338.5,2.2433
2510.16,356.9,2.3621
2511.17,336.4,2.5394
2512.17,335.9,2.7788
2513.18,1.0,1.8503
2514.18,338.9,2.0474
2515.18,3.0,1.8641
2516.18,306.1,2.0223
2517.19,1.0,1.8523
2518.19,356.0,2.0471
2519.19,2.0,1.8501
2520.2,334.3,2.14
2521.2,337.0,2.2813
2522.21,360.2,2.4956
2523.21,340.0,2.7155
2524.21,1.0,1.8538
2525.22,299.2,2.0239
2526.22,3.0,1.867
2527.22,350.1,2.0533
2528.23,2.0,1.8322
2529.23,329.1,2.0247
2530.23,0.0,1.8993
2531.24,331.5,2.2356
2532.24,367.0,2.3753
2533.24,338.3,2.5995
2534.25,2.0,1.8179
2535.25,305.2,2.0035
2536.25,3.0,1.8426
2537.26,329.3,2.0999
2538.26,328.0,2.2685
2539.27,361.1,2.407
2540.27,318.5,2.5878
2541.28,4.0,1.8293
2542.28,325.3,2.0603
2543.29,310.4,2.2683
2544.29,364.6,2.3948
2545.3,329.6,2.5644
2546.3,326.5,2.7686
2547.3,2.0,1.8736
2548.31,339.5,2.2242
2549.31,345.0,2.3475
2550.32,335.3,2.5403
2551.32,339.5,2.7601
2552.33,314.3,3.1496
2553.33,3.0,1.9293
2554.33,309.1,2.0817
2555.34,337.5,2.3466
2556.34,341.0,2.5833
2557.35,259.7,2.8542
2558.35,145.2,3.173
2559.36,135.3,3.4777
2560.36,119.5,3.7744
2561.37,140.3,4.1275
2562.37,101.5,4.5181
2563.38,112.4,4.909
2564.38,101.6,5.3011
2565.39,100.5,5.6921
2566.39,101.5,6.085
2567.4,99.5,6.4881
2568.4,146.3,6.8025
2569.41,102.5,6.8144
2570.41,100.5,6.8144
2571.42,101.5,6.9144
2572.42,101.6,6.9144
2573.43,101.5,6.9144
2574.43,99.5,6.9144
2575.44,101.5,6.9144
2576.44,102.6,6.9144
2577.45,99.5,6.9144
2578.45,101.5,6.9144
2579.46,101.5,6.9144
2580.46,114.4,7.0192
2581.47,100.5,7.0194
2582.47,100.5,7.0194
2583.48,105.6,7.0194
2584.48,100.5,7.0194
2585.49,101.5,7.0194
2586.49,101.5,7.0194
2587.5,100.5,7.0194
2588.5,103.5,7.0195
2589.51,101.5,7.0197
2590.51,112.4,7.02
2591.52,129.3,7.0201
2592.52,101.5,7.0201
2593.53,101.4,7.0201
2594.53,99.5,7.0201
2595.54,102.5,7.0201
2596.54,100.5,7.0201
2597.55,101.5,7.0201
2598.55,101.5,7.0201
2599.56,99.5,7.0201
2600.56,111.4,7.0202
2601.57,100.5,7.0202
2602.58,101.5,7.0202
2603.58,100.5,7.0202
2604.59,100.5,7.0202
2605.59,101.5,7.0202
2606.6,103.5,7.0202
2607.6,103.5,7.0202
2608.61,101.5,7.0202
2609.61,100.5,7.0202
2610.62,100.5,7.0202
2611.62,111.5,7.0204
2612.63,102.5,7.0204
2613.63,99.5,7.0204
2614.64,101.5,7.0204
2615.64,99.5,7.0204
2616.65,103.5,7.0204
2617.65,100.5,7.0204
2618.66,100.5,7.0204
2619.66,100.5,7.0204
2620.67,100.5,7.0204
2621.67,100.5,7.0204
2622.68,114.5,7.0776
2623.68,100.5,7.0776
2624.69,101.5,7.0776
2625.69,100.5,7.0776
2626.7,100.5,7.0776
2627.7,102.5,7.0776
2628.71,101.5,7.0776
2629.71,99.5,7.0776
2630.72,101.5,7.0776
2631.72,99.5,7.1447
2632.73,102.5,7.5841
2633.74,100.5,7.9705
2634.74,100.5,8.4079
2635.75,121.4,8.5541
2636.75,101.5,8.5541
2637.76,100.4,8.5541
2638.76,100.5,8.5541
2639.77,100.5,8.5541
2640.77,100.5,8.5541
2641.78,101.5,8.5541
2642.78,99.5,8.5541
2643.79,102.5,8.5541
2644.79,99.5,8.5541
2645.8,102.5,8.5541
2646.8,139.3,8.559
2647.81,102.5,8.56
2648.81,99.5,8.56
2649.82,100.5,8.56
2650.82,101.5,8.56
2651.83,101.5,8.56
2652.83,99.5,8.56
2653.84,100.5,8.56
2654.85,101.5,8.56
2655.85,102.5,8.56
2656.86,99.5,8.56
2657.86,102.5,8.56
2658.87,101.5,8.56
2659.87,99.5,8.56
2660.88,100.5,8.5604
2661.88,101.5,8.5604
2662.89,99.5,8.5604
2663.89,100.5,8.5604
2664.9,102.5,8.5604
2665.9,102.5,8.5604
2666.91,100.5,8.5604
2667.91,99.5,8.5604
2668.92,100.5,8.5604
2669.92,100.5,8.5604
2670.93,100.5,8.5604
2671.93,100.5,8.5604
2672.94,100.5,8.5604
2673.94,100.5,8.5609
2674.95,101.5,8.5609
2675.95,101.5,8.5609
2676.96,101.5,8.5609
2677.96,100.5,8.5609
2678.97,100.5,8.5609
2679.98,100.5,8.5609
2680.98,100.5,8.5609
2681.99,100.5,8.5609
2682.99,102.5,8.5609
2684.0,100.5,8.5609
2685.0,101.5,8.5609
2686.01,100.5,8.5614
2687.01,101.5,8.5614
2688.01,103.7,8.5614
2689.02,100.5,8.5614
2690.02,100.5,8.5614
2691.03,100.5,8.5614
2692.03,102.5,8.5614
2693.04,101.5,8.5614
2694.04,99.5,8.5614
2695.05,101.5,8.5614
2696.06,99.5,8.5614
2697.06,101.5,8.5614
2698.07,105.5,8.5617
2699.07,99.5,8.5617
2700.08,100.5,8.5617
2701.08,102.5,8.5617
2702.09,100.5,8.5617
2703.09,100.5,8.5617
2704.1,102.5,8.5617
2705.1,100.5,8.5617
2706.11,100.5,8.5617
2707.11,100.5,8.5617
2708.12,101.5,8.5617
2709.12,100.5,8.5617
2710.13,101.5,8.5621
2711.13,101.5,8.5621
2712.14,100.5,8.5621
2713.14,100.5,8.5621
2714.15,100.5,8.5621
2715.15,100.5,8.5621
2716.16,99.5,8.5621
2717.16,102.5,8.5621
2718.17,101.5,8.5621
2719.18,99.5,8.5621
2720.18,101.5,8.5621
2721.19,100.5,8.5621
2722.19,104.5,8.5621
2723.2,101.5,8.5624
2724.2,99.5,8.5624
2725.21,100.5,8.5624
2726.21,102.5,8.5624
2727.22,101.5,8.5624
2728.22,101.5,8.5624
2729.23,99.5,8.5624
2730.23,100.5,8.5624
2731.24,101.5,8.5624
2732.24,100.5,8.5624
2733.25,100.5,8.5624
2734.25,102.5,8.5624
2735.26,99.5,8.5624
2736.26,102.5,8.5627
2737.27,101.5,8.5627
2738.27,99.5,8.5627
2739.28,101.5,8.5627
2740.28,99.5,8.5627
2741.29,100.5,8.5627
2742.3,102.5,8.5627
2743.3,100.4,8.5627
2744.31,100.5,8.5627
2745.31,100.5,8.5627
2746.32,99.5,8.5627
2747.32,100.5,8.5627
2748.33,102.5,8.5632
2749.33,101.5,8.5632
2750.34,100.4,8.5632
2751.34,100.5,8.5632
2752.35,101.5,8.5632
2753.35,100.5,8.5632
2754.36,100.5,8.5632
2755.37,100.5,8.5632
2756.37,100.5,8.5632
2757.38,101.5,8.5632
2758.38,99.5,8.5632
2759.39,100.6,8.5632
2760.39,100.5,8.5632
2761.4,101.5,8.5638
2762.4,101.5,8.5638
2763.41,100.5,8.5638
2764.41,100.5,8.5638
2765.42,100.5,8.5638
2766.42,101.5,8.5638
2767.43,100.5,8.5638
2768.43,100.5,8.5638
2769.44,100.5,8.5638
2770.44,99.5,8.5638
2771.45,101.5,8.5638
2772.45,101.5,8.5638
2773.46,101.5,8.564
2774.46,99.5,8.564
2775.47,101.5,8.564
2776.47,101.5,8.564
2777.48,100.5,8.564
2778.48,100.5,8.564
2779.49,100.5,8.564
2780.49,101.5,8.564
2781.5,99.5,8.564
2782.51,101.5,8.564
2783.51,100.5,8.564
2784.52,102.5,8.564
2785.52,101.5,8.5641
2786.53,100.5,8.5641
2787.53,100.5,8.5641
2788.54,101.5,8.5641
2789.54,99.5,8.5641
2790.55,101.5,8.5641
2791.55,100.5,8.5641
2792.56,100.5,8.5641
2793.56,101.5,8.5641
2794.57,100.5,8.5641
2795.57,101.5,8.5641
2796.58,99.5,8.5641
2797.58,100.6,8.5642
2798.59,101.5,8.5642
2799.59,101.5,8.5642
2800.6,102.6,8.5642
2801.6,99.5,8.5642
2802.61,101.5,8.5642
2803.61,100.5,8.5642
2804.62,100.5,8.5642
2805.62,101.5,8.5642
2806.63,99.5,8.5642
2807.63,100.5,8.5642
2808.64,101.5,8.5642
2809.64,100.5,8.5647
2810.65,101.5,8.5647
2811.65,102.5,8.5647
2812.66,100.5,8.5647
2813.66,99.5,8.5647
2814.67,100.5,8.5647
2815.67,103.5,8.5647
2816.68,100.5,8.5647
2817.68,100.5,8.5647
2818.69,99.6,8.5647
2819.69,101.5,8.5647
2820.7,102.5,8.5647
2821.7,100.5,8.5647
2822.71,101.5,8.5653
2823.71,100.5,8.5653
2824.72,100.5,8.5653
2825.72,101.5,8.5653
2826.73,100.5,8.5653
2827.74,99.5,8.5653
2828.74,100.5,8.5653
2829.75,101.5,8.5653
2830.75,101.5,8.5653
2831.76,99.5,8.5653
2832.76,100.5,8.5653
2833.77,102.5,8.5653
2834.77,99.5,8.566
2835.78,101.5,8.566
2836.78,100.5,8.566
2837.79,100.5,8.566
2838.79,101.5,8.566
2839.8,100.5,8.566
2840.8,101.5,8.566
2841.81,100.5,8.566
2842.81,101.5,8.566
2843.82,100.5,8.566
2844.82,100.6,8.566
2845.83,99.5,8.566
2846.83,102.5,8.5664
2847.84,101.5,8.5664
2848.84,101.5,8.5664
2849.85,100.5,8.5664
2850.85,100.5,8.5664
2851.86,100.5,8.5664
2852.86,103.7,1.8372
2853.87,296.1,2.0111
2854.87,337.4,2.1745
2855.87,326.3,2.4854
2856.88,335.0,2.7163
2857.88,2.0,1.9408
2858.88,303.4,2.0767
2859.89,341.3,2.3415
2860.89,333.9,2.6523
2861.89,269.6,3.0138
2862.9,162.3,3.4386
2863.9,125.5,3.8533
2864.91,170.1,4.2603
2865.91,129.4,4.7026
2866.92,102.5,5.1393
2867.92,100.5,5.5612
2868.93,100.5,6.0008
2869.93,100.5,6.4391
2870.94,127.4,6.7997
2871.94,102.5,6.9264
2872.95,100.5,6.9264
2873.95,100.5,6.9264
2874.96,100.5,6.9264
2875.97,101.5,6.9264
2876.97,101.5,6.9264
2877.98,101.5,6.9264
2878.98,101.5,6.9267
2879.99,102.5,6.9267
2880.99,113.4,6.9944
2882.0,103.5,7.0422
2883.0,101.5,7.0422
2884.01,101.5,7.0422
2885.01,102.5,7.0422
2886.02,100.5,7.0424
2887.02,99.5,7.0424
2888.03,100.5,7.0424
2889.03,103.5,7.0424
2890.04,101.5,7.0424
2891.04,114.5,7.0431
2892.05,117.4,7.0431
2893.05,100.5,7.0431
2894.06,101.5,7.0431
2895.06,100.5,7.0431
2896.07,99.5,7.0431
2897.07,102.5,7.0431
2898.08,99.5,7.0431
2899.08,101.5,7.0431
2900.09,113.4,7.0432
2901.09,100.5,7.0432
2902.1,100.5,7.0432
2903.1,101.5,7.0432
2904.11,99.5,7.0432
2905.11,100.5,7.0432
2906.12,101.5,7.0432
2907.12,101.5,7.0432
2908.13,100.5,7.0432
2909.13,112.5,7.0434
2910.14,100.5,7.0434
2911.14,101.5,7.0434
2912.15,100.5,7.0434
2913.15,101.5,7.0434
2914.16,100.5,7.0434
2915.16,99.5,7.0434
2916.17,101.6,7.0434
2917.17,101.5,7.0434
2918.18,99.5,7.0434
2919.19,117.4,7.1115
2920.19,100.5,7.1115
2921.2,102.5,7.1115
2922.2,99.5,7.1115
2923.2,101.7,7.1115
2924.21,100.5,7.1115
2925.21,101.5,7.1115
2926.22,100.5,7.1115
2927.22,100.5,7.1115
2928.23,99.5,7.1115
2929.24,100.5,7.1115
2930.24,101.5,7.4953
2931.25,100.5,7.8865
2932.25,99.5,8.3373
2933.26,127.3,8.554
2934.26,99.5,8.554
2935.27,101.5,8.554
2936.27,101.5,8.554
2937.28,101.5,8.554
2938.28,101.5,8.554
2939.29,103.5,8.554
2940.29,101.5,8.554
2941.3,102.5,8.554
2942.3,101.5,8.554
2943.31,133.3,8.5592
2944.31,100.5,8.56
2945.32,101.5,8.56
2946.32,110.4,8.56
2947.33,100.5,8.56
2948.33,100.5,8.56
2949.34,100.5,8.56
2950.34,100.5,8.56
2951.35,101.5,8.56
2952.35,102.5,8.56
2953.36,99.5,8.56
2954.36,100.5,8.56
2955.37,101.5,8.56
2956.38,99.5,8.56
2957.38,100.5,8.5605
2958.39,99.5,8.5605
2959.39,101.7,8.5605
2960.39,102.5,8.5605
2961.4,100.4,8.5605
2962.4,100.5,8.5605
2963.41,101.5,8.5605
2964.41,100.5,8.5605
2965.42,99.5,8.5605
2966.43,102.5,8.5605
2967.43,100.5,8.5605
2968.44,101.5,8.5605
2969.44,100.5,8.561
2970.45,101.5,8.561
2971.45,101.5,8.561
2972.46,99.5,8.561
2973.46,101.5,8.561
2974.47,99.5,8.561
2975.47,101.5,8.561
2976.48,100.5,8.561
2977.48,100.5,8.561
2978.49,101.5,8.561
2979.49,100.5,8.561
2980.5,104.5,8.561
2981.5,101.5,8.561
2982.51,100.5,8.5563
2983.51,100.5,8.5563
2984.52,100.8,8.5563
2985.52,100.5,8.5563
2986.53,102.5,8.5563
2987.53,100.5,8.5563
2988.54,102.5,8.5563
2989.54,110.4,8.5563
2990.55,99.5,8.5563
2991.55,106.5,8.5563
2992.56,102.5,8.5563
2993.56,102.5,8.5568
2994.57,99.5,8.5568
2995.57,100.5,8.5568
2996.58,100.5,8.5568
2997.58,100.5,8.5568
2998.59,100.5,8.5568
2999.59,101.5,8.5568
3000.6,100.5,8.5568
3001.6,101.5,8.5568
3002.61,101.5,8.5568
3003.62,100.5,8.5568
3004.62,100.5,8.5568
3005.62,100.6,8.5568
3006.63,101.4,8.557
3007.64,99.5,8.557
3008.64,100.5,8.557
3009.65,102.6,8.557
3010.65,101.5,8.557
3011.66,99.5,8.557
3012.66,100.5,8.557
3013.67,101.5,8.557
3014.67,100.5,8.557
3015.68,99.5,8.557
3016.68,100.5,8.557
3017.69,103.5,8.557
3018.69,100.5,8.5574
3019.7,100.5,8.5574
3020.7,101.5,8.5574
3021.71,100.5,8.5574
3022.71,100.5,8.5574
3023.72,101.6,8.5574
3024.72,101.5,8.5574
3025.73,100.6,8.5574
3026.73,99.5,8.5574
3027.74,101.5,8.5574
3028.74,100.5,8.5574
3029.75,100.4,8.5574
3030.75,101.8,8.5578
3031.76,112.4,8.5578
3032.76,100.5,8.5578
3033.77,100.5,8.5578
3034.77,100.5,8.5578
3035.78,102.5,8.5578
3036.78,99.5,8.5578
3037.79,100.5,8.5578
3038.79,100.5,8.5578
3039.8,101.5,8.5578
3040.8,100.5,8.5578
3041.81,100.5,8.5578
3042.81,100.5,8.5578
3043.82,101.6,8.5583
3044.82,101.5,8.5583
3045.83,99.5,8.5583
3046.83,102.5,8.5583
3047.84,100.6,8.5583
3048.84,101.5,8.5583
3049.85,100.5,8.5583
3050.85,99.5,8.5583
3051.86,100.6,8.5583
3052.86,101.5,8.5583
3053.87,100.5,8.5583
3054.87,101.5,8.5583
3055.88,101.6,8.5587
3056.88,100.5,8.5587
3057.89,100.5,8.5587
3058.89,99.5,8.5587
3059.9,102.5,8.5587
3060.9,100.5,8.5587
3061.91,100.5,8.5587
3062.91,100.5,8.5587
3063.92,102.5,8.5587
3064.92,100.5,8.5587
3065.93,99.5,8.5587
3066.93,103.6,8.5587
3067.94,99.5,8.5587
3068.94,100.5,8.5589
3069.95,101.5,8.5589
3070.95,101.5,8.5589
3071.96,101.5,8.5589
3072.96,99.5,8.5589
3073.97,101.5,8.5589
3074.97,100.5,8.5589
3075.98,100.5,8.5589
3076.99,100.5,8.5589
3077.99,100.5,8.5589
3079.0,101.5,8.5589
3080.0,100.5,8.5589
3081.01,103.5,8.5592
3082.01,100.2,8.5592
3083.02,100.5,8.5592
3084.02,99.5,8.5592
3085.03,100.5,8.5592
3086.03,100.6,8.5592
3087.04,101.7,8.5592
3088.04,100.5,8.5592
3089.05,101.5,8.5592
3090.05,99.5,8.5592
3091.06,101.5,8.5592
3092.06,102.5,8.5595
3093.07,100.5,8.5595
3094.08,100.3,8.5595
3095.08,100.5,8.5595
3096.09,100.5,8.5595
3097.09,101.5,8.5595
3098.1,101.5,8.5595
3099.1,100.5,8.5595
3100.11,100.5,8.5595
3101.11,100.5,8.5595
3102.12,99.5,8.5595
3103.12,102.5,8.5595
3104.13,102.5,8.5595
3105.13,101.5,8.5597
3106.14,101.5,8.5597
3107.14,99.5,8.5597
3108.15,100.5,8.5597
3109.15,101.5,8.5597
3110.16,98.5,8.5597
3111.16,101.5,8.5597
3112.17,101.5,8.5597
3113.17,99.5,8.5597
3114.18,102.5,8.5597
3115.19,100.5,8.5597
3116.19,102.5,8.5597
3117.2,100.5,8.5597
3118.2,101.5,8.56
3119.21,100.5,8.56
3120.21,101.5,8.56
3121.22,100.5,8.56
3122.22,100.5,8.56
3123.23,99.5,8.56
3124.23,103.6,8.56
3125.24,99.5,8.56
3126.24,101.5,8.56
3127.25,100.5,8.56
3128.25,99.5,8.56
3129.26,101.5,8.56
3130.26,101.5,8.5602
3131.27,99.5,8.5602
3132.27,101.5,8.5602
3133.28,101.5,8.5602
3134.28,100.5,8.5602
3135.29,100.5,8.5602
3136.29,100.5,8.5602
3137.3,102.5,8.5602
3138.3,99.5,8.5602
3139.31,101.5,8.5602
3140.31,99.5,8.5602
3141.32,101.5,8.5602
3142.33,103.5,8.5608
3143.33,100.5,8.5608
3144.34,100.5,8.5608
3145.34,99.5,8.5608
3146.35,101.5,8.5608
3147.35,132.3,8.5608
3148.36,239.7,8.5608
3149.36,135.4,8.5611
3150.37,101.5,8.5611
3151.37,100.5,8.5611
3152.38,100.5,8.5611
3153.38,101.5,8.5611
3154.39,101.5,8.5768
3155.39,100.5,8.577
3156.4,101.5,8.577
3157.4,100.6,1.8382
3158.41,312.4,2.0296
3159.41,338.2,2.1848
3160.42,333.5,2.5304
3161.42,330.8,2.7336
3162.42,2.0,1.9882
3163.43,328.2,2.1672
3164.43,338.3,2.5185
3165.44,347.9,2.7771
3166.44,3.0,1.9395
3167.44,333.1,2.079
3168.45,338.3,2.3208
3169.45,338.9,2.618
3170.46,310.4,2.995
3171.46,233.8,3.374
3172.47,166.2,3.7954
3173.47,1.0,1.8193
3174.47,311.0,2.0201
3175.48,377.9,2.2196
3176.48,290.5,2.6042
3177.48,169.5,3.0216
3178.49,294.8,3.4271
3179.49,245.7,1.7271
3180.5,1.0,1.9405
3181.5,312.1,2.0785
3182.5,335.1,2.2805
3183.51,1.0,1.8998
3184.51,329.0,2.0839
3185.51,2.0,1.8039
3186.52,292.5,2.0017
3187.52,321.1,2.149
3188.53,1.0,1.8351
3189.53,319.1,2.0179
3190.53,356.2,2.2082
3191.54,2.0,1.8419
3192.54,292.0,2.0125
3193.55,345.2,2.1802
3194.55,1.0,1.8224
3195.56,302.5,2.0046
3196.56,337.9,2.1329
3197.56,1.0,1.8597
3198.57,306.1,2.0229
3199.57,353.2,2.2114
3200.57,2.0,1.8505
3201.58,284.5,2.0078
3202.58,358.9,2.1833
3203.59,339.6,2.4117
3204.59,262.6,2.7006
3205.6,118.4,3.0155
3206.6,122.4,3.3317
3207.61,154.2,3.5776
3208.61,145.2,3.7281
3209.62,116.4,3.8468
3210.62,105.5,3.9608
3211.63,244.7,4.0613
3212.63,302.4,4.1617
3213.64,258.6,4.2728
3214.64,118.4,4.3347
3215.65,2.0,1.8401
3216.65,296.1,2.0095
3217.66,341.3,2.1887
3218.66,1.0,1.855
3219.66,299.1,2.0104
3220.67,353.2,2.1912
3221.67,340.3,2.4056
3222.68,2383.0,1.9325
3223.68,319.0,2.091
3224.69,345.3,2.293
3225.69,294.4,2.5627
3226.7,120.4,2.87
3227.7,132.3,3.1871
3228.71,1.0,1.8392
3229.71,310.0,2.0147
3230.71,347.2,2.1688
3231.72,338.2,2.3419
3232.72,309.0,2.4607
3233.73,6.0,1.8909
3234.73,339.0,2.0589
3235.73,3.0,1.9242
3236.74,303.4,2.0505
3237.74,2.0,1.9152
3238.74,289.1,2.0492
3239.75,335.3,2.2853
3240.75,178.1,2.6367
3241.76,7.0,1.9472
3242.76,345.0,2.0927
3243.76,315.4,2.4529
3244.77,0.0,1.8419
3245.77,309.9,2.0129
3246.78,363.2,2.2182
3247.78,1.0,1.8606
3248.78,295.8,2.017
3249.79,362.1,2.2283
3250.79,2.0,1.9602
3251.79,335.0,2.0989
3252.8,321.0,2.3271
3253.8,4.0,1.9539
3254.8,316.2,2.0718
3255.8,2.0,1.8826
3256.81,297.2,2.0444
3257.81,354.2,2.2553
3258.82,326.8,2.4887
3259.82,3.0,1.8939
3260.82,346.0,2.0884
3261.83,331.4,2.3989
3262.83,1.0,1.8388
3263.84,318.3,2.0082
3264.84,1.0,1.7885
3265.85,294.7,2.0004
3266.85,321.0,2.1428
3267.85,4.0,1.9303
3268.86,345.9,2.1418
3269.86,2.0,1.9431
3270.86,343.9,2.122
3271.87,350.9,2.3621
3272.87,331.9,2.6652
3273.87,291.8,3.045
3274.88,164.1,3.4876
3275.88,138.3,3.9343
3276.89,201.9,4.3854
3277.89,268.6,1.7372
3278.9,4.0,1.9645
3279.9,306.2,2.0812
3280.9,341.3,1.7376
3281.91,2.0,1.9939
3282.91,349.9,2.0994
3283.92,1.0,1.8395
3284.92,276.8,2.0
3285.93,1409.8,1.8454
3286.93,331.0,2.0401
3287.93,0.0,1.8582
3288.93,307.2,2.0266
3289.94,4.0,1.9939
3290.94,2.0,1.8307
3291.95,304.4,2.0029
3292.95,5.0,1.8375
3293.96,308.4,2.0672
3294.96,319.3,2.3936
3295.97,317.6,2.7254
3296.97,305.4,3.1097
3297.98,291.5,3.5664
3298.98,223.3,3.822
3299.98,348.1,4.0952
3300.99,351.2,4.4232
3301.99,324.4,4.7538
3303.0,330.3,4.9098
3304.0,305.4,4.9896
3305.01,292.7,5.1661
3306.01,303.5,5.4332
3307.02,167.1,5.4507
3308.02,104.4,5.4433
3309.03,100.5,5.4434
3310.03,102.5,5.4434
3311.04,168.1,5.5056
3312.04,299.4,5.6415
3313.05,242.7,5.7355
3314.05,289.5,5.8177
3315.06,284.7,5.9423
3316.06,303.4,6.0873
3317.07,226.0,6.1739
3318.07,301.4,6.292
3319.08,237.7,6.4129
3320.09,272.6,6.5112
3321.09,282.8,6.6206
3322.09,271.6,6.734
3323.1,337.0,7.4532
3324.1,213.9,7.4535
3325.11,201.9,7.4538
3326.11,179.0,7.4539
3327.12,164.1,7.4542
3328.12,179.1,7.4542
3329.13,177.1,7.4544
3330.13,126.3,7.4544
3331.14,133.3,7.4544
3332.15,137.3,7.4544
3333.15,115.4,7.4544
3334.16,118.4,7.4545
3335.16,174.1,7.4545
3336.17,102.5,7.5439
3337.17,132.3,7.5547
3338.18,125.3,7.5547
3339.18,133.3,7.5547
3340.19,127.3,7.5547
3341.19,137.3,7.5547
3342.2,107.4,7.5547
3343.2,104.4,7.5547
3344.21,110.4,7.5547
3345.21,116.5,7.5547
3346.22,170.1,7.5547
3347.22,106.4,7.5547
3348.23,112.4,7.5547
3349.23,153.2,7.5547
3350.24,126.3,7.5547
3351.25,102.5,7.5547
3352.25,110.4,7.5547
3353.26,102.5,7.5547
3354.26,108.4,7.5547
3355.27,121.4,7.5547
3356.27,105.4,7.5547
3357.27,173.4,7.9025
3358.28,196.0,8.3436
3359.29,142.3,8.4016
3360.29,157.2,8.4016
3361.3,159.2,8.4016
3362.3,101.5,8.4016
3363.31,101.5,8.4016
3364.31,109.4,8.4016
3365.32,105.5,8.4016
3366.32,117.4,8.4016
3367.33,105.4,8.4016
3368.33,114.4,8.4016
3369.34,102.5,8.4016
3370.34,105.4,8.4016
3371.35,102.5,8.4016
3372.35,113.5,8.4016
3373.36,101.5,8.4016
3374.36,99.6,8.4016
3375.37,102.5,8.4016
3376.37,99.5,8.4016
3377.38,100.5,8.4016
3378.38,101.5,8.4016
3379.39,100.5,8.4016
3380.39,105.4,8.4016
3381.4,105.4,8.4016
3382.4,102.5,8.4016
3383.41,101.5,8.4016
3384.41,108.4,8.4016
3385.42,264.6,8.4016
3386.43,165.1,8.4016
3387.43,104.4,8.4016
3388.44,100.5,8.4016
3389.44,101.5,8.4016
3390.45,106.4,8.4016
3391.45,102.5,8.4016
3392.46,103.5,8.4016
3393.46,103.5,8.4016
3394.47,99.5,8.4016
3395.47,106.4,8.4016
3396.48,105.4,8.4016
3397.48,103.5,8.4016
3398.49,271.6,8.5799
3399.49,102.5,8.5799
3400.5,99.5,8.5799
3401.5,100.5,8.5799
3402.51,142.3,8.5799
3403.52,101.5,8.5799
3404.52,126.3,8.58
3405.53,104.4,8.58
3406.53,119.4,8.58
3407.54,101.5,8.58
3408.54,135.3,8.58
3409.55,130.3,8.58
3410.55,129.3,8.58
3411.56,100.5,8.58
3412.56,104.4,8.58
3413.57,112.5,8.58
3414.57,122.4,8.58
3415.58,108.4,8.58
3416.58,135.3,8.58
3417.59,162.2,8.58
3418.59,100.5,8.58
3419.6,103.5,8.58
3420.61,101.5,8.58
3421.61,99.5,8.58
3422.62,102.5,8.58
3423.62,210.9,8.5801
3424.63,255.6,8.5803
3425.63,337.9,8.8143
3426.63,286.5,8.9135
3427.64,226.8,8.9475
3428.65,108.5,8.936
3429.65,101.5,8.936
3430.66,103.5,8.936
3431.66,102.5,8.936
3432.67,100.5,8.936
3433.67,118.4,8.9363
3434.68,99.5,8.9363
3435.68,103.5,8.9364
3436.68,111.6,8.9367
3437.69,232.8,8.9371
3438.69,100.5,8.914
3439.7,100.5,8.914
3440.71,100.5,8.914
3441.71,101.5,8.914
3442.72,100.5,8.914
3443.72,100.5,8.914
3444.73,100.5,8.914
3445.73,103.5,8.914
3446.74,99.5,8.914
3447.74,101.5,8.914
3448.75,223.0,8.9141
3449.75,102.5,8.9141
3450.76,100.5,8.9141
3451.76,102.5,8.9141
3452.77,100.5,8.9141
3453.77,102.5,8.9141
3454.78,100.5,8.9141
3455.78,103.5,8.9141
3456.79,101.5,8.9141
3457.79,99.5,8.9141
3458.8,106.5,8.9258
3459.8,322.3,9.4768
3460.81,101.5,9.4768
3461.81,101.5,9.4768
3462.82,100.5,9.4768
3463.82,100.5,9.4768
3464.83,101.5,9.4768
3465.83,100.5,9.4768
3466.84,101.5,9.4768
3467.85,101.5,9.4768
3468.85,99.5,9.4768
3469.86,102.5,9.4768
3470.86,156.2,9.7466
3471.87,101.5,9.7466
3472.87,116.4,9.7466
3473.88,101.4,9.7466
3474.88,100.5,9.7466
3475.89,101.5,9.7466
3476.89,99.5,9.7466
3477.9,102.5,9.7466
3478.9,99.6,9.7466
3479.91,103.5,9.7466
3480.91,101.5,9.7466
3481.92,101.3,9.7466
3482.93,99.5,9.7466
3483.93,102.5,9.7466
3484.94,100.5,9.7467
3485.94,100.5,9.7467
3486.95,101.5,9.7468
3487.95,100.5,9.7468
3488.96,102.5,9.7468
3489.96,98.5,9.7468
3490.97,102.5,9.7468
3491.97,101.5,9.7468
3492.98,100.6,9.7468
3493.98,101.5,9.7468
3494.99,101.5,9.7468
3495.99,100.5,9.7468
3497.0,101.5,9.7468
3498.0,99.5,9.7468
3499.01,102.5,9.747
3500.01,100.5,9.747
3501.02,101.5,9.747
3502.02,99.5,9.747
3503.03,101.5,9.747
3504.03,101.5,9.747
3505.04,101.5,9.747
3506.04,99.5,9.747
3507.05,101.5,9.747
3508.05,102.6,9.747
3509.06,100.5,9.747
3510.06,100.5,9.747
3511.07,100.7,9.747
3512.07,101.3,9.747
3513.08,100.5,9.747
3514.08,100.5,9.747
3515.09,100.5,9.747
3516.09,103.5,9.7472
3517.1,99.5,9.7472
3518.11,101.5,9.7472
3519.11,99.6,9.7472
3520.11,102.5,9.7472
3521.12,101.5,9.7472
3522.12,100.5,9.7472
3523.13,100.5,9.7472
3524.13,100.5,9.7472
3525.14,106.4,9.7473
3526.15,101.5,9.7473
3527.15,100.5,9.7473
3528.15,102.6,9.7473
3529.16,99.5,9.7473
3530.16,101.5,9.7473
3531.17,101.5,9.7473
3532.17,100.7,9.7473
3533.18,101.5,9.7473
3534.18,102.5,9.7473
3535.19,100.5,9.7473
3536.19,101.5,9.7473
3537.2,100.5,9.7473
3538.2,100.5,9.7473
3539.21,100.5,9.7473
3540.21,100.5,9.7473
3541.22,99.5,9.7473
3542.22,101.5,9.7474
3543.23,100.5,9.7474
3544.23,102.5,9.7474
3545.24,100.5,9.7474
3546.24,99.5,9.7474
3547.25,102.6,9.7474
3548.25,100.5,9.7474
3549.26,99.5,9.7474
3550.27,99.5,9.7474
3551.27,102.5,9.7474
3552.28,101.5,9.7474
3553.28,100.5,9.7474
3554.29,100.5,9.7474
3555.29,102.5,9.7474
3556.3,100.5,9.7474
3557.3,100.4,9.7474
3558.31,102.4,9.7474
3559.31,100.5,9.7474
3560.32,100.5,9.7474
3561.32,102.5,9.7475
3562.33,100.5,9.7475
3563.33,100.5,9.7475
3564.34,101.5,9.7475
3565.35,99.5,9.7475
3566.35,101.5,9.7475
3567.36,99.5,9.7475
3568.36,101.5,9.7475
3569.37,100.5,9.7475
3570.37,101.5,9.7475
3571.38,101.5,9.7475
3572.38,101.5,9.7475
3573.39,100.5,9.7475
3574.39,101.5,9.7475
3575.4,100.5,9.7475
3576.4,100.6,9.7475
3577.41,101.5,9.7475
3578.41,101.5,9.7475
3579.42,99.5,9.7475
3580.42,104.5,9.7476
3581.43,101.5,9.7476
3582.43,100.5,9.7476
3583.44,100.5,9.7476
3584.44,99.5,9.7476
3585.45,100.5,9.7476
3586.45,100.5,9.7476
3587.46,100.6,9.7476
3588.46,102.5,9.7476
3589.47,100.5,9.7476
3590.47,103.3,9.7476
3591.48,99.5,9.7476
3592.48,100.5,9.7476
3593.49,107.6,1.9097
3594.49,308.4,2.261
3595.5,315.6,2.6921
3596.5,254.3,3.197
3597.51,124.4,3.7274
3598.51,299.0,3.8967
3599.51,345.1,4.1388
3600.52,328.3,4.4277
3601.52,316.4,4.7187
3602.53,333.2,4.8632
3603.53,306.4,4.985
3604.54,307.4,5.2841
3605.54,288.8,5.4132
3606.55,127.3,5.4133
3607.55,119.4,5.4136
3608.56,101.5,5.4007
3609.56,120.7,5.4128
3610.56,302.4,5.558
3611.57,298.5,5.7141
3612.57,301.4,5.8367
3613.58,290.5,6.0099
3614.59,263.6,6.1288
3615.59,278.5,6.289
3616.6,298.4,6.4146
3617.6,304.4,6.5365
3618.61,292.5,6.6619
3619.61,323.5,7.4396
3620.62,187.0,7.44
3621.62,198.0,7.4402
3622.63,229.0,7.4402
3623.63,244.7,7.4402
3624.64,143.2,7.4402
3625.65,133.3,7.4406
3626.65,175.1,7.4406
3627.66,161.2,7.4406
3628.66,119.4,7.4357
3629.67,105.4,7.4357
3630.67,130.3,7.4357
3631.68,121.4,7.4357
3632.68,104.4,7.4357
3633.69,112.4,7.4357
3634.69,110.4,7.4357
3635.7,133.3,7.4772
3636.7,208.9,7.5358
3637.71,144.2,7.5358
3638.71,141.4,7.5385
3639.72,102.5,7.5385
3640.72,119.4,7.5385
3641.73,108.5,7.5385
3642.74,148.1,7.5385
3643.74,116.4,7.5385
3644.75,192.0,7.5386
3645.75,188.5,7.8419
3646.75,192.0,8.2742
3647.76,253.8,8.3742
3648.76,171.1,8.3742
3649.77,112.4,8.3742
3650.77,103.7,8.3742
3651.78,132.3,8.3742
3652.78,106.4,8.3742
3653.79,103.5,8.3742
3654.79,102.5,8.3742
3655.8,100.5,8.3742
3656.8,101.5,8.3742
3657.81,102.5,8.3742
3658.81,194.1,8.3742
3659.82,141.2,8.3742
3660.82,130.3,8.3742
3661.83,112.4,8.3742
3662.83,109.4,8.3742
3663.84,108.4,8.3742
3664.85,166.1,8.3742
3665.85,195.0,8.3742
3666.86,150.1,8.3742
3667.86,101.5,8.3742
3668.87,104.5,8.3742
3669.87,105.4,8.3742
3670.88,101.5,8.3742
3671.88,101.5,8.3742
3672.89,100.5,8.3743
3673.89,121.4,8.3744
3674.9,107.4,8.3744
3675.9,225.3,8.3774
3676.91,168.1,8.5608
3677.91,110.4,8.5608
3678.92,117.4,8.5608
3679.92,105.4,8.5608
3680.93,102.5,8.5608
3681.93,123.3,8.5608
3682.94,139.3,8.5608
3683.94,123.4,8.5608
3684.95,101.4,8.5608
3685.95,102.5,8.5608
3686.96,108.4,8.5608
3687.96,112.4,8.5608
3688.97,117.4,8.5608
3689.97,146.2,8.5608
3690.98,101.5,8.5608
3691.99,103.5,8.5608
3692.99,102.5,8.5609
3694.0,120.4,8.5609
3695.0,254.7,8.5612
3696.01,203.1,8.5614
3697.01,207.0,8.5614
3698.02,271.6,8.5839
3699.02,317.1,8.8584
3700.02,158.2,8.8586
3701.03,146.2,8.8586
3702.03,114.4,8.8586
3703.04,102.5,8.8586
3704.05,102.5,8.8329
3705.05,106.4,8.8329
3706.06,101.5,8.8329
3707.06,108.4,8.8329
3708.07,103.5,8.8329
3709.07,108.4,8.8329
3710.07,181.5,8.8329
3711.08,142.3,8.8342
3712.08,100.5,8.8342
3713.09,101.5,8.8342
3714.09,99.5,8.8342
3715.1,103.5,8.8342
3716.1,127.4,8.8342
3717.11,100.5,8.8342
3718.11,111.4,8.8342
3719.12,101.5,8.8342
3720.13,101.5,8.8342
3721.13,100.5,8.8342
3722.14,221.8,8.8356
3723.14,101.5,8.8356
3724.15,100.5,8.8356
3725.15,102.5,8.8356
3726.16,100.5,8.8356
3727.16,99.5,8.8356
3728.17,102.5,8.8357
3729.17,101.5,8.8357
3730.18,100.5,8.8357
3731.18,148.5,8.961
3732.19,294.6,9.4221
3733.19,101.5,9.4221
3734.2,99.5,9.4221
3735.2,102.5,9.4221
3736.21,101.5,9.4221
3737.21,99.5,9.4221
3738.22,100.5,9.4221
3739.22,102.5,9.4221
3740.23,100.5,9.4221
3741.23,105.5,9.4339
3742.24,153.2,9.6697
3743.24,101.5,9.6697
3744.25,101.5,9.6697
3745.25,99.5,9.6697
3746.26,101.5,9.6697
3747.26,100.5,9.6697
3748.27,101.5,9.6697
3749.27,101.5,9.6697
3750.28,105.4,9.6714
3751.28,101.5,9.6714
3752.29,102.5,9.6715
3753.3,100.5,9.6715
3754.3,106.4,9.6715
3755.31,104.5,9.6715
3756.31,101.5,9.6715
3757.32,103.5,9.6715
3758.32,155.2,9.6715
3759.33,99.5,9.6715
3760.33,103.5,9.6715
3761.34,100.5,9.6715
3762.34,109.6,9.6715
3763.35,102.5,9.6715
3764.35,99.5,9.6715
3765.36,101.5,9.6715
3766.36,101.5,9.6715
3767.37,99.5,9.6715
3768.37,101.5,9.6715
3769.38,101.5,9.6715
3770.38,100.6,9.6715
3771.39,100.5,9.6715
3772.39,100.5,9.6715
3773.4,101.5,9.6715
3774.4,100.5,9.6715
3775.41,100.5,9.6715
3776.41,100.5,9.6715
3777.42,101.5,9.6715
3778.42,99.7,9.6715
3779.43,101.5,9.6715
3780.43,109.6,9.6745
3781.44,99.5,9.6745
3782.44,100.5,9.6745
3783.45,101.5,9.6745
3784.45,101.5,9.6745
3785.46,101.5,9.6745
3786.46,99.5,9.6745
3787.47,101.5,9.6745
3788.47,101.5,9.6745
3789.48,104.5,9.6745
3790.48,99.5,9.6745
3791.49,101.5,9.6745
3792.49,99.5,9.6745
3793.5,102.5,9.6745
3794.5,100.5,9.6745
3795.51,100.5,9.6745
3796.51,100.5,9.6745
3797.52,100.5,9.6745
3798.52,99.5,9.6745
3799.53,102.5,9.6745
3800.53,100.5,9.6745
3801.54,100.5,9.6745
3802.54,101.5,9.6745
3803.55,99.5,9.6745
3804.55,100.5,9.6745
3805.56,102.5,9.6745
3806.56,99.5,9.6745
3807.57,102.5,9.6745
3808.57,102.5,9.6745
3809.58,99.5,9.6745
3810.59,101.5,9.6745
3811.59,101.5,9.6745
3812.6,100.5,9.6745
3813.6,99.5,9.6745
3814.61,102.5,9.6745
3815.61,99.5,9.6745
3816.62,100.5,9.6745
3817.62,100.5,9.6745
3818.63,100.5,9.6745
3819.63,101.5,9.6745
3820.64,101.5,9.6745
3821.64,100.5,9.6745
3822.65,99.5,9.6745
3823.65,102.5,9.6745
3824.66,100.5,9.6745
3825.66,100.5,9.6745
3826.67,99.5,9.6745
3827.67,101.5,9.6745
3828.68,100.5,9.6745
3829.68,98.5,9.6745
3830.69,101.5,9.6745
3831.69,100.6,9.6745
3832.7,101.5,9.6745
3833.7,104.5,9.6745
3834.71,100.5,9.6745
3835.71,100.5,9.6745
3836.72,98.5,9.6745
3837.73,101.5,9.6745
3838.73,100.5,9.6745
3839.74,99.5,9.6745
3840.74,103.5,9.6745
3841.75,100.5,9.6745
3842.75,103.5,9.6746
3843.76,100.5,9.6746
3844.76,100.5,9.6746
3845.77,100.5,9.6746
3846.77,102.5,9.6746
3847.78,99.5,9.6746
3848.78,100.5,9.6746
3849.79,100.5,9.6746
3850.79,102.5,9.6746
3851.8,99.5,9.6746
3852.8,102.5,9.6746
3853.81,99.5,9.6746
3854.81,102.5,9.6746
3855.82,99.5,9.6746
3856.82,99.5,9.6746
3857.83,101.5,9.6746
3858.83,100.5,9.6746
3859.84,100.5,9.6746
3860.84,100.5,9.6746
3861.85,109.5,9.6763
3862.85,101.5,9.6763
3863.86,101.5,9.6763
3864.86,99.5,9.6763
3865.87,101.6,9.6763
3866.87,100.5,9.6763
3867.88,102.5,9.6763
3868.88,99.5,9.6763
3869.89,101.5,9.6763
3870.89,100.6,9.6763
3871.9,100.5,9.6763
3872.9,100.5,9.6763
3873.91,100.5,9.6763
3874.91,101.5,9.6763
3875.92,100.5,9.6763
3876.92,99.5,9.6763
3877.93,103.5,9.6763
3878.93,99.5,9.6763
3879.94,100.5,9.6763
3880.94,100.5,9.6763
3881.95,101.5,9.6763
3882.96,99.5,9.6763
3883.96,100.5,9.6763
3884.97,101.5,9.6763
3885.97,100.5,9.6763
3886.97,99.6,9.6763
3887.98,100.5,9.6763
3888.99,100.5,9.6763
3889.99,101.5,9.6763
3890.99,100.5,9.6763
3892.0,100.5,9.6763
3893.0,107.6,1.8429
3894.01,280.2,2.0453
3895.01,323.8,2.4456
3896.02,308.4,2.9032
3897.02,238.7,3.4317
3898.02,213.3,3.7962
3899.03,363.6,4.0586
3900.03,355.3,4.4193
3901.04,323.2,4.7755
3902.04,325.3,4.8888
3903.05,309.5,4.9921
3904.05,305.7,5.3058
3905.06,202.9,5.4078
3906.06,108.4,5.4079
3907.07,104.5,5.408
3908.07,100.5,5.4081
3909.08,184.1,5.478
3910.08,306.4,5.6488
3911.09,304.4,5.778
3912.09,278.5,5.9141
3913.1,303.4,6.0731
3914.1,286.5,6.2219
3915.11,272.5,6.3687
3916.11,290.1,6.4868
3917.12,296.7,6.6213
3918.12,335.2,7.3505
3919.12,290.3,7.404
3920.13,222.9,7.4044
3921.13,212.9,7.4045
3922.14,149.2,7.4047
3923.14,177.4,7.4048
3924.15,174.3,7.4048
3925.15,127.3,7.405
3926.16,188.0,7.4053
3927.16,161.2,7.4053
3928.17,114.4,7.4053
3929.17,155.2,7.5053
3930.18,176.1,7.5053
3931.18,130.3,7.5053
3932.19,111.4,7.5053
3933.19,108.5,7.5053
3934.2,157.2,7.5055
3935.2,154.2,7.5055
3936.21,202.9,7.5055
3937.21,172.1,7.5057
3938.22,118.4,7.5057
3939.22,110.4,7.5057
3940.23,118.4,7.5057
3941.24,173.1,7.6057
3942.24,141.3,7.6057
3943.25,209.0,7.6057
3944.25,113.4,7.6057
3945.25,175.4,7.6397
3946.26,253.7,8.3757
3947.26,138.3,8.3914
3948.27,119.4,8.3914
3949.27,105.4,8.3914
3950.28,134.3,8.3914
3951.29,103.5,8.3914
3952.29,114.4,8.3914
3953.3,101.5,8.3914
3954.3,101.5,8.3914
3955.31,100.5,8.3914
3956.31,108.4,8.3914
3957.32,161.2,8.3914
3958.32,164.1,8.3915
3959.33,100.5,8.3915
3960.33,234.8,8.3915
3961.34,127.3,8.3915
3962.34,108.4,8.3915
3963.35,125.3,8.3915
3964.35,147.3,8.3916
3965.36,100.5,8.3916
3966.36,101.5,8.3916
3967.37,104.5,8.3916
3968.37,116.4,8.3916
3969.38,105.4,8.3916
3970.39,101.5,8.3916
3971.39,111.4,8.3916
3972.4,117.4,8.3916
3973.4,125.3,8.3916
3974.41,115.5,8.3916
3975.41,134.3,8.3916
3976.42,272.6,8.5813
3977.42,120.4,8.5813
3978.43,158.2,8.5813
3979.43,100.5,8.5813
3980.44,101.5,8.5813
3981.44,126.3,8.5813
3982.45,138.3,8.5813
3983.45,101.5,8.5813
3984.46,103.4,8.5813
3985.46,101.5,8.5813
3986.47,116.4,8.5813
3987.47,105.4,8.5813
3988.48,150.2,8.5813
3989.49,99.5,8.5813
3990.49,104.4,8.5813
3991.5,112.4,8.5813
3992.5,114.4,8.5813
3993.51,219.8,8.5814
3994.51,217.9,8.5816
3995.52,187.0,8.5816
3996.52,197.9,8.5871
3997.53,227.3,8.588
3998.53,232.8,8.8538
3999.54,298.4,8.8705
4000.54,143.4,8.8705
4001.54,102.5,8.8705
4002.55,104.5,8.8705
4003.56,102.5,8.8625
4004.56,103.5,8.8625
4005.57,102.5,8.8625
4006.57,104.5,8.8625
4007.58,99.5,8.8625
4008.58,100.5,8.8625
4009.59,222.8,8.8638
4010.59,101.5,8.8638
4011.6,101.5,8.8638
4012.6,100.5,8.8638
4013.61,100.5,8.8638
4014.61,104.5,8.8638
4015.62,112.4,8.8638
4016.62,102.5,8.8638
4017.63,101.5,8.8638
4018.63,100.5,8.8638
4019.64,101.5,8.8638
4020.64,191.4,8.8638
4021.65,136.3,8.8648
4022.65,100.5,8.8648
4023.66,100.5,8.8648
4024.66,101.5,8.8648
4025.67,100.5,8.8648
4026.67,100.5,8.8648
4027.68,101.5,8.8648
4028.68,100.5,8.8648
4029.69,101.5,8.8648
4030.7,102.5,8.8648
4031.7,336.2,9.445
4032.71,101.5,9.445
4033.71,100.5,9.445
4034.72,100.5,9.445
4035.72,100.5,9.445
4036.73,102.5,9.445
4037.73,99.5,9.445
4038.74,101.5,9.445
4039.74,102.5,9.445
4040.75,100.5,9.445
4041.75,155.2,9.7
4042.76,100.5,9.7
4043.76,100.5,9.7
4044.77,101.5,9.7
4045.77,100.5,9.7
4046.78,101.5,9.7
4047.79,100.5,9.7
4048.79,100.5,9.7
4049.8,100.5,9.7
4050.8,107.5,9.7021
4051.81,102.5,9.7021
4052.81,100.5,9.7021
4053.82,100.5,9.7021
4054.82,101.5,9.7021
4055.83,102.5,9.7021
4056.83,99.5,9.7021
4057.84,101.5,9.7021
4058.84,101.5,9.7021
4059.85,104.4,9.7038
4060.85,99.5,9.7038
4061.86,102.5,9.7038
4062.86,100.5,9.7038
4063.87,99.5,9.7038
4064.87,100.5,9.7038
4065.88,100.5,9.7038
4066.89,102.4,9.7038
4067.89,100.5,9.7038
4068.9,103.5,9.706
4069.9,100.5,9.706
4070.91,101.5,9.706
4071.91,100.5,9.706
4072.92,101.5,9.706
4073.92,101.5,9.706
4074.93,100.5,9.706
4075.93,101.5,9.706
4076.94,100.5,9.706
4077.94,103.5,9.7067
4078.95,99.5,9.7067
4079.95,102.5,9.7069
4080.96,100.5,9.7069
4081.96,101.5,9.7069
4082.97,100.5,9.7069
4083.97,101.5,9.7069
4084.98,100.5,9.7069
4085.99,106.5,9.7073
4086.99,102.5,9.7073
4088.0,101.5,9.7073
4089.0,99.5,9.7073
4090.01,101.5,9.7073
4091.01,99.5,9.7073
4092.02,103.5,9.7073
4093.02,101.5,9.7073
4094.03,101.5,9.7073
4095.03,102.5,9.7078
4096.04,102.5,9.7078
4097.04,100.5,9.7078
4098.05,99.5,9.7078
4099.05,102.5,9.7078
4100.06,101.5,9.7078
4101.06,99.5,9.7078
4102.07,101.5,9.7078
4103.07,100.5,9.7078
4104.08,104.5,9.7098
4105.08,101.5,9.7098
4106.09,99.5,9.7098
4107.09,102.5,9.7098
4108.1,103.5,9.7098
4109.1,99.5,9.7098
4110.11,99.5,9.7098
4111.11,102.5,9.7098
4112.12,102.5,9.7107
4113.12,100.5,9.7107
4114.13,100.5,9.7107
4115.14,100.5,9.7107
4116.14,102.5,9.7107
4117.15,101.5,9.7107
4118.15,100.5,9.7107
4119.16,100.5,9.7107
4120.16,101.5,9.7107
4121.17,100.6,9.7107
4122.17,111.4,9.7113
4123.18,99.5,9.7113
4124.18,100.5,9.7113
4125.19,100.5,9.7113
4126.19,104.5,9.7113
4127.2,100.5,9.7113
4128.2,101.5,9.7113
4129.21,100.5,9.7113
4130.21,107.4,9.7118
4131.22,99.5,9.7118
4132.22,102.5,9.7118
4133.23,100.5,9.7118
4134.23,100.5,9.7118
4135.24,100.6,9.7118
4136.24,103.5,9.7118
4137.25,101.5,9.7118
4138.25,101.5,9.7118
4139.26,105.5,9.7124
4140.26,100.5,9.7124
4141.27,100.5,9.7124
4142.27,102.5,9.7124
4143.28,100.5,9.7124
4144.28,100.5,9.7124
4145.29,99.5,9.7124
4146.29,103.5,9.7124
4147.3,99.5,9.7124
4148.3,99.5,9.7124
4149.31,106.5,9.7129
4150.31,100.5,9.7129
4151.32,100.5,9.7129
4152.33,100.5,9.7129
4153.33,101.5,9.7129
4154.34,100.5,9.7129
4155.34,100.5,9.7129
4156.35,100.6,9.7129
4157.35,100.5,9.7129
4158.36,99.5,9.7132
4159.36,103.5,9.7132
4160.37,104.5,9.7137
4161.37,101.5,9.7137
4162.38,101.5,9.7137
4163.38,99.5,9.7137
4164.39,101.5,9.7137
4165.39,100.5,9.7137
4166.4,101.5,9.7137
4167.4,99.5,9.7137
4168.41,101.5,9.7137
4169.41,100.5,9.7137
4170.42,100.5,9.7137
4171.42,102.5,9.7145
4172.43,100.5,9.7145
4173.43,101.5,9.7145
4174.44,99.5,9.7145
4175.44,100.5,9.7145
4176.45,101.6,9.7145
4177.45,101.6,9.7145
4178.46,100.5,9.7145
4179.46,100.5,9.7145
4180.47,102.5,9.7145
4181.47,104.4,9.7167
4182.48,100.5,9.7167
4183.49,99.5,9.7167
4184.49,102.5,9.7167
4185.5,100.5,9.7167
4186.5,99.5,9.7167
4187.51,101.5,9.7167
4188.51,100.5,9.7167
4189.52,100.5,9.7167
4190.52,100.5,9.7167
4191.53,109.4,9.7175
4192.53,100.5,9.7175
4193.54,100.7,1.9046
4194.54,332.0,2.182
4195.54,380.0,2.3942
4196.55,339.4,2.591
4197.55,321.3,2.9143
4198.56,328.0,3.2885
4199.56,241.8,3.368
4200.57,222.8,3.4317
4201.57,213.9,3.502
4202.58,171.1,3.708
4203.58,4.0,1.8873
4204.59,339.2,2.1796
4205.59,319.3,2.522
4206.6,310.4,2.8792
4207.6,284.5,3.3425
4208.61,146.2,3.7313
4209.61,339.9,3.9507
4210.62,350.1,4.3354
4211.62,332.0,4.7087
4212.62,310.4,5.0817
4213.63,322.5,5.2727
4214.63,317.3,5.4112
4215.64,303.4,5.5366
4216.64,301.6,5.668
4217.65,294.4,5.8154
4218.65,303.6,5.9539
4219.66,305.5,6.0737
4220.66,308.4,6.266
4221.67,141.2,6.3687
4222.67,304.4,6.5188
4223.68,279.6,6.6528
4224.68,216.3,6.8531
4225.69,324.3,7.4471
4226.69,304.4,7.4799
4227.7,306.4,7.4804
4228.7,271.6,7.4806
4229.71,202.0,7.4808
4230.71,236.8,7.481
4231.72,195.9,7.4812
4232.72,138.3,7.4814
4233.73,168.2,7.4817
4234.73,180.1,7.4817
4235.74,123.4,7.482
4236.74,128.3,7.482
4237.75,143.2,7.482
4238.76,170.1,7.482
4239.76,142.2,7.582
4240.77,159.3,7.582
4241.77,110.4,7.582
4242.78,107.4,7.582
4243.78,119.3,7.582
4244.79,114.4,7.582
4245.79,140.3,7.582
4246.79,103.7,7.582
4247.8,113.4,7.582
4248.81,108.4,7.582
4249.81,111.4,7.582
4250.82,107.4,7.582
4251.82,107.4,7.582
4252.82,172.4,7.8096
4253.83,202.0,8.3135
4254.83,108.5,8.3583
4255.84,100.5,8.3583
4256.85,105.5,8.3583
4257.85,114.4,8.3583
4258.86,101.5,8.3583
4259.86,101.5,8.3583
4260.87,101.5,8.3583
4261.87,103.5,8.3583
4262.88,148.2,8.3583
4263.88,138.4,8.3583
4264.89,111.4,8.3583
4265.89,100.5,8.3583
4266.9,100.5,8.3583
4267.9,100.5,8.3583
4268.91,99.5,8.3583
4269.91,101.5,8.3583
4270.92,106.4,8.3583
4271.92,187.0,8.3583
4272.93,126.3,8.3583
4273.93,157.3,8.3583
4274.94,113.4,8.3583
4275.94,109.4,8.3583
4276.95,101.5,8.3583
4277.95,100.7,8.3583
4278.96,104.5,8.3583
4279.96,102.4,8.3583
4280.97,100.5,8.3583
4281.97,100.5,8.3583
4282.98,102.5,8.3583
4283.98,100.5,8.3583
4284.99,100.5,8.3583
4285.99,101.5,8.3583
4287.0,101.5,8.3583
4288.0,138.6,8.3588
4289.01,229.8,8.5612
4290.01,102.5,8.5612
4291.02,104.5,8.5612
4292.02,109.4,8.5612
4293.03,118.4,8.5612
4294.03,101.5,8.5612
4295.04,102.5,8.5612
4296.04,99.5,8.5612
4297.05,105.5,8.5612
4298.05,100.5,8.5612
4299.06,101.5,8.5612
4300.07,99.5,8.5612
4301.07,137.4,8.5612
4302.07,102.5,8.5612
4303.08,114.4,8.5612
4304.09,101.5,8.5612
4305.09,110.4,8.5612
4306.1,116.4,8.5612
4307.1,107.4,8.5612
4308.11,101.5,8.5612
4309.11,102.5,8.5612
4310.12,101.5,8.5612
4311.12,100.5,8.5612
4312.13,105.4,8.5612
4313.13,99.5,8.5612
4314.14,121.5,8.5612
4315.14,103.5,8.5612
4316.15,101.5,8.5612
4317.15,101.4,8.5612
4318.16,101.5,8.5612
4319.16,158.2,8.5613
4320.17,331.3,8.8566
4321.17,222.9,8.8569
4322.18,158.2,8.8569
4323.19,104.4,8.8569
4324.19,122.3,8.8569
4325.2,104.5,8.8569
4326.2,111.4,8.8569
4327.21,101.5,8.8569
4328.21,100.5,8.8569
4329.22,99.5,8.8569
4330.22,100.5,8.8569
4331.23,102.5,8.8569
4332.23,219.8,8.8579
4333.24,101.5,8.8579
4334.24,102.5,8.8579
4335.25,99.5,8.8579
4336.25,107.4,8.8579
4337.26,110.4,8.8579
4338.26,108.4,8.8579
4339.27,100.5,8.8579
4340.27,105.4,8.8579
4341.28,101.5,8.8579
4342.29,101.5,8.8579
4343.29,245.3,8.8584
4344.3,100.5,8.8584
4345.3,101.5,8.8584
4346.31,99.5,8.8584
4347.31,101.5,8.8584
4348.32,100.5,8.8584
4349.32,101.5,8.8584
4350.33,100.5,8.8584
4351.33,101.5,8.8584
4352.34,100.5,8.8584
4353.35,330.2,9.4192
4354.35,101.5,9.4192
4355.36,102.5,9.4192
4356.36,100.5,9.4192
4357.37,100.5,9.4192
4358.37,100.5,9.4192
4359.38,100.5,9.4192
4360.38,102.5,9.4192
4361.39,99.5,9.4192
4362.39,100.5,9.4192
4363.4,164.1,9.6937
4364.4,100.5,9.6937
4365.41,102.5,9.6937
4366.41,99.5,9.6937
4367.42,100.5,9.6937
4368.43,101.5,9.6937
4369.43,101.5,9.6937
4370.44,99.5,9.6937
4371.44,101.5,9.6937
4372.45,101.5,9.695
4373.45,102.5,9.695
4374.46,101.5,9.695
4375.46,100.5,9.695
4376.47,102.5,9.695
4377.47,99.5,9.695
4378.48,100.5,9.695
4379.48,101.5,9.695
4380.49,100.5,9.695
4381.49,103.5,9.6952
4382.5,99.5,9.6952
4383.5,102.5,9.6952
4384.51,99.5,9.6952
4385.52,101.5,9.6952
4386.52,101.5,9.6952
4387.53,101.5,9.6952
4388.53,100.5,9.6952
4389.54,119.4,9.6952
4390.54,99.5,9.6952
4391.55,102.5,9.6958
4392.55,101.5,9.6958
4393.56,100.5,9.6958
4394.56,100.5,9.6958
4395.57,102.5,9.6958
4396.57,100.5,9.6958
4397.58,100.3,9.6958
4398.58,101.5,9.6958
4399.59,101.6,9.6958
4400.59,101.5,9.6961
4401.6,99.5,9.6961
4402.61,101.5,9.6961
4403.61,99.5,9.6961
4404.62,102.5,9.6961
4405.62,99.5,9.6961
4406.63,101.5,9.6961
4407.63,101.5,9.6961
4408.64,103.5,9.6961
4409.64,100.5,9.6961
4410.65,101.5,9.6961
4411.65,101.5,9.6961
4412.66,99.5,9.6961
4413.66,101.5,9.6961
4414.67,100.5,9.6961
4415.67,101.5,9.6961
4416.68,102.5,9.6961
4417.68,100.5,9.6961
4418.69,101.5,9.6961
4419.69,99.5,9.6961
4420.7,102.5,9.6961
4421.7,99.5,9.6961
4422.71,100.5,9.6961
4423.71,100.5,9.6961
4424.72,101.5,9.6961
4425.72,103.5,9.6964
4426.73,101.5,9.6964
4427.73,100.5,9.6964
4428.74,101.5,9.6964
4429.75,100.5,9.6964
4430.75,100.5,9.6964
4431.76,100.5,9.6964
4432.76,100.5,9.6964
4433.77,104.5,9.6966
4434.77,102.5,9.6966
4435.78,99.5,9.6966
4436.78,100.5,9.6966
4437.79,101.5,9.6966
4438.79,100.5,9.6966
4439.8,102.5,9.6966
4440.8,99.5,9.6966
4441.81,102.5,9.6966
4442.81,101.5,9.6966
4443.82,100.5,9.6966
4444.82,101.5,9.6966
4445.83,100.5,9.6966
4446.83,100.5,9.6966
4447.84,101.5,9.6966
4448.84,100.5,9.6966
4449.85,100.5,9.6966
4450.85,103.5,9.6968
4451.86,99.5,9.6968
4452.87,101.5,9.6968
4453.87,100.5,9.6968
4454.88,99.5,9.6968
4455.88,100.5,9.6968
4456.89,102.5,9.6968
4457.89,99.5,9.6968
4458.9,100.5,9.6968
4459.9,102.5,9.6968
4460.91,101.5,9.6968
4461.91,101.5,9.6968
4462.92,100.5,9.6968
4463.92,100.5,9.6968
4464.93,100.5,9.6968
4465.93,100.5,9.6968
4466.94,101.5,9.6968
4467.94,99.5,9.6968
4468.95,101.5,9.6968
4469.95,101.5,9.6968
4470.96,101.5,9.6968
4471.96,100.5,9.6968
4472.97,102.5,9.6968
4473.97,100.6,9.6968
4474.98,100.5,9.6968
4475.98,100.5,9.6968
4476.99,101.5,9.6968
4477.99,100.5,9.6968
4479.0,100.5,9.6968
4480.0,102.5,9.6968
4481.01,101.5,9.6968
4482.02,100.5,9.6968
4483.02,100.5,9.6968
4484.03,102.5,9.6968
4485.03,100.5,9.6968
4486.04,99.5,9.6968
4487.04,103.5,9.6968
4488.05,99.5,9.6968
4489.05,106.5,9.697
4490.06,99.5,9.697
4491.06,101.5,9.697
4492.07,99.5,9.697
4493.07,101.4,9.697
4494.08,100.5,9.697
4495.08,101.5,9.697
4496.09,101.5,9.697
4497.1,99.5,9.697
4498.1,104.5,9.6971
4499.11,101.5,9.6971
4500.11,99.4,9.6971
4501.12,101.4,9.6971
4502.12,99.5,9.6971
4503.13,101.5,1.7539
4504.13,13.9,2.0002
4505.14,313.4,2.3655
4506.14,310.4,2.6926
4507.15,294.4,3.1915
4508.15,138.5,3.7063
4509.15,307.5,3.8465
4510.16,351.9,4.0907
4511.16,339.0,4.3964
4512.17,320.7,4.6755
4513.17,307.4,4.9508
4514.18,318.5,5.1976
4515.18,291.0,5.3269
4516.18,304.6,5.5023
4517.19,296.6,5.676
4518.19,262.7,5.8306
4519.2,294.6,5.9593
4520.2,309.4,6.1243
4521.21,204.4,6.2768
4522.21,305.4,6.4297
4523.22,304.7,6.556
4524.22,265.2,6.7854
4525.22,324.3,7.3209
4526.23,234.8,7.3739
4527.23,239.7,7.374
4528.24,237.8,7.375
4529.24,227.9,7.3752
4530.25,157.2,7.3754
4531.26,125.3,7.3754
4532.26,162.1,7.3758
4533.27,133.3,7.3762
4534.27,126.3,7.3765
4535.28,154.2,7.3805
4536.28,135.4,7.4765
4537.29,165.1,7.4765
4538.29,134.3,7.4765
4539.3,158.2,7.4765
4540.3,140.3,7.4765
4541.31,101.5,7.4765
4542.31,110.4,7.4765
4543.32,123.3,7.4765
4544.32,106.5,7.4765
4545.33,131.3,7.4771
4546.33,132.3,7.5765
4547.34,100.5,7.5765
4548.34,128.3,7.5765
4549.35,167.1,7.5765
4550.35,103.5,7.5765
4551.36,105.4,7.5765
4552.36,111.4,7.5765
4553.37,261.6,8.2928
4554.38,102.5,8.3398
4555.38,104.5,8.3398
4556.39,103.5,8.3398
4557.39,111.4,8.3398
4558.4,112.4,8.3398
4559.4,105.4,8.3398
4560.41,99.5,8.3398
4561.41,117.4,8.3398
4562.42,113.4,8.3398
4563.42,101.5,8.3398
4564.43,101.5,8.3398
4565.43,101.5,8.3398
4566.44,103.4,8.3398
4567.44,173.1,8.3398
4568.45,194.2,8.3398
4569.45,200.4,8.3398
4570.46,106.5,8.3398
4571.46,101.5,8.3398
4572.47,101.5,8.3398
4573.47,101.5,8.3398
4574.48,108.4,8.3398
4575.48,100.5,8.3398
4576.49,103.5,8.3398
4577.49,101.5,8.3398
4578.5,103.5,8.3398
4579.5,99.5,8.3398
4580.51,101.5,8.3398
4581.51,99.5,8.3398
4582.52,197.4,8.3416
4583.52,176.1,8.5432
4584.53,105.4,8.5435
4585.53,130.3,8.5435
4586.54,119.4,8.5435
4587.54,120.4,8.5435
4588.55,103.5,8.5435
4589.55,102.5,8.5435
4590.56,100.5,8.5435
4591.57,102.5,8.5435
4592.57,147.2,8.5435
4593.58,100.5,8.5435
4594.58,120.4,8.5435
4595.59,104.4,8.5435
4596.59,99.5,8.5435
4597.6,103.5,8.5435
4598.6,129.5,8.5435
4599.61,100.5,8.5435
4600.61,101.5,8.5435
4601.62,102.5,8.5435
4602.62,101.5,8.5435
4603.63,101.5,8.5435
4604.63,100.5,8.5435
4605.64,125.3,8.5435
4606.64,99.5,8.5435
4607.65,101.5,8.5435
4608.65,112.4,8.5435
4609.66,108.6,8.5435
4610.66,317.5,8.5438
4611.67,292.1,8.7132
4612.67,192.2,8.8374
4613.68,113.4,8.8374
4614.68,120.4,8.8374
4615.69,104.4,8.8374
4616.69,100.5,8.8374
4617.7,100.5,8.8374
4618.7,102.5,8.8374
4619.71,99.5,8.8374
4620.71,102.5,8.8374
4621.72,100.5,8.8374
4622.72,146.5,8.8375
4623.73,183.1,8.8385
4624.73,100.5,8.8385
4625.74,101.5,8.8385
4626.74,101.5,8.8385
4627.75,102.5,8.8385
4628.75,99.5,8.8385
4629.76,102.5,8.8385
4630.76,101.5,8.8385
4631.77,99.5,8.8385
4632.77,101.5,8.8385
4633.78,233.3,8.8394
4634.78,99.5,8.8394
4635.79,100.5,8.8394
4636.79,101.5,8.8394
4637.8,101.5,8.8394
4638.8,102.5,8.8394
4639.81,99.5,8.8394
4640.81,101.5,8.8394
4641.82,100.5,8.8394
4642.82,113.4,8.8394
4643.83,323.3,9.3695
4644.83,101.5,9.3695
4645.84,99.5,9.3695
4646.85,101.5,9.3695
4647.85,99.5,9.3695
4648.86,101.5,9.3695
4649.86,100.5,9.3695
4650.87,102.5,9.3695
4651.87,99.5,9.3695
4652.88,101.5,9.3695
4653.88,167.1,9.6754
4654.89,100.5,9.6754
4655.89,102.5,9.6754
4656.9,101.5,9.6754
4657.9,100.5,9.6754
4658.91,101.5,9.6754
4659.91,100.5,9.6754
4660.92,100.5,9.6754
4661.92,103.5,9.6759
4662.93,101.5,9.6759
4663.94,101.5,9.6759
4664.94,101.5,9.6759
4665.95,101.5,9.6759
4666.95,100.5,9.6759
4667.96,100.5,9.6759
4668.96,100.5,9.6759
4669.97,103.5,9.6759
4670.97,101.5,9.6759
4671.98,100.5,9.6759
4672.98,101.5,9.6759
4673.99,100.5,9.6759
4674.99,100.5,9.6759
4676.0,101.5,9.6759
4677.0,100.5,9.6759
4678.01,120.4,9.6759
4679.01,100.5,9.6759
4680.02,100.5,9.6759
4681.02,101.5,9.6759
4682.03,100.5,9.6759
4683.03,100.6,9.6759
4684.04,100.5,9.6759
4685.04,101.5,9.6759
4686.05,100.5,9.6759
4687.05,102.5,9.6759
4688.06,101.5,9.6759
4689.06,100.5,9.6759
4690.07,99.6,9.6759
4691.07,102.5,9.6759
4692.08,100.5,9.6759
4693.08,99.5,9.6759
4694.09,101.6,9.6759
4695.09,102.5,9.6759
4696.1,101.5,9.6759
4697.1,100.5,9.6759
4698.11,99.5,9.6759
4699.11,103.5,9.6759
4700.12,99.5,9.6759
4701.12,100.5,9.6759
4702.13,100.6,9.6759
4703.13,102.5,9.676
4704.14,101.5,9.676
4705.14,101.5,9.676
4706.15,101.5,9.676
4707.16,99.5,9.676
4708.16,101.5,9.676
4709.17,100.5,9.676
4710.17,102.5,9.6762
4711.18,99.5,9.6762
4712.18,101.5,9.6762
4713.19,99.5,9.6762
4714.19,102.5,9.6762
4715.2,100.5,9.6762
4716.2,100.6,9.6762
4717.21,101.5,9.6762
4718.21,101.5,9.6762
4719.22,100.5,9.6762
4720.22,101.5,9.6762
4721.23,101.5,9.6762
4722.23,99.5,9.6762
4723.24,101.5,9.6762
4724.24,102.5,9.6762
4725.25,99.5,9.6762
4726.25,100.5,9.6762
4727.26,102.5,9.6762
4728.26,100.5,9.6762
4729.27,99.5,9.6762
4730.27,101.5,9.6762
4731.28,99.5,9.6762
4732.29,101.5,9.6762
4733.29,101.5,9.6762
4734.3,104.5,9.6762
4735.3,106.4,9.6763
4736.31,101.5,9.6763
4737.31,99.5,9.6763
4738.32,100.5,9.6763
4739.32,101.5,9.6763
4740.33,101.5,9.6763
4741.33,99.5,9.6763
4742.34,101.5,9.6763
4743.34,99.5,9.6763
4744.35,102.5,9.6764
4745.35,100.5,9.6764
4746.36,100.5,9.6764
4747.36,100.5,9.6764
4748.37,100.5,9.6764
4749.37,102.6,9.6764
4750.38,100.6,9.6764
4751.38,100.5,9.6764
4752.39,101.5,9.6764
4753.39,101.5,9.6764
4754.4,101.7,9.6764
4755.4,100.5,9.6764
4756.41,99.5,9.6764
4757.41,102.5,9.6764
4758.42,99.5,9.6764
4759.42,100.2,9.6764
4760.43,100.5,9.6764
4761.43,101.5,9.6764
4762.44,100.5,9.6764
4763.45,102.5,9.6764
4764.45,100.4,9.6764
4765.46,100.5,9.6764
4766.46,99.5,9.6764
4767.47,101.5,9.6764
4768.47,100.5,9.6764
4769.48,100.5,9.6764
4770.48,101.5,9.6764
4771.49,101.5,9.6764
4772.49,101.5,9.6764
4773.5,100.5,9.6764
4774.5,102.5,9.6764
4775.51,99.5,9.6764
4776.51,101.5,9.6764
4777.52,100.5,9.6764
4778.52,99.7,9.6764
4779.53,101.5,9.6764
4780.53,100.7,9.6765
4781.53,101.5,9.6765
4782.54,99.7,9.6765
4783.54,101.7,9.6765
4784.54,100.5,9.6765
4785.55,101.5,9.6765
4786.55,101.5,9.6765
4787.56,100.5,9.6765
4788.56,101.5,9.6765
4789.57,100.6,9.6765
4790.57,102.5,9.6765
4791.58,99.5,9.6765
4792.58,101.5,9.6765
4793.59,100.5,9.6765
4794.6,100.5,9.6765
4795.6,100.5,9.6765
4796.61,101.5,9.6765
4797.61,100.5,9.6765
4798.61,100.7,9.6765
4799.62,104.7,9.6766
4800.62,101.5,9.6766
4801.63,100.5,9.6766
4802.63,100.5,9.6766
4803.64,119.6,1.8875
4804.64,316.4,2.1581
4805.65,316.1,2.4837
4806.65,308.4,2.8298
4807.66,190.0,3.2508
4808.66,173.3,3.6521
4809.66,337.2,3.8261
4810.67,354.2,4.2169
4811.67,320.5,4.5588
4812.68,309.4,4.9327
4813.68,328.3,5.0503
4814.69,306.4,5.2014
4815.69,301.4,5.3618
4816.7,295.5,5.5414
4817.7,300.4,5.6787
4818.71,289.9,5.8594
4819.71,242.8,6.0111
4820.72,293.4,6.1409
4821.72,299.5,6.3197
4822.73,302.0,6.4575
4823.73,250.7,6.6284
4824.74,270.0,7.3074
4825.74,194.5,7.3104
4826.74,164.2,7.3104
4827.75,189.4,7.3104
4828.75,149.2,7.3104
4829.76,127.3,7.3104
4830.76,131.4,7.3104
4831.77,111.4,7.3104
4832.77,142.3,7.3104
4833.78,165.1,7.3104
4834.78,169.1,7.3574
4835.79,109.4,7.4106
4836.79,111.7,7.4106
4837.8,114.4,7.4106
4838.8,107.4,7.4106
4839.81,158.2,7.4106
4840.81,124.3,7.4107
4841.82,104.5,7.4107
4842.82,147.2,7.4108
4843.83,125.3,7.4109
4844.83,109.7,7.5109
4845.83,104.5,7.5109
4846.84,136.3,7.5109
4847.84,122.5,7.5109
4848.85,102.5,7.5109
4849.85,150.2,7.5109
4850.86,140.3,7.5113
4851.86,229.3,7.9704
4852.87,154.2,8.2695
4853.87,100.5,8.3109
4854.88,130.3,8.3109
4855.88,141.3,8.3109
4856.89,117.4,8.3109
4857.89,102.5,8.3109
4858.9,101.5,8.3109
4859.9,100.7,8.3109
4860.91,106.4,8.3109
4861.91,168.1,8.3109
4862.92,209.9,8.311
4863.92,101.5,8.311
4864.93,121.4,8.311
4865.93,108.4,8.311
4866.94,100.5,8.311
4867.94,115.4,8.311
4868.95,126.7,8.3111
4869.95,118.6,8.3111
4870.96,208.9,8.3111
4871.96,181.0,8.3159
4872.97,143.3,8.3159
4873.97,114.4,8.3109
4874.98,102.5,8.3109
4875.98,130.3,8.3109
4876.99,119.4,8.3109
4877.99,108.4,8.3109
4879.0,130.3,8.3109
4880.0,101.5,8.3109
4881.01,100.5,8.3109
4882.01,100.5,8.3109
4883.02,100.5,8.3109
4884.02,274.5,8.5059
4885.03,103.5,8.5059
4886.03,101.5,8.5059
4887.04,104.5,8.5059
4888.04,109.4,8.5059
4889.05,100.5,8.5059
4890.05,100.5,8.5059
4891.06,117.4,8.5059
4892.07,118.4,8.5059
4893.07,106.4,8.5059
4894.08,101.5,8.5059
4895.08,102.5,8.5059
4896.09,101.5,8.5059
4897.09,132.3,8.5059
4898.1,101.5,8.5059
4899.1,103.5,8.5059
4900.11,101.5,8.5059
4901.11,102.5,8.5059
4902.11,253.2,8.5062
4903.12,202.0,8.5062
4904.12,240.9,8.5072
4905.13,299.6,8.5605
4906.13,323.9,8.7136
4907.14,187.0,8.833
4908.14,100.5,8.833
4909.15,103.4,8.8068
4910.15,100.4,8.8068
4911.16,103.5,8.8068
4912.16,100.5,8.8068
4913.17,101.5,8.8068
4914.17,102.5,8.8068
4915.18,99.5,8.8068
4916.19,101.5,8.8068
4917.19,229.8,8.8075
4918.2,100.5,8.8075
4919.2,99.5,8.8075
4920.21,102.5,8.8075
4921.21,99.5,8.8075
4922.22,101.5,8.8075
4923.22,101.5,8.8075
4924.23,100.5,8.8075
4925.23,100.5,8.8075
4926.24,100.5,8.8075
4927.24,225.8,8.8091
4928.25,100.5,8.8091
4929.25,103.5,8.8091
4930.26,100.5,8.8091
4931.26,100.5,8.8091
4932.27,100.5,8.8091
4933.27,101.5,8.8091
4934.28,113.4,8.8091
4935.29,103.5,8.8091
4936.29,99.5,8.8091
4937.29,318.0,9.3852
4938.3,116.4,9.3897
4939.3,99.5,9.3897
4940.31,101.5,9.3897
4941.32,101.5,9.3897
4942.32,99.5,9.3897
4943.33,101.5,9.3897
4944.33,99.5,9.3897
4945.34,100.5,9.3897
4946.34,100.5,9.3897
4947.35,159.2,9.6437
4948.35,102.5,9.6437
4949.36,101.5,9.6437
4950.36,100.5,9.6437
4951.37,101.5,9.6437
4952.37,102.5,9.6437
4953.38,99.5,9.6437
4954.38,100.5,9.6437
4955.39,105.4,9.6445
4956.39,102.5,9.6445
4957.4,101.5,9.6445
4958.4,99.5,9.6445
4959.41,101.5,9.6445
4960.41,100.5,9.6445
4961.42,100.5,9.6445
4962.42,100.5,9.6445
4963.43,101.5,9.6445
4964.43,102.6,9.6445
4965.44,99.5,9.6445
4966.44,101.5,9.6445
4967.45,100.5,9.6445
4968.45,101.5,9.6445
4969.46,100.5,9.6445
4970.47,100.5,9.6445
4971.47,100.5,9.6445
4972.48,104.5,9.6445
4973.48,99.5,9.6445
4974.49,102.5,9.6445
4975.49,101.5,9.6445
4976.5,100.5,9.6445
4977.5,101.5,9.6445
4978.51,100.5,9.6445
4979.51,100.5,9.6445
4980.52,102.5,9.6447
4981.52,99.5,9.6447
4982.53,100.5,9.6447
4983.53,101.5,9.6447
4984.54,101.5,9.6447
4985.54,101.5,9.6447
4986.55,99.5,9.6447
4987.55,101.5,9.6447
4988.56,102.5,9.6447
4989.57,101.5,9.6447
4990.57,99.5,9.6447
4991.58,101.5,9.6447
4992.58,100.5,9.6447
4993.59,102.5,9.6447
4994.59,100.5,9.6447
4995.6,100.5,9.6447
4996.6,103.5,9.6447
4997.61,100.5,9.6447
4998.61,100.5,9.6447
4999.62,99.5,9.6447
5000.62,100.5,9.6447
5001.63,101.5,9.6447
5002.63,100.5,9.6447
5003.64,102.5,9.6447
5004.64,101.5,9.6447
5005.65,100.5,9.6447
5006.65,101.5,9.6447
5007.66,99.5,9.6447
5008.66,100.5,9.6447
5009.67,102.5,9.6447
5010.68,101.5,9.6447
5011.68,100.5,9.6447
5012.69,102.5,9.6449
5013.69,100.5,9.6449
5014.7,100.5,9.6449
5015.7,99.5,9.6449
5016.71,101.5,9.6449
5017.71,101.5,9.6449
5018.72,99.5,9.6449
5019.72,101.5,9.6449
5020.73,106.5,9.645
5021.73,101.5,9.645
5022.74,101.5,9.645
5023.74,99.5,9.645
5024.75,100.5,9.645
5025.75,101.5,9.645
5026.76,99.5,9.645
5027.76,100.5,9.645
5028.77,103.5,9.645
5029.77,101.5,9.645
5030.78,100.5,9.645
5031.78,101.5,9.645
5032.79,100.5,9.645
5033.79,99.6,9.645
5034.8,100.5,9.645
5035.8,101.5,9.645
5036.81,100.5,9.645
5037.81,103.5,9.645
5038.82,100.5,9.645
5039.82,100.5,9.645
5040.83,101.6,9.645
5041.84,101.4,9.645
5042.84,100.5,9.645
5043.85,101.5,9.645
5044.85,100.5,9.645
5045.86,101.5,9.6451
5046.86,101.5,9.6453
5047.87,100.5,9.6453
5048.87,101.5,9.6453
5049.88,99.5,9.6453
5050.88,101.5,9.6453
5051.89,99.5,9.6453
5052.89,102.5,9.6453
5053.9,99.6,9.6453
5054.9,102.5,9.6453
5055.91,101.5,9.6453
5056.91,99.5,9.6453
5057.92,100.6,9.6453
5058.92,101.5,9.6453
5059.93,100.5,9.6453
5060.93,100.5,9.6453
5061.94,101.5,9.6453
5062.94,100.5,9.6453
5063.95,102.5,9.6454
5064.95,100.5,9.6454
5065.96,100.5,9.6454
5066.96,100.5,9.6454
5067.97,99.5,9.6454
5068.97,101.5,9.6454
5069.98,100.5,9.6454
5070.99,100.5,9.6454
5071.99,100.5,9.6454
5073.0,103.5,9.6454
5074.0,102.5,9.6454
5075.01,100.5,9.6454
5076.01,101.5,9.6454
5077.02,99.5,9.6454
5078.02,101.5,9.6454
5079.03,99.5,9.6454
5080.03,101.5,9.6454
5081.04,100.5,9.6454
5082.04,100.5,9.6454
5083.05,104.5,9.6457
5084.05,102.5,9.6457
5085.06,101.5,9.6457
5086.06,100.5,9.6457
5087.07,100.5,9.6457
5088.07,102.5,9.6457
5089.08,100.5,9.6457
5090.08,100.5,9.6457
5091.09,101.5,9.6457
5092.09,101.5,9.6457
5093.1,100.5,9.6458
5094.11,100.5,9.6458
5095.11,101.7,9.6458
5096.11,100.5,9.6458
5097.12,100.5,9.6458
5098.12,101.5,9.6458
5099.13,99.5,9.6458
5100.13,100.5,9.6458
5101.14,100.5,9.6458
5102.14,101.5,9.6458
5103.15,101.6,9.6458
5104.15,4.0,1.9955
5105.16,322.3,2.4614
5106.16,311.4,2.9098
5107.17,285.0,3.4118
5108.17,312.2,3.5843
5109.17,356.6,3.9548
5110.18,330.6,4.3502
5111.19,324.0,4.6435
5112.19,315.3,4.8132
5113.2,302.6,4.9905
5114.2,307.4,5.1746
5115.21,305.6,5.3418
5116.21,306.4,5.5305
5117.22,306.4,5.7203
5118.22,301.4,5.9216
5119.23,306.3,6.0948
5120.23,302.5,6.2765
5121.24,308.4,6.4473
5122.24,307.9,6.6116
5123.25,297.6,6.7451
5124.25,332.2,7.3561
5125.26,304.4,7.3561
5126.26,274.5,7.3561
5127.27,244.8,7.3562
5128.27,161.2,7.3564
5129.28,158.2,7.3564
5130.28,138.4,7.3582
5131.29,121.4,7.4564
5132.29,159.2,7.4564
5133.3,127.3,7.4564
5134.3,104.4,7.4567
5135.31,148.2,7.4569
5136.31,127.3,7.4569
5137.32,159.2,7.4569
5138.32,144.2,7.4573
5139.33,187.0,7.4573
5140.33,122.4,7.4573
5141.34,127.3,7.4573
5142.35,163.1,7.4573
5143.35,123.3,7.4573
5144.36,101.5,7.4573
5145.36,102.5,7.4573
5146.37,108.5,7.4573
5147.37,170.1,7.4573
5148.38,141.3,7.4574
5149.38,234.8,8.1127
5150.39,130.3,8.2127
5151.39,124.3,8.2127
5152.4,129.3,8.2127
5153.4,124.4,8.2127
5154.41,120.4,8.2127
5155.41,111.4,8.2127
5156.42,101.5,8.2127
5157.42,111.4,8.2127
5158.43,118.4,8.2127
5159.43,141.4,8.2127
5160.44,113.4,8.2127
5161.44,114.4,8.2127
5162.45,109.4,8.2127
5163.45,103.5,8.2127
5164.46,110.4,8.2127
5165.46,114.4,8.2127
5166.47,102.5,8.2127
5167.48,102.5,8.2127
5168.48,101.5,8.2127
5169.49,101.4,8.2127
5170.49,102.5,8.2127
5171.49,102.7,8.2127
5172.5,122.5,8.2127
5173.5,103.5,8.2127
5174.51,243.7,8.4896
5175.51,101.5,8.4896
5176.52,250.8,8.4898
5177.52,292.6,8.4899
5178.53,147.2,8.4899
5179.53,101.5,8.4899
5180.54,111.4,8.4899
5181.54,107.5,8.4899
5182.55,100.5,8.4899
5183.55,135.3,8.4899
5184.56,103.5,8.4899
5185.56,258.2,8.6998
5186.57,104.5,8.7045
5187.57,100.5,8.7045
5188.58,100.5,8.7045
5189.58,101.5,8.7045
5190.59,99.5,8.7045
5191.59,106.4,8.7045
5192.6,100.5,8.7045
5193.6,101.5,8.7045
5194.61,101.5,8.7045
5195.61,100.6,8.7045
5196.62,139.6,8.7047
5197.62,179.1,8.7048
5198.63,102.5,8.7048
5199.63,99.5,8.7048
5200.64,101.5,8.7048
5201.64,100.5,8.7048
5202.65,102.5,8.7048
5203.65,100.5,8.7048
5204.66,100.5,8.7048
5205.66,100.5,8.7048
5206.67,102.5,8.7048
5207.67,213.9,8.7048
5208.68,100.5,8.7048
5209.69,100.5,8.7048
5210.69,101.5,8.7048
5211.7,99.5,8.7048
5212.7,100.5,8.7048
5213.71,101.5,8.7048
5214.71,100.7,8.7048
5215.71,100.5,8.7048
5216.72,102.5,8.7048
5217.72,216.3,9.0109
5218.73,198.0,9.2854
5219.73,101.5,9.2854
5220.74,100.5,9.2854
5221.74,102.5,9.2854
5222.75,99.5,9.2854
5223.75,101.5,9.2854
5224.76,100.5,9.2854
5225.77,100.5,9.2854
5226.77,101.5,9.2854
5227.78,100.5,9.2854
5228.78,155.2,9.5426
5229.79,102.5,9.5426
5230.79,99.5,9.5426
5231.8,100.5,9.5426
5232.8,102.5,9.5426
5233.81,100.5,9.5426
5234.81,101.5,9.5426
5235.82,111.5,9.5426
5236.82,100.5,9.5426
5237.83,101.5,9.5428
5238.83,101.5,9.5428
5239.84,101.5,9.5428
5240.84,100.5,9.5428
5241.85,100.5,9.5428
5242.85,100.5,9.5428
5243.86,101.5,9.5428
5244.87,101.5,9.5428
5245.87,102.5,9.5431
5246.88,100.5,9.5431
5247.88,100.5,9.5431
5248.89,101.5,9.5431
5249.89,100.5,9.5431
5250.9,100.5,9.5431
5251.9,102.5,9.5431
5252.91,99.5,9.5431
5253.91,105.5,9.5432
5254.92,100.5,9.5432
5255.92,101.5,9.5432
5256.93,99.5,9.5432
5257.93,101.5,9.5432
5258.94,101.5,9.5432
5259.94,100.5,9.5432
5260.95,101.5,9.5432
5261.96,99.5,9.5432
5262.96,101.5,9.5433
5263.97,101.5,9.5433
5264.97,102.5,9.5433
5265.98,99.5,9.5433
5266.98,101.5,9.5433
5267.99,100.5,9.5433
5268.99,100.5,9.5433
5270.0,100.5,9.5433
5271.0,101.5,9.5433
5272.01,100.5,9.5433
5273.01,100.5,9.5433
5274.02,100.5,9.5433
5275.02,103.5,9.5433
5276.03,99.5,9.5433
5277.03,100.5,9.5433
5278.04,100.5,9.5433
5279.04,100.5,9.5433
5280.05,101.5,9.5433
5281.05,101.6,9.5433
5282.06,99.7,9.5433
5283.06,100.5,9.5433
5284.07,100.5,9.5433
5285.07,100.5,9.5433
5286.08,101.5,9.5433
5287.08,101.5,9.5433
5288.09,100.5,9.5433
5289.09,101.5,9.5433
5290.1,101.5,9.5433
5291.1,100.5,9.5433
5292.11,101.5,9.5433
5293.11,100.5,9.5433
5294.12,99.5,9.5433
5295.12,101.5,9.5433
5296.13,102.5,9.5433
5297.14,100.5,9.5433
5298.14,100.5,9.5433
5299.15,100.5,9.5433
5300.15,102.5,9.5433
5301.16,100.5,9.5433
5302.16,100.5,9.5433
5303.17,101.5,9.5433
5304.17,99.5,9.5433
5305.18,100.5,9.5433
5306.18,103.5,9.5434
5307.19,101.5,9.5434
5308.19,100.5,9.5434
5309.2,100.5,9.5434
5310.2,101.5,9.5434
5311.21,100.5,9.5434
5312.21,100.5,9.5434
5313.22,101.5,9.5434
5314.22,100.5,9.5434
5315.23,104.5,9.5434
5316.23,100.5,9.5434
5317.24,100.5,9.5434
5318.24,100.5,9.5434
5319.25,100.5,9.5434
5320.25,101.5,9.5434
5321.26,99.5,9.5434
5322.27,101.5,9.5434
5323.27,100.5,9.5434
5324.28,103.5,9.5434
5325.28,102.5,9.5434
5326.29,101.5,9.5434
5327.29,99.5,9.5434
5328.3,100.5,9.5434
5329.3,99.5,9.5434
5330.31,101.5,9.5434
5331.31,99.5,9.5434
5332.32,100.5,9.5434
5333.32,101.5,9.5434
5334.33,101.5,9.5434
5335.33,100.5,9.5434
5336.34,100.5,9.5434
5337.34,101.5,9.5434
5338.35,101.5,9.5434
5339.35,100.5,9.5434
5340.36,100.5,9.5434
5341.36,100.5,9.5434
5342.37,102.5,9.5434
5343.37,100.5,9.5434
5344.38,101.5,9.5434
5345.38,99.5,9.5434
5346.39,101.6,9.5434
5347.39,100.5,9.5434
5348.4,101.5,9.5434
5349.4,100.5,9.5434
5350.41,102.5,9.5434
5351.42,101.5,9.5434
5352.42,100.5,9.5434
5353.43,101.5,9.5434
5354.43,100.5,9.5434
5355.44,100.5,9.5434
5356.44,101.5,9.5434
5357.45,101.5,9.5434
5358.45,99.5,9.5434
5359.46,100.5,9.5434
5360.46,101.5,9.5434
5361.47,101.5,9.5434
5362.47,101.5,9.5434
5363.48,100.5,9.5434
5364.48,100.5,9.5434
5365.49,100.5,9.5434
5366.49,100.5,9.5434
5367.5,100.6,9.5434
5368.5,102.5,9.5434
5369.51,99.5,9.5434
5370.51,99.5,9.5434
5371.52,102.5,9.5434
5372.52,104.5,9.5436
5373.53,101.5,9.5436
5374.53,100.5,9.5436
5375.54,101.5,9.5436
5376.54,101.5,9.5436
5377.55,104.5,9.5436
5378.55,101.5,9.5436
5379.56,101.5,9.5436
5380.56,100.5,9.5436
5381.57,99.5,9.5436
5382.58,102.5,9.5436
5383.58,101.5,9.5436
5384.59,100.6,9.5436
5385.59,100.5,9.5436
5386.6,99.5,9.5436
5387.6,101.5,9.5436
5388.61,99.6,9.5436
5389.61,102.5,9.5436
5390.62,99.5,9.5436
5391.62,102.5,9.5436
5392.63,100.6,9.5436
5393.63,101.5,9.5436
5394.64,100.5,9.5436
5395.64,99.5,9.5436
5396.65,102.5,9.5436
5397.65,100.5,9.5436
5398.66,100.5,9.5436
5399.66,100.5,9.5436
5400.67,100.5,9.5436
5401.67,100.5,9.5436
5402.68,100.5,9.5436
5403.68,104.7,1.9025
5404.68,318.2,2.1998
5405.69,313.4,2.5468
5406.69,263.7,2.9204
5407.7,145.2,3.3346
5408.7,283.9,3.541
5409.71,357.7,3.9152
5410.71,330.3,4.2992
5411.72,322.6,4.6227
5412.72,319.3,4.7723
5413.73,302.7,4.9601
5414.73,308.3,5.162
5415.74,306.4,5.3193
5416.74,304.6,5.5064
5417.75,282.4,5.7029
5418.75,283.6,5.8986
5419.75,295.2,6.0372
5420.76,304.4,6.2082
5421.76,297.4,6.3582
5422.77,240.4,6.5407
5423.77,192.0,6.6841
5424.78,322.1,7.2807
5425.78,221.8,7.399
5426.79,171.2,7.399
5427.79,157.1,7.399
5428.79,112.5,7.399
5429.8,129.4,7.399
5430.8,136.3,7.399
5431.81,142.3,7.399
5432.82,132.3,7.499
5433.82,165.1,7.499
5434.83,126.4,7.4995
5435.83,116.4,7.4995
5436.84,138.3,7.4995
5437.84,139.3,7.4995
5438.85,127.3,7.4995
5439.85,149.5,7.4997
5440.85,138.3,7.4997
5441.86,102.5,7.4997
5442.87,186.0,7.4997
5443.87,124.3,7.4997
5444.88,111.4,7.4997
5445.88,101.5,7.4997
5446.89,109.4,7.4997
5447.89,119.4,7.4997
5448.9,190.0,7.4997
5449.9,253.9,7.4997
5450.9,127.6,7.6
5451.91,221.9,8.2049
5452.91,119.4,8.2049
5453.92,119.4,8.2049
5454.93,138.3,8.2049
5455.93,108.4,8.2049
5456.94,100.5,8.2049
5457.94,103.5,8.2049
5458.95,110.4,8.2049
5459.95,148.2,8.2049
5460.96,119.4,8.2049
5461.96,115.5,8.2049
5462.97,104.4,8.2049
5463.97,100.5,8.2049
5464.98,103.5,8.2049
5465.98,108.4,8.2049
5466.99,112.4,8.2049
5467.99,107.4,8.2049
5469.0,104.5,8.2049
5470.0,107.4,8.2049
5471.01,109.4,8.2049
5472.01,105.5,8.205
5473.02,130.3,8.205
5474.02,106.4,8.205
5475.03,117.5,8.205
5476.03,101.5,8.205
5477.04,215.3,8.2792
5478.04,237.3,8.4935
5479.05,254.9,8.4937
5480.05,188.0,8.4938
5481.06,247.7,8.4942
5482.06,299.6,8.5116
5483.07,294.6,8.588
5484.07,163.1,8.5811
5485.08,105.4,8.5811
5486.08,101.5,8.5811
5487.09,104.4,8.5811
5488.09,103.5,8.5811
5489.09,255.2,8.7551
5490.1,107.5,8.7642
5491.1,103.5,8.7642
5492.11,102.5,8.7642
5493.12,104.4,8.7644
5494.12,99.5,8.7492
5495.13,101.5,8.7492
5496.13,101.5,8.7492
5497.14,101.5,8.7492
5498.14,105.5,8.7492
5499.15,124.3,8.7492
5500.15,100.5,8.7492
5501.15,204.3,8.7495
5502.16,115.4,8.7501
5503.16,100.5,8.7501
5504.17,104.4,8.7501
5505.18,100.5,8.7501
5506.18,99.5,8.7501
5507.19,101.6,8.7501
5508.19,102.5,8.7501
5509.2,103.5,8.7501
5510.2,99.5,8.7501
5511.21,102.5,8.7501
5512.21,224.3,8.7514
5513.21,147.2,8.7514
5514.22,100.5,8.7514
5515.22,101.5,8.7514
5516.23,100.5,8.7514
5517.23,100.5,8.7514
5518.24,101.5,8.7514
5519.25,101.5,8.7514
5520.25,100.5,8.7514
5521.26,99.5,8.7514
5522.26,172.5,8.9372
5523.26,244.7,9.3367
5524.27,101.5,9.3367
5525.27,101.5,9.3367
5526.28,100.5,9.3367
5527.29,100.5,9.3367
5528.29,101.5,9.3367
5529.3,100.5,9.3367
5530.3,99.5,9.3367
5531.31,101.5,9.3367
5532.31,100.5,9.3367
5533.32,157.2,9.5851
5534.32,101.5,9.5851
5535.33,101.5,9.5851
5536.33,101.6,9.5851
5537.34,101.5,9.5851
5538.34,100.5,9.5851
5539.35,100.5,9.5851
5540.35,100.5,9.5851
5541.36,100.5,9.5851
5542.36,102.5,9.587
5543.37,103.5,9.587
5544.37,99.5,9.587
5545.38,101.5,9.587
5546.38,101.4,9.587
5547.39,99.5,9.587
5548.39,100.7,9.587
5549.4,101.5,9.587
5550.4,102.5,9.5881
5551.41,100.5,9.5881
5552.41,103.5,9.5881
5553.42,100.5,9.5881
5554.42,100.5,9.5881
5555.43,101.5,9.5881
5556.43,101.5,9.5881
5557.44,100.5,9.5881
5558.45,100.5,9.5881
5559.45,105.4,9.5896
5560.46,100.5,9.5896
5561.46,99.5,9.5896
5562.47,102.5,9.5896
5563.47,104.5,9.5896
5564.48,101.5,9.5896
5565.48,101.5,9.5896
5566.49,100.5,9.5896
5567.49,102.5,9.5902
5568.49,100.7,9.5902
5569.5,99.5,9.5902
5570.5,101.5,9.5902
5571.51,101.5,9.5902
5572.51,99.5,9.5902
5573.52,102.5,9.5902
5574.53,100.5,9.5902
5575.53,101.5,9.5905
5576.54,99.5,9.5905
5577.54,101.5,9.5905
5578.54,101.7,9.5905
5579.55,100.5,9.5905
5580.55,100.5,9.5905
5581.56,101.5,9.5905
5582.57,101.5,9.5905
5583.57,101.5,9.5905
5584.58,101.5,9.5912
5585.58,100.5,9.5912
5586.59,100.5,9.5912
5587.59,101.5,9.5912
5588.6,100.5,9.5912
5589.6,102.5,9.5912
5590.61,99.5,9.5912
5591.61,100.5,9.5912
5592.62,101.5,9.5912
5593.62,104.5,9.5913
5594.63,99.5,9.5913
5595.63,101.5,9.5913
5596.64,100.5,9.5913
5597.64,99.5,9.5913
5598.65,101.5,9.5913
5599.65,101.5,9.5913
5600.66,99.5,9.5913
5601.66,101.5,9.5913
5602.67,104.5,9.5918
5603.67,101.5,9.5918
5604.68,99.4,9.5918
5605.69,101.5,9.5918
5606.69,101.5,9.5918
5607.7,100.5,9.5918
5608.7,101.5,9.5918
5609.71,100.5,9.5918
5610.71,102.5,9.5921
5611.72,99.5,9.5921
5612.72,102.5,9.5921
5613.73,99.5,9.5921
5614.73,100.5,9.5921
5615.74,101.5,9.5921
5616.74,100.5,9.5921
5617.75,101.5,9.5921
5618.75,100.5,9.5921
5619.76,105.5,9.5924
5620.76,100.5,9.5924
5621.77,99.5,9.5924
5622.77,101.5,9.5924
5623.78,100.5,9.5924
5624.78,100.5,9.5924
5625.79,102.5,9.5924
5626.8,100.4,9.5924
5627.8,101.4,9.5924
5628.81,102.5,9.5935
5629.81,99.5,9.5935
5630.82,101.5,9.5935
5631.82,99.5,9.5935
5632.83,101.5,9.5935
5633.83,99.5,9.5935
5634.84,102.5,9.5935
5635.84,99.5,9.5935
5636.85,103.5,9.594
5637.85,103.5,9.594
5638.86,100.5,9.594
5639.86,100.5,9.594
5640.87,100.5,9.594
5641.88,102.5,9.594
5642.88,99.5,9.594
5643.89,100.5,9.594
5644.89,101.5,9.594
5645.9,100.5,9.594
5646.9,103.5,9.5942
5647.91,100.5,9.5942
5648.91,101.5,9.5942
5649.92,100.4,9.5942
5650.92,100.5,9.5942
5651.93,101.5,9.5942
5652.93,99.5,9.5942
5653.94,103.5,9.5942
5654.94,100.5,9.5942
5655.95,100.5,9.5942
5656.95,103.5,9.5945
5657.96,101.5,9.5945
5658.96,100.5,9.5945
5659.97,101.5,9.5945
5660.97,100.5,9.5945
5661.98,100.5,9.5945
5662.98,102.5,9.5945
5663.99,99.5,9.5945
5664.99,101.5,9.5945
5666.0,101.5,9.5945
5667.0,100.5,9.5948
5668.01,100.5,9.5948
5669.01,101.5,9.5948
5670.02,100.5,9.5948
5671.02,101.5,9.5948
5672.03,101.5,9.5948
5673.04,100.5,9.5948
5674.04,101.5,9.5948
5675.05,101.5,9.5948
5676.05,100.5,9.5948
5677.06,103.5,9.5953
5678.06,100.5,9.5953
5679.07,100.5,9.5953
5680.07,100.5,9.5953
5681.08,100.5,9.5953
5682.08,101.5,9.5953
5683.09,100.5,9.5953
5684.09,100.5,9.5953
5685.1,100.5,9.5953
5686.1,101.5,9.5953
5687.11,107.4,9.5957
5688.11,101.4,9.5957
5689.12,101.5,9.5957
5690.12,99.5,9.5957
5691.13,100.5,9.5957
5692.14,101.5,9.5957
5693.14,101.5,9.5957
5694.15,101.5,9.5957
5695.15,100.5,9.5957
5696.16,100.5,9.5957
5697.16,102.5,9.5961
5698.17,100.5,9.5961
5699.17,101.5,9.5961
5700.18,99.5,9.5961
5701.18,102.5,9.5961
5702.19,102.5,9.5961
5703.19,99.5,9.5961
5704.2,2.0,1.9973
5705.2,303.1,2.1627
5706.2,344.0,2.4018
5707.21,338.8,2.7668
5708.21,318.4,3.2012
5709.22,307.4,3.8122
5710.22,313.4,4.2704
5711.23,283.5,4.8772
5712.23,294.4,5.334
5713.24,304.4,5.775
5714.24,303.6,6.2675
5715.25,305.6,6.7814
5716.25,295.7,7.0174
5717.26,305.4,7.0149
5718.26,334.2,7.0153
5719.27,277.7,1.7691
5720.27,2.0,1.9533
5721.27,345.1,2.1831
5722.27,351.1,2.4981
5723.28,329.3,2.8501
5724.28,310.4,3.1785
5725.29,310.3,3.5898
5726.29,300.4,4.0057
5727.3,302.6,4.347
5728.3,308.4,4.9476
5729.31,306.6,5.3888
5730.31,307.4,5.8104
5731.32,301.4,6.2912
5732.32,306.2,6.7789
5733.33,307.4,7.0105
5734.33,302.4,7.0108
5735.34,327.0,7.0132
5736.34,246.7,1.7696
5737.35,1484.7,2.0421
5738.35,336.1,2.245
5739.35,349.2,2.5227
5740.36,342.2,2.8397
5741.36,294.4,3.2306
5742.37,2.0,1.9166
5743.37,334.9,2.1165
5744.38,346.2,2.3329
5745.38,3.0,1.9305
5746.38,323.0,2.1218
5747.39,340.7,2.3204
5748.39,339.9,2.6507
5749.39,336.5,3.0229
5750.4,310.4,3.5887
5751.4,315.8,4.0026
5752.41,304.4,4.4287
5753.41,303.4,4.9001
5754.42,301.5,5.3739
5755.42,307.4,5.8928
5756.43,311.4,6.3162
5757.43,315.4,6.8893
5758.44,297.5,7.0416
5759.44,302.4,7.0417
5760.45,338.9,7.0426
5761.45,0.0,1.788
5762.46,269.9,2.0441
5763.46,352.2,2.2343
5764.46,219.4,2.4008
5765.47,3.0,2.0378
5766.47,319.0,2.1516
5767.48,335.3,2.3939
5768.48,305.4,2.6976
5769.49,309.6,3.0448
5770.49,317.3,3.4134
5771.49,320.0,3.7314
5772.5,11.0,1.8867
5773.5,325.5,2.0928
5774.51,339.5,2.2715
5775.51,320.3,2.6398
5776.52,307.4,3.004
5777.52,316.3,3.3457
5778.52,309.0,3.7003
5779.53,275.7,1.7746
5780.53,3.0,2.0599
5781.54,332.0,2.214
5782.54,319.4,2.541
5783.55,307.5,2.9125
5784.55,313.3,3.2602
5785.56,303.4,3.5856
5786.56,338.2,3.85
5787.56,3.0,1.9306
5788.57,343.9,2.1556
5789.57,347.2,2.4436
5790.58,316.5,2.8356
5791.58,311.3,3.1968
5792.59,316.3,3.5416
5793.59,336.8,3.7991
5794.59,3.0,1.9298
5795.6,326.1,2.126
5796.6,342.4,2.4149
5797.61,309.4,2.794
5798.61,308.5,3.1638
5799.62,312.5,3.5075
5800.62,337.1,3.7608
5801.62,7.0,1.8917
5802.63,323.3,2.0979
5803.63,338.4,2.2634
5804.64,321.3,2.5273
5805.64,306.4,2.8348
5806.65,313.4,3.1722
5807.66,303.4,3.4897
5808.66,330.6,3.7593
5809.66,4.0,1.8951
5810.67,326.1,2.0916
5811.67,336.7,2.2571
5812.67,321.6,2.5247
5813.68,303.4,2.8195
5814.68,307.4,3.1079
5815.69,315.4,3.4317
5816.69,321.6,3.7221
5817.7,3.0,1.8848
5818.7,335.3,2.0965
5819.7,372.6,2.3256
5820.71,329.3,2.6916
5821.71,317.4,3.0704
5822.72,319.3,3.424
5823.72,330.1,3.719
5824.73,1.0,1.8874
5825.73,317.1,2.0951
5826.73,358.0,2.3326
5827.74,318.4,2.6941
5828.74,311.4,3.0686
5829.75,317.3,3.4112
5830.75,324.0,3.7243
5831.76,2.0,1.8737
5832.76,308.1,2.082
5833.76,352.8,2.2923
5834.77,316.4,2.6434
5835.77,308.4,3.0038
5836.78,314.6,3.3509
5837.78,310.1,3.6827
5838.79,1.0,1.8579
5839.79,295.4,2.0681
5840.79,352.0,2.2131
5841.8,347.1,2.5367
5842.8,312.3,2.9134
5843.81,318.6,3.2711
5844.81,313.4,3.6028
5845.82,338.4,3.8708
5846.82,4.0,1.9764
5847.82,328.1,2.1573
5848.83,343.3,2.4606
5849.83,307.4,2.8438
5850.84,313.4,3.1862
5851.84,313.4,3.5266
5852.85,334.5,3.7796
5853.85,1.0,1.9088
5854.85,321.0,2.1097
5855.86,340.3,2.3246
5856.86,314.3,2.677
5857.87,307.4,3.0494
5858.87,309.5,3.3784
5859.88,315.2,3.7039
5860.88,3.0,1.8618
5861.89,308.6,2.0846
5862.89,345.5,2.2974
5863.89,315.3,2.6467
5864.9,309.6,3.015
5865.9,314.4,3.3554
5866.91,317.1,3.6836
5867.91,1.0,1.8658
5868.92,304.2,2.0643
5869.92,349.9,2.1883
5870.92,343.5,2.4314
5871.93,307.3,2.7325
5872.93,307.4,3.0238
5873.94,312.5,3.2923
5874.94,308.4,3.5962
5875.95,296.6,3.7975
5876.95,3.0,2.0001
5877.95,332.1,2.1698
5878.96,327.3,2.4397
5879.96,305.4,2.6699
5880.97,341.4,2.8503
5881.97,3.0,1.9592
5882.97,314.0,2.1075
5883.98,352.9,2.3238
5884.98,3.0,1.9958
5885.98,311.2,2.1185
5886.99,351.9,2.3301
5887.99,1.0,2.001
5888.99,328.0,2.1371
5890.0,1.0,1.9117
5891.0,337.1,2.0949
5892.0,336.6,1.7795
5893.01,5.0,2.0432
5894.01,0.0,1.7935
5895.02,286.2,2.0356
5896.02,306.0,2.1447
5897.02,3.0,1.8903
5898.03,342.2,2.2432
5899.03,349.2,2.407
5900.04,351.2,2.6122
5901.04,323.4,2.8865
5902.05,320.3,3.2774
5903.05,312.3,3.6011
5904.05,322.1,3.874
5905.06,309.4,4.1653
5906.06,313.8,4.4857
5907.07,314.4,4.7809
5908.07,307.7,4.8887
5909.08,144.2,4.9959
5910.08,120.4,5.0936
5911.09,117.4,5.186
5912.09,112.4,5.2645
5913.1,101.5,5.3375
5914.11,105.5,5.4105
5915.11,103.6,5.4823
5916.11,124.3,5.5518
5917.12,100.5,5.6181
5918.13,100.5,5.6894
5919.13,101.5,5.7555
5920.14,100.5,5.8189
5921.14,99.5,5.8845
5922.15,101.5,5.932
5923.15,102.6,5.972
5924.16,100.5,6.0108
5925.16,101.5,6.0469
5926.17,101.5,6.0837
5927.17,101.5,6.1173
5928.18,101.5,6.1513
5929.18,99.7,6.1855
5930.18,99.5,6.2183
5931.19,102.5,6.2531
5932.2,103.5,6.287
5933.2,116.4,6.3187
5934.21,101.5,6.3498
5935.21,101.5,6.3808
5936.22,100.5,6.4109
5937.22,100.5,6.4397
5938.23,100.5,6.4687
5939.23,101.5,6.4973
5940.24,100.5,6.5246
5941.24,100.5,6.5535
5942.25,101.5,6.5804
5943.25,101.5,6.6105
5944.26,99.5,6.6385
5945.26,101.5,6.6665
5946.27,101.5,6.6933
5947.27,100.5,6.7186
5948.28,102.5,6.7486
5949.28,101.5,6.776
5950.29,147.6,6.9551
5951.29,100.5,6.9551
5952.29,100.7,6.9551
5953.3,100.5,6.9551
5954.3,100.5,6.9836
5955.31,101.5,7.0071
5956.31,101.5,7.0071
5957.32,100.4,7.0071
5958.33,99.5,7.0071
5959.33,102.5,7.0071
5960.34,101.5,7.0071
5961.34,114.4,7.0071
5962.35,101.5,7.0071
5963.35,100.5,7.0071
5964.36,99.4,7.0071
5965.36,102.5,7.0071
5966.37,100.5,7.0202
5967.37,101.5,7.0448
5968.38,101.5,7.0721
5969.38,100.3,7.0993
5970.39,101.7,7.1071
5971.39,100.6,7.1071
5972.4,100.5,7.1071
5973.4,100.5,7.1071
5974.41,100.5,7.1071
5975.41,100.5,7.1071
5976.42,100.5,7.1071
5977.42,102.5,7.1071
5978.43,101.5,7.1071
5979.43,99.5,7.1071
5980.44,101.5,7.1071
5981.44,101.5,7.1071
5982.45,100.5,7.1071
5983.45,99.5,7.1071
5984.46,102.5,7.1071
5985.46,100.5,7.1071
5986.47,102.5,7.1071
5987.47,101.5,7.1071
5988.48,101.5,7.1071
5989.48,99.5,7.1071
5990.49,101.5,7.1071
5991.5,101.5,7.1071
5992.5,99.5,7.1071
5993.51,101.5,7.1071
5994.51,99.5,7.1071
5995.52,101.5,7.1071
5996.52,100.5,7.1071
5997.53,101.5,7.1071
5998.53,100.5,7.1071
5999.54,100.5,7.1071
6000.54,101.5,7.1071
6001.55,100.5,7.1071
6002.55,101.5,7.1071
6003.56,100.5,7.1071
6004.56,100.5,7.1071
6005.57,101.5,7.1071
6006.57,100.5,7.1071
6007.58,102.5,7.1072
6008.58,100.5,7.1072
6009.59,100.5,7.1072
6010.59,100.5,7.1072
6011.6,101.5,7.1072
6012.6,100.5,7.1072
6013.61,99.5,7.1072
6014.61,102.4,7.1072
6015.62,100.5,7.1072
6016.62,100.5,7.1072
6017.63,100.5,7.1072
6018.64,100.5,7.1072
6019.64,99.5,7.1072
6020.65,101.5,7.1072
6021.65,101.5,7.1072
6022.66,123.4,7.1072
6023.66,99.5,7.1072
6024.67,100.5,7.1072
6025.67,101.5,7.1072
6026.68,101.6,7.1074
6027.68,100.5,7.1074
6028.69,101.5,7.1074
6029.69,101.5,7.1074
6030.7,100.5,7.1074
6031.7,100.5,7.1074
6032.71,101.5,7.1074
6033.71,99.5,7.1074
6034.72,100.5,7.1074
6035.72,101.5,7.1074
6036.73,101.5,7.1074
6037.73,99.5,7.1074
6038.74,101.5,7.1074
6039.74,100.5,7.1074
6040.75,101.5,7.1074
6041.75,98.5,7.1074
6042.76,102.5,7.1074
6043.76,100.5,7.1074
6044.77,100.5,7.1074
6045.77,100.5,7.1074
6046.78,102.5,7.1074
6047.78,99.5,7.1074
6048.79,100.5,7.1074
6049.79,101.5,7.1074
6050.8,99.5,7.1074
6051.8,101.6,7.1074
6052.81,102.5,7.1074
6053.81,99.5,7.1074
6054.82,100.5,7.1074
6055.82,101.5,7.1074
6056.83,99.5,7.1074
6057.83,101.5,7.1074
6058.84,99.5,7.1074
6059.84,101.6,7.1074
6060.85,101.5,7.1074
6061.85,100.5,7.1074
6062.86,99.5,7.1074
6063.86,101.5,7.1074
6064.87,99.5,7.1074
6065.87,101.5,7.1074
6066.88,100.5,7.1074
6067.88,100.5,7.1074
6068.89,101.5,7.1074
6069.89,101.5,7.1074
6070.9,98.6,7.1074
6071.9,101.6,7.1074
6072.91,102.5,7.1074
6073.91,100.5,7.1074
6074.92,99.5,7.1074
6075.92,100.5,7.1074
6076.93,100.5,7.1074
6077.93,99.5,7.1074
6078.94,103.5,7.1074
6079.94,101.5,7.1074
6080.95,99.5,7.1074
6081.95,108.5,7.1075
6082.96,100.5,7.1075
6083.96,99.5,7.1075
6084.97,100.5,7.1075
6085.97,101.5,7.1075
6086.98,100.5,7.1075
6087.98,101.6,7.1075
6088.99,100.4,7.1075
6089.99,100.5,7.1075
6091.0,100.5,7.1075
6092.0,100.5,7.1075
6093.01,99.5,7.1075
6094.01,101.5,7.1075
6095.02,99.5,7.1075
6096.02,102.5,7.1075
6097.03,100.5,7.1075
6098.03,101.5,7.1075
6099.04,100.5,7.1075
6100.04,101.5,7.1075
6101.05,101.5,7.1075
6102.06,100.5,7.1075
6103.06,100.5,7.1075
6104.07,100.5,7.1075
6105.07,100.5,7.1075
6106.08,101.5,7.1075
6107.08,99.5,7.1075
6108.09,100.5,7.1075
6109.09,100.5,7.1075
6110.1,100.5,7.1075
6111.1,101.5,7.1075
6112.11,99.5,7.1075
6113.11,102.5,7.1075
6114.12,100.5,7.1075
6115.12,101.5,7.1075
6116.13,99.5,7.1075
6117.13,101.5,7.1075
6118.14,100.5,7.1075
6119.14,100.5,7.1075
6120.15,100.5,7.1075
6121.15,101.5,7.1075
6122.16,100.5,7.1075
6123.16,99.5,7.1075
6124.17,101.5,7.1075
6125.17,101.5,7.1075
6126.18,99.5,7.1075
6127.18,99.5,7.1075
6128.19,102.5,7.1075
6129.19,99.5,7.1075
6130.2,101.5,7.1075
6131.2,100.5,7.1075
6132.21,102.5,7.1075
6133.21,100.5,7.1075
6134.22,99.5,7.1075
6135.22,101.6,7.1075
6136.23,100.5,7.1075
6137.23,101.5,7.1075
6138.24,99.5,7.1075
6139.24,100.6,7.1075
6140.25,100.5,7.1075
6141.25,102.5,7.1075
6142.26,99.5,7.1075
6143.26,99.5,7.1075
6144.27,101.5,7.1075
6145.27,101.5,7.1075
6146.28,100.5,7.1075
6147.28,100.5,7.1075
6148.29,100.5,7.1075
6149.29,100.5,7.1075
6150.3,103.5,7.1075
6151.3,100.5,7.1075
6152.31,99.5,7.1075
6153.31,101.5,7.1075
6154.32,100.5,7.1077
6155.32,100.5,7.1077
6156.33,100.6,7.1077
6157.33,100.5,7.1077
6158.34,100.5,7.1077
6159.34,100.5,7.1077
6160.35,101.5,7.1077
6161.35,100.5,7.1077
6162.36,104.5,7.1077
6163.36,101.5,7.1077
6164.37,100.5,7.1077
6165.38,104.5,7.1077
6166.38,99.5,7.1077
6167.39,100.5,7.1077
6168.39,100.5,7.1077
6169.4,103.5,7.1077
6170.4,99.5,7.1077
6171.41,100.5,7.1077
6172.41,100.5,7.1077
6173.42,101.5,7.1077
6174.42,102.5,7.1077
6175.43,100.5,7.1077
6176.43,105.5,7.1077
6177.44,99.5,7.1077
6178.44,102.5,7.1077
6179.45,100.5,7.1077
6180.45,100.5,7.1077
6181.46,100.5,7.1077
6182.46,99.5,7.1077
6183.47,101.5,7.1077
6184.47,100.5,7.1077
6185.48,101.5,7.1077
6186.48,100.5,7.1077
6187.49,100.5,7.1077
6188.49,100.5,7.1077
6189.5,100.6,7.1077
6190.5,101.5,7.1077
6191.51,101.5,7.1077
6192.51,100.5,7.1077
6193.52,101.5,7.1077
6194.52,100.5,7.1077
6195.53,100.7,7.1077
6196.53,100.5,7.1077
6197.53,2.0,1.9598
6198.54,363.9,2.1565
6199.54,0.0,2.0349
6200.54,314.0,1.7808
6201.55,0.0,2.0363
6202.55,342.0,2.1456
6203.55,1.0,1.9635
6204.56,316.1,2.1129
6205.56,2.0,1.9298
6206.56,349.9,2.1223
6207.57,4.0,1.9799
6208.57,333.1,2.1156
6209.57,2.0,1.9274
6210.57,321.0,2.0909
6211.58,2.0,1.9344
6212.58,313.4,2.0899
6213.58,3253.0,1.9133
6214.58,329.0,2.0848
6215.59,0.0,1.8949
6216.59,293.2,2.0534
6217.59,2.0,1.9172
6218.6,317.0,2.0772
6219.6,2.0,1.9877
6220.61,319.0,2.1215
6221.61,1.0,1.9343
6222.61,294.3,2.0846
6223.61,4.0,1.9125
6224.62,314.1,2.0694
6225.62,1.0,1.9645
6226.62,310.1,2.1091
6227.63,361.4,2.2993
6228.63,1.0,1.9885
6229.64,316.0,2.1306
6230.64,13.0,1.9011
6231.64,326.3,2.0745
6232.65,362.8,2.2253
6233.65,248.8,2.4738
6234.66,1487.0,1.8944
6235.66,309.0,2.063
6236.67,1489.6,1.8799
6237.67,309.3,2.0712
6238.67,329.9,2.2007
6239.68,354.2,2.4149
6240.68,345.2,2.6653
6241.69,287.6,2.9748
6242.69,1.0,1.8897
6243.7,320.5,2.0815
6244.7,358.6,2.2254
6245.71,357.9,2.4478
6246.71,341.8,2.7378
6247.71,279.1,3.143
6248.72,1.0,1.9523
6249.72,321.6,2.169
6250.73,3.0,1.8028
6251.73,293.1,2.0587
6252.73,340.1,2.1932
6253.74,2.0,1.8991
6254.74,330.4,2.1428
6255.74,347.0,2.2398
6256.75,308.4,2.502
6257.75,256.8,1.7914
6258.76,3305.4,2.021
6259.76,342.0,2.2007
6260.77,366.2,2.4103
6261.77,328.2,2.6752
6262.78,315.3,2.961
6263.78,307.6,3.3675
6264.78,323.1,3.6598
6265.79,320.1,3.9672
6266.79,141.4,4.3828
6267.8,160.2,4.79
6268.8,126.3,5.2114
6269.81,103.5,5.6254
6270.81,121.4,6.0325
6271.82,113.4,6.4562
6272.82,135.4,6.89
6273.83,101.5,6.942
6274.83,103.5,7.042
6275.84,101.5,7.042
6276.84,140.3,7.042
6277.85,254.7,7.0425
6278.85,133.3,7.0427
6279.86,110.4,7.0427
6280.86,141.3,7.043
6281.87,102.5,7.043
6282.87,102.5,7.043
6283.88,127.3,7.043
6284.88,107.4,7.0431
6285.89,98.5,7.0431
6286.89,101.5,7.0431
6287.9,103.5,7.0432
6288.91,101.2,7.0432
6289.91,100.5,7.0432
6290.92,101.5,7.0432
6291.92,124.4,7.1456
6292.93,101.5,7.1936
6293.93,100.5,7.1936
6294.94,100.6,7.1936
6295.94,122.4,7.1937
6296.95,100.5,7.1937
6297.95,100.5,7.1937
6298.96,101.5,7.1937
6299.96,101.5,7.1937
6300.97,100.5,7.1937
6301.97,120.4,7.1938
6302.98,100.5,7.1938
6303.98,101.5,7.1938
6304.99,104.5,7.1938
6305.99,101.5,7.1938
6307.0,101.5,7.1938
6308.0,99.5,7.1938
6309.01,101.5,7.1938
6310.01,100.5,7.1938
6311.02,100.5,7.1938
6312.03,119.4,7.1942
6313.03,101.5,7.1942
6314.04,100.5,7.1942
6315.04,100.6,7.1942
6316.05,101.5,7.1942
6317.05,103.5,7.1942
6318.06,101.5,7.1942
6319.06,99.5,7.1942
6320.07,101.5,7.1942
6321.07,100.5,7.1942
6322.08,102.6,7.1942
6323.08,99.5,7.1942
6324.09,101.5,7.1942
6325.09,100.5,7.1942
6326.1,112.5,7.1942
6327.1,105.6,7.1942
6328.11,101.5,7.1942
6329.11,102.5,7.1942
6330.12,105.5,7.1942
6331.12,101.5,7.1942
6332.13,101.5,7.1942
6333.13,100.5,7.1942
6334.14,123.4,7.1969
6335.14,100.7,7.1969
6336.14,100.5,7.1969
6337.15,101.5,7.1969
6338.16,99.5,7.1969
6339.16,100.5,7.1969
6340.17,100.5,7.1969
6341.17,101.5,7.1969
6342.18,101.5,7.1969
6343.18,100.5,7.1969
6344.19,102.6,7.1969
6345.19,101.5,7.1969
6346.2,99.5,7.1969
6347.2,100.5,7.1969
6348.21,99.6,7.1969
6349.21,101.5,7.1969
6350.22,101.5,7.1969
6351.22,100.5,7.1969
6352.23,100.5,7.1969
6353.23,102.5,7.1969
6354.24,99.5,7.1969
6355.24,119.5,7.1973
6356.25,99.5,7.1973
6357.25,101.5,7.1973
6358.26,100.5,7.1973
6359.26,100.5,7.1973
6360.27,100.5,7.1973
6361.27,101.5,7.1973
6362.28,101.5,7.1973
6363.28,100.4,7.1973
6364.29,99.5,7.1973
6365.29,101.5,7.1973
6366.3,100.5,7.1973
6367.3,101.5,7.1973
6368.31,99.5,7.1973
6369.31,101.5,7.1973
6370.32,100.5,7.1973
6371.32,100.5,7.1973
6372.33,104.5,7.1973
6373.33,99.5,7.1973
6374.34,100.5,7.1973
6375.34,100.5,7.1976
6376.35,101.5,7.1976
6377.35,100.5,7.1976
6378.36,124.4,7.3061
6379.37,101.5,7.3061
6380.37,175.1,7.3062
6381.38,191.0,7.3062
6382.38,115.4,7.3062
6383.39,103.5,7.3062
6384.39,100.5,7.3062
6385.4,100.5,7.7482
6386.4,100.6,8.4459
6387.41,138.3,8.6467
6388.41,102.5,8.6467
6389.42,1.0,1.8939
6390.42,324.1,2.1446
6391.42,362.1,2.3406
6392.43,330.6,2.6371
6393.43,319.6,2.9536
6394.44,307.4,3.4018
6395.44,335.3,3.6918
6396.45,324.1,4.0455
6397.45,175.1,4.4936
6398.46,166.1,4.9203
6399.46,278.7,5.385
6400.47,138.3,5.8664
6401.47,104.5,6.3567
6402.48,130.2,6.9009
6403.48,116.4,6.9529
6404.49,113.5,7.021
6405.49,103.5,7.0482
6406.5,102.5,7.0482
6407.5,140.3,7.0485
6408.51,100.5,7.0485
6409.51,113.4,7.0486
6410.52,100.5,7.0486
6411.52,101.5,7.0486
6412.53,120.4,7.1531
6413.53,101.6,7.1989
6414.54,101.5,7.1989
6415.54,100.5,7.1989
6416.55,104.5,7.1989
6417.55,104.5,7.1989
6418.56,99.5,7.1991
6419.56,101.5,7.1991
6420.57,102.5,7.1991
6421.58,101.5,7.1991
6422.58,121.4,7.1998
6423.59,102.5,7.1998
6424.59,102.5,7.1998
6425.6,101.5,7.1998
6426.6,100.5,7.1998
6427.61,101.6,7.1998
6428.61,102.6,7.1999
6429.61,101.5,7.1999
6430.62,117.4,7.2001
6431.62,102.5,7.2001
6432.63,102.6,7.2001
6433.63,106.4,7.2001
6434.64,100.5,7.2001
6435.64,101.5,7.2001
6436.65,100.6,7.2001
6437.65,101.5,7.2001
6438.66,100.5,7.2001
6439.66,117.4,7.2005
6440.67,100.5,7.2005
6441.68,101.5,7.2005
6442.68,99.5,7.2005
6443.69,102.5,7.2005
6444.69,101.5,7.2005
6445.7,100.5,7.2005
6446.7,99.5,7.2005
6447.71,101.5,7.2005
6448.71,122.4,7.3032
6449.72,99.5,7.3032
6450.72,101.6,7.3032
6451.73,100.5,7.3032
6452.73,100.5,7.3032
6453.74,100.5,7.3032
6454.74,101.5,7.3032
6455.75,101.5,7.3032
6456.75,99.5,7.3032
6457.76,101.5,7.3032
6458.76,99.6,7.3179
6459.77,101.5,7.7639
6460.77,101.5,8.1079
6461.79,103.6,8.5516
6462.79,133.3,8.6444
6463.8,100.5,8.6444
6464.8,100.5,8.6444
6465.81,102.5,8.6444
6466.81,99.5,8.6444
6467.82,103.5,8.6444
6468.82,100.6,8.6444
6469.83,100.5,8.6444
6470.83,100.5,8.6444
6471.84,101.5,8.6444
6472.84,100.6,8.6444
6473.85,100.5,8.6444
6474.85,102.5,8.6464
6475.86,100.5,8.6464
6476.86,101.6,8.6464
6477.87,100.5,8.6464
6478.87,101.5,8.6464
6479.88,104.5,8.6464
6480.88,100.5,8.6464
6481.89,99.5,8.6464
6482.89,100.5,8.6464
6483.9,100.5,8.6464
6484.9,101.5,8.6464
6485.91,100.5,8.6466
6486.91,100.5,8.6466
6487.92,101.5,8.6466
6488.92,103.5,8.6466
6489.93,100.5,8.6466
6490.93,100.5,8.6466
6491.94,101.5,8.6466
6492.94,101.5,8.6466
6493.95,100.5,8.6466
6494.95,100.5,8.6466
6495.96,100.5,8.6466
6496.96,101.5,8.6466
6497.97,101.5,8.6483
6498.97,100.5,8.6483
6499.98,100.5,8.6483
6500.98,100.5,8.6483
6501.99,102.5,8.6483
6502.99,101.5,8.6483
6504.0,131.3,8.6484
6505.01,202.9,1.792
6506.01,5.0,1.9293
6507.01,353.0,2.1611
6508.01,365.9,2.2998
6509.02,3.0,1.9295
6510.02,357.1,2.1778
6511.03,2.0,1.9073
6512.03,326.3,2.1438
6513.04,356.1,2.243
6514.04,3.0,1.91
6515.05,331.3,2.1557
6516.05,365.0,2.2731
6517.05,3.0,2.038
6518.05,365.1,2.229
6519.06,1456.5,1.9109
6520.06,317.1,2.0922
6521.07,354.2,2.2258
6522.07,2.0,2.0103
6523.07,308.1,2.1516
6524.08,349.2,2.4113
6525.08,322.4,2.7734
6526.09,335.7,3.0371
6527.09,1478.8,1.9117
6528.09,323.1,2.0931
6529.1,2911.2,2.1132
6530.1,316.1,2.5502
6531.11,277.6,3.0347
6532.11,222.8,3.5642
6533.12,120.4,4.1027
6534.12,216.3,4.3451
6535.12,365.9,4.6333
6536.12,331.0,4.9129
6537.13,327.6,5.0205
6538.13,273.6,5.0508
6539.14,295.2,5.2919
6540.14,305.2,5.532
6541.14,126.3,5.5327
6542.15,237.0,5.6449
6543.15,296.6,5.7293
6544.16,244.8,5.8089
6545.16,285.1,5.9086
6546.17,257.1,6.0006
6547.17,264.6,6.1148
6548.18,306.4,6.2237
6549.18,295.6,6.329
6550.19,279.7,6.4352
6551.19,272.5,6.5893
6552.19,305.2,6.7185
6553.2,154.6,6.7583
6554.2,103.5,6.7931
6555.21,287.7,7.6334
6556.21,277.5,7.6364
6557.21,244.9,7.6367
6558.22,259.6,7.6368
6559.23,287.6,7.637
6560.23,239.7,7.6374
6561.24,200.9,7.6379
6562.24,110.4,7.6379
6563.25,156.2,7.6379
6564.25,126.3,7.638
6565.26,130.3,7.638
6566.26,111.4,7.6381
6567.27,131.3,7.6382
6568.27,198.0,7.6382
6569.28,138.3,7.6382
6570.28,113.4,7.6382
6571.29,262.6,7.6386
6572.29,112.5,7.7386
6573.3,159.1,7.7386
6574.3,147.2,7.7388
6575.31,125.3,7.7388
6576.32,132.3,7.7388
6577.32,111.4,7.739
6578.33,167.1,7.739
6579.33,121.6,7.739
6580.33,102.5,7.739
6581.34,103.5,7.739
6582.34,117.4,7.739
6583.35,109.4,7.739
6584.36,103.5,7.739
6585.36,100.5,7.739
6586.36,164.4,7.9266
6587.37,234.8,8.6891
6588.37,101.5,8.6891
6589.38,100.5,8.6891
6590.38,104.5,8.6891
6591.39,117.4,8.6891
6592.39,248.7,8.6892
6593.4,225.8,8.69
6594.41,125.3,8.69
6595.41,116.4,8.69
6596.41,104.7,8.69
6597.42,119.4,8.69
6598.42,112.4,8.69
6599.43,181.1,8.69
6600.43,129.3,8.69
6601.44,104.5,8.69
6602.44,100.5,8.69
6603.45,110.5,8.69
6604.45,125.3,8.6901
6605.46,174.1,8.6901
6606.47,101.5,8.6901
6607.47,102.5,8.6901
6608.48,102.5,8.6901
6609.48,101.5,8.6901
6610.49,105.5,8.6902
6611.49,101.5,8.6902
6612.5,128.3,8.6902
6613.5,101.6,8.6902
6614.51,100.5,8.6902
6615.51,103.5,8.6902
6616.52,117.4,8.6902
6617.52,102.5,8.6902
6618.53,119.4,8.6902
6619.53,292.1,8.8391
6620.54,112.4,8.8688
6621.54,103.5,8.8688
6622.55,105.4,8.8688
6623.55,100.5,8.8688
6624.56,100.4,8.8688
6625.56,101.5,8.8688
6626.57,101.5,8.8688
6627.57,101.5,8.8688
6628.58,99.5,8.8688
6629.58,101.5,8.8688
6630.59,102.5,8.8688
6631.6,101.5,8.8688
6632.6,100.5,8.8688
6633.61,100.5,8.8688
6634.61,101.2,8.8688
6635.62,101.5,8.8688
6636.62,101.5,8.8688
6637.63,308.5,8.8691
6638.63,268.6,1.8061
6639.64,1.0,1.9137
6640.65,304.5,2.102
6641.65,3.0,1.9162
6642.65,339.1,2.1077
6643.65,2.0,1.9681
6644.66,333.1,2.1565
6645.66,359.1,2.4673
6646.67,322.3,2.8012
6647.67,2.0,1.8913
6648.68,297.0,2.1054
6649.68,323.3,2.2416
6650.68,347.1,1.8082
6651.69,1.0,2.1057
6652.69,339.2,2.3204
6653.7,317.3,2.7579
6654.7,318.3,3.1235
6655.71,312.5,3.4615
6656.71,319.9,3.7639
6657.71,334.0,3.9647
6658.72,153.2,4.1349
6659.72,118.4,4.3116
6660.73,104.5,4.4888
6661.73,107.4,4.6581
6662.74,116.4,4.8654
6663.75,133.3,5.1065
6664.75,113.4,5.341
6665.76,101.5,5.5692
6666.76,99.5,5.8028
6667.77,101.5,6.0363
6668.77,101.5,6.2681
6669.78,101.5,6.483
6670.78,100.5,6.681
6671.79,161.2,6.8728
6672.79,100.5,6.8748
6673.8,101.5,6.8748
6674.8,101.5,6.8748
6675.81,100.5,6.9413
6676.81,102.5,6.9748
6677.82,100.5,6.9748
6678.82,99.5,6.9748
6679.83,102.5,6.9748
6680.83,102.5,6.9748
6681.84,100.5,6.9749
6682.85,100.5,6.9749
6683.85,101.5,6.9749
6684.86,101.5,6.9749
6685.86,99.5,6.9749
6686.87,101.5,6.9749
6687.87,99.5,6.9749
6688.88,104.5,6.9749
6689.88,100.5,6.9752
6690.89,199.9,1.8095
6691.89,2.0,1.971
6692.89,319.1,2.1233
6693.9,1.0,1.9207
6694.9,325.0,2.1413
6695.91,2.0,1.934
6696.91,330.3,2.2487
6697.92,304.4,2.7237
6698.92,362.0,2.89
6699.92,350.2,3.2175
6700.93,314.4,3.6334
6701.93,329.7,3.909
6702.94,323.2,4.0875
6703.94,300.4,4.2462
6704.95,315.6,4.5073
6705.95,310.4,4.9156
6706.96,219.9,5.4175
6707.96,240.7,5.771
6708.97,306.4,5.9487
6709.97,306.4,6.1482
6710.98,302.4,6.4063
6711.98,260.2,6.5876
6712.99,330.1,7.0227
6713.99,309.4,7.1022
6715.0,307.4,7.1044
6716.0,308.4,7.1054
6717.01,307.4,7.1056
6718.01,238.7,7.1063
6719.02,244.7,7.1065
6720.02,136.3,7.2066
6721.03,170.1,7.1985
6722.03,322.3,7.2988
6723.04,205.9,7.3016
6724.04,167.1,7.3018
6725.05,112.4,7.3018
6726.05,117.5,7.3019
6727.06,102.5,7.3021
6728.06,101.5,7.3021
6729.07,184.0,7.7332
6730.07,113.4,7.7333
6731.08,104.4,7.7333
6732.08,103.4,7.7333
6733.09,100.5,7.7333
6734.1,105.4,7.7333
6735.1,129.3,7.7333
6736.11,101.5,7.7333
6737.11,114.4,7.7333
6738.12,100.5,7.7333
6739.12,140.3,7.7333
6740.13,178.1,7.7844
6741.13,101.5,7.7844
6742.14,99.5,7.7844
6743.14,102.5,7.7844
6744.15,102.5,7.7844
6745.15,105.4,7.7844
6746.16,102.5,7.7844
6747.16,100.5,7.7844
6748.17,99.5,7.7844
6749.17,102.5,7.7844
6750.18,101.5,7.7844
6751.18,161.2,7.7873
6752.19,101.5,7.7873
6753.2,100.5,7.7873
6754.2,99.5,7.7873
6755.21,100.5,7.7873
6756.21,102.5,7.7873
6757.22,99.5,7.7873
6758.22,100.5,7.7873
6759.23,102.5,7.7873
6760.23,99.5,7.7873
6761.24,155.2,7.7894
6762.24,100.5,7.7894
6763.25,99.5,7.7894
6764.25,101.5,7.7894
6765.26,100.5,7.7894
6766.26,101.5,7.7894
6767.27,99.5,7.7894
6768.27,99.5,7.7894
6769.28,102.5,7.7894
6770.28,100.5,7.7894
6771.29,101.5,7.7894
6772.29,176.1,8.1778
6773.3,101.5,8.1778
6774.3,100.5,8.1778
6775.31,100.5,8.1778
6776.31,101.5,8.1778
6777.32,100.5,8.1778
6778.32,100.5,8.1778
6779.33,100.6,8.1778
6780.33,102.5,8.1778
6781.34,99.5,8.1778
6782.34,105.4,8.1778
6783.35,101.5,8.5549
6784.36,231.8,9.0093
6785.36,101.5,9.0093
6786.37,101.5,9.0093
6787.37,99.5,9.0093
6788.38,102.5,9.0093
6789.38,102.5,9.0093
6790.39,99.5,9.0093
6791.39,102.5,9.0093
6792.4,100.5,9.0093
6793.4,100.5,9.0093
6794.41,99.5,9.0093
6795.41,102.5,9.0093
6796.42,103.4,9.0123
6797.42,101.5,9.0123
6798.43,100.5,9.0123
6799.43,101.5,9.0123
6800.44,101.5,9.0123
6801.44,101.5,9.0123
6802.45,100.5,9.0123
6803.46,101.5,9.0123
6804.46,99.5,9.0123
6805.47,102.5,9.0123
6806.47,101.5,9.0123
6807.48,100.5,9.0123
6808.48,102.5,9.0139
6809.49,99.5,9.0139
6810.49,100.5,9.0139
6811.5,101.5,9.0139
6812.5,99.5,9.0139
6813.51,100.5,9.0139
6814.51,99.5,9.0139
6815.52,103.5,9.0139
6816.52,100.5,9.0139
6817.53,101.5,9.0139
6818.53,100.5,9.0139
6819.54,100.5,9.0139
6820.54,103.5,9.0158
6821.55,100.5,9.0158
6822.55,101.5,9.0158
6823.56,99.5,9.0158
6824.56,102.5,9.0158
6825.57,101.5,9.0158
6826.58,101.5,9.0158
6827.58,99.5,9.0158
6828.59,100.5,9.0158
6829.59,101.5,9.0158
6830.6,100.5,9.0158
6831.6,101.5,9.0158
6832.61,101.5,9.0173
6833.61,101.5,9.0173
6834.62,101.5,9.0173
6835.62,100.5,9.0173
6836.63,99.5,9.0173
6837.63,100.5,9.0173
6838.64,101.5,9.0173
6839.64,102.5,9.0173
6840.65,100.5,9.0173
6841.65,100.5,9.0173
6842.66,103.5,9.0186
6843.66,100.5,9.0186
6844.67,101.5,9.0186
6845.67,100.5,9.0186
6846.68,100.5,9.0186
6847.68,100.5,9.0186
6848.69,101.6,9.0186
6849.69,99.5,9.0186
6850.7,100.5,9.0186
6851.7,102.5,9.0186
6852.71,101.6,9.0186
6853.71,102.5,9.0191
6854.72,100.5,9.0191
6855.73,101.5,9.0191
6856.73,100.5,9.0191
6857.73,99.7,9.0191
6858.74,101.5,9.0191
6859.74,101.5,9.0191
6860.75,100.5,9.0191
6861.75,101.5,9.0191
6862.76,104.5,9.0191
6863.76,100.5,9.0191
6864.77,100.5,9.0191
6865.77,101.5,9.0201
6866.78,100.5,9.0201
6867.79,100.5,9.0201
6868.79,101.5,9.0201
6869.8,98.5,9.0201
6870.8,101.5,9.0201
6871.81,100.6,9.0201
6872.81,101.5,9.0201
6873.82,101.5,9.0201
6874.82,99.5,9.0201
6875.83,102.5,9.0201
6876.83,102.5,9.0216
6877.84,100.5,9.0216
6878.84,100.5,9.0216
6879.85,102.5,9.0216
6880.85,99.5,9.0216
6881.86,102.6,9.0216
6882.86,100.5,9.0216
6883.87,100.5,9.0216
6884.87,101.5,9.0216
6885.88,101.5,9.0216
6886.88,99.5,9.0216
6887.89,101.5,9.0224
6888.89,100.5,9.0224
6889.9,102.5,9.0224
6890.9,100.5,9.0224
6891.91,100.5,9.0224
6892.91,101.6,9.0224
6893.92,99.6,9.0224
6894.92,100.5,9.0224
6895.93,100.5,9.0224
6896.93,102.5,9.0224
6897.94,100.5,9.0224
6898.94,100.5,9.0227
6899.95,106.4,9.0234
6900.95,99.5,9.0234
6901.96,101.5,9.0234
6902.96,101.6,9.0234
6903.97,99.5,9.0234
6904.97,100.5,9.0234
6905.98,99.5,9.0234
6906.98,101.5,9.0234
6907.99,101.5,9.0234
6908.99,103.6,9.0245
6910.0,101.5,9.0245
6911.0,102.5,9.0245
6912.01,100.5,9.0245
6913.01,100.5,9.0245
6914.02,100.5,9.0245
6915.02,100.5,9.0245
6916.03,100.5,9.0245
6917.03,99.5,9.0245
6918.04,101.5,9.0245
6919.04,101.5,9.0245
6920.05,103.6,9.0251
6921.05,100.5,9.0251
6922.06,101.5,9.0251
6923.06,99.5,9.0251
6924.07,100.5,9.0251
6925.08,99.5,9.0251
6926.08,100.5,9.0251
6927.09,103.5,9.0251
6928.09,99.5,9.0251
6929.1,101.5,9.0251
6930.1,100.5,9.0259
6931.11,101.5,9.0259
6932.11,100.5,9.0259
6933.12,101.5,9.0259
6934.12,100.5,9.0259
6935.13,100.5,9.0259
6936.13,100.5,9.0259
6937.14,100.5,9.0259
6938.14,102.5,9.0259
6939.15,99.5,9.0259
6940.15,101.5,9.0259
6941.16,101.5,9.0267
6942.16,100.5,9.0267
6943.17,102.5,9.0267
6944.18,99.5,9.0267
6945.18,102.5,9.0267
6946.19,99.5,9.0267
6947.19,101.5,9.0267
6948.2,100.5,9.0267
6949.2,100.5,9.0267
6950.21,100.5,9.0267
6951.21,102.5,9.0267
6952.22,99.5,9.0267
6953.22,102.5,9.0277
6954.23,102.5,9.0277
6955.23,99.5,9.0277
6956.24,100.5,9.0277
6957.24,100.5,9.0277
6958.25,100.5,9.0277
6959.25,101.5,9.0277
6960.26,102.5,9.0277
6961.26,99.5,9.0277
6962.27,100.5,9.0277
6963.27,102.5,9.0283
6964.28,99.5,9.0283
6965.28,101.5,9.0283
6966.29,100.5,9.0283
6967.3,100.5,9.0283
6968.3,101.5,9.0283
6969.31,99.5,9.0283
6970.31,101.5,9.0283
6971.32,101.5,9.0283
6972.32,101.5,9.0283
6973.33,100.5,9.0283
6974.33,101.5,9.0283
6975.34,101.5,9.0289
6976.34,100.5,9.0289
6977.35,102.5,9.0289
6978.35,100.5,9.0289
6979.36,100.5,9.0289
6980.36,100.5,9.0289
6981.37,100.5,9.0289
6982.37,101.5,9.0289
6983.38,101.5,9.0289
6984.38,100.5,9.0289
6985.39,100.5,9.0289
6986.39,102.5,9.0295
6987.4,101.5,9.0295
6988.4,100.5,9.0295
6989.41,101.5,9.0295
6990.41,100.5,9.0295
6991.42,99.5,9.0295
6992.43,102.5,9.0295
6993.43,100.5,9.0295
6994.44,101.5,9.0295
6995.44,100.5,9.0295
6996.44,3.0,2.0378
6997.45,317.5,2.3333
6998.45,306.4,2.6408
6999.46,335.9,2.8029
7000.46,358.5,3.0746
7001.47,324.5,3.4604
7002.47,308.5,3.8714
7003.48,339.2,4.0183
7004.48,313.4,4.2052
7005.49,311.4,4.4655
7006.49,303.6,4.8397
7007.5,302.5,5.4108
7008.5,301.5,5.7678
7009.51,305.4,5.9714
7010.51,305.4,6.2067
7011.52,301.4,6.4906
7012.52,279.5,6.6769
7013.53,322.0,7.1602
7014.53,302.5,7.1862
7015.54,307.4,7.1865
7016.54,310.5,7.1867
7017.55,294.6,7.1869
7018.55,206.0,7.1869
7019.56,205.9,7.1869
7020.56,176.2,7.1869
7021.57,245.7,7.1871
7022.57,272.7,7.1874
7023.58,169.1,7.1874
7024.58,119.4,7.2357
7025.58,107.7,7.2877
7026.59,157.2,7.2877
7027.59,133.4,7.3769
7028.6,177.1,7.7447
7029.6,100.5,7.7447
7030.61,104.5,7.7447
7031.61,101.5,7.7447
7032.62,100.5,7.7447
7033.62,99.5,7.7447
7034.63,102.5,7.7449
7035.64,99.5,7.7449
7036.64,100.5,7.7449
7037.65,164.1,7.7926
7038.65,99.5,7.7926
7039.66,100.5,7.7926
7040.66,102.5,7.7926
7041.67,99.5,7.7926
7042.67,99.5,7.7926
7043.68,102.5,7.7926
7044.68,100.5,7.7926
7045.69,100.5,7.7926
7046.69,156.3,7.7932
7047.7,101.5,7.7932
7048.7,101.5,7.7932
7049.71,102.5,7.7932
7050.71,100.4,7.7932
7051.72,101.4,7.7932
7052.73,100.5,7.7932
7053.73,100.5,7.7932
7054.74,100.5,7.7932
7055.74,99.6,7.7932
7056.75,157.3,7.7934
7057.75,99.5,7.7934
7058.76,102.5,7.7934
7059.76,100.5,7.7934
7060.77,101.5,7.7936
7061.77,103.5,7.7936
7062.78,100.5,7.7936
7063.78,100.5,7.7936
7064.79,100.5,7.7936
7065.79,101.5,7.7936
7066.8,177.1,8.1769
7067.8,100.5,8.1769
7068.81,101.5,8.1769
7069.81,100.5,8.1769
7070.82,100.5,8.1769
7071.82,99.5,8.1769
7072.83,101.5,8.1769
7073.83,103.5,8.1769
7074.84,99.5,8.1769
7075.85,101.5,8.1769
7076.85,99.5,8.5286
7077.86,233.8,9.0122
7078.86,99.5,9.0122
7079.87,101.5,9.0122
7080.87,99.5,9.0122
7081.88,100.5,9.0122
7082.88,101.5,9.0122
7083.89,102.5,9.0122
7084.89,99.5,9.0122
7085.9,100.5,9.0122
7086.9,101.5,9.0122
7087.91,100.5,9.0122
7088.91,101.5,9.0122
7089.92,101.5,9.0124
7090.92,100.5,9.0124
7091.93,101.5,9.0124
7092.93,100.5,9.0124
7093.94,100.5,9.0124
7094.94,101.5,9.0124
7095.95,101.5,9.0124
7096.96,102.5,9.0124
7097.96,100.5,9.0124
7098.97,100.5,9.0124
7099.97,102.5,9.0124
7100.98,100.5,9.0129
7101.98,101.5,9.0129
7102.99,99.5,9.0129
7103.99,101.7,9.0129
7105.0,99.5,9.0129
7106.0,101.5,9.0129
7107.01,101.5,9.0129
7108.01,100.5,9.0129
7109.02,100.5,9.0129
7110.02,99.5,9.0129
7111.03,101.5,9.0129
7112.03,102.5,9.0129
7113.04,100.5,9.0133
7114.04,102.5,9.0133
7115.05,100.5,9.0133
7116.05,100.5,9.0133
7117.06,100.4,9.0133
7118.06,101.5,9.0133
7119.07,99.5,9.0133
7120.07,100.6,9.0133
7121.08,100.6,9.0133
7122.08,101.5,9.0133
7123.09,102.5,9.0133
7124.09,102.5,9.0139
7125.1,100.5,9.0139
7126.1,100.5,9.0139
7127.11,100.5,9.0139
7128.11,100.5,9.0139
7129.12,99.5,9.0139
7130.13,101.5,9.0139
7131.13,100.5,9.0139
7132.14,100.5,9.0139
7133.14,102.5,9.0139
7134.15,101.5,9.0139
7135.15,100.5,9.0141
7136.16,100.5,9.0141
7137.16,102.5,9.0141
7138.17,99.5,9.0141
7139.17,99.5,9.0141
7140.18,100.5,9.0141
7141.18,101.5,9.0141
7142.19,100.5,9.0141
7143.19,100.5,9.0141
7144.2,100.5,9.0141
7145.2,101.5,9.0141
7146.21,102.3,9.0143
7147.22,101.5,9.0143
7148.22,100.7,9.0143
7149.22,100.5,9.0143
7150.23,102.5,9.0143
7151.23,99.5,9.0143
7152.24,101.5,9.0143
7153.24,99.7,9.0143
7154.25,100.3,9.0143
7155.26,101.5,9.0143
7156.26,101.5,9.0145
7157.27,99.5,9.0145
7158.27,101.5,9.0145
7159.28,101.5,9.0145
7160.28,100.6,9.0145
7161.29,100.5,9.0145
7162.29,100.5,9.0145
7163.3,99.5,9.0145
7164.3,101.5,9.0145
7165.31,101.5,9.0145
7166.31,99.5,9.0145
7167.32,101.5,9.0148
7168.32,101.5,9.0148
7169.33,99.7,9.0148
7170.33,99.5,9.0148
7171.34,100.5,9.0148
7172.34,100.5,9.0148
7173.35,101.5,9.0148
7174.35,101.5,9.0148
7175.36,101.5,9.0148
7176.36,100.5,9.0148
7177.37,100.5,9.0148
7178.37,100.5,9.015
7179.38,100.5,9.015
7180.38,101.6,9.015
7181.39,100.5,9.015
7182.39,101.5,9.015
7183.4,99.5,9.015
7184.4,102.5,9.015
7185.41,101.5,9.015
7186.41,100.5,9.015
7187.42,99.5,9.015
7188.42,100.5,9.015
7189.43,101.5,9.0151
7190.43,101.5,9.0151
7191.44,100.5,9.0151
7192.44,101.5,9.0151
7193.45,100.5,9.0151
7194.46,100.5,9.0151
7195.46,100.5,9.0151
7196.46,101.7,9.0151
7197.47,98.5,9.0151
7198.47,100.5,9.0151
7199.48,101.5,9.0151
7200.48,101.5,9.0151
7201.49,100.5,9.0151
7202.49,100.6,9.0151
7203.5,101.7,9.0151
7204.5,99.7,9.0151
7205.5,100.5,9.0151
7206.51,100.5,9.0151
7207.51,101.5,9.0151
7208.52,100.5,9.0151
7209.52,99.5,9.0151
7210.53,100.5,9.0151
7211.54,102.5,9.0156
7212.54,100.5,9.0156
7213.55,101.5,9.0156
7214.55,100.5,9.0156
7215.56,100.5,9.0156
7216.56,100.5,9.0156
7217.57,100.5,9.0156
7218.57,100.5,9.0156
7219.58,100.5,9.0156
7220.58,100.5,9.0156
7221.59,100.5,9.0156
7222.59,103.5,9.0157
7223.6,102.5,9.0157
7224.6,99.5,9.0157
7225.61,101.5,9.0157
7226.61,132.3,9.0157
7227.62,113.4,9.0157
7228.62,102.5,9.0157
7229.63,161.1,9.0157
7230.63,105.4,9.0157
7231.64,101.5,9.0157
7232.64,100.5,9.0157
7233.65,100.5,9.016
7234.65,103.5,9.016
7235.66,99.5,9.016
7236.67,101.5,9.016
7237.67,100.5,9.016
7238.68,100.5,9.016
7239.68,99.5,9.016
7240.69,102.5,9.016
7241.69,101.5,9.016
7242.7,99.5,9.016
7243.7,100.5,9.016
7244.71,103.5,9.0171
7245.71,99.5,9.0171
7246.72,101.5,9.0171
7247.72,101.5,9.0171
7248.73,100.5,9.0171
7249.73,100.5,9.0171
7250.74,100.5,9.0171
7251.74,100.5,9.0171
7252.75,101.5,9.0171
7253.75,99.5,9.0171
7254.76,102.5,9.0171
7255.77,100.5,9.0173
7256.77,101.5,9.0173
7257.78,101.5,9.0173
7258.78,100.6,9.0173
7259.78,112.4,9.0173
7260.79,100.5,9.0173
7261.8,100.5,9.0173
7262.8,101.5,9.0173
7263.81,101.5,9.0173
7264.81,100.5,9.0173
7265.82,100.5,9.0173
7266.82,102.5,9.0175
7267.83,100.5,9.0175
7268.83,101.5,9.0175
7269.84,99.5,9.0175
7270.84,101.5,9.0175
7271.85,99.5,9.0175
7272.85,101.5,9.0175
7273.86,100.5,9.0175
7274.86,99.5,9.0175
7275.87,101.5,9.0175
7276.87,99.5,9.0175
7277.88,101.5,9.0177
7278.88,101.5,9.0177
7279.89,100.5,9.0177
7280.89,100.5,9.0177
7281.9,101.5,9.0177
7282.9,101.5,9.0177
7283.91,101.5,9.0177
7284.92,100.5,9.0177
7285.92,99.5,9.0177
7286.93,101.5,9.0177
7287.93,101.5,9.018
7288.94,101.5,9.018
7289.94,100.5,9.018
7290.95,101.5,9.018
7291.95,100.5,9.018
7292.96,100.5,9.018
7293.96,101.5,9.018
7294.97,100.5,9.018
7295.97,111.7,1.9782
7296.98,292.5,2.1414
7297.98,2.0,2.015
7298.98,1.0,1.9475
7299.99,304.6,2.1289
7300.99,370.7,2.2432
7302.0,1.0,2.0104
7303.0,307.1,2.1643
7304.0,3.0,1.9693
7305.0,320.0,2.1432
7306.01,358.3,2.2897
7307.01,0.0,1.97
7308.02,285.6,2.125
7309.02,367.8,2.2903
7310.02,2.0,2.0384
7311.03,326.5,2.3615
7312.03,310.3,2.7069
7313.04,269.6,3.0705
7314.04,291.2,3.1876
7315.04,352.2,3.414
7316.05,341.4,3.5822
7317.05,307.5,3.7311
7318.06,278.5,3.941
7319.06,275.7,4.1463
7320.07,300.5,4.3461
7321.07,212.9,4.5215
7322.08,307.4,4.723
7323.08,299.5,4.944
7324.09,305.6,5.1515
7325.09,301.1,5.353
7326.1,309.4,5.5527
7327.1,287.7,5.7403
7328.11,267.6,5.9423
7329.11,206.9,6.1436
7330.12,112.4,6.3446
7331.12,115.4,6.5358
7332.13,167.5,6.8684
7333.13,191.0,7.2574
7334.14,150.2,7.2574
7335.14,136.3,7.2574
7336.15,116.4,7.2574
7337.15,113.4,7.3574
7338.16,138.3,7.3575
7339.16,130.3,7.3576
7340.17,130.3,7.3576
7341.17,126.3,7.3577
7342.18,108.4,7.3577
7343.18,138.3,7.4095
7344.19,105.5,7.4577
7345.19,106.4,7.4578
7346.2,181.2,7.4578
7347.2,102.5,7.4578
7348.21,260.6,7.4581
7349.22,215.9,7.4581
7350.22,217.8,7.4581
7351.22,147.6,7.6952
7352.23,159.2,8.0354
7353.23,173.1,8.0355
7354.24,100.5,8.0355
7355.24,101.5,8.0355
7356.25,101.5,8.0355
7357.25,101.5,8.0355
7358.26,100.5,8.0355
7359.27,101.5,8.0355
7360.27,103.5,8.0355
7361.28,101.5,8.0355
7362.28,179.1,8.114
7363.29,100.5,8.114
7364.29,102.5,8.114
7365.3,100.5,8.114
7366.3,102.5,8.114
7367.31,100.5,8.114
7368.31,120.4,8.114
7369.32,100.5,8.114
7370.32,100.4,8.114
7371.33,100.5,8.114
7372.33,100.5,8.114
7373.34,174.1,8.1153
7374.34,99.5,8.1153
7375.35,100.5,8.1153
7376.35,116.5,8.1154
7377.36,100.5,8.1154
7378.36,101.5,8.1154
7379.37,112.4,8.1156
7380.37,100.5,8.1156
7381.38,99.5,8.1156
7382.39,99.5,8.1156
7383.39,102.5,8.1156
7384.4,184.0,8.1164
7385.4,99.5,8.1164
7386.41,100.5,8.1164
7387.41,100.5,8.1164
7388.42,101.5,8.1164
7389.42,101.4,8.1164
7390.43,100.5,8.1164
7391.43,102.5,8.1164
7392.44,101.5,8.1164
7393.44,101.5,8.1164
7394.45,99.5,8.1164
7395.45,196.0,8.3765
7396.46,99.5,8.3765
7397.46,102.5,8.3765
7398.47,99.5,8.3765
7399.48,100.5,8.3765
7400.48,100.5,8.3765
7401.49,100.5,8.3765
7402.49,100.5,8.3765
7403.5,101.5,8.3765
7404.5,99.5,8.3765
7405.51,100.5,8.3765
7406.51,102.5,8.3765
7407.52,273.6,8.9099
7408.52,104.5,8.9099
7409.53,100.5,8.9099
7410.53,101.5,8.9099
7411.54,100.5,8.9099
7412.54,100.5,8.9099
7413.55,101.5,8.9099
7414.55,99.6,8.9099
7415.56,101.5,8.9099
7416.56,101.5,8.9099
7417.57,101.5,8.9099
7418.57,100.5,8.9099
7419.58,100.5,8.9107
7420.59,101.5,8.9107
7421.59,101.5,8.9107
7422.6,100.5,8.9107
7423.6,101.5,8.9107
7424.61,99.5,8.9107
7425.61,101.5,8.9107
7426.62,100.6,8.9107
7427.62,100.5,8.9107
7428.63,100.5,8.9107
7429.63,101.5,8.9107
7430.64,101.5,8.9112
7431.64,100.5,8.9112
7432.65,100.5,8.9112
7433.65,101.5,8.9112
7434.66,100.5,8.9112
7435.66,104.5,8.9113
7436.67,100.5,8.9113
7437.67,101.5,8.9113
7438.68,99.5,8.9113
7439.68,101.5,8.9113
7440.69,100.5,8.9113
7441.69,101.5,8.912
7442.7,100.5,8.912
7443.7,103.5,8.912
7444.71,100.5,8.912
7445.72,100.5,8.912
7446.72,99.5,8.912
7447.73,100.5,8.912
7448.73,99.5,8.912
7449.74,101.5,8.912
7450.74,100.5,8.912
7451.75,102.5,8.9128
7452.75,101.5,8.9128
7453.76,99.6,8.9128
7454.76,101.5,8.9128
7455.77,101.5,8.9128
7456.77,99.5,8.9128
7457.78,101.5,8.9128
7458.78,101.5,8.9128
7459.79,101.5,8.9128
7460.79,99.5,8.9128
7461.8,104.5,8.9132
7462.8,196.0,8.9132
7463.81,199.9,8.9172
7464.81,101.5,8.912
7465.82,100.5,8.912
7466.82,100.5,8.912
7467.83,101.5,8.912
7468.83,101.5,8.912
7469.84,99.5,8.912
7470.85,101.5,8.912
7471.85,102.5,8.9122
7472.86,99.5,8.9122
7473.86,102.5,8.9122
7474.87,100.5,8.9122
7475.87,100.5,8.9122
7476.88,99.5,8.9122
7477.88,102.5,8.9122
7478.89,100.5,8.9122
7479.89,100.5,8.9122
7480.9,102.5,8.9122
7481.9,101.5,8.9126
7482.91,100.5,8.9126
7483.91,101.5,8.9126
7484.92,101.5,8.9126
7485.92,101.5,8.9126
7486.93,100.5,8.9126
7487.93,100.5,8.9126
7488.94,101.5,8.9126
7489.94,101.5,8.9126
7490.95,104.4,8.9126
7491.95,108.4,8.9126
7492.96,101.5,8.9133
7493.96,101.5,8.9133
7494.97,101.5,8.9133
7495.97,99.5,8.9133
7496.98,99.5,8.9133
7497.98,101.5,8.9133
7498.99,101.5,8.9133
7500.0,99.5,8.9133
7501.0,100.5,8.9133
7502.01,101.5,8.9133
7503.01,102.5,8.9133
7504.02,101.5,8.9136
7505.02,100.5,8.9136
7506.03,100.5,8.9136
7507.03,100.5,8.9136
7508.04,100.5,8.9136
7509.04,100.5,8.9136
7510.05,100.5,8.9136
7511.05,101.5,8.9136
7512.06,100.5,8.9136
7513.06,99.5,8.9136
7514.07,101.5,8.9136
7515.07,103.6,8.914
7516.08,99.5,8.914
7517.08,101.5,8.914
7518.09,100.5,8.914
7519.09,101.5,8.914
7520.1,99.5,8.914
7521.1,101.6,8.914
7522.11,101.5,8.914
7523.11,101.5,8.914
7524.12,101.5,8.914
7525.12,102.5,8.9142
7526.13,101.5,8.9142
7527.13,99.5,8.9142
7528.14,100.5,8.9142
7529.14,101.5,8.9142
7530.15,100.5,8.9142
7531.15,100.5,8.9142
7532.16,101.5,8.9142
7533.16,100.5,8.9142
7534.17,100.5,8.9142
7535.17,101.5,8.9142
7536.18,102.5,8.9144
7537.18,100.5,8.9144
7538.19,100.5,8.9144
7539.19,101.5,8.9144
7540.2,100.5,8.9144
7541.21,101.5,8.9144
7542.21,99.5,8.9144
7543.22,102.5,8.9144
7544.22,100.6,8.9144
7545.23,100.5,8.9144
7546.23,101.5,8.9144
7547.24,100.5,8.9146
7548.24,100.5,8.9146
7549.25,100.5,8.9146
7550.25,100.5,8.9146
7551.26,100.5,8.9146
7552.26,102.5,8.9146
7553.27,99.5,8.9146
7554.27,102.5,8.9146
7555.28,100.5,8.9146
7556.28,101.5,8.9146
7557.29,100.5,8.9146
7558.29,101.5,8.9149
7559.3,101.5,8.9149
7560.3,101.5,8.9149
7561.31,99.5,8.9149
7562.31,101.5,8.9149
7563.32,100.5,8.9149
7564.32,99.5,8.9149
7565.33,101.5,8.9149
7566.34,99.5,8.9149
7567.34,102.5,8.9149
7568.35,100.5,8.9149
7569.35,102.5,8.9155
7570.36,100.5,8.9155
7571.36,100.5,8.9155
7572.37,101.5,8.9155
7573.37,100.5,8.9155
7574.38,101.5,8.9155
7575.38,99.6,8.9155
7576.39,101.5,8.9155
7577.39,100.5,8.9155
7578.4,100.5,8.9155
7579.4,100.5,8.9155
7580.41,102.5,8.9155
7581.41,101.5,8.9369
7582.42,100.5,8.9369
7583.42,101.6,8.9369
7584.43,101.5,8.9369
7585.43,100.5,8.9369
7586.44,100.5,8.9369
7587.44,101.5,8.9369
7588.45,100.5,8.9369
7589.45,99.5,8.9369
7590.46,101.5,8.9369
7591.46,99.5,8.9369
7592.47,103.5,8.9369
7593.47,100.5,8.9373
7594.48,100.5,8.9373
7595.48,99.5,8.9373
7596.49,100.5,8.9373
7597.49,101.6,8.9373
7598.5,101.5,8.9373
7599.5,99.5,8.9373
7600.51,100.5,8.9373
7601.51,101.6,8.9373
7602.52,102.5,8.9373
7603.52,99.5,8.9373
7604.53,101.5,9.0139
7605.53,104.5,9.0579
7606.54,100.5,9.0581
7607.54,100.5,9.0581
7608.55,101.5,9.0581
7609.56,101.4,1.9595
7610.56,309.5,2.173
7611.56,347.9,2.3027
7612.57,1454.7,2.0524
7613.57,337.1,2.2817
7614.57,1.0,2.0239
7615.58,344.3,2.2125
7616.58,3.0,1.9976
7617.58,338.1,2.2145
7618.58,362.1,2.3839
7619.59,333.5,2.6849
7620.59,340.5,2.9964
7621.6,245.7,3.1749
7622.6,119.4,3.2709
7623.61,103.5,3.3336
7624.61,104.5,3.373
7625.62,99.5,3.4062
7626.62,104.5,3.4407
7627.63,127.4,3.4834
7628.63,101.5,3.5191
7629.64,101.5,3.548
7630.64,101.5,3.5718
7631.65,103.5,3.6101
7632.65,102.5,3.6568
7633.66,102.5,3.7019
7634.67,102.5,3.738
7635.67,99.5,3.7774
7636.68,102.5,3.8137
7637.68,101.5,3.8396
7638.69,101.5,3.8615
7639.69,125.3,3.8823
7640.7,101.5,3.9013
7641.7,102.5,3.9229
7642.71,100.5,3.9478
7643.71,100.5,3.9715
7644.72,102.5,3.9986
7645.72,99.5,4.02
7646.73,102.5,4.036
7647.73,100.5,4.0517
7648.74,99.5,4.0749
7649.74,101.5,4.1079
7650.75,99.6,4.1395
7651.75,101.5,4.1719
7652.76,102.5,4.1947
7653.76,99.5,4.224
7654.77,103.5,4.2553
7655.77,99.5,4.2827
7656.78,101.5,4.3045
7657.79,101.5,4.3271
7658.79,100.5,4.3437
7659.8,99.5,4.3572
7660.8,100.5,4.3697
7661.81,100.5,4.3822
7662.81,101.5,4.3944
7663.82,100.5,4.4062
7664.82,101.5,4.4181
7665.83,100.5,4.4328
7666.83,101.5,4.4485
7667.84,102.5,4.4684
7668.84,100.5,4.4878
7669.85,100.5,4.5056
7670.85,101.5,4.5229
7671.86,101.5,4.5342
7672.86,135.3,4.5527
7673.87,100.5,4.5645
7674.87,100.5,4.576
7675.88,100.6,4.587
7676.88,101.5,4.5921
7677.89,100.5,4.6043
7678.89,100.5,4.6184
7679.9,101.5,4.633
7680.9,100.5,4.6462
7681.91,103.5,4.6587
7682.91,99.5,4.6709
7683.92,99.5,4.6827
7684.93,101.5,4.6945
7685.93,100.5,4.7056
7686.94,100.5,4.7169
7687.94,101.5,4.7303
7688.95,101.5,4.7438
7689.95,100.5,4.7594
7690.96,100.5,4.7786
7691.96,102.5,4.796
7692.97,101.5,4.8159
7693.97,101.5,4.8282
7694.98,100.5,4.8408
7695.98,101.5,4.8522
7696.99,100.5,4.8632
7697.99,99.5,4.8738
7699.0,101.5,4.8841
7700.0,101.5,4.8945
7701.01,101.5,4.9057
7702.01,99.5,4.9192
7703.02,101.5,4.9315
7704.02,101.5,4.944
7705.03,100.5,4.9624
7706.03,100.6,4.9808
7707.04,100.5,4.9995
7708.04,101.5,5.0128
7709.05,101.5,5.0292
7710.05,100.5,5.0461
7711.06,101.5,5.0614
7712.06,99.5,5.078
7713.07,103.5,5.0943
7714.08,100.5,5.1081
7715.08,100.5,5.1186
7716.09,101.5,5.1301
7717.09,100.5,5.1404
7718.1,100.5,5.1514
7719.1,100.5,5.1615
7720.11,99.5,5.1711
7721.11,101.5,5.1814
7722.12,100.5,5.1913
7723.12,100.5,5.2046
7724.13,100.5,5.2152
7725.13,102.5,5.2296
7726.14,100.6,5.2455
7727.14,99.5,5.2587
7728.15,99.5,5.2698
7729.15,103.5,5.2781
7730.16,100.5,5.2963
7731.16,101.5,5.3128
7732.17,99.5,5.323
7733.17,101.5,5.3317
7734.18,99.5,5.3405
7735.18,100.5,5.3488
7736.19,101.5,5.3576
7737.19,100.5,5.366
7738.2,100.6,5.3746
7739.2,100.5,5.3918
7740.21,100.5,5.4109
7741.21,100.5,5.4263
7742.22,102.5,5.4438
7743.23,101.5,5.4634
7744.23,99.5,5.4749
7745.24,101.5,5.4882
7746.24,99.6,5.5049
7747.24,100.5,5.5233
7748.25,100.5,5.5369
7749.26,101.5,5.5519
7750.26,99.5,5.5645
7751.27,104.5,5.5762
7752.27,100.5,5.5937
7753.28,99.5,5.6041
7754.28,100.5,5.6109
7755.29,101.5,5.6229
7756.29,100.5,5.6377
7757.3,99.5,5.6517
7758.3,101.5,5.6585
7759.31,100.5,5.6661
7760.31,101.5,5.6741
7761.32,99.5,5.6814
7762.32,103.5,5.6883
7763.33,101.3,5.6959
7764.33,99.5,5.7029
7765.34,100.5,5.7099
7766.34,102.5,5.7252
7767.35,100.5,5.738
7768.35,99.7,5.7523
7769.36,102.5,5.7677
7770.36,99.5,5.7837
7771.37,101.5,5.8001
7772.37,100.5,5.8109
7773.38,101.6,5.8213
7774.38,100.5,5.8366
7775.39,100.5,5.8531
7776.39,99.5,5.8676
7777.4,103.5,5.8839
7778.4,99.5,5.8918
7779.41,99.5,5.8988
7780.41,102.5,5.9086
7781.42,101.5,5.9225
7782.42,100.5,5.9357
7783.43,100.5,5.9459
7784.43,99.8,5.9533
7785.43,99.7,5.9606
7786.44,101.5,5.9673
7787.44,101.5,5.9731
7788.45,101.5,5.9799
7789.45,100.5,5.9867
7790.46,100.5,5.9937
7791.46,101.5,6.0
7792.47,99.5,6.0133
7793.48,99.5,6.0253
7794.48,103.5,6.0406
7795.49,123.4,6.0573
7796.49,102.5,6.0726
7797.5,101.5,6.0884
7798.5,100.6,6.1008
7799.51,100.5,6.1078
7800.51,103.5,6.1233
7801.52,99.5,6.136
7802.52,100.5,6.1523
7803.53,99.5,6.1636
7804.53,101.5,6.1785
7805.54,100.5,6.1866
7806.54,103.5,6.1998
7807.55,100.5,6.2145
7808.55,101.5,6.2261
7809.56,99.5,6.2408
7810.56,101.5,6.248
7811.57,100.5,6.254
7812.57,100.5,6.2642
7813.58,101.5,6.2759
7814.58,99.5,6.2885
7815.59,100.5,6.2978
7816.59,101.6,6.3043
7817.6,101.5,6.3106
7818.6,101.5,6.3173
7819.61,99.5,6.3234
7820.61,101.5,6.3291
7821.62,99.7,6.3352
7822.62,102.4,6.3415
7823.63,100.5,6.3477
7824.63,99.5,6.3536
7825.64,101.5,6.3669
7826.64,99.5,6.3772
7827.65,102.5,6.392
7828.65,99.5,6.4046
7829.66,103.5,6.4182
7830.66,101.5,6.4279
7831.67,100.6,6.4424
7832.67,99.5,6.4516
7833.68,100.5,6.4572
7834.69,102.5,6.4699
7835.69,101.5,6.4807
7836.69,99.6,6.4947
7837.7,100.5,6.5061
7838.7,101.5,6.5198
7839.71,99.5,6.5298
7840.71,100.5,6.5375
7841.72,101.5,6.5478
7842.73,100.5,6.5596
7843.73,101.5,6.5688
7844.74,100.5,6.5777
7845.74,101.5,6.5874
7846.75,101.5,6.5966
7847.75,100.5,6.6061
7848.76,100.5,6.6163
7849.76,101.5,6.6256
7850.77,100.5,6.6359
7851.77,101.5,6.6457
7852.78,99.5,6.6557
7853.78,101.5,6.6675
7854.79,100.5,6.6756
7855.79,100.5,6.6862
7856.8,102.5,6.6972
7857.8,100.5,6.7044
7858.81,99.5,6.7153
7859.81,99.5,6.7238
7860.82,100.5,6.7308
7861.82,103.5,6.7385
7862.83,99.5,6.7425
7863.84,100.5,6.7465
7864.84,99.5,6.7535
7865.85,102.5,6.7615
7866.85,99.5,6.7693
7867.86,101.5,6.7771
7868.86,101.5,6.7854
7869.87,100.5,6.7898
7870.87,99.5,6.7943
7871.88,100.5,6.7988
7872.88,100.5,6.8036
7873.89,102.5,6.8078
7874.89,99.5,6.8122
7875.9,101.5,6.8169
7876.9,100.5,6.8212
7877.91,101.5,6.8257
7878.91,99.5,6.83
7879.92,131.3,6.9157
7880.92,100.5,6.9157
7881.93,100.5,6.9157
7882.93,101.5,6.9157
7883.94,99.5,6.9157
7884.94,100.5,6.9157
7885.95,101.5,6.9157
7886.95,100.5,6.9157
7887.96,101.5,6.9157
7888.97,100.5,6.9192
7889.97,101.5,6.933
7890.98,100.5,6.9433
7891.98,99.5,6.9569
7892.99,102.6,6.9677
7893.99,100.5,6.9677
7895.0,101.5,6.9677
7896.0,99.5,6.9677
7897.01,100.5,6.9677
7898.01,101.5,6.9677
7899.02,100.5,6.9677
7900.02,100.5,6.9677
7901.03,101.5,6.9677
7902.03,100.5,6.9677
7903.04,100.5,6.9677
7904.04,99.5,6.9677
7905.05,100.5,6.9677
7906.05,100.5,6.9677
7907.06,102.5,6.9677
7908.06,99.5,6.9677
7909.07,101.5,6.9677
7910.07,99.5,6.9677
7911.08,102.5,6.9677
7912.08,99.6,6.9677
7913.09,100.5,6.9677
7914.09,102.5,6.9677
7915.1,99.5,6.9725
7916.1,108.6,1.8561
7917.1,5.0,2.1177
7918.11,330.8,2.2438
7919.11,1.0,1.9888
7920.11,309.2,2.162
7921.11,3.0,1.9988
7922.12,304.9,2.1512
7923.12,363.8,2.3298
7924.13,158.2,2.641
7925.13,137.3,3.103
7926.14,113.4,3.5637
7927.14,122.5,4.0145
7928.15,102.5,4.4684
7929.15,100.5,4.9261
7930.16,102.5,5.3828
7931.16,140.4,5.7811
7932.17,201.9,6.0511
7933.17,299.4,6.4254
7934.18,120.4,6.64
7935.18,149.2,6.9611
7936.19,113.4,7.0549
7937.19,108.4,7.055
7938.2,101.5,7.055
7939.2,100.5,7.055
7940.21,100.5,7.055
7941.21,114.4,7.055
7942.22,113.4,7.055
7943.22,102.7,7.055
7944.23,100.5,7.055
7945.23,102.5,7.055
7946.24,100.5,7.055
7947.24,112.4,7.1466
7948.25,101.4,7.1466
7949.25,101.6,7.1468
7950.26,100.5,7.1468
7951.26,99.5,7.1468
7952.27,102.5,7.1468
7953.27,100.5,7.1468
7954.28,105.5,7.1468
7955.28,101.5,7.1468
7956.29,119.7,7.1471
7957.29,236.3,7.1491
7958.3,136.3,7.1492
7959.3,107.4,1.8562
7960.3,4.0,1.9849
7961.31,329.1,2.1415
7962.31,359.5,2.3763
7963.32,148.2,2.8145
7964.32,135.4,3.2746
7965.33,117.4,3.736
7966.33,127.3,4.1995
7967.33,142.6,4.6359
7968.34,195.0,5.0506
7969.34,113.4,5.4906
7970.35,112.4,5.9243
7971.36,108.4,6.3502
7972.36,101.5,6.7783
7973.37,117.4,6.9828
7974.37,105.5,7.0314
7975.38,135.3,7.0315
7976.38,100.5,7.0315
7977.39,101.5,7.0315
7978.39,102.1,7.0315
7979.4,99.5,7.0315
7980.4,100.5,7.0315
7981.41,103.5,7.0315
7982.41,110.6,7.0752
7983.42,101.5,7.1232
7984.42,101.5,7.1232
7985.43,100.5,7.1232
7986.43,102.5,7.1232
7987.44,107.4,7.1233
7988.44,100.5,7.1233
7989.45,101.5,7.1233
7990.45,100.5,7.1234
7991.46,231.8,7.1238
7992.46,131.3,7.1239
7993.47,234.8,7.1253
7994.47,160.2,1.8562
7995.48,2.0,2.0025
7996.48,300.1,2.1479
7997.49,354.5,2.3375
7998.49,189.0,2.641
7999.5,268.6,2.9694
8000.5,122.3,3.4042
8001.51,135.3,3.8678
8002.51,162.2,4.2805
8003.52,273.8,4.6861
8004.52,154.2,5.1083
8005.53,116.4,5.5243
8006.53,109.4,5.944
8007.54,101.5,6.341
8008.54,105.5,6.7557
8009.55,148.2,6.9861
8010.55,99.5,6.9837
8011.56,100.5,6.9837
8012.56,101.6,6.9837
8013.57,101.5,6.9837
8014.57,100.5,6.9837
8015.58,100.5,6.9837
8016.58,103.5,6.9837
8017.59,100.5,6.9837
8018.59,102.5,6.9837
8019.6,112.4,7.0846
8020.6,101.5,7.1282
8021.61,101.5,7.1282
8022.61,105.4,7.1282
8023.62,100.5,7.1282
8024.62,101.5,7.1282
8025.63,100.5,7.1282
8026.63,135.3,7.1283
8027.64,190.1,7.1283
8028.65,247.7,7.1285
8029.65,148.2,1.8567
8030.65,3394.8,2.0142
8031.66,314.1,2.1781
8032.66,3.0,2.0157
8033.66,351.9,2.2298
8034.67,359.9,2.5603
8035.67,326.3,2.7424
8036.68,1.0,1.9669
8037.68,299.1,2.1437
8038.68,360.2,2.3131
8039.69,1.0,1.9514
8040.69,308.0,2.1775
8041.7,315.1,2.2961
8042.7,329.5,2.6528
8043.71,310.3,3.0572
8044.71,279.1,1.859
8045.71,4.0,2.129
8046.71,350.9,2.3597
8047.72,2.0,1.9726
8048.72,325.3,2.1967
8049.73,317.3,2.3363
8050.73,352.2,1.8715
8051.73,6.0,2.2119
8052.74,342.0,2.3825
8053.74,3.0,1.9784
8054.75,314.0,2.2071
8055.75,325.0,2.3723
8056.75,361.9,2.5363
8057.76,9.0,2.0903
8058.76,321.1,2.3506
8059.76,357.8,2.5111
8060.76,4.0,2.0698
8061.77,323.3,2.3417
8062.77,373.1,2.4915
8063.78,0.0,2.0122
8064.78,298.4,2.1912
8065.78,350.0,2.3358
8066.78,1.0,2.111
8067.79,323.3,2.2444
8068.79,4.0,2.0128
8069.79,334.9,2.1924
8070.8,361.2,2.3177
8071.8,2.0,2.077
8072.8,360.9,2.3409
8073.81,365.9,2.5186
8074.81,302.4,1.9051
8075.81,7172.2,2.1877
8076.82,313.1,2.3008
8077.82,352.5,2.4827
8078.83,326.5,1.9061
8079.83,4.0,2.2129
8080.83,361.1,2.3896
8081.84,341.3,1.9079
8082.84,3.0,2.151
8083.84,319.1,2.2889
8084.85,362.9,2.4736
8085.85,3.0,1.9138
8086.85,1.0,2.2085
8087.86,352.9,2.3454
8088.86,343.5,2.6817
8089.87,308.4,2.8688
8090.87,2.0,2.0758
8091.87,331.0,2.2265
8092.88,362.2,2.4174
8093.88,2.0,1.9736
8094.89,292.5,2.2073
8095.89,329.0,2.3278
8096.89,359.6,2.5476
8097.9,326.4,2.8121
8098.9,320.3,3.1527
8099.91,313.3,3.4775
8100.91,301.4,3.8585
8101.92,293.7,4.2811
8102.92,288.0,4.6937
8103.93,271.6,5.0253
8104.93,146.2,5.4366
8105.94,111.4,5.9172
8106.94,179.2,6.3459
8107.94,212.3,6.5392
8108.95,101.5,6.5839
8109.95,119.4,6.6076
8110.96,212.9,6.8229
8111.97,187.1,1.9159
8112.97,2.0,2.0727
8113.97,332.4,2.3724
8114.98,317.5,2.5104
8115.98,361.1,2.7146
8116.99,334.2,2.9302
8117.99,316.5,3.1309
8119.0,310.4,3.3735
8120.0,280.5,1.9178
8121.01,1.0,2.2455
8122.01,334.1,2.4944
8123.01,365.5,2.6965
8124.02,335.2,2.9594
8125.02,317.3,3.2028
8126.03,319.5,3.4391
8127.03,308.3,3.6718
8128.04,1.0,1.9353
8129.04,280.7,2.2139
8130.05,359.2,2.4154
8131.05,0.0,2.0503
8132.05,307.2,2.2234
8133.06,342.9,2.4171
8134.06,2.0,2.2004
8135.06,342.9,2.3503
8136.07,314.4,1.9203
8137.07,3.0,2.1737
8138.08,1458.6,2.0224
8139.09,300.7,2.1932
8140.09,2.0,2.0075
8141.1,296.4,2.1846
8142.1,3.0,2.046
8143.1,314.1,2.2056
8144.11,0.0,2.1168
8145.11,320.1,2.2394
8146.11,1.0,2.0844
8147.12,330.0,2.2362
8148.12,358.4,2.4459
8149.13,342.2,2.6799
8150.13,323.1,2.9093
8151.13,5.0,2.106
8152.14,312.1,2.2451
8153.14,362.2,2.4566
8154.14,341.1,2.6911
8155.14,318.1,2.9571
8156.15,264.9,3.2705
8157.15,149.3,3.6597
8158.16,147.3,1.9219
8159.16,3354.3,2.1216
8160.16,323.0,2.2578
8161.17,351.0,2.4886
8162.17,342.0,2.7033
8163.17,2.0,2.1765
8164.18,2.0,2.0147
8165.18,306.0,2.2307
8166.19,349.9,2.3889
8167.19,360.1,2.5567
8168.19,0.0,2.1237
8169.2,348.9,2.3822
8170.2,371.4,2.552
8171.2,1.0,2.0515
8172.21,336.5,2.3241
8173.21,370.5,2.4471
8174.22,0.0,2.0048
8175.22,296.4,2.2215
8176.23,350.9,2.3586
8177.23,2.0,2.0579
8178.23,312.1,2.2158
8179.24,1984.8,2.0354
8180.24,319.3,2.2046
8181.25,2.0,2.0239
8182.25,314.1,2.2029
8183.26,0.0,2.0332
8184.26,319.1,2.2019
8185.26,1.0,2.0204
8186.27,312.0,2.2291
8187.27,0.0,2.024
8188.28,295.6,2.1924
8189.28,2.0,2.0149
8190.29,300.5,2.1875
8191.29,0.0,1.9364
8192.29,287.5,2.1863
8193.3,1.0,1.9725
8194.31,287.6,2.1875
8195.31,1.0,1.9931
8196.32,290.5,2.1812
8197.32,4.0,2.0341
8198.32,302.9,2.2024
8199.33,2.0,2.071
8200.33,328.0,2.2242
8201.33,1.0,2.141
8202.34,309.1,2.259
8203.34,1.0,2.1001
8204.34,314.3,2.243
8205.34,361.9,2.4335
8206.35,1.0,2.0684
8207.35,318.0,2.226
8208.35,3.0,2.0722
8209.36,305.1,2.2151
8210.36,2.0,2.1184
8211.36,305.1,2.2595
8212.37,1560.6,2.0133
8213.37,303.9,2.193
8214.38,2.0,2.0226
8215.38,308.0,2.1911
8216.38,3520.4,2.0389
8217.39,296.1,2.1992
8218.39,4.0,2.0382
8219.39,304.1,2.1994
8220.4,1492.2,2.0376
8221.4,287.1,2.1939
8222.4,361.4,2.359
8223.41,329.5,2.5133
8224.41,160.2,2.625
8225.42,0.0,2.0357
8226.42,304.0,2.1958
8227.43,1.0,2.037
8228.43,295.0,2.2065
8229.43,353.9,2.3608
8230.44,341.0,2.5916
8231.44,214.9,2.657
8232.45,142.3,2.7177
8233.45,103.6,2.7663
8234.46,122.4,1.9281
8235.46,0.0,2.1934
8236.46,336.1,2.3808
8237.47,307.5,2.6489
8238.47,1.0,2.1052
8239.48,301.1,2.2475
8240.48,2.0,2.0353
8241.48,314.9,2.2099
8242.49,354.9,2.3361
8243.49,14.9,2.2101
8244.5,319.3,2.6642
8245.5,293.7,3.1184
8246.51,236.7,3.551
8247.51,313.6,3.988
8248.52,302.5,4.4567
8249.52,287.6,4.9317
8250.52,157.6,5.4293
8251.53,133.3,5.9345
8252.53,104.4,6.4288
8253.54,141.5,6.8757
8254.54,363.9,8.0631
8255.55,216.9,8.4824
8256.55,224.3,8.4927
8257.55,363.9,8.5274
8258.56,343.3,8.5973
8259.56,327.5,8.5983
8260.57,314.3,8.6026
8261.57,304.4,8.6106
8262.58,137.3,8.6108
8263.58,101.5,8.6108
8264.59,233.8,8.6114
8265.59,258.7,8.6117
8266.6,260.6,8.6125
8267.6,179.1,8.6128
8268.61,181.1,8.6128
8269.61,294.5,8.6128
8270.62,295.4,8.6195
8271.62,198.0,8.62
8272.63,107.4,8.62
8273.63,100.5,8.6104
8274.64,210.9,8.6104
8275.64,258.9,8.6106
8276.65,241.7,8.6114
8277.65,218.8,8.6114
8278.66,291.5,8.6114
8279.67,234.8,8.6119
8280.67,199.9,8.6121
8281.68,135.3,8.6121
8282.68,282.5,8.6121
8283.69,273.5,8.6123
8284.69,248.7,8.6129
8285.7,225.8,8.6147
8286.7,117.5,8.6149
8287.71,158.2,8.6152
8288.71,116.6,8.6152
8289.71,106.5,8.6154
8290.72,103.5,8.6154
8291.72,130.3,8.6155
8292.73,122.6,8.6157
8293.73,147.3,8.6158
8294.74,258.8,8.6158
8295.74,136.3,8.6158
8296.75,103.5,8.6158
8297.75,115.4,8.6158
8298.76,125.3,8.6158
8299.76,100.5,8.6158
8300.77,100.5,8.6158
8301.77,115.7,8.6524
8302.78,353.2,9.6198
8303.78,109.4,9.6198
8304.78,99.7,9.6826
8305.79,103.5,9.7178
8306.79,116.4,9.7179
8307.8,108.4,9.7179
8308.81,99.5,9.7179
8309.81,100.5,9.7179
8310.82,100.5,9.7179
8311.82,103.5,9.7179
8312.83,103.5,9.7179
8313.83,100.5,9.7179
8314.84,101.5,9.7179
8315.84,102.5,9.7179
8316.85,103.5,9.7179
8317.85,99.5,9.7179
8318.86,122.5,9.718
8319.86,108.4,9.718
8320.87,103.5,9.718
8321.87,101.5,9.718
8322.88,104.5,9.718
8323.88,106.4,9.718
8324.89,99.5,9.718
8325.89,100.6,9.718
8326.9,101.5,9.718
8327.9,105.4,9.7181
8328.91,100.5,9.7181
8329.91,100.5,9.7181
8330.92,100.5,9.7181
8331.92,105.4,9.7181
8332.93,101.5,9.7181
8333.94,100.5,9.7181
8334.94,102.5,9.7181
8335.95,100.5,9.7181
8336.95,101.5,9.7181
8337.96,106.5,9.7181
8338.96,108.4,9.7181
8339.97,101.6,9.7181
8340.97,102.5,9.7181
8341.98,104.5,9.7181
8342.98,105.4,9.7181
8343.99,100.5,9.7181
8344.99,101.6,9.7181
8346.0,100.6,9.7181
8347.0,99.5,9.7181
8348.01,102.5,9.7181
8349.01,100.6,9.7181
8350.02,100.5,9.7181
8351.02,99.5,9.7181
8352.03,106.4,9.7181
8353.03,124.4,9.7181
8354.04,104.5,9.7181
8355.04,118.4,9.7181
8356.05,120.4,9.7181
8357.05,106.4,9.7181
8358.06,164.1,9.7181
8359.06,130.3,9.7181
8360.07,144.2,9.7181
8361.07,101.5,9.7181
8362.08,120.4,9.7181
8363.08,100.5,9.7181
8364.09,226.3,9.7183
8365.09,170.1,9.7858
8366.09,118.7,9.7858
8367.1,104.5,9.7858
8368.11,102.5,9.7858
8369.11,100.5,9.7858
8370.12,100.5,9.7858
8371.12,100.5,9.7858
8372.12,102.7,9.7858
8373.13,111.4,9.7858
8374.13,199.0,9.7858
8375.14,226.8,9.7858
8376.14,102.5,9.7858
8377.15,99.6,9.7858
8378.15,122.4,9.7858
8379.16,100.5,9.7858
8380.17,102.5,9.7858
8381.17,105.5,9.7858
8382.18,131.3,9.7858
8383.18,116.4,9.7858
8384.19,119.4,9.7858
8385.19,136.3,9.7858
8386.2,149.2,9.7858
8387.2,99.5,9.7858
8388.21,101.5,9.7858
8389.21,107.4,9.7858
8390.22,119.4,9.7858
8391.22,103.5,9.7858
8392.23,138.3,9.7858
8393.23,102.5,9.7858
8394.24,128.3,9.7858
8395.24,103.4,9.7859
8396.25,100.5,9.7859
8397.25,101.5,9.7859
8398.26,105.5,9.7859
8399.27,136.3,9.7859
8400.27,101.5,9.7859
8401.28,99.5,9.7859
8402.28,100.5,9.7859
8403.28,110.7,9.7865
8404.29,311.4,9.8479
8405.29,104.5,9.8479
8406.3,101.5,9.8479
8407.3,101.5,9.8479
8408.31,101.5,9.8479
8409.31,139.3,9.8479
8410.32,107.4,9.8479
8411.32,139.3,9.8479
8412.33,102.5,9.8479
8413.33,105.4,9.8479
8414.34,100.5,9.8479
8415.35,100.5,9.8479
8416.35,101.5,9.8479
8417.36,99.4,9.8479
8418.36,101.5,9.8479
8419.37,101.5,9.8479
8420.37,112.4,9.8479
8421.38,112.5,9.8479
8422.38,102.5,9.8479
8423.39,102.5,9.8479
8424.39,104.4,9.8479
8425.4,101.5,9.8479
8426.4,106.4,9.8479
8427.41,199.9,9.8479
8428.41,140.3,9.8479
8429.42,186.0,9.8479
8430.42,100.5,9.8479
8431.43,105.5,9.8479
8432.43,101.5,9.8479
8433.44,102.5,9.8479
8434.45,100.5,9.8479
8435.45,100.5,9.8479
8436.46,131.3,9.8479
8437.46,100.5,9.8479
8438.47,100.5,9.8479
8439.47,105.4,9.8479
8440.48,100.5,9.8479
8441.48,111.4,9.8479
8442.49,102.5,9.8479
8443.49,100.5,9.8479
8444.5,100.5,9.8479
8445.5,102.5,9.8479
8446.51,100.5,9.8479
8447.51,108.5,9.8481
8448.52,113.4,9.8481
8449.52,100.5,9.8481
8450.53,100.5,9.8481
8451.53,101.6,9.8481
8452.54,196.0,9.8481
8453.54,201.9,9.8481
8454.55,112.6,9.8516
8455.55,101.5,9.8516
8456.56,219.5,9.852
8457.56,164.2,9.9415
8458.57,99.5,9.9415
8459.57,101.7,9.9415
8460.57,101.5,9.9415
8461.58,101.5,9.9415
8462.58,101.5,9.9415
8463.59,101.5,9.9415
8464.59,104.5,9.9415
8465.6,106.7,9.9415
8466.6,100.5,9.9415
8467.61,101.5,9.9415
8468.61,100.5,9.9415
8469.62,100.5,9.9415
8470.62,100.5,9.9415
8471.63,106.4,9.9416
8472.63,99.5,9.9416
8473.64,102.5,9.9416
8474.65,100.4,9.9416
8475.65,100.5,9.9416
8476.66,102.5,9.9416
8477.66,102.5,9.9416
8478.67,101.5,9.9416
8479.67,100.5,9.9416
8480.68,100.5,9.9416
8481.68,101.5,9.9416
8482.69,101.5,9.9416
8483.69,99.5,9.9416
8484.7,101.5,9.9416
8485.7,99.5,9.9416
8486.71,101.5,9.9416
8487.71,100.5,9.9416
8488.72,103.5,9.9416
8489.72,100.5,9.9416
8490.73,102.5,9.9416
8491.74,100.5,9.9416
8492.74,100.5,9.9416
8493.75,100.5,9.9416
8494.75,100.6,9.9416
8495.76,133.3,9.9416
8496.76,101.5,9.9416
8497.77,111.5,9.9416
8498.77,108.4,9.9416
8499.78,100.5,9.9416
8500.78,103.5,9.9416
8501.79,103.5,9.9416
8502.79,110.4,9.9416
8503.8,103.5,9.9416
8504.8,100.5,9.9416
8505.81,101.5,9.9416
8506.81,101.5,9.9416
8507.82,101.5,9.9416
8508.82,137.3,9.9416
8509.83,106.4,9.9416
8510.83,102.5,9.9416
8511.84,102.5,9.9416
8512.84,295.3,10.0718
8513.85,128.4,10.1191
8514.85,100.5,10.1191
8515.86,101.5,10.1191
8516.86,104.5,10.1191
8517.87,99.5,10.1191
8518.87,102.5,10.1191
8519.88,104.5,10.1191
8520.88,105.4,10.1191
8521.89,102.5,10.1191
8522.89,127.3,10.1191
8523.9,103.5,10.1191
8524.9,100.5,10.1191
8525.91,101.5,10.1191
8526.91,100.5,10.1191
8527.92,101.5,10.1191
8528.92,100.5,10.1191
8529.93,100.5,10.1191
8530.93,101.5,10.1191
8531.94,102.6,10.1191
8532.94,100.5,10.1191
8533.95,101.5,10.1191
8534.95,100.5,10.1191
8535.96,101.5,10.1191
8536.96,103.5,10.1191
8537.97,100.5,10.1191
8538.97,115.5,10.1191
8539.98,112.4,10.1191
8540.98,99.5,10.1191
8541.99,102.5,10.1191
8543.0,138.1,2.0814
8544.0,266.6,2.31
8545.01,313.7,2.6633
8546.01,310.2,3.0811
8547.02,229.8,3.5518
8548.02,253.7,3.9468
8549.03,233.8,4.3795
8550.03,116.5,4.9079
8551.04,138.3,5.4418
8552.04,127.3,5.992
8553.05,123.3,6.5138
8554.05,122.4,7.0344
8555.06,380.9,8.2531
8556.06,230.8,8.6444
8557.06,348.0,8.6507
8558.07,358.1,8.6477
8559.07,330.2,8.658
8560.08,316.7,8.6594
8561.08,247.7,8.6611
8562.09,101.5,8.6611
8563.09,101.5,8.654
8564.1,225.8,8.6562
8565.1,135.3,8.6563
8566.11,205.9,8.6567
8567.11,160.1,8.6567
8568.12,263.6,8.6567
8569.12,268.8,8.665
8570.13,263.7,8.665
8571.13,106.4,8.6652
8572.14,111.4,8.6652
8573.15,188.0,8.6652
8574.15,302.4,8.6712
8575.16,228.8,8.6715
8576.16,203.9,8.6715
8577.17,247.8,8.6719
8578.17,209.9,8.672
8579.18,134.3,8.672
8580.18,144.3,8.672
8581.19,120.3,8.672
8582.19,209.9,8.6722
8583.2,187.0,8.6723
8584.2,151.2,8.673
8585.21,101.6,8.673
8586.21,105.4,8.6732
8587.22,108.5,8.6732
8588.22,126.3,8.6732
8589.23,109.4,8.6732
8590.23,151.2,8.6732
8591.24,137.3,8.6736
8592.24,102.5,8.6736
8593.25,99.5,8.6736
8594.25,116.4,8.6736
8595.26,99.5,8.6736
8596.26,102.5,8.6736
8597.27,100.5,8.6736
8598.27,190.2,9.0798
8599.28,259.7,9.6317
8600.28,101.5,9.6435
8601.29,100.5,9.7206
8602.29,104.5,9.7316
8603.3,112.4,9.7316
8604.31,100.5,9.7316
8605.31,100.5,9.7316
8606.32,102.5,9.7316
8607.32,102.5,9.7316
8608.33,101.5,9.7316
8609.33,101.5,9.7316
8610.34,100.4,9.7316
8611.34,104.7,9.7316
8612.35,105.5,9.7316
8613.35,109.4,9.7316
8614.36,102.5,9.7316
8615.36,101.5,9.7316
8616.37,100.5,9.7316
8617.37,110.4,9.7316
8618.38,101.5,9.7316
8619.38,100.5,9.7316
8620.39,101.5,9.7316
8621.39,103.5,9.7316
8622.4,100.5,9.7316
8623.4,100.5,9.7316
8624.41,100.5,9.7316
8625.41,102.5,9.7316
8626.42,100.5,9.7316
8627.42,100.5,9.7316
8628.43,101.6,9.7316
8629.43,100.5,9.7317
8630.44,103.5,9.7317
8631.45,113.4,9.7317
8632.45,100.5,9.7317
8633.46,101.5,9.7317
8634.46,107.4,9.7317
8635.47,126.5,9.7317
8636.47,102.5,9.7317
8637.48,99.5,9.7317
8638.48,100.5,9.7317
8639.49,100.5,9.7317
8640.49,100.5,9.7317
8641.5,103.5,9.7317
8642.5,101.5,9.7317
8643.51,100.5,9.7317
8644.51,110.4,9.7317
8645.52,110.4,9.7317
8646.52,120.5,9.7317
8647.53,101.5,9.7317
8648.53,130.3,9.7317
8649.54,116.4,9.7317
8650.54,164.1,9.7317
8651.55,154.2,9.7317
8652.55,115.4,9.7317
8653.56,106.4,9.7317
8654.56,100.5,9.7317
8655.57,101.5,9.7317
8656.57,183.6,9.732
8657.58,239.8,9.7981
8658.58,103.6,9.7981
8659.58,100.5,9.7981
8660.59,101.5,9.7981
8661.6,99.5,9.7981
8662.6,101.4,9.7981
8663.61,101.5,9.7981
8664.61,122.3,9.7981
8665.62,136.3,9.7981
8666.62,111.5,9.7982
8667.62,190.4,9.7982
8668.63,103.7,9.7982
8669.63,119.4,9.7982
8670.64,102.5,9.7982
8671.64,106.6,9.7982
8672.65,100.5,9.7982
8673.65,110.4,9.7982
8674.66,102.5,9.7982
8675.66,123.4,9.7982
8676.67,104.5,9.7982
8677.67,146.2,9.7982
8678.68,164.2,9.7982
8679.68,100.4,9.7982
8680.69,101.4,9.7982
8681.69,103.5,9.7982
8682.7,107.4,9.7982
8683.7,121.6,9.7982
8684.71,119.4,9.7982
8685.71,100.5,9.7982
8686.72,101.5,9.7982
8687.72,101.6,9.7982
8688.73,100.5,9.7982
8689.73,99.5,9.7982
8690.74,130.3,9.7982
8691.74,100.5,9.7982
8692.75,100.5,9.7982
8693.75,101.5,9.7982
8694.76,100.5,9.7982
8695.76,217.3,9.7983
8696.77,201.0,9.8612
8697.77,101.5,9.8612
8698.78,100.5,9.8612
8699.78,100.5,9.8612
8700.79,101.5,9.8612
8701.79,103.5,9.8612
8702.8,104.5,9.8612
8703.8,132.4,9.8612
8704.81,139.3,9.8612
8705.81,103.4,9.8612
8706.82,101.5,9.8612
8707.82,100.6,9.8612
8708.83,102.5,9.8612
8709.83,99.5,9.8612
8710.84,102.5,9.8612
8711.84,101.5,9.8612
8712.85,119.4,9.8612
8713.85,142.2,9.8612
8714.86,104.6,9.8612
8715.86,99.5,9.8612
8716.87,100.5,9.8612
8717.87,101.5,9.8612
8718.88,102.5,9.8612
8719.89,128.3,9.8612
8720.89,112.4,9.8612
8721.9,99.5,9.8612
8722.9,100.5,9.8612
8723.91,106.4,9.8612
8724.91,99.5,9.8612
8725.92,109.4,9.8612
8726.92,101.5,9.8612
8727.93,100.5,9.8612
8728.93,105.5,9.8612
8729.94,101.5,9.8612
8730.94,100.5,9.8612
8731.95,108.4,9.8612
8732.95,100.5,9.8612
8733.96,106.4,9.8612
8734.96,101.5,9.8612
8735.97,101.5,9.8612
8736.98,99.5,9.8612
8737.98,100.5,9.8612
8738.99,101.4,9.8612
8739.99,122.3,9.8612
8741.0,102.5,9.8612
8742.0,99.5,9.8612
8743.01,100.5,9.8612
8744.01,99.5,9.8612
8745.02,137.3,9.8612
8746.02,120.4,9.8612
8747.03,101.5,9.8612
8748.03,105.4,9.8612
8749.04,104.5,9.8612
8750.05,100.5,9.8612
8751.05,232.3,9.8798
8752.05,154.2,9.9493
8753.06,101.5,9.9493
8754.06,100.5,9.9493
8755.07,100.5,9.9493
8756.07,102.5,9.9493
8757.08,101.5,9.9493
8758.09,100.5,9.9493
8759.09,108.4,9.9493
8760.1,98.5,9.9493
8761.1,101.5,9.9493
8762.11,101.5,9.9493
8763.11,100.5,9.9493
8764.12,101.5,9.9493
8765.12,105.4,9.9493
8766.13,101.3,9.9493
8767.13,100.5,9.9493
8768.14,99.5,9.9493
8769.14,101.5,9.9493
8770.15,100.6,9.9493
8771.15,106.7,9.9493
8772.16,101.5,9.9493
8773.16,100.7,9.9493
8774.16,100.6,9.9493
8775.17,99.5,9.9493
8776.17,101.6,9.9493
8777.18,101.5,9.9493
8778.18,99.5,9.9493
8779.19,101.5,9.9493
8780.19,100.5,9.9493
8781.2,101.5,9.9493
8782.21,103.5,9.9493
8783.21,104.4,9.9493
8784.22,100.5,9.9493
8785.22,101.5,9.9493
8786.23,100.5,9.9493
8787.23,101.5,9.9493
8788.24,99.5,9.9493
8789.24,101.5,9.9493
8790.25,134.3,9.9493
8791.25,114.4,9.9493
8792.26,102.5,9.9493
8793.26,102.5,9.9493
8794.27,101.5,9.9493
8795.27,100.5,9.9493
8796.28,110.6,9.9493
8797.28,100.5,9.9493
8798.29,101.5,9.9493
8799.29,100.5,9.9493
8800.3,101.5,9.9493
8801.3,100.5,9.9493
8802.31,103.4,9.9493
8803.31,100.5,9.9493
8804.32,101.5,9.9493
8805.32,100.5,9.9493
8806.33,106.4,9.9493
8807.33,101.5,9.9493
8808.34,103.4,9.9497
8809.34,305.9,10.1271
8810.35,103.5,10.1271
8811.35,99.7,10.1271
8812.36,100.5,10.1271
8813.36,100.5,10.1271
8814.37,100.5,10.1271
8815.37,101.5,10.1271
8816.38,100.5,10.1271
8817.38,101.5,10.1271
8818.39,99.5,10.1271
8819.39,128.3,10.1271
8820.4,100.5,10.1271
8821.4,101.5,10.1271
8822.41,100.5,10.1271
8823.41,102.5,10.1271
8824.42,99.5,10.1271
8825.42,101.5,10.1271
8826.43,101.5,10.1271
8827.43,100.5,10.1271
8828.44,101.5,10.1271
8829.45,99.5,10.1271
8830.45,101.5,10.1271
8831.46,99.5,10.1271
8832.46,101.5,10.1271
8833.47,102.5,10.1271
8834.47,127.3,10.1271
8835.48,102.6,10.1271
8836.48,100.5,10.1271
8837.49,119.4,10.1271
8838.49,104.5,10.1271
8839.5,101.5,10.1271
8840.5,99.6,10.1271
8841.5,113.4,10.1271
8842.51,100.5,10.1271
8843.51,263.1,10.817
8844.52,396.0,2.2406
8845.52,3.0,2.0831
8846.53,314.6,2.334
8847.53,321.0,2.5008
8848.53,1.0,2.0757
8849.54,301.4,2.3031
8850.54,326.1,2.4958
8851.55,335.3,1.9817
8852.55,0.0,2.3519
8853.56,349.9,2.5479
8854.56,2.0,2.1337
8855.56,332.6,2.5069
8856.57,369.9,2.6608
8857.57,307.0,2.9357
8858.57,163.2,3.265
8859.58,113.4,3.5997
8860.58,109.6,3.9459
8861.59,118.4,4.3736
8862.59,119.4,4.8446
8863.6,2.0,2.0838
8864.6,326.0,2.3209
8865.6,317.9,2.5131
8866.61,367.9,2.6465
8867.61,4.0,2.1483
8868.61,324.3,2.4751
8869.62,352.4,2.5777
8870.62,2.0,2.0953
8871.63,338.6,2.3781
8872.63,334.0,2.5239
8873.63,1.0,2.1021
8874.64,339.3,2.3808
8875.64,334.0,2.5228
8876.65,362.1,2.6723
8877.65,1.0,2.1131
8878.65,339.3,2.4183
8879.66,314.1,2.5523
8880.66,323.4,2.7615
8881.67,2.0,2.2225
8882.67,340.1,2.3693
8883.67,0.0,2.2655
8884.68,320.0,2.4608
8885.68,344.2,2.7107
8886.69,317.3,3.005
8887.69,311.5,3.3078
8888.7,302.4,3.6847
8889.7,306.5,4.0914
8890.71,304.4,4.507
8891.71,303.6,4.9473
8892.72,300.4,5.3904
8893.72,313.4,5.7754
8894.73,326.3,5.9028
8895.73,319.3,6.1165
8896.73,0.0,2.0975
8897.74,343.3,2.3953
8898.74,305.0,2.5019
8899.75,332.3,2.7804
8900.75,319.4,3.0863
8901.76,312.3,3.4766
8902.76,304.4,3.9002
8903.77,302.5,4.3297
8904.77,309.6,4.6886
8905.78,306.4,5.0211
8906.78,301.4,5.3521
8907.79,310.6,5.6964
8908.79,323.0,5.8671
8909.8,328.3,6.1058
8910.8,1.0,2.0952
8911.8,334.1,2.3679
8912.8,326.1,2.5121
8913.81,0.0,2.082
8914.81,312.4,2.3069
8915.82,327.2,2.4909
8916.82,351.9,2.6081
8917.82,3.0,2.2634
8918.83,333.9,2.5155
8919.83,352.0,2.6795
8920.84,227.9,2.9634
8921.84,184.2,3.2779
8922.85,191.0,1.9851
8923.85,4.0,2.2122
8924.85,349.9,2.4652
8925.86,356.2,2.7226
8926.86,284.5,3.0344
8927.87,149.2,3.3788
8928.87,113.4,3.7255
8929.88,196.0,4.1556
8930.88,104.5,4.6038
8931.89,2.0,2.0849
8932.89,300.4,2.2529
8933.9,347.0,2.3796
8934.9,2.0,2.2106
8935.9,332.2,2.3502
8936.91,4.0,2.162
8937.91,344.0,2.3608
8938.91,1.0,2.1489
8939.92,341.5,2.359
8940.92,3.0,2.0808
8941.92,316.3,2.3712
8942.93,354.0,2.5318
8943.93,341.3,2.8004
8944.94,312.4,3.1089
8945.94,303.5,3.4052
8946.95,305.6,3.7247
8947.95,302.4,4.0897
8948.96,303.4,4.5129
8949.96,305.5,4.9498
8950.97,308.4,5.3913
8951.97,313.6,5.7635
8952.98,322.3,5.8508
8953.98,330.0,6.1157
8954.98,0.0,2.1437
8955.99,335.6,2.4351
8956.99,369.9,2.6514
8957.99,334.3,2.9474
8959.0,314.6,3.2503
8960.0,304.4,3.5363
8961.01,304.6,3.8734
8962.01,303.4,4.2595
8963.02,307.4,4.7016
8964.02,307.6,5.1316
8965.03,311.5,5.5785
8966.03,329.4,5.7956
8967.04,333.4,5.9617
8968.04,3.0,2.039
8969.05,300.5,2.3621
8970.05,342.9,2.5309
8971.06,350.3,2.8866
8972.06,323.3,3.2758
8973.07,307.5,3.6721
8974.07,304.1,4.0855
8975.08,304.4,4.5154
8976.08,305.4,4.9715
8977.09,303.6,5.3598
8978.09,244.7,5.7479
8979.1,310.4,5.9208
8980.1,319.3,6.0587
8981.11,227.0,2.004
8982.11,2.0,2.2859
8983.11,330.2,2.3841
8984.11,353.8,2.6361
8985.12,1.0,2.0043
8986.12,1.0,2.2685
8987.13,326.1,2.0044
8988.13,3.0,2.2914
8989.13,328.0,2.4655
8990.14,360.2,2.688
8991.14,334.2,2.9818
8992.15,320.1,3.2839
8993.15,306.9,3.5996
8994.16,304.5,3.9393
8995.16,306.4,4.2653
8996.16,309.0,4.7005
8997.17,308.4,5.1388
8998.17,299.6,5.5271
8999.18,258.7,5.8477
9000.18,317.3,5.9697
9001.19,323.5,6.1278
9002.19,1424.9,2.1029
9003.2,303.0,2.2862
9004.2,2.0,2.1067
9005.2,305.1,2.2879
9006.21,355.2,2.4376
9007.21,214.2,2.5401
9008.21,1.0,2.1344
9009.22,334.3,2.313
9010.22,313.0,2.4899
9011.23,170.2,2.5784
9012.23,127.5,2.6891
9013.23,173.3,2.764
9014.24,1.0,2.1501
9015.24,335.1,2.3
9016.24,361.9,2.4834
9017.25,1.0,2.1721
9018.25,359.9,2.3556
9019.25,2.0,2.1568
9020.25,343.0,2.4124
9021.26,370.5,2.5821
9022.26,327.3,2.9479
9023.27,311.4,3.3209
9024.27,307.6,3.7114
9025.28,305.4,4.1169
9026.28,300.4,4.5285
9027.29,305.4,4.9457
9028.29,339.5,5.1366
9029.3,3.0,2.0131
9030.3,1507.5,2.3185
9031.3,353.0,2.4662
9032.31,270.6,2.7229
9033.31,1.0,2.1227
9034.32,311.8,2.3813
9035.32,354.2,2.5367
9036.32,8.0,2.168
9037.33,311.4,2.3643
9038.33,1.0,2.0403
9039.33,2.0,2.2964
9040.33,347.2,2.4507
9041.34,0.0,2.214
9042.34,334.1,2.4015
9043.35,333.4,2.7061
9044.35,267.6,3.1115
9045.35,176.2,3.5274
9046.36,136.3,3.9476
9047.37,109.4,4.3796
9048.37,105.4,4.804
9049.38,108.4,5.2323
9050.38,100.5,5.6693
9051.39,101.5,6.0915
9052.39,100.5,6.5054
9053.4,104.5,6.9292
9054.4,118.4,7.1168
9055.41,99.5,7.1969
9056.41,101.5,7.1969
9057.42,101.6,7.1969
9058.42,114.4,7.197
9059.43,100.5,7.197
9060.43,119.4,7.1973
9061.44,101.6,7.1973
9062.44,100.5,7.1973
9063.45,100.5,7.1973
9064.45,120.4,7.238
9065.46,101.6,7.2853
9066.46,100.5,7.2853
9067.47,99.5,7.2853
9068.47,101.5,7.2853
9069.48,100.5,7.2854
9070.48,99.5,7.2854
9071.49,101.5,7.2854
9072.49,101.5,7.2854
9073.5,100.5,7.2854
9074.5,111.4,7.2858
9075.51,101.5,7.2858
9076.51,99.5,7.2858
9077.52,100.5,7.2858
9078.53,101.5,7.2858
9079.53,101.5,7.2858
9080.54,100.5,7.2858
9081.54,100.5,7.2858
9082.55,100.6,7.2858
9083.55,109.4,7.2877
9084.56,102.5,7.2878
9085.56,100.5,7.2879
9086.57,100.5,7.2879
9087.57,100.5,7.2879
9088.58,100.5,7.2879
9089.58,102.6,7.2879
9090.59,100.5,7.2879
9091.59,105.4,7.2879
9092.6,144.3,7.2884
9093.6,150.5,7.2885
9094.61,197.0,7.2919
9095.61,107.4,2.0403
9096.61,10.0,2.2936
9097.62,13.0,2.0567
9098.62,288.1,2.3296
9099.63,10.9,2.1482
9100.63,311.4,2.3518
9101.63,327.2,2.524
9102.64,337.5,2.8749
9103.64,315.3,3.2237
9104.65,328.0,3.5632
9105.65,339.2,3.8484
9106.66,208.9,4.2358
9107.66,163.2,4.6578
9108.66,0.0,2.1637
9109.67,345.1,2.3773
9110.67,353.0,2.6075
9111.67,357.9,2.8106
9112.68,331.1,3.0446
9113.68,233.9,3.3086
9114.68,180.4,3.6329
9115.69,1.0,2.0502
9116.69,2.0,2.332
9117.7,340.9,2.5386
9118.7,365.2,2.7839
9119.71,324.3,3.1203
9120.71,147.3,3.5747
9121.72,114.4,4.0147
9122.72,144.3,4.4634
9123.73,198.9,4.7436
9124.73,217.8,4.8997
9125.74,139.3,5.0807
9126.74,109.4,5.273
9127.75,107.4,5.4829
9128.75,116.4,5.7049
9129.76,107.4,5.9457
9130.76,101.6,6.1773
9131.77,100.5,6.4157
9132.77,157.4,2.0503
9133.77,2.0,2.2398
9134.78,337.5,2.6628
9135.78,320.3,3.0963
9136.79,271.7,3.5617
9137.79,285.5,4.0674
9138.8,180.1,4.5393
9139.8,304.4,4.6643
9140.81,346.2,4.9187
9141.81,315.3,5.1854
9142.82,330.5,5.3124
9143.82,305.4,5.4164
9144.83,287.6,5.535
9145.83,302.4,5.6777
9146.84,308.7,5.8293
9147.84,303.4,5.9706
9148.85,294.4,6.0444
9149.85,204.0,6.1186
9150.86,290.5,6.2288
9151.86,246.7,6.3355
9152.87,303.4,6.4596
9153.87,300.7,6.5768
9154.88,301.4,6.6647
9155.88,284.5,6.7519
9156.89,275.6,6.8608
9157.89,272.6,6.9516
9158.9,305.4,7.1012
9159.9,345.4,7.8627
9160.91,265.7,7.9148
9161.91,223.8,7.9153
9162.92,191.1,7.9158
9163.92,211.0,7.9159
9164.93,299.4,7.9209
9165.93,301.4,7.9225
9166.94,227.8,7.9239
9167.94,237.1,7.9239
9168.95,245.0,7.9239
9169.95,178.1,7.9239
9170.96,124.4,7.924
9171.96,133.3,7.924
9172.96,181.3,7.924
9173.97,175.1,7.924
9174.98,159.2,7.924
9175.98,122.4,7.924
9176.99,206.0,7.9936
9177.99,116.6,8.0241
9178.99,176.1,8.0243
9180.0,103.5,8.0243
9181.0,135.3,8.0244
9182.01,158.2,8.0249
9183.02,120.4,8.0249
9184.02,193.0,8.0251
9185.03,113.4,8.0252
9186.03,139.3,8.0253
9187.04,107.4,8.0253
9188.04,110.4,8.0253
9189.05,117.4,8.0195
9190.05,100.5,8.0195
9191.06,183.1,8.0196
9192.06,155.2,8.0196
9193.07,102.6,8.0196
9194.07,106.4,8.0196
9195.08,136.3,8.0196
9196.08,309.3,8.8137
9197.09,116.4,8.83
9198.09,109.4,8.8617
9199.1,164.1,8.8617
9200.1,174.1,8.8617
9201.11,104.5,8.8617
9202.11,194.0,8.8617
9203.12,275.5,8.8617
9204.12,194.0,8.8617
9205.13,104.5,8.8617
9206.14,116.4,8.8617
9207.14,110.4,8.8617
9208.15,131.3,8.8617
9209.15,103.5,8.8617
9210.16,131.3,8.8617
9211.16,104.5,8.8617
9212.17,194.0,8.8617
9213.17,196.0,8.8617
9214.18,126.3,8.8617
9215.18,108.5,8.8617
9216.19,104.5,8.8617
9217.19,110.4,8.8617
9218.2,103.5,8.8617
9219.2,102.5,8.8617
9220.21,101.5,8.8617
9221.21,107.5,8.8617
9222.22,102.5,8.8617
9223.22,100.7,8.8617
9224.23,101.5,8.8617
9225.23,102.5,8.8617
9226.24,113.4,8.8617
9227.24,103.4,8.8617
9228.25,101.6,8.8617
9229.25,101.5,8.8617
9230.26,104.5,8.8617
9231.26,108.5,8.8617
9232.27,104.4,8.8617
9233.27,127.3,8.8617
9234.28,100.5,8.8617
9235.28,120.4,8.8617
9236.29,105.4,8.8617
9237.29,148.5,8.8623
9238.3,268.6,8.9934
9239.3,106.5,8.9934
9240.31,99.5,8.9934
9241.31,100.5,8.9934
9242.32,101.5,8.9934
9243.32,111.4,8.9934
9244.33,102.5,8.9934
9245.33,100.5,8.9934
9246.34,104.4,8.9934
9247.34,102.4,8.9934
9248.35,103.2,8.9934
9249.36,99.5,8.9934
9250.36,102.5,8.9934
9251.37,102.5,8.9934
9252.37,100.5,8.9934
9253.38,122.3,8.9934
9254.38,118.4,8.9934
9255.39,101.5,8.9934
9256.39,104.4,8.9934
9257.4,113.4,8.9934
9258.4,152.2,8.9934
9259.41,103.5,8.9934
9260.42,99.5,8.9934
9261.42,102.5,8.9934
9262.43,108.4,8.9934
9263.43,106.4,8.9934
9264.44,100.5,8.9934
9265.44,100.5,8.9934
9266.45,105.5,8.9934
9267.45,101.5,8.9934
9268.46,113.4,8.9934
9269.46,99.5,8.9934
9270.47,101.5,8.9934
9271.47,102.5,8.9934
9272.48,100.5,8.9934
9273.48,99.5,8.9934
9274.49,101.5,8.9934
9275.49,99.5,8.9934
9276.5,101.5,8.9934
9277.5,294.1,9.1857
9278.51,181.1,9.2573
9279.51,154.2,9.2573
9280.52,100.5,9.2573
9281.52,100.5,9.2573
9282.53,134.3,9.2573
9283.53,145.2,9.2573
9284.54,100.5,9.2573
9285.54,101.5,9.2573
9286.55,103.5,9.2573
9287.55,99.5,9.2573
9288.56,103.5,9.2573
9289.57,102.5,9.2573
9290.57,126.4,9.2573
9291.58,99.5,9.2573
9292.58,104.4,9.2573
9293.59,102.5,9.2573
9294.59,101.5,9.2575
9295.6,100.5,9.2575
9296.6,101.5,9.2575
9297.61,102.5,9.2575
9298.61,100.5,9.2575
9299.62,99.5,9.2575
9300.62,101.5,9.2575
9301.63,99.5,9.2575
9302.63,102.5,9.2575
9303.64,102.5,9.2575
9304.64,100.5,9.2575
9305.65,287.5,9.5634
9306.65,102.6,9.5634
9307.66,99.5,9.5634
9308.66,100.5,9.5634
9309.67,101.5,9.5634
9310.67,101.6,9.5634
9311.68,203.9,9.5635
9312.68,277.5,9.5638
9313.69,137.4,9.5638
9314.69,105.5,9.5638
9315.7,111.4,9.5638
9316.7,106.4,9.5638
9317.71,117.4,9.5638
9318.71,261.0,9.6463
9319.72,100.5,9.6463
9320.72,101.5,9.6463
9321.73,112.4,9.6463
9322.73,101.5,9.6463
9323.74,114.4,9.6463
9324.74,101.5,9.6463
9325.75,100.6,9.6463
9326.75,100.5,9.6463
9327.76,101.5,9.6463
9328.76,200.4,9.92
9329.77,202.0,10.0939
9330.77,102.5,10.0939
9331.78,100.6,10.0939
9332.78,112.4,10.0939
9333.79,102.6,10.0939
9334.79,100.5,10.0939
9335.8,100.5,10.0939
9336.8,100.6,10.0939
9337.81,166.1,10.233
9338.81,101.5,10.233
9339.82,100.5,10.233
9340.82,100.5,10.233
9341.83,127.3,10.233
9342.83,100.5,10.233
9343.84,102.5,10.233
9344.84,100.5,10.233
9345.85,134.6,10.4454
9346.85,105.5,10.4784
9347.86,99.5,10.4784
9348.86,102.6,10.4784
9349.87,100.5,10.4784
9350.87,100.5,10.4784
9351.88,100.5,10.4784
9352.88,101.5,10.4784
9353.88,101.6,10.4784
9354.89,102.5,10.4785
9355.89,100.5,10.4785
9356.9,101.5,10.4785
9357.91,100.5,10.4785
9358.91,100.5,10.4785
9359.92,100.5,10.4785
9360.92,99.5,10.4785
9361.93,101.5,10.4785
9362.93,99.5,10.4785
9363.94,107.4,10.4787
9364.94,101.5,10.4787
9365.95,99.5,10.4787
9366.95,101.5,10.4787
9367.96,101.5,10.4787
9368.96,100.5,10.4787
9369.97,100.5,10.4787
9370.97,101.5,10.4787
9371.98,107.4,10.4789
9372.98,103.5,10.4789
9373.99,99.5,10.4789
9374.99,100.5,10.4789
9376.0,100.5,10.4789
9377.01,100.5,10.4789
9378.01,104.5,10.4789
9379.02,100.5,10.4789
9380.02,100.5,10.4789
9381.03,102.5,10.4789
9382.03,101.5,10.4789
9383.04,102.5,10.4789
9384.04,100.5,10.4789
9385.05,102.5,10.479
9386.05,100.5,10.479
9387.06,99.5,10.479
9388.06,101.5,10.479
9389.07,100.5,10.479
9390.07,102.5,10.479
9391.08,100.6,10.479
9392.08,100.5,10.479
9393.09,100.5,10.479
9394.09,103.6,10.479
9395.1,100.6,10.479
9396.1,101.5,10.479
9397.11,100.5,10.479
9398.11,99.5,10.479
9399.12,102.5,10.479
9400.12,101.5,10.479
9401.13,100.5,10.479
9402.13,102.5,10.4791
9403.14,101.5,10.4791
9404.14,103.5,10.4791
9405.15,99.5,10.4791
9406.15,102.5,10.4791
9407.16,100.5,10.4791
9408.16,102.5,10.4791
9409.17,100.5,10.4791
9410.18,102.5,10.4792
9411.18,101.5,10.4792
9412.19,99.5,10.4792
9413.19,101.5,10.4792
9414.2,101.5,10.4792
9415.2,100.5,10.4792
9416.21,100.5,10.4792
9417.21,103.5,10.4792
9418.22,101.5,10.4792
9419.22,100.5,10.4792
9420.23,100.5,10.4792
9421.23,99.5,10.4792
9422.24,102.5,10.4792
9423.24,101.5,10.4792
9424.25,100.5,10.4792
9425.25,99.5,10.4792
9426.26,101.5,10.4792
9427.26,105.5,10.4793
9428.27,100.5,10.4793
9429.27,100.6,10.4793
9430.27,100.6,10.4793
9431.28,102.6,10.4793
9432.28,99.5,10.4793
9433.29,101.6,2.1473
9434.29,268.6,2.3378
9435.3,318.3,2.4718
9436.3,362.9,2.6622
9437.3,333.9,2.9004
9438.31,233.8,3.2161
9439.31,140.3,3.5546
9440.32,116.4,3.8806
9441.32,114.4,4.1711
9442.33,106.5,4.4941
9443.33,104.5,4.9238
9444.34,120.4,2.0552
9445.34,3939.9,2.2561
9446.34,307.2,2.4278
9447.35,363.1,2.6148
9448.35,336.3,2.8283
9449.36,286.5,3.0771
9450.36,133.3,3.3569
9451.37,248.7,3.7697
9452.37,113.4,4.2416
9453.38,125.4,4.6959
9454.38,168.1,5.0563
9455.39,119.4,5.4802
9456.39,101.5,5.9302
9457.4,3.0,2.0593
9458.4,1463.0,2.3148
9459.41,309.3,2.6496
9460.41,305.6,2.9962
9461.42,222.8,3.476
9462.42,128.4,4.0107
9463.43,153.3,4.5153
9464.43,311.0,4.6716
9465.43,348.5,5.0194
9466.44,332.2,5.2514
9467.44,314.5,5.3811
9468.45,204.9,5.4601
9469.45,291.6,5.5644
9470.46,301.6,5.6781
9471.46,297.4,5.8017
9472.47,305.6,5.8938
9473.47,160.2,5.984
9474.48,101.6,6.0452
9475.48,129.3,6.1381
9476.49,297.4,6.2386
9477.49,224.0,6.3406
9478.5,290.6,6.437
9479.5,302.4,6.535
9480.51,253.8,6.627
9481.51,304.4,6.7167
9482.52,302.5,6.8139
9483.52,263.6,6.8939
9484.53,265.8,6.988
9485.53,331.9,7.4563
9486.54,288.5,7.8566
9487.54,191.6,7.9086
9488.54,133.7,7.8965
9489.55,132.3,7.8965
9490.55,186.0,7.897
9491.56,156.2,7.8977
9492.56,140.3,7.8977
9493.57,135.3,7.8977
9494.57,179.3,7.8978
9495.58,148.2,7.8978
9496.58,113.4,7.898
9497.59,136.3,7.898
9498.59,141.3,7.8983
9499.6,117.4,7.8983
9500.6,165.1,7.8983
9501.6,170.4,7.8983
9502.61,110.5,7.8983
9503.61,185.0,7.9266
9504.62,170.1,8.0016
9505.63,144.2,8.0016
9506.63,104.4,8.0016
9507.64,115.4,8.0017
9508.64,174.1,8.0018
9509.65,156.2,8.0018
9510.65,121.4,8.0018
9511.66,197.0,8.0019
9512.66,114.4,8.0019
9513.67,117.4,8.0019
9514.67,108.4,8.0019
9515.68,117.4,8.0019
9516.68,137.6,8.0021
9517.69,128.4,8.0021
9518.69,104.4,8.0021
9519.7,150.2,8.0021
9520.7,115.4,8.0021
9521.71,259.6,8.7961
9522.71,146.4,8.8441
9523.72,132.3,8.8441
9524.72,164.1,8.8447
9525.73,103.5,8.8447
9526.73,244.7,8.8509
9527.74,120.4,8.8509
9528.74,109.4,8.8509
9529.75,116.4,8.8509
9530.75,101.5,8.8509
9531.76,105.5,8.8509
9532.76,104.4,8.8509
9533.77,104.5,8.851
9534.77,101.5,8.851
9535.78,101.5,8.851
9536.79,167.1,8.851
9537.79,136.3,8.8578
9538.8,124.3,8.858
9539.8,114.4,8.858
9540.81,104.5,8.858
9541.81,105.4,8.858
9542.82,123.1,8.8518
9543.82,107.4,8.8518
9544.83,100.5,8.8518
9545.83,101.7,8.8518
9546.84,109.4,8.8518
9547.84,101.4,8.8518
9548.85,104.5,8.8518
9549.85,101.5,8.8518
9550.86,101.5,8.8518
9551.86,101.5,8.8518
9552.87,101.5,8.8518
9553.87,106.4,8.8518
9554.88,101.5,8.8518
9555.89,101.4,8.8518
9556.89,99.5,8.8518
9557.9,103.5,8.8466
9558.9,111.4,8.8466
9559.91,99.5,8.8466
9560.91,100.5,8.8466
9561.92,121.4,8.8466
9562.92,103.5,8.8466
9563.93,102.5,8.8466
9564.93,206.4,8.8482
9565.93,201.0,8.9792
9566.94,101.5,8.9792
9567.95,101.5,8.9792
9568.95,101.5,8.9792
9569.96,101.5,8.9792
9570.96,100.5,8.9792
9571.97,100.5,8.9792
9572.97,101.5,8.9792
9573.98,102.5,8.9792
9574.98,102.5,8.9792
9575.99,103.5,8.9792
9576.99,99.5,8.9792
9578.0,101.5,8.9792
9579.0,99.5,8.9792
9580.01,105.5,8.9792
9581.01,105.4,8.9792
9582.02,115.6,8.9792
9583.02,107.4,8.9792
9584.03,100.5,8.9792
9585.03,100.5,8.9792
9586.04,128.3,8.9792
9587.04,99.5,8.9792
9588.05,100.8,8.9792
9589.05,101.5,8.9792
9590.06,103.5,8.9792
9591.06,100.5,8.9792
9592.07,105.4,8.9792
9593.07,100.5,8.9792
9594.08,100.6,8.9792
9595.08,102.4,8.9792
9596.09,100.5,8.9792
9597.09,118.4,8.9792
9598.1,101.5,8.9792
9599.1,100.5,8.9792
9600.11,101.5,8.9792
9601.11,100.5,8.9792
9602.12,101.5,8.9792
9603.13,101.5,8.9792
9604.13,101.5,8.9792
9605.14,99.5,8.9792
9606.14,233.3,8.9815
9607.14,191.1,9.2441
9608.15,102.6,9.2441
9609.15,101.5,9.2441
9610.16,100.7,9.2441
9611.16,100.5,9.2441
9612.17,138.3,9.2441
9613.17,109.4,9.2441
9614.18,102.5,9.2441
9615.18,104.4,9.2441
9616.19,100.5,9.2441
9617.19,101.5,9.2441
9618.2,100.5,9.2441
9619.2,102.4,9.2441
9620.21,126.3,9.2444
9621.21,99.7,9.2444
9622.22,101.5,9.2444
9623.23,102.3,9.2444
9624.23,100.5,9.2444
9625.24,100.4,9.2444
9626.24,101.5,9.2444
9627.25,144.2,9.2462
9628.25,101.5,9.2462
9629.26,100.5,9.2462
9630.26,100.5,9.2462
9631.27,102.5,9.2462
9632.27,100.5,9.2462
9633.28,101.5,9.2462
9634.28,101.5,9.2462
9635.29,235.3,9.3731
9636.29,157.2,9.5563
9637.3,127.3,9.5563
9638.3,101.5,9.5563
9639.31,99.5,9.5563
9640.31,100.5,9.5563
9641.32,101.5,9.5563
9642.32,233.2,9.5565
9643.33,262.6,9.557
9644.33,298.4,9.5789
9645.34,124.3,9.5789
9646.34,100.5,9.5789
9647.35,101.5,9.5789
9648.35,102.5,9.5678
9649.36,102.5,9.5678
9650.36,102.5,9.5678
9651.37,100.5,9.5678
9652.37,100.5,9.5678
9653.38,99.5,9.5556
9654.39,101.5,9.5556
9655.39,100.5,9.5556
9656.4,102.4,9.5556
9657.4,110.4,9.5556
9658.41,100.5,9.5556
9659.41,246.7,9.6347
9660.42,105.5,9.6347
9661.42,100.5,9.6347
9662.43,108.4,9.6347
9663.43,109.4,9.6347
9664.44,103.5,9.6347
9665.44,132.3,9.6348
9666.45,104.4,9.6348
9667.45,100.5,9.6348
9668.46,106.4,9.6348
9669.46,101.5,9.6348
9670.47,187.0,9.6367
9671.47,192.0,9.6483
9672.48,100.5,9.6483
9673.48,101.5,9.6366
9674.49,100.5,9.6366
9675.5,102.5,9.6368
9676.5,99.5,9.6368
9677.51,100.5,9.6368
9678.51,100.5,9.6368
9679.52,115.4,9.6368
9680.52,101.5,9.6368
9681.53,102.5,9.6368
9682.53,99.5,9.6368
9683.54,101.5,9.6368
9684.54,100.7,9.6368
9685.55,101.5,9.6368
9686.55,99.5,9.6368
9687.56,101.5,9.6368
9688.56,100.5,9.6368
9689.57,99.5,9.6368
9690.57,101.5,9.6368
9691.58,100.5,9.6368
9692.58,100.5,9.6368
9693.59,99.5,9.6368
9694.59,102.5,9.6368
9695.6,100.5,9.6368
9696.6,100.5,9.6368
9697.61,101.5,9.6368
9698.61,100.5,9.6368
9699.62,99.5,9.6368
9700.63,101.5,9.6368
9701.63,99.5,9.6368
9702.64,101.5,9.6368
9703.64,100.5,9.6368
9704.65,100.5,9.6368
9705.65,101.5,9.6368
9706.66,99.5,9.6368
9707.66,101.5,9.6368
9708.67,100.5,9.6368
9709.67,101.5,9.6368
9710.68,102.5,9.6368
9711.68,100.5,9.6368
9712.69,100.5,9.6368
9713.69,100.5,9.6368
9714.7,100.5,9.6368
9715.7,101.5,9.6368
9716.71,100.5,9.6368
9717.72,99.5,9.6368
9718.72,101.5,9.6368
9719.73,101.5,9.6368
9720.73,100.5,9.6368
9721.74,100.5,9.6368
9722.74,100.5,9.6368
9723.75,101.5,9.6368
9724.75,100.5,9.6368
9725.76,101.5,9.6368
9726.76,99.5,9.6368
9727.77,100.5,9.6368
9728.77,102.5,9.6368
9729.78,98.5,9.6368
9730.78,101.5,9.6368
9731.79,101.5,9.6368
9732.79,314.0,10.0513
9733.8,102.5,10.0513
9734.8,99.5,10.0513
9735.81,100.5,10.0513
9736.81,103.5,10.0513
9737.82,100.5,10.0513
9738.82,99.4,10.0513
9739.83,100.5,10.0513
9740.83,101.5,10.0513
9741.84,99.5,10.0513
9742.84,101.5,10.0513
9743.85,100.5,10.0513
9744.85,101.5,10.0513
9745.86,100.5,10.0513
9746.87,100.5,10.0513
9747.87,103.5,10.0513
9748.88,99.5,10.0513
9749.88,101.5,10.0513
9750.89,101.5,10.0513
9751.89,100.5,10.0513
9752.9,101.5,10.0513
9753.9,100.5,10.0513
9754.91,100.5,10.0513
9755.91,100.5,10.0513
9756.92,100.5,10.0513
9757.92,102.6,2.1885
9758.92,290.1,2.3493
9759.93,355.2,2.5734
9760.93,357.8,2.7784
9761.94,330.3,3.0266
9762.94,228.8,3.3118
9763.95,1.0,2.1672
9764.95,315.6,2.3624
9765.95,333.1,2.545
9766.96,354.2,2.7201
9767.96,335.2,2.95
9768.97,238.8,3.2109
9769.97,161.2,3.5193
9770.98,126.4,3.8147
9771.98,208.9,4.2319
9772.99,236.8,4.6502
9773.99,2.0,2.2101
9775.0,342.1,2.3961
9776.0,356.9,2.5931
9777.0,358.2,2.7995
9778.01,324.3,3.0809
9779.01,176.2,3.4709
9780.02,155.2,3.875
9781.02,2.0,2.1701
9782.03,336.1,2.3719
9783.03,345.7,2.5755
9784.04,350.2,2.7733
9785.04,339.5,3.01
9786.04,190.0,3.2863
9787.05,157.3,3.5965
9788.05,139.4,3.9735
9789.06,257.7,4.3781
9790.06,203.0,4.6381
9791.07,1.0,2.2396
9792.07,314.4,2.4124
9793.07,357.1,2.6046
9794.08,353.2,2.8285
9795.09,289.5,3.0781
9796.09,219.9,3.3548
9797.1,260.6,3.5715
9798.1,2.0,2.2005
9799.1,328.8,2.3691
9800.11,352.8,2.5729
9801.11,354.2,2.7943
9802.12,321.3,3.0616
9803.12,177.1,3.4736
9804.13,139.3,3.9098
9805.13,2.0,2.1864
9806.14,338.3,2.4094
9807.14,365.9,2.6345
9808.14,338.1,2.9034
9809.15,231.0,3.1772
9810.15,259.6,3.4711
9811.15,4444.7,2.2233
9812.16,321.1,2.4294
9813.16,363.0,2.6111
9814.16,338.7,2.837
9815.17,1.0,2.1902
9816.17,330.0,2.3635
9817.17,354.2,2.5627
9818.18,359.6,2.7616
9819.18,329.0,2.992
9820.18,196.0,3.2805
9821.19,2.0,2.1697
9822.19,298.7,2.3465
9823.2,331.6,2.5214
9824.2,366.1,2.7092
9825.21,347.2,2.9457
9826.21,264.4,3.2247
9827.21,136.3,3.5876
9828.22,113.4,4.0259
9829.22,118.4,4.4692
9830.23,118.4,4.7294
9831.23,140.3,4.8122
9832.24,200.0,4.906
9833.24,107.5,4.9627
9834.25,113.4,5.0147
9835.26,100.5,5.0673
9836.26,100.5,5.1101
9837.27,104.5,5.1544
9838.27,102.5,5.192
9839.28,107.5,5.2263
9840.28,114.4,5.254
9841.29,130.4,5.3378
9842.29,134.3,5.4634
9843.3,102.5,5.604
9844.3,102.6,5.7448
9845.31,153.2,5.9358
9846.31,214.9,2.0606
9847.31,3441.6,2.245
9848.32,306.0,2.4129
9849.32,361.1,2.6015
9850.32,354.2,2.8044
9851.33,327.4,3.0435
9852.33,176.1,3.3234
9853.34,129.3,3.6524
9854.34,141.3,4.0221
9855.35,115.5,4.1941
9856.35,178.1,4.2714
9857.36,199.9,4.3455
9858.37,140.3,4.4119
9859.37,106.4,4.464
9860.38,105.5,4.5162
9861.38,101.5,4.5662
9862.39,101.6,4.6044
9863.39,100.6,4.6383
9864.39,101.5,4.6753
9865.4,104.4,4.7027
9866.41,222.8,2.0608
9867.41,3.0,2.3192
9868.41,330.3,2.5123
9869.42,370.8,2.7949
9870.42,1447.7,2.1679
9871.43,307.3,2.3553
9872.43,342.9,2.5314
9873.44,361.1,2.732
9874.44,2.0,2.1495
9875.44,296.8,2.3507
9876.45,363.2,2.5894
9877.45,358.3,2.857
9878.46,280.6,3.197
9879.46,162.5,3.6012
9880.47,141.3,3.9912
9881.47,121.4,4.1953
9882.48,150.2,4.2766
9883.48,117.4,4.3494
9884.48,100.7,4.4059
9885.49,100.5,4.4599
9886.49,101.5,4.5109
9887.5,99.5,4.5606
9888.5,100.5,4.606
9889.51,101.5,4.6442
9890.52,100.5,4.6786
9891.52,103.5,4.7113
9892.53,144.2,4.7841
9893.53,138.3,4.8839
9894.54,171.1,5.0341
9895.54,102.5,5.1763
9896.55,105.4,5.3012
9897.55,233.8,5.7112
9898.56,6.0,2.1936
9899.56,336.4,2.4187
9900.56,367.8,2.6364
9901.57,347.2,2.869
9902.57,323.3,3.1232
9903.58,284.3,3.4171
9904.58,121.4,3.7409
9905.59,120.5,4.069
9906.59,106.4,4.3943
9907.6,119.4,4.7133
9908.6,129.3,4.8077
9909.61,263.9,4.9233
9910.61,186.0,4.998
9911.62,101.5,5.0525
9912.62,109.4,5.1071
9913.63,102.5,5.1572
9914.63,100.5,5.2076
9915.64,103.5,5.2434
9916.64,104.5,5.2809
9917.65,103.5,5.3147
9918.65,237.8,5.6484
9919.66,26.9,2.1889
9920.66,346.9,2.38
9921.66,349.0,2.5761
9922.67,355.2,2.7608
9923.67,337.3,2.9942
9924.68,191.0,3.2707
9925.68,0.0,2.0866
9926.69,284.2,2.3617
9927.69,363.1,2.5947
9928.69,361.4,2.8674
9929.7,0.0,2.2517
9930.7,321.5,2.4232
9931.7,356.9,2.6143
9932.71,352.3,2.8317
9933.71,316.8,3.0729
9934.72,148.2,3.3594
9935.72,3.0,2.1671
9936.73,310.1,2.3638
9937.73,354.9,2.5202
9938.73,3.0,2.2479
9939.73,346.1,2.4599
9940.74,355.1,2.6542
9941.74,334.3,2.8682
9942.75,273.6,3.0086
9943.75,116.4,3.0667
9944.76,109.4,3.1256
9945.76,170.1,3.1987
9946.77,105.5,3.2491
9947.77,102.5,3.2986
9948.78,103.5,3.3427
9949.78,103.5,3.3901
9950.79,110.4,3.4296
9951.79,108.4,3.4645
9952.8,105.5,3.4968
9953.8,113.4,3.5244
9954.81,108.4,3.5482
9955.81,210.0,3.6163
9956.82,176.1,3.7007
9957.82,190.2,3.7981
9958.83,129.3,3.8774
9959.83,104.5,3.9634
9960.84,101.5,4.0478
9961.84,99.5,4.1369
9962.85,156.2,2.0716
9963.85,1.0,2.262
9964.86,323.1,2.4101
9965.86,2.0,2.173
9966.86,311.0,2.3648
9967.87,342.0,2.4775
9968.87,232.8,2.6316
9969.87,3.0,2.2362
9970.88,325.3,2.5578
9971.88,373.8,2.672
9972.89,350.9,2.8634
9973.89,318.4,3.0858
9974.89,322.8,3.3621
9975.9,1.0,2.2998
9976.9,358.3,2.498
9977.9,2.0,2.2592
9978.91,303.1,2.4035
9979.91,360.1,2.5922
9980.92,1.0,2.2723
9981.92,314.0,2.415
9982.92,352.0,2.6366
9983.92,23.9,2.3464
9984.93,344.0,2.529
9985.93,4.0,2.3864
9986.93,345.0,2.5454
9987.94,0.0,2.4032
9988.94,2.0,2.2712
9989.94,310.1,2.463
9990.95,356.1,2.6205
9991.95,152.2,2.6799
9992.96,111.4,2.7329
9993.96,109.4,2.7766
9994.97,104.5,2.8231
9995.97,109.6,2.8649
9996.98,274.4,3.0607
9997.98,183.1,3.2345
9998.99,3530.4,2.3504
9999.99,308.1,2.4951
10000.99,335.4,2.6293
10002.0,232.8,2.7101
10003.0,121.4,2.7791
10004.01,102.5,2.8329
10005.01,1.0,2.2972
10006.01,321.0,2.4573
10007.02,1.0,2.2823
10008.02,292.6,2.4453
10009.03,368.0,2.607
10010.03,0.0,2.3164
10011.03,324.0,2.4772
10012.04,364.9,2.6661
10013.04,3.0,2.4058
10014.04,304.1,2.4974
10015.05,2.0,2.3686
10016.05,312.0,2.5084
10017.06,346.2,2.7461
10018.06,4.0,2.3485
10019.07,280.6,2.5067
10020.07,1.0,2.2763
10021.08,303.4,2.4666
10022.08,340.7,2.6184
10023.09,326.3,2.8514
10024.09,343.0,3.0503
10025.09,0.0,2.3217
10026.09,291.0,2.4861
10027.1,358.1,2.6905
10028.1,337.7,2.9696
10029.11,4.0,2.2942
10030.11,338.3,2.5635
10031.12,361.9,2.6592
10032.12,336.3,2.8303
10033.12,328.0,3.0485
10034.13,1.0,2.2758
10035.13,287.9,2.4248
10036.13,4369.7,2.3142
10037.14,327.3,2.5674
10038.14,367.8,2.6823
10039.15,348.5,2.8778
10040.15,333.0,3.1001
10041.15,247.0,3.3843
10042.16,166.1,3.6933
10043.16,171.1,3.973
10044.17,300.1,4.278
10045.17,212.9,4.5915
10046.18,137.3,4.9016
10047.18,1.0,2.2493
10048.19,299.4,2.4567
10049.19,335.4,2.5693
10050.2,331.4,2.8181
10051.2,2.0,2.202
10052.21,279.9,2.4283
10053.21,0.0,2.2666
10054.22,327.3,2.5321
10055.22,368.3,2.6964
10056.23,344.2,2.9683
10057.23,3971.2,2.2919
10058.23,339.2,2.5356
10059.24,346.2,2.6334
10060.25,341.2,2.836
10061.25,313.6,2.1661
10062.26,2.0,2.4661
10063.26,367.8,2.6247
10064.26,351.6,2.8415
10065.27,315.4,2.167
10066.27,1449.0,2.4225
10067.28,335.0,2.6016
10068.28,359.2,2.7822
10069.29,2.0,2.2723
10070.29,325.9,2.5116
10071.29,326.0,2.6226
10072.3,347.5,2.8432
10073.3,2513.3,2.293
10074.31,339.3,2.5402
10075.31,354.1,2.6463
10076.32,342.2,2.8463
10077.32,1.0,2.3182
10078.32,332.9,2.5517
10079.33,351.9,2.6602
10080.33,332.3,2.8608
10081.34,1543.0,2.3031
10082.34,334.4,2.5442
10083.34,358.0,2.6553
10084.35,338.3,2.8745
10085.35,1.0,2.3866
10086.36,320.0,2.5089
10087.36,1.0,2.3259
10088.36,348.3,2.5804
10089.37,362.1,2.7873
10090.37,333.2,3.1088
10091.38,2.0,2.2518
10092.38,318.0,2.5229
10093.39,345.0,2.6396
10094.39,344.5,2.8367
10095.4,3.0,2.2852
10096.4,330.3,2.5356
10097.41,352.3,2.648
10098.41,349.0,2.8885
10099.42,190.0,3.2361
10100.42,143.3,3.5991
10101.43,250.7,3.8519
10102.43,189.0,4.1646
10103.44,139.3,4.5549
10104.44,104.4,4.9624
10105.45,129.3,5.369
10106.45,118.4,5.7742
10107.46,102.5,6.1797
10108.46,102.5,6.5888
10109.47,100.5,6.9962
10110.47,127.3,7.2963
10111.48,100.5,7.2963
10112.48,221.2,7.2964
10113.49,1513.5,2.2632
10114.49,310.5,2.5009
10115.5,359.2,2.6534
10116.5,340.5,2.8564
10117.5,4.0,2.2697
10118.51,304.6,2.4786
10119.51,345.9,2.6221
10120.52,362.0,2.7943
10121.52,2.0,2.305
10122.52,348.0,2.5154
10123.53,371.1,2.6833
10124.53,2.0,2.1961
10125.54,285.5,2.4566
10126.54,335.9,2.5763
10127.55,356.2,2.7683
10128.55,236.8,2.9548
10129.55,1.0,2.3166
10130.56,334.0,2.5094
10131.56,359.2,2.689
10132.56,316.4,2.816
10133.57,213.2,3.0851
10134.57,1459.7,2.2763
10135.58,312.0,2.4869
10136.58,360.1,2.6008
10137.58,345.2,2.78
10138.59,161.2,2.9123
10139.59,261.6,3.0828
10140.6,203.0,3.3798
10141.6,135.3,3.6561
10142.61,278.7,3.9427
10143.61,298.6,4.3301
10144.62,286.5,4.7695
10145.62,3.0,2.3425
10146.63,321.0,2.5279
10147.63,362.9,2.7093
10148.63,296.7,2.997
10149.64,1.0,2.3241
10150.64,328.0,2.5058
10151.64,368.7,2.6847
10152.65,330.3,2.9295
10153.65,3.0,2.2926
10154.66,344.2,2.5094
10155.66,371.9,2.6792
10156.66,347.1,2.9967
10157.67,0.0,2.3056
10158.67,319.1,2.4707
10159.67,344.7,2.1813
10160.68,1459.0,2.4361
10161.68,315.1,2.5273
10162.69,0.0,2.2978
10163.69,339.9,2.5056
10164.69,366.7,2.6708
10165.7,328.3,2.8566
10166.7,0.0,2.2743
10167.71,304.4,2.4799
10168.71,353.9,2.6122
10169.71,357.7,2.8012
10170.72,219.9,3.0517
10171.73,0.0,2.3685
10172.73,339.3,2.5179
10173.73,1.0,2.2867
10174.74,321.4,2.4958
10175.74,363.8,2.6289
10176.75,351.3,2.8179
10177.75,240.7,3.0824
10178.75,3.0,2.3448
10179.76,320.0,2.5196
10180.76,364.2,2.7002
10181.77,281.2,2.9114
10182.77,144.2,3.0427
10183.77,3650.4,2.3047
10184.78,343.2,2.5218
10185.78,365.8,2.6978
10186.79,293.5,2.9266
10187.79,2.0,2.3679
10188.79,316.1,2.5299
10189.8,365.1,2.7483
10190.81,1.0,2.2925
10191.81,331.4,2.5049
10192.81,368.0,2.6642
10193.82,0.0,2.2883
10194.82,323.3,2.4892
10195.83,330.9,2.6288
10196.83,1.0,2.313
10197.83,317.1,2.4729
10198.83,356.9,2.6592
10199.84,269.9,2.9846
10200.84,261.6,3.3746
10201.85,231.9,3.7984
10202.85,205.9,2.1825
10203.86,0.0,2.4391
10204.86,325.0,2.5657
10205.87,328.3,2.7174
10206.87,1.0,2.2668
10207.88,299.4,2.4491
10208.88,343.9,2.5605
10209.88,256.7,2.845
10210.89,5.0,2.3484
10211.89,322.0,2.4928
10212.9,2.0,2.2936
10213.91,315.0,2.4743
10214.91,348.1,2.6247
10215.92,328.5,2.8751
10216.92,345.2,3.0819
10217.92,4.0,2.313
10218.93,341.3,2.5909
10219.93,355.0,2.713
10220.94,344.2,2.8889
10221.94,305.2,3.054
10222.94,1.0,2.4105
10223.95,322.7,2.5313
10224.95,1.0,2.3535
10225.95,315.0,2.51
10226.96,1.0,2.231
10227.96,293.2,2.4436
10228.96,311.4,2.5421
10229.96,1.0,2.3601
10230.97,320.1,2.5035
10231.97,3.0,2.3305
10232.97,308.1,2.4855
10233.98,357.9,2.6399
10234.98,1.0,2.301
10235.99,301.6,2.4595
10236.99,2.0,2.3242
10237.99,313.2,2.4846
10238.99,1.0,2.3598
10240.0,287.1,2.5143
10241.0,358.2,2.7272
10242.01,322.5,2.9803
10243.01,1.0,2.2705
10244.02,303.6,2.4721
10245.02,331.9,2.5742
10246.03,334.4,2.8144
10247.03,333.3,3.0473
10248.03,1.0,2.3806
10249.04,350.9,2.5633
10250.04,344.4,2.7829
10251.05,321.3,3.0058
10252.05,6.0,2.314
10253.05,302.5,2.4836
10254.06,1.0,2.3396
10255.06,315.0,2.5318
10256.06,359.0,2.8054
10257.07,338.2,3.0071
10258.07,4.0,2.3611
10259.07,326.0,2.5168
10260.08,1.0,2.3331
10261.08,322.0,2.4847
10262.09,3523.9,2.3693
10263.09,333.3,2.6753
10264.09,333.0,2.7729
10265.1,329.3,3.0079
10266.1,324.3,3.246
10267.11,313.4,3.5066
10268.11,312.3,3.8541
10269.12,313.4,4.1817
10270.13,308.3,4.5131
10271.13,303.4,4.8146
10272.14,305.4,5.1302
10273.14,301.6,5.4431
10274.15,304.5,5.7429
10275.15,301.4,6.053
10276.16,301.7,6.3449
10277.16,301.3,6.6199
10278.16,221.4,6.9134
10279.17,255.7,7.1929
10280.17,318.3,7.461
10281.18,296.4,7.461
10282.18,175.1,7.4511
10283.19,256.7,2.2041
10284.19,1.0,2.3468
10285.19,347.2,2.5285
10286.19,1.0,2.3383
10287.2,345.1,2.5251
10288.2,1401.3,2.4916
10289.21,327.2,2.6489
10290.21,334.0,2.9438
10291.21,344.0,3.1887
10292.21,1.0,2.3693
10293.22,344.9,2.5586
10294.22,339.2,2.7871
10295.23,333.5,2.977
10296.23,324.3,3.208
10297.24,2.0,2.3933
10298.24,311.2,2.5339
10299.24,348.3,2.7206
10300.25,2.0,2.3425
10301.25,336.3,2.5329
10302.25,362.2,2.7512
10303.26,325.3,2.8833
10304.26,1.0,2.3126
10305.27,319.8,2.4869
10306.27,364.9,2.6177
10307.27,3107.2,2.2991
10308.28,306.4,2.4897
10309.28,381.8,2.6848
10310.29,337.3,2.9803
10311.29,216.9,3.1738
10312.3,137.3,3.2085
10313.3,118.6,3.2377
10314.31,237.8,3.3265
10315.31,118.3,3.3551
10316.32,217.9,3.3863
10317.32,234.9,3.4147
10318.33,116.4,3.4376
10319.33,100.5,3.4599
10320.34,109.4,3.4787
10321.34,146.3,3.5171
10322.35,181.0,3.5453
10323.35,259.7,3.5706
10324.36,167.1,3.5916
10325.36,107.5,3.6081
10326.37,101.5,3.6227
10327.37,101.5,3.6391
10328.38,112.4,3.6537
10329.38,100.5,3.6679
10330.39,103.5,3.6859
10331.39,112.4,3.7089
10332.4,100.5,3.7229
10333.4,101.5,3.7393
10334.41,102.5,3.7543
10335.41,99.5,3.7698
10336.42,100.5,3.792
10337.42,102.5,3.8064
10338.43,100.5,3.8219
10339.43,101.5,3.8432
10340.44,99.5,3.8573
10341.44,101.5,3.8697
10342.45,100.5,3.8837
10343.46,101.5,3.8963
10344.46,101.5,3.9063
10345.47,130.3,3.9186
10346.47,103.5,3.9372
10347.48,101.5,3.9552
10348.48,100.5,3.968
10349.49,123.6,3.9991
10350.49,239.0,4.7736
10351.49,197.1,5.5131
10352.5,1.0,2.3276
10353.5,301.8,2.5057
10354.5,375.2,2.6692
10355.51,331.3,2.8235
10356.51,308.4,2.9931
10357.52,216.8,2.2086
10358.52,1.0,2.4555
10359.53,322.1,2.5726
10360.53,343.2,2.7654
10361.54,15.0,2.3875
10362.54,340.9,2.6117
10363.54,0.0,2.2446
10364.55,287.4,2.4928
10365.55,307.9,2.6697
10366.55,366.2,2.8666
10367.56,334.7,3.1283
10368.56,317.6,3.3931
10369.57,324.3,3.6204
10370.57,153.3,3.8128
10371.58,115.4,3.9511
10372.58,138.3,4.1892
10373.59,116.4,4.3827
10374.59,104.5,4.5183
10375.6,100.5,4.6274
10376.6,104.5,4.6835
10377.61,123.3,4.7631
10378.62,106.4,4.8314
10379.62,100.5,4.8747
10380.63,101.5,4.9329
10381.63,101.5,4.9955
10382.64,102.5,5.0438
10383.64,100.5,5.0889
10384.65,100.5,5.1467
10385.65,99.5,5.1792
10386.66,102.5,5.2234
10387.66,101.5,5.27
10388.67,192.0,5.3288
10389.67,164.2,5.5542
10390.68,205.9,5.7708
10391.68,172.1,5.8225
10392.69,100.5,5.8433
10393.69,100.5,5.8616
10394.7,111.4,5.8803
10395.7,100.5,5.8941
10396.71,110.4,5.9127
10397.71,119.4,5.9299
10398.72,101.5,5.9479
10399.73,99.5,5.9614
10400.73,102.5,5.9744
10401.74,101.5,5.9884
10402.74,99.5,6.0019
10403.75,100.5,6.0147
10404.75,101.5,6.0341
10405.76,101.5,6.0518
10406.76,100.5,6.0684
10407.77,99.5,6.0811
10408.77,101.5,6.0994
10409.78,99.5,6.1159
10410.78,102.5,6.1329
10411.79,99.5,6.1457
10412.79,102.5,6.1524
10413.8,99.5,6.1595
10414.8,100.5,6.1668
10415.81,100.5,6.1737
10416.81,99.5,6.1783
10417.82,101.5,6.186
10418.83,101.5,6.1946
10419.83,99.5,6.2046
10420.84,102.5,6.2109
10421.84,114.4,6.2173
10422.85,102.5,6.2236
10423.85,99.5,6.2301
10424.86,100.5,6.2355
10425.86,100.5,6.2415
10426.87,102.5,6.2478
10427.87,99.5,6.2538
10428.88,100.5,6.2591
10429.88,101.5,6.263
10430.89,101.5,6.2677
10431.89,100.5,6.2714
10432.9,100.5,6.2766
10433.9,99.5,6.2857
10434.91,101.6,6.2947
10435.91,101.5,6.3038
10436.92,101.5,6.3098
10437.92,100.5,6.3172
10438.93,101.5,6.3252
10439.93,101.5,6.3328
10440.94,100.5,6.3408
10441.94,99.5,6.3455
10442.95,101.5,6.3491
10443.95,101.5,6.3542
10444.96,99.5,6.3585
10445.97,99.5,6.363
10446.97,103.5,6.3668
10447.98,100.5,6.3718
10448.98,99.5,6.3794
10449.99,100.5,6.3879
10450.99,101.5,6.3959
10452.0,101.5,6.4044
10453.0,100.5,6.4106
10454.01,100.5,6.4182
10455.01,100.5,6.4263
10456.02,100.5,6.4346
10457.02,100.5,6.4428
10458.03,100.5,6.4493
10459.03,100.5,6.4526
10460.04,99.5,6.4571
10461.04,103.6,6.4656
10462.04,100.7,6.4726
10463.05,101.5,6.4816
10464.06,99.5,6.489
10465.06,100.5,6.4936
10466.07,100.5,6.5031
10467.07,102.5,6.5104
10468.08,99.5,6.5186
10469.08,101.5,6.5261
10470.09,101.5,6.5397
10471.09,100.5,6.6136
10472.1,101.5,6.7263
10473.1,101.5,6.8257
10474.11,104.5,6.9492
10475.11,102.5,7.0572
10476.12,193.0,7.1624
10477.12,188.0,7.321
10478.12,102.7,7.323
10479.13,105.7,7.323
10480.13,100.5,7.323
10481.14,101.5,7.323
10482.14,100.5,7.323
10483.15,101.5,7.323
10484.15,122.4,7.3232
10485.16,104.5,7.3232
10486.16,102.5,7.3232
10487.17,99.5,7.3655
10488.17,100.5,7.4232
10489.18,103.5,7.4232
10490.18,99.5,7.4232
10491.19,101.5,7.4232
10492.19,100.5,7.4232
10493.2,101.5,7.4232
10494.2,100.5,7.4232
10495.21,100.5,7.4232
10496.21,101.5,7.4232
10497.22,100.5,7.4232
10498.22,114.4,7.4232
10499.23,100.5,7.4232
10500.23,102.5,7.4232
10501.24,101.5,7.4232
10502.25,105.5,7.4232
10503.25,107.4,7.4232
10504.26,99.5,7.4232
10505.26,101.5,7.4232
10506.27,100.5,7.4234
10507.27,100.5,7.4234
10508.28,99.5,7.4234
10509.28,101.5,7.4234
10510.29,103.5,7.4234
10511.29,100.5,7.4234
10512.3,105.5,7.4234
10513.3,101.5,7.4235
10514.31,100.5,7.4235
10515.31,125.4,7.5348
10516.32,99.5,7.5708
10517.32,100.5,7.6327
10518.33,100.5,7.6327
10519.33,102.5,7.6327
10520.34,101.5,7.6327
10521.34,100.5,7.6327
10522.35,100.5,7.6327
10523.35,105.5,7.6327
10524.36,101.5,7.6327
10525.36,104.6,7.6327
10526.37,100.5,7.6327
10527.37,100.5,7.6327
10528.38,101.5,7.6327
10529.38,99.5,7.6327
10530.39,100.5,7.6327
10531.39,101.5,7.6327
10532.4,100.6,7.6327
10533.4,101.5,7.6327
10534.41,100.5,7.6327
10535.41,101.5,7.6327
10536.42,100.5,7.6327
10537.43,100.5,7.6327
10538.43,102.5,7.6327
10539.44,99.5,7.6327
10540.44,101.5,7.6327
10541.45,100.5,7.6327
10542.45,100.5,7.6327
10543.46,100.5,7.6327
10544.46,100.5,7.6327
10545.47,102.6,7.6328
10546.47,100.5,7.6328
10547.48,101.5,7.6328
10548.48,101.5,7.6328
10549.49,101.5,7.6328
10550.49,99.5,7.633
10551.5,101.5,7.633
10552.5,121.4,7.634
10553.51,103.5,7.634
10554.51,99.5,7.634
10555.52,102.5,7.634
10556.52,101.5,7.634
10557.53,100.5,7.634
10558.53,100.5,7.634
10559.54,100.5,7.634
10560.54,100.5,7.634
10561.55,101.5,7.634
10562.55,99.6,7.634
10563.56,101.5,7.634
10564.56,100.5,7.634
10565.57,100.5,7.634
10566.57,100.5,7.634
10567.58,100.5,7.634
10568.58,101.5,7.634
10569.59,100.5,7.634
10570.59,102.5,7.634
10571.6,273.8,7.6372
10572.6,201.0,7.6372
10573.61,103.5,7.6373
10574.61,110.5,7.6373
10575.62,120.4,7.6373
10576.62,100.5,7.6373
10577.63,101.5,7.6373
10578.63,100.5,7.6373
10579.64,124.4,7.6373
10580.64,100.5,7.6373
10581.65,100.5,7.6373
10582.66,102.5,7.6373
10583.66,99.5,7.6373
10584.67,102.5,7.6373
10585.67,101.5,7.6373
10586.68,99.5,7.6373
10587.68,99.5,7.6373
10588.69,100.5,7.6373
10589.69,100.5,7.6373
10590.7,100.5,7.6373
10591.7,120.4,7.6418
10592.71,100.5,7.6418
10593.71,102.5,7.6418
10594.72,99.5,7.6418
10595.72,102.5,7.6418
10596.73,103.5,7.6418
10597.73,100.6,7.6418
10598.74,100.5,7.6418
10599.74,100.5,7.6418
10600.75,101.5,7.642
10601.75,99.5,7.642
10602.76,100.5,7.642
10603.76,101.5,7.642
10604.77,101.5,7.642
10605.77,100.5,7.642
10606.78,100.5,7.642
10607.78,101.5,7.642
10608.79,100.5,7.642
10609.79,99.5,7.642
10610.8,102.5,7.642
10611.8,101.5,7.642
10612.81,100.5,7.642
10613.81,99.5,7.642
10614.82,99.5,7.642
10615.82,100.5,7.642
10616.83,108.5,7.642
10617.83,100.5,7.642
10618.84,100.5,7.642
10619.84,101.5,7.642
10620.85,99.5,7.642
10621.86,101.3,7.642
10622.86,101.6,7.642
10623.87,125.4,7.6445
10624.87,100.5,7.6445
10625.88,100.5,7.6445
10626.88,179.1,7.6446
10627.89,104.5,7.6446
10628.89,102.5,7.6446
10629.9,100.5,7.6446
10630.9,100.5,7.6446
10631.91,99.5,7.6446
10632.91,103.5,7.6446
10633.92,100.5,7.6446
10634.92,99.5,7.6446
10635.93,101.5,7.6446
10636.93,100.5,7.6446
10637.94,103.5,7.6446
10638.94,99.5,7.6446
10639.95,100.5,7.6446
10640.95,100.5,7.6446
10641.96,101.5,7.6446
10642.96,100.5,7.6446
10643.97,103.5,7.6446
10644.97,100.5,7.6446
10645.98,100.5,7.6449
10646.98,99.5,7.6449
10647.99,101.5,7.6449
10649.0,100.5,7.6449
10650.0,100.5,7.6449
10651.01,101.5,7.6449
10652.01,99.5,7.6449
10653.02,100.5,7.6449
10654.02,101.5,7.6449
10655.03,100.5,7.6449
10656.03,101.5,7.6449
10657.04,99.5,7.6449
10658.04,128.3,7.7655
10659.05,101.5,7.7655
10660.05,100.5,7.7655
10661.06,100.5,7.7655
10662.06,101.5,7.7655
10663.07,100.5,7.7655
10664.07,102.7,2.3514
10665.08,328.3,2.6328
10666.08,352.7,2.7543
10667.08,337.3,2.9488
10668.09,315.6,3.1768
10669.09,316.3,3.4005
10670.1,1.0,2.43
10671.1,300.4,2.6578
10672.1,368.5,2.8604
10673.11,337.0,3.1473
10674.11,327.0,3.4243
10675.11,273.8,3.7648
10676.12,135.3,4.1275
10677.12,153.2,4.5115
10678.13,105.5,4.8969
10679.13,129.4,5.2929
10680.14,103.4,5.6907
10681.14,99.5,6.08
10682.15,102.5,6.4821
10683.15,104.5,6.8809
10684.16,136.3,7.3057
10685.16,126.3,7.3577
10686.17,102.5,7.3577
10687.18,100.5,7.3577
10688.18,113.5,7.4577
10689.19,101.5,7.4577
10690.19,101.5,7.4577
10691.2,100.5,7.4579
10692.2,102.5,7.4579
10693.21,100.5,7.4579
10694.21,101.5,7.4579
10695.22,120.4,7.4579
10696.22,130.3,7.5637
10697.23,116.7,7.6116
10698.23,210.1,7.6165
10699.23,157.3,7.6185
10700.24,264.6,7.6151
10701.24,267.5,7.6179
10702.25,200.0,7.6179
10703.25,106.4,7.6179
10704.26,102.5,7.618
10705.26,100.5,7.6136
10706.27,102.5,7.6136
10707.27,123.4,7.6143
10708.28,101.5,7.6143
10709.28,100.5,7.6143
10710.29,100.5,7.6143
10711.29,100.5,7.6143
10712.3,99.5,7.6143
10713.3,101.5,7.6143
10714.31,100.5,7.6143
10715.31,100.5,7.6143
10716.32,101.5,7.6143
10717.32,117.4,7.6169
10718.33,100.5,7.6169
10719.34,102.3,7.6169
10720.34,99.5,7.6169
10721.34,100.6,7.6169
10722.35,102.5,7.6169
10723.36,100.5,7.6169
10724.36,101.5,7.6168
10725.37,99.5,7.6168
10726.37,101.5,7.6168
10727.38,99.5,7.6168
10728.38,118.4,7.6176
10729.39,100.5,7.6176
10730.39,100.5,7.6176
10731.4,101.5,7.6176
10732.4,100.5,7.6176
10733.41,101.5,7.6176
10734.41,100.5,7.6176
10735.42,101.5,7.6178
10736.42,99.5,7.6178
10737.43,101.5,7.6178
10738.43,100.5,7.6178
10739.44,125.3,7.7289
10740.44,99.5,7.7289
10741.45,100.5,7.7289
10742.45,100.5,7.7289
10743.46,101.5,7.7289
10744.47,100.5,7.7289
10745.47,101.5,7.7289
10746.48,100.5,7.7289
10747.48,100.5,7.7289
10748.49,101.5,7.7289
10749.49,100.5,7.8307
10750.5,100.2,8.2295
10751.5,100.5,8.5136
10752.51,102.5,8.8937
10753.51,138.3,9.0576
10754.52,99.5,9.0576
10755.52,101.6,9.0576
10756.53,101.5,9.0576
10757.54,101.3,9.0576
10758.54,99.5,9.0576
10759.55,101.5,9.0576
10760.55,100.5,9.0576
10761.56,100.5,9.0576
10762.56,102.5,9.0576
10763.57,99.5,9.0576
10764.57,99.5,9.0576
10765.58,103.5,9.0576
10766.58,103.5,9.0656
10767.59,101.5,9.0656
10768.59,99.7,9.0656
10769.59,99.7,9.0656
10770.6,100.6,9.0656
10771.6,102.5,9.0656
10772.61,99.5,9.0656
10773.61,100.5,9.0656
10774.62,100.5,9.0656
10775.62,100.5,9.0656
10776.63,101.5,9.0656
10777.63,101.5,9.0656
10778.64,99.5,9.0656
10779.64,102.5,9.0676
10780.65,102.5,9.0679
10781.65,101.5,9.0679
10782.66,100.5,9.0679
10783.66,100.5,9.0679
10784.67,101.5,9.0679
10785.68,99.5,9.0679
10786.68,101.5,9.0679
10787.69,100.5,9.0679
10788.69,101.5,9.0679
10789.7,99.5,9.0679
10790.7,100.5,9.0679
10791.71,125.5,9.0679
10792.71,209.9,9.0679
10793.72,139.4,9.0744
10794.72,99.5,9.0744
10795.73,101.5,9.0744
10796.73,100.5,9.0744
10797.74,104.4,9.0744
10798.74,100.5,9.0744
10799.75,101.5,9.0744
10800.75,105.5,9.0744
10801.76,100.5,9.0744
10802.76,102.5,9.0744
10803.77,100.5,9.0744
10804.77,100.5,9.0744
10805.78,101.5,9.0744
10806.78,101.5,9.0744
10807.79,99.5,9.0744
10808.79,100.7,9.0744
10809.79,101.7,9.0744
10810.8,100.5,9.0744
10811.8,100.6,9.0744
10812.81,101.5,9.0744
10813.81,99.7,9.0744
10814.82,99.5,9.0744
10815.82,101.5,9.0744
10816.83,100.5,9.0744
10817.83,100.5,9.0744
10818.84,105.5,9.0744
10819.84,101.5,9.0744
10820.85,100.5,9.0744
10821.85,100.5,9.0744
10822.86,101.5,9.0744
10823.86,126.3,9.0744
10824.87,100.5,9.0744
10825.87,100.5,9.0747
10826.88,99.6,9.0747
10827.88,112.4,9.0747
10828.89,106.4,9.0747
10829.89,100.5,9.0747
10830.9,101.6,9.0747
10831.9,101.5,9.0747
10832.91,99.5,9.0747
10833.91,100.5,9.0747
10834.92,102.6,9.0747
10835.92,101.5,9.0747
10836.93,99.5,9.0747
10837.93,101.5,9.0747
10838.94,100.5,9.0747
10839.94,101.5,9.0747
10840.95,100.5,9.0747
10841.95,101.5,9.0747
10842.96,99.5,9.0747
10843.96,99.5,9.0747
10844.97,101.5,9.0747
10845.98,100.3,9.0747
10846.98,101.6,9.0747
10847.99,101.5,9.0747
10848.99,100.5,9.0747
10850.0,100.5,9.0747
10851.0,100.5,9.0747
10852.01,99.5,9.0747
10853.01,101.6,9.0747
10854.02,99.5,9.0747
10855.02,101.5,9.0747
10856.03,100.5,9.0747
10857.03,100.5,9.0747
10858.04,101.5,9.0747
10859.04,101.5,9.0747
10860.05,101.5,9.0747
10861.05,100.5,9.0747
10862.06,102.5,9.0747
10863.06,99.7,9.0747
10864.07,99.6,9.0747
10865.07,101.5,9.0747
10866.08,100.5,9.0747
10867.08,100.5,9.0747
10868.09,101.5,9.0747
10869.09,99.5,9.0747
10870.1,100.5,9.0747
10871.1,102.5,9.0747
10872.11,100.5,9.0747
10873.11,100.5,9.0747
10874.12,99.5,9.0747
10875.12,100.5,9.0747
10876.13,101.5,9.0749
10877.13,99.5,9.0749
10878.14,100.5,9.0749
10879.14,100.5,9.0749
10880.15,101.5,9.0749
10881.15,101.5,9.0749
10882.16,99.5,9.0749
10883.16,100.5,9.0749
10884.17,101.5,9.0749
10885.17,100.5,9.0749
10886.18,100.5,9.0749
10887.18,99.5,9.0749
10888.19,99.5,9.0749
10889.2,103.5,9.0749
10890.2,99.5,9.0749
10891.21,101.5,9.0749
10892.21,99.5,9.0749
10893.22,99.5,9.0749
10894.22,102.5,9.0749
10895.23,101.5,9.0749
10896.23,101.5,9.0749
10897.24,100.5,9.0749
10898.24,102.5,9.0749
10899.25,99.5,9.0749
10900.25,101.6,9.0749
10901.26,100.5,9.0749
10902.26,101.5,9.0749
10903.27,99.5,9.0749
10904.27,100.5,9.0749
10905.28,100.5,9.0749
10906.28,101.5,9.0749
10907.29,101.5,9.0749
10908.29,100.5,9.0749
10909.3,100.5,9.0749
10910.3,100.5,9.0749
10911.31,101.5,9.0749
10912.31,99.5,9.0749
10913.32,101.5,9.0749
10914.32,101.4,9.0749
10915.33,100.5,9.0749
10916.33,100.5,9.0749
10917.34,101.5,9.0749
10918.34,100.5,9.0749
10919.35,100.5,9.0749
10920.36,100.5,9.0752
10921.36,99.5,9.0752
10922.37,101.5,9.0752
10923.37,101.5,9.0752
10924.38,100.5,9.0752
10925.38,100.5,9.0752
10926.39,100.5,9.0752
10927.39,101.5,9.0752
10928.4,102.5,9.0752
10929.4,99.5,9.0752
10930.41,102.5,9.0752
10931.41,100.5,9.0752
10932.42,100.5,9.0752
10933.42,100.5,9.0752
10934.43,99.5,9.0752
10935.43,102.5,9.0752
10936.44,100.5,9.0752
10937.44,100.5,9.0752
10938.45,100.5,9.0752
10939.45,100.6,9.0752
10940.46,100.5,9.0752
10941.46,100.5,9.0752
10942.47,100.5,9.0752
10943.47,101.5,9.0752
10944.48,99.5,9.0752
10945.48,99.5,9.0752
10946.49,101.5,9.0752
10947.49,101.5,9.0752
10948.5,101.6,9.0752
10949.5,99.5,9.0752
10950.51,102.5,9.0752
10951.51,100.5,9.0752
10952.52,100.5,9.0752
10953.52,101.5,9.0752
10954.53,100.5,9.0752
10955.53,99.5,9.0752
10956.54,99.5,9.0752
10957.54,101.5,9.0752
10958.55,100.5,9.0752
10959.55,101.5,9.0752
10960.56,100.5,9.0752
10961.57,99.5,9.0752
10962.57,102.5,9.0752
10963.58,100.5,9.0752
10964.58,99.5,9.0752
10965.59,101.5,9.0754
10966.59,102.5,9.0754
10967.6,100.5,9.0754
10968.6,100.5,9.0754
10969.61,101.5,2.3275
10970.61,308.4,2.5975
10971.61,338.1,2.749
10972.62,358.2,3.0079
10973.62,328.3,3.2909
10974.63,328.4,3.5785
10975.63,277.6,3.9396
10976.64,148.2,4.3287
10977.64,115.4,4.7268
10978.65,119.7,5.1225
10979.65,142.3,5.4969
10980.66,114.4,5.686
10981.66,179.1,5.8276
10982.67,272.2,5.9309
10983.67,1.0,2.3649
10984.67,353.0,2.5596
10985.67,1.0,2.379
10986.68,311.1,2.5276
10987.68,2.0,2.345
10988.68,346.9,2.5358
10989.69,1479.8,2.3439
10990.69,322.4,2.5125
10991.69,0.0,2.3257
10992.7,322.0,2.4986
10993.7,356.9,2.6321
10994.7,3.0,2.4361
10995.71,314.0,2.5735
10996.71,3597.1,2.3667
10997.71,300.1,2.5237
10998.72,1.0,2.3361
10999.72,332.9,2.5221
11000.73,1465.2,2.3235
11001.73,312.6,2.5257
11002.73,331.0,2.6616
11003.74,321.6,2.9077
11004.74,310.6,3.1534
11005.75,322.3,3.3781
11006.75,339.3,3.5666
11007.76,2.0,2.4017
11008.76,327.3,2.6671
11009.76,370.1,2.7923
11010.77,342.4,3.0001
11011.77,317.1,3.2266
11012.78,319.3,3.4608
11013.78,231.8,3.7418
11014.79,167.1,4.1155
11015.8,256.6,4.5142
11016.8,142.3,4.8834
11017.81,174.2,5.247
11018.81,240.7,5.6434
11019.82,135.3,6.0487
11020.82,99.5,6.4662
11021.83,101.5,6.8887
11022.83,188.0,7.2003
11023.84,219.8,7.3509
11024.84,173.2,7.4498
11025.85,179.1,7.4504
11026.85,116.4,7.5504
11027.86,104.5,7.544
11028.86,103.6,7.544
11029.87,101.5,7.544
11030.87,105.4,7.544
11031.88,101.5,7.544
11032.88,100.5,7.544
11033.89,102.5,7.544
11034.89,117.4,7.5441
11035.9,105.5,7.5441
11036.9,101.5,7.5441
11037.91,101.5,7.5441
11038.91,124.4,7.5442
11039.92,111.5,7.5442
11040.92,100.5,7.5442
11041.93,99.5,7.5442
11042.93,100.5,7.5442
11043.94,180.1,7.6499
11044.94,249.7,7.6499
11045.95,230.8,7.6499
11046.95,143.3,7.65
11047.96,284.5,7.6502
11048.96,251.7,7.6504
11049.97,227.9,7.6509
11050.97,108.4,7.6509
11051.98,123.3,7.6509
11052.98,208.1,7.6441
11053.99,188.0,7.6532
11054.99,99.5,7.6532
11056.0,100.6,7.6532
11057.0,110.4,7.6532
11058.01,101.5,7.6532
11059.01,100.5,7.6532
11060.02,100.5,7.6532
11061.03,101.5,7.6535
11062.03,102.5,7.6535
11063.04,100.5,7.6535
11064.04,100.5,7.6535
11065.05,102.5,7.6535
11066.05,101.5,7.6535
11067.06,100.5,7.6535
11068.06,100.5,7.6535
11069.07,99.5,7.6535
11070.07,101.5,7.6535
11071.08,102.5,7.6535
11072.08,100.5,7.6535
11073.09,100.5,7.6535
11074.09,100.5,7.6535
11075.1,101.5,7.6535
11076.11,101.3,7.6535
11077.11,99.5,7.6535
11078.12,102.5,7.6535
11079.12,101.5,7.6535
11080.13,100.5,7.6535
11081.13,99.5,7.6535
11082.14,102.5,7.6535
11083.14,102.5,7.6535
11084.15,99.5,7.6535
11085.15,102.5,7.6535
11086.16,100.5,7.6535
11087.16,100.5,7.6535
11088.17,100.5,7.6537
11089.17,101.5,7.6537
11090.18,100.5,7.6537
11091.18,102.5,7.6537
11092.19,100.5,7.6537
11093.19,100.5,7.6537
11094.2,101.5,7.6537
11095.2,100.5,7.6537
11096.21,99.5,7.6537
11097.21,102.5,7.6537
11098.22,99.5,7.6537
11099.23,101.5,7.6537
11100.23,99.5,7.6537
11101.24,101.5,7.6537
11102.24,101.5,7.6537
11103.25,100.5,7.6537
11104.25,101.5,7.6537
11105.26,101.5,7.6537
11106.26,101.5,7.6539
11107.27,100.5,7.6539
11108.27,99.5,7.6539
11109.28,102.5,7.6539
11110.28,100.5,7.6539
11111.29,100.5,7.6539
11112.29,99.5,7.6539
11113.3,112.4,7.6539
11114.3,100.5,7.6539
11115.31,100.5,7.6539
11116.31,101.5,7.6539
11117.32,100.5,7.6539
11118.33,99.5,7.6539
11119.33,100.5,7.6539
11120.34,100.5,7.6539
11121.34,101.5,7.6539
11122.35,101.5,7.6539
11123.35,100.5,7.6539
11124.36,100.5,7.6539
11125.36,100.5,7.6539
11126.37,102.5,7.6539
11127.37,100.5,7.6539
11128.38,100.5,7.6539
11129.38,100.5,7.6539
11130.39,100.5,7.6539
11131.39,101.5,7.6539
11132.4,99.5,7.6539
11133.4,101.5,7.6539
11134.41,99.5,7.6539
11135.41,100.5,7.6539
11136.42,100.5,7.6539
11137.42,100.5,7.6539
11138.43,102.5,7.6539
11139.44,99.5,7.6539
11140.44,100.5,7.6539
11141.45,125.3,7.6544
11142.45,100.5,7.6544
11143.46,99.5,7.6544
11144.46,102.5,7.6544
11145.47,100.5,7.6544
11146.47,100.5,7.6544
11147.48,101.5,7.6544
11148.48,100.5,7.6544
11149.49,100.5,7.6544
11150.49,101.5,7.6547
11151.5,99.5,7.6547
11152.5,101.5,7.6547
11153.51,101.5,7.6547
11154.51,100.5,7.6547
11155.52,108.4,7.6547
11156.52,122.4,7.6547
11157.53,99.5,7.6547
11158.53,100.5,7.6547
11159.54,103.5,7.6547
11160.54,98.5,7.6547
11161.55,100.5,7.6547
11162.55,100.5,7.6547
11163.56,100.5,7.6547
11164.56,100.5,7.6547
11165.57,99.5,7.6547
11166.57,100.5,7.6547
11167.58,102.5,7.6547
11168.58,103.5,7.6547
11169.59,99.6,7.6547
11170.59,100.5,7.6547
11171.6,100.5,7.6547
11172.6,101.5,7.6547
11173.61,104.5,7.6547
11174.61,99.5,7.6547
11175.62,101.5,7.6547
11176.62,99.5,7.6547
11177.63,102.5,7.6547
11178.63,99.5,7.6547
11179.64,102.5,7.6547
11180.64,100.5,7.6547
11181.65,101.5,7.6547
11182.66,101.5,7.6547
11183.66,99.5,7.6547
11184.67,101.5,7.6547
11185.67,100.5,7.6547
11186.68,101.5,7.6547
11187.68,101.5,7.6547
11188.69,100.5,7.6547
11189.69,100.5,7.6547
11190.7,100.5,7.6547
11191.7,101.5,7.6547
11192.71,99.5,7.6547
11193.71,103.5,7.6547
11194.72,100.5,7.6547
11195.72,100.5,7.6549
11196.73,99.5,7.6549
11197.73,102.5,7.6549
11198.74,99.5,7.6549
11199.74,100.5,7.6549
11200.75,102.5,7.6549
11201.75,100.5,7.6549
11202.76,100.5,7.6549
11203.76,100.5,7.6549
11204.77,101.5,7.6549
11205.77,101.5,7.6549
11206.78,100.5,7.6549
11207.78,99.5,7.6549
11208.79,100.5,7.6549
11209.79,100.5,7.6549
11210.8,99.5,7.6549
11211.8,101.5,7.6549
11212.81,100.5,7.6549
11213.81,100.5,7.6549
11214.82,101.5,7.6549
11215.82,100.5,7.6549
11216.83,100.5,7.6549
11217.83,100.5,7.6549
11218.84,100.5,7.6549
11219.84,100.5,7.6549
11220.85,101.6,7.6549
11221.85,101.5,7.6549
11222.86,100.5,7.6549
11223.86,101.5,7.6549
11224.87,100.5,7.6549
11225.87,101.5,7.6549
11226.88,100.5,7.6549
11227.88,100.5,7.6549
11228.89,100.5,7.6549
11229.89,100.5,7.6549
11230.9,100.5,7.6549
11231.91,117.4,7.6549
11232.91,101.5,7.6549
11233.92,99.5,7.6549
11234.92,100.5,7.6549
11235.93,100.5,7.6549
11236.93,101.5,7.6549
11237.94,101.5,7.6549
11238.94,100.5,7.6549
11239.95,101.5,7.6549
11240.95,100.5,7.6549
11241.96,100.5,7.6549
11242.96,101.5,7.6549
11243.97,101.5,7.6549
11244.97,100.5,7.6549
11245.98,100.5,7.6552
11246.98,100.5,7.6552
11247.99,101.5,7.6552
11248.99,100.5,7.6552
11250.0,101.5,7.6552
11251.0,100.5,7.6552
11252.01,102.5,7.6552
11253.01,100.5,7.6552
11254.02,100.5,7.6552
11255.02,100.5,7.6552
11256.03,101.5,7.6552
11257.03,99.5,7.6552
11258.04,100.5,7.6552
11259.04,101.5,7.6552
11260.05,101.5,7.6552
11261.05,99.5,7.6552
11262.06,100.5,7.6552
11263.06,100.5,7.6552
11264.07,100.5,7.6552
11265.07,100.5,7.6552
11266.08,100.5,7.6552
11267.08,100.5,7.6552
11268.09,99.5,7.6552
11269.09,102.5,7.6552
11270.1,100.5,7.6552
11271.1,100.5,7.6552
11272.11,101.5,7.6552
11273.11,101.5,7.6552
11274.12,98.5,7.6552
11275.12,100.5,7.6552
11276.13,103.5,7.6552
11277.14,100.5,7.6552
11278.14,100.5,7.6552
11279.15,101.5,7.6552
11280.15,100.5,7.6552
11281.16,100.5,7.6552
11282.16,100.5,7.6552
11283.17,100.5,7.6552
11284.17,100.5,7.6552
11285.18,100.5,7.6552
11286.18,100.5,7.6552
11287.19,101.5,7.6552
11288.19,100.5,7.6552
11289.2,100.5,7.6552
11290.2,99.5,7.6552
11291.21,100.5,7.6554
11292.21,101.5,7.6554
11293.22,101.5,7.6554
11294.22,100.5,7.6554
11295.23,100.5,7.6554
11296.23,100.5,7.6554
11297.24,101.4,7.6554
11298.24,100.5,7.6554
11299.25,99.5,7.6554
11300.25,102.5,7.6554
11301.26,101.5,7.6554
11302.27,100.4,7.6554
11303.27,100.5,7.6554
11304.28,114.4,7.6554
11305.28,99.5,7.6554
11306.29,101.5,7.6554
11307.29,102.5,2.3235
11308.3,302.4,2.5643
11309.3,366.1,2.7139
11310.3,0.0,2.3304
11311.31,320.1,2.5759
11312.31,303.2,2.6949
11313.31,2.0,2.3866
11314.32,2.0,2.3297
11315.32,326.3,2.5823
11316.32,312.9,2.9673
11317.33,295.6,3.3213
11318.33,300.0,3.4543
11319.34,345.3,3.7416
11320.34,322.3,3.9282
11321.35,313.5,4.159
11322.35,288.5,4.3643
11323.36,296.6,4.6127
11324.36,284.5,4.8149
11325.37,303.4,5.0004
11326.37,302.4,5.2103
11327.38,309.4,5.3791
11328.38,305.7,5.5802
11329.39,314.3,5.7581
11330.39,169.1,5.8862
11331.4,148.3,6.0246
11332.4,237.7,6.203
11333.41,270.6,6.3706
11334.41,204.0,6.5318
11335.42,221.8,6.7276
11336.42,233.7,6.9035
11337.43,132.3,7.0657
11338.44,223.8,7.528
11339.44,140.3,7.531
11340.45,154.2,7.531
11341.45,253.6,7.5311
11342.46,208.9,7.6228
11343.46,171.1,7.6311
11344.47,169.1,7.6313
11345.47,105.4,7.6313
11346.48,121.4,7.7313
11347.48,131.3,7.7313
11348.49,220.8,2.2235
11349.49,2.0,2.4303
11350.49,325.0,2.6024
11351.5,360.9,2.751
11352.5,333.0,2.9436
11353.51,324.3,3.1553
11354.51,311.3,3.3869
11355.52,320.3,3.6625
11356.52,289.5,4.0247
11357.53,147.2,4.4018
11358.53,131.3,4.7951
11359.54,104.5,5.1668
11360.54,102.4,5.5442
11361.55,101.5,5.9151
11362.55,101.5,6.2807
11363.56,101.5,6.6533
11364.56,99.5,7.0286
11365.57,131.4,7.3505
11366.57,101.5,7.4441
11367.58,100.5,7.4715
11368.58,161.2,7.4797
11369.59,101.5,7.4747
11370.59,101.6,7.4747
11371.6,103.5,7.4747
11372.6,100.5,7.4747
11373.61,101.5,7.4747
11374.61,100.5,7.4747
11375.62,101.5,7.4747
11376.62,101.5,7.4747
11377.63,100.5,7.4747
11378.63,122.5,7.6144
11379.64,100.5,7.6144
11380.64,100.5,7.6147
11381.65,101.5,7.6148
11382.65,101.6,7.6148
11383.66,100.5,7.6148
11384.66,100.5,7.6148
11385.67,106.5,7.6148
11386.67,100.5,7.6148
11387.68,118.4,7.6148
11388.68,118.4,7.6152
11389.69,101.5,7.6152
11390.69,100.5,7.6152
11391.7,99.5,7.6152
11392.7,102.5,7.6152
11393.71,103.5,7.6152
11394.71,100.5,7.6152
11395.72,100.5,7.6152
11396.73,100.5,7.6152
11397.73,101.5,7.6152
11398.74,100.5,7.6152
11399.74,117.6,7.6152
11400.74,100.5,7.6153
11401.75,100.5,7.6153
11402.75,101.5,7.6153
11403.76,101.5,7.6153
11404.76,98.5,7.6153
11405.77,101.5,7.6153
11406.78,99.5,7.6153
11407.78,100.5,7.6153
11408.79,101.5,7.6153
11409.79,101.5,7.6153
11410.8,100.4,7.6153
11411.8,100.5,7.6153
11412.81,116.4,7.6153
11413.81,101.5,7.6153
11414.82,101.5,7.6153
11415.82,99.5,7.6153
11416.83,100.5,7.6153
11417.83,100.5,7.6153
11418.84,100.5,7.6153
11419.84,102.5,7.6153
11420.85,100.5,7.6153
11421.85,100.5,7.6153
11422.86,101.5,7.6153
11423.87,120.4,7.7069
11424.87,101.5,7.7069
11425.88,99.5,7.7069
11426.88,101.5,7.7069
11427.89,100.6,7.7069
11428.89,101.5,7.7069
11429.9,100.5,7.7069
11430.9,100.5,7.7071
11431.91,101.5,7.7071
11432.91,101.5,7.7071
11433.92,100.5,7.7071
11434.92,100.5,7.7071
11435.93,101.5,8.0254
11436.93,100.5,8.4209
11437.94,101.5,8.7317
11438.94,134.3,9.0727
11439.95,100.5,9.0727
11440.95,101.5,9.0727
11441.96,101.5,9.0727
11442.96,100.5,9.0727
11443.97,100.5,9.0727
11444.97,102.6,9.0727
11445.98,99.5,9.0727
11446.98,99.5,9.0727
11447.99,101.5,9.0727
11448.99,101.5,9.0727
11450.0,99.5,9.0727
11451.01,99.5,9.0727
11452.01,101.5,9.0727
11453.02,100.5,9.073
11454.02,99.5,9.073
11455.03,101.6,9.073
11456.03,103.5,9.073
11457.04,99.5,9.073
11458.04,100.5,9.073
11459.05,102.5,9.073
11460.05,99.5,9.073
11461.06,99.5,9.073
11462.06,101.5,9.073
11463.07,100.5,9.073
11464.07,100.5,9.073
11465.08,101.5,9.073
11466.08,99.5,9.073
11467.09,102.5,9.0731
11468.09,100.5,9.0731
11469.1,100.5,9.0731
11470.1,100.5,9.0731
11471.11,101.5,9.0731
11472.11,100.5,9.0731
11473.12,101.4,9.0731
11474.12,100.5,9.0731
11475.13,101.5,9.0731
11476.14,100.5,9.0733
11477.14,99.5,9.0733
11478.15,100.5,9.0733
11479.15,100.5,9.0733
11480.16,100.5,9.0733
11481.16,101.5,9.0733
11482.17,100.5,9.0733
11483.17,99.5,9.0733
11484.18,100.5,9.0733
11485.18,100.5,9.0733
11486.19,102.5,9.0733
11487.19,100.5,9.0733
11488.2,100.4,9.0733
11489.2,100.5,9.0733
11490.21,99.5,9.0733
11491.21,101.5,9.0733
11492.22,99.5,9.0733
11493.22,101.5,9.0733
11494.23,99.5,9.0733
11495.23,101.5,9.0736
11496.24,101.5,9.0736
11497.25,100.5,9.0736
11498.25,100.5,9.0736
11499.26,100.5,9.0736
11500.26,100.5,9.0736
11501.27,100.5,9.0736
11502.27,101.5,9.0736
11503.28,100.5,9.0736
11504.28,101.5,9.0736
11505.29,100.5,9.0736
11506.29,100.5,9.0736
11507.3,102.5,9.0736
11508.3,101.5,9.0736
11509.31,101.5,9.0736
11510.31,100.5,9.0736
11511.32,99.5,9.0736
11512.32,102.5,9.0736
11513.33,99.5,9.0736
11514.33,101.5,9.0736
11515.34,100.5,9.0736
11516.34,99.5,9.0737
11517.35,101.5,9.0737
11518.35,99.5,9.0737
11519.36,102.5,9.0737
11520.37,99.5,9.0737
11521.37,100.5,9.0737
11522.38,100.5,9.0737
11523.38,101.5,9.0737
11524.39,101.5,9.0737
11525.39,100.5,9.0737
11526.4,100.5,9.0737
11527.4,101.5,9.0737
11528.41,101.5,9.0737
11529.41,99.5,9.0737
11530.42,101.5,9.0737
11531.42,100.5,9.0737
11532.43,102.5,9.0737
11533.43,99.5,9.0737
11534.44,100.5,9.0737
11535.44,101.5,9.0737
11536.45,99.5,9.0737
11537.45,102.5,9.0737
11538.46,100.5,9.0737
11539.46,100.5,9.0737
11540.47,100.5,9.0737
11541.47,100.5,9.0737
11542.48,101.5,9.0737
11543.48,100.5,9.0737
11544.49,99.5,9.0737
11545.49,102.5,9.0737
11546.5,100.5,9.0737
11547.5,101.6,9.0737
11548.51,100.5,9.0737
11549.51,100.5,9.0738
11550.52,101.5,9.0738
11551.52,99.5,9.0738
11552.53,101.5,9.0738
11553.53,100.5,9.0738
11554.54,99.5,9.0738
11555.55,102.5,9.0738
11556.55,101.5,9.0738
11557.56,100.5,9.0738
11558.56,100.5,9.0738
11559.57,100.5,9.0738
11560.57,100.5,9.0738
11561.58,100.5,9.0738
11562.58,101.5,9.074
11563.59,99.5,9.074
11564.59,101.5,9.074
11565.6,115.4,9.074
11566.6,102.5,9.074
11567.61,99.5,9.074
11568.61,107.5,9.074
11569.62,99.6,9.074
11570.62,100.5,9.074
11571.63,99.5,9.074
11572.63,102.5,9.074
11573.64,100.5,9.074
11574.64,101.5,9.074
11575.65,101.5,9.074
11576.65,100.5,9.074
11577.66,101.5,9.074
11578.66,99.5,9.074
11579.67,100.5,9.074
11580.67,100.5,9.074
11581.68,101.5,9.074
11582.68,99.5,9.074
11583.69,101.5,9.074
11584.69,100.5,9.074
11585.7,100.5,9.074
11586.7,100.5,9.074
11587.71,101.5,9.074
11588.72,100.5,9.074
11589.72,101.5,9.074
11590.73,99.5,9.074
11591.73,100.5,9.074
11592.74,101.5,9.074
11593.74,100.5,9.074
11594.75,101.5,9.074
11595.75,99.6,9.074
11596.76,100.5,9.074
11597.76,100.5,9.074
11598.77,101.6,9.074
11599.77,100.5,9.074
11600.78,99.5,9.074
11601.78,100.5,9.074
11602.79,101.5,9.074
11603.79,99.5,9.0741
11604.8,100.5,9.0741
11605.8,101.5,9.0741
11606.81,101.5,9.0741
11607.81,100.5,9.0741
11608.82,100.5,9.0741
11609.82,100.5,9.0741
11610.83,100.5,9.0741
11611.83,100.5,9.0741
11612.84,100.5,9.0741
11613.84,100.5,9.0741
11614.85,101.5,9.0741
11615.85,101.5,9.0741
11616.86,99.5,9.0741
11617.86,102.4,9.0741
11618.87,100.5,9.0741
11619.87,100.5,9.0741
11620.88,100.5,9.0741
11621.89,101.5,9.0741
11622.89,100.5,9.0741
11623.9,100.5,9.0741
11624.9,100.5,9.0741
11625.91,100.5,9.0741
11626.91,101.5,9.0741
11627.92,99.5,9.0741
11628.92,101.5,9.0741
11629.93,102.5,9.0741
11630.93,101.5,9.0741
11631.94,100.5,9.0741
11632.94,100.5,9.0741
11633.95,99.5,9.0741
11634.95,101.5,9.0741
11635.96,99.5,9.0741
11636.96,102.5,9.0741
11637.97,99.5,9.0741
11638.97,101.5,9.0741
11639.98,101.5,9.0741
11640.98,100.5,9.0741
11641.99,101.5,9.0741
11642.99,101.5,9.0741
11644.0,100.5,9.0741
11645.0,101.5,9.0743
11646.01,100.5,9.0743
11647.01,100.5,9.0743
11648.02,100.5,9.0743
11649.02,100.7,2.3393
11650.03,316.4,2.5837
11651.03,318.1,2.7084
11652.04,353.2,2.9401
11653.04,328.4,3.2274
11654.05,295.5,3.4955
11655.05,181.4,3.8055
11656.05,225.8,4.1048
11657.06,137.3,4.3953
11658.07,103.5,4.7778
11659.07,131.2,5.1669
11660.08,103.5,5.5707
11661.08,101.5,5.9715
11662.09,115.5,6.3662
11663.09,100.5,6.7667
11664.1,102.5,7.1675
11665.1,131.3,7.361
11666.11,101.5,7.4611
11667.11,99.5,7.4611
11668.12,102.5,7.4611
11669.12,99.5,7.4611
11670.13,101.5,7.4611
11671.13,101.5,7.4611
11672.14,99.5,7.4611
11673.14,102.4,7.4611
11674.15,100.5,7.4612
11675.15,101.5,7.4612
11676.17,104.4,7.4767
11677.17,117.4,7.6082
11678.18,101.5,7.6082
11679.18,102.5,7.6082
11680.19,102.5,7.6083
11681.19,100.5,7.6083
11682.2,100.5,7.6083
11683.2,102.5,7.6083
11684.21,102.5,7.6083
11685.21,99.5,7.6083
11686.22,117.4,7.6087
11687.23,101.5,7.6087
11688.23,101.5,7.6087
11689.24,100.5,7.6087
11690.24,100.5,7.609
11691.25,102.5,7.609
11692.25,100.5,7.609
11693.26,99.5,7.609
11694.26,102.5,7.609
11695.27,101.5,7.609
11696.27,116.4,7.6097
11697.28,100.5,7.6097
11698.28,101.5,7.6097
11699.29,100.5,7.6097
11700.29,100.5,7.6097
11701.3,101.5,7.6099
11702.3,99.5,7.6099
11703.31,101.5,7.6099
11704.31,100.5,7.6099
11705.32,100.5,7.6099
11706.32,117.4,7.6108
11707.33,100.5,7.6108
11708.33,103.5,7.6108
11709.34,99.5,7.6108
11710.35,110.4,7.6108
11711.35,101.5,7.6108
11712.36,100.5,7.6108
11713.36,100.5,7.6108
11714.37,99.6,7.6108
11715.37,101.5,7.6108
11716.38,100.5,7.6108
11717.38,108.5,7.6385
11718.39,116.4,7.7118
11719.39,101.5,7.7118
11720.4,100.5,7.7118
11721.4,99.5,7.7118
11722.41,101.5,7.7118
11723.41,101.5,7.7118
11724.42,100.5,7.7118
11725.42,100.5,7.7118
11726.43,100.5,7.7118
11727.43,101.5,7.723
11728.44,99.5,8.1223
11729.44,100.5,8.4421
11730.45,100.5,8.8427
11731.45,138.3,9.0526
11732.46,101.5,9.0526
11733.46,99.5,9.0526
11734.47,100.5,9.0526
11735.47,100.5,9.0526
11736.48,101.5,9.0526
11737.48,99.5,9.0526
11738.49,101.5,9.0526
11739.49,99.5,9.0526
11740.5,101.5,9.0526
11741.51,100.5,9.0526
11742.51,101.5,9.0526
11743.52,101.5,9.0526
11744.52,102.5,9.0562
11745.53,101.5,9.0565
11746.53,99.5,9.0565
11747.54,100.5,9.0565
11748.54,101.5,9.0565
11749.55,100.5,9.0565
11750.55,100.5,9.0565
11751.56,101.5,9.0565
11752.56,99.6,9.0565
11753.57,102.5,9.0565
11754.57,100.5,9.0565
11755.58,99.5,9.0565
11756.58,102.6,9.0565
11757.59,101.5,9.0578
11758.59,100.5,9.0578
11759.6,100.5,9.0578
11760.6,100.5,9.0578
11761.61,102.5,9.0578
11762.61,101.5,9.0578
11763.62,100.5,9.0578
11764.62,101.5,9.0578
11765.63,99.5,9.0578
11766.63,101.5,9.0578
11767.64,104.5,9.0578
11768.64,100.5,9.0578
11769.65,101.5,9.0578
11770.65,100.5,9.0578
11771.66,102.5,9.0612
11772.66,171.1,9.0612
11773.67,123.4,9.0612
11774.67,100.6,9.0612
11775.68,101.5,9.0612
11776.68,100.5,9.0612
11777.69,100.5,9.0612
11778.69,103.5,9.0612
11779.7,100.5,9.0612
11780.7,100.5,9.0612
11781.71,99.5,9.0612
11782.71,103.6,9.0612
11783.72,108.2,9.0632
11784.73,100.5,9.0632
11785.73,100.5,9.0632
11786.74,100.5,9.0632
11787.74,100.5,9.0632
11788.75,101.5,9.0632
11789.75,100.5,9.0632
11790.76,101.5,9.0635
11791.76,168.1,9.0635
11792.77,202.9,9.0635
11793.77,204.0,9.0694
11794.78,110.5,9.0619
11795.78,102.5,9.0619
11796.79,103.5,9.0639
11797.79,102.5,9.0639
11798.8,100.5,9.0639
11799.8,100.5,9.0639
11800.81,100.5,9.0639
11801.81,100.5,9.0639
11802.82,101.5,9.0639
11803.82,100.5,9.0639
11804.83,102.5,9.0639
11805.83,101.5,9.0639
11806.84,99.5,9.0639
11807.84,101.5,9.0639
11808.85,102.5,9.065
11809.85,100.5,9.065
11810.86,99.5,9.065
11811.87,101.5,9.065
11812.87,100.5,9.065
11813.88,101.5,9.065
11814.88,99.5,9.065
11815.89,100.6,9.065
11816.89,100.5,9.065
11817.9,101.5,9.065
11818.9,100.5,9.065
11819.91,101.5,9.065
11820.91,100.5,9.065
11821.92,101.5,9.0678
11822.92,100.5,9.0678
11823.93,100.5,9.0678
11824.93,100.5,9.0678
11825.94,100.5,9.0678
11826.94,100.5,9.0678
11827.95,103.5,9.0678
11828.95,100.5,9.0678
11829.96,99.5,9.0678
11830.96,101.5,9.0678
11831.97,99.5,9.0678
11832.97,101.5,9.0678
11833.98,103.5,9.0693
11834.98,101.5,9.0693
11835.99,100.5,9.0693
11836.99,100.5,9.0693
11838.0,101.5,9.0693
11839.0,165.1,9.0693
11840.01,101.5,9.0693
11841.02,100.5,9.0696
11842.02,100.5,9.0696
11843.03,99.5,9.0696
11844.03,101.5,9.0696
11845.04,99.5,9.0696
11846.04,103.5,9.0696
11847.05,102.6,9.0717
11848.05,100.5,9.0717
11849.06,101.5,9.0717
11850.06,99.5,9.0717
11851.07,134.4,9.0719
11852.07,104.5,9.0719
11853.08,99.5,9.0719
11854.08,100.5,9.0719
11855.09,101.5,9.0719
11856.09,107.4,9.0719
11857.1,150.2,9.0738
11858.1,102.5,9.0738
11859.11,100.5,9.0738
11860.11,104.5,9.075
11861.12,100.5,9.075
11862.12,101.5,9.075
11863.13,100.5,9.075
11864.13,99.5,9.075
11865.14,101.5,9.075
11866.14,100.5,9.075
11867.15,101.5,9.075
11868.15,100.5,9.075
11869.16,100.4,9.075
11870.16,100.5,9.075
11871.17,102.5,9.075
11872.17,102.5,9.0789
11873.18,100.5,9.0789
11874.19,99.5,9.0789
11875.19,101.5,9.0789
11876.2,99.5,9.0789
11877.2,100.5,9.0789
11878.21,101.5,9.0789
11879.21,99.5,9.0789
11880.22,100.5,9.0789
11881.22,101.6,9.0789
11882.23,101.5,9.0789
11883.23,100.5,9.0789
11884.24,102.5,9.0813
11885.24,101.5,9.0813
11886.25,100.5,9.0816
11887.25,100.5,9.0816
11888.26,100.6,9.0816
11889.26,102.5,9.0816
11890.27,101.5,9.0816
11891.27,100.5,9.0816
11892.28,100.5,9.0816
11893.28,101.5,9.0816
11894.29,99.5,9.0816
11895.29,101.5,9.0816
11896.3,103.5,9.0842
11897.3,99.5,9.0842
11898.31,100.5,9.0842
11899.31,102.5,9.0842
11900.32,100.5,9.0842
11901.33,100.5,9.0842
11902.33,100.5,9.0842
11903.34,101.5,9.0842
11904.34,100.5,9.0842
11905.35,103.5,9.0842
11906.35,99.5,9.0842
11907.36,100.5,9.0842
11908.36,100.6,9.0842
11909.37,103.4,9.086
11910.37,100.5,9.086
11911.38,101.5,9.086
11912.38,101.5,9.086
11913.39,100.5,9.086
11914.39,101.5,9.086
11915.4,99.5,9.086
11916.4,102.5,9.086
11917.41,99.5,9.086
11918.41,100.5,9.086
11919.42,102.5,9.086
11920.42,101.5,9.086
11921.43,103.5,9.0886
11922.43,100.5,9.0886
11923.44,101.5,9.0886
11924.44,99.5,9.0886
11925.45,102.5,9.0886
11926.46,100.5,9.0886
11927.46,100.5,9.0886
11928.47,99.5,9.0886
11929.47,101.5,9.0886
11930.48,99.5,9.0888
11931.48,102.5,9.0888
11932.49,101.5,9.0888
11933.49,102.5,9.0907
11934.5,100.5,9.0907
11935.5,102.5,9.0907
11936.51,100.5,9.0907
11937.51,101.5,9.0907
11938.52,100.5,9.0907
11939.52,100.5,9.0907
11940.53,101.5,9.0907
11941.53,99.5,9.0907
11942.54,101.5,9.0907
11943.54,99.5,9.0907
11944.55,102.5,9.0907
11945.55,104.5,9.0922
11946.56,99.5,9.0922
11947.56,100.5,9.0922
11948.57,101.5,9.0922
11949.57,3956.3,2.4289
11950.58,293.1,2.6502
11951.58,361.4,2.8628
11952.59,335.3,3.0708
11953.59,310.6,3.2934
11954.6,1.0,2.4886
11955.6,320.4,2.6542
11956.61,2.0,2.3225
11957.61,301.4,2.5114
11958.62,335.2,2.6505
11959.62,342.2,2.8423
11960.63,1.0,2.3877
11961.63,331.1,2.6726
11962.63,365.0,2.7941
11963.64,340.2,2.9838
11964.64,332.4,3.202
11965.65,324.5,3.3828
11966.65,1.0,2.3353
11967.66,339.2,2.6394
11968.66,358.3,2.7917
11969.66,337.8,2.9761
11970.67,326.3,3.1836
11971.67,2.0,2.3385
11972.68,334.3,2.6578
11973.68,370.1,2.7967
11974.68,336.5,3.0208
11975.69,315.3,3.3031
11976.69,0.0,2.4894
11977.7,333.3,2.6699
11978.7,2.0,2.3458
11979.71,335.4,2.6442
11980.71,356.0,2.8448
11981.71,336.5,3.0763
11982.72,304.7,2.2276
11983.72,3.0,2.5407
11984.72,340.1,2.7235
11985.73,354.7,2.966
11986.73,331.9,3.25
11987.73,2.0,2.3901
11988.73,332.4,2.5967
11989.74,349.1,2.7975
11990.74,351.8,3.0245
11991.75,314.4,2.2277
11992.75,3366.1,2.4823
11993.75,3.0,2.3372
11994.75,302.4,2.5101
11995.76,2.0,2.3504
11996.76,336.1,2.5361
11997.76,1.0,2.4685
11998.77,355.9,2.6208
11999.77,0.0,2.4685
12000.77,339.9,2.5751
12001.78,2.0,2.3972
12002.78,331.3,2.5569
12003.78,1.0,2.4047
12004.78,303.2,2.5499
12005.79,1.0,2.3538
12006.79,294.6,2.5044
12007.8,0.0,2.3231
12008.8,310.0,2.4981
12009.81,335.1,2.616
12010.81,2.0,2.4613
12011.81,317.1,2.5742
12012.81,1.0,2.4248
12013.82,308.1,2.5514
12014.82,0.0,2.4186
12015.82,312.1,2.5694
12016.83,355.2,2.7852
12017.83,3583.5,2.3771
12018.83,301.9,2.5218
12019.84,2.0,2.3123
12020.84,299.4,2.4964
12021.85,358.1,2.6089
12022.85,1.0,2.4136
12023.85,317.1,2.5633
12024.86,2.0,2.3318
12025.86,290.7,2.4986
12026.86,353.9,2.6249
12027.87,2.0,2.4537
12028.87,307.1,2.5708
12029.87,297.1,2.8267
12030.88,2.0,2.442
12031.88,325.1,2.5626
12032.88,302.6,2.7078
12033.89,2.0,2.45
12034.89,307.1,2.5781
12035.89,2.0,2.3538
12036.9,300.1,2.5084
12037.9,356.6,2.6874
12038.91,2.0,2.3417
12039.91,312.3,2.5021
12040.92,352.0,2.627
12041.92,0.0,2.4061
12042.92,309.1,2.5545
12043.93,3.0,2.332
12044.93,313.0,2.5086
12045.93,341.2,2.6439
12046.94,2.0,2.3864
12047.94,332.0,2.5486
12048.94,362.3,2.742
12049.95,3.0,2.4127
12050.95,303.1,2.5549
12051.95,350.9,2.7522
12052.96,251.7,2.8616
12053.96,0.0,2.385
12054.96,310.2,2.534
12055.97,323.3,2.2353
12056.97,1377.8,2.4966
12057.98,322.0,2.5951
12058.98,1346.6,2.4496
12059.98,324.0,2.5822
12060.99,1.0,2.3938
12061.99,318.0,2.5436
12062.99,362.6,2.73
12064.0,3.0,2.3864
12065.0,309.8,2.5361
12066.0,1.0,2.476
12067.01,1.0,2.3575
12068.01,318.5,2.5283
12069.02,353.6,2.707
12070.02,2090.6,2.3519
12071.02,312.9,2.5277
12072.03,351.5,2.6851
12073.03,338.6,2.8911
12074.04,3.0,2.3668
12075.04,308.1,2.5248
12076.04,348.9,2.7217
12077.05,342.2,2.9243
12078.05,3.0,2.4041
12079.05,302.1,2.5485
12080.06,362.1,2.7301
12081.06,3.0,2.4949
12082.06,339.9,2.6328
12083.07,1.0,2.3881
12084.07,319.4,2.5551
12085.08,347.2,2.7826
12086.08,4.0,2.342
12087.09,317.6,2.5339
12088.09,343.2,2.6715
12089.1,325.6,2.9809
12090.1,3.0,2.323
12091.11,307.5,2.5294
12092.11,330.8,2.6747
12093.11,342.5,3.0026
12094.12,1.0,2.3199
12095.12,301.3,2.5254
12096.12,360.8,2.6861
12097.13,204.0,2.9121
12098.13,3.0,2.3961
12099.14,334.0,2.5846
12100.14,347.9,2.7811
12101.14,235.8,2.2383
12102.15,4.0,2.4767
12103.15,299.0,2.6018
12104.16,342.2,2.8566
12105.16,1432.9,2.3344
12106.17,312.6,2.5189
12107.17,309.1,2.6254
12108.17,2.0,2.4287
12109.18,337.9,2.5823
12110.18,1.0,2.3868
12111.18,313.1,2.5498
12112.18,0.0,2.3677
12113.19,316.3,2.5267
12114.19,2.0,2.3512
12115.2,296.7,2.5181
12116.2,1.0,2.3363
12117.21,300.4,2.5087
12118.21,0.0,2.3233
12119.22,298.4,2.512
12120.22,334.0,2.6083
12121.23,1.0,2.48
12122.23,333.0,2.5786
12123.23,2.0,2.4353
12124.23,315.1,2.5669
12125.24,5.0,2.4829
12126.24,335.3,2.652
12127.25,2.0,2.3473
12128.25,304.3,2.5372
12129.26,3.0,2.4314
12130.26,1.0,2.2543
12131.27,278.5,2.5106
12132.27,7.0,2.3591
12133.28,338.9,2.5982
12134.28,0.0,2.3367
12135.28,313.1,2.548
12136.29,349.0,2.6863
12137.29,2.0,2.4235
12138.29,331.0,2.6251
12139.3,3.0,2.3663
12140.3,338.3,2.593
12141.3,362.1,2.7277
12142.31,1.0,2.4691
12143.31,322.3,2.7878
12144.32,221.0,3.1508
12145.32,278.1,3.275
12146.33,337.5,3.4257
12147.33,319.3,3.6129
12148.34,301.4,3.7837
12149.34,328.2,4.0552
12150.34,2.0,2.4047
12151.35,318.1,2.6174
12152.35,358.6,2.8538
12153.36,1.0,2.5235
12154.36,352.0,2.6831
12155.36,0.0,2.4856
12156.36,322.4,2.6644
12157.37,2.0,2.4333
12158.37,305.2,2.5674
12159.37,2.0,2.3977
12160.37,328.1,2.5725
12161.38,1.0,2.4706
12162.38,1.0,2.3407
12163.38,296.4,2.5348
12164.39,345.9,2.6524
12165.39,333.2,2.8846
12166.4,342.2,3.0813
12167.4,303.4,2.258
12168.41,2.0,2.5081
12169.41,306.1,2.6245
12170.41,347.6,2.9153
12171.42,342.4,3.1215
12172.42,311.8,3.4029
12173.43,287.5,3.7584
12174.43,272.5,4.0627
12175.44,27.9,2.4129
12176.44,343.0,2.6229
12177.44,354.2,2.854
12178.45,344.2,3.088
12179.45,293.6,3.3812
12180.46,219.0,3.77
12181.46,174.1,2.3009
12182.47,1.0,2.5775
12183.47,338.4,2.756
12184.48,1511.7,2.4099
12185.48,296.2,2.5879
12186.49,351.8,2.7222
12187.49,0.0,2.4763
12188.49,325.3,2.6354
12189.49,357.9,2.8256
12190.5,3.0,2.4826
12191.5,326.3,2.8035
12192.51,304.4,3.1625
12193.51,294.7,3.6437
12194.52,201.9,4.116
12195.52,161.2,4.5684
12196.53,271.1,4.7802
12197.53,359.9,4.9509
12198.53,337.7,5.118
12199.54,317.5,5.2052
12200.54,258.6,5.2816
12201.55,302.4,5.4346
12202.55,215.1,5.4818
12203.56,246.9,5.5627
12204.56,271.7,5.6501
12205.57,255.6,5.7249
12206.57,286.6,5.825
12207.58,235.8,5.8977
12208.58,274.7,5.9964
12209.58,183.4,6.0553
12210.59,259.9,6.1444
12211.59,233.1,6.2174
12212.6,249.8,6.35
12213.6,161.1,6.4284
12214.61,221.8,6.5622
12215.61,134.6,6.6163
12216.62,270.6,6.8269
12217.62,180.2,6.9124
12218.63,102.5,6.9626
12219.63,283.5,7.0671
12220.64,184.0,7.1256
12221.64,272.1,7.4609
12222.65,285.6,7.9756
12223.65,245.7,7.9786
12224.66,216.8,7.9789
12225.66,132.4,7.9789
12226.67,242.7,7.982
12227.67,182.0,7.9822
12228.68,130.3,7.9822
12229.68,129.3,7.9823
12230.69,148.2,7.9825
12231.69,167.1,7.9826
12232.7,150.3,7.9826
12233.7,112.4,7.9826
12234.71,101.5,7.9826
12235.71,100.5,7.9772
12236.72,115.4,7.9772
12237.72,157.2,7.9772
12238.73,100.7,7.9772
12239.73,106.5,7.9774
12240.74,109.5,7.9774
12241.74,114.5,8.0183
12242.75,102.5,8.0775
12243.75,127.3,8.0778
12244.76,106.4,8.0778
12245.76,120.4,8.078
12246.77,134.3,8.078
12247.77,204.9,8.0906
12248.78,101.5,8.1376
12249.78,121.4,8.1786
12250.79,101.6,8.1786
12251.79,120.4,8.1786
12252.8,104.4,8.1786
12253.8,102.5,8.1786
12254.81,110.4,8.1786
12255.81,99.5,8.1786
12256.82,101.5,8.1786
12257.83,101.5,8.1786
12258.83,148.2,8.1788
12259.84,110.4,8.1788
12260.84,167.1,8.1788
12261.85,101.5,8.1788
12262.85,109.4,8.1788
12263.86,105.5,8.1788
12264.86,101.5,8.1788
12265.87,101.5,8.1788
12266.87,102.5,8.1788
12267.88,154.7,8.4356
12268.88,205.0,8.9902
12269.89,100.4,9.0304
12270.89,100.5,9.0304
12271.9,101.5,9.0304
12272.9,103.5,9.0305
12273.91,111.4,9.0306
12274.91,99.5,9.0306
12275.92,131.3,9.0306
12276.92,120.4,9.0306
12277.93,114.4,9.0307
12278.93,107.4,9.0307
12279.94,99.5,9.0307
12280.94,101.5,9.0307
12281.95,102.5,9.0307
12282.95,101.5,9.0307
12283.96,100.5,9.0307
12284.97,101.5,9.0307
12285.97,101.5,9.0309
12286.98,108.4,9.0309
12287.98,125.3,9.0309
12288.99,102.4,9.0309
12289.99,100.5,9.0309
12291.0,102.5,9.0309
12292.0,100.5,9.0309
12293.01,101.5,9.0309
12294.01,100.5,9.0309
12295.02,99.5,9.0309
12296.02,101.5,9.0309
12297.03,100.5,9.0309
12298.03,102.6,9.0309
12299.04,101.5,9.0309
12300.04,120.4,9.0309
12301.05,99.5,9.0309
12302.05,125.3,9.0309
12303.06,108.4,9.0309
12304.07,100.5,9.0309
12305.07,100.5,9.0309
12306.08,108.4,9.0309
12307.08,120.4,9.0309
12308.09,100.5,9.0309
12309.09,100.5,9.0309
12310.1,104.6,9.0309
12311.1,101.5,9.0309
12312.11,108.4,9.0309
12313.11,115.4,9.0309
12314.12,122.4,9.0309
12315.12,103.5,9.0309
12316.13,101.5,9.0309
12317.13,100.5,9.0309
12318.14,101.5,9.0309
12319.14,222.3,9.0333
12320.15,135.4,9.0872
12321.15,100.5,9.0872
12322.16,105.4,9.0872
12323.16,100.5,9.0872
12324.17,102.5,9.0872
12325.17,121.4,9.0873
12326.18,128.3,9.0873
12327.18,101.5,9.0873
12328.19,101.5,9.0873
12329.19,110.4,9.0873
12330.2,141.3,9.0873
12331.2,105.4,9.0875
12332.21,100.5,9.0875
12333.21,103.5,9.0875
12334.22,122.3,9.0875
12335.22,101.5,9.0875
12336.23,101.5,9.0875
12337.23,103.5,9.0875
12338.24,99.5,9.0875
12339.25,101.5,9.0875
12340.25,116.4,9.0875
12341.26,112.4,9.0875
12342.26,99.5,9.0875
12343.27,101.6,9.0875
12344.27,101.5,9.0875
12345.28,147.2,9.0875
12346.28,101.5,9.0875
12347.29,114.4,9.0875
12348.29,142.4,9.0875
12349.3,126.3,9.0875
12350.3,100.5,9.0875
12351.31,102.5,9.0875
12352.31,99.5,9.0875
12353.32,101.5,9.0875
12354.32,114.4,9.0875
12355.33,108.4,9.0875
12356.33,103.5,9.0875
12357.34,111.5,9.0875
12358.34,100.5,9.0875
12359.35,118.4,9.0875
12360.35,101.5,9.0875
12361.36,105.4,9.0875
12362.36,262.2,9.2839
12363.37,102.5,9.2886
12364.37,100.5,9.2886
12365.38,101.5,9.2886
12366.38,100.5,9.2886
12367.39,100.5,9.2886
12368.39,124.3,9.2886
12369.4,100.5,9.2886
12370.4,272.1,9.2889
12371.41,168.1,9.2889
12372.41,138.3,9.2889
12373.42,168.2,9.2962
12374.42,123.3,9.2962
12375.43,176.1,9.2962
12376.43,103.5,9.2962
12377.44,102.5,9.2962
12378.44,107.4,9.2962
12379.45,242.7,9.388
12380.45,108.4,9.3765
12381.46,101.5,9.3765
12382.47,101.5,9.3765
12383.47,101.5,9.3765
12384.48,130.3,9.3765
12385.48,172.1,9.3907
12386.49,101.5,9.3907
12387.49,100.5,9.3907
12388.5,100.5,9.3907
12389.5,153.6,9.391
12390.5,196.0,9.3789
12391.51,103.5,9.3789
12392.51,100.5,9.3789
12393.52,100.5,9.3789
12394.53,101.5,9.3789
12395.53,100.5,9.3789
12396.54,101.5,9.3789
12397.54,101.5,9.3789
12398.55,155.2,9.3791
12399.55,192.4,9.4972
12400.56,289.5,9.9906
12401.56,100.5,9.9906
12402.57,100.5,9.9906
12403.57,100.5,9.9906
12404.58,120.4,9.9906
12405.58,101.5,9.9906
12406.59,104.4,9.9906
12407.59,99.5,9.9906
12408.6,102.5,9.9906
12409.6,100.5,9.9906
12410.61,160.2,10.1239
12411.61,99.5,10.1239
12412.62,103.5,10.1239
12413.62,99.5,10.1239
12414.63,101.5,10.1239
12415.63,100.5,10.1239
12416.64,100.5,10.1239
12417.64,100.5,10.1239
12418.65,100.5,10.1239
12419.65,120.4,10.2286
12420.66,99.5,10.2286
12421.66,101.5,10.2286
12422.67,101.6,10.2286
12423.67,100.5,10.2286
12424.68,101.5,10.2286
12425.69,99.5,10.2288
12426.69,102.5,10.2288
12427.7,102.5,10.2289
12428.7,99.5,10.2289
12429.71,101.5,10.2289
12430.71,100.5,10.2289
12431.72,99.5,10.2289
12432.72,101.5,10.2289
12433.73,100.5,10.2289
12434.73,100.5,10.2289
12435.74,101.5,10.2289
12436.74,103.5,10.2295
12437.75,99.5,10.2295
12438.75,101.5,10.2295
12439.76,100.5,10.2295
12440.76,101.5,10.2295
12441.77,99.5,10.2295
12442.77,100.5,10.2295
12443.78,102.5,10.2296
12444.78,100.5,10.2296
12445.79,100.5,10.2296
12446.8,101.5,10.2296
12447.8,99.5,10.2296
12448.81,102.5,10.2296
12449.81,100.5,10.2296
12450.82,102.5,10.23
12451.82,100.5,10.23
12452.83,102.5,10.23
12453.83,99.5,10.23
12454.84,100.5,10.23
12455.84,102.5,10.23
12456.85,99.5,10.23
12457.85,102.5,10.23
12458.86,100.6,10.23
12459.86,100.5,10.23
12460.87,99.5,10.23
12461.87,101.5,10.23
12462.88,101.5,10.23
12463.88,99.5,10.23
12464.89,102.5,10.23
12465.89,103.5,10.2301
12466.9,100.5,10.2301
12467.9,100.5,10.2301
12468.91,101.5,10.2301
12469.91,100.6,10.2301
12470.92,100.5,10.2303
12471.92,100.5,10.2303
12472.93,102.5,10.2303
12473.93,101.5,10.2304
12474.94,101.6,10.2304
12475.94,100.5,10.2304
12476.95,99.5,10.2304
12477.95,102.5,10.2304
12478.96,100.5,10.2304
12479.96,100.5,10.2304
12480.97,99.5,10.2304
12481.97,103.5,10.2309
12482.98,100.5,10.2309
12483.98,99.5,10.2309
12484.99,101.5,10.2309
12485.99,100.5,10.2309
12487.0,99.5,10.2309
12488.0,100.5,10.2309
12489.01,107.4,10.2311
12490.01,102.5,2.409
12491.02,308.4,2.6981
12492.03,308.4,3.1467
12493.03,306.0,3.6582
12494.03,194.1,4.1829
12495.04,246.7,4.6687
12496.04,311.0,4.8239
12497.05,343.0,5.0214
12498.05,328.6,5.1534
12499.05,256.6,5.2667
12500.06,300.7,5.4359
12501.06,151.2,5.529
12502.07,277.1,5.6252
12503.07,242.8,5.7084
12504.08,231.9,5.823
12505.08,299.4,5.9617
12506.09,190.0,6.0472
12507.09,281.0,6.162
12508.1,282.5,6.2757
12509.1,301.6,6.3825
12510.11,305.5,6.5528
12511.11,197.0,6.6213
12512.12,294.4,6.8779
12513.12,142.4,6.9438
12514.13,224.8,7.0398
12515.13,280.5,7.13
12516.14,233.8,7.2485
12517.14,299.0,7.9764
12518.15,225.9,8.0805
12519.15,153.2,8.0805
12520.16,144.2,8.0752
12521.16,132.3,8.0752
12522.17,135.3,8.0756
12523.17,166.5,8.0757
12524.17,139.3,8.0757
12525.18,140.6,8.0706
12526.18,129.3,8.0706
12527.19,99.5,8.0706
12528.19,159.2,8.0706
12529.2,131.4,8.0706
12530.2,110.6,8.0708
12531.21,122.4,8.0708
12532.21,133.3,8.1184
12533.22,109.4,8.171
12534.22,122.4,8.171
12535.23,127.3,8.171
12536.23,141.3,8.1711
12537.24,143.2,8.1711
12538.24,166.1,8.1711
12539.25,122.4,8.1711
12540.25,104.5,8.1711
12541.26,108.4,8.1711
12542.26,99.5,8.1711
12543.27,101.5,8.1711
12544.27,133.3,8.1711
12545.28,132.3,8.1711
12546.28,101.5,8.1711
12547.29,102.5,8.1711
12548.3,115.4,8.1711
12549.3,101.5,8.1711
12550.31,102.6,8.1711
12551.31,127.6,8.2928
12552.31,227.9,8.9256
12553.32,102.5,8.9638
12554.32,99.5,8.9935
12555.33,105.4,8.9935
12556.33,200.9,8.9935
12557.34,101.5,8.9935
12558.34,151.2,8.9946
12559.35,116.4,8.9946
12560.35,103.5,8.9949
12561.36,102.5,8.9949
12562.36,101.5,8.9949
12563.37,101.5,8.9949
12564.38,101.5,8.9949
12565.38,99.5,8.9949
12566.39,101.5,8.9949
12567.39,125.3,8.9951
12568.4,106.4,8.9951
12569.4,100.5,8.9951
12570.41,102.5,8.9951
12571.41,99.5,8.9951
12572.42,101.5,8.9951
12573.42,99.5,8.9951
12574.43,108.4,8.9951
12575.43,103.5,8.9951
12576.44,106.4,8.9951
12577.44,101.5,8.9951
12578.45,100.5,8.9951
12579.45,119.4,8.9951
12580.46,102.5,8.9951
12581.46,98.5,8.9951
12582.47,102.5,8.9951
12583.48,126.3,8.9951
12584.48,100.5,8.9951
12585.49,101.5,8.9951
12586.49,100.5,8.9951
12587.5,106.4,8.9951
12588.5,101.5,8.9951
12589.51,100.5,8.9951
12590.51,130.3,8.9951
12591.52,102.5,8.9951
12592.52,101.5,8.9951
12593.53,101.5,8.9951
12594.53,101.5,8.9951
12595.54,101.5,8.9951
12596.54,142.5,8.9953
12597.55,209.9,9.0505
12598.55,104.5,9.0806
12599.56,100.5,9.0806
12600.56,102.5,9.0806
12601.57,100.5,9.0806
12602.57,119.4,9.0806
12603.58,131.3,9.0806
12604.58,103.5,9.0806
12605.59,104.5,9.0806
12606.59,158.3,9.0815
12607.6,118.4,9.0815
12608.6,101.5,9.0815
12609.61,110.4,9.0815
12610.61,144.3,9.0817
12611.62,105.4,9.0817
12612.62,99.5,9.0817
12613.63,102.5,9.0817
12614.64,102.5,9.0817
12615.64,100.5,9.0817
12616.65,106.5,9.0817
12617.65,112.4,9.0817
12618.66,103.5,9.0817
12619.66,99.5,9.0817
12620.67,101.5,9.0817
12621.67,101.5,9.0817
12622.68,99.5,9.0817
12623.68,110.5,9.0817
12624.69,152.2,9.0817
12625.69,128.3,9.0817
12626.7,100.5,9.0817
12627.7,102.5,9.0817
12628.71,121.4,9.0817
12629.71,101.5,9.0817
12630.72,102.5,9.0817
12631.72,123.3,9.0817
12632.73,101.5,9.0817
12633.73,102.5,9.0817
12634.74,100.5,9.0817
12635.74,122.4,9.0817
12636.75,99.5,9.0817
12637.75,111.4,9.0817
12638.76,102.5,9.0817
12639.76,260.2,9.2066
12640.77,130.3,9.284
12641.77,101.5,9.284
12642.78,100.5,9.284
12643.78,99.5,9.284
12644.79,104.5,9.284
12645.79,104.5,9.284
12646.8,309.0,9.2843
12647.8,160.2,9.2844
12648.81,226.8,9.2876
12649.81,135.3,9.288
12650.82,181.0,9.2901
12651.82,105.5,9.2901
12652.83,101.5,9.2901
12653.83,110.4,9.2901
12654.84,247.9,9.3459
12655.84,102.5,9.3394
12656.85,100.5,9.3394
12657.85,103.5,9.3396
12658.86,102.5,9.3396
12659.86,99.5,9.3396
12660.87,139.3,9.3403
12661.87,176.2,9.3563
12662.88,101.5,9.3563
12663.88,100.5,9.3563
12664.89,100.5,9.3563
12665.89,259.6,9.3571
12666.9,99.5,9.3571
12667.91,100.5,9.3571
12668.91,100.5,9.3571
12669.92,100.5,9.3571
12670.92,100.5,9.3418
12671.93,102.5,9.3418
12672.93,99.5,9.3418
12673.94,101.5,9.3418
12674.94,165.3,9.3427
12675.95,148.2,9.3573
12676.95,325.3,9.9476
12677.96,100.5,9.9476
12678.96,100.5,9.9476
12679.97,100.5,9.9476
12680.97,101.6,9.9358
12681.98,119.4,9.9361
12682.98,104.5,9.9361
12683.99,101.5,9.9361
12684.99,99.5,9.9361
12686.0,100.5,9.9361
12687.0,100.5,9.9361
12688.01,161.2,10.0976
12689.01,101.5,10.0976
12690.02,100.5,10.0976
12691.02,100.5,10.0976
12692.03,101.5,10.0976
12693.03,100.5,10.0976
12694.04,101.5,10.0976
12695.04,101.5,10.0976
12696.05,100.5,10.0976
12697.05,116.4,10.1886
12698.06,100.5,10.1886
12699.07,102.5,10.1886
12700.07,100.7,10.1886
12701.07,99.5,10.1889
12702.08,101.5,10.1889
12703.08,101.5,10.1889
12704.09,99.5,10.1889
12705.09,102.5,10.1889
12706.1,102.5,10.1894
12707.1,100.5,10.1894
12708.11,100.5,10.1894
12709.12,101.5,10.1894
12710.12,100.5,10.1894
12711.13,100.5,10.1894
12712.13,100.5,10.1894
12713.14,99.5,10.1894
12714.14,102.5,10.1898
12715.15,101.5,10.1898
12716.15,102.5,10.1898
12717.16,101.5,10.1898
12718.16,99.5,10.1898
12719.17,100.6,10.1898
12720.17,102.5,10.1898
12721.18,103.5,10.1902
12722.18,100.5,10.1902
12723.19,102.5,10.1902
12724.19,100.5,10.1902
12725.2,100.5,10.1902
12726.2,99.5,10.1902
12727.21,101.5,10.1902
12728.21,99.5,10.1902
12729.22,103.5,10.1903
12730.22,100.5,10.1903
12731.23,103.5,10.1905
12732.23,100.5,10.1905
12733.24,100.5,10.1905
12734.24,100.5,10.1905
12735.25,100.6,10.1905
12736.25,103.5,10.1907
12737.26,99.6,10.1907
12738.26,101.5,10.1907
12739.27,100.5,10.1907
12740.27,101.5,10.1907
12741.28,100.5,10.1907
12742.29,100.5,10.1907
12743.29,101.5,10.1907
12744.3,103.5,10.1907
12745.3,100.5,10.1907
12746.31,100.5,10.191
12747.31,99.5,10.191
12748.32,101.5,10.191
12749.32,101.6,10.191
12750.33,100.5,10.191
12751.33,102.5,10.191
12752.34,101.5,10.191
12753.34,100.5,10.191
12754.35,101.5,10.191
12755.35,99.5,10.191
12756.36,101.5,10.191
12757.36,101.5,10.191
12758.37,100.5,10.191
12759.37,102.5,10.1912
12760.38,100.5,10.1912
12761.38,100.5,10.1912
12762.39,101.5,10.1912
12763.39,99.6,10.1912
12764.4,100.5,10.1912
12765.4,102.5,10.1912
12766.41,100.5,10.1912
12767.41,102.5,10.1915
12768.42,101.5,10.1915
12769.42,100.5,10.1915
12770.43,103.5,10.1915
12771.43,101.5,10.1915
12772.44,100.5,10.1915
12773.45,100.5,10.1915
12774.45,101.5,10.1915
12775.46,100.5,10.1915
12776.46,101.5,10.1919
12777.47,100.5,10.1919
12778.47,100.5,10.1919
12779.48,101.5,10.1919
12780.48,100.5,10.1919
12781.49,100.5,10.1919
12782.49,99.5,10.1919
12783.5,101.5,10.1919
12784.5,105.5,10.192
12785.51,102.5,10.192
12786.51,101.5,10.192
12787.52,100.5,10.192
12788.52,100.5,10.192
12789.53,100.6,10.192
12790.53,102.7,2.4793
12791.53,334.0,2.6592
12792.54,353.1,2.8246
12793.54,1.0,2.4236
12794.54,341.0,2.6401
12795.55,362.9,2.7953
12796.55,350.7,3.1441
12797.55,273.6,3.5944
12798.56,244.7,4.0433
12799.57,131.1,4.4999
12800.57,102.5,4.9396
12801.58,134.3,5.3787
12802.58,193.0,5.8158
12803.59,200.9,6.2679
12804.59,126.6,6.7171
12805.59,232.3,6.9733
12806.6,309.4,7.3657
12807.6,300.4,7.5103
12808.61,285.6,7.6002
12809.61,216.9,7.5871
12810.62,234.8,7.5871
12811.62,120.4,7.5871
12812.63,101.6,7.5871
12813.63,111.4,7.5871
12814.64,197.0,7.5871
12815.65,165.1,2.3051
12816.65,1.0,2.6029
12817.65,331.1,2.725
12818.66,339.3,2.9739
12819.66,289.5,3.2597
12820.67,140.4,3.5791
12821.67,179.1,4.0162
12822.68,229.8,4.453
12823.68,204.9,4.896
12824.69,100.5,5.3411
12825.69,106.4,5.79
12826.7,146.2,6.2192
12827.7,175.1,6.6724
12828.71,260.7,6.965
12829.71,131.3,7.3595
12830.72,125.4,7.5111
12831.72,211.0,2.3051
12832.73,3.0,2.4458
12833.73,299.1,2.6026
12834.73,363.9,2.778
12835.74,1476.2,2.515
12836.74,309.7,2.8659
12837.74,331.0,3.008
12838.75,360.1,3.155
12839.75,339.6,3.3589
12840.76,329.3,3.6599
12841.76,314.4,3.9287
12842.77,308.4,4.1945
12843.77,304.4,4.4284
12844.78,313.4,4.6397
12845.78,303.4,4.8105
12846.79,301.4,4.9733
12847.79,300.4,5.1385
12848.8,304.3,5.2991
12849.8,302.4,5.4502
12850.81,216.9,5.5908
12851.81,176.2,5.7474
12852.82,214.9,5.8906
12853.82,136.3,6.0745
12854.83,170.2,6.2559
12855.83,139.3,6.3471
12856.84,170.1,6.4022
12857.85,133.3,6.4802
12858.85,184.0,6.5925
12859.86,213.9,6.6915
12860.86,164.2,6.784
12861.87,102.5,6.8894
12862.87,151.2,7.0013
12863.88,133.3,7.067
12864.88,109.4,7.1414
12865.89,100.5,7.2024
12866.89,109.4,7.2913
12867.9,206.0,7.6691
12868.9,177.4,7.7104
12869.91,270.6,7.7107
12870.91,242.0,7.8192
12871.91,274.6,7.8194
12872.92,285.5,7.8382
12873.93,213.9,7.8435
12874.93,201.9,7.8999
12875.94,144.2,7.8961
12876.94,102.5,7.8961
12877.95,102.5,7.8961
12878.95,99.5,7.8961
12879.96,111.4,7.8961
12880.96,167.1,8.2598
12881.97,102.5,8.2598
12882.97,100.5,8.2598
12883.98,100.5,8.2598
12884.98,100.5,8.2598
12885.99,101.5,8.2598
12886.99,105.5,8.2598
12888.0,106.5,8.2598
12889.0,99.5,8.2598
12890.01,101.5,8.2598
12891.02,99.5,8.2598
12892.02,103.5,8.2598
12893.03,152.2,8.2608
12894.03,100.5,8.2608
12895.04,100.5,8.2608
12896.04,100.5,8.2608
12897.05,101.5,8.2608
12898.05,105.5,8.2608
12899.06,100.5,8.2608
12900.06,100.5,8.2608
12901.07,100.5,8.2608
12902.07,101.5,8.2608
12903.08,102.5,8.2608
12904.08,100.5,8.2608
12905.09,159.4,8.2649
12906.09,100.5,8.2649
12907.1,102.5,8.2649
12908.1,99.5,8.2649
12909.11,101.5,8.2649
12910.11,100.5,8.2649
12911.12,101.5,8.2649
12912.12,99.5,8.2649
12913.13,101.5,8.2649
12914.13,101.5,8.2649
12915.14,101.5,8.2649
12916.14,156.6,8.2666
12917.15,99.5,8.2666
12918.15,101.5,8.2666
12919.16,101.5,8.2666
12920.16,99.5,8.2666
12921.17,100.5,8.2666
12922.17,101.5,8.2666
12923.18,102.3,8.2666
12924.19,99.5,8.2666
12925.19,102.5,8.2666
12926.2,100.5,8.2668
12927.2,100.5,8.2668
12928.2,161.5,8.5998
12929.21,105.5,8.6206
12930.22,101.5,8.6206
12931.22,99.5,8.6206
12932.23,102.5,8.6206
12933.23,100.5,8.6206
12934.24,100.5,8.6206
12935.24,100.5,8.6206
12936.25,101.5,8.6206
12937.25,99.5,8.6206
12938.26,101.5,8.6206
12939.26,100.6,8.6206
12940.27,101.5,8.6206
12941.27,101.5,8.7294
12942.28,100.5,9.0975
12943.28,217.9,9.4515
12944.29,100.5,9.4515
12945.29,99.6,9.4515
12946.3,100.5,9.4515
12947.3,101.5,9.4515
12948.31,101.5,9.4515
12949.31,99.5,9.4515
12950.32,101.5,9.4515
12951.32,119.4,9.4515
12952.33,100.5,9.4515
12953.33,102.5,9.4515
12954.34,101.5,9.4515
12955.35,102.5,9.4516
12956.35,100.5,9.4516
12957.36,107.4,9.4573
12958.36,100.5,9.4573
12959.37,100.5,9.4573
12960.37,102.5,9.4573
12961.38,99.5,9.4573
12962.38,101.5,9.4573
12963.39,100.5,9.4573
12964.39,100.5,9.4573
12965.4,101.5,9.4573
12966.4,100.5,9.4573
12967.41,99.5,9.4573
12968.41,102.5,9.4573
12969.42,100.5,9.4573
12970.42,107.4,9.4584
12971.43,100.5,9.4584
12972.43,101.5,9.4584
12973.44,99.5,9.4584
12974.44,100.5,9.4584
12975.45,101.5,9.4586
12976.46,99.5,9.4586
12977.46,100.5,9.4586
12978.47,101.5,9.4586
12979.47,100.5,9.4586
12980.48,101.5,9.4586
12981.48,101.5,9.4586
12982.49,99.5,9.4586
12983.49,107.4,9.4596
12984.5,101.5,9.4596
12985.5,101.5,9.4596
12986.51,101.5,9.4596
12987.51,100.5,9.4596
12988.52,102.5,9.4596
12989.52,99.5,9.4596
12990.53,101.5,9.4596
12991.53,100.5,9.4596
12992.54,101.3,9.4596
12993.55,99.5,9.4596
12994.55,101.5,9.4596
12995.57,104.2,9.4648
12996.57,100.5,9.4648
12997.58,100.5,9.4648
12998.58,100.5,9.4648
12999.59,100.5,9.4648
13000.59,99.5,9.4648
13001.6,101.5,9.4648
13002.6,100.7,9.4648
13003.61,101.5,9.4648
13004.61,102.5,9.4648
13005.62,101.5,9.4648
13006.62,100.5,9.4648
13007.63,100.5,9.4648
13008.63,102.5,9.4648
13009.64,104.4,9.4656
13010.64,101.5,9.4656
13011.65,98.5,9.4656
13012.65,101.6,9.4656
13013.66,101.5,9.4656
13014.66,101.5,9.4656
13015.67,100.5,9.4656
13016.67,100.5,9.4656
13017.68,100.5,9.4656
13018.68,101.5,9.4656
13019.69,101.5,9.4656
13020.69,101.5,9.4658
13021.7,100.5,9.4658
13022.71,105.4,9.4732
13023.71,101.5,9.4732
13024.72,100.5,9.4732
13025.72,101.5,9.4732
13026.73,99.5,9.4732
13027.73,101.5,9.4732
13028.74,99.5,9.4732
13029.74,102.5,9.4732
13030.74,99.7,9.4732
13031.75,100.7,9.4732
13032.75,99.6,9.4732
13033.76,100.5,9.4732
13034.76,101.5,9.4732
13035.77,105.4,9.4735
13036.77,99.5,9.4735
13037.78,101.5,9.4735
13038.78,100.7,9.4735
13039.78,100.8,9.4735
13040.79,100.5,9.4735
13041.79,99.5,9.4735
13042.8,100.5,9.4735
13043.8,101.5,9.4735
13044.81,101.5,9.4735
13045.81,99.5,9.4735
13046.82,100.7,9.4735
13047.82,106.5,9.4742
13048.82,100.7,9.4742
13049.83,100.5,9.4742
13050.83,101.5,9.4742
13051.84,100.5,9.4742
13052.84,100.5,9.4742
13053.85,101.5,9.4742
13054.85,100.5,9.4742
13055.86,100.5,9.4742
13056.87,102.5,9.4742
13057.87,101.5,9.4742
13058.88,99.5,9.4742
13059.88,100.5,9.4742
13060.89,109.4,9.4745
13061.89,100.5,9.4745
13062.9,101.5,9.4745
13063.9,100.5,9.4745
13064.91,101.5,9.4745
13065.91,100.5,9.4747
13066.92,118.5,9.4747
13067.92,181.1,9.4747
13068.93,135.3,9.4747
13069.93,101.5,9.4747
13070.94,101.5,9.4747
13071.94,103.5,9.4747
13072.95,104.5,9.4747
13073.95,110.4,9.4753
13074.96,100.5,9.4753
13075.96,100.5,9.4753
13076.97,100.5,9.4753
13077.97,100.5,9.4753
13078.98,100.6,9.4753
13079.98,102.5,9.4753
13080.99,100.5,9.4753
13081.99,101.5,9.4753
13083.0,99.6,9.4753
13084.0,101.5,9.4753
13085.01,99.5,9.4753
13086.01,101.5,9.4753
13087.02,105.4,9.4862
13088.02,101.5,9.4862
13089.03,100.5,9.4862
13090.03,102.5,9.4862
13091.04,99.5,9.4862
13092.04,101.5,9.4862
13093.05,102.5,9.4862
13094.05,101.5,9.4862
13095.06,102.5,9.4862
13096.07,99.5,9.4862
13097.07,101.5,9.4862
13098.08,99.5,9.4862
13099.08,101.5,9.4862
13100.09,100.5,9.4862
13101.09,105.5,9.4865
13102.1,100.5,9.4865
13103.1,102.5,9.4865
13104.11,100.5,9.4865
13105.11,100.5,9.4865
13106.12,100.5,9.4865
13107.12,100.5,9.4865
13108.13,101.5,9.4865
13109.13,101.5,9.4865
13110.14,100.5,9.4865
13111.14,100.5,9.4868
13112.15,100.5,9.4868
13113.15,100.5,9.4868
13114.16,103.5,9.4871
13115.16,100.5,9.4871
13116.17,100.5,9.4871
13117.17,101.5,9.4871
13118.18,99.5,9.4871
13119.18,103.5,9.4871
13120.19,101.5,9.4871
13121.2,99.5,9.4871
13122.2,101.5,9.4871
13123.21,100.5,9.4871
13124.21,99.5,9.4871
13125.22,100.5,9.4871
13126.22,101.5,9.4871
13127.23,108.4,9.4875
13128.23,101.5,9.4875
13129.24,100.5,9.4875
13130.24,101.5,9.4875
13131.25,99.5,9.4875
13132.25,103.5,9.4875
13133.26,99.5,9.4875
13134.26,100.5,9.4875
13135.27,102.4,2.4177
13136.27,307.2,2.5921
13137.27,2.0,2.4537
13138.28,1.0,2.3534
13139.28,282.5,2.5825
13140.29,333.9,2.7346
13141.29,337.6,2.9745
13142.3,2.0,2.4219
13143.3,292.0,2.5873
13144.3,363.9,2.7509
13145.31,248.7,3.1609
13146.31,236.8,3.6188
13147.32,283.8,4.0186
13148.32,2.0,2.4659
13149.32,317.1,2.6135
13150.33,1.0,2.5019
13151.33,349.0,2.6537
13152.33,0.0,2.3376
13153.34,306.1,2.5913
13154.34,2.0,2.4297
13155.34,336.1,2.6605
13156.35,347.1,2.8768
13157.35,315.3,3.1387
13158.36,315.4,3.4104
13159.36,305.4,3.6664
13160.37,309.0,3.9071
13161.37,338.3,4.1497
13162.38,1.0,2.5277
13163.38,347.9,2.6864
13164.38,2.0,2.5448
13165.39,319.8,2.7275
13166.39,332.5,3.0687
13167.4,318.3,3.4144
13168.4,305.5,3.7311
13169.4,328.1,3.9893
13170.41,311.4,2.3084
13171.41,1.0,2.539
13172.41,298.1,2.6904
13173.42,342.2,2.909
13174.42,318.3,3.1694
13175.43,309.6,3.512
13176.43,308.4,3.8122
13177.44,345.9,4.0486
13178.44,317.4,4.2095
13179.45,305.7,4.305
13180.45,195.1,4.3856
13181.46,125.4,4.4208
13182.46,109.4,4.4711
13183.47,105.5,4.5183
13184.47,110.5,4.5621
13185.48,128.4,4.5875
13186.48,129.3,4.6674
13187.49,161.2,4.7721
13188.49,121.4,4.8819
13189.5,107.4,4.9859
13190.5,102.5,5.0938
13191.51,100.5,5.1998
13192.51,100.5,5.3135
13193.52,104.5,5.4296
13194.52,156.2,5.6323
13195.53,20.9,2.4163
13196.53,317.3,2.5929
13197.54,357.0,2.7165
13198.54,0.0,2.5599
13199.54,310.1,2.6733
13200.55,3.0,2.4775
13201.55,318.2,2.6327
13202.55,3274.9,2.4252
13203.56,340.1,2.6566
13204.56,352.2,2.8503
13205.57,316.3,3.12
13206.57,305.4,3.3984
13207.58,309.3,3.6779
13208.58,316.2,3.9105
13209.58,334.5,4.105
13210.59,313.3,4.1755
13211.59,1.0,2.4261
13212.6,303.1,2.5941
13213.6,2953.3,2.4076
13214.61,306.4,2.6497
13215.61,339.9,2.7661
13216.61,336.5,2.9987
13217.62,315.3,3.3294
13218.62,313.1,3.647
13219.63,304.9,3.8726
13220.63,329.4,4.0711
13221.64,3.0,2.4119
13222.64,329.4,2.658
13223.65,369.6,2.8348
13224.65,339.3,3.1621
13225.66,308.4,3.4905
13226.66,310.4,3.7833
13227.67,336.5,4.0459
13228.67,1.0,2.4173
13229.67,331.6,2.6634
13230.68,361.1,2.8593
13231.69,326.3,3.1638
13232.69,309.4,3.4791
13233.7,306.6,3.759
13234.7,323.9,4.0361
13235.7,307.4,2.3109
13236.71,1.0,2.5708
13237.71,339.0,2.7397
13238.72,339.3,2.9918
13239.72,319.4,3.2452
13240.73,307.4,3.5193
13241.73,315.3,3.7751
13242.73,331.2,4.0264
13243.74,1.0,2.4052
13244.74,303.4,2.6342
13245.75,307.4,2.7465
13246.75,334.3,2.9725
13247.76,309.4,3.2058
13248.76,310.4,3.4681
13249.77,309.4,3.7029
13250.77,315.2,3.9747
13251.78,336.3,4.1847
13252.78,1.0,2.4363
13253.78,334.1,2.6352
13254.79,353.8,2.8964
13255.79,259.7,3.0363
13256.79,139.6,3.1139
13257.8,174.1,3.1788
13258.8,110.4,3.2369
13259.81,148.2,3.2831
13260.82,205.9,3.3397
13261.82,151.2,3.3847
13262.83,101.5,3.405
13263.83,101.5,3.4336
13264.84,103.5,3.4583
13265.84,102.5,3.4852
13266.85,137.4,3.5115
13267.85,202.9,3.5497
13268.86,151.2,3.5888
13269.86,104.5,3.6199
13270.87,101.5,3.6456
13271.87,100.5,3.6755
13272.88,101.5,3.6893
13273.88,99.5,3.7185
13274.89,101.5,3.7361
13275.89,99.5,3.7582
13276.9,101.5,3.7792
13277.9,100.5,3.8001
13278.91,101.5,3.8204
13279.91,123.4,3.8402
13280.92,104.4,3.8605
13281.92,102.4,3.8789
13282.93,99.5,3.8984
13283.93,101.5,3.9151
13284.94,103.5,3.9337
13285.95,102.5,3.9486
13286.95,100.5,3.9612
13287.96,101.5,3.9738
13288.96,132.9,3.9838
13289.97,2.0,2.4097
13290.97,300.4,2.5896
13291.98,329.0,2.7266
13292.98,346.7,2.9472
13293.99,268.6,3.067
13294.99,255.7,3.1547
13296.0,2.0,2.5153
13297.0,342.5,2.7087
13298.0,352.9,2.946
13299.01,9.0,2.5004
13300.01,314.0,2.6476
13301.01,356.2,2.884
13302.02,1.0,2.5022
13303.02,318.1,2.6633
13304.02,358.2,2.9328
13305.03,2.0,2.4435
13306.03,311.1,2.6058
13307.03,1.0,2.4622
13308.04,325.0,2.6244
13309.04,0.0,2.3968
13310.04,295.2,2.6033
13311.05,311.4,2.9472
13312.05,227.8,3.3215
13313.06,167.5,3.7094
13314.06,136.4,4.0797
13315.07,189.0,4.3958
13316.07,203.9,4.7255
13317.07,262.2,4.8312
13318.08,347.9,5.0268
13319.08,336.3,5.1656
13320.09,236.8,5.2498
13321.09,270.7,5.3342
13322.1,284.5,5.4617
13323.1,200.0,5.5119
13324.11,251.7,5.6312
13325.11,204.1,5.6839
13326.12,217.8,5.7757
13327.12,238.7,5.872
13328.13,285.5,5.9836
13329.13,122.6,6.0318
13330.14,221.0,6.0959
13331.14,294.5,6.1902
13332.15,285.5,6.3401
13333.15,109.4,6.4061
13334.16,261.9,6.5564
13335.16,103.5,6.6147
13336.17,189.0,6.8068
13337.17,193.0,6.915
13338.18,102.5,6.9677
13339.18,230.8,7.0825
13340.19,123.4,7.1411
13341.19,172.2,7.2458
13342.2,256.2,7.9259
13343.2,174.2,8.0788
13344.21,154.2,8.0788
13345.21,114.4,8.0788
13346.22,109.4,8.0788
13347.22,134.3,8.0788
13348.23,130.3,8.0789
13349.23,143.2,8.0789
13350.24,127.3,8.0789
13351.24,101.5,8.0789
13352.25,112.4,8.0789
13353.25,151.3,8.0789
13354.26,109.5,8.0791
13355.26,144.2,8.0793
13356.27,111.4,8.168
13357.27,131.3,8.1794
13358.28,129.3,8.1794
13359.28,184.0,8.1795
13360.29,156.2,8.181
13361.29,173.1,8.1811
13362.3,149.3,8.1812
13363.3,109.4,8.1812
13364.31,106.5,8.1813
13365.31,101.5,8.1813
13366.32,116.2,8.1813
13367.33,114.4,8.1813
13368.33,164.1,8.1813
13369.34,113.5,8.1813
13370.34,108.4,8.1814
13371.35,99.5,8.1814
13372.35,110.4,8.1814
13373.36,243.7,8.961
13374.36,100.5,9.0359
13375.37,102.5,9.0359
13376.37,107.5,9.0359
13377.38,170.1,9.0359
13378.38,139.3,9.0359
13379.39,108.4,9.0359
13380.39,157.2,9.0363
13381.4,120.4,9.0363
13382.41,101.5,9.0363
13383.41,102.5,9.0363
13384.42,100.5,9.0363
13385.42,101.5,9.0363
13386.43,100.5,9.0363
13387.43,102.5,9.0363
13388.44,110.4,9.0363
13389.44,123.3,9.0363
13390.45,101.5,9.0363
13391.45,100.5,9.0363
13392.46,100.5,9.0363
13393.46,100.5,9.0363
13394.47,100.5,9.0363
13395.47,101.5,9.0363
13396.48,102.4,9.0363
13397.48,102.5,9.0363
13398.49,123.3,9.0363
13399.49,134.3,9.0363
13400.5,102.5,9.0363
13401.5,99.5,9.0363
13402.51,128.3,9.0363
13403.52,100.5,9.0363
13404.52,109.4,9.0363
13405.52,115.6,9.0363
13406.53,102.5,9.0363
13407.53,102.5,9.0363
13408.54,106.4,9.0363
13409.55,107.5,9.0363
13410.55,100.5,9.0363
13411.56,101.5,9.0363
13412.56,131.3,9.0363
13413.57,101.5,9.0363
13414.57,101.5,9.0363
13415.58,101.5,9.0363
13416.58,101.4,9.0363
13417.59,192.4,9.0374
13418.59,169.1,9.0936
13419.6,100.5,9.0936
13420.6,104.4,9.0936
13421.61,101.5,9.0936
13422.61,102.5,9.0936
13423.62,138.3,9.0936
13424.62,123.3,9.0943
13425.63,103.5,9.0943
13426.63,102.5,9.0943
13427.64,118.4,9.0943
13428.64,121.4,9.0943
13429.65,108.4,9.0943
13430.65,101.5,9.0947
13431.66,103.5,9.0947
13432.67,122.4,9.0947
13433.67,101.5,9.0947
13434.68,102.5,9.0947
13435.68,103.4,9.0947
13436.69,106.4,9.0947
13437.69,107.4,9.0947
13438.7,115.4,9.0947
13439.7,103.6,9.0947
13440.71,99.5,9.0947
13441.71,100.5,9.0947
13442.72,104.5,9.0947
13443.72,101.5,9.0947
13444.73,110.4,9.0947
13445.73,149.2,9.0947
13446.74,152.3,9.0947
13447.74,143.2,9.0947
13448.75,101.5,9.0947
13449.75,99.5,9.0947
13450.76,102.5,9.0947
13451.76,128.5,9.0947
13452.77,99.5,9.0947
13453.77,100.5,9.0947
13454.78,101.4,9.0947
13455.78,103.5,9.0947
13456.79,112.4,9.0947
13457.79,103.5,9.0947
13458.8,107.4,9.0947
13459.8,286.4,9.2968
13460.81,104.5,9.2968
13461.81,99.5,9.2968
13462.82,101.5,9.2968
13463.83,101.5,9.2968
13464.83,101.5,9.2968
13465.84,101.5,9.2968
13466.84,283.5,9.2971
13467.85,233.7,9.2972
13468.85,219.9,9.2981
13469.86,136.3,9.2981
13470.86,195.0,9.3022
13471.87,102.5,9.3022
13472.87,99.5,9.3022
13473.88,123.6,9.3029
13474.88,248.8,9.3813
13475.89,101.5,9.3815
13476.89,103.5,9.3815
13477.9,100.5,9.3815
13478.9,101.5,9.3815
13479.91,100.5,9.3815
13480.91,130.3,9.3816
13481.92,175.1,9.3856
13482.92,100.5,9.3856
13483.93,101.5,9.3856
13484.93,102.5,9.3778
13485.94,227.8,9.3779
13486.95,99.5,9.3779
13487.95,101.5,9.3779
13488.96,100.5,9.3779
13489.96,101.6,9.3779
13490.96,99.5,9.3779
13491.97,102.5,9.3779
13492.98,100.5,9.3779
13493.98,100.5,9.3779
13494.99,179.2,9.3804
13495.99,261.2,9.7822
13496.99,196.0,10.0092
13498.0,100.5,10.0092
13499.0,101.6,10.0092
13500.01,100.5,10.0005
13501.01,120.4,10.0005
13502.02,100.5,10.0005
13503.02,104.5,10.0005
13504.03,100.5,10.0005
13505.03,100.5,10.0005
13506.04,112.6,10.0182
13507.04,144.3,10.1156
13508.05,100.5,10.1156
13509.05,101.5,10.1156
13510.06,100.5,10.1156
13511.06,101.5,10.1156
13512.07,100.5,10.1156
13513.07,100.5,10.1156
13514.08,100.5,10.1156
13515.09,118.4,10.2248
13516.09,101.5,10.2248
13517.1,101.5,10.2248
13518.1,102.5,10.2248
13519.11,101.5,10.2248
13520.11,99.5,10.2248
13521.12,101.5,10.2249
13522.12,100.5,10.2249
13523.13,102.5,10.2249
13524.13,101.5,10.2251
13525.14,100.6,10.2251
13526.14,100.5,10.2251
13527.15,101.5,10.2251
13528.15,100.5,10.2251
13529.16,100.5,10.2251
13530.16,99.5,10.2251
13531.17,102.5,10.2252
13532.17,102.5,10.2252
13533.18,105.4,10.2261
13534.18,100.5,10.2261
13535.19,100.5,10.2261
13536.19,101.5,10.2261
13537.2,101.6,10.2261
13538.2,138.3,10.2272
13539.21,100.5,10.2272
13540.21,104.4,10.2274
13541.22,101.4,10.2274
13542.23,100.4,10.2274
13543.23,101.5,10.2274
13544.24,100.5,10.2274
13545.24,100.5,10.2274
13546.25,101.5,10.2276
13547.25,102.5,10.2279
13548.26,101.5,10.2279
13549.26,101.5,10.2279
13550.27,99.5,10.2279
13551.27,100.5,10.2279
13552.28,101.5,10.2279
13553.28,100.5,10.2279
13554.29,102.5,10.228
13555.29,101.6,10.228
13556.3,100.5,10.228
13557.3,100.5,10.228
13558.31,101.5,10.228
13559.31,100.6,10.228
13560.32,101.5,10.228
13561.32,102.5,10.228
13562.33,99.5,10.228
13563.33,101.5,10.228
13564.34,100.5,10.228
13565.34,101.5,10.2283
13566.35,100.5,10.2283
13567.35,101.5,10.2283
13568.36,100.5,10.2283
13569.37,102.5,10.2283
13570.37,100.5,10.2283
13571.38,101.5,10.2283
13572.38,100.5,10.2283
13573.39,100.5,10.2283
13574.39,101.5,10.2283
13575.4,100.5,10.2283
13576.4,102.5,10.2284
13577.41,100.5,10.2284
13578.41,101.5,10.2284
13579.42,100.5,10.2284
13580.42,100.5,10.2284
13581.43,100.5,10.2284
13582.43,99.5,10.2284
13583.44,103.5,10.2284
13584.44,102.5,10.2288
13585.45,99.5,10.2288
13586.45,101.5,10.2288
13587.46,99.5,10.2288
13588.46,103.5,10.2288
13589.47,102.5,10.2288
13590.47,100.5,10.2288
13591.48,100.5,10.2288
13592.49,101.5,10.2288
13593.49,103.5,10.2289
13594.5,102.5,10.2289
13595.5,99.5,10.2289
13596.51,101.5,10.2289
13597.51,100.5,10.2289
13598.52,100.5,10.2289
13599.52,100.5,10.2289
13600.53,100.5,10.2289
13601.53,104.5,10.2293
13602.54,101.5,10.2293
13603.54,102.7,10.2293
13604.54,100.5,10.2293
13605.55,100.5,10.2293
13606.56,100.5,10.2293
13607.56,100.5,10.2293
13608.57,101.5,10.2293
13609.57,99.7,2.4737
13610.57,319.7,2.799
13611.58,306.1,3.2013
13612.58,215.0,3.721
13613.59,148.2,4.2057
13614.59,210.5,4.6699
13615.59,291.4,4.8542
13616.6,356.2,5.1193
13617.6,302.4,5.2441
13618.61,269.0,5.4042
13619.61,247.7,5.5091
13620.62,275.6,5.6414
13621.62,251.7,5.7385
13622.62,297.2,5.8698
13623.63,284.0,5.9931
13624.64,196.9,6.0931
13625.64,283.7,6.2176
13626.65,298.6,6.3653
13627.65,306.4,6.4836
13628.66,228.8,6.6146
13629.66,274.1,6.8772
13630.66,231.8,6.9645
13631.67,274.6,7.0976
13632.67,218.0,7.1904
13633.68,190.0,7.3129
13634.68,330.2,8.093
13635.69,214.0,8.145
13636.69,241.2,8.145
13637.7,234.1,8.1451
13638.7,119.6,8.1451
13639.7,160.2,8.1452
13640.71,128.3,8.1452
13641.71,150.4,8.1456
13642.72,146.3,8.1457
13643.72,99.5,8.1457
13644.73,157.5,8.1408
13645.73,132.3,8.141
13646.74,122.4,8.1412
13647.74,126.3,8.1412
13648.75,132.2,8.1412
13649.75,110.6,8.2412
13650.75,139.6,8.2414
13651.76,133.3,8.2414
13652.76,112.7,8.2414
13653.77,112.4,8.2414
13654.77,118.4,8.2414
13655.78,104.6,8.2414
13656.78,102.5,8.2414
13657.79,101.5,8.2414
13658.79,103.5,8.2414
13659.8,108.4,8.2414
13660.8,167.1,8.2414
13661.81,104.5,8.2415
13662.81,121.4,8.2416
13663.82,125.3,8.2416
13664.82,102.5,8.2416
13665.83,120.8,8.2417
13666.83,129.6,8.3512
13667.83,225.8,9.0009
13668.84,102.6,9.0489
13669.84,182.5,9.0489
13670.85,113.4,9.0492
13671.85,102.5,9.0492
13672.86,100.5,9.0494
13673.86,105.4,9.0494
13674.87,115.4,9.0494
13675.87,102.5,9.0495
13676.88,100.5,9.0495
13677.88,99.5,9.0495
13678.89,102.7,9.0495
13679.89,116.4,9.0495
13680.9,114.4,9.0495
13681.9,101.5,9.0495
13682.91,101.5,9.0495
13683.91,100.5,9.0495
13684.92,101.5,9.0495
13685.92,100.5,9.0495
13686.93,100.5,9.0495
13687.93,107.7,9.0495
13688.93,100.6,9.0495
13689.94,105.5,9.0495
13690.94,103.5,9.0495
13691.95,146.6,9.0495
13692.95,100.5,9.0495
13693.96,101.5,9.0495
13694.96,166.6,9.0495
13695.96,101.5,9.0495
13696.97,99.7,9.0495
13697.97,104.4,9.0495
13698.98,102.5,9.0495
13699.98,123.4,9.0495
13700.99,107.4,9.0495
13701.99,101.5,9.0495
13703.0,99.5,9.0495
13704.0,102.5,9.0495
13705.01,100.5,9.0495
13706.01,102.5,9.0495
13707.02,235.3,9.0527
13708.02,117.4,9.1097
13709.03,101.5,9.1097
13710.03,101.4,9.1097
13711.04,109.4,9.1097
13712.04,121.4,9.1097
13713.05,125.3,9.1097
13714.05,101.5,9.1097
13715.06,102.5,9.1097
13716.06,129.3,9.1097
13717.07,104.5,9.1097
13718.07,105.4,9.1097
13719.08,103.5,9.1097
13720.08,122.6,9.1097
13721.09,101.5,9.1097
13722.09,101.5,9.1097
13723.1,101.5,9.1097
13724.1,102.5,9.1097
13725.11,99.5,9.1097
13726.11,122.4,9.1099
13727.12,106.4,9.1099
13728.13,101.5,9.1099
13729.13,100.6,9.1099
13730.13,101.5,9.1099
13731.14,172.1,9.1099
13732.14,101.7,9.1099
13733.15,108.5,9.1099
13734.15,123.4,9.1099
13735.16,100.5,9.1099
13736.16,101.5,9.1099
13737.17,101.5,9.1099
13738.17,100.5,9.1099
13739.18,102.5,9.1099
13740.18,111.4,9.11
13741.19,99.5,9.11
13742.19,125.3,9.11
13743.2,102.5,9.11
13744.2,103.5,9.11
13745.21,115.4,9.11
13746.22,106.4,9.11
13747.22,103.5,9.11
13748.23,101.5,9.11
13749.23,276.1,9.2761
13750.23,113.4,9.3084
13751.24,102.5,9.3084
13752.24,119.4,9.3084
13753.25,120.4,9.3084
13754.25,102.5,9.3084
13755.26,317.3,9.3089
13756.26,197.0,9.3089
13757.27,137.3,9.3089
13758.28,103.5,9.309
13759.28,123.3,9.309
13760.29,156.2,9.3155
13761.29,103.5,9.3155
13762.3,102.5,9.3155
13763.3,237.8,9.3654
13764.31,112.4,9.3601
13765.31,102.5,9.3601
13766.32,100.5,9.3601
13767.32,102.5,9.3601
13768.33,174.1,9.3683
13769.33,102.5,9.3633
13770.34,101.5,9.3633
13771.34,100.5,9.3636
13772.35,100.5,9.3636
13773.35,101.5,9.3636
13774.36,227.9,9.3644
13775.36,100.5,9.3644
13776.37,100.5,9.3644
13777.37,104.5,9.3645
13778.38,101.5,9.3645
13779.38,101.5,9.3645
13780.39,101.5,9.3645
13781.39,141.3,9.3645
13782.4,143.3,9.3719
13783.4,99.5,9.3719
13784.41,135.7,9.4514
13785.41,287.5,9.9585
13786.42,101.5,9.9585
13787.42,101.5,9.9585
13788.43,118.4,9.9585
13789.43,101.5,9.9585
13790.44,101.5,9.9585
13791.44,100.5,9.9585
13792.45,102.5,9.9585
13793.45,99.6,9.9585
13794.46,99.6,9.9585
13795.46,111.6,9.9888
13796.47,151.2,10.1197
13797.47,100.5,10.1197
13798.48,99.6,10.1197
13799.48,103.5,10.1197
13800.49,99.5,10.1197
13801.49,100.5,10.1197
13802.5,100.5,10.1197
13803.5,101.5,10.1197
13804.51,101.5,10.1197
13805.51,114.4,10.2078
13806.52,101.5,10.2078
13807.52,101.5,10.2078
13808.53,100.5,10.2078
13809.53,100.5,10.2078
13810.54,100.5,10.2078
13811.54,102.7,10.2078
13812.55,100.5,10.2078
13813.55,100.5,10.2078
13814.56,102.5,10.2082
13815.56,100.5,10.2085
13816.57,100.5,10.2085
13817.57,100.5,10.2085
13818.58,99.5,10.2085
13819.58,101.5,10.2085
13820.59,101.5,10.2085
13821.59,100.5,10.2085
13822.6,100.5,10.2087
13823.6,103.5,10.2087
13824.61,100.5,10.2087
13825.62,100.5,10.2087
13826.62,100.5,10.2087
13827.63,101.5,10.2087
13828.63,101.5,10.2087
13829.64,99.5,10.2087
13830.64,102.5,10.209
13831.65,102.5,10.209
13832.65,99.5,10.209
13833.66,101.5,10.209
13834.66,101.5,10.209
13835.67,99.5,10.209
13836.67,100.5,10.209
13837.68,102.5,10.2095
13838.68,101.5,10.2095
13839.69,99.5,10.2095
13840.69,101.5,10.2095
13841.7,101.5,10.2095
13842.7,100.5,10.2095
13843.71,104.5,10.2097
13844.71,104.5,10.21
13845.72,100.5,10.21
13846.72,100.5,10.21
13847.73,101.5,10.21
13848.74,99.5,10.21
13849.74,101.5,10.21
13850.75,100.5,10.21
13851.75,103.5,10.21
13852.76,102.6,10.2101
13853.76,100.5,10.2101
13854.77,100.5,10.2101
13855.77,100.5,10.2101
13856.78,101.5,10.2101
13857.78,100.5,10.2101
13858.79,100.5,10.2101
13859.79,100.5,10.2101
13860.8,102.5,10.2106
13861.8,101.5,10.2106
13862.81,99.5,10.2106
13863.81,102.5,10.2106
13864.82,100.5,10.2106
13865.82,100.5,10.2106
13866.83,100.5,10.2106
13867.83,103.5,10.2107
13868.84,100.5,10.2107
13869.84,101.5,10.2107
13870.85,100.5,10.2107
13871.85,101.7,10.2107
13872.86,100.5,10.2107
13873.86,102.5,10.2107
13874.87,100.5,10.2107
13875.87,101.5,10.2107
13876.88,102.5,10.2109
13877.88,102.5,10.2109
13878.89,100.5,10.2109
13879.89,100.5,10.2109
13880.9,100.5,10.2109
13881.9,100.5,10.2109
13882.91,101.5,10.2109
13883.91,100.5,10.2109
13884.92,100.5,10.2109
13885.93,103.5,10.211
13886.93,99.5,10.211
13887.94,100.5,10.211
13888.94,99.5,10.211
13889.95,100.5,10.211
13890.95,102.5,10.211
13891.96,99.5,10.211
13892.96,101.5,10.211
13893.97,101.5,10.211
13894.97,101.5,10.2112
13895.98,101.5,10.2112
13896.98,101.5,10.2112
13897.99,101.5,10.2112
13898.99,101.5,10.2112
13900.0,100.5,10.2112
13901.0,99.5,10.2112
13902.01,102.5,10.2112
13903.01,105.5,10.2115
13904.02,100.5,10.2115
13905.02,100.5,10.2115
13906.03,100.5,10.2117
13907.03,100.5,10.2117
13908.04,101.5,10.2117
13909.05,101.4,2.3995
13910.05,279.1,2.5785
13911.05,310.1,2.6896
13912.06,329.3,2.9662
13913.06,1538.3,2.4216
13914.06,318.0,2.5952
13915.07,1.0,2.4288
13916.07,287.9,2.5942
13917.07,372.8,2.7362
13918.08,3431.1,2.4739
13919.08,319.0,2.6935
13920.09,352.3,3.0118
13921.09,329.6,3.3568
13922.09,311.5,3.6757
13923.1,309.5,3.9688
13924.1,312.4,4.151
13925.11,0.0,2.5128
13926.11,332.1,2.6976
13927.11,345.2,2.9166
13928.12,325.3,3.1714
13929.12,312.6,3.4638
13930.13,307.4,3.7657
13931.13,324.3,4.0242
13932.14,1.0,2.4086
13933.14,316.6,2.6497
13934.15,367.2,2.8534
13935.15,340.2,3.2096
13936.16,315.5,3.5754
13937.16,304.4,3.8896
13938.17,339.4,4.1068
13939.17,320.3,4.2094
13940.18,175.1,4.2812
13941.19,134.3,4.3407
13942.19,106.4,4.382
13943.2,106.4,4.4282
13944.2,104.5,4.4807
13945.21,105.5,4.5262
13946.21,104.5,4.5654
13947.22,143.3,4.6074
13948.22,144.3,4.7067
13949.23,116.5,4.8192
13950.23,103.5,4.9309
13951.24,104.5,5.0323
13952.24,104.5,5.1463
13953.25,99.6,5.2518
13954.25,102.5,5.3658
13955.26,101.5,5.4817
13956.26,209.3,2.3171
13957.26,0.0,2.4786
13958.27,308.0,2.6763
13959.27,355.2,2.869
13960.27,324.9,3.1594
13961.28,319.8,3.5043
13962.29,304.7,3.8156
13963.29,335.5,4.0581
13964.29,321.1,4.191
13965.3,3.0,2.509
13966.3,325.3,2.6859
13967.3,1.0,2.563
13968.31,1.0,2.3807
13969.31,285.8,2.5904
13970.31,1.0,2.4303
13971.32,313.8,2.5996
13972.32,2.0,2.4017
13973.33,316.0,2.6021
13974.33,0.0,2.4275
13975.33,314.1,2.5911
13976.34,1.0,2.4147
13977.34,336.2,2.6548
13978.35,313.2,2.7572
13979.35,326.6,2.9919
13980.36,313.4,3.2645
13981.36,308.6,3.5396
13982.37,310.4,3.7776
13983.37,323.5,4.0378
13984.38,2.0,2.3329
13985.38,306.5,2.6785
13986.39,358.2,2.8271
13987.39,338.4,3.0737
13988.4,307.4,3.3649
13989.4,305.4,3.6096
13990.41,311.6,3.861
13991.41,331.3,4.0814
13992.41,1.0,2.4305
13993.42,346.2,2.6868
13994.42,359.1,2.923
13995.43,322.4,3.243
13996.43,308.4,3.5587
13997.44,313.3,3.846
13998.44,330.5,4.0957
13999.45,3.0,2.424
14000.45,323.3,2.6618
14001.46,317.3,2.7958
14002.47,328.3,3.097
14003.47,313.3,3.4195
14004.48,309.6,3.6732
14005.48,303.6,3.8906
14006.49,331.3,4.0779
14007.49,0.0,2.4031
14008.49,318.4,2.6321
14009.5,333.0,2.7588
14010.5,336.1,2.9738
14011.5,305.4,3.2211
14012.51,302.5,3.4741
14013.51,311.4,3.6984
14014.52,304.6,3.9257
14015.52,336.5,4.1068
14016.53,264.6,2.3204
14017.53,0.0,2.6077
14018.54,343.4,2.7625
14019.54,352.9,2.9684
14020.55,192.0,3.0554
14021.55,123.3,3.1141
14022.56,160.3,3.1644
14023.56,106.4,3.2145
14024.57,107.4,3.2672
14025.57,165.1,3.3117
14026.58,204.9,3.38
14027.58,113.4,3.4082
14028.59,100.5,3.4373
14029.59,101.5,3.4635
14030.6,103.5,3.4925
14031.61,100.5,3.518
14032.61,152.2,3.5505
14033.62,201.0,3.5837
14034.62,121.5,3.6235
14035.62,102.5,3.6511
14036.63,100.6,3.6792
14037.63,102.5,3.6948
14038.64,100.5,3.7229
14039.65,100.5,3.7422
14040.65,100.6,3.7643
14041.65,101.5,3.7866
14042.66,99.5,3.8081
14043.66,102.5,3.8309
14044.67,99.5,3.849
14045.68,125.3,3.868
14046.68,102.5,3.8864
14047.69,99.5,3.9054
14048.69,100.5,3.9233
14049.7,100.5,3.9392
14050.7,104.5,3.9554
14051.71,100.5,3.9683
14052.71,100.6,3.9807
14053.72,99.5,3.9914
14054.72,270.3,4.0292
14055.72,4.0,2.4659
14056.73,299.1,2.6233
14057.73,349.3,2.8726
14058.74,335.2,3.0364
14059.74,164.1,3.1128
14060.75,0.0,2.4224
14061.75,319.3,2.6166
14062.76,329.3,2.7576
14063.76,345.9,2.9607
14064.76,1.0,2.5483
14065.77,299.1,2.6753
14066.77,355.0,2.9292
14067.77,2.0,2.5503
14068.77,292.2,2.6751
14069.78,351.0,2.8915
14070.78,2.0,2.4156
14071.79,305.0,2.6155
14072.79,335.0,2.7603
14073.79,335.3,3.0272
14074.8,337.1,3.2347
14075.8,1.0,2.464
14076.8,337.1,2.6321
14077.8,1.0,2.5303
14078.81,322.3,2.6823
14079.81,2.0,2.4337
14080.82,324.3,2.7439
14081.82,306.4,3.1695
14082.83,283.5,3.6411
14083.83,253.7,4.1127
14084.84,268.6,4.572
14085.84,274.1,4.8261
14086.85,362.2,5.043
14087.85,342.2,5.2038
14088.86,284.5,5.2912
14089.86,246.7,5.3932
14090.87,260.6,5.4989
14091.87,154.2,5.5518
14092.88,270.6,5.6557
14093.88,101.5,5.6982
14094.89,213.9,5.7802
14095.89,224.8,5.8614
14096.9,250.3,5.9468
14097.9,245.7,6.036
14098.91,203.1,6.0958
14099.91,270.6,6.186
14100.92,295.5,6.2759
14101.92,285.7,6.3978
14102.93,162.2,6.4767
14103.93,303.4,6.6085
14104.94,232.9,6.658
14105.94,259.2,6.9055
14106.94,172.1,6.953
14107.95,122.4,7.0102
14108.95,214.0,7.1189
14109.96,129.6,7.1875
14110.96,231.9,7.2851
14111.97,275.5,8.0812
14112.97,240.7,8.1551
14113.98,228.8,8.1551
14114.98,184.0,8.1551
14115.99,146.4,8.1551
14116.99,175.1,8.1551
14118.0,161.2,8.1551
14119.0,184.0,8.1551
14120.01,122.4,8.1551
14121.01,100.5,8.1551
14122.02,141.4,8.1551
14123.02,135.3,8.1551
14124.03,103.6,8.1551
14125.03,139.3,8.1551
14126.04,105.5,8.1551
14127.04,125.5,8.2315
14128.05,108.4,8.2551
14129.05,140.3,8.2554
14130.06,104.5,8.2554
14131.06,104.5,8.2554
14132.07,162.1,8.2554
14133.07,152.2,8.2554
14134.08,155.2,8.2555
14135.08,105.5,8.2555
14136.09,101.6,8.2555
14137.09,101.5,8.2555
14138.1,112.4,8.2555
14139.1,109.4,8.2555
14140.11,101.5,8.2555
14141.11,103.5,8.2558
14142.12,128.3,8.2558
14143.12,100.5,8.2558
14144.13,102.5,8.2558
14145.13,103.5,8.2558
14146.14,108.4,8.2558
14147.15,245.7,9.0152
14148.15,99.5,9.0152
14149.15,102.5,9.0505
14150.16,118.4,9.0633
14151.17,161.1,9.0634
14152.17,101.5,9.0634
14153.18,101.5,9.0634
14154.18,100.5,9.0634
14155.19,104.5,9.0635
14156.19,101.5,9.0635
14157.2,119.4,9.0635
14158.2,102.5,9.0635
14159.21,99.5,9.0635
14160.21,100.5,9.0635
14161.22,101.5,9.0635
14162.22,101.5,9.0635
14163.23,100.5,9.0635
14164.23,121.4,9.0635
14165.24,103.5,9.0635
14166.24,101.5,9.0635
14167.25,100.5,9.0635
14168.25,101.5,9.0635
14169.26,100.5,9.0635
14170.27,101.5,9.0635
14171.27,100.5,9.0635
14172.28,99.5,9.0635
14173.28,104.5,9.0635
14174.29,102.5,9.0635
14175.29,107.4,9.0635
14176.3,115.4,9.0635
14177.3,129.3,9.0635
14178.31,101.5,9.0635
14179.31,100.5,9.0635
14180.32,112.4,9.0635
14181.32,119.4,9.0635
14182.33,115.4,9.0635
14183.33,101.5,9.0635
14184.34,102.5,9.0635
14185.34,103.5,9.0638
14186.35,102.5,9.0638
14187.35,100.5,9.0638
14188.36,161.2,9.0638
14189.37,100.5,9.0638
14190.37,102.5,9.0638
14191.38,100.5,9.0638
14192.38,102.6,9.0638
14193.39,101.5,9.0638
14194.39,123.3,9.0638
14195.4,249.7,9.1252
14196.4,104.5,9.1252
14197.41,101.5,9.1252
14198.41,102.5,9.1252
14199.42,119.4,9.1252
14200.42,114.4,9.1252
14201.43,101.5,9.1252
14202.43,105.4,9.1252
14203.44,115.4,9.1252
14204.44,153.2,9.1252
14205.45,102.5,9.1252
14206.45,101.5,9.1252
14207.46,103.4,9.1252
14208.46,121.4,9.1252
14209.47,102.5,9.1252
14210.48,99.5,9.1252
14211.48,106.4,9.1252
14212.49,100.5,9.1252
14213.49,108.5,9.1252
14214.5,138.3,9.1252
14215.5,108.4,9.1252
14216.51,99.5,9.1252
14217.51,101.5,9.1252
14218.52,101.5,9.1252
14219.52,101.5,9.1252
14220.53,103.4,9.1252
14221.53,121.4,9.1252
14222.54,107.5,9.1252
14223.54,100.5,9.1252
14224.55,102.5,9.1252
14225.55,100.5,9.1252
14226.56,100.5,9.1252
14227.56,101.5,9.1252
14228.57,112.4,9.1252
14229.57,101.5,9.1252
14230.58,109.4,9.1254
14231.58,102.5,9.1254
14232.59,119.4,9.1254
14233.59,102.5,9.1254
14234.6,109.4,9.1254
14235.6,101.5,9.1254
14236.61,101.5,9.1254
14237.61,287.0,9.3226
14238.62,101.5,9.3226
14239.62,103.5,9.3226
14240.63,100.5,9.3226
14241.63,102.5,9.3226
14242.64,106.4,9.3226
14243.64,198.0,9.3226
14244.65,242.7,9.3229
14245.65,184.2,9.3229
14246.66,158.2,9.3303
14247.66,186.0,9.3305
14248.67,127.4,9.3328
14249.67,101.5,9.3328
14250.68,111.4,9.3254
14251.68,226.3,9.338
14252.69,119.4,9.3759
14253.69,101.5,9.3759
14254.7,101.5,9.3759
14255.7,100.5,9.3759
14256.71,100.5,9.3759
14257.71,172.5,9.3761
14258.71,129.7,9.3861
14259.72,100.5,9.3861
14260.72,100.5,9.3809
14261.73,101.5,9.3809
14262.73,221.8,9.3814
14263.74,100.5,9.3814
14264.75,100.5,9.3814
14265.75,102.5,9.3814
14266.76,100.5,9.3814
14267.76,99.5,9.3814
14268.77,101.5,9.3814
14269.77,101.5,9.3814
14270.78,100.5,9.3814
14271.78,187.1,9.3815
14272.79,129.1,9.3988
14273.79,315.3,9.9912
14274.8,101.5,9.9912
14275.8,99.5,9.986
14276.81,101.5,9.986
14277.82,118.4,9.986
14278.82,102.5,9.986
14279.82,100.7,9.986
14280.83,100.5,9.986
14281.83,100.5,9.986
14282.84,100.5,9.986
14283.84,163.1,10.1369
14284.85,100.5,10.1369
14285.85,102.5,10.1369
14286.86,100.5,10.1369
14287.87,100.5,10.1369
14288.87,101.5,10.1369
14289.88,100.5,10.1369
14290.88,100.5,10.1369
14291.89,100.5,10.1369
14292.89,118.4,10.2249
14293.9,101.5,10.2249
14294.9,100.4,10.2249
14295.91,101.2,10.2249
14296.92,100.5,10.2249
14297.92,101.5,10.2249
14298.93,100.5,10.2249
14299.93,99.5,10.2249
14300.94,106.5,10.2255
14301.94,100.5,10.2255
14302.95,101.5,10.2255
14303.95,100.5,10.2255
14304.96,101.5,10.2255
14305.96,99.5,10.2255
14306.97,102.5,10.2255
14307.97,99.5,10.2255
14308.98,104.4,10.2259
14309.98,100.5,10.2259
14310.99,101.2,10.2259
14312.0,100.5,10.2259
14313.0,100.5,10.2259
14314.01,102.5,10.2259
14315.01,100.5,10.2259
14316.02,103.5,10.226
14317.02,100.5,10.226
14318.03,100.5,10.226
14319.03,102.5,10.226
14320.04,99.5,10.226
14321.04,100.5,10.2263
14322.05,100.5,10.2263
14323.05,102.5,10.2265
14324.06,102.5,10.2265
14325.07,99.5,10.2265
14326.07,101.5,10.2265
14327.08,100.5,10.2265
14328.08,100.5,10.2265
14329.09,102.5,10.2267
14330.09,100.5,10.2267
14331.1,100.5,10.2267
14332.1,101.5,10.2267
14333.11,101.5,10.2267
14334.11,100.5,10.2267
14335.12,101.5,10.2267
14336.13,102.0,10.2267
14337.13,101.5,10.2267
14338.14,101.5,10.2267
14339.14,100.5,10.2267
14340.15,100.5,10.2267
14341.15,100.5,10.2267
14342.16,100.5,10.2267
14343.16,100.5,10.2267
14344.17,102.5,10.2268
14345.17,99.5,10.2268
14346.18,100.5,10.2268
14347.18,99.5,10.2268
14348.19,103.5,10.2268
14349.2,100.5,10.227
14350.2,102.5,10.227
14351.2,100.5,10.2275
14352.21,101.5,10.2275
14353.21,100.5,10.2275
14354.22,100.5,10.2275
14355.23,100.5,10.2275
14356.23,99.5,10.2275
14357.24,102.5,10.2275
14358.24,101.5,10.2275
14359.25,101.5,10.2275
14360.25,100.5,10.2275
14361.26,104.4,10.2275
14362.26,101.5,10.2275
14363.27,99.5,10.2275
14364.27,100.5,10.2275
14365.28,104.5,10.2275
14366.28,99.5,10.2275
14367.29,100.5,10.2278
14368.29,101.5,10.2278
14369.3,100.5,10.2278
14370.3,101.5,10.2278
14371.31,100.5,10.2278
14372.31,100.5,10.2278
14373.32,99.5,10.2278
14374.32,105.5,10.228
14375.33,100.5,10.228
14376.33,101.5,10.228
14377.34,100.5,10.228
14378.34,100.5,10.228
14379.35,100.5,10.228
14380.35,2.0,2.535
14381.35,321.4,2.8362
14382.36,309.4,3.1576
14383.36,278.0,3.5396
14384.37,213.9,4.0477
14385.37,154.2,4.5325
14386.37,266.5,4.8155
14387.38,366.2,5.0474
14388.38,335.3,5.2026
14389.39,278.7,5.3508
14390.4,273.5,5.4977
14391.4,229.8,5.641
14392.41,126.4,5.7013
14393.41,211.9,5.7941
14394.42,226.8,5.8921
14395.42,305.4,6.0054
14396.43,279.8,6.0671
14397.43,191.0,6.1368
14398.44,302.4,6.2314
14399.44,291.1,6.3646
14400.44,131.2,6.4287
14401.45,277.7,6.5789
14402.45,112.4,6.641
14403.46,207.9,6.8884
14404.47,191.0,6.949
14405.47,109.5,7.0248
14406.48,129.3,7.1244
14407.48,152.5,7.2253
14408.48,285.5,7.9958
14409.49,159.1,7.9988
14410.49,129.3,7.9988
14411.5,109.5,7.999
14412.5,157.2,7.9994
14413.51,104.4,7.9994
14414.52,134.3,7.9994
14415.52,112.4,7.9994
14416.53,159.2,7.9994
14417.53,112.4,7.9994
14418.54,104.5,7.9994
14419.54,100.5,7.9994
14420.54,108.8,7.9994
14421.55,166.1,7.9994
14422.55,101.5,7.9994
14423.56,116.4,7.9996
14424.56,114.4,8.0286
14425.57,125.4,8.0996
14426.57,111.4,8.0996
14427.58,106.4,8.0996
14428.59,125.4,8.0996
14429.59,141.2,8.0996
14430.6,110.4,8.0996
14431.6,116.6,8.0996
14432.6,142.3,8.1996
14433.61,108.4,8.1996
14434.62,105.4,8.1996
14435.62,99.5,8.1996
14436.63,100.5,8.1996
14437.63,115.4,8.1996
14438.64,98.5,8.1996
14439.64,184.0,8.1996
14440.65,111.4,8.1996
14441.65,104.4,8.1996
14442.66,109.4,8.1996
14443.66,100.5,8.1996
14444.67,101.5,8.1996
14445.67,243.7,8.9513
14446.68,107.4,9.019
14447.68,101.5,9.019
14448.69,101.5,9.019
14449.69,109.4,9.019
14450.7,202.5,9.019
14451.7,109.5,9.019
14452.71,176.1,9.019
14453.71,161.1,9.019
14454.72,101.5,9.019
14455.72,120.4,9.019
14456.73,101.5,9.019
14457.73,100.5,9.019
14458.74,101.5,9.019
14459.74,115.5,9.019
14460.75,117.4,9.019
14461.75,105.4,9.019
14462.76,101.5,9.019
14463.76,100.5,9.019
14464.77,102.5,9.019
14465.77,100.5,9.019
14466.78,99.5,9.019
14467.79,101.5,9.019
14468.79,100.5,9.019
14469.8,108.4,9.019
14470.8,100.5,9.019
14471.81,100.5,9.019
14472.81,113.4,9.019
14473.82,121.4,9.019
14474.82,100.5,9.019
14475.83,105.4,9.019
14476.83,108.4,9.019
14477.84,120.5,9.019
14478.84,99.5,9.019
14479.85,100.5,9.019
14480.85,102.5,9.019
14481.86,100.5,9.019
14482.86,102.5,9.019
14483.87,119.4,9.019
14484.87,110.5,9.019
14485.88,102.5,9.019
14486.88,100.5,9.019
14487.89,101.5,9.019
14488.89,102.5,9.019
14489.9,200.5,9.0203
14490.9,160.3,9.1041
14491.91,101.5,9.1041
14492.91,104.4,9.1041
14493.92,102.5,9.1041
14494.92,100.5,9.1041
14495.93,103.5,9.1041
14496.93,121.4,9.1041
14497.94,105.4,9.1041
14498.94,100.5,9.1041
14499.95,100.5,9.1041
14500.95,134.3,9.1041
14501.96,108.4,9.1041
14502.96,102.5,9.1041
14503.97,100.6,9.1041
14504.97,124.3,9.1041
14505.98,102.5,9.1041
14506.99,100.5,9.1041
14507.99,99.5,9.1041
14509.0,102.5,9.1041
14510.0,99.5,9.1041
14511.01,103.5,9.1041
14512.01,145.2,9.1042
14513.02,110.4,9.1042
14514.02,100.5,9.1042
14515.03,100.5,9.1042
14516.03,100.5,9.1042
14517.04,106.4,9.1042
14518.04,102.5,9.1042
14519.05,116.4,9.1042
14520.05,141.2,9.1042
14521.06,127.4,9.1042
14522.06,100.5,9.1042
14523.07,99.6,9.1042
14524.07,101.5,9.1042
14525.08,100.5,9.1042
14526.08,104.5,9.1042
14527.09,123.3,9.1042
14528.09,100.5,9.1042
14529.1,113.4,9.1042
14530.1,101.5,9.1042
14531.11,102.5,9.1042
14532.11,121.4,9.1042
14533.12,101.5,9.1042
14534.12,107.4,9.1042
14535.13,284.5,9.309
14536.14,100.5,9.3093
14537.14,100.5,9.3093
14538.15,103.5,9.3093
14539.15,102.5,9.3093
14540.16,102.5,9.3093
14541.16,102.5,9.3093
14542.16,217.3,9.3093
14543.17,244.7,9.3096
14544.17,165.1,9.3096
14545.18,176.1,9.3088
14546.19,101.5,9.3088
14547.19,103.4,9.3088
14548.2,175.1,9.309
14549.2,126.3,9.3149
14550.21,248.7,9.3949
14551.21,104.4,9.395
14552.22,110.4,9.395
14553.22,100.5,9.395
14554.23,103.5,9.395
14555.23,102.5,9.395
14556.24,102.5,9.395
14557.24,100.5,9.395
14558.25,101.5,9.395
14559.25,99.5,9.395
14560.26,204.3,9.3951
14561.26,117.4,9.396
14562.27,101.5,9.396
14563.27,100.5,9.396
14564.28,101.5,9.396
14565.28,99.5,9.396
14566.29,101.5,9.396
14567.29,100.5,9.396
14568.3,101.5,9.396
14569.3,103.5,9.396
14570.31,153.6,9.5298
14571.31,279.6,10.0277
14572.32,100.5,10.0277
14573.32,101.5,10.0277
14574.33,101.5,10.0277
14575.33,118.4,10.0277
14576.34,102.6,10.0277
14577.34,99.6,10.0277
14578.35,100.5,10.0277
14579.35,101.5,10.0277
14580.36,99.5,10.0277
14581.36,155.3,10.1511
14582.37,100.5,10.1511
14583.37,100.5,10.1511
14584.38,100.5,10.1511
14585.38,101.5,10.1513
14586.39,100.5,10.1513
14587.39,100.5,10.1513
14588.4,101.5,10.1513
14589.4,106.7,10.2009
14590.41,107.5,10.2399
14591.41,100.5,10.2402
14592.42,101.5,10.2402
14593.42,100.5,10.2402
14594.43,103.5,10.2402
14595.43,99.5,10.2402
14596.44,100.5,10.2402
14597.44,100.5,10.2402
14598.45,103.5,10.2406
14599.45,99.6,10.2406
14600.46,101.5,10.2406
14601.46,99.5,10.2406
14602.47,101.5,10.2406
14603.47,102.5,10.2406
14604.48,99.5,10.2406
14605.49,101.5,10.2407
14606.49,104.5,10.2411
14607.5,99.5,10.2411
14608.5,100.5,10.2411
14609.51,101.5,10.2411
14610.51,101.5,10.2411
14611.52,100.5,10.2411
14612.52,101.5,10.2411
14613.53,104.7,10.2414
14614.53,101.6,10.2414
14615.53,100.5,10.2414
14616.54,99.5,10.2414
14617.54,101.5,10.2414
14618.55,101.5,10.2414
14619.56,102.5,10.2417
14620.56,101.5,10.2417
14621.57,101.5,10.2417
14622.57,100.5,10.2417
14623.58,100.5,10.2417
14624.58,101.5,10.2417
14625.59,100.5,10.2417
14626.59,100.5,10.2417
14627.6,103.5,10.2417
14628.6,99.6,10.2417
14629.61,101.5,10.2417
14630.61,100.5,10.242
14631.62,104.5,10.242
14632.62,99.5,10.242
14633.63,103.5,10.242
14634.63,101.5,10.242
14635.64,99.5,10.242
14636.64,100.5,10.242
14637.65,100.5,10.242
14638.65,102.5,10.242
14639.66,99.5,10.242
14640.66,101.5,10.242
14641.67,101.5,10.2421
14642.68,102.5,10.2421
14643.68,101.5,10.2421
14644.69,99.5,10.2421
14645.69,100.5,10.2421
14646.7,101.5,10.2421
14647.7,100.5,10.2421
14648.71,101.5,10.2421
14649.71,101.5,10.2424
14650.72,100.5,10.2424
14651.72,100.5,10.2424
14652.73,100.5,10.2424
14653.73,100.5,10.2424
14654.74,100.5,10.2424
14655.74,100.5,10.2424
14656.75,101.5,10.2424
14657.75,103.5,10.2424
14658.76,100.5,10.2424
14659.76,99.5,10.2424
14660.77,104.5,10.2424
14661.77,101.5,10.2424
14662.78,99.5,10.2424
14663.78,101.5,10.2424
14664.79,100.5,10.2424
14665.79,103.5,10.2427
14666.8,100.5,10.2427
14667.81,101.5,10.2427
14668.81,101.5,10.2427
14669.82,100.5,10.2427
14670.82,100.5,10.2427
14671.83,101.5,10.2427
14672.83,105.5,10.2431
14673.84,99.5,10.2431
14674.84,101.5,10.2431
14675.85,100.5,10.2433
14676.85,100.5,10.2433
14677.86,100.5,10.2433
14678.86,100.5,10.2433
14679.86,102.6,2.4395
14680.87,310.5,2.6771
14681.87,312.0,2.9728
14682.88,360.0,3.1169
14683.88,337.3,3.2583
14684.88,343.8,3.4803
14685.89,322.3,3.7233
14686.89,314.3,4.0007
14687.9,309.5,4.2738
14688.9,309.0,4.4943
14689.91,308.4,4.7087
14690.91,302.4,4.9046
14691.92,285.6,5.0646
14692.92,302.4,5.2047
14693.93,308.0,5.3829
14694.93,206.9,5.5437
14695.94,205.9,5.6943
14696.94,219.2,5.8589
14697.95,230.9,6.0239
14698.95,156.2,6.2379
14699.96,233.8,6.3594
14700.96,150.2,6.4173
14701.97,154.2,6.4853
14702.97,250.7,6.6005
14703.98,168.1,6.694
14704.98,143.3,6.7932
14705.99,116.4,6.9102
14706.99,109.4,7.0371
14708.0,103.5,7.1297
14709.0,102.5,7.1926
14710.01,102.5,7.2713
14711.01,232.8,7.6847
14712.02,141.3,7.7368
14713.02,315.3,7.7372
14714.03,270.6,7.831
14715.03,121.5,7.8418
14716.04,111.5,7.8418
14717.04,106.4,7.8418
14718.05,110.4,7.8418
14719.05,106.5,7.8418
14720.06,212.3,7.8418
14721.06,176.1,7.8421
14722.07,114.4,7.8421
14723.07,168.1,8.1938
14724.08,103.5,8.2417
14725.08,102.5,8.2417
14726.09,100.6,8.2417
14727.09,100.5,8.2417
14728.1,100.5,8.2417
14729.1,281.2,8.2498
14730.11,138.3,8.2385
14731.11,100.5,8.2385
14732.12,102.5,8.2385
14733.12,149.2,8.2393
14734.12,101.6,8.2393
14735.13,100.5,8.2393
14736.14,100.5,8.2393
14737.14,101.5,8.2393
14738.15,101.5,8.2393
14739.15,100.5,8.2393
14740.16,101.5,8.2393
14741.16,100.5,8.2393
14742.17,152.2,8.2394
14743.17,99.5,8.2394
14744.18,100.5,8.2394
14745.18,102.5,8.2394
14746.19,100.5,8.2394
14747.19,99.5,8.2394
14748.2,100.6,8.2394
14749.2,102.5,8.2394
14750.21,164.2,8.2409
14751.21,101.5,8.2409
14752.22,101.6,8.2409
14753.22,103.5,8.2409
14754.23,100.5,8.2409
14755.23,100.5,8.2409
14756.24,101.5,8.2409
14757.24,103.5,8.2411
14758.25,162.5,8.5907
14759.25,101.5,8.5907
14760.26,100.5,8.5907
14761.26,101.7,8.5907
14762.26,99.5,8.5907
14763.27,101.5,8.5907
14764.27,101.5,8.5907
14765.28,100.5,8.5907
14766.28,99.5,8.5907
14767.29,101.5,8.8512
14768.29,200.4,9.3821
14769.3,116.4,9.4223
14770.3,101.5,9.4223
14771.31,100.4,9.4226
14772.31,101.5,9.4226
14773.32,101.5,9.4226
14774.33,100.5,9.4226
14775.33,100.5,9.4226
14776.34,100.5,9.4226
14777.34,99.5,9.4226
14778.35,101.5,9.4226
14779.35,100.5,9.4233
14780.36,102.5,9.4233
14781.36,101.5,9.4233
14782.37,99.5,9.4233
14783.37,102.5,9.4233
14784.38,101.5,9.4233
14785.38,99.5,9.4233
14786.39,101.5,9.4233
14787.39,101.6,9.4233
14788.4,100.5,9.4233
14789.4,102.5,9.4236
14790.41,99.5,9.4236
14791.41,102.5,9.4236
14792.42,100.5,9.4236
14793.42,99.5,9.4236
14794.43,103.5,9.4236
14795.44,98.5,9.4236
14796.44,101.5,9.4236
14797.45,101.5,9.4236
14798.45,101.5,9.4236
14799.46,100.5,9.4238
14800.46,101.5,9.4238
14801.47,100.5,9.4238
14802.47,99.5,9.4238
14803.48,102.5,9.4238
14804.48,99.5,9.4238
14805.49,102.5,9.4238
14806.49,100.5,9.4238
14807.5,101.5,9.4238
14808.5,101.5,9.4241
14809.51,100.5,9.4241
14810.51,100.6,9.4241
14811.51,99.8,9.4241
14812.52,102.5,9.4241
14813.53,99.5,9.4241
14814.53,102.5,9.4241
14815.54,100.2,9.4243
14816.54,100.3,9.4243
14817.55,101.5,9.4244
14818.56,101.5,9.4244
14819.56,99.5,9.4244
14820.57,99.5,9.4244
14821.57,102.5,9.4244
14822.58,100.5,9.4244
14823.58,101.5,9.4244
14824.59,101.5,9.4244
14825.59,100.5,9.4244
14826.6,102.5,9.4246
14827.6,101.5,9.4246
14828.61,99.5,9.4246
14829.61,101.5,9.4246
14830.62,100.5,9.4246
14831.62,100.5,9.4246
14832.63,100.5,9.4246
14833.63,100.5,9.4246
14834.64,101.5,9.4246
14835.64,102.5,9.4248
14836.65,100.5,9.4248
14837.65,101.5,9.4248
14838.66,100.5,9.4248
14839.66,100.5,9.4248
14840.67,100.5,9.4248
14841.68,100.5,9.4248
14842.68,101.5,9.4248
14843.69,101.5,9.4248
14844.69,101.5,9.4249
14845.7,100.5,9.4249
14846.7,101.5,9.4249
14847.71,99.5,9.4249
14848.71,101.5,9.4249
14849.72,99.5,9.4249
14850.72,101.5,9.4249
14851.73,100.5,9.4249
14852.73,100.5,9.4249
14853.74,101.5,9.4249
14854.74,102.5,9.4249
14855.75,99.5,9.4249
14856.75,101.7,9.4249
14857.75,99.7,9.4249
14858.76,99.5,9.4249
14859.76,101.5,9.4249
14860.77,99.5,9.4252
14861.77,102.5,9.4252
14862.78,100.5,9.4252
14863.78,99.5,9.4252
14864.79,101.5,9.4252
14865.79,101.5,9.4252
14866.8,101.5,9.4252
14867.8,101.5,9.4252
14868.81,100.5,9.4252
14869.81,100.5,9.4252
14870.82,99.5,9.4252
14871.82,100.6,9.4252
14872.83,101.5,9.4252
14873.83,100.5,9.4253
14874.84,100.5,9.4253
14875.84,99.5,9.4253
14876.85,101.5,9.4253
14877.85,101.5,9.4253
14878.86,102.5,9.4253
14879.86,99.5,9.4253
14880.87,100.5,9.4253
14881.88,100.5,9.4253
14882.88,99.5,9.4253
14883.89,101.5,9.4254
14884.89,102.5,9.4254
14885.9,99.5,9.4254
14886.9,99.5,9.4254
14887.91,101.5,9.4254
14888.91,100.5,9.4254
14889.92,99.6,9.4254
14890.92,100.5,9.4254
14891.92,99.7,9.4254
14892.93,103.5,9.4261
14893.93,99.5,9.4261
14894.94,100.5,9.4261
14895.94,100.5,9.4261
14896.95,100.8,9.4261
14897.95,101.5,9.4261
14898.96,99.5,9.4261
14899.96,102.7,9.4261
14900.96,100.5,9.4261
14901.97,103.5,9.4261
14902.97,100.5,9.4262
14903.98,100.5,9.4262
14904.98,101.5,9.4262
14905.99,100.5,9.4264
14906.99,104.5,9.4265
14908.0,100.5,9.4265
14909.0,103.5,9.4265
14910.01,101.5,9.4265
14911.01,101.5,9.4265
14912.02,100.8,9.4265
14913.02,104.6,9.4265
14914.03,100.5,9.4268
14915.03,100.5,9.4268
14916.04,100.5,9.4268
14917.04,99.5,9.4268
14918.05,100.6,9.4268
14919.05,102.5,9.4268
14920.06,99.5,9.4268
14921.06,99.5,9.4268
14922.07,102.5,9.4268
14923.07,99.5,9.4268
14924.08,101.5,9.4268
14925.08,101.5,9.4277
14926.09,100.5,9.4277
14927.09,100.5,9.4277
14928.1,101.5,9.4277
14929.1,100.5,9.4277
14930.11,101.5,9.4277
14931.11,100.5,9.4277
14932.12,100.5,9.4277
14933.12,100.5,9.4277
14934.13,101.5,9.428
14935.13,99.5,9.428
14936.14,100.5,9.428
14937.14,101.6,9.428
14938.15,100.5,9.428
14939.15,101.5,9.428
14940.16,101.5,9.428
14941.16,101.5,9.428
14942.17,101.5,9.428
14943.17,101.5,9.428
14944.18,100.5,9.428
14945.18,100.5,9.428
14946.19,101.6,9.4281
14947.19,101.5,9.4281
14948.2,102.5,9.4281
14949.2,99.5,9.4281
14950.21,100.5,9.4281
14951.21,101.5,9.4281
14952.22,100.5,9.4281
14953.22,110.4,9.4281
14954.23,99.6,9.4281
14955.23,100.5,9.4281
14956.24,100.5,9.4283
14957.24,101.5,9.4283
14958.25,101.8,9.4283
14959.25,101.7,9.4285
14960.26,100.5,9.4285
14961.26,111.4,9.4285
14962.27,100.5,9.4285
14963.27,101.5,9.4285
14964.28,99.5,9.4285
14965.28,100.5,9.4285
14966.29,103.5,9.4285
14967.29,100.5,9.4285
14968.3,99.5,9.4285
14969.3,102.5,9.4285
14970.31,100.5,9.4285
14971.31,102.5,9.4293
14972.32,101.7,9.4293
14973.32,100.5,9.4293
14974.33,100.5,9.4293
14975.33,100.5,9.4293
14976.34,100.5,9.4293
14977.34,100.5,9.4293
14978.35,101.5,9.4293
14979.35,99.5,9.4293
14980.35,2.0,2.5324
14981.36,313.1,2.6865
14982.36,352.0,2.8647
14983.36,2.0,2.4785
14984.37,351.0,2.6478
14985.37,2.0,2.5662
14986.37,325.0,2.6889
14987.38,1.0,2.4146
14988.38,309.7,2.6314
14989.39,323.9,2.7443
14990.39,338.8,3.0866
14991.39,324.3,3.4168
14992.4,305.5,3.7364
14993.4,324.1,4.0006
14994.41,2.0,2.4252
14995.41,314.7,2.6547
14996.42,352.6,2.8071
14997.42,341.2,3.1723
14998.42,331.0,3.5344
14999.43,312.4,3.849
15000.43,333.5,4.0451
15001.44,285.5,2.3294
15002.44,8849.5,2.6659
15003.45,352.2,2.8424
15004.45,326.4,3.1775
15005.46,319.3,3.5374
15006.46,306.6,3.8406
15007.47,337.5,4.0828
15008.47,317.3,4.2302
15009.47,279.1,4.2935
15010.48,158.3,4.3562
15011.48,118.4,4.4037
15012.49,106.5,4.4402
15013.49,107.4,4.4837
15014.5,104.5,4.5327
15015.51,106.4,4.5775
15016.51,127.3,4.6057
15017.52,146.2,4.6869
15018.52,182.0,4.7946
15019.53,167.1,4.908
15020.53,105.5,5.0127
15021.54,106.4,5.121
15022.54,103.5,5.2239
15023.55,100.5,5.3385
15024.55,102.5,5.456
15025.56,137.4,5.6148
15026.56,3.0,2.4319
15027.56,333.9,2.6836
15028.57,366.4,2.9092
15029.57,335.6,3.2302
15030.58,322.9,3.5813
15031.58,307.5,3.9017
15032.59,339.2,4.1276
15033.59,313.7,4.2006
15034.59,2.0,2.4595
15035.6,299.0,2.6213
15036.6,1.0,2.4258
15037.6,319.0,2.6219
15038.61,1.0,2.4442
15039.61,306.1,2.6121
15040.62,1.0,2.4137
15041.62,303.2,2.603
15042.62,360.9,2.7292
15043.62,0.0,2.533
15044.63,328.1,2.6758
15045.63,2.0,2.4613
15046.63,331.3,2.6137
15047.64,1.0,2.4385
15048.64,334.2,2.6772
15049.64,347.7,2.7892
15050.65,334.5,3.0221
15051.65,313.3,3.2647
15052.66,309.4,3.5305
15053.67,310.4,3.8176
15054.67,334.2,4.0797
15055.67,1.0,2.4358
15056.68,317.5,2.6884
15057.68,363.1,2.8668
15058.69,325.2,3.1147
15059.69,309.4,3.3867
15060.7,312.4,3.6239
15061.7,312.3,3.8888
15062.71,336.6,4.1068
15063.71,1498.2,2.4492
15064.72,334.9,2.691
15065.72,362.1,2.8939
15066.72,321.4,3.2073
15067.73,309.5,3.5105
15068.73,312.3,3.7962
15069.74,322.3,4.0536
15070.74,290.6,2.3318
15071.75,1.0,2.6685
15072.75,355.8,2.8047
15073.76,330.3,3.036
15074.76,304.4,3.2864
15075.77,305.6,3.5463
15076.77,308.4,3.7739
15077.78,310.4,4.0214
15078.78,340.9,4.202
15079.78,1.0,2.5005
15080.79,327.0,2.7202
15081.79,346.2,2.9718
15082.8,312.4,3.2653
15083.8,307.5,3.5757
15084.81,311.5,3.8486
15085.81,328.5,4.0832
15086.82,2.0,2.3893
15087.82,297.2,2.6064
15088.82,331.8,2.7315
15089.83,340.5,2.952
15090.83,237.8,3.0571
15091.84,128.3,3.1203
15092.84,190.1,3.1686
15093.85,131.3,3.2294
15094.85,112.4,3.2807
15095.86,198.0,3.3391
15096.86,167.1,3.3932
15097.87,104.4,3.4228
15098.87,100.5,3.4517
15099.88,103.4,3.4778
15100.88,99.5,3.5057
15101.89,155.2,3.5333
15102.89,194.0,3.5728
15103.9,100.5,3.605
15104.9,109.4,3.637
15105.91,102.5,3.6621
15106.92,101.5,3.6804
15107.92,99.5,3.7072
15108.93,101.5,3.7358
15109.93,101.5,3.7534
15110.94,100.5,3.7747
15111.94,99.5,3.796
15112.95,102.5,3.8164
15113.95,100.5,3.8363
15114.96,135.3,3.8555
15115.96,102.5,3.8739
15116.97,100.5,3.8906
15117.97,101.5,3.9104
15118.98,102.5,3.9257
15119.98,101.5,3.9442
15120.99,102.5,3.9583
15121.99,101.5,3.9721
15123.0,100.5,3.984
15124.0,101.5,3.9932
15125.01,229.8,2.3338
15126.01,2.0,2.6058
15127.02,303.9,2.7201
15128.02,342.2,2.9369
15129.02,304.0,3.069
15130.03,267.6,3.124
15131.03,1.0,2.4151
15132.04,294.6,2.6028
15133.04,301.6,2.7389
15134.05,291.5,3.1323
15135.05,1.0,2.5625
15136.06,308.1,2.6798
15137.06,280.6,2.9578
15138.06,0.0,2.4844
15139.07,297.1,2.6216
15140.07,324.3,2.8368
15141.08,240.7,2.3346
15142.08,1383.2,2.5825
15143.08,309.0,2.6951
15144.09,343.1,2.9142
15145.09,4.0,2.4639
15146.09,307.1,2.6262
15147.1,351.2,2.8132
15148.1,0.0,2.4369
15149.11,303.3,2.6138
15150.11,333.2,2.7485
15151.12,344.2,2.9597
15152.12,2.0,2.4632
15153.12,342.3,2.7206
15154.13,357.1,2.8236
15155.13,339.6,3.0117
15156.14,239.8,3.1186
15157.14,123.4,3.2049
15158.15,109.4,3.2789
15159.15,280.6,3.3835
15160.15,0.0,2.5121
15161.16,314.0,2.6514
15162.16,359.9,2.8351
15163.17,1.0,2.4465
15164.17,330.2,2.7052
15165.18,307.3,3.0174
15166.18,321.1,3.186
15167.19,369.1,3.3307
15168.19,320.3,3.4931
15169.2,317.3,3.7183
15170.2,304.4,3.9534
15171.21,294.4,4.2085
15172.21,311.5,4.4697
15173.22,309.3,4.7204
15174.22,304.5,4.9481
15175.23,308.3,5.2234
15176.23,277.5,5.5278
15177.24,293.4,5.8122
15178.24,291.5,6.0965
15179.25,287.7,6.3952
15180.25,247.7,6.6399
15181.26,229.8,6.9317
15182.27,326.3,7.1908
15183.27,143.2,7.3158
15184.28,174.1,7.6333
15185.28,112.4,7.6333
15186.29,102.5,7.6721
15187.29,101.5,7.6857
15188.3,105.5,7.6857
15189.3,105.5,7.6858
15190.31,104.5,7.6858
15191.31,100.5,7.6858
15192.32,102.5,7.6858
15193.32,104.5,7.6858
15194.33,101.5,7.6861
15195.33,120.4,7.6861
15196.34,104.5,7.6862
15197.34,100.5,7.6862
15198.35,100.5,7.6862
15199.35,103.5,7.6862
15200.36,102.5,7.6862
15201.36,101.5,7.6862
15202.37,100.5,7.6862
15203.37,101.5,7.6862
15204.38,99.5,7.6862
15205.38,102.5,7.6862
15206.39,100.5,7.6862
15207.39,102.5,7.6862
15208.4,100.5,7.6862
15209.4,100.5,7.6862
15210.41,101.7,7.6862
15211.41,99.5,7.6862
15212.42,106.5,7.6862
15213.42,100.5,7.6862
15214.43,99.5,7.6862
15215.43,100.5,7.6862
15216.44,101.5,7.6862
15217.44,99.5,7.6862
15218.45,100.5,7.6862
15219.45,100.6,7.6862
15220.46,101.5,7.6864
15221.46,100.5,7.6864
15222.47,101.5,7.6864
15223.47,102.5,7.6864
15224.48,99.5,7.6864
15225.48,100.5,7.6865
15226.49,102.5,7.6865
15227.5,100.5,7.6865
15228.5,99.5,7.6865
15229.51,101.5,7.6994
15230.51,101.5,7.7185
15231.52,101.5,7.7362
15232.52,101.5,7.7583
15233.53,100.5,7.7761
15234.53,101.5,7.7865
15235.54,100.5,7.7865
15236.54,100.5,7.7865
15237.55,113.4,7.7865
15238.55,103.5,7.7865
15239.56,101.5,7.7865
15240.56,100.5,7.7865
15241.57,99.5,7.7865
15242.57,103.5,7.7865
15243.58,100.5,7.7865
15244.58,99.5,7.7865
15245.59,100.5,7.7865
15246.59,101.5,7.7865
15247.6,100.5,7.7865
15248.6,101.5,7.7865
15249.61,100.5,7.7865
15250.62,102.3,7.7865
15251.62,101.5,7.7865
15252.63,101.5,7.7865
15253.63,99.5,7.7865
15254.64,101.5,7.7865
15255.64,101.5,7.7865
15256.65,99.7,7.7865
15257.65,101.6,7.7865
15258.65,99.5,7.7865
15259.66,100.5,7.7865
15260.67,101.5,7.7865
15261.67,100.5,7.7865
15262.68,102.5,7.7865
15263.68,100.5,7.7865
15264.69,100.5,7.7865
15265.69,100.5,7.7868
15266.7,100.5,7.7868
15267.7,100.5,7.7868
15268.71,100.5,7.7868
15269.71,100.5,7.7868
15270.72,100.5,7.7868
15271.72,100.5,7.7868
15272.73,102.5,7.7868
15273.73,100.5,7.7868
15274.74,101.5,7.7868
15275.74,100.5,7.7868
15276.75,100.5,7.7868
15277.75,101.5,7.7868
15278.76,100.5,7.7868
15279.76,102.5,7.7868
15280.77,100.5,7.7868
15281.77,101.5,7.7868
15282.78,101.5,7.7868
15283.78,98.5,7.7868
15284.79,101.5,7.7868
15285.79,99.5,7.7868
15286.8,101.5,7.7868
15287.8,100.5,7.7868
15288.81,99.5,7.7868
15289.81,101.5,7.787
15290.82,100.5,7.787
15291.82,100.5,7.787
15292.83,101.5,7.787
15293.83,103.5,7.787
15294.84,99.5,7.787
15295.84,102.5,7.787
15296.85,100.5,7.787
15297.85,101.5,7.787
15298.86,100.5,7.787
15299.86,105.5,7.787
15300.87,99.5,7.787
15301.87,102.5,7.787
15302.88,99.5,7.787
15303.88,100.5,7.787
15304.89,100.5,7.787
15305.89,100.5,7.787
15306.9,101.5,7.787
15307.9,101.5,7.787
15308.91,99.5,7.787
15309.91,102.5,7.787
15310.92,99.5,7.787
15311.92,102.5,7.787
15312.93,100.5,7.787
15313.93,102.5,7.787
15314.94,101.5,7.787
15315.94,100.5,7.7873
15316.95,100.5,7.7873
15317.96,102.5,7.7873
15318.96,99.6,7.7873
15319.96,99.5,7.7873
15320.97,101.5,7.7873
15321.97,100.5,7.7873
15322.98,100.5,7.7873
15323.99,100.5,7.7873
15324.99,100.6,7.7873
15325.99,100.5,7.7873
15327.0,102.5,7.7873
15328.0,99.5,7.7873
15329.01,100.5,7.7873
15330.01,102.5,7.7873
15331.02,99.5,7.7873
15332.02,100.5,7.7873
15333.03,102.5,7.7873
15334.03,99.6,7.7873
15335.04,101.5,7.7873
15336.04,101.5,7.7873
15337.05,100.5,7.7873
15338.05,100.5,7.7873
15339.06,99.6,7.7873
15340.06,101.5,7.7873
15341.07,100.5,7.7873
15342.07,100.5,7.7873
15343.08,99.5,7.7873
15344.08,101.5,7.7873
15345.09,100.5,7.7873
15346.09,100.5,7.7873
15347.1,101.5,7.7873
15348.1,101.5,7.7873
15349.11,101.6,7.7873
15350.11,99.5,7.7873
15351.12,101.5,7.7873
15352.12,102.5,7.7873
15353.13,99.5,7.7873
15354.13,101.5,7.7873
15355.14,100.5,7.7873
15356.14,101.5,7.7873
15357.15,99.5,7.7873
15358.15,101.5,7.7873
15359.16,100.5,7.7873
15360.17,100.5,7.7873
15361.17,100.5,7.7875
15362.18,102.5,7.7875
15363.18,101.6,7.7875
15364.18,100.5,7.7875
15365.19,102.5,7.7875
15366.2,99.5,7.7875
15367.2,103.5,7.7875
15368.21,99.5,7.7875
15369.21,101.5,7.7875
15370.22,99.5,7.7875
15371.22,101.5,7.7875
15372.23,99.5,7.7875
15373.23,99.5,7.7875
15374.24,103.5,7.7875
15375.24,99.5,7.7875
15376.25,101.5,7.7875
15377.25,101.5,7.7875
15378.26,100.3,7.7875
15379.26,100.5,7.7875
15380.27,100.7,7.7875
15381.27,101.5,7.7875
15382.28,99.5,7.7875
15383.28,100.5,7.7875
15384.29,101.5,7.7875
15385.29,100.5,7.7875
15386.3,99.5,7.7875
15387.3,100.6,7.7875
15388.31,100.5,7.7875
15389.31,100.5,7.7875
15390.32,101.5,7.7875
15391.32,100.5,7.7875
15392.33,100.5,7.7875
15393.33,100.5,7.7875
15394.34,100.5,7.7875
15395.34,100.5,7.7875
15396.35,100.5,7.7875
15397.35,101.5,7.7875
15398.36,100.5,7.7875
15399.36,101.5,7.7875
15400.37,101.5,7.7875
15401.37,100.5,7.7875
15402.38,100.6,7.7875
15403.38,99.7,7.7875
15404.39,101.5,7.7875
15405.39,100.5,7.7878
15406.39,100.7,7.7878
15407.4,101.5,7.7878
15408.4,100.5,7.7878
15409.41,100.5,7.7878
15410.41,99.5,7.7878
15411.42,101.5,7.7878
15412.42,100.5,7.7878
15413.43,100.5,7.7878
15414.43,102.5,7.7878
15415.44,100.5,7.7878
15416.44,100.5,7.7878
15417.45,100.7,7.7878
15418.45,99.5,7.7878
15419.46,101.6,7.7878
15420.46,99.7,7.7878
15421.46,101.5,7.7878
15422.47,100.7,7.7878
15423.47,102.5,7.7878
15424.48,101.5,7.7878
15425.48,100.5,7.7878
15426.49,100.4,7.7878
15427.49,101.5,7.7878
15428.5,99.5,7.7878
15429.5,100.7,7.7878
15430.51,99.5,7.7878
15431.51,101.5,7.7878
15432.52,103.5,7.7878
15433.52,99.5,7.7878
15434.53,101.5,7.7878
15435.53,101.5,7.7878
15436.54,99.5,7.7878
15437.54,100.5,7.7878
15438.55,99.5,7.7878
15439.55,100.7,7.7878
15440.55,100.5,7.7878
15441.56,100.5,7.7878
15442.56,100.5,7.7878
15443.57,101.5,7.7878
15444.57,100.5,7.7878
15445.58,100.5,7.7878
15446.59,99.5,7.7878
15447.59,101.5,7.7878
15448.6,101.5,7.7878
15449.6,99.5,7.7878
15450.61,100.5,7.7878
15451.61,100.5,7.7878
15452.62,99.5,7.7878
15453.62,102.5,7.7878
15454.63,100.5,7.7878
15455.63,99.5,7.788
15456.64,101.5,7.788
15457.64,99.6,7.788
15458.65,101.5,7.788
15459.65,99.5,7.788
15460.66,100.5,7.788
15461.66,100.5,7.788
15462.67,102.5,7.788
15463.67,2.0,2.56
15464.67,342.0,2.6868
15465.68,2.0,2.5945
15466.68,1.0,2.3679
15467.69,287.5,2.6053
15468.69,332.0,2.7057
15469.69,0.0,2.5871
15470.7,336.0,2.6961
15471.7,1.0,2.6195
15472.71,1.0,2.4003
15473.71,287.6,2.596
15474.72,1491.9,2.3565
15475.72,279.8,2.5894
15476.73,0.0,2.4282
15477.73,309.4,2.6188
15478.74,1463.2,2.4621
15479.74,328.3,2.6362
15480.75,0.0,2.5463
15481.75,317.4,2.872
15482.75,368.8,2.9715
15483.76,336.6,3.1034
15484.76,326.3,3.3204
15485.77,239.8,3.5101
15486.77,236.9,3.6274
15487.78,131.3,3.7119
15488.78,102.5,3.7812
15489.79,101.5,3.8417
15490.79,129.3,3.8928
15491.8,101.5,3.9393
15492.8,101.5,3.981
15493.81,99.5,4.0173
15494.81,103.5,4.0525
15495.82,99.5,4.0691
15496.82,101.5,4.0982
15497.83,103.5,4.127
15498.84,99.5,4.1549
15499.84,100.5,4.1832
15500.85,102.5,4.2052
15501.85,100.5,4.2286
15502.86,99.5,4.2501
15503.86,101.5,4.2717
15504.87,100.5,4.2925
15505.87,100.5,4.3121
15506.88,100.5,4.3309
15507.88,99.5,4.3507
15508.89,101.5,4.3687
15509.89,99.6,4.3871
15510.9,101.5,4.404
15511.9,100.5,4.4217
15512.91,102.5,4.4361
15513.91,100.5,4.4537
15514.92,101.5,4.4689
15515.92,99.5,4.4824
15516.93,100.5,4.4961
15517.93,101.5,4.5094
15518.94,104.5,4.5192
15519.94,99.5,4.5289
15520.95,101.5,4.5386
15521.95,100.5,4.5484
15522.96,99.5,4.5576
15523.96,102.5,4.566
15524.97,101.5,4.5746
15525.97,100.5,4.5834
15526.98,101.5,4.5919
15527.98,102.5,4.6004
15528.99,100.5,4.6086
15529.99,101.5,4.6158
15531.0,102.5,4.6235
15532.0,102.5,4.6313
15533.01,99.5,4.639
15534.01,130.4,4.6467
15535.02,106.5,4.6543
15536.02,100.5,4.6618
15537.03,101.5,4.6687
15538.03,99.5,4.6757
15539.04,100.5,4.6819
15540.04,99.5,4.689
15541.05,101.5,4.6959
15542.05,100.5,4.7028
15543.06,101.5,4.7095
15544.06,99.5,4.7154
15545.07,100.5,4.7217
15546.08,101.5,4.7306
15547.08,101.5,4.7393
15548.08,100.6,4.7476
15549.09,99.5,4.7563
15550.09,100.5,4.7646
15551.1,101.5,4.7729
15552.1,99.5,4.7812
15553.11,100.5,4.7895
15554.12,101.5,4.7971
15555.12,100.5,4.8038
15556.13,101.5,4.8123
15557.13,100.5,4.8208
15558.14,100.5,4.8279
15559.14,100.5,4.8358
15560.15,100.5,4.8423
15561.15,103.5,4.8497
15562.16,99.5,4.8568
15563.16,101.5,4.8649
15564.17,102.5,4.8732
15565.17,99.6,4.881
15566.18,99.5,4.8878
15567.18,103.5,4.8961
15568.19,100.5,4.9044
15569.19,99.5,4.9119
15570.2,100.5,4.921
15571.2,100.5,4.9282
15572.21,101.5,4.937
15573.21,100.5,4.9446
15574.22,100.5,4.9537
15575.22,101.5,4.9625
15576.23,101.6,4.9705
15577.23,100.5,4.9767
15578.24,99.5,4.9852
15579.24,101.4,4.9938
15580.25,99.5,5.0016
15581.25,101.5,5.0097
15582.26,100.6,5.0165
15583.26,100.5,5.0252
15584.27,102.5,5.0322
15585.27,100.5,5.0406
15586.28,100.6,5.0476
15587.28,101.5,5.0552
15588.29,100.5,5.062
15589.29,99.5,5.0702
15590.3,103.5,5.0776
15591.3,104.5,5.0852
15592.31,100.6,5.0921
15593.31,101.5,5.0996
15594.32,101.5,5.1066
15595.32,100.5,5.1123
15596.33,102.5,5.1188
15597.33,102.5,5.1249
15598.34,100.5,5.133
15599.34,100.5,5.1385
15600.35,101.5,5.1465
15601.35,100.5,5.1525
15602.36,101.5,5.1588
15603.36,100.5,5.1658
15604.37,99.5,5.172
15605.37,103.5,5.1793
15606.38,99.5,5.185
15607.38,100.5,5.192
15608.39,101.5,5.1973
15609.39,101.5,5.203
15610.4,99.5,5.2097
15611.41,100.5,5.2155
15612.41,101.5,5.2225
15613.42,99.5,5.228
15614.42,101.5,5.2351
15615.43,100.5,5.2406
15616.43,101.6,5.2459
15617.43,100.5,5.2511
15618.44,99.5,5.2581
15619.45,100.5,5.2631
15620.45,101.5,5.2702
15621.46,100.5,5.2754
15622.46,100.5,5.2817
15623.47,100.5,5.2875
15624.47,101.5,5.2935
15625.48,100.5,5.2983
15626.48,101.5,5.3044
15627.49,99.5,5.3089
15628.49,99.5,5.3156
15629.5,102.5,5.3206
15630.5,100.5,5.3263
15631.51,100.5,5.3322
15632.51,100.5,5.3375
15633.52,101.5,5.3437
15634.52,99.5,5.3489
15635.53,99.5,5.3541
15636.53,102.5,5.3603
15637.54,100.5,5.3653
15638.54,99.5,5.372
15639.55,100.5,5.3766
15640.55,101.5,5.3821
15641.56,99.5,5.3861
15642.56,100.5,5.392
15643.57,102.5,5.397
15644.58,100.5,5.4022
15645.58,99.5,5.4081
15646.59,101.5,5.4131
15647.59,100.5,5.4192
15648.6,100.5,5.4238
15649.6,99.5,5.4288
15650.61,102.5,5.433
15651.61,99.5,5.4381
15652.62,100.5,5.4431
15653.62,99.5,5.4481
15654.63,100.5,5.4536
15655.63,102.5,5.4581
15656.64,102.5,5.4624
15657.64,99.5,5.4679
15658.65,100.5,5.4721
15659.65,100.5,5.4764
15660.66,101.5,5.4814
15661.66,100.5,5.4862
15662.67,100.5,5.4908
15663.67,100.5,5.496
15664.68,100.5,5.5
15665.68,101.5,5.5046
15666.69,101.5,5.5098
15667.69,100.5,5.5141
15668.7,99.5,5.5184
15669.7,102.5,5.5221
15670.71,100.5,5.5258
15671.71,99.5,5.5307
15672.72,101.5,5.5352
15673.73,100.5,5.5392
15674.73,102.5,5.5447
15675.74,99.5,5.5488
15676.74,100.5,5.553
15677.75,102.5,5.5578
15678.75,101.5,5.562
15679.76,99.5,5.566
15680.76,100.5,5.5713
15681.77,101.5,5.5749
15682.77,100.5,5.5802
15683.78,100.5,5.5845
15684.78,100.6,5.589
15685.79,100.5,5.594
15686.79,100.5,5.5982
15687.8,101.5,5.6023
15688.8,100.6,5.6053
15689.81,100.5,5.6092
15690.81,102.5,5.6143
15691.82,102.5,5.6179
15692.82,101.5,5.6222
15693.83,99.5,5.6272
15694.83,102.5,5.631
15695.84,100.5,5.635
15696.84,101.5,5.64
15697.85,100.5,5.6436
15698.85,100.5,5.6479
15699.86,100.5,5.6532
15700.86,100.5,5.6568
15701.87,101.5,5.6616
15702.87,99.5,5.6664
15703.88,101.5,5.6701
15704.88,99.5,5.6739
15705.89,99.5,5.6785
15706.89,101.6,5.6825
15707.9,100.5,5.6865
15708.9,100.5,5.6899
15709.91,102.5,5.6936
15710.91,99.6,5.6986
15711.92,100.5,5.7024
15712.92,101.5,5.7059
15713.93,101.5,5.711
15714.93,104.5,5.7147
15715.94,100.5,5.7185
15716.94,100.5,5.7233
15717.95,101.5,5.727
15718.95,100.5,5.7308
15719.96,100.5,5.7338
15720.97,100.5,5.737
15721.97,101.5,5.7402
15722.98,100.5,5.7452
15723.98,101.5,5.7483
15724.99,100.5,5.7521
15725.99,101.5,5.7561
15727.0,100.5,5.7602
15728.0,99.5,5.7634
15729.01,101.5,5.7675
15730.01,100.5,5.7717
15731.02,100.5,5.7757
15732.02,101.5,5.7795
15733.03,100.5,5.7822
15734.03,100.5,5.7865
15735.04,100.5,5.79
15736.04,101.5,5.793
15737.05,99.5,5.7971
15738.05,100.5,5.8015
15739.06,101.5,5.8051
15740.06,100.5,5.8089
15741.07,100.5,5.8126
15742.07,100.5,5.8164
15743.08,101.5,5.8199
15744.08,100.5,5.8229
15745.09,101.5,5.8257
15746.09,100.5,5.8308
15747.1,99.5,5.8339
15748.1,101.5,5.8376
15749.11,101.5,5.8411
15750.11,99.5,5.8453
15751.12,100.5,5.8483
15752.12,101.5,5.8518
15753.13,101.5,5.8558
15754.14,99.5,5.8596
15755.14,101.5,5.8629
15756.15,101.5,5.8656
15757.15,100.5,5.8683
15758.16,99.5,5.8717
15759.16,102.5,5.876
15760.17,100.5,5.8792
15761.17,100.5,5.8832
15762.18,99.5,5.8868
15763.18,110.5,5.8901
15764.19,101.6,5.8934
15765.19,101.5,5.8966
15766.2,100.5,5.9009
15767.2,99.5,5.9039
15768.21,101.5,5.9077
15769.21,101.5,5.9104
15770.22,99.5,5.9131
15771.22,101.5,5.9162
15772.23,100.5,5.9202
15773.23,99.5,5.9232
15774.24,101.5,5.9267
15775.24,101.4,5.93
15776.25,99.5,5.9337
15777.25,99.6,5.9365
15778.26,100.5,5.9402
15779.26,103.5,5.9443
15780.27,100.4,2.4514
15781.27,332.3,2.731
15782.28,318.3,2.924
15783.28,355.2,3.1029
15784.29,307.5,3.4291
15785.29,155.7,3.6898
15786.3,126.3,3.9687
15787.3,166.1,4.2589
15788.31,109.4,4.5536
15789.31,125.4,4.9365
15790.32,104.4,5.3676
15791.32,128.3,5.7839
15792.33,126.5,6.2012
15793.33,115.4,6.6287
15794.34,104.5,7.0326
15795.34,135.3,7.4521
15796.35,99.5,7.5041
15797.35,101.5,7.5041
15798.36,104.5,7.6041
15799.37,100.5,7.6041
15800.37,100.5,7.6041
15801.38,101.5,7.6041
15802.38,100.5,7.6041
15803.39,100.5,7.6041
15804.39,101.5,7.6041
15805.4,122.4,7.6041
15806.4,112.7,7.6451
15807.4,113.5,7.7701
15808.41,101.5,7.7701
15809.41,186.1,7.7704
15810.42,214.1,7.7704
15811.42,180.1,7.7736
15812.43,99.5,7.7736
15813.43,100.5,7.7736
15814.44,105.5,7.7736
15815.44,134.0,7.7654
15816.45,100.5,7.7654
15817.46,124.4,7.7662
15818.46,100.5,7.7662
15819.47,100.5,7.7662
15820.47,101.5,7.7662
15821.48,99.5,7.7662
15822.48,100.5,7.7662
15823.49,102.5,7.7662
15824.49,118.4,7.7662
15825.5,100.4,7.7662
15826.5,99.6,7.7662
15827.51,121.4,7.7683
15828.51,100.5,7.7683
15829.52,100.5,7.7683
15830.52,100.4,7.7683
15831.53,101.5,7.7683
15832.53,101.5,7.7683
15833.54,101.5,7.7683
15834.54,113.5,7.7683
15835.55,100.4,7.7683
15836.55,100.5,7.7683
15837.56,119.5,7.7691
15838.56,100.5,7.7691
15839.57,100.5,7.7691
15840.58,101.1,7.7691
15841.58,104.5,7.7691
15842.59,102.5,7.7691
15843.59,100.5,7.7691
15844.59,99.7,7.7691
15845.6,100.5,7.7691
15846.6,101.6,7.7691
15847.61,100.5,7.7691
15848.61,123.4,7.8928
15849.62,100.5,7.8928
15850.62,103.5,7.8929
15851.63,100.5,7.8929
15852.63,100.5,7.8929
15853.64,102.5,7.8929
15854.65,99.5,7.8929
15855.65,101.5,7.8929
15856.66,100.5,7.8929
15857.66,100.5,7.8929
15858.67,100.5,8.004
15859.67,102.5,8.438
15860.68,99.5,8.7519
15861.68,143.3,9.1735
15862.69,102.5,9.1735
15863.69,100.5,9.1735
15864.7,100.5,9.1735
15865.7,100.6,9.1735
15866.71,148.2,9.1736
15867.71,101.5,9.1736
15868.72,99.5,9.1736
15869.72,101.5,9.1736
15870.73,99.5,9.1737
15871.73,101.7,9.174
15872.74,99.5,9.174
15873.74,101.5,9.174
15874.75,106.5,9.1829
15875.75,101.5,9.1829
15876.76,99.5,9.1829
15877.76,102.5,9.1829
15878.77,99.5,9.1829
15879.77,101.5,9.1829
15880.78,101.5,9.1829
15881.78,99.5,9.1829
15882.79,101.5,9.1829
15883.79,100.5,9.1829
15884.8,99.5,9.1829
15885.8,101.5,9.1829
15886.81,100.5,9.1829
15887.81,104.5,9.1855
15888.82,102.6,9.1855
15889.82,99.5,9.1855
15890.83,101.5,9.1855
15891.83,100.5,9.1855
15892.84,100.6,9.1855
15893.84,100.5,9.1855
15894.85,100.5,9.1855
15895.85,101.5,9.1855
15896.86,99.5,9.1855
15897.86,101.5,9.1855
15898.87,99.5,9.1855
15899.87,103.5,9.1855
15900.88,128.3,9.1924
15901.88,101.5,9.1924
15902.89,99.5,9.1924
15903.89,100.5,9.1924
15904.9,100.5,9.1924
15905.91,101.3,9.1924
15906.91,99.6,9.1924
15907.91,102.6,9.1924
15908.92,99.5,9.1924
15909.92,101.5,9.1924
15910.93,100.5,9.1924
15911.93,100.6,9.1924
15912.94,100.5,9.1924
15913.94,105.6,9.1969
15914.95,99.5,9.1969
15915.95,101.5,9.1972
15916.96,100.5,9.1972
15917.96,101.5,9.1972
15918.97,101.5,9.1972
15919.97,99.5,9.1972
15920.98,102.5,9.1972
15921.98,100.5,9.1972
15922.99,100.5,9.1972
15923.99,101.5,9.1972
15925.0,100.5,9.1972
15926.0,105.5,9.2007
15927.01,101.7,9.2007
15928.01,99.5,9.2007
15929.02,101.5,9.2007
15930.02,100.5,9.2007
15931.03,100.5,9.2007
15932.03,99.5,9.2007
15933.04,101.5,9.2007
15934.04,100.5,9.2007
15935.05,101.5,9.2007
15936.05,101.5,9.2007
15937.06,103.5,9.2007
15938.06,102.5,9.2022
15939.07,100.5,9.2022
15940.08,101.5,9.2022
15941.08,100.5,9.2022
15942.09,99.5,9.2022
15943.09,100.5,9.2022
15944.1,101.5,9.2022
15945.1,100.5,9.2022
15946.11,102.5,9.2022
15947.11,100.5,9.2022
15948.12,101.5,9.2022
15949.12,99.5,9.2022
15950.13,100.5,9.2022
15951.13,104.5,9.2069
15952.14,100.5,9.2069
15953.14,100.5,9.2069
15954.15,101.5,9.2069
15955.15,100.5,9.2069
15956.16,99.6,9.2069
15957.16,101.5,9.2069
15958.17,101.5,9.2069
15959.17,99.5,9.2069
15960.18,102.5,9.2069
15961.18,101.5,9.2072
15962.19,99.5,9.2072
15963.19,107.5,9.2094
15964.2,100.5,9.2094
15965.2,100.5,9.2094
15966.21,120.4,9.2095
15967.21,101.5,9.2095
15968.22,100.5,9.2095
15969.22,101.5,9.2095
15970.23,99.4,9.2095
15971.24,100.5,9.2095
15972.24,101.5,9.2095
15973.25,100.5,9.2095
15974.25,100.5,9.2095
15975.26,100.5,9.2095
15976.26,105.5,9.211
15977.27,100.5,9.211
15978.27,101.5,9.211
15979.28,99.5,9.211
15980.28,100.5,9.211
15981.29,102.5,9.211
15982.29,101.5,9.211
15983.3,101.5,9.211
15984.3,100.6,9.211
15985.31,100.5,9.211
15986.31,100.6,9.211
15987.32,100.5,9.211
15988.32,100.5,9.211
15989.33,100.6,9.211
15990.33,106.6,9.2131
15991.33,99.4,9.2131
15992.34,102.5,9.2131
15993.35,99.5,9.2131
15994.35,101.5,9.2131
15995.36,101.5,9.2131
15996.36,99.5,9.2131
15997.37,101.5,9.2131
15998.37,100.5,9.2131
15999.38,101.5,9.2131
16000.38,100.5,9.2131
16001.39,99.5,9.2131
16002.39,103.5,9.2179
16003.4,100.5,9.2179
16004.4,101.5,9.2179
16005.41,99.5,9.2179
16006.41,102.5,9.2179
16007.42,100.4,9.2179
16008.42,100.5,9.2179
16009.43,99.5,9.2179
16010.43,102.5,9.2182
16011.44,100.5,9.2182
16012.44,100.5,9.2182
16013.45,99.6,9.2182
16014.45,101.6,9.2182
16015.45,102.6,9.2217
16016.46,101.5,9.2217
16017.46,99.6,9.2217
16018.47,141.3,9.222
16019.47,101.5,9.222
16020.48,101.5,9.222
16021.48,99.8,9.222
16022.49,101.5,9.222
16023.49,100.5,9.222
16024.5,100.5,9.222
16025.5,101.5,9.222
16026.5,99.7,9.222
16027.51,101.5,9.222
16028.51,104.5,9.2236
16029.52,101.5,9.2236
16030.52,99.5,9.2236
16031.53,101.5,9.2236
16032.53,100.5,9.2236
16033.54,100.3,9.2236
16034.55,101.5,9.2236
16035.55,100.5,9.2236
16036.56,100.5,9.2236
16037.56,100.8,9.2236
16038.56,101.5,9.2236
16039.57,100.5,9.2236
16040.57,100.5,9.2236
16041.58,106.5,9.226
16042.58,101.5,9.226
16043.59,100.5,9.226
16044.59,100.5,9.226
16045.6,101.5,9.226
16046.6,99.5,9.226
16047.61,100.5,9.226
16048.61,101.5,9.226
16049.62,100.5,9.226
16050.62,102.5,9.226
16051.63,100.5,9.226
16052.63,99.5,9.226
16053.64,107.5,9.2287
16054.65,100.5,9.2287
16055.65,102.5,9.229
16056.66,99.5,9.229
16057.66,99.5,9.229
16058.67,101.5,9.229
16059.67,100.5,9.229
16060.68,99.5,9.229
16061.68,101.5,9.229
16062.69,100.5,9.229
16063.69,102.5,9.229
16064.7,100.5,9.229
16065.7,106.5,9.2312
16066.7,99.7,9.2312
16067.71,101.5,9.2312
16068.71,100.6,9.2312
16069.72,100.5,9.2312
16070.72,101.5,9.2312
16071.73,100.5,9.2312
16072.73,100.6,9.2312
16073.74,101.5,9.2312
16074.74,99.5,9.2312
16075.75,100.5,9.2312
16076.75,101.5,9.2312
16077.76,101.5,9.2312
16078.76,107.5,9.233
16079.77,99.5,9.233
16080.77,0.0,2.5229
16081.78,327.3,2.8312
16082.78,362.0,2.9832
16083.78,340.3,3.2201
16084.79,301.5,3.561
16085.79,247.7,3.9474
16086.8,189.1,4.3487
16087.8,136.3,4.8298
16088.81,130.3,5.3785
16089.81,102.5,5.9401
16090.82,112.4,6.4905
16091.83,101.5,7.0503
16092.83,144.2,7.5124
16093.84,100.5,7.5124
16094.84,100.5,7.6124
16095.85,99.5,7.6124
16096.85,100.5,7.6124
16097.86,103.5,7.6124
16098.86,128.7,7.6127
16099.86,222.9,7.6136
16100.87,155.2,7.7989
16101.87,103.5,7.7989
16102.88,99.5,7.7989
16103.88,100.5,7.7991
16104.89,101.5,7.7991
16105.89,95.5,7.7991
16106.9,99.6,7.7991
16107.9,126.3,7.7994
16108.91,100.5,7.7994
16109.91,101.5,7.7994
16110.92,159.2,7.8023
16111.92,102.5,7.8024
16112.93,129.3,7.8034
16113.94,114.4,7.8035
16114.94,1.0,2.4441
16115.94,324.2,2.687
16116.95,303.1,2.8922
16117.95,358.2,3.031
16118.96,0.0,2.4388
16119.96,322.3,2.6556
16120.97,303.6,2.8746
16121.97,373.8,3.0166
16122.97,1494.9,2.4331
16123.98,305.4,2.6538
16124.98,322.2,2.8853
16125.98,368.7,3.0172
16126.99,2.0,2.3633
16127.99,287.3,2.6143
16128.99,318.1,2.8791
16129.99,372.3,3.0193
16131.0,3.0,2.4536
16132.0,332.5,2.7003
16133.01,330.0,2.8479
16134.01,343.0,2.9915
16135.01,1.0,2.5808
16136.02,323.1,2.8151
16137.02,371.9,2.946
16138.02,2.0,2.4553
16139.03,334.3,2.7946
16140.03,363.0,2.9389
16141.04,335.6,3.0864
16142.04,2.0,2.4742
16143.04,347.2,2.8095
16144.05,365.1,2.9426
16145.05,324.3,3.2078
16146.06,250.9,3.377
16147.06,161.6,3.4377
16148.07,154.4,3.4654
16149.07,150.2,3.4837
16150.08,102.5,3.4993
16151.08,101.5,3.5131
16152.09,101.5,3.5238
16153.09,100.5,3.5339
16154.1,207.9,3.5637
16155.1,105.5,3.5736
16156.11,100.5,3.5836
16157.11,100.5,3.5815
16158.12,100.5,3.5895
16159.12,114.4,3.5969
16160.13,102.5,3.6085
16161.13,104.5,3.6192
16162.14,101.5,3.6285
16163.14,100.5,3.6367
16164.15,103.5,3.6447
16165.15,99.5,3.6537
16166.16,99.5,3.6617
16167.16,110.4,3.6716
16168.17,102.5,3.6809
16169.17,100.5,3.6896
16170.18,100.5,3.6987
16171.18,101.5,3.7062
16172.19,113.4,3.7144
16173.19,100.5,3.7216
16174.2,99.5,3.7292
16175.2,103.5,3.7359
16176.21,101.5,3.7422
16177.21,99.6,3.7493
16178.22,100.3,3.7563
16179.22,100.5,3.7631
16180.23,101.5,3.7688
16181.24,99.5,3.775
16182.24,103.5,3.7817
16183.25,101.5,3.7879
16184.25,99.5,3.7929
16185.26,100.5,3.7972
16186.26,100.5,3.8034
16187.27,102.5,3.8094
16188.27,100.5,3.8158
16189.28,100.5,3.8211
16190.28,100.5,3.8261
16191.29,100.5,3.8307
16192.29,100.5,3.835
16193.3,101.5,3.8393
16194.3,100.5,3.8431
16195.31,102.5,3.8478
16196.31,99.5,3.8527
16197.32,100.5,3.8573
16198.32,101.5,3.8619
16199.33,100.5,3.8654
16200.33,101.5,3.8708
16201.34,101.5,3.8758
16202.34,100.5,3.8807
16203.35,99.5,3.8847
16204.35,104.4,3.8895
16205.36,100.5,3.8945
16206.36,100.5,3.8993
16207.37,100.5,3.9033
16208.38,100.5,3.907
16209.38,100.5,3.9113
16210.39,101.5,3.9148
16211.39,100.5,3.919
16212.4,100.5,3.9235
16213.4,100.5,3.9275
16214.41,100.5,3.9318
16215.41,101.6,3.936
16216.42,100.5,3.9395
16217.42,101.5,3.9433
16218.43,100.5,3.9463
16219.43,100.5,3.9509
16220.44,100.5,3.9549
16221.44,101.5,3.959
16222.45,101.5,3.963
16223.45,99.5,3.9677
16224.46,99.5,3.9715
16225.46,100.5,3.9748
16226.47,100.5,3.9783
16227.47,101.5,3.9818
16228.48,99.6,3.986
16229.48,100.7,3.9897
16230.48,101.7,3.9939
16231.49,135.3,3.9982
16232.49,102.4,4.002
16233.5,99.5,4.0049
16234.5,114.7,4.0159
16235.51,188.4,4.557
16236.51,0.0,2.4489
16237.52,327.3,2.687
16238.52,327.0,2.8732
16239.52,352.5,3.0288
16240.53,277.6,3.4741
16241.53,274.6,3.9539
16242.54,286.9,4.2953
16243.54,110.4,4.3669
16244.55,104.5,4.4014
16245.55,118.4,4.4216
16246.56,109.5,4.4292
16247.56,116.4,4.4437
16248.57,100.5,4.4565
16249.57,101.5,4.4654
16250.58,101.6,4.4745
16251.58,100.5,4.484
16252.59,100.5,4.4937
16253.59,100.5,4.5016
16254.6,101.6,4.5114
16255.6,100.5,4.5182
16256.61,101.5,4.525
16257.61,100.5,4.5313
16258.62,99.7,4.5409
16259.62,99.5,4.5504
16260.63,100.5,4.5587
16261.63,101.5,4.5665
16262.64,100.5,4.5727
16263.64,100.5,4.5797
16264.65,100.5,4.5884
16265.65,100.5,4.5957
16266.66,101.5,4.6043
16267.66,99.5,4.6131
16268.67,101.5,4.6205
16269.67,101.5,4.629
16270.68,101.5,4.6364
16271.68,100.5,4.6435
16272.69,100.5,4.6504
16273.69,100.5,4.6572
16274.7,100.5,4.6637
16275.7,101.5,4.669
16276.71,100.5,4.6743
16277.71,99.5,4.6795
16278.72,101.5,4.6862
16279.72,101.5,4.6919
16280.73,99.5,4.698
16281.73,101.5,4.7031
16282.74,101.5,4.7077
16283.74,100.5,4.7142
16284.75,100.5,4.72
16285.75,100.5,4.7253
16286.76,103.5,4.7289
16287.76,101.5,4.7334
16288.77,100.5,4.7384
16289.77,101.5,4.7446
16290.78,100.5,4.7501
16291.78,100.5,4.7546
16292.79,100.5,4.7592
16293.79,100.5,4.7637
16294.8,100.5,4.768
16295.8,101.5,4.7716
16296.81,100.6,4.7752
16297.81,100.5,4.7788
16298.82,100.5,4.7821
16299.82,101.5,4.7864
16300.83,102.5,4.7908
16301.84,99.5,4.7953
16302.84,101.5,4.7988
16303.85,100.5,4.8033
16304.85,100.5,4.8081
16305.86,100.5,4.8128
16306.86,100.5,4.8177
16307.87,100.5,4.821
16308.87,101.5,4.8256
16309.88,101.5,4.8304
16310.88,101.5,4.8349
16311.89,99.5,4.8391
16312.89,101.5,4.8428
16313.9,100.5,4.8464
16314.9,100.5,4.8501
16315.91,100.5,4.8536
16316.91,99.5,4.8579
16317.92,101.5,4.8616
16318.92,101.5,4.8654
16319.93,99.5,4.8694
16320.93,100.5,4.8734
16321.94,101.5,4.8764
16322.94,101.5,4.8798
16323.95,102.5,4.8827
16324.95,99.5,4.8864
16325.96,100.5,4.8897
16326.96,100.5,4.8942
16327.97,100.5,4.8984
16328.98,101.5,4.9023
16329.98,99.5,4.9063
16330.99,101.5,4.9094
16331.99,100.5,4.9126
16333.0,100.5,4.9161
16334.0,101.5,4.9191
16335.01,100.5,4.9231
16336.01,100.5,4.9271
16337.02,101.5,4.9308
16338.02,102.5,4.9348
16339.03,100.5,4.9383
16340.03,99.5,4.9409
16341.04,101.5,4.9434
16342.04,104.5,4.9462
16343.05,198.0,5.2168
16344.05,118.3,5.7848
16345.06,1.0,2.4742
16346.06,337.7,2.782
16347.06,335.1,2.8729
16348.07,339.3,3.0192
16349.07,197.0,3.0878
16350.08,287.9,3.3239
16351.08,148.2,3.8533
16352.09,1.0,2.4391
16353.09,329.3,2.7632
16354.1,352.9,2.8998
16355.1,1485.6,2.4481
16356.11,324.3,2.7101
16357.11,320.2,2.8617
16358.11,3.0,2.444
16359.12,314.3,2.6772
16360.12,305.0,2.8167
16361.13,331.3,2.3465
16362.13,0.0,2.6088
16363.13,318.0,2.7817
16364.14,1.0,2.4396
16365.14,309.4,2.6887
16366.15,339.9,2.8372
16367.15,361.9,3.0173
16368.15,333.7,3.2534
16369.16,332.4,3.4939
16370.16,326.3,3.7618
16371.17,150.2,3.9602
16372.17,134.3,4.077
16373.18,119.4,4.1892
16374.18,101.5,4.2902
16375.19,105.5,4.3843
16376.19,103.5,4.4714
16377.2,105.5,4.5422
16378.2,105.5,4.6129
16379.21,100.6,4.6853
16380.21,101.5,4.7532
16381.22,103.5,4.823
16382.22,173.1,4.9068
16383.23,100.5,4.9833
16384.23,100.5,5.0296
16385.24,101.5,5.0853
16386.24,101.6,5.139
16387.25,108.5,5.1927
16388.25,101.5,5.2476
16389.26,104.5,5.3094
16390.26,106.5,5.3732
16391.27,102.5,5.4332
16392.27,118.4,5.4932
16393.28,102.5,5.55
16394.28,102.6,5.6029
16395.29,102.5,5.659
16396.29,103.5,5.7116
16397.3,99.5,5.7625
16398.3,101.5,5.81
16399.31,100.5,5.8562
16400.31,100.5,5.9035
16401.32,103.5,5.9518
16402.32,99.5,6.0036
16403.33,100.5,6.0534
16404.33,100.5,6.103
16405.34,100.5,6.1542
16406.34,101.5,6.198
16407.35,101.5,6.2269
16408.35,100.5,6.2551
16409.36,102.5,6.3078
16410.36,100.5,6.3578
16411.37,100.5,6.4125
16412.37,101.5,6.4525
16413.38,100.5,6.4902
16414.38,99.5,6.5282
16415.39,101.5,6.5656
16416.39,100.5,6.6007
16417.4,100.5,6.6389
16418.4,101.5,6.6714
16419.41,101.5,6.7159
16420.41,99.5,6.7546
16421.42,103.5,6.7958
16422.42,100.5,6.8321
16423.43,100.5,6.8731
16424.43,101.5,6.9092
16425.44,100.5,6.9499
16426.44,100.5,6.9851
16427.45,101.5,7.0232
16428.45,100.5,7.0572
16429.46,100.5,7.0933
16430.46,99.5,7.1257
16431.47,102.5,7.1604
16432.48,99.5,7.1932
16433.48,102.3,7.2252
16434.49,100.5,7.2586
16435.49,101.5,7.2841
16436.5,100.5,7.3134
16437.5,136.3,7.4515
16438.51,100.6,7.4515
16439.51,100.5,7.4515
16440.52,100.5,7.4515
16441.52,102.5,7.4515
16442.53,101.5,7.4515
16443.53,100.4,7.4515
16444.54,101.5,7.4515
16445.55,100.5,7.4515
16446.55,101.5,7.4515
16447.56,100.5,7.4515
16448.56,100.5,7.4515
16449.56,99.6,7.4515
16450.57,101.5,7.4515
16451.57,101.5,7.4515
16452.58,99.5,7.4515
16453.59,99.5,7.4515
16454.59,101.5,7.4515
16455.6,100.5,7.4515
16456.6,100.5,7.4515
16457.61,101.5,7.4515
16458.61,100.5,7.4515
16459.62,102.5,7.4515
16460.62,99.5,7.4515
16461.63,101.5,7.4543
16462.63,100.5,7.4859
16463.64,100.5,7.5148
16464.64,99.5,7.5475
16465.65,100.5,7.5515
16466.65,102.5,7.5515
16467.66,99.5,7.5515
16468.66,99.5,7.5515
16469.67,100.5,7.5515
16470.67,101.5,7.5518
16471.68,100.5,7.5518
16472.68,102.5,7.5518
16473.69,100.5,7.5518
16474.69,101.5,7.5518
16475.7,99.5,7.5518
16476.7,101.5,7.5518
16477.71,100.5,7.5518
16478.71,100.5,7.5518
16479.72,101.5,7.5518
16480.72,100.5,7.5518
16481.73,100.5,7.5518
16482.73,100.5,7.5518
16483.74,102.5,7.5518
16484.74,100.5,7.5518
16485.75,99.5,7.5518
16486.75,103.6,7.5518
16487.76,100.5,7.5518
16488.76,100.5,7.5518
16489.77,99.5,7.5518
16490.77,100.5,7.5518
16491.78,100.5,7.5518
16492.78,102.5,7.5518
16493.79,102.5,7.5518
16494.79,100.5,7.5518
16495.8,99.5,7.5518
16496.8,102.5,7.5518
16497.81,100.5,7.5518
16498.81,99.5,7.5518
16499.82,100.5,7.5518
16500.82,101.5,7.5518
16501.83,101.5,7.5518
16502.83,99.5,7.5518
16503.84,102.5,7.5518
16504.84,100.5,7.5518
16505.85,99.5,7.5518
16506.85,100.5,7.5518
16507.86,101.5,7.5518
16508.86,101.5,7.5518
16509.87,100.5,7.5518
16510.87,100.5,7.5518
16511.88,101.6,7.5518
16512.88,101.5,7.5518
16513.89,99.5,7.5518
16514.89,101.5,7.5518
16515.9,99.5,7.552
16516.9,101.5,7.552
16517.91,99.5,7.552
16518.92,101.9,7.552
16519.92,98.6,7.552
16520.93,101.5,7.552
16521.93,102.5,7.552
16522.94,101.5,7.552
16523.94,99.5,7.552
16524.95,100.5,7.552
16525.95,100.5,7.552
16526.96,101.5,7.552
16527.96,101.5,7.552
16528.97,99.5,7.552
16529.97,100.5,7.552
16530.98,101.5,7.552
16531.98,98.5,7.552
16532.99,164.2,7.5579
16533.99,200.0,7.59
16535.0,104.5,7.5836
16536.0,101.5,7.5836
16537.01,100.5,7.5836
16538.01,100.5,7.5836
16539.02,101.5,7.5836
16540.02,101.5,7.5836
16541.03,100.5,7.5836
16542.03,100.5,7.5836
16543.04,100.5,7.5836
16544.04,99.5,7.5836
16545.05,101.5,7.5836
16546.05,100.5,7.5836
16547.06,101.5,7.5836
16548.06,99.5,7.5836
16549.07,100.5,7.5836
16550.07,100.5,7.5836
16551.08,100.5,7.5836
16552.08,100.5,7.5836
16553.09,101.5,7.5836
16554.09,100.5,7.5836
16555.1,99.6,7.5836
16556.1,104.5,7.5836
16557.11,99.5,7.5836
16558.11,102.5,7.5836
16559.12,99.5,7.5836
16560.12,101.5,7.5836
16561.13,100.5,7.5836
16562.13,99.5,7.5836
16563.14,100.5,7.5836
16564.14,100.5,7.5836
16565.15,101.5,7.5836
16566.15,100.5,7.5839
16567.16,100.5,7.5839
16568.16,99.6,7.5839
16569.17,100.5,7.5839
16570.17,100.7,7.5839
16571.18,101.5,7.5839
16572.18,101.5,7.5839
16573.19,99.5,7.5839
16574.19,100.5,7.5839
16575.2,102.6,7.5608
16576.2,100.5,7.5608
16577.21,101.5,7.5608
16578.21,100.5,7.5608
16579.22,101.5,7.5608
16580.22,99.5,7.5608
16581.23,100.5,7.5608
16582.23,101.5,7.5608
16583.24,100.5,7.5608
16584.24,102.5,7.5608
16585.25,99.5,7.5608
16586.25,101.5,7.5608
16587.26,99.5,7.5608
16588.26,100.5,7.5608
16589.27,101.5,7.5608
16590.27,99.5,7.5608
16591.28,100.5,7.5608
16592.28,100.5,7.5608
16593.29,101.5,7.5608
16594.29,100.5,7.5608
16595.3,99.5,7.5608
16596.3,100.5,7.5608
16597.31,101.5,7.5608
16598.31,100.5,7.5608
16599.32,100.6,7.5608
16600.32,100.5,7.5608
16601.33,102.5,7.5608
16602.33,100.5,7.5608
16603.34,99.5,7.5608
16604.34,101.5,7.5608
16605.35,99.5,7.5608
16606.35,100.5,7.5608
16607.36,100.5,7.5608
16608.36,101.5,7.5608
16609.37,102.5,7.5608
16610.37,99.5,7.5611
16611.38,100.5,7.5611
16612.38,102.5,7.5611
16613.39,99.5,7.5611
16614.39,99.5,7.5611
16615.4,100.5,7.5611
16616.4,101.5,7.5611
16617.41,101.5,7.5611
16618.41,100.5,7.5611
16619.42,99.5,7.5611
16620.42,102.5,7.5611
16621.43,101.5,7.5611
16622.43,99.5,7.5611
16623.44,99.5,7.5611
16624.44,101.5,7.5611
16625.45,100.5,7.5611
16626.45,100.7,7.5611
16627.46,101.5,7.5611
16628.46,99.5,7.5611
16629.47,100.5,7.5611
16630.47,102.5,7.5611
16631.48,100.5,7.5611
16632.48,99.5,7.5611
16633.49,101.5,7.5611
16634.49,100.7,7.5611
16635.49,100.6,7.5611
16636.5,101.5,7.5611
16637.5,99.5,7.5611
16638.51,101.5,7.5611
16639.52,101.3,7.5611
16640.52,101.5,7.5611
16641.53,101.5,7.5611
16642.53,99.5,7.5611
16643.54,100.5,7.5611
16644.54,101.6,7.5611
16645.54,99.5,7.5611
16646.55,101.5,7.5611
16647.55,99.5,7.5611
16648.56,102.5,7.5611
16649.56,100.5,7.5611
16650.57,100.6,7.5611
16651.57,100.5,7.5611
16652.58,101.5,7.5611
16653.58,100.5,7.5611
16654.59,100.5,7.5611
16655.59,100.5,7.5613
16656.6,100.5,7.5613
16657.61,101.5,7.5613
16658.61,99.5,7.5613
16659.62,101.5,7.5613
16660.62,100.5,7.5613
16661.63,100.6,7.5613
16662.63,101.5,7.5613
16663.64,100.5,7.5613
16664.64,3586.2,2.5029
16665.64,332.3,2.7831
16666.65,357.2,2.9112
16667.65,342.2,3.1171
16668.66,330.5,3.3608
16669.66,328.0,3.5849
16670.66,2.0,2.5352
16671.67,305.1,2.6876
16672.67,341.2,2.9173
16673.68,329.2,3.1194
16674.68,166.2,3.3716
16675.69,250.7,3.6803
16676.69,278.6,4.0644
16677.7,175.1,4.4646
16678.7,257.6,4.8541
16679.71,167.7,5.2098
16680.72,231.8,5.6178
16681.72,2.0,2.5231
16682.72,347.0,2.7383
16683.73,363.1,2.9825
16684.73,272.9,3.2314
16685.74,1.0,2.4573
16686.74,338.2,2.7015
16687.75,341.1,2.8363
16688.75,335.3,3.1011
16689.76,320.5,3.3721
16690.76,313.6,3.734
16691.77,309.4,4.1469
16692.77,302.5,4.5668
16693.78,306.5,5.0037
16694.78,316.9,5.3681
16695.79,327.3,5.5672
16696.79,309.4,5.9212
16697.8,162.2,6.3395
16698.8,111.5,6.7297
16699.81,102.5,7.1114
16700.81,139.3,7.5014
16701.82,115.5,7.653
16702.82,104.5,7.653
16703.83,108.4,7.653
16704.83,106.5,7.653
16705.84,100.5,7.653
16706.84,102.5,7.653
16707.85,103.5,7.653
16708.85,101.5,7.653
16709.86,101.5,7.653
16710.86,101.5,7.653
16711.87,100.5,7.653
16712.87,128.4,7.8424
16713.88,99.5,7.8424
16714.88,100.5,7.8426
16715.89,113.4,7.8426
16716.89,108.4,7.8427
16717.9,100.5,7.8427
16718.9,99.5,7.8427
16719.91,102.5,7.8427
16720.91,100.5,7.8427
16721.92,107.5,7.8428
16722.92,122.6,7.8434
16723.93,109.5,7.8437
16724.93,101.5,7.8437
16725.94,101.5,7.8437
16726.94,101.5,7.8437
16727.95,100.5,7.8437
16728.95,101.5,7.8437
16729.96,99.5,7.8437
16730.96,103.5,7.8437
16731.96,101.5,7.8437
16732.97,100.5,7.8437
16733.97,121.4,7.8437
16734.98,101.5,7.8437
16735.98,100.5,7.8437
16736.99,100.5,7.8437
16737.99,100.5,7.8437
16739.0,100.6,7.8437
16740.0,100.6,7.8437
16741.01,100.5,7.8437
16742.01,101.5,7.8437
16743.02,100.5,7.8437
16744.02,123.3,7.8441
16745.03,102.5,7.8441
16746.04,100.4,7.8441
16747.04,115.4,7.8442
16748.05,101.5,7.8442
16749.05,101.3,7.8442
16750.06,103.4,7.8442
16751.06,99.5,7.8444
16752.07,101.5,7.8444
16753.07,100.5,7.8444
16754.08,100.5,7.8444
16755.08,100.5,7.8444
16756.09,105.5,7.8444
16757.09,131.4,7.9863
16758.1,102.7,7.9863
16759.1,103.5,7.9863
16760.11,99.5,7.9863
16761.11,101.5,7.9863
16762.12,100.5,7.9863
16763.12,101.5,7.9863
16764.13,100.5,7.9863
16765.13,99.5,7.9863
16766.14,102.5,7.9863
16767.14,100.5,7.9863
16768.15,100.5,8.4183
16769.15,100.5,8.7107
16770.16,124.7,9.1194
16771.16,128.4,9.202
16772.17,100.5,9.202
16773.17,101.5,9.202
16774.18,101.5,9.202
16775.18,100.5,9.202
16776.19,99.5,9.202
16777.19,102.5,9.202
16778.2,99.5,9.202
16779.2,101.5,9.202
16780.21,102.5,9.202
16781.21,99.5,9.202
16782.22,100.5,9.202
16783.22,100.5,9.202
16784.23,101.5,9.2027
16785.23,100.5,9.2027
16786.24,99.5,9.2027
16787.24,101.5,9.2027
16788.25,101.5,9.2027
16789.25,101.5,9.2027
16790.26,100.5,9.2027
16791.26,100.5,9.2027
16792.27,101.5,9.2027
16793.27,100.5,9.2027
16794.28,100.5,9.2027
16795.28,100.5,9.2027
16796.29,99.5,9.2029
16797.29,101.5,9.2029
16798.3,100.5,9.2031
16799.3,100.5,9.2031
16800.31,100.5,9.2031
16801.31,100.5,9.2031
16802.32,101.5,9.2031
16803.32,100.6,9.2031
16804.33,101.5,9.2031
16805.33,100.5,9.2031
16806.34,100.5,9.2031
16807.34,100.6,9.2031
16808.35,102.5,9.2031
16809.35,99.5,9.2031
16810.36,100.5,9.2031
16811.36,100.5,9.2033
16812.37,101.5,9.2033
16813.37,100.5,9.2033
16814.38,100.5,9.2033
16815.38,101.5,9.2033
16816.39,100.5,9.2033
16817.39,99.5,9.2033
16818.4,101.5,9.2033
16819.4,101.5,9.2033
16820.41,101.5,9.2033
16821.41,100.5,9.2033
16822.42,99.5,9.2033
16823.42,101.5,9.2033
16824.43,100.5,9.2036
16825.43,102.5,9.2036
16826.44,100.5,9.2036
16827.44,100.5,9.2036
16828.45,101.5,9.2036
16829.45,99.5,9.2036
16830.46,101.5,9.2036
16831.46,101.5,9.2036
16832.47,99.5,9.2036
16833.47,100.5,9.2036
16834.48,99.5,9.2036
16835.48,101.5,9.2036
16836.49,100.5,9.2036
16837.49,100.5,9.2036
16838.5,101.5,9.2036
16839.5,100.5,9.2036
16840.51,101.5,9.2038
16841.51,101.5,9.2038
16842.52,100.5,9.2038
16843.52,101.5,9.2038
16844.53,100.5,9.2038
16845.53,100.5,9.2038
16846.54,101.5,9.2038
16847.54,100.5,9.2038
16848.55,100.5,9.2038
16849.55,100.6,9.204
16850.56,100.5,9.204
16851.56,99.5,9.204
16852.57,101.5,9.204
16853.57,101.5,9.204
16854.58,101.5,9.204
16855.58,100.5,9.204
16856.59,100.5,9.204
16857.59,100.7,9.204
16858.6,100.5,9.204
16859.6,100.5,9.204
16860.61,101.5,9.204
16861.61,99.5,9.204
16862.62,102.5,9.204
16863.62,99.5,9.204
16864.62,101.7,9.204
16865.63,101.5,9.204
16866.63,100.5,9.204
16867.64,101.5,9.204
16868.64,100.5,9.204
16869.65,100.5,9.204
16870.65,100.5,9.204
16871.66,100.5,9.204
16872.67,100.5,9.204
16873.67,100.5,9.204
16874.68,101.5,9.2042
16875.68,100.5,9.2042
16876.69,100.5,9.2042
16877.69,101.5,9.2042
16878.69,100.7,9.2042
16879.7,102.5,9.2042
16880.7,101.5,9.2042
16881.71,100.5,9.2042
16882.71,100.5,9.2042
16883.72,101.5,9.2042
16884.72,99.5,9.2042
16885.73,100.5,9.2044
16886.73,102.5,9.2044
16887.74,98.5,9.2044
16888.75,100.5,9.2045
16889.75,101.5,9.2045
16890.76,99.5,9.2045
16891.76,101.5,9.2045
16892.77,102.5,9.2045
16893.77,100.5,9.2045
16894.78,100.5,9.2045
16895.78,101.5,9.2045
16896.79,99.5,9.2045
16897.79,100.5,9.2045
16898.8,100.5,9.2045
16899.8,101.5,9.2045
16900.81,101.5,9.2045
16901.81,101.5,9.2049
16902.82,100.5,9.2049
16903.82,102.5,9.2049
16904.83,99.5,9.2049
16905.83,100.5,9.2049
16906.84,100.5,9.2049
16907.84,102.5,9.2049
16908.85,99.5,9.2049
16909.85,101.5,9.2049
16910.86,99.6,9.2049
16911.86,101.5,9.2049
16912.87,100.5,9.2049
16913.87,101.5,9.2049
16914.88,101.5,9.205
16915.88,100.5,9.205
16916.89,100.5,9.205
16917.89,101.5,9.205
16918.9,100.5,9.205
16919.9,100.5,9.205
16920.91,100.5,9.205
16921.91,100.5,9.205
16922.92,102.5,9.205
16923.92,99.5,9.205
16924.93,100.5,9.205
16925.93,101.5,9.205
16926.94,101.5,9.205
16927.94,100.5,9.2052
16928.95,101.5,9.2052
16929.95,100.5,9.2052
16930.96,100.5,9.2054
16931.97,101.5,9.2054
16932.97,101.5,9.2054
16933.98,99.5,9.2054
16934.98,100.5,9.2054
16935.99,102.5,9.2054
16936.99,100.5,9.2054
16938.0,100.5,9.2054
16939.0,101.5,9.2054
16940.01,101.5,9.2054
16941.01,99.5,9.2054
16942.02,100.5,9.2054
16943.02,102.5,9.2054
16944.03,99.5,9.2054
16945.03,100.5,9.2054
16946.04,101.5,9.2054
16947.04,101.5,9.2054
16948.05,101.5,9.2054
16949.05,98.5,9.2054
16950.06,101.5,9.2054
16951.06,100.5,9.2054
16952.07,99.5,9.2054
16953.07,102.5,9.2054
16954.08,100.5,9.2054
16955.08,100.5,9.2054
16956.09,101.5,9.2056
16957.09,102.5,9.2056
16958.1,100.5,9.2056
16959.1,101.5,9.2056
16960.11,100.5,9.2056
16961.11,99.5,9.2056
16962.12,100.5,9.2056
16963.12,100.5,9.2056
16964.13,100.5,9.2056
16965.13,100.5,9.2056
16966.14,101.5,9.2056
16967.15,99.5,9.2056
16968.15,100.5,9.2056
16969.16,100.5,9.2058
16970.16,101.5,9.2058
16971.17,101.5,9.2058
16972.17,99.5,9.2058
16973.18,101.5,9.2058
16974.18,101.5,9.2058
16975.19,100.5,9.2058
16976.19,100.5,9.2058
16977.2,100.5,9.2058
16978.2,100.5,9.2058
16979.21,101.5,9.2058
16980.21,101.5,9.2058
16981.22,100.5,9.206
16982.22,100.5,9.206
16983.23,101.5,9.2063
16984.23,100.5,9.2063
16985.24,101.5,9.2063
16986.24,6963.9,2.5443
16987.24,343.1,2.745
16988.25,354.1,2.9561
16989.25,331.6,3.2297
16990.26,310.5,3.5103
16991.26,311.8,3.86
16992.26,306.4,4.2904
16993.27,307.6,4.7131
16994.27,302.7,5.1446
16995.28,330.5,5.4133
16996.28,314.3,5.6808
16997.29,310.4,5.8181
16998.29,172.2,5.8983
16999.3,112.4,5.9615
17000.3,111.4,6.0215
17001.31,113.5,6.0534
17002.31,102.5,6.0904
17003.32,102.5,6.1259
17004.32,101.5,6.158
17005.33,101.5,6.1875
17006.33,101.5,6.2187
17007.34,98.5,6.2497
17008.35,102.4,6.2796
17009.35,101.6,6.3096
17010.35,101.5,6.3408
17011.36,101.5,6.3711
17012.36,102.5,6.4003
17013.37,110.4,6.429
17014.37,101.5,6.4613
17015.38,102.5,6.4922
17016.38,100.5,6.5206
17017.39,100.5,6.5502
17018.39,99.5,6.5801
17019.4,102.6,6.6095
17020.4,100.5,6.638
17021.41,100.5,6.6638
17022.41,100.5,6.6912
17023.42,102.5,6.7175
17024.42,101.5,6.7468
17025.43,100.5,6.7741
17026.43,100.5,6.8006
17027.44,102.5,6.8259
17028.44,104.5,6.85
17029.45,101.5,6.873
17030.45,100.5,6.8943
17031.46,100.5,6.9153
17032.46,100.5,6.9365
17033.47,102.5,6.9562
17034.47,99.5,6.9789
17035.48,102.5,6.9998
17036.49,102.5,7.0209
17037.49,101.5,7.0412
17038.49,99.6,7.0616
17039.5,99.5,7.0828
17040.5,101.5,7.1037
17041.51,101.5,7.1253
17042.52,101.5,7.1446
17043.52,99.5,7.1635
17044.53,101.5,7.1811
17045.53,129.5,7.1986
17046.53,241.0,7.3058
17047.54,214.1,7.4951
17048.54,114.4,7.542
17049.55,114.4,7.5951
17050.55,128.3,7.5952
17051.56,99.5,7.5952
17052.56,102.5,7.5952
17053.57,100.6,7.5952
17054.57,101.5,7.5953
17055.57,104.7,7.5953
17056.58,101.6,7.5953
17057.58,180.5,7.5959
17058.59,149.3,7.5963
17059.59,110.4,2.3508
17060.6,1521.5,2.6562
17061.6,338.4,2.8644
17062.61,340.2,3.2172
17063.61,312.4,3.5948
17064.62,316.3,3.9766
17065.62,306.4,4.3848
17066.63,336.8,4.5839
17067.63,321.6,4.9708
17068.64,268.6,5.3963
17069.64,185.1,5.8503
17070.65,164.2,6.3155
17071.65,134.3,6.7982
17072.66,151.2,7.1521
17073.66,135.7,7.2144
17074.66,101.5,7.2484
17075.67,100.5,7.2639
17076.67,114.4,7.2955
17077.68,100.5,7.3184
17078.68,143.3,7.4456
17079.69,104.5,7.4456
17080.69,117.4,7.4456
17081.7,100.9,7.4456
17082.71,107.5,7.4456
17083.71,99.5,7.4518
17084.72,99.5,7.4702
17085.73,99.5,7.4883
17086.73,102.5,7.4976
17087.74,100.5,7.4976
17088.74,100.5,7.4976
17089.75,99.5,7.4976
17090.75,113.4,7.4978
17091.76,199.7,7.4978
17092.76,135.3,7.5154
17093.77,101.6,7.5319
17094.77,100.5,7.5475
17095.78,100.5,7.556
17096.78,100.5,7.5738
17097.79,101.5,7.5906
17098.79,100.5,7.598
17099.8,101.5,7.598
17100.8,101.5,7.598
17101.81,99.5,7.598
17102.81,99.5,7.598
17103.82,103.5,7.598
17104.82,101.5,7.5981
17105.83,101.5,7.5981
17106.83,100.5,7.5981
17107.84,100.5,7.5981
17108.84,101.5,7.5981
17109.85,99.6,7.5981
17110.85,101.5,7.5981
17111.86,102.6,7.5981
17112.86,99.5,7.5981
17113.87,102.5,7.5981
17114.87,101.5,7.5981
17115.88,100.5,7.5983
17116.88,100.4,7.5983
17117.89,99.5,7.5983
17118.89,101.5,7.5983
17119.9,100.6,7.5983
17120.9,101.5,7.5983
17121.91,99.5,7.5983
17122.91,102.5,7.5983
17123.92,99.6,7.5983
17124.92,101.5,7.5983
17125.93,100.5,7.5983
17126.93,101.4,7.5983
17127.94,100.5,7.5983
17128.94,100.5,7.5983
17129.95,99.5,7.5983
17130.95,101.5,7.5983
17131.96,101.5,7.5983
17132.96,101.5,7.5983
17133.97,101.5,7.5983
17134.97,100.5,7.5983
17135.98,101.5,7.5983
17136.98,100.5,7.5983
17137.99,101.5,7.5983
17139.0,99.5,7.5983
17140.0,99.5,7.5983
17141.01,102.5,7.5983
17142.01,99.5,7.5983
17143.02,103.5,7.5983
17144.02,99.5,7.5983
17145.03,101.5,7.5983
17146.03,99.5,7.5983
17147.04,101.5,7.5983
17148.04,100.5,7.5983
17149.05,100.5,7.5983
17150.05,100.5,7.5983
17151.06,101.5,7.5983
17152.06,101.5,7.5983
17153.07,101.5,7.5983
17154.07,101.3,7.5983
17155.08,99.5,7.5983
17156.08,100.5,7.5983
17157.09,100.5,7.5983
17158.09,100.5,7.5983
17159.1,116.4,7.5983
17160.1,271.0,7.6011
17161.11,148.3,7.6011
17162.11,101.5,7.6011
17163.12,105.5,7.6011
17164.12,101.5,7.6012
17165.13,101.5,7.6012
17166.13,120.5,7.6016
17167.14,101.6,7.6016
17168.14,99.5,7.6016
17169.15,101.6,7.6016
17170.15,102.5,7.6016
17171.16,99.5,7.6016
17172.16,100.5,7.6016
17173.17,104.5,7.6017
17174.17,101.5,7.6017
17175.18,100.5,7.6017
17176.18,99.5,7.6017
17177.19,102.5,7.6017
17178.19,100.5,7.6017
17179.2,101.5,7.6017
17180.2,99.5,7.6017
17181.21,102.5,7.6017
17182.21,100.5,7.6017
17183.22,99.5,7.6017
17184.22,100.5,7.6019
17185.23,102.5,7.6019
17186.23,100.5,7.6019
17187.24,100.6,7.6019
17188.24,101.5,7.6019
17189.25,102.5,7.6019
17190.25,99.5,7.6019
17191.26,99.6,7.6019
17192.26,102.5,7.6019
17193.27,101.5,7.6019
17194.27,99.5,7.6019
17195.28,101.5,7.6019
17196.28,100.5,7.6019
17197.29,100.5,7.6019
17198.29,99.5,7.6019
17199.3,101.5,7.6019
17200.3,102.5,7.6019
17201.31,100.5,7.6019
17202.31,100.5,7.6019
17203.32,99.5,7.6019
17204.32,101.5,7.6019
17205.33,102.5,7.602
17206.33,101.5,7.602
17207.34,100.5,7.602
17208.34,142.7,7.6025
17209.34,188.1,7.603
17210.35,132.3,2.3524
17211.35,1.0,2.4831
17212.36,334.0,2.6958
17213.36,347.2,2.8707
17214.37,325.5,3.1941
17215.37,323.3,3.5946
17216.38,310.6,3.9982
17217.38,304.8,4.4123
17218.38,337.3,4.6667
17219.39,324.4,4.8591
17220.39,262.7,5.124
17221.4,156.2,5.428
17222.4,150.2,5.7434
17223.41,118.5,6.0687
17224.41,104.5,6.3958
17225.42,100.5,6.7327
17226.42,99.5,7.0599
17227.43,137.6,7.4564
17228.43,114.4,7.6084
17229.44,103.5,7.6084
17230.44,101.5,7.6084
17231.45,100.5,7.6084
17232.45,101.5,7.6084
17233.46,102.5,7.6085
17234.46,110.7,7.6085
17235.47,110.5,7.6085
17236.47,110.4,7.6085
17237.48,100.5,7.6085
17238.48,100.5,7.6085
17239.49,102.5,7.6086
17240.49,99.5,7.6086
17241.49,108.6,7.6444
17242.5,127.4,7.7637
17243.5,103.5,7.7637
17244.51,101.7,7.7637
17245.51,99.8,7.7637
17246.51,101.5,7.7637
17247.52,100.5,7.7637
17248.52,104.5,7.7637
17249.53,102.5,7.7637
17250.53,99.5,7.7637
17251.54,100.5,7.7637
17252.55,102.5,7.7637
17253.55,99.6,7.7637
17254.55,100.5,7.7637
17255.56,119.4,7.7648
17256.56,100.5,7.7648
17257.57,100.5,7.7648
17258.57,100.5,7.7648
17259.58,100.5,7.7648
17260.58,100.5,7.7648
17261.59,101.5,7.7648
17262.59,102.6,7.7648
17263.6,102.5,7.7648
17264.6,102.5,7.7648
17265.61,99.5,7.7648
17266.61,101.5,7.7648
17267.62,100.5,7.7648
17268.62,104.5,7.7648
17269.63,118.4,7.7666
17270.63,100.5,7.7666
17271.64,101.7,7.7666
17272.64,101.5,7.7666
17273.65,103.5,7.7666
17274.65,100.7,7.7666
17275.65,99.5,7.7666
17276.66,101.5,7.7666
17277.66,100.5,7.7667
17278.67,100.5,7.7667
17279.67,100.5,7.7667
17280.68,101.5,7.7667
17281.68,100.5,7.7667
17282.69,101.5,7.7667
17283.69,123.4,7.7672
17284.7,102.5,7.7672
17285.7,99.5,7.7672
17286.71,102.8,7.7672
17287.71,101.5,7.7672
17288.72,100.5,7.7672
17289.72,103.5,7.7672
17290.73,99.5,7.7672
17291.73,100.5,7.7672
17292.74,102.5,7.7672
17293.74,100.5,7.7672
17294.75,100.5,7.7672
17295.75,99.5,7.7672
17296.76,100.5,7.7672
17297.76,123.4,7.8778
17298.77,101.5,7.8778
17299.77,99.5,7.8778
17300.78,101.5,7.878
17301.78,99.5,7.878
17302.79,101.5,7.878
17303.79,102.5,7.878
17304.8,101.5,7.878
17305.8,100.5,7.878
17306.81,101.5,7.878
17307.81,101.5,7.878
17308.82,100.5,7.878
17309.82,99.5,7.878
17310.83,101.5,7.894
17311.83,100.5,8.233
17312.84,100.5,8.5702
17313.84,100.5,8.8173
17314.85,139.5,9.2062
17315.85,100.5,9.2062
17316.86,102.5,9.2062
17317.86,100.5,9.2062
17318.87,100.5,9.2062
17319.87,101.5,9.2062
17320.88,100.5,9.2062
17321.88,100.5,9.2062
17322.89,101.5,9.2062
17323.89,100.5,9.2062
17324.9,103.5,9.2062
17325.9,99.5,9.2062
17326.91,100.5,9.2062
17327.91,101.5,9.2062
17328.92,99.5,9.2062
17329.92,100.5,9.2062
17330.93,101.5,9.2062
17331.93,101.5,9.2062
17332.94,106.5,9.2144
17333.94,100.5,9.2144
17334.95,100.5,9.2144
17335.95,99.5,9.2144
17336.96,101.5,9.2144
17337.96,101.5,9.2144
17338.97,100.5,9.2144
17339.98,99.5,9.2144
17340.98,100.5,9.2144
17341.99,102.5,9.2144
17342.99,100.5,9.2144
17344.0,101.5,9.2144
17345.0,99.5,9.2144
17346.01,102.5,9.2144
17347.01,99.5,9.2144
17348.02,101.5,9.2144
17349.02,105.5,9.2157
17350.03,100.5,9.2157
17351.03,100.5,9.216
17352.04,100.5,9.216
17353.04,100.5,9.216
17354.05,100.5,9.216
17355.05,103.5,9.216
17356.06,100.5,9.216
17357.06,100.6,9.216
17358.07,103.5,9.216
17359.07,100.5,9.216
17360.08,99.5,9.216
17361.08,100.5,9.216
17362.09,100.6,9.216
17363.09,100.5,9.216
17364.1,99.5,9.216
17365.1,107.5,9.2219
17366.11,100.5,9.2219
17367.11,101.5,9.2219
17368.12,99.5,9.2219
17369.12,100.5,9.2219
17370.13,102.5,9.2219
17371.13,99.5,9.2219
17372.14,99.5,9.2219
17373.14,101.5,9.2219
17374.15,100.5,9.2219
17375.15,99.5,9.2219
17376.16,101.5,9.2219
17377.16,99.5,9.2219
17378.17,101.5,9.2219
17379.17,109.4,9.2219
17380.18,101.5,9.2222
17381.18,100.5,9.2222
17382.19,102.5,9.2222
17383.19,102.5,9.2222
17384.2,99.5,9.2222
17385.2,101.5,9.2222
17386.21,100.5,9.2222
17387.21,101.5,9.2222
17388.22,99.5,9.2222
17389.22,101.5,9.2222
17390.23,100.5,9.2222
17391.23,100.5,9.2222
17392.24,100.5,9.2222
17393.24,102.5,9.2222
17394.25,99.5,9.2222
17395.25,101.5,9.2222
17396.26,99.5,9.2224
17397.26,102.5,9.2224
17398.27,103.6,9.2235
17399.27,101.5,9.2235
17400.28,99.5,9.2235
17401.28,101.5,9.2235
17402.29,99.5,9.2237
17403.29,101.5,9.2237
17404.3,100.6,9.2237
17405.3,100.5,9.2237
17406.31,101.5,9.2237
17407.31,102.5,9.2237
17408.32,100.4,9.2237
17409.32,99.5,9.2237
17410.33,101.6,9.2237
17411.33,101.5,9.2237
17412.34,100.5,9.2237
17413.34,99.5,9.2237
17414.35,101.5,9.2237
17415.36,104.5,9.2246
17416.36,100.5,9.2246
17417.37,101.5,9.2246
17418.37,99.5,9.2246
17419.38,100.5,9.2246
17420.38,101.5,9.2246
17421.39,100.5,9.2246
17422.39,99.5,9.2246
17423.4,102.5,9.2246
17424.4,102.5,9.2246
17425.41,100.5,9.2246
17426.41,99.5,9.2246
17427.42,100.5,9.2246
17428.42,101.5,9.2246
17429.43,99.5,9.2246
17430.43,101.5,9.2246
17431.44,106.5,9.2323
17432.44,100.5,9.2323
17433.45,102.5,9.2323
17434.45,102.5,9.2323
17435.46,104.4,9.2323
17436.46,100.5,9.2323
17437.47,100.5,9.2323
17438.47,100.5,9.2323
17439.48,100.5,9.2323
17440.49,100.5,9.2326
17441.49,101.5,9.2326
17442.5,101.5,9.2326
17443.5,99.5,9.2326
17444.51,100.5,9.2326
17445.51,101.5,9.2326
17446.52,100.5,9.2326
17447.52,107.5,9.2337
17448.53,99.5,9.2337
17449.53,100.5,9.2337
17450.54,100.5,9.2337
17451.54,101.5,9.2337
17452.55,101.5,9.2337
17453.55,100.5,9.2337
17454.56,100.5,9.2337
17455.56,100.5,9.2337
17456.57,101.5,9.2337
17457.57,100.5,9.2337
17458.58,101.5,9.2337
17459.58,100.5,9.2337
17460.59,100.5,9.2337
17461.59,99.5,9.2337
17462.6,101.5,9.2337
17463.6,100.5,9.2337
17464.61,103.5,9.2339
17465.61,102.5,9.2339
17466.62,100.5,9.2339
17467.62,100.5,9.2339
17468.63,100.5,9.2339
17469.63,100.5,9.2339
17470.64,101.5,9.2339
17471.65,99.5,9.2339
17472.65,102.5,9.2339
17473.66,99.5,9.2339
17474.66,101.5,9.2339
17475.67,100.5,9.2339
17476.67,100.5,9.2339
17477.68,101.5,9.2339
17478.68,100.5,9.2339
17479.69,99.5,9.2339
17480.69,103.5,9.2342
17481.7,101.5,9.2342
17482.7,102.5,9.2342
17483.71,100.5,9.2342
17484.71,99.5,9.2342
17485.72,101.5,9.2345
17486.72,100.5,9.2345
17487.73,101.5,9.2345
17488.73,99.5,9.2345
17489.74,100.5,9.2345
17490.74,100.5,9.2345
17491.75,102.5,9.2345
17492.75,100.5,9.2345
17493.76,100.5,9.2345
17494.76,100.5,9.2345
17495.77,101.5,9.2345
17496.77,99.6,9.2345
17497.78,108.4,9.2349
17498.78,99.5,9.2349
17499.79,101.5,9.2349
17500.79,100.5,9.2349
17501.8,101.5,9.2349
17502.8,100.5,9.2349
17503.81,100.5,9.2349
17504.82,101.5,9.2349
17505.82,100.5,9.2349
17506.83,101.5,9.2349
17507.83,99.5,9.2349
17508.84,101.5,9.2349
17509.84,99.5,9.2349
17510.85,100.5,9.2349
17511.85,4.0,2.5879
17512.85,283.2,2.6879
17513.86,348.7,2.9194
17514.86,335.3,3.2925
17515.86,328.1,3.6293
17516.87,1.0,2.6246
17517.87,313.4,3.0139
17518.88,350.1,3.1905
17519.88,323.0,3.3359
17520.88,345.2,3.6029
17521.89,330.3,3.8551
17522.89,4.0,2.3713
17523.89,277.1,2.627
17524.9,324.0,2.7583
17525.9,337.6,3.0873
17526.91,308.4,3.4208
17527.91,0.0,2.5788
17528.92,0.0,2.4344
17529.92,294.5,2.6348
17530.92,351.3,2.7568
17531.93,2.0,2.4683
17532.93,325.0,2.6571
17533.94,0.0,2.4532
17534.94,314.0,2.6327
17535.94,310.5,2.3572
17536.95,0.0,2.6196
17537.95,345.0,2.7217
17538.95,0.0,2.6175
17539.96,3.0,2.4537
17540.97,310.4,2.6344
17541.97,345.7,2.3576
17542.97,0.0,2.6076
17543.97,355.1,2.7372
17544.98,3.0,2.5592
17545.98,311.3,2.7052
17546.98,3.0,2.5351
17547.99,1.0,2.4479
17548.99,302.8,2.6463
17549.99,368.9,2.8512
17551.0,1519.8,2.6178
17552.0,333.1,2.8109
17553.0,1.0,2.5561
17554.01,321.0,2.7131
17555.01,305.4,2.3583
17556.02,1.0,2.6161
17557.02,1.0,2.604
17558.02,341.2,2.7408
17559.03,1.0,2.5517
17560.03,2.0,2.4508
17561.04,313.1,2.6726
17562.04,339.0,2.7901
17563.04,332.3,3.0383
17564.05,316.5,3.293
17565.05,309.5,3.5392
17566.06,308.3,3.7873
17567.06,301.4,4.0424
17568.07,314.0,4.3037
17569.07,336.0,4.4573
17570.07,0.0,2.575
17571.07,348.3,2.791
17572.08,4561.2,2.5613
17573.08,303.2,2.7019
17574.09,346.2,2.9044
17575.09,310.3,3.234
17576.1,304.4,3.54
17577.1,231.0,4.0397
17578.11,130.3,4.5576
17579.11,1.0,2.489
17580.11,339.2,2.6783
17581.11,2.0,2.5051
17582.12,310.1,2.6608
17583.12,351.2,2.8612
17584.12,3.0,2.5046
17585.13,320.0,2.6726
17586.13,1.0,2.4872
17587.13,331.0,2.6586
17588.14,2.0,2.4962
17589.14,307.1,2.6685
17590.14,358.1,2.9027
17591.15,323.5,3.2163
17592.15,316.6,3.5522
17593.16,313.8,3.9493
17594.16,324.4,4.3203
17595.17,237.8,4.7144
17596.17,132.3,5.1263
17597.18,127.3,5.5488
17598.18,130.3,5.9657
17599.19,122.4,6.3995
17600.19,107.5,6.8176
17601.2,105.4,7.213
17602.2,142.3,7.4641
17603.21,112.5,7.4596
17604.21,100.5,7.4596
17605.22,104.5,7.4596
17606.22,117.4,7.5596
17607.23,101.5,7.5596
17608.23,100.5,7.5596
17609.24,111.4,7.5596
17610.24,99.5,7.5596
17611.25,102.6,7.5596
17612.25,113.6,7.62
17613.26,101.5,7.6669
17614.26,100.5,7.6669
17615.27,100.5,7.6669
17616.27,100.5,7.667
17617.28,100.5,7.667
17618.28,100.5,7.667
17619.29,100.5,7.667
17620.29,102.5,7.667
17621.3,101.5,7.667
17622.3,101.5,7.667
17623.31,114.4,7.6676
17624.31,99.5,7.6676
17625.32,102.5,7.6676
17626.33,100.5,7.6678
17627.33,100.5,7.6678
17628.34,100.5,7.6678
17629.34,99.5,7.6678
17630.35,102.5,7.6678
17631.35,101.5,7.6678
17632.36,101.5,7.6678
17633.36,112.7,7.669
17634.36,102.5,7.669
17635.37,101.7,7.669
17636.37,100.5,7.669
17637.38,101.5,7.669
17638.38,99.5,7.669
17639.39,101.5,7.669
17640.39,100.5,7.669
17641.4,101.5,7.669
17642.4,101.6,7.669
17643.41,100.5,7.669
17644.41,113.4,7.6698
17645.42,101.5,7.6698
17646.42,102.5,7.6698
17647.43,100.5,7.6698
17648.43,99.5,7.6698
17649.44,101.5,7.6698
17650.45,100.5,7.6698
17651.45,100.5,7.6698
17652.46,100.5,7.6698
17653.46,100.5,7.6698
17654.47,100.5,7.6698
17655.47,116.4,7.7335
17656.48,99.5,7.7335
17657.48,102.5,7.7335
17658.49,102.5,7.7336
17659.49,99.5,7.7336
17660.5,102.5,7.7336
17661.5,102.5,7.7336
17662.51,99.5,7.7336
17663.51,101.5,7.7336
17664.52,100.5,7.7336
17665.52,99.5,7.7336
17666.53,102.5,8.0657
17667.53,100.5,8.4833
17668.54,99.5,8.8411
17669.54,125.4,9.2049
17670.55,101.5,9.2051
17671.55,100.5,9.2051
17672.56,101.5,9.2051
17673.56,101.5,9.2051
17674.57,101.5,9.2051
17675.57,100.5,9.2051
17676.58,100.5,9.2051
17677.59,100.5,9.2051
17678.59,100.5,9.2051
17679.6,100.5,9.2051
17680.6,99.5,9.2051
17681.61,102.5,9.2051
17682.61,102.5,9.2113
17683.62,100.5,9.2113
17684.62,100.5,9.2113
17685.62,99.6,9.2113
17686.63,101.7,9.2113
17687.63,100.5,9.2113
17688.64,101.5,9.2113
17689.64,101.5,9.2113
17690.65,100.5,9.2113
17691.65,101.5,9.2113
17692.66,100.5,9.2113
17693.66,100.5,9.2113
17694.67,103.7,9.2129
17695.67,100.5,9.2129
17696.68,100.5,9.2129
17697.68,101.5,9.2129
17698.69,100.5,9.2129
17699.69,101.5,9.2129
17700.7,100.5,9.2129
17701.7,100.5,9.2129
17702.71,100.5,9.2129
17703.71,100.5,9.2129
17704.72,101.5,9.2129
17705.72,100.5,9.2129
17706.73,101.5,9.2129
17707.73,103.5,9.2179
17708.74,99.5,9.2179
17709.75,102.5,9.2179
17710.75,100.5,9.2179
17711.76,100.5,9.2179
17712.76,101.5,9.2179
17713.77,100.6,9.2179
17714.77,101.5,9.2179
17715.78,99.5,9.2179
17716.78,102.5,9.2179
17717.79,100.5,9.2179
17718.79,98.5,9.2179
17719.8,101.5,9.2179
17720.8,103.5,9.2215
17721.81,101.5,9.2215
17722.81,100.4,9.2215
17723.82,101.5,9.2215
17724.82,100.5,9.2215
17725.83,100.5,9.2215
17726.83,100.5,9.2215
17727.84,101.5,9.2215
17728.84,101.5,9.2215
17729.85,100.5,9.2215
17730.85,100.5,9.2215
17731.86,101.5,9.2215
17732.86,104.5,9.2234
17733.87,99.5,9.2234
17734.87,100.5,9.2234
17735.88,101.5,9.2234
17736.88,100.5,9.2234
17737.89,101.5,9.2234
17738.89,100.5,9.2234
17739.9,99.5,9.2234
17740.9,102.5,9.2234
17741.91,100.6,9.2234
17742.91,101.5,9.2234
17743.92,99.5,9.2234
17744.92,100.5,9.2234
17745.93,101.5,9.2234
17746.93,103.5,9.2246
17747.94,99.5,9.2246
17748.95,101.5,9.2246
17749.95,100.5,9.2246
17750.96,102.5,9.2246
17751.96,240.7,9.2275
17752.97,265.8,9.2304
17753.97,128.4,9.2308
17754.97,100.6,2.3619
17755.98,2.0,2.5859
17756.98,309.3,2.7163
17757.98,338.6,3.0674
17758.99,329.3,3.4607
17759.99,314.6,3.8962
17761.0,2.0,2.5441
17762.0,346.9,2.7098
17763.0,335.3,3.0346
17764.01,333.3,3.3152
17765.01,312.4,3.6798
17766.02,317.3,3.954
17767.02,252.7,4.2506
17768.03,128.4,4.6148
17769.03,127.3,5.0045
17770.04,127.3,5.4264
17771.05,102.5,5.8604
17772.05,116.4,6.2674
17773.06,101.5,6.6875
17774.06,100.5,7.0998
17775.07,125.3,7.4234
17776.07,100.5,7.5532
17777.08,99.5,7.5532
17778.08,101.4,7.5532
17779.09,100.5,7.5532
17780.09,101.5,7.5532
17781.1,103.5,7.5532
17782.1,100.5,7.5532
17783.11,100.5,7.5532
17784.11,100.7,7.5532
17785.12,100.5,7.5532
17786.12,114.4,7.6117
17787.13,102.5,7.6596
17788.13,101.5,7.6596
17789.14,114.5,7.6598
17790.14,102.5,7.6598
17791.15,103.5,7.6598
17792.15,101.5,7.6598
17793.16,100.5,7.6598
17794.16,100.5,7.6598
17795.17,102.5,7.6598
17796.17,114.4,7.6604
17797.18,100.5,7.6604
17798.18,100.5,7.6604
17799.19,100.5,7.6604
17800.2,100.5,7.6604
17801.2,100.5,7.6604
17802.21,101.5,7.6604
17803.21,102.5,7.6605
17804.22,103.5,7.6605
17805.22,134.3,7.6615
17806.23,112.4,7.6615
17807.23,101.5,7.6615
17808.24,100.5,7.6615
17809.24,99.3,7.6615
17810.25,100.5,7.6615
17811.25,101.5,7.6618
17812.26,99.5,7.6618
17813.26,101.5,7.6618
17814.27,100.5,7.6618
17815.27,101.5,7.6618
17816.28,100.5,7.6618
17817.29,110.4,7.6619
17818.29,100.5,7.6619
17819.3,100.5,7.6619
17820.3,101.5,7.6619
17821.31,100.5,7.6619
17822.31,101.5,7.6619
17823.32,100.5,7.6619
17824.32,102.5,7.6619
17825.33,99.5,7.6619
17826.33,101.5,7.6619
17827.34,100.5,7.6619
17828.34,100.5,7.6619
17829.35,113.4,7.7209
17830.35,100.5,7.7209
17831.36,101.5,7.7209
17832.36,100.5,7.7209
17833.37,101.5,7.7209
17834.37,100.5,7.7209
17835.38,100.5,7.7209
17836.38,100.5,7.7209
17837.39,100.5,7.7209
17838.39,99.5,7.7209
17839.4,100.5,7.8283
17840.41,99.5,8.2524
17841.41,102.5,8.6162
17842.42,100.5,9.0134
17843.42,123.4,9.1934
17844.43,100.6,9.1934
17845.43,101.5,9.1934
17846.44,99.5,9.1934
17847.44,102.5,9.1934
17848.45,99.5,9.1934
17849.45,100.4,9.1934
17850.46,101.5,9.1934
17851.46,100.5,9.1934
17852.47,101.5,9.1934
17853.47,99.5,9.1934
17854.48,101.5,9.1934
17855.48,100.6,9.1934
17856.49,100.5,9.1945
17857.49,100.5,9.1945
17858.5,100.5,9.1945
17859.5,101.5,9.1945
17860.51,99.5,9.1948
17861.51,101.5,9.1948
17862.52,102.5,9.1948
17863.52,101.5,9.1948
17864.53,99.5,9.1948
17865.53,100.5,9.1948
17866.54,100.6,9.1948
17867.54,102.5,9.1948
17868.55,99.5,9.1948
17869.55,100.6,9.1948
17870.56,100.5,9.1951
17871.56,100.5,9.1951
17872.57,102.5,9.1951
17873.57,99.5,9.1951
17874.58,100.5,9.1951
17875.58,101.5,9.1951
17876.59,100.5,9.1951
17877.59,100.5,9.1951
17878.6,99.5,9.1951
17879.6,100.5,9.1951
17880.61,99.5,9.1951
17881.61,100.5,9.1951
17882.62,101.5,9.1951
17883.62,102.5,9.1958
17884.63,101.5,9.196
17885.63,100.5,9.196
17886.64,100.5,9.196
17887.64,100.5,9.196
17888.65,101.7,9.196
17889.65,100.3,9.196
17890.66,100.5,9.196
17891.66,100.5,9.196
17892.67,100.5,9.196
17893.67,100.5,9.196
17894.68,101.5,9.196
17895.69,100.5,9.196
17896.69,101.5,9.197
17897.7,101.5,9.197
17898.7,99.5,9.197
17899.71,100.6,9.197
17900.71,101.5,9.197
17901.72,100.5,9.197
17902.72,101.7,9.197
17903.72,99.5,9.197
17904.73,101.5,9.197
17905.73,100.5,9.1972
17906.74,100.5,9.1972
17907.74,101.5,9.1972
17908.75,99.5,9.1972
17909.75,101.5,9.1975
17910.76,102.5,9.1975
17911.76,101.5,9.1975
17912.77,99.6,9.1975
17913.77,99.5,9.1975
17914.78,100.6,9.1975
17915.78,101.5,9.1975
17916.79,101.5,9.1975
17917.79,100.5,9.1975
17918.8,101.5,9.1975
17919.8,101.5,9.1975
17920.81,99.5,9.1975
17921.81,100.5,9.1975
17922.82,100.5,9.1979
17923.82,102.5,9.1979
17924.83,99.5,9.1979
17925.83,99.5,9.1979
17926.84,101.5,9.1979
17927.84,102.5,9.1979
17928.85,99.5,9.1979
17929.85,99.5,9.1979
17930.86,101.5,9.1979
17931.86,100.5,9.1979
17932.87,99.5,9.1979
17933.87,102.5,9.1979
17934.88,100.5,9.1979
17935.88,101.5,9.1986
17936.89,101.5,9.1986
17937.89,99.5,9.1986
17938.9,100.5,9.1986
17939.9,103.5,9.1986
17940.91,99.5,9.1986
17941.91,100.5,9.1986
17942.92,100.5,9.1986
17943.92,100.5,9.1986
17944.93,100.5,9.1986
17945.93,102.5,9.1986
17946.94,100.5,9.1986
17947.94,100.5,9.1986
17948.95,100.5,9.1986
17949.95,102.5,9.1987
17950.96,99.5,9.199
17951.96,101.5,9.199
17952.97,99.5,9.199
17953.97,101.5,9.199
17954.98,99.5,9.199
17955.98,101.5,9.199
17956.99,100.5,9.199
17957.99,100.5,9.199
17959.0,99.5,9.199
17960.0,100.5,9.199
17961.01,100.6,9.199
17962.01,102.5,9.199
17963.02,103.5,9.1991
17964.02,100.5,9.1991
17965.03,100.5,9.1991
17966.03,101.5,9.1991
17967.04,100.5,9.1991
17968.05,99.5,9.1991
17969.05,100.5,9.1991
17970.06,100.5,9.1991
17971.06,100.5,9.1991
17972.07,101.5,9.1991
17973.07,99.5,9.1991
17974.08,101.5,9.1991
17975.08,100.5,9.1991
17976.09,102.5,9.1997
17977.09,99.5,9.1997
17978.1,102.5,9.1997
17979.1,100.7,9.1997
17980.1,100.5,9.1997
17981.11,100.6,9.1997
17982.11,101.5,9.1997
17983.12,100.5,9.1997
17984.12,100.5,9.1997
17985.13,100.5,9.1997
17986.13,101.5,9.1997
17987.14,100.5,9.1997
17988.14,101.5,9.1997
17989.15,100.5,9.2
17990.15,100.5,9.2
17991.16,99.5,9.2
17992.17,101.5,9.2
17993.17,100.5,9.2
17994.18,100.5,9.2
17995.18,102.5,9.2
17996.19,100.5,9.2003
17997.19,100.5,9.2003
17998.2,99.5,9.2003
17999.2,101.5,9.2003
18000.21,100.5,9.2003
18001.21,101.5,9.2003
18002.22,101.5,9.2008
18003.22,100.5,9.2008
18004.23,101.5,9.2008
18005.23,100.5,9.2008
18006.24,101.5,9.2008
18007.24,101.5,9.2008
18008.25,100.5,9.2008
18009.25,100.5,9.2008
18010.26,101.5,9.2008
18011.26,100.5,9.2008
18012.27,100.5,9.2008
18013.27,101.5,9.2008
18014.28,100.5,9.2008
18015.28,101.5,9.2014
18016.29,100.5,9.2014
18017.29,99.5,9.2014
18018.3,100.5,9.2014
18019.3,101.5,9.2014
18020.31,103.5,9.2014
18021.31,99.5,9.2014
18022.32,100.5,9.2014
18023.32,100.6,9.2014
18024.33,101.5,9.2014
18025.33,99.5,9.2014
18026.34,100.6,9.2014
18027.34,101.5,9.2014
18028.35,101.5,9.2015
18029.35,99.5,9.2015
18030.36,101.5,9.2015
18031.36,99.5,9.2015
18032.37,101.5,9.2015
18033.37,100.5,9.2015
18034.38,100.5,9.2015
18035.38,101.5,9.2015
18036.39,99.5,9.2015
18037.39,101.5,9.2015
18038.4,100.6,9.2015
18039.4,100.5,9.2015
18040.41,100.5,9.2018
18041.41,100.6,9.2022
18042.42,102.5,9.2022
18043.42,99.5,9.2022
18044.43,100.5,9.2022
18045.43,100.5,9.2022
18046.44,101.5,9.2022
18047.44,100.6,9.2022
18048.45,100.5,9.2022
18049.45,100.5,9.2022
18050.46,100.6,9.2022
18051.46,101.5,9.2022
18052.47,99.5,9.2022
18053.47,101.5,9.2022
18054.48,101.5,9.2022
18055.48,100.5,9.2028
18056.49,101.5,9.2028
18057.49,99.5,9.2028
18058.5,101.5,9.2028
18059.5,100.5,9.2028
18060.51,102.4,2.4678
18061.51,286.5,2.6466
18062.52,313.3,2.751
18063.52,3.0,2.4769
18064.53,337.9,2.6834
18065.53,2.0,2.4737
18066.54,315.3,2.6905
18067.54,344.1,2.3675
18068.54,1.0,2.6816
18069.55,363.6,2.8633
18070.55,322.0,3.1831
18071.55,319.3,3.4948
18072.56,3.0,2.4777
18073.56,321.0,2.6903
18074.56,349.2,2.9494
18075.57,344.9,3.1922
18076.57,1.0,2.6423
18077.58,4.0,2.4495
18078.58,292.6,2.6471
18079.58,333.1,2.7758
18080.59,1.0,2.4964
18081.59,347.1,2.6875
18082.59,364.1,2.8484
18083.6,206.2,3.1973
18084.6,120.4,3.5693
18085.61,3.0,2.4652
18086.61,325.3,2.6983
18087.61,360.9,2.8682
18088.62,279.6,2.9956
18089.62,178.1,3.0799
18090.63,117.5,3.1649
18091.63,134.3,3.272
18092.64,116.4,3.3386
18093.64,117.5,3.4034
18094.65,105.5,3.4585
18095.65,120.4,3.5103
18096.66,127.5,3.5591
18097.66,100.5,3.5917
18098.67,105.5,3.628
18099.67,103.5,3.6592
18100.68,276.6,3.739
18101.68,205.9,3.8486
18102.69,148.2,3.971
18103.69,258.6,4.0975
18104.7,285.6,4.2844
18105.7,219.9,4.8934
18106.71,1.0,2.4972
18107.71,350.0,2.7211
18108.72,352.2,2.9175
18109.72,283.5,3.0004
18110.73,146.3,3.0845
18111.73,118.4,3.1606
18112.74,106.5,3.2447
18113.74,134.3,3.3221
18114.75,124.4,3.3871
18115.75,114.4,3.4433
18116.76,105.5,3.4925
18117.76,178.1,3.5471
18118.77,103.5,3.5835
18119.77,136.5,3.6152
18120.77,101.5,3.651
18121.78,155.3,3.6777
18122.78,254.7,3.8027
18123.79,130.3,3.9144
18124.79,133.4,4.0221
18125.8,105.5,4.1316
18126.8,191.0,4.5227
18127.81,203.0,2.3686
18128.81,0.0,2.5412
18129.81,334.0,2.7746
18130.82,356.0,2.9187
18131.82,339.3,3.1541
18132.83,1.0,2.4967
18133.83,327.3,2.6872
18134.83,355.0,2.9218
18135.84,300.4,3.2701
18136.84,238.8,3.6895
18137.85,250.8,4.1211
18138.85,3.0,2.5153
18139.86,304.6,2.7152
18140.86,358.5,2.8834
18141.86,239.3,3.0385
18142.87,1418.7,2.574
18143.87,321.0,2.7801
18144.88,360.1,2.9305
18145.88,338.1,3.1345
18146.88,1.0,2.474
18147.89,325.3,2.7358
18148.89,353.0,2.892
18149.9,338.2,3.1174
18150.9,1.0,2.4684
18151.91,291.7,2.6307
18152.91,2.0,2.4765
18153.91,300.1,2.6396
18154.92,0.0,2.4789
18155.92,317.0,2.6596
18156.93,364.9,2.8156
18157.93,339.6,3.0629
18158.93,227.8,3.3902
18159.94,4.0,2.5144
18160.94,342.0,2.6865
18161.95,0.0,2.6262
18162.95,3.0,2.478
18163.95,297.1,2.6387
18164.96,1.0,2.4961
18165.96,313.0,2.6617
18166.97,2845.9,2.5586
18167.97,305.1,2.6963
18168.97,348.0,2.9413
18169.97,1.0,2.3709
18170.98,280.6,2.6259
18171.98,329.0,2.7237
18172.99,2.0,2.6168
18173.99,327.0,2.7247
18174.99,2.0,2.6007
18176.0,313.1,2.7022
18177.0,345.3,2.9544
18178.01,3423.3,2.5955
18179.01,324.0,2.9508
18180.01,299.6,3.2984
18181.02,260.6,3.6781
18182.02,129.3,4.0731
18183.03,109.4,4.5006
18184.03,121.4,4.9875
18185.04,316.0,5.0804
18186.04,338.0,5.1925
18187.05,316.5,5.4022
18188.05,318.3,5.6263
18189.06,319.3,5.8794
18190.06,223.8,6.0799
18191.07,123.4,6.2712
18192.07,113.4,6.4571
18193.08,142.4,6.6822
18194.08,113.4,6.8859
18195.09,146.2,7.0696
18196.09,127.4,7.2578
18197.09,239.2,7.9969
18198.1,172.1,8.2779
18199.1,101.5,8.2869
18200.11,100.5,8.2869
18201.12,103.5,8.2869
18202.12,100.5,8.2869
18203.13,184.1,8.287
18204.13,175.1,8.2871
18205.14,154.2,8.2872
18206.14,101.5,8.2872
18207.15,111.4,8.3839
18208.15,100.5,8.3872
18209.16,146.2,8.3874
18210.16,209.1,8.3874
18211.17,199.9,8.3874
18212.17,141.3,8.391
18213.18,100.5,8.391
18214.18,101.5,8.391
18215.19,278.1,8.8909
18216.19,153.2,9.2302
18217.2,99.5,9.2302
18218.2,101.5,9.2302
18219.21,99.5,9.2302
18220.21,103.5,9.2302
18221.22,101.5,9.2302
18222.22,137.4,9.2302
18223.23,117.4,9.2302
18224.23,99.5,9.2302
18225.24,101.5,9.2302
18226.24,100.6,9.2302
18227.25,100.5,9.2302
18228.25,100.5,9.2302
18229.26,102.5,9.2302
18230.26,99.6,9.2302
18231.27,146.4,9.2306
18232.27,159.1,2.3724
18233.28,0.0,2.6602
18234.28,340.9,2.8507
18235.28,1484.8,2.475
18236.29,298.5,2.6435
18237.29,340.3,2.791
18238.3,1.0,2.5231
18239.3,366.1,2.7058
18240.3,1.0,2.3838
18241.31,285.7,2.6502
18242.31,319.0,2.81
18243.32,366.0,2.9539
18244.32,319.6,3.1615
18245.32,333.2,3.4134
18246.33,1406.9,2.471
18247.33,317.0,2.7066
18248.34,355.1,2.8208
18249.34,345.2,2.9783
18250.34,4.0,2.5277
18251.35,336.0,2.7043
18252.35,1.0,2.6221
18253.35,2.0,2.4783
18254.36,305.4,2.6766
18255.36,332.9,2.8188
18256.37,340.2,3.0564
18257.37,269.6,2.3799
18258.38,0.0,2.6325
18259.38,312.1,2.7273
18260.38,4.0,2.5224
18261.38,297.1,2.6708
18262.39,1.0,2.4493
18263.39,280.9,2.6442
18264.4,0.0,2.5393
18265.4,335.3,2.8975
18266.4,368.9,3.0478
18267.41,336.6,3.2538
18268.41,332.4,3.5374
18269.42,319.3,3.8493
18270.42,315.3,4.1875
18271.43,308.4,4.4559
18272.43,315.4,4.7438
18273.44,305.6,5.0712
18274.44,309.9,5.3281
18275.45,305.4,5.5797
18276.45,310.4,5.9347
18277.46,313.5,6.2556
18278.46,317.3,6.6044
18279.47,276.5,6.9357
18280.47,251.7,7.1884
18281.48,127.3,7.3343
18282.48,160.2,7.6239
18283.49,114.4,7.6557
18284.49,202.1,7.6759
18285.5,205.9,7.6862
18286.5,120.4,7.6877
18287.51,205.1,7.688
18288.51,116.4,7.688
18289.52,2.0,2.4735
18290.52,328.5,2.7936
18291.53,357.0,2.9798
18292.53,342.8,3.1789
18293.53,334.3,3.4638
18294.54,320.3,3.7385
18295.55,319.3,3.9827
18296.55,309.4,4.2342
18297.56,302.7,4.4445
18298.57,303.6,4.682
18299.57,306.3,4.9333
18300.58,306.3,5.2097
18301.59,302.5,5.4368
18302.59,307.4,5.7424
18303.6,308.3,6.0601
18304.6,308.4,6.412
18305.61,309.4,6.7121
18306.61,256.8,7.0377
18307.61,158.5,7.5436
18308.62,145.4,7.6669
18309.62,130.3,7.7573
18310.63,164.2,7.7581
18311.63,107.5,7.7581
18312.64,101.5,7.7581
18313.64,99.5,7.7581
18314.65,151.3,7.7583
18315.65,215.0,2.3812
18316.66,1.0,2.5642
18317.66,324.4,2.8862
18318.66,323.0,2.9928
18319.67,324.9,3.1824
18320.67,322.7,3.4533
18321.68,311.3,3.7394
18322.68,312.4,4.0174
18323.69,312.3,4.3248
18324.69,303.4,4.6029
18325.7,308.4,4.8619
18326.7,304.6,5.1476
18327.71,304.6,5.4417
18328.71,304.4,5.649
18329.72,305.4,5.8742
18330.72,309.4,6.2241
18331.73,305.5,6.5358
18332.73,303.5,6.8655
18333.74,292.1,7.1437
18334.74,11.0,2.5409
18335.74,4286.8,2.5195
18336.75,297.7,2.6864
18337.75,343.4,2.3814
18338.76,1.0,2.6418
18339.76,1475.1,2.5873
18340.77,334.6,2.7789
18341.77,347.4,3.0479
18342.78,287.4,3.44
18343.78,147.6,3.8613
18344.78,102.5,4.2935
18345.79,113.4,4.7276
18346.79,223.0,5.1669
18347.8,151.3,5.6081
18348.8,107.4,6.0575
18349.81,192.0,6.5019
18350.81,109.4,6.9625
18351.82,115.4,7.4066
18352.82,133.3,7.4587
18353.83,103.5,7.5587
18354.83,103.8,7.5504
18355.84,103.5,7.5504
18356.84,100.5,7.5504
18357.85,104.5,7.5504
18358.85,253.7,7.5631
18359.86,189.0,7.5643
18360.86,103.5,7.5643
18361.87,111.4,7.6578
18362.87,106.4,7.6578
18363.88,105.5,7.6578
18364.88,99.5,7.6578
18365.89,101.5,7.658
18366.89,99.5,7.6581
18367.9,113.4,7.6581
18368.9,101.5,7.6581
18369.91,99.5,7.6519
18370.91,112.4,7.6526
18371.92,103.5,7.6526
18372.92,110.6,7.6528
18373.93,101.5,7.6528
18374.93,122.4,7.6528
18375.94,136.3,7.6528
18376.94,111.4,7.6528
18377.95,101.5,7.6531
18378.96,100.5,7.6531
18379.96,99.5,7.6531
18380.97,101.5,7.6531
18381.97,102.5,7.6531
18382.98,102.5,7.6531
18383.98,100.5,7.6531
18384.99,101.5,7.6531
18385.99,100.5,7.6531
18387.0,100.5,7.6531
18388.0,101.5,7.6531
18389.01,100.5,7.6531
18390.01,100.7,7.6531
18391.01,101.5,7.6531
18392.02,100.5,7.6531
18393.02,101.5,7.6531
18394.03,100.5,7.6533
18395.03,101.5,7.6533
18396.04,100.5,7.6533
18397.05,100.5,7.6533
18398.05,101.5,7.6533
18399.06,101.5,7.6533
18400.06,101.5,7.6533
18401.07,110.4,7.6549
18402.07,101.5,7.6549
18403.08,100.5,7.6549
18404.08,101.5,7.6549
18405.09,100.5,7.6549
18406.09,100.5,7.6549
18407.1,100.5,7.6549
18408.1,100.5,7.6549
18409.11,106.5,7.6549
18410.11,100.5,7.6549
18411.12,102.5,7.6549
18412.12,98.5,7.6549
18413.13,102.5,7.6549
18414.13,99.5,7.6549
18415.14,101.5,7.6549
18416.14,99.5,7.6552
18417.15,102.5,7.6552
18418.15,100.5,7.6552
18419.16,99.6,7.6552
18420.16,100.5,7.6552
18421.17,100.5,7.6552
18422.17,101.5,7.6552
18423.18,101.5,7.6552
18424.18,100.5,7.6552
18425.19,101.5,7.6552
18426.19,98.5,7.6552
18427.2,102.6,7.6552
18428.2,100.5,7.6552
18429.21,100.5,7.6552
18430.21,99.5,7.6552
18431.22,100.6,7.6552
18432.22,102.5,7.6552
18433.23,100.5,7.6552
18434.23,101.5,7.6552
18435.24,100.5,7.6552
18436.24,100.5,7.6552
18437.25,100.5,7.6552
18438.25,101.5,7.6552
18439.26,99.5,7.6552
18440.26,100.5,7.6552
18441.27,99.5,7.6552
18442.27,101.5,7.6552
18443.28,100.5,7.6552
18444.28,100.5,7.6552
18445.29,101.5,7.6552
18446.29,100.5,7.6552
18447.3,101.5,7.6552
18448.3,99.5,7.6552
18449.31,101.5,7.6552
18450.31,99.5,7.6552
18451.32,101.5,7.6552
18452.32,100.7,7.6552
18453.33,100.3,7.6552
18454.33,100.6,7.6552
18455.34,101.6,7.6552
18456.34,101.5,7.6552
18457.35,102.5,7.6552
18458.35,99.5,7.6552
18459.36,99.5,7.6552
18460.36,101.5,7.6554
18461.36,112.7,7.6554
18462.37,114.4,7.6554
18463.37,101.5,7.6554
18464.38,99.5,7.6554
18465.38,112.4,7.6554
18466.39,100.5,7.6554
18467.39,100.5,7.6554
18468.4,102.5,7.6554
18469.4,100.5,7.6554
18470.41,100.5,7.6554
18471.41,100.5,7.6554
18472.42,100.5,7.6554
18473.42,107.5,7.6554
18474.43,100.5,7.6554
18475.43,101.5,7.6554
18476.44,223.8,7.6555
18477.45,133.3,7.6567
18478.45,101.5,7.6567
18479.46,148.2,7.6567
18480.46,102.5,7.6567
18481.47,101.5,7.6567
18482.47,104.5,7.6567
18483.48,114.4,7.6573
18484.48,99.5,7.6573
18485.49,100.5,7.6573
18486.49,100.5,7.6573
18487.49,101.5,7.6573
18488.5,100.5,7.6573
18489.51,100.5,7.6573
18490.51,101.5,7.6573
18491.52,100.5,7.6573
18492.52,102.5,7.6573
18493.53,100.5,7.6573
18494.53,101.5,7.6573
18495.54,100.5,7.6573
18496.54,115.4,7.7063
18497.54,120.7,7.7068
18498.55,250.8,7.7072
18499.55,112.4,2.3829
18500.56,1.0,2.6529
18501.56,338.4,2.8222
18502.57,353.2,3.0306
18503.57,282.5,3.3256
18504.58,211.9,3.4422
18505.58,209.1,3.5615
18506.59,228.8,3.6567
18507.59,202.4,3.7435
18508.6,247.9,3.8352
18509.6,125.4,3.9203
18510.61,111.4,4.0017
18511.61,127.3,4.0966
18512.62,109.4,4.177
18513.62,100.5,4.2517
18514.63,102.5,4.3292
18515.63,100.5,4.4053
18516.64,102.5,4.4712
18517.64,102.5,4.5334
18518.65,122.4,4.6046
18519.65,102.5,4.6647
18520.66,103.5,4.7224
18521.66,99.5,4.7806
18522.67,100.5,4.8359
18523.67,101.5,4.8977
18524.68,100.5,4.9562
18525.68,101.5,5.0227
18526.69,175.1,5.0926
18527.69,223.9,5.1486
18528.7,201.1,5.2044
18529.7,187.0,5.2472
18530.71,101.5,5.2914
18531.71,102.5,5.3384
18532.72,100.5,5.3864
18533.72,100.5,5.4311
18534.73,100.5,5.4771
18535.73,100.5,5.526
18536.74,99.5,5.5711
18537.74,102.5,5.6191
18538.75,100.5,5.6632
18539.75,101.5,5.7024
18540.76,101.5,5.7424
18541.76,107.5,5.7849
18542.77,106.5,5.8478
18543.77,100.5,5.9063
18544.78,99.5,5.9619
18545.78,102.5,6.0192
18546.79,101.5,6.0771
18547.79,100.5,6.1354
18548.8,100.5,6.1903
18549.8,108.4,6.2483
18550.81,106.5,6.3153
18551.81,99.5,6.3703
18552.82,104.5,6.4236
18553.82,99.5,6.4778
18554.83,103.6,6.5313
18555.83,102.5,6.5815
18556.84,100.5,6.6272
18557.84,99.5,6.6734
18558.85,101.5,6.7239
18559.85,101.5,6.7734
18560.86,101.5,6.8239
18561.86,100.5,6.8798
18562.87,99.6,6.9257
18563.87,101.5,6.9744
18564.88,99.5,7.0192
18565.88,104.5,7.0583
18566.89,103.5,7.0961
18567.89,101.5,7.132
18568.9,101.5,7.1724
18569.9,107.5,7.208
18570.91,101.5,7.2461
18571.91,101.5,7.2815
18572.92,99.5,7.3127
18573.92,100.5,7.3491
18574.93,118.4,7.4141
18575.94,101.5,7.4141
18576.94,99.5,7.4141
18577.95,103.5,7.4262
18578.95,100.5,7.4639
18579.96,100.5,7.4661
18580.96,100.5,7.4661
18581.97,100.5,7.4661
18582.97,100.5,7.4661
18583.98,101.5,7.4661
18584.98,99.5,7.4661
18585.99,100.5,7.4661
18586.99,102.5,7.4661
18588.0,101.5,7.4661
18589.0,124.4,7.4661
18590.01,99.5,7.4661
18591.01,101.5,7.4777
18592.02,101.5,7.5103
18593.02,101.5,7.5422
18594.03,100.5,7.5661
18595.03,100.5,7.5661
18596.04,100.5,7.5664
18597.04,99.5,7.5664
18598.05,100.5,7.5664
18599.05,101.5,7.5664
18600.06,100.5,7.5664
18601.06,103.5,7.5664
18602.07,100.5,7.5664
18603.07,100.5,7.5664
18604.08,100.5,7.5664
18605.08,99.5,7.5664
18606.09,102.5,7.5664
18607.09,101.5,7.5664
18608.1,102.5,7.5664
18609.1,100.5,7.5664
18610.11,100.5,7.5664
18611.11,101.5,7.5664
18612.12,101.5,7.5664
18613.12,101.5,7.5664
18614.13,99.5,7.5664
18615.13,102.5,7.5664
18616.14,100.5,7.5664
18617.14,99.5,7.5664
18618.15,100.5,7.5664
18619.15,101.5,7.5664
18620.16,121.4,7.5664
18621.16,113.4,7.5696
18622.17,101.5,7.5696
18623.18,99.5,7.5696
18624.18,101.5,7.5696
18625.18,99.7,7.5641
18626.19,101.5,7.5641
18627.19,102.5,7.5641
18628.2,101.5,7.5641
18629.2,98.5,7.5641
18630.21,101.5,7.5641
18631.21,101.5,7.5641
18632.22,99.5,7.5641
18633.22,101.5,7.5641
18634.23,99.5,7.5641
18635.23,101.5,7.5641
18636.24,101.5,7.5641
18637.24,99.5,7.5641
18638.25,100.5,7.5641
18639.25,100.5,7.5641
18640.26,101.5,7.5641
18641.26,101.5,7.5641
18642.27,103.5,7.5641
18643.28,100.5,7.5641
18644.28,100.5,7.5641
18645.29,100.5,7.5641
18646.29,100.5,7.5644
18647.3,100.5,7.5644
18648.3,101.5,7.5644
18649.3,99.6,7.5644
18650.31,101.5,7.5644
18651.31,100.5,7.5644
18652.32,100.5,7.5644
18653.33,99.5,7.5644
18654.33,101.5,7.5644
18655.34,101.5,7.5644
18656.34,99.5,7.5644
18657.35,100.5,7.5644
18658.35,101.5,7.5644
18659.36,100.5,7.5644
18660.36,99.5,7.5644
18661.37,103.5,7.5644
18662.37,100.5,7.5644
18663.37,100.7,7.5644
18664.38,101.5,7.5644
18665.38,99.5,7.5644
18666.39,99.5,7.5644
18667.39,101.5,7.5644
18668.4,102.6,7.5644
18669.4,103.5,7.5644
18670.41,100.5,7.5644
18671.41,100.5,7.5644
18672.42,100.5,7.5644
18673.42,106.5,7.5644
18674.43,101.5,7.5644
18675.44,101.5,7.5644
18676.44,99.5,7.5644
18677.44,99.5,7.5644
18678.45,101.5,7.5644
18679.46,101.5,7.5644
18680.46,100.5,7.5644
18681.47,105.5,7.5644
18682.47,104.5,7.5644
18683.48,100.5,7.5644
18684.48,99.5,7.5644
18685.49,103.5,7.5644
18686.49,100.5,7.5644
18687.49,101.6,7.5644
18688.5,99.5,7.5644
18689.5,99.5,7.5644
18690.51,105.5,7.5646
18691.52,100.5,7.5646
18692.52,102.5,7.5646
18693.53,100.5,7.5646
18694.53,100.5,7.5646
18695.53,100.5,7.5646
18696.54,101.5,7.5646
18697.55,99.5,7.5646
18698.55,110.4,7.5646
18699.56,108.5,7.5646
18700.56,103.5,7.5646
18701.57,100.5,7.5646
18702.57,102.5,7.5646
18703.58,101.5,7.5646
18704.58,100.5,7.5646
18705.59,99.5,7.5646
18706.59,101.5,7.5646
18707.6,100.5,7.5646
18708.6,102.5,7.5646
18709.61,99.5,7.5646
18710.61,101.5,7.5646
18711.62,112.4,7.6104
18712.62,100.5,7.6485
18713.63,126.4,7.6584
18714.63,106.5,7.6584
18715.64,101.5,7.6584
18716.64,100.5,7.6584
18717.65,100.5,7.6584
18718.65,102.5,7.6584
18719.66,101.5,7.6584
18720.66,101.5,7.6584
18721.67,100.5,7.6584
18722.67,101.5,7.6584
18723.68,104.5,7.6584
18724.68,105.5,7.6584
18725.69,110.4,7.6584
18726.69,99.5,7.6584
18727.7,100.6,7.6584
18728.7,100.5,7.6584
18729.71,101.5,7.6584
18730.71,102.5,7.6584
18731.72,99.5,7.6584
18732.72,100.5,7.6584
18733.73,100.5,7.6584
18734.73,101.5,7.6584
18735.74,100.5,7.6587
18736.74,101.5,7.6587
18737.75,100.5,7.6587
18738.75,101.5,7.6587
18739.76,99.5,7.6587
18740.76,102.5,7.6587
18741.77,99.5,7.6587
18742.77,100.5,7.6587
18743.78,101.5,7.6587
18744.78,100.5,7.6587
18745.79,100.5,7.6587
18746.79,102.5,7.6587
18747.8,99.5,7.6587
18748.8,100.5,7.6587
18749.81,101.5,7.6587
18750.82,99.5,7.6587
18751.82,100.5,7.6587
18752.83,101.5,7.6587
18753.83,100.5,7.6587
18754.84,113.4,7.6591
18755.84,109.5,7.6591
18756.85,103.5,7.6591
18757.85,99.5,7.6591
18758.86,103.5,7.6592
18759.86,100.5,7.6592
18760.87,102.5,7.6592
18761.87,99.5,7.6592
18762.88,100.5,7.6592
18763.88,100.5,7.6592
18764.89,100.5,7.6592
18765.89,101.5,7.6592
18766.9,100.5,7.6592
18767.9,100.5,7.6592
18768.91,100.5,7.6592
18769.91,101.5,7.6592
18770.92,99.5,7.6592
18771.92,105.5,7.6592
18772.93,100.5,7.6592
18773.93,101.5,7.6592
18774.94,101.5,7.6592
18775.94,99.5,7.6592
18776.95,100.5,7.6592
18777.95,102.5,7.6592
18778.96,101.6,7.6592
18779.96,100.5,7.6592
18780.97,103.5,7.6592
18781.97,100.5,7.6592
18782.98,100.5,7.6592
18783.98,100.5,7.6592
18784.99,103.5,7.6592
18785.99,99.5,7.6594
18787.0,100.5,7.6594
18788.0,100.5,7.6594
18789.01,101.5,7.6594
18790.01,110.4,7.6619
18791.02,100.5,7.6619
18792.02,101.5,7.6619
18793.03,100.5,7.6619
18794.03,100.5,7.6619
18795.04,101.5,7.6619
18796.04,102.5,7.6619
18797.05,100.5,7.6619
18798.05,100.5,7.6619
18799.06,100.5,7.6619
18800.06,102.7,2.5042
18801.07,295.1,2.6717
18802.07,348.0,2.8753
18803.07,310.4,3.0348
18804.08,198.0,3.1266
18805.08,300.4,3.2119
18806.09,162.2,3.284
18807.09,107.4,3.3475
18808.1,101.5,3.4103
18809.1,101.5,3.4724
18810.11,101.6,3.5308
18811.11,101.5,3.5954
18812.12,101.6,3.6541
18813.12,125.4,3.7071
18814.13,100.5,3.7571
18815.13,102.4,3.8116
18816.14,109.4,3.8554
18817.15,178.1,3.9091
18818.15,103.5,3.9596
18819.16,101.5,4.0111
18820.16,102.5,4.0546
18821.17,101.5,4.1056
18822.17,103.5,4.1511
18823.18,103.5,4.2039
18824.18,102.5,4.2509
18825.19,100.6,4.3048
18826.19,102.5,4.3537
18827.2,100.5,4.4022
18828.2,103.5,4.4542
18829.21,101.6,4.5074
18830.21,101.5,4.5563
18831.21,117.4,4.6044
18832.22,100.5,4.6581
18833.22,101.5,4.7097
18834.23,100.5,4.7589
18835.24,99.5,4.811
18836.24,100.5,4.8609
18837.25,101.5,4.9155
18838.25,102.5,4.9717
18839.26,100.5,5.0219
18840.26,206.9,5.0952
18841.27,101.5,5.1501
18842.27,100.5,5.2058
18843.28,101.5,5.2555
18844.28,102.5,5.3055
18845.29,102.5,5.3446
18846.29,99.5,5.3961
18847.3,101.5,5.4459
18848.3,100.6,5.494
18849.31,101.5,5.5466
18850.31,100.7,5.5958
18851.31,102.5,5.6413
18852.32,101.5,5.6898
18853.32,106.5,5.7376
18854.33,99.5,5.7904
18855.34,101.5,5.8404
18856.34,99.5,5.8927
18857.35,102.5,5.9437
18858.35,99.5,5.9924
18859.36,101.5,6.0455
18860.36,99.5,6.0945
18861.37,105.5,6.1388
18862.37,104.5,6.1902
18863.38,101.5,6.24
18864.38,100.5,6.2889
18865.39,100.5,6.3364
18866.39,104.5,6.3808
18867.4,104.5,6.4239
18868.4,99.5,6.4664
18869.41,100.5,6.5101
18870.41,100.5,6.553
18871.42,100.5,6.6017
18872.42,100.5,6.6492
18873.43,99.5,6.696
18874.43,102.5,6.7462
18875.44,100.5,6.7927
18876.44,99.5,6.8418
18877.45,101.5,6.8873
18878.45,104.5,6.9299
18879.46,102.5,6.9708
18880.46,100.5,7.0095
18881.47,102.5,7.0479
18882.47,101.5,7.0866
18883.48,101.5,7.1276
18884.48,101.5,7.1626
18885.49,99.5,7.1965
18886.49,101.5,7.2321
18887.5,100.5,7.2663
18888.5,100.5,7.3038
18889.51,103.5,7.3405
18890.51,118.4,7.4118
18891.52,100.5,7.4118
18892.52,99.5,7.4118
18893.53,101.5,7.4245
18894.53,101.5,7.4638
18895.54,99.5,7.4638
18896.54,101.5,7.4638
18897.55,100.5,7.4638
18898.55,101.5,7.4638
18899.56,100.5,7.4638
18900.56,126.4,7.4638
18901.57,100.5,7.4638
18902.57,101.5,7.4638
18903.58,102.5,7.4638
18904.58,99.6,7.4638
18905.59,100.5,7.4638
18906.59,99.5,7.4783
18907.6,102.5,7.5087
18908.6,100.5,7.5431
18909.61,100.5,7.5638
18910.61,101.5,7.5638
18911.62,99.5,7.5638
18912.62,100.5,7.5638
18913.63,101.5,7.5638
18914.63,99.5,7.5638
18915.64,99.5,7.5638
18916.64,102.5,7.5638
18917.65,100.6,7.5638
18918.65,100.5,7.5638
18919.66,113.4,7.5638
18920.66,109.4,7.564
18921.67,101.5,7.564
18922.67,100.5,7.564
18923.68,99.5,7.564
18924.68,100.5,7.564
18925.69,100.6,7.564
18926.69,101.5,7.564
18927.7,129.3,7.5667
18928.7,99.5,7.5667
18929.71,100.5,7.5667
18930.71,101.5,7.5667
18931.72,99.5,7.5667
18932.72,101.5,7.5667
18933.73,100.5,7.5667
18934.73,99.5,7.5667
18935.74,101.5,7.5667
18936.74,99.5,7.5667
18937.75,101.5,7.5667
18938.75,99.5,7.5667
18939.76,102.5,7.5667
18940.76,101.5,7.5667
18941.77,99.5,7.5667
18942.77,101.4,7.5667
18943.78,101.5,7.5667
18944.79,100.5,7.5667
18945.79,100.5,7.5667
18946.79,98.7,7.5667
18947.8,102.5,7.5667
18948.8,102.5,7.5667
18949.81,100.5,7.5667
18950.81,101.5,7.5667
18951.82,99.6,7.5667
18952.82,102.5,7.5667
18953.83,100.5,7.5667
18954.83,100.5,7.5667
18955.84,100.5,7.5667
18956.84,100.5,7.5667
18957.85,99.5,7.5667
18958.85,101.5,7.5667
18959.86,101.6,7.5667
18960.86,100.5,7.5667
18961.87,99.5,7.5667
18962.87,100.5,7.5667
18963.88,100.5,7.5667
18964.88,100.5,7.5667
18965.89,99.5,7.5667
18966.89,102.6,7.5667
18967.9,102.5,7.5667
18968.9,99.5,7.5667
18969.91,103.5,7.5667
18970.91,101.5,7.567
18971.92,100.5,7.567
18972.92,99.5,7.567
18973.93,99.5,7.567
18974.93,102.5,7.567
18975.94,100.6,7.567
18976.94,99.5,7.567
18977.95,101.5,7.567
18978.95,100.5,7.567
18979.96,99.5,7.567
18980.96,101.5,7.567
18981.97,101.5,7.567
18982.97,101.5,7.567
18983.98,100.5,7.567
18984.98,100.5,7.567
18985.99,100.6,7.567
18986.99,99.6,7.567
18988.0,100.5,7.567
18989.0,102.5,7.567
18990.01,106.5,7.567
18991.01,100.6,7.567
18992.02,101.5,7.567
18993.02,99.5,7.567
18994.03,101.5,7.567
18995.03,100.5,7.567
18996.04,99.5,7.567
18997.04,101.5,7.567
18998.05,101.5,7.567
18999.05,101.5,7.567
19000.06,99.5,7.567
19001.06,100.5,7.567
19002.07,101.5,7.567
19003.07,103.5,7.567
19004.08,100.5,7.567
19005.08,99.5,7.567
19006.09,101.5,7.567
19007.09,100.5,7.567
19008.1,100.8,7.567
19009.1,101.5,7.567
19010.11,99.5,7.567
19011.11,100.5,7.567
19012.12,101.5,7.567
19013.12,102.5,7.567
19014.13,99.5,7.567
19015.13,101.5,7.567
19016.14,99.5,7.5672
19017.14,100.5,7.5672
19018.15,102.5,7.5672
19019.15,100.4,7.5672
19020.16,99.5,7.5672
19021.16,100.5,7.5672
19022.17,100.5,7.5672
19023.17,100.7,7.5672
19024.18,100.5,7.5672
19025.18,102.5,7.5672
19026.18,98.7,7.5672
19027.19,101.8,7.5672
19028.19,100.5,7.5672
19029.2,99.5,7.5672
19030.2,100.6,7.5672
19031.21,102.5,7.5672
19032.21,99.5,7.5672
19033.21,100.7,7.5672
19034.22,99.8,7.5672
19035.22,99.7,7.5672
19036.22,100.5,7.5672
19037.23,103.5,7.5672
19038.24,99.5,7.5672
19039.24,100.5,7.5672
19040.25,99.5,7.5672
19041.25,100.5,7.5672
19042.26,100.5,7.5672
19043.26,100.5,7.5672
19044.27,101.5,7.5672
19045.27,100.5,7.5672
19046.28,101.5,7.5672
19047.28,99.5,7.5672
19048.29,101.5,7.5672
19049.29,101.6,7.5672
19050.3,99.5,7.5672
19051.3,99.5,7.5672
19052.31,102.5,7.5672
19053.31,99.6,7.5672
19054.31,100.5,7.5672
19055.32,100.7,7.5672
19056.32,101.5,7.5672
19057.33,100.5,7.5672
19058.33,100.5,7.5672
19059.34,101.5,7.5672
19060.34,100.6,7.5672
19061.35,100.5,7.5675
19062.35,100.5,7.5675
19063.36,100.5,7.5675
19064.36,99.6,7.5675
19065.37,101.5,7.5675
19066.37,99.5,7.5675
19067.38,101.5,7.5675
19068.38,101.5,7.5675
19069.39,99.5,7.5675
19070.39,100.5,7.5675
19071.4,100.5,7.5675
19072.4,100.6,7.5675
19073.41,101.5,7.5675
19074.41,101.5,7.5675
19075.42,101.5,7.5675
19076.42,100.5,7.5675
19077.43,99.5,7.5675
19078.43,100.5,7.5675
19079.44,101.5,7.5675
19080.44,100.5,7.5675
19081.45,100.5,7.5675
19082.45,101.5,7.5675
19083.45,99.7,7.5675
19084.46,101.5,7.5675
19085.46,99.7,7.5675
19086.47,99.5,7.5675
19087.47,102.5,7.5675
19088.48,99.7,7.5675
19089.48,101.5,7.5675
19090.49,101.5,7.5675
19091.49,100.5,7.5675
19092.5,101.5,7.5675
19093.5,99.7,7.5675
19094.5,100.5,7.5675
19095.51,114.4,7.6131
19096.51,101.5,7.6131
19097.52,99.5,7.6131
19098.52,100.5,7.6131
19099.53,100.5,7.6131
19100.53,2343.8,2.6285
19101.54,323.2,2.7742
19102.54,348.4,2.9153
19103.55,0.0,2.5596
19104.55,341.0,2.772
19105.55,3.0,2.52
19106.56,325.1,2.6956
19107.56,358.6,2.8812
19108.56,317.4,3.1313
19109.57,255.7,3.2938
19110.57,284.5,3.5469
19111.58,300.4,3.6795
19112.59,302.5,3.7571
19113.59,296.4,3.8203
19114.6,153.2,3.8819
19115.6,152.6,3.9775
19116.6,300.5,4.1164
19117.61,148.2,4.2283
19118.61,182.2,4.561
19119.62,3.0,2.5948
19120.62,351.0,2.7993
19121.62,0.0,2.5803
19122.63,352.2,2.7863
19123.63,324.3,3.0209
19124.63,290.2,3.4348
19125.64,269.2,3.8592
19126.64,207.0,4.2902
19127.65,181.1,4.4939
19128.65,213.9,4.5645
19129.66,143.3,4.6518
19130.66,111.4,4.905
19131.67,175.3,5.131
19132.67,224.9,5.3689
19133.68,154.2,5.6088
19134.68,128.4,5.7553
19135.69,114.4,5.8071
19136.69,100.5,5.8485
19137.7,100.5,5.9
19138.7,101.5,5.9656
19139.71,101.5,6.0365
19140.71,109.4,6.1021
19141.72,101.5,6.168
19142.72,203.9,6.4324
19143.73,168.1,7.0857
19144.73,123.4,7.5708
19145.74,108.4,2.3876
19146.74,0.0,2.5941
19147.75,327.9,2.7354
19148.75,348.2,2.9442
19149.76,233.8,3.255
19150.76,2.0,2.5233
19151.76,331.0,2.685
19152.77,359.6,2.8613
19153.77,1.0,2.5762
19154.78,345.2,2.7781
19155.78,327.4,3.0909
19156.79,189.0,3.5312
19157.79,301.4,3.9813
19158.8,267.6,4.4486
19159.8,202.1,4.9284
19160.81,155.2,5.4093
19161.81,236.9,5.8802
19162.82,305.4,6.3471
19163.82,259.7,6.8154
19164.83,117.4,7.2876
19165.83,117.4,7.6005
19166.84,101.5,7.6005
19167.84,123.4,7.6005
19168.85,107.4,7.6005
19169.85,108.4,7.6005
19170.86,102.5,7.6005
19171.86,102.5,7.6005
19172.87,100.5,7.6005
19173.87,100.5,7.5737
19174.88,116.4,7.6615
19175.88,102.5,7.6615
19176.89,99.5,7.6615
19177.89,101.5,7.6615
19178.9,100.5,7.6617
19179.9,101.5,7.6618
19180.91,103.5,7.6618
19181.91,99.5,7.6618
19182.92,100.5,7.6618
19183.92,138.3,7.6629
19184.93,101.6,7.6629
19185.93,100.5,7.6629
19186.94,116.4,7.6629
19187.94,100.5,7.6629
19188.95,103.5,7.6629
19189.95,100.5,7.6629
19190.96,111.4,7.6629
19191.96,102.5,7.6629
19192.97,100.5,7.6629
19193.97,100.5,7.6629
19194.98,104.5,7.6629
19195.99,102.5,7.6631
19196.99,100.5,7.6631
19198.0,103.5,7.6631
19199.0,103.5,7.6631
19200.01,101.5,7.6631
19201.01,100.5,7.6631
19202.02,101.5,7.6631
19203.02,100.5,7.6631
19204.03,99.5,7.6631
19205.03,99.5,7.6631
19206.04,102.5,7.6631
19207.04,101.5,7.6631
19208.05,99.5,7.6631
19209.05,101.5,7.6631
19210.06,100.5,7.6631
19211.06,105.5,7.6631
19212.07,100.5,7.6631
19213.07,100.5,7.6631
19214.08,101.5,7.6631
19215.08,100.5,7.6631
19216.09,100.5,7.6631
19217.09,101.5,7.6631
19218.1,100.5,7.6631
19219.1,100.5,7.6631
19220.11,101.5,7.6631
19221.11,100.5,7.6631
19222.12,102.5,7.6631
19223.12,99.5,7.6631
19224.13,101.5,7.6631
19225.13,99.5,7.6631
19226.14,100.5,7.6631
19227.14,102.5,7.6631
19228.15,101.5,7.6631
19229.15,101.5,7.6631
19230.16,102.5,7.6631
19231.16,100.5,7.6631
19232.17,101.5,7.6631
19233.17,101.5,7.6631
19234.18,100.5,7.6631
19235.18,100.5,7.6631
19236.19,101.5,7.6631
19237.19,99.5,7.6631
19238.2,101.5,7.6631
19239.2,99.5,7.6631
19240.21,102.5,7.6631
19241.21,100.6,7.6631
19242.22,100.5,7.6631
19243.22,99.5,7.6631
19244.23,102.5,7.6631
19245.24,101.5,7.6631
19246.24,100.5,7.6634
19247.25,103.5,7.6634
19248.25,119.4,7.6634
19249.26,100.5,7.6634
19250.26,99.5,7.6634
19251.27,101.5,7.6634
19252.27,101.5,7.6634
19253.28,102.5,7.6634
19254.28,100.5,7.6634
19255.29,101.5,7.6634
19256.29,99.5,7.6634
19257.3,101.5,7.6634
19258.3,100.5,7.6634
19259.31,103.5,7.6634
19260.31,100.5,7.6634
19261.32,100.6,7.6634
19262.32,102.5,7.6634
19263.33,100.5,7.6634
19264.33,99.5,7.6634
19265.34,100.5,7.6634
19266.34,103.5,7.6634
19267.35,99.5,7.6634
19268.35,100.5,7.6634
19269.36,99.5,7.6634
19270.36,100.5,7.6634
19271.37,101.5,7.6634
19272.37,100.5,7.6634
19273.38,110.5,7.664
19274.38,100.6,7.664
19275.39,101.5,7.664
19276.39,99.5,7.664
19277.4,101.5,7.664
19278.4,99.5,7.664
19279.41,101.5,7.664
19280.41,102.5,7.664
19281.42,99.5,7.664
19282.42,101.5,7.664
19283.43,99.6,7.664
19284.43,100.5,7.664
19285.44,101.5,7.664
19286.44,100.6,7.664
19287.44,100.5,7.664
19288.45,100.5,7.664
19289.45,100.5,7.664
19290.46,99.5,7.6642
19291.47,103.5,7.6642
19292.47,101.5,7.6642
19293.48,100.5,7.6642
19294.48,101.5,7.6642
19295.49,101.5,7.6642
19296.49,100.5,7.6642
19297.5,100.5,7.6642
19298.5,101.5,7.6642
19299.51,100.5,7.6642
19300.51,99.5,7.6642
19301.51,102.8,7.6642
19302.52,101.5,7.6642
19303.52,99.5,7.6642
19304.53,100.5,7.6642
19305.53,101.5,7.6642
19306.54,99.5,7.6642
19307.54,100.5,7.6642
19308.55,100.5,7.6642
19309.55,101.5,7.6642
19310.56,101.5,7.6642
19311.56,129.6,7.6643
19312.57,1.0,2.4904
19313.57,294.6,2.6616
19314.57,349.1,2.8071
19315.58,2.0,2.4809
19316.58,298.1,2.6622
19317.59,346.0,2.8035
19318.59,1.0,2.4935
19319.6,311.5,2.658
19320.6,357.9,2.8044
19321.6,308.3,2.9428
19322.6,1.0,2.6303
19323.61,303.1,2.7268
19324.61,3.0,2.498
19325.61,306.1,2.6585
19326.62,360.2,2.8048
19327.62,8.0,2.5514
19328.62,337.0,2.7178
19329.63,353.6,2.951
19330.63,331.7,3.2431
19331.64,349.6,3.4581
19332.64,292.7,3.8955
19333.65,230.8,4.3339
19334.65,117.4,4.7952
19335.66,111.4,5.2677
19336.66,102.5,5.7412
19337.67,103.5,6.2148
19338.67,107.4,6.6626
19339.68,100.5,7.1065
19340.68,123.4,7.4491
19341.69,101.5,7.5881
19342.69,101.5,7.5881
19343.7,99.5,7.5881
19344.7,126.3,7.5882
19345.71,103.5,7.5882
19346.71,121.5,7.5883
19347.72,101.5,7.5883
19348.72,100.5,7.5883
19349.73,120.4,7.5884
19350.73,100.5,7.5884
19351.74,114.4,7.68
19352.74,99.5,7.6948
19353.75,101.5,7.6948
19354.75,104.5,7.6948
19355.76,99.5,7.6949
19356.76,100.5,7.6949
19357.77,100.5,7.6949
19358.77,100.5,7.6949
19359.78,101.5,7.6949
19360.78,99.5,7.6949
19361.79,114.4,7.6953
19362.8,101.5,7.6953
19363.8,101.5,7.6953
19364.8,101.5,7.6953
19365.81,100.5,7.6953
19366.82,99.5,7.6953
19367.82,101.5,7.6953
19368.83,100.5,7.6953
19369.83,100.5,7.6953
19370.84,102.5,7.6953
19371.84,112.4,7.6953
19372.85,101.5,7.6953
19373.85,99.5,7.6953
19374.86,101.5,7.6953
19375.86,100.5,7.6953
19376.87,100.5,7.6953
19377.87,101.5,7.6953
19378.88,100.5,7.6953
19379.88,100.5,7.6953
19380.89,104.5,7.6957
19381.89,111.4,7.6965
19382.9,102.5,7.6965
19383.9,99.5,7.6965
19384.91,100.6,7.6965
19385.91,100.5,7.6965
19386.92,100.5,7.6965
19387.92,100.5,7.6965
19388.93,101.5,7.6965
19389.93,99.5,7.6965
19390.94,101.6,7.6965
19391.94,100.5,7.6965
19392.95,112.4,7.756
19393.95,102.5,7.756
19394.96,100.5,7.756
19395.96,100.5,7.756
19396.97,101.5,7.756
19397.97,100.5,7.756
19398.98,100.5,7.756
19399.99,102.5,7.756
19400.99,100.5,7.756
19402.0,99.5,7.8986
19403.0,100.2,8.3481
19404.01,101.5,8.729
19405.02,108.0,9.1839
19406.02,116.4,9.2308
19407.03,99.5,9.2308
19408.03,100.6,9.2308
19409.04,100.5,9.2308
19410.04,100.5,9.2308
19411.05,101.5,9.2308
19412.05,99.5,9.2308
19413.06,104.5,9.2308
19414.06,101.5,9.2308
19415.07,102.5,9.2308
19416.07,100.5,9.2308
19417.08,103.5,9.2332
19418.08,100.5,9.2332
19419.09,101.5,9.2332
19420.09,100.5,9.2332
19421.1,100.5,9.2332
19422.1,100.5,9.2332
19423.11,100.5,9.2332
19424.11,101.5,9.2332
19425.12,100.5,9.2332
19426.12,101.5,9.2332
19427.13,100.5,9.2332
19428.13,100.5,9.2332
19429.14,100.5,9.2332
19430.14,101.5,9.2332
19431.15,100.6,9.2342
19432.15,103.5,9.2342
19433.16,101.5,9.2342
19434.16,98.5,9.2342
19435.17,102.5,9.2342
19436.18,99.5,9.2342
19437.18,100.5,9.2342
19438.19,103.5,9.2342
19439.19,99.5,9.2342
19440.2,100.5,9.2342
19441.2,100.5,9.2342
19442.21,100.6,9.2342
19443.21,101.6,9.2342
19444.21,101.5,9.2362
19445.22,101.5,9.2362
19446.22,99.5,9.2362
19447.23,100.5,9.2362
19448.24,101.5,9.2362
19449.24,102.5,9.2362
19450.25,99.5,9.2362
19451.25,102.5,9.2362
19452.26,99.5,9.2362
19453.26,101.4,9.2362
19454.27,100.5,9.2362
19455.27,99.5,9.2362
19456.28,103.5,9.2362
19457.28,100.5,9.2378
19458.29,101.4,9.2378
19459.29,100.5,9.2378
19460.3,101.5,9.2378
19461.3,99.5,9.2378
19462.31,102.5,9.2378
19463.31,100.4,9.2378
19464.32,99.5,9.2378
19465.32,101.5,9.2378
19466.33,99.5,9.2378
19467.33,101.5,9.2378
19468.34,101.5,9.2378
19469.35,103.5,9.2388
19470.35,100.5,9.2388
19471.36,100.5,9.2388
19472.36,100.5,9.2388
19473.37,100.5,9.2388
19474.37,100.5,9.2388
19475.38,101.5,9.239
19476.38,99.5,9.239
19477.39,100.5,9.239
19478.39,101.4,9.239
19479.4,101.5,9.239
19480.4,99.5,9.239
19481.41,103.5,9.2396
19482.41,100.5,9.2396
19483.42,101.4,9.2396
19484.42,99.5,9.2396
19485.43,101.5,9.2396
19486.43,99.5,9.2396
19487.44,101.5,9.2396
19488.44,100.5,9.2396
19489.45,101.5,9.2396
19490.45,99.5,9.2396
19491.46,101.5,9.2396
19492.46,100.5,9.2396
19493.47,100.5,9.2396
19494.47,102.5,9.241
19495.48,101.5,9.241
19496.48,99.5,9.241
19497.49,102.5,9.241
19498.49,99.5,9.241
19499.5,99.5,9.241
19500.5,101.5,9.241
19501.51,99.6,9.241
19502.51,101.5,9.241
19503.52,99.5,9.241
19504.52,102.5,9.241
19505.53,101.5,9.241
19506.53,101.5,9.2412
19507.54,100.5,9.2412
19508.55,101.4,9.2412
19509.55,100.5,9.2412
19510.56,101.5,9.2412
19511.56,101.5,9.2412
19512.57,100.5,9.2412
19513.57,100.5,9.2412
19514.58,100.5,9.2412
19515.58,100.5,9.2412
19516.59,99.5,9.2412
19517.59,101.5,9.2412
19518.6,100.5,9.2412
19519.6,103.5,9.2424
19520.61,101.5,9.2426
19521.61,99.6,9.2426
19522.62,100.5,9.2426
19523.62,101.5,9.2426
19524.63,99.5,9.2426
19525.63,102.5,9.2426
19526.64,99.5,9.2426
19527.64,100.5,9.2426
19528.65,101.5,9.2426
19529.65,101.5,9.2426
19530.66,101.5,9.2426
19531.66,99.5,9.2426
19532.67,103.5,9.2429
19533.68,100.5,9.2429
19534.68,100.5,9.2429
19535.69,100.5,9.2429
19536.69,100.5,9.2429
19537.7,99.5,9.2429
19538.7,100.5,9.2429
19539.71,101.5,9.2429
19540.71,102.5,9.2429
19541.72,99.5,9.2429
19542.72,101.5,9.2429
19543.73,101.5,9.2429
19544.73,100.5,9.2429
19545.74,102.5,9.2443
19546.74,100.5,9.2443
19547.75,100.5,9.2443
19548.75,101.5,9.2443
19549.76,100.5,9.2443
19550.76,100.5,9.2443
19551.77,100.5,9.2443
19552.77,100.5,9.2443
19553.78,101.5,9.2443
19554.78,99.5,9.2443
19555.79,101.5,9.2443
19556.79,100.5,9.2443
19557.8,103.5,9.2448
19558.8,102.5,9.2448
19559.81,99.5,9.2448
19560.81,101.5,9.2448
19561.82,100.5,9.2448
19562.82,100.5,9.2448
19563.83,101.4,9.2448
19564.83,99.5,9.2448
19565.84,100.5,9.2451
19566.84,99.7,9.2451
19567.84,99.7,9.2451
19568.85,100.5,9.2451
19569.86,101.5,9.2464
19570.86,101.5,9.2464
19571.87,99.5,9.2464
19572.87,100.5,9.2464
19573.88,103.1,9.2464
19574.88,100.5,9.2464
19575.89,101.5,9.2464
19576.89,99.5,9.2464
19577.9,101.5,9.2464
19578.9,99.5,9.2464
19579.91,100.5,9.2464
19580.92,103.5,9.2464
19581.92,101.1,9.2473
19582.93,101.5,9.2473
19583.93,100.5,9.2473
19584.94,99.5,9.2473
19585.94,102.5,9.2473
19586.95,99.5,9.2473
19587.95,102.5,9.2473
19588.96,100.5,9.2473
19589.96,99.7,9.2473
19590.97,100.5,9.2473
19591.97,100.5,9.2473
19592.98,101.5,9.2473
19593.98,101.4,9.2473
19594.99,99.5,9.2473
19595.99,102.7,9.2481
19597.0,99.5,9.2481
19598.0,101.5,9.2481
19599.01,100.5,9.2481
19600.01,101.5,9.2481
19601.02,100.5,9.2481
19602.02,100.5,9.2481
19603.03,99.5,9.2481
19604.03,101.5,9.2481
19605.04,99.5,9.2481
19606.04,101.5,9.2481
19607.05,100.5,9.2481
19608.05,100.7,9.2489
19609.05,100.5,9.2489
19610.06,102.5,9.2489
19611.06,100.5,9.2489
19612.07,100.5,9.2489
19613.07,100.5,9.2489
19614.08,99.5,9.2489
19615.08,99.5,9.2489
19616.09,102.5,9.2492
19617.09,100.5,9.2492
19618.1,100.6,9.2492
19619.1,99.5,9.2492
19620.11,102.5,9.2492
19621.11,102.5,9.2495
19622.12,101.5,9.2495
19623.12,99.5,9.2495
19624.13,100.5,9.2495
19625.13,99.5,9.2495
19626.14,101.5,9.2495
19627.14,100.7,2.4851
19628.15,285.6,2.6772
19629.15,350.9,2.8267
19630.16,343.5,3.1567
19631.16,344.7,3.3861
19632.16,3611.8,2.576
19633.17,284.2,2.7339
19634.17,348.2,3.0374
19635.17,329.7,3.2905
19636.18,4.0,2.4997
19637.18,332.0,2.7136
19638.19,356.6,3.0412
19639.19,351.2,3.3445
19640.19,8.0,2.5488
19641.19,331.0,2.7296
19642.2,352.1,3.0572
19643.2,343.4,3.319
19644.21,1.0,2.5082
19645.21,309.4,2.6886
19646.21,356.0,2.9052
19647.22,327.4,3.2347
19648.22,337.3,2.3928
19649.23,1.0,2.6331
19650.23,322.2,2.7727
19651.23,342.3,3.0269
19652.24,346.2,3.2271
19653.24,277.8,3.6107
19654.25,168.6,3.9886
19655.25,104.7,4.0817
19656.25,101.7,4.1313
19657.26,108.4,4.1809
19658.26,107.5,4.2214
19659.27,102.5,4.2537
19660.27,102.5,4.2935
19661.28,101.5,4.3279
19662.28,104.5,4.3608
19663.29,98.5,4.3972
19664.29,102.5,4.4303
19665.3,100.5,4.4657
19666.3,109.4,4.4952
19667.31,121.4,4.5303
19668.31,100.5,4.5525
19669.32,100.5,4.5797
19670.32,103.5,4.609
19671.33,101.5,4.6269
19672.33,100.5,4.655
19673.34,100.5,4.6817
19674.35,101.5,4.7112
19675.35,100.5,4.7426
19676.36,100.5,4.773
19677.36,100.5,4.7958
19678.37,103.5,4.8235
19679.37,101.5,4.8572
19680.38,105.5,4.9055
19681.38,102.5,4.9449
19682.39,100.5,4.9898
19683.39,102.5,5.0152
19684.4,101.5,5.0398
19685.4,101.5,5.0653
19686.41,99.5,5.0924
19687.41,101.5,5.113
19688.42,99.6,5.1403
19689.43,100.2,5.1583
19690.43,101.5,5.1839
19691.44,99.5,5.2088
19692.44,102.5,5.2341
19693.45,102.5,5.2589
19694.45,98.5,5.2828
19695.46,101.5,5.3016
19696.46,99.4,5.3168
19697.47,102.5,5.3384
19698.47,100.5,5.3608
19699.48,100.5,5.3839
19700.48,101.5,5.4063
19701.49,100.6,5.4297
19702.49,99.5,5.4508
19703.5,103.5,5.4678
19704.5,99.5,5.4912
19705.51,101.6,5.5072
19706.51,100.5,5.5306
19707.52,100.5,5.5504
19708.52,100.5,5.5709
19709.53,100.5,5.5931
19710.54,100.5,5.6137
19711.54,101.5,5.6358
19712.55,100.5,5.6556
19713.55,102.5,5.6751
19714.56,100.5,5.6929
19715.56,99.5,5.7185
19716.57,102.5,5.7403
19717.57,102.5,5.7622
19718.58,100.5,5.7786
19719.58,98.6,5.794
19720.59,101.5,5.8117
19721.59,100.6,5.8353
19722.59,100.5,5.8543
19723.6,101.5,5.8739
19724.61,101.5,5.8874
19725.61,99.5,5.9034
19726.62,101.5,5.9181
19727.62,100.5,5.9418
19728.63,101.5,5.9593
19729.63,100.5,5.9729
19730.64,99.5,5.9849
19731.64,100.5,6.0027
19732.65,101.5,6.018
19733.65,101.5,6.0286
19734.66,101.5,6.0367
19735.66,99.5,6.0448
19736.67,101.5,6.0531
19737.67,100.5,6.0622
19738.68,100.5,6.0758
19739.68,100.5,6.0893
19740.69,102.5,6.0973
19741.69,100.5,6.1051
19742.7,100.5,6.1126
19743.7,101.5,6.1241
19744.71,100.5,6.1344
19745.71,206.9,6.2973
19746.72,2257.8,2.511
19747.72,323.9,2.6906
19748.73,352.4,2.8698
19749.73,353.2,3.1726
19750.74,281.6,3.5785
19751.74,3.0,2.6263
19752.74,324.6,2.7895
19753.75,347.1,3.0436
19754.75,338.4,3.2987
19755.76,240.8,3.6314
19756.76,121.4,3.965
19757.76,200.1,4.3421
19758.77,120.4,4.6774
19759.78,119.4,5.0
19760.78,101.5,5.4818
19761.78,122.4,5.9686
19762.79,103.5,6.4303
19763.79,100.5,6.8717
19764.8,101.5,7.346
19765.8,119.4,7.5916
19766.81,99.5,7.5916
19767.82,120.4,7.5917
19768.82,100.5,7.5917
19769.83,100.5,7.5917
19770.83,102.5,7.5917
19771.84,101.5,7.5917
19772.84,101.5,7.5917
19773.85,100.5,7.5917
19774.85,112.4,7.691
19775.86,100.5,7.691
19776.86,100.5,7.691
19777.87,100.5,7.691
19778.87,100.5,7.691
19779.88,101.5,7.6911
19780.88,100.5,7.6911
19781.89,99.5,7.6911
19782.89,100.5,7.6911
19783.9,112.4,7.6917
19784.9,101.5,7.6917
19785.91,100.5,7.6917
19786.91,100.5,7.6917
19787.92,101.5,7.6917
19788.92,100.5,7.6917
19789.93,99.5,7.6917
19790.93,210.9,7.7
19791.94,110.4,7.6934
19792.94,112.4,7.6955
19793.95,101.5,7.6956
19794.96,105.3,7.6956
19795.96,100.5,7.6956
19796.97,100.5,7.6956
19797.97,102.5,7.6956
19798.98,100.5,7.6956
19799.98,120.4,7.6956
19800.99,101.5,7.6958
19801.99,112.4,7.6965
19803.0,100.5,7.6965
19804.0,101.5,7.6965
19805.01,101.5,7.6965
19806.01,100.5,7.6965
19807.02,99.5,7.6965
19808.02,100.5,7.6965
19809.03,104.5,7.6965
19810.03,99.5,7.6965
19811.04,104.5,7.6965
19812.04,115.5,7.7571
19813.05,102.5,7.7571
19814.05,100.5,7.7571
19815.06,99.6,7.7571
19816.06,101.5,7.7571
19817.07,100.5,7.7571
19818.07,100.5,7.7571
19819.08,100.5,7.7571
19820.08,102.5,7.7571
19821.09,101.5,7.7571
19822.09,100.5,7.7571
19823.1,100.5,8.0689
19824.1,100.5,8.5327
19825.11,102.5,9.0227
19826.11,121.4,9.2502
19827.12,101.5,9.2502
19828.12,99.5,9.2502
19829.13,101.5,9.2502
19830.13,100.4,9.2502
19831.14,100.5,9.2502
19832.15,100.5,9.2502
19833.15,103.5,9.2502
19834.16,100.5,9.2502
19835.16,100.5,9.2502
19836.17,101.5,9.2502
19837.17,105.5,9.2641
19838.18,100.5,9.2641
19839.18,101.5,9.2641
19840.19,100.5,9.2641
19841.19,100.5,9.2641
19842.2,100.5,9.2641
19843.2,100.6,9.2641
19844.21,101.5,9.2641
19845.21,100.4,9.2641
19846.22,101.5,9.2643
19847.22,99.5,9.2643
19848.23,107.4,9.2707
19849.23,101.5,9.2707
19850.24,100.5,9.2707
19851.24,102.5,9.2707
19852.25,99.5,9.2707
19853.25,100.5,9.2707
19854.26,101.5,9.2707
19855.26,100.5,9.2707
19856.27,151.3,9.271
19857.27,273.6,9.2755
19858.28,124.4,9.276
19859.28,4.0,2.4851
19860.29,300.5,2.6619
19861.3,2.0,2.4657
19862.3,295.5,2.6672
19863.3,339.0,2.8028
19864.31,356.9,3.0577
19865.34,1.0,2.6195
19866.34,357.9,2.785
19867.34,247.8,3.1243
19868.35,288.5,3.5324
19869.35,1.0,2.5057
19870.36,320.3,2.672
19871.36,1.0,2.4897
19872.37,305.4,2.6726
19873.37,319.0,2.7973
19874.38,311.5,3.1299
19875.38,3.0,2.4245
19876.39,286.5,2.6733
19877.39,330.1,2.7804
19878.4,1.0,2.5879
19879.4,315.0,2.7266
19880.4,4.0,2.5638
19881.4,295.1,2.7133
19882.41,11.9,2.5676
19883.41,345.2,2.8684
19884.42,328.6,2.9889
19885.42,353.3,3.2645
19886.43,331.8,3.6059
19887.43,308.4,3.9183
19888.44,307.4,4.2232
19889.44,300.4,4.5259
19890.45,305.4,4.8053
19891.45,308.4,5.108
19892.46,304.4,5.3897
19893.46,303.4,5.6956
19894.47,300.4,5.9626
19895.48,313.1,6.2365
19896.48,328.3,6.4818
19897.49,307.6,6.6534
19898.49,286.5,6.8565
19899.5,291.5,7.1269
19900.5,257.6,7.4006
19901.51,227.8,7.7856
19902.51,1455.8,2.5458
19903.52,330.3,2.8395
19904.52,372.9,2.9817
19905.53,347.9,3.2097
19906.53,2.0,2.5425
19907.54,327.2,2.7799
19908.54,333.0,2.9032
19909.54,350.0,3.0597
19910.55,351.9,3.3591
19911.55,2546.4,2.6657
19912.55,338.8,2.8789
19913.56,357.8,3.015
19914.56,334.3,3.2352
19915.57,2.0,2.546
19916.57,337.2,2.8398
19917.58,354.1,2.9808
19918.58,343.2,3.2455
19919.59,1.0,2.5669
19920.59,317.0,2.7256
19921.59,1.0,2.6068
19922.6,302.1,2.7566
19923.6,349.4,2.9816
19924.61,344.3,3.2143
19925.61,285.5,3.5136
19926.62,197.0,3.8183
19927.62,108.4,4.178
19928.63,181.4,4.6134
19929.63,134.4,5.0633
19930.64,144.2,5.4952
19931.64,223.0,5.9112
19932.64,194.0,6.3148
19933.65,103.5,6.7577
19934.66,134.3,7.2211
19935.66,122.4,7.5336
19936.66,100.6,7.6269
19937.67,110.5,7.6269
19938.67,147.4,7.627
19939.68,160.2,7.628
19940.68,156.2,7.6287
19941.69,124.4,7.6287
19942.69,103.5,7.6287
19943.7,100.5,7.6287
19944.7,107.5,7.6287
19945.71,103.5,7.6287
19946.71,146.2,7.6287
19947.72,101.5,7.6287
19948.72,100.5,7.6287
19949.73,176.1,7.6309
19950.73,267.6,7.6984
19951.74,153.2,2.4385
19952.75,1400.6,2.6968
19953.75,352.0,2.8076
19954.75,2.0,2.6492
19955.75,331.1,2.8566
19956.76,359.5,3.0391
19957.76,329.3,3.2842
19958.77,326.4,3.5246
19959.77,312.1,3.7837
19960.77,344.0,3.9734
19961.78,1.0,2.6404
19962.78,1366.0,2.5479
19963.79,317.5,2.7901
19964.79,337.9,2.9416
19965.79,329.6,3.2251
19966.8,314.3,3.5117
19967.8,318.9,3.8021
19968.81,317.4,3.9655
19969.81,23.9,2.7112
19970.82,343.7,2.9173
19971.82,337.3,3.1811
19972.83,321.3,3.4677
19973.83,313.3,3.753
19974.84,345.4,3.939
19975.84,317.3,4.2378
19976.85,304.7,4.5835
19977.85,185.1,4.8242
19978.86,0.0,2.5693
19979.86,299.5,2.751
19980.87,0.0,2.6259
19981.87,341.0,2.8512
19982.87,2.0,2.4726
19983.88,299.3,2.7571
19984.88,341.0,2.8841
19985.88,333.3,3.1205
19986.89,312.4,3.3674
19987.89,345.9,3.5469
19988.9,4.0,2.6587
19989.9,316.2,2.8325
19990.9,337.3,3.1405
19991.91,335.1,3.4032
19992.91,1.0,2.7326
19993.91,349.1,2.8642
19994.91,351.1,3.062
19995.92,324.7,3.2987
19996.92,301.9,3.5843
19997.93,157.3,3.8736
19998.93,135.6,4.1603
19999.93,105.7,4.4495
20000.94,113.4,4.7323
20001.94,103.6,5.0107
20002.95,102.5,5.3066
20003.95,103.5,5.587
20004.96,101.5,5.8713
20005.96,101.5,6.1715
20006.97,101.5,6.4573
20007.97,100.5,6.7422
20008.98,101.5,7.0213
20009.98,101.4,7.3171
20010.99,136.3,7.5284
20011.99,100.5,7.6403
20013.0,101.5,7.6804
20014.0,102.5,7.6804
20015.01,99.6,7.6804
20016.01,103.5,7.6804
20017.02,181.1,7.6809
20018.02,226.2,7.6814
20019.03,123.4,7.6814
20020.03,4.0,2.5569
20021.04,289.7,2.7619
20022.04,345.3,2.8924
20023.04,340.7,3.1173
20024.05,332.3,3.4082
20025.05,314.8,3.7397
20026.06,311.4,4.0549
20027.06,311.3,4.3931
20028.07,308.6,4.7195
20029.07,337.6,4.9388
20030.08,300.5,2.482
20031.08,1422.5,2.736
20032.08,344.0,2.9429
20033.09,353.9,3.1329
20034.09,329.2,3.4367
20035.1,321.6,3.736
20036.1,316.0,4.0824
20037.1,3.0,2.6804
20038.11,343.0,2.8619
20039.11,1.0,2.6094
20040.11,344.2,2.969
20041.12,334.9,3.1502
20042.12,358.6,3.3546
20043.13,342.7,3.5933
20044.13,318.4,3.9339
20045.14,315.4,4.2266
20046.14,321.3,4.4702
20047.15,219.8,4.6641
20048.15,128.7,4.7843
20049.15,115.4,4.8844
20050.16,109.5,4.9633
20051.16,107.4,5.0175
20052.17,104.5,5.0759
20053.17,102.5,5.1264
20054.18,100.5,5.172
20055.18,100.5,5.2126
20056.19,102.5,5.2541
20057.19,100.5,5.2897
20058.2,100.5,5.3283
20059.2,99.5,5.356
20060.21,103.5,5.3822
20061.21,100.5,5.4057
20062.22,99.5,5.4355
20063.23,105.5,5.467
20064.23,104.5,5.4927
20065.24,101.5,5.5166
20066.24,99.5,5.5345
20067.25,104.5,5.5528
20068.25,125.4,5.5711
20069.26,104.5,5.5915
20070.26,100.5,5.6014
20071.27,100.4,5.6171
20072.27,100.5,5.6328
20073.28,100.5,5.6503
20074.28,102.5,5.66
20075.29,99.5,5.6774
20076.29,101.5,5.6979
20077.3,100.5,5.7208
20078.3,99.7,5.7403
20079.3,101.5,5.7581
20080.31,101.5,5.7695
20081.31,99.5,5.7828
20082.32,101.5,5.7951
20083.33,99.5,5.8072
20084.33,101.5,5.8205
20085.34,100.5,5.8334
20086.34,100.5,5.8456
20087.35,100.5,5.8576
20088.35,102.5,5.8705
20089.36,99.5,5.8821
20090.36,101.5,5.8941
20091.37,99.5,5.905
20092.37,100.6,5.9161
20093.38,100.5,5.9267
20094.38,102.5,5.9369
20095.39,100.5,5.9482
20096.39,99.5,5.9582
20097.4,101.6,5.9682
20098.4,101.5,5.9793
20099.41,99.5,5.9865
20100.41,101.5,6.0001
20101.42,101.5,6.0139
20102.42,100.5,6.0236
20103.43,100.5,6.0328
20104.43,102.5,6.0406
20105.44,100.5,6.0551
20106.44,100.5,6.0642
20107.45,99.5,6.077
20108.45,101.5,6.093
20109.46,101.5,6.1099
20110.46,98.5,6.1273
20111.47,103.5,6.1455
20112.47,99.5,6.1603
20113.48,100.5,6.1719
20114.49,101.5,6.1826
20115.49,102.5,6.1927
20116.5,101.5,6.2021
20117.5,100.5,6.2147
20118.5,99.6,6.2333
20119.51,99.6,6.2456
20120.51,101.5,6.2629
20121.52,100.5,6.2768
20122.52,101.5,6.2919
20123.53,99.8,6.3105
20124.53,100.8,6.3243
20125.53,101.6,6.338
20126.54,100.5,6.3546
20127.54,102.5,6.3681
20128.55,99.5,6.3794
20129.55,100.5,6.3946
20130.56,101.5,6.4092
20131.56,99.5,6.4245
20132.57,100.5,6.4359
20133.57,101.5,6.446
20134.58,100.5,6.4584
20135.58,100.5,6.4711
20136.59,100.5,6.4821
20137.59,100.5,6.4931
20138.6,100.5,6.5026
20139.6,100.5,6.5157
20140.61,100.5,6.5274
20141.61,101.5,6.5376
20142.62,102.5,6.5465
20143.62,100.5,6.5557
20144.63,99.5,6.5635
20145.63,100.5,6.5768
20146.64,101.5,6.5844
20147.65,101.5,6.592
20148.65,100.5,6.6014
20149.66,100.5,6.6087
20150.66,102.5,6.6219
20151.67,98.5,6.6342
20152.67,102.7,6.6439
20153.67,101.5,6.6567
20154.67,100.8,6.6692
20155.68,99.8,6.6792
20156.68,100.6,6.6908
20157.69,101.5,6.7014
20158.69,99.5,6.7108
20159.7,101.6,6.7226
20160.7,101.5,6.7321
20161.7,99.7,6.7387
20162.71,101.5,6.7465
20163.71,100.5,6.756
20164.72,100.5,6.7634
20165.72,100.5,6.7727
20166.73,100.5,6.7814
20167.73,100.5,6.7892
20168.74,101.5,6.7964
20169.74,100.5,6.8055
20170.75,101.5,6.8166
20171.75,101.5,6.8225
20172.76,100.5,6.8265
20173.76,100.5,6.8328
20174.77,99.6,6.8415
20175.77,101.6,6.8499
20176.78,100.5,6.8572
20177.78,99.5,6.8662
20178.79,102.5,6.8742
20179.79,99.5,6.8835
20180.8,101.5,6.8881
20181.8,101.5,6.8937
20182.81,102.5,6.8983
20183.81,99.6,6.9052
20184.82,100.5,6.9133
20185.82,99.7,6.92
20186.83,99.5,6.9269
20187.83,102.7,6.9325
20188.83,100.5,6.94
20189.84,100.5,6.9467
20190.84,100.5,6.955
20191.85,99.5,6.9592
20192.85,100.5,6.9649
20193.86,103.5,6.9725
20194.86,99.5,6.9782
20195.87,101.5,6.9855
20196.87,100.5,6.989
20197.88,101.5,6.9939
20198.88,100.5,6.998
20199.89,114.4,7.0079
20200.89,100.5,7.0166
20201.9,100.5,7.0259
20202.9,100.5,7.0326
20203.91,100.5,7.0419
20204.91,101.5,7.051
20205.92,100.5,7.0605
20206.92,99.5,7.0667
20207.93,100.5,7.0753
20208.93,100.5,7.0826
20209.94,102.5,7.0904
20210.94,100.6,7.094
20211.95,100.5,7.0994
20212.95,100.5,7.1048
20213.96,100.5,7.1104
20214.96,100.5,7.1164
20215.97,102.5,7.1216
20216.97,99.5,7.1275
20217.98,101.5,7.1328
20218.98,99.5,7.1385
20219.99,100.5,7.1443
20221.0,101.5,7.1493
20222.0,99.5,7.1548
20223.01,99.5,7.1601
20224.01,101.5,7.1657
20225.02,102.5,7.1708
20226.02,99.5,7.1758
20227.03,100.5,7.1817
20228.03,101.5,7.187
20229.04,100.5,7.1922
20230.04,100.5,7.1972
20231.05,101.5,7.202
20232.05,99.5,7.207
20233.06,101.5,7.2122
20234.06,100.5,7.2166
20235.07,99.5,7.2218
20236.07,100.5,7.2266
20237.08,100.5,7.2316
20238.08,103.5,7.2365
20239.09,101.6,7.2413
20240.09,100.6,7.2463
20241.09,100.5,7.2511
20242.1,100.5,7.2566
20243.1,101.5,7.2608
20244.11,101.5,7.2658
20245.11,99.5,7.2707
20246.12,100.5,7.2754
20247.13,100.5,7.2805
20248.13,101.5,7.2851
20249.14,100.5,7.2877
20250.14,101.5,7.293
20251.15,101.5,7.2992
20252.15,99.5,7.305
20253.16,100.5,7.311
20254.16,100.5,7.3156
20255.17,101.5,7.3199
20256.17,100.5,7.3244
20257.18,100.5,7.3284
20258.18,100.5,7.3319
20259.19,102.5,7.3366
20260.19,99.5,7.3431
20261.2,99.5,7.3499
20262.2,102.5,7.3533
20263.21,101.5,7.36
20264.21,99.5,7.3685
20265.22,101.5,7.3731
20266.22,101.5,7.3793
20267.23,101.5,7.3875
20268.23,109.4,7.3968
20269.24,132.5,7.4074
20270.24,103.5,7.417
20271.25,112.4,7.427
20272.25,100.5,7.4351
20273.26,100.5,7.4443
20274.26,101.5,7.4518
20275.27,99.5,7.4605
20276.27,108.6,7.4841
20277.28,144.3,7.6397
20278.28,100.5,7.6397
20279.29,100.5,7.6397
20280.29,100.5,7.6397
20281.3,101.5,7.6397
20282.3,99.6,7.6397
20283.31,100.5,7.6397
20284.31,100.4,7.6417
20285.32,100.5,7.6417
20286.32,102.5,7.6418
20287.33,101.5,7.6418
20288.33,100.5,7.6418
20289.34,100.5,7.6418
20290.34,100.5,7.6418
20291.35,107.5,7.6418
20292.35,99.5,7.6418
20293.36,99.5,7.6418
20294.36,100.5,7.6418
20295.37,101.6,7.6418
20296.37,99.5,7.6418
20297.38,101.5,7.6418
20298.38,101.5,7.6418
20299.39,100.5,7.6418
20300.39,100.5,7.6418
20301.4,100.5,7.6418
20302.4,100.5,7.6418
20303.41,101.5,7.6418
20304.41,99.5,7.6418
20305.42,102.5,7.6421
20306.42,99.5,7.6421
20307.43,101.5,7.6421
20308.43,99.5,7.6421
20309.44,101.5,7.6421
20310.44,100.5,7.6421
20311.45,100.5,7.6421
20312.45,99.5,7.6421
20313.46,101.5,7.6421
20314.46,100.5,7.6421
20315.47,100.5,7.6421
20316.47,99.5,7.6421
20317.48,100.5,7.6421
20318.48,100.5,7.6421
20319.49,100.5,7.6421
20320.49,101.5,7.6421
20321.5,101.5,7.6421
20322.5,103.5,7.6421
20323.51,99.5,7.6421
20324.51,101.5,7.6421
20325.52,101.5,7.6421
20326.52,99.5,7.6421
20327.53,99.5,7.6421
20328.53,101.5,7.6421
20329.54,100.5,7.6421
20330.54,101.5,7.6421
20331.55,101.5,7.6421
20332.55,99.5,7.6421
20333.56,101.5,7.6421
20334.56,100.5,7.6421
20335.57,100.5,7.6421
20336.57,101.5,7.6421
20337.58,100.5,7.6421
20338.58,100.5,7.6421
20339.59,2.0,2.7006
20340.59,319.3,3.0443
20341.6,352.8,3.165
20342.6,333.1,3.3003
20343.61,319.3,3.4885
20344.61,313.4,3.6783
20345.62,311.4,3.9779
20346.62,311.4,4.2493
20347.63,2.0,2.5826
20348.63,299.6,2.759
20349.64,334.3,2.9047
20350.64,6787.2,2.6565
20351.65,325.3,3.0861
20352.65,328.0,3.3259
20353.65,362.4,3.5611
20354.66,331.7,3.8165
20355.66,314.4,4.0443
20356.67,313.4,4.2819
20357.67,307.4,4.5712
20358.68,303.4,4.8366
20359.68,303.4,5.1299
20360.69,306.5,5.3904
20361.69,303.4,5.6545
20362.7,304.7,5.9078
20363.7,303.4,6.1703
20364.71,302.5,6.456
20365.71,305.4,6.6929
20366.72,304.4,6.9349
20367.73,301.4,7.2403
20368.73,302.3,7.477
20369.74,303.4,7.8459
20370.74,300.4,7.8459
20371.74,326.0,7.9474
20372.75,4974.9,2.6342
20373.75,336.3,3.0307
20374.75,308.1,3.3049
20375.76,358.2,3.5142
20376.76,337.2,3.7339
20377.77,323.1,3.992
20378.78,308.4,4.24
20379.78,307.4,4.5524
20380.79,307.6,4.8338
20381.79,306.4,5.1752
20382.8,295.6,5.4333
20383.8,305.4,5.7259
20384.8,311.1,6.0002
20385.81,306.4,6.3102
20386.81,306.5,6.5609
20387.82,307.4,6.8266
20388.82,303.7,7.1319
20389.83,301.4,7.386
20390.83,330.2,7.793
20391.84,268.6,7.894
20392.84,273.2,7.9514
20393.84,195.0,7.9767
20394.85,118.4,7.9767
20395.85,119.4,7.9767
20396.86,103.5,7.9767
20397.86,119.4,7.9767
20398.87,138.3,7.9888
20399.88,100.5,7.9888
20400.88,101.5,7.9891
20401.89,129.3,7.9891
20402.89,162.1,8.2886
20403.9,107.3,8.2887
20404.9,100.5,8.3066
20405.91,100.5,8.3066
20406.91,121.4,8.3066
20407.92,101.5,8.2925
20408.92,99.5,8.2925
20409.93,100.5,8.2925
20410.93,102.5,8.2925
20411.94,99.5,8.2925
20412.95,147.2,8.2936
20413.95,100.5,8.2936
20414.96,101.5,8.2936
20415.96,100.5,8.2936
20416.97,102.5,8.2936
20417.97,100.5,8.2936
20418.98,100.5,8.2936
20419.98,101.5,8.2936
20420.99,99.5,8.2936
20421.99,101.5,8.2936
20423.0,146.4,8.2944
20424.0,100.5,8.2944
20425.01,101.5,8.2944
20426.01,99.5,8.2944
20427.02,102.5,8.2944
20428.02,100.5,8.2944
20429.03,99.5,8.2944
20430.03,102.5,8.2945
20431.04,100.5,8.2945
20432.04,127.3,8.2945
20433.05,145.5,8.295
20434.05,100.5,8.295
20435.06,114.6,8.295
20436.06,102.5,8.295
20437.07,99.5,8.295
20438.07,100.2,8.295
20439.08,100.5,8.295
20440.09,101.5,8.295
20441.09,100.4,8.295
20442.1,100.5,8.2952
20443.1,100.5,8.2952
20444.11,163.1,8.5957
20445.11,100.3,8.5957
20446.12,100.5,8.5959
20447.12,101.5,8.5959
20448.13,101.5,8.5959
20449.13,100.5,8.5959
20450.14,101.5,8.5959
20451.15,100.4,8.5959
20452.15,102.5,8.5959
20453.16,100.5,8.5959
20454.16,99.5,8.5959
20455.17,100.5,8.8022
20456.17,100.5,9.1241
20457.18,205.9,9.4243
20458.18,102.5,9.4243
20459.19,99.6,9.4243
20460.19,100.5,9.4243
20461.2,101.5,9.4243
20462.2,100.5,9.4243
20463.21,100.5,9.4243
20464.21,100.5,9.4243
20465.22,100.5,9.4243
20466.22,99.5,9.4243
20467.23,102.5,9.4243
20468.23,144.3,9.4244
20469.24,128.4,9.4277
20470.24,115.4,9.4277
20471.25,101.5,9.4277
20472.25,101.5,9.4277
20473.26,100.3,9.4277
20474.26,114.4,9.4277
20475.27,100.5,9.4277
20476.27,101.5,9.4277
20477.28,99.5,9.4277
20478.28,103.5,9.4277
20479.29,105.5,9.4277
20480.29,100.5,9.4277
20481.3,99.5,9.4277
20482.3,101.5,9.4277
20483.31,101.5,9.4277
20484.31,101.5,9.4277
20485.32,101.5,9.4277
20486.32,100.5,9.4277
20487.33,99.5,9.4277
20488.33,101.5,9.4277
20489.34,100.5,9.4277
20490.34,100.5,9.428
20491.35,101.5,9.428
20492.36,100.5,9.428
20493.36,100.5,9.428
20494.37,101.5,9.428
20495.37,100.5,9.428
20496.38,103.5,9.428
20497.38,99.6,9.428
20498.38,99.5,9.428
20499.39,101.6,9.428
20500.39,99.5,9.428
20501.4,101.5,9.428
20502.4,101.5,9.428
20503.41,100.3,9.428
20504.42,101.5,9.428
20505.42,99.5,9.428
20506.43,100.6,9.428
20507.43,101.5,9.428
20508.44,100.5,9.428
20509.44,101.5,9.428
20510.45,100.5,9.428
20511.45,100.6,9.428
20512.45,101.5,9.428
20513.46,100.4,9.428
20514.46,100.6,9.428
20515.47,101.5,9.428
20516.47,99.5,9.428
20517.48,101.5,9.428
20518.49,101.3,9.428
20519.49,101.5,9.428
20520.5,99.5,9.428
20521.5,100.5,9.428
20522.51,102.5,9.428
20523.51,100.5,9.428
20524.52,100.5,9.428
20525.52,101.5,9.428
20526.53,99.5,9.428
20527.53,100.5,9.428
20528.54,101.5,9.428
20529.54,102.5,9.428
20530.55,100.6,9.428
20531.55,101.5,9.428
20532.56,100.5,9.428
20533.56,99.5,9.428
20534.57,102.5,9.428
20535.57,100.5,9.428
20536.58,102.5,9.428
20537.58,99.5,9.428
20538.59,102.4,9.428
20539.59,101.5,9.428
20540.6,100.5,9.4282
20541.6,100.5,9.4282
20542.61,101.5,9.4282
20543.61,99.6,9.4282
20544.62,100.5,9.4282
20545.62,99.5,9.4282
20546.63,101.5,9.4282
20547.63,102.5,9.4282
20548.64,100.4,9.4282
20549.64,100.5,9.4282
20550.65,100.5,9.4282
20551.65,100.5,9.4282
20552.66,100.5,9.4282
20553.66,100.5,9.4282
20554.67,100.5,9.4282
20555.67,101.5,9.4282
20556.68,100.5,9.4282
20557.68,99.5,9.4282
20558.69,101.5,9.4282
20559.69,101.6,9.4282
20560.7,101.5,9.4282
20561.7,99.5,9.4282
20562.71,99.6,9.4282
20563.72,102.3,9.4282
20564.72,99.5,9.4282
20565.73,101.5,9.4282
20566.73,100.5,9.4282
20567.74,100.5,9.4283
20568.74,101.4,9.4283
20569.75,99.5,9.4283
20570.75,101.5,9.4283
20571.76,99.6,9.4283
20572.76,102.6,9.4283
20573.77,100.3,9.4283
20574.77,102.5,9.4283
20575.78,99.5,9.4283
20576.78,101.5,9.4283
20577.79,100.5,9.4283
20578.79,100.5,9.4283
20579.8,100.5,9.4283
20580.8,100.5,9.4283
20581.81,101.5,9.4283
20582.81,99.5,9.4283
20583.82,99.5,9.4283
20584.82,103.5,9.4283
20585.83,99.6,9.4285
20586.83,102.5,9.4285
20587.84,99.5,9.4285
20588.84,100.5,9.4285
20589.85,100.5,9.4285
20590.85,101.5,9.4288
20591.86,100.5,9.4288
20592.86,100.5,9.4288
20593.87,100.5,9.4288
20594.87,101.5,9.4288
20595.88,100.5,9.4288
20596.88,100.5,9.4288
20597.89,101.4,9.4288
20598.9,101.5,9.4288
20599.9,100.5,9.4288
20600.91,100.5,9.4288
20601.91,101.5,9.4288
20602.92,99.5,9.4288
20603.92,101.5,9.4288
20604.93,101.5,9.4288
20605.93,101.5,9.4288
20606.94,100.5,9.4288
20607.94,102.5,9.4288
20608.95,101.5,9.4288
20609.95,100.5,9.4288
20610.96,100.5,9.4288
20611.96,100.5,9.4288
20612.97,100.5,9.4288
20613.97,100.5,9.4288
20614.98,100.5,9.4288
20615.98,99.5,9.4288
20616.99,101.5,9.4288
20617.99,101.5,9.4288
20619.0,99.6,9.4288
20620.0,100.5,9.4288
20621.01,102.5,9.4288
20622.01,100.5,9.4288
20623.02,99.5,9.4288
20624.02,101.4,9.4288
20625.03,102.5,9.4288
20626.03,99.5,9.4288
20627.04,100.6,9.4288
20628.04,101.5,9.4288
20629.05,100.3,9.4288
20630.05,100.5,9.4288
20631.06,100.5,9.429
20632.06,101.5,9.429
20633.07,100.5,9.429
20634.07,101.5,9.429
20635.08,99.6,9.429
20636.08,100.5,9.429
20637.09,101.5,9.429
20638.09,99.5,9.429
20639.1,101.5,9.429
20640.1,99.5,9.429
20641.11,100.6,9.429
20642.11,103.5,9.429
20643.12,100.5,9.429
20644.12,100.5,9.429
20645.13,100.6,9.429
20646.13,101.5,9.429
20647.14,100.5,9.429
20648.14,100.5,9.429
20649.15,100.4,9.429
20650.16,101.5,9.429
20651.16,100.5,9.429
20652.17,101.5,9.4293
20653.17,100.5,9.4293
20654.18,100.5,9.4293
20655.18,101.5,9.4293
20656.19,100.5,9.4293
20657.19,100.5,9.4293
20658.2,100.5,9.4293
20659.2,100.4,9.4293
20660.21,100.5,9.4293
20661.21,101.5,9.4293
20662.22,101.5,9.4293
20663.22,100.5,9.4293
20664.23,99.5,9.4293
20665.23,100.5,9.4293
20666.24,100.5,9.4293
20667.24,100.5,9.4293
20668.25,102.5,9.4293
20669.25,99.5,9.4293
20670.26,100.5,9.4293
20671.26,101.5,9.4293
20672.27,100.5,9.4293
20673.27,2.0,2.7405
20674.27,341.3,2.9185
20675.28,341.2,3.2518
20676.28,326.8,3.5671
20677.29,2.0,2.5666
20678.29,300.1,2.7925
20679.29,354.8,2.9669
20680.3,326.5,3.2362
20681.3,318.2,3.4984
20682.31,337.5,3.6896
20683.31,2.0,2.6936
20684.32,345.1,2.9108
20685.32,2.0,2.5999
20686.32,329.8,2.7906
20687.33,361.0,2.9614
20688.33,334.0,2.4896
20689.33,2.0,2.7445
20690.34,334.9,2.867
20691.34,345.0,3.0695
20692.34,1.0,2.6542
20693.35,343.0,2.8663
20694.35,364.9,3.1536
20695.35,0.0,2.7402
20696.35,308.2,2.8582
20697.36,336.3,3.0958
20698.36,317.8,3.3683
20699.37,337.3,2.4898
20700.37,3.0,2.7408
20701.37,314.1,2.8785
20702.38,339.3,3.143
20703.38,328.0,3.4623
20704.39,332.5,3.7387
20705.39,140.3,4.0706
20706.4,131.3,4.3531
20707.4,146.2,4.6427
20708.41,101.5,4.9281
20709.41,116.4,5.2772
20710.42,117.4,5.6889
20711.42,101.5,6.0965
20712.43,100.5,6.4979
20713.43,100.5,6.8886
20714.44,121.4,7.2806
20715.44,130.3,7.5923
20716.45,100.5,7.6963
20717.45,103.5,7.7031
20718.46,100.5,7.7031
20719.46,100.5,7.7031
20720.47,100.5,7.7033
20721.48,104.5,7.7033
20722.48,100.5,7.7033
20723.49,99.5,7.7033
20724.49,101.5,7.7033
20725.5,138.3,7.7033
20726.5,100.5,7.7033
20727.51,116.4,7.7777
20728.51,104.5,7.8224
20729.52,100.5,7.8224
20730.52,100.5,7.8224
20731.53,99.5,7.8224
20732.53,102.5,7.8225
20733.54,101.5,7.8225
20734.54,99.5,7.8225
20735.55,101.5,7.8225
20736.55,100.5,7.8228
20737.56,100.5,7.8228
20738.56,100.5,7.8228
20739.57,117.4,7.8233
20740.57,100.5,7.8233
20741.58,101.5,7.8233
20742.59,99.5,7.8233
20743.59,101.5,7.8233
20744.6,99.5,7.8233
20745.6,101.5,7.8233
20746.61,100.5,7.8233
20747.61,100.5,7.8233
20748.62,100.5,7.8233
20749.62,103.5,7.8233
20750.63,112.4,7.8233
20751.63,99.5,7.8233
20752.64,101.5,7.8233
20753.64,101.5,7.8233
20754.65,100.5,7.8233
20755.65,101.5,7.8233
20756.66,100.7,7.8233
20757.66,100.7,7.8233
20758.66,99.5,7.8233
20759.67,101.5,7.8233
20760.67,100.5,7.8233
20761.68,99.5,7.8233
20762.68,114.4,7.8237
20763.69,102.5,7.8237
20764.7,101.5,7.8237
20765.7,99.5,7.8237
20766.71,118.4,7.8237
20767.71,100.5,7.8237
20768.72,99.5,7.8237
20769.72,101.5,7.8237
20770.73,101.5,7.8239
20771.73,103.5,7.8239
20772.74,100.5,7.8239
20773.74,107.6,7.849
20774.75,110.4,7.8956
20775.75,100.5,7.8956
20776.76,101.5,7.8956
20777.76,100.5,7.8956
20778.77,99.6,7.8956
20779.77,101.6,7.8956
20780.77,101.5,7.8956
20781.78,100.5,7.8956
20782.79,100.5,7.8956
20783.79,100.5,7.8956
20784.79,100.7,7.9767
20785.8,100.5,8.3654
20786.8,100.5,8.6889
20787.81,101.5,9.0821
20788.81,126.3,9.3283
20789.82,102.5,9.3283
20790.82,98.5,9.3283
20791.83,102.5,9.3283
20792.84,101.5,9.3283
20793.84,99.5,9.3283
20794.85,100.5,9.3283
20795.85,100.5,9.3283
20796.86,100.5,9.3283
20797.86,99.7,9.3283
20798.86,102.7,9.3283
20799.87,100.5,9.3283
20800.87,102.5,9.3283
20801.88,99.5,9.3283
20802.88,102.7,9.3298
20803.88,100.5,9.3298
20804.89,101.5,9.3298
20805.9,99.5,9.3298
20806.9,101.5,9.3298
20807.91,99.5,9.3298
20808.91,100.5,9.3298
20809.91,101.7,9.3298
20810.91,101.8,9.3298
20811.92,106.5,9.3298
20812.92,100.5,9.3298
20813.93,100.7,9.3298
20814.93,99.5,9.3298
20815.94,101.5,9.33
20816.94,101.5,9.33
20817.95,100.5,9.3307
20818.95,101.7,9.3307
20819.96,100.5,9.3307
20820.96,100.5,9.3307
20821.97,100.5,9.3309
20822.97,100.5,9.3309
20823.98,101.5,9.3309
20824.98,102.5,9.3309
20825.99,99.5,9.3309
20826.99,100.6,9.3309
20828.0,101.5,9.3309
20829.0,99.6,9.3309
20830.01,100.5,9.3309
20831.01,100.5,9.3309
20832.02,101.5,9.332
20833.02,99.5,9.332
20834.03,100.5,9.332
20835.03,102.5,9.332
20836.04,99.5,9.332
20837.04,100.5,9.332
20838.05,101.5,9.332
20839.05,99.5,9.332
20840.06,102.5,9.332
20841.06,101.5,9.332
20842.07,99.5,9.332
20843.07,101.5,9.332
20844.08,100.5,9.332
20845.08,101.5,9.3324
20846.09,100.5,9.3324
20847.09,100.5,9.3324
20848.1,100.5,9.3324
20849.1,100.5,9.3324
20850.11,101.5,9.3324
20851.11,99.5,9.3324
20852.12,101.5,9.3324
20853.13,99.5,9.3324
20854.13,101.5,9.3324
20855.14,99.5,9.3324
20856.14,102.5,9.3324
20857.15,101.5,9.3324
20858.15,99.5,9.3324
20859.16,100.5,9.3334
20860.16,100.5,9.3334
20861.17,100.5,9.3337
20862.17,100.5,9.3337
20863.18,101.5,9.3337
20864.18,99.5,9.3337
20865.19,101.5,9.3337
20866.19,101.5,9.3337
20867.2,100.5,9.3337
20868.2,99.5,9.3337
20869.21,101.5,9.3337
20870.21,101.5,9.3337
20871.22,100.5,9.3337
20872.23,99.5,9.3339
20873.23,102.5,9.3341
20874.24,99.5,9.3341
20875.24,100.5,9.3341
20876.25,102.5,9.3341
20877.25,99.5,9.3341
20878.26,101.5,9.3341
20879.26,101.5,9.3341
20880.27,99.5,9.3341
20881.27,101.5,9.3341
20882.28,101.5,9.3341
20883.28,100.5,9.3341
20884.29,100.5,9.3341
20885.29,100.5,9.3341
20886.3,101.5,9.3346
20887.3,101.5,9.3346
20888.31,99.5,9.3346
20889.31,100.5,9.3346
20890.32,101.6,9.3346
20891.32,99.5,9.3346
20892.33,101.5,9.3346
20893.33,100.5,9.3346
20894.34,101.5,9.3346
20895.34,100.5,9.3346
20896.35,100.5,9.3346
20897.35,101.5,9.3346
20898.36,99.6,9.3346
20899.36,100.5,9.3346
20900.37,101.5,9.3346
20901.37,101.5,9.3348
20902.38,100.5,9.3348
20903.38,99.5,9.3348
20904.39,101.5,9.3348
20905.39,100.5,9.335
20906.4,100.5,9.335
20907.41,101.5,9.3353
20908.41,100.5,9.3353
20909.42,100.5,9.3353
20910.42,99.5,9.3353
20911.43,101.5,9.3353
20912.43,100.5,9.3353
20913.44,101.5,9.3353
20914.44,102.5,9.3353
20915.45,100.5,9.336
20916.45,99.5,9.336
20917.46,101.5,9.336
20918.46,100.5,9.336
20919.47,100.5,9.336
20920.47,100.5,9.336
20921.48,100.5,9.336
20922.48,100.5,9.336
20923.49,99.5,9.336
20924.49,102.5,9.336
20925.5,99.5,9.336
20926.5,100.5,9.336
20927.51,100.5,9.336
20928.52,101.5,9.336
20929.52,101.5,9.3369
20930.53,101.5,9.3369
20931.53,100.5,9.3369
20932.54,100.5,9.3369
20933.54,100.5,9.3369
20934.55,101.5,9.3369
20935.55,99.5,9.3369
20936.56,100.5,9.3369
20937.56,101.5,9.3369
20938.57,101.5,9.3369
20939.57,99.5,9.3369
20940.58,101.5,9.3369
20941.58,100.5,9.3369
20942.59,101.5,9.3369
20943.59,101.5,9.3371
20944.6,100.5,9.3371
20945.6,100.5,9.3371
20946.61,101.5,9.3371
20947.61,102.5,9.3371
20948.62,99.5,9.3371
20949.62,100.5,9.3371
20950.63,101.5,9.3371
20951.63,98.7,9.3371
20952.64,101.5,9.3371
20953.64,102.5,9.3371
20954.65,99.5,9.3371
20955.65,100.5,9.3374
20956.66,100.6,9.3374
20957.66,101.5,9.3378
20958.67,100.5,9.3378
20959.67,100.5,9.3378
20960.68,99.5,9.3378
20961.68,101.5,9.3378
20962.69,101.5,9.3378
20963.69,101.5,9.3378
20964.7,100.5,9.3378
20965.7,100.5,9.3378
20966.71,99.5,9.3378
20967.71,101.5,9.3378
20968.72,101.5,9.3378
20969.72,99.5,9.3378
20970.73,101.5,9.3378
20971.73,102.5,9.338
20972.74,101.5,9.338
20973.74,100.5,9.338
20974.75,100.5,9.338
20975.76,102.5,9.338
20976.76,99.5,9.338
20977.77,101.5,9.338
20978.77,101.5,9.338
20979.78,100.5,9.338
20980.78,101.5,9.338
20981.79,99.5,9.338
20982.79,100.5,9.338
20983.8,100.5,9.338
20984.8,100.5,9.338
20985.81,102.5,9.338
20986.81,101.5,9.3385
20987.82,101.5,9.3385
20988.82,99.5,9.3385
20989.83,100.5,9.3385
20990.83,101.5,9.3385
20991.84,99.5,9.3388
20992.84,101.5,9.3388
20993.85,99.5,9.3388
20994.85,101.5,9.3388
20995.86,99.5,9.3388
20996.87,100.4,9.3388
20997.87,103.5,9.3388
20998.88,99.5,9.3388
20999.88,101.6,2.6162
21000.88,271.7,2.7855
21001.89,270.3,2.8833
21002.89,298.2,3.1772
21003.89,300.2,3.4525
21004.9,291.9,2.4929
21005.9,1.0,2.7521
21006.9,327.2,2.9268
21007.91,323.5,3.248
21008.91,336.8,3.5184
21009.91,1.0,2.6238
21010.92,327.2,2.8133
21011.92,340.8,2.9982
21012.92,318.1,3.2497
21013.93,334.9,3.4678
21014.93,259.7,2.4929
21015.93,1.0,2.7855
21016.94,339.3,2.9806
21017.94,327.3,3.3167
21018.95,340.5,3.5373
21019.95,276.6,3.7881
21020.96,133.3,4.0648
21021.96,128.3,4.3471
21022.97,125.3,4.6325
21023.97,113.6,4.9537
21024.98,102.5,5.3632
21025.98,112.4,5.7731
21026.99,102.5,6.1777
21027.99,103.5,6.5789
21029.0,101.5,6.9898
21030.01,111.4,7.407
21031.01,128.3,7.6847
21032.02,100.5,7.7001
21033.02,99.5,7.7001
21034.03,102.5,7.7001
21035.03,102.5,7.7001
21036.04,99.5,7.7001
21037.04,101.5,7.7001
21038.05,100.5,7.7001
21039.05,101.5,7.7001
21040.06,250.7,7.7083
21041.06,147.2,7.7112
21042.07,118.4,7.8296
21043.07,101.5,7.8296
21044.08,100.5,7.8299
21045.08,101.5,7.8299
21046.09,101.5,7.8146
21047.09,99.5,7.8146
21048.1,102.5,7.8147
21049.1,100.5,7.8147
21050.11,101.5,7.8147
21051.11,99.5,7.8147
21052.12,101.5,7.8147
21053.12,115.4,7.8154
21054.13,101.6,7.8154
21055.13,99.5,7.8154
21056.14,101.6,7.8154
21057.14,99.5,7.8154
21058.15,102.5,7.8154
21059.15,100.5,7.8154
21060.16,101.6,7.8154
21061.16,100.5,7.8154
21062.17,102.5,7.8154
21063.17,116.4,7.8157
21064.18,101.6,7.8157
21065.18,100.5,7.8157
21066.19,100.5,7.8157
21067.19,100.5,7.8157
21068.2,102.5,7.8157
21069.2,100.5,7.8157
21070.21,100.5,7.8157
21071.21,100.5,7.8157
21072.22,101.6,7.8157
21073.22,99.5,7.8157
21074.23,101.5,7.8157
21075.23,101.5,7.8157
21076.24,113.4,7.8158
21077.24,101.5,7.816
21078.25,99.5,7.816
21079.25,101.5,7.816
21080.26,116.4,7.816
21081.26,99.5,7.816
21082.27,102.5,7.816
21083.28,100.5,7.816
21084.28,100.5,7.816
21085.29,100.5,7.816
21086.29,101.5,7.816
21087.3,100.5,7.816
21088.3,117.4,7.888
21089.31,100.5,7.888
21090.31,101.5,7.888
21091.32,101.5,7.8882
21092.32,101.5,7.8882
21093.33,99.5,7.8882
21094.33,99.5,7.8882
21095.34,101.6,7.8882
21096.34,100.5,7.8882
21097.35,100.5,7.8882
21098.35,99.5,8.0523
21099.36,102.5,8.4637
21100.36,99.5,8.807
21101.37,101.5,9.2038
21102.37,127.3,9.3209
21103.38,102.5,9.3209
21104.38,100.5,9.3209
21105.39,100.5,9.3209
21106.39,100.5,9.3209
21107.4,101.5,9.3209
21108.4,100.5,9.3209
21109.41,100.5,9.3209
21110.41,100.6,9.3209
21111.42,101.5,9.3209
21112.42,99.5,9.3209
21113.43,101.5,9.3209
21114.43,100.5,9.3209
21115.44,99.5,9.3209
21116.44,101.5,9.3221
21117.45,102.5,9.3221
21118.46,101.5,9.3221
21119.46,100.5,9.3221
21120.47,100.5,9.3221
21121.47,100.3,9.3221
21122.48,100.5,9.3221
21123.48,103.5,9.3221
21124.49,101.5,9.3221
21125.49,101.5,9.3221
21126.5,100.5,9.3221
21127.5,101.5,9.3221
21128.51,103.5,9.3221
21129.51,99.5,9.3221
21130.52,102.5,9.323
21131.52,100.4,9.323
21132.53,103.5,9.323
21133.53,100.5,9.323
21134.54,100.4,9.323
21135.55,99.5,9.323
21136.55,100.5,9.323
21137.56,101.5,9.323
21138.56,101.5,9.323
21139.57,101.5,9.323
21140.57,99.5,9.3232
21141.58,100.5,9.3232
21142.58,102.5,9.3232
21143.59,101.5,9.3232
21144.59,100.5,9.3242
21145.6,99.5,9.3242
21146.6,100.5,9.3242
21147.61,101.5,9.3242
21148.61,102.5,9.3242
21149.62,99.5,9.3242
21150.62,100.5,9.3242
21151.63,102.5,9.3242
21152.63,99.5,9.3242
21153.64,100.5,9.3242
21154.64,100.5,9.3242
21155.65,100.5,9.3242
21156.65,99.5,9.3242
21157.66,105.5,9.3248
21158.66,99.5,9.3248
21159.67,99.5,9.3248
21160.67,101.5,9.3248
21161.68,100.5,9.3248
21162.68,102.5,9.3251
21163.69,99.5,9.3251
21164.69,100.5,9.3251
21165.7,101.5,9.3251
21166.7,99.5,9.3251
21167.71,101.5,9.3251
21168.71,99.5,9.3251
21169.72,100.5,9.3251
21170.72,100.5,9.3251
21171.73,101.5,9.326
21172.73,100.5,9.326
21173.74,101.5,9.326
21174.74,99.5,9.326
21175.75,101.5,9.326
21176.76,101.5,9.326
21177.76,99.5,9.326
21178.77,100.5,9.326
21179.77,101.5,9.326
21180.78,100.5,9.326
21181.78,101.4,9.326
21182.79,101.5,9.326
21183.79,100.5,9.326
21184.8,99.5,9.326
21185.8,101.6,9.3262
21186.81,101.5,9.3262
21187.81,100.5,9.3262
21188.82,99.5,9.3262
21189.82,100.5,9.3262
21190.83,100.5,9.3262
21191.83,102.5,9.3262
21192.84,99.5,9.3262
21193.84,101.5,9.3262
21194.85,101.5,9.3262
21195.85,101.5,9.3262
21196.86,101.5,9.3262
21197.86,101.5,9.3262
21198.87,101.5,9.3267
21199.87,99.5,9.3267
21200.88,100.5,9.3268
21201.88,100.5,9.3268
21202.89,100.5,9.3268
21203.89,99.5,9.3268
21204.9,102.5,9.3268
21205.9,99.5,9.3268
21206.91,100.5,9.3268
21207.91,101.5,9.3268
21208.92,100.5,9.3268
21209.92,101.5,9.3268
21210.93,100.5,9.3268
21211.93,100.5,9.3268
21212.94,102.5,9.3268
21213.94,100.5,9.3272
21214.95,100.5,9.3272
21215.95,100.5,9.3272
21216.96,101.5,9.3272
21217.97,100.5,9.3272
21218.97,100.5,9.3272
21219.98,101.5,9.3272
21220.98,99.5,9.3273
21221.99,101.5,9.3273
21222.99,100.5,9.3273
21224.0,101.5,9.3273
21225.0,100.5,9.3273
21226.01,99.5,9.3273
21227.01,101.5,9.3273
21228.02,101.5,9.3278
21229.02,101.5,9.3278
21230.03,99.5,9.3278
21231.03,101.5,9.3278
21232.04,99.5,9.3278
21233.04,100.5,9.3278
21234.05,101.5,9.3278
21235.05,99.5,9.3278
21236.06,102.5,9.3278
21237.06,100.5,9.3278
21238.07,100.5,9.3278
21239.07,99.5,9.3278
21240.08,100.5,9.3281
21241.08,100.5,9.3281
21242.09,101.5,9.3289
21243.09,100.6,9.3289
21244.1,99.5,9.3289
21245.1,99.5,9.3289
21246.11,102.5,9.3289
21247.11,100.5,9.3289
21248.12,99.5,9.3289
21249.12,102.5,9.3289
21250.13,99.5,9.3289
21251.13,101.5,9.3289
21252.14,99.5,9.3289
21253.14,102.5,9.3289
21254.15,100.5,9.3289
21255.15,101.5,9.329
21256.16,100.5,9.329
21257.16,100.5,9.329
21258.17,102.5,9.329
21259.17,100.5,9.329
21260.18,100.5,9.329
21261.18,100.6,9.329
21262.19,102.5,9.329
21263.19,99.5,9.329
21264.2,100.6,9.329
21265.2,100.5,9.3293
21266.21,101.6,9.3295
21267.21,100.5,9.3295
21268.22,100.5,9.3295
21269.22,101.5,9.3297
21270.23,101.5,9.3297
21271.23,101.6,9.3297
21272.23,99.5,9.3297
21273.24,101.5,9.3297
21274.24,99.5,9.3299
21275.25,101.6,9.3299
21276.25,99.5,9.3299
21277.26,100.3,9.3299
21278.27,101.5,9.3299
21279.27,100.5,9.3299
21280.28,101.5,9.3299
21281.28,100.5,9.3299
21282.29,100.4,9.3299
21283.29,101.5,9.3304
21284.3,100.5,9.3304
21285.3,100.5,9.3304
21286.31,101.5,9.3304
21287.31,99.5,9.3304
21288.32,101.5,9.3304
21289.32,100.5,9.3304
21290.33,101.5,9.3304
21291.33,101.5,9.3304
21292.34,99.6,9.3304
21293.34,101.5,9.3304
21294.35,100.5,9.3304
21295.35,101.5,9.3304
21296.36,100.5,9.3304
21297.36,101.2,9.331
21298.37,101.5,9.331
21299.37,100.5,9.331
21300.38,100.5,9.331
21301.39,100.5,9.331
21302.39,101.5,9.331
21303.4,99.5,9.331
21304.4,100.5,9.331
21305.41,101.5,9.331
21306.41,100.5,9.331
21307.42,99.4,9.331
21308.42,101.5,9.331
21309.43,101.5,9.331
21310.43,101.5,9.3312
21311.44,100.5,9.3314
21312.44,101.5,9.3314
21313.45,99.5,9.3314
21314.45,100.5,9.3314
21315.46,100.7,2.6233
21316.46,323.0,2.8045
21317.46,346.2,2.9911
21318.47,316.3,3.3282
21319.47,338.3,3.57
21320.48,0.0,2.6491
21321.48,309.4,2.824
21322.48,351.1,3.0633
21323.49,321.7,3.4002
21324.49,2229.7,2.5293
21325.49,305.2,2.8128
21326.5,356.2,3.0449
21327.5,332.5,3.3691
21328.5,342.9,3.5621
21329.51,234.8,3.8524
21330.51,121.5,4.1315
21331.52,111.4,4.3571
21332.52,114.4,4.541
21333.53,105.5,4.7144
21334.53,104.5,4.8958
21335.54,115.4,5.065
21336.55,100.5,5.2462
21337.55,102.5,5.4209
21338.56,100.5,5.5886
21339.56,103.5,5.7495
21340.57,101.5,5.9472
21341.57,100.5,6.125
21342.58,101.5,6.2905
21343.58,114.5,6.4365
21344.59,153.2,6.5931
21345.59,99.5,6.7372
21346.6,102.5,6.8943
21347.6,101.5,7.0896
21348.61,100.5,7.2786
21349.61,101.5,7.4483
21350.62,126.4,7.5837
21351.62,102.5,7.6243
21352.63,101.5,7.697
21353.63,101.5,7.697
21354.64,101.6,7.6971
21355.64,100.6,7.6973
21356.65,101.5,7.6973
21357.65,100.5,7.6973
21358.66,101.5,7.6973
21359.66,99.5,7.6973
21360.67,102.5,7.6974
21361.67,103.5,7.6975
21362.68,101.5,7.6975
21363.68,101.5,7.6975
21364.69,101.5,7.6975
21365.69,99.5,7.6975
21366.7,101.5,7.6975
21367.7,101.5,7.6975
21368.71,99.5,7.6975
21369.71,101.5,7.6975
21370.72,155.2,7.7072
21371.72,101.5,7.7072
21372.73,102.3,7.7072
21373.74,100.5,7.7072
21374.74,100.5,7.7019
21375.74,100.7,7.7019
21376.75,101.5,7.7019
21377.75,99.5,7.7019
21378.76,99.5,7.7019
21379.76,101.5,7.7019
21380.77,101.5,7.7019
21381.77,115.4,7.7742
21382.78,100.5,7.8224
21383.78,102.5,7.8224
21384.79,100.5,7.8224
21385.8,100.5,7.8225
21386.8,102.5,7.8225
21387.81,99.5,7.8225
21388.81,100.5,7.8225
21389.82,100.5,7.8225
21390.82,100.5,7.8225
21391.83,101.6,7.8225
21392.83,101.5,7.8225
21393.84,98.5,7.8225
21394.84,100.5,7.8225
21395.85,102.5,7.8225
21396.85,100.5,7.8225
21397.86,101.5,7.8225
21398.86,100.5,7.8225
21399.87,101.5,7.8225
21400.87,101.5,7.8225
21401.88,100.5,7.8225
21402.88,109.4,7.8225
21403.89,117.4,7.8228
21404.89,100.5,7.8228
21405.89,100.6,7.8228
21406.9,115.4,7.8233
21407.91,101.5,7.8233
21408.91,100.5,7.8233
21409.92,101.5,7.8233
21410.92,99.5,7.8233
21411.93,102.5,7.8233
21412.93,100.5,7.8233
21413.94,101.5,7.8233
21414.94,99.6,7.8233
21415.94,100.5,7.8233
21416.95,102.5,7.8233
21417.96,101.5,7.8233
21418.96,99.5,7.8233
21419.97,101.5,7.8233
21420.97,100.5,7.8233
21421.98,100.5,7.8233
21422.98,100.5,7.8233
21423.99,100.5,7.8233
21424.99,100.5,7.8233
21426.0,101.5,7.8233
21427.0,100.5,7.8233
21428.0,100.6,7.8233
21429.01,101.5,7.8233
21430.01,102.5,7.8233
21431.02,100.5,7.8233
21432.03,100.5,7.8233
21433.03,112.4,7.8238
21434.04,103.5,7.8238
21435.04,99.8,7.8238
21436.04,101.5,7.824
21437.05,99.6,7.824
21438.05,102.5,7.824
21439.06,99.5,7.824
21440.06,100.5,7.824
21441.07,99.5,7.824
21442.07,100.5,7.824
21443.08,101.5,7.824
21444.08,100.5,7.824
21445.09,99.5,7.824
21446.09,101.5,7.824
21447.1,101.5,7.824
21448.1,100.5,7.824
21449.11,100.6,7.824
21450.11,100.5,7.824
21451.11,100.8,7.824
21452.12,105.6,7.824
21453.12,101.5,7.824
21454.13,99.5,7.824
21455.13,101.5,7.824
21456.14,101.5,7.824
21457.14,101.5,7.824
21458.15,100.5,7.824
21459.15,100.5,7.824
21460.16,100.7,7.824
21461.16,101.5,7.824
21462.17,101.5,7.824
21463.17,99.5,7.824
21464.18,101.5,7.824
21465.18,99.5,7.824
21466.19,101.5,7.824
21467.19,100.5,7.824
21468.2,6.0,2.6006
21469.2,302.6,2.7718
21470.21,352.2,2.9469
21471.21,2.0,2.6112
21472.21,288.7,2.7899
21473.22,363.1,2.9805
21474.22,320.4,2.4986
21475.23,3.0,2.7515
21476.23,319.1,2.8793
21477.23,330.4,3.1043
21478.24,313.4,3.3861
21479.24,340.2,3.608
21480.24,3.0,2.7218
21481.25,320.2,2.8614
21482.25,347.3,3.0945
21483.26,318.4,3.4235
21484.26,346.5,3.6136
21485.27,181.1,3.9034
21486.27,127.4,4.1756
21487.28,119.4,4.4286
21488.28,105.5,4.6819
21489.29,112.4,4.9208
21490.29,102.5,5.1602
21491.3,101.5,5.3939
21492.3,101.5,5.6307
21493.31,101.5,5.8524
21494.31,103.5,6.0913
21495.32,105.5,6.3186
21496.32,112.4,6.5379
21497.33,101.5,6.7768
21498.33,99.5,7.0275
21499.34,101.5,7.161
21500.34,100.5,7.2467
21501.35,99.5,7.3266
21502.35,100.5,7.4118
21503.36,126.4,7.5548
21504.36,100.6,7.5628
21505.37,101.5,7.6068
21506.37,100.5,7.6429
21507.38,101.5,7.7069
21508.38,100.6,7.7069
21509.39,101.5,7.7069
21510.39,101.5,7.7069
21511.4,100.5,7.7069
21512.4,101.5,7.7069
21513.41,101.4,7.7069
21514.41,100.5,7.7069
21515.42,99.5,7.7069
21516.42,101.5,7.7069
21517.43,101.5,7.7069
21518.43,99.5,7.7069
21519.44,99.5,7.7069
21520.44,101.5,7.7069
21521.45,101.5,7.7069
21522.45,99.5,7.7069
21523.46,101.6,7.7069
21524.46,100.5,7.7069
21525.47,101.5,7.7072
21526.47,103.5,7.7072
21527.48,99.5,7.7072
21528.48,99.5,7.7072
21529.49,100.6,7.7072
21530.49,102.5,7.7072
21531.5,101.5,7.7072
21532.5,99.5,7.7072
21533.51,100.5,7.7072
21534.51,102.5,7.7073
21535.52,99.5,7.7073
21536.52,99.5,7.7073
21537.53,100.5,7.7073
21538.54,101.5,7.7073
21539.54,100.5,7.7073
21540.55,100.5,7.7073
21541.55,101.5,7.7073
21542.56,100.5,7.7073
21543.56,101.5,7.7073
21544.57,99.6,7.7073
21545.57,102.5,7.7073
21546.58,110.4,7.7073
21547.58,104.5,7.7073
21548.59,100.5,7.7073
21549.59,119.4,7.8073
21550.6,99.5,7.827
21551.6,99.5,7.827
21552.61,103.5,7.827
21553.61,101.5,7.8273
21554.62,100.5,7.8273
21555.62,99.6,7.8273
21556.63,106.5,7.8273
21557.63,100.5,7.8273
21558.64,100.5,7.8273
21559.64,102.5,7.8273
21560.65,98.5,7.8273
21561.65,103.5,7.8273
21562.66,100.5,7.8273
21563.66,101.5,7.8273
21564.67,100.5,7.8273
21565.67,100.5,7.8275
21566.68,100.5,7.8275
21567.68,101.5,7.8275
21568.69,100.5,7.8275
21569.69,100.5,7.8275
21570.7,100.5,7.8278
21571.7,100.5,7.8278
21572.71,100.5,7.8278
21573.71,100.5,7.8278
21574.72,101.5,7.8278
21575.72,101.5,7.8278
21576.73,99.5,7.8278
21577.73,100.5,7.8278
21578.74,102.5,7.8278
21579.74,100.5,7.8278
21580.75,99.5,7.8278
21581.75,101.5,7.8278
21582.76,100.5,7.8278
21583.76,100.5,7.8278
21584.77,101.5,7.8278
21585.77,100.5,7.8278
21586.78,100.5,7.8278
21587.78,101.5,7.8278
21588.79,101.6,7.8278
21589.79,100.5,7.8278
21590.8,99.5,7.8278
21591.8,101.5,7.8278
21592.81,100.5,7.8278
21593.81,99.5,7.8278
21594.82,100.5,7.8278
21595.82,100.5,7.8278
21596.83,100.5,7.8278
21597.83,102.5,7.8278
21598.84,101.5,7.8278
21599.84,99.5,7.8278
21600.85,100.6,7.8278
21601.85,100.6,7.8278
21602.86,102.5,7.8278
21603.87,101.3,7.8278
21604.87,100.5,7.8278
21605.88,99.5,7.8278
21606.88,101.5,7.8278
21607.89,100.5,7.8278
21608.89,99.5,7.8278
21609.9,101.5,7.8278
21610.9,101.5,7.8278
21611.91,101.5,7.8278
21612.91,100.6,7.8278
21613.92,100.5,7.8278
21614.92,100.5,7.8278
21615.93,101.5,7.8278
21616.93,99.5,7.8278
21617.94,101.5,7.8278
21618.94,101.5,7.8278
21619.95,99.5,7.8278
21620.95,100.5,7.828
21621.96,100.5,7.828
21622.96,117.4,7.8285
21623.97,101.5,7.8285
21624.97,100.5,7.8285
21625.98,99.5,7.8285
21626.98,103.6,7.8285
21627.99,100.5,7.8285
21628.99,101.5,7.8285
21630.0,99.5,7.8285
21631.0,101.5,7.8285
21632.01,100.5,7.8285
21633.01,101.5,7.8285
21634.02,100.5,7.8285
21635.02,100.5,7.8285
21636.03,100.5,7.8285
21637.03,99.5,7.8285
21638.04,101.5,7.8285
21639.04,101.5,7.8287
21640.05,99.5,7.8287
21641.05,101.5,7.8287
21642.06,101.5,7.8287
21643.06,100.5,7.8287
21644.07,100.5,7.8287
21645.07,99.5,7.8287
21646.08,100.5,7.8287
21647.08,101.5,7.8287
21648.09,100.5,7.8287
21649.09,99.5,7.8287
21650.1,101.5,7.8287
21651.1,101.5,7.8287
21652.11,101.5,7.8287
21653.11,102.5,7.8287
21654.12,99.5,7.8287
21655.12,101.5,7.8287
21656.13,99.5,7.8287
21657.13,101.5,7.8287
21658.14,99.5,7.8287
21659.14,100.5,7.8287
21660.15,100.5,7.8287
21661.15,101.4,7.8287
21662.16,101.5,7.8287
21663.16,99.5,7.8287
21664.17,102.5,7.8287
21665.17,100.5,7.8287
21666.18,100.5,7.829
21667.19,100.5,7.829
21668.19,102.5,7.829
21669.19,99.6,7.829
21670.2,100.5,7.829
21671.2,99.5,7.829
21672.21,101.5,7.829
21673.21,100.5,7.829
21674.22,100.5,7.829
21675.23,101.5,7.829
21676.23,99.5,7.829
21677.24,101.5,7.829
21678.24,99.5,7.829
21679.25,101.5,7.829
21680.25,100.5,7.829
21681.26,100.5,7.829
21682.26,101.5,7.829
21683.27,100.5,7.829
21684.27,100.5,7.829
21685.28,100.5,7.829
21686.28,102.5,7.829
21687.29,99.5,7.829
21688.29,101.5,7.829
21689.3,100.5,7.829
21690.3,101.5,7.829
21691.31,99.5,7.829
21692.31,100.5,7.829
21693.32,101.5,7.829
21694.32,100.5,7.829
21695.33,102.5,7.829
21696.33,100.5,7.829
21697.34,100.5,7.829
21698.34,100.5,7.829
21699.35,100.5,7.829
21700.35,100.5,7.829
21701.36,101.5,7.829
21702.36,99.5,7.829
21703.37,101.5,7.829
21704.37,100.5,7.829
21705.38,101.6,7.829
21706.38,100.5,7.829
21707.39,102.5,7.829
21708.39,99.5,7.829
21709.4,100.5,7.829
21710.4,100.5,7.8292
21711.41,100.5,7.8292
21712.41,100.5,7.8292
21713.42,100.5,7.8292
21714.42,101.5,7.8292
21715.43,100.5,7.8292
21716.43,99.5,7.8292
21717.44,100.5,7.8292
21718.44,101.5,7.8292
21719.45,101.7,7.8292
21720.45,99.6,7.8292
21721.45,101.5,7.8292
21722.46,100.5,7.8292
21723.46,100.6,7.8295
21724.47,100.5,7.8295
21725.47,100.5,7.8295
21726.48,100.5,7.8295
21727.48,101.5,7.8295
21728.49,100.5,7.8295
21729.49,100.5,7.8295
21730.5,101.5,7.8295
21731.5,100.5,7.8295
21732.51,102.5,7.8295
21733.51,101.5,7.8295
21734.52,101.5,7.8295
21735.53,101.5,7.8295
21736.53,99.5,7.8295
21737.53,100.5,7.8295
21738.54,100.5,7.8295
21739.54,100.5,7.8295
21740.55,100.5,7.8295
21741.56,100.5,7.8295
21742.56,101.5,7.8295
21743.57,102.5,7.8295
21744.57,101.5,7.8295
21745.58,99.5,7.8295
21746.58,101.5,7.8295
21747.59,99.5,7.8295
21748.59,100.5,7.8295
21749.6,101.5,7.8295
21750.6,100.5,7.8297
21751.61,101.5,7.8297
21752.61,101.5,7.8297
21753.62,99.5,7.8297
21754.62,101.5,7.8297
21755.63,100.5,7.8297
21756.63,100.5,7.8297
21757.64,100.5,7.8297
21758.64,100.5,7.8297
21759.65,100.6,7.8297
21760.65,101.5,7.8297
21761.66,100.5,7.8297
21762.66,100.5,7.8297
21763.67,100.6,7.8297
21764.67,101.5,7.8297
21765.68,99.5,7.8297
21766.68,101.5,7.8297
21767.69,101.5,7.8297
21768.69,101.5,7.8297
21769.7,99.5,7.8297
21770.7,101.5,7.8297
21771.71,101.5,7.8297
21772.71,100.5,7.8297
21773.72,100.5,7.8297
21774.72,100.5,7.8297
21775.73,101.5,7.8297
21776.73,99.5,7.8297
21777.74,101.5,7.8297
21778.74,100.5,7.8297
21779.75,101.4,2.6126
21780.75,310.9,2.8011
21781.75,347.9,3.0083
21782.76,330.3,3.341
21783.76,341.9,3.5862
21784.77,313.4,3.7754
21785.77,222.3,3.9788
21786.78,112.4,4.1652
21787.78,119.4,4.3415
21788.79,130.4,4.5182
21789.79,103.5,4.704
21790.8,103.5,4.9412
21791.8,103.5,5.1704
21792.81,121.4,5.3995
21793.81,220.9,5.6345
21794.82,244.7,5.8843
21795.82,154.2,6.125
21796.83,107.5,6.3606
21797.83,102.5,6.5769
21798.84,104.5,6.8086
21799.84,103.5,7.036
21800.85,100.5,7.2593
21801.85,99.5,7.345
21802.86,99.5,7.435
21803.86,141.6,7.5856
21804.86,101.7,7.5856
21805.87,99.5,7.6272
21806.87,103.5,7.6376
21807.88,100.5,7.6922
21808.88,100.5,7.7379
21809.89,99.5,7.7379
21810.89,99.5,7.7379
21811.9,102.5,7.7379
21812.9,100.5,7.7379
21813.91,100.5,7.7379
21814.91,100.5,7.7379
21815.92,100.5,7.7379
21816.92,99.5,7.7379
21817.93,101.5,7.7379
21818.93,101.5,7.738
21819.94,100.5,7.738
21820.94,99.5,7.738
21821.95,101.5,7.738
21822.95,99.5,7.738
21823.96,101.5,7.738
21824.97,101.5,7.738
21825.97,101.5,7.738
21826.98,104.5,7.738
21827.98,99.5,7.738
21828.99,101.5,7.738
21829.99,102.5,7.738
21831.0,100.5,7.738
21832.0,100.5,7.738
21833.01,101.5,7.738
21834.01,100.5,7.738
21835.02,100.5,7.738
21836.02,100.5,7.738
21837.03,152.2,7.738
21838.03,108.4,7.738
21839.04,101.5,7.738
21840.04,101.5,7.738
21841.05,101.5,7.738
21842.05,102.5,7.738
21843.06,100.5,7.738
21844.06,101.5,7.738
21845.07,100.5,7.738
21846.07,100.5,7.7383
21847.08,129.3,7.7383
21848.08,105.5,7.7383
21849.09,100.5,7.7383
21850.09,121.4,7.8101
21851.1,100.5,7.8581
21852.1,101.5,7.8581
21853.11,100.5,7.8581
21854.11,100.5,7.8581
21855.12,99.5,7.8581
21856.12,113.4,7.8581
21857.13,99.6,7.8581
21858.13,104.5,7.8581
21859.14,99.5,7.8581
21860.14,99.5,7.8581
21861.15,101.5,7.8581
21862.15,100.5,7.8581
21863.16,101.5,7.8581
21864.16,100.5,7.8581
21865.17,100.5,7.8581
21866.17,102.5,7.8581
21867.18,101.5,7.8581
21868.18,99.5,7.8581
21869.19,100.5,7.8581
21870.19,101.5,7.8581
21871.2,100.5,7.8581
21872.2,100.5,7.8581
21873.21,100.5,7.8581
21874.21,101.5,7.8581
21875.22,100.5,7.8581
21876.22,100.5,7.8581
21877.23,100.5,7.8581
21878.23,99.5,7.8581
21879.24,102.5,7.8581
21880.24,100.5,7.8581
21881.25,102.5,7.8581
21882.25,99.5,7.8581
21883.26,100.5,7.8581
21884.27,100.5,7.8581
21885.27,101.5,7.8581
21886.28,99.5,7.8581
21887.28,100.5,7.8581
21888.29,101.5,7.8581
21889.29,100.5,7.8581
21890.3,99.5,7.8581
21891.3,100.5,7.8584
21892.31,100.5,7.8584
21893.31,101.5,7.8584
21894.32,101.5,7.8586
21895.32,100.5,7.8586
21896.33,100.5,7.8586
21897.33,99.5,7.8586
21898.34,102.5,7.8586
21899.34,100.5,7.8586
21900.35,99.5,7.8586
21901.35,101.5,7.8586
21902.36,102.5,7.8586
21903.36,99.5,7.8586
21904.37,100.5,7.8586
21905.37,100.5,7.8586
21906.38,100.5,7.8586
21907.38,100.5,7.8586
21908.39,99.5,7.8586
21909.39,100.5,7.8586
21910.4,101.5,7.8586
21911.4,102.5,7.8586
21912.41,99.5,7.8586
21913.41,117.4,7.8591
21914.42,99.5,7.8591
21915.42,100.5,7.8591
21916.43,102.5,7.8591
21917.43,100.5,7.8591
21918.44,100.5,7.8591
21919.44,99.5,7.8591
21920.45,102.5,7.8591
21921.45,100.5,7.8591
21922.46,100.5,7.8591
21923.46,100.5,7.8591
21924.47,100.5,7.8591
21925.47,101.4,7.8591
21926.48,100.5,7.8591
21927.49,99.5,7.8591
21928.49,101.5,7.8591
21929.5,99.5,7.8591
21930.5,100.5,7.8592
21931.51,101.5,7.8592
21932.51,102.5,7.8592
21933.52,99.5,7.8592
21934.52,100.5,7.8592
21935.53,100.5,7.8595
21936.53,101.5,7.8595
21937.54,99.5,7.8595
21938.54,102.5,7.8595
21939.55,100.5,7.8595
21940.55,99.7,7.8595
21941.55,101.5,7.8595
21942.56,101.5,7.8595
21943.56,99.5,7.8595
21944.57,101.5,7.8595
21945.57,101.5,7.8595
21946.58,100.5,7.8595
21947.58,99.5,7.8595
21948.59,101.5,7.8595
21949.6,99.5,7.8595
21950.6,100.5,7.8595
21951.61,101.5,7.8595
21952.61,101.5,7.8595
21953.61,100.7,7.8595
21954.62,101.5,7.8595
21955.62,100.5,7.8595
21956.63,99.5,7.8595
21957.63,101.5,7.8595
21958.64,99.5,7.8595
21959.64,100.5,7.8595
21960.65,100.5,7.8595
21961.65,101.7,7.8595
21962.66,99.5,7.8595
21963.66,101.5,7.8595
21964.66,100.7,7.8595
21965.67,100.4,7.8595
21966.68,100.5,7.8595
21967.68,100.5,7.8595
21968.69,101.5,7.8595
21969.69,102.5,7.8595
21970.7,99.5,7.8595
21971.7,102.5,7.8595
21972.71,99.5,7.8595
21973.71,100.5,7.8595
21974.72,100.5,7.8595
21975.72,101.8,7.8595
21976.72,99.5,7.8595
21977.73,99.6,7.8597
21978.73,100.5,7.8597
21979.74,101.5,7.8597
21980.74,102.5,7.8597
21981.75,99.6,7.8597
21982.75,104.5,7.8597
21983.76,100.5,7.8597
21984.76,100.5,7.8597
21985.77,99.5,7.86
21986.77,101.5,7.86
21987.78,101.5,7.86
21988.79,100.3,7.86
21989.79,100.5,7.86
21990.8,100.5,7.86
21991.8,100.7,7.86
21992.8,99.8,7.86
21993.81,100.5,7.86
21994.81,100.5,7.86
21995.82,100.5,7.86
21996.82,101.5,7.86
21997.83,100.3,7.86
21998.83,100.5,7.86
21999.83,100.7,7.86
22000.84,101.7,7.86
22001.84,100.5,7.86
22002.85,99.5,7.86
22003.85,101.5,7.86
22004.86,99.5,7.86
22005.86,100.5,7.86
22006.87,101.5,7.86
22007.87,100.5,7.86
22008.88,99.5,7.86
22009.88,100.5,7.86
22010.89,100.6,7.86
22011.89,101.5,7.86
22012.9,100.5,7.86
22013.9,99.5,7.86
22014.91,100.5,7.86
22015.91,100.5,7.86
22016.92,101.5,7.86
22017.92,100.5,7.86
22018.93,100.5,7.86
22019.93,102.5,7.86
22020.94,100.5,7.86
22021.94,98.8,7.86
22022.94,100.5,7.86
22023.95,102.5,7.86
22024.95,99.5,7.86
22025.96,100.6,7.86
22026.96,99.5,7.86
22027.97,101.5,7.86
22028.97,99.5,7.86
22029.98,100.5,7.86
22030.98,100.5,7.8605
22031.99,102.5,7.8605
22033.0,100.4,7.8605
22034.0,100.5,7.8605
22035.01,101.5,7.8605
22036.01,100.5,7.8605
22037.01,100.6,7.8605
22038.02,99.5,7.8605
22039.02,100.5,7.8605
22040.03,100.5,7.8605
22041.03,101.5,7.8605
22042.04,99.5,7.8605
22043.05,101.5,7.8605
22044.05,101.5,7.8605
22045.06,100.5,7.8605
22046.06,99.5,7.8605
22047.07,101.5,7.8605
22048.07,99.5,7.8605
22049.08,101.5,7.8605
22050.08,100.5,7.8605
22051.09,100.5,7.8605
22052.09,101.5,7.8605
22053.1,100.5,7.8605
22054.1,100.5,7.8605
22055.11,100.5,7.8605
22056.11,100.5,7.8605
22057.12,101.5,7.8605
22058.12,99.5,7.8605
22059.13,101.5,7.8605
22060.13,99.5,7.8605
22061.14,102.5,7.8605
22062.14,100.5,7.8605
22063.15,100.5,7.8608
22064.15,101.5,7.8608
22065.16,100.5,7.8608
22066.16,100.5,7.8608
22067.17,100.5,7.8608
22068.17,99.5,7.8608
22069.18,101.5,7.8608
22070.18,100.5,7.8608
22071.19,100.5,7.8608
22072.19,99.5,7.8608
22073.2,102.5,7.8608
22074.2,99.5,7.8608
22075.21,102.5,7.8608
22076.21,99.5,7.861
22077.22,99.5,7.861
22078.22,101.5,7.861
22079.23,101.5,7.861
22080.23,2.0,2.7029
22081.23,310.1,2.8499
22082.24,349.5,3.1318
22083.24,315.4,3.439
22084.25,328.3,2.5059
22085.25,2.0,2.8016
22086.26,344.4,2.9618
22087.27,331.6,3.2225
22088.27,333.0,3.4782
22089.27,340.3,3.6689
22090.28,196.0,3.9315
22091.28,125.4,4.214
22092.29,147.2,4.6083
22093.29,105.5,4.9995
22094.3,125.4,5.3873
22095.3,107.5,5.7765
22096.31,101.3,6.1556
22097.31,101.5,6.5394
22098.32,100.5,6.9236
22099.32,108.5,7.308
22100.33,127.4,7.6063
22101.34,100.5,7.7063
22102.34,103.5,7.7063
22103.35,102.5,7.7063
22104.35,99.5,7.7063
22105.36,101.5,7.7063
22106.36,100.5,7.7063
22107.37,102.5,7.7063
22108.37,99.5,7.7063
22109.38,104.5,7.7063
22110.38,100.5,7.7063
22111.39,128.4,7.7063
22112.39,117.4,7.8252
22113.4,100.5,7.8253
22114.4,99.5,7.8253
22115.41,103.5,7.8254
22116.41,101.4,7.8254
22117.42,100.5,7.8254
22118.42,101.5,7.8254
22119.43,100.5,7.8254
22120.43,100.5,7.8256
22121.44,100.5,7.8256
22122.44,101.5,7.8256
22123.45,115.4,7.8259
22124.45,101.5,7.8259
22125.46,100.5,7.8259
22126.46,100.5,7.8259
22127.47,101.5,7.8259
22128.47,99.5,7.8259
22129.48,102.5,7.8259
22130.48,100.5,7.8259
22131.49,99.5,7.8259
22132.49,102.5,7.8259
22133.5,107.6,7.8259
22134.5,107.6,7.8259
22135.51,101.5,7.8259
22136.51,101.4,7.8259
22137.52,100.5,7.8259
22138.52,99.6,7.8259
22139.53,100.5,7.8259
22140.53,101.5,7.8259
22141.54,99.3,7.8259
22142.54,101.5,7.8259
22143.55,99.5,7.8259
22144.55,105.5,7.8259
22145.56,114.4,7.8264
22146.56,101.5,7.8264
22147.57,102.5,7.8266
22148.57,100.5,7.8266
22149.58,99.5,7.8266
22150.58,100.5,7.8266
22151.59,101.4,7.8266
22152.6,100.5,7.8266
22153.6,111.5,7.8266
22154.61,119.4,7.8266
22155.61,102.5,7.8266
22156.62,116.4,7.8981
22157.62,101.5,7.8981
22158.63,100.5,7.8981
22159.63,101.5,7.8981
22160.64,100.5,7.8981
22161.64,99.5,7.8981
22162.65,100.5,7.8981
22163.65,101.5,7.8981
22164.66,100.5,7.8981
22165.66,118.4,7.8981
22166.67,101.5,7.8981
22167.67,102.5,8.0738
22168.68,101.5,8.4877
22169.68,99.5,8.8273
22170.68,100.6,9.221
22171.69,127.2,9.3312
22172.7,100.5,9.3312
22173.7,100.5,9.3312
22174.71,101.5,9.3312
22175.71,100.5,9.3312
22176.72,100.5,9.3312
22177.72,100.6,9.3312
22178.73,105.5,9.3312
22179.73,100.5,9.3312
22180.74,100.5,9.3312
22181.74,100.5,9.3312
22182.75,100.5,9.3312
22183.75,101.5,9.3312
22184.76,100.5,9.3312
22185.76,101.5,9.3328
22186.77,102.4,9.3328
22187.77,100.5,9.3328
22188.78,100.5,9.3328
22189.78,101.5,9.3328
22190.79,101.5,9.3328
22191.79,99.5,9.3328
22192.8,100.5,9.3328
22193.8,100.5,9.3328
22194.81,101.5,9.3328
22195.81,100.5,9.3328
22196.82,100.5,9.3328
22197.82,101.5,9.3328
22198.83,99.5,9.3328
22199.83,103.5,9.3332
22200.84,103.5,9.3332
22201.84,100.5,9.3332
22202.85,100.5,9.3332
22203.85,101.5,9.3332
22204.86,100.5,9.3332
22205.86,100.5,9.3332
22206.87,99.5,9.3332
22207.87,100.5,9.3332
22208.88,103.5,9.3332
22209.88,101.5,9.3332
22210.89,99.5,9.3332
22211.9,101.5,9.3332
22212.9,100.5,9.3344
22213.91,101.5,9.3344
22214.91,99.5,9.3344
22215.92,100.5,9.3347
22216.92,101.5,9.3347
22217.93,100.5,9.3347
22218.93,99.5,9.3347
22219.94,101.5,9.3347
22220.94,128.4,9.3348
22221.95,100.5,9.3348
22222.95,101.5,9.3348
22223.96,99.5,9.3348
22224.96,101.5,9.3348
22225.97,101.5,9.3352
22226.97,100.5,9.3352
22227.98,100.5,9.3352
22228.98,100.5,9.3352
22229.99,100.5,9.3352
22230.99,100.5,9.3352
22232.0,100.5,9.3352
22233.0,100.5,9.3354
22234.01,100.5,9.3354
22235.01,100.5,9.3354
22236.02,100.5,9.3354
22237.02,101.5,9.3354
22238.03,100.5,9.3354
22239.03,100.5,9.3354
22240.04,102.5,9.3363
22241.04,99.5,9.3363
22242.05,102.5,9.3363
22243.05,99.5,9.3363
22244.06,101.5,9.3363
22245.06,99.5,9.3363
22246.07,100.5,9.3363
22247.07,102.5,9.3363
22248.08,99.5,9.3363
22249.08,100.5,9.3363
22250.09,100.5,9.3363
22251.09,101.5,9.3363
22252.1,101.5,9.3363
22253.1,100.5,9.3365
22254.11,100.5,9.3365
22255.11,101.5,9.3365
22256.12,100.5,9.3365
22257.12,102.5,9.3365
22258.13,99.5,9.3365
22259.13,100.5,9.3365
22260.14,99.5,9.3365
22261.14,102.5,9.3368
22262.15,100.5,9.3368
22263.16,101.5,9.3368
22264.16,100.5,9.3368
22265.17,99.5,9.3368
22266.17,101.5,9.337
22267.18,102.5,9.337
22268.18,99.5,9.337
22269.19,101.5,9.337
22270.19,99.5,9.337
22271.2,101.5,9.337
22272.2,99.5,9.337
22273.21,101.5,9.337
22274.21,100.5,9.337
22275.22,100.5,9.337
22276.22,103.5,9.337
22277.23,98.5,9.337
22278.23,101.5,9.337
22279.24,99.5,9.337
22280.24,102.5,9.3374
22281.25,100.5,9.3374
22282.25,100.5,9.3374
22283.26,103.5,9.3374
22284.26,100.5,9.3374
22285.27,99.5,9.3374
22286.27,101.6,9.3374
22287.28,99.5,9.3374
22288.28,101.5,9.3374
22289.29,102.5,9.3374
22290.29,99.5,9.3374
22291.3,101.5,9.3374
22292.3,99.5,9.3374
22293.31,101.5,9.3374
22294.31,100.5,9.3383
22295.32,100.5,9.3383
22296.32,100.5,9.3383
22297.33,102.5,9.3383
22298.33,100.5,9.3383
22299.34,100.5,9.3383
22300.34,101.5,9.3383
22301.35,99.5,9.3383
22302.35,104.5,9.3383
22303.36,100.5,9.3383
22304.36,101.5,9.3383
22305.37,99.5,9.3385
22306.37,105.5,9.3385
22307.38,100.5,9.3393
22308.38,104.5,9.3393
22309.39,100.5,9.3393
22310.39,102.5,9.3393
22311.4,99.5,9.3393
22312.4,100.5,9.3393
22313.41,100.6,9.3393
22314.41,100.5,9.3393
22315.42,101.5,9.3393
22316.42,100.5,9.3393
22317.43,102.5,9.3393
22318.43,101.5,9.3396
22319.44,99.5,9.3396
22320.44,101.5,9.3401
22321.45,102.5,9.3401
22322.45,100.5,9.3401
22323.46,99.5,9.3401
22324.46,100.5,9.3401
22325.47,100.5,9.3401
22326.47,102.5,9.3401
22327.48,99.5,9.3401
22328.48,101.5,9.3401
22329.49,100.5,9.3401
22330.49,101.5,9.3401
22331.5,99.5,9.3401
22332.5,100.5,9.3401
22333.51,105.5,9.3401
22334.51,100.5,9.3406
22335.52,101.5,9.3406
22336.52,100.5,9.3406
22337.53,100.5,9.3406
22338.53,100.5,9.3406
22339.54,100.5,9.3406
22340.55,100.5,9.3406
22341.55,101.5,9.3406
22342.56,100.5,9.3406
22343.56,99.5,9.3406
22344.57,100.5,9.3406
22345.57,101.5,9.3406
22346.58,101.5,9.3406
22347.58,100.5,9.3406
22348.59,101.5,9.3411
22349.59,101.5,9.3411
22350.6,101.5,9.3411
22351.6,101.5,9.3411
22352.61,100.5,9.3411
22353.61,99.6,9.3411
22354.61,102.5,9.3411
22355.62,99.5,9.3414
22356.62,100.5,9.3414
22357.63,100.6,9.3414
22358.63,100.5,9.3414
22359.64,103.5,9.3414
22360.64,101.5,9.3414
22361.65,102.5,9.3414
22362.65,101.5,9.3415
22363.66,100.5,9.3415
22364.66,101.5,9.3415
22365.67,100.5,9.3415
22366.68,99.5,9.3415
22367.68,100.5,9.3415
22368.69,100.5,9.3415
22369.69,101.5,9.3415
22370.7,101.5,9.3415
22371.7,100.5,9.3415
22372.71,100.6,9.3415
22373.71,100.5,9.3415
22374.72,99.5,9.3415
22375.72,100.5,9.3415
22376.73,102.5,9.3419
22377.73,100.5,9.3419
22378.74,100.5,9.3419
22379.74,99.5,9.3419
22380.75,102.5,9.3419
22381.75,100.5,9.3419
22382.76,100.5,9.3419
22383.76,101.5,9.3419
22384.76,101.7,2.6358
22385.77,305.1,2.8273
22386.77,369.8,3.1052
22387.78,329.2,3.4449
22388.78,1.0,2.5928
22389.79,293.6,2.8033
22390.79,315.0,2.9136
22391.79,333.4,3.1556
22392.8,318.8,3.4091
22393.8,339.4,3.576
22394.81,315.4,3.9173
22395.81,220.9,4.3154
22396.82,141.3,4.7182
22397.82,120.4,5.127
22398.83,106.5,5.5372
22399.83,104.5,5.9488
22400.84,100.5,6.3643
22401.84,113.4,6.7772
22402.85,103.5,7.191
22403.85,125.4,7.5688
22404.86,101.5,7.7208
22405.86,102.5,7.7208
22406.87,101.5,7.7208
22407.87,101.5,7.7208
22408.88,100.5,7.7208
22409.88,99.5,7.7208
22410.89,101.5,7.7208
22411.89,99.5,7.7208
22412.9,100.5,7.7208
22413.9,101.5,7.7208
22414.91,176.1,7.7383
22415.91,114.4,7.8569
22416.92,114.4,7.8572
22417.92,101.5,7.8574
22418.93,101.5,7.8515
22419.93,99.5,7.8515
22420.94,101.5,7.8516
22421.94,102.5,7.8516
22422.95,100.5,7.8516
22423.95,102.5,7.8426
22424.96,99.5,7.8426
22425.96,117.4,7.8431
22426.97,99.5,7.8431
22427.97,103.5,7.8431
22428.98,99.5,7.8431
22429.98,100.5,7.8434
22430.99,100.5,7.8434
22431.99,100.5,7.8434
22433.0,101.6,7.8434
22434.0,100.5,7.8434
22435.01,100.5,7.8434
22436.01,100.5,7.8434
22437.02,114.4,7.8436
22438.02,99.5,7.8436
22439.03,100.5,7.8436
22440.03,100.5,7.8436
22441.04,101.5,7.8436
22442.05,101.5,7.8436
22443.05,100.5,7.8436
22444.06,99.5,7.8436
22445.06,100.5,7.8436
22446.07,102.5,7.8439
22447.07,113.4,7.8443
22448.08,101.5,7.8443
22449.08,100.8,7.8443
22450.08,101.5,7.8443
22451.09,100.5,7.8443
22452.09,101.6,7.8443
22453.1,101.3,7.8443
22454.11,99.5,7.8443
22455.11,100.5,7.8443
22456.12,100.5,7.8443
22457.12,100.5,7.8443
22458.13,102.5,7.8443
22459.13,131.3,7.9157
22460.14,99.6,7.9157
22461.14,102.5,7.9157
22462.15,99.5,7.9157
22463.15,102.5,7.9157
22464.16,100.5,7.9157
22465.16,100.5,7.9157
22466.17,100.5,7.9157
22467.17,100.5,7.9157
22468.18,100.5,7.9157
22469.18,101.5,7.993
22470.19,99.5,8.39
22471.19,102.5,8.7257
22472.2,100.5,9.1195
22473.2,127.3,9.3486
22474.21,100.5,9.3486
22475.21,101.5,9.3486
22476.22,100.5,9.3486
22477.22,101.5,9.3486
22478.23,100.5,9.3486
22479.23,101.5,9.3486
22480.24,100.5,9.3486
22481.24,101.5,9.3486
22482.25,101.5,9.3486
22483.25,99.6,9.3486
22484.26,100.5,9.3486
22485.26,100.5,9.3486
22486.27,101.5,9.3486
22487.27,101.5,9.3486
22488.28,100.5,9.3503
22489.28,102.5,9.3503
22490.29,99.5,9.3503
22491.29,99.6,9.3505
22492.3,101.5,9.3505
22493.3,100.5,9.3505
22494.31,100.5,9.3505
22495.31,101.6,9.3505
22496.32,100.4,9.3505
22497.32,100.5,9.3505
22498.33,102.4,9.3505
22499.34,99.5,9.3505
22500.34,101.5,9.3505
22501.35,100.5,9.3505
22502.35,101.5,9.3508
22503.36,101.5,9.3508
22504.36,101.5,9.3508
22505.37,100.5,9.3508
22506.37,100.5,9.3508
22507.38,100.5,9.3508
22508.38,100.6,9.3508
22509.39,99.5,9.3508
22510.39,101.5,9.3508
22511.4,99.5,9.3508
22512.4,99.5,9.3508
22513.41,101.5,9.3508
22514.41,102.5,9.3508
22515.42,99.5,9.3508
22516.42,101.5,9.3516
22517.43,102.5,9.3516
22518.43,100.5,9.3516
22519.44,100.5,9.3516
22520.44,99.6,9.3516
22521.45,101.5,9.3516
22522.45,100.5,9.3516
22523.46,100.5,9.3516
22524.46,105.5,9.3516
22525.47,127.3,9.3516
22526.47,101.5,9.3516
22527.48,99.5,9.3516
22528.48,100.6,9.3516
22529.49,102.5,9.3525
22530.49,100.5,9.3525
22531.5,99.5,9.3525
22532.5,100.6,9.3525
22533.51,100.5,9.3525
22534.51,101.5,9.3525
22535.52,100.5,9.3525
22536.52,101.5,9.3525
22537.53,100.6,9.3525
22538.53,101.5,9.3525
22539.54,99.5,9.3525
22540.54,100.5,9.3527
22541.55,100.6,9.3527
22542.55,101.5,9.3527
22543.56,100.5,9.3535
22544.56,100.5,9.3535
22545.57,101.5,9.3535
22546.57,100.5,9.3535
22547.58,99.5,9.3535
22548.58,101.5,9.3535
22549.59,101.5,9.3535
22550.59,99.5,9.3535
22551.6,100.5,9.3535
22552.6,100.5,9.3535
22553.61,101.5,9.3535
22554.61,99.5,9.3535
22555.62,101.5,9.3535
22556.62,101.5,9.3535
22557.63,100.5,9.3537
22558.63,100.5,9.3537
22559.64,101.5,9.3537
22560.64,99.5,9.3537
22561.65,102.5,9.3537
22562.65,100.5,9.3537
22563.66,101.5,9.3537
22564.66,100.5,9.3537
22565.67,100.5,9.3537
22566.67,100.5,9.3537
22567.68,100.5,9.3537
22568.68,100.5,9.3537
22569.69,101.5,9.3537
22570.69,102.5,9.3542
22571.7,100.5,9.3542
22572.7,99.5,9.3545
22573.71,100.5,9.3545
22574.71,100.5,9.3545
22575.72,101.5,9.3545
22576.72,100.5,9.3545
22577.73,101.5,9.3545
22578.74,100.5,9.3545
22579.74,99.5,9.3545
22580.75,101.5,9.3545
22581.75,102.5,9.3545
22582.76,99.5,9.3545
22583.76,99.5,9.3545
22584.77,102.5,9.3546
22585.77,101.5,9.3546
22586.78,99.5,9.3546
22587.78,100.5,9.3546
22588.79,101.5,9.3546
22589.79,101.5,9.3546
22590.8,99.5,9.3546
22591.8,101.5,9.3546
22592.81,101.5,9.3546
22593.81,99.5,9.3546
22594.82,101.5,9.3546
22595.82,101.5,9.3546
22596.83,100.5,9.3546
22597.83,100.5,9.3555
22598.84,100.5,9.3555
22599.84,100.5,9.3555
22600.85,101.5,9.3555
22601.85,100.5,9.3555
22602.86,99.5,9.3555
22603.86,102.5,9.3555
22604.87,100.5,9.3555
22605.87,99.5,9.3555
22606.88,102.6,9.3555
22607.88,99.5,9.3555
22608.89,100.5,9.3555
22609.89,99.5,9.3555
22610.9,101.5,9.3555
22611.9,102.5,9.3561
22612.91,100.5,9.3561
22613.91,101.5,9.3561
22614.92,99.5,9.3561
22615.92,101.5,9.3561
22616.93,100.6,9.3561
22617.93,100.5,9.3561
22618.94,101.5,9.3561
22619.94,100.5,9.3561
22620.95,100.5,9.3561
22621.95,101.5,9.3561
22622.96,100.5,9.3561
22623.96,100.5,9.3561
22624.97,101.5,9.3564
22625.97,101.5,9.3564
22626.98,99.5,9.3564
22627.98,102.5,9.3564
22628.99,100.5,9.3564
22630.0,99.5,9.3564
22631.0,101.5,9.3564
22632.01,100.5,9.3564
22633.01,100.5,9.3564
22634.02,99.5,9.3564
22635.02,101.5,9.3564
22636.03,100.5,9.3564
22637.03,99.5,9.3564
22638.04,103.5,9.3564
22639.04,100.5,9.3569
22640.05,101.5,9.3569
22641.05,99.5,9.3569
22642.06,100.5,9.3569
22643.06,101.5,9.3569
22644.07,100.5,9.3569
22645.07,99.5,9.3569
22646.08,101.5,9.3569
22647.08,99.5,9.3569
22648.09,101.4,9.3569
22649.09,202.9,9.357
22650.1,2.0,2.5432
22651.1,308.4,2.8042
22652.11,356.2,2.9463
22653.11,325.3,3.1869
22654.12,318.9,3.4231
22655.13,335.4,3.5794
22656.13,1.0,2.6833
22657.13,290.2,2.8558
22658.14,345.1,3.0756
22659.14,315.4,3.3189
22660.15,326.0,3.5034
22661.15,328.3,3.7339
22662.16,199.0,4.0098
22663.16,143.6,4.2595
22664.16,144.3,4.5073
22665.17,100.5,4.7559
22666.17,102.5,4.978
22667.18,103.5,5.2075
22668.18,123.4,5.4311
22669.19,280.8,5.6627
22670.19,287.5,5.8956
22671.2,154.3,6.1353
22672.2,110.4,6.3602
22673.21,101.5,6.5821
22674.21,103.5,6.8204
22675.22,101.5,7.0789
22676.22,102.5,7.2022
22677.23,103.5,7.2916
22678.24,99.5,7.3729
22679.24,107.4,7.4603
22680.25,126.4,7.5946
22681.25,102.5,7.5785
22682.26,99.5,7.6256
22683.26,101.5,7.6305
22684.27,99.5,7.7049
22685.27,101.5,7.7305
22686.28,101.5,7.7305
22687.28,100.5,7.7305
22688.29,102.5,7.7306
22689.29,100.5,7.7306
22690.3,101.5,7.7306
22691.3,100.5,7.7306
22692.31,102.5,7.7308
22693.31,99.5,7.7308
22694.32,100.5,7.7308
22695.32,102.5,7.7308
22696.33,99.5,7.7308
22697.33,101.5,7.7308
22698.34,99.5,7.7308
22699.34,102.5,7.7308
22700.35,102.5,7.7308
22701.35,99.5,7.7308
22702.36,101.5,7.7308
22703.36,99.5,7.7308
22704.37,103.5,7.7308
22705.37,99.5,7.7308
22706.38,100.5,7.7308
22707.38,106.4,7.7308
22708.39,101.6,7.7308
22709.39,100.5,7.7308
22710.4,100.5,7.7308
22711.4,100.5,7.7308
22712.41,101.5,7.7308
22713.41,100.5,7.7308
22714.42,101.5,7.7308
22715.43,102.5,7.7308
22716.43,101.5,7.7308
22717.44,99.5,7.7308
22718.44,101.5,7.7308
22719.45,102.5,7.7308
22720.45,99.5,7.7308
22721.46,101.5,7.7308
22722.46,102.5,7.7308
22723.47,100.5,7.7308
22724.47,110.4,7.7308
22725.48,110.4,7.7308
22726.48,98.5,7.7308
22727.49,119.4,7.8508
22728.49,100.5,7.8508
22729.5,100.6,7.8508
22730.5,100.5,7.8508
22731.51,114.4,7.8508
22732.51,100.5,7.8508
22733.52,99.5,7.8508
22734.52,101.5,7.8508
22735.53,101.5,7.8508
22736.53,101.5,7.8508
22737.54,100.5,7.8508
22738.54,101.5,7.8508
22739.55,99.5,7.851
22740.55,101.5,7.851
22741.56,101.5,7.851
22742.56,99.5,7.851
22743.57,101.5,7.851
22744.57,100.5,7.851
22745.58,100.5,7.851
22746.58,99.5,7.851
22747.59,101.5,7.851
22748.59,99.5,7.851
22749.6,101.5,7.851
22750.61,99.5,7.851
22751.61,100.5,7.851
22752.62,101.5,7.851
22753.62,100.5,7.851
22754.63,102.5,7.851
22755.63,100.5,7.851
22756.64,101.5,7.851
22757.64,99.5,7.851
22758.65,101.5,7.851
22759.65,100.5,7.851
22760.66,101.5,7.851
22761.66,100.5,7.851
22762.67,100.5,7.851
22763.67,101.5,7.851
22764.68,99.5,7.851
22765.68,101.5,7.851
22766.69,100.5,7.851
22767.69,101.5,7.851
22768.7,99.5,7.851
22769.71,101.1,7.851
22770.71,101.5,7.851
22771.72,100.5,7.851
22772.72,100.5,7.851
22773.73,101.5,7.851
22774.73,100.5,7.851
22775.74,100.5,7.851
22776.74,100.5,7.851
22777.75,100.5,7.851
22778.75,101.5,7.851
22779.76,101.5,7.851
22780.76,99.6,7.851
22781.77,101.5,7.851
22782.77,101.5,7.851
22783.78,100.6,7.851
22784.78,100.5,7.851
22785.79,100.5,7.851
22786.79,100.5,7.851
22787.8,100.5,7.851
22788.8,100.5,7.851
22789.81,101.5,7.851
22790.81,99.5,7.851
22791.82,100.5,7.851
22792.82,102.5,7.851
22793.83,100.5,7.851
22794.83,100.5,7.851
22795.84,100.5,7.851
22796.84,102.5,7.851
22797.85,99.5,7.851
22798.85,100.5,7.851
22799.86,101.5,7.851
22800.86,100.5,7.851
22801.87,99.5,7.851
22802.87,120.4,7.8515
22803.88,99.5,7.8515
22804.88,99.5,7.8515
22805.89,101.5,7.8515
22806.89,100.6,7.8515
22807.9,100.6,7.8515
22808.9,101.5,7.8515
22809.91,99.5,7.8515
22810.91,101.5,7.8515
22811.92,100.5,7.8515
22812.92,101.5,7.8515
22813.93,100.5,7.8515
22814.93,100.5,7.8515
22815.94,100.5,7.8515
22816.94,100.5,7.8515
22817.95,100.5,7.8515
22818.95,100.5,7.8515
22819.96,99.6,7.8515
22820.96,101.5,7.8515
22821.97,101.5,7.8515
22822.97,102.5,7.8515
22823.98,99.5,7.8515
22824.98,100.5,7.8518
22825.99,99.5,7.8518
22826.99,102.5,7.8518
22828.0,99.5,7.8518
22829.0,100.5,7.8518
22830.01,100.5,7.8518
22831.01,101.5,7.8518
22832.02,100.5,7.8518
22833.02,101.5,7.8518
22834.03,100.5,7.8518
22835.04,101.2,7.8518
22836.04,100.5,7.8518
22837.05,99.5,7.8518
22838.05,101.5,7.8518
22839.06,100.5,7.8518
22840.06,99.5,7.8518
22841.07,102.5,7.8518
22842.07,100.5,7.8518
22843.08,99.5,7.8518
22844.08,100.5,7.8518
22845.09,100.5,7.8518
22846.09,101.5,7.8518
22847.1,101.5,7.8518
22848.1,100.5,7.8518
22849.11,100.5,7.8518
22850.11,100.5,7.8518
22851.12,100.5,7.8518
22852.12,101.5,7.8518
22853.13,101.5,7.8518
22854.13,101.5,7.8518
22855.14,99.5,7.8518
22856.14,100.5,7.8518
22857.15,100.5,7.8518
22858.15,100.5,7.8518
22859.16,100.5,7.8518
22860.16,100.6,7.8518
22861.17,101.5,7.8518
22862.17,101.5,7.8518
22863.18,99.5,7.8518
22864.18,101.5,7.852
22865.19,101.5,7.852
22866.19,99.5,7.852
22867.2,99.5,7.852
22868.2,101.5,7.852
22869.21,102.5,7.852
22870.21,99.5,7.852
22871.22,100.5,7.852
22872.22,101.5,7.852
22873.23,100.6,7.852
22874.23,100.5,7.852
22875.24,99.5,7.852
22876.24,100.6,7.852
22877.25,103.5,7.852
22878.25,99.5,7.852
22879.26,101.5,7.852
22880.26,102.5,7.852
22881.27,99.5,7.852
22882.27,101.5,7.852
22883.28,99.5,7.852
22884.28,101.5,7.852
22885.29,100.5,7.852
22886.29,99.5,7.852
22887.3,101.5,7.852
22888.3,102.5,7.852
22889.31,101.5,7.852
22890.31,100.5,7.8523
22891.32,100.5,7.8523
22892.32,100.6,7.8523
22893.33,100.5,7.8523
22894.33,100.5,7.8523
22895.34,101.5,7.8523
22896.34,100.5,7.8523
22897.35,100.5,7.8523
22898.35,99.5,7.8523
22899.36,101.5,7.8523
22900.36,100.5,7.8523
22901.37,100.5,7.8523
22902.37,101.5,7.8523
22903.38,100.5,7.8523
22904.38,99.5,7.8523
22905.39,100.5,7.8523
22906.39,102.5,7.8523
22907.4,99.5,7.8523
22908.4,101.5,7.8523
22909.41,100.5,7.8523
22910.41,100.5,7.8525
22911.42,100.5,7.8525
22912.42,100.4,7.8525
22913.43,100.5,7.8525
22914.43,102.5,7.8525
22915.44,100.5,7.8525
22916.44,100.5,7.8525
22917.45,101.5,7.8525
22918.45,99.5,7.8525
22919.46,100.5,7.8525
22920.46,99.5,7.8525
22921.47,100.5,7.8525
22922.47,102.5,7.8525
22923.48,101.5,7.8525
22924.48,101.5,7.8525
22925.49,99.5,7.8525
22926.49,100.5,7.8525
22927.5,100.5,7.8525
22928.5,100.7,7.8525
22929.51,100.5,7.8525
22930.51,100.5,7.8525
22931.52,103.5,7.8525
22932.52,99.5,7.8525
22933.53,100.5,7.8525
22934.53,102.5,7.8525
22935.54,99.5,7.8525
22936.54,101.5,7.8525
22937.55,100.5,7.8525
22938.55,101.5,7.8525
22939.56,100.5,7.8525
22940.56,101.5,7.8525
22941.57,99.5,7.8525
22942.57,102.5,7.8525
22943.58,101.5,7.8525
22944.58,100.5,7.8525
22945.59,101.5,7.8525
22946.59,100.5,7.8525
22947.6,99.6,7.8525
22948.6,101.5,7.8525
22949.61,102.5,7.8525
22950.61,99.5,7.8525
22951.62,99.5,7.8525
22952.63,101.5,7.8525
22953.63,101.5,7.8525
22954.64,99.5,7.8525
22955.64,101.7,2.6113
22956.64,300.5,2.8094
22957.65,317.2,2.9441
22958.65,328.3,3.2796
22959.66,338.2,3.5611
22960.66,291.5,3.8375
22961.67,140.3,4.1234
22962.67,127.3,4.3717
22963.68,110.4,4.6281
22964.68,101.5,4.8773
22965.69,101.5,5.1116
22966.69,101.5,5.3514
22967.7,190.1,5.5861
22968.7,301.4,5.8497
22969.71,193.0,6.0781
22970.71,106.5,6.3072
22971.72,102.5,6.5343
22972.72,107.5,6.7713
22973.73,100.5,7.0351
22974.73,100.5,7.2337
22975.74,100.5,7.3211
22976.74,100.5,7.4075
22977.75,111.4,7.4925
22978.75,125.4,7.5889
22979.76,101.5,7.6088
22980.76,100.5,7.6294
22981.77,101.5,7.6745
22982.77,101.6,7.7294
22983.78,100.5,7.7294
22984.78,100.5,7.7294
22985.79,101.5,7.7294
22986.79,102.5,7.7294
22987.8,99.5,7.7294
22988.8,101.5,7.7294
22989.81,100.5,7.7294
22990.81,102.5,7.7294
22991.82,99.5,7.7294
22992.82,102.5,7.7294
22993.83,100.5,7.7294
22994.83,101.5,7.7294
22995.84,100.5,7.7297
22996.85,100.5,7.7297
22997.85,101.5,7.7297
22998.86,100.5,7.7297
22999.86,101.5,7.7297
23000.87,100.5,7.7297
23001.87,100.5,7.7297
23002.88,102.5,7.7297
23003.88,100.5,7.7297
23004.89,100.5,7.7297
23005.89,106.4,7.7297
23006.9,100.5,7.7297
23007.9,101.5,7.7297
23008.91,102.5,7.7297
23009.91,99.5,7.7297
23010.92,100.5,7.7297
23011.92,100.5,7.7297
23012.93,101.5,7.7297
23013.93,100.5,7.7297
23014.94,100.5,7.7297
23015.94,103.5,7.7297
23016.95,99.5,7.7297
23017.95,102.5,7.7297
23018.96,100.5,7.7297
23019.96,101.5,7.7297
23020.97,113.4,7.7297
23021.97,111.4,7.7297
23022.98,116.4,7.815
23023.99,100.5,7.8495
23024.99,101.5,7.8495
23026.0,99.5,7.8495
23027.0,101.5,7.8495
23028.01,111.4,7.8495
23029.01,100.5,7.8495
23030.02,100.5,7.8495
23031.02,101.5,7.8495
23032.03,101.5,7.8495
23033.03,99.5,7.8495
23034.04,101.5,7.8495
23035.04,100.5,7.8495
23036.05,101.5,7.8495
23037.05,99.5,7.8495
23038.06,102.5,7.8495
23039.06,100.5,7.8495
23040.07,100.5,7.8495
23041.07,100.5,7.8495
23042.08,100.5,7.8495
23043.08,101.5,7.8495
23044.09,100.5,7.8495
23045.09,100.5,7.8495
23046.1,99.5,7.8495
23047.1,101.5,7.8495
23048.11,100.5,7.8495
23049.11,100.5,7.8495
23050.12,101.5,7.8495
23051.12,100.5,7.8495
23052.13,99.5,7.8495
23053.13,103.5,7.8495
23054.14,100.5,7.8495
23055.14,100.5,7.8495
23056.15,100.5,7.8495
23057.15,101.5,7.8495
23058.16,100.5,7.8495
23059.17,100.5,7.8495
23060.17,102.5,7.8495
23061.18,100.5,7.8495
23062.18,100.5,7.8495
23063.19,100.6,7.8495
23064.19,100.5,7.8495
23065.2,99.5,7.8495
23066.2,100.5,7.8495
23067.21,101.5,7.8495
23068.21,100.5,7.8495
23069.22,101.5,7.8495
23070.22,100.7,7.8495
23071.22,99.5,7.8495
23072.23,100.5,7.8495
23073.23,102.5,7.8495
23074.24,101.5,7.8495
23075.24,99.5,7.8495
23076.25,100.5,7.8495
23077.25,100.5,7.8495
23078.26,100.5,7.8495
23079.27,102.5,7.8495
23080.27,100.5,7.8498
23081.28,101.5,7.8498
23082.28,100.5,7.8498
23083.29,100.5,7.8498
23084.29,99.5,7.8498
23085.3,101.5,7.8498
23086.3,100.5,7.8498
23087.31,100.5,7.8498
23088.31,114.6,7.8501
23089.32,103.5,7.8502
23090.32,100.5,7.8502
23091.33,100.5,7.8502
23092.33,100.5,7.8502
23093.34,100.5,7.8502
23094.34,100.5,7.8502
23095.35,101.5,7.8502
23096.35,101.5,7.8502
23097.36,99.5,7.8502
23098.36,100.5,7.8502
23099.37,100.5,7.8502
23100.37,100.5,7.8502
23101.38,101.5,7.8502
23102.38,101.5,7.8502
23103.39,100.5,7.8502
23104.39,100.7,7.8502
23105.39,100.5,7.8502
23106.4,99.5,7.8502
23107.41,101.5,7.8502
23108.41,100.7,7.8502
23109.41,100.5,7.8502
23110.42,100.5,7.8502
23111.42,100.5,7.8502
23112.43,101.6,7.8502
23113.43,100.5,7.8502
23114.44,100.5,7.8502
23115.44,101.5,7.8502
23116.45,100.5,7.8502
23117.45,100.5,7.8502
23118.46,100.5,7.8502
23119.46,100.5,7.8502
23120.47,101.5,7.8502
23121.47,100.5,7.8502
23122.48,101.5,7.8502
23123.48,101.5,7.8502
23124.49,100.5,7.8502
23125.49,101.5,7.8502
23126.5,100.5,7.8502
23127.5,99.5,7.8502
23128.51,100.5,7.8502
23129.51,100.5,7.8502
23130.52,100.5,7.8502
23131.52,102.5,7.8502
23132.53,100.5,7.8502
23133.53,100.5,7.8502
23134.54,101.5,7.8502
23135.54,100.5,7.8502
23136.55,100.5,7.8502
23137.55,102.5,7.8502
23138.56,99.5,7.8502
23139.56,101.5,7.8502
23140.57,100.5,7.8502
23141.57,99.5,7.8502
23142.58,101.5,7.8502
23143.59,101.5,7.8502
23144.59,100.5,7.8502
23145.6,99.5,7.8502
23146.6,102.5,7.8502
23147.61,101.5,7.8502
23148.61,99.5,7.8502
23149.62,100.5,7.8502
23150.62,101.5,7.8502
23151.63,100.5,7.8502
23152.63,100.5,7.8502
23153.64,100.5,7.8502
23154.64,101.5,7.8502
23155.65,98.5,7.8502
23156.65,103.5,7.8502
23157.66,101.5,7.8502
23158.66,100.5,7.8502
23159.67,100.6,7.8502
23160.67,99.8,7.8502
23161.67,100.5,7.8502
23162.68,101.5,7.8502
23163.68,99.5,7.8502
23164.69,101.5,7.8502
23165.69,98.7,7.8505
23166.69,101.8,7.8505
23167.7,100.6,7.8505
23168.7,100.5,7.8505
23169.71,101.6,7.8505
23170.71,101.5,7.8505
23171.72,101.4,7.8505
23172.72,99.5,7.8505
23173.73,101.5,7.8505
23174.73,99.6,7.8505
23175.74,101.5,7.8505
23176.74,99.4,7.8505
23177.75,101.5,7.8505
23178.75,99.5,7.8505
23179.76,101.5,7.8505
23180.76,99.5,7.8505
23181.77,102.5,7.8505
23182.77,99.5,7.8505
23183.78,100.5,7.8505
23184.78,101.5,7.8505
23185.79,101.5,7.8505
23186.79,98.5,7.8505
23187.8,102.5,7.8505
23188.8,100.5,7.8505
23189.81,101.5,7.8505
23190.81,99.5,7.8505
23191.82,101.5,7.8505
23192.82,100.5,7.8505
23193.83,101.5,7.8505
23194.83,100.5,7.8505
23195.84,100.5,7.8505
23196.84,99.5,7.8505
23197.85,100.5,7.8505
23198.85,101.5,7.8505
23199.86,99.5,7.8505
23200.86,103.5,7.8505
23201.87,99.5,7.8505
23202.87,101.5,7.8505
23203.88,100.5,7.8505
23204.88,100.5,7.8505
23205.89,99.5,7.8505
23206.89,101.5,7.8505
23207.9,101.5,7.8505
23208.9,100.5,7.8505
23209.91,100.5,7.8505
23210.91,100.5,7.8505
23211.92,100.5,7.8505
23212.92,100.5,7.8505
23213.93,101.5,7.8505
23214.93,101.5,7.8505
23215.94,100.5,7.8505
23216.95,101.4,7.8505
23217.95,99.5,7.8505
23218.96,100.5,7.8505
23219.96,101.5,7.8505
23220.97,100.5,7.8505
23221.97,99.4,7.8505
23222.98,100.5,7.8505
23223.98,102.5,7.8505
23224.99,100.5,7.8505
23225.99,100.5,7.8505
23227.0,100.5,7.8505
23228.0,102.5,7.8505
23229.01,100.5,7.8505
23230.01,99.5,7.8505
23231.02,100.5,7.8505
23232.02,101.5,7.8505
23233.03,100.5,7.8505
23234.03,100.6,7.8505
23235.04,100.5,7.8505
23236.04,100.5,7.8505
23237.05,100.5,7.8505
23238.05,102.5,7.8505
23239.06,99.5,7.8505
23240.06,100.5,7.8505
23241.07,101.5,7.8505
23242.07,102.5,7.8505
23243.08,99.5,7.8505
23244.08,101.5,7.8505
23245.09,101.5,7.8505
23246.09,100.5,7.8505
23247.1,100.4,7.8505
23248.1,99.5,7.8505
23249.11,101.5,7.8507
23250.11,100.5,7.8507
23251.12,100.5,7.8507
23252.12,103.5,7.8507
23253.13,100.5,7.8507
23254.13,99.5,7.8507
23255.14,101.5,7.8507
23256.14,2.0,2.6677
23257.15,330.0,2.8499
23258.15,347.3,3.0612
23259.16,314.4,3.3988
23260.16,337.2,3.5963
23261.17,298.5,3.9175
23262.17,145.2,4.2837
23263.18,161.2,4.6554
23264.18,110.4,5.0301
23265.19,110.4,5.4018
23266.19,124.4,5.7731
23267.2,102.7,6.139
23268.2,100.5,6.5131
23269.21,104.5,6.8907
23270.21,109.4,7.248
23271.22,129.4,7.5786
23272.22,101.4,7.729
23273.23,100.5,7.729
23274.23,101.5,7.729
23275.24,100.5,7.729
23276.24,101.5,7.729
23277.25,104.5,7.729
23278.25,102.6,7.7292
23279.26,106.5,7.7292
23280.26,102.5,7.7292
23281.27,103.5,7.7292
23282.27,112.5,7.7292
23283.28,101.5,7.7292
23284.28,119.4,7.849
23285.29,101.5,7.849
23286.29,100.5,7.8491
23287.3,102.4,7.8491
23288.3,99.5,7.8491
23289.31,101.5,7.8491
23290.31,102.5,7.8491
23291.32,100.5,7.8491
23292.32,101.5,7.8491
23293.33,101.5,7.8491
23294.33,109.7,7.8494
23295.34,104.5,7.8495
23296.34,103.5,7.8495
23297.35,100.3,7.8495
23298.35,100.5,7.8496
23299.36,103.5,7.8496
23300.36,102.5,7.8496
23301.37,100.5,7.8496
23302.37,101.5,7.8496
23303.38,99.5,7.8496
23304.38,104.5,7.8496
23305.39,102.5,7.8496
23306.39,113.5,7.8501
23307.4,101.5,7.8501
23308.4,100.5,7.8501
23309.41,110.5,7.8501
23310.41,99.6,7.8501
23311.42,101.5,7.8503
23312.42,100.4,7.8503
23313.43,104.5,7.8503
23314.43,100.5,7.8503
23315.44,101.5,7.8503
23316.44,101.5,7.8503
23317.45,100.5,7.8503
23318.45,114.4,7.8509
23319.46,100.5,7.8509
23320.46,99.5,7.8509
23321.47,102.5,7.8509
23322.48,100.5,7.8509
23323.48,105.5,7.8509
23324.49,102.5,7.8509
23325.49,100.5,7.8509
23326.5,101.5,7.8509
23327.5,98.5,7.8509
23328.51,104.5,7.8509
23329.51,117.4,7.9246
23330.52,100.5,7.9246
23331.52,101.5,7.9246
23332.53,101.5,7.9246
23333.53,100.5,7.9246
23334.54,100.5,7.9249
23335.54,137.6,7.9249
23336.54,99.5,7.9249
23337.55,101.5,7.9249
23338.55,100.5,7.9249
23339.56,100.5,7.9249
23340.56,101.5,8.0149
23341.57,109.4,8.4111
23342.58,100.5,8.7272
23343.58,100.5,9.1148
23344.59,125.4,9.3586
23345.59,102.5,9.3586
23346.6,105.5,9.3586
23347.6,99.5,9.3586
23348.61,100.6,9.3586
23349.61,100.5,9.3586
23350.62,100.5,9.3586
23351.62,100.5,9.3586
23352.63,101.6,9.3586
23353.63,101.5,9.3586
23354.64,100.5,9.3586
23355.64,102.5,9.3586
23356.65,99.5,9.3586
23357.65,102.5,9.3586
23358.66,99.5,9.3586
23359.66,101.5,9.3622
23360.67,101.5,9.3622
23361.67,100.5,9.3622
23362.68,102.5,9.3622
23363.68,101.5,9.3622
23364.69,99.5,9.3622
23365.69,99.5,9.3622
23366.7,101.5,9.3622
23367.7,102.5,9.3622
23368.71,100.5,9.3622
23369.71,101.5,9.3622
23370.72,100.6,9.3622
23371.72,100.5,9.3622
23372.73,101.5,9.3622
23373.73,99.5,9.3622
23374.74,102.5,9.3636
23375.74,99.5,9.3636
23376.75,101.5,9.3636
23377.75,100.5,9.3636
23378.76,105.5,9.3636
23379.76,101.5,9.3636
23380.77,100.5,9.3636
23381.77,99.6,9.3636
23382.78,101.5,9.3636
23383.78,101.5,9.3636
23384.79,101.5,9.3636
23385.79,100.5,9.3636
23386.8,100.5,9.3636
23387.8,99.5,9.3636
23388.81,102.5,9.3665
23389.81,102.5,9.3665
23390.82,101.5,9.3665
23391.82,99.5,9.3665
23392.83,102.5,9.3665
23393.84,99.5,9.3665
23394.84,100.5,9.3665
23395.85,100.5,9.3665
23396.85,101.5,9.3665
23397.86,100.5,9.3665
23398.86,100.5,9.3665
23399.87,101.5,9.3665
23400.87,99.5,9.3665
23401.88,102.5,9.3665
23402.88,101.5,9.3676
23403.89,102.5,9.3676
23404.89,100.5,9.3676
23405.9,100.5,9.3676
23406.9,99.5,9.3676
23407.91,101.5,9.3676
23408.91,99.5,9.3676
23409.92,101.5,9.3676
23410.92,100.5,9.3676
23411.93,101.5,9.3676
23412.93,101.5,9.3676
23413.94,101.5,9.3676
23414.94,100.5,9.3676
23415.95,101.5,9.3676
23416.95,101.5,9.3698
23417.96,100.5,9.3698
23418.96,102.6,9.3698
23419.97,99.5,9.3701
23420.97,102.5,9.3701
23421.98,100.5,9.3701
23422.98,100.5,9.3701
23423.99,100.5,9.3701
23424.99,100.5,9.3701
23426.0,100.5,9.3701
23427.0,130.3,9.3701
23428.01,99.5,9.3701
23429.01,101.5,9.3701
23430.02,100.5,9.3701
23431.02,100.5,9.3701
23432.03,101.5,9.3706
23433.03,101.5,9.3706
23434.04,100.5,9.3706
23435.05,101.5,9.3706
23436.05,101.5,9.3706
23437.06,100.5,9.3706
23438.06,100.5,9.3706
23439.07,101.5,9.3706
23440.07,99.5,9.3706
23441.08,101.5,9.3706
23442.08,99.5,9.3706
23443.09,101.5,9.3706
23444.09,100.5,9.3706
23445.1,100.5,9.3706
23446.1,103.5,9.372
23447.11,100.5,9.372
23448.11,101.5,9.372
23449.12,100.5,9.372
23450.12,100.5,9.372
23451.13,99.5,9.372
23452.13,106.5,9.372
23453.14,100.5,9.372
23454.14,99.5,9.372
23455.15,101.5,9.372
23456.15,101.5,9.372
23457.16,102.5,9.372
23458.17,99.5,9.372
23459.17,99.5,9.372
23460.18,101.5,9.372
23461.18,103.5,9.3729
23462.19,99.5,9.3729
23463.19,101.5,9.3729
23464.2,100.5,9.3729
23465.2,100.5,9.3729
23466.21,101.5,9.3729
23467.21,101.5,9.3729
23468.22,99.5,9.3729
23469.22,101.5,9.3729
23470.23,100.5,9.3729
23471.23,100.5,9.3729
23472.24,102.5,9.3729
23473.24,99.5,9.3729
23474.25,101.5,9.3729
23475.25,101.5,9.3741
23476.26,100.5,9.3741
23477.26,100.5,9.3741
23478.27,100.5,9.3741
23479.27,100.5,9.3741
23480.28,100.5,9.3741
23481.28,100.5,9.3741
23482.29,101.5,9.3741
23483.29,102.5,9.3741
23484.3,101.5,9.3741
23485.3,99.5,9.3741
23486.31,101.5,9.3741
23487.31,99.6,9.3741
23488.32,101.5,9.3741
23489.32,100.5,9.3753
23490.33,101.5,9.3753
23491.33,103.5,9.3753
23492.34,100.5,9.3753
23493.34,99.5,9.3753
23494.35,101.5,9.3753
23495.36,100.5,9.3753
23496.36,100.5,9.3753
23497.37,99.5,9.3753
23498.37,101.5,9.3753
23499.38,100.5,9.3753
23500.38,102.5,9.3753
23501.39,99.5,9.3753
23502.39,100.5,9.3753
23503.4,102.5,9.3761
23504.4,99.5,9.3761
23505.41,101.5,9.3763
23506.41,101.5,9.3763
23507.42,100.5,9.3763
23508.42,101.5,9.3763
23509.43,100.5,9.3763
23510.43,102.5,9.3763
23511.44,100.5,9.3763
23512.44,100.5,9.3763
23513.45,100.5,9.3763
23514.45,99.5,9.3763
23515.46,101.5,9.3763
23516.46,100.5,9.3763
23517.47,101.6,9.3763
23518.47,102.5,9.3773
23519.48,100.5,9.3773
23520.48,100.5,9.3773
23521.49,101.5,9.3773
23522.49,99.5,9.3773
23523.5,100.5,9.3773
23524.5,100.5,9.3773
23525.51,101.5,9.3773
23526.51,99.5,9.3773
23527.52,101.5,9.3773
23528.52,100.5,9.3773
23529.53,101.5,9.3773
23530.53,100.5,9.3773
23531.54,101.5,9.3773
23532.54,103.5,9.3784
23533.55,100.5,9.3784
23534.55,100.5,9.3784
23535.56,101.5,9.3784
23536.56,99.5,9.3784
23537.57,101.5,9.3784
23538.57,100.5,9.3784
23539.58,100.5,9.3784
23540.58,101.5,9.3784
23541.59,100.5,9.3784
23542.59,99.5,9.3784
23543.6,101.5,9.3784
23544.6,100.5,9.3784
23545.61,100.5,9.3784
23546.61,101.5,9.3784
23547.62,102.5,9.3794
23548.62,100.5,9.3794
23549.63,101.5,9.3794
23550.63,100.5,9.3794
23551.64,100.5,9.3794
23552.64,101.5,9.3794
23553.65,101.5,9.3794
23554.65,100.6,9.3794
23555.66,101.5,2.6087
23556.66,292.5,2.8037
23557.67,334.0,2.9235
23558.67,326.3,3.2535
23559.68,338.4,3.5347
23560.68,317.4,3.8463
23561.68,166.3,4.222
23562.69,141.4,4.6207
23563.69,129.3,5.0233
23564.7,103.5,5.4308
23565.7,104.5,5.8299
23566.71,100.5,6.2287
23567.71,140.3,6.6301
23568.72,100.5,7.028
23569.72,102.6,7.4345
23570.73,128.4,7.7086
23571.73,100.5,7.728
23572.74,100.5,7.728
23573.74,106.5,7.728
23574.75,110.4,7.728
23575.75,113.4,7.7236
23576.76,101.5,7.7236
23577.76,101.5,7.7236
23578.77,99.5,7.7236
23579.77,214.9,7.7248
23580.78,168.1,7.7332
23581.78,119.4,7.8518
23582.79,101.5,7.8518
23583.79,100.5,7.8518
23584.8,99.5,7.852
23585.8,100.5,7.8431
23586.81,100.5,7.8431
23587.81,100.5,7.8431
23588.82,101.5,7.8432
23589.82,99.5,7.8435
23590.83,101.5,7.8435
23591.83,115.4,7.8441
23592.84,101.5,7.8441
23593.84,100.5,7.8441
23594.85,100.6,7.8441
23595.85,102.5,7.8441
23596.86,100.5,7.8441
23597.86,101.5,7.8441
23598.87,101.5,7.8441
23599.87,100.5,7.8441
23600.88,102.5,7.8441
23601.88,100.5,7.8441
23602.89,114.4,7.8442
23603.9,100.5,7.8442
23604.9,100.5,7.8442
23605.91,100.5,7.8442
23606.91,99.5,7.8442
23607.92,100.5,7.8442
23608.92,100.5,7.8442
23609.93,101.5,7.8442
23610.93,100.5,7.8442
23611.94,100.5,7.8442
23612.94,113.4,7.8444
23613.95,100.5,7.8444
23614.95,102.5,7.8444
23615.96,102.5,7.8444
23616.96,115.4,7.8444
23617.97,99.5,7.8444
23618.97,100.5,7.8444
23619.98,102.5,7.8444
23620.98,100.5,7.8444
23621.99,101.5,7.8444
23622.99,99.5,7.8444
23624.0,116.4,7.9161
23625.0,101.5,7.9161
23626.01,100.5,7.9161
23627.01,101.5,7.9161
23628.02,99.5,7.9161
23629.02,101.5,7.9161
23630.03,101.5,7.9161
23631.03,100.5,7.9161
23632.04,100.5,7.9161
23633.04,100.5,7.9161
23634.05,99.5,7.9161
23635.05,101.6,8.3108
23636.06,100.5,8.6709
23637.06,99.5,9.083
23638.07,127.4,9.3491
23639.07,101.5,9.3491
23640.08,100.5,9.3491
23641.08,102.5,9.3491
23642.09,99.5,9.3491
23643.09,99.5,9.3491
23644.1,101.5,9.3491
23645.1,101.5,9.3491
23646.11,99.5,9.3491
23647.11,100.5,9.3491
23648.12,102.5,9.3491
23649.12,101.5,9.3491
23650.13,100.5,9.3491
23651.13,103.5,9.3504
23652.14,99.5,9.3504
23653.14,99.5,9.3504
23654.15,101.5,9.3504
23655.15,99.6,9.3504
23656.16,102.5,9.3504
23657.16,100.5,9.3504
23658.17,100.5,9.3504
23659.17,103.6,9.3504
23660.18,101.5,9.3504
23661.18,100.5,9.3504
23662.19,100.5,9.3504
23663.19,102.5,9.3504
23664.2,99.5,9.3504
23665.2,101.5,9.3509
23666.21,102.5,9.3509
23667.21,100.5,9.3509
23668.22,99.5,9.3509
23669.23,100.5,9.3509
23670.23,100.5,9.3509
23671.23,100.6,9.3509
23672.24,101.5,9.3509
23673.25,101.5,9.3509
23674.25,100.5,9.3509
23675.26,102.5,9.3512
23676.26,99.5,9.3512
23677.27,101.6,9.3512
23678.27,99.5,9.3512
23679.28,102.5,9.3521
23680.28,99.5,9.3521
23681.29,101.5,9.3521
23682.29,100.5,9.3521
23683.3,101.5,9.3521
23684.3,101.5,9.3521
23685.31,100.5,9.3521
23686.31,100.5,9.3521
23687.32,102.5,9.3521
23688.32,99.5,9.3521
23689.33,101.5,9.3521
23690.33,100.5,9.3521
23691.34,100.5,9.3521
23692.34,100.5,9.3527
23693.35,100.5,9.3527
23694.35,101.5,9.3527
23695.36,103.5,9.3527
23696.36,100.5,9.3527
23697.37,99.5,9.3527
23698.37,101.5,9.3527
23699.38,100.5,9.3527
23700.38,100.5,9.3527
23701.39,101.5,9.3527
23702.4,100.5,9.3527
23703.4,99.5,9.3527
23704.41,101.5,9.3527
23705.41,100.3,9.3533
23706.42,101.5,9.3533
23707.42,102.5,9.3533
23708.43,99.5,9.3533
23709.43,101.5,9.3533
23710.44,99.5,9.3533
23711.44,102.5,9.3533
23712.45,99.7,9.3533
23713.45,100.5,9.3533
23714.46,100.6,9.3533
23715.46,100.7,9.3533
23716.46,99.5,9.3533
23717.47,101.5,9.3533
23718.47,102.5,9.354
23719.48,99.5,9.354
23720.48,100.5,9.354
23721.49,100.5,9.354
23722.49,100.5,9.354
23723.5,101.7,9.354
23724.5,102.5,9.354
23725.51,99.5,9.354
23726.52,101.3,9.354
23727.52,100.5,9.354
23728.53,100.5,9.354
23729.53,100.5,9.354
23730.54,100.5,9.354
23731.54,101.5,9.3543
23732.55,100.5,9.3543
23733.55,100.5,9.3543
23734.55,102.7,9.3543
23735.56,100.5,9.3543
23736.57,99.5,9.3543
23737.57,100.8,9.3543
23738.57,100.5,9.3543
23739.58,101.5,9.3543
23740.58,100.5,9.3543
23741.59,100.5,9.3543
23742.59,101.7,9.3543
23743.59,99.8,9.3543
23744.6,100.5,9.3543
23745.6,101.5,9.3549
23746.61,101.5,9.3549
23747.61,100.5,9.3549
23748.62,100.5,9.3549
23749.62,99.5,9.3549
23750.63,101.5,9.3549
23751.63,100.5,9.3549
23752.64,102.5,9.3549
23753.64,99.5,9.3549
23754.65,102.5,9.3549
23755.65,99.5,9.3549
23756.66,99.5,9.3549
23757.67,100.5,9.3549
23758.67,100.5,9.3549
23759.68,100.5,9.3553
23760.68,100.5,9.3556
23761.69,101.5,9.3556
23762.69,100.5,9.3556
23763.7,102.5,9.3556
23764.7,99.5,9.3556
23765.71,101.5,9.3556
23766.71,100.5,9.3556
23767.72,100.5,9.3556
23768.72,99.5,9.3556
23769.73,101.5,9.3556
23770.73,99.5,9.3556
23771.74,100.5,9.3556
23772.74,104.5,9.3564
23773.75,99.5,9.3564
23774.75,100.5,9.3564
23775.76,100.5,9.3566
23776.76,100.5,9.3566
23777.77,99.5,9.3566
23778.77,101.5,9.3566
23779.78,101.5,9.3566
23780.78,99.7,9.3566
23781.79,100.5,9.3566
23782.79,99.5,9.3566
23783.8,102.5,9.3566
23784.8,99.5,9.3566
23785.81,101.5,9.3566
23786.81,100.5,9.3569
23787.82,102.5,9.3569
23788.82,100.5,9.3569
23789.83,101.5,9.3569
23790.83,99.5,9.3569
23791.84,101.5,9.3569
23792.84,99.6,9.3569
23793.85,101.5,9.3569
23794.85,100.5,9.3569
23795.86,99.5,9.3569
23796.86,101.5,9.3569
23797.87,101.5,9.3569
23798.87,100.5,9.3569
23799.88,100.5,9.3574
23800.88,102.6,9.3574
23801.89,101.5,9.3574
23802.89,99.5,9.3574
23803.9,100.5,9.3574
23804.9,100.5,9.3574
23805.91,99.5,9.3574
23806.91,101.5,9.3574
23807.92,101.5,9.3574
23808.92,101.5,9.3574
23809.93,99.5,9.3574
23810.93,100.5,9.3574
23811.94,100.5,9.3574
23812.94,101.5,9.3574
23813.95,101.5,9.3578
23814.95,99.5,9.3578
23815.96,100.5,9.3578
23816.96,101.5,9.3578
23817.97,99.5,9.3578
23818.97,100.5,9.3578
23819.98,101.5,9.3578
23820.98,101.5,9.3578
23821.99,100.5,9.3578
23822.99,101.5,9.3578
23824.0,99.5,9.3578
23825.0,100.5,9.3578
23826.01,100.5,9.3578
23827.01,99.5,9.3578
23828.02,104.5,9.3579
23829.02,100.5,9.3579
23830.03,99.6,9.3579
23831.03,102.5,9.3579
23832.04,100.5,9.3579
23833.04,99.5,9.3579
23834.05,100.5,9.3579
23835.05,102.5,9.3579
23836.06,100.5,9.3579
23837.06,100.5,9.3579
23838.07,101.5,9.3579
23839.07,99.5,9.3579
23840.08,100.5,9.3579
23841.08,101.5,9.3585
23842.09,101.5,9.3585
23843.1,100.5,9.3585
23844.1,101.5,9.3585
23845.11,101.5,9.3587
23846.11,100.5,9.3587
23847.12,99.5,9.3587
23848.12,102.5,9.3587
23849.13,99.5,9.3587
23850.13,101.5,9.3587
23851.14,99.5,9.3587
23852.14,101.5,9.3587
23853.15,100.5,9.3587
23854.15,101.5,9.3587
23855.16,101.5,9.3593
23856.16,100.7,2.6632
23857.16,323.1,2.8576
23858.17,350.2,3.0792
23859.17,319.3,3.3412
23860.18,343.4,3.539
23861.18,2.0,2.6586
23862.18,315.2,2.8394
23863.19,340.3,3.0318
23864.19,323.3,3.2802
23865.2,327.8,3.4978
23866.2,1544.8,2.6064
23867.2,296.0,2.821
23868.21,362.1,3.0608
23869.21,334.9,3.3874
23870.21,346.0,3.621
23871.22,3.0,2.6889
23872.22,317.1,2.8388
23873.22,2.0,2.7081
23874.22,296.3,2.8514
23875.23,4.0,2.6601
23876.23,319.4,2.9006
23877.24,1.0,2.6396
23878.25,337.2,2.8996
23879.25,2.0,2.6426
23880.26,333.3,2.902
23881.26,1.0,2.6288
23882.26,320.3,2.8564
23883.27,337.3,2.9941
23884.27,1438.2,2.8476
23885.28,334.7,2.5341
23886.28,3.0,2.8529
23887.29,3.0,2.6448
23888.29,348.9,2.9187
23889.29,336.0,3.038
23890.3,1.0,2.8123
23891.3,320.4,3.0623
23892.31,1.0,2.6386
23893.31,332.0,2.8502
23894.31,337.3,3.0206
23895.32,260.7,3.4984
23896.32,327.0,3.7921
23897.33,238.8,4.0025
23898.33,122.4,4.2108
23899.34,149.2,4.3951
23900.34,211.9,4.5618
23901.35,119.4,4.6789
23902.35,100.5,4.7878
23903.36,118.4,4.8701
23904.36,108.4,4.9272
23905.37,99.5,4.9764
23906.37,102.5,5.0242
23907.38,103.5,5.0701
23908.38,100.5,5.108
23909.39,101.6,5.1457
23910.39,102.6,5.1801
23911.4,99.6,5.2143
23912.4,102.5,5.2488
23913.41,99.5,5.2798
23914.41,100.5,5.3106
23915.42,101.6,5.34
23916.42,99.5,5.3739
23917.43,101.6,5.4057
23918.43,100.5,5.4343
23919.44,100.5,5.4624
23920.44,100.6,5.4871
23921.44,102.5,5.5108
23922.45,101.5,5.533
23923.46,101.5,5.5546
23924.46,99.5,5.5776
23925.46,101.7,5.5986
23926.47,100.5,5.6209
23927.47,101.5,5.6442
23928.48,99.4,5.6698
23929.49,101.5,5.6963
23930.49,101.5,5.7215
23931.5,99.5,5.749
23932.5,101.5,5.7766
23933.51,99.5,5.8023
23934.51,100.5,5.8302
23935.52,103.5,5.8542
23936.52,100.5,5.8805
23937.53,100.5,5.9045
23938.53,101.5,5.9254
23939.54,100.5,5.9485
23940.54,101.5,5.97
23941.55,103.5,5.9939
23942.55,100.5,6.012
23943.56,101.5,6.0345
23944.56,99.5,6.0566
23945.57,101.6,6.0784
23946.57,101.5,6.1011
23947.58,100.5,6.1209
23948.58,99.5,6.1405
23949.59,101.4,6.1629
23950.59,101.5,6.1838
23951.6,100.4,6.2075
23952.6,99.5,6.2255
23953.61,102.5,6.244
23954.61,100.5,6.267
23955.62,100.5,6.2887
23956.62,100.5,6.3085
23957.63,100.5,6.3302
23958.64,100.5,6.3496
23959.64,103.5,6.366
23960.65,99.5,6.3797
23961.65,101.5,6.3917
23962.66,107.5,6.4025
23963.66,100.5,6.4131
23964.67,99.5,6.4232
23965.67,103.5,6.4343
23966.68,99.5,6.4443
23967.68,101.5,6.4533
23968.69,99.5,6.4608
23969.69,115.4,6.4688
23970.7,101.5,6.4766
23971.7,101.5,6.4844
23972.71,100.5,6.4922
23973.71,99.5,6.4997
23974.72,100.5,6.5079
23975.72,100.5,6.517
23976.73,101.5,6.5263
23977.73,100.5,6.5345
23978.74,101.5,6.542
23979.74,100.5,6.5495
23980.75,99.5,6.5563
23981.76,101.5,6.5643
23982.76,100.5,6.572
23983.77,101.5,6.5808
23984.77,101.5,6.5875
23985.78,99.5,6.5954
23986.78,101.5,6.604
23987.79,101.5,6.6109
23988.79,101.5,6.6175
23989.8,99.5,6.6248
23990.8,100.7,6.6324
23991.81,100.5,6.639
23992.81,110.5,6.6472
23993.82,102.5,6.6535
23994.82,99.5,6.662
23995.82,100.6,6.6687
23996.83,101.5,6.6762
23997.83,101.5,6.6827
23998.84,99.5,6.6897
23999.85,100.5,6.6971
24000.85,101.6,6.7034
24001.85,99.5,6.7096
24002.86,100.5,6.7178
24003.86,101.5,6.7243
24004.87,100.5,6.7289
24005.87,102.6,6.7361
24006.88,101.5,6.7443
24007.88,99.5,6.7506
24008.89,101.5,6.7584
24009.89,99.5,6.7651
24010.9,100.5,6.7715
24011.9,101.5,6.778
24012.91,100.5,6.7842
24013.91,100.5,6.7912
24014.92,101.5,6.7979
24015.92,101.5,6.8036
24016.93,99.5,6.8106
24017.94,100.5,6.8177
24018.94,101.5,6.8239
24019.95,102.5,6.8314
24020.95,104.5,6.8378
24021.96,100.5,6.8446
24022.96,103.5,6.8511
24023.97,100.5,6.8582
24024.97,100.5,6.8641
24025.98,102.6,6.8716
24026.98,99.5,6.8783
24027.99,99.5,6.8834
24028.99,101.5,6.8906
24030.0,101.5,6.8984
24031.0,100.6,6.9044
24032.0,101.5,6.9125
24033.01,99.5,6.9192
24034.02,101.5,6.9259
24035.02,100.5,6.9317
24036.02,100.6,6.9374
24037.03,100.5,6.944
24038.03,100.5,6.9505
24039.04,102.5,6.9563
24040.04,100.5,6.9626
24041.05,100.6,6.9702
24042.05,100.5,6.9772
24043.06,100.5,6.9837
24044.07,100.5,6.9902
24045.07,102.5,6.9962
24046.08,99.5,7.0019
24047.08,101.5,7.0078
24048.09,101.5,7.0138
24049.09,100.5,7.0201
24050.1,99.5,7.0251
24051.1,101.5,7.0316
24052.11,101.5,7.0382
24053.11,99.5,7.0452
24054.12,101.5,7.0506
24055.12,100.5,7.0571
24056.13,101.5,7.0641
24057.13,99.5,7.0694
24058.14,100.5,7.0749
24059.14,102.5,7.0803
24060.15,102.5,7.0875
24061.15,100.5,7.0943
24062.16,100.5,7.1003
24063.16,101.5,7.1066
24064.17,100.5,7.1126
24065.17,101.5,7.1189
24066.18,100.5,7.1246
24067.18,100.5,7.13
24068.19,100.5,7.136
24069.2,99.5,7.142
24070.2,102.5,7.1477
24071.2,99.6,7.153
24072.21,100.5,7.1594
24073.21,101.5,7.1665
24074.22,101.5,7.1712
24075.23,99.5,7.1784
24076.23,102.5,7.1848
24077.24,99.5,7.1902
24078.24,99.5,7.1962
24079.25,101.5,7.2034
24080.25,102.5,7.2069
24081.26,99.5,7.2138
24082.26,100.5,7.2193
24083.27,101.5,7.2256
24084.27,102.5,7.2314
24085.28,100.5,7.237
24086.28,100.5,7.2429
24087.29,100.5,7.2485
24088.29,100.7,7.2534
24089.3,99.5,7.2591
24090.3,101.7,7.2648
24091.3,100.7,7.2702
24092.31,101.5,7.2753
24093.31,100.5,7.2813
24094.32,100.5,7.2878
24095.32,100.5,7.2944
24096.33,101.7,7.2999
24097.33,100.5,7.3053
24098.34,101.5,7.3113
24099.34,100.5,7.3166
24100.35,100.5,7.3214
24101.35,99.5,7.3272
24102.36,100.5,7.3327
24103.36,102.5,7.3381
24104.37,99.5,7.3431
24105.37,100.5,7.3484
24106.38,102.5,7.355
24107.38,99.5,7.3608
24108.39,100.5,7.3657
24109.39,101.5,7.3713
24110.4,101.5,7.3782
24111.4,100.5,7.3837
24112.41,101.5,7.3892
24113.41,100.5,7.3932
24114.42,99.5,7.3991
24115.42,101.5,7.4053
24116.43,100.5,7.4114
24117.44,101.5,7.4162
24118.44,100.5,7.4224
24119.45,102.5,7.4277
24120.45,100.5,7.433
24121.46,119.4,7.4926
24122.46,99.5,7.4926
24123.47,100.5,7.4926
24124.47,101.5,7.4926
24125.48,99.5,7.4926
24126.48,100.5,7.4926
24127.49,100.5,7.4926
24128.49,99.5,7.4926
24129.5,101.5,7.4926
24130.5,100.5,7.4926
24131.51,101.6,7.4926
24132.51,100.5,7.4953
24133.52,100.5,7.5039
24134.52,102.5,7.5104
24135.53,99.5,7.5199
24136.53,100.5,7.528
24137.54,102.5,7.5349
24138.54,99.5,7.5437
24139.55,100.5,7.5456
24140.55,101.5,7.5456
24141.56,100.5,7.5456
24142.56,102.5,7.5456
24143.57,102.5,7.5456
24144.57,100.5,7.5456
24145.58,99.5,7.5456
24146.58,101.5,7.5456
24147.59,100.5,7.5456
24148.6,99.5,7.5456
24149.6,100.7,7.5456
24150.6,100.5,7.5456
24151.61,100.5,7.5456
24152.61,100.5,7.5456
24153.62,101.5,7.5456
24154.62,101.5,7.5456
24155.63,100.5,7.5456
24156.63,100.5,7.5456
24157.64,100.5,7.5456
24158.65,101.5,7.5456
24159.65,101.5,7.5456
24160.66,100.5,7.5456
24161.66,100.5,7.5456
24162.66,101.7,7.5456
24163.67,100.6,7.5456
24164.67,100.5,7.5456
24165.68,100.5,7.5456
24166.68,101.5,7.5456
24167.69,101.5,7.5456
24168.69,100.5,7.5456
24169.7,99.5,7.5456
24170.7,100.5,7.5456
24171.71,100.5,7.5456
24172.71,101.5,7.5456
24173.72,101.5,7.5456
24174.72,99.5,7.5456
24175.73,101.5,7.5456
24176.73,99.6,7.5456
24177.74,103.5,7.5456
24178.74,99.5,7.5456
24179.75,100.5,7.5456
24180.75,100.5,7.5456
24181.76,100.5,7.5456
24182.76,100.5,7.5456
24183.77,101.5,7.5456
24184.77,100.5,7.5458
24185.78,99.5,7.5458
24186.79,100.5,7.5458
24187.79,100.5,7.5458
24188.8,102.5,7.5458
24189.8,102.5,7.5458
24190.81,99.5,7.5458
24191.81,100.5,7.5458
24192.81,2.0,2.7015
24193.82,321.4,3.0412
24194.82,1.0,2.5661
24195.83,288.3,2.8008
24196.83,312.1,2.9141
24197.84,1.0,2.6194
24198.84,294.8,2.8228
24199.84,359.9,3.02
24200.85,1.0,2.6888
24201.85,324.4,2.854
24202.85,366.9,3.0324
24203.85,324.4,3.2842
24204.86,0.0,2.7363
24205.86,336.0,2.9381
24206.87,334.6,2.5384
24207.87,2.0,2.8612
24208.87,371.1,3.0556
24209.88,6.0,2.6671
24210.88,297.2,2.8333
24211.88,1.0,2.6504
24212.88,321.1,2.8344
24213.89,352.2,2.9932
24214.89,344.1,3.2665
24215.89,268.6,3.6465
24216.9,290.5,4.0214
24217.9,1.0,2.684
24218.9,341.3,2.8939
24219.91,356.2,3.1875
24220.91,276.6,3.5317
24221.92,205.0,3.7097
24222.92,260.7,2.5388
24223.93,1.0,2.7962
24224.93,323.1,2.9176
24225.93,3.0,2.6634
24226.94,307.1,2.8246
24227.94,373.4,2.9839
24228.95,237.8,3.2643
24229.95,0.0,2.6943
24230.95,302.1,2.8516
24231.96,2.0,2.5581
24232.96,291.2,2.8092
24233.97,316.0,2.9151
24234.97,1506.8,2.6568
24235.98,309.9,2.8375
24236.98,362.9,2.9809
24237.98,3418.1,2.7554
24238.98,305.1,2.8787
24239.99,349.3,3.0823
24240.99,307.4,3.1894
24242.0,314.1,3.2979
24243.0,0.0,2.7092
24244.0,287.2,2.8556
24245.01,1.0,2.6538
24246.01,342.9,2.8518
24247.01,366.9,3.0253
24248.02,320.4,2.5393
24249.02,1.0,2.8061
24250.02,343.8,2.9133
24251.03,1406.6,2.6423
24252.03,314.1,2.8367
24253.04,358.2,3.0458
24254.04,313.3,3.2426
24255.05,24.9,2.7295
24256.05,336.0,2.9761
24257.05,361.0,3.2007
24258.06,329.3,3.4636
24259.06,316.5,3.7319
24260.07,307.4,4.0352
24261.07,312.4,4.3184
24262.08,313.4,4.6914
24263.08,317.4,5.0369
24264.09,328.5,5.3087
24265.09,323.9,5.6551
24266.09,41.9,2.7431
24267.1,346.9,2.9921
24268.1,359.8,3.1952
24269.1,328.3,3.4483
24270.11,145.3,3.5105
24271.11,252.2,3.7133
24272.12,5.0,2.8234
24273.12,331.0,2.9988
24274.12,339.0,3.2763
24275.13,317.4,3.5611
24276.13,311.4,3.8656
24277.14,340.4,4.0548
24278.14,321.5,4.3356
24279.15,205.9,4.6533
24280.15,133.4,5.0091
24281.16,119.4,5.3489
24282.16,190.0,5.7117
24283.17,109.6,6.0552
24284.17,103.5,6.4812
24285.18,100.5,6.9342
24286.18,104.5,7.3933
24287.19,132.3,7.7397
24288.19,119.4,7.8025
24289.2,99.5,7.8025
24290.2,101.5,7.8025
24291.21,101.5,7.8025
24292.21,100.5,7.8025
24293.22,101.7,7.8025
24294.22,100.5,7.8025
24295.22,118.7,7.8835
24296.23,268.6,7.9376
24297.23,279.8,7.9629
24298.24,232.8,7.9704
24299.24,199.2,8.0184
24300.25,108.7,8.0186
24301.25,111.4,8.0186
24302.26,110.4,7.9718
24303.26,118.4,7.9718
24304.27,120.4,7.9726
24305.27,101.5,7.9726
24306.28,99.5,7.9726
24307.28,102.5,7.9726
24308.29,105.6,7.9726
24309.29,101.2,7.9726
24310.3,101.5,7.9726
24311.3,125.7,7.9726
24312.31,114.4,7.9754
24313.31,102.5,7.9754
24314.32,100.5,7.9754
24315.32,100.5,7.9754
24316.33,101.5,7.9754
24317.33,100.5,7.9754
24318.34,126.6,7.9755
24319.34,231.8,7.9756
24320.35,2.0,2.6852
24321.35,303.6,2.8928
24322.36,365.1,3.124
24323.36,323.3,3.4674
24324.37,311.3,3.8165
24325.37,344.0,4.0507
24326.38,300.5,4.4859
24327.38,9.0,2.8114
24328.38,318.3,2.9853
24329.38,342.1,3.233
24330.39,313.4,3.5148
24331.39,304.5,3.804
24332.4,340.2,3.9935
24333.4,325.3,4.3254
24334.41,201.0,2.5993
24335.41,2.0,2.8261
24336.41,360.1,3.0145
24337.42,335.3,3.2756
24338.42,309.4,3.5434
24339.43,307.7,3.822
24340.43,339.2,4.0083
24341.44,293.5,4.3504
24342.44,172.1,4.7668
24343.45,171.1,5.1643
24344.45,108.4,5.6655
24345.46,148.2,6.1954
24346.46,148.3,6.7844
24347.47,103.5,7.2893
24348.47,128.3,7.75
24349.48,100.5,7.85
24350.49,103.5,7.842
24351.49,105.5,7.842
24352.5,100.5,7.842
24353.5,99.5,7.842
24354.51,101.5,7.8422
24355.51,230.8,7.8345
24356.52,252.7,2.5996
24357.52,2.0,2.7973
24358.52,301.1,2.9339
24359.53,334.3,2.5996
24360.53,1.0,2.8543
24361.53,308.2,2.954
24362.54,2645.0,2.8169
24363.54,323.0,2.9368
24364.55,1453.8,2.854
24365.55,328.0,2.9693
24366.55,1.0,2.7481
24367.55,315.0,2.8959
24368.56,1.0,2.6958
24369.56,302.4,2.8698
24370.57,1539.0,2.687
24371.57,283.5,2.8646
24372.58,2.0,2.7022
24373.58,330.9,2.8881
24374.59,310.1,3.0909
24375.59,2.0,2.758
24376.59,327.3,2.9179
