Time_Sec,CPU_Percent_Total,Memory_GB
1,213.07499999999996,0.17845000000000003
2,247.86600000000004,0.38090999999999997
3,228.49799999999996,0.53978
4,305.964,0.77919
5,250.34,0.8630800000000001
6,321.38500000000005,0.9708499999999999
7,329.28299999999996,1.0704699999999998
8,344.521,1.15758
9,305.46000000000004,1.2791299999999999
10,287.632,1.3584
11,225.82899999999995,1.3794
12,282.084,1.5211700000000001
13,336.47499999999997,1.6951
14,313.44100000000003,1.8656799999999998
15,327.279,1.9877099999999999
16,332.046,2.2103699999999997
17,311.91299999999995,1.86387
18,275.947,1.80801
19,327.048,2.1148800000000003
20,326.85299999999995,2.2843599999999995
21,356.014,2.49788
22,332.386,2.80449
23,337.019,2.9963100000000003
24,315.314,3.1964299999999994
25,312.98699999999997,3.42648
26,312.621,3.7307100000000006
27,310.959,4.05331
28,308.846,4.36426
29,306.179,4.6620099999999995
30,308.043,4.94966
31,300.983,5.1813
32,299.9150000000001,5.396889999999999
33,314.59299999999996,5.66857
34,268.401,6.023100000000001
35,241.968,6.183059999999999
36,212.51500000000001,6.31915
37,234.71999999999994,5.457300000000001
38,250.544,5.77454
39,198.353,5.961399999999999
40,154.70200000000003,5.99141
41,151.421,4.129949999999999
42,243.579,2.24961
43,295.27200000000005,1.97665
44,276.896,2.09363
45,254.39499999999998,1.9062600000000003
46,290.81,1.93897
47,306.18300000000005,1.9771700000000003
48,303.32300000000004,1.9204099999999997
49,302.407,1.92334
50,301.11,1.8783699999999999
51,316.158,1.89197
52,321.90099999999995,1.94463
53,307.294,1.86551
54,302.341,1.9982699999999998
55,316.18399999999997,2.0025299999999997
56,313.446,1.9725899999999998
57,333.834,2.1750800000000003
58,304.83000000000004,2.15672
59,311.38,2.1467
60,318.505,2.2212400000000003
61,316.05100000000004,2.41652
62,314.196,2.5540499999999997
63,310.135,2.8031699999999997
64,322.708,3.01968
65,324.533,3.22179
66,318.929,3.39365
67,308.287,3.5756900000000003
68,307.125,3.74017
69,302.56800000000004,3.94067
70,298.642,4.13262
71,297.89,4.36201
72,292.962,4.5287500000000005
73,283.661,4.71317
74,259.498,4.942830000000001
75,276.418,5.168709999999999
76,287.305,5.38627
77,277.2420000000001,5.5889
78,275.945,5.77487
79,269.712,5.97773
80,265.628,6.14612
81,252.07799999999997,6.31167
82,221.227,6.52183
83,188.78400000000005,6.67389
84,180.28699999999998,6.786160000000001
85,191.57099999999997,6.95403
86,195.649,7.0932400000000015
87,158.70800000000003,7.116420000000001
88,176.387,7.123049999999999
89,135.81699999999998,7.156739999999999
90,146.975,7.232729999999999
91,160.73499999999999,6.831439999999999
92,160.28400000000005,6.665889999999999
93,152.93199999999996,6.701839999999999
94,157.24099999999999,6.74162
95,152.88799999999998,6.181769999999999
96,158.981,6.2274899999999995
97,148.11399999999998,6.279069999999999
98,150.261,6.31763
99,161.20499999999998,6.3613100000000005
100,163.27100000000002,6.405080000000001
101,155.59300000000002,6.45276
102,159.181,6.5398499999999995
103,172.094,6.722880000000001
104,157.338,6.84513
105,175.208,7.071330000000001
106,145.672,7.143129999999999
107,164.764,7.258319999999999
108,162.70000000000002,7.32213
109,155.576,6.954720000000002
110,198.746,6.647329999999999
111,222.66500000000002,4.92501
112,246.41500000000002,3.5443100000000003
113,282.296,3.8035200000000002
114,295.081,4.0014400000000006
115,293.339,3.5457500000000004
116,305.7289999999999,3.69566
117,296.254,3.8439799999999997
118,272.88800000000003,3.9716500000000003
119,285.677,4.10322
120,278.841,4.24312
121,273.137,4.37092
122,262.49999999999994,4.5028500000000005
123,267.95500000000004,4.6446
124,252.36599999999999,4.8055900000000005
125,270.12399999999997,5.02744
126,262.982,5.21119
127,271.05499999999995,5.38365
128,258.62800000000004,5.63523
129,264.059,5.8368
130,265.164,5.46545
131,258.925,5.625909999999999
132,228.74900000000002,5.8357399999999995
133,202.084,6.0649999999999995
134,215.96899999999997,6.2755
135,207.598,5.86783
136,232.67800000000003,6.05325
137,215.773,6.18177
138,221.47599999999997,6.290780000000001
139,199.523,6.337930000000001
140,194.278,6.40816
141,182.79000000000002,6.471270000000001
142,188.865,6.52119
143,197.95200000000003,6.59165
144,180.22199999999998,6.65767
145,166.26799999999997,6.71687
146,165.809,6.78066
147,159.41000000000003,6.84495
148,150.78400000000002,6.904180000000001
149,146.27900000000002,6.985519999999999
150,142.3,7.0146
151,156.217,7.048320000000001
152,142.95800000000003,7.0815600000000005
153,149.945,7.17247
154,138.281,7.261739999999999
155,154.113,7.37654
156,138.99899999999997,7.48648
157,139.69300000000004,7.595609999999999
158,119.73299999999998,7.605670000000001
159,126.28799999999998,7.60574
160,158.199,7.192100000000001
161,142.39499999999998,6.428890000000001
162,228.83199999999997,5.71352
163,187.904,4.199070000000001
164,278.66700000000003,4.02866
165,257.349,3.4074999999999998
166,289.936,3.6073700000000004
167,293.42900000000003,3.7790399999999997
168,300.915,3.94234
169,281.54999999999995,3.48311
170,288.19899999999996,3.63216
171,280.53900000000004,3.8096999999999994
172,282.782,3.97028
173,296.079,3.7020900000000005
174,301.23400000000004,3.68587
175,306.06399999999996,3.9031599999999997
176,301.54499999999996,4.1241900000000005
177,303.92600000000004,4.36226
178,309.163,4.60005
179,302.86699999999996,4.836919999999999
180,300.098,5.0815
181,301.66700000000003,5.33065
182,290.24600000000004,5.55785
183,293.387,5.81592
184,271.056,6.01139
185,246.529,6.2111
186,259.909,6.439660000000001
187,241.661,6.66445
188,212.90299999999996,6.83403
189,210.19400000000002,6.916500000000001
190,195.88899999999998,6.97266
191,175.43900000000002,7.03731
192,147.43800000000002,7.084490000000001
193,159.318,7.137180000000001
194,142.454,7.16152
195,141.98499999999999,7.16152
196,156.14299999999997,7.16156
197,139.59099999999995,7.17189
198,121.55499999999999,7.172110000000001
199,116.112,7.17787
200,124.47499999999998,7.1820900000000005
201,123.50699999999999,7.1820900000000005
202,122.077,7.2311
203,114.15600000000002,7.2311000000000005
204,118.30300000000003,7.26716
205,126.59,7.304289999999999
206,129.76299999999998,7.39005
207,139.983,7.52025
208,132.72199999999998,7.15043
209,141.726,7.09075
210,137.116,7.16589
211,158.466,7.2209900000000005
212,159.112,5.708629999999999
213,210.988,5.5378
214,216.90499999999997,3.8811099999999996
215,269.392,3.45096
216,295.4920000000001,2.7050199999999998
217,309.15200000000004,2.72564
218,319.444,2.9387600000000003
219,329.702,3.14694
220,323.453,3.3139600000000002
221,313.98799999999994,3.4979499999999994
222,310.492,3.6805100000000004
223,300.937,3.8632899999999992
224,299.773,4.034050000000001
225,301.354,4.25167
226,299.037,4.42653
227,298.53999999999996,4.618830000000001
228,290.959,4.838030000000001
229,291.12399999999997,5.0686100000000005
230,293.313,5.30944
231,286.688,5.533720000000001
232,289.835,5.75009
233,286.507,5.95731
234,277.227,6.177560000000001
235,247.84,6.35548
236,232.429,6.534560000000001
237,221.77399999999997,6.7223500000000005
238,219.314,6.88229
239,204.89100000000002,6.9703800000000005
240,209.58999999999997,7.02801
241,203.95999999999998,7.1316700000000015
242,181.214,7.16475
243,154.42399999999998,7.180540000000001
244,148.644,7.204980000000001
245,150.21599999999998,7.205029999999999
246,160.869,7.205
247,157.93800000000002,6.60398
248,150.388,6.62877
249,151.98100000000002,6.662910000000001
250,150.832,6.735140000000001
251,135.95600000000002,6.762129999999999
252,135.82800000000003,6.79003
253,145.24,6.81341
254,141.58499999999998,6.82925
255,151.49699999999999,6.61627
256,143.49,6.28611
257,183.475,6.4438699999999995
258,177.003,6.648770000000001
259,160.279,6.77931
260,183.243,6.937599999999999
261,155.654,7.013909999999998
262,158.299,7.07823
263,159.563,7.132429999999999
264,190.358,6.58863
265,208.05700000000002,4.868060000000001
266,246.72200000000004,3.8403599999999996
267,293.54200000000003,3.3444000000000003
268,292.24399999999997,3.14915
269,323.004,3.38223
270,333.845,3.5794200000000003
271,316.024,3.7397400000000003
272,298.746,3.89024
273,279.668,4.0351300000000005
274,274.433,4.2018
275,273.038,4.327910000000001
276,269.12299999999993,4.45625
277,274.342,4.58404
278,261.105,4.749440000000001
279,264.557,4.9083000000000006
280,265.938,5.1082
281,265.724,5.27948
282,266.44599999999997,5.51955
283,264.611,5.7355599999999995
284,259.894,5.901739999999999
285,252.53799999999995,6.095699999999999
286,232.164,6.25551
287,239.46400000000003,5.8223199999999995
288,254.65900000000002,6.032100000000001
289,223.875,6.251059999999999
290,243.73799999999997,6.485939999999999
291,214.25300000000001,6.598509999999999
292,214.671,6.721520000000001
293,174.214,6.778089999999999
294,176.003,6.827190000000002
295,178.1,6.853280000000001
296,175.03400000000002,6.30727
297,189.57600000000002,6.367299999999999
298,177.346,6.45043
299,181.543,6.51076
300,193.359,6.573910000000001
301,189.47299999999998,6.623659999999999
302,167.83800000000002,6.67766
303,161.881,6.7273499999999995
304,173.36999999999998,6.80024
305,156.27400000000003,6.827979999999999
306,157.229,6.86031
307,161.51100000000002,6.8997399999999995
308,142.651,6.94626
309,144.421,7.052709999999999
310,168.929,7.274029999999999
311,134.685,7.33361
312,142.90800000000002,7.45255
313,141.82399999999998,7.53896
314,131.483,7.5871200000000005
315,143.122,6.99653
316,175.426,6.3842300000000005
317,175.973,4.73648
318,220.57700000000006,4.6948799999999995
319,232.16299999999995,4.45651
320,266.379,3.9696200000000004
321,273.82099999999997,3.5696799999999995
322,294.624,3.7267200000000003
323,278.1,3.8874299999999997
324,279.539,3.6559200000000005
325,284.921,3.5602600000000004
326,291.855,3.7228399999999993
327,285.861,3.8793599999999997
328,282.18500000000006,4.01119
329,293.355,4.220319999999999
330,282.58299999999997,4.38811
331,272.873,4.58857
332,285.062,4.77889
333,276.07000000000005,4.96598
334,292.275,5.0752500000000005
335,283.543,4.81676
336,310.35799999999995,5.067690000000001
337,301.351,5.320269999999999
338,295.629,5.547089999999999
339,267.538,5.756269999999999
340,254.46499999999997,5.9665300000000006
341,269.409,6.22579
342,241.658,6.43455
343,207.919,6.589420000000001
344,198.678,6.678
345,183.40875,6.748875
346,173.44,6.821670000000002
347,187.26166666666666,6.7789
348,179.63600000000002,6.948070000000001
349,189.19400000000002,6.86156
350,184.70500000000004,7.0514399999999995
351,190.62333333333333,6.906233333333334
352,169.842,7.108580000000001
353,172.0675,7.138199999999999
354,141.555,7.151849999999999
355,110.07,7.1887
356,129.748,7.152000000000001
357,115.772,7.201320000000001
358,130.664,7.1520399999999995
359,106.33142857142859,7.1656571428571425
360,138.951,7.209530000000001
361,110.84333333333333,7.233433333333334
362,151.503,7.3662399999999995
363,123.78399999999999,7.4356800000000005
364,128.574,7.5015
365,128.223,7.22754
366,127.76799999999999,7.02473
367,151.18900000000002,7.092029999999999
368,136.276,7.078189999999999
369,190.844,6.45899
370,168.962,4.781750000000001
371,240.43599999999998,4.31026
372,243.531,3.7921000000000005
373,273.981,3.3233699999999997
374,301.58299999999997,2.7016
375,311.762,2.5707899999999997
376,316.093,2.7554600000000002
377,310.532,2.8498799999999997
378,313.97799999999995,3.0008899999999996
379,299.55699999999996,3.0731300000000004
380,312.542,3.23126
381,306.774,3.34663
382,307.146,3.51875
383,281.02000000000004,3.57205
384,302.37399999999997,3.75507
385,304.666,3.9212000000000002
386,290.991,4.07484
387,291.615,4.289569999999999
388,302.60900000000004,4.475770000000001
389,286.61,4.63087
390,278.68300000000005,4.872179999999998
391,274.849,5.08966
392,254.878,5.21535
393,251.50600000000003,5.35494
394,238.70099999999996,5.58419
395,218.77699999999996,5.75077
396,198.44,5.76212
397,206.138,5.961950000000001
398,206.33800000000002,6.05934
399,189.889,6.05841
400,189.584,6.10577
401,206.592,6.19154
402,181.00399999999996,6.16559
403,175.81,6.12205
404,175.77000000000004,6.14259
405,186.623,6.16962
406,180.03400000000002,6.2136499999999995
407,158.152,6.112589999999999
408,163.35000000000002,6.14793
409,164.695,6.1870400000000005
410,145.32000000000002,6.1115
411,148.00799999999998,6.1427
412,178.23599999999996,6.18981
413,163.804,6.24109
414,159.93400000000003,6.225879999999999
415,168.677,6.27708
416,149.89600000000002,6.31911
417,180.54700000000003,6.44994
418,167.179,6.56715
419,174.11800000000002,6.61233
420,154.086,5.36031
421,193.35999999999999,5.44106
422,217.96300000000002,4.950170000000001
423,196.794,4.94346
424,258.873,3.57979
425,277.7,2.57606
426,307.428,2.39126
427,314.013,2.6544799999999995
428,310.088,2.83244
429,317.45200000000006,2.8852400000000005
430,317.16400000000004,3.0045699999999997
431,305.932,3.1158399999999995
432,308.50399999999996,3.28341
433,301.53999999999996,3.463380000000001
434,296.243,3.5087900000000003
435,306.24699999999996,3.69404
436,312.18300000000005,3.869720000000001
437,289.31499999999994,4.00903
438,290.617,4.16621
439,302.19100000000003,4.38823
440,297.512,4.622370000000001
441,267.774,4.8009900000000005
442,264.441,5.00622
443,259.825,5.08738
444,279.59400000000005,5.36492
445,244.304,5.44299
446,242.51400000000004,5.630990000000001
447,247.044,5.826429999999999
448,221.142,5.9948500000000005
449,227.36100000000002,5.990419999999999
450,212.302,6.0917
451,181.61599999999999,6.1770499999999995
452,169.091,6.15932
453,172.16199999999998,6.19013
454,164.075,6.25892
455,168.49999999999997,6.2241
456,173.59499999999997,6.2959000000000005
457,166.59300000000002,6.11982
458,179.18699999999998,6.1753599999999995
459,159.04500000000002,6.16361
460,167.871,6.205089999999998
461,152.046,6.232569999999999
462,145.59099999999998,6.26145
463,137.279,6.279539999999999
464,135.60999999999999,6.339549999999999
465,130.92000000000002,6.414519999999999
466,108.751,6.431009999999999
467,135.39000000000001,6.553169999999999
468,130.25600000000003,6.677489999999999
469,115.47499999999998,6.6966399999999995
470,128.242,6.784519999999999
471,151.273,6.66769
472,140.56600000000003,5.506889999999999
473,175.719,5.56523
474,220.888,4.740800000000001
475,205.711,3.2585100000000002
476,258.938,3.3291600000000003
477,228.17600000000002,3.2997800000000006
478,266.486,3.02803
479,243.39300000000003,2.17834
480,276.14700000000005,2.2326799999999998
481,271.11500000000007,1.99257
482,289.131,2.0680799999999997
483,294.804,2.04418
484,284.96299999999997,2.1216299999999997
485,297.11899999999997,2.18793
486,291.854,2.17551
487,271.471,2.07558
488,296.81300000000005,2.0961299999999996
489,300.81699999999995,2.1822600000000003
490,294.97100000000006,2.2458000000000005
491,287.25100000000003,2.19268
492,305.511,2.32376
493,277.293,2.03979
494,300.625,2.21424
495,311.99600000000004,2.2344800000000005
496,281.47300000000007,2.02116
497,304.227,2.0633299999999997
498,313.765,2.0232400000000004
499,315.78200000000004,2.1386700000000003
500,314.90199999999993,2.18136
501,311.499,2.26497
502,318.835,2.2948
503,298.15,2.17433
504,305.327,2.26864
505,302.84000000000003,2.05028
506,327.57,2.2736899999999998
507,321.51399999999995,2.18087
508,299.148,2.05991
509,326.1039999999999,2.14966
510,325.602,2.30389
511,299.915,2.1139799999999997
512,310.789,2.09157
513,323.879,2.14955
514,319.021,2.24272
515,316.912,2.2457000000000003
516,311.579,2.28619
517,314.65999999999997,2.2311199999999998
518,311.57,2.2312700000000003
519,318.389,2.23162
520,309.75800000000004,2.04559
521,307.09900000000005,2.06675
522,325.07099999999997,2.1264999999999996
523,312.418,2.1621099999999998
524,316.57399999999996,2.12389
525,302.74300000000005,2.0884499999999995
526,312.302,2.15049
527,309.04600000000005,1.98932
528,313.20799999999997,2.07269
529,306.35,1.96935
530,313.224,2.09528
531,327.626,2.13521
532,293.855,2.06941
533,308.4,2.06608
534,308.82900000000006,1.9506700000000001
535,309.112,2.0350200000000003
536,325.098,2.1102600000000002
537,314.14799999999997,2.16766
538,309.06399999999996,2.20076
539,309.51,2.1151599999999995
540,301.65200000000004,2.17591
541,312.22700000000003,2.1391999999999998
542,313.87300000000005,2.18733
543,314.07700000000006,2.1486400000000003
544,309.445,2.2571
545,309.369,2.12343
546,324.576,2.23907
547,304.11400000000003,2.16953
548,306.869,2.039
549,314.33399999999995,2.0497300000000003
550,319.51200000000006,2.1829
551,318.786,2.1622
552,307.395,2.07482
553,316.68199999999996,2.15444
554,328.131,2.1439700000000004
555,290.61,2.00562
556,310.81100000000004,1.99848
557,337.983,2.2041000000000004
558,290.131,1.9823400000000002
559,311.957,2.04007
560,325.952,2.12101
561,313.112,2.1302
562,312.872,2.1621700000000006
563,323.757,2.31306
564,283.821,2.3339899999999996
565,266.98100000000005,2.35961
566,255.22000000000003,2.47257
567,240.474,2.55083
568,219.163,2.65349
569,206.825,2.74041
570,182.253,2.8179500000000006
571,187.19,2.7093599999999998
572,172.58599999999996,2.8932600000000006
573,203.85200000000003,2.57803
574,213.984,2.6914799999999994
575,248.458,2.62742
576,227.06199999999998,2.79504
577,238.87999999999997,2.54046
578,249.35099999999997,2.45078
579,258.346,2.56974
580,231.74699999999999,2.47203
581,240.204,2.5709100000000005
582,220.452,2.64659
583,189.027,2.7091699999999994
584,171.04999999999998,2.7608800000000002
585,150.891,2.79403
586,146.437,2.8292599999999997
587,155.379,2.8918299999999997
588,146.31,2.8762699999999994
589,153.522,2.9432800000000006
590,140.32799999999997,2.9251899999999997
591,152.084,2.9946900000000003
592,136.02100000000002,2.97564
593,152.257,3.0406
594,151.044,3.04084
595,154.046,3.16181
596,154.033,2.95475
597,205.843,3.0841000000000003
598,182.027,3.2371199999999996
599,196.794,2.89403
600,220.73600000000002,2.8795999999999995
601,238.40300000000002,2.7707499999999996
602,255.08800000000002,2.81073
603,264.95399999999995,2.7898
604,279.1809999999999,2.7520999999999995
605,291.82399999999996,2.7117299999999998
606,293.32,2.4272600000000004
607,305.81,2.19595
608,338.777,2.41642
609,300.88,2.2608400000000004
610,329.84000000000003,2.42049
611,331.30899999999997,2.45521
612,308.852,2.3348799999999996
613,323.733,2.2529500000000002
614,314.082,2.2684699999999998
615,312.821,2.28565
616,331.447,2.2679200000000006
617,311.85699999999997,2.274
618,322.327,2.36583
619,327.51599999999996,2.36639
620,304.66700000000003,2.3028199999999996
621,311.715,2.1846699999999997
622,344.12399999999997,2.41445
623,325.437,2.51533
624,327.5,2.6876100000000003
625,324.695,2.93396
626,294.30899999999997,2.73643
627,298.76099999999997,2.49165
628,314.662,2.5415799999999997
629,332.54,2.5869400000000002
630,330.95099999999996,2.84556
631,305.82199999999995,2.66633
632,319.331,2.8358999999999996
633,295.629,2.88555
634,284.678,2.60137
635,302.586,2.65959
636,317.711,2.5211999999999994
637,329.728,2.60887
638,324.303,2.8394600000000003
639,307.621,2.83219
640,304.448,2.88263
641,286.135,2.57227
642,300.96999999999997,2.39822
643,317.70500000000004,2.6020299999999996
644,310.918,2.4189800000000004
645,324.518,2.6499800000000002
646,316.172,2.65963
647,323.35400000000004,2.8407
648,296.7420000000001,2.72437
649,290.241,2.4281200000000003
650,330.057,2.4526299999999996
651,320.71100000000007,2.50824
652,318.52,2.53163
653,317.66200000000003,2.5003699999999998
654,301.3,2.43173
655,301.917,2.2412300000000003
656,316.327,2.3210499999999996
657,305.32399999999996,2.1698999999999997
658,295.89,2.03643
659,316.10299999999995,2.1682500000000005
660,337.41700000000003,2.3372300000000004
661,298.73799999999994,2.18975
662,301.53899999999993,2.1116800000000002
663,319.03499999999997,2.270079999999999
664,305.682,2.18694
665,319.24899999999997,2.19759
666,311.615,2.1225899999999998
667,313.08200000000005,2.2264299999999997
668,312.411,2.26261
669,305.32399999999996,2.1696599999999995
670,304.176,2.10878
671,328.60100000000006,2.20279
672,302.90700000000004,2.1346
673,301.725,2.1397299999999997
674,324.36899999999997,2.13718
675,285.90999999999997,2.0770899999999997
676,321.23,2.1645100000000004
677,299.28599999999994,2.14353
678,296.439,2.0737100000000006
679,314.92999999999995,2.2132300000000003
680,292.41700000000003,2.1259500000000005
681,292.3260000000001,2.10038
682,291.30499999999995,2.11254
683,294.563,2.1389000000000005
684,293.16,2.10292
685,315.936,2.20598
686,289.72499999999997,2.07266
687,303.287,2.11425
688,293.64400000000006,2.09013
689,301.108,2.1339099999999998
690,300.587,2.14
691,288.74699999999996,2.09302
692,292.45500000000004,2.10665
693,289.027,2.0419399999999994
694,298.257,2.09561
695,297.01800000000003,2.07957
696,306.46299999999997,2.14128
697,302.51699999999994,2.13276
698,289.272,2.0997399999999997
699,292.479,2.05279
700,289.005,2.14556
701,309.524,2.14832
702,293.061,2.21685
703,309.607,2.22186
704,277.84900000000005,2.08431
705,307.111,2.1061199999999998
706,295.29200000000003,2.13943
707,308.034,2.20318
708,292.95500000000004,2.1008999999999998
709,292.419,2.0514400000000004
710,300.2509999999999,2.1247
711,302.726,2.1440799999999998
712,291.34399999999994,2.1713599999999995
713,307.43500000000006,2.15449
714,306.753,2.22104
715,304.36600000000004,2.13915
716,300.444,2.1496099999999996
717,306.82899999999995,2.2366800000000002
718,304.12399999999997,2.14897
719,313.096,2.2952899999999996
720,306.198,2.3253700000000004
721,307.071,2.39101
722,325.2299999999999,2.50284
723,301.254,2.40746
724,321.21200000000005,2.53677
725,298.105,2.50154
726,322.64099999999996,2.4814300000000005
727,304.601,2.54737
728,321.93600000000004,2.62422
729,322.764,2.6936400000000003
730,316.23699999999997,2.58319
731,317.744,2.66283
732,309.3430000000001,2.73491
733,322.499,2.7703299999999995
734,293.41700000000003,2.4840799999999996
735,326.505,2.75606
736,309.119,2.69448
737,324.58699999999993,2.74899
738,310.12,2.8155799999999997
739,301.2400000000001,2.8839799999999998
740,299.2,2.7602
741,292.9,2.6838
742,301.81,2.78572
743,334.966,2.9613500000000004
744,316.41400000000004,2.95267
745,307.91,2.95443
746,298.67500000000007,2.7683299999999997
747,312.163,2.546919999999999
748,329.338,2.6428000000000003
749,327.409,2.73069
750,314.06100000000004,2.70981
751,307.31800000000004,2.7641699999999996
752,313.99699999999996,3.0149999999999997
753,311.39300000000003,3.03557
754,287.43500000000006,2.69032
755,301.4,2.9155599999999997
756,288.0849999999999,2.9650600000000003
757,299.865,2.98384
758,314.25100000000003,3.0363999999999995
759,305.55600000000004,3.3055700000000003
760,292.848,3.32455
761,264.02900000000005,2.7328400000000004
762,310.5680000000001,2.48495
763,328.37999999999994,2.69771
764,333.6,2.9536700000000002
765,305.14799999999997,2.85438
766,302.145,2.7099699999999993
767,320.98699999999997,2.7468100000000004
768,305.152,2.7017800000000003
769,300.279,2.4290200000000004
770,310.07399999999996,2.5785399999999994
771,310.72400000000005,2.72792
772,286.7970000000001,2.65576
773,288.275,2.43599
774,291.34599999999995,2.46572
775,319.57699999999994,2.5979599999999996
776,294.33599999999996,2.47785
777,320.48999999999995,2.6840599999999997
778,284.55999999999995,2.3597800000000007
779,321.10299999999995,2.3386499999999995
780,305.50300000000004,2.2308899999999996
781,307.731,2.2338899999999997
782,323.12700000000007,2.2573700000000003
783,330.59900000000005,2.2394100000000003
784,321.32500000000005,2.3580300000000003
785,304.895,2.24543
786,319.3570000000001,2.1125099999999994
787,326.746,2.26702
788,305.51300000000003,2.22697
789,305.652,2.2548699999999995
790,300.687,2.19759
791,301.01,2.22597
792,304.37199999999996,2.15951
793,289.951,2.1646099999999997
794,319.092,2.2149
795,327.602,2.3095099999999995
796,298.793,2.19368
797,299.706,2.21222
798,329.30100000000004,2.3209000000000004
799,315.23,2.27328
800,295.526,2.15481
801,318.431,2.24986
802,298.279,2.19671
803,323.891,2.2167399999999997
804,312.51599999999996,2.2759000000000005
805,280.621,2.1838699999999998
806,327.98199999999997,2.31423
807,309.73,2.2841
808,313.26599999999996,2.35639
809,313.988,2.4182900000000003
810,295.0,2.2579200000000004
811,322.02200000000005,2.41336
812,323.945,2.48177
813,311.088,2.29692
814,320.767,2.41728
815,309.652,2.47389
816,325.51,2.4291000000000005
817,290.479,2.3008300000000004
818,317.725,2.38726
819,332.712,2.44452
820,319.86699999999996,2.4949700000000004
821,321.99300000000005,2.46562
822,323.05800000000005,2.49229
823,317.07000000000005,2.50158
824,305.5,2.4347400000000006
825,319.586,2.455
826,311.386,2.4230600000000004
827,314.717,2.42746
828,304.84299999999996,2.4324700000000004
829,304.62000000000006,2.25886
830,315.62700000000007,2.3628600000000004
831,310.58599999999996,2.4290899999999995
832,298.488,2.1925800000000004
833,311.798,2.3197799999999997
834,309.93199999999996,2.3290599999999997
835,318.94500000000005,2.43718
836,291.07500000000005,2.31435
837,310.42500000000007,2.34441
838,311.79699999999997,2.2607800000000005
839,314.316,2.39811
840,301.125,2.2876300000000005
841,312.51699999999994,2.28515
842,308.20500000000004,2.32399
843,321.144,2.3364400000000005
844,301.49800000000005,2.27821
845,320.48,2.3139499999999997
846,317.53700000000003,2.30197
847,311.064,2.414
848,317.50100000000003,2.38096
849,316.658,2.3632500000000003
850,305.097,2.39649
851,304.57399999999996,2.23877
852,317.3090000000001,2.3598
853,317.29800000000006,2.32964
854,308.82599999999996,2.3950700000000005
855,315.9150000000001,2.43277
856,310.543,2.3031300000000003
857,307.243,2.38639
858,319.089,2.37572
859,313.554,2.4215399999999994
860,321.09900000000005,2.5159300000000004
861,313.893,2.52166
862,321.20899999999995,2.5914499999999996
863,290.24,2.43099
864,306.851,2.4124100000000004
865,309.65999999999997,2.35311
866,333.61199999999997,2.54591
867,325.44,2.7644
868,299.07800000000003,2.80896
869,269.174,2.7592299999999996
870,286.178,2.75404
871,301.337,2.9287399999999995
872,294.513,2.98596
873,283.495,3.14452
874,276.15500000000003,3.19569
875,274.368,3.34926
876,251.869,3.3379
877,216.55,3.42562
878,222.26399999999998,3.58606
879,209.644,3.3191700000000006
880,241.955,3.4755499999999997
881,234.994,3.3423500000000006
882,237.87699999999995,3.47243
883,246.086,3.6280799999999997
884,237.95300000000003,3.53018
885,254.80599999999998,3.2212000000000005
886,256.82000000000005,3.3071400000000004
887,262.05600000000004,3.5786000000000002
888,253.878,3.6768500000000004
889,273.459,3.6653399999999996
890,263.726,3.41426
891,270.806,3.5448100000000005
892,271.498,3.6871500000000004
893,263.35,3.78448
894,287.762,3.7286899999999994
895,241.885,3.8665099999999994
896,244.39700000000008,3.9748399999999995
897,218.523,4.149499999999999
898,196.27499999999998,4.03346
899,199.815,3.80032
900,226.09600000000006,3.9494899999999995
901,239.96800000000002,4.0810200000000005
902,236.59,4.1723300000000005
903,236.83999999999997,4.00697
904,246.446,3.95827
905,254.352,3.8937399999999998
906,256.928,3.8913699999999998
907,251.402,3.6241399999999997
908,253.80599999999995,3.5648299999999997
909,300.86600000000004,3.69317
910,297.364,3.88986
911,275.344,3.95805
912,247.35399999999998,3.76537
913,255.44399999999996,3.51952
914,287.99,3.5785600000000004
915,280.90299999999996,3.64786
916,272.252,3.6093
917,285.321,3.7755400000000003
918,258.164,3.5108500000000005
919,262.601,3.55199
920,295.601,3.69231
921,260.313,3.6084000000000005
922,258.139,3.508800000000001
923,289.295,3.54272
924,278.83000000000004,3.55794
925,261.23699999999997,3.4466499999999995
926,282.974,3.5668099999999994
927,284.464,3.64456
928,253.252,3.4404600000000003
929,282.689,3.51992
930,297.10900000000004,3.67748
931,252.88400000000001,3.4497500000000003
932,278.19599999999997,3.5467800000000005
933,293.037,3.6022100000000004
934,262.623,3.50601
935,275.226,3.56012
936,276.678,3.5919200000000004
937,272.86600000000004,3.56635
938,267.162,3.54474
939,283.027,3.6235600000000003
940,266.681,3.5172000000000003
941,259.278,3.49968
942,287.91,3.6271299999999997
943,266.966,3.6068399999999996
944,266.97100000000006,3.59259
945,278.995,3.5997100000000004
946,277.836,3.6069899999999997
947,252.815,3.5406400000000007
948,271.766,3.5556300000000007
949,294.16100000000006,3.6564900000000002
950,272.78200000000004,3.5661100000000006
951,293.35400000000004,3.29752
952,294.997,2.9725099999999998
953,281.022,2.91453
954,288.42499999999995,3.0138399999999996
955,293.877,3.10208
956,267.697,3.1268700000000003
957,280.647,3.0933400000000004
958,299.31499999999994,3.15918
959,294.057,3.18353
960,282.708,3.1403399999999997
961,287.967,3.21534
962,282.671,3.1980199999999996
963,280.159,3.21164
964,284.67999999999995,3.25197
965,263.745,3.23402
966,261.475,3.2432299999999996
967,270.492,3.24668
968,307.274,3.2428600000000003
969,314.13,3.2897
970,295.719,2.6322900000000002
971,298.727,2.71084
972,309.63300000000004,2.7525000000000004
973,300.82,2.84947
974,312.92499999999995,3.0056199999999995
975,315.006,3.01754
976,295.37600000000003,3.08169
977,303.699,3.04394
978,276.52900000000005,3.09938
979,292.148,3.10608
980,296.506,3.1960900000000003
981,287.979,3.3315799999999998
982,249.36100000000002,3.1049999999999995
983,284.85600000000005,3.24437
984,281.453,3.20864
985,291.463,3.24805
986,291.83899999999994,3.24392
987,294.97400000000005,3.1717
988,290.088,3.31111
989,310.12700000000007,3.47087
990,280.974,3.3144599999999995
991,296.072,3.47382
992,272.154,3.28493
993,293.34900000000005,3.40678
994,317.757,3.4402
995,296.321,3.44376
996,322.52199999999993,3.61014
997,290.108,3.7038200000000003
998,287.59000000000003,3.5763999999999996
999,263.47800000000007,3.4471499999999997
1000,278.262,3.5368700000000004
1001,275.56,3.4945700000000004
1002,254.76399999999998,3.4063300000000005
1003,276.87399999999997,3.44114
1004,282.17199999999997,3.4740200000000003
1005,282.819,3.4557199999999995
1006,294.90700000000004,3.56498
1007,272.40000000000003,3.64298
1008,259.10299999999995,3.6355000000000004
1009,227.859,3.7224999999999993
1010,245.025,3.82242
1011,270.452,3.82354
1012,282.18500000000006,3.876690000000001
1013,267.667,3.9545000000000003
1014,269.08000000000004,4.0795900000000005
1015,288.427,4.31405
1016,264.188,4.47376
1017,232.21799999999993,4.69574
1018,208.45700000000002,4.902679999999999
1019,223.81,5.09371
1020,245.76999999999998,5.216819999999999
1021,231.917,5.3903
1022,231.081,5.4827900000000005
1023,260.053,5.6337
1024,283.322,5.76239
1025,256.03999999999996,5.906909999999999
1026,246.47499999999997,6.045150000000001
1027,229.733,6.18096
1028,209.21999999999997,6.23764
1029,179.342,6.30859
1030,197.685,6.35829
1031,209.25500000000002,6.424940000000001
1032,223.777,6.49264
1033,248.004,6.57165
1034,209.48499999999999,6.641510000000001
1035,235.436,6.777139999999998
1036,234.24699999999999,6.94015
1037,240.683,7.0355099999999995
1038,211.88000000000002,6.383059999999999
1039,233.93400000000003,6.488780000000001
1040,223.64100000000002,6.596169999999999
1041,231.727,6.7142800000000005
1042,241.346,6.89314
1043,231.89400000000006,7.02167
1044,227.519,7.158029999999999
1045,211.283,7.271330000000001
1046,218.83800000000002,7.3632800000000005
1047,193.911,7.415850000000001
1048,178.65800000000002,7.45891
1049,185.37199999999999,7.49289
1050,175.88100000000003,7.512829999999999
1051,183.379,7.52444
1052,157.34099999999998,7.56725
1053,158.09,7.60946
1054,145.391,7.636799999999999
1055,151.123,7.65569
1056,171.195,7.678749999999999
1057,168.169,7.70091
1058,156.885,7.153709999999999
1059,153.936,7.10702
1060,177.761,7.218990000000001
1061,163.135,7.2639700000000005
1062,152.41500000000002,7.3074200000000005
1063,158.103,7.369540000000001
1064,156.704,7.400970000000001
1065,170.68,7.438159999999999
1066,154.32399999999998,7.491290000000001
1067,152.621,7.51361
1068,168.22199999999998,7.542479999999999
1069,154.54999999999998,7.581100000000001
1070,127.92600000000002,7.58288
1071,125.01100000000001,7.5828700000000016
1072,134.947,7.67684
1073,121.93199999999999,7.688719999999999
1074,157.929,7.78646
1075,138.79555555555555,7.807533333333333
1076,151.28900000000002,7.92404
1077,155.06666666666663,8.045811111111112
1078,135.18,8.0579
1079,172.56,7.876225
1080,158.02500000000003,8.21857
1081,181.44999999999996,8.321266666666666
1082,166.37,8.36789
1083,152.04500000000002,8.422525
1084,127.47999999999998,8.49371
1085,156.6,8.4939
1086,127.999,8.49376
1087,116.34222222222222,8.488211111111111
1088,123.75899999999999,8.56528
1089,115.51222222222223,8.576533333333336
1090,119.32600000000002,8.57329
1091,124.97777777777777,8.576555555555556
1092,118.231,8.573319999999999
1093,109.90000000000002,8.576633333333334
1094,123.13,8.57332
1095,105.79125,8.663437499999999
1096,122.01199999999999,8.57332
1097,109.245,8.6635125
1098,104.252,8.583430000000002
1099,104.05499999999999,8.663524999999998
1100,114.31200000000001,8.58287
1101,115.39999999999999,8.6635375
1102,114.65000000000002,8.582870000000002
1103,124.21799999999999,8.58288
1104,129.166,8.660720000000001
1105,146.167,8.681470000000001
1106,117.96999999999998,8.68146
1107,114.08100000000002,8.681460000000001
1108,113.55699999999999,8.681470000000001
1109,105.38500000000002,8.681500000000002
1110,111.12,8.68148
1111,119.30199999999999,8.681470000000001
1112,129.346,8.69936
1113,102.951,8.69939
1114,120.69499999999998,8.71741
1115,121.043,8.71762
1116,140.08800000000002,8.73582
1117,165.542,8.77239
1118,135.993,8.77327
1119,108.598,8.17099
1120,128.36499999999998,8.11203
1121,133.82199999999997,8.13434
1122,148.85399999999998,8.1722
1123,159.302,8.20954
1124,134.462,8.236210000000002
1125,134.998,8.26103
1126,126.14100000000003,8.26754
1127,147.762,8.30294
1128,123.74699999999999,8.156049999999999
1129,140.347,8.18583
1130,154.04500000000002,8.23838
1131,138.105,8.28364
1132,142.95800000000003,8.334150000000001
1133,131.00500000000002,8.37054
1134,145.993,8.402569999999999
1135,153.603,8.4506
1136,135.44400000000002,8.49576
1137,127.657,8.52187
1138,159.58200000000002,8.540880000000001
1139,174.446,8.559520000000001
1140,190.53,8.64426
1141,169.45700000000002,7.192139999999999
1142,215.58900000000003,6.644709999999999
1143,254.6,6.56405
1144,245.196,6.01509
1145,221.61200000000002,5.10254
1146,232.69,5.32021
1147,243.483,5.472160000000001
1148,266.68300000000005,5.66622
1149,224.86099999999996,5.867850000000001
1150,230.29700000000003,5.8812999999999995
1151,248.81599999999997,5.3209599999999995
1152,285.01300000000003,5.487620000000001
1153,271.41099999999994,5.34154
1154,259.17400000000004,5.20238
1155,233.38599999999997,5.3660499999999995
1156,240.29800000000006,5.51308
1157,258.185,5.672009999999999
1158,225.26000000000005,5.857069999999999
1159,243.727,5.2782599999999995
1160,230.315,5.406860000000001
1161,225.89999999999995,5.52788
1162,226.39700000000002,5.647449999999999
1163,250.43900000000002,5.80922
1164,249.71099999999996,5.936780000000001
1165,263.787,6.0461100000000005
1166,246.93100000000004,6.17522
1167,239.10499999999996,6.317739999999999
1168,236.99200000000002,6.453060000000001
1169,244.55000000000004,6.607899999999999
1170,248.76500000000001,6.721210000000001
1171,244.81100000000006,6.858110000000001
1172,241.65899999999996,6.971089999999999
1173,216.27099999999996,7.08741
1174,202.43099999999998,7.12842
1175,200.631,7.230630000000001
1176,172.96999999999997,7.271419999999999
1177,206.97899999999998,7.38685
1178,184.05799999999996,7.422750000000001
1179,181.855,7.46195
1180,182.883,7.490640000000001
1181,187.99099999999996,7.59097
1182,182.747,7.6140799999999995
1183,187.98200000000003,7.673310000000001
1184,162.27,7.731680000000002
1185,166.343,7.750570000000001
1186,155.28799999999998,7.7670900000000005
1187,151.58099999999996,7.78289
1188,143.66400000000002,7.853289999999999
1189,129.49,7.8717500000000005
1190,145.68800000000002,7.916850000000001
1191,142.45999999999998,7.95343
1192,136.145,7.963509999999999
1193,145.145,7.96354
1194,141.623,7.98413
1195,133.618,7.989199999999999
1196,128.43,7.994400000000001
1197,122.13799999999999,8.00446
1198,120.11999999999998,8.00446
1199,122.99799999999998,8.00448
1200,121.151,8.00379
1201,124.76200000000001,8.00383
1202,120.03,8.00384
1203,140.85,8.05301
1204,141.464,8.166530000000002
1205,122.59599999999998,8.16708
1206,121.44500000000001,8.17687
1207,122.08599999999998,8.18196
1208,143.835,8.26023
1209,126.01999999999998,8.26481
1210,122.52800000000002,8.266110000000001
1211,109.23299999999999,8.27541
1212,129.474,8.35798
1213,117.44300000000001,8.364189999999999
1214,152.613,8.458760000000002
1215,128.89000000000001,8.48873
1216,130.762,8.488780000000002
1217,147.174,8.56498
1218,143.17,7.858689999999998
1219,142.757,7.892029999999998
1220,140.9,7.99268
1221,147.438,8.100039999999998
1222,138.365,8.16846
1223,115.46499999999999,8.21155
1224,132.051,8.223070000000002
1225,137.41,8.25517
1226,134.14299999999997,8.300749999999999
1227,130.61100000000002,8.3413
1228,131.63100000000003,8.36511
1229,124.843,8.38415
1230,135.241,8.403490000000001
1231,126.208,8.425250000000002
1232,123.35900000000001,8.444999999999999
1233,127.74299999999998,8.467929999999999
1234,144.052,8.48905
1235,167.28,8.539480000000001
1236,167.724,8.60823
1237,137.262,8.624110000000002
1238,154.59,8.38028
1239,147.128,7.947329999999999
1240,171.63799999999998,7.996370000000001
1241,142.107,8.031
1242,137.454,8.07443
1243,146.016,8.13455
1244,153.68,8.160720000000001
1245,143.96200000000002,8.21177
1246,149.448,8.25449
1247,139.948,8.28846
1248,134.369,8.31786
1249,144.70499999999998,8.32945
1250,142.173,8.34246
1251,139.04000000000002,8.3625
1252,146.79600000000002,8.40315
1253,145.46800000000002,8.44172
1254,137.69,8.465219999999999
1255,157.324,8.505410000000001
1256,145.277,8.52746
1257,145.076,8.60216
1258,166.02200000000002,8.62735
1259,166.62199999999999,8.677990000000001
1260,153.554,8.70488
1261,162.58800000000002,8.724519999999998
1262,137.198,8.74598
1263,122.995,8.05179
1264,150.65699999999998,8.07276
1265,153.83199999999997,8.10783
1266,151.363,8.14161
1267,167.791,8.20724
1268,124.175,7.556549999999999
1269,165.57,7.6111699999999995
1270,191.63799999999998,7.663210000000001
1271,209.186,7.72069
1272,213.01399999999998,7.813919999999999
1273,164.112,7.196470000000001
1274,203.06900000000002,7.24191
1275,193.459,7.31195
1276,220.94800000000004,7.396770000000001
1277,196.69400000000002,7.502879999999999
1278,177.677,7.061400000000001
1279,197.86700000000002,6.9788
1280,203.406,6.410209999999999
1281,209.683,6.50552
1282,204.44,6.2443
1283,228.202,6.08818
1284,209.305,6.22751
1285,213.051,6.1148299999999995
1286,217.166,5.85456
1287,232.26799999999997,6.03236
1288,253.60899999999998,6.16057
1289,222.935,6.18854
1290,208.483,5.72947
1291,249.065,5.856590000000001
1292,271.688,5.99127
1293,254.31099999999998,6.16605
1294,243.50899999999996,6.3147600000000015
1295,198.109,6.4108
1296,195.21699999999998,6.479290000000001
1297,204.94,6.564830000000001
1298,221.53100000000003,6.6905
1299,187.482,6.762600000000001
1300,194.66500000000002,6.81521
1301,208.73500000000004,6.86426
1302,223.762,6.920140000000001
1303,219.33,7.0786999999999995
1304,225.108,6.47611
1305,226.331,6.548209999999999
1306,206.473,6.632809999999999
1307,184.62500000000003,6.70414
1308,162.488,6.786229999999999
1309,183.08499999999998,6.896419999999999
1310,199.744,7.03036
1311,195.256,7.167790000000001
1312,183.65900000000002,7.276840000000002
1313,192.192,7.35866
1314,168.463,7.405770000000001
1315,183.93900000000002,7.486410000000001
1316,167.71200000000002,7.542070000000001
1317,158.8,7.579610000000001
1318,168.459,7.6196600000000005
1319,161.434,7.655330000000001
1320,166.175,7.69994
1321,160.07199999999997,7.776150000000001
1322,152.57199999999997,7.798429999999999
1323,159.07200000000003,7.8271500000000005
1324,160.56300000000002,7.91096
1325,163.92499999999998,7.66812
1326,152.216,7.2484899999999985
1327,154.545,7.292819999999999
1328,139.797,7.3271299999999995
1329,159.33799999999997,7.363879999999999
1330,135.983,7.413320000000001
1331,131.32799999999997,7.44488
1332,172.23999999999998,7.625609999999999
1333,154.252,7.700660000000001
1334,147.723,7.74494
1335,133.529,7.771289999999999
1336,134.39799999999997,7.792399999999999
1337,137.366,7.813429999999999
1338,136.175,7.833590000000001
1339,148.012,7.87036
1340,149.973,7.964099999999999
1341,145.281,7.988630000000001
1342,139.791,8.01109
1343,136.91500000000002,8.084700000000002
1344,148.47,8.16451
1345,145.19799999999998,8.179390000000001
1346,132.696,8.22761
1347,127.122,8.27431
1348,146.07399999999998,8.404160000000001
1349,139.709,8.417679999999999
1350,129.93599999999998,8.41774
1351,114.87999999999997,8.417750000000002
1352,115.07199999999997,8.41771
1353,140.824,8.481200000000001
1354,145.25600000000003,8.57877
1355,113.91600000000001,8.58533
1356,115.696,8.59054
1357,106.26200000000001,8.59051
1358,114.64099999999999,8.59055
1359,121.06199999999998,8.59058
1360,120.74900000000002,8.590589999999999
1361,111.644,8.599659999999998
1362,109.973,8.600679999999999
1363,107.83899999999998,8.600749999999998
1364,135.874,8.60076
1365,147.40500000000003,8.61958
1366,139.401,8.69004
1367,123.55999999999999,8.695069999999998
1368,114.76199999999999,8.695219999999999
1369,115.929,8.695219999999999
1370,131.97299999999998,8.695409999999999
1371,130.498,8.71499
1372,118.83699999999999,8.733830000000001
1373,120.63199999999999,8.73381
1374,125.24099999999999,8.733860000000002
1375,128.961,8.7339
1376,117.547,8.73391
1377,119.78599999999999,8.733990000000002
1378,117.88399999999997,8.75301
1379,122.56800000000001,8.752979999999999
1380,111.796,8.752979999999999
1381,126.173,8.75299
1382,144.908,8.75303
1383,153.959,8.77269
1384,141.707,8.324410000000002
1385,126.417,8.11733
1386,137.157,7.579599999999999
1387,168.029,7.51705
1388,157.93,7.573009999999999
1389,182.08300000000003,7.654610000000001
1390,166.29000000000002,7.721290000000001
1391,138.96200000000005,7.760570000000001
1392,163.58499999999998,7.803230000000001
1393,153.696,7.3645499999999995
1394,191.40400000000002,7.09443
1395,215.16,7.213239999999999
1396,196.295,7.290810000000002
1397,183.16500000000002,7.365570000000001
1398,172.08,7.45762
1399,159.63899999999998,6.85287
1400,201.17399999999998,6.935989999999999
1401,206.26500000000001,7.021830000000001
1402,209.99300000000002,6.962119999999999
1403,211.433,7.07428
1404,205.417,6.507220000000001
1405,210.49699999999999,6.61533
1406,205.621,6.70872
1407,238.70299999999997,6.831149999999999
1408,212.32399999999998,6.17047
1409,246.272,6.20119
1410,234.721,5.654730000000001
1411,235.19199999999995,5.80386
1412,248.42999999999998,5.951480000000001
1413,222.07,5.242890000000001
1414,237.32,5.41122
1415,263.128,5.570480000000001
1416,260.09000000000003,5.71392
1417,245.888,5.8609
1418,260.788,5.926960000000001
1419,255.625,5.38204
1420,270.88999999999993,5.516889999999999
1421,265.816,5.101710000000001
1422,249.17000000000002,5.058960000000001
1423,261.841,5.16105
1424,262.863,5.357070000000001
1425,267.492,5.49929
1426,263.019,5.75822
1427,255.46599999999998,5.92769
1428,238.891,5.84756
1429,257.146,6.04351
1430,225.07800000000003,6.16916
1431,219.42,6.26274
1432,221.17399999999998,6.25423
1433,233.39599999999996,6.345260000000001
1434,235.73199999999997,6.457180000000001
1435,233.71800000000002,6.61369
1436,212.86600000000004,6.726640000000001
1437,208.302,6.8199700000000005
1438,223.09900000000002,6.898179999999999
1439,201.44899999999998,6.974169999999999
1440,199.59300000000002,7.094310000000002
1441,195.681,7.1622200000000005
1442,199.18699999999998,7.236500000000001
1443,203.42000000000002,7.31658
1444,200.072,7.37574
1445,169.284,7.40977
1446,169.551,7.476989999999999
1447,174.72899999999998,7.5219999999999985
1448,177.026,7.54431
1449,152.68200000000002,7.565740000000001
1450,175.571,7.614520000000001
1451,168.097,7.68758
1452,186.189,7.739230000000001
1453,172.58999999999997,7.772419999999999
1454,164.609,7.84615
1455,155.722,7.86986
1456,157.31199999999998,7.87949
1457,131.27100000000002,7.890620000000001
1458,154.745,8.00915
1459,140.78300000000002,8.048690000000002
1460,127.97900000000001,8.067690000000002
1461,120.68799999999999,8.07209
1462,122.477,8.06888
1463,118.90299999999999,8.078
1464,127.62399999999998,8.078100000000001
1465,130.544,8.150960000000001
1466,113.798,8.15097
1467,129.91699999999997,8.16109
1468,132.595,8.167810000000001
1469,127.76100000000001,7.79274
1470,124.322,7.5176099999999995
1471,143.52000000000004,7.5626000000000015
1472,150.206,7.64699
1473,135.94199999999998,7.76884
1474,170.967,7.870559999999999
1475,147.75400000000002,7.92289
1476,137.06099999999998,7.952540000000001
1477,131.19299999999998,7.982939999999999
1478,150.001,8.0089
1479,158.372,8.02999
1480,137.45,8.051199999999998
1481,149.467,8.14481
1482,135.491,8.17218
1483,141.433,8.266169999999999
1484,134.00500000000002,8.29351
1485,125.798,8.322880000000001
1486,136.655,8.343729999999999
1487,136.23499999999999,8.400809999999998
1488,131.476,8.49737
1489,126.04899999999998,8.512609999999999
1490,131.915,8.513349999999999
1491,141.30900000000003,8.53589
1492,117.95600000000005,7.85242
1493,133.32999999999998,7.881179999999999
1494,139.076,7.922760000000002
1495,132.65099999999998,7.971470000000001
1496,128.678,8.08951
1497,129.474,8.108279999999999
1498,138.181,8.140640000000001
1499,138.73200000000003,8.169970000000001
1500,130.36399999999998,8.19956
1501,148.35600000000002,8.24163
1502,131.655,8.26121
1503,123.28900000000002,8.28225
1504,132.79500000000002,8.3034
1505,138.161,8.32386
1506,129.72899999999998,8.34598
1507,150.56599999999997,8.38806
1508,149.231,8.43878
1509,151.906,8.45938
1510,134.39399999999998,8.478710000000001
1511,143.108,8.55978
1512,131.63299999999998,8.62964
1513,118.225,8.62969
1514,117.28099999999999,8.62969
1515,111.90799999999999,8.6297
1516,107.73200000000001,8.6297
1517,104.359,8.629079999999998
1518,133.93200000000002,8.649899999999999
1519,113.36300000000001,8.649890000000001
1520,117.424,8.649899999999999
1521,107.46300000000001,8.65993
1522,116.06099999999999,8.659920000000001
1523,143.733,8.70036
1524,109.377,8.70135
1525,118.364,8.701360000000001
1526,117.04100000000001,8.702380000000002
1527,128.191,8.719759999999999
1528,111.532,8.72015
1529,112.59299999999999,8.72015
1530,114.41499999999999,8.71903
1531,104.524,8.71902
1532,127.229,8.74718
1533,154.51399999999998,8.776190000000001
1534,146.712,8.57123
1535,174.427,8.213780000000002
1536,153.595,7.55039
1537,175.273,7.615210000000002
1538,171.55699999999996,7.695899999999999
1539,186.998,7.090390000000001
1540,178.84700000000004,7.263069999999999
1541,187.92600000000002,7.376849999999999
1542,187.55599999999998,7.5207999999999995
1543,167.31300000000002,6.944279999999999
1544,187.363,7.066459999999999
1545,194.901,7.207300000000001
1546,189.91799999999998,7.337770000000001
1547,178.84300000000002,7.419269999999999
1548,168.23899999999998,7.4962300000000015
1549,172.599,7.5589400000000015
1550,219.74899999999997,7.54969
1551,209.35399999999998,7.205190000000002
1552,218.625,7.28595
1553,229.51399999999998,7.36798
1554,220.82099999999997,6.752930000000001
1555,200.44400000000002,6.1587499999999995
1556,262.915,6.36225
1557,240.157,6.536819999999999
1558,237.91199999999998,6.136500000000001
1559,254.198,6.22608
1560,221.169,5.69468
1561,294.747,5.94435
1562,283.16200000000003,6.13491
1563,274.41600000000005,6.305740000000001
1564,254.11300000000006,6.499189999999999
1565,248.698,5.42765
1566,265.80800000000005,5.679249999999999
1567,266.583,5.85749
1568,244.292,6.02324
1569,246.81,6.117500000000001
1570,238.06700000000006,6.30083
1571,252.914,6.3913899999999995
1572,249.237,6.4295
1573,235.74499999999998,6.18203
1574,251.21299999999997,6.130330000000001
1575,230.519,6.26792
1576,237.84300000000002,5.7401
1577,239.504,5.89262
1578,247.33,6.07697
1579,241.10699999999997,6.25759
1580,231.14899999999997,6.49012
1581,214.277,6.71995
1582,215.573,6.883839999999999
1583,234.02100000000002,7.09392
1584,219.60500000000002,7.19246
1585,231.35299999999998,7.27987
1586,212.40899999999996,6.84636
1587,210.86700000000002,6.3705300000000005
1588,199.45600000000005,6.400329999999999
1589,203.31900000000002,6.46411
1590,203.944,6.55483
1591,194.469,6.65384
1592,181.846,6.640680000000001
1593,189.824,6.715909999999999
1594,196.35000000000005,6.79357
1595,167.352,6.5728800000000005
1596,182.81000000000003,6.63665
1597,178.443,6.686070000000001
1598,195.109,6.782760000000001
1599,180.252,6.89178
1600,189.044,7.07881
1601,179.39499999999998,7.17081
1602,171.33999999999997,7.1080700000000006
1603,171.656,7.19491
1604,176.131,7.355260000000001
1605,171.57800000000003,7.543280000000001
1606,156.903,7.63808
1607,155.20999999999998,7.672020000000002
1608,152.748,7.48481
1609,157.674,7.062049999999999
1610,155.545,7.047590000000001
1611,154.825,7.074370000000002
1612,167.756,7.136369999999999
1613,150.08799999999997,7.18545
1614,144.768,7.026740000000001
1615,152.845,7.0801099999999995
1616,156.518,7.159150000000001
1617,148.67600000000002,7.23472
1618,184.695,7.22369
1619,147.591,7.308139999999999
1620,183.42700000000002,7.44161
1621,151.05400000000003,7.3040899999999995
1622,162.467,7.38379
1623,172.627,7.4656699999999985
1624,156.79000000000002,7.32696
1625,153.137,7.397969999999999
1626,161.921,7.461290000000001
1627,143.981,7.321739999999998
1628,152.892,7.38734
1629,156.359,7.4627
1630,162.042,7.45293
1631,143.56099999999998,7.467969999999999
1632,159.88299999999998,7.529819999999999
1633,153.57799999999997,7.395210000000001
1634,162.464,7.462820000000001
1635,150.41199999999998,7.542050000000001
1636,160.924,7.405170000000001
1637,146.19700000000003,7.47545
1638,161.33399999999997,7.5416
1639,179.70600000000002,7.4959999999999996
1640,169.853,7.589070000000001
1641,159.385,7.66709
1642,167.29,7.620050000000001
1643,156.55,7.615710000000002
1644,159.47099999999998,7.6746099999999995
1645,137.622,7.532119999999997
1646,151.664,7.601170000000001
1647,150.64000000000001,7.668349999999999
1648,145.574,7.521149999999999
1649,150.302,7.57371
1650,155.67000000000002,7.6356399999999995
1651,155.803,7.7193
1652,159.74499999999998,7.60183
1653,153.27599999999998,7.66302
1654,144.206,7.508139999999999
1655,145.083,7.558559999999998
1656,149.81,7.619049999999999
1657,149.648,7.69261
1658,170.69199999999998,7.784550000000001
1659,167.94400000000002,7.808490000000001
1660,141.006,7.517520000000002
1661,155.73,7.566550000000001
1662,151.55700000000002,7.642459999999998
1663,148.50600000000003,7.729230000000001
1664,147.90800000000002,7.8102399999999985
1665,156.452,7.7865199999999986
1666,160.329,7.521209999999999
1667,172.34099999999995,7.592099999999999
1668,153.39000000000001,7.13506
1669,180.48499999999999,7.03534
1670,193.63400000000001,7.15073
1671,214.29000000000002,7.149240000000001
1672,186.052,6.937530000000001
1673,197.02999999999997,6.64131
1674,202.675,6.08046
1675,211.29199999999997,6.0129
1676,208.12300000000005,6.20446
1677,213.61800000000002,6.173519999999999
1678,219.20599999999996,6.34126
1679,239.81,6.34754
1680,220.372,6.234350000000001
1681,221.224,5.86909
1682,228.273,6.050330000000001
1683,230.19699999999997,6.0043999999999995
1684,226.38000000000002,6.15244
1685,232.429,6.311030000000001
1686,215.28400000000002,6.42927
1687,210.01999999999998,6.2335
1688,238.49499999999998,6.343109999999999
1689,238.692,6.4257599999999995
1690,256.686,6.56015
1691,258.862,6.655890000000001
1692,249.817,6.03719
1693,231.773,5.97748
1694,250.35299999999998,5.3938500000000005
1695,253.35500000000002,5.505319999999999
1696,263.38599999999997,5.67389
1697,227.25799999999998,5.812830000000001
1698,237.212,5.96922
1699,220.99099999999999,5.89269
1700,241.54900000000004,6.09789
1701,241.24900000000002,6.21205
1702,263.747,6.325099999999999
1703,248.67,6.4261800000000004
1704,228.121,6.56636
1705,222.76100000000002,5.9846699999999995
1706,237.89100000000002,5.942479999999999
1707,245.033,6.069570000000001
1708,230.094,6.216670000000001
1709,233.198,6.356770000000001
1710,228.95800000000003,6.373749999999999
1711,226.06199999999998,5.644609999999999
1712,227.025,5.54472
1713,240.10500000000002,5.67565
1714,215.99899999999997,5.72178
1715,208.75699999999998,5.79589
1716,218.171,5.8966199999999995
1717,226.73200000000003,5.94637
1718,213.254,6.0759300000000005
1719,205.00100000000003,6.13798
1720,204.69,6.212359999999999
1721,207.17399999999998,6.28714
1722,200.21199999999996,6.3254399999999995
1723,189.42399999999998,6.38936
1724,198.424,6.40872
1725,205.23999999999995,6.46811
1726,195.224,6.498939999999999
1727,186.324,6.57144
1728,189.00600000000003,6.6152
1729,170.29699999999997,6.672790000000001
1730,192.859,6.769620000000001
1731,182.40699999999998,6.80415
1732,192.872,6.94289
1733,181.80400000000003,6.72193
1734,185.369,6.76948
1735,172.95600000000002,6.83732
1736,192.43800000000002,6.914630000000001
1737,154.598,6.962300000000001
1738,180.621,7.036520000000001
1739,158.01000000000002,7.046990000000001
1740,158.482,7.009919999999999
1741,157.318,7.044379999999999
1742,168.252,7.002709999999999
1743,159.066,7.038319999999999
1744,149.905,7.03656
1745,146.432,7.042510000000002
1746,159.948,7.07126
1747,172.299,7.03631
1748,161.45,7.067219999999999
1749,152.03,7.074319999999998
1750,157.846,7.112079999999999
1751,154.25,7.11985
1752,155.536,7.068739999999998
1753,152.788,7.068810000000001
1754,185.36499999999998,7.16857
1755,177.45777777777778,7.108255555555555
1756,141.959,7.2249099999999995
1757,167.97222222222223,7.073322222222222
1758,158.422,7.25916
1759,157.14111111111112,7.049466666666667
1760,166.165,7.24838
1761,158.72222222222223,7.0508444444444445
1762,153.784,7.2512799999999995
1763,167.0522222222222,7.086788888888889
1764,156.654,7.22754
1765,154.97222222222223,7.096755555555555
1766,170.22000000000003,7.326689999999999
1767,159.36777777777777,7.229677777777777
1768,163.871,7.443009999999999
1769,156.1825,7.156249999999999
1770,159.599,7.52393
1771,173.2075,7.3736625
1772,143.42999999999998,7.600280000000001
1773,151.17285714285714,7.284814285714286
1774,148.04800000000003,7.73728
1775,129.96625,7.429875000000001
1776,131.07800000000003,7.7162999999999995
1777,153.89285714285714,7.196942857142858
1778,152.967,7.496159999999999
1779,165.11875,7.244712499999999
1780,140.395,7.491220000000001
1781,151.91333333333333,7.417466666666666
1782,170.846,7.56571
1783,156.36777777777777,7.5255
1784,156.702,7.680319999999999
1785,141.89999999999998,7.2987
1786,168.857,7.502399999999999
1787,189.89555555555557,7.376655555555555
1788,172.598,7.45849
1789,181.2577777777778,7.081011111111112
1790,182.246,6.874970000000002
1791,178.86333333333334,6.712866666666667
1792,177.331,6.363530000000001
1793,187.506,6.44298
1794,202.93400000000003,6.56885
1795,222.535,6.63846
1796,192.799,6.7643
1797,162.97,7.128225
1798,190.556,6.86639
1799,161.3225,6.4112875
1800,203.86700000000002,6.322500000000001
1801,210.48624999999998,6.261175000000001
1802,225.91,6.25504
1803,213.96249999999998,6.4701625
1804,217.747,6.482619999999999
1805,220.096,6.4487
1806,205.96499999999997,5.874170000000001
1807,223.054,6.01963
1808,227.67999999999998,6.172949999999998
1809,204.53699999999998,6.09642
1810,207.637,6.242800000000001
1811,180.794,6.298710000000001
1812,199.69599999999997,6.449950000000001
1813,218.77599999999998,6.511179999999999
1814,239.42200000000003,6.63763
1815,233.9944444444444,7.208933333333334
1816,260.96500000000003,6.872069999999999
1817,224.01111111111106,7.201488888888889
1818,203.226,6.31533
1819,186.0366666666667,6.066933333333333
1820,243.334,5.86475
1821,208.70333333333332,6.378611111111112
1822,215.54699999999997,6.084160000000001
1823,203.46444444444444,6.616222222222222
1824,197.78000000000003,6.302449999999999
1825,213.373,6.42603
1826,219.27100000000002,6.5754
1827,234.737,6.802390000000001
1828,195.45700000000002,6.756660000000001
1829,193.856,6.79015
1830,214.13400000000001,6.855319999999999
1831,196.38600000000002,6.92222
1832,198.016,6.99468
1833,190.24499999999998,7.068520000000001
1834,187.623,7.1943600000000005
1835,178.67699999999996,7.27072
1836,186.784,7.04576
1837,190.101,6.7219999999999995
1838,232.498,6.8142
1839,227.13899999999995,6.890220000000001
1840,193.108,6.97728
1841,197.154,7.07803
1842,200.945,7.121269999999998
1843,193.252,6.531349999999999
1844,196.03699999999998,6.63969
1845,184.65300000000002,6.75935
1846,198.48,6.9033299999999995
1847,194.585,7.0918199999999985
1848,196.37400000000002,7.15001
1849,195.87199999999999,7.21519
1850,171.27300000000005,7.27003
1851,184.075,7.399939999999999
1852,175.204,7.4301900000000005
1853,206.183,7.608689999999998
1854,169.03900000000002,7.64614
1855,169.798,7.668699999999999
1856,151.421,7.713510000000001
1857,184.06199999999998,7.73241
1858,154.89600000000002,7.7592
1859,150.12100000000004,7.78225
1860,159.108,7.875960000000001
1861,135.17199999999997,7.89911
1862,147.00799999999998,7.923050000000001
1863,128.38600000000002,7.953829999999999
1864,139.323,7.97589
1865,153.58800000000002,8.03283
1866,148.685,8.05677
1867,145.723,8.071909999999999
1868,126.73400000000001,8.082640000000001
1869,129.573,8.10036
1870,151.60200000000003,8.18197
1871,130.94099999999997,8.22876
1872,128.572,8.234060000000001
1873,122.4,8.234110000000001
1874,145.87500000000003,8.3198
1875,113.64600000000003,8.35265
1876,115.26299999999999,8.35317
1877,118.60799999999999,8.35274
1878,129.95000000000002,8.35309
1879,130.56400000000002,8.416369999999999
1880,118.761,8.4383
1881,148.999,8.532309999999999
1882,114.675,8.54234
1883,113.353,8.542390000000001
1884,123.63200000000002,8.54151
1885,131.32,8.54082
1886,157.582,8.56963
1887,128.127,7.87315
1888,161.996,7.892659999999999
1889,147.41299999999998,7.872729999999999
1890,155.309,7.890269999999998
1891,140.875,7.881690000000001
1892,158.88899999999998,7.93565
1893,164.557,7.960890000000001
1894,170.05,7.987909999999999
1895,144.584,8.00981
1896,142.805,7.9322099999999995
1897,148.76799999999997,8.02655
1898,142.74200000000002,8.048680000000001
1899,138.03699999999998,8.01031
1900,143.84300000000002,8.029720000000001
1901,153.724,8.08606
1902,149.257,8.123439999999999
1903,173.632,8.148
1904,154.67400000000004,7.610139999999999
1905,176.19600000000003,7.671229999999999
1906,156.277,6.870039999999999
1907,175.98,6.926509999999999
1908,190.372,7.000579999999999
1909,192.18599999999998,6.360899999999999
1910,215.387,6.49743
1911,231.458,6.54024
1912,196.45300000000003,6.03638
1913,246.28000000000003,6.100529999999999
1914,230.56,6.243179999999999
1915,230.498,6.389929999999999
1916,215.004,6.526009999999999
1917,228.12299999999996,6.618259999999999
1918,220.744,6.60685
1919,219.82000000000002,6.71901
1920,212.67800000000003,6.75714
1921,204.646,6.23146
1922,231.64700000000002,6.35794
1923,225.308,6.487170000000001
1924,212.169,6.627750000000001
1925,212.825,6.76861
1926,215.796,6.90839
1927,222.74699999999999,6.81746
1928,215.64600000000002,6.92706
1929,242.433,7.05638
1930,239.305,7.106969999999999
1931,217.356,6.491280000000001
1932,211.15699999999998,5.87322
1933,235.975,6.10074
1934,240.606,6.08023
1935,240.109,5.8128400000000005
1936,248.20999999999998,5.997819999999999
1937,226.449,6.127809999999999
1938,227.79299999999998,6.29669
1939,234.25799999999998,6.462269999999999
1940,225.94,6.631690000000001
1941,216.07,6.758010000000001
1942,213.31900000000002,6.84623
1943,198.745,6.930740000000002
1944,202.01800000000003,7.051559999999999
1945,181.60500000000002,7.16986
1946,208.635,7.27085
1947,227.35299999999998,7.41588
1948,200.723,6.828190000000001
1949,215.32800000000003,6.91165
1950,212.21300000000002,7.02461
1951,219.99200000000002,7.08879
1952,205.56199999999998,7.170139999999999
1953,203.53900000000002,6.573009999999999
1954,196.59,6.0911399999999984
1955,222.75799999999998,6.216330000000001
1956,204.757,6.34116
1957,187.485,6.44008
1958,193.5,6.599589999999999
1959,229.715,6.46293
1960,202.94799999999998,6.378819999999999
1961,196.25399999999996,6.43254
1962,206.74599999999995,6.508529999999999
1963,192.912,6.56873
1964,198.731,6.672549999999999
1965,192.06,6.78748
1966,186.28199999999998,6.85437
1967,192.59199999999998,6.885250000000001
1968,193.77100000000002,6.955850000000001
1969,212.587,7.06973
1970,193.882,7.12735
1971,193.31199999999998,7.18241
1972,191.41,7.21572
1973,181.879,7.2173099999999994
1974,170.81400000000002,7.271569999999999
1975,169.177,7.33972
1976,174.575,7.416469999999999
1977,170.05599999999998,7.1310199999999995
1978,166.96499999999997,6.989459999999999
1979,165.858,7.010889999999999
1980,145.09300000000002,7.027240000000001
1981,175.656,7.069550000000001
1982,156.17800000000003,7.0705
1983,171.579,7.173230000000001
1984,163.04500000000002,7.241809999999999
1985,158.503,7.295100000000002
1986,155.70299999999997,7.3292600000000006
1987,154.507,7.33892
1988,162.632,7.3822600000000005
1989,165.723,7.378069999999999
1990,161.757,7.456100000000001
1991,166.048,7.56567
1992,167.538,7.45293
1993,156.19599999999997,7.0712
1994,191.93599999999998,7.22422
1995,174.91000000000003,7.264380000000001
1996,177.249,7.3299
1997,177.215,7.41027
1998,166.904,7.49633
1999,159.175,6.90103
2000,170.491,6.9973899999999984
2001,168.61900000000003,7.10168
2002,193.78,7.222390000000002
2003,183.48399999999998,7.32628
2004,189.24200000000002,7.204939999999999
2005,184.324,6.880329999999999
2006,196.169,6.988290000000001
2007,199.868,7.071250000000001
2008,203.97500000000005,7.233550000000001
2009,194.91199999999998,7.2529200000000005
2010,172.01000000000002,6.7134100000000005
2011,187.574,6.586089999999999
2012,210.33499999999998,6.70791
2013,195.942,6.7914200000000005
2014,207.575,6.907290000000001
2015,188.61100000000002,6.97654
2016,201.993,6.794749999999999
2017,176.759,6.67619
2018,211.365,6.80116
2019,214.498,6.933960000000001
2020,196.56300000000002,7.049990000000001
2021,216.629,7.1908199999999995
2022,200.056,6.62209
2023,212.68400000000003,6.1569
2024,244.19800000000004,6.296560000000001
2025,234.41199999999998,5.92264
2026,246.522,5.41053
2027,232.93800000000002,4.99245
2028,266.26000000000005,5.059489999999999
2029,266.887,4.69975
2030,274.756,4.875189999999999
2031,268.62699999999995,5.121079999999999
2032,265.735,5.11235
2033,258.05699999999996,5.093349999999999
2034,271.53099999999995,5.00862
2035,271.41700000000003,5.18013
2036,255.25099999999992,5.38708
2037,269.036,5.4470600000000005
2038,278.84600000000006,5.619619999999999
2039,255.541,5.154920000000001
2040,250.46599999999998,5.00064
2041,260.39700000000005,4.92149
2042,281.68999999999994,5.0117199999999995
2043,274.474,5.10099
2044,271.713,5.10241
2045,276.512,4.57354
2046,269.618,3.8812700000000007
2047,294.768,3.92834
2048,298.62399999999997,4.097829999999999
2049,286.121,4.3156300000000005
2050,276.806,4.52273
2051,295.582,4.660069999999999
2052,275.758,4.38583
2053,289.332,4.71882
2054,284.829,5.02631
2055,277.348,5.208089999999999
2056,292.321,5.50334
2057,302.467,5.73141
2058,276.463,5.32829
2059,309.76800000000003,5.272049999999999
2060,303.48900000000003,4.7359
2061,304.36199999999997,4.696009999999999
2062,307.65600000000006,4.531040000000001
2063,311.613,4.04857
2064,275.601,3.003
2065,311.753,2.72742
2066,339.077,3.0083100000000003
2067,307.88,3.1448899999999997
2068,312.643,3.3109
2069,311.65999999999997,3.32511
2070,289.86,3.1212799999999996
2071,321.94199999999995,3.3189200000000008
2072,315.1840000000001,3.50739
2073,319.537,3.82505
2074,305.79699999999997,3.7783900000000004
2075,309.352,4.00911
2076,328.834,4.2611799999999995
2077,290.59499999999997,3.942869999999999
2078,284.89300000000003,3.770509999999999
2079,317.17499999999995,3.981700000000001
2080,309.702,4.1761099999999995
2081,317.703,4.41089
2082,295.054,4.31583
2083,303.38800000000003,4.09757
2084,293.454,3.65475
2085,312.997,3.7675600000000005
2086,309.544,3.94732
2087,305.40500000000003,4.03707
2088,321.20799999999997,4.2460700000000005
2089,316.589,4.31031
2090,282.77900000000005,3.5515
2091,290.25300000000004,3.32427
2092,326.21200000000005,3.35184
2093,306.05899999999997,3.31853
2094,309.796,2.9742400000000004
2095,321.104,2.8774
2096,321.92999999999995,3.1375599999999997
2097,305.37600000000003,3.1506700000000003
2098,317.46099999999996,3.4491400000000008
2099,320.95,3.65546
2100,299.293,3.2927999999999997
2101,287.358,2.92475
2102,330.361,3.1021099999999993
2103,321.696,3.3332300000000004
2104,304.18500000000006,3.34838
2105,318.586,3.58524
2106,322.767,3.8244300000000004
2107,311.268,3.5226899999999994
2108,280.742,3.09143
2109,308.73199999999997,2.9084999999999996
2110,311.35200000000003,2.9487300000000003
2111,317.99999999999994,3.2520200000000004
2112,304.908,3.3043799999999997
2113,312.643,3.5492600000000003
2114,329.83799999999997,3.8249299999999997
2115,295.54200000000003,3.6023099999999992
2116,302.528,3.4466799999999997
2117,308.701,3.28701
2118,319.60200000000003,3.3290599999999997
2119,319.696,3.5351099999999995
2120,309.833,3.3516099999999995
2121,303.703,3.26169
2122,308.50199999999995,3.2265
2123,308.735,3.12879
2124,306.13499999999993,2.96553
2125,312.33399999999995,2.8331899999999997
2126,320.915,3.1110300000000004
2127,317.64,3.3309599999999997
2128,304.757,3.2491
2129,317.527,3.48418
2130,302.26599999999996,2.9221599999999994
2131,308.21400000000006,2.99554
2132,304.273,2.88592
2133,311.117,2.90752
2134,320.153,3.0347700000000004
2135,298.912,2.98765
2136,310.983,3.23117
2137,302.29699999999997,3.2542299999999997
2138,305.31699999999995,3.0795000000000003
2139,313.262,3.11322
2140,294.589,2.8381600000000002
2141,308.29100000000005,2.8453600000000003
2142,318.861,2.85243
2143,315.088,3.1546499999999997
2144,302.03000000000003,3.1174600000000003
2145,315.008,3.39978
2146,306.805,3.2476399999999996
2147,284.303,2.74768
2148,316.38,2.7328
2149,312.626,2.7610800000000006
2150,319.28000000000003,3.0277900000000004
2151,309.026,3.1012399999999998
2152,306.79400000000004,3.2573700000000003
2153,322.93899999999996,3.535000000000001
2154,301.40799999999996,3.05377
2155,298.18999999999994,2.71278
2156,328.725,2.85656
2157,315.01300000000003,2.83099
2158,320.369,3.13306
2159,322.647,3.34225
2160,301.08599999999996,3.3608599999999997
2161,315.631,3.4203300000000008
2162,303.03499999999997,3.0724800000000005
2163,296.3960000000001,2.7021800000000002
2164,315.149,2.68799
2165,325.393,2.9514000000000005
2166,315.467,3.2248399999999995
2167,316.149,3.2724500000000005
2168,307.425,3.4905299999999997
2169,307.491,3.0474
2170,296.348,2.66195
2171,321.591,2.59721
2172,317.81499999999994,2.7707000000000006
2173,318.379,3.03772
2174,315.55100000000004,3.2905500000000005
2175,291.27,3.1492200000000006
2176,308.332,3.4015700000000004
2177,308.78599999999994,2.97506
2178,281.499,2.4612300000000005
2179,326.51899999999995,2.62949
2180,312.346,2.7950600000000003
2181,309.315,3.03681
2182,303.784,3.056
2183,294.581,3.0024699999999998
2184,312.639,2.96516
2185,298.036,2.67179
2186,300.08900000000006,2.50515
2187,323.01599999999996,2.6959899999999997
2188,308.48799999999994,2.8248699999999998
2189,314.082,2.9968999999999997
2190,297.191,2.9468799999999997
2191,323.33000000000004,2.96914
2192,306.29200000000003,2.8426799999999997
2193,301.703,2.80439
2194,299.88,2.71739
2195,315.84900000000005,2.9246100000000004
2196,315.621,2.8387800000000007
2197,307.08200000000005,3.0866
2198,314.78599999999994,3.2991000000000006
2199,322.47299999999996,3.5110599999999996
2200,300.46799999999996,3.22656
2201,278.421,2.6267400000000003
2202,321.142,2.79725
2203,322.867,2.96846
2204,304.945,3.0936500000000002
2205,317.91700000000003,3.3277900000000002
2206,307.445,3.47244
2207,304.255,3.59006
2208,299.22799999999995,3.11564
2209,273.23400000000004,2.41059
2210,316.299,2.4882
2211,322.10599999999994,2.65277
2212,319.63,2.8142099999999997
2213,281.68899999999996,2.7550700000000004
2214,304.55899999999997,2.74486
2215,314.496,2.6427500000000004
2216,285.043,2.41393
2217,322.918,2.5547200000000005
2218,303.177,2.5618500000000006
2219,303.592,2.69288
2220,302.312,2.7615600000000007
2221,308.75200000000007,2.95436
2222,295.088,2.8436899999999996
2223,313.59700000000004,2.9989700000000004
2224,283.66700000000003,2.84834
2225,292.63800000000003,2.99843
2226,284.21799999999996,3.09511
2227,284.72799999999995,2.93091
2228,281.6820000000001,2.9511999999999996
2229,299.76599999999996,3.0115200000000004
2230,274.45400000000006,2.92556
2231,306.381,3.05831
2232,290.645,3.2432000000000003
2233,306.27200000000005,3.41158
2234,303.579,3.50847
2235,296.284,3.5148800000000002
2236,317.76300000000003,3.6583900000000007
2237,312.659,3.51977
2238,306.904,3.6268300000000004
2239,313.25899999999996,3.7610599999999996
2240,291.713,3.7306599999999994
2241,262.919,3.2499200000000004
2242,292.412,3.32826
2243,289.622,3.4235999999999995
2244,277.406,3.4426099999999997
2245,286.99100000000004,3.6284599999999996
2246,263.78499999999997,3.5725000000000002
2247,283.0160000000001,3.7600300000000004
2248,316.325,3.95148
2249,292.995,4.04063
2250,281.564,3.9670100000000006
2251,314.612,4.08508
2252,291.60299999999995,4.00546
2253,298.73400000000004,3.8737000000000004
2254,286.908,3.73955
2255,249.93100000000004,3.7680999999999996
2256,284.298,3.79351
2257,293.17,3.83002
2258,279.37299999999993,3.8684
2259,284.052,3.95704
2260,275.81100000000004,3.92226
2261,281.30699999999996,4.02514
2262,266.834,4.07171
2263,270.60900000000004,4.15816
2264,251.954,4.10381
2265,272.33600000000007,4.223260000000001
2266,271.742,4.281750000000001
2267,270.776,4.50454
2268,257.65199999999993,4.58323
2269,259.27200000000005,4.63888
2270,267.889,4.55874
2271,237.05499999999998,4.21538
2272,256.398,4.31399
2273,254.84399999999997,4.32235
2274,250.20700000000002,4.4208
2275,236.98599999999996,4.397600000000001
2276,230.654,4.42764
2277,243.959,4.5485
2278,218.098,4.48857
2279,255.13799999999998,4.377979999999999
2280,257.092,3.91535
2281,278.25800000000004,4.010479999999999
2282,300.2510000000001,4.12753
2283,276.087,4.21375
2284,272.69899999999996,4.29955
2285,270.16999999999996,4.354229999999999
2286,278.751,4.42928
2287,258.505,4.0610599999999994
2288,280.189,4.1411
2289,273.552,4.11336
2290,271.88700000000006,4.1675699999999996
2291,290.4600000000001,4.26535
2292,253.137,4.14729
2293,275.926,4.25438
2294,270.412,4.25915
2295,247.04000000000002,4.257160000000001
2296,254.76699999999997,4.268330000000001
2297,254.38299999999998,4.30842
2298,257.835,4.409599999999999
2299,269.743,4.5113199999999996
2300,251.677,4.18006
2301,266.87000000000006,4.22104
2302,275.42300000000006,4.34806
2303,280.256,4.45596
2304,277.634,4.6486600000000005
2305,246.183,4.790610000000001
2306,210.03999999999996,4.80949
2307,230.69700000000003,4.96602
2308,243.045,4.83751
2309,233.36899999999997,4.8839500000000005
2310,238.506,4.99747
2311,233.419,4.84044
2312,236.86700000000005,5.03467
2313,224.975,5.10219
2314,212.228,4.960210000000001
2315,238.279,5.1424199999999995
2316,231.752,5.2803700000000005
2317,244.465,5.32841
2318,255.91000000000003,5.4184399999999995
2319,261.424,5.434810000000001
2320,242.85699999999997,5.33418
2321,259.83599999999996,5.23649
2322,245.28900000000004,5.06353
2323,287.419,5.20667
2324,247.035,5.26322
2325,235.902,5.239199999999999
2326,256.834,5.411099999999999
2327,272.70500000000004,5.5366800000000005
2328,253.20599999999996,5.46158
2329,265.35400000000004,5.455360000000001
2330,252.035,5.442259999999999
2331,239.214,5.541280000000001
2332,273.421,5.671670000000001
2333,262.32099999999997,5.7002
2334,237.93800000000002,5.8007100000000005
2335,231.039,5.9171
2336,224.32199999999997,5.9522200000000005
2337,219.01299999999998,5.997059999999999
2338,225.97799999999998,6.06546
2339,232.046,6.16788
2340,232.66099999999997,6.295560000000001
2341,187.39999999999998,6.266240000000001
2342,210.85100000000003,6.18476
2343,214.45999999999998,6.0354399999999995
2344,228.49099999999999,6.0793800000000005
2345,225.73499999999999,6.17779
2346,222.24900000000002,6.32475
2347,222.734,6.495819999999999
2348,192.196,6.669670000000001
2349,179.895,6.477410000000001
2350,197.03699999999998,6.576649999999999
2351,215.27000000000004,6.634659999999999
2352,215.21699999999996,6.697910000000002
2353,218.31900000000002,6.786590000000001
2354,200.761,6.851089999999999
2355,200.39,6.9259
2356,199.701,7.053320000000001
2357,159.375,7.100239999999999
2358,193.328,7.143880000000001
2359,201.058,7.204040000000001
2360,178.773,7.217029999999999
2361,192.99200000000002,7.32735
2362,192.24599999999998,7.347319999999999
2363,196.174,7.41315
2364,170.90500000000003,7.417879999999999
2365,189.86,7.47292
2366,208.79299999999998,7.523739999999999
2367,184.494,7.573490000000001
2368,190.10799999999998,7.6241200000000005
2369,196.352,7.678990000000001
2370,178.20999999999998,7.604820000000001
2371,187.7,7.63306
2372,185.22000000000003,7.762400000000001
2373,174.817,7.827489999999999
2374,140.403,7.889930000000001
2375,185.96400000000003,8.13443
2376,148.187,8.19783
2377,165.11800000000002,8.22437
2378,171.299,8.26178
2379,159.24300000000002,8.28064
2380,167.415,8.371970000000001
2381,176.03699999999998,8.389610000000001
2382,182.61700000000002,8.51533
2383,151.51399999999998,8.53289
2384,126.08,8.536640000000002
2385,158.81699999999998,8.63654
2386,133.868,8.64123
2387,133.56400000000002,8.648760000000001
2388,150.02,8.66411
2389,139.703,8.67285
2390,145.235,8.68024
2391,144.75700000000003,8.69066
2392,135.203,8.69807
2393,126.026,8.707939999999999
2394,129.60399999999998,8.72451
2395,129.53900000000002,8.731919999999999
2396,143.307,8.74727
2397,136.334,8.760470000000002
2398,132.733,8.81255
2399,135.34,8.86862
2400,148.232,8.95321
2401,128.479,8.96489
2402,129.607,8.96857
2403,119.58500000000001,8.97123
2404,119.01499999999999,8.978620000000001
2405,139.948,8.97866
2406,145.747,8.97867
2407,135.91500000000002,8.97828
2408,119.436,8.97832
2409,151.017,8.991510000000002
2410,140.18599999999998,9.01423
2411,120.74199999999999,9.014199999999999
2412,135.754,9.09066
2413,129.37199999999999,9.10404
2414,117.951,9.121889999999999
2415,116.21000000000001,9.14706
2416,120.06499999999998,9.212259999999999
2417,123.13,9.29809
2418,120.172,9.30762
2419,146.08800000000002,9.32568
2420,115.013,9.32572
2421,116.64500000000002,9.32569
2422,109.19099999999999,9.325709999999999
2423,133.864,9.34378
2424,115.77000000000001,9.34397
2425,115.53399999999999,9.35378
2426,116.53200000000001,9.353800000000001
2427,109.94699999999997,9.353800000000001
2428,129.288,9.35378
2429,108.376,8.90615
2430,120.73499999999999,8.664109999999999
2431,140.52999999999997,8.680629999999999
2432,145.119,8.659919999999998
2433,160.25100000000003,7.99901
2434,155.626,8.04332
2435,171.003,8.07369
2436,166.714,8.11696
2437,169.4,8.15064
2438,170.531,8.169509999999999
2439,163.25,7.827419999999999
2440,167.166,7.438340000000001
2441,176.598,7.50189
2442,159.743,7.47154
2443,165.091,7.40733
2444,172.64500000000004,7.43014
2445,211.0,7.558930000000001
2446,201.416,7.68262
2447,202.312,7.77526
2448,167.472,7.8518
2449,174.07100000000003,7.88716
2450,152.964,7.662649999999999
2451,174.49200000000002,7.73845
2452,201.88100000000003,7.789590000000001
2453,192.70599999999996,7.60874
2454,173.99099999999999,7.153239999999999
2455,161.18111111111114,7.5491
2456,185.698,7.1334
2457,185.1288888888889,7.6765
2458,197.67000000000002,7.239959999999999
2459,170.34777777777776,7.789
2460,180.676,7.175840000000001
2461,182.85555555555555,7.751
2462,191.07999999999998,7.288259999999999
2463,187.45899999999997,7.3931
2464,217.32800000000003,7.42845
2465,190.01600000000002,6.06359
2466,232.901,6.222029999999999
2467,223.48599999999996,6.26269
2468,220.66899999999995,6.31536
2469,228.08399999999997,6.36782
2470,225.96300000000002,6.530969999999999
2471,222.66099999999997,6.671380000000001
2472,233.63199999999998,6.822629999999999
2473,226.9322222222222,6.6661777777777775
2474,236.12199999999999,6.279050000000001
2475,224.14333333333332,5.920911111111112
2476,247.83699999999993,6.195379999999999
2477,240.57375000000002,6.626987499999999
2478,240.058,6.28256
2479,231.40111111111113,6.7565888888888885
2480,250.04100000000003,6.41366
2481,238.29555555555558,6.985077777777779
2482,235.85700000000003,6.706270000000001
2483,239.60500000000002,6.9946625
2484,229.21099999999996,6.406879999999999
2485,230.02555555555557,5.892088888888889
2486,233.86899999999997,6.36364
2487,249.89777777777772,5.846322222222223
2488,222.517,5.73468
2489,247.93111111111114,5.418333333333333
2490,241.37600000000003,5.96373
2491,203.39874999999998,6.832487500000001
2492,237.06300000000002,6.20778
2493,223.43625,7.1483750000000015
2494,233.093,5.96297
2495,238.315,6.7581875
2496,242.984,6.27316
2497,217.2475,6.8411375
2498,256.223,6.44603
2499,242.32800000000006,6.53107
2500,250.575,6.69439
2501,230.4811111111111,7.073266666666667
2502,250.779,6.983680000000001
2503,220.0911111111111,7.462433333333333
2504,250.27900000000005,7.338710000000001
2505,227.53666666666666,7.759155555555556
2506,237.11999999999998,7.579649999999999
2507,238.30000000000004,7.71316
2508,218.224,7.140739999999999
2509,250.974,7.23891
2510,226.18399999999997,6.778360000000001
2511,248.55500000000006,6.918049999999999
2512,242.74200000000002,7.00271
2513,270.431,7.15581
2514,254.18200000000002,6.99697
2515,239.07199999999997,6.886059999999999
2516,227.82600000000002,6.98198
2517,228.93199999999996,7.03198
2518,200.903,6.957129999999999
2519,223.7175,6.3483374999999995
2520,204.60299999999998,7.09358
2521,258.3825,6.2654499999999995
2522,210.808,6.183719999999999
2523,247.15124999999998,5.4094750000000005
2524,242.29699999999997,5.85971
2525,258.9444444444444,5.073666666666667
2526,240.56,5.52234
2527,255.88799999999998,5.64652
2528,241.221,5.514539999999999
2529,249.32599999999996,5.675529999999999
2530,261.10400000000004,5.7705400000000004
2531,253.76500000000001,5.30428
2532,265.665,5.363429999999999
2533,273.5690000000001,5.48353
2534,254.60500000000002,5.61703
2535,257.765,5.76485
2536,239.571,5.86697
2537,251.71999999999997,6.064400000000001
2538,257.386,6.25565
2539,251.09499999999997,6.283970000000001
2540,242.12000000000003,5.934819999999999
2541,268.808,6.061749999999999
2542,263.15999999999997,6.222759999999999
2543,255.23500000000004,6.379049999999999
2544,267.392,6.531359999999999
2545,270.5777777777778,6.086255555555556
2546,260.97200000000004,6.77294
2547,265.0711111111111,6.28621111111111
2548,239.90299999999996,6.90951
2549,250.53777777777773,6.484177777777777
2550,190.50300000000001,7.05415
2551,224.7544444444444,6.640977777777778
2552,233.305,7.21661
2553,193.893,6.89593
2554,224.371,6.860859999999998
2555,233.67700000000005,6.9438
2556,211.016,6.504029999999998
2557,240.157,6.606699999999999
2558,216.02800000000002,6.65386
2559,213.113,6.6858699999999995
2560,209.30100000000002,6.73495
2561,221.756,6.670399999999999
2562,205.24,6.28277
2563,222.00799999999995,5.9315
2564,222.445,5.920119999999999
2565,204.775,5.9989799999999995
2566,226.37399999999997,6.1044
2567,200.97899999999998,6.1314
2568,221.766,6.26904
2569,228.092,6.40732
2570,211.20699999999997,6.479080000000001
2571,215.0,6.596459999999999
2572,222.96600000000004,6.68561
2573,219.933,6.7560400000000005
2574,209.78400000000002,6.851640000000001
2575,245.24899999999997,7.00455
2576,213.635,7.068340000000001
2577,223.65300000000002,7.1312000000000015
2578,181.80599999999998,6.6841099999999996
2579,202.60500000000002,6.8012
2580,218.959,6.89319
2581,195.60600000000002,6.965889999999999
2582,211.37600000000003,7.060930000000001
2583,209.51,7.14138
2584,210.47600000000003,7.197750000000001
2585,210.25000000000006,7.212210000000001
2586,203.717,7.27961
2587,207.677,7.3598300000000005
2588,202.17099999999996,7.425549999999999
2589,214.28400000000002,7.495230000000001
2590,219.52599999999998,7.5602800000000006
2591,208.85800000000003,7.496219999999999
2592,194.64200000000002,7.0157
2593,211.45000000000005,6.74153
2594,191.237,6.056559999999999
2595,215.70899999999997,6.129
2596,208.055,6.144329999999999
2597,216.55700000000002,6.219320000000001
2598,215.60100000000003,6.34778
2599,233.11600000000004,6.462880000000001
2600,213.43800000000002,6.4182500000000005
2601,226.238,6.457469999999999
2602,216.998,6.26948
2603,206.10400000000004,6.09823
2604,221.03199999999998,6.11034
2605,225.288,6.191000000000001
2606,224.829,6.17212
2607,232.28400000000002,6.09785
2608,220.603,5.617310000000001
2609,207.488,5.140459999999999
2610,221.849,5.174259999999999
2611,241.72200000000004,5.266120000000001
2612,253.123,5.38359
2613,233.69,5.52958
2614,233.54899999999998,5.714920000000001
2615,237.91799999999998,5.71358
2616,206.15099999999998,5.12664
2617,225.39700000000002,4.70456
2618,267.963,4.86819
2619,250.098,5.03419
2620,226.76399999999998,4.931430000000001
2621,254.85700000000003,4.14911
2622,284.633,4.365489999999999
2623,293.90400000000005,4.54306
2624,271.53900000000004,4.64234
2625,260.515,4.14322
2626,277.96500000000003,4.00433
2627,305.893,4.23775
2628,272.28499999999997,4.23747
2629,309.918,4.43982
2630,321.1720000000001,4.40892
2631,298.94300000000004,4.42166
2632,301.063,4.594720000000001
2633,285.32900000000006,4.64478
2634,248.44999999999996,4.3495
2635,292.40400000000005,4.519480000000001
2636,279.568,4.5588999999999995
2637,275.272,4.569979999999999
2638,285.652,4.568250000000001
2639,268.971,4.546200000000001
2640,279.861,4.498869999999999
2641,274.042,4.67037
2642,256.076,4.61932
2643,254.51900000000006,4.52269
2644,278.418,4.542050000000001
2645,271.648,4.59662
2646,248.961,4.57576
2647,256.432,4.53792
2648,262.561,4.589119999999999
2649,279.33799999999997,4.54003
2650,237.04399999999995,4.48673
2651,268.23699999999997,4.6607899999999995
2652,266.822,4.6233699999999995
2653,257.73400000000004,4.53427
2654,249.34,3.9544699999999997
2655,274.713,3.9556199999999997
2656,290.862,4.00133
2657,283.594,4.07867
2658,287.70300000000003,4.23686
2659,276.077,4.15559
2660,249.59,4.0519300000000005
2661,298.65,4.18055
2662,262.738,4.09136
2663,278.484,4.1976700000000005
2664,280.808,4.17233
2665,282.81399999999996,4.32114
2666,280.89799999999997,4.424720000000001
2667,267.317,4.42551
2668,254.419,4.22433
2669,283.42199999999997,4.324540000000001
2670,279.864,4.22333
2671,254.827,4.09448
2672,288.03499999999997,4.2334499999999995
2673,287.17400000000004,4.27788
2674,261.972,4.22428
2675,268.83299999999997,4.343389999999999
2676,273.638,4.3043700000000005
2677,264.234,4.23716
2678,281.653,4.3271500000000005
2679,261.839,4.25237
2680,286.618,4.3613
2681,261.614,4.19964
2682,262.785,4.21565
2683,295.147,4.37368
2684,263.77000000000004,4.32384
2685,272.44700000000006,4.41597
2686,251.60700000000003,4.16964
2687,274.981,4.20927
2688,282.984,4.1933
2689,271.398,4.20663
2690,273.46,4.26546
2691,285.34299999999996,4.363049999999999
2692,276.09799999999996,4.42034
2693,273.52400000000006,4.548260000000001
2694,265.43100000000004,4.37357
2695,285.09399999999994,4.322509999999999
2696,283.526,4.29122
2697,259.601,4.22147
2698,301.84299999999996,4.36867
2699,273.168,4.22935
2700,301.39,4.39205
2701,292.55199999999996,4.486079999999999
2702,281.57399999999996,4.50494
2703,251.475,4.31398
2704,275.23400000000004,4.42715
2705,280.46,4.38162
2706,278.44,4.40286
2707,263.134,4.26818
2708,277.562,4.40477
2709,288.134,4.5032499999999995
2710,274.235,4.4539
2711,268.703,4.40695
2712,270.336,4.477469999999999
2713,283.77,4.471089999999999
2714,264.728,4.268079999999999
2715,258.30000000000007,4.15576
2716,280.813,4.25345
2717,288.51,4.2549399999999995
2718,272.617,4.3064100000000005
2719,287.645,4.324679999999999
2720,285.059,4.415089999999999
2721,272.949,4.48522
2722,267.77599999999995,4.63245
2723,255.045,4.49497
2724,277.436,4.5333
2725,256.19800000000004,4.1472999999999995
2726,262.538,4.20025
2727,278.748,4.3139
2728,277.24300000000005,4.29302
2729,276.92099999999994,4.37124
2730,294.417,4.513920000000001
2731,271.666,4.5626
2732,268.06,4.55876
2733,245.28799999999995,4.27889
2734,277.99300000000005,4.2683100000000005
2735,287.67999999999995,4.34039
2736,294.96799999999996,4.39904
2737,257.81100000000004,4.30992
2738,279.838,4.44957
2739,278.577,4.492430000000001
2740,268.421,4.56796
2741,260.712,4.45837
2742,265.80500000000006,4.37087
2743,277.45599999999996,4.29454
2744,265.278,4.24658
2745,265.049,4.20157
2746,270.265,4.22011
2747,276.515,4.198659999999999
2748,271.422,4.27157
2749,272.86300000000006,4.2691
2750,260.71,4.073320000000001
2751,290.45799999999997,4.24079
2752,257.331,4.194190000000001
2753,265.545,4.1933300000000004
2754,256.506,4.17666
2755,285.814,4.25342
2756,253.93399999999997,4.2605
2757,272.269,4.344040000000001
2758,253.92100000000005,4.13571
2759,265.662,4.16073
2760,267.273,4.247920000000001
2761,281.261,4.308090000000001
2762,263.173,4.28418
2763,296.91099999999994,4.337070000000001
2764,265.835,4.33138
2765,278.25699999999995,4.40601
2766,254.18499999999995,4.19501
2767,287.354,4.3474699999999995
2768,251.14099999999993,4.18445
2769,278.688,4.3100000000000005
2770,258.651,4.254020000000001
2771,264.4,4.38209
2772,256.44300000000004,4.2694600000000005
2773,258.27000000000004,4.26834
2774,273.91999999999996,4.32362
2775,247.192,4.18998
2776,279.165,4.23294
2777,254.615,4.21457
2778,277.722,4.27501
2779,261.7990000000001,4.17262
2780,277.02299999999997,4.21804
2781,258.55100000000004,4.21003
2782,267.39599999999996,4.237769999999999
2783,274.31899999999996,4.26109
2784,264.918,4.22335
2785,258.58599999999996,4.14666
2786,268.054,4.21251
2787,248.17899999999995,4.13478
2788,276.15999999999997,4.23264
2789,250.80199999999996,4.15635
2790,255.788,4.18423
2791,265.567,4.11859
2792,270.823,4.22998
2793,254.83999999999997,4.1699399999999995
2794,253.913,4.20791
2795,266.363,4.204079999999999
2796,265.53200000000004,4.252809999999999
2797,258.07499999999993,4.114929999999999
2798,279.868,4.23249
2799,253.027,4.190289999999999
2800,269.87399999999997,4.3149299999999995
2801,272.05800000000005,4.33306
2802,237.994,4.291790000000001
2803,263.821,4.39282
2804,255.47799999999998,4.40026
2805,262.149,4.5080100000000005
2806,218.06299999999996,4.45861
2807,245.74599999999995,4.53011
2808,245.231,4.52991
2809,237.589,4.63984
2810,248.02799999999996,4.72226
2811,235.72900000000004,4.743600000000001
2812,265.26800000000003,4.89662
2813,256.767,4.96439
2814,283.964,5.03172
2815,272.27,5.0515799999999995
2816,279.63300000000004,5.11716
2817,261.812,5.0981700000000005
2818,248.80900000000003,5.18785
2819,259.87499999999994,5.3552599999999995
2820,233.879,5.40394
2821,221.67400000000004,5.4962599999999995
2822,255.23300000000003,5.6026
2823,234.204,5.72002
2824,234.573,5.80333
2825,232.586,5.96447
2826,239.86100000000002,5.98626
2827,232.331,6.060170000000001
2828,248.28400000000005,6.11121
2829,227.45100000000002,6.19293
2830,267.316,6.36465
2831,246.22799999999998,6.40111
2832,249.66799999999998,6.4435199999999995
2833,236.16899999999995,6.449629999999999
2834,249.23499999999999,6.49591
2835,250.75100000000003,6.54456
2836,237.092,6.6587000000000005
2837,228.11700000000002,6.667870000000001
2838,197.566,6.71814
2839,195.466,6.73181
2840,218.658,6.79104
2841,206.656,6.906969999999999
2842,246.128,6.97948
2843,191.577,6.96631
2844,206.914,6.96402
2845,243.32399999999998,6.98683
2846,223.571,6.98428
2847,240.064,7.032839999999998
2848,221.779,7.091979999999998
2849,224.68,7.151949999999999
2850,216.215,7.27567
2851,206.329,7.376499999999998
2852,175.28799999999995,7.527029999999999
2853,194.118,7.64054
2854,195.62,7.7958
2855,164.45299999999997,7.9518200000000006
2856,158.78300000000002,8.06756
2857,166.822,8.24199
2858,176.638,8.44822
2859,175.15000000000003,8.634559999999999
2860,217.96599999999998,8.93225
2861,182.22000000000003,9.018089999999999
2862,177.84199999999998,9.004909999999999
2863,213.548,9.029079999999999
2864,204.25499999999997,9.01756
2865,212.671,9.035309999999999
2866,191.56099999999998,9.056239999999999
2867,167.30200000000002,9.01914
2868,160.129,9.03525
2869,135.92700000000002,9.02153
2870,170.75100000000003,9.03681
2871,164.701,9.062700000000001
2872,164.025,9.01446
2873,165.10699999999997,9.0338
2874,174.60399999999998,9.055860000000001
2875,177.24599999999998,9.105259999999998
2876,144.91899999999998,9.13067
2877,159.807,9.195340000000002
2878,149.15900000000002,9.226320000000001
2879,140.926,9.23979
2880,166.53300000000002,9.227630000000001
2881,170.20499999999998,9.26085
2882,178.65099999999998,9.296859999999999
2883,167.297,9.360869999999998
2884,160.038,9.39996
2885,143.45499999999998,9.4483
2886,130.938,9.49834
2887,116.22199999999998,9.55292
2888,133.507,9.63308
2889,122.41599999999998,9.68825
2890,134.973,9.737499999999999
2891,130.229,9.86613
2892,154.664,10.023909999999999
2893,118.367,10.04218
2894,128.80599999999998,10.050249999999998
2895,135.995,10.053169999999998
2896,127.141,10.053740000000001
2897,133.33800000000002,10.054210000000001
2898,129.676,10.05441
2899,109.00699999999999,10.05442
2900,106.38500000000002,10.05376
2901,116.249,10.05394
2902,112.78899999999999,10.053930000000001
2903,112.99700000000003,10.05425
2904,133.473,10.151679999999999
2905,112.662,10.151689999999999
2906,116.09400000000001,10.158129999999998
2907,143.19,10.259179999999999
2908,118.61399999999999,10.34128
2909,119.02600000000002,10.381149999999998
2910,108.84200000000001,10.38769
2911,116.72099999999998,10.39524
2912,118.99099999999999,10.39554
2913,121.51100000000001,10.4053
2914,122.599,10.41094
2915,114.69399999999999,10.41093
2916,102.92000000000003,10.41093
2917,115.70300000000002,10.41144
2918,106.33699999999999,10.41099
2919,108.11299999999999,10.411
2920,124.96300000000001,10.417620000000001
2921,106.81699999999998,10.422320000000001
2922,103.80800000000002,10.42259
2923,102.66300000000001,10.422619999999998
2924,104.167,10.422619999999998
2925,115.56199999999998,10.422649999999999
2926,122.31899999999999,10.42268
2927,113.78,10.42268
2928,114.27299999999998,10.42268
2929,110.34700000000002,10.42267
2930,115.376,10.42264
2931,110.46100000000001,10.42267
2932,120.40599999999999,10.427599999999998
2933,106.68900000000001,10.427589999999999
2934,110.799,10.428189999999997
2935,103.917,10.428159999999997
2936,103.15299999999999,10.428169999999998
2937,105.559,10.428159999999997
2938,143.33599999999998,10.533009999999999
2939,119.679,10.53755
2940,127.62600000000002,10.549169999999998
2941,105.40500000000002,10.549149999999997
2942,101.524,10.549149999999997
2943,103.79100000000001,10.5487
2944,109.03599999999999,10.548689999999999
2945,105.025,10.548729999999999
2946,114.69800000000001,10.548729999999999
2947,116.05200000000002,10.54889
2948,113.321,10.5489
2949,111.793,10.54888
2950,104.28800000000001,10.54892
2951,102.86499999999998,10.5489
2952,126.72900000000001,10.555699999999998
2953,105.03200000000001,10.55575
2954,103.922,10.5558
2955,105.304,10.55572
2956,115.34699999999998,10.5859
2957,108.84599999999998,10.585749999999999
2958,132.052,10.592099999999999
2959,118.428,10.59206
2960,123.54399999999998,10.592070000000001
2961,123.65800000000002,10.622029999999999
2962,112.02799999999999,10.622060000000001
2963,114.69300000000001,10.62205
2964,113.19399999999999,10.62205
2965,116.773,10.622069999999999
2966,126.09199999999998,10.62886
2967,108.921,10.62886
2968,124.83700000000002,10.63536
2969,102.15800000000002,10.635349999999999
2970,101.11599999999999,10.63535
2971,108.973,10.635320000000002
2972,126.792,10.64207
2973,106.61500000000001,10.6421
2974,103.21100000000001,10.6421
2975,110.997,10.64209
2976,115.405,10.642109999999999
2977,104.69900000000003,10.64211
2978,130.33300000000003,10.64846
2979,136.56900000000002,10.67436
2980,104.33600000000001,10.67433
2981,108.84400000000001,10.67435
2982,103.84,10.67436
2983,105.501,10.67454
2984,113.397,10.695060000000002
2985,108.83,10.695250000000001
2986,122.543,10.69525
2987,113.79999999999998,10.69528
2988,127.04899999999998,10.28849
2989,115.93700000000001,9.71186
2990,156.70800000000003,9.73469
2991,125.457,9.72314
2992,139.94,9.75716
2993,150.16,9.76623
2994,123.775,8.725810000000001
2995,146.05,8.781089999999999
2996,147.27900000000002,8.778609999999999
2997,144.429,8.75559
2998,154.32899999999998,8.800989999999999
2999,158.53699999999998,8.76925
3000,152.724,8.756969999999999
3001,148.966,8.81171
3002,152.804,8.838489999999998
3003,145.60500000000002,8.813279999999999
3004,141.20000000000002,8.783150000000001
3005,150.303,8.8255
3006,145.518,8.78809
3007,193.536,8.78408
3008,150.943,8.82065
3009,150.83,8.860579999999999
3010,148.675,8.81156
3011,142.02499999999998,8.798390000000001
3012,168.262,8.845600000000001
3013,155.24,8.80268
3014,143.858,8.77794
3015,154.472,8.837460000000002
3016,162.42700000000002,8.861999999999998
3017,152.87399999999997,8.777
3018,146.619,8.829350000000002
3019,154.6,8.806270000000001
3020,149.14600000000002,8.78489
3021,139.69699999999997,8.82304
3022,151.506,8.85247
3023,135.687,8.789579999999999
3024,148.973,8.84169
3025,158.849,8.87025
3026,145.647,8.867449999999998
3027,143.28,8.892759999999999
3028,146.98600000000002,8.97318
3029,150.023,9.050379999999999
3030,149.533,9.141010000000001
3031,159.981,9.235879999999998
3032,152.45100000000002,9.332199999999998
3033,148.75,9.39675
3034,136.389,9.10579
3035,138.904,9.092939999999999
3036,141.66400000000002,9.14568
3037,210.077,9.21838
3038,148.472,9.26772
3039,136.76,8.915539999999998
3040,145.894,8.99641
3041,157.70499999999998,9.070469999999998
3042,147.16900000000004,9.16399
3043,142.87,9.26015
3044,145.697,9.355739999999999
3045,150.61,9.422649999999999
3046,142.77399999999997,9.35118
3047,157.237,9.17319
3048,148.28799999999998,9.22785
3049,140.45700000000002,9.20779
3050,136.48600000000002,8.84794
3051,150.109,8.899099999999999
3052,138.857,8.82375
3053,149.608,8.87337
3054,146.714,8.84862
3055,150.106,8.838069999999998
3056,149.01100000000002,8.893839999999999
3057,137.74499999999998,8.859779999999999
3058,152.54399999999998,8.89008
3059,144.862,8.82697
3060,161.36399999999998,8.8688
3061,147.058,8.86912
3062,144.177,8.832089999999999
3063,144.01899999999998,8.843010000000003
3064,153.712,8.81629
3065,172.942,8.86323
3066,147.589,8.863699999999998
3067,150.73,8.92567
3068,143.946,8.934830000000002
3069,148.049,8.999909999999998
3070,150.054,9.0406
3071,160.546,9.128910000000001
3072,148.036,9.22673
3073,147.147,9.32506
3074,144.946,9.39566
3075,137.027,9.063220000000001
3076,147.343,9.140630000000002
3077,148.966,9.210280000000001
3078,148.39,9.265780000000001
3079,146.455,9.31888
3080,135.33,8.961929999999999
3081,149.781,9.04119
3082,166.72899999999998,9.13555
3083,150.37300000000002,9.239990000000002
3084,143.529,9.339520000000002
3085,144.187,9.42463
3086,145.133,9.50481
3087,135.392,9.173080000000002
3088,144.642,9.2413
3089,149.84300000000002,9.296700000000001
3090,144.122,8.96752
3091,145.105,9.02811
3092,142.025,9.098220000000001
3093,156.48999999999998,9.1726
3094,156.267,9.27326
3095,141.911,9.365250000000001
3096,145.757,9.435550000000001
3097,145.76899999999998,9.50135
3098,147.916,9.156970000000001
3099,148.76,9.23766
3100,149.791,9.304019999999998
3101,147.748,9.347489999999999
3102,126.228,8.887880000000001
3103,165.86999999999998,8.94733
3104,145.961,8.961870000000001
3105,155.168,9.01194
3106,142.51000000000002,8.992109999999998
3107,145.38,9.04859
3108,138.767,9.079630000000002
3109,146.415,9.156669999999998
3110,149.35,9.22177
3111,150.71300000000002,9.3027
3112,168.496,9.39996
3113,145.682,9.45802
3114,133.489,9.109219999999999
3115,150.327,9.179660000000002
3116,143.75899999999996,9.221459999999999
3117,148.95,9.29536
3118,140.565,9.31018
3119,148.398,9.3372
3120,139.996,9.333720000000001
3121,128.297,8.9412
3122,149.071,8.942320000000002
3123,155.09700000000004,8.9449
3124,168.39000000000004,8.99706
3125,163.41800000000003,9.037519999999999
3126,146.85399999999998,9.082139999999999
3127,148.358,9.11517
3128,139.77800000000002,9.15155
3129,145.844,9.209970000000002
3130,149.07399999999998,9.26993
3131,188.075,9.397490000000001
3132,142.754,9.409600000000001
3133,142.19400000000002,9.12689
3134,143.09300000000002,9.17035
3135,147.519,9.21688
3136,170.68599999999998,9.251740000000002
3137,155.74200000000002,9.322759999999999
3138,148.936,9.38373
3139,141.852,9.40073
3140,145.66799999999998,9.450599999999998
3141,142.258,9.15801
3142,137.87400000000002,9.15812
3143,156.51999999999998,9.19562
3144,145.669,9.154499999999999
3145,178.02799999999996,9.267890000000001
3146,151.304,9.25274
3147,147.563,9.30866
3148,137.712,9.215770000000001
3149,143.107,9.22053
3150,139.558,9.22729
3151,148.09099999999998,9.281299999999998
3152,147.625,9.21941
3153,167.149,9.29541
3154,157.363,9.33129
3155,148.929,9.34357
3156,163.041,9.41104
3157,148.19500000000002,9.47252
3158,149.61499999999998,9.53068
3159,136.80900000000003,9.414780000000002
3160,148.77400000000003,9.4785
3161,172.969,9.546949999999999
3162,158.75300000000001,9.50887
3163,147.26299999999998,9.441419999999999
3164,164.244,9.49136
3165,154.18300000000002,9.54842
3166,143.01100000000002,9.380700000000001
3167,143.055,9.438229999999999
3168,145.383,9.492560000000001
3169,150.37444444444444,9.348777777777777
3170,139.674,9.60887
3171,118.9875,9.1314125
3172,147.309,9.69219
3173,155.76625,9.394799999999998
3174,151.50799999999998,9.857510000000001
3175,149.70285714285714,9.360671428571427
3176,131.647,10.028409999999997
3177,147.4275,9.7329625
3178,174.09,10.17737
3179,158.05444444444444,10.091466666666669
3180,139.10500000000002,10.246039999999999
3181,131.61222222222221,10.13701111111111
3182,136.279,10.290859999999999
3183,135.781,10.31804
3184,151.645,10.353709999999998
3185,144.74222222222224,10.278144444444443
3186,123.55699999999999,10.40437
3187,130.13888888888889,10.333655555555556
3188,141.427,10.483829999999998
3189,148.31222222222223,10.467800000000002
3190,139.31799999999998,10.564879999999999
3191,132.12,10.498122222222223
3192,157.54100000000003,10.665230000000001
3193,145.99777777777774,10.6355
3194,145.925,10.7714
3195,117.79777777777778,10.721677777777778
3196,104.758,10.77609
3197,109.64375,10.649949999999999
3198,113.609,10.7761
3199,116.08999999999999,10.649962499999999
3200,122.53699999999999,10.77618
3201,111.42888888888889,10.730255555555553
3202,108.249,10.786259999999999
3203,111.88555555555556,10.730355555555555
3204,110.003,10.78641
3205,116.503,10.7902
3206,112.949,10.79849
3207,107.21100000000001,10.80398
3208,108.74599999999998,10.804009999999998
3209,109.08800000000001,10.804059999999996
3210,112.23400000000001,10.804039999999999
3211,118.64999999999999,10.734088888888886
3212,119.777,10.807559999999997
3213,117.32777777777778,10.749166666666666
3214,119.43800000000002,10.886999999999999
3215,110.97555555555554,10.837388888888889
3216,108.975,10.896919999999998
3217,112.04222222222222,10.8419
3218,122.673,10.980599999999999
3219,103.679,10.984879999999999
3220,105.744,10.984200000000001
3221,108.548,10.984220000000002
3222,113.801,10.98439
3223,103.44300000000001,10.98442
3224,107.776,10.984460000000002
3225,118.136,10.98443
3226,111.293,10.984589999999999
3227,109.61,11.111255555555555
3228,111.23800000000001,10.98874
3229,106.15444444444444,11.113000000000001
3230,105.324,10.992659999999999
3231,111.71,11.11871111111111
3232,102.708,10.995289999999999
3233,102.21333333333334,11.118744444444445
3234,103.974,10.99528
3235,101.603,10.99527
3236,101.78900000000002,10.99527
3237,102.332,10.99525
3238,109.255,10.999179999999999
3239,102.73499999999999,10.99919
3240,103.17,10.999170000000001
3241,104.57900000000002,10.999179999999999
3242,122.80499999999999,11.02711
3243,106.96100000000001,11.036129999999998
3244,117.36299999999999,11.0492
3245,103.123,11.04921
3246,101.314,11.049199999999999
3247,100.99999999999999,11.241325
3248,104.846,11.058679999999999
3249,109.88624999999999,11.2714375
3250,102.68299999999999,11.073340000000002
3251,102.145,11.271450000000002
3252,103.75699999999999,11.07333
3253,103.66375,11.271500000000001
3254,107.623,11.07634
3255,104.88199999999999,11.076360000000001
3256,104.10499999999999,11.076330000000002
3257,103.684,11.076330000000002
3258,101.648,11.07637
3259,102.766,11.07747
3260,106.926,11.080259999999999
3261,102.751,11.08028
3262,101.38000000000001,11.08027
3263,102.902,11.08032
3264,101.764,11.08029
3265,109.103,11.104040000000001
3266,100.96000000000001,11.10403
3267,102.668,11.104009999999999
3268,119.88,11.1275
3269,113.772,11.12997
3270,117.18799999999999,11.157630000000001
3271,101.082,11.15765
3272,105.28900000000002,11.157680000000001
3273,109.98299999999999,11.157700000000002
3274,106.197,11.15769
3275,109.82300000000001,11.181550000000001
3276,101.19000000000001,11.181550000000001
3277,101.34100000000001,11.181550000000001
3278,105.95899999999999,11.18157
3279,109.92999999999999,11.205540000000001
3280,104.49199999999999,11.205540000000001
3281,101.43800000000002,11.205530000000001
3282,101.46499999999999,11.205540000000003
3283,100.842,11.205570000000002
3284,101.36600000000001,11.20555
3285,100.84200000000001,11.205570000000002
3286,109.16,11.222620000000001
3287,101.225,11.222640000000002
3288,135.005,11.275790000000002
3289,104.537,11.28552
3290,101.037,11.28548
3291,116.49600000000001,11.326410000000001
3292,101.015,11.32639
3293,108.33000000000001,11.326429999999998
3294,133.83800000000002,11.3265
3295,140.18599999999998,11.3296
3296,141.98899999999998,11.33373
3297,131.153,11.33073
3298,130.684,11.357049999999997
3299,117.424,10.620829999999998
3300,125.018,9.897459999999999
3301,148.647,9.94042
3302,154.638,9.986689999999998
3303,142.976,9.945879999999999
3304,137.089,9.90973
3305,151.39600000000002,9.95159
3306,156.982,10.004569999999998
3307,143.18900000000002,9.973179999999997
3308,137.721,9.942649999999999
3309,142.726,10.024049999999999
3310,143.38600000000002,10.136229999999998
3311,130.60399999999998,10.24363
3312,119.455,10.350829999999998
3313,132.44099999999997,10.41573
3314,146.38500000000002,10.457519999999999
3315,144.169,10.510099999999998
3316,146.103,10.54988
3317,142.04,10.56908
3318,147.41400000000002,10.59864
3319,145.975,10.636889999999998
3320,146.572,10.68149
3321,138.894,10.70724
3322,119.78699999999999,10.730039999999999
3323,115.31699999999998,10.75634
3324,138.06799999999998,10.7839
3325,143.986,10.81911
3326,141.248,10.846260000000001
3327,139.067,10.87225
3328,133.934,10.895950000000001
3329,136.118,10.92307
3330,148.489,11.02429
3331,148.26100000000002,11.126790000000002
3332,121.117,11.13045
3333,123.89299999999999,11.130500000000001
3334,117.069,11.130560000000001
3335,114.11799999999998,11.130570000000002
3336,120.124,11.13052
3337,110.679,11.130510000000001
3338,110.47200000000001,11.12924
3339,111.56599999999999,11.14621
3340,112.25,11.14621
3341,120.742,11.15096
3342,106.07000000000001,11.15767
3343,109.66099999999999,11.16105
3344,110.775,11.16946
3345,116.397,11.17156
3346,119.24300000000001,11.17168
3347,114.56800000000001,11.171219999999996
3348,116.346,11.1713
3349,106.752,11.17128
3350,105.8,11.17132
3351,108.495,11.171289999999999
3352,110.04099999999998,11.171309999999998
3353,119.03800000000001,11.18816
3354,120.17199999999998,11.267529999999999
3355,113.556,11.28094
3356,127.386,11.362
3357,113.09200000000001,11.36691
3358,112.431,11.366950000000001
3359,114.627,11.371760000000002
3360,119.74000000000001,11.371770000000001
3361,118.40599999999999,11.401440000000001
3362,113.407,11.400479999999998
3363,108.84700000000001,11.40034
3364,103.373,11.40035
3365,108.353,11.40038
3366,121.35700000000001,11.4005
3367,121.73199999999997,11.43058
3368,102.054,11.43059
3369,114.162,11.43538
3370,108.52299999999998,11.435419999999999
3371,100.868,11.435430000000002
3372,103.41799999999998,11.435400000000001
3373,102.547,11.43544
3374,102.423,11.43546
3375,103.102,11.435440000000003
3376,110.65300000000002,11.4656
3377,100.94700000000002,11.46559
3378,107.02900000000002,11.470600000000001
3379,103.078,11.470590000000001
3380,107.05500000000002,11.47058
3381,106.83399999999999,11.470559999999999
3382,112.01200000000001,11.470619999999998
3383,112.12899999999999,11.4836
3384,120.07000000000001,11.496820000000001
3385,101.18699999999998,11.49679
3386,100.9,11.49682
3387,101.471,11.49681
3388,102.489,11.49683
3389,101.75899999999999,11.49683
3390,108.701,11.527
3391,101.106,11.527
3392,103.501,11.527009999999999
3393,104.902,11.52707
3394,109.51199999999999,11.53205
3395,102.838,11.532050000000002
3396,104.37,11.532070000000001
3397,101.19300000000001,11.53203
3398,118.968,11.58202
3399,103.98400000000001,11.58197
3400,101.889,11.581980000000001
3401,102.54399999999998,11.58183
3402,105.25699999999999,11.58845
3403,106.33800000000001,11.60164
3404,105.952,11.601609999999999
3405,110.249,11.63153
3406,101.098,11.63155
3407,109.98999999999998,11.63161
3408,116.526,11.657509999999998
3409,114.84100000000001,11.676510000000002
3410,117.25699999999999,11.70281
3411,117.225,11.70284
3412,123.19699999999997,11.702900000000001
3413,111.702,11.710350000000002
3414,113.21599999999998,11.28677
3415,117.022,10.75143
3416,128.56400000000002,10.782319999999999
3417,136.162,10.82565
3418,135.97600000000003,10.87312
3419,131.04,10.949489999999999
3420,121.907,10.175099999999999
3421,114.25399999999999,10.041980000000002
3422,132.094,10.1313
3423,134.281,10.22867
3424,137.436,10.326170000000001
3425,147.288,10.473160000000002
3426,128.829,9.60463
3427,170.29199999999997,9.79937
3428,139.41,9.899809999999999
3429,147.635,9.989160000000002
3430,163.80700000000002,10.10378
3431,137.776,10.18867
3432,167.44199999999998,10.34107
3433,173.113,10.4764
3434,129.387,9.790099999999999
3435,175.56099999999998,9.861160000000002
3436,170.659,9.22241
3437,195.00400000000002,9.295970000000002
3438,204.69,9.4302
3439,214.635,9.447429999999999
3440,170.33499999999998,9.46312
3441,208.581,9.064820000000001
3442,190.98600000000002,8.584840000000002
3443,221.917,8.563979999999999
3444,191.87600000000003,8.54408
3445,190.403,8.61646
3446,177.173,8.694130000000001
3447,192.39399999999998,8.78622
3448,177.972,8.78505
3449,173.38799999999998,8.78191
3450,202.86700000000002,8.86862
3451,186.76799999999997,8.969280000000001
3452,171.781,8.97542
3453,194.507,8.910500000000003
3454,199.397,8.18079
3455,232.132,8.26244
3456,229.129,8.306810000000002
3457,215.276,8.268529999999998
3458,229.00699999999998,8.370040000000001
3459,216.11099999999996,8.01374
3460,211.744,7.4266200000000016
3461,202.448,7.510419999999999
3462,212.527,7.657170000000001
3463,195.555,7.735319999999999
3464,193.353,7.790920000000002
3465,209.43300000000005,7.92407
3466,200.348,8.10899
3467,201.91400000000002,8.19011
3468,179.947,7.846430000000001
3469,211.594,7.3598799999999995
3470,235.53100000000003,7.490100000000001
3471,220.871,7.585930000000002
3472,217.10199999999995,7.6536
3473,189.183,7.73472
3474,196.572,7.821429999999999
3475,223.54900000000004,8.00212
3476,190.64900000000003,7.899119999999999
3477,192.239,7.98606
3478,203.315,8.07422
3479,188.072,8.088550000000001
3480,171.738,8.18759
3481,191.80100000000002,8.28339
3482,231.45899999999997,8.466069999999998
3483,188.89399999999998,8.458839999999999
3484,199.21800000000002,7.728530000000001
3485,202.61900000000003,7.477029999999999
3486,212.92,7.5822
3487,239.53500000000003,7.6627600000000005
3488,222.41900000000004,7.7471499999999995
3489,195.35399999999998,7.84046
3490,179.79100000000003,7.846439999999999
3491,199.724,7.938319999999999
3492,184.126,7.9276
3493,199.062,8.023710000000001
3494,202.83499999999998,8.12217
3495,178.05900000000003,8.128919999999999
3496,215.439,8.20063
3497,183.92000000000002,8.269870000000001
3498,200.67699999999996,8.321929999999998
3499,164.82999999999998,8.188559999999999
3500,178.907,8.23588
3501,185.68,8.27891
3502,187.993,8.243849999999998
3503,181.10700000000003,8.307120000000001
3504,185.53000000000003,8.33862
3505,183.947,8.38026
3506,173.421,8.3423
3507,177.59199999999998,8.388079999999999
3508,159.489,8.306790000000001
3509,179.45999999999998,8.350420000000002
3510,181.833,8.3885
3511,171.29199999999997,8.434740000000001
3512,158.06900000000002,8.39132
3513,144.018,8.34161
3514,154.01500000000001,8.33557
3515,174.695,8.429770000000001
3516,165.942,8.45795
3517,165.75,8.449
3518,172.288,8.49993
3519,150.793,8.44671
3520,177.345,8.48521
3521,179.779,8.581470000000001
3522,166.04799999999997,8.61878
3523,159.304,8.533579999999999
3524,140.155,8.5286
3525,164.805,8.574360000000002
3526,151.275,8.564470000000002
3527,149.17600000000002,8.59694
3528,152.472,8.595340000000004
3529,154.935,8.646280000000003
3530,142.103,8.523580000000003
3531,181.341,8.654790000000002
3532,148.709,8.62904
3533,154.272,8.648530000000001
3534,150.853,8.652840000000001
3535,159.709,8.6271
3536,169.026,8.66391
3537,137.77,8.662969999999998
3538,142.03900000000002,8.637849999999998
3539,168.058,8.650500000000001
3540,147.244,8.685300000000002
3541,145.921,8.668420000000001
3542,184.185,8.759290000000002
3543,141.41,8.795399999999999
3544,141.41,8.75243
3545,157.123,8.79867
3546,137.695,8.74601
3547,148.784,8.756789999999999
3548,146.077,8.759839999999999
3549,169.15400000000002,8.79394
3550,169.526,8.755259999999998
3551,154.958,8.79627
3552,149.531,8.792799999999998
3553,140.93699999999998,8.76184
3554,149.622,8.79737
3555,148.994,8.79938
3556,151.875,8.84471
3557,145.33999999999997,8.757909999999999
3558,163.75600000000003,8.81032
3559,162.284,8.883379999999999
3560,137.99200000000002,8.74888
3561,164.657,8.799859999999999
3562,163.492,8.8442
3563,147.57600000000002,8.811780000000002
3564,144.037,8.770500000000002
3565,167.029,8.798350000000001
3566,171.82199999999997,8.81336
3567,160.91799999999998,8.864069999999998
3568,146.752,8.81917
3569,144.32199999999997,8.770329999999998
3570,144.066,8.787670000000002
3571,162.79500000000002,8.835249999999998
3572,157.081,8.79933
3573,155.0,8.844079999999998
3574,165.31599999999997,8.763480000000001
3575,153.33700000000002,8.810770000000002
3576,156.502,8.83827
3577,152.118,8.81588
3578,147.994,8.858679999999998
3579,159.533,8.813059999999998
3580,183.779,8.786620000000001
3581,143.417,8.80082
3582,160.016,8.843410000000002
3583,178.71599999999998,8.892959999999999
3584,143.95999999999998,8.8509
3585,154.074,8.813149999999998
3586,159.577,8.85461
3587,149.70800000000003,8.81745
3588,150.86100000000002,8.866869999999999
3589,146.47599999999997,8.827509999999998
3590,172.311,8.81119
3591,158.954,8.84882
3592,167.38299999999998,8.888269999999999
3593,159.349,8.788810000000002
3594,151.61899999999997,8.83892
3595,153.684,8.865179999999999
3596,151.584,8.874089999999999
3597,150.08,8.81955
3598,150.77900000000002,8.86131
3599,154.996,8.83112
3600,163.929,8.87388
3601,148.79299999999998,8.841619999999999
3602,157.341,8.81477
3603,154.555,8.81813
3604,195.15599999999998,8.86539
3605,158.421,8.91004
3606,148.818,8.87681
3607,153.76600000000002,8.922949999999998
3608,147.98700000000002,8.81474
3609,151.426,8.85965
3610,150.01100000000002,8.88469
3611,152.02,8.89643
3612,171.171,8.862519999999998
3613,154.892,8.90531
3614,146.719,8.8653
3615,142.84,8.91708
3616,142.791,8.96589
3617,148.152,9.02122
3618,132.26299999999998,9.00887
3619,123.248,9.0959
3620,133.648,9.16996
3621,158.901,8.87576
3622,151.256,8.93187
3623,146.368,8.98348
3624,142.113,8.990689999999997
3625,148.822,9.079039999999999
3626,156.38000000000002,9.15273
3627,150.259,9.011140000000001
3628,133.379,8.849409999999999
3629,158.445,8.882859999999999
3630,161.725,8.92651
3631,168.862,8.87098
3632,164.933,8.90509
3633,149.144,8.8482
3634,144.523,8.879299999999999
3635,151.763,8.918600000000001
3636,150.889,8.858460000000001
3637,176.881,8.915969999999998
3638,146.344,8.88999
3639,151.84,8.93371
3640,146.26999999999998,8.91739
3641,142.167,8.89772
3642,162.665,8.88333
3643,159.64,8.933539999999999
3644,146.428,8.918330000000001
3645,145.613,8.885740000000002
3646,156.69300000000004,8.927980000000002
3647,139.392,8.89878
3648,154.85999999999999,8.950949999999999
3649,146.05599999999998,8.92699
3650,143.877,8.878530000000001
3651,143.20299999999997,8.88506
3652,170.68099999999998,8.9282
3653,143.47400000000002,8.947410000000001
3654,142.38899999999998,8.9036
3655,146.997,8.93848
3656,141.145,8.87877
3657,156.272,8.9143
3658,161.04000000000002,8.945509999999999
3659,144.974,8.89612
3660,153.90400000000002,8.896510000000001
3661,148.499,8.9466
3662,147.671,8.94293
3663,166.966,8.938839999999999
3664,142.11899999999997,8.915690000000001
3665,156.53400000000002,8.954360000000001
3666,144.767,8.90302
3667,150.23499999999999,8.939530000000001
3668,151.41199999999998,8.97004
3669,145.848,8.95844
3670,142.906,8.934779999999998
3671,150.246,8.920719999999998
3672,152.76100000000002,8.963989999999999
3673,147.77499999999998,8.935389999999998
3674,145.64,8.934489999999998
3675,151.373,8.920449999999999
3676,141.006,8.91026
3677,149.484,8.946429999999998
3678,153.60299999999998,8.986099999999999
3679,136.31,8.913989999999997
3680,167.34099999999998,8.96172
3681,139.649,8.94871
3682,143.555,8.942629999999998
3683,152.394,8.94583
3684,146.16500000000002,8.934560000000001
3685,147.538,8.927940000000001
3686,142.83700000000002,8.97378
3687,143.317,8.9547
3688,148.23099999999997,8.998250000000002
3689,134.381,8.90404
3690,166.92399999999998,8.963149999999999
3691,144.811,8.96224
3692,145.102,8.996410000000001
3693,139.157,8.918220000000002
3694,170.56300000000002,8.960650000000001
3695,162.422,8.982220000000002
3696,154.708,9.03941
3697,148.196,8.983030000000001
3698,147.965,9.006730000000001
3699,149.252,9.008260000000002
3700,150.82199999999997,9.023040000000002
3701,149.609,8.97388
3702,154.398,9.00187
3703,147.349,9.00697
3704,143.498,8.989840000000001
3705,136.02700000000002,8.9715
3706,137.82599999999996,8.993960000000001
3707,133.19199999999998,8.966820000000002
3708,142.251,9.00041
3709,146.573,9.003350000000001
3710,149.173,9.049040000000002
3711,146.246,8.951080000000001
3712,136.426,8.99052
3713,158.348,9.00694
3714,145.811,9.028969999999997
3715,146.475,9.073579999999998
3716,148.102,9.02896
3717,148.11400000000003,9.07053
3718,170.78900000000002,9.01322
3719,145.76399999999998,9.0626
3720,140.206,9.004929999999998
3721,149.842,9.04802
3722,155.565,9.05431
3723,175.581,9.04408
3724,149.96800000000002,9.09414
3725,151.302,9.06052
3726,143.926,9.109530000000001
3727,137.657,9.026869999999999
3728,140.74,9.03487
3729,148.769,9.04842
3730,152.324,9.119829999999999
3731,155.564,9.08817
3732,186.102,9.20915
3733,167.291,9.285410000000002
3734,136.198,9.29824
3735,146.33599999999998,9.374300000000002
3736,149.23100000000002,9.436340000000001
3737,145.64600000000002,9.515470000000002
3738,152.265,9.59854
3739,153.702,9.693240000000001
3740,148.115,9.7733
3741,144.169,9.84628
3742,142.788,9.92141
3743,142.13799999999998,9.99269
3744,146.482,10.07927
3745,143.81900000000002,10.12137
3746,128.428,10.15733
3747,136.526,10.21173
3748,156.814,9.699580000000001
3749,153.559,9.73658
3750,135.00900000000001,9.729690000000002
3751,130.685,9.220839999999999
3752,164.48200000000003,9.287749999999999
3753,154.52,9.30172
3754,147.362,9.337770000000003
3755,150.353,9.363949999999999
3756,147.90500000000003,9.334100000000001
3757,153.208,9.378310000000003
3758,140.498,9.344370000000001
3759,163.92300000000003,9.34361
3760,184.797,9.45592
3761,174.325,9.54655
3762,151.663,9.51211
3763,142.31099999999998,9.493590000000001
3764,147.76100000000002,9.52717
3765,143.91400000000002,9.50486
3766,142.519,9.47979
3767,151.68200000000002,9.51795
3768,152.125,9.52228
3769,145.041,9.485500000000002
3770,149.898,9.524
3771,146.145,9.56119
3772,134.89000000000001,9.47202
3773,149.26299999999998,9.501439999999999
3774,158.268,9.53827
3775,145.839,9.510199999999998
3776,168.28600000000003,9.60788
3777,154.93099999999998,9.5821
3778,141.454,9.561269999999997
3779,152.456,9.604199999999999
3780,145.23899999999998,9.57263
3781,140.307,9.571140000000002
3782,156.452,9.61491
3783,151.26100000000002,9.59883
3784,154.04899999999998,9.647549999999999
3785,147.995,9.685899999999998
3786,142.35700000000003,9.67438
3787,150.527,9.616130000000002
3788,168.835,9.692730000000001
3789,160.093,9.74148
3790,147.71699999999998,9.806429999999999
3791,140.05799999999996,9.75234
3792,142.50100000000003,9.6528
3793,157.784,9.69846
3794,164.81,9.735869999999998
3795,150.615,9.791739999999999
3796,140.096,9.7265
3797,151.424,9.798649999999999
3798,178.27100000000002,9.764529999999999
3799,155.817,9.82854
3800,150.825,9.886370000000001
3801,136.92800000000003,9.80754
3802,146.184,9.87521
3803,144.06,9.779880000000002
3804,148.79899999999998,9.82032
3805,141.46599999999998,9.83027
3806,156.123,9.83432
3807,138.055,9.7381
3808,147.936,9.758189999999999
3809,139.49,9.745270000000001
3810,146.151,9.739429999999999
3811,147.67,9.743859999999998
3812,149.162,9.740370000000002
3813,140.77599999999998,9.73904
3814,142.33800000000002,9.73857
3815,142.52100000000002,9.735529999999999
3816,148.869,9.72524
3817,140.382,9.73213
3818,142.283,9.76005
3819,145.60899999999998,9.756029999999999
3820,140.37300000000002,9.750810000000001
3821,143.86899999999997,9.74676
3822,155.51500000000001,9.787869999999998
3823,149.29299999999998,9.80628
3824,147.145,9.85851
3825,139.03900000000002,9.7611
3826,146.213,9.814060000000001
3827,148.88,9.86979
3828,150.138,9.9336
3829,138.897,9.843790000000002
3830,143.283,9.92481
3831,132.841,10.02309
3832,150.617,9.863930000000002
3833,159.324,9.933679999999999
3834,140.359,9.9609
3835,129.881,10.0669
3836,135.253,9.81298
3837,147.72444444444443,9.611833333333333
3838,145.429,9.83192
3839,152.85333333333335,9.690811111111111
3840,138.45499999999998,9.893630000000002
3841,152.54875,9.512425
3842,145.446,9.9579
3843,157.9675,9.646850000000002
3844,145.067,10.08585
3845,151.57000000000002,9.988088888888889
3846,146.14600000000002,10.181750000000001
3847,146.79222222222222,10.093388888888889
3848,141.71999999999997,10.27571
3849,138.954,10.321349999999999
3850,140.051,10.364880000000001
3851,141.37,10.40124
3852,133.49099999999999,10.434149999999999
3853,128.975,10.464139999999999
3854,148.51899999999998,10.50612
3855,143.65333333333334,10.448688888888888
3856,121.213,10.58434
3857,124.55000000000001,10.531177777777778
3858,138.844,10.65374
3859,143.3222222222222,10.608733333333335
3860,140.98,10.778839999999999
3861,120.11222222222221,10.701077777777776
3862,116.827,10.81645
3863,126.09888888888888,10.77758888888889
3864,122.316,10.89187
3865,131.055,10.8137375
3866,114.415,10.922969999999998
3867,110.20125000000002,10.814224999999999
3868,119.954,10.38074
3869,129.14875,10.176287499999999
3870,133.35,10.427519999999998
3871,134.755,10.189262499999998
3872,132.186,10.49507
3873,138.18555555555554,10.10338888888889
3874,132.02399999999997,9.89118
3875,150.6522222222222,9.742455555555555
3876,154.247,9.981010000000001
3877,153.87555555555556,9.843922222222222
3878,145.19099999999997,10.10453
3879,148.734,10.04586
3880,153.366,9.97158
3881,152.256,10.01387
3882,148.026,10.06512
3883,141.339,10.01748
3884,144.96800000000002,9.94651
3885,148.96200000000002,9.94513
3886,146.94,9.996870000000001
3887,155.21444444444447,9.862377777777779
3888,134.03699999999998,9.93294
3889,152.29222222222222,9.7848
3890,143.21599999999998,9.96284
3891,155.7766666666667,9.812633333333334
3892,147.1,9.947619999999999
3893,144.22,9.749711111111111
3894,147.422,9.98641
3895,153.551,10.030420000000001
3896,157.441,10.106969999999999
3897,136.324,10.042629999999999
3898,137.379,9.979299999999999
3899,152.399,10.02278
3900,159.09199999999998,10.082809999999998
3901,139.31099999999998,10.02479
3902,143.983,10.07329
3903,140.274,10.009800000000002
3904,135.218,9.99381
3905,148.789,10.038160000000001
3906,152.29299999999998,10.082049999999999
3907,152.04299999999998,10.12923
3908,146.364,10.09302
3909,141.302,10.03217
3910,148.893,10.01961
3911,141.95600000000002,10.06186
3912,147.01,10.096900000000002
3913,148.018,10.13419
3914,146.844,10.155790000000001
3915,135.51,10.030180000000001
3916,150.28000000000003,10.088090000000001
3917,150.904,10.137889999999999
3918,137.339,10.074810000000001
3919,154.071,10.138829999999999
3920,130.43,10.04235
3921,144.31300000000002,10.073440000000002
3922,139.061,10.07773
3923,157.291,10.117289999999999
3924,142.79299999999998,10.155529999999999
3925,135.15099999999998,10.081439999999999
3926,137.45700000000002,10.063369999999999
3927,142.89799999999997,10.087909999999997
3928,140.477,10.051129999999999
3929,142.08,10.08454
3930,139.39300000000003,10.05946
3931,143.62500000000003,10.060210000000001
3932,146.25,10.08415
3933,141.756,10.068859999999999
3934,151.61999999999998,10.10116
3935,138.217,10.07813
3936,146.342,10.074459999999998
3937,151.567,10.09013
3938,139.231,10.058510000000002
3939,160.39,9.958388888888887
3940,139.378,10.070630000000001
3941,164.09888888888887,9.986966666666667
3942,146.679,10.11057
3943,152.17888888888885,9.992744444444446
3944,148.311,10.150189999999998
3945,151.4322222222222,10.006666666666668
3946,140.761,10.154939999999998
3947,148.88799999999998,10.187999999999999
3948,136.048,10.137449999999998
3949,148.855,10.178729999999998
3950,144.61700000000002,10.145019999999999
3951,145.24,10.182409999999999
3952,149.165,10.17418
3953,148.872,10.184009999999999
3954,138.31699999999998,10.17302
3955,138.60399999999998,10.166899999999998
3956,147.18099999999998,10.20182
3957,144.02100000000002,10.181009999999999
3958,135.932,10.178699999999997
3959,146.53500000000003,10.164889999999998
3960,138.91400000000002,10.17396
3961,146.51500000000001,10.20272
3962,142.035,10.148869999999999
3963,151.279,10.196579999999999
3964,149.856,10.203719999999999
3965,141.11599999999999,10.199819999999999
3966,150.773,10.235379999999997
3967,142.334,10.221479999999998
3968,138.511,10.19953
3969,149.23600000000002,10.23566
3970,146.923,10.17661
3971,141.938,10.2142
3972,148.727,10.23925
3973,122.01777777777778,10.954777777777776
3974,142.149,10.249399999999998
3975,126.1588888888889,10.968655555555555
3976,146.24200000000002,10.26921
3977,138.7088888888889,11.049
3978,145.28400000000002,10.30992
3979,125.24777777777778,11.052444444444443
3980,149.30900000000003,10.33053
3981,136.17700000000002,10.309470000000001
3982,143.129,10.321069999999999
3983,138.339,10.304849999999998
3984,148.29500000000002,10.340039999999998
3985,155.712,10.292379999999998
3986,167.083,10.33115
3987,158.712,10.08958
3988,141.852,9.33031
3989,184.253,9.379229999999998
3990,169.226,9.35616
3991,167.738,8.98865
3992,164.0,8.391610000000002
3993,179.506,8.37343
3994,179.48499999999999,8.375240000000002
3995,186.14222222222222,9.03177777777778
3996,191.51500000000001,8.390139999999999
3997,164.37666666666667,8.961477777777779
3998,186.477,8.431090000000001
3999,177.33666666666664,9.031011111111109
4000,188.031,8.46395
4001,170.5688888888889,9.015788888888888
4002,204.93199999999996,8.521170000000001
4003,178.4855555555556,9.041733333333333
4004,170.67000000000002,8.405219999999998
4005,189.098,8.47902
4006,201.667,8.55125
4007,176.14300000000003,8.440049999999998
4008,195.719,8.45795
4009,189.752,8.47836
4010,193.631,8.488299999999999
4011,176.746,8.4523
4012,200.089,8.53508
4013,191.11999999999998,8.49504
4014,178.24100000000004,8.462399999999999
4015,194.471,8.565299999999999
4016,190.00100000000003,8.57943
4017,171.825,8.438260000000001
4018,204.09,8.493440000000001
4019,201.717,8.55966
4020,187.172,7.84178
4021,195.1,7.524249999999999
4022,229.725,7.56273
4023,194.48499999999999,7.491020000000001
4024,219.35499999999996,7.584450000000001
4025,224.777,6.836919999999999
4026,215.79699999999997,6.625590000000001
4027,228.02100000000002,6.70782
4028,231.41600000000003,6.7070099999999995
4029,226.346,6.832040000000001
4030,233.38000000000002,6.97822
4031,216.04000000000002,6.95129
4032,227.462,7.08117
4033,223.84499999999997,7.16062
4034,232.71899999999997,7.205770000000001
4035,221.11099999999996,7.248099999999999
4036,229.877,7.181340000000001
4037,228.658,6.99136
4038,224.38599999999997,6.64751
4039,229.663,6.68829
4040,225.20299999999997,6.70293
4041,231.108,6.8071399999999995
4042,224.56800000000004,6.87456
4043,222.09099999999998,6.911409999999999
4044,237.189,7.105670000000001
4045,224.48499999999999,7.16147
4046,221.11599999999999,7.2206199999999985
4047,235.58700000000005,7.361410000000001
4048,244.676,7.40128
4049,221.60200000000003,7.027359999999999
4050,239.192,7.07325
4051,219.92400000000004,6.097720000000001
4052,238.20899999999997,5.70634
4053,246.279,5.69037
4054,244.195,5.644540000000001
4055,255.642,5.81638
4056,244.58800000000002,5.835119999999999
4057,247.58499999999998,5.78335
4058,254.089,5.912540000000001
4059,260.685,5.98646
4060,247.192,5.927490000000001
4061,244.709,5.98132
4062,256.402,6.05162
4063,231.41500000000002,6.01816
4064,257.55899999999997,6.20152
4065,252.369,6.2753
4066,254.038,6.406389999999999
4067,233.64700000000002,5.941419999999999
4068,247.74900000000002,6.123710000000001
4069,254.94099999999995,6.20417
4070,258.402,6.23574
4071,263.332,6.23226
4072,260.63,5.88376
4073,251.381,5.061039999999999
4074,263.947,5.1944
4075,273.767,5.38595
4076,268.6170000000001,5.554740000000001
4077,271.785,5.7554099999999995
4078,268.961,5.874210000000001
4079,260.804,5.98728
4080,255.81799999999998,5.721500000000001
4081,287.504,5.870570000000001
4082,256.184,5.35434
4083,261.544,5.11613
4084,281.952,5.26264
4085,273.04499999999996,5.0919
4086,269.49899999999997,4.93497
4087,279.679,5.13247
4088,295.8879999999999,5.28559
4089,274.057,4.80861
4090,280.545,4.472770000000001
4091,292.119,4.65398
4092,307.322,4.80879
4093,284.11199999999997,4.8296800000000015
4094,311.10999999999996,4.94904
4095,271.956,3.8570900000000004
4096,277.73699999999997,3.3091700000000004
4097,307.065,3.52468
4098,276.4899999999999,3.1931199999999995
4099,304.07000000000005,3.2507599999999996
4100,302.589,3.41284
4101,325.70500000000004,3.5232799999999997
4102,314.57900000000006,3.6497599999999997
4103,313.858,3.84854
4104,306.311,3.9900700000000002
4105,318.184,4.13415
4106,308.52799999999996,4.24376
4107,303.854,3.9578500000000005
4108,294.716,3.73592
4109,318.076,3.8735099999999996
4110,320.88599999999997,4.04352
4111,298.83000000000004,4.265280000000001
4112,268.447,3.9654800000000003
4113,297.55,4.25195
4114,308.814,4.44315
4115,315.139,4.56541
4116,322.3259999999999,4.6479
4117,299.178,4.55515
4118,308.19599999999997,4.69656
4119,302.413,4.79087
4120,264.81100000000004,4.50325
4121,241.27000000000004,4.314920000000001
4122,294.553,4.5183100000000005
4123,294.33500000000004,4.7121699999999995
4124,305.553,4.981669999999999
4125,291.186,5.18317
4126,276.73400000000004,4.92853
4127,297.077,4.68681
4128,285.385,4.83292
4129,282.729,4.583259999999999
4130,289.168,4.740740000000001
4131,291.2710000000001,4.90253
4132,301.13,5.050890000000001
4133,271.27599999999995,4.38572
4134,267.8,4.503959999999999
4135,276.19899999999996,4.72789
4136,278.37299999999993,4.80798
4137,281.291,5.04633
4138,286.894,5.08155
4139,264.881,5.04415
4140,298.61800000000005,5.2677000000000005
4141,301.171,5.45653
4142,258.905,5.246309999999999
4143,259.42999999999995,5.09189
4144,275.687,5.31496
4145,283.529,5.5823100000000005
4146,253.32999999999998,5.32049
4147,270.73,5.421889999999999
4148,258.68199999999996,5.048
4149,250.358,4.6638399999999995
4150,279.421,4.732670000000001
4151,257.248,4.46739
4152,280.69999999999993,4.617780000000001
4153,274.39300000000003,4.7151499999999995
4154,288.51099999999997,4.84699
4155,248.754,4.50275
4156,283.11699999999996,4.69951
4157,276.331,4.87323
4158,269.28,4.971170000000001
4159,277.706,5.1959800000000005
4160,275.912,5.413690000000001
4161,264.967,5.4519400000000005
4162,254.66000000000003,4.81707
4163,258.54699999999997,4.81499
4164,275.43300000000005,4.87856
4165,261.713,4.53367
4166,286.766,4.6413400000000005
4167,273.69100000000003,4.73475
4168,255.67200000000003,4.37136
4169,262.716,4.4801899999999995
4170,288.60900000000004,4.61826
4171,269.91299999999995,4.52533
4172,264.35900000000004,4.70159
4173,268.40600000000006,4.7648600000000005
4174,285.26300000000003,4.78504
4175,271.317,4.85564
4176,267.091,4.64285
4177,273.765,4.68037
4178,287.24399999999997,4.90574
4179,286.08099999999996,4.995990000000001
4180,262.50899999999996,5.07759
4181,258.627,4.86881
4182,279.938,5.06537
4183,263.662,4.9741599999999995
4184,268.589,5.22879
4185,260.56600000000003,5.3730400000000005
4186,253.07199999999997,5.34301
4187,258.30800000000005,5.50433
4188,250.42000000000002,5.233980000000001
4189,281.602,5.42854
4190,267.821,5.551570000000001
4191,252.34100000000004,5.42606
4192,283.101,5.60844
4193,255.63300000000004,5.68887
4194,261.87399999999997,5.46245
4195,265.784,5.40907
4196,263.80699999999996,4.97796
4197,273.402,4.6974800000000005
4198,273.754,4.83406
4199,293.04200000000003,4.994109999999999
4200,255.10399999999998,5.149889999999999
4201,228.993,4.89527
4202,247.46099999999996,4.912539999999999
4203,264.401,4.6558
4204,280.1739999999999,4.74559
4205,276.81899999999996,4.28923
4206,294.763,4.50941
4207,305.63199999999995,4.769
4208,269.882,4.87142
4209,287.14,5.17084
4210,302.823,5.466749999999999
4211,311.707,5.66456
4212,296.30699999999996,5.724659999999999
4213,270.231,5.1773299999999995
4214,285.76800000000003,5.14219
4215,296.438,5.077700000000001
4216,265.821,5.09178
4217,279.383,4.82193
4218,268.29499999999996,4.89476
4219,267.00699999999995,4.931639999999999
4220,251.75500000000002,5.00788
4221,259.989,5.135630000000001
4222,246.13199999999998,5.180480000000001
4223,249.84500000000003,5.32339
4224,250.06199999999998,5.45955
4225,253.465,5.6279699999999995
4226,234.49200000000002,5.835789999999999
4227,235.606,6.0026600000000006
4228,226.48999999999995,6.18985
4229,259.1720000000001,6.43368
4230,239.03300000000004,6.619070000000001
4231,245.51600000000002,6.669980000000001
4232,217.789,6.35777
4233,208.64600000000002,6.0061399999999985
4234,228.72799999999998,6.07602
4235,203.164,5.78965
4236,217.34500000000003,5.85675
4237,216.314,5.9111400000000005
4238,217.85499999999996,5.91755
4239,221.36200000000002,6.00141
4240,212.185,6.051430000000001
4241,202.86499999999998,6.05006
4242,215.73199999999997,6.01306
4243,237.30900000000003,6.035829999999999
4244,229.452,6.0971400000000004
4245,228.97400000000002,6.15236
4246,241.927,6.273650000000001
4247,230.17100000000005,6.288889999999999
4248,209.11100000000002,6.43194
4249,204.07999999999998,6.466670000000001
4250,222.50799999999998,6.614750000000001
4251,217.175,6.70235
4252,207.699,6.871630000000001
4253,211.073,7.0154
4254,196.09300000000002,6.730780000000001
4255,180.17100000000002,6.64729
4256,193.584,6.770020000000001
4257,175.416,6.786680000000001
4258,209.44699999999997,6.693309999999999
4259,201.064,6.725660000000002
4260,211.05499999999998,6.833709999999999
4261,199.30499999999998,6.859560000000002
4262,205.37600000000003,6.891769999999999
4263,195.26500000000001,6.94988
4264,198.193,6.895619999999999
4265,189.763,6.95332
4266,203.58999999999997,7.04374
4267,198.486,7.163349999999999
4268,184.53,6.9490300000000005
4269,174.414,6.986610000000001
4270,169.367,7.0328800000000005
4271,181.831,7.08767
4272,184.51000000000005,7.147620000000001
4273,180.935,7.262570000000001
4274,183.091,7.367520000000001
4275,200.58199999999997,7.4720499999999985
4276,199.40399999999997,7.567480000000001
4277,184.24500000000003,7.47107
4278,194.451,7.3683299999999985
4279,201.89700000000002,7.421519999999999
4280,207.27000000000004,7.491109999999999
4281,180.76500000000001,7.567690000000001
4282,180.59300000000002,7.515429999999999
4283,189.47400000000002,7.5336799999999995
4284,204.14399999999998,7.5828999999999995
4285,195.40500000000003,7.640009999999999
4286,165.35099999999997,7.692269999999999
4287,139.624,7.548579999999999
4288,158.397,7.639619999999999
4289,158.998,7.73098
4290,163.1,7.822629999999999
4291,158.774,7.91952
4292,136.845,8.01295
4293,162.963,8.08781
4294,179.291,8.14316
4295,171.84,8.222010000000001
4296,181.458,8.3476
4297,150.899,8.37637
4298,144.948,8.430670000000001
4299,169.083,7.815390000000001
4300,187.01100000000002,7.9309899999999995
4301,177.869,7.985640000000001
4302,167.68599999999998,7.973249999999998
4303,158.64600000000002,8.011199999999999
4304,142.568,8.0438
4305,134.219,8.08239
4306,161.586,8.1555
4307,164.525,8.070330000000002
4308,155.34499999999997,8.11507
4309,182.966,8.14467
4310,180.34799999999998,8.1862
4311,198.251,7.555809999999999
4312,191.52,7.6218900000000005
4313,172.825,7.538639999999999
4314,172.927,7.539710000000001
4315,176.757,7.595620000000001
4316,170.43699999999998,7.601450000000002
4317,183.3,7.750260000000002
4318,180.803,7.832430000000002
4319,171.45499999999998,7.82452
4320,165.36100000000002,7.883540000000001
4321,157.679,7.9205999999999985
4322,156.815,7.983960000000001
4323,152.26,8.04151
4324,160.417,8.17429
4325,143.83800000000002,8.092030000000001
4326,154.68,8.138110000000001
4327,152.95,8.136109999999999
4328,155.583,8.19253
4329,137.385,8.235339999999999
4330,152.427,8.27872
4331,145.77799999999996,8.328140000000001
4332,133.703,8.370450000000002
4333,145.633,8.416630000000001
4334,135.93599999999998,8.46198
4335,126.55699999999997,8.504549999999998
4336,130.094,8.550999999999998
4337,133.02,8.580659999999998
4338,133.935,8.61104
4339,138.543,8.67704
4340,143.688,8.701049999999999
4341,146.379,8.74103
4342,140.759,8.76757
4343,165.453,8.882520000000001
4344,146.27400000000003,8.91219
4345,118.46899999999998,8.935999999999998
4346,134.35899999999998,8.95377
4347,114.96000000000001,8.974860000000001
4348,116.902,8.98964
4349,120.28900000000002,9.02768
4350,127.21900000000001,9.06799
4351,124.872,9.076800000000002
4352,118.34800000000003,9.076260000000001
4353,129.75000000000003,9.09935
4354,110.825,9.099369999999999
4355,109.38666666666667,9.042766666666665
4356,136.039,9.178570000000002
4357,113.75444444444445,9.1392
4358,103.67099999999998,9.18859
4359,104.16888888888889,9.14191111111111
4360,114.27799999999998,9.188619999999997
4361,123.65333333333332,9.142277777777776
4362,121.98400000000001,9.252759999999999
4363,107.53299999999999,9.2683
4364,126.76399999999998,9.277509999999998
4365,121.005,9.278369999999999
4366,110.749,9.278389999999998
4367,112.02399999999997,9.2784
4368,122.55600000000001,9.29154
4369,110.83899999999998,9.29156
4370,111.32300000000001,9.291590000000001
4371,103.883,9.29158
4372,102.31700000000001,9.29158
4373,110.13999999999999,9.29159
4374,117.23800000000001,9.29178
4375,103.06300000000002,9.29179
4376,102.018,9.29179
4377,111.97200000000001,9.29178
4378,109.931,9.327020000000001
4379,105.319,9.329099999999999
4380,112.247,9.3323
4381,127.208,8.778989999999999
4382,132.599,8.805919999999999
4383,118.99100000000001,8.797969999999998
4384,120.27000000000001,8.788229999999999
4385,147.22899999999998,8.840709999999998
4386,133.255,8.8749
4387,164.822,8.907230000000002
4388,159.51000000000002,8.941010000000002
4389,147.348,8.917629999999999
4390,155.281,8.59952
4391,152.537,8.365240000000002
4392,168.219,8.35986
4393,173.267,8.33967
4394,173.61100000000002,7.97303
4395,167.37,7.640180000000001
4396,180.24099999999999,7.70708
4397,192.031,7.696249999999999
4398,180.80100000000002,7.174350000000001
4399,193.375,7.03375
4400,190.683,7.088089999999999
4401,203.57000000000002,7.171270000000002
4402,182.058,6.97548
4403,179.727,6.959090000000001
4404,191.40999999999997,6.9636499999999995
4405,186.904,7.0677
4406,180.446,7.067139999999999
4407,169.158,7.155480000000002
4408,179.323,7.29465
4409,184.41400000000002,7.4293200000000015
4410,206.06300000000002,7.537179999999999
4411,188.36,7.49379
4412,176.81300000000002,7.619690000000001
4413,180.948,7.718289999999999
4414,179.885,7.630959999999999
4415,183.517,7.726850000000001
4416,191.868,7.75247
4417,175.264,7.80691
4418,196.208,7.68883
4419,192.091,7.76717
4420,170.199,7.83846
4421,167.10899999999998,7.902949999999999
4422,161.584,7.93245
4423,160.171,7.771629999999999
4424,159.429,7.8289100000000005
4425,185.751,7.878819999999999
4426,197.091,7.946510000000001
4427,215.69099999999997,8.02361
4428,215.56600000000003,8.094489999999999
4429,193.33100000000002,8.15723
4430,186.893,8.10826
4431,194.369,7.349410000000001
4432,203.555,6.602410000000001
4433,214.138,6.547960000000002
4434,216.17400000000004,6.67033
4435,226.962,6.75621
4436,198.60100000000003,6.741069999999999
4437,197.632,6.764179999999999
4438,218.664,6.882479999999999
4439,211.042,6.971849999999999
4440,201.22599999999997,6.881220000000001
4441,212.34699999999998,6.9109
4442,216.792,7.05591
4443,186.44899999999998,6.989729999999999
4444,180.78000000000003,7.120279999999999
4445,165.286,7.23353
4446,173.51299999999998,7.361809999999998
4447,182.93599999999998,7.31114
4448,206.79199999999997,7.413199999999999
4449,210.49900000000002,7.5055200000000015
4450,202.944,7.59649
4451,191.64600000000002,7.479550000000001
4452,190.67,7.549429999999999
4453,201.704,7.643800000000001
4454,189.834,7.00761
4455,201.24099999999999,6.9213
4456,215.04699999999997,7.012450000000001
4457,199.22600000000003,6.928579999999999
4458,192.921,6.94265
4459,181.705,7.019780000000002
4460,182.02100000000002,7.0999799999999995
4461,190.10000000000002,6.710088888888889
4462,190.48499999999999,7.08705
4463,206.37666666666667,6.806733333333333
4464,198.783,6.99473
4465,210.45111111111112,6.81058888888889
4466,210.956,7.2161100000000005
4467,205.154,7.32253
4468,184.20100000000002,7.24674
4469,177.552,7.36265
4470,170.292,7.454119999999999
4471,210.42,7.46775
4472,222.32000000000002,7.48748
4473,226.154,7.6289299999999995
4474,197.507,7.637569999999999
4475,195.881,7.701589999999999
4476,188.04299999999998,7.83301
4477,179.377,7.6438999999999995
4478,176.494,6.99166
4479,208.04500000000002,7.010479999999999
4480,220.79699999999997,7.083940000000001
4481,216.368,7.09305
4482,193.364,7.026479999999999
4483,191.769,7.10389
4484,208.15099999999998,7.122450000000001
4485,207.86599999999999,6.974969999999999
4486,220.00099999999998,6.50979
4487,200.479,6.46955
4488,219.436,6.53619
4489,214.138,6.66011
4490,197.627,6.71464
4491,178.86999999999998,6.81086
4492,190.88500000000002,6.956189999999999
4493,208.548,7.0301599999999995
4494,223.61999999999998,7.043000000000001
4495,222.548,7.15305
4496,217.901,7.298340000000001
4497,191.38000000000002,7.429609999999999
4498,184.157,7.269290000000001
4499,175.27600000000004,6.93747
4500,194.56900000000002,7.056670000000001
4501,215.637,7.149409999999999
4502,226.365,7.240440000000001
4503,198.30200000000002,7.25192
4504,191.546,7.313930000000002
4505,185.224,7.376209999999999
4506,173.03,7.453179999999999
4507,195.30100000000002,7.57015
4508,198.02599999999998,7.541880000000001
4509,192.788,7.609579999999999
4510,204.871,7.687060000000001
4511,188.291,7.768389999999999
4512,173.89299999999997,7.839550000000001
4513,150.255,7.918550000000001
4514,165.60300000000004,8.05668
4515,185.27800000000002,8.11081
4516,191.451,8.229420000000001
4517,188.846,8.29687
4518,210.606,8.48046
4519,165.292,8.496580000000002
4520,152.37699999999998,8.51812
4521,179.661,8.54804
4522,149.70700000000002,8.56607
4523,136.396,8.58638
4524,142.263,8.60286
4525,151.53400000000002,8.670350000000001
4526,132.37699999999998,8.70856
4527,120.902,8.7242
4528,117.26399999999998,8.728570000000001
4529,139.476,8.749289999999998
4530,137.972,8.832649999999997
4531,153.14444444444445,8.889322222222223
4532,154.922,8.87347
4533,142.94444444444446,8.925166666666666
4534,135.373,8.89539
4535,125.33999999999999,8.940522222222222
4536,122.36300000000001,8.91003
4537,129.69125,8.8899375
4538,117.72700000000002,8.92469
4539,147.50444444444443,8.925099999999999
4540,150.97499999999997,9.166790000000002
4541,124.44333333333333,9.147722222222223
4542,122.13899999999998,9.188290000000002
4543,114.24444444444445,9.152222222222223
4544,110.06700000000001,9.187640000000002
4545,114.02000000000001,9.187630000000002
4546,108.798,9.187700000000001
4547,118.157,9.197799999999999
4548,129.654,9.197949999999999
4549,127.31800000000001,9.19797
4550,110.204,9.19797
4551,122.71900000000001,9.19801
4552,112.252,9.198019999999998
4553,119.24333333333334,9.278644444444446
4554,121.05,9.206719999999999
4555,120.58250000000001,9.2872375
4556,110.624,9.21436
4557,111.42375,9.287225
4558,138.62600000000003,9.226140000000001
4559,122.23571428571427,9.267157142857144
4560,114.68299999999999,9.22635
4561,137.26000000000002,9.277533333333333
4562,127.64199999999998,9.31502
4563,127.40625000000001,9.186900000000001
4564,114.128,9.34901
4565,113.02624999999999,9.1871125
4566,141.784,9.367740000000001
4567,125.15333333333335,9.340933333333332
4568,113.81400000000001,9.453550000000002
4569,114.38777777777779,9.346333333333334
4570,124.64500000000001,9.455270000000002
4571,107.25500000000002,9.455280000000002
4572,117.85300000000002,9.455270000000002
4573,134.902,9.470749999999999
4574,111.228,9.478750000000002
4575,112.15799999999999,9.478760000000001
4576,108.7,9.478750000000002
4577,108.881,9.478760000000001
4578,118.38700000000001,9.47877
4579,122.429,9.479040000000001
4580,108.57000000000001,9.47939
4581,112.88499999999999,9.47972
4582,130.691,9.47905
4583,131.974,9.521460000000001
4584,135.33499999999998,9.578199999999999
4585,106.14299999999999,9.5852
4586,120.676,9.59414
4587,120.66900000000001,9.29758
4588,125.71899999999998,8.91705
4589,129.525,8.94732
4590,124.828,8.9834
4591,113.64222222222224,8.966366666666666
4592,138.841,9.13097
4593,114.51999999999998,9.139277777777776
4594,122.718,9.204809999999998
4595,133.67,9.190244444444444
4596,128.53000000000003,9.238890000000001
4597,135.37444444444444,8.783388888888888
4598,156.346,8.60045
4599,155.72000000000003,8.25123
4600,150.23999999999998,8.007279999999998
4601,183.152,8.123619999999999
4602,170.105,8.20844
4603,172.30400000000003,8.25893
4604,166.882,8.22975
4605,183.81,8.31334
4606,176.567,8.386300000000002
4607,169.345,8.4364
4608,153.944,8.401689999999999
4609,181.38899999999998,8.473080000000001
4610,189.202,8.61059
4611,160.449,8.64407
4612,171.17899999999997,8.595590000000001
4613,143.092,7.89731
4614,167.62,7.954040000000001
4615,178.02299999999997,8.01736
4616,171.131,8.08027
4617,160.10700000000003,7.95278
4618,172.629,8.0701
4619,167.68599999999998,8.12739
4620,168.555,8.17843
4621,138.403,8.053090000000001
4622,145.229,8.088890000000001
4623,164.368,8.131029999999999
4624,167.414,8.1814
4625,146.996,8.05438
4626,166.81300000000002,8.094999999999999
4627,157.642,8.13648
4628,157.287,8.178059999999999
4629,150.06,8.13631
4630,167.033,8.1183
4631,154.928,8.15205
4632,156.729,8.18923
4633,193.908,8.31845
4634,142.253,8.227450000000001
4635,144.41699999999997,8.261460000000001
4636,159.721,8.3007
4637,167.848,8.34367
4638,143.33300000000003,8.298589999999999
4639,131.91500000000002,8.240459999999999
4640,163.512,8.274869999999998
4641,180.582,8.04238
4642,183.644,7.748779999999999
4643,156.332,7.627809999999999
4644,178.303,7.6862200000000005
4645,189.50400000000002,7.74961
4646,173.025,7.7287300000000005
4647,167.08400000000003,7.684959999999999
4648,174.45,7.66419
4649,197.154,7.71925
4650,203.695,7.18535
4651,193.01222222222225,6.714411111111111
4652,206.92800000000003,6.98938
4653,212.64222222222224,6.814977777777778
4654,208.60399999999998,7.15728
4655,187.12333333333333,6.731755555555555
4656,193.731,7.075970000000001
4657,212.67111111111114,6.813122222222222
4658,215.58900000000003,7.160550000000001
4659,188.44099999999997,7.071810000000001
4660,187.08700000000002,7.036700000000001
4661,204.306,7.05618
4662,203.23899999999998,7.14667
4663,187.017,7.0748500000000005
4664,193.161,6.9882599999999995
4665,218.836,7.09974
4666,200.81099999999998,7.18492
4667,205.686,7.0947000000000005
4668,184.558,7.050970000000001
4669,193.94899999999998,7.085240000000001
4670,202.67900000000003,7.16747
4671,194.545,7.073490000000001
4672,213.022,7.0725
4673,202.42399999999998,6.41468
4674,212.93800000000002,6.40178
4675,219.102,6.42601
4676,213.935,6.446070000000001
4677,200.66199999999998,6.374410000000001
4678,216.23199999999997,6.37462
4679,221.44899999999998,6.385820000000001
4680,207.161,6.35217
4681,235.88099999999994,6.46281
4682,223.70500000000007,6.423109999999999
4683,214.119,6.42128
4684,235.083,6.36379
4685,228.18099999999998,6.48124
4686,222.25200000000004,6.561780000000001
4687,206.73499999999999,6.4436599999999995
4688,214.496,6.46833
4689,216.16800000000003,6.4614
4690,222.83900000000003,6.50162
4691,240.676,6.5089500000000005
4692,235.805,5.782559999999999
4693,282.48400000000004,5.81123
4694,234.07100000000005,4.38396
4695,283.245,4.53961
4696,286.226,4.58435
4697,291.46200000000005,4.5659
4698,261.50300000000004,3.6955599999999995
4699,300.33799999999997,3.7103
4700,311.506,3.8783499999999997
4701,295.24199999999996,3.72414
4702,290.10299999999995,3.78988
4703,288.174,3.708109999999999
4704,298.173,3.84238
4705,301.3450000000001,3.8290300000000004
4706,303.66700000000003,3.97622
4707,292.975,3.9356400000000007
4708,296.104,3.8420100000000006
4709,308.543,3.9214200000000003
4710,298.076,4.03635
4711,292.689,4.00807
4712,294.21500000000003,4.01859
4713,282.755,4.05692
4714,285.45300000000003,3.8049799999999996
4715,294.581,3.80956
4716,308.61100000000005,3.8594700000000004
4717,314.067,4.06383
4718,289.06100000000004,4.0324
4719,294.448,4.0390500000000005
4720,280.84599999999995,3.8819300000000005
4721,299.733,3.82007
4722,297.098,3.8617999999999997
4723,323.53499999999997,3.905500000000001
4724,292.529,3.3116099999999995
4725,328.36400000000003,3.40144
4726,299.704,3.1820800000000005
4727,308.53999999999996,3.0686400000000003
4728,319.588,3.1401499999999998
4729,315.13300000000004,3.08634
4730,310.486,3.1623300000000008
4731,317.81100000000004,3.17794
4732,305.001,3.17085
4733,306.358,3.09726
4734,331.80799999999994,3.14739
4735,320.94,3.17334
4736,317.363,3.2171499999999993
4737,298.56800000000004,3.1635299999999997
4738,305.33900000000006,3.07862
4739,312.08599999999996,3.07224
4740,333.111,3.0927100000000003
4741,323.119,3.20953
4742,287.991,3.0715399999999997
4743,324.005,3.2232100000000004
4744,317.695,3.2395999999999994
4745,338.672,3.33777
4746,319.24800000000005,3.1875100000000005
4747,317.92,3.29636
4748,307.527,3.24469
4749,308.76200000000006,3.2572099999999997
4750,321.281,3.34546
4751,309.649,3.23283
4752,328.66399999999993,3.35792
4753,305.813,3.1044899999999997
4754,313.099,3.1636
4755,311.26099999999997,3.2863599999999997
4756,308.598,3.34362
4757,307.678,3.3621199999999996
4758,302.18,3.1678999999999995
4759,329.994,3.2693400000000006
4760,310.127,3.2989799999999994
4761,303.99999999999994,3.0732499999999994
4762,330.75199999999995,3.18917
4763,331.627,3.2912800000000004
4764,311.26300000000003,3.3071800000000002
4765,294.648,3.31688
4766,313.082,3.24583
4767,304.012,3.1097900000000003
4768,321.58,3.2411600000000007
4769,315.8829999999999,3.2750999999999997
4770,303.259,3.3721700000000006
4771,318.62500000000006,3.3188000000000004
4772,312.4719999999999,3.2724599999999997
4773,312.90500000000003,3.1506
4774,315.063,3.1155699999999995
4775,305.511,3.10539
4776,315.636,3.1660099999999995
4777,338.322,3.37219
4778,293.4050000000001,3.10889
4779,313.24100000000004,3.07029
4780,316.69899999999996,3.09664
4781,313.267,3.10128
4782,333.57,3.1719999999999997
4783,305.204,3.1846699999999997
4784,295.849,3.09089
4785,318.6749999999999,3.0619199999999998
4786,339.53700000000003,3.2252899999999998
4787,312.25600000000003,3.19062
4788,308.178,3.1731500000000006
4789,314.29699999999997,3.25028
4790,313.431,3.1861399999999995
4791,291.839,3.1153199999999996
4792,328.194,3.1693399999999996
4793,322.06000000000006,3.2207
4794,307.88100000000003,3.07429
4795,302.72,3.02688
4796,327.916,3.1548000000000003
4797,313.165,3.09809
4798,321.265,3.1899299999999995
4799,296.17099999999994,3.07434
4800,308.58500000000004,3.16078
4801,322.5439999999999,3.2696600000000005
4802,286.39099999999996,3.16094
4803,322.524,3.2990500000000003
4804,317.00699999999995,3.40884
4805,312.986,3.6369700000000003
4806,289.86599999999993,3.6265
4807,264.364,3.6960300000000004
4808,297.45,3.8216500000000004
4809,287.68800000000005,3.89634
4810,307.36,3.8836800000000005
4811,298.531,3.73836
4812,296.20300000000003,3.84225
4813,302.756,3.9250099999999994
4814,277.28900000000004,3.7808900000000003
4815,314.221,3.9527300000000003
4816,321.95300000000003,4.08026
4817,296.26300000000003,4.1938200000000005
4818,290.35999999999996,4.168660000000001
4819,290.40600000000006,4.27277
4820,302.80400000000003,4.35356
4821,280.27599999999995,4.0753699999999995
4822,302.02700000000004,4.132890000000001
4823,319.1650000000001,4.2535799999999995
4824,298.122,4.26191
4825,286.699,4.17731
4826,299.87600000000003,4.21156
4827,299.512,4.14224
4828,304.758,4.25641
4829,306.685,4.343680000000001
4830,264.835,4.18381
4831,281.643,4.192780000000001
4832,280.639,4.19486
4833,281.533,4.22909
4834,275.75,4.174899999999999
4835,275.153,4.217779999999999
4836,273.694,4.23144
4837,282.621,4.19941
4838,286.72799999999995,4.28214
4839,274.694,4.242089999999999
4840,271.057,4.2981
4841,283.838,4.2725
4842,275.591,4.3588700000000005
4843,276.50100000000003,4.384129999999999
4844,256.03000000000003,4.21134
4845,280.8949999999999,4.329649999999999
4846,293.412,4.36251
4847,305.54699999999997,4.60762
4848,233.129,4.41146
4849,266.53499999999997,4.51798
4850,288.25299999999993,4.60333
4851,275.48100000000005,4.799670000000001
4852,261.673,4.738580000000001
4853,238.51400000000004,4.2912300000000005
4854,277.54499999999996,4.3624
4855,284.73400000000004,4.45143
4856,277.512,4.471159999999999
4857,273.567,4.56949
4858,283.92999999999995,4.64512
4859,252.17199999999997,4.6599
4860,250.91500000000002,4.32147
4861,293.44500000000005,4.45979
4862,289.15500000000003,4.47913
4863,268.053,4.3406199999999995
4864,272.82599999999996,4.376250000000001
4865,310.879,4.45707
4866,290.87500000000006,4.544880000000001
4867,263.817,4.414910000000001
4868,268.407,4.37087
4869,295.83000000000004,4.4658500000000005
4870,282.523,4.50462
4871,265.515,4.41334
4872,289.466,4.36441
4873,285.508,4.45991
4874,265.546,4.39184
4875,290.598,4.48022
4876,286.804,4.45268
4877,273.81600000000003,4.4481
4878,270.3090000000001,4.4517299999999995
4879,240.26999999999998,4.37618
4880,286.07,4.56686
4881,280.343,4.5541599999999995
4882,264.08900000000006,4.57712
4883,275.081,4.6802
4884,281.39,4.74234
4885,255.10299999999998,4.642799999999999
4886,270.61,4.4459
4887,275.463,4.45193
4888,279.13300000000004,4.43195
4889,274.974,4.39817
4890,287.37000000000006,4.4294400000000005
4891,274.736,4.4516100000000005
4892,286.57499999999993,4.475099999999999
4893,265.274,4.4143300000000005
4894,288.602,4.54856
4895,278.32,4.27219
4896,279.09000000000003,3.77128
4897,311.69500000000005,3.8144599999999995
4898,286.506,3.94007
4899,296.87399999999997,4.044500000000001
4900,301.749,4.24219
4901,264.953,4.12109
4902,298.625,4.300929999999999
4903,297.94899999999996,3.76235
4904,295.28900000000004,3.43688
4905,284.535,3.474
4906,298.258,3.6271
4907,286.01599999999996,3.7121699999999995
4908,268.2819999999999,3.8163399999999994
4909,303.27099999999996,3.9697100000000005
4910,308.511,4.05317
4911,305.25,3.8103700000000003
4912,327.784,3.9833800000000004
4913,287.88700000000006,3.7891799999999995
4914,307.83699999999993,3.90768
4915,321.553,4.0121
4916,297.436,4.03585
4917,287.453,3.904
4918,316.76,4.054620000000001
4919,309.889,4.05225
4920,281.38500000000005,4.0572
4921,286.28600000000006,4.0085500000000005
4922,315.187,4.111420000000001
4923,287.98799999999994,4.02093
4924,285.986,4.12115
4925,297.632,4.1261600000000005
4926,299.726,4.29316
4927,284.889,4.24584
4928,281.507,4.22494
4929,287.929,4.33056
4930,268.115,4.28398
4931,260.313,4.23018
4932,267.669,4.16506
4933,288.28200000000004,4.2904800000000005
4934,281.529,4.30992
4935,271.00700000000006,4.2849200000000005
4936,279.577,4.3498600000000005
4937,285.51599999999996,4.487159999999999
4938,276.1170000000001,4.55145
4939,273.82099999999997,4.65266
4940,249.49899999999997,4.6916400000000005
4941,265.57699999999994,4.80308
4942,266.53099999999995,4.9722100000000005
4943,250.94300000000004,4.653510000000001
4944,272.52699999999993,4.67941
4945,277.88500000000005,4.710520000000001
4946,263.798,4.80799
4947,275.066,4.87474
4948,260.536,4.9085
4949,277.304,5.06372
4950,278.48400000000004,5.119509999999999
4951,251.967,5.0816799999999995
4952,289.64700000000005,5.22692
4953,257.886,4.709339999999999
4954,275.39300000000003,4.74789
4955,274.068,4.82811
4956,247.888,4.72743
4957,266.232,4.834999999999999
4958,269.634,4.91676
4959,283.548,5.0271799999999995
4960,251.39899999999997,4.8347299999999995
4961,269.985,4.92233
4962,265.24899999999997,4.4559999999999995
4963,284.361,4.51217
4964,261.71000000000004,4.38253
4965,283.39199999999994,4.4425
4966,268.009,4.33117
4967,276.102,4.427380000000001
4968,292.116,4.52289
4969,266.287,4.4360800000000005
4970,276.924,4.47923
4971,273.632,4.476249999999999
4972,255.53400000000002,4.42656
4973,276.52500000000003,4.37103
4974,261.3829999999999,4.36243
4975,275.129,4.3989899999999995
4976,267.42499999999995,4.40378
4977,287.897,4.42612
4978,288.116,4.5264299999999995
4979,271.86199999999997,4.57831
4980,252.19300000000004,4.41145
4981,264.668,4.54983
4982,275.913,4.58896
4983,267.28499999999997,4.63854
4984,275.48100000000005,4.66451
4985,274.797,4.716309999999999
4986,287.17199999999997,4.80796
4987,267.203,4.84099
4988,265.755,4.8413699999999995
4989,280.30999999999995,4.92838
4990,278.37199999999996,5.098409999999999
4991,268.00899999999996,5.08758
4992,270.815,5.21423
4993,271.7,5.233750000000001
4994,281.86299999999994,5.336919999999999
4995,257.40400000000005,4.56659
4996,277.987,4.07844
4997,287.87699999999995,4.108639999999999
4998,287.057,4.2085
4999,278.9,4.317559999999999
5000,273.73,4.41665
5001,304.72700000000003,4.5078000000000005
5002,287.851,4.578609999999999
5003,294.85800000000006,4.66922
5004,256.508,4.196340000000001
5005,276.173,4.084530000000001
5006,311.37299999999993,3.8957299999999995
5007,294.148,3.4892200000000004
5008,305.92099999999994,3.50079
5009,317.758,3.6549799999999997
5010,318.81399999999996,3.6600099999999998
5011,332.646,3.90628
5012,304.72299999999996,3.884539999999999
5013,303.938,3.9468699999999997
5014,303.553,3.9716
5015,287.285,4.0812100000000004
5016,291.019,4.05642
5017,294.15099999999995,4.107559999999999
5018,283.59599999999995,4.125319999999999
5019,288.402,4.285909999999999
5020,276.26,4.4232700000000005
5021,292.71400000000006,4.4311
5022,256.145,4.356820000000001
5023,272.61699999999996,4.45152
5024,293.364,4.514200000000001
5025,284.53,4.65424
5026,266.07599999999996,4.553979999999999
5027,262.041,4.1983999999999995
5028,284.75,3.6457
5029,302.51099999999997,3.7332099999999997
5030,293.714,3.7439899999999993
5031,287.82399999999996,3.7904399999999994
5032,292.70300000000003,3.856099999999999
5033,309.22400000000005,4.0289
5034,303.563,4.02823
5035,313.49699999999996,4.20058
5036,309.894,4.20916
5037,283.11,4.279210000000001
5038,285.73699999999997,4.3959
5039,290.381,3.9121100000000006
5040,309.58900000000006,3.9682299999999997
5041,317.316,4.10253
5042,307.604,4.25596
5043,281.297,3.775430000000001
5044,288.683,3.90174
5045,287.03100000000006,3.553
5046,297.658,3.6046899999999993
5047,317.45500000000004,3.7838499999999997
5048,307.722,3.9524500000000002
5049,322.96799999999996,4.047359999999999
5050,305.173,3.9375100000000005
5051,300.421,3.9446800000000004
5052,286.32899999999995,3.67875
5053,284.57899999999995,3.2494499999999995
5054,320.99799999999993,3.41491
5055,316.55100000000004,3.58946
5056,284.514,3.5084999999999993
5057,309.34000000000003,3.3846999999999996
5058,322.12299999999993,3.26948
5059,319.4910000000001,3.4012699999999993
5060,292.428,3.3162200000000004
5061,325.128,3.5278099999999997
5062,319.799,3.67016
5063,282.43199999999996,3.5993899999999996
5064,315.784,3.66873
5065,312.93399999999997,3.6314599999999997
5066,308.23400000000004,3.56957
5067,317.467,3.688560000000001
5068,306.70700000000005,3.81027
5069,289.39500000000004,3.7525799999999996
5070,306.60900000000004,3.9057299999999997
5071,297.37199999999996,3.7467000000000006
5072,324.015,3.9406499999999993
5073,314.435,4.03568
5074,267.271,3.90133
5075,299.077,4.09133
5076,300.77200000000005,4.182
5077,304.70300000000003,4.283289999999999
5078,303.1,4.30239
5079,308.462,4.401490000000001
5080,286.754,4.3719
5081,297.011,4.54899
5082,305.318,4.690219999999999
5083,281.27799999999996,4.619020000000001
5084,293.72999999999996,4.83852
5085,270.786,4.60851
5086,263.5,4.39578
5087,282.971,4.30711
5088,299.047,4.22332
5089,275.56000000000006,4.09799
5090,306.40200000000004,4.28829
5091,312.8344444444444,4.069922222222222
5092,261.946,4.5117400000000005
5093,255.4355555555555,4.270711111111111
5094,269.632,4.37288
5095,299.8166666666666,4.0103
5096,290.382,4.406490000000001
5097,284.14000000000004,3.9961333333333338
5098,299.53599999999994,4.01173
5099,293.532,3.9674199999999997
5100,297.26200000000006,4.1420900000000005
5101,288.54,4.07611
5102,291.99300000000005,4.08761
5103,304.70500000000004,4.26577
5104,302.822,4.41471
5105,286.951,4.03833
5106,299.17699999999996,3.8235600000000005
5107,325.464,3.8549699999999993
5108,292.39700000000005,3.6731499999999997
5109,319.58299999999997,3.8720699999999995
5110,324.40500000000003,4.03923
5111,295.784,3.92669
5112,306.924,4.1212
5113,290.41600000000005,4.065939999999999
5114,255.92999999999998,3.9117999999999995
5115,299.152,3.948190000000001
5116,290.09399999999994,3.8606000000000003
5117,288.93300000000005,3.8752999999999993
5118,301.33299999999997,3.88234
5119,294.994,3.86039
5120,295.55499999999995,3.94713
5121,303.19800000000004,4.01236
5122,274.104,3.9839899999999995
5123,265.067,3.9152999999999993
5124,309.23300000000006,4.0598399999999994
5125,299.356,4.15193
5126,291.97999999999996,4.29912
5127,302.734,4.4616999999999996
5128,274.73999999999995,4.25379
5129,289.433,4.22594
5130,315.78499999999997,4.3535699999999995
5131,294.14799999999997,4.394089999999999
5132,292.356,4.5645500000000006
5133,280.17600000000004,4.61515
5134,267.277,4.42338
5135,277.221,4.08209
5136,297.55400000000003,4.28661
5137,297.36199999999997,4.156910000000001
5138,296.55499999999995,4.184240000000001
5139,273.91400000000004,3.9276400000000002
5140,313.804,4.09452
5141,295.13,4.12371
5142,301.303,4.27378
5143,294.499,4.2704699999999995
5144,305.48799999999994,4.1655999999999995
5145,284.31399999999996,3.7765500000000003
5146,290.88700000000006,4.02036
5147,298.77599999999995,3.9391399999999996
5148,307.949,3.98677
5149,322.894,4.16192
5150,310.531,4.20636
5151,306.27799999999996,4.37514
5152,312.331,4.436310000000001
5153,298.79099999999994,4.3781300000000005
5154,311.219,4.520269999999999
5155,312.361,4.69572
5156,290.60900000000004,4.788670000000001
5157,274.06500000000005,4.832300000000001
5158,292.887,4.526910000000001
5159,289.02799999999996,4.0005999999999995
5160,315.043,4.15714
5161,281.84899999999993,4.197509999999999
5162,290.99699999999996,4.2072
5163,286.108,4.154739999999999
5164,292.06499999999994,4.238300000000001
5165,282.001,4.21643
5166,289.248,4.24583
5167,292.36899999999997,3.8545899999999995
5168,278.831,3.8516199999999996
5169,306.354,3.8639199999999994
5170,298.52299999999997,3.83396
5171,319.692,3.9703899999999996
5172,294.669,4.0435099999999995
5173,283.741,4.08643
5174,269.6650000000001,4.13385
5175,274.885,4.033319999999999
5176,275.812,4.2045
5177,268.61,4.20163
5178,283.508,4.1134
5179,295.05600000000004,4.296939999999999
5180,267.92400000000004,4.2525
5181,298.20799999999997,4.478719999999999
5182,268.678,4.6512
5183,236.33699999999993,4.64544
5184,236.973,4.20218
5185,277.40600000000006,4.32224
5186,296.608,4.400829999999999
5187,280.846,4.48537
5188,282.879,4.51012
5189,273.447,4.607609999999999
5190,279.72799999999995,4.534580000000001
5191,277.884,3.91676
5192,299.871,3.8989900000000004
5193,299.51099999999997,3.9994200000000006
5194,297.676,4.10392
5195,298.009,4.25432
5196,288.411,3.8465499999999997
5197,288.371,3.9601600000000006
5198,263.077,3.9494999999999996
5199,283.87899999999996,4.19534
5200,278.475,4.460850000000001
5201,273.7088888888889,4.7040444444444445
5202,275.737,3.64239
5203,286.68777777777774,3.5199333333333334
5204,312.563,3.7509799999999998
5205,289.9044444444445,3.6069
5206,323.613,3.65431
5207,321.56,3.7899333333333325
5208,298.46200000000005,3.7055099999999994
5209,299.98777777777775,3.6838777777777785
5210,300.28200000000004,3.60442
5211,313.07700000000006,3.6869099999999997
5212,301.20500000000004,3.66397
5213,319.398,3.7488800000000007
5214,316.819,3.84657
5215,313.7410000000001,3.87063
5216,296.47400000000005,3.82941
5217,292.077,3.7794999999999996
5218,303.65999999999997,3.797859999999999
5219,304.856,3.83587
5220,291.9150000000001,3.73799
5221,304.919,3.8300899999999998
5222,288.108,3.716570000000001
5223,294.24,3.8289999999999997
5224,296.429,3.8370100000000007
5225,290.721,3.81194
5226,314.57,3.90944
5227,286.716,3.3058500000000004
5228,291.119,3.15185
5229,321.514,3.34257
5230,308.12600000000003,3.24549
5231,317.46900000000005,3.4491099999999997
5232,287.765,3.4318400000000002
5233,275.59,3.28522
5234,319.66300000000007,3.3828900000000006
5235,312.369,3.3285299999999998
5236,317.37399999999997,3.3890400000000005
5237,314.19899999999996,3.3694999999999995
5238,302.273,3.3701899999999996
5239,304.68500000000006,3.3415499999999994
5240,297.64099999999996,3.23705
5241,318.04,3.39205
5242,296.548,3.25383
5243,311.464,3.38429
5244,320.67300000000006,3.30193
5245,304.37800000000004,3.25501
5246,301.273,3.30569
5247,327.883,3.33449
5248,293.64,3.1733000000000002
5249,301.414,3.24587
5250,328.4029999999999,3.29761
5251,317.869,3.37146
5252,297.71,3.1941200000000003
5253,307.11800000000005,3.28425
5254,317.40000000000003,3.33472
5255,329.371,3.45961
5256,300.918,3.4137700000000004
5257,309.301,3.3867599999999998
5258,296.163,3.243560000000001
5259,299.319,3.24702
5260,312.609,3.25663
5261,310.97,3.3713000000000006
5262,299.87300000000005,3.29824
5263,305.203,3.3012900000000003
5264,305.258,3.201479999999999
5265,326.31777777777774,3.341477777777778
5266,310.761,3.24906
5267,300.4566666666667,3.2638555555555553
5268,322.70300000000003,3.30422
5269,297.68888888888887,3.320177777777778
5270,316.95400000000006,3.40702
5271,301.8333333333333,3.4219999999999997
5272,318.54200000000003,3.58977
5273,307.20500000000004,3.6450500000000003
5274,302.98199999999997,3.73361
5275,291.28299999999996,3.3964800000000004
5276,306.104,3.4907600000000003
5277,321.45199999999994,3.50485
5278,306.47200000000004,3.38514
5279,308.841,3.3299499999999993
5280,307.92100000000005,3.38652
5281,318.172,3.5100299999999995
5282,299.543,3.5812600000000003
5283,299.94666666666666,3.5376222222222222
5284,312.85,3.7286900000000003
5285,295.2933333333333,3.5028777777777775
5286,319.33700000000005,3.54629
5287,290.0975,3.1295874999999995
5288,298.077,3.52722
5289,310.8971428571428,3.3310142857142857
5290,293.37600000000003,3.28604
5291,325.8728571428572,3.528814285714286
5292,311.62399999999997,3.50833
5293,296.7157142857142,3.2526428571428574
5294,303.1529999999999,3.6559800000000005
5295,308.3071428571429,3.364285714285714
5296,284.441,3.6920500000000005
5297,299.29375000000005,3.3839249999999996
5298,284.745,3.43902
5299,308.4188888888889,3.2997666666666663
5300,306.486,3.2677300000000002
5301,325.0955555555555,3.424788888888889
5302,307.57399999999996,3.4915100000000003
5303,300.7633333333334,3.544211111111111
5304,333.409,3.6928799999999997
5305,288.05199999999996,3.64399
5306,303.76399999999995,3.51976
5307,320.505,3.3594700000000004
5308,297.52599999999995,3.3190199999999996
5309,313.829,3.4184699999999992
5310,314.996,3.6017699999999997
5311,294.30699999999996,3.36561
5312,305.227,3.3111699999999997
5313,313.428,3.41898
5314,301.915,3.4567
5315,311.91300000000007,3.55206
5316,310.90099999999995,3.46738
5317,294.334,3.1998699999999998
5318,308.328,3.25882
5319,307.54699999999997,3.25572
5320,299.521,3.328829999999999
5321,294.621,3.14553
5322,300.41499999999996,3.2100700000000004
5323,322.431,3.2513199999999998
5324,303.829,3.26026
5325,312.542,3.1906
5326,299.03,3.1767100000000004
5327,319.20399999999995,3.25201
5328,301.24399999999997,3.2159099999999996
5329,307.96100000000007,3.2730000000000006
5330,319.269,3.27002
5331,300.10299999999995,3.16655
5332,309.081,3.28606
5333,332.94800000000004,3.4542699999999997
5334,284.002,3.2550499999999998
5335,300.516,3.3156999999999996
5336,307.552,3.33046
5337,306.57399999999996,3.45583
5338,315.234,3.4254999999999995
5339,290.065,3.2384299999999997
5340,297.591,3.2475
5341,323.383,3.3148299999999997
5342,296.86400000000003,3.2327399999999997
5343,328.72111111111116,3.4341777777777773
5344,280.295,3.1487100000000003
5345,310.02000000000004,3.239355555555556
5346,342.45799999999997,3.36569
5347,277.44,3.226511111111111
5348,301.78700000000003,3.26411
5349,294.14444444444445,3.340444444444445
5350,315.16900000000004,3.4676300000000007
5351,287.963,3.47204
5352,284.23099999999994,3.4907799999999995
5353,283.872,3.49957
5354,299.998,3.67936
5355,315.943,3.68089
5356,284.844,3.68259
5357,291.054,3.7900599999999995
5358,292.222,3.9241099999999998
5359,296.36800000000005,4.044829999999999
5360,301.506,4.151079999999999
5361,287.262,4.01798
5362,279.67199999999997,3.8301899999999995
5363,295.326,3.84532
5364,295.843,3.8367799999999996
5365,318.797,4.00933
5366,286.815,4.00878
5367,257.89199999999994,3.8365400000000003
5368,310.55100000000004,3.94679
5369,298.415,3.91179
5370,300.691,3.9591000000000003
5371,282.773,4.02397
5372,292.17099999999994,3.9977599999999995
5373,291.514,3.99653
5374,303.83200000000005,4.13634
5375,294.487,4.222829999999999
5376,301.51899999999995,4.385620000000001
5377,268.645,4.52837
5378,302.32500000000005,4.77776
5379,241.984,4.97947
5380,237.43400000000003,4.57808
5381,281.178,4.4684800000000005
5382,297.688,4.6803300000000005
5383,301.54200000000003,4.69089
5384,281.766,4.680490000000001
5385,291.33299999999997,4.79927
5386,244.567,4.65706
5387,273.17699999999996,4.68717
5388,275.96500000000003,4.785810000000001
5389,259.4700000000001,4.88335
5390,266.783,4.98146
5391,246.002,5.189079999999999
5392,221.858,5.2215300000000004
5393,227.55,5.44104
5394,227.00499999999997,5.546429999999999
5395,226.36800000000002,5.6564499999999995
5396,220.61699999999996,5.78843
5397,200.68300000000002,5.85019
5398,210.32,5.90638
5399,223.88888888888889,6.263377777777778
5400,226.97099999999995,6.0102400000000005
5401,218.65111111111113,6.4923
5402,224.494,6.2364999999999995
5403,199.74111111111108,6.427099999999999
5404,210.63299999999998,6.150989999999999
5405,188.9688888888889,6.5661555555555555
5406,212.205,6.27405
5407,220.656,5.6887799999999995
5408,235.43599999999998,5.202249999999999
5409,257.441,5.31106
5410,247.17199999999997,5.19827
5411,248.555,5.257
5412,233.56,5.25539
5413,237.166,5.260509999999999
5414,246.158,5.25246
5415,262.698,5.3258
5416,247.629,5.34667
5417,243.517,5.51037
5418,236.767,5.507630000000001
5419,226.14600000000002,5.5127
5420,233.25699999999998,5.540050000000001
5421,245.55800000000005,5.6616100000000005
5422,271.567,5.850250000000001
5423,231.64899999999997,5.73804
5424,238.06799999999998,5.76366
5425,233.68099999999998,5.85819
5426,270.448,6.002460000000001
5427,222.37199999999999,5.94461
5428,229.12699999999995,6.021120000000001
5429,218.09,5.93882
5430,247.38500000000005,6.0512500000000005
5431,238.959,6.01041
5432,222.19299999999998,5.9709699999999994
5433,229.06599999999997,6.03766
5434,232.07800000000003,6.110709999999999
5435,232.823,6.091060000000001
5436,237.60699999999997,6.14677
5437,223.35399999999998,6.136620000000001
5438,234.46499999999997,6.271459999999999
5439,223.52399999999997,6.16539
5440,198.29399999999998,6.17341
5441,228.22799999999998,6.341189999999999
5442,207.34499999999997,6.4412199999999995
5443,208.3,6.439220000000001
5444,223.82999999999998,6.554979999999999
5445,216.454,6.6710899999999995
5446,221.24400000000006,6.679340000000001
5447,214.86999999999998,6.754519999999999
5448,205.77499999999995,6.80016
5449,199.738,6.881539999999999
5450,191.096,6.85942
5451,181.957,6.914409999999999
5452,210.652,6.967479999999999
5453,192.59,6.9955
5454,206.00800000000004,6.9980400000000005
5455,177.462,6.9582999999999995
5456,207.825,7.00214
5457,196.491,7.068039999999999
5458,198.32599999999996,7.1233900000000006
5459,195.972,7.136739999999999
5460,186.51399999999998,7.059429999999999
5461,182.29500000000002,7.146770000000001
5462,194.12800000000001,7.12503
5463,186.708,7.199780000000001
5464,189.60600000000002,7.21643
5465,190.55599999999998,7.200950000000001
5466,181.487,7.201479999999999
5467,197.90900000000002,7.288030000000001
5468,210.596,7.4104600000000005
5469,211.971,7.4672
5470,169.776,7.3952
5471,195.07,7.4933200000000015
5472,192.05499999999998,7.55474
5473,175.786,7.48498
5474,171.797,7.512419999999999
5475,196.613,7.554489999999999
5476,173.006,7.641209999999998
5477,154.882,7.648259999999999
5478,159.06599999999997,7.743870000000001
5479,188.373,7.81038
5480,170.70700000000002,7.842819999999999
5481,157.47,7.923259999999999
5482,140.70100000000002,8.00722
5483,137.618,8.09097
5484,141.83599999999998,8.19195
5485,142.68599999999998,8.26954
5486,161.02200000000002,8.350370000000002
5487,165.656,8.457239999999999
5488,163.30199999999996,8.503989999999998
5489,156.31900000000002,8.46156
5490,176.067,8.278569999999998
5491,151.07,8.30499
5492,154.87300000000002,7.962260000000001
5493,175.193,8.014019999999999
5494,164.272,8.00629
5495,160.668,8.010709999999998
5496,173.67399999999998,8.03978
5497,163.103,8.022699999999999
5498,162.477,8.084859999999999
5499,156.1,8.079239999999999
5500,159.76500000000001,8.13721
5501,154.82,8.19615
5502,160.62400000000002,8.14625
5503,176.693,8.138390000000001
5504,169.239,8.2202
5505,151.334,8.196079999999998
5506,153.49099999999999,8.250779999999999
5507,145.63500000000002,8.231269999999999
5508,145.501,8.27186
5509,143.708,8.261109999999999
5510,177.801,8.32405
5511,166.38799999999998,8.37677
5512,136.98899999999998,8.331689999999998
5513,140.134,8.28292
5514,173.36,8.350639999999999
5515,156.27399999999997,8.35431
5516,167.398,8.403069999999998
5517,158.259,8.371719999999998
5518,164.43699999999998,8.29034
5519,148.375,7.69264
5520,176.81900000000002,7.772899999999998
5521,176.75,7.840739999999999
5522,186.08700000000002,7.92171
5523,188.82500000000002,7.981739999999999
5524,157.95700000000002,7.41743
5525,191.33599999999998,7.54025
5526,198.57399999999998,7.66345
5527,191.25599999999997,7.783460000000001
5528,171.39100000000002,7.915670000000001
5529,175.077,8.0378
5530,173.54700000000003,8.163520000000002
5531,166.853,8.26391
5532,186.46200000000002,8.380429999999999
5533,189.645,8.462119999999999
5534,167.361,7.719319999999999
5535,175.658,7.70988
5536,189.11399999999998,7.76581
5537,154.36599999999999,7.820290000000002
5538,175.581,7.88917
5539,174.813,7.967230000000001
5540,173.826,8.05131
5541,174.404,8.143310000000001
5542,195.017,8.29017
5543,176.22700000000003,8.3689
5544,175.157,8.481509999999998
5545,179.568,8.56983
5546,185.724,8.671539999999998
5547,182.95999999999998,8.337110000000001
5548,154.848,8.43298
5549,171.021,8.14048
5550,169.63299999999998,8.20084
5551,196.925,8.2849
5552,168.41899999999998,8.34588
5553,152.635,8.404390000000001
5554,167.45300000000003,8.46583
5555,168.017,8.52964
5556,168.041,8.10677
5557,176.86499999999998,8.001619999999999
5558,205.35399999999998,8.19706
5559,172.897,8.32188
5560,164.74699999999999,8.454419999999999
5561,165.93399999999997,8.457519999999999
5562,154.85500000000002,8.185130000000001
5563,185.878,8.23949
5564,177.399,8.31818
5565,187.60500000000002,8.15995
5566,154.18999999999997,7.216499999999999
5567,183.429,7.259780000000002
5568,187.119,7.348699999999999
5569,163.99899999999997,7.40169
5570,168.74000000000004,7.5031399999999975
5571,169.23899999999998,7.620469999999999
5572,193.276,7.730399999999999
5573,178.459,7.8399
5574,178.419,7.922160000000001
5575,161.451,7.981669999999999
5576,156.59500000000003,8.069700000000001
5577,160.43900000000002,8.1291
5578,141.105,8.179559999999999
5579,132.608,8.233189999999999
5580,131.48899999999998,8.269919999999999
5581,163.41,7.99086
5582,168.318,8.04851
5583,188.53400000000002,7.7351800000000015
5584,148.75,7.155710000000001
5585,171.94299999999998,7.228440000000001
5586,166.006,7.30626
5587,160.62100000000004,7.40034
5588,148.275,7.4854199999999995
5589,159.87800000000001,7.639809999999999
5590,157.002,7.7561800000000005
5591,152.14000000000001,7.806830000000001
5592,157.929,7.85599
5593,161.182,7.907029999999999
5594,146.18100000000004,7.9378
5595,142.332,7.967969999999999
5596,138.554,8.02142
5597,141.564,8.08972
5598,120.58900000000001,8.112459999999999
5599,117.78999999999999,8.12811
5600,136.32699999999997,8.146049999999999
5601,153.525,7.485200000000001
5602,143.41000000000003,7.543499999999999
5603,154.05900000000003,7.67406
5604,147.62099999999998,7.7586699999999995
5605,133.052,7.833760000000001
5606,135.652,7.9044799999999995
5607,156.34499999999997,7.944269999999999
5608,161.70499999999998,8.01615
5609,138.998,8.06372
5610,131.999,8.09343
5611,132.70300000000003,8.128879999999999
5612,134.257,8.165320000000001
5613,125.979,8.197970000000002
5614,131.464,8.24865
5615,136.309,8.34015
5616,138.796,8.3691
5617,143.507,7.8645900000000015
5618,138.93400000000003,7.740799999999998
5619,146.685,7.80145
5620,156.101,7.878120000000001
5621,134.671,7.958670000000001
5622,136.38600000000002,8.0286
5623,157.30499999999998,8.08019
5624,149.894,8.116050000000001
5625,138.25,8.15194
5626,132.85999999999999,8.18459
5627,122.84599999999998,8.206039999999998
5628,140.826,8.23365
5629,112.21300000000001,8.25197
5630,153.448,8.324760000000001
5631,160.07,8.381639999999999
5632,140.387,8.39573
5633,146.12,8.462720000000001
5634,145.07,8.51287
5635,144.277,8.52958
5636,125.73499999999997,8.54732
5637,126.042,8.564559999999998
5638,152.677,8.661019999999999
5639,138.829,7.98078
5640,143.234,8.03773
5641,130.06900000000002,8.090250000000001
5642,133.01100000000002,8.150020000000001
5643,130.96300000000002,8.237829999999999
5644,124.81999999999998,8.30411
5645,136.749,8.415569999999999
5646,135.036,8.493239999999998
5647,151.16500000000002,8.04395
5648,166.363,8.12134
5649,173.97600000000003,8.3126
5650,150.68100000000004,7.850239999999999
5651,134.148,7.881939999999998
5652,160.02599999999998,7.926769999999999
5653,120.66599999999998,7.946690000000001
5654,141.943,7.96645
5655,147.01399999999998,8.002690000000001
5656,157.71999999999997,8.07976
5657,143.88199999999998,8.10235
5658,118.569,8.125589999999999
5659,117.84200000000001,8.14039
5660,121.02299999999998,8.15445
5661,118.50300000000001,8.17086
5662,124.76499999999999,8.18547
5663,121.00699999999999,8.20169
5664,109.923,8.212769999999999
5665,126.13199999999998,8.24128
5666,129.22,8.249849999999999
5667,115.89500000000001,8.266789999999999
5668,109.63799999999999,8.28332
5669,109.81300000000002,8.293539999999998
5670,131.31100000000004,8.381519999999998
5671,129.33999999999997,8.47431
5672,117.378,8.48001
5673,124.76700000000001,8.4839
5674,114.36500000000001,8.48704
5675,124.71999999999998,8.490240000000002
5676,115.922,8.49266
5677,122.13900000000001,8.504790000000002
5678,111.104,8.518849999999999
5679,108.08100000000002,8.52166
5680,105.45,8.524079999999998
5681,110.603,8.526609999999998
5682,109.349,8.529
5683,115.513,8.53194
5684,138.762,8.534519999999999
5685,141.246,7.909500000000001
5686,123.27600000000002,7.88226
5687,131.452,7.901059999999999
5688,124.048,7.8747799999999994
5689,132.448,7.903829999999999
5690,135.076,7.9383599999999985
5691,142.302,7.979699999999999
5692,144.819,8.09972
5693,115.25599999999997,7.968249999999999
5694,138.462,7.991250000000001
5695,144.116,8.016029999999999
5696,137.941,8.051590000000001
5697,129.433,8.0896
5698,121.224,7.981109999999998
5699,125.28,8.00018
5700,139.59699999999998,8.01947
5701,139.075,7.994110000000001
5702,132.93099999999998,8.0305
5703,146.45700000000002,8.0717
5704,129.56099999999998,8.08692
5705,136.10500000000002,7.956270000000001
5706,145.73200000000003,8.004859999999997
5707,148.15900000000002,8.044749999999999
5708,174.715,8.00411
5709,176.22600000000003,8.019809999999998
5710,179.596,7.624389999999998
5711,186.34700000000004,7.35171
5712,196.204,7.418349999999999
5713,190.871,7.43323
5714,195.061,7.474349999999999
5715,182.678,7.529750000000002
5716,169.65099999999998,7.603710000000001
5717,166.599,7.6013600000000014
5718,159.529,7.69478
5719,161.28500000000003,7.48917
5720,182.34999999999997,7.55729
5721,171.998,7.60587
5722,186.419,7.699899999999998
5723,168.52000000000004,7.64499
5724,163.35700000000003,7.6947600000000005
5725,161.563,7.77775
5726,152.057,7.873950000000001
5727,163.33200000000002,7.701040000000001
5728,177.2,7.7598
5729,191.337,7.799290000000001
5730,160.314,7.919359999999999
5731,152.46099999999998,7.7458
5732,193.234,7.7945699999999984
5733,168.11700000000002,7.816929999999999
5734,174.11200000000002,7.909989999999999
5735,169.699,8.01169
5736,178.366,8.09085
5737,186.728,7.45869
5738,189.486,7.569249999999999
5739,179.55399999999997,7.4503200000000005
5740,194.554,7.00529
5741,171.901,6.8408299999999995
5742,182.46200000000002,6.686100000000001
5743,191.66,6.7258700000000005
5744,208.973,6.77302
5745,216.66199999999998,6.8337
5746,205.37399999999997,6.84328
5747,202.04700000000003,6.863110000000001
5748,188.557,6.93126
5749,197.572,6.8646199999999995
5750,187.826,6.86435
5751,198.683,6.95631
5752,188.80100000000002,6.86183
5753,207.26000000000005,6.955509999999999
5754,202.834,6.2537
5755,199.548,6.2417300000000004
5756,222.802,6.35484
5757,218.31599999999997,6.438369999999999
5758,224.53699999999998,6.409350000000001
5759,222.842,6.45934
5760,231.41500000000002,6.60753
5761,220.827,6.6176699999999995
5762,213.109,6.770569999999999
5763,216.26500000000001,6.64606
5764,227.709,6.764100000000001
5765,221.546,6.756689999999999
5766,211.377,6.8694500000000005
5767,216.63199999999998,6.9726300000000005
5768,213.369,6.857429999999999
5769,220.09500000000003,6.25878
5770,230.506,6.28922
5771,205.68800000000002,6.234730000000001
5772,221.223,6.307060000000001
5773,213.952,6.420530000000001
5774,212.68100000000004,6.4309899999999995
5775,204.50799999999998,6.45797
5776,208.69299999999998,6.5816
5777,212.421,6.69684
5778,192.395,6.684549999999999
5779,189.531,6.6636299999999995
5780,203.95700000000002,6.683280000000001
5781,209.164,6.789970000000001
5782,224.65499999999997,6.915190000000001
5783,197.23000000000002,6.93221
5784,180.532,6.3463899999999995
5785,204.77100000000002,6.336110000000001
5786,201.062,6.419080000000001
5787,200.97400000000002,6.38048
5788,184.48099999999997,6.37754
5789,204.01299999999998,6.53065
5790,208.84699999999998,6.64029
5791,221.35100000000003,6.594679999999999
5792,233.452,6.626869999999999
5793,233.92399999999998,6.73597
5794,201.57999999999998,6.71768
5795,189.23399999999998,6.75003
5796,200.27,6.80392
5797,183.899,6.791019999999999
5798,187.684,6.866719999999999
5799,203.393,6.915559999999999
5800,170.788,6.179270000000001
5801,225.833,6.25771
5802,215.53500000000003,6.3177
5803,198.84222222222218,6.068777777777778
5804,213.69999999999996,6.42698
5805,215.81,6.23738888888889
5806,208.363,6.5792899999999985
5807,233.68333333333334,6.461677777777777
5808,207.157,6.6076999999999995
5809,231.49555555555557,5.4927222222222225
5810,215.10500000000002,5.840840000000001
5811,220.09099999999998,5.90809
5812,209.199,5.89386
5813,217.767,5.44362
5814,226.26699999999997,5.412599999999999
5815,242.68800000000002,5.539350000000001
5816,243.763,5.644609999999999
5817,219.86399999999998,5.599830000000001
5818,220.37199999999999,5.58209
5819,245.777,5.76097
5820,239.772,5.846480000000001
5821,254.42199999999997,6.018390000000001
5822,237.917,6.1916199999999995
5823,234.333,6.3098600000000005
5824,224.43699999999998,6.32089
5825,213.238,6.239600000000001
5826,227.904,6.318969999999998
5827,218.13599999999997,6.41738
5828,219.873,6.51378
5829,214.17199999999997,6.09094
5830,233.85,6.14769
5831,224.185,5.78232
5832,227.13199999999998,5.83282
5833,233.853,6.002170000000001
5834,224.71400000000003,6.13535
5835,220.03799999999995,6.22382
5836,214.377,6.3037100000000015
5837,230.413,6.2705
5838,223.035,5.611940000000001
5839,227.206,4.9394599999999995
5840,248.331,5.00956
5841,253.00699999999998,5.0808100000000005
5842,262.497,5.21252
5843,244.673,5.20428
5844,257.21099999999996,5.36905
5845,239.55599999999998,5.412750000000001
5846,249.51799999999997,5.49566
5847,228.13000000000002,5.2930600000000005
5848,216.783,5.30234
5849,233.873,5.267399999999999
5850,226.57200000000003,5.3659300000000005
5851,229.358,5.44375
5852,246.59,5.584429999999999
5853,256.63,5.70335
5854,239.83099999999996,5.1917300000000015
5855,236.527,4.96751
5856,252.93700000000004,4.932640000000001
5857,267.166,5.0317799999999995
5858,239.102,4.99622
5859,247.369,5.09793
5860,261.29699999999997,5.28446
5861,254.36099999999996,5.19546
5862,255.635,5.196060000000001
5863,270.351,5.1613500000000005
5864,257.83500000000004,5.0057599999999995
5865,230.95299999999997,5.048689999999999
5866,261.731,5.207299999999999
5867,263.07599999999996,5.37253
5868,249.86999999999998,4.7688999999999995
5869,267.195,4.91416
5870,251.158,4.67531
5871,267.68,4.64074
5872,252.00500000000002,4.41503
5873,284.317,4.585229999999999
5874,279.796,4.77136
5875,277.485,4.983580000000001
5876,270.125,5.0527500000000005
5877,270.79100000000005,5.0850800000000005
5878,273.426,4.84676
5879,249.743,4.58414
5880,270.70799999999997,4.45754
5881,268.729,4.46597
5882,281.86400000000003,4.5464
5883,262.75,4.61551
5884,275.494,4.61932
5885,262.379,4.461819999999999
5886,281.227,4.583019999999999
5887,282.691,4.68663
5888,280.145,4.7709
5889,256.5559999999999,4.6795100000000005
5890,261.699,4.79734
5891,279.636,4.9601
5892,284.80400000000003,5.050659999999999
5893,244.141,4.57461
5894,255.18799999999996,4.585179999999999
5895,270.678,4.68976
5896,293.63199999999995,4.87379
5897,279.54600000000005,4.96439
5898,259.735,4.706
5899,275.97400000000005,4.91205
5900,283.015,5.098090000000001
5901,266.75,5.0864899999999995
5902,277.912,4.93537
5903,267.443,4.084359999999999
5904,288.54200000000003,4.07805
5905,295.22400000000005,4.29446
5906,273.28900000000004,4.477069999999999
5907,281.34599999999995,4.7509999999999994
5908,310.416,4.83723
5909,291.27,4.6569199999999995
5910,277.39500000000004,4.53583
5911,291.54100000000005,4.543019999999999
5912,288.515,3.87638
5913,282.16399999999993,3.8636700000000004
5914,299.57300000000004,3.94169
5915,294.1555555555555,4.260122222222222
5916,296.3740000000001,4.0749200000000005
5917,283.53444444444443,4.100444444444444
5918,332.346,4.21383
5919,281.21,4.142977777777777
5920,290.675,3.82348
5921,323.67999999999995,4.074766666666666
5922,321.488,4.1037099999999995
5923,303.631,4.23651
5924,291.101,4.29086
5925,313.041,4.4875
5926,291.32900000000006,4.348179999999999
5927,303.269,4.178590000000001
5928,284.639,3.958789999999999
5929,307.159,4.14604
5930,312.05699999999996,4.28514
5931,318.93399999999997,4.53157
5932,309.845,4.58677
5933,305.304,4.89525
5934,303.567,5.16921
5935,279.08,5.1482
5936,273.51700000000005,5.00239
5937,305.29200000000003,5.17694
5938,298.136,5.145059999999999
5939,293.05100000000004,5.19174
5940,279.59299999999996,5.24911
5941,297.09000000000003,5.2543
5942,277.918,5.01825
5943,258.321,4.9689700000000006
5944,265.898,4.99618
5945,277.07,5.103509999999999
5946,284.522,5.201230000000001
5947,266.839,4.6544
5948,280.42199999999997,4.60478
5949,287.46999999999997,4.77104
5950,294.973,4.8822399999999995
5951,281.95300000000003,4.7839
5952,270.623,4.750249999999999
5953,282.717,4.87776
5954,293.73799999999994,4.9933
5955,276.28899999999993,5.0527299999999995
5956,282.166,5.26398
5957,280.549,5.32021
5958,274.557,5.570290000000001
5959,242.368,5.69327
5960,249.68,5.72299
5961,270.416,5.37017
5962,273.755,5.2749500000000005
5963,308.057,5.529819999999999
5964,261.139,5.63601
5965,255.03900000000004,5.6471800000000005
5966,255.531,5.788169999999999
5967,258.682,5.68483
5968,232.638,5.32934
5969,251.131,5.4513300000000005
5970,251.66000000000003,5.40948
5971,277.256,5.36756
5972,254.923,5.194450000000001
5973,260.301,5.34013
5974,238.61700000000002,5.23689
5975,262.61199999999997,5.409689999999999
5976,264.37199999999996,5.607760000000001
5977,241.75900000000001,5.754560000000001
5978,236.292,5.93154
5979,230.76555555555555,5.725244444444446
5980,249.202,5.772800000000001
5981,259.9588888888889,5.682433333333334
5982,277.55999999999995,5.8389299999999995
5983,257.49111111111114,5.903055555555556
5984,239.711,5.876309999999999
5985,247.74124999999998,5.5029625
5986,237.64399999999995,6.11022
5987,260.0788888888889,5.674833333333334
5988,242.628,6.231579999999999
5989,253.88666666666663,5.6544
5990,234.94799999999995,6.20559
5991,223.09555555555556,5.9095555555555555
5992,214.51100000000002,6.433020000000001
5993,219.75500000000002,6.48159
5994,224.204,6.4298
5995,241.57,6.569619999999999
5996,222.61399999999998,6.582969999999999
5997,222.041,6.411239999999999
5998,222.292,6.517189999999999
5999,239.39499999999998,6.6594999999999995
6000,207.74,6.667520000000001
6001,196.87444444444444,6.6546111111111115
6002,213.70899999999997,6.577889999999999
6003,208.5122222222222,6.754155555555555
6004,215.86099999999996,6.6718
6005,206.48666666666668,6.623033333333333
6006,243.75500000000002,6.800839999999999
6007,208.79375,6.50375
6008,199.09400000000002,6.72096
6009,222.47666666666666,6.601633333333335
6010,205.28199999999998,6.86959
6011,217.90777777777777,6.779255555555556
6012,218.55599999999998,6.98169
6013,202.3111111111111,6.593933333333333
6014,219.175,6.810010000000001
6015,217.33199999999997,6.908430000000001
6016,193.623,6.873140000000001
6017,204.685,6.861290000000001
6018,221.68400000000003,6.920049999999999
6019,196.36599999999999,6.82438
6020,214.04299999999998,6.95025
6021,211.57000000000002,7.077379999999998
6022,184.16299999999998,6.979309999999998
6023,197.131,7.10183
6024,186.205,7.105929999999999
6025,193.204,7.21534
6026,219.36400000000003,7.194510000000001
6027,187.50625000000002,8.045725000000001
6028,194.911,7.330769999999999
6029,149.16875,8.030475
6030,196.375,7.33904
6031,148.29125000000002,8.068325
6032,186.15899999999996,7.45891
6033,148.9025,8.134025
6034,198.542,7.507580000000002
6035,143.59624999999997,8.392349999999999
6036,178.53400000000002,7.7538
6037,183.849,7.756030000000001
6038,175.43799999999996,7.680199999999999
6039,195.234,7.7505
6040,201.00799999999998,7.82946
6041,174.39600000000002,7.74086
6042,163.95199999999997,7.79203
6043,186.045,7.84918
6044,169.69099999999997,7.909459999999998
6045,163.985,7.9916
6046,172.62599999999998,7.967540000000001
6047,162.324,8.021159999999998
6048,161.824,8.07019
6049,180.97899999999998,8.075239999999999
6050,182.81900000000002,8.16544
6051,171.09555555555556,7.954144444444444
6052,168.25100000000003,8.19585
6053,182.25888888888892,7.9719444444444445
6054,164.423,8.206949999999999
6055,173.74777777777777,7.981588888888889
6056,176.81599999999997,8.20614
6057,180.908,8.27774
6058,177.44299999999998,8.338330000000001
6059,159.96200000000002,8.174249999999999
6060,172.666,8.289340000000001
6061,166.852,8.366290000000001
6062,192.328,8.510290000000001
6063,138.789,8.326580000000002
6064,152.549,8.366120000000002
6065,162.322,8.397540000000003
6066,177.779,8.502760000000002
6067,164.42,8.55582
6068,140.61399999999998,8.36353
6069,151.776,8.40128
6070,172.579,8.43947
6071,151.82000000000002,8.48688
6072,157.64100000000002,8.53165
6073,157.121,8.468560000000002
6074,160.62399999999997,8.239100000000002
6075,157.28199999999998,7.76082
6076,182.168,7.83657
6077,166.63299999999998,7.810029999999999
6078,169.01100000000002,7.89625
6079,166.79000000000002,7.869129999999998
6080,157.734,7.961160000000001
6081,167.716,8.037490000000002
6082,172.42199999999997,7.99894
6083,173.335,8.06476
6084,168.16199999999998,8.00151
6085,164.91199999999998,8.05444
6086,175.881,8.11211
6087,194.135,8.165849999999999
6088,176.769,8.19918
6089,161.041,8.14641
6090,165.062,8.21125
6091,167.576,8.287899999999999
6092,176.858,8.24626
6093,160.113,8.167489999999999
6094,164.99200000000002,8.21036
6095,159.792,8.24606
6096,173.788,8.301660000000002
6097,166.715,8.208850000000002
6098,178.621,8.33212
6099,159.84300000000002,8.336699999999999
6100,169.325,8.411010000000001
6101,141.279,8.418090000000001
6102,160.072,8.468239999999998
6103,153.48899999999998,8.35246
6104,163.371,8.40751
6105,157.196,7.723319999999999
6106,193.279,7.885949999999999
6107,172.83499999999998,7.916980000000001
6108,162.72799999999998,7.893040000000001
6109,155.631,7.944319999999999
6110,165.90500000000003,8.01884
6111,155.346,8.06399
6112,166.59,8.131960000000001
6113,174.63,8.087530000000003
6114,193.13199999999998,8.094579999999999
6115,189.123,8.17218
6116,165.57,8.168890000000001
6117,157.01000000000002,8.21809
6118,161.596,8.098719999999998
6119,159.38400000000001,8.16152
6120,171.072,8.16442
6121,159.642,7.527789999999999
6122,169.857,7.49559
6123,180.25,7.534789999999999
6124,181.599,7.575599999999999
6125,175.5677777777778,7.4689000000000005
6126,157.80100000000002,7.661439999999999
6127,181.84888888888887,7.554322222222222
6128,201.09599999999998,7.78351
6129,193.0388888888889,7.622633333333334
6130,195.06599999999997,7.846259999999999
6131,213.83444444444444,7.747
6132,164.79699999999997,7.9060299999999994
6133,187.93300000000002,7.92357
6134,154.19400000000002,7.9788
6135,197.127,7.98745
6136,163.631,7.2858399999999985
6137,192.62900000000002,7.33772
6138,196.89299999999997,7.44111
6139,208.109,7.625710000000001
6140,202.555,7.743430000000001
6141,194.246,6.9357500000000005
6142,205.141,7.04944
6143,215.55300000000005,7.10039
6144,209.821,7.20305
6145,195.11700000000002,7.25882
6146,207.02100000000002,7.356580000000001
6147,186.273,7.465259999999999
6148,185.638,7.496130000000001
6149,187.84500000000003,7.54171
6150,182.60700000000003,7.54837
6151,193.618,7.565039999999999
6152,210.454,7.6902
6153,197.262,7.71936
6154,175.90400000000002,7.74318
6155,181.846,7.74177
6156,182.92199999999997,7.78645
6157,186.387,7.772540000000001
6158,178.631,7.82628
6159,195.627,7.853489999999999
6160,169.685,7.213209999999999
6161,201.243,7.2141199999999985
6162,189.439,7.306019999999999
6163,192.363,7.373079999999999
6164,189.653,7.473609999999999
6165,178.76200000000003,7.44505
6166,196.89799999999997,7.5213100000000015
6167,216.169,7.65522
6168,196.21200000000002,7.6358999999999995
6169,184.546,7.688219999999999
6170,186.10700000000003,7.71005
6171,188.4,7.7214800000000015
6172,165.75100000000003,7.76169
6173,187.147,7.72966
6174,184.184,7.850850000000001
6175,199.74900000000002,7.90659
6176,181.023,7.92544
6177,194.55599999999998,7.99574
6178,190.916,8.079429999999999
6179,163.41,8.113850000000001
6180,189.02299999999997,8.18328
6181,165.295,8.19432
6182,153.272,8.00982
6183,161.82,8.018619999999999
6184,154.771,8.07537
6185,190.411,7.55809
6186,189.02900000000002,7.475410000000001
6187,180.72099999999998,7.563419999999999
6188,165.85200000000003,7.615
6189,188.252,7.612109999999999
6190,190.66799999999998,7.70878
6191,200.031,7.801259999999999
6192,186.66199999999998,7.8792399999999985
6193,190.3,7.9422299999999995
6194,188.19,8.08422
6195,187.35,8.164489999999999
6196,153.39100000000002,7.5480899999999975
6197,159.03699999999998,7.65381
6198,161.243,7.77191
6199,179.70199999999997,7.900930000000001
6200,164.785,8.046610000000001
6201,166.174,7.741810000000001
6202,178.39399999999998,7.57285
6203,186.501,7.59904
6204,193.286,7.667399999999999
6205,181.075,7.735369999999999
6206,183.277,7.816160000000001
6207,171.397,7.85439
6208,164.77999999999997,7.84273
6209,176.861,7.817110000000001
6210,175.736,7.923209999999999
6211,175.67600000000002,8.0117
6212,181.597,7.94132
6213,202.58800000000002,8.017679999999999
6214,171.092,8.1017
6215,176.82799999999997,8.21047
6216,185.69199999999998,8.34773
6217,184.945,8.552220000000002
6218,170.517,8.65731
6219,156.141,8.22798
6220,168.25,8.15889
6221,179.05300000000003,8.235899999999999
6222,155.994,8.265529999999998
6223,164.208,8.2928
6224,151.48499999999999,8.181690000000001
6225,158.414,8.2075
6226,166.69199999999998,8.28858
6227,163.29299999999998,8.38004
6228,148.90699999999998,8.402899999999999
6229,142.43800000000002,8.255510000000001
6230,150.272,8.292270000000002
6231,163.123,8.38132
6232,152.857,8.44821
6233,151.858,8.47602
6234,161.16800000000003,8.25271
6235,123.768,8.263720000000001
6236,143.25333333333336,8.895255555555558
6237,129.64999999999998,8.869033333333334
6238,146.79222222222222,8.894366666666668
6239,132.52444444444444,8.879233333333335
6240,132.72444444444443,8.90028888888889
6241,142.33,8.9015
6242,135.64555555555555,8.887066666666668
6243,146.27333333333334,8.294377777777777
6244,142.01777777777778,8.1583
6245,149.67,8.163244444444445
6246,157.07333333333332,8.178477777777779
6247,161.00777777777776,8.197311111111112
6248,159.30555555555554,8.132133333333336
6249,163.03222222222223,8.168222222222221
6250,164.50666666666666,8.17292222222222
6251,133.29555555555555,7.873388888888889
6252,124.60249999999999,8.5826625
6253,137.845,8.613525000000001
6254,159.18124999999998,8.6346875
6255,130.915,8.670525000000001
6256,132.5875,8.715037500000001
6257,135.22375,8.7557375
6258,134.85,8.7989625
6259,149.73875,8.688887500000002
6260,147.35625000000002,8.727687500000002
6261,140.55124999999998,8.7638125
6262,140.3625,8.8062
6263,132.82625000000002,8.8489
6264,131.82875,8.8858875
6265,151.76375,9.0092125
6266,127.51499999999999,8.8090375
6267,158.41625,8.847425
6268,136.64000000000001,8.8819625
6269,136.3975,8.9139
6270,132.64624999999998,8.9493375
6271,128.745,8.978325
6272,132.155,9.0054125
6273,143.9125,9.0281
6274,129.31125,8.7988125
6275,131.775,8.835125
6276,133.01,8.854325
6277,131.8075,8.887825000000001
6278,151.8475,8.94525
6279,147.88625,8.984925
6280,127.05875,9.020150000000001
6281,135.18625,9.051225
6282,119.20875000000001,8.8396125
6283,154.39375,8.887987500000001
6284,146.10999999999999,8.905725
6285,146.21624999999997,8.885200000000001
6286,155.80875,8.406625000000002
6287,143.47750000000002,8.0355125
6288,156.87,8.057750000000002
6289,160.99125000000004,8.092737500000002
6290,159.13125,8.005612500000002
6291,177.3525,7.5019
6292,165.7375,7.170025
6293,185.61375,7.227325
6294,190.04500000000002,7.2051875
6295,198.19875000000002,7.302625
6296,192.58750000000003,7.288962499999999
6297,192.37499999999997,7.3442750000000006
6298,181.99124999999998,7.430625
6299,184.78125,7.5255125000000005
6300,182.62625,7.5733875
6301,185.98125,7.4363375
6302,175.9975,7.258874999999999
6303,198.83249999999998,7.0552375000000005
6304,198.66875,6.572800000000001
6305,208.26,6.6988875
6306,212.19875000000002,6.8191375
6307,219.05499999999998,6.94275
6308,202.06375000000003,6.732375000000001
6309,203.08625,6.565424999999999
6310,202.87625,6.436187500000001
6311,222.0925,6.536987499999999
6312,208.67749999999998,6.597199999999999
6313,248.30875000000003,6.7406875
6314,236.0,6.877924999999999
6315,217.8875,7.0099125
6316,190.69875000000002,6.662625
6317,214.73250000000002,6.787062500000001
6318,210.2275,6.642024999999999
6319,205.48000000000002,6.5977375
6320,216.5475,6.6659
6321,215.44,6.791075
6322,231.2925,6.926675
6323,219.80624999999998,6.1814625
6324,241.96375,6.07385
6325,249.71249999999998,6.172750000000001
6326,228.73000000000002,5.865175
6327,218.80625,5.6675
6328,247.40749999999997,5.788725
6329,227.6325,5.8525624999999994
6330,247.28250000000003,5.949187500000001
6331,226.11249999999998,6.05535
6332,241.63875,5.9506875
6333,248.54749999999999,5.140012499999999
6334,262.11375,5.1036375
6335,256.41125,4.9673625
6336,260.74625000000003,5.0104500000000005
6337,266.1825,4.9704749999999995
6338,251.43125,4.9155
6339,248.9675,4.842949999999999
6340,259.7325,5.0129125
6341,277.56374999999997,5.068712499999999
6342,248.75625,4.926912499999999
6343,274.73125,5.029262499999999
6344,278.15125,5.147474999999999
6345,243.81375000000003,4.9529
6346,270.90125,5.070437500000001
6347,277.96,5.237975
6348,261.32624999999996,5.106425
6349,247.1725,4.9943375
6350,275.47875,5.124725
6351,271.79125,5.3018
6352,259.71750000000003,5.3006875
6353,239.98125,4.9572125
6354,267.445,5.1248000000000005
6355,274.0325,5.234137499999999
6356,251.57625000000002,5.102012499999999
6357,263.565,5.079899999999999
6358,264.5025,5.2713625
6359,262.06375,5.4985625
6360,269.78625,5.73905
6361,236.79000000000002,5.71395
6362,248.57875,5.4030875
6363,288.605,5.5356
6364,261.42499999999995,5.234125
6365,257.60375,5.328787499999999
6366,267.435,5.4888125
6367,263.39,5.6178625
6368,259.8025,4.9249875
6369,269.47375,4.670575
6370,256.68,4.7523
6371,303.1737499999999,4.8622
6372,269.425,3.6185375
6373,314.18875,3.7882374999999997
6374,300.54749999999996,3.9158625000000002
6375,309.99,4.1234625000000005
6376,308.1675,4.15525
6377,294.28874999999994,3.856675
6378,295.4475,4.0139875
6379,305.64124999999996,3.9890000000000008
6380,303.89375,4.109450000000001
6381,303.86375,4.098725
6382,308.3375,4.198525
6383,318.4525,4.177925
6384,298.05625000000003,3.8773625000000003
6385,306.96999999999997,4.0815
6386,295.63,4.19835
6387,303.8175,4.3492125
6388,285.63124999999997,4.1888375
6389,299.52125,4.3194625
6390,296.86625,4.51605
6391,280.07625,4.3562625
6392,267.8725,4.08395
6393,294.95624999999995,4.2012625
6394,307.38625,4.3954875
6395,271.355,4.2063125
6396,293.8375,4.3129625
6397,295.86625,4.2767625
6398,294.36249999999995,4.4086125
6399,280.97625,4.2754
6400,272.9175,4.080125
6401,291.9025,4.249275000000001
6402,296.625,4.32345
6403,288.54625,4.2903125
6404,273.03625,4.0773875
6405,294.88625,4.20405
6406,272.9875,4.132899999999999
6407,281.79875,4.348637499999999
6408,280.29625,4.5683375
6409,231.6075,4.3273125
6410,278.84875,4.3683875
6411,291.22625000000005,4.5227375
6412,294.65125,4.688875
6413,248.9375,4.4699125
6414,267.04,4.5991875
6415,282.25000000000006,4.6664375
6416,282.79999999999995,4.705049999999999
6417,267.2025,4.5564875
6418,264.18,4.6094375
6419,274.60625000000005,4.7333750000000006
6420,256.2575,4.7791250000000005
6421,259.1075,4.965787499999999
6422,260.135,5.0997375
6423,261.65,5.303975
6424,269.2475,5.193249999999999
6425,284.9825,5.281362499999999
6426,278.97625,5.4065125
6427,243.65,5.2380375
6428,263.89125,5.302787500000001
6429,260.59000000000003,5.43625
6430,268.21999999999997,5.5786875
6431,244.95250000000004,5.436137499999999
6432,216.34875,5.4775374999999995
6433,268.41,5.7070875
6434,272.2825,5.6476875
6435,237.2375,5.602124999999999
6436,261.91125,5.7275374999999995
6437,282.55125,5.9247749999999995
6438,263.465,5.996162500000001
6439,243.76125,5.848987500000001
6440,261.03,6.068725
6441,261.65250000000003,6.0734875
6442,218.45000000000002,6.0420125
6443,241.1725,6.200349999999999
6444,230.45,6.3773
6445,231.20499999999998,6.558387499999999
6446,203.74374999999998,6.31785
6447,227.49,6.443325
6448,240.55249999999998,6.3613375
6449,214.835,6.45855
6450,206.83624999999998,6.5102625
6451,215.40374999999997,6.6461250000000005
6452,199.97625,6.7763
6453,205.43875000000003,6.679825
6454,181.405,6.810412499999999
6455,204.48250000000002,6.927425
6456,209.58875,7.0297625
6457,211.8075,6.9144625
6458,199.75625,6.997462499999999
6459,205.89625,7.081887500000001
6460,182.24625,6.845199999999999
6461,199.81625,6.9225125
6462,186.72,6.9814875
6463,212.9675,6.9752374999999995
6464,181.82125,6.958499999999999
6465,202.06500000000003,7.054662499999999
6466,195.5125,7.0677625
6467,188.89125,7.0493375
6468,171.00749999999996,7.051474999999999
6469,176.50250000000003,7.115537499999999
6470,197.5775,7.171950000000001
6471,205.70000000000002,7.2905
6472,183.02499999999998,7.219525000000001
6473,179.39249999999998,7.2852500000000004
6474,192.38375000000002,7.3612625
6475,170.90124999999998,7.3466625
6476,185.90249999999997,7.3065875
6477,187.89000000000001,7.3321000000000005
6478,161.98125,7.3861875
6479,191.09625,7.3649
6480,205.66750000000002,7.515762499999999
6481,173.18250000000003,7.5415375
6482,179.13375000000002,7.645025
6483,189.26875,7.742474999999999
6484,178.72375000000002,7.847225
6485,169.06625,7.9523625
6486,165.95125,8.050049999999999
6487,155.87875000000003,8.143762500000001
6488,142.345,8.2287
6489,146.45625,8.280475000000001
6490,182.91750000000002,8.4109375
6491,164.28999999999996,8.456787499999999
6492,127.6525,8.4743125
6493,151.65625,8.503712499999999
6494,119.6225,8.5345125
6495,137.04749999999999,8.559199999999999
6496,157.07,8.58305
6497,139.38625000000002,8.6106125
6498,139.07625,8.629312500000001
6499,150.54749999999999,8.658475000000001
6500,139.30625,8.6813625
6501,138.765,8.718800000000002
6502,141.92624999999998,8.74995
6503,150.38500000000002,8.78285
6504,131.4525,8.803662500000002
6505,151.41000000000003,8.8501875
6506,112.36625,8.8656875
6507,142.02,8.907950000000001
6508,129.74,8.925350000000002
6509,125.03000000000002,8.9489625
6510,137.34624999999997,9.001025
6511,134.20428571428573,9.002742857142858
6512,132.0125,9.1969375
6513,126.38,9.222342857142857
6514,109.9,9.269475
6515,111.65857142857142,9.2373
6516,110.03500000000001,9.28285
6517,117.0442857142857,9.237328571428572
6518,118.0325,9.28315
6519,115.985,9.28315
6520,127.095,9.2831625
6521,142.86,9.28335
6522,106.215,9.2833125
6523,109.49374999999999,9.283337499999998
6524,102.48875,9.2833375
6525,132.63,9.31785
6526,123.66749999999999,9.402199999999999
6527,119.54750000000001,9.41305
6528,121.93500000000002,9.419575
6529,113.41375,9.438325
6530,119.6325,9.438337500000001
6531,119.61999999999999,9.4387875
6532,129.9425,9.031875
6533,133.51875,8.583425
6534,138.54625000000001,8.622449999999999
6535,130.14000000000001,8.6682375
6536,151.30875,8.733424999999999
6537,124.72375,8.7985375
6538,118.25625,8.858849999999999
6539,126.26624999999999,8.888649999999998
6540,139.0775,8.911612499999999
6541,131.75625000000002,8.930774999999999
6542,136.8275,8.9422
6543,126.73999999999998,8.9493875
6544,140.92874999999998,8.968425
6545,104.03000000000002,8.974287499999999
6546,120.22375,8.986525
6547,123.97875,8.99515
6548,114.8925,9.013637500000002
6549,123.93375,9.0588125
6550,142.27499999999998,9.1460625
6551,126.56875000000002,9.252125000000001
6552,114.3775,9.2661
6553,127.5475,9.276975
6554,135.17249999999999,9.287337500000001
6555,131.2575,9.302475000000001
6556,132.92875,9.314100000000002
6557,134.7075,9.330250000000001
6558,111.64,9.337900000000001
6559,144.66500000000002,9.373537500000001
6560,110.675,9.38325
6561,110.11500000000001,9.391312500000002
6562,126.91000000000001,9.40385
6563,130.43,9.4124625
6564,130.51999999999998,9.4247
6565,128.02625,9.519775
6566,117.63875,9.5278625
6567,128.58124999999998,9.5282125
6568,144.8975,9.5284125
6569,143.91500000000002,9.553550000000001
6570,115.73750000000001,9.554450000000001
6571,130.81875,9.579125000000001
6572,108.69624999999999,9.579137500000002
6573,110.12875,9.578425000000003
6574,106.52749999999999,9.578412500000002
6575,131.30125,9.58555
6576,114.555,8.9780125
6577,147.12124999999997,8.5915125
6578,169.58124999999998,7.946775000000001
6579,158.72625,8.025625000000002
6580,143.17000000000002,8.11695
6581,123.1425,8.221725000000001
6582,128.90249999999997,8.3557625
6583,130.4925,8.456375
6584,156.45,8.5142625
6585,171.23625,8.56245
6586,176.3,8.5905
6587,160.53375,7.749225000000001
6588,182.68,7.804837500000001
6589,175.76125,7.872987500000001
6590,158.34875,7.9374625
6591,127.22875,8.02045
6592,140.02,8.101025
6593,157.15125,8.1815125
6594,168.4425,8.223825000000001
6595,164.64625,8.274375000000001
6596,156.42875,8.3085375
6597,191.07875,8.345450000000001
6598,169.88125,8.3931375
6599,165.30624999999998,8.443975
6600,168.15125,8.491112500000002
6601,161.00125,8.5261
6602,143.6975,8.5606125
6603,168.78250000000003,8.6063625
6604,161.39875,8.653275
6605,148.52375,8.6840625
6606,146.5,8.505475
6607,175.53125,7.891424999999999
6608,217.2325,8.032387500000002
6609,197.61125000000004,8.221975
6610,154.90875000000003,8.347299999999999
6611,167.86125,8.486637499999999
6612,162.01125,8.5612
6613,174.60875000000001,8.6235
6614,174.91125,8.6538875
6615,165.96625,8.6840625
6616,149.60875,8.7015375
6617,154.58375,8.72535
6618,149.18374999999997,8.7730625
6619,162.77874999999997,8.8861375
6620,149.41125,8.905850000000001
6621,135.61142857142858,8.8098
6622,135.32125000000002,8.9269
6623,140.44857142857146,8.837342857142858
6624,149.825,8.9535
6625,124.79857142857144,8.87457142857143
6626,140.05875,8.9820375
6627,157.74285714285716,7.914785714285713
6628,171.02499999999998,8.177399999999999
6629,151.805,8.232325
6630,146.8225,8.3170375
6631,128.13,8.401274999999998
6632,127.56625,8.493549999999999
6633,130.465,8.5310375
6634,147.4425,8.563375
6635,148.47,8.597425000000001
6636,135.72625,8.61655
6637,131.2575,8.636225
6638,155.82375,8.757862500000002
6639,138.775,8.7637
6640,146.67,8.799425
6641,128.93375,8.835362499999999
6642,120.27999999999999,8.847175
6643,132.77125,8.857412499999999
6644,136.2025,8.871762499999999
6645,117.54,8.8914875
6646,152.58499999999998,8.89875
6647,155.185,8.142975
6648,158.275,8.182862499999999
6649,171.51125000000002,8.2138375
6650,149.37125,7.4759875
6651,169.46499999999997,7.610812499999999
6652,157.72125000000003,7.7294875
6653,165.00375,7.8585625
6654,176.97875,7.947587500000001
6655,155.5925,8.0318625
6656,193.91875000000002,8.1658875
6657,161.22875,8.22425
6658,173.79625000000001,8.3154125
6659,167.39375,8.401850000000001
6660,165.86375,8.506225
6661,163.29749999999999,8.5364875
6662,187.88625,8.5643875
6663,161.99749999999997,8.5868125
6664,152.73749999999998,8.6102375
6665,124.3675,8.627875000000001
6666,151.345,8.650125000000001
6667,158.74857142857144,8.535357142857142
6668,154.5725,8.70225
6669,146.54000000000002,8.581828571428572
6670,147.72750000000002,8.7508125
6671,145.53428571428572,8.648185714285715
6672,119.35000000000001,8.8114125
6673,153.3942857142857,8.7226
6674,130.53875,8.855599999999999
6675,137.88,8.76752857142857
6676,117.75625,8.916025
6677,135.52,8.817485714285715
6678,153.97624999999996,9.0999
6679,147.55714285714288,9.074200000000001
6680,140.66875000000002,9.176525000000002
6681,154.70714285714286,9.17742857142857
6682,136.02625,9.295012500000002
6683,136.79375,9.3015375
6684,136.62,9.301575
6685,124.94125,9.3007875
6686,118.67375000000001,9.3007875
6687,120.92375000000001,9.300862500000001
6688,115.40125,9.300875000000001
6689,113.7375,9.300912499999999
6690,115.4125,9.3009625
6691,112.63374999999999,9.3010125
6692,110.98125000000002,9.301
6693,128.51125,9.308275
6694,120.54125,9.308275
6695,115.745,9.3082625
6696,104.64125,9.308312500000001
6697,108.23125,9.308325000000002
6698,117.21625,9.3083625
6699,114.95857142857142,9.403514285714285
6700,107.6225,9.3209
6701,120.60000000000001,9.409300000000002
6702,114.2175,9.331325000000001
6703,122.79142857142857,9.4237
6704,128.90375,9.4277875
6705,119.75833333333333,9.388033333333334
6706,104.01249999999999,9.4437
6707,128.39428571428576,9.441042857142858
6708,119.3675,9.4734125
6709,125.53857142857143,9.449757142857143
6710,115.60749999999999,9.4808125
6711,105.9075,9.480825000000001
6712,109.08999999999999,9.4808125
6713,122.24875,9.4808125
6714,115.345,9.480825000000001
6715,124.3725,9.480887500000001
6716,115.0575,8.619162500000002
6717,155.49875,8.748175
6718,130.34375,8.78105
6719,136.04625000000001,8.8081375
6720,134.2125,8.8425875
6721,144.47625,8.871475000000002
6722,139.81125,8.9064125
6723,166.9025,8.997925
6724,143.6175,9.0650375
6725,129.64375,9.093825
6726,129.68625,9.1203
6727,158.84625,9.1477875
6728,138.98624999999998,9.1661
6729,129.43374999999997,9.186187499999999
6730,138.34375,9.207125
6731,130.07625000000002,9.2250125
6732,128.9975,9.2424125
6733,128.27875,9.26065
6734,154.35750000000002,9.3057125
6735,111.44875,9.327499999999999
6736,117.73375,9.347
6737,119.55125000000001,9.3530625
6738,117.42125,9.3601375
6739,106.61,9.36835
6740,117.38124999999998,9.382725
6741,135.91,8.844975
6742,134.49499999999998,8.55705
6743,133.5385714285714,8.445385714285715
6744,135.14374999999998,8.6513375
6745,141.82285714285715,8.529071428571429
6746,136.68125,8.728250000000001
6747,161.9114285714286,8.653771428571428
6748,138.475,8.852075000000001
6749,146.3557142857143,8.788185714285714
6750,151.19625,8.937125
6751,149.2325,8.960975
6752,131.86625,8.979812500000001
6753,140.97875,9.010875
6754,133.2525,8.164475
6755,180.9275,8.22645
6756,175.72750000000002,8.280375
6757,163.96125,7.665800000000001
6758,164.96875,7.730287500000001
6759,168.32999999999998,7.797712499999999
6760,171.45125,7.806025
6761,171.17375,7.876725
6762,154.22625,7.912025
6763,181.00875000000002,7.975574999999999
6764,175.30500000000004,7.339637499999999
6765,168.905,7.168425
6766,192.75625,7.260125
6767,208.85500000000002,7.333549999999999
6768,198.4125,7.42195
6769,195.39999999999998,7.52095
6770,182.41875000000002,7.614212499999999
6771,163.87625,7.703525000000001
6772,191.33375,7.8165625
6773,158.74375,7.6642875
6774,160.18499999999997,7.7371125
6775,165.23,7.801712500000001
6776,160.87125,7.872812499999999
6777,173.9975,7.97435
6778,181.44625000000002,8.0360875
6779,175.02,8.097674999999999
6780,197.53250000000003,8.1590375
6781,164.57874999999999,7.1189875
6782,196.7025,7.225749999999999
6783,191.70749999999998,7.3266124999999995
6784,178.95,7.412774999999999
6785,175.26625,7.433112499999999
6786,187.82375,6.8984250000000005
6787,200.40125,6.996700000000001
6788,212.22125,7.1069125
6789,180.79875,6.915525
6790,201.71625,6.969475
6791,208.255,7.0570875
6792,203.7625,7.0868375
6793,206.4625,7.1876125
6794,207.585,7.2714
6795,203.47875,7.3863125
6796,206.15625,7.4895125
6797,183.63875000000002,6.8035625
6798,191.57375,6.7522
6799,189.6725,6.6328625
6800,214.20375,6.645925
6801,218.20375,6.729475
6802,208.85750000000002,6.7543999999999995
6803,233.78625,6.881124999999999
6804,215.24375,6.919100000000001
6805,201.07625000000002,6.947900000000001
6806,186.18625,6.9710875
6807,184.5625,6.8219875
6808,214.45,6.611287499999999
6809,198.22625000000002,6.2735375
6810,211.67249999999999,6.40045
6811,230.09625,6.484800000000001
6812,200.58249999999998,5.452350000000001
6813,266.77375,5.629787499999999
6814,230.08,5.721637500000001
6815,230.42125000000001,5.607575
6816,238.13875,5.7074625
6817,255.16749999999996,5.8923625
6818,246.85375,6.041125
6819,252.82875,5.944537500000001
6820,257.60875,6.08385
6821,273.60999999999996,5.884462499999999
6822,271.025,5.235837500000001
6823,273.2025,5.2424124999999995
6824,264.76,5.409274999999999
6825,252.90375,5.27465
6826,281.86375000000004,4.5698875
6827,285.68500000000006,4.6558125
6828,293.19874999999996,4.7747125
6829,287.505,4.8831375
6830,268.12375000000003,4.820825
6831,268.495,4.9160375
6832,269.98625,4.8514125
6833,292.56428571428575,4.811642857142857
6834,262.6525,3.9621375000000003
6835,295.17857142857144,3.9900857142857147
6836,303.87375,4.3565
6837,308.48999999999995,4.427885714285715
6838,285.89125,4.5393875
6839,293.53714285714284,4.595442857142857
6840,293.67999999999995,4.881325
6841,272.10125000000005,4.363275
6842,280.1225,4.2735875
6843,299.80875000000003,4.4333625
6844,275.5675,4.5836875
6845,283.9725,4.778912500000001
6846,261.6975,4.930425
6847,273.37,5.119737499999999
6848,278.6875,5.235625
6849,256.345,4.9205749999999995
6850,241.81374999999997,4.5616625
6851,278.86875,4.753975
6852,264.73375000000004,4.7709625
6853,271.59625,4.951762499999999
6854,278.175,5.1002375
6855,270.83750000000003,5.2688749999999995
6856,245.06749999999997,5.3067
6857,274.39625,5.465937499999999
6858,216.34125,4.9454625
6859,260.88625,4.7729124999999994
6860,263.60625,4.3418625
6861,274.305,4.533087500000001
6862,273.54625000000004,4.6698625
6863,276.67375000000004,4.7347
6864,292.33374999999995,4.9057375
6865,272.39875,4.7875125
6866,289.58,4.505587500000001
6867,289.5125,4.536849999999999
6868,268.825,4.6427375
6869,266.5,4.810325000000001
6870,262.49,4.222787500000001
6871,288.22749999999996,4.1917875
6872,292.30375,4.335500000000001
6873,312.83125,4.133225
6874,302.8125,4.055312499999999
6875,287.48375,3.957025
6876,312.11875,4.0950125
6877,285.41374999999994,4.0630250000000006
6878,282.32,4.2195125
6879,294.78875,4.2972
6880,291.27250000000004,4.1860375
6881,289.775,3.510975
6882,310.77000000000004,3.512325
6883,313.17249999999996,3.707975
6884,319.895,3.8518624999999997
6885,298.17875000000004,3.7823874999999996
6886,326.32375,3.9625875
6887,293.92749999999995,3.6475500000000003
6888,309.91625,3.5816875
6889,331.30625,3.7895125000000003
6890,319.28749999999997,3.9177625
6891,310.53375,3.9163375
6892,300.80749999999995,3.822125
6893,316.10125000000005,3.9698624999999996
6894,316.59875,3.989075
6895,312.60625,4.1872375
6896,289.305,3.8518
6897,317.505,4.0030875
6898,309.28000000000003,3.9424
6899,320.71125,4.15405
6900,301.61375,4.276325
6901,282.9675,4.1669375
6902,293.61625,3.7305250000000005
6903,307.9325,3.3920875
6904,320.38374999999996,3.4805249999999996
6905,297.37625,3.2735749999999997
6906,319.40375000000006,3.4589875
6907,324.15500000000003,3.60625
6908,331.35875,3.727875
6909,282.82125,3.5356375
6910,313.36249999999995,3.6373749999999996
6911,319.42125,3.800325
6912,296.30625,3.5615375
6913,303.7475,3.4846875000000006
6914,311.46125,3.5951
6915,313.00499999999994,3.7078875
6916,311.43375000000003,3.847375
6917,295.7575,3.8282625
6918,306.76625,3.87155
6919,316.50624999999997,3.984825
6920,310.0775,3.90475
6921,293.04,3.8424749999999994
6922,306.67875,3.9880375
6923,316.295,4.17765
6924,291.03125,4.2315875
6925,294.63624999999996,3.7677875000000003
6926,291.67875,3.8173125
6927,286.52875,3.9735
6928,281.20124999999996,3.6585625000000004
6929,314.09499999999997,3.6139374999999996
6930,305.945,3.6813625
6931,316.91375,3.7820624999999994
6932,301.84125000000006,3.8839125
6933,316.5825,4.109062499999999
6934,284.46625,3.798475
6935,288.95124999999996,3.9682749999999998
6936,271.80499999999995,3.9100250000000005
6937,318.6325,4.117675
6938,311.31125000000003,4.207162500000001
6939,297.2,3.5825750000000003
6940,304.415,3.7668
6941,318.44625,3.922175
6942,287.9475,3.8472875
6943,285.0625,4.019575
6944,284.87499999999994,4.0543375
6945,282.90125,4.171925000000001
6946,282.70000000000005,4.4305875
6947,288.30875,4.4449
6948,283.45125,3.9497125000000004
6949,303.55,4.071375
6950,294.49750000000006,4.0227125
6951,314.57125,4.2495
6952,288.87375000000003,4.2885625
6953,261.83625,4.319562500000001
6954,279.34874999999994,3.8794125000000004
6955,320.22625000000005,3.6971375
6956,312.10749999999996,3.5740750000000006
6957,299.89,3.5114625
6958,316.255,3.7587249999999996
6959,302.51125,3.87935
6960,317.78875,4.0951875
6961,289.0775,3.6460375000000003
6962,302.01250000000005,3.6309625000000003
6963,336.0762500000001,3.7526625000000005
6964,316.65999999999997,3.8584625000000004
6965,300.60625,3.9691750000000003
6966,298.305,4.2278875
6967,276.16375,4.3099375
6968,258.8925,4.071887500000001
6969,275.2325,4.0514874999999995
6970,270.92875,4.1724125
6971,278.67625,4.291987499999999
6972,281.5137500000001,3.8321624999999995
6973,274.12500000000006,3.9793874999999996
6974,291.91625,3.8042875000000005
6975,281.35,3.3226875000000002
6976,320.215,3.4125625
6977,337.2125,3.5445500000000005
6978,301.91625,3.4701750000000002
6979,315.69000000000005,3.4980375
6980,310.95125,3.631025
6981,276.66625,3.6123249999999993
6982,309.51750000000004,3.90215
6983,259.67375,3.9165875
6984,267.3175,3.755275
6985,288.39625,3.9651875
6986,270.12,4.0417625
6987,260.8375,4.0046
6988,296.58874999999995,4.065637499999999
6989,300.84375,3.71815
6990,296.03875000000005,3.5894125
6991,335.15749999999997,3.7935875
6992,314.9575,3.9145874999999997
6993,288.5775,3.9464374999999996
6994,318.22375,3.9787375000000003
6995,317.12624999999997,4.168275
6996,309.3425,4.236
6997,261.35875,4.35405
6998,268.44375,4.691975
6999,247.38625,4.433737499999999
7000,252.37750000000003,4.541575
7001,297.35249999999996,4.8256375
7002,276.025,4.3988249999999995
7003,300.25874999999996,3.8624125000000005
7004,306.99625,4.0633875
7005,298.09625,4.1516375
7006,288.58125,3.9357874999999996
7007,308.72499999999997,4.1575
7008,302.0925,4.221625
7009,306.23625000000004,4.32745
7010,307.57375,4.3906374999999995
7011,275.32500000000005,3.9401125000000006
7012,297.25250000000005,3.90555
7013,280.94875,3.997425
7014,305.19374999999997,4.2496125
7015,269.96875,4.309025
7016,273.3725,4.437374999999999
7017,241.49125,4.5226375
7018,267.25374999999997,4.306875
7019,283.52875,3.7431375000000005
7020,308.4575,3.3358625
7021,332.34875,3.494675
7022,315.96875,3.4712125
7023,292.91999999999996,3.4491375
7024,307.82375,3.4335750000000003
7025,328.79625,3.5634625000000004
7026,302.82000000000005,3.5597250000000003
7027,310.02375,3.6614125
7028,296.14000000000004,3.8267874999999996
7029,289.03874999999994,3.77475
7030,305.0275,4.0343625
7031,296.6875,4.11945
7032,288.88375,4.2978250000000005
7033,304.91125,4.0144625000000005
7034,296.43125,4.103575
7035,254.85750000000002,3.45195
7036,310.4025,3.6703625
7037,310.27,3.8909000000000002
7038,282.20750000000004,4.0249500000000005
7039,290.70375,3.9421375000000003
7040,286.23375,3.6660375000000003
7041,310.0075,3.8243625000000003
7042,308.9325,3.8424374999999995
7043,329.91625,4.0655125000000005
7044,318.07124999999996,4.181312500000001
7045,301.58000000000004,4.3978874999999995
7046,285.25375,4.658575
7047,232.265,4.546262499999999
7048,251.48624999999996,3.7656125
7049,303.9375,4.0236125000000005
7050,300.86749999999995,4.283125
7051,286.28,4.3680125
7052,292.13625,4.2732
7053,297.23125000000005,4.1586125
7054,297.04375,4.179175
7055,276.825,4.464975000000001
7056,271.605,4.601624999999999
7057,277.05375000000004,4.542949999999999
7058,283.64875,4.829587499999999
7059,263.78125,3.918525
7060,288.0175,3.554775
7061,309.20500000000004,3.7433625000000004
7062,324.96625,3.9966875
7063,294.83,4.156187500000001
7064,270.34875,4.214474999999999
7065,296.355,4.5665249999999995
7066,295.10249999999996,4.8024000000000004
7067,287.66,4.9193375
7068,283.02,4.335825
7069,318.6825,4.2171125
7070,319.22625,4.348962500000001
7071,329.77374999999995,4.292425
7072,283.08375,3.5942874999999996
7073,314.95125,3.5937249999999996
7074,334.03749999999997,3.6507625000000004
7075,319.14625,3.5250125
7076,302.35375,3.7596500000000006
7077,309.625,3.911125
7078,334.46999999999997,4.1343375
7079,305.1425,4.1167375
7080,313.04875000000004,4.262475
7081,322.57874999999996,4.3188125
7082,288.59625,4.232787500000001
7083,324.29875,4.46535
7084,283.69875,4.0969999999999995
7085,289.93375000000003,3.8308375
7086,322.28999999999996,3.9728624999999997
7087,292.02625,3.8379999999999996
7088,334.3375,4.08365
7089,320.77500000000003,4.290625
7090,296.91875,4.3153
7091,284.71625,3.9761875
7092,322.2025,4.0274125
7093,319.19,4.1129750000000005
7094,270.18625000000003,3.8578
7095,285.9825,4.05445
7096,283.44375,3.7481750000000003
7097,319.425,4.016125
7098,297.48625,4.0654125
7099,285.275,3.945525
7100,318.765,4.169849999999999
7101,323.8625,4.3853125
7102,302.6975,4.4930875
7103,298.08875,4.28285
7104,289.82,4.2938
7105,293.38625,4.188525
7106,293.62125,3.5227625
7107,320.08000000000004,3.543525
7108,330.005,3.7535499999999997
7109,322.34250000000003,3.9929125000000005
7110,300.02250000000004,4.140812500000001
7111,282.89625,3.9352375000000004
7112,328.59375,4.107425000000001
7113,282.9875,4.0298125
7114,312.41999999999996,4.157675
7115,282.65125,4.15715
7116,305.72125,4.144762500000001
7117,296.58625,4.030925
7118,324.4525,3.7645874999999998
7119,296.5,3.49755
7120,320.47375,3.6187875000000007
7121,321.3625,3.7758374999999997
7122,303.21625,3.7033750000000003
7123,310.96625,3.7951
7124,327.76375,4.0034374999999995
7125,319.72749999999996,4.1642125
7126,303.36625,3.9773124999999996
7127,307.70375,3.9483750000000004
7128,316.91749999999996,3.9791374999999998
7129,313.8375,4.1146125
7130,292.88624999999996,3.9479499999999996
7131,283.7675,3.6140000000000003
7132,326.3837500000001,3.7916
7133,297.93625,3.7677125
7134,307.81,3.8601124999999996
7135,319.46624999999995,4.08295
7136,296.87,4.0428625
7137,320.58500000000004,4.2644375
7138,298.605,4.1413625000000005
7139,282.74125000000004,3.8145499999999997
7140,308.5225,3.5888625000000003
7141,314.15625,3.8037624999999995
7142,310.1225,3.9327124999999996
7143,309.87750000000005,4.0651375
7144,301.1225,4.1331375
7145,302.68125000000003,4.2257375
7146,323.04375,4.054612499999999
7147,296.93125,4.1953125
7148,320.23625,4.420937499999999
7149,325.31125000000003,4.617725
7150,290.85375,4.355175000000001
7151,291.9025,4.535500000000001
7152,278.42,4.7920375
7153,282.29,3.9138874999999995
7154,285.28375,3.82555
7155,334.67375,4.054825
7156,303.8225,4.1819749999999996
7157,317.85125,4.4477625
7158,298.92875,4.541225
7159,288.4525,4.1078125
7160,307.4175,4.1451625
7161,308.31375,4.3384625
7162,290.21999999999997,4.428412499999999
7163,274.97249999999997,4.202875
7164,292.205,3.9975625
7165,282.185,3.936225
7166,308.25124999999997,4.1310875
7167,269.0275,4.2322999999999995
7168,265.82,4.424337500000001
7169,275.2175,4.6429125
7170,260.23375,4.6228750000000005
7171,274.66625,4.5058375
7172,279.54,4.5898375
7173,274.605,4.730175000000001
7174,252.01625,4.3407
7175,274.95,4.33465
7176,274.12875,4.47375
7177,253.51374999999996,4.5987625
7178,269.2,4.7285125
7179,262.45125,4.2289875
7180,291.51375,4.287599999999999
7181,300.14374999999995,4.4974375
7182,297.13625,4.6920625
7183,296.07125,4.9378375
7184,259.11875,4.488474999999999
7185,273.71750000000003,4.568525
7186,275.73,4.051399999999999
7187,312.52375,3.8760000000000003
7188,312.5900000000001,3.804675
7189,298.87375,3.8008375
7190,313.73375,4.015499999999999
7191,275.58750000000003,3.8867874999999996
7192,293.63,3.8810624999999996
7193,285.84875,3.9049125000000005
7194,296.23999999999995,4.125475
7195,282.42125,4.154075
7196,302.96000000000004,4.372062499999999
7197,270.1225,4.2460125
7198,286.76125,4.457387499999999
7199,265.96375,4.4556375
7200,258.34625,4.6003625
7201,249.92999999999998,4.6323
7202,259.79749999999996,4.752825
7203,256.29375000000005,4.526912500000001
7204,259.55375,4.6049750000000005
7205,266.90250000000003,4.6691875000000005
7206,245.21124999999998,4.705799999999999
7207,255.06875,4.825012500000001
7208,230.125,4.871487500000001
7209,250.8075,4.727925
7210,239.58249999999998,4.5226750000000004
7211,282.99125000000004,4.6639875
7212,250.53500000000003,4.0414125
7213,288.20125,4.1593375
7214,286.29125,4.038025
7215,284.1325,4.0015625
7216,264.5125,4.024025
7217,303.80125000000004,4.150875
7218,290.93499999999995,4.1179625
7219,305.2475,4.2997000000000005
7220,295.22875,3.6804875
7221,304.76374999999996,3.793975
7222,303.4125,3.9485749999999995
7223,311.69714285714286,4.068642857142857
7224,292.115,4.21835
7225,224.3242857142857,4.2763285714285715
7226,289.715,4.3448
7227,257.32714285714286,3.9828285714285707
7228,291.31624999999997,4.0431625
7229,293.9342857142857,4.194985714285714
7230,304.16249999999997,4.2325125
7231,288.01428571428573,4.547942857142857
7232,262.79625,4.232525
7233,288.54,4.261575
7234,296.5575,4.4077
7235,294.69124999999997,4.571700000000001
7236,280.8025,4.4840125
7237,271.10625,4.43415
7238,262.46875,4.333287500000001
7239,266.72,4.4331875
7240,253.4475,4.5369875
7241,258.755,4.7138
7242,263.865,4.7528999999999995
7243,269.07,4.303925
7244,265.7525,4.223625
7245,284.1,4.2507875
7246,275.68375,3.9960125
7247,290.28375,4.133375
7248,263.0325,3.9360625
7249,284.3775,4.019937499999999
7250,297.42375,4.0536375
7251,272.89,4.035625
7252,286.37624999999997,4.07395
7253,298.49625,4.1857125
7254,302.93125,4.40685
7255,265.21875,4.276375
7256,290.38875,4.3416375
7257,291.55875000000003,4.4633875
7258,301.8025,4.1147625
7259,279.625,3.8554125000000004
7260,295.9375,3.8015625
7261,320.40875,3.8642625
7262,306.61625000000004,3.9735124999999996
7263,290.13000000000005,3.63945
7264,311.49625000000003,3.8879750000000004
7265,294.065,3.916425
7266,243.6675,3.984075
7267,275.66625,4.2481374999999995
7268,286.46125,3.8661625
7269,327.62,4.0914125
7270,329.72624999999994,4.1969125
7271,297.525,4.17335
7272,290.87,4.364612500000001
7273,288.72375,4.538187499999999
7274,273.64374999999995,4.5625375
7275,235.79874999999998,4.19975
7276,294.5075,4.4050875000000005
7277,282.17625000000004,4.5634250000000005
7278,244.285,4.6074375
7279,257.78625,4.7042375
7280,248.54375000000002,4.756474999999999
7281,229.395,4.8369625
7282,240.33875,4.939225
7283,222.75625,4.9353
7284,237.18124999999998,5.076837499999999
7285,253.59375,5.1381499999999996
7286,231.10375000000002,5.143025000000001
7287,238.0975,5.148925000000001
7288,238.89875,5.1568875
7289,248.25625,5.2252374999999995
7290,243.06374999999997,5.28265
7291,235.80875,5.380975
7292,211.62625,5.054637499999999
7293,223.16500000000002,4.8638125
7294,220.14249999999998,4.853
7295,264.0425,4.991975
7296,283.39,4.4288875
7297,286.97125,4.45005
7298,282.39375,4.472425
7299,275.93,4.4767125000000005
7300,282.05500000000006,4.6316500000000005
7301,283.41999999999996,4.7661750000000005
7302,258.47625,4.2095625000000005
7303,275.39750000000004,3.8004125
7304,305.3675,3.857475
7305,322.37875,3.8250624999999996
7306,323.26875,3.9612125
7307,313.84125,4.0596375
7308,308.12624999999997,4.0952875
7309,300.50250000000005,3.943125
7310,308.14375,4.0259875
7311,304.10125,3.7324500000000005
7312,309.13375,3.8022125
7313,326.54375,3.893275
7314,311.51875,3.96865
7315,296.58375,3.9005125
7316,303.13374999999996,3.8014999999999994
7317,310.1225,3.8855875000000006
7318,326.0137500000001,3.9694624999999997
7319,295.19,3.9749375000000002
7320,290.50125,3.9795249999999998
7321,319.03375,3.5958
7322,284.02625,3.5538499999999997
7323,295.38375,3.7869375
7324,318.12125000000003,3.9920500000000008
7325,298.60625,4.0222375
7326,285.115,3.89015
7327,319.81125000000003,4.0115375
7328,317.38124999999997,4.04155
7329,323.79125000000005,4.214375
7330,288.02125,4.0671625
7331,316.95,4.191487499999999
7332,318.975,4.2469375
7333,284.27142857142854,4.246585714285714
7334,301.03125,3.9833
7335,327.24857142857144,4.271285714285715
7336,311.82875,4.2790125
7337,267.1728571428572,4.102
7338,271.50375,3.793425
7339,304.67571428571426,4.051542857142857
7340,321.38,4.1766499999999995
7341,306.35249999999996,4.106
7342,305.3075,4.14035
7343,309.61250000000007,4.2846
7344,329.61375,4.4332625
7345,325.7425,4.64055
7346,302.68125,4.6800125
7347,296.2425,4.4023625
7348,303.905,4.420025
7349,330.6112499999999,4.6333625
7350,285.6125,3.930425
7351,293.65,4.086675
7352,313.89875,4.244
7353,314.5175,4.2696000000000005
7354,301.9325,4.4280375
7355,284.56874999999997,4.4693125
7356,300.67375000000004,4.029637500000001
7357,314.84375,4.1790125
7358,296.15250000000003,4.158575000000001
7359,302.70875,4.27215
7360,294.435,3.7742875000000002
7361,302.46125,3.788637499999999
7362,315.14625,3.933075
7363,319.12875,3.9992750000000004
7364,314.71124999999995,4.1724875
7365,272.81625,4.1729875000000005
7366,312.23124999999993,4.443175
7367,277.42,4.0146749999999995
7368,290.08000000000004,4.2480625
7369,256.87,4.36295
7370,280.61249999999995,4.526574999999999
7371,307.17249999999996,4.718125000000001
7372,291.3775,4.8374875
7373,294.885,4.958099999999999
7374,282.1525,5.099125000000001
7375,275.77125,5.314287500000001
7376,276.82124999999996,5.519799999999999
7377,245.27625,4.6831875
7378,264.435,4.454225
7379,298.41875000000005,4.638787499999999
7380,333.90500000000003,4.8281625
7381,304.56875,4.899925
7382,292.9475,4.571287499999999
7383,284.59000000000003,4.7221375000000005
7384,275.17625,4.902375
7385,252.8425,5.1306125
7386,222.12,4.49975
7387,248.20750000000004,4.4932625
7388,286.78625,4.7124125
7389,305.12375,4.8857625
7390,275.13374999999996,4.943312499999999
7391,267.1325,4.9591875
7392,293.27125,5.1758625
7393,289.13875,5.3121375
7394,270.185,5.35375
7395,268.97125,5.170137499999999
7396,255.80125,4.3660499999999995
7397,267.2525,4.3636375
7398,259.25,4.1068500000000006
7399,267.2975,4.0239625
7400,271.41125,4.1366125
7401,249.45375,4.1527375
7402,264.72125,4.2084375
7403,265.4985714285714,4.378328571428572
7404,283.49625000000003,4.3958125
7405,248.54571428571427,4.6110999999999995
7406,260.7525,4.7471375
7407,263.0185714285714,4.469157142857143
7408,253.195,4.6404875
7409,284.0085714285715,4.587585714285715
7410,276.1275,4.916025
7411,261.17125,5.0975125
7412,244.64499999999998,5.085975
7413,249.15714285714284,4.5535428571428564
7414,247.13625,4.85005
7415,247.4828571428571,4.853728571428571
7416,238.8175,5.1347
7417,240.83714285714288,4.221471428571428
7418,260.94875,4.3982875
7419,274.8471428571429,4.294542857142857
7420,256.88124999999997,4.5881125
7421,259.42999999999995,4.704625
7422,246.47624999999996,4.8686
7423,230.83374999999998,4.9663625
7424,224.3775,4.5584875
7425,236.58625,4.6747
7426,224.87500000000003,4.850725
7427,202.8,5.153128571428572
7428,229.41124999999997,5.183625
7429,205.8814285714286,5.556928571428572
7430,226.3825,5.0011624999999995
7431,191.08,5.432183333333334
7432,211.63375000000002,5.254625
7433,174.87166666666667,5.695316666666667
7434,223.145,5.533925
7435,198.17571428571426,5.790814285714285
7436,199.18874999999997,5.1705625
7437,204.12142857142857,5.6089714285714285
7438,229.185,5.0896
7439,219.14249999999998,5.291487500000001
7440,221.13999999999996,5.4979875
7441,223.71249999999998,5.1573625000000005
7442,215.04625000000001,5.3409875
7443,214.01625,5.486400000000001
7444,198.66500000000002,5.4209875
7445,172.08999999999995,5.1783625
7446,181.0675,5.3154125
7447,191.83125,5.453437500000001
7448,194.29250000000002,5.6209999999999996
7449,183.66125000000002,5.7944125
7450,192.26999999999998,5.975737500000001
7451,188.05874999999997,5.214449999999999
7452,197.1225,5.304024999999999
7453,224.39749999999998,5.5194625
7454,221.22,5.7198
7455,198.03375,5.2332125000000005
7456,219.89249999999998,5.3963125000000005
7457,209.79125,5.558487499999999
7458,209.51000000000002,5.389125
7459,185.11875,5.2612749999999995
7460,163.92875,4.78715
7461,202.05375,4.933362499999999
7462,194.3475,4.9941375
7463,186.60625000000002,5.07075
7464,184.97749999999996,5.1852625
7465,183.93375,5.315075
7466,174.6925,5.4756125
7467,171.74249999999998,5.6459625
7468,162.515,5.20625
7469,168.97875000000002,5.312337500000001
7470,166.02125,5.4149
7471,172.23625,5.511349999999999
7472,153.33999999999997,5.553700000000001
7473,156.97571428571428,5.587085714285714
7474,171.93249999999998,5.731625
7475,159.24999999999997,5.849785714285715
7476,153.04625,5.8146875
7477,176.90285714285716,5.248128571428572
7478,173.08999999999997,5.260612500000001
7479,203.44571428571427,5.341342857142856
7480,183.86374999999998,5.270225
7481,157.77375,4.926075
7482,162.56750000000002,5.0095375
7483,171.81625,5.092025
7484,177.05,5.183037499999999
7485,138.66375,5.28895
7486,133.73875,5.4197
7487,132.03375,5.095149999999999
7488,151.2225,5.2075625
7489,145.84375,5.275737500000001
7490,134.57249999999996,5.3354125
7491,132.15249999999997,5.4502625
7492,126.4475,5.5562875
7493,128.36,4.98695
7494,132.79749999999999,5.054250000000001
7495,142.225,5.1447125
7496,141.21625,4.79365
7497,128.81875000000002,4.835225
7498,140.88875,4.8811125
7499,162.28500000000003,4.9365749999999995
7500,158.005,4.983975
7501,155.5975,5.0294125
7502,144.50875,5.067324999999999
7503,123.79749999999999,5.106087500000001
7504,104.6375,5.14405
7505,103.75500000000002,5.182712500000001
7506,105.14625000000001,5.223999999999999
7507,105.29499999999999,5.261925
7508,109.05000000000001,5.2959
7509,104.59125000000003,5.3335125
7510,112.13624999999999,5.380299999999999
7511,114.61125000000001,5.4931375
7512,110.90875,5.2524125
7513,129.61249999999998,4.9801125
7514,132.71875,5.0291625
7515,136.10625,5.0839625
7516,128.42125000000001,5.130050000000001
7517,121.435,5.1781
7518,114.28875,5.2220249999999995
7519,114.41875,5.263387499999999
7520,125.56000000000002,5.1126375
7521,129.37375,5.1717625
7522,149.315,5.2777375
7523,129.32125,5.339049999999999
7524,129.9425,4.788524999999999
7525,149.2225,4.8323125000000005
7526,151.47875,4.844825
7527,159.79874999999998,4.911175000000001
7528,155.67125000000001,4.9703625
7529,135.56375,5.0289375000000005
7530,134.88375,5.072375
7531,132.35,5.1061499999999995
7532,130.43875,5.034549999999999
7533,144.00125,5.080237500000001
7534,146.9825,5.1079125
7535,138.39875,5.1186875
7536,126.48250000000002,5.155975
7537,136.10125,5.198049999999999
7538,128.24375,5.248525
7539,131.07625000000002,5.281599999999999
7540,121.67375,5.3153375
7541,123.8425,5.347562499999999
7542,116.14375000000001,5.373825
7543,123.11249999999998,5.427975
7544,116.74624999999999,5.5348375
7545,109.5075,5.304525
7546,141.7025,5.16135
7547,170.16375000000002,5.220625
7548,173.26375,5.2635749999999994
7549,147.62375,5.311412499999999
7550,158.775,5.133675
7551,159.4025,4.7358125
7552,179.74875,4.8151125
7553,193.19625000000002,4.8926125
7554,181.10500000000002,4.992287500000001
7555,140.865,5.0805875
7556,136.0175,5.161500000000001
7557,144.60875000000001,5.1983625
7558,147.32999999999998,5.1180375
7559,151.755,5.142925
7560,166.96375,4.3533
7561,207.4675,4.358025
7562,202.75250000000003,4.4265375
7563,225.425,4.52855
7564,198.8125,4.6105
7565,195.55625,4.072737500000001
7566,207.16000000000003,4.1088375
7567,206.44750000000002,4.1949
7568,198.77750000000003,4.27135
7569,179.5725,4.3051625
7570,157.36625,4.4379125
7571,156.42875,4.06975
7572,206.22375,4.1453
7573,199.7975,4.1757
7574,166.17000000000002,4.132175
7575,198.54285714285714,4.207357142857143
7576,193.725,4.28635
7577,194.82857142857142,4.331557142857143
7578,177.4075,4.404400000000001
7579,187.04571428571427,4.326428571428572
7580,190.97875000000002,4.21175
7581,212.1485714285714,4.329114285714286
7582,207.66125,4.477212499999999
7583,198.2757142857143,4.631242857142857
7584,170.19375,4.339812499999999
7585,173.77375000000004,4.2613125
7586,195.18125,4.1867
7587,217.42375,4.1598250000000005
7588,212.1325,4.2495125
7589,206.515,4.0959875
7590,194.01375000000002,4.1583125
7591,220.93,4.100287499999999
7592,239.51000000000002,4.0697375000000005
7593,230.31875,4.20595
7594,189.83125,4.0514624999999995
7595,210.4775,4.15325
7596,215.25625000000002,4.182487500000001
7597,212.96499999999997,4.25305
7598,227.8275,4.1312
7599,203.965,4.068975000000001
7600,234.1575,4.168150000000001
7601,226.45625,4.203175
7602,227.32999999999998,4.3264000000000005
7603,217.44875000000002,4.495125
7604,186.33874999999995,4.365024999999999
7605,213.78625000000002,4.0026
7606,248.20499999999998,4.0483
7607,234.66,4.0972875
7608,242.96625,4.195425
7609,223.4,4.1314375
7610,220.0925,4.0605375
7611,233.06625000000003,4.121862500000001
7612,245.33125,4.2564
7613,223.09124999999997,4.333287499999999
7614,207.32375,4.3606375
7615,215.2325,4.4977125000000004
7616,204.77125,4.727374999999999
7617,186.21124999999998,4.537025
7618,210.7775,3.8543749999999997
7619,262.85625000000005,3.9912125000000005
7620,271.74625,3.9860375000000006
7621,257.82625,3.9527875
7622,246.07625,3.8870125000000004
7623,271.76374999999996,3.975250000000001
7624,258.16999999999996,4.0095
7625,249.35,3.9638250000000004
7626,265.77874999999995,3.9884500000000003
7627,249.54,4.0327
7628,237.3225,4.207075
7629,251.37125,4.34445
7630,200.68375,4.0005625
7631,243.4525,4.1264875
7632,266.19374999999997,3.8316500000000002
7633,283.27625,3.8472999999999997
7634,299.325,3.8559125
7635,293.37125000000003,3.650575
7636,314.915,3.7220375000000003
7637,334.62375000000003,3.9277375
7638,296.6825,3.8723
7639,307.49875,3.82585
7640,316.38624999999996,3.8091125
7641,301.09000000000003,3.9451625000000003
7642,293.52125,4.217125
7643,279.73125,4.0319375
7644,252.50625000000002,3.918225
7645,305.37750000000005,3.9737125
7646,275.95,3.964775
7647,308.80125,4.01085
7648,321.54125,4.155225
7649,296.8025,4.0921
7650,316.88250000000005,4.2263
7651,315.19,4.4358875
7652,305.38249999999994,4.4844
7653,299.65125,4.5340625
7654,275.68625000000003,4.527825
7655,265.8125,4.07505
7656,275.33624999999995,4.1390625
7657,275.61,4.0022874999999996
7658,248.87124999999997,4.0057375
7659,279.1775,3.8004625
7660,305.06,4.011887499999999
7661,304.09125,3.8502125
7662,302.40749999999997,3.7328499999999996
7663,308.19875,3.8454
7664,304.35249999999996,3.8201250000000004
7665,323.5625,3.9728875
7666,320.31125000000003,4.1035875
7667,287.04499999999996,3.9220499999999996
7668,313.645,3.9570499999999997
7669,305.40125,4.156874999999999
7670,289.23875,4.4022875
7671,276.77375,4.4195375
7672,260.70374999999996,4.4915
7673,268.36,4.4929375
7674,281.42,4.5632125
7675,268.11,4.4959375
7676,293.97875,4.380725
7677,292.51,3.8953499999999996
7678,297.495,3.84255
7679,322.29625,3.986825
7680,330.9525,4.163349999999999
7681,278.2425,3.8787124999999993
7682,307.02875,3.8829500000000006
7683,307.16625,3.9000375
7684,323.09749999999997,4.1122375
7685,300.14625,4.0155
7686,317.10999999999996,4.158425
7687,313.03749999999997,4.1786125
7688,330.31875,4.327375
7689,300.16625,4.183725
7690,299.25749999999994,4.196550000000001
7691,307.22624999999994,4.275424999999999
7692,307.24749999999995,4.3694999999999995
7693,319.46375,4.2236625
7694,293.13374999999996,4.01465
7695,293.805,3.7648625
7696,316.0625,3.8727375
7697,310.6925,3.9304125
7698,296.9375,3.8276250000000003
7699,336.73999999999995,4.003799999999999
7700,288.3,3.951925
7701,299.27625,4.0172
7702,302.53375,4.1718375
7703,299.95625,4.1142625
7704,312.26,4.0449
7705,313.57875,4.0377125
7706,305.56874999999997,4.1242625
7707,315.18625,4.1924625
7708,294.45500000000004,4.205150000000001
7709,318.76875,4.2757125
7710,303.58125,4.371175000000001
7711,320.79499999999996,4.483875
7712,312.65500000000003,4.2889875
7713,304.26125,4.481025
7714,306.20875,4.423749999999999
7715,285.14625,3.8884374999999998
7716,319.225,4.101275
7717,323.255,4.1545375
7718,313.46625,4.38025
7719,291.21124999999995,4.1454249999999995
7720,297.61375,4.2522125
7721,306.37,4.1923625
7722,321.56,4.270625
7723,317.65375000000006,4.462724999999999
7724,288.85749999999996,4.3319875
7725,304.28625,4.407375
7726,320.40999999999997,4.389675
7727,297.02625,3.8558125
7728,287.66999999999996,3.8141874999999996
7729,327.88625,3.9697
7730,330.255,3.9717625
7731,308.08250000000004,3.8449124999999995
7732,309.58625,3.938625
7733,315.23749999999995,3.9371125000000005
7734,316.14,4.125675
7735,293.15124999999995,3.8062749999999994
7736,303.44375,3.83095
7737,320.56874999999997,3.9457875000000002
7738,324.31625,4.052975
7739,297.7925,4.09825
7740,280.37750000000005,4.064887499999999
7741,289.93125,3.942437500000001
7742,301.93,3.9383125000000003
7743,331.40999999999997,4.102675
7744,297.99375000000003,4.0722000000000005
7745,310.46625,4.241175
7746,283.0525,3.9961874999999996
7747,319.33,4.1365
7748,314.59375,4.2596625
7749,318.9275,4.4368375
7750,295.47375,4.5493375
7751,259.90999999999997,4.5289874999999995
7752,288.79375,4.3834
7753,310.095,4.4882125
7754,323.68625,4.7035125
7755,310.3025,4.778262499999999
7756,315.11375,4.378637499999999
7757,310.4175,4.3035375
7758,322.75125,4.4092875
7759,302.8975,4.447
7760,307.65875,4.4426625
7761,318.74875000000003,4.5505625
7762,315.30125,4.609325
7763,302.785,4.57625
7764,304.56624999999997,4.6598999999999995
7765,296.6275,4.7584
7766,286.14500000000004,4.736962499999999
7767,326.1775,4.9359874999999995
7768,324.21625,5.1658625
7769,315.21625,5.2722999999999995
7770,291.4175,5.27365
7771,297.34375,4.852125
7772,309.05375,4.505
7773,320.69875,4.4058375
7774,294.175,4.120225
7775,309.66249999999997,4.2281
7776,308.19750000000005,4.291475
7777,334.82375,4.483537500000001
7778,321.90625,4.4942874999999995
7779,312.54625,4.6083125
7780,275.86875000000003,4.59375
7781,288.4225,4.4492375
7782,325.86750000000006,4.5526375
7783,313.04375000000005,4.4774625
7784,297.785,4.371625
7785,304.75750000000005,4.4805625
7786,323.02750000000003,4.045374999999999
7787,316.12875,4.0088
7788,326.4337499999999,4.2579
7789,308.29375000000005,4.2501875
7790,320.875,4.4663125
7791,284.085,4.2916125
7792,312.16125,4.4955875
7793,312.29125,4.44405
7794,321.98375000000004,4.687250000000001
7795,285.26500000000004,4.4583
7796,300.16125,4.6723625
7797,290.71125,4.6974
7798,304.15999999999997,4.749975
7799,317.27625,4.9624749999999995
7800,289.2025,4.904825
7801,305.23,4.929175
7802,318.035,4.898375
7803,324.9575,5.127087500000001
7804,315.235,5.316675
7805,300.51875,5.5174375
7806,296.665,5.2334625
7807,291.80375000000004,5.0451500000000005
7808,297.31875,5.143862500000001
7809,298.7175,5.285825
7810,300.83875,4.820225
7811,293.57625,4.29785
7812,310.3612499999999,4.337875
7813,309.23,4.286525
7814,330.91749999999996,4.5246249999999995
7815,289.67125000000004,4.2861875000000005
7816,315.135,4.4022875
7817,317.40875,4.42615
7818,326.28375,4.63385
7819,325.30499999999995,4.8908375
7820,315.71375,5.1439875
7821,318.62625,5.269937499999999
7822,268.07375,4.6837
7823,308.755,4.6395
7824,299.87249999999995,4.724724999999999
7825,304.2275,4.8942
7826,298.51,4.8871
7827,282.6125,4.9382
7828,321.38000000000005,4.91185
7829,303.96625,4.593775
7830,318.66625,4.86115
7831,305.42125000000004,4.946624999999999
7832,310.1275,4.817775000000001
7833,313.89125,4.923900000000001
7834,317.4375,5.0726125
7835,298.43000000000006,4.6055125
7836,288.38374999999996,4.29065
7837,327.6675,4.4920625
7838,320.74125,4.5546375
7839,322.37250000000006,4.781062499999999
7840,304.21250000000003,4.748374999999999
7841,308.28875000000005,4.9548875
7842,298.70374999999996,4.8351875
7843,315.7475,5.0672749999999995
7844,306.875,5.144525
7845,297.22499999999997,5.3154375
7846,294.4074999999999,5.445175
7847,304.75624999999997,5.710687500000001
7848,298.91999999999996,5.8548374999999995
7849,280.5025,5.913625
7850,266.16875,5.40025
7851,267.0875,5.2367375
7852,289.47375,5.4420375000000005
7853,279.14000000000004,5.077462499999999
7854,283.9825,4.793537499999999
7855,290.8062499999999,4.6412125
7856,298.95,4.645975
7857,299.87624999999997,4.753575
7858,317.6075,4.948325
7859,298.36625,4.3609
7860,282.455,4.1548
7861,327.405,4.377362499999999
7862,311.93125000000003,4.359525
7863,334.54625,4.5955875
7864,312.55625,4.5794625
7865,330.265,4.789675000000001
7866,304.01625,4.6809125
7867,292.41875,4.4267125
7868,314.0375,4.6739125
7869,298.99749999999995,4.841675
7870,308.6325,5.0699875
7871,288.6775,4.9405624999999995
7872,297.5975,5.0505875
7873,289.58875,5.117862499999999
7874,311.74875,5.2958125
7875,291.96250000000003,4.727549999999999
7876,287.52375,4.5682624999999994
7877,319.54749999999996,4.7692875
7878,274.72875,4.7316625
7879,297.1325,4.974987499999999
7880,295.22375,4.9603125
7881,291.24375,5.004775
7882,289.74750000000006,5.0241999999999996
7883,301.365,4.9924
7884,281.68125,4.3542
7885,314.45374999999996,4.545375
7886,331.61999999999995,4.688137500000001
7887,316.42875000000004,4.9184375000000005
7888,307.4675,4.972075
7889,311.74875000000003,5.0473125
7890,310.3175,5.0668125
7891,300.67375,5.0757625
7892,305.90625,5.1296
7893,312.96375,4.6930125
7894,295.12749999999994,4.5718
7895,318.43125000000003,4.804725
7896,304.49375,4.78355
7897,323.1325,4.875225
7898,324.97624999999994,5.115950000000001
7899,300.28875,5.097899999999999
7900,273.80625,5.0571125
7901,283.49375,5.191625
7902,291.69375,4.7379999999999995
7903,294.96375,4.813837500000001
7904,290.86875000000003,4.96095
7905,273.94374999999997,4.8651625
7906,305.765,4.5921875
7907,305.53625,4.348075
7908,304.7425,4.3857375
7909,319.4375,4.62275
7910,321.15375,4.67485
7911,319.66875000000005,4.608525
7912,302.1325,4.740225
7913,297.17375000000004,4.797700000000001
7914,312.535,5.066025
7915,288.325,5.128287499999999
7916,310.64375,5.331650000000001
7917,267.63875,4.4187125
7918,319.99375,4.6392875
7919,326.59,4.715637500000001
7920,309.69624999999996,4.8312
7921,328.67125,5.0602
7922,282.445,4.853675000000001
7923,304.66125,4.9145
7924,312.15250000000003,5.002549999999999
7925,300.14374999999995,5.2257125
7926,283.055,5.260199999999999
7927,270.90125,5.1614375
7928,271.44,4.483175
7929,297.215,4.490749999999999
7930,297.40625,4.534275000000001
7931,306.04375000000005,4.6867375
7932,285.4925,3.8451000000000004
7933,306.07874999999996,3.9071124999999998
7934,319.83875,3.8892749999999996
7935,318.54125,3.960275
7936,328.08875,4.1869875
7937,301.9387499999999,4.034425
7938,298.43874999999997,3.9355999999999995
7939,329.485,4.003550000000001
7940,305.12874999999997,3.8277625
7941,318.3525,4.059425
7942,335.825,4.2579
7943,291.33375,3.9883124999999997
7944,298.71625,3.891725
7945,336.19714285714286,3.988428571428572
7946,301.96875,3.954225
7947,327.6528571428571,4.120942857142857
7948,301.7425,3.820525
7949,306.16285714285715,3.9066000000000005
7950,331.06749999999994,3.9567999999999994
7951,300.15142857142854,3.8858714285714293
7952,304.86625000000004,3.9035
7953,336.20714285714286,3.9688857142857144
7954,309.32125,3.959575
7955,307.24875,3.934825
7956,325.36125,3.9376625
7957,292.0712500000001,3.8618249999999996
7958,321.23125000000005,4.04875
7959,327.14500000000004,4.1128625
7960,310.65000000000003,3.9969500000000004
7961,319.90500000000003,3.932475
7962,313.43875,3.8586875
7963,334.375,4.0698625
7964,302.40000000000003,3.9921374999999997
7965,317.17625,4.06965
7966,318.31000000000006,4.1295875
7967,307.84874999999994,4.0540875
7968,308.2625,4.0042375
7969,316.6175,3.8920125000000003
7970,326.04375,3.96285
7971,314.32125,3.9856
7972,319.27625,4.068474999999999
7973,316.76125,4.094025
7974,297.62875,3.8956375
7975,333.43375,4.0663625
7976,316.06,3.9895250000000004
7977,309.46750000000003,4.0329749999999995
7978,321.50625,3.9713624999999997
7979,306.44624999999996,4.0024875
7980,316.23125,3.937175
7981,310.22,3.9371
7982,324.4925,4.0209875
7983,315.945,4.044575
7984,309.55875,3.9816374999999997
7985,316.49375000000003,3.9997249999999993
7986,313.84125,3.9496375
7987,322.56375,4.1056125
7988,304.295,4.028475
7989,319.92375000000004,3.9736125
7990,315.87625,4.0614375
7991,316.56125,4.025650000000001
7992,303.175,4.0052
7993,305.87,3.8892
7994,324.43000000000006,4.095837499999999
7995,284.23375,3.8354
7996,314.5012499999999,3.9878875
7997,329.39,3.9996624999999995
7998,294.46999999999997,3.8869124999999998
7999,330.31125000000003,4.0999875
8000,304.215,3.9195
8001,304.2525,3.9110625
8002,320.12,3.9301875
8003,310.94250000000005,3.923825
8004,326.65,4.079524999999999
8005,301.23125,3.9195124999999997
8006,305.41375,3.9065374999999998
8007,321.6875,3.9240125000000003
8008,314.38,3.96845
8009,330.755,4.103575
8010,300.88625,3.9548625
8011,302.2475,3.9162125
8012,321.07,4.010012499999999
8013,303.88125,3.8844624999999997
8014,317.88,4.0458
8015,314.56375,3.97355
8016,304.59749999999997,4.0024125
8017,320.2425,4.1365625
8018,313.65125,4.0171375000000005
8019,322.35874999999993,4.0220875
8020,305.18249999999995,3.952325
8021,304.325,3.8165249999999995
8022,312.165,3.976075
8023,325.0875,4.01825
8024,297.3425,3.870725
8025,318.5875,3.9954375000000004
8026,304.27250000000004,3.927125
8027,302.94624999999996,3.8535125
8028,333.4,4.014475
8029,300.95375,3.8253749999999997
8030,316.96750000000003,3.9753
8031,310.26375,3.8918999999999997
8032,315.60625,3.9066
8033,320.04625000000004,3.9500499999999996
8034,315.09250000000003,3.9219875
8035,317.64874999999995,4.1068625
8036,301.0,4.025575
8037,282.1575,3.7424125
8038,324.31999999999994,3.8745375
8039,308.72124999999994,3.88405
8040,311.19875,3.9456624999999996
8041,321.94,4.01255
8042,279.34625,3.727575
8043,302.6975,3.800025
8044,348.13125,4.005012499999999
8045,292.23875000000004,3.8712625000000003
8046,310.76249999999993,3.9557125
8047,306.57874999999996,3.7898
8048,298.845,3.7651874999999997
8049,310.70750000000004,3.91315
8050,329.40374999999995,4.053875000000001
8051,301.7175,3.9510625
8052,321.655,4.108225
8053,308.015,3.9917624999999997
8054,307.175,4.0191625
8055,317.00625,4.221725
8056,301.78875,4.1552999999999995
8057,315.88714285714286,4.354085714285715
8058,299.78249999999997,3.7016625000000003
8059,309.47285714285715,3.8322714285714286
8060,325.58875,4.0883875
8061,304.23428571428576,4.196442857142857
8062,290.2025,4.066625
8063,277.2542857142857,3.999257142857143
8064,311.34875,3.78365
8065,307.615,3.96295
8066,307.64875,3.9581624999999994
8067,313.52,3.8914
8068,334.98875,4.1054625
8069,294.01000000000005,3.90935
8070,299.57375,3.9743375
8071,334.3775,4.1944
8072,300.99375000000003,4.1228375
8073,302.58625,4.294025
8074,292.8275,4.1826375
8075,303.665,4.2724874999999995
8076,311.97375,4.336575
8077,309.7025,3.96425
8078,294.2325,3.9542625000000005
8079,313.885,3.972575
8080,311.20875,4.1099125
8081,310.90125,4.2240625
8082,314.34625,4.3409125
8083,300.4675,4.322525000000001
8084,294.39,3.8356624999999998
8085,305.17625000000004,3.7926999999999995
8086,311.25625,3.951375
8087,333.09499999999997,4.12325
8088,310.71250000000003,4.0741249999999996
8089,292.71875,3.9039999999999995
8090,272.55875000000003,3.8577250000000003
8091,302.17625,3.82055
8092,296.98,3.8902
8093,317.09499999999997,3.9049499999999995
8094,309.05999999999995,3.9084875
8095,311.69625,4.09115
8096,292.6975,3.9414875
8097,307.41874999999993,3.9970125000000003
8098,287.9575,4.054499999999999
8099,285.78125,4.1675875
8100,294.29625,4.313962500000001
8101,306.22375000000005,4.4618375
8102,288.45375,4.3956
8103,291.1925,4.533525000000001
8104,310.77375,4.291425
8105,269.06125,3.6952624999999997
8106,328.2625,3.8697500000000002
8107,307.13125,3.9150375000000004
8108,299.18625,4.0043999999999995
8109,321.02375,4.00985
8110,284.72625,3.9830375
8111,269.09875000000005,3.8960000000000004
8112,316.89625,3.798125
8113,309.61125,3.8291375
8114,322.58875,3.8388625
8115,277.17625,3.654425
8116,321.96571428571434,4.225014285714286
8117,314.7742857142857,3.9130714285714285
8118,298.54857142857145,3.9924857142857144
8119,309.4271428571428,4.1405142857142865
8120,312.1714285714285,4.3754285714285714
8121,305.48428571428576,4.478142857142857
8122,315.1257142857143,4.660028571428571
8123,301.39142857142855,4.882671428571428
8124,282.7457142857143,4.160928571428571
8125,326.1471428571428,4.331371428571429
8126,329.39142857142855,4.534857142857143
8127,306.4585714285714,4.479671428571428
8128,308.07428571428574,4.3925
8129,313.6457142857143,4.212128571428571
8130,276.84857142857146,3.7979285714285713
8131,325.9371428571429,3.988928571428571
8132,322.9328571428572,4.031342857142857
8133,295.11666666666673,3.888083333333333
8134,298.4,4.057385714285714
8135,256.9216666666667,3.8637499999999996
8136,304.14428571428573,3.8902428571428573
8137,312.92833333333334,3.9627499999999998
8138,314.2457142857143,4.059414285714285
8139,303.4683333333333,4.0408
8140,302.91428571428565,4.220599999999999
8141,315.5483333333333,4.2974
8142,316.9414285714286,4.484285714285714
8143,222.04142857142855,4.082814285714286
8144,264.10166666666663,4.723866666666667
8145,264.68666666666667,4.8433166666666665
8146,287.89666666666665,4.2651666666666666
8147,321.18,4.3837
8148,322.55,4.449166666666667
8149,271.2583333333333,3.8440833333333337
8150,325.9483333333333,4.022166666666667
8151,301.0833333333333,4.0291500000000005
8152,299.6233333333333,3.807633333333334
8153,315.6383333333333,3.9589999999999996
8154,317.4516666666667,4.05445
8155,318.93333333333334,4.182099999999999
8156,283.6083333333334,3.9093499999999994
8157,315.8866666666666,3.831
8158,322.99166666666673,3.9245333333333328
8159,310.468,4.02104
8160,284.875,3.628766666666667
8161,297.275,3.9796
8162,313.768,4.06236
8163,327.1175,4.361675
8164,292.608,4.1052599999999995
8165,308.4125,4.052
8166,315.66999999999996,4.39
8167,290.52250000000004,4.15255
8168,306.67,4.1726399999999995
8169,327.48,4.491325
8170,282.614,3.8226
8171,307.11,3.951975
8172,333.22200000000004,4.0901000000000005
8173,313.8025,4.3043499999999995
8174,280.816,4.39248
8175,281.91600000000005,4.3194
8176,328.4,4.564939999999999
8177,294.048,4.21748
8178,295.88599999999997,4.293639999999999
8179,305.29200000000003,4.40912
8180,314.24799999999993,4.02214
8181,307.36800000000005,4.13144
8182,279.296,4.3325000000000005
8183,245.19399999999996,3.6987
8184,290.0925,4.662800000000001
8185,307.1975,4.93165
8186,189.28499999999997,3.863575
8187,279.41333333333336,4.024233333333333
8188,321.5466666666667,4.310466666666667
8189,305.9733333333333,4.692033333333334
8190,292.08666666666664,5.1671
8191,316.79333333333335,5.5858
8192,252.18333333333337,5.3765
8193,256.76666666666665,4.2389
8194,283.01666666666665,4.5259
8195,262.6366666666667,4.8920666666666675
8196,287.8833333333334,5.256766666666667
8197,328.4833333333333,5.594333333333334
8198,241.88,4.8944
8199,296.13,3.9026333333333336
8200,333.42,4.0051
8201,342.06333333333333,4.363366666666667
8202,335.09666666666664,4.721066666666666
8203,306.46000000000004,4.627433333333333
8204,289.25,4.206833333333333
8205,335.5166666666667,3.8699
8206,323.43333333333334,3.985
8207,324.39000000000004,4.126833333333333
8208,325.09000000000003,4.3887
8209,322.67,4.5194
8210,291.44,4.573466666666666
8211,255.47000000000003,3.6923333333333335
8212,337.24666666666667,3.7895333333333334
8213,308.3733333333333,3.9299666666666666
8214,330.17333333333335,4.0748
8215,312.6033333333333,4.235166666666666
8216,278.49333333333334,3.697366666666667
8217,286.63666666666666,3.6855666666666664
8218,318.78000000000003,3.8381333333333334
8219,216.52666666666664,2.7747333333333333
8220,324.65999999999997,3.6765499999999998
8221,316.49,3.7195
8222,293.96500000000003,3.7203999999999997
8223,289.25,3.7401999999999997
8224,301.095,3.7653499999999998
8225,301.165,3.57
8226,313.36,3.74015
8227,308.465,3.7099
8228,216.26999999999998,2.3829000000000002
8229,269.66,3.5659
8230,316.71,3.7093
8231,267.5,3.5382
8232,311.41,3.6877
8233,341.6,3.433
8234,270.99,3.6454
8235,320.42,3.7421
8236,196.48,1.0394
